birth_navi_id,delivery_type_codes,delivery_type_labels,reservation_method_codes,mother_child_rooming_in,can_hometown_delivery,hometown_delivery_checkup_weeks,vaginal_delivery_count_text,cesarean_delivery_count_text,can_provide_umbilical_blood_bank,painless_delivery_policy,anesthesia_method_codes,anesthesia_qualification_codes,painless_availability_hour,labor_induction_available,painless_delivery_count_text,has_listed_on_jala,jala_url,can_attended_delivery,attendee_relationship_codes,total_cost_average,total_cost_median,total_cost_q1,total_cost_q3,delivery_cost_average,delivery_cost_median,delivery_cost_q1,delivery_cost_q3,room_difference_average,room_difference_median,room_difference_q1,room_difference_q3
10001,1,自施設での分娩取扱あり,1,1,True,32週,201～300件,41～60件,,1,1,1,2,1,101～150件,False,,True,1;3;4;5;6,650000,672000,613000,723000,545000,576000,509000,611000,63800,60000,60000,72000
10002,1,自施設での分娩取扱あり,1,1,True,34,601～700件,151～200件,,1,1,3,1,1,401～500件,True,https://www.higashifuchu-hp.jp/reserve/schedule/up_img/1672031285-452911.pdf,True,1;2;3;4,763000,787000,698000,825000,749000,774000,685000,813000,0,0,0,0
10003,1,自施設での分娩取扱あり,1,0,True,32,401～500件,101～150件,,1,1,1;3,2,2,101～150件,True,,True,1;2;3;4;5,757000,707000,692000,831000,716000,689000,665000,818000,17100,0,0,0
10005,100,あり,,0,False,,1001～1500件,201～300件,,1,1,2;3,1,1,,True,https://www.jalasite.org/hp/10177.html,True,,794000,776000,744000,852000,726000,743000,713000,747000,40200,10000,0,100000
10006,1,自施設での分娩取扱あり,1,1,True,35週,501～600件,81～100件,,1,2;3,3,2,2,21～40件,False,,True,1;2;3,585000,560000,550000,592000,537000,517000,507000,537000,28800,30000,30000,30000
10007,1,自施設での分娩取扱あり,1;2,1,True,34週,101～150件,21～40件,,100,,,100,100,,,,True,1;3,502000,507000,492000,516000,438000,440000,434000,448000,34700,32000,28000,40000
10008,100,あり,,1,False,,401～500件,81～100件,True,1,1,1;2,2,1,,False,,True,,628000,614000,592000,668000,583000,573000,563000,624000,13400,0,0,0
10009,1,自施設での分娩取扱あり,1,1,True,25週,801～900件,101～150件,,1,1,1;2,2,1,0件,True,https://www.jalasite.org/hp/10823.html,True,1;3,566000,561000,546000,586000,543000,537000,532000,562000,3500,0,0,0
10010,1,自施設での分娩取扱あり,,1,True,32週,101～150件,101～150件,,1,1,1,2,1,1～20件,False,,True,1,521000,536000,479000,561000,482000,488000,441000,525000,13000,16000,0,24000
10011,100,あり,,1,False,,701～800件,150～200件,True,1,1;2,1;2,1,2,,False,,True,,729000,737000,653000,799000,612000,609000,596000,626000,23900,25000,15000,30000
10012,100,あり,,1,False,,1001～1500件,101～150件,,1,1,1,2,1,,False,,True,,737000,729000,650000,808000,587000,592000,580000,610000,51300,75000,0,90000
10013,100;1,あり;自施設での分娩取扱あり,1;2,0,True,20,61～80件,1~20件,,3,,,100,100,,,,True,1;3,465000,463000,445000,486000,392000,389000,374000,407000,36800,35000,35000,40000
10014,1,自施設での分娩取扱あり,1;2;3,1,True,33週,901～1000件,201～300件,True,1,1,3,2,1,401～500件,True,https://www.jalasite.org/hp/10552.html,True,1;3;4,590000,586000,560000,624000,545000,543000,515000,574000,1100,0,0,0
10015,1,自施設での分娩取扱あり,2;1,1,True,制限無し,151～200件,401～500件,,2,1,1;3;2,1,3,1~20件,,,True,1;3,473000,468000,391000,553000,368000,328000,304000,398000,9400,0,0,16000
10016,100;1,あり;自施設での分娩取扱あり,,1,False,,501～600件,401～500件,,1,,,100,100,,,,True,,735000,731000,683000,765000,463000,466000,441000,473000,44500,60000,0,60000
10017,100,あり,,1,False,,301～400件,150～200件,,1,1,3,2,1,,False,,True,,662000,652000,612000,715000,582000,584000,543000,620000,30000,33000,16500,42000
10018,1,自施設での分娩取扱あり,1;3,0,True,32~34週,601～700件,101～150件,,1,1,1;2;3,1,1,81～100件,True,https://www.jalasite.org/,True,1,580000,558000,515000,650000,558000,541000,493000,624000,0,0,0,0
10020,1,自施設での分娩取扱あり,1;2,1,True,34週,1501～2000件,201～300件,True,1,1,2;3,1,1,701～800件,True,https://www.jalasite.org/area/6_28_28110_0,True,,661000,666000,598000,726000,571000,583000,511000,632000,49500,45000,41500,54000
10021,1,自施設での分娩取扱あり,1;2,2,True,37週,801～900件,151～200件,True,1,1,3,1,3,401～500件,True,https://www.jalasite.org/hp/10578.html,True,,557000,564000,524000,596000,534000,539000,501000,576000,100,0,0,0
10022,1,自施設での分娩取扱あり,1,1,True,34週,401～500件,201～300件,,1,1,1,2,1,151～200件,True,https://www.jalasite.org/welcome,True,1,760000,757000,678000,849000,665000,680000,598000,732000,40200,0,0,108000
10023,1,自施設での分娩取扱あり,1;3,1,True,30週までに出産オリエンテーション参加必須,1001～1500件,301～400件,,1,1;2;3,1;2;3,2,3,401～500件,True,https://www.jalasite.org/area/3_13_13222_0,True,1;3,688000,663000,634000,748000,638000,611000,595000,709000,7200,0,0,6000
10024,1,自施設での分娩取扱あり,1;2,0,True,34週,201～300件,21～40件,,100,,,100,100,,,,True,1,479000,483000,471000,489000,433000,432000,425000,443000,19500,22800,19000,22800
10025,1,自施設での分娩取扱あり,1;2,1,True,34,61～80件,61～80件,,3,,,100,100,,,,True,,536000,531000,503000,567000,499000,498000,466000,525000,4600,0,0,11500
10026,1,自施設での分娩取扱あり,1;2,1,True,32~34週,201～300件,61～80件,,100,,,100,100,,,,True,1,548000,,,,492000,,,,12500,,,
10027,1,自施設での分娩取扱あり,1,1,False,,601～700件,301～400件,,1,1,1,2,1,,True,https://www.jalasite.org/hp/10565.html,True,1;3,886000,889000,834000,945000,809000,817000,746000,871000,7700,0,0,0
10028,1,自施設での分娩取扱あり,1;2;3,1,True,33週,501～600件,81～100件,,1,1,2;3,2,1,41～60件,False,,True,1;3,575000,573000,558000,593000,532000,534000,519000,543000,0,0,0,0
10029,1,自施設での分娩取扱あり,1,1,True,,401～500件,151～200件,,1,1,1;2,2,1,1～20件,False,,True,1;2;3;4,570000,552000,520000,648000,468000,448000,427000,546000,0,0,0,0
10030,1,自施設での分娩取扱あり,2,1,True,34週,201～300件,1～20件,,1,1,3,2,1,101～150件,True,https://www.jalasite.org/hp/10645.html,True,1,532000,532000,495000,566000,473000,478000,452000,496000,25300,35000,0,40000
10031,1,自施設での分娩取扱あり,1,1,True,34週,81～100件,41～60件,,1,1,1,2,1,1～20件,True,https://www.jalasite.org/hp/10620.html,True,1,580000,562000,539000,595000,529000,514000,491000,545000,12600,13200,13200,13200
10032,100,あり,,1,False,,201～300件,41～60件,,1,1;2,1,2,1,,True,https://www.jalasite.org/hp/10721.html,True,,539000,547000,517000,572000,481000,501000,468000,519000,6700,6600,6600,6600
10033,100;1,あり;自施設での分娩取扱あり,,1,True,,201～300件,201～300件,,3,,,100,100,,,,True,1;3,507000,,,,409000,,,,13000,,,
10034,1,自施設での分娩取扱あり,,0,True,34,61～80件,41～60件,,3,1,3,2,1,,False,,True,1;3,681000,689000,654000,742000,632000,647000,612000,693000,6600,0,0,0
10035,100,あり,,1,False,,101～150件,41～60件,,3,,,100,100,,,,True,,,,,,,,,,,,,
10036,100,あり,,1,False,,101～150件,21～40件,,3,,,100,100,,,,True,,523000,516000,485000,561000,447000,445000,416000,475000,5000,0,0,10000
10037,1,自施設での分娩取扱あり,1,1,True,34週,501～600件,101～150件,True,1,1;3,3,2,2,0件,False,,True,1;2;3;4,586000,587000,577000,597000,533000,534000,528000,546000,4000,0,0,0
10038,1,自施設での分娩取扱あり,,1,True,,301～400件,151～200件,,100,,,100,100,,,,True,1;2,522000,511000,492000,548000,444000,454000,429000,465000,20800,0,0,46500
10039,1,自施設での分娩取扱あり,1,1,True,34週,201～300件,61～80件,,100,,,100,100,,,,True,1;2;3;4,514000,521000,509000,530000,465000,480000,466000,480000,0,0,0,0
10040,100;1,あり;自施設での分娩取扱あり,1;2,2,True,34,101～150件,41～60件,,3,,,100,100,,,,True,1;3;4,505000,505000,475000,539000,424000,420000,394000,452000,9700,0,0,25000
10041,1,自施設での分娩取扱あり,1,1,True,32週,801～900件,201～300件,,1,1,1,1,2,151～200件,False,,True,1,538000,527000,508000,575000,498000,497000,486000,507000,19500,0,0,60000
10042,100;1,あり;自施設での分娩取扱あり,1,1,True,,401～500件,61～80件,True,1,1,3,1,1,201～300件,True,http://www.jalasite.org/doc/hp/10265.html,True,1,672000,688000,616000,722000,468000,476000,454000,492000,33400,35000,24000,41500
10043,100,あり,,1,False,,150～200件,201～300件,,1,1,1;2;3,2,1,,True,https://www.jalasite.org/hp/10616.html,True,,579000,559000,523000,625000,489000,486000,462000,510000,14500,0,0,30000
10044,1,自施設での分娩取扱あり,,1,True,34週,401～500件,301～400件,,1,1,3,1,3,61～80件,True,https://www.jalasite.org/,True,1;2;3;4;5,600000,582000,536000,655000,549000,530000,496000,600000,31200,36500,16500,43800
10045,100,あり,,1,False,,201～300件,81～100件,,1,1,1;2,2,1,,True,https://www.jalasite.org/hp/10838.html,True,,648000,632000,600000,684000,579000,581000,556000,606000,29500,0,0,0
10047,1,自施設での分娩取扱あり,1,1,True,34週,1001～1500件,201～300件,True,1,1,1;2,2,1,501～600件,True,https://www.jalasite.org/hp/10001.html,True,,561000,557000,534000,582000,529000,532000,512000,552000,8300,0,0,0
10048,1,自施設での分娩取扱あり,1,1,True,34週,401～500件,151～200件,,2,1,1;2;3,1,3,21～40件,False,,True,1;2;3;4;5;6,593000,586000,554000,624000,484000,488000,468000,512000,32600,0,0,66000
10050,,,,1,,,401～500件,81～100件,,1,1,1;2,2,1,,True,https://www.jalasite.org/hp/10290.html,,,607000,603000,538000,672000,489000,483000,440000,527000,47500,32000,0,96000
10051,100,あり,,1,False,,501～600件,150～200件,,1,1,3,1,1,,False,,True,,626000,622000,586000,666000,601000,598000,563000,640000,0,0,0,0
10052,100,あり,,1,False,,201～300件,150～200件,,1,1,1;3,2,1,,False,,True,,496000,451000,450000,530000,405000,391000,382000,426000,27900,25000,20000,30000
10053,1,自施設での分娩取扱あり,1;2,1,True,34週,501～600件,61～80件,,1,1;3,3,2,3,101～150件,True,,True,,676000,669000,637000,703000,619000,618000,587000,648000,200,0,0,0
10054,1,自施設での分娩取扱あり,1;2,1,True,34週,501～600件,41～60件,,1,1,3,2,1,0件,False,,True,1,656000,660000,634000,678000,622000,632000,601000,639000,2300,0,0,0
10055,100,あり,,1,False,,201～300件,81～100件,,3,,,100,100,,,,True,,532000,539000,507000,564000,484000,486000,463000,512000,19000,23000,15800,26300
10056,1,自施設での分娩取扱あり,1,1,True,16週,1001～1500件,401～500件,True,1,1;2;3,1,1,2,801～900件,True,https://www.jalasite.org/hp/10288.html,True,1;2,378000,,,,211000,,,,60000,,,
10057,1,自施設での分娩取扱あり,1;2,1,True,34週,151～200件,41～60件,,1,1,1;3,2,1,0件,False,,True,,448000,462000,446000,483000,415000,437000,411000,456000,0,0,0,0
10058,1,自施設での分娩取扱あり,1,1,True,34週,401～500件,151～200件,,100,,,100,100,,,,True,1,631000,624000,616000,649000,611000,605000,598000,628000,0,0,0,0
10059,1,自施設での分娩取扱あり,1,1,True,紹介状があれば32,501～600件,151～200件,,1,1,1,2,1,0件,False,,True,1,534000,548000,524000,573000,492000,517000,468000,531000,14800,0,0,36000
10060,1,自施設での分娩取扱あり,1;2,1,True,32週,401～500件,61～80件,,100,,,100,100,,,,True,1;3,474000,447000,438000,524000,421000,409000,408000,437000,34900,14000,12000,72000
10061,1,自施設での分娩取扱あり,1,1,True,34週,301～400件,101～150件,,1,1,1;3,2,1,,True,https://www.jalasite.org/hp/10727.html,True,1,606000,589000,559000,645000,540000,532000,514000,573000,8800,0,0,0
10062,1,自施設での分娩取扱あり,1;2,1,True,34週,501～600件,61～80件,True,1,1,1;3,2,1,101～150件,True,https://www.jalasite.org/area/6_28_28110_0,True,1;2,678000,678000,621000,728000,604000,604000,552000,652000,28400,24000,24000,48000
10063,100,あり,,1,False,,2501～3000件,501～600件,,1,1,1;2;3,1,2,,True,https://www.jalasite.org/hp/10055.html,True,,716000,731000,682000,749000,602000,598000,591000,614000,700,0,0,0
10064,1,自施設での分娩取扱あり,1;2,1,True,32~34週,151～200件,41～60件,,1,1,1,2,1,21～40件,False,,True,1,587000,577000,562000,593000,544000,539000,537000,551000,0,0,0,0
10065,1,自施設での分娩取扱あり,1,1,True,,201～300件,21～40件,,100,,,100,100,,,,True,1;2;3,491000,507000,451000,554000,349000,372000,332000,399000,110800,105000,96000,120000
10066,1,自施設での分娩取扱あり,1,1,True,32週,201～300件,61～80件,,100,,,100,100,,,,True,1;3,562000,553000,547000,583000,535000,532000,525000,564000,5100,0,0,0
10067,1,自施設での分娩取扱あり,,1,True,34週,101～150件,21～40件,,100,,,100,100,,,,True,1;3;4,486000,490000,460000,532000,436000,435000,410000,477000,33300,36000,30000,42000
10068,1,自施設での分娩取扱あり,1;2,1,True,制限無し,151～200件,61～80件,,100,,,100,100,,,,True,1;3,509000,503000,482000,533000,459000,459000,436000,491000,0,0,0,0
10069,1,自施設での分娩取扱あり,1,1,True,30,601～700件,151～200件,,1,1,3,2,1,301～400件,True,,True,1;2;3,666000,684000,614000,699000,643000,668000,587000,677000,3800,0,0,0
10070,1,自施設での分娩取扱あり,1;3,1,True,34週,101～150件,1～20件,,2,1,1,1,1,,False,,True,1,501000,,,,446000,,,,16300,,,
10071,1,自施設での分娩取扱あり,1;2,1,True,28週,151～200件,151～200件,,2,1,1;2;3,1,1,1~20件,False,,True,1,539000,539000,513000,561000,506000,506000,484000,525000,4400,0,0,0
10072,1,自施設での分娩取扱あり,,1,True,34週,201～300件,81～100件,,100,,,100,100,,,,True,1,481000,489000,459000,520000,377000,390000,357000,412000,17900,0,0,36000
10073,100,あり,,1,False,,1001～1500件,201～300件,True,1,1,3,2,1,,False,,True,,509000,505000,487000,537000,372000,375000,364000,383000,8300,0,0,0
10074,1,自施設での分娩取扱あり,1,1,True,34週,101～150件,21～40件,,100,,,100,100,,,,True,1;2;3,526000,529000,507000,541000,443000,441000,421000,461000,55900,54000,54000,55000
10076,1,自施設での分娩取扱あり,1;2;3,2,True,13~14週(要相談),81～100件,21～40件,,1,1,1;2,2,3,21～40件,True,https://www.jalasite.org/hp/10108.html,True,1;3,743000,750000,642000,823000,665000,675000,610000,718000,47300,0,0,119000
10077,1,自施設での分娩取扱あり,1,0,True,32～34,1001～1500件,151～200件,,1,1,3,2,1,601～700件,True,https://www.jalasite.org/hp/10125.html,True,1,695000,711000,650000,721000,626000,638000,583000,654000,0,0,0,0
10078,1,自施設での分娩取扱あり,1;2;3,1,True,34週,1501～2000件,501～600件,True,1,1,1,1,2,501～600件,True,https://www.adachi-hospital.com/wp-content/uploads/2022/07/jala.pdf,True,1;2,641000,612000,586000,718000,564000,536000,512000,638000,39900,40000,40000,50000
10080,1,自施設での分娩取扱あり,1,1,True,35週,151～200件,61～80件,,2,1,1;2;3,2,1,0件,False,,True,1;3,493000,492000,469000,522000,426000,424000,402000,454000,33100,32400,27000,37800
10081,100,あり,,1,False,,1001～1500件,150～200件,,1,1,2,1,1,,True,https://www.jalasite.org/hp/10058.html,True,,709000,707000,691000,721000,695000,695000,679000,708000,900,0,0,0
10082,1,自施設での分娩取扱あり,,1,,,201～300件,301～400件,,2,1,1;3,2,1,1～20件,False,,,,486000,491000,451000,513000,389000,390000,344000,454000,29300,16800,12600,37600
10083,100,あり,,1,False,,61～80件,61～80件,,3,,,100,100,,,,True,,659000,687000,616000,696000,542000,554000,519000,592000,37900,44000,23000,51500
10084,1,自施設での分娩取扱あり,1,1,True,30週,101～150件,61～80件,,1,1,2;3,1,2,61～80件,True,http://www.iijima-hospital.or.jp,True,1;3,631000,630000,590000,663000,463000,467000,435000,494000,144200,144000,120000,144000
10085,1,自施設での分娩取扱あり,1;3,1,True,32週,601～700件,101～150件,True,1,1,3,2,2,,True,https://www.jalasite.org/,True,1,670000,659000,620000,721000,542000,541000,496000,601000,84700,77000,77000,88000
10086,100,あり,,1,False,,301～400件,201～300件,,1,1,1,2,1,,False,,True,,546000,,,,522000,,,,11100,,,
10087,1,自施設での分娩取扱あり,1,1,True,34週,401～500件,151～200件,True,1,1,1,1,2,81～100件,True,,True,1,501000,487000,409000,564000,460000,445000,379000,517000,9800,0,0,0
10088,1,自施設での分娩取扱あり,1,1,True,32週,401～500件,151～200件,,1,1,2,2,1,201～300件,True,https://www.jalasite.org/area/3_14_13103_0,True,1,774000,763000,694000,860000,692000,680000,611000,774000,0,0,0,0
10089,1,自施設での分娩取扱あり,1,1,True,36週,101～150件,151～200件,,100,,,100,100,,,,True,1;3,542000,540000,478000,583000,422000,432000,363000,487000,41500,30000,30000,35000
10090,1,自施設での分娩取扱あり,1;2;3,1,True,,601～700件,301～400件,,1,1,3,2,3,,True,https://www.jalasite.org/hp/10845.html,True,1;3;4;5;6,502000,504000,469000,533000,396000,409000,347000,443000,8000,0,0,16500
10091,1,自施設での分娩取扱あり,1,1,True,20週,1001～1500件,301～400件,,1,1;2,1;2;3,1,100,701～800件,True,https://www.jalasite.org/hp/10563.html,True,1,666000,673000,609000,715000,441000,463000,373000,494000,18000,0,0,22000
10092,1,自施設での分娩取扱あり,,1,True,32~34週,501～600件,101～150件,,100,,,100,100,,,,True,1,512000,513000,503000,524000,464000,463000,461000,471000,29500,28000,28000,31500
10093,100,あり,,1,False,,501～600件,101～150件,,3,,,100,100,,,,True,,584000,591000,558000,603000,520000,525000,495000,534000,25900,27500,22000,33000
10094,100,あり,,0,False,,41～60件,0～20件,,3,,,100,100,,,,True,,,,,,,,,,,,,
10095,1,自施設での分娩取扱あり,1,1,True,34,151～200件,21～40件,,1,1,3,2,1,0件,False,,True,1;2;3;4;5,552000,540000,534000,558000,518000,516000,516000,516000,12700,0,0,0
10096,1,自施設での分娩取扱あり,1,1,True,34週(分娩予約手続を完了した方のみ),501～600件,151～200件,,1,1,1,2,1,301～400件,True,https://www.trshp.jp/birth/painless/,True,1,736000,736000,656000,832000,593000,580000,521000,662000,103100,120000,90000,120000
10097,1,自施設での分娩取扱あり,1,1,True,16,901～1000件,101～150件,,1,1,3,2,1,301～400件,True,https://www.jalasite.org/hp/10673.html,True,1;3,716000,707000,674000,762000,661000,652000,622000,706000,300,0,0,0
10098,1,自施設での分娩取扱あり,1,0,True,30~32週,201～300件,151～200件,,100,,,100,100,,,,True,1,651000,647000,615000,685000,601000,599000,572000,626000,0,0,0,0
10099,100;1,あり;自施設での分娩取扱あり,,1,True,34,401～500件,21～40件,,1,1,3,1,2,201～300件,True,https://michigami.or.jp/info/wp-content/uploads/2022/03/painless_delivery_2021.pdf,True,1,521000,534000,479000,562000,475000,486000,446000,516000,20900,18000,18000,21000
10100,1,自施設での分娩取扱あり,1;2,1,True,34週,81～100件,21～40件,,100,,,100,100,,,,True,1,495000,496000,476000,509000,454000,457000,431000,475000,16200,22000,0,24000
10101,1,自施設での分娩取扱あり,1;3,1,True,34週,501～600件,101～150件,,1,1,1;3,2,1,201～300件,True,https://www.jalasite.org/hp/10502.html,True,1,714000,700000,676000,758000,673000,669000,629000,717000,3400,0,0,0
10102,1,自施設での分娩取扱あり,1;2,1,True,,151～200件,151～200件,,100,,,100,100,,,,True,1,538000,539000,503000,570000,470000,474000,442000,497000,12700,0,0,28000
10103,100,あり,,1,False,,301～400件,61～80件,,1,1,2,2,1,,True,https://www.jalasite.org/hp/10103.html,True,,534000,536000,522000,550000,447000,448000,438000,462000,53200,54000,44800,60000
10104,100,あり,,0,False,,401～500件,81～100件,,1,1,3,2,1,,True,https://www.jalasite.org/hp/10745.html,True,,605000,591000,556000,617000,505000,503000,489000,523000,28900,28000,24000,36000
10105,1,自施設での分娩取扱あり,1,2,True,22週,41～60件,1～20件,,100,,,100,100,,,,True,1,451000,461000,418000,477000,416000,434000,398000,449000,0,0,0,0
10106,1,自施設での分娩取扱あり,1;2;3,0,True,34週,1001～1500件,151～200件,,1,1,3,2,1,21～40件,True,,True,1;3,574000,574000,534000,609000,525000,525000,493000,558000,31200,37200,26400,42000
10107,100,あり,,1,False,,801～900件,201～300件,,1,1;2,1,2,1,,True,https://www.jalasite.org/hp/10065.html,True,,675000,667000,612000,742000,551000,513000,491000,610000,42600,54000,0,60000
10108,100,あり,,1,False,,301～400件,41～60件,,3,,,100,100,,,,True,,540000,541000,521000,557000,520000,523000,499000,541000,1500,0,0,0
10109,1,自施設での分娩取扱あり,,1,True,,151～200件,151～200件,True,1,1;2,1;2,2,1,0件,False,,True,1;3,544000,564000,499000,587000,492000,515000,461000,535000,9000,0,0,0
10110,1,自施設での分娩取扱あり,1,1,True,20週,201～300件,101～150件,,1,1,1,2,1,1～20件,False,,True,,621000,618000,576000,690000,512000,530000,453000,585000,37600,45500,31500,49000
10111,1,自施設での分娩取扱あり,1,2,True,30週,61～80件,81～100件,,1,1,3,2,1,1～20件,False,,True,1,565000,573000,504000,624000,503000,516000,447000,564000,9100,0,0,0
10112,1,自施設での分娩取扱あり,1,0,True,20週,101～150件,81～100件,,100,,,100,100,,,,True,1,,,,,,,,,,,,
10113,100,あり,,1,False,,301～400件,201～300件,,2,1,1,2,2,,False,,True,,641000,642000,615000,675000,574000,590000,542000,606000,40300,56000,10000,60000
10114,1,自施設での分娩取扱あり,1,1,True,,151～200件,81～100件,,100,,,100,100,,,,True,1,571000,566000,548000,605000,507000,527000,474000,535000,28200,0,0,64000
10115,100,あり,,1,False,,401～500件,101～150件,,1,,,100,1,,False,,True,,704000,694000,666000,752000,625000,619000,589000,674000,400,0,0,0
10116,100,あり,,1,False,,2001～2500件,401～500件,True,1,1;2;3,1;2,1,1,,True,https://www.jalasite.org/hp/10070.html,True,,575000,575000,471000,661000,546000,555000,450000,600000,700,0,0,0
10117,1,自施設での分娩取扱あり,1;2,2,,,1501～2000件,601～700件,True,1,1;2,1;2,1,3,,True,https://www.aiiku.net/news/news-2917/,True,,1107000,1121000,1023000,1183000,806000,833000,793000,833000,123300,120000,60000,175000
10118,100,あり,,1,False,,1001～1500件,501～600件,,1,1;2;3,1,1,2,,True,https://www.jalasite.org/hp/10069.html,False,,749000,769000,657000,844000,697000,710000,623000,798000,8300,0,0,0
10119,1,自施設での分娩取扱あり,1,1,True,34週,301～400件,101～150件,,100,,,100,100,,,,True,1;3,468000,476000,444000,511000,351000,357000,320000,408000,31200,30000,25000,41500
10120,100,あり,,1,False,,301～400件,150～200件,,3,,,100,100,,,,True,,570000,581000,544000,588000,520000,529000,489000,539000,31400,30000,26300,30000
10121,100,あり,,1,False,,501～600件,150～200件,,1,1,1;2,2,1,,False,,True,,,,,,,,,,,,,
10122,1,自施設での分娩取扱あり,2,1,True,33,81～100件,41～60件,,3,,,100,100,,,,True,1;3;4,463000,465000,450000,488000,426000,428000,413000,450000,17300,24000,0,24000
10123,1,自施設での分娩取扱あり,2,1,True,32週,301～400件,61～80件,,1,1,3,1,2,,False,,True,1,519000,520000,504000,538000,452000,456000,443000,464000,24900,21000,17500,35000
10124,1,自施設での分娩取扱あり,1;2,1,True,,81～100件,21～40件,,1,1,3,2,1,0件,False,,True,1;3,492000,499000,458000,531000,395000,401000,357000,426000,0,0,0,0
10125,1,自施設での分娩取扱あり,1;2,1,True,34週,301～400件,41～60件,,1,1,3,2,3,,False,,True,1,582000,582000,552000,609000,502000,505000,475000,537000,28900,28000,4100,39000
10126,1,自施設での分娩取扱あり,1,1,True,34週,801～900件,81～100件,True,1,1,3,2,1,81～100件,True,https://www.jalasite.org/area/,True,1;2,618000,613000,560000,656000,383000,390000,376000,404000,155700,170400,116400,187800
10127,100,あり,,1,False,,401～500件,21～40件,,3,,,100,100,,,,True,,538000,537000,509000,574000,476000,483000,460000,507000,15500,6000,0,31300
10128,1,自施設での分娩取扱あり,1;2,1,True,40週,151～200件,201～300件,,100,,,100,100,,,,True,1,500000,506000,469000,559000,455000,459000,405000,506000,900,0,0,0
10129,100,あり,,1,False,,301～400件,150～200件,,3,,,100,100,,,,True,,519000,541000,474000,572000,440000,487000,367000,517000,31700,40000,9000,45000
10130,1,自施設での分娩取扱あり,1;2;3,2,True,34週,201～300件,61～80件,,1,1,2;3,1,3,41～60件,True,https://www.jalasite.org/hp/10438.html,True,,521000,521000,485000,550000,396000,426000,344000,443000,22500,24000,10500,30000
10131,1,自施設での分娩取扱あり,1,1,True,32週,201～300件,101～150件,,100,,,100,100,,,,True,1,519000,536000,505000,549000,473000,484000,465000,504000,4900,0,0,0
10132,1,自施設での分娩取扱あり,1,1,True,,701～800件,201～300件,,1,1,2,1,2,,True,https://www.jalasite.org/hp/10283.html,True,1;2;3,599000,575000,548000,670000,510000,504000,496000,531000,28700,30800,23100,38500
10133,100;1,あり;自施設での分娩取扱あり,,1,True,34,801～900件,201～300件,True,1,1;2,1;2,1,3,401～500件,True,https://www.jalasite.org/hp/10507.html,True,1;2;3;4;5,563000,532000,504000,640000,540000,512000,484000,620000,1000,0,0,0
10134,1,自施設での分娩取扱あり,1;2,1,True,３３週６日　,151～200件,41～60件,,1,1,3,2,1,,False,,True,1;3;4,595000,597000,578000,624000,567000,581000,543000,596000,13000,15000,0,21000
10135,1,自施設での分娩取扱あり,1;2,2,True,34週,601～700件,101～150件,,1,1;2,3,1,2,401～500件,True,https://www.jalasite.org/hp/10115.html,True,,920000,932000,870000,984000,737000,735000,726000,745000,60100,82500,0,87500
10136,1,自施設での分娩取扱あり,1,1,True,32週,701～800件,101～150件,True,1,1,3,2,1,201～300件,True,https://www.jalasite.org/hp/10254.html,True,1;3,590000,580000,555000,623000,431000,438000,425000,451000,48800,48000,40000,48000
10137,1,自施設での分娩取扱あり,1,1,True,34週,201～300件,151～200件,,1,1,1,2,1,21～40件,True,https://www.jalasite.org/area/5_23_23112_0,True,,577000,579000,534000,618000,513000,515000,490000,545000,29800,36000,0,45600
10138,1,自施設での分娩取扱あり,1;2;3,1,True,35週,701～800件,101～150件,True,1,1,3,1,2,41～60件,True,https://www.jalasite.org/hp/10514.html,True,1;2;3;4;5;6,536000,542000,522000,555000,472000,479000,463000,498000,18800,24000,16000,24000
10139,1,自施設での分娩取扱あり,,1,True,34週,301～400件,101～150件,True,1,1,3,2,1,61～80件,True,https://www.jalasite.org/area/4_17_17210_0,True,1;2;3;4;5,607000,598000,572000,622000,542000,540000,524000,559000,6100,0,0,3000
10140,1,自施設での分娩取扱あり,1;2,1,True,34,2501～3000件,1001～1500件,True,1,2,1;2,1,2,1501～2000件,True,https://www.jalasite.org/hp/10412.html,True,1;2;3;4,469000,461000,460000,496000,446000,436000,436000,474000,0,0,0,0
10141,100,あり,,1,False,,201～300件,41～60件,,3,,,100,100,,False,,True,,512000,514000,494000,531000,472000,470000,458000,492000,0,0,0,0
10142,1,自施設での分娩取扱あり,1;2,0,True,34週,801～900件,151～200件,,100,,,100,100,,,,True,1;2;3;4;5,570000,573000,556000,584000,550000,553000,538000,563000,0,0,0,0
10143,100,あり,,0,False,,401～500件,150～200件,,3,,,100,100,,,,True,,514000,514000,510000,517000,496000,497000,492000,499000,0,0,0,0
10144,100,あり,,1,False,,1501～2000件,,,1,1;3,1,1,1,,False,,True,,637000,634000,628000,642000,433000,435000,429000,439000,0,0,0,0
10145,1,自施設での分娩取扱あり,1,1,True,32週,301～400件,201～300件,,1,1,1;2,2,1,1～20件,True,,True,1;3;4,638000,629000,599000,684000,595000,596000,565000,628000,23500,18000,10500,26900
10146,100,あり,,1,False,,150～200件,41～60件,,3,,,100,100,,,,True,,491000,497000,463000,522000,437000,435000,410000,470000,9000,0,0,20000
10147,1,自施設での分娩取扱あり,1,1,True,34,41～60件,1~20件,,3,,,100,100,,,,True,1,420000,420000,420000,420000,408000,408000,408000,408000,0,0,0,0
10149,1,自施設での分娩取扱あり,1,1,True,34週,61～80件,21～40件,,1,1,1,2,1,,False,,True,1;2;3;4;5;6,547000,575000,475000,605000,414000,410000,366000,452000,75500,90000,76500,108000
10150,100,あり,,1,False,,150～200件,81～100件,,1,1,1,2,2,,,,True,,581000,,,,543000,,,,0,,,
10151,1,自施設での分娩取扱あり,1,0,True,34週,151～200件,21～40件,,100,,,100,100,,,,True,1;3;4,473000,467000,443000,500000,410000,410000,385000,432000,10600,0,0,25000
10152,1,自施設での分娩取扱あり,1,1,True,34週,151～200件,21～40件,,100,,,100,100,,,,True,1,462000,457000,435000,481000,434000,425000,410000,453000,1600,0,0,0
10153,1,自施設での分娩取扱あり,1;2,0,True,35週,701～800件,201～300件,,1,1;2;3,1;2;3,1,3,21～40件,False,,True,1;2;3;4,483000,483000,474000,490000,445000,453000,434000,464000,0,0,0,0
10154,1,自施設での分娩取扱あり,1,1,True,,801～900件,101～150件,,1,1,1;3,2,1,301～400件,True,https://www.jalasite.org/hp/10464.html,True,1;2,766000,799000,668000,843000,632000,677000,546000,704000,75500,72000,60000,72000
10155,1,自施設での分娩取扱あり,1;2,1,True,16週,301～400件,61～80件,,100,,,100,100,,,,True,1,527000,528000,501000,557000,486000,488000,458000,519000,10000,9200,4100,15300
10157,1,自施設での分娩取扱あり,,1,True,34週,501～600件,201～300件,,100,,,100,100,,,,True,1,476000,475000,469000,480000,436000,433000,427000,451000,3300,0,0,7000
10158,100,あり,,1,False,,150～200件,41～60件,,3,,,100,100,,,,True,,472000,476000,414000,522000,364000,381000,352000,395000,64300,84300,0,101500
10159,100;1,あり;自施設での分娩取扱あり,,2,True,,201～300件,81～100件,,3,,,100,100,,,,True,1,627000,,,,508000,,,,34800,,,
10160,1;2,自施設での分娩取扱あり;オープンシステムを利用し、他施設へ赴いての分娩取扱あり,1,1,True,30,1001～1500件,601～700件,True,1,1,1,2,1,201～300件,True,https://www.jalasite.org/hp/10732.html,True,,716000,689000,651000,768000,642000,638000,616000,669000,33100,0,0,65000
10161,1,自施設での分娩取扱あり,,,True,制限無し,401～500件,201～300件,,2,1,1,1,3,0件,,,True,1;3,487000,489000,436000,551000,448000,463000,377000,530000,4500,0,0,0
10162,1,自施設での分娩取扱あり,1;2,1,True,33週,501～600件,101～150件,,1,1;2,1;3,2,1,151～200件,True,https://www.jalasite.org/hp/10165.html,True,1;3;4;5;6,668000,667000,565000,744000,428000,380000,380000,530000,47200,0,0,98000
10163,100,あり,,1,False,,601～700件,201～300件,,1,1,1;2,1,1,,False,,True,,670000,670000,601000,742000,583000,582000,534000,642000,52400,70000,0,100000
10164,1,自施設での分娩取扱あり,2,1,True,20週,1501～2000件,151～200件,True,1,1,1;2,1,2,301～400件,True,https://www.jalasite.org/area/3_13_13113_0,True,,918000,895000,797000,1008000,732000,738000,707000,764000,107100,108000,0,180000
10165,1,自施設での分娩取扱あり,2,1,True,25~26週,151～200件,101～150件,,100,,,100,100,,,,True,1;3,585000,580000,558000,623000,462000,458000,428000,502000,68300,72000,60000,72000
10166,100;1,あり;自施設での分娩取扱あり,2,0,True,34,201～300件,101～150件,,2,1,1;2,2,1,1~20件,False,,True,1;3,507000,,,,465000,,,,0,,,
10167,1,自施設での分娩取扱あり,1;2,1,True,34週,151～200件,61～80件,,100,,,100,100,,,,True,1;2;3;4,603000,617000,572000,650000,548000,564000,511000,600000,14200,4500,4500,27000
10168,1,自施設での分娩取扱あり,1,1,True,34週,2001～2500件,901～1000件,,1,2,1;2,1,2,,True,,True,1;2;3;4;5,969000,976000,908000,1056000,864000,886000,840000,921000,62500,0,0,132000
10169,1,自施設での分娩取扱あり,1,1,True,32~34週,201～300件,81～100件,,1,1,1,2,1,,False,,True,1,533000,534000,493000,576000,469000,475000,434000,515000,17600,0,0,0
10170,100,あり,,1,False,,150～200件,81～100件,,3,,,100,100,,False,,True,,697000,702000,668000,728000,658000,662000,628000,692000,0,0,0,0
10171,100,あり,,1,False,,201～300件,101～150件,,3,,,100,100,,False,,True,,596000,603000,560000,625000,474000,479000,447000,492000,36800,35000,30000,42000
10172,1,自施設での分娩取扱あり,1;2,2,True,34~36週,201～300件,101～150件,,2,2,1;2,2,2,0件,False,,True,1;2;3;4,452000,,,,415000,,,,0,,,
10173,1,自施設での分娩取扱あり,1,1,True,,301～400件,101～150件,,1,1,1;3,2,1,151～200件,True,https://www.jalasite.org/hp/10114.html,True,1,651000,654000,596000,695000,602000,609000,561000,647000,18300,0,0,0
10174,1,自施設での分娩取扱あり,1,1,True,32~34週,101～150件,41～60件,,100,,,100,100,,,,True,1,483000,496000,449000,524000,445000,458000,424000,475000,13300,0,0,35000
10175,1,自施設での分娩取扱あり,2,1,True,34週,301～400件,61～80件,,1,1,3,1,2,201～300件,False,,True,1;2,537000,550000,480000,582000,483000,502000,430000,529000,1500,0,0,0
10176,1;4,自施設での分娩取扱あり;なし,1;2,0,True,制限無し,41～60件,21～40件,,3,,,100,100,,,,True,1,560000,560000,536000,584000,528000,533000,514000,546000,11300,0,0,0
10177,100,あり,,1,False,,150～200件,101～150件,,3,,,100,100,,,,True,,509000,515000,479000,554000,478000,485000,449000,524000,0,0,0,0
10178,100;1,あり;自施設での分娩取扱あり,1,0,True,30,601～700件,21～40件,,1,1,3,2,1,,False,,True,1;3,785000,805000,701000,857000,708000,732000,627000,781000,2300,0,0,0
10179,1,自施設での分娩取扱あり,,1,,,201～300件,151～200件,True,100,,,100,100,,,,,,597000,593000,539000,648000,528000,531000,493000,564000,23200,0,0,12500
10180,100,あり,,0,False,,21～40件,0～20件,,3,,,100,100,,,,False,,521000,520000,487000,554000,474000,483000,447000,506000,0,0,0,0
10181,100;1,あり;自施設での分娩取扱あり,1;2,1,True,32～33,201～300件,41～60件,,1,1,3,2,2,,False,,True,1;3,604000,,,,541000,,,,19600,,,
10182,1,自施設での分娩取扱あり,1;2;3,1,True,34週,301～400件,81～100件,,1,1,3,2,1,41～60件,True,https://www.jalasite.org/hp/10714.html,True,1;2;3;4,573000,569000,554000,593000,539000,543000,525000,551000,10200,0,0,18000
10184,1,自施設での分娩取扱あり,1;2,2,True,34週,901～1000件,61～80件,True,1,1,3,1,2,601～700件,True,https://www.jalasite.org/hp/10391.html,True,1;2;3,615000,635000,566000,660000,433000,430000,425000,450000,53000,50000,43300,64000
10185,1,自施設での分娩取扱あり,,0,True,32週,901～1000件,201～300件,,1,1,3,2,1,,True,https://www.jalasite.org/hp/10614.html,True,1;3,581000,557000,538000,585000,512000,490000,480000,520000,22300,24000,21000,24000
10186,1,自施設での分娩取扱あり,1;2,0,True,34週,301～400件,41～60件,,100,,,100,100,,,,True,1;3,585000,579000,558000,608000,494000,495000,477000,513000,17800,0,0,42000
10187,1,自施設での分娩取扱あり,,1,True,34週,501～600件,61～80件,,1,1;3,3,1,2,201～300件,True,https://umeda-hospital.or.jp/wp-content/uploads/2023/12/painless_delivery_2023.pdf,True,1;3;4,505000,489000,472000,527000,477000,462000,451000,482000,100,0,0,0
10188,100,あり,,1,False,,701～800件,150～200件,,1,1;2,1,1,1,,True,https://www.jalasite.org/hp/10160.html,True,,,,,,,,,,,,,
10189,1,自施設での分娩取扱あり,1,1,False,,41～60件,101～150件,,3,,,100,100,,,,True,1;3,529000,531000,501000,571000,440000,433000,411000,470000,2300,0,0,0
10190,1,自施設での分娩取扱あり,1;2,1,True,34,401～500件,61～80件,,1,1,3,2,1,151～200件,True,,True,1;2;3,733000,715000,699000,754000,622000,630000,610000,642000,26100,30000,21000,35000
10191,1,自施設での分娩取扱あり,1;2,1,True,32週,1501～2000件,301～400件,True,1,1,1;3,2,1,61～80件,True,https://suzuki-hp.jp/results.php,True,1,597000,584000,574000,639000,565000,554000,544000,609000,500,0,0,0
10192,1,自施設での分娩取扱あり,1,1,True,33週,501～600件,101～150件,,1,1,1;2,2,1,1~20件,True,,True,1;3,512000,515000,492000,532000,455000,457000,440000,472000,35900,42000,35000,42000
10193,1,自施設での分娩取扱あり,1,1,True,34週(帝王切開予定者は32週)、以降当院での健診が必要,151～200件,101～150件,True,100,,,100,100,,,,True,1,575000,583000,526000,628000,540000,528000,500000,606000,15500,0,0,0
10194,1,自施設での分娩取扱あり,1,1,True,34~36週,1001～1500件,301～400件,,1,1,1;2;3,2,2,301～400件,True,https://www.jalasite.org/hp/10050.html,True,1;3,650000,645000,584000,691000,565000,546000,526000,615000,41400,65000,0,65000
10195,1,自施設での分娩取扱あり,1,2,True,34週,1501～2000件,301～400件,True,1,1;2,1;2,2,1,501～600件,True,https://www.jalasite.org/hp/10568.html,True,1;2;3;4;5;6,663000,659000,614000,712000,611000,620000,560000,662000,30200,20000,0,50000
10196,1,自施設での分娩取扱あり,1;2,1,True,34,501～600件,201～300件,,3,,,100,100,,,,True,1;3,515000,518000,489000,546000,396000,399000,361000,428000,44600,45000,45000,54000
10197,1,自施設での分娩取扱あり,1,0,True,32週,601～700件,151～200件,,1,1;2,2;3,1,3,151～200件,True,https://www.jalasite.org/hp/10772.html,True,1,683000,664000,632000,729000,660000,642000,609000,709000,300,0,0,0
10198,1,自施設での分娩取扱あり,1,1,True,制限無し,101～150件,151～200件,,100,,,100,100,,,,True,1;3,552000,542000,499000,606000,444000,454000,394000,483000,33500,0,0,72000
10199,1,自施設での分娩取扱あり,1,1,True,32週,301～400件,151～200件,,100,,,100,100,,,,True,1;3;4,500000,505000,489000,525000,428000,434000,419000,448000,41300,42000,42000,42000
10200,1,自施設での分娩取扱あり,1;2,0,True,34週,501～600件,101～150件,,1,1,3,2,1,101～150件,True,https://www.jalasite.org,True,,603000,588000,570000,622000,513000,502000,485000,517000,61900,56000,56000,64000
10201,100;1,あり;自施設での分娩取扱あり,,1,False,,301～400件,41～60件,,1,1,3,2,2,,False,,True,,500000,498000,490000,512000,453000,452000,447000,458000,23300,24000,20000,24000
10202,1,自施設での分娩取扱あり,,1,,,151～200件,201～300件,,1,1;2,1,2,1,,True,,True,,604000,617000,505000,676000,480000,467000,395000,558000,19600,0,0,42000
10203,1,自施設での分娩取扱あり,1;2,2,True,32週,401～500件,61～80件,,1,1,3,1,2,151～200件,True,https://perineito.com/features/painless-delivery/,True,1,530000,523000,476000,583000,433000,438000,398000,472000,7000,0,0,0
10205,1,自施設での分娩取扱あり,,1,True,32週,401～500件,201～300件,True,1,1,1;2;3,2,3,0件,True,https://www.jalasite.org/area/6_27_27203_0,True,1,629000,632000,589000,673000,586000,591000,549000,628000,5400,0,0,5500
10206,100,あり,,1,False,,101～150件,101～150件,,3,,,100,100,,,,True,,723000,722000,698000,750000,622000,633000,602000,653000,49700,39000,21600,81400
10207,1,自施設での分娩取扱あり,1;3,2,True,34,801～900件,201～300件,,1,1;2;3,3,1,3,501～600件,True,https://www.jalasite.org/hp/10436.html,True,1;2;3;4,521000,523000,493000,556000,471000,469000,445000,511000,22500,24000,15000,30000
10208,1,自施設での分娩取扱あり,1,1,True,34,701～800件,151～200件,,1,1;2,2;3,1,3,601～700件,True,https://www.jalasite.org/hp/10229.html,True,1,573000,580000,555000,593000,446000,446000,444000,450000,55100,48000,48000,60000
10209,1,自施設での分娩取扱あり,1,2,True,32~34週,401～500件,101～150件,,1,1,3,2,3,1～20件,True,https://www.jalasite.org/hp/10706.html,True,1;2;3,571000,565000,520000,620000,475000,474000,425000,532000,25900,28000,0,42000
10210,1,自施設での分娩取扱あり,,1,True,32週,151～200件,101～150件,,2,1;3,1,2,1,1～20件,True,,True,1,473000,,,,402000,,,,8500,,,
10211,1,自施設での分娩取扱あり,1;2,1,True,35週,601～700件,151～200件,,1,1;2,2;3,1,3,151～200件,True,https://nobori.or.jp/childbirth/mutuubunben,True,,518000,509000,501000,549000,451000,460000,460000,460000,20300,20000,15000,25000
10212,1,自施設での分娩取扱あり,1,1,True,32週,151～200件,61～80件,,100,,,100,100,,,,True,1;2;3;4,556000,558000,533000,571000,513000,513000,477000,543000,28100,30000,7500,35000
10213,1,自施設での分娩取扱あり,1,1,True,34週,1001～1500件,151～200件,,1,1,3,2,1,1～20件,True,,True,1;2;3,469000,468000,448000,491000,437000,437000,421000,455000,8000,0,0,17000
10214,100;1,あり;自施設での分娩取扱あり,1;2,1,True,20,501～600件,81～100件,True,1,1,2,2,1,101～150件,True,https://www.jalasite.org/hp/10603.html,True,1;3;4,660000,631000,618000,713000,517000,489000,488000,571000,73600,66000,66000,77000
10215,1,自施設での分娩取扱あり,1,1,True,制限無し,201～300件,201～300件,,1,1;2,1;2,2,1,1～20件,False,,True,1,576000,568000,527000,626000,485000,495000,446000,533000,31700,16000,16000,32000
10216,1,自施設での分娩取扱あり,,1,True,34週,101～150件,41～60件,,100,,,100,100,,,,True,1,483000,489000,465000,510000,443000,446000,424000,478000,1300,0,0,0
10217,1,自施設での分娩取扱あり,1;2;3,1,True,33週,501～600件,201～300件,True,1,1,1;2,1,1,201～300件,True,https://www.jalasite.org/hp/10007.html,True,1;3,588000,564000,540000,657000,542000,519000,494000,612000,3000,0,0,0
10219,1,自施設での分娩取扱あり,1,1,True,32週,301～400件,201～300件,,1,1;2,2,2,1,61～80件,True,https://www.jalasite.org/hp/10711.html,True,1,656000,658000,597000,698000,587000,591000,525000,630000,26800,21000,17500,21000
10220,100,あり,,1,False,,701～800件,81～100件,True,1,1,3,1,2,,True,https://www.jalasite.org/hp/10293.html,True,,712000,699000,625000,802000,614000,598000,554000,684000,76400,90000,30000,90000
10221,1,自施設での分娩取扱あり,1;2,1,True,30週,21～40件,1～20件,,100,,,100,100,,,,True,1;3,,,,,,,,,,,,
10222,100;1,あり;自施設での分娩取扱あり,,1,True,34,201～300件,81～100件,,1,1,2;1;3,2,3,61～80件,False,,True,1;3,581000,565000,548000,618000,552000,539000,519000,590000,100,0,0,0
10223,100,あり,,0,False,,401～500件,61～80件,,3,,,100,100,,,,True,,550000,552000,542000,560000,463000,468000,459000,474000,36700,37800,37800,37800
10224,1,自施設での分娩取扱あり,,1,True,32~33週,301～400件,61～80件,,2,,1;2;3,2,1,0件,False,,True,1;3;4,481000,484000,463000,511000,434000,441000,407000,463000,2800,0,0,0
10225,100,あり,,1,False,,201～300件,81～100件,,3,,,100,100,,,,True,,486000,486000,462000,512000,406000,410000,374000,432000,10900,0,0,27600
10226,1,自施設での分娩取扱あり,,1,True,34週,201～300件,,,100,,,100,100,,,,True,1;3,505000,514000,482000,527000,451000,467000,436000,471000,24500,24000,24000,24000
10227,1,自施設での分娩取扱あり,1;2,1,True,34,201～300件,41～60件,,3,,,100,100,,,,True,1;2;3;4,469000,465000,449000,495000,388000,387000,375000,413000,14200,18500,0,22200
10228,1,自施設での分娩取扱あり,,2,True,34週に当院で受診できるよう里帰り(リスクの高い方は32週までに里帰り),101～150件,21～40件,,100,,,100,100,,,,True,1,505000,513000,494000,521000,442000,447000,424000,458000,0,0,0,0
10229,1,自施設での分娩取扱あり,1,1,True,20週,1001～1500件,201～300件,,1,1,2,1,3,401～500件,True,https://www.jalasite.org/hp/10529.html,True,1;2;3;4;5;6,652000,654000,598000,702000,564000,562000,535000,590000,0,0,0,0
10230,100,あり,,1,False,,41～60件,0～20件,,3,,,100,100,,,,True,,458000,456000,437000,477000,401000,398000,376000,425000,16200,17500,15000,19400
10231,1,自施設での分娩取扱あり,1;2,1,True,34週,301～400件,101～150件,,100,,,100,100,,,,True,1;3;4,,,,,,,,,,,,
10232,1,自施設での分娩取扱あり,1;2,1,True,34週,21～40件,1～20件,,100,,,100,100,,,,True,1;2;3;4,471000,,,,415000,,,,28400,,,
10233,100,あり,,0,False,,101～150件,101～150件,,3,,,100,100,,,,True,,565000,564000,543000,576000,538000,531000,524000,560000,7800,0,0,0
10234,100,あり,,1,False,,0～20件,0～20件,,3,,,100,100,,,,True,,578000,,,,532000,,,,0,,,
10235,1,自施設での分娩取扱あり,1,1,True,34週,151～200件,151～200件,,1,1;2;3,1;2,2,1,1～20件,True,https://hospital.med.gunma-u.ac.jp/1_web/wp-content/uploads/2025/04/JALA_202504.pdf,True,1;3;4;5,669000,662000,625000,714000,599000,611000,578000,625000,12800,0,0,27000
10236,100,あり,,1,False,,501～600件,81～100件,,1,,,100,100,,,,True,,565000,561000,539000,598000,536000,537000,500000,572000,3700,0,0,8000
10237,1,自施設での分娩取扱あり,1;2,1,True,28週(帝王切開)・34週(経腟分娩),201～300件,81～100件,,100,,,100,100,,,,True,1;2;3,605000,615000,580000,634000,545000,554000,527000,573000,22200,26800,21600,30800
10238,1,自施設での分娩取扱あり,1;2;3,1,True,32週,101～150件,41～60件,,1,1,1;3,2,1,,True,,True,1;3;4,481000,488000,470000,503000,459000,466000,448000,482000,0,0,0,0
10239,1,自施設での分娩取扱あり,1;2,1,True,32週,301～400件,201～300件,True,100,,,100,100,,,,True,1,547000,,,,496000,,,,10000,,,
10240,100;1,あり;自施設での分娩取扱あり,1,1,True,34,201～300件,41～60件,,3,,,100,100,,,,True,1,524000,532000,500000,549000,456000,461000,433000,483000,21800,24000,20000,24000
10242,1,自施設での分娩取扱あり,,0,True,,101～150件,81～100件,,2,1,1,2,1,,False,,False,,591000,592000,558000,610000,529000,540000,483000,577000,0,0,0,0
10243,100,あり,,1,False,,601～700件,201～300件,,3,,,100,100,,,,True,,616000,612000,583000,641000,524000,528000,491000,556000,31200,6300,0,60000
10244,100,あり,,1,False,,1001～1500件,301～400件,,1,1;2,1;2,1,2,,True,https://www.jalasite.org/hp/10109.html,True,,1277000,1275000,1190000,1357000,1155000,1162000,1096000,1237000,67900,32500,0,142500
10245,1,自施設での分娩取扱あり,2;3,1,True,34週,201～300件,21～40件,,2,1,3,2,1,1~20件,False,,True,1,450000,450000,429000,469000,404000,410000,390000,428000,19800,18000,10000,30000
10246,1,自施設での分娩取扱あり,1;2;3,2,True,31～33,301～400件,41～60件,,1,1,1,2,1,,False,,True,1;2;3;4,572000,571000,552000,591000,545000,545000,525000,561000,2700,0,0,0
10247,1,自施設での分娩取扱あり,1,1,True,32週,201～300件,151～200件,,1,1,1,2,1,1～20件,True,,True,1;3,440000,440000,404000,491000,391000,395000,353000,435000,11000,0,0,0
10248,100,あり,,1,False,,101～150件,21～40件,,1,1,1,2,1,,True,https://www.jalasite.org/hp/10567.html,True,,512000,499000,483000,522000,478000,473000,440000,500000,0,0,0,0
10249,1,自施設での分娩取扱あり,1,1,True,28週,501～600件,301～400件,,2,1,1,2,1,1～20件,False,,True,1;2;3;4,739000,749000,691000,793000,677000,683000,631000,724000,17100,8300,0,11600
10250,100,あり,,1,False,,201～300件,41～60件,,3,,,100,100,,,,True,,535000,530000,520000,551000,492000,491000,477000,511000,0,0,0,0
10251,100;1,あり;自施設での分娩取扱あり,,1,False,,201～300件,41～60件,,1,1,1;2,2,1,151～200件,True,https://www.jalasite.org/hp/10200.html,True,,615000,624000,560000,678000,575000,591000,525000,637000,19200,17500,12000,23800
10252,1,自施設での分娩取扱あり,,1,True,32週,41～60件,1～20件,,100,,,100,100,,,,True,1,501000,,,,446000,,,,22800,,,
10253,100,あり,,1,False,,150～200件,61～80件,,1,1,3,2,1,,False,,True,,605000,606000,553000,632000,517000,510000,487000,550000,36700,18000,0,48000
10254,100,あり,,1,False,,101～150件,21～40件,,1,1,3,2,1,,True,https://www.jalasite.org/hp/10671.html,True,,650000,634000,588000,704000,487000,489000,458000,517000,101900,105000,90000,105000
10255,1,自施設での分娩取扱あり,,2,,,151～200件,41～60件,,100,,,100,100,,,,,,681000,,,,626000,,,,30500,,,
10256,100;1,あり;自施設での分娩取扱あり,,1,False,,501～600件,101～150件,,1,1;2;3,1,1,2,,True,https://www.jalasite.org/hp/10630.html,True,,962000,952000,895000,1013000,876000,896000,836000,935000,27400,0,0,0
10257,1,自施設での分娩取扱あり,1,1,True,32~34週,301～400件,151～200件,,100,,,100,100,,,,True,1,513000,511000,484000,535000,485000,482000,470000,498000,6700,0,0,0
10258,100,あり,,0,False,,21～40件,0～20件,,3,,,100,100,,False,,True,,449000,,,,365000,,,,18600,,,
10259,100,あり,,1,False,,61～80件,0～20件,,3,,,100,100,,,,True,,500000,500000,500000,500000,462000,462000,462000,462000,0,0,0,0
10260,1,自施設での分娩取扱あり,1,1,True,34週,151～200件,41～60件,,100,,,100,100,,,,,,460000,458000,449000,485000,165000,184000,169000,187000,16900,0,0,45000
10261,100,あり,,1,False,,61～80件,41～60件,,1,1,3,2,1,,False,,True,,600000,609000,591000,639000,507000,525000,499000,552000,42000,54000,13500,63000
10262,1,自施設での分娩取扱あり,,1,,,151～200件,101～150件,,2,1,1;3,2,1,,False,,,,507000,509000,485000,543000,426000,418000,391000,465000,15400,0,0,35500
10263,1,自施設での分娩取扱あり,2,0,True,28週,61～80件,21～40件,,1,1,1;2;3,2,2,1～20件,False,,True,1;3,454000,447000,426000,483000,418000,422000,389000,447000,0,0,0,0
10264,100,あり,,0,True,33,201～300件,61～80件,,3,,,100,100,,,,True,1;2;3,508000,509000,497000,535000,438000,438000,426000,457000,38300,39000,39000,45500
10265,100,あり,,1,True,20,201～300件,81～100件,,3,,,100,100,,,,True,1,580000,,,,527000,,,,24700,,,
10266,1,自施設での分娩取扱あり,,1,True,,201～300件,61～80件,,1,1,2;3,2,1,1~20件,False,,True,1;2;3;4,542000,555000,514000,585000,468000,479000,445000,507000,22500,28800,6000,36000
10267,100,あり,,1,False,,201～300件,101～150件,True,3,,,100,100,,,,True,,632000,637000,598000,670000,573000,578000,536000,600000,16400,0,0,43600
10268,1,自施設での分娩取扱あり,,1,True,35週以降当院で実施,301～400件,41～60件,,1,1,3,2,2,41～60件,True,https://www.jalasite.org/hp/10372.html,True,,576000,576000,538000,605000,504000,502000,480000,536000,29000,40200,0,43400
10269,1,自施設での分娩取扱あり,2,1,True,34週,21～40件,1～20件,,100,,,100,100,,,,True,1;3;4,529000,519000,494000,557000,504000,496000,471000,537000,3300,0,0,0
10270,1,自施設での分娩取扱あり,,1,True,32週,501～600件,301～400件,,1,1,1;2,1,3,201～300件,True,https://www.jalasite.org/hp/10282.html,True,1,657000,670000,575000,742000,605000,598000,526000,696000,40400,24200,17300,66000
10271,1,自施設での分娩取扱あり,1,1,True,32週,101～150件,21～40件,,100,,,100,100,,,,True,1;3;4,424000,423000,401000,461000,294000,290000,268000,329000,42800,42000,39000,48000
10272,1,自施設での分娩取扱あり,1,1,True,8,401～500件,301～400件,,1,1,3,1,1,301～400件,True,http://hospinfo.tokyo-med.ac.jp/shinryo/shusanki/shussan.html,True,1,966000,972000,919000,1024000,660000,682000,613000,703000,240200,252000,216000,252000
10273,1,自施設での分娩取扱あり,1,2,True,32週,401～500件,301～400件,,1,1;2,1,2,1,201～300件,True,http://www.obgy.med.keio.ac.jp/clinical/birth/pdf/nopain_facility202309.pdf,True,1,888000,855000,726000,967000,679000,701000,581000,770000,129700,59500,51000,68000
10274,1,自施設での分娩取扱あり,,,True,,61～80件,1～20件,,100,,,100,100,,,,True,,489000,,,,438000,,,,25800,,,
10275,1,自施設での分娩取扱あり,1,1,True,20週,101～150件,41～60件,,1,1;2,1,2,1,1～20件,True,https://jalasite.org/hp/10641.html,True,1,512000,507000,487000,517000,463000,480000,450000,480000,1900,0,0,0
10276,1,自施設での分娩取扱あり,,1,,,201～300件,61～80件,,1,1;3,1;3,2,1,,False,,,,747000,748000,703000,793000,633000,638000,603000,667000,63200,65000,65000,78000
10277,1,自施設での分娩取扱あり,1,1,True,,201～300件,101～150件,,1,1,1;2;3,1,1,101～150件,True,https://www.jalasite.org/hp/10592.html,True,1;3;4;5;6,657000,644000,582000,733000,467000,470000,455000,490000,27300,40000,0,48000
10278,1,自施設での分娩取扱あり,2,1,True,32週,201～300件,41～60件,,100,,,100,100,,,,True,1,493000,507000,455000,534000,435000,451000,399000,484000,14400,18000,0,21000
10279,1,自施設での分娩取扱あり,1;2,1,True,34週,21～40件,1～20件,,100,,,100,100,,,,True,1;3,505000,,,,438000,,,,27500,,,
10280,1,自施設での分娩取扱あり,1,1,True,32~34週,101～150件,41～60件,,100,,,100,100,,,,True,1;3;4,596000,602000,579000,613000,515000,517000,498000,533000,46500,42000,42000,52500
10281,1,自施設での分娩取扱あり,1,1,True,32週,81～100件,21～40件,,100,,,100,100,,,,True,1;3,548000,556000,520000,576000,498000,498000,477000,533000,27600,36000,14000,39000
10282,1,自施設での分娩取扱あり,1;2,,True,28週,401～500件,81～100件,,1,1,2;3,2,1,1～20件,True,https://www.jalasite.org/hp/10731.html,True,1;3,633000,636000,603000,672000,555000,567000,561000,585000,29000,40000,0,51500
10283,1,自施設での分娩取扱あり,1,1,True,33週,401～500件,101～150件,,1,1;3,1,2,1,81～100件,True,https://sagamino.jcho.go.jp/medicalsubjects/perinatal-medical/pmc-info/,True,1,667000,648000,609000,724000,616000,595000,563000,681000,24300,0,0,56000
10284,1,自施設での分娩取扱あり,1;2,1,True,,201～300件,201～300件,,2,1,1;3,2,1,151～200件,False,,True,1,524000,528000,498000,557000,439000,444000,415000,469000,22900,27000,0,31500
10285,100,あり,,1,False,,101～150件,101～150件,,3,,,100,100,,,,True,,568000,583000,558000,596000,535000,546000,530000,566000,1400,0,0,0
10286,100,あり,,1,False,,201～300件,61～80件,,3,,,100,100,,,,True,,561000,566000,525000,596000,502000,515000,459000,538000,6100,0,0,0
10287,100,あり,,1,False,,301～400件,101～150件,,1,1;3,1;3,2,1,,False,,True,,592000,607000,559000,629000,546000,555000,518000,578000,25700,30000,22000,35000
10288,100,あり,,1,False,,401～500件,101～150件,True,3,,,100,100,,,,True,,726000,732000,690000,770000,592000,587000,567000,625000,48600,54000,45000,54000
10289,100,あり,,1,False,,101～150件,0～20件,,3,,,100,100,,,,False,,,,,,,,,,,,,
10290,1;2,自施設での分娩取扱あり;オープンシステムを利用し、他施設へ赴いての分娩取扱あり,1;2,0,True,32,401～500件,61～80件,,2,1,1;3,2,1,41～60件,True,,True,1,600000,611000,523000,653000,570000,587000,508000,626000,8200,0,0,0
10291,1,自施設での分娩取扱あり,1,2,True,34週,151～200件,21～40件,,1,1;2,1,2,3,81～100件,True,https://www.jalasite.org/doc/hp/10371.html,True,1;3,541000,534000,499000,567000,482000,469000,449000,508000,13600,20000,0,25000
10292,1,自施設での分娩取扱あり,2,1,True,32週,201～300件,81～100件,,2,1,1;2;3,1,1,0件,False,,True,1;3,500000,500000,454000,529000,475000,475000,433000,506000,0,0,0,0
10293,1,自施設での分娩取扱あり,1,1,True,34,401～500件,151～200件,,3,,,100,100,,,,True,1;3,561000,568000,532000,587000,504000,506000,488000,525000,22400,30000,0,42000
10294,1,自施設での分娩取扱あり,1,1,True,34週,151～200件,151～200件,,100,,,100,100,,,,True,1;2;3;4,555000,562000,507000,598000,462000,468000,427000,503000,16800,25000,0,25000
10295,1,自施設での分娩取扱あり,1,1,True,34,301～400件,61～80件,,1,1,1;3,2,1,151～200件,True,https://www.jalasite.org/,True,1;2;3;4;5;6,567000,561000,523000,605000,252000,153000,119000,415000,81100,84000,72000,84000
10296,1,自施設での分娩取扱あり,1,1,True,32週,151～200件,41～60件,,100,,,100,100,,,,True,1;2;3;4,544000,538000,520000,560000,507000,511000,487000,530000,0,0,0,0
10297,100,あり,,1,False,,101～150件,81～100件,,3,,,100,100,,,,True,,535000,,,,495000,,,,0,,,
10298,1,自施設での分娩取扱あり,1;2,1,True,35週,201～300件,151～200件,,1,1,1;2,2,1,0件,True,https://www.jalasite.org/hp/10862.html,True,1;3,654000,657000,627000,686000,522000,529000,495000,545000,40400,21000,18000,79200
10299,1,自施設での分娩取扱あり,,1,,,101～150件,1～20件,,1,1,3,2,1,0件,False,,,,525000,531000,491000,566000,481000,494000,460000,515000,11700,0,0,28000
10300,100,あり,,1,False,,151～200件,41～60件,,3,,,100,100,,,,True,,506000,501000,483000,526000,421000,414000,400000,443000,5000,0,0,2400
10301,100,あり,,1,False,,101～150件,101～150件,,3,,,100,100,,,,True,,579000,579000,552000,604000,517000,519000,494000,541000,34100,33600,33600,39200
10302,1,自施設での分娩取扱あり,1;2,1,True,34週,201～300件,101～150件,,1,1,1,2,1,41～60件,True,http://www.nagoya-ekisaikaihosp.jp/sanka/labor-analgesia/,True,1,623000,630000,584000,653000,487000,490000,456000,510000,65400,72000,60000,72000
10303,100,あり,,1,False,,21～40件,0～20件,,2,1,2;3,1,2,,False,,True,,,,,,,,,,,,,
10304,1,自施設での分娩取扱あり,2,1,True,32~34週,301～400件,151～200件,True,100,,,100,100,,,,True,1;3,,,,,,,,,,,,
10305,1,自施設での分娩取扱あり,1,1,True,34週,301～400件,101～150件,,1,1,1,2,1,41～60件,False,,True,1;3,528000,541000,486000,589000,432000,471000,430000,500000,13400,0,0,0
10307,1,自施設での分娩取扱あり,1,1,True,32～34,101～150件,201～300件,,1,1,1,2,2,,True,https://www.jalasite.org/hp/10092.html,True,1;3,644000,655000,595000,699000,563000,570000,536000,596000,23700,0,0,63000
10308,1,自施設での分娩取扱あり,1,1,True,34週,301～400件,201～300件,,1,1,1;2;3,2,1,0件,True,https://ngt.saiseikai.or.jp/childbirth/,True,1;3,537000,532000,507000,581000,489000,494000,473000,507000,14300,0,0,36000
10309,1,自施設での分娩取扱あり,1;2,1,True,32週,301～400件,201～300件,,2,1,1,2,1,0件,False,,True,1;3,574000,578000,551000,606000,527000,535000,513000,555000,28500,33500,15000,38500
10310,1;2,自施設での分娩取扱あり;オープンシステムを利用し、他施設へ赴いての分娩取扱あり,1;2,1,True,35週,151～200件,61～80件,,1,1,1;3,1,1,,True,https://www.jalasite.org/hp/10128.html,True,1;2;3;4;5,764000,771000,690000,841000,573000,569000,478000,679000,56900,60000,0,80000
10311,100,あり,,1,False,,1001～1500件,401～500件,,1,1,3,1,1,,True,https://www.jalasite.org/hp/10572.html,True,,736000,738000,676000,795000,627000,634000,606000,672000,63100,90000,0,105000
10312,1,自施設での分娩取扱あり,1;2,0,True,34週,61～80件,1～20件,,100,,,100,100,,,,True,1;3;4,476000,480000,443000,504000,418000,410000,395000,435000,19700,0,0,52800
10313,1,自施設での分娩取扱あり,2,1,True,34週,201～300件,101～150件,,100,,,100,100,,,,True,1;3,499000,503000,470000,534000,446000,444000,419000,474000,11600,0,0,28700
10314,1,自施設での分娩取扱あり,,1,True,34週,401～500件,101～150件,,100,,,100,100,,,,True,1,573000,581000,552000,605000,510000,516000,495000,541000,13400,20000,0,20000
10315,1,自施設での分娩取扱あり,1,1,True,32~34週,401～500件,201～300件,,1,1,1,2,1,1～20件,True,,True,1;3,732000,719000,648000,790000,656000,628000,564000,722000,10500,0,0,0
10316,100,あり,,1,False,,201～300件,201～300件,,2,1,1;2,2,2,,False,,True,,572000,581000,547000,622000,516000,536000,497000,553000,14000,0,0,30000
10317,1,自施設での分娩取扱あり,1;2,2,True,25～27,201～300件,41～60件,,1,1;2,1;3,2,1,1~20件,True,,True,,495000,493000,465000,520000,410000,407000,387000,434000,4700,0,0,0
10318,100,あり,,1,False,,501～600件,201～300件,,3,,,100,100,,,,True,,600000,,,,561000,,,,9900,,,
10319,1,自施設での分娩取扱あり,1,1,True,20週,81～100件,101～150件,,100,,,100,100,,,,True,1;2;3,559000,556000,544000,579000,526000,526000,512000,536000,15100,0,0,36000
10320,100,あり,,1,False,,201～300件,81～100件,,2,1;3,3,2,2,,False,,True,,463000,470000,419000,512000,409000,409000,367000,451000,22800,26400,17600,30800
10321,1,自施設での分娩取扱あり,1,1,True,16週と30~34週,101～150件,21～40件,,100,,,100,100,,,,True,1;2,677000,661000,632000,725000,617000,615000,593000,639000,35600,0,0,90000
10322,100,あり,,1,False,,301～400件,101～150件,,3,,,100,100,,,,True,,619000,619000,573000,655000,562000,562000,522000,602000,23100,30000,0,42000
10323,100,あり,,1,False,,401～500件,101～150件,,1,1,1,1,2,,True,https://www.jalasite.org/hp/10348.html,False,,701000,713000,649000,761000,551000,566000,511000,606000,46300,27800,15900,77600
10324,1,自施設での分娩取扱あり,1,0,True,35,41～60件,,,100,,,100,100,,,,True,1;3,,,,,,,,,,,,
10325,100,あり,,1,False,,601～700件,301～400件,True,1,1,1;2,2,1,,False,,True,,626000,618000,585000,660000,560000,557000,534000,587000,0,0,0,0
10326,1,自施設での分娩取扱あり,1,1,True,妊娠31週6日まで（帝王切開術の場合は妊娠29週6日まで）,401～500件,151～200件,,100,,,100,100,,,,True,1;3;4;6,546000,550000,517000,572000,479000,477000,463000,498000,30100,45000,0,54000
10327,100,あり,,1,False,,301～400件,201～300件,,2,1,1,1,1,,False,,True,,567000,573000,535000,598000,479000,480000,446000,513000,34900,36000,30000,36000
10329,1,自施設での分娩取扱あり,1;2,1,True,30週,81～100件,21～40件,,100,,,100,100,,,,True,1,471000,471000,452000,492000,412000,412000,397000,424000,27800,25000,25000,30000
10330,1,自施設での分娩取扱あり,1;2,2,True,32週(遅くとも34週),61～80件,41～60件,,100,,,100,100,,,,True,1;3,459000,465000,442000,480000,422000,426000,406000,443000,10400,10500,9000,10900
10331,1;2,自施設での分娩取扱あり;オープンシステムを利用し、他施設へ赴いての分娩取扱あり,1,1,True,32週,401～500件,81～100件,,2,3,3,2,2,0件,False,,True,1;3;4;5;6,492000,484000,452000,538000,423000,429000,385000,463000,32000,30000,0,56000
10332,1,自施設での分娩取扱あり,1,1,True,34週,501～600件,151～200件,,100,,,100,100,,,,True,1;2;3,543000,540000,516000,576000,443000,442000,420000,472000,43600,48000,40000,50000
10333,100,あり,,1,False,,201～300件,61～80件,,1,1,1,2,1,,False,,True,,611000,608000,574000,646000,357000,369000,349000,372000,53100,51700,44000,66000
10334,1,自施設での分娩取扱あり,1,1,True,19~20週,301～400件,101～150件,,1,1,1;2;3,2,1,1～20件,True,https://www.jalasite.org/hp/10677.html,True,,554000,556000,476000,618000,505000,493000,453000,569000,10300,0,0,0
10335,100,あり,,1,False,,150～200件,41～60件,,2,1,1,2,1,,False,,True,,541000,542000,521000,564000,490000,491000,469000,516000,0,0,0,0
10336,1,自施設での分娩取扱あり,2,1,False,,601～700件,401～500件,,1,1;2,1;2,2,3,101～150件,True,https://www.jalasite.org/hp/10159.html,True,,572000,567000,521000,630000,446000,474000,418000,506000,23500,0,0,58200
10337,1,自施設での分娩取扱あり,1,1,True,32週,301～400件,401～500件,,1,2,1,2,1,1～20件,False,,True,1,641000,641000,598000,682000,558000,563000,532000,608000,26600,27000,0,50400
10338,1,自施設での分娩取扱あり,1,1,True,34週,301～400件,61～80件,,100,,,100,100,,,,False,,500000,505000,477000,528000,461000,466000,438000,489000,1400,0,0,0
10339,100,あり,,1,False,,150～200件,21～40件,,3,,,100,100,,,,True,,553000,552000,515000,594000,472000,458000,441000,507000,31000,29400,25200,37800
10340,1,自施設での分娩取扱あり,1,1,True,34週,101～150件,1～20件,,100,,,100,100,,,,True,1;2;3,561000,560000,525000,600000,503000,517000,472000,535000,29100,42000,0,42000
10341,100,あり,,1,False,,101～150件,21～40件,,3,,,100,100,,,,True,,,,,,,,,,,,,
10342,1,自施設での分娩取扱あり,,1,True,32週,1～20件,1～20件,,100,,,100,100,,,,True,1;3;4,444000,,,,352000,,,,48200,,,
10343,100,あり,,1,False,,21～40件,0～20件,,3,,,100,100,,False,,True,,491000,,,,431000,,,,32000,,,
10344,100,あり,,1,False,,21～40件,0～20件,,3,,,100,100,,,,True,,536000,527000,511000,553000,490000,491000,476000,504000,0,0,0,0
10345,1,自施設での分娩取扱あり,1;2,1,True,20,81～100件,21～40件,,3,,,100,100,,,,True,1;2;3;4;5;6,525000,520000,514000,533000,496000,485000,485000,505000,0,0,0,0
10346,1,自施設での分娩取扱あり,1;2,1,True,34週,201～300件,101～150件,,100,,,100,100,,,,True,1;2;3;4;5;6,500000,500000,477000,522000,468000,476000,451000,491000,6300,0,0,0
10347,100,あり,,1,False,,201～300件,151～200件,,3,,,100,100,,,,True,,509000,526000,469000,567000,414000,436000,367000,491000,23700,25400,0,43500
10348,1,自施設での分娩取扱あり,1,1,True,20週,301～400件,101～150件,,1,1,1,2,1,41～60件,False,,True,,714000,678000,633000,802000,657000,631000,580000,728000,14100,0,0,30000
10349,100,あり,,0,False,,61～80件,0～20件,,3,,,100,100,,,,True,,505000,508000,494000,515000,474000,477000,464000,481000,0,0,0,0
10350,1,自施設での分娩取扱あり,1,1,True,33~34週,151～200件,41～60件,,1,1,3,2,1,0件,True,https://www.jalasite.org/hp/10908.html,True,1;3;4,610000,595000,547000,669000,537000,530000,500000,566000,43300,0,0,97500
10351,100,あり,,1,False,,501～600件,150～200件,,1,1,1;2,2,1,,True,https://www.jalasite.org/hp/10222.html,True,,700000,670000,647000,749000,610000,589000,556000,645000,69900,66000,65000,76000
10352,1,自施設での分娩取扱あり,1;2,1,True,32週,401～500件,101～150件,,1,1,1;2;3,2,1,201～300件,True,https://www.jalasite.org/hp/10623.html,True,1;2;3,740000,721000,651000,817000,677000,658000,615000,744000,23500,0,0,41300
10353,1,自施設での分娩取扱あり,1;2;3,1,True,34週,301～400件,61～80件,,1,1,3,2,1,0件,False,,True,1,640000,645000,616000,676000,570000,583000,551000,593000,29400,14000,14000,49000
10355,1,自施設での分娩取扱あり,1,1,True,30週,101～150件,81～100件,,1,1;2,1;2;3,2,1,41～60件,True,https://www.jalasite.org/hp/10632.html,True,1;2;3;4;5,495000,,,,437000,,,,21800,,,
10357,1,自施設での分娩取扱あり,2,1,True,32,101～150件,21～40件,,100,,,100,100,,,,True,1,476000,486000,459000,520000,408000,431000,368000,470000,0,0,0,0
10358,100,あり,,1,False,,401～500件,81～100件,,3,,,100,100,,,,True,,570000,578000,533000,614000,522000,523000,473000,576000,9500,12000,0,15000
10359,1,自施設での分娩取扱あり,1,1,True,32週,201～300件,151～200件,,1,1,1;3,2,1,1～20件,False,,True,1;3;4,542000,538000,522000,554000,499000,497000,490000,515000,9200,0,0,6800
10360,1,自施設での分娩取扱あり,1,2,,,301～400件,101～150件,,1,1,1,2,1,101～150件,False,,True,1,,,,,,,,,,,,
10361,100,あり,,1,False,,150～200件,21～40件,,1,1,1,1,1,,True,https://www.jalasite.org/hp/10584.html,True,,532000,519000,480000,589000,480000,475000,464000,500000,0,0,0,0
10362,100,あり,1;2,1,True,,151～200件,41～60件,,3,,,100,100,,,,True,1,566000,571000,532000,591000,531000,542000,501000,546000,14900,9000,9000,25100
10363,1,自施設での分娩取扱あり,1;2;3,1,True,22週,801～900件,301～400件,,1,1,1;2,2,1,101～150件,True,https://www.jalasite.org/hp/10692.html,,,548000,538000,501000,586000,459000,452000,420000,490000,15700,0,0,0
10364,100,あり,,1,False,,21～40件,0～20件,,3,,,100,100,,,,True,,416000,431000,411000,435000,350000,370000,335000,385000,11600,10000,10000,13500
10365,1,自施設での分娩取扱あり,,1,True,,701～800件,301～400件,True,1,1,1,2,1,0件,False,,True,,611000,610000,583000,643000,297000,308000,288000,308000,21900,0,0,47300
10366,1,自施設での分娩取扱あり,,1,True,32週,201～300件,81～100件,,100,,,100,100,,,,True,1;3,590000,606000,554000,648000,535000,559000,502000,588000,28800,36000,0,54000
10367,1,自施設での分娩取扱あり,1,1,True,34週,401～500件,61～80件,,1,1;2,1;2;3,2,1,0件,False,,True,1;2;3,561000,563000,530000,593000,482000,490000,474000,504000,43500,54000,18000,63000
10368,1,自施設での分娩取扱あり,1,0,True,34週,701～800件,301～400件,,1,2,1,2,1,401～500件,True,https://www.showa-u.ac.jp/SUH/department/list/obstgyne.html,True,1,728000,701000,673000,823000,670000,635000,635000,785000,19100,0,0,28500
10369,1,自施設での分娩取扱あり,1;2,1,True,34週,151～200件,21～40件,,100,,,100,100,,,,True,1;3,468000,467000,447000,484000,436000,434000,422000,450000,0,0,0,0
10370,100,あり,,1,False,,81～100件,41～60件,,3,,,100,100,,,,True,,531000,537000,502000,560000,502000,519000,481000,542000,0,0,0,0
10371,100;1,あり;自施設での分娩取扱あり,,1,True,20,701～800件,201～300件,,1,1,3,2,1,151～200件,True,https://www.jalasite.org/hp/10295.html,True,,539000,512000,512000,565000,463000,457000,435000,475000,63200,65000,65000,78000
10372,1,自施設での分娩取扱あり,1;2,1,True,32~33週,151～200件,41～60件,,100,,,100,100,,,,True,1;2;3;4;5;6,513000,514000,476000,552000,436000,464000,396000,491000,19500,0,0,16500
10373,1,自施設での分娩取扱あり,1,1,True,34,201～300件,21～40件,,3,,,100,100,,,,True,1;3,553000,556000,537000,569000,498000,503000,484000,512000,14700,18000,4500,23500
10374,1,自施設での分娩取扱あり,1,0,True,制限なし,81～100件,81～100件,True,3,,,100,100,,,,True,1,506000,503000,438000,563000,446000,437000,390000,477000,9200,0,0,0
10375,100,あり,,0,False,,901～1000件,201～300件,,3,,,100,100,,,,True,,479000,478000,476000,487000,328000,330000,330000,330000,0,0,0,0
10376,1,自施設での分娩取扱あり,,1,,,151～200件,81～100件,,1,1,1,2,1,,False,,,,580000,564000,527000,632000,520000,531000,494000,549000,500,0,0,0
10377,1,自施設での分娩取扱あり,,1,,,151～200件,101～150件,,2,1,1,100,100,,False,,,,462000,464000,441000,475000,400000,393000,380000,427000,2600,0,0,1600
10378,1,自施設での分娩取扱あり,1,1,True,34週,201～300件,101～150件,,100,,,100,100,,,,True,1;2;3;4;5;6,521000,522000,491000,550000,454000,459000,434000,476000,15500,0,0,35000
10379,1,自施設での分娩取扱あり,1,1,True,36週,201～300件,41～60件,,1,1,3,1,3,101～150件,True,https://www.jalasite.org/hp/10517.html,True,1;2;3,569000,536000,492000,637000,501000,482000,459000,529000,23100,0,0,0
10380,1,自施設での分娩取扱あり,1,1,True,特になし,201～300件,151～200件,,1,1,1;2,2,1,1~20件,False,,True,1;3,648000,654000,600000,702000,587000,586000,538000,643000,20600,0,0,50000
10382,1,自施設での分娩取扱あり,,1,True,34週6日(経腟分娩)・32週6日(帝王切開),81～100件,21～40件,,100,,,100,100,,,,True,1;3;4,485000,474000,448000,526000,367000,369000,353000,384000,13400,18000,2300,18800
10383,1,自施設での分娩取扱あり,1;2;3,1,True,34週,101～150件,101～150件,,100,,,100,100,,,,True,1;3,572000,573000,541000,610000,513000,523000,498000,543000,24200,0,0,48000
10384,100,あり,,1,False,,301～400件,81～100件,,1,1,3,1,1,,False,,True,,550000,549000,515000,583000,515000,517000,494000,532000,21200,0,0,60000
10385,1,自施設での分娩取扱あり,1,1,True,32週,201～300件,201～300件,,100,,,100,100,,,,True,1;2;3;4,521000,520000,494000,555000,420000,425000,403000,451000,28900,37000,0,49000
10386,1,自施設での分娩取扱あり,1;2,1,True,12週,41～60件,1～20件,,100,,,100,100,,,,True,1;2;3;4,530000,530000,518000,543000,474000,471000,468000,482000,31300,31300,31300,31300
10387,1,自施設での分娩取扱あり,,1,True,特に制限なし,301～400件,101～150件,,1,1;2,1;3,2,1,201～300件,True,https://www.jalasite.org/hp/10169.html,True,1,696000,726000,609000,761000,622000,668000,540000,701000,23500,0,0,42000
10388,100,あり,,1,False,,150～200件,41～60件,,2,1;2,3,2,1,,False,,True,,574000,572000,560000,583000,552000,555000,545000,566000,5600,0,0,0
10389,1,自施設での分娩取扱あり,,1,True,30週,301～400件,501～600件,,2,1,1,2,1,1～20件,True,https://www.jalasite.org/hp/10289.html,True,1,631000,,,,589000,,,,0,,,
10390,1,自施設での分娩取扱あり,1,2,True,32週,151～200件,41～60件,,1,1,1;2;3,1,1,21～40件,True,https://www.jalasite.org/hp/10353.html,True,1;3;4,490000,462000,417000,567000,374000,374000,296000,436000,35900,18900,13500,52500
10391,1,自施設での分娩取扱あり,1;2,1,True,34週,401～500件,101～150件,,1,1,1;3,2,1,,False,,,,609000,607000,570000,635000,589000,592000,552000,616000,900,0,0,0
10392,1,自施設での分娩取扱あり,,1,True,20週,101～150件,101～150件,,1,1,3,2,1,101～150件,True,https://www.yachiyo-hosp.or.jp/guidance_department/painless_childbirth.html,True,1,610000,611000,574000,656000,494000,507000,479000,512000,33800,42000,35000,49000
10393,1,自施設での分娩取扱あり,1;2;3,1,True,32週,301～400件,101～150件,,100,,,100,100,,,,True,1;2;3,,,,,,,,,,,,
10394,1,自施設での分娩取扱あり,1,1,True,32週,101～150件,151～200件,,1,1,1;3,2,1,1～20件,True,https://www.jalasite.org/hp/10828.html,True,1,560000,576000,509000,638000,457000,504000,344000,554000,13500,0,0,27000
10395,1,自施設での分娩取扱あり,1;2,1,True,34週,101～150件,41～60件,,100,,,100,100,,,,True,1;3,467000,472000,457000,484000,184000,192000,158000,213000,0,0,0,0
10396,1,自施設での分娩取扱あり,1,1,True,制限無し,201～300件,401～500件,,100,,,100,100,,,,True,1,547000,566000,478000,602000,493000,517000,435000,565000,17500,0,0,40000
10397,1,自施設での分娩取扱あり,1,1,True,32週,151～200件,41～60件,,100,,,100,100,,,,True,1;3;4;5,417000,423000,365000,464000,350000,356000,299000,399000,15700,0,0,35000
10398,1,自施設での分娩取扱あり,,1,,,201～300件,61～80件,,100,,,100,100,,,,,,535000,539000,504000,571000,471000,467000,449000,496000,17200,0,0,36000
10399,1,自施設での分娩取扱あり,1;3,2,True,32~34週,501～600件,151～200件,True,1,1,2;3,1,2,301～400件,True,https://www.jalasite.org/hp/10319.html,True,1;2;3,621000,597000,566000,692000,560000,534000,511000,627000,19200,29000,0,36000
10400,1,自施設での分娩取扱あり,1,1,True,34週,151～200件,81～100件,,100,,,100,100,,,,True,,497000,500000,500000,503000,481000,488000,488000,488000,0,0,0,0
10401,1,自施設での分娩取扱あり,1;2;3,1,True,30~32週,301～400件,151～200件,True,1,2,2;3,2,1,151～200件,True,https://www.jalasite.org/hp/10176.html,True,1,571000,,,,474000,,,,0,,,
10402,1,自施設での分娩取扱あり,1;2,1,True,32週,401～500件,101～150件,,100,,,100,100,,,,True,1,621000,637000,566000,675000,587000,612000,539000,647000,0,0,0,0
10403,100,あり,,1,False,,201~300件,151~200件,,1,1;2,1;2,2,1,,True,https://www.jalasite.org/hp/10463.html,True,,,,,,,,,,,,,
10404,100,あり,,0,False,,401～500件,61～80件,,3,,,100,100,,,,True,,465000,476000,454000,486000,448000,458000,440000,470000,700,0,0,0
10405,1,自施設での分娩取扱あり,1,1,True,34週,61～80件,21～40件,,1,1,1;3,2,1,1～20件,True,https://www.jalasite.org/hp/10740.html,True,1;2;3;4;5,436000,435000,397000,462000,390000,387000,364000,414000,6100,6000,6000,6000
10406,100,あり,,1,False,,41～60件,41～60件,,1,1,3,2,1,,True,https://www.jalasite.org/hp/10643.html,True,,702000,705000,659000,763000,608000,604000,570000,670000,50400,72600,11000,84700
10407,1,自施設での分娩取扱あり,1;2,1,True,34週,301～400件,201～300件,,1,1;2,1,2,1,0件,False,,True,1;3,658000,660000,624000,673000,628000,628000,601000,648000,10600,0,0,0
10408,1,自施設での分娩取扱あり,1,1,True,34週(帝王切開予定者は30週),401～500件,401～500件,,100,,,100,100,,,,True,1;3,551000,559000,529000,578000,511000,525000,497000,530000,12600,13500,0,22500
10409,100,あり,,1,False,,41～60件,0～20件,,1,1,3,2,1,,True,https://www.jalasite.org/hp/10847.html,True,,825000,834000,735000,929000,715000,723000,691000,779000,71800,78000,0,140000
10410,100,あり,,0,False,,301～400件,41～60件,,3,,,100,100,,,,True,,461000,461000,427000,493000,421000,424000,390000,446000,1200,0,0,0
10411,100;1,あり;自施設での分娩取扱あり,1,1,True,32,201～300件,201～300件,,1,1,1,2,1,1~20件,False,,True,1,713000,740000,683000,773000,548000,571000,534000,589000,112300,126000,105000,142500
10412,1,自施設での分娩取扱あり,1,1,True,34週,201～300件,201～300件,,1,1,1;2;3,1,2,1～20件,False,,True,1;3,640000,629000,587000,675000,536000,537000,488000,582000,21100,0,0,42000
10413,1,自施設での分娩取扱あり,1,1,True,34週,151～200件,81～100件,,1,1,1,2,1,0件,True,https://share.google/5nsZvuOoMnyWS7tBT,True,1,,,,,,,,,,,,
10415,100;1,あり;自施設での分娩取扱あり,,1,True,"34
和痛16週に受診　帝王切開　32～",701～800件,151～200件,,1,1,1;2;3,2,1,101～150件,True,https://www.jalasite.org/archives/mutsuu,True,1;2;3;4;5;6,693000,685000,626000,763000,610000,614000,566000,668000,44000,12000,10000,90000
10416,1,自施設での分娩取扱あり,,1,,,41～60件,21～40件,,100,,,100,100,,,,,,542000,536000,526000,554000,484000,482000,475000,500000,0,0,0,0
10417,100,あり,,1,False,,201～300件,150～200件,,2,1;2;3,1;2,2,1,,False,,True,,608000,610000,553000,672000,498000,502000,468000,540000,31100,30000,6600,50000
10418,1,自施設での分娩取扱あり,1,1,True,34週,601～700件,201～300件,,1,1,1,2,1,1～20件,True,https://www.jalasite.org/hp/10785.html,True,1,742000,745000,701000,806000,667000,679000,632000,724000,16600,19300,0,28200
10419,1,自施設での分娩取扱あり,1,1,True,33週,101～150件,41～60件,,100,,,100,100,,,,True,1,499000,504000,467000,535000,418000,423000,394000,460000,14500,20000,0,28000
10420,1,自施設での分娩取扱あり,1,1,True,33週,151～200件,81～100件,,100,,,100,100,,,,True,1,545000,548000,499000,589000,461000,468000,406000,514000,17300,22000,0,30000
10421,1,自施設での分娩取扱あり,1;2,1,True,32週,81～100件,21～40件,,100,,,100,100,,,,True,1,493000,505000,463000,524000,435000,449000,411000,458000,27600,32000,20500,35000
10422,1,自施設での分娩取扱あり,1;2,1,True,32週,201～300件,81～100件,,100,,,100,100,,,,True,1;3,,,,,,,,,,,,
10423,1,自施設での分娩取扱あり,1;2,1,True,34週,101～150件,21～40件,,100,,,100,100,,,,True,1;3;4,548000,550000,520000,580000,489000,495000,464000,527000,21100,30000,0,36000
10424,1,自施設での分娩取扱あり,1,1,True,35週,151～200件,41～60件,,100,,,100,100,,,,True,1;3;4,570000,567000,544000,592000,537000,529000,511000,561000,17300,25000,0,30000
10425,1,自施設での分娩取扱あり,1,1,True,34、35週,201～300件,61～80件,,1,1,3,2,1,1~20件,False,,True,1;2;3,536000,538000,505000,567000,494000,504000,465000,530000,22700,8400,7200,42000
10426,1,自施設での分娩取扱あり,1;2,1,True,34週,41～60件,1～20件,,1,1,3,2,1,1～20件,True,https://www.jalasite.org/hp/10117.html,True,1,715000,707000,678000,735000,673000,667000,636000,691000,18300,18000,15000,21000
10427,1,自施設での分娩取扱あり,1;2,1,True,32~34週,201～300件,101～150件,,1,1,3,2,1,21～40件,False,,True,1,555000,546000,517000,587000,483000,477000,450000,512000,22300,25000,0,33600
10428,1;2,自施設での分娩取扱あり;オープンシステムを利用し、他施設へ赴いての分娩取扱あり,2,1,True,34週(妊娠初期の段階で相談),701～800件,301～400件,,1,1;2,1;2;3,1,3,301～400件,True,https://www.jalasite.org/hp/10124.html,True,1,924000,932000,810000,1013000,850000,854000,757000,945000,23400,0,0,24200
10429,1,自施設での分娩取扱あり,1,1,True,制限無し,301～400件,201～300件,,1,1,1;3,2,1,21～40件,False,,True,1;3;4,519000,514000,469000,560000,435000,437000,415000,465000,22100,0,0,45000
10430,100,あり,,1,False,,201～300件,150～200件,,1,1,1,2,1,,False,,True,,617000,602000,575000,662000,456000,458000,418000,498000,7000,0,0,0
10431,1,自施設での分娩取扱あり,1,1,True,33~34週,151～200件,61～80件,,100,,,100,100,,,,True,1;3;4,543000,546000,501000,588000,484000,494000,465000,517000,31000,0,0,56000
10432,1,自施設での分娩取扱あり,1,1,True,28-32,301～400件,101～150件,,1,1,1;2,2,1,1~20件,True,https://www.jalasite.org/hp/10871.html,True,1,555000,561000,548000,564000,475000,485000,468000,487000,61700,60000,60000,60000
10433,1,自施設での分娩取扱あり,1,1,True,34週,801～900件,501～600件,True,1,1;2,1;2,1,2,701～800件,True,https://www.jalasite.org/hp/10104.html,True,1,999000,1026000,910000,1073000,657000,684000,576000,713000,2900,0,0,0
10434,1,自施設での分娩取扱あり,2,1,True,20週,601～700件,151～200件,,1,1,1;2;3,2,1,0件,False,,True,1,598000,589000,567000,637000,521000,528000,497000,540000,25200,0,0,60000
10435,1,自施設での分娩取扱あり,1;2,1,True,34週,61～80件,21～40件,,100,,,100,100,,,,True,,469000,466000,451000,477000,440000,438000,417000,445000,0,0,0,0
10436,1,自施設での分娩取扱あり,1;2,1,True,,401～500件,201～300件,,1,1,1;2,1,1,401～500件,True,https://www.jalasite.org/hp/10107.html,True,1;2,1528000,1487000,1429000,1617000,1212000,1184000,1145000,1274000,259000,216000,210000,252000
10437,1,自施設での分娩取扱あり,1;2,2,True,16週,301～400件,101～150件,,1,1,1;2,2,1,,True,https://www.jalasite.org/hp/10670.html,True,1;3,539000,515000,481000,606000,462000,466000,442000,488000,0,0,0,0
10438,1,自施設での分娩取扱あり,1;2,1,True,34週(双胎は28週),151～200件,81～100件,,100,,,100,100,,,,True,1,544000,542000,488000,593000,505000,484000,458000,546000,19100,0,0,48000
10439,1,自施設での分娩取扱あり,1,1,True,20週,1001～1500件,201～300件,,1,1,1;2;3,1,2,501～600件,True,https://www.jalasite.org/hp/10120.html,True,1;2,893000,924000,806000,971000,811000,849000,737000,902000,42200,0,0,102000
10440,1,自施設での分娩取扱あり,1;2;3,1,True,34週6日(正常妊娠)・32週6日(前回帝切),101～150件,21～40件,,100,,,100,100,,,,True,1,513000,516000,489000,536000,435000,440000,424000,454000,32300,37800,25200,44100
10441,1,自施設での分娩取扱あり,1;2,1,True,34週,201～300件,151～200件,,100,,,100,100,,,,True,1;3,624000,629000,591000,656000,563000,565000,542000,593000,17300,30000,0,30000
10442,100,あり,,1,False,,81～100件,0～20件,,3,,,100,100,,,,True,,575000,566000,565000,596000,476000,467000,467000,498000,65300,65300,65300,65300
10444,1,自施設での分娩取扱あり,1;2,1,True,30週,151～200件,21～40件,,1,1,3,2,1,61～80件,False,,True,1;3,520000,504000,463000,561000,502000,488000,445000,544000,0,0,0,0
10445,1,自施設での分娩取扱あり,2;1,1,True,35週,151～200件,101～150件,True,1,1,1;2,2,1,0件,False,,True,1;2;3,515000,516000,484000,535000,466000,456000,448000,479000,19500,0,0,42000
10446,100,あり,,1,False,,201～300件,41～60件,,3,,,100,100,,,,True,,544000,537000,505000,601000,450000,459000,432000,476000,30100,0,0,77000
10447,1,自施設での分娩取扱あり,1;2,1,True,32週,201～300件,61～80件,,100,,,100,100,,,,True,1,550000,548000,538000,573000,508000,514000,505000,531000,13600,0,0,29700
10448,100,あり,,1,False,,201～300件,101～150件,,3,,,100,100,,,,True,,454000,461000,431000,483000,426000,436000,411000,452000,0,0,0,0
10449,100;1,あり;自施設での分娩取扱あり,1,1,True,34,301～400件,101～150件,,1,1,1,2,1,41～60件,True,https://www.jalasite.org/hp/10636.html,True,1;3;4,446000,445000,425000,462000,410000,413000,405000,420000,19600,25000,0,30000
10450,100;1,あり;自施設での分娩取扱あり,1;2,1,True,36,151～200件,41～60件,,3,,,100,100,,,,True,1;2;3;4;6,516000,513000,501000,539000,466000,465000,444000,489000,12000,12000,12000,13500
10451,1,自施設での分娩取扱あり,1,2,True,20週,61～80件,1～20件,,100,,,100,100,,,,True,1,,,,,,,,,,,,
10452,1,自施設での分娩取扱あり,1,0,True,32週,151～200件,101～150件,,1,1,3,2,1,0件,False,,True,1,571000,562000,525000,617000,478000,454000,411000,556000,12300,0,0,30000
10453,1,自施設での分娩取扱あり,1;2,1,True,32週,401～500件,301～400件,,2,1,1;2,1,2,1～20件,False,,True,1;3;4,557000,571000,525000,610000,487000,521000,437000,555000,8900,0,0,0
10454,1,自施設での分娩取扱あり,1;2,0,,,81～100件,101～150件,,100,,,100,100,,,,,,,,,,,,,,,,,
10455,1,自施設での分娩取扱あり,1,1,True,16~20週,201～300件,41～60件,,1,1,3,2,1,,False,,True,1,631000,622000,583000,663000,603000,600000,569000,611000,15800,15900,0,30300
10456,100,あり,,1,False,,150～200件,81～100件,,3,,,100,100,,,,True,,595000,609000,571000,626000,540000,548000,523000,571000,20900,28000,0,39200
10457,1,自施設での分娩取扱あり,1,1,True,34週,301～400件,101～150件,,1,1,1;2,2,1,0件,True,https://www.jalasite.org/hp/10855.html,True,1;2;3;4;5;6,637000,632000,579000,686000,544000,535000,501000,573000,48800,52500,0,73500
10458,1,自施設での分娩取扱あり,1;2,1,True,33週,601～700件,201～300件,True,1,1,1,2,3,151～200件,True,https://www.jalasite.org/hp/10575.html,True,1,732000,706000,651000,841000,672000,649000,601000,789000,24500,0,0,55000
10459,1,自施設での分娩取扱あり,,1,,,401～500件,61～80件,,100,,,100,100,,,,True,1;3,481000,486000,461000,511000,404000,411000,391000,422000,27700,28000,24000,32000
10460,100,あり,,1,False,,150～200件,41～60件,,3,,,100,100,,,,True,,556000,556000,527000,573000,491000,493000,471000,507000,0,0,0,0
10461,1,自施設での分娩取扱あり,1,1,True,34週,101～150件,41～60件,,100,,,100,100,,,,True,1;3;4;5,544000,537000,519000,574000,457000,465000,425000,486000,37600,48000,0,56000
10462,100,あり,,1,False,,901～1000件,301～400件,True,1,1;2,1;2;3,2,1,,True,https://www.jalasite.org/hp/10658.html,True,,681000,668000,619000,742000,536000,537000,491000,577000,44300,31000,0,90000
10463,100,あり,,1,False,,150～200件,61～80件,,1,1,1;3,2,1,,True,https://www.jalasite.org/hp/10649.html,True,,590000,562000,536000,630000,502000,505000,483000,543000,6100,0,0,15000
10464,100,あり,,1,False,,101～150件,81～100件,,2,1,3,2,1,,False,,True,,514000,,,,491000,,,,8200,,,
10465,1,自施設での分娩取扱あり,1;2;3,1,True,28週,61～80件,81～100件,,2,1;2,3,2,1,0件,True,https://www.maruta-hp.com/obstetrics/epidurallabor/,True,1,459000,456000,434000,490000,420000,413000,391000,451000,0,0,0,0
10466,1,自施設での分娩取扱あり,1,1,True,32週,201～300件,61～80件,True,100,,,100,100,,,,True,1;2;3;4,562000,562000,517000,594000,0,0,0,0,38000,16500,0,77000
10467,100;1,あり;自施設での分娩取扱あり,1,0,True,34,1~20件,1~20件,,3,,,100,100,,,,True,1;2;3;4,466000,,,,432000,,,,0,,,
10468,1,自施設での分娩取扱あり,1;2,1,True,32週,41～60件,1~20件,,100,,,100,100,,,,True,1;3;4;2,433000,439000,407000,451000,367000,370000,344000,381000,29300,35000,26000,35000
10469,1,自施設での分娩取扱あり,1,1,True,,101～150件,61～80件,,100,,,100,100,,,,True,1,575000,581000,520000,635000,524000,536000,463000,564000,21500,18000,7500,32000
10470,1,自施設での分娩取扱あり,1,1,True,34,201～300件,151～200件,,1,1,3,1,2,1~20件,False,,True,1,597000,595000,578000,626000,538000,535000,527000,562000,9300,0,0,16400
10471,1,自施設での分娩取扱あり,2,1,True,34週,501～600件,151～200件,,100,,,100,100,,,,True,1,581000,583000,550000,615000,501000,506000,473000,535000,8100,0,0,0
10472,1,自施設での分娩取扱あり,1;2,1,True,16週,101～150件,101～150件,,100,,,100,100,,,,True,1;3,503000,498000,480000,531000,461000,462000,451000,474000,27500,10000,0,60000
10473,100,あり,,1,False,,61～80件,61～80件,,2,1,1;2,1,2,,False,,True,,506000,531000,496000,544000,404000,436000,361000,474000,35000,33000,23400,42600
10474,100,あり,,1,False,,150～200件,41～60件,,3,,,100,100,,,,True,,459000,461000,437000,475000,399000,403000,379000,417000,24100,25000,18000,30000
10475,1,自施設での分娩取扱あり,1;2,1,True,20週,201～300件,101～150件,,1,1,3,2,1,1～20件,True,https://jalasite.org/area/3_9_09210_0,True,1;2;3;4,538000,537000,491000,588000,452000,462000,445000,509000,34500,8000,0,69800
10476,100;4,あり;なし,,1,False,,101～150件,21～40件,,3,1,1;2,2,1,,False,https://www.jalasite.org/hp/10804.html,True,,681000,669000,622000,710000,579000,568000,554000,600000,61300,35000,21000,120000
10477,1,自施設での分娩取扱あり,1,1,True,34週,601～700件,201～300件,,1,1,1;3,2,1,21～40件,False,,True,1;2;3;4,542000,539000,511000,551000,495000,499000,476000,506000,0,0,0,0
10478,1,自施設での分娩取扱あり,,0,True,34週(ハイリスクの場合は随時相談),201～300件,151～200件,,1,1,1;2;3,1,2,101～150件,True,https://www.jalasite.org/hp/10101.html,True,,701000,699000,643000,773000,582000,595000,534000,646000,74800,78000,75000,90000
10479,1,自施設での分娩取扱あり,1,1,True,34,61～80件,1～20件,,3,,,100,100,,,,True,1;2;3,464000,465000,456000,475000,416000,419000,415000,423000,16700,17500,17500,22800
10480,100,あり,,1,False,,201～300件,101～150件,,1,1,1,2,1,,False,,True,,647000,632000,613000,696000,593000,577000,562000,611000,25900,35000,0,42000
10481,100,あり,2,1,False,,151～200件,301～400件,,2,1;2;3,1;2,2,1,1~20件,,,True,1;2;3;4,488000,478000,458000,516000,369000,363000,351000,396000,24700,0,0,65000
10482,100,あり,,1,False,,61～80件,0～20件,,3,,,100,100,,,,True,,532000,530000,514000,558000,464000,456000,444000,485000,17700,24000,1000,28000
10483,1,自施設での分娩取扱あり,1;2;3,0,,,201～300件,61～80件,,100,,,100,100,,,,,,491000,495000,474000,507000,421000,423000,402000,439000,2800,0,0,0
10484,1,自施設での分娩取扱あり,1,1,True,34週,61～80件,21～40件,,100,,,100,100,,,,False,,469000,477000,433000,498000,430000,430000,404000,467000,2200,0,0,1500
10485,100,あり,,1,False,,201～300件,21～40件,,1,1,1,2,1,,True,https://www.jalasite.org/hp/10581.html,True,,507000,511000,461000,568000,425000,442000,392000,476000,13400,0,0,28100
10486,1,自施設での分娩取扱あり,,0,True,,61～80件,61～80件,,2,1,1,1,1,0件,False,,True,,469000,470000,447000,495000,431000,429000,411000,454000,12300,15000,3800,17500
10487,1;2,自施設での分娩取扱あり;オープンシステムを利用し、他施設へ赴いての分娩取扱あり,2;3,1,True,20週,501～600件,301～400件,True,1,1,1;2;3,1,3,301～400件,True,https://www.jalasite.org/hp/10126.html,True,1;3;4,769000,772000,681000,871000,653000,694000,584000,757000,41100,13200,0,84400
10488,1,自施設での分娩取扱あり,1,1,True,32週,201～300件,41～60件,,1,1,1;2,2,1,101～150件,True,https://www.jalasite.org/hp/10659.html,True,1,681000,657000,570000,762000,563000,573000,504000,643000,68800,0,0,201000
10489,1,自施設での分娩取扱あり,1,1,True,32~34週,301～400件,61～80件,,100,,,100,100,,,,True,1;2;3;4,564000,560000,551000,582000,526000,524000,512000,543000,0,0,0,0
10490,1,自施設での分娩取扱あり,1,2,True,30～34,601～700件,301～400件,,1,1;2,1;2,2,2,101～150件,True,https://www.jalasite.org/hp/10543.html,True,1,520000,524000,497000,550000,447000,459000,424000,469000,32800,40000,20000,50000
10491,1,自施設での分娩取扱あり,1,1,True,34週,301～400件,81～100件,,100,,,100,100,,,,True,1;3,575000,577000,541000,612000,522000,528000,484000,564000,19200,25900,3700,25900
10492,1,自施設での分娩取扱あり,2,1,True,33,301～400件,41～60件,,3,,,100,100,,,,True,1;3,466000,460000,438000,481000,419000,422000,386000,436000,12100,15000,0,21000
10493,1,自施設での分娩取扱あり,1;2,1,True,20週,201～300件,101～150件,,1,1,1;2,2,1,81～100件,True,https://www.jalasite.org/hp/10523.html,True,1,742000,733000,681000,773000,725000,717000,665000,756000,0,0,0,0
10494,1,自施設での分娩取扱あり,1;2,1,True,32週,501～600件,151～200件,,1,1,1;2,2,1,0件,False,,True,1,608000,611000,570000,652000,524000,536000,492000,575000,3900,0,0,0
10495,100,あり,,1,False,,101～150件,101～150件,True,3,,,100,100,,,,True,1;2;3;4,488000,482000,414000,578000,331000,349000,207000,434000,32400,38700,5500,49800
10496,1,自施設での分娩取扱あり,1,1,True,34週6日,201～300件,21～40件,,100,,,100,100,,,,True,1,514000,511000,494000,524000,475000,484000,457000,486000,11500,18000,0,18800
10497,1,自施設での分娩取扱あり,,1,True,,201～300件,151～200件,True,100,,,100,100,,,,True,1,550000,551000,507000,591000,471000,469000,445000,507000,25500,0,0,50000
10499,100;1,あり;自施設での分娩取扱あり,1,2,True,18,61～80件,21～40件,,1,1,1,2,1,1~20件,True,https://www.jalasite.org/hp/10779.html,True,1,562000,564000,542000,584000,462000,482000,467000,482000,5300,0,0,0
10500,1,自施設での分娩取扱あり,2,1,True,32週,401～500件,201～300件,,1,1;2,3,2,1,1～20件,True,https://www.jalasite.org/,True,1,517000,509000,472000,546000,396000,386000,362000,412000,82300,90000,75000,90000
10501,100,あり,,1,False,,201～300件,101～150件,,1,1,1,2,2,,False,,True,,642000,641000,611000,681000,545000,575000,496000,601000,16400,0,0,21600
10502,100,あり,,1,False,,101~150件,61～80件,,1,1;2,1,2,1,,True,https://www.jalasite.org/hp/10672.html,True,,654000,632000,593000,677000,594000,592000,560000,618000,0,0,0,0
10504,1,自施設での分娩取扱あり,1,1,True,32週,151～200件,151～200件,,2,1,1;3,2,1,1～20件,False,,True,1;2;3,563000,579000,528000,606000,515000,526000,488000,554000,10100,0,0,9000
10505,100,あり,,1,False,,201～300件,61～80件,True,1,1,1,2,1,,True,https://www.jalasite.org/hp/10325.html,True,,572000,592000,525000,599000,526000,562000,463000,568000,5100,0,0,0
10506,1,自施設での分娩取扱あり,,1,True,34週,81～100件,61～80件,,100,,,100,100,,,,True,1;2;3;4,521000,533000,504000,566000,466000,480000,445000,499000,3000,0,0,3500
10507,1,自施設での分娩取扱あり,1,1,True,26週,701～800件,151～200件,,1,1,3,1,2,501～600件,True,https://www.kohjin.ne.jp,True,1;2;3;4;5,647000,658000,577000,710000,622000,636000,554000,685000,0,0,0,0
10508,1,自施設での分娩取扱あり,,1,True,12週,701～800件,201～300件,,1,1,3,2,3,61～80件,True,https://www.jalasite.org/hp/10877.html,True,1;3,668000,,,,285000,,,,10000,,,
10510,100,あり,,1,False,,101～150件,101～150件,,3,,,100,100,,,,True,,581000,588000,561000,631000,484000,491000,443000,535000,16000,0,0,27000
10511,1,自施設での分娩取扱あり,1,1,True,34週,201～300件,151～200件,True,1,1,1;2,2,1,1～20件,False,,True,1;3,531000,523000,479000,574000,463000,463000,430000,498000,34600,22000,0,66000
10512,100,あり,,0,False,,101～150件,41～60件,,3,,,100,100,,,,True,,423000,401000,372000,473000,375000,361000,346000,439000,20600,0,0,10000
10513,1,自施設での分娩取扱あり,1,1,True,32週,81～100件,41～60件,,100,,,100,100,,,,True,1,443000,448000,426000,484000,379000,386000,350000,407000,17800,15000,0,32500
10514,1,自施設での分娩取扱あり,1,1,True,32週,301～400件,81～100件,,1,1,1;2;3,2,1,1~20件,False,近日中に掲載予定,True,1;3;4;5,573000,,,,372000,,,,82400,,,
10515,1,自施設での分娩取扱あり,2,1,True,30週,61～80件,21～40件,,100,,,100,100,,,,True,1;3,498000,492000,470000,519000,456000,448000,429000,475000,0,0,0,0
10516,1,自施設での分娩取扱あり,2,1,True,33週,601～700件,151～200件,,1,1;2,1;2,1,3,201～300件,True,https://www.jalasite.org/hp/10524.html,True,1,580000,595000,503000,647000,468000,494000,463000,515000,15100,0,0,12000
10517,1,自施設での分娩取扱あり,,1,,,201～300件,61～80件,,1,1,1;3,2,1,,True,,,,656000,655000,584000,743000,575000,583000,521000,636000,14200,0,0,0
10518,1,自施設での分娩取扱あり,1,1,True,16,151～200件,61～80件,,100,,,100,100,,,,True,1,568000,576000,552000,594000,507000,516000,490000,520000,0,0,0,0
10519,100,あり,,1,False,,101～150件,101～150件,,3,,,100,100,,,,True,,604000,595000,578000,635000,511000,521000,509000,554000,32400,50000,0,50000
10520,1,自施設での分娩取扱あり,1;2,1,True,,301～400件,81～100件,True,1,1,1;2;3,2,1,,True,https://www.jalasite.org/area/1_1_01108_0,True,,,,,,,,,,,,,
10521,1,自施設での分娩取扱あり,1;2,1,True,32週,301～400件,201～300件,,100,,,100,100,,,,True,1,622000,623000,596000,645000,544000,556000,504000,589000,7500,0,0,0
10522,1,自施設での分娩取扱あり,2,1,True,32週,601～700件,201～300件,,1,1,1;2,2,1,41～60件,True,https://www.jalasite.org/hp/10689.html,True,1,627000,612000,560000,669000,564000,572000,533000,593000,19800,0,0,0
10523,1,自施設での分娩取扱あり,,1,False,,301～400件,151～200件,True,2,1,1,2,1,0件,False,,True,1;3,586000,575000,541000,626000,485000,480000,445000,522000,19700,0,0,24000
10524,100;1,あり;自施設での分娩取扱あり,1,2,True,18,151～200件,21～40件,,2,1,2,100,100,1~20件,,,True,1,497000,501000,501000,516000,439000,460000,460000,460000,6100,0,0,18000
10525,1,自施設での分娩取扱あり,1,1,True,32週,301～400件,61～80件,,100,,,100,100,,,,True,1;3,486000,486000,460000,516000,447000,449000,430000,481000,9300,0,0,27500
10526,1,自施設での分娩取扱あり,,1,True,19,401～500件,201～300件,,1,1,1;2,2,1,41～60件,True,,True,1,602000,595000,554000,649000,518000,518000,480000,550000,9600,0,0,0
10527,1,自施設での分娩取扱あり,1,1,True,24週,1001～1500件,301～400件,True,2,1,1;2;3,1,1,1～20件,False,,True,1,621000,625000,579000,661000,550000,550000,516000,588000,24000,0,0,63400
10528,1,自施設での分娩取扱あり,2;1,1,True,32週,501～600件,301～400件,,1,1;2;3,1;2,2,3,301～400件,True,http://www.khp.kitasato-u.ac.jp/ska/syusan/management/,True,1;3,823000,809000,734000,925000,798000,790000,720000,909000,3100,0,0,0
10529,2,オープンシステムを利用し、他施設へ赴いての分娩取扱あり,,1,False,,81～100件,21～40件,,100,,,100,100,,,,,,494000,,,,386000,,,,0,,,
10530,1,自施設での分娩取扱あり,,1,True,34週,201～300件,201～300件,,100,,,100,100,,,,True,1;3,543000,560000,512000,588000,474000,484000,452000,508000,35300,45000,0,54000
10531,1,自施設での分娩取扱あり,1,1,True,34週,151～200件,41～60件,,100,,,100,100,,,,True,1,684000,699000,649000,716000,558000,577000,534000,592000,68600,72000,72000,72000
10532,1,自施設での分娩取扱あり,1,1,True,34週,41～60件,41～60件,,100,,,100,100,,,,True,1;3;4,556000,562000,525000,580000,521000,529000,496000,547000,0,0,0,0
10533,1,自施設での分娩取扱あり,1,1,True,34,201～300件,61～80件,,3,,,100,100,,,,True,1;3,552000,553000,538000,568000,515000,521000,503000,532000,8200,0,0,6700
10534,1,自施設での分娩取扱あり,1,1,True,32週,301～400件,201～300件,True,1,1;2,1,2,1,41～60件,True,https://www.jalasite,True,1,550000,531000,478000,606000,498000,476000,439000,557000,26600,9000,0,52500
10535,1,自施設での分娩取扱あり,1;2,1,True,制限無し,101～150件,151～200件,,100,,,100,100,,,,True,1;3,577000,,,,515000,,,,18000,,,
10536,1,自施設での分娩取扱あり,1,1,True,34週,201～300件,61～80件,,1,1,1,2,1,41～60件,True,https://kobari.or.jp/,True,1,,,,,,,,,,,,
10537,1,自施設での分娩取扱あり,1,1,True,36,1001～1500件,201～300件,,1,1,1;2;3,1,3,301～400件,True,https://www.fkmc.or.jp/data/2091/dept_newsdtl,True,1;2;3;4;5,581000,582000,529000,623000,550000,554000,502000,590000,0,0,0,0
10538,1,自施設での分娩取扱あり,1,1,True,34週,301～400件,101～150件,,2,1,2,2,1,0件,False,,True,1;3,547000,542000,496000,606000,505000,506000,454000,560000,28300,30000,25000,34000
10539,1,自施設での分娩取扱あり,1,1,True,紹介状があれば可,601～700件,301～400件,,1,1;2,1;2,2,1,101～150件,True,https://www.jalasite.org/area/3_14_14118_0,True,1,694000,671000,644000,742000,673000,644000,624000,719000,100,0,0,0
10540,100,あり,,1,False,,150～200件,101～150件,,2,1,1,100,100,,False,,True,,470000,485000,426000,533000,373000,389000,327000,455000,29100,30000,24000,36000
10541,1,自施設での分娩取扱あり,1,1,True,34週,151～200件,101～150件,,1,1,3,2,1,1～20件,True,https://www.jalasite.org/hp/10270.html,True,1,548000,544000,487000,600000,414000,407000,398000,431000,43700,71000,0,74000
10542,1,自施設での分娩取扱あり,1,1,True,34週,101～150件,41～60件,,1,1;2,1,2,1,41～60件,True,https://www.jalasite.org/hp/10618.html,True,1;3,898000,924000,769000,1017000,758000,743000,705000,873000,98500,48300,6800,201300
10543,1,自施設での分娩取扱あり,1,1,True,32週(帝王切開でなく健診を受けていればもう少し後でも可）,101～150件,41～60件,,100,,,100,100,,,,True,1;3;4;5;6,615000,622000,595000,660000,509000,521000,492000,544000,19700,0,0,43800
10544,1,自施設での分娩取扱あり,1,1,True,23週,201～300件,101～150件,,100,,,100,100,,,,True,1;3;4;5,551000,555000,518000,588000,486000,482000,457000,518000,20600,25500,5300,30000
10545,1,自施設での分娩取扱あり,1,1,True,34週,81～100件,21～40件,,100,,,100,100,,,,True,1;3,477000,477000,455000,498000,419000,423000,405000,441000,2100,0,0,0
10546,100,あり,,1,False,,81～100件,21～40件,,2,1,1;3,2,1,,False,,True,,524000,526000,488000,558000,463000,481000,459000,497000,17800,0,0,44600
10547,100,あり,,1,False,,201～300件,150～200件,,3,,,100,100,,,,True,,575000,576000,547000,605000,514000,517000,504000,543000,17100,20000,0,30000
10548,1,自施設での分娩取扱あり,1,1,True,33週,151～200件,151～200件,True,1,1,1;3,2,1,1～20件,True,,True,1;3;4,500000,506000,461000,537000,414000,417000,360000,460000,15900,12000,12000,24000
10549,1;2,自施設での分娩取扱あり;オープンシステムを利用し、他施設へ赴いての分娩取扱あり,1,1,True,34週,201～300件,81～100件,,1,1;2,1;2,2,3,1～20件,,,True,1,594000,583000,570000,613000,511000,513000,503000,522000,3000,0,0,0
10550,1,自施設での分娩取扱あり,,0,True,,101～150件,101～150件,,1,1,1,2,1,1~20件,,,True,,622000,627000,588000,648000,382000,402000,350000,411000,11300,8300,0,9000
10551,100,あり,,0,False,,150～200件,21～40件,,3,,,100,100,,,,True,,511000,496000,484000,530000,478000,468000,445000,498000,14000,0,0,30000
10552,1,自施設での分娩取扱あり,1;2,1,True,34週,101～150件,61～80件,,100,,,100,100,,,,True,1;2;3;4;5,522000,518000,503000,544000,483000,488000,472000,504000,7600,0,0,0
10553,1,自施設での分娩取扱あり,1,1,True,34,81～100件,201～300件,,1,1,2,1,1,21～40件,False,,True,1,586000,,,,513000,,,,0,,,
10554,100,あり,,1,False,,150～200件,41～60件,,3,,,100,100,,,,True,,489000,490000,453000,526000,425000,424000,393000,463000,30600,28000,24000,35000
10555,1,自施設での分娩取扱あり,1;2,1,True,36週,151～200件,101～150件,,2,1,1,2,1,,False,,True,1;3,357000,356000,327000,389000,288000,281000,265000,315000,11100,0,0,25000
10556,100,あり,,1,False,,201～300件,81～100件,,1,1,3,1,1,,True,https://www.jalasite.org/hp/10345.html,True,,471000,475000,460000,477000,410000,410000,402000,416000,39000,37500,37500,37500
10557,1,自施設での分娩取扱あり,1,1,True,41週,201～300件,301～400件,,1,1,3,2,1,81～100件,True,https://www.jalasite.org/hp/10240.html,True,1;2;3;4,700000,684000,643000,758000,588000,576000,544000,644000,71100,70000,65000,78000
10558,1,自施設での分娩取扱あり,1;2,1,True,34週,101～150件,1~20件,,100,,,100,100,,,,True,1;3,546000,548000,527000,571000,481000,497000,447000,506000,23900,35000,0,35000
10559,100,あり,,1,False,,0～20件,0～20件,,3,,,100,100,,,,True,,530000,,,,485000,,,,18600,,,
10560,1,自施設での分娩取扱あり,2,1,True,,301～400件,101～150件,,3,,,100,100,,,,True,1,544000,552000,507000,586000,469000,477000,436000,505000,4600,0,0,1900
10561,1,自施設での分娩取扱あり,1;2,1,True,34週,501～600件,151～200件,,1,1,1;2,2,1,0件,False,,True,1,,,,,,,,,,,,
10562,1,自施設での分娩取扱あり,,1,True,34週,101～150件,21～40件,,2,1,3,2,2,0件,False,,True,1;2;3;4;5,544000,534000,497000,583000,491000,490000,447000,532000,20400,30000,0,40000
10563,100,あり,,1,False,,150～200件,21～40件,,2,1,1,2,1,,False,,True,,512000,523000,474000,535000,480000,504000,445000,514000,0,0,0,0
10564,100;1,あり;自施設での分娩取扱あり,,1,False,,201～300件,201～300件,True,1,1,1;2,2,1,81～100件,False,,True,,700000,722000,626000,767000,607000,606000,572000,695000,54100,0,0,132000
10565,4,なし,,1,,,101～150件,61～80件,,100,,,100,100,,,,,,480000,483000,444000,512000,446000,457000,413000,469000,10200,0,0,0
10566,100,あり,,1,False,,21～40件,0～20件,,3,,,100,100,,,,True,,445000,,,,431000,,,,0,,,
10567,1,自施設での分娩取扱あり,1,0,True,34,701～800件,151～200件,,1,1,3,2,1,301～400件,True,https://www.jalasite.org/hp/10285.html,True,1,,,,,,,,,,,,
10568,1,自施設での分娩取扱あり,1,,True,32~34週,301～400件,101～150件,,2,1,1,2,100,1～20件,False,,True,,583000,595000,544000,638000,499000,508000,450000,586000,18500,8000,0,35000
10569,100,あり,,1,False,,150～200件,41～60件,,3,,,100,100,,,,True,,561000,551000,515000,607000,245000,200000,175000,201000,27700,0,0,71500
10570,1,自施設での分娩取扱あり,,1,,,201～300件,101～150件,,100,,,100,100,,,,,,631000,635000,604000,673000,551000,569000,522000,596000,17300,0,0,40000
10571,1,自施設での分娩取扱あり,1,1,True,16週,301～400件,61～80件,,1,1;3,1;2,2,1,,True,https://www.jalasite.org/hp/10756.html,True,1,572000,552000,517000,617000,520000,515000,501000,538000,15200,0,0,0
10572,100,あり,,1,False,,101～150件,21～40件,,3,,,100,100,,,,True,,464000,,,,406000,,,,5300,,,
10573,1,自施設での分娩取扱あり,1;2,1,True,32週,101～150件,21～40件,,2,1,3,2,1,1～20件,False,,True,1,471000,471000,452000,495000,432000,434000,418000,449000,0,0,0,0
10574,100,あり,,1,False,,201～300件,301～400件,,1,1,1,2,2,,True,https://www.jalasite.org/hp/10555.html,True,,513000,531000,462000,570000,445000,445000,415000,488000,21500,25000,0,35000
10575,100,あり,,1,False,,1501～2000件,201～300件,,1,1,1;2;3,1,2,,True,https://www.jalasite.org/hp/10413.html,True,,422000,421000,421000,421000,402000,403000,403000,403000,400,0,0,0
10576,1,自施設での分娩取扱あり,1,1,True,35週,101～150件,81～100件,,100,,,100,100,,,,True,1;3;4,520000,527000,492000,548000,477000,487000,447000,500000,6500,8300,0,10100
10577,1,自施設での分娩取扱あり,1,1,True,32~34週,101～150件,21～40件,,1,1,3,2,1,1～20件,False,,True,1;3;4;5,417000,434000,389000,446000,359000,373000,316000,408000,12600,0,0,29500
10578,1,自施設での分娩取扱あり,1,1,True,34週,101～150件,41～60件,,1,1;3,1;2,2,1,1～20件,True,https://www.jalasite.org/hp/10835.html,True,1;2;3,633000,640000,591000,664000,557000,558000,543000,583000,43000,27300,13600,85200
10579,1,自施設での分娩取扱あり,1;2,0,True,34週,101～150件,21～40件,,100,,,100,100,,,,True,1;3;4;5,539000,546000,519000,572000,458000,467000,441000,486000,17900,13000,12000,30000
10580,100;1,あり;自施設での分娩取扱あり,,1,True,34,101～150件,201～300件,,3,,,100,100,,,,True,1;3,627000,635000,584000,657000,570000,582000,538000,599000,24400,21000,0,48000
10581,1,自施設での分娩取扱あり,,1,True,34週,301～400件,61～80件,,1,1,1,2,1,0件,False,,True,,494000,502000,472000,546000,471000,481000,448000,525000,6100,0,0,0
10582,100,あり,,1,False,,41～60件,21～40件,,3,,,100,100,,,,True,,521000,523000,492000,548000,423000,410000,399000,450000,0,0,0,0
10583,100,あり,,1,False,,151～200件,41～60件,,3,,,100,100,,,,True,,582000,573000,569000,606000,516000,525000,525000,525000,15500,0,0,0
10584,1,自施設での分娩取扱あり,,1,True,,501～600件,401～500件,,100,,,100,100,,,,True,1,561000,588000,555000,610000,519000,543000,514000,568000,800,0,0,0
10585,1,自施設での分娩取扱あり,1;2,2,True,32週,151～200件,41～60件,,100,,,100,100,,,,True,1,478000,477000,445000,518000,439000,443000,411000,476000,6400,0,0,0
10586,1,自施設での分娩取扱あり,,1,True,,301～400件,151～200件,,1,1,3,2,1,41～60件,False,,True,1,550000,539000,493000,593000,480000,481000,451000,507000,19000,24000,0,30000
10587,1,自施設での分娩取扱あり,,1,True,35週,101～150件,41～60件,,100,,,100,100,,,,True,1,452000,445000,433000,479000,429000,419000,414000,451000,4400,2500,0,8800
10588,1,自施設での分娩取扱あり,1,1,True,34週,301～400件,301～400件,,1,1,1,2,1,41～60件,True,https://www.jalasite.org/hp/10642.html,True,1,663000,625000,577000,681000,470000,482000,432000,504000,96100,75000,62800,87500
10589,100,あり,,0,False,,150～200件,61～80件,,1,1,1,1,2,,False,,False,,717000,722000,605000,866000,434000,453000,368000,473000,2600,0,0,0
10590,1,自施設での分娩取扱あり,1,1,True,34週,401～500件,301～400件,,1,1;2,1,1,2,21～40件,True,https://www.jalasite.org/,True,1;3;4,564000,556000,512000,606000,478000,478000,435000,522000,22900,0,0,43300
10591,1,自施設での分娩取扱あり,2,1,True,34週,61～80件,1～20件,,100,,,100,100,,,,True,1,432000,,,,386000,,,,0,,,
10592,100,あり,,1,False,,61～80件,0～20件,,3,,,100,100,,,,True,,,,,,,,,,,,,
10593,100,あり,,1,False,,101～150件,21～40件,,3,,,100,100,,False,,True,,464000,469000,450000,479000,419000,418000,413000,428000,24700,27500,22000,27500
10594,100,あり,,1,False,,401～500件,150～200件,,3,,,100,100,,,,True,,605000,604000,584000,645000,551000,550000,532000,583000,22400,28000,0,35000
10595,1,自施設での分娩取扱あり,1,1,True,34週まで。ただし合併症等がある場合は32週までに受診,301～400件,81～100件,,1,1,3,2,1,101～150件,True,https://www.jalasite.org/area/8_36_36203_0,True,1;3,602000,589000,546000,657000,472000,482000,443000,511000,27700,34500,16000,36000
10596,100;1,あり;自施設での分娩取扱あり,,1,True,34,41～60件,0件,,3,,,100,100,,,,True,1,518000,513000,502000,524000,483000,484000,475000,493000,4500,0,0,0
10597,1,自施設での分娩取扱あり,1;2,1,True,要確認,401～500件,301～400件,,1,1,2;3,2,1,81～100件,True,https://www.jalasite.org/hp/10499.html,True,1,682000,665000,631000,705000,662000,648000,612000,679000,300,0,0,0
10598,1,自施設での分娩取扱あり,,1,True,,101～150件,101～150件,,2,1,1;3,2,1,,False,,True,,699000,688000,648000,752000,636000,637000,593000,680000,25400,0,0,60000
10599,1,自施設での分娩取扱あり,1;2,1,True,要相談,101～150件,21～40件,,100,,,100,100,,,,True,1;3,454000,,,,397000,,,,21200,,,
10600,1,自施設での分娩取扱あり,1;2,1,True,33週,151～200件,101～150件,,100,,,100,100,,,,True,1;3,560000,562000,543000,582000,527000,530000,509000,548000,2100,0,0,0
10601,100,あり,,1,False,,101～150件,150～200件,,2,1;2,1,1,2,,True,https://www.jalasite.org/hp/10564.html,True,,,,,,,,,,,,,
10602,100,あり,,1,False,,201～300件,201～300件,,3,,,100,100,,,,True,,507000,501000,486000,529000,442000,445000,412000,465000,26300,25000,25000,30000
10603,1,自施設での分娩取扱あり,1;2,1,True,32~34週,201～300件,41～60件,,1,1;2;3,1;2;3,1,3,151～200件,True,https://www.jalasite.org/hp/10798.html,True,1;3,546000,559000,486000,602000,351000,345000,325000,385000,25300,30000,0,36000
10604,100,あり,,1,False,,201～300件,150～200件,,1,1,1,2,1,,True,https://www.jalasite.org/hp/10346.html,True,,608000,596000,557000,659000,495000,495000,455000,534000,32600,34400,19700,45000
10605,1,自施設での分娩取扱あり,,1,True,30~34週,101～150件,41～60件,,100,,,100,100,,,,True,1;3;4;5,482000,487000,448000,527000,417000,418000,375000,451000,10600,6000,4500,11500
10606,1,自施設での分娩取扱あり,1,2,True,34週,21～40件,1～20件,,100,,,100,100,,,,True,1,466000,,,,439000,,,,0,,,
10607,100,あり,,1,False,,201～300件,201～300件,,3,,,100,100,,,,True,,580000,574000,560000,585000,528000,550000,515000,550000,14100,0,0,0
10608,100;1,あり;自施設での分娩取扱あり,1,1,True,32,201～300件,101～150件,,3,,,100,100,,,,True,1,618000,607000,560000,668000,564000,570000,520000,612000,29300,0,0,70000
10609,100,あり,,0,False,,301～400件,101～150件,,1,1,3,2,1,,False,,True,,543000,534000,488000,596000,483000,449000,443000,543000,33600,39000,6600,39000
10610,100;4,あり;なし,,1,False,,41～60件,0～20件,,3,,,100,100,,,,True,,,,,,,,,,,,,
10611,1,自施設での分娩取扱あり,1,1,True,,101～150件,101～150件,,2,1,1;2,2,1,1～20件,False,,True,,608000,634000,562000,680000,551000,565000,523000,612000,18000,0,0,37500
10612,1,自施設での分娩取扱あり,,1,,,61～80件,41～60件,,100,,,100,100,,,,,,496000,485000,463000,522000,445000,434000,414000,472000,18600,0,0,42800
10613,100,あり,,1,False,,801～900件,301～400件,,2,1,1;3,2,1,,False,,True,,516000,497000,459000,551000,424000,429000,399000,455000,41200,18000,10000,71500
10614,100;1,あり;自施設での分娩取扱あり,1,2,False,,201～300件,201～300件,,1,1,3,1,2,61～80件,True,https://www.jalasite.org/hp/10602.html,True,,526000,527000,503000,554000,254000,274000,236000,274000,20600,28000,0,35000
10615,100,あり,,1,False,,201～300件,201～300件,,2,1,3,2,2,,False,,True,,509000,525000,469000,554000,444000,453000,393000,495000,7300,0,0,0
10616,1,自施設での分娩取扱あり,1,1,True,30週,201～300件,151～200件,,1,1,3,2,1,81～100件,True,https://www.jalasite.org/hp/10458.html,True,1;3,692000,680000,613000,748000,568000,565000,500000,628000,60800,55000,54000,66000
10617,1,自施設での分娩取扱あり,1,1,True,34週,41～60件,1～20件,,100,,,100,100,,,,True,1;2;3;4;5;6,450000,458000,441000,475000,417000,423000,407000,443000,0,0,0,0
10618,100,あり,,1,False,,150～200件,21～40件,,3,,,100,100,,False,,True,,478000,478000,463000,499000,427000,440000,407000,454000,19200,24800,0,29700
10619,1,自施設での分娩取扱あり,1,0,True,12週,1501～2000件,201～300件,True,1,1,3,1,1,1001～1500件,True,https://www.jalasite.org/hp/10122.html,True,1;2;3;4;5;6,853000,856000,774000,919000,775000,755000,716000,863000,47200,35000,0,98000
10620,100,あり,,1,False,,301～400件,101～150件,,1,1,1,2,1,21～40件,,,True,,603000,588000,550000,638000,547000,546000,506000,594000,12500,0,0,0
10621,1,自施設での分娩取扱あり,1,1,True,20週,101～150件,61～80件,,100,,,100,100,,,,True,1,540000,552000,514000,574000,419000,426000,405000,434000,62600,72000,54000,84000
10622,1,自施設での分娩取扱あり,,1,True,33-34,201～300件,101～150件,,1,1;2,1;2;3,2,1,21～40件,True,https://www.jalasite.org/hp/10834.html,True,1;3,555000,552000,509000,597000,458000,475000,434000,509000,42800,40000,30000,60000
10623,1,自施設での分娩取扱あり,1,1,True,30,501～600件,101～150件,,3,,,100,100,,,,True,1,538000,536000,523000,551000,458000,465000,446000,476000,5300,0,0,6000
10624,1;2,自施設での分娩取扱あり;オープンシステムを利用し、他施設へ赴いての分娩取扱あり,1,1,True,34週6日(要相談),201～300件,151～200件,,2,1,1;2,2,1,1～20件,True,https://hokkaido.jcho.go.jp/wp-content/uploads/2025/11/jalasite2025.pdf,True,1,499000,502000,471000,525000,419000,422000,406000,442000,26200,36000,0,46000
10625,1,自施設での分娩取扱あり,1;2,0,True,34週,41～60件,21～40件,,1,1,1,2,1,1～20件,False,,True,1;3;4;5;6,536000,533000,495000,578000,455000,457000,428000,502000,28000,32200,17300,38000
10626,100,あり,,1,False,,201～300件,61～80件,,1,1,3,2,1,,True,https://www.jalasite.org/hp/10130.html,True,,642000,,,,598000,,,,0,,,
10627,1,自施設での分娩取扱あり,,1,True,34週6日(普通分娩)・31週6日(帝王切開)・24週6日(双子),601～700件,101～150件,,100,,,100,100,,,,True,1;3;4,505000,502000,480000,520000,472000,470000,445000,487000,3100,0,0,0
10628,100;1,あり;自施設での分娩取扱あり,1;2;3,2,True,34,801～900件,201～300件,,1,1;2,3,2,1,601～700件,True,https://www.jalasite.org/hp/10321.html,True,1;3;4;5,548000,548000,506000,596000,435000,443000,428000,453000,33100,9900,0,68800
10629,100,あり,,0,False,,301～400件,201～300件,,1,1;2,1;2,2,1,,True,https://www.jalasite.org/hp/10639.html,True,,753000,741000,671000,821000,661000,667000,588000,733000,30000,0,0,60000
10630,100,あり,,1,False,,301～400件,150～200件,,3,,,100,100,,,,True,,496000,504000,463000,527000,431000,453000,398000,456000,0,0,0,0
10631,1,自施設での分娩取扱あり,1;2,1,True,32週,151～200件,41～60件,,100,,,100,100,,,,True,1;3,475000,496000,458000,528000,415000,445000,391000,488000,13000,17000,0,23800
10632,1,自施設での分娩取扱あり,1,1,True,32週,201～300件,41～60件,,1,1,1,2,1,1～20件,True,https://www.jalasite.org/hp/10843.html,True,1;3,516000,516000,473000,534000,432000,425000,400000,450000,8300,0,0,0
10633,100,あり,,1,False,,301～400件,201～300件,True,2,1,1,2,1,,True,https://www.jalasite.org/hp/10487.html,True,,496000,505000,466000,565000,388000,395000,360000,432000,21100,0,0,55000
10634,100,あり,,1,False,,501～600件,301～400件,,1,1,1,1,1,,True,https://www.jalasite.org/hp/10110.html,True,,1097000,1073000,991000,1193000,899000,888000,826000,969000,67300,0,0,141000
10635,1,自施設での分娩取扱あり,1,1,True,20週,201～300件,201～300件,,1,1,2;3,1,1,41～60件,True,https://www.jalasite.org/,True,1;2;3;4;5;6,601000,599000,569000,637000,576000,577000,551000,612000,2600,0,0,0
10636,1,自施設での分娩取扱あり,2,1,True,34週,101～150件,41～60件,,1,1;2,1,1,2,21～40件,True,https://www.jalasite.org/hp/10211.html,True,1;3,456000,458000,423000,485000,368000,365000,340000,403000,10200,0,0,7000
10637,1;2,自施設での分娩取扱あり;オープンシステムを利用し、他施設へ赴いての分娩取扱あり,1;2,2,True,34（できれば20週に受診）,301～400件,41～60件,,3,,,100,100,,,,True,1;2,716000,704000,692000,736000,647000,650000,641000,659000,47600,29000,26400,76900
10638,1,自施設での分娩取扱あり,1,1,True,いつでも可能（ただし無痛分娩希望の場合は妊娠34週までに受診が必要）,201～300件,81～100件,,1,1,1;2;3,1,3,21～40件,False,,True,1;2;3,608000,589000,545000,660000,509000,499000,461000,550000,41500,44500,0,70000
10639,1,自施設での分娩取扱あり,,1,True,32,151～200件,81～100件,,2,1,1,2,3,0件,False,,True,,577000,573000,532000,632000,529000,521000,489000,568000,17800,0,0,36000
10640,1,自施設での分娩取扱あり,1,1,True,32週,101～150件,21～40件,,100,,,100,100,,,,True,1;3,371000,368000,345000,402000,335000,328000,317000,354000,900,0,0,0
10641,1,自施設での分娩取扱あり,2,1,True,34週,501～600件,101～150件,,100,,,100,100,,,,True,1;2;3;4;5;6,472000,475000,446000,503000,413000,425000,392000,451000,0,0,0,0
10642,1,自施設での分娩取扱あり,1,1,True,,201～300件,81～100件,,1,1,3,2,1,21～40件,False,,True,1,663000,653000,625000,676000,636000,635000,607000,656000,9600,0,0,0
10643,100,あり,,1,False,,101～150件,21～40件,,3,,,100,100,,,,True,,534000,544000,497000,568000,460000,468000,430000,489000,43100,43600,40200,46900
10644,1,自施設での分娩取扱あり,1,1,True,,201～300件,41～60件,,100,,,100,100,,,,True,,545000,551000,525000,570000,465000,471000,453000,487000,24500,30000,25000,30000
10645,1,自施設での分娩取扱あり,1;2,1,True,32~34週,151～200件,61～80件,,100,,,100,100,,,,True,1;3,538000,536000,514000,563000,461000,458000,437000,483000,43800,43000,42000,50300
10647,100,あり,,1,False,,301～400件,201～300件,,2,1,1,2,1,,False,,True,,513000,518000,488000,545000,431000,452000,411000,479000,32600,33000,33000,33000
10648,1,自施設での分娩取扱あり,1;2,0,True,34,41～60件,1~20件,,3,,,100,100,,,,True,,502000,507000,487000,516000,452000,453000,445000,458000,17600,21000,18000,21000
10649,1,自施設での分娩取扱あり,1,0,True,33週,61～80件,21～40件,,1,1,1;3,2,1,1～20件,True,https://www.katsura.com/user/media/katsura/page/birth/index/10661.pdf,True,1;3;4;5;6,440000,426000,397000,471000,380000,384000,358000,403000,10800,0,0,0
10650,1,自施設での分娩取扱あり,1;2,1,True,34週,151～200件,61～80件,,1,1,1;2;3,2,1,21～40件,False,,True,1,546000,534000,506000,595000,472000,458000,438000,512000,22600,25100,20000,30000
10651,1,自施設での分娩取扱あり,1,1,True,23週,101～150件,21～40件,,3,,,100,100,,,,True,1,526000,525000,494000,561000,437000,439000,418000,477000,19400,0,0,42000
10652,100;1;2,あり;自施設での分娩取扱あり;オープンシステムを利用し、他施設へ赴いての分娩取扱あり,1;2,2,True,32,401～500件,101～150件,True,3,,,100,100,,,,True,1,533000,527000,506000,560000,473000,475000,458000,488000,14200,0,0,36800
10653,1,自施設での分娩取扱あり,,1,True,,101～150件,21～40件,,3,,,100,100,,,,True,1;3;4,443000,440000,398000,493000,366000,368000,319000,426000,0,0,0,0
10654,100,あり,,1,False,,101～150件,21～40件,,1,1,1,2,1,,False,,True,,437000,438000,401000,472000,395000,395000,344000,454000,12500,15000,0,18000
10655,1,自施設での分娩取扱あり,1,1,True,33週,401～500件,61～80件,,1,1,1;3,2,1,1~20件,True,https://www.jalasite.org/hp/10859.html,True,,523000,520000,481000,558000,448000,448000,420000,483000,13400,0,0,33000
10656,1,自施設での分娩取扱あり,1;2,2,True,34週,61～80件,21～40件,,100,,,100,100,,,,True,1;3;4;5,471000,,,,445000,,,,9300,,,
10657,100,あり,,1,False,,101～150件,101～150件,,2,1,1,2,1,,False,,False,,,,,,,,,,,,,
10658,1,自施設での分娩取扱あり,1,1,True,34週,301～400件,61～80件,,1,1,1,2,1,1～20件,True,https://www.jalasite.org/hp/10530.html,True,1,563000,550000,523000,582000,510000,515000,465000,525000,25800,0,0,36000
10659,1,自施設での分娩取扱あり,1,1,True,20週,201～300件,201～300件,,100,,,100,100,,,,False,,560000,564000,500000,637000,475000,500000,384000,552000,29600,0,0,67500
10660,1,自施設での分娩取扱あり,1,1,True,34週,301～400件,151～200件,,1,1,1,2,1,1～20件,False,,True,1,574000,532000,526000,608000,461000,450000,450000,450000,14100,0,0,0
10661,1,自施設での分娩取扱あり,1,1,True,34週,151～200件,81～100件,,1,1;2,1,2,1,61～80件,True,https://www.jalasite.org/hp/10593.html,True,1,857000,868000,750000,947000,734000,727000,634000,814000,69300,87000,20000,105000
10662,100;1,あり;自施設での分娩取扱あり,1;2,1,True,34,401～500件,41～60件,,1,1;2,3,1,3,201～300件,True,https://www.jalasite.org/hp/10374.html,True,1;3,585000,556000,538000,649000,480000,481000,475000,495000,26300,25000,25000,30000
10663,100,あり,,1,False,,61～80件,0～20件,,3,,,100,100,,,,True,,,,,,,,,,,,,
10664,1,自施設での分娩取扱あり,,1,,,201～300件,151～200件,,2,1,1;2,1,1,0件,False,,,,680000,686000,623000,730000,643000,647000,595000,681000,17300,0,0,36000
10665,1,自施設での分娩取扱あり,,0,True,病状による,301～400件,151～200件,,100,,,100,100,,,,False,,526000,534000,500000,571000,487000,498000,466000,531000,1500,0,0,0
10666,100;1,あり;自施設での分娩取扱あり,1,1,True,32,201～300件,41～60件,,1,1,1;3;2,2,1,81～100件,True,https://www.jalasite.org/hp/10791.html,True,1;2;3;4;5,735000,713000,644000,809000,639000,624000,573000,719000,32400,0,0,17600
10667,100,あり,,0,False,,150～200件,41～60件,,100,,,100,100,,,,True,,549000,544000,531000,558000,522000,524000,504000,536000,9900,0,0,0
10668,100;1,あり;自施設での分娩取扱あり,,1,False,,41～60件,21～40件,,3,,,100,100,,,,True,,546000,553000,524000,587000,456000,465000,450000,489000,0,0,0,0
10669,1,自施設での分娩取扱あり,1,0,True,30週,301～400件,101～150件,,100,,,100,100,,,,True,1;3,499000,489000,452000,531000,415000,416000,380000,437000,33900,6000,0,72000
10670,1,自施設での分娩取扱あり,1,1,True,16~24週,101～150件,151～200件,,1,1,1,2,1,1~20件,False,,True,1;3,532000,533000,489000,576000,477000,471000,449000,500000,18900,0,0,48000
10671,1,自施設での分娩取扱あり,1,1,True,できるだけ早く,151～200件,61～80件,,100,,,100,100,,,,True,1,507000,516000,482000,527000,457000,464000,436000,484000,6000,0,0,7500
10672,1,自施設での分娩取扱あり,1;2,1,True,32週,21～40件,1～20件,,100,,,100,100,,,,True,1;2;3;4,410000,407000,392000,423000,362000,368000,348000,372000,22800,24000,22000,30000
10673,1,自施設での分娩取扱あり,1,1,True,32週,201～300件,61～80件,,1,1;2,1;2,2,1,1～20件,True,https://www.jalasite.org/hp/10760.html,True,1,491000,483000,455000,515000,409000,409000,377000,440000,20400,0,0,49300
10674,1,自施設での分娩取扱あり,1,1,True,32週,61～80件,41～60件,True,1,1,1,2,1,0件,False,,True,1,612000,574000,555000,623000,506000,506000,485000,527000,51700,35000,12600,49000
10675,1,自施設での分娩取扱あり,1,1,,,601～700件,201～300件,,1,1,1;3,1,2,,True,https://www.jalasite.org/area/3_14_14136_0,True,1;3,760000,781000,689000,836000,678000,703000,623000,751000,50000,42000,35000,51700
10677,1,自施設での分娩取扱あり,1;2,1,True,32週,41～60件,61～80件,,100,,,100,100,,,,True,1;3,464000,465000,445000,498000,419000,427000,405000,449000,6700,0,0,0
10678,1,自施設での分娩取扱あり,,1,True,34週,401～500件,101～150件,,100,,,100,100,,,,True,1,453000,450000,429000,478000,393000,398000,370000,416000,24300,25000,25000,30000
10679,1,自施設での分娩取扱あり,1,1,True,34週,401～500件,201～300件,,1,1,1,2,1,41～60件,True,https://www.jalasite.org/hp/10660.html,True,1;2;3;4,692000,676000,635000,749000,590000,584000,552000,615000,42500,24000,7000,72000
10680,100,あり,,1,False,,401～500件,201～300件,,3,,,100,100,,,,True,,690000,701000,646000,729000,608000,613000,569000,648000,42400,42000,42000,49000
10681,1,自施設での分娩取扱あり,1,1,True,32週,151～200件,41～60件,,100,,,100,100,,,,True,1;2;3;4,451000,453000,421000,506000,391000,400000,363000,449000,0,0,0,0
10682,100,あり,,1,False,,501～600件,401～500件,,2,1,1,1,1,,False,,False,,439000,440000,352000,524000,364000,365000,252000,470000,0,0,0,0
10683,100,あり,,1,False,,101～150件,41～60件,,3,,,100,100,,,,True,,436000,439000,422000,458000,379000,402000,343000,420000,0,0,0,0
10684,100,あり,,1,False,,61～80件,21～40件,,3,,,100,100,,,,True,,508000,504000,457000,563000,451000,452000,405000,487000,40300,43000,9200,64900
10685,100,あり,,1,False,,601～700件,150～200件,,1,1;2,3,1,2,,True,https://www.jalasite.org/hp/10215.html,True,,,,,,,,,,,,,
10686,100,あり,,1,False,,201～300件,81～100件,,3,,,100,100,,,,False,,549000,550000,519000,573000,506000,508000,475000,531000,18100,20000,18300,24000
10687,100,あり,,1,False,,150～200件,21～40件,,3,,,100,100,,,,True,,461000,460000,451000,468000,413000,415000,405000,420000,0,0,0,0
10688,1,自施設での分娩取扱あり,1,0,True,34週,201～300件,101～150件,,1,1,1,2,1,61～80件,True,https://www.jalasite.org/hp/10454.html,True,,572000,582000,506000,622000,477000,478000,443000,526000,0,0,0,0
10689,100,あり,,0,False,,201～300件,150～200件,,2,1,1;3,100,100,,False,,False,,552000,555000,508000,600000,489000,505000,442000,548000,17800,0,0,33900
10690,100,あり,,1,False,,101～150件,21～40件,,3,,,100,100,,,,True,,,,,,,,,,,,,
10691,1,自施設での分娩取扱あり,,1,True,34週,101～150件,201～300件,,1,1,3,2,1,41～60件,False,,True,1,667000,651000,595000,723000,571000,550000,513000,602000,35200,0,0,74000
10692,1,自施設での分娩取扱あり,2,1,True,39週,201～300件,101～150件,,2,2,1,2,1,1～20件,False,,True,1;2;3;4;5;6,515000,515000,489000,534000,460000,461000,440000,473000,25000,25500,20400,30500
10693,100;1,あり;自施設での分娩取扱あり,,1,False,,151～200件,101～150件,,2,1,2,100,100,,False,,False,,629000,639000,580000,691000,564000,573000,508000,624000,12800,10000,0,15000
10694,100,あり,,1,False,,401～500件,201～300件,,2,1,1;2,2,1,,False,,True,,563000,560000,502000,609000,461000,458000,410000,509000,28100,15000,0,52500
10695,100;1,あり;自施設での分娩取扱あり,,1,True,36,101～150件,81～100件,,3,,,100,100,,,,True,1,,,,,,,,,,,,
10696,100,あり,,1,False,,201～300件,101～150件,,1,2,1,2,1,,True,https://www.jalasite.org/hp/10837.html,True,,627000,639000,605000,669000,551000,570000,528000,601000,24900,30000,25000,30000
10697,1,自施設での分娩取扱あり,1,1,True,32,701～800件,151～200件,,1,1,1;3,2,2,301～400件,True,https://www.jalasite.org/hp/10123.html,True,1;3;4,516000,527000,490000,560000,419000,448000,342000,471000,14100,0,0,0
10698,1,自施設での分娩取扱あり,2;3,1,True,20週,601～700件,151～200件,True,1,1,1;3,2,1,,True,,True,1;3,762000,758000,710000,823000,622000,621000,571000,675000,123100,123000,108500,127500
10699,100,あり,,1,False,,61～80件,21～40件,,1,1,1;2,2,1,,True,https://www.jalasite.org/hp/10132.html,True,,599000,599000,530000,632000,511000,501000,466000,547000,22000,0,0,0
10700,1,自施設での分娩取扱あり,1;2;3,1,True,34週,501～600件,81～100件,,2,1,3,2,1,21～40件,False,,True,1,542000,538000,517000,570000,467000,470000,449000,502000,16800,20000,0,25000
10701,1,自施設での分娩取扱あり,1;2;3,1,True,,601～700件,151～200件,,1,1;2;3,1;2,2,3,201～300件,True,https://www.jalasite.org/hp/10597.html,True,1;2;3;4;5,522000,520000,500000,542000,506000,505000,485000,526000,100,0,0,0
10702,1,自施設での分娩取扱あり,1;2,1,True,34週,81～100件,21～40件,,2,,,100,100,0件,,,True,1;3,440000,448000,409000,471000,407000,414000,374000,437000,17400,14000,12000,24000
10703,1,自施設での分娩取扱あり,1,1,True,30週,301～400件,201～300件,,1,1,3,2,1,101～150件,True,https://www.jalasite.org/hp/10479.html,True,1,818000,780000,718000,923000,572000,535000,507000,661000,195400,180000,180000,210000
10704,1,自施設での分娩取扱あり,,0,,,501～600件,201～300件,,100,,,100,100,,,,,,558000,554000,515000,595000,465000,459000,442000,498000,26300,9500,0,46000
10705,100,あり,,1,False,,150～200件,41～60件,True,1,1,1;2;3,2,1,,False,,True,,613000,594000,570000,660000,559000,545000,519000,597000,1100,0,0,0
10706,100;1,あり;自施設での分娩取扱あり,1;2,1,True,,201～300件,150～200件,,1,,1;2;3,2,1,0件,,,True,,612000,606000,573000,652000,528000,537000,506000,549000,26600,14000,0,56000
10707,1,自施設での分娩取扱あり,1,1,True,34週,201～300件,151～200件,,1,1,1;3,2,1,1～20件,False,,True,1,500000,505000,490000,528000,424000,437000,417000,452000,28500,37500,16900,37500
10708,100,あり,,1,False,,150～200件,41～60件,,3,,,100,100,,,,True,,,,,,,,,,,,,
10709,100,あり,,1,False,,301～400件,301～400件,,3,,,100,100,,,,True,,523000,525000,498000,547000,463000,476000,405000,511000,700,0,0,0
10710,100,あり,,1,False,,601～700件,101～150件,,1,1,1,2,1,,False,,True,,482000,481000,467000,495000,388000,394000,375000,406000,0,0,0,0
10711,1,自施設での分娩取扱あり,2,1,True,,1001～1500件,301～400件,,1,1;2,1;2,2,1,151～200件,True,https://www.jalasite.org/hp/10750.html,True,1,636000,626000,560000,697000,538000,520000,481000,583000,38300,0,0,90000
10712,1,自施設での分娩取扱あり,2,1,,,21～40件,1～20件,,1,1,2,2,1,,False,,True,1,548000,,,,458000,,,,61500,,,
10713,100,あり,,1,False,,201～300件,81～100件,,1,1,1,2,1,,False,,True,,713000,704000,651000,764000,649000,645000,591000,697000,24200,0,0,41300
10714,1,自施設での分娩取扱あり,,0,True,34週,101～150件,101～150件,,2,1,1,2,1,1～20件,False,,True,1;3;4,674000,671000,615000,719000,614000,614000,558000,655000,22500,0,0,50700
10715,1,自施設での分娩取扱あり,,1,True,30週,201～300件,151～200件,,1,2,1,2,1,61～80件,True,https://www.jalasite.org/hp/10662.html,True,,,,,,,,,,,,,
10716,1,自施設での分娩取扱あり,,2,True,医師の裁量による,201～300件,201～300件,,1,1,1;3,1,1,41～60件,True,https://www.jalasite.org/area/,True,1,543000,543000,484000,600000,404000,397000,337000,500000,41500,0,0,69000
10717,100,あり,,1,False,,401～500件,,,1,1,1,1,1,,False,,True,,524000,497000,455000,587000,475000,453000,431000,500000,22000,0,0,0
10718,1,自施設での分娩取扱あり,1,1,True,34,101～150件,21～40件,,1,1,1;3,2,1,,False,,True,1,558000,551000,537000,576000,420000,424000,413000,425000,81100,83600,72600,84700
10719,1,自施設での分娩取扱あり,,1,True,32週(リスクあり)・34週(リスクなし),151～200件,101～150件,,100,,,100,100,,,,True,1;3,551000,554000,507000,589000,497000,489000,459000,531000,16800,7500,0,33800
10720,100,あり,,1,False,,201～300件,21～40件,,3,,,100,100,,,,True,,575000,584000,544000,608000,526000,548000,510000,587000,600,0,0,0
10721,100,あり,,1,False,,101～150件,0～20件,,3,,,100,100,,,,True,,473000,462000,433000,501000,394000,383000,370000,425000,19300,25000,0,30000
10722,1,自施設での分娩取扱あり,1,1,True,,61～80件,61～80件,,100,,,100,100,,,,True,1;2;3,446000,491000,348000,529000,378000,414000,288000,446000,31800,33000,26400,39600
10723,100,あり,,1,False,,101～150件,101～150件,,1,1;2,1;2,2,1,,False,,True,,565000,558000,515000,585000,467000,472000,439000,497000,42800,60000,0,62000
10724,1,自施設での分娩取扱あり,1;2,1,True,35~36週,301～400件,101～150件,,1,1,1,2,1,101～150件,True,,True,1,811000,777000,720000,895000,747000,715000,695000,865000,48000,15000,0,20000
10725,1,自施設での分娩取扱あり,,1,,,501～600件,301～400件,,2,1;2,1,2,1,,True,https://www.jalasite.org/hp/10158.html,True,1;2,546000,539000,504000,587000,461000,463000,433000,489000,14800,0,0,0
10727,100,あり,,1,False,,601～700件,150～200件,,2,1,1;2;3,2,1,,False,,True,,589000,598000,561000,621000,485000,496000,466000,513000,49400,51000,43200,57000
10728,1,自施設での分娩取扱あり,1;2,1,True,34週,41～60件,1~20件,,100,,,100,100,,,,True,1;3,,,,,,,,,,,,
10729,100,あり,,1,False,,201～300件,21～40件,,3,,,100,100,,,,False,,456000,455000,436000,485000,387000,395000,369000,413000,20500,24000,0,36000
10730,1,自施設での分娩取扱あり,,1,True,30週,151～200件,151～200件,,1,1,3,2,3,41～60件,True,https://www.jalasite.org/hp/10020.html,True,,687000,689000,626000,723000,599000,582000,540000,613000,25500,36500,0,47000
10731,1,自施設での分娩取扱あり,1;2,0,True,34週,151～200件,81～100件,,1,1,1;3,2,1,1～20件,False,,True,1;3;4,,,,,,,,,,,,
10732,1,自施設での分娩取扱あり,1,1,True,制限無し(可能なら35週),101～150件,151～200件,,2,1,1,2,1,1～20件,True,,True,1,633000,662000,559000,690000,542000,552000,498000,613000,0,0,0,0
10733,1,自施設での分娩取扱あり,1,1,True,34週,1～20件,1～20件,,100,,,100,100,,,,True,1;3;4,375000,,,,331000,,,,0,,,
10734,100,あり,,1,False,,901～1000件,201～300件,,1,1,1,2,1,,True,https://www.jalasite.org/hp/10112.html,True,,768000,766000,669000,831000,687000,642000,642000,792000,54100,60000,0,100000
10735,1,自施設での分娩取扱あり,1;2,1,True,34週,201～300件,61～80件,,1,1,2;3,2,1,41～60件,True,https://www.jalasite.org/hp/10373.html,True,1;3,583000,585000,545000,623000,525000,522000,507000,559000,24200,24000,20000,28000
10736,1,自施設での分娩取扱あり,1,1,True,34週,151～200件,81～100件,,100,,,100,100,,,,True,1;2;3;4,495000,494000,474000,517000,450000,448000,433000,473000,9800,0,0,25000
10738,100,あり,,1,False,,201～300件,101～150件,,3,,,100,100,,,,True,,603000,601000,570000,641000,479000,486000,450000,491000,40500,50000,0,62500
10739,1,自施設での分娩取扱あり,1,1,True,制限無し,101～150件,21～40件,,100,,,100,100,,,,True,1;3,420000,404000,376000,478000,398000,377000,353000,453000,2300,0,0,0
10740,1,自施設での分娩取扱あり,1;2,1,True,34週,301～400件,61～80件,,1,1,2;3,2,1,61～80件,False,,True,1,575000,569000,527000,618000,517000,510000,479000,554000,11000,12000,0,20800
10741,1,自施設での分娩取扱あり,,1,True,,101～150件,41～60件,,100,,,100,100,,,,True,1;3,558000,,,,481000,,,,28600,,,
10742,1,自施設での分娩取扱あり,1;2,1,True,34週,101～150件,21～40件,,1,1,3,1,2,1～20件,False,,True,1;3;4,516000,491000,483000,546000,370000,345000,340000,424000,65900,60000,60000,72000
10743,1,自施設での分娩取扱あり,1;2,1,True,"自然分娩34
帝王切開32",61～80件,41～60件,,1,1,1;2;3,2,1,1~20件,False,,True,1,537000,537000,503000,555000,384000,380000,345000,408000,128200,120000,120000,120000
10744,100,あり,,1,False,,101～150件,101～150件,,2,1,1,1,2,,False,,True,,545000,544000,496000,584000,442000,444000,426000,471000,12400,0,0,25500
10745,1,自施設での分娩取扱あり,1;2,1,True,34週,401～500件,81～100件,,100,,,100,100,,,,True,1;2;3;4,549000,551000,538000,563000,519000,521000,517000,541000,0,0,0,0
10746,100,あり,,1,False,,401～500件,201～300件,,1,1,1;2;3,2,1,,True,https://www.jalasite.org/hp/10757.html,True,,774000,758000,743000,788000,755000,742000,726000,764000,4200,0,0,0
10747,1,自施設での分娩取扱あり,1,1,True,34週,151～200件,101～150件,,2,1,1,2,1,0件,True,https://www.jalasite.org,True,1;3,,,,,,,,,,,,
10748,1,自施設での分娩取扱あり,1,1,True,34週,201～300件,201～300件,,1,1,1;2,2,1,1～20件,False,,True,1,535000,568000,471000,609000,494000,530000,425000,564000,12200,10000,8000,15000
10749,100,あり,,1,False,,201～300件,61～80件,,3,,,100,100,,,,True,,455000,457000,421000,494000,395000,391000,363000,422000,25000,30000,25000,35000
10750,1,自施設での分娩取扱あり,1;2,2,True,34週(帝王切開となる方は32週),201～300件,61～80件,,1,1,2;1;3,2,1,1~20件,False,,True,1;2;3;4;5,484000,488000,460000,525000,425000,427000,402000,461000,18500,25000,0,30000
10751,100,あり,,1,False,,301～400件,61～80件,,3,,,100,100,,,,True,,488000,491000,466000,507000,461000,473000,445000,476000,4100,4500,0,7500
10752,1,自施設での分娩取扱あり,1,1,True,30週,401～500件,301～400件,,1,1;2,1,1,3,301～400件,True,https://www.jalasite.org/hp/10494.html,True,1,697000,716000,613000,772000,624000,644000,540000,703000,30400,30000,0,60000
10753,1,自施設での分娩取扱あり,,1,True,,201～300件,201～300件,,2,1,1;3,2,1,,False,,,,,,,,,,,,,,,
10754,1,自施設での分娩取扱あり,1,1,True,34週,701～800件,501～600件,,1,1,1;3,1,2,301～400件,False,,True,1;3;4,689000,667000,599000,806000,517000,522000,502000,533000,61900,90000,0,90000
10755,1,自施設での分娩取扱あり,1,1,True,28~34週,501～600件,301～400件,,1,1,3,1,3,81～100件,True,https://www.jalasite.org/hp/10040.html,True,1;2;3;4,677000,675000,620000,718000,394000,382000,362000,401000,34900,50000,0,60000
10756,1,自施設での分娩取扱あり,1,1,True,30～34週台　,401～500件,101～150件,,1,1,1,2,1,1~20件,True,,True,1,642000,638000,613000,674000,560000,562000,536000,580000,9300,0,0,21000
10757,1,自施設での分娩取扱あり,1,1,True,34,301～400件,81～100件,,1,1,1,2,1,21～40件,False,,True,1;3;4,538000,537000,502000,576000,469000,468000,438000,503000,20600,19000,19000,22800
10758,1,自施設での分娩取扱あり,1;2;3,1,True,34週,151～200件,81～100件,,100,,,100,100,,,,True,1;2;3;4;5;6,547000,536000,513000,583000,488000,495000,458000,518000,24600,0,0,68000
10759,100,あり,,1,False,,81～100件,41～60件,,3,,,100,100,,,,True,,809000,784000,740000,931000,654000,667000,646000,688000,45600,0,0,126000
10760,1;2,自施設での分娩取扱あり;オープンシステムを利用し、他施設へ赴いての分娩取扱あり,1,1,True,34週,301～400件,301～400件,,1,1,1;2,2,1,21～40件,False,,True,1,675000,673000,606000,733000,575000,582000,535000,642000,27500,0,0,67500
10761,1,自施設での分娩取扱あり,1;2,1,True,33週,201～300件,41～60件,,1,1,3,2,1,1～20件,True,https://www.jalasite.org/,True,1;2,465000,469000,449000,480000,412000,412000,410000,422000,6900,0,0,0
10762,100;1,あり;自施設での分娩取扱あり,2,2,True,32,21～40件,1~20件,,3,,,100,100,0件,,,True,1;3,494000,489000,475000,507000,397000,389000,371000,424000,29100,30000,30000,30000
10763,1,自施設での分娩取扱あり,1;2,1,True,34週,151～200件,61～80件,True,100,,,100,100,,,,True,1;3;4;6,511000,514000,505000,515000,493000,496000,487000,497000,0,0,0,0
10764,1,自施設での分娩取扱あり,,1,True,制限無し,301～400件,201～300件,,2,1,1,1,1,21～40件,True,https://www.jalasite.org/hp/10482.html,True,1;3;4,543000,541000,507000,575000,470000,462000,428000,507000,8200,0,0,0
10765,1,自施設での分娩取扱あり,1,1,True,34週,401～500件,101～150件,,100,,,100,100,,,,True,1;3,432000,445000,388000,482000,357000,373000,316000,416000,6200,0,0,9000
10766,1,自施設での分娩取扱あり,1;2;3,1,True,15~16週,401～500件,151～200件,True,1,1;2,1;3,2,1,1~20件,False,,True,1;2;3,585000,588000,527000,650000,472000,481000,440000,515000,39500,13600,0,81600
10767,1,自施設での分娩取扱あり,1,2,True,36,301～400件,81～100件,,1,1,3,1,3,41～60件,False,,True,1;2;3;4,553000,548000,524000,590000,479000,475000,453000,511000,30400,30000,30000,35000
10768,1,自施設での分娩取扱あり,1,1,True,32~34週,301～400件,81～100件,,100,,,100,100,,,,True,1;3,596000,599000,563000,637000,546000,541000,528000,578000,18000,0,0,42000
10769,100,あり,,1,False,,150～200件,61～80件,True,3,,,100,100,,,,True,,582000,584000,551000,611000,509000,510000,493000,536000,0,0,0,0
10770,100,あり,,1,False,,401～500件,301～400件,,1,1,1,1,2,,True,https://www.jalasite.org/hp/10336.html,True,,589000,570000,521000,653000,316000,314000,289000,338000,122200,135700,113100,135700
10771,1,自施設での分娩取扱あり,2,1,True,34週(帝王切開が必要な時は32週),201～300件,61～80件,,100,,,100,100,,,,True,1;2;3;4;5,481000,481000,469000,502000,430000,436000,404000,456000,0,0,0,0
10772,100,あり,,1,True,34,101～150件,61～80件,,2,1,1;2,100,100,,False,,True,1;3,509000,501000,471000,562000,424000,432000,378000,464000,5200,0,0,0
10773,1;2,自施設での分娩取扱あり;オープンシステムを利用し、他施設へ赴いての分娩取扱あり,1,1,True,20週(状況によっては以降でも可),301～400件,151～200件,,1,1,1,2,1,21～40件,True,,True,1;2;3;4,621000,616000,583000,657000,565000,565000,535000,584000,34800,50000,0,60000
10774,1,自施設での分娩取扱あり,2,1,True,３２～３４,151～200件,41～60件,,1,1,1;2;3,2,1,0件,True,https://www.jalasite.org/hp/10915.html,True,1;2;3,426000,425000,401000,450000,390000,389000,365000,416000,100,0,0,0
10775,1,自施設での分娩取扱あり,1,1,True,30週(切迫症状や帝王切開既往の場合),151～200件,201～300件,,1,1,3,2,1,1～20件,False,,True,1;2;3;4,549000,550000,476000,618000,468000,468000,410000,552000,18900,14000,0,35000
10777,1,自施設での分娩取扱あり,1,1,True,32週,81～100件,41～60件,,1,1,3,2,1,1～20件,False,,True,1,648000,649000,626000,673000,560000,553000,546000,569000,24800,4500,0,52500
10778,100,あり,,1,False,,81～100件,61～80件,True,3,,,100,100,,False,,True,,564000,557000,534000,581000,487000,481000,462000,512000,20100,0,0,31500
10779,100,あり,,1,False,,150～200件,61～80件,,1,1,3,2,1,,True,https://www.jalasite.org/hp/10762.html,True,,656000,647000,608000,721000,547000,565000,517000,586000,39500,0,0,82500
10780,1,自施設での分娩取扱あり,1;2,1,True,33,401～500件,61～80件,,1,1,1,2,1,0件,False,,True,1;2;3;4,571000,578000,550000,598000,516000,524000,494000,544000,0,0,0,0
10781,100,あり,,1,False,,201～300件,151～200件,,3,,,100,100,,,,True,,576000,578000,524000,627000,528000,521000,491000,576000,15300,15000,0,21000
10782,1,自施設での分娩取扱あり,1,1,True,32週,301～400件,201～300件,,1,2,1,2,1,0件,True,https://www.jalasite.org/area/4_16_16201_0,True,1;3,584000,585000,557000,607000,516000,512000,500000,531000,29200,39300,21600,39300
10783,1,自施設での分娩取扱あり,1,0,True,34週,301～400件,201～300件,,1,2,1,2,1,101～150件,True,https://www.jalasite.org/hp/10685.html,True,1,758000,740000,683000,833000,636000,614000,567000,698000,23500,0,0,28000
10785,1,自施設での分娩取扱あり,1;3,1,True,33週,501～600件,201～300件,,1,1;2,1,2,1,,True,https://www.tenshi.or.jp/shinryouka/sanfujin/media-download/54/ca26cc0bde862b92/PDF/,True,1,545000,535000,507000,578000,503000,504000,456000,537000,20400,29000,0,30000
10786,100,あり,,1,False,,201～300件,150～200件,,2,1,1,2,1,,False,,True,,522000,516000,482000,560000,480000,490000,448000,526000,3600,0,0,0
10787,1,自施設での分娩取扱あり,1,1,True,35週,201～300件,41～60件,,1,1;2,1,2,1,61～80件,True,https://www.jalasite.org/hp/10579.html,True,1;3;4,581000,570000,543000,621000,421000,414000,384000,452000,50500,50300,48000,56000
10788,1,自施設での分娩取扱あり,,1,True,35週,81～100件,61～80件,,2,1,1;2;3,2,1,0件,False,,True,1,565000,558000,523000,592000,461000,455000,421000,481000,12400,0,0,0
10789,1,自施設での分娩取扱あり,2,1,True,,151～200件,101～150件,,1,1,3,1,2,,True,https://www.jalasite.org/hp/10640.html,True,,678000,670000,626000,728000,584000,577000,531000,627000,32900,33500,9000,48000
10790,1,自施設での分娩取扱あり,1;2,1,True,34週,81～100件,21～40件,,100,,,100,100,,,,True,1;3,568000,574000,548000,603000,413000,428000,410000,438000,80500,72000,72000,84000
10791,1,自施設での分娩取扱あり,1,1,True,32週,101～150件,41～60件,,100,,,100,100,,,,True,1,508000,492000,482000,526000,475000,467000,459000,495000,13300,0,0,19800
10792,1,自施設での分娩取扱あり,,1,True,32週,401～500件,301～400件,,100,,,100,100,,,,False,,625000,628000,584000,673000,531000,538000,498000,570000,63700,60000,60000,72000
10793,100,あり,,1,False,,81～100件,21～40件,,1,1,2,2,1,,True,https://www.jalasite.org/hp/10127.html,True,,569000,579000,524000,603000,476000,497000,468000,523000,4600,0,0,0
10794,1,自施設での分娩取扱あり,,1,True,,151～200件,151～200件,,2,1,1;2;3,2,1,,False,,True,1,,,,,,,,,,,,
10795,1,自施設での分娩取扱あり,2,1,True,34週,201～300件,61～80件,,1,1,3,2,3,41～60件,False,,True,1;3,,,,,,,,,,,,
10796,1,自施設での分娩取扱あり,1;2,2,True,28~32週,151～200件,41～60件,,100,,,100,100,,,,True,1,490000,494000,456000,511000,448000,449000,413000,474000,0,0,0,0
10797,1,自施設での分娩取扱あり,1,1,True,30週(帝王切開)・32週(無痛分娩)・34週(通常分娩),1501～2000件,701～800件,,1,1;2,1,1,2,1001～1500件,True,https://www.jalasite.org/hp/10292.html,True,1;3,606000,620000,524000,682000,542000,567000,475000,617000,23600,0,0,47300
10798,1,自施設での分娩取扱あり,1;2,1,True,30,1~20件,0件,,3,,,100,100,,,,True,1,460000,,,,408000,,,,27000,,,
10799,1,自施設での分娩取扱あり,1;2,1,,,501～600件,151～200件,,1,1,1;2,1,3,1～20件,False,,True,1;3,574000,575000,548000,601000,515000,521000,493000,537000,29700,30000,28000,35000
10800,1,自施設での分娩取扱あり,1,1,True,妊娠が分かった時点で連絡、相談,151～200件,201～300件,,1,1,3,2,1,0件,True,,True,1,,,,,,,,,,,,
10801,100;1,あり;自施設での分娩取扱あり,,1,False,,41～60件,21～40件,,3,,,100,100,,,,True,,,,,,,,,,,,,
10802,1,自施設での分娩取扱あり,1,1,True,33週,151～200件,41～60件,,1,1;2,1;3;2,2,1,21～40件,True,https://www.jalasite.org/hp/10764.html,True,1,681000,653000,619000,746000,589000,599000,567000,618000,50100,0,0,125000
10803,1,自施設での分娩取扱あり,1;2,1,True,34週,151～200件,21～40件,,1,1,1;3,2,1,1~20件,False,,True,1;3,617000,623000,562000,667000,515000,519000,476000,554000,33100,35000,30000,35000
10804,1,自施設での分娩取扱あり,,1,True,32,401～500件,301～400件,,2,1;2;3,1,1,1,1~20件,True,現時点では掲載されていないが、近日中に掲載予定,True,1;3,743000,734000,686000,787000,666000,661000,627000,707000,35300,15000,0,75000
10805,100,あり,,1,False,,150～200件,41～60件,,3,,,100,100,,,,False,,442000,446000,425000,468000,372000,381000,360000,394000,19500,22800,22800,26600
10806,1,自施設での分娩取扱あり,1,1,True,34週,201～300件,41～60件,,100,,,100,100,,,,True,1,511000,499000,486000,536000,486000,473000,464000,510000,0,0,0,0
10807,1,自施設での分娩取扱あり,1;2,1,True,34週,201～300件,41～60件,,100,,,100,100,,,,True,1,707000,709000,688000,736000,687000,691000,665000,718000,300,0,0,0
10808,1,自施設での分娩取扱あり,1,1,True,34,301～400件,81～100件,,2,1,1;2,2,1,1~20件,True,https://www.jalasite.org/,True,1;3,549000,543000,516000,592000,482000,478000,456000,508000,14300,22500,0,27000
10809,1,自施設での分娩取扱あり,1,1,True,20週,201～300件,101～150件,,100,,,100,100,,,,True,1;3,506000,495000,460000,545000,447000,453000,427000,479000,22000,0,0,52300
10811,1,自施設での分娩取扱あり,3,1,True,制限無し,201～300件,201～300件,,1,1,1;2;3,1,2,81～100件,True,https://www.jalasite.org/area/6_27_27207_0,True,1;2;3;4;5;6,,,,,,,,,,,,
10812,1,自施設での分娩取扱あり,,1,True,32週,401～500件,151～200件,,100,,,100,100,,,,True,1;2;3;4;5;6,519000,520000,497000,536000,494000,497000,475000,514000,500,0,0,0
10813,1,自施設での分娩取扱あり,1;2,1,True,20週,151～200件,201～300件,,100,,,100,100,,,,True,1,551000,541000,522000,580000,386000,386000,370000,402000,124300,117000,108000,132400
10814,1,自施設での分娩取扱あり,1,1,True,34週,201～300件,41～60件,,1,1,1,2,1,41～60件,True,https://www.jalasite.org/hp/10817.html,True,1,627000,624000,580000,673000,507000,514000,466000,554000,31400,36000,22500,42000
10815,1,自施設での分娩取扱あり,1,1,True,28週,151～200件,41～60件,,1,3,3,1,2,21～40件,False,,True,1,582000,582000,530000,625000,504000,502000,462000,538000,29400,30700,0,54600
10816,100,あり,,1,False,,401～500件,101～150件,,1,1,,2,1,,False,,True,,603000,591000,568000,631000,522000,505000,485000,543000,53500,60000,50000,60000
10817,1,自施設での分娩取扱あり,2,1,True,34週,201～300件,151～200件,,100,,,100,100,,,,True,1,488000,498000,455000,527000,419000,430000,380000,468000,20300,24600,10300,24600
10818,1,自施設での分娩取扱あり,1;2,1,True,34週,151～200件,61～80件,,100,,,100,100,,,,True,1;2,531000,526000,526000,546000,474000,467000,467000,487000,40100,42000,42000,42000
10819,1,自施設での分娩取扱あり,1,1,True,34週(持病等があれば32週、双子の場合は30週),101～150件,41～60件,,100,,,100,100,,,,True,1;3,484000,491000,469000,504000,387000,394000,376000,404000,34000,35500,32500,39000
10820,1,自施設での分娩取扱あり,2,1,True,34週,501～600件,301～400件,,100,,,100,100,,,,True,1;3,561000,573000,514000,621000,468000,504000,424000,544000,37000,38500,25500,45400
10821,1,自施設での分娩取扱あり,1,1,True,34,101~150件,61~80件,,3,,,100,100,,,,True,1;3,564000,569000,527000,592000,523000,520000,500000,549000,0,0,0,0
10822,1,自施設での分娩取扱あり,1,1,True,32週,401～500件,301～400件,,1,1;2,1,2,1,301～400件,True,https://www.jalasite.org/hp/10106.html,True,1,797000,775000,743000,828000,663000,676000,631000,708000,75400,30000,30000,109500
10823,1,自施設での分娩取扱あり,,1,True,34週,201～300件,301～400件,,1,1,1,2,1,1～20件,False,,True,1,449000,448000,389000,504000,356000,325000,276000,437000,13100,0,0,25800
10824,1,自施設での分娩取扱あり,,1,True,30,201～300件,41～60件,,3,,,100,100,,,,False,,501000,493000,471000,538000,435000,433000,407000,481000,0,0,0,0
10826,100,あり,,1,False,,301～400件,150～200件,,3,,,100,100,,,,True,,604000,604000,556000,640000,559000,571000,529000,588000,21400,30000,0,36000
10827,1,自施設での分娩取扱あり,1;2,1,True,11~13週(開業医受診後),701～800件,81～100件,,2,1,1;2;3,1,1,1～20件,False,,True,1;2;3;4;5,565000,567000,537000,589000,500000,502000,474000,520000,1800,0,0,0
10828,1,自施設での分娩取扱あり,1,1,True,34週,41～60件,41～60件,,1,1,1;2;3,2,1,0件,False,,True,1;2;3;4;5,520000,513000,478000,551000,460000,454000,419000,486000,32600,30000,30000,35000
10829,1,自施設での分娩取扱あり,1;2,1,True,34週(無痛分娩は32週),61～80件,21～40件,,1,1,1;2,2,1,1～20件,False,,True,1,521000,525000,475000,541000,443000,440000,409000,455000,29400,31300,13800,42000
10830,1,自施設での分娩取扱あり,1,1,True,,151～200件,21～40件,,100,,,100,100,,,,True,1;3,603000,612000,575000,627000,541000,545000,542000,577000,17400,0,0,42000
10831,1,自施設での分娩取扱あり,1,1,True,34週,601～700件,101～150件,,1,1,3,2,2,21～40件,True,https://www.jalasite.org/hp/10489.html,True,1;3,475000,480000,443000,522000,418000,431000,396000,474000,2800,0,0,0
10832,1,自施設での分娩取扱あり,1,1,True,34週,301～400件,201～300件,,1,1,1;2,2,1,21～40件,True,https://www.jalasite.org/hp/10571.html,True,1;3,503000,494000,407000,568000,373000,333000,264000,486000,20000,18000,0,30000
10833,1,自施設での分娩取扱あり,1,1,True,34週,501～600件,201～300件,,1,1;2;3,1;2;3,2,1,101～150件,True,https://www.jalasite.org/hp/10278.html,True,1;3;4,795000,795000,704000,867000,652000,645000,601000,696000,57900,0,0,120000
10834,100,あり,,1,False,,201～300件,61～80件,,1,2,3,1,2,,False,,True,,693000,708000,599000,772000,631000,672000,555000,694000,29400,0,0,65000
10835,100,あり,,1,False,,501～600件,101～150件,True,1,1,1,2,1,,True,https://www.jalasite.org/hp/10690.html,True,,732000,,,,561000,,,,109000,,,
10836,1,自施設での分娩取扱あり,1,1,True,32,151～200件,41～60件,,1,1,1;2,2,1,21～40件,True,https://www.jalasite.org/hp/10738.html,True,1,632000,630000,576000,674000,534000,531000,504000,556000,30000,20000,0,60000
10837,1,自施設での分娩取扱あり,,1,,,41～60件,1～20件,,100,,,100,100,,,,False,,528000,550000,497000,572000,480000,501000,449000,521000,13700,14000,14000,15000
10838,1,自施設での分娩取扱あり,1;2,2,True,34週,201～300件,61～80件,,1,1,3,2,2,,,,True,1;2;3;4;5,513000,529000,477000,572000,485000,510000,452000,548000,13300,0,0,33800
10839,1;2,自施設での分娩取扱あり;オープンシステムを利用し、他施設へ赴いての分娩取扱あり,1,1,True,20週,81～100件,201～300件,,100,,,100,100,,,,True,1,673000,678000,606000,723000,465000,471000,432000,488000,110700,120000,77500,140000
10840,1,自施設での分娩取扱あり,1;2,1,True,33週,301～400件,81～100件,,100,,,100,100,,,,True,1,533000,530000,504000,560000,356000,366000,338000,377000,0,0,0,0
10841,100,あり,,2,False,,61～80件,61～80件,,3,,,100,100,,,,True,,488000,475000,446000,528000,426000,416000,392000,453000,49800,54000,38300,62000
10842,1,自施設での分娩取扱あり,1,1,True,,601～700件,301～400件,,1,1,1,2,2,,False,,,,615000,614000,565000,667000,514000,520000,479000,544000,35300,0,0,82500
10843,1,自施設での分娩取扱あり,1,1,True,34週,151～200件,61～80件,,1,1,1;3,2,1,1~20件,,,True,1,541000,554000,500000,588000,461000,478000,427000,502000,17300,7200,7200,7200
10844,100,あり,,1,False,,401～500件,301～400件,,2,1,1,2,1,,False,,True,,596000,592000,553000,647000,535000,533000,501000,573000,11400,0,0,0
10845,1,自施設での分娩取扱あり,1,1,True,32週,601～700件,201～300件,,1,1,3,2,1,81～100件,False,,True,1;2;3;4;6,877000,863000,804000,915000,798000,810000,745000,828000,30300,0,0,0
10847,1,自施設での分娩取扱あり,,1,True,電話相談,201～300件,201～300件,True,3,,,100,100,,,,True,1,570000,578000,561000,585000,521000,527000,513000,546000,28100,21000,18000,42000
10848,100,あり,,0,False,,0～20件,0～20件,,3,,,100,100,,,,False,,479000,,,,455000,,,,0,,,
10849,1,自施設での分娩取扱あり,1,1,True,32週,1～20件,1～20件,,1,1,3,2,1,1～20件,True,https://www.jalasite.org/hp/10831.html,True,1,570000,,,,498000,,,,0,,,
10850,1,自施設での分娩取扱あり,1;2,1,True,32週,201～300件,61～80件,True,100,,,100,100,,,,True,1,533000,534000,505000,559000,471000,471000,449000,493000,11900,0,0,32000
10851,100,あり,,1,False,,151～200件,41～60件,,1,1,3,2,1,,True,https://www.jalasite.org/hp/10812.html,True,,740000,748000,710000,765000,497000,521000,494000,521000,147800,150000,150000,150000
10852,100;1,あり;自施設での分娩取扱あり,1,1,True,32,101～150件,21～40件,,3,,,100,100,,,,True,1;3,546000,552000,522000,573000,448000,450000,433000,470000,24000,30000,25000,30000
10854,100,あり,,0,False,,301～400件,41～60件,,3,,,100,100,,,,True,,460000,464000,437000,485000,390000,399000,381000,419000,15100,17500,12500,21000
10855,1,自施設での分娩取扱あり,1;2,1,True,32週,151～200件,101～150件,,2,1,1,1,1,,False,,True,,534000,535000,506000,557000,504000,500000,483000,522000,12500,4500,0,27000
10856,100,あり,,1,False,,101～150件,21～40件,,3,,,100,100,,,,True,,477000,463000,424000,511000,443000,431000,390000,477000,0,0,0,0
10857,1,自施設での分娩取扱あり,1,1,True,34週,61～80件,21～40件,,100,,,100,100,,,,True,1,457000,454000,435000,483000,408000,396000,396000,430000,17100,0,0,35000
10858,100,あり,,1,False,,101～150件,41～60件,,1,1;2,3,2,1,,True,https://www.jalasite.org/hp/10829.html,True,,727000,,,,640000,,,,24200,,,
10859,1,自施設での分娩取扱あり,1,1,True,週数に関係なく受け入れ,401～500件,101～150件,,1,1;2,1,1,1,101～150件,True,https://www.jalasite.org/hp/10121.html,True,1;3;4;5;6,972000,997000,805000,1138000,828000,853000,674000,1000000,62100,52500,0,84000
10860,1,自施設での分娩取扱あり,1;2,1,True,32週,401～500件,101～150件,,100,,,100,100,,,,True,1;3,599000,602000,558000,640000,527000,537000,489000,575000,10500,0,0,20000
10861,1,自施設での分娩取扱あり,1,1,True,34週,301～400件,101～150件,,100,,,100,100,,,,True,1,606000,,,,537000,,,,33900,,,
10862,100,あり,,1,False,,101～150件,0～20件,,3,,,100,100,,,,True,,511000,524000,479000,550000,460000,466000,427000,498000,18100,22000,0,25000
10863,1,自施設での分娩取扱あり,1;2,1,True,32週,101～150件,21～40件,,2,1;2,1;3,2,1,1～20件,False,,True,1;2;3;4,545000,547000,520000,571000,229000,240000,212000,242000,2700,0,0,0
10864,100,あり,,1,False,,101～150件,81～100件,,1,1,1;3,2,1,,True,https://www.jalasite.org/hp/10286.html,False,,577000,565000,533000,622000,507000,501000,469000,532000,8300,0,0,0
10865,1,自施設での分娩取扱あり,1,2,True,府外34週・府内20週,151～200件,21～40件,,100,,,100,100,,,,True,1;3;4,532000,527000,510000,566000,469000,470000,442000,507000,0,0,0,0
10866,100,あり,,1,False,,301～400件,81～100件,,3,,,100,100,,,,True,,578000,575000,558000,602000,532000,529000,505000,558000,11600,10500,9000,10500
10867,1,自施設での分娩取扱あり,1;2,1,True,11週,201～300件,101～150件,,100,,,100,100,,,,True,1,535000,541000,498000,569000,428000,441000,398000,469000,33100,45500,2400,54500
10868,100,あり,,1,False,,81～100件,0～20件,,1,1,1,2,1,,False,,True,,539000,547000,466000,592000,497000,506000,431000,553000,0,0,0,0
10869,1,自施設での分娩取扱あり,1;2,1,True,34,301～400件,151～200件,,1,1,3,2,1,0件,True,今後掲載予定,True,1;3,639000,637000,613000,673000,570000,573000,547000,598000,19400,27300,0,37000
10870,100,あり,,1,False,,150～200件,150～200件,,3,,,100,100,,,,True,,571000,565000,543000,605000,495000,494000,468000,516000,9300,0,0,13200
10871,1,自施設での分娩取扱あり,,1,True,32週,101～150件,81～100件,,100,,,100,100,,,,True,1,526000,527000,508000,547000,487000,487000,467000,513000,4700,0,0,0
10872,100,あり,,1,False,,101～150件,151～200件,,3,,,100,100,,,,False,,617000,611000,594000,624000,548000,553000,530000,563000,10700,0,0,0
10873,100,あり,,1,False,,301～400件,150～200件,,3,,,100,100,,,,False,,621000,623000,601000,636000,594000,598000,576000,612000,11000,0,0,29400
10874,1,自施設での分娩取扱あり,2,1,True,34週(既往帝切後妊娠は32週),151～200件,61～80件,,100,,,100,100,,,,True,1;3;4,485000,486000,456000,517000,451000,456000,418000,480000,5500,0,0,10700
10875,100,あり,,1,False,,201～300件,301～400件,,2,1,1,1,1,,False,,False,,546000,565000,497000,611000,473000,502000,432000,549000,7700,0,0,17500
10876,100,あり,,1,False,,401～500件,81～100件,,3,,,100,100,,,,True,,561000,555000,519000,608000,454000,454000,423000,484000,35600,24000,0,78000
10877,100,あり,,1,False,,401～500件,401～500件,,3,,,100,100,,,,True,,542000,554000,499000,575000,480000,475000,458000,498000,15700,24000,0,30000
10878,1,自施設での分娩取扱あり,1,1,True,34週,81～100件,41～60件,,1,1,3,2,1,1~20件,False,,True,1;3;4;5;6,485000,481000,454000,518000,446000,433000,426000,489000,5900,0,0,15000
10879,1,自施設での分娩取扱あり,1;2,1,True,36週,61～80件,21～40件,,100,,,100,100,,,,True,1,533000,541000,516000,555000,482000,487000,465000,497000,2700,0,0,0
10880,1,自施設での分娩取扱あり,1;2,1,True,34週,61～80件,21～40件,,100,,,100,100,,,,True,1,547000,551000,516000,583000,499000,505000,476000,523000,10800,7000,7000,7000
10881,1;2;3,自施設での分娩取扱あり;オープンシステムを利用し、他施設へ赴いての分娩取扱あり;自宅分娩（出張分娩）での分娩取扱あり,1;2,1,True,34週,201～300件,101～150件,,100,,,100,100,,,,True,1,490000,489000,466000,509000,462000,462000,437000,477000,500,0,0,0
10882,100,あり,,1,False,,201～300件,81～100件,,1,1,1,2,1,,True,,True,,543000,538000,513000,565000,507000,492000,482000,534000,0,0,0,0
10883,100,あり,,1,False,,101～150件,101～150件,,3,,,100,100,,,,True,,430000,434000,400000,462000,401000,402000,360000,432000,1900,0,0,0
10884,100,あり,,1,False,,201～300件,0～20件,,3,,,100,100,,,,True,,605000,598000,573000,639000,536000,536000,508000,560000,0,0,0,0
10885,1,自施設での分娩取扱あり,1,0,True,22週,401～500件,101～150件,,1,1,3,2,1,101～150件,True,https://www.jalasite.org/doc/area/3_12_12105_0,True,1,607000,590000,573000,626000,537000,523000,510000,542000,10200,0,0,27000
10886,1;2,自施設での分娩取扱あり;オープンシステムを利用し、他施設へ赴いての分娩取扱あり,1;2,2,True,34,301～400件,21～40件,,3,,,100,100,,,,True,1;2;3;4;5;6,506000,507000,502000,513000,483000,485000,479000,490000,0,0,0,0
10887,100,あり,,0,False,,150～200件,21～40件,,1,1;2,3,1,1,,True,https://www.jalasite.org/hp/10806.html,True,,713000,714000,685000,741000,613000,623000,608000,623000,12100,0,0,20000
10888,100,あり,,1,False,,201～300件,21～40件,,1,1,3,1,2,,False,,True,,624000,629000,599000,649000,523000,527000,513000,532000,30200,30000,30000,30000
10889,1,自施設での分娩取扱あり,1;2,0,True,34週,401～500件,61～80件,,1,1,3,1,2,401～500件,True,https://www.jalasite.org/hp/10155.html,True,1,660000,,,,615000,,,,21400,,,
10890,1,自施設での分娩取扱あり,1;2,1,True,30週,601～700件,81～100件,,100,,,100,100,,,,True,,519000,520000,507000,537000,499000,498000,486000,517000,0,0,0,0
10892,1,自施設での分娩取扱あり,1;2,1,True,32週,601～700件,81～100件,,1,1,3,1,1,301～400件,True,https://shiotsuka.jp/,True,1;2,521000,525000,511000,528000,472000,477000,463000,480000,0,0,0,0
10893,1,自施設での分娩取扱あり,1,2,True,,201～300件,61～80件,,1,1,3,1,2,81～100件,True,,True,,640000,609000,582000,705000,450000,450000,423000,477000,5600,0,0,15000
10894,100,あり,,1,False,,150～200件,21～40件,,1,1;2,2,1,2,,True,https://www.jalasite.org/hp/10590.html,True,,520000,524000,471000,562000,495000,497000,447000,539000,0,0,0,0
10895,100;1,あり;自施設での分娩取扱あり,1,1,True,34,601～700件,101～150件,,3,,,100,100,,False,,True,1;3,611000,622000,598000,624000,495000,500000,500000,500000,17800,25000,0,25000
10896,100,あり,,1,False,,201～300件,41～60件,True,3,,,100,100,,,,True,,621000,614000,588000,651000,590000,587000,564000,621000,1300,0,0,0
10897,1;2,自施設での分娩取扱あり;オープンシステムを利用し、他施設へ赴いての分娩取扱あり,1;2,1,True,34週,301～400件,41～60件,,100,,,100,100,,,,True,1;3,546000,548000,534000,559000,500000,502000,490000,513000,16100,15000,15000,18000
10898,1,自施設での分娩取扱あり,1;2,1,True,34週,501～600件,61～80件,,1,1,3,1,1,21～40件,True,https://www.jalasite.org/hp/10257.html,True,1;3,618000,619000,595000,640000,539000,539000,523000,556000,30300,24500,21000,36000
10899,100,あり,,1,False,,401～500件,61～80件,,1,1;2,3,2,1,,True,https://www.jalasite.org/hp/10850.html,True,,684000,686000,661000,702000,539000,546000,515000,558000,115900,116000,108300,124000
10900,100,あり,,1,False,,401～500件,41～60件,,1,1,1;3,2,1,,False,,True,,577000,570000,558000,588000,547000,545000,535000,553000,5800,0,0,1700
10901,1,自施設での分娩取扱あり,2,1,True,,901～1000件,81～100件,,1,1,1;2,2,3,401～500件,False,,True,1;2;3,654000,659000,601000,707000,620000,630000,564000,684000,8000,0,0,12000
10902,1,自施設での分娩取扱あり,1,1,True,34週,601～700件,81～100件,,1,1,1;3,2,1,101～150件,True,https://www.jalasite.org/hp/10691.html,True,,671000,670000,647000,686000,638000,638000,619000,654000,2800,0,0,0
10903,1,自施設での分娩取扱あり,1,1,True,34週,101～150件,1～20件,,1,3,2,1,2,1～20件,False,,True,,573000,568000,568000,570000,560000,556000,556000,558000,0,0,0,0
10904,100,あり,,1,False,,101～150件,21～40件,,3,,,100,100,,,,True,,508000,510000,502000,526000,482000,485000,476000,499000,0,0,0,0
10905,1,自施設での分娩取扱あり,1,1,True,34週,151～200件,21～40件,,100,,,100,100,,,,True,1;2;3,462000,466000,439000,481000,386000,386000,367000,404000,34500,30000,25000,35000
10906,1,自施設での分娩取扱あり,1,1,True,32,301～400件,21～40件,True,1,1,3,2,2,1~20件,False,,True,1;2,605000,601000,580000,621000,516000,513000,503000,528000,28700,20000,16000,40000
10907,1;2,自施設での分娩取扱あり;オープンシステムを利用し、他施設へ赴いての分娩取扱あり,1;3,1,True,32週,201～300件,1～20件,,100,,,100,100,,,,True,1;2;3,550000,546000,526000,573000,407000,411000,387000,423000,45700,38500,38500,46200
10908,100;1,あり;自施設での分娩取扱あり,1;2;3,1,True,36,301～400件,101～150件,,1,1,3,1,2,151～200件,,,True,1;2,568000,580000,505000,623000,543000,551000,483000,597000,0,0,0,0
10910,100,あり,,1,False,,150～200件,61～80件,True,3,,,100,100,,,,True,,543000,544000,527000,559000,462000,462000,448000,476000,20900,21000,21000,21000
10911,100,あり,,1,False,,201～300件,41～60件,,3,,,100,100,,,,True,,495000,495000,482000,506000,444000,443000,437000,455000,11700,14900,0,19800
10912,1,自施設での分娩取扱あり,1;2,1,True,34週,401～500件,101～150件,,1,1,3,2,2,1～20件,True,https://www.jalasite.org/hp/10491.html,True,1;3,617000,614000,606000,628000,555000,557000,557000,557000,28200,20000,20000,40000
10913,100,あり,,1,False,,201～300件,41～60件,,3,,,100,100,,,,True,,552000,549000,529000,566000,521000,519000,501000,536000,3200,0,0,0
10914,100,あり,,1,False,,301～400件,81～100件,,3,,,100,100,,,,True,,491000,485000,483000,493000,433000,433000,430000,440000,15000,10000,10000,10000
10915,1,自施設での分娩取扱あり,1;2,1,True,34週,201～300件,21～40件,,1,1,3,1,3,,True,https://www.jalasite.org/hp/10203.html,True,1;3,581000,565000,530000,642000,556000,540000,510000,615000,3500,0,0,0
10916,1,自施設での分娩取扱あり,1,1,True,,301～400件,21～40件,,100,,,100,100,,,,True,1;2;3;4;5,708000,,,,691000,,,,0,,,
10917,1,自施設での分娩取扱あり,1;2;3,1,True,32週,601～700件,61～80件,,1,1;2,3,2,1,501～600件,True,https://www.jalasite.org/hp/10202.html,True,1;2;3,673000,656000,616000,721000,574000,586000,549000,596000,6000,0,0,0
10918,1,自施設での分娩取扱あり,1;2,1,True,34週,101～150件,,,100,,,100,100,,,,True,1,521000,520000,513000,528000,502000,502000,497000,512000,0,0,0,0
10919,100,あり,,1,False,,601～700件,61～80件,,1,1;2,3,2,1,,False,,True,,644000,637000,587000,699000,533000,536000,520000,548000,100,0,0,0
10920,1,自施設での分娩取扱あり,1,1,True,32週,101～150件,21～40件,,100,,,100,100,,,,True,,634000,635000,625000,642000,528000,529000,522000,537000,24900,24000,24000,24000
10921,1,自施設での分娩取扱あり,1;2,1,True,34週,301～400件,1~20件,,100,,,100,100,,,,True,1;2,599000,602000,585000,610000,561000,566000,548000,571000,200,0,0,0
10922,1,自施設での分娩取扱あり,1;2;3,1,True,26週,1001～1500件,101～150件,,1,1,1;3,1,1,1001～1500件,True,https://www.jalasite.org/area/3_14_14137_0,True,1;2;3;4,658000,659000,624000,688000,526000,530000,497000,554000,35500,36500,30000,40000
10923,1,自施設での分娩取扱あり,1,1,True,32週,501～600件,41～60件,,1,1,1,2,1,1～20件,False,,True,1;2;3,597000,587000,574000,613000,561000,557000,543000,577000,0,0,0,0
10924,1,自施設での分娩取扱あり,,1,True,34週,201～300件,21～40件,,100,,,100,100,,,,True,1;2;3,483000,481000,467000,498000,430000,428000,411000,450000,15600,21000,9000,21000
10925,100,あり,,0,False,,201～300件,0～20件,,3,,,100,100,,,,True,,643000,634000,613000,658000,568000,563000,542000,583000,3100,0,0,0
10926,100,あり,,1,False,,201～300件,0～20件,,3,,,100,1,,,,True,,551000,555000,541000,560000,515000,516000,506000,529000,0,0,0,0
10927,1,自施設での分娩取扱あり,1;2;3,1,True,,801～900件,81～100件,,1,1;2;3,2;3,1,1,401～500件,True,https://ueno-hosp.com/pdf/JALA.pdf,True,1;2;3;4;5,665000,700000,601000,712000,585000,622000,529000,628000,54300,50000,48000,60000
10928,1,自施設での分娩取扱あり,1;3,0,True,32週,501～600件,41～60件,,1,1,3,2,1,,False,,True,1,682000,673000,636000,729000,594000,593000,564000,622000,0,0,0,0
10929,1,自施設での分娩取扱あり,1,1,True,34週,201～300件,21～40件,,100,,,100,100,,,,True,1;2;3,580000,582000,570000,594000,516000,538000,499000,546000,27600,0,0,15000
10930,100;1,あり;自施設での分娩取扱あり,1;2,1,True,34,201～300件,101～150件,,1,1,3,1,3,151～200件,True,https://www.jalasite.org/hp/10220.html,True,1;2;3;4,526000,530000,530000,535000,418000,440000,440000,440000,21900,21000,21000,21000
10931,100,あり,,1,False,,301～400件,41～60件,,1,1,3,1,2,,True,https://www.jalasite.org/hp/10142.html,True,,1225000,1218000,1178000,1275000,1134000,1132000,1082000,1177000,0,0,0,0
10932,1;2;3,自施設での分娩取扱あり;オープンシステムを利用し、他施設へ赴いての分娩取扱あり;自宅分娩（出張分娩）での分娩取扱あり,,1,,,101～150件,21～40件,,1,1;2,3,1,2,,,,,,451000,460000,431000,465000,393000,403000,378000,409000,0,0,0,0
10933,100;1,あり;自施設での分娩取扱あり,1;2;3,1,True,34,201～300件,1~20件,,1,1,3,1,2,21～40件,True,https://morishita-mc.jp/wp-content/uploads/2025/11/mutsubunben-ichiran-2025.pdf,True,1;2;3,526000,507000,501000,538000,506000,489000,484000,518000,300,0,0,0
10934,100,あり,,1,False,,201～300件,81～100件,,3,,,100,100,,,,True,,704000,706000,659000,747000,661000,664000,618000,705000,0,0,0,0
10935,1,自施設での分娩取扱あり,1;2;3,2,True,32週,201～300件,0件,,100,,,100,100,,,,True,1,584000,585000,561000,600000,569000,572000,548000,585000,0,0,0,0
10936,100,あり,,1,False,,501～600件,101～150件,,1,1,1;2,2,1,,False,,True,,706000,673000,649000,785000,688000,655000,631000,763000,0,0,0,0
10937,1,自施設での分娩取扱あり,1;2,1,True,34,601～700件,81～100件,,100,,,100,100,,,,True,1;3,571000,574000,559000,584000,513000,523000,503000,523000,21000,20000,20000,24000
10938,100;1,あり;自施設での分娩取扱あり,1;2,2,True,32,801～900件,151～200件,,1,1,1;2,2,1,401～500件,False,,True,1;3;4;5;6,703000,727000,654000,743000,617000,640000,569000,656000,63300,63500,63500,69900
10939,100,あり,,1,False,,41～60件,0～20件,,3,,,100,100,,,,True,,,,,,,,,,,,,
10940,1,自施設での分娩取扱あり,1;3,1,True,34週,601～700件,81～100件,,1,1;2,2;3,2,1,301～400件,True,https://www.jalasite.org/doc/hp/10638.html,True,1;2;3,741000,732000,679000,812000,669000,680000,650000,690000,800,0,0,0
10941,1,自施設での分娩取扱あり,1;2,1,True,36,301～400件,61～80件,,1,1;2,3,1,3,151～200件,True,https://www.jalasite.org/area/9_43_43102_0,True,1;2;3;4;6,462000,476000,428000,498000,389000,401000,381000,401000,0,0,0,0
10942,1,自施設での分娩取扱あり,1;2,1,True,34週,201～300件,1～20件,,100,,,100,100,,,,True,1;2;3,505000,502000,492000,519000,450000,450000,439000,462000,3900,0,0,0
10943,1,自施設での分娩取扱あり,1;2,1,True,35週,301～400件,41～60件,,1,1,3,2,1,81～100件,False,,True,1;3,569000,561000,561000,567000,525000,531000,527000,531000,0,0,0,0
10944,1,自施設での分娩取扱あり,1,2,True,32週,601～700件,81～100件,,1,2,1;2,2,1,1～20件,True,https://www.jalasite.org/doc/area/6_28_28214_0,True,1;2;3,652000,634000,621000,661000,564000,545000,533000,568000,0,0,0,0
10945,100,あり,,1,False,,150～200件,41～60件,,1,1,3,1,1,,True,https://www.jalasite.org/hp/10594.html,True,,878000,867000,815000,914000,850000,840000,783000,886000,3000,0,0,0
10946,1,自施設での分娩取扱あり,1;2,2,True,32週,401～500件,41～60件,,100,,,100,100,,,,True,1;2;3,537000,536000,521000,558000,498000,499000,474000,520000,25100,24000,20000,28000
10947,1,自施設での分娩取扱あり,3,1,True,16週,201～300件,61～80件,,1,1,1,2,1,1～20件,False,,True,1;2,843000,840000,804000,863000,808000,798000,765000,831000,0,0,0,0
10948,1,自施設での分娩取扱あり,1,1,True,,151～200件,21～40件,,1,1,3,1,2,61～80件,True,,True,1,625000,583000,563000,694000,585000,548000,526000,663000,16200,20000,0,27000
10949,1,自施設での分娩取扱あり,,1,,,,,,1,1;2,2;3,2,1,,True,https://www.jalasite.org/area/3_13_13108_0,,,792000,749000,717000,882000,557000,556000,549000,563000,102800,105000,105000,105000
10950,1,自施設での分娩取扱あり,1,0,True,20週,501～600件,101～150件,,1,1;2,3,1,2,701～800件,False,,True,1;2,678000,681000,640000,703000,567000,572000,532000,592000,0,0,0,0
10952,1,自施設での分娩取扱あり,1;2,1,True,35週,151～200件,1～20件,,1,1,3,2,1,,False,,True,1;2;3;4,495000,489000,475000,522000,416000,417000,390000,450000,0,0,0,0
10954,100;4,あり;なし,,1,False,,201～300件,41～60件,,3,,,100,100,,,,True,,,,,,,,,,,,,
10955,100,あり,,1,False,,301～400件,101～150件,,1,1;2,2,1,2,,True,https://www.jalasite.org/hp/10703.html,True,,465000,457000,444000,473000,385000,379000,373000,393000,8200,11300,0,16000
10956,1,自施設での分娩取扱あり,1;2,1,True,34週,201～300件,1～20件,,100,,,100,100,,,,True,1;3;4;5;6,582000,577000,564000,599000,540000,536000,526000,556000,2300,0,0,0
10957,1,自施設での分娩取扱あり,1;2,1,True,32週,401～500件,101～150件,,1,1,1;3,1,1,151～200件,True,https://www.jalasite.org/hp/10739.html,True,,630000,637000,598000,664000,543000,540000,522000,562000,0,0,0,0
10958,1,自施設での分娩取扱あり,1;2,1,False,,301～400件,41～60件,,1,1;2,2;3,2,1,21～40件,True,https://www.tate-sanfujinka.jp/painless-delivery/,True,,513000,503000,483000,528000,485000,486000,468000,499000,0,0,0,0
10959,100;1,あり;自施設での分娩取扱あり,1;2,1,True,34,151～200件,1~20件,,3,,,100,100,,,,True,1;3,488000,489000,483000,493000,438000,438000,433000,444000,21100,21000,21000,24500
10960,1,自施設での分娩取扱あり,1,1,True,34週,201～300件,41～60件,,100,,,100,100,,,,True,1;2,583000,585000,573000,595000,546000,548000,535000,560000,300,0,0,0
10961,1,自施設での分娩取扱あり,1;2,1,True,24~28週,301～400件,41～60件,,100,,,100,100,,,,True,1;2;3;4;5;6,653000,637000,621000,684000,620000,612000,596000,651000,0,0,0,0
10962,1,自施設での分娩取扱あり,2;3;1,1,True,15,401～500件,21～40件,,1,1,3,2,2,21～40件,False,,True,1;3;4;5,551000,546000,541000,556000,434000,438000,422000,444000,0,0,0,0
10963,100,あり,,1,False,,401～500件,61～80件,,1,1,3,2,2,,False,,True,,579000,580000,567000,595000,543000,547000,531000,559000,100,0,0,0
10964,100,あり,,0,False,,301～400件,101～150件,,3,,,100,100,,,,True,,550000,557000,532000,569000,472000,476000,464000,485000,29200,36000,30000,36000
10965,1;2,自施設での分娩取扱あり;オープンシステムを利用し、他施設へ赴いての分娩取扱あり,1,2,True,34週,301～400件,41～60件,,1,1,3,2,1,21～40件,False,,True,1;2;3,581000,569000,548000,594000,513000,502000,481000,533000,31400,30000,25000,35000
10966,1,自施設での分娩取扱あり,1,2,True,34週,401～500件,61～80件,,1,1,1;3,2,100,,False,,True,1,541000,539000,521000,544000,506000,507000,489000,513000,0,0,0,0
10968,100,あり,,1,False,,201～300件,21～40件,,3,,,100,100,,,,True,,497000,505000,487000,509000,449000,454000,442000,464000,0,0,0,0
10969,1,自施設での分娩取扱あり,1;2,1,True,32~35週,61～80件,21～40件,,1,1,3,1,2,21～40件,True,https://www.jalasite.org/area/6_26_26107_0,True,,758000,,,,625000,,,,55000,,,
10970,100,あり,,0,False,,81～100件,0～20件,,3,,,100,100,,,,True,,536000,536000,526000,549000,502000,503000,488000,517000,0,0,0,0
10971,100;1,あり;自施設での分娩取扱あり,2,1,False,,201～300件,41～60件,,3,,,100,100,,,,True,,475000,472000,470000,478000,456000,456000,455000,458000,0,0,0,0
10972,100,あり,,1,False,,101～150件,21～40件,,1,1,3,1,2,,False,,True,,517000,514000,502000,520000,395000,407000,397000,407000,21900,25000,20000,25000
10973,1,自施設での分娩取扱あり,1,1,True,34,701～800件,101～150件,,1,1,3,1,1,201～300件,False,,True,1;3;4;5;6,416000,412000,392000,432000,365000,370000,350000,380000,5400,0,0,0
10974,100;1,あり;自施設での分娩取扱あり,1,1,True,34,201～300件,61～80件,,1,1,3,1,1,151～200件,False,,True,1;2,655000,658000,630000,683000,609000,621000,560000,636000,0,0,0,0
10975,1,自施設での分娩取扱あり,1;2,1,True,30~32週,201～300件,41～60件,,100,,,100,100,,,,True,1;3,545000,,,,518000,,,,0,,,
10976,1,自施設での分娩取扱あり,1;2,1,True,34週,301～400件,41～60件,,1,1,3,2,1,21～40件,True,http://www.okumuraclinic.or.jp/maternity/birth/birth01/shisetu_list_20250623.pdf,True,1;3;4;5,523000,520000,513000,529000,443000,439000,432000,448000,0,0,0,0
10978,1,自施設での分娩取扱あり,1,2,True,34週,201～300件,61～80件,,1,1,3,2,1,61～80件,True,,True,1;2;3;4,668000,660000,626000,709000,590000,577000,554000,617000,56600,60000,50000,60000
10980,100;1,あり;自施設での分娩取扱あり,1;2,2,True,33,101～150件,1~20件,,1,1,3,1,2,1~20件,True,https://www.jalasite.org/hp/10840.html,True,1;2;3,570000,567000,554000,589000,516000,510000,497000,527000,0,0,0,0
10981,100,あり,1;2,1,True,34,301～400件,1~20件,,1,1;2;3,3,1,1,,True,https://www.jalasite.org/hp/10141.html,True,1;2;3;4;5;6,884000,887000,832000,923000,792000,822000,716000,837000,49700,45000,45000,55000
10982,100,あり,,1,False,,301～400件,101～150件,,3,,,100,100,,,,True,,557000,555000,550000,561000,535000,535000,530000,541000,500,0,0,0
10983,4,なし,,1,,,101～150件,,,100,,,100,100,,,,,,483000,,,,439000,,,,0,,,
10984,100,あり,,1,False,,201～300件,0～20件,,3,,,100,100,,,,True,,448000,455000,436000,468000,409000,411000,399000,430000,0,0,0,0
10986,1,自施設での分娩取扱あり,1;2,1,True,15~30週,401～500件,61～80件,,1,1,3,1,1,201～300件,False,,True,1;2;3,798000,810000,744000,857000,626000,623000,594000,636000,54700,60000,50000,60000
10987,1,自施設での分娩取扱あり,1,1,True,32週,301～400件,21～40件,,100,,,100,100,,,,True,1;2;3;4,796000,796000,763000,823000,729000,737000,705000,762000,7000,0,0,0
10989,1;3,自施設での分娩取扱あり;自宅分娩（出張分娩）での分娩取扱あり,1;2,1,True,34週,151～200件,21～40件,,100,,,100,100,,,,True,1;2;3;4,588000,584000,563000,607000,543000,541000,515000,566000,19900,10200,0,22000
10990,1,自施設での分娩取扱あり,1;2,1,True,32,301～400件,81～100件,,1,1,2;3,2,2,101～150件,False,,True,1,656000,647000,610000,699000,582000,583000,545000,620000,49100,49500,40500,58500
10991,1,自施設での分娩取扱あり,1,1,True,32週,601～700件,101～150件,,100,,,100,100,,,,True,1;3,532000,535000,524000,548000,498000,500000,498000,510000,14700,17500,12500,17500
10992,100,あり,,1,False,,201～300件,0～20件,,1,1,2;3,1,2,,False,,True,,546000,537000,514000,560000,403000,405000,397000,416000,40700,35000,30000,49000
10993,100;1,あり;自施設での分娩取扱あり,1,2,True,20,301～400件,81～100件,,1,1,3,2,1,1～20件,False,,True,1,512000,511000,501000,521000,441000,446000,436000,447000,53000,51000,46000,57500
10994,1,自施設での分娩取扱あり,,1,,,201～300件,41～60件,,100,,,100,100,,,,,,487000,490000,482000,500000,444000,447000,439000,456000,11900,12000,12000,12000
10995,1,自施設での分娩取扱あり,1,1,True,32週,301～400件,61～80件,,100,,,100,100,,,,True,1;2;3,639000,638000,622000,659000,588000,589000,578000,601000,15800,0,0,35000
10997,1,自施設での分娩取扱あり,1;2,1,True,34週,101～150件,21～40件,,100,,,100,100,,,,True,1;3,489000,492000,484000,503000,432000,440000,427000,448000,18600,18000,18000,21000
10998,100,あり,,1,False,,150～200件,21～40件,,1,1,3,1,2,,True,https://www.jalasite.org/hp/10242.html,True,,582000,579000,544000,620000,479000,483000,454000,488000,36900,40000,40000,48000
11000,1,自施設での分娩取扱あり,1,1,True,34週,201～300件,41～60件,,1,,3,2,1,21～40件,,,True,1;3;4,578000,575000,554000,589000,519000,504000,499000,519000,32000,36000,36000,42000
11001,1,自施設での分娩取扱あり,1;2,0,True,36週,301～400件,21～40件,,100,,,100,100,,,,True,1;3,491000,494000,475000,511000,453000,456000,438000,470000,12600,12000,10000,15000
11003,100,あり,,1,False,,401～500件,41～60件,,1,1;3,3,2,1,,False,,True,,545000,542000,532000,542000,505000,507000,499000,515000,0,0,0,0
11004,1,自施設での分娩取扱あり,1;2;3,1,True,32週,401～500件,41～60件,,1,1,3,1,2,151～200件,False,,True,1;3,603000,587000,558000,645000,524000,526000,511000,536000,32900,30000,25000,35000
11005,1,自施設での分娩取扱あり,1,1,True,34週,151～200件,1～20件,,1,1;2,2;3,2,1,1～20件,True,https://uchiyama-clinic.sakura.ne.jp/epidural/,True,1;3,498000,492000,482000,518000,461000,456000,446000,480000,0,0,0,0
11006,100,あり,,1,False,,150～200件,21～40件,,3,,,100,100,,False,,True,,631000,629000,621000,674000,467000,472000,455000,479000,73200,81000,72000,93000
11007,1,自施設での分娩取扱あり,1;2,2,True,,301～400件,21～40件,,100,,,100,100,,,,True,,517000,519000,507000,528000,501000,502000,491000,512000,0,0,0,0
11008,1,自施設での分娩取扱あり,1,1,True,34週,201～300件,1～20件,,100,,,100,100,,,,True,1;3;4;6,563000,559000,534000,593000,514000,510000,497000,533000,21000,20000,20000,24000
11009,1,自施設での分娩取扱あり,2,1,True,34週,601～700件,61～80件,,100,,,100,100,,,,True,1;3,581000,577000,565000,598000,553000,551000,541000,571000,2400,0,0,0
11010,1,自施設での分娩取扱あり,1;2,1,True,36週,201～300件,41～60件,,100,,,100,100,,,,True,1;2;3,527000,526000,513000,546000,486000,486000,472000,506000,16700,19800,9900,19800
11011,100,あり,,0,False,,301～400件,41～60件,,1,1;2,2;3,1,2,,False,,True,,630000,630000,593000,673000,602000,603000,565000,648000,0,0,0,0
11012,1,自施設での分娩取扱あり,,1,True,35週,151～200件,41～60件,,1,1,3,1,2,41～60件,True,https://www.jalasite.org/,True,1;3,484000,463000,457000,525000,422000,424000,419000,426000,0,0,0,0
11013,1,自施設での分娩取扱あり,1;2,1,True,34週,301～400件,41～60件,,100,,,100,100,,,,True,1;2,557000,559000,542000,572000,524000,520000,510000,542000,300,0,0,0
11014,100,あり,,1,False,,301～400件,61～80件,,1,1,1,2,1,,True,https://www.jalasite.org/hp/10136.html,True,,779000,737000,726000,870000,740000,708000,681000,818000,0,0,0,0
11015,100;1,あり;自施設での分娩取扱あり,1;2,1,True,34,201～300件,21～40件,,3,,,100,100,0件,,,True,1,544000,541000,523000,569000,490000,499000,472000,503000,0,0,0,0
11016,100,あり,,1,False,,501～600件,81～100件,,1,1,1;2,2,1,,False,,True,,727000,711000,674000,791000,635000,637000,614000,659000,0,0,0,0
11017,2,オープンシステムを利用し、他施設へ赴いての分娩取扱あり,,0,,,301～400件,1～20件,,100,,,100,100,,,,,,667000,680000,667000,686000,642000,652000,642000,665000,0,0,0,0
11018,100,あり,,1,False,,301～400件,150～200件,,2,1,2;3,1,2,,False,,True,,489000,491000,473000,508000,432000,428000,420000,448000,2200,0,0,6000
11019,1,自施設での分娩取扱あり,1;2,1,True,34週,301～400件,61～80件,,3,,,100,100,,,,True,,501000,500000,488000,515000,474000,479000,469000,488000,6500,0,0,15000
11020,100,あり,,0,False,,701～800件,150～200件,True,1,1,2;3,1,1,,False,,True,,746000,773000,658000,791000,702000,733000,621000,749000,5400,0,0,0
11021,,,,0,True,,401～500件,101～150件,,100,,,100,100,,,,True,1,607000,601000,580000,631000,502000,499000,476000,524000,34200,29800,27500,40000
11022,100;1,あり;自施設での分娩取扱あり,1;2,1,True,,301～400件,41～60件,,2,1,3,2,1,41～60件,False,,True,1,592000,581000,571000,598000,569000,559000,552000,573000,2000,0,0,0
11023,1,自施設での分娩取扱あり,1,1,True,34週,401～500件,81～100件,,1,1,3,2,1,0件,False,,True,1,579000,562000,552000,599000,497000,489000,484000,520000,35700,33000,33000,39600
11024,1,自施設での分娩取扱あり,1,1,True,34週,1001～1500件,201～300件,True,1,1;2;3,3,2,1,301～400件,True,https://www.jalasite.org/hp/10243.html,True,1;2;3;4,601000,590000,572000,634000,534000,534000,530000,539000,0,0,0,0
11025,1,自施設での分娩取扱あり,1;2,1,True,34週,151～200件,21～40件,,100,,,100,100,,,,True,1;2;3;4,461000,462000,448000,470000,401000,406000,396000,411000,37200,35000,30000,42000
11026,1,自施設での分娩取扱あり,1,1,True,20週,501～600件,61～80件,,1,1,3,2,1,0件,False,,True,1;2;3,618000,616000,602000,633000,585000,584000,571000,598000,200,0,0,0
11027,100,あり,,1,False,,701～800件,101～150件,,1,1,3,2,1,,False,,True,,560000,565000,529000,592000,455000,456000,425000,480000,53200,59500,50000,60000
11028,1,自施設での分娩取扱あり,1,1,True,34週,1501～2000件,201～300件,,1,1,1,1,3,,True,,True,,581000,582000,549000,614000,518000,521000,510000,530000,3500,0,0,0
11029,1,自施設での分娩取扱あり,1;2,1,True,34週,201～300件,61～80件,,1,1,3,2,2,21～40件,True,https://www.taisho-byoin.or.jp/clinic/,True,1,596000,575000,566000,603000,559000,547000,547000,582000,0,0,0,0
11030,1;2,自施設での分娩取扱あり;オープンシステムを利用し、他施設へ赴いての分娩取扱あり,1;2,1,True,36週,201～300件,41～60件,True,1,1,3,1,2,41～60件,True,https://www.jalasite.org/area/6_30_30201_0,True,1,538000,522000,511000,540000,493000,495000,480000,500000,0,0,0,0
11031,100,あり,,1,False,,150～200件,81～100件,,3,,,100,100,,,,True,,631000,631000,612000,653000,563000,563000,554000,578000,0,0,0,0
11032,1,自施設での分娩取扱あり,1,2,True,34週,201～300件,41～60件,,1,1,1;2;3,1,2,101～150件,False,,True,1,587000,579000,548000,630000,511000,507000,474000,557000,4400,0,0,6100
11033,1,自施設での分娩取扱あり,1;2;3,1,True,34,501～600件,151～200件,,1,1,3,1,3,151～200件,False,,True,,522000,521000,492000,549000,482000,480000,453000,510000,2700,0,0,0
11034,1,自施設での分娩取扱あり,1,1,True,20週,151～200件,41～60件,,100,,,100,100,,,,True,1,558000,557000,546000,566000,480000,482000,472000,492000,15400,16000,12000,17500
11035,1,自施設での分娩取扱あり,1;2,1,True,34週,301～400件,41～60件,,100,,,100,100,,,,True,1;3,537000,545000,527000,552000,490000,492000,484000,501000,28800,36000,36000,36000
11036,100,あり,,1,False,,81～100件,0～20件,,3,,,100,100,,,,True,,557000,557000,556000,558000,536000,537000,531000,542000,0,0,0,0
11037,100,あり,,1,False,,81～100件,0～20件,,3,,,100,100,,,,True,,560000,561000,552000,577000,494000,497000,486000,514000,10800,12000,12000,14000
11038,1,自施設での分娩取扱あり,1;2,1,True,34週,201～300件,21～40件,,1,1;2,3,2,3,61～80件,True,https://www.jalasite.org/doc/area/3_12_12235_0,True,1;2;3;4;5;6,559000,540000,520000,605000,490000,489000,488000,493000,3600,0,0,6000
11040,1,自施設での分娩取扱あり,1;3,1,True,34,201～300件,61～80件,,1,1;2,3,2,1,1~20件,False,,True,1,592000,588000,582000,597000,571000,567000,564000,577000,0,0,0,0
11041,1,自施設での分娩取扱あり,1;2,1,True,34週,201～300件,1～20件,,100,,,100,100,,,,True,1;3,544000,540000,531000,555000,510000,507000,498000,522000,0,0,0,0
11042,1;2,自施設での分娩取扱あり;オープンシステムを利用し、他施設へ赴いての分娩取扱あり,1;2,1,True,34週,61～80件,1～20件,,100,,,100,100,,,,True,1;3,510000,509000,506000,512000,486000,487000,483000,489000,0,0,0,0
11043,1,自施設での分娩取扱あり,1;2,2,True,29,801～900件,101～150件,,3,,,100,100,,,,True,1;2;3,543000,548000,524000,560000,514000,521000,498000,529000,3900,0,0,8000
11044,1,自施設での分娩取扱あり,2,1,True,32~34週,101～150件,0件,,2,1;3,3,2,2,0件,False,,True,1;3;4;5;6,508000,509000,499000,523000,485000,491000,477000,501000,0,0,0,0
11045,1,自施設での分娩取扱あり,1;2,0,True,,1001～1500件,201～300件,,1,1,1;3,1,1,,False,,True,1,738000,755000,658000,798000,585000,586000,576000,592000,25400,0,0,44000
11046,100,あり,,1,False,,301～400件,61～80件,,1,1;2,3,2,1,,False,,True,,710000,674000,638000,797000,632000,621000,591000,667000,0,0,0,0
11047,1,自施設での分娩取扱あり,1,1,True,34週,81～100件,61～80件,,100,,,100,100,,,,True,1,544000,553000,523000,559000,483000,484000,468000,499000,29100,30000,25000,30000
11048,100,あり,,1,False,,401～500件,41～60件,,3,,,100,100,,,,True,,548000,550000,534000,570000,484000,495000,474000,500000,0,0,0,0
11049,1,自施設での分娩取扱あり,1,1,True,34週,401～500件,41～60件,True,1,1,3,1,2,151～200件,False,,True,1;2,634000,642000,582000,668000,509000,523000,467000,542000,11100,0,0,0
11051,100,あり,,1,False,,201～300件,61～80件,,1,,,100,100,,,,True,,528000,525000,516000,536000,499000,503000,500000,503000,3000,0,0,0
11052,1,自施設での分娩取扱あり,1,1,True,33~34週,301～400件,61～80件,,1,1,3,2,1,1~20件,,,True,1;2;3,620000,622000,597000,654000,534000,537000,524000,559000,45100,42000,38500,49000
11053,100;1,あり;自施設での分娩取扱あり,1,1,True,,501～600件,61～80件,,1,1,3,1,3,81～100件,True,https://www.jalasite.org/hp/10298.html,True,1;2,682000,665000,644000,701000,626000,608000,592000,642000,24500,25000,20000,28000
11054,1,自施設での分娩取扱あり,,1,True,36週,301～400件,81～100件,,1,1,3,1,2,61～80件,True,https://www.jalasite.org/hp/10428.html,True,1;3,512000,508000,489000,522000,480000,482000,471000,490000,0,0,0,0
11055,1;4,自施設での分娩取扱あり;なし,,1,True,34週,81～100件,1~20件,,100,,,100,100,,,,True,1,474000,474000,456000,490000,417000,418000,402000,428000,0,0,0,0
11056,100,あり,,1,False,,61～80件,21～40件,,2,1,3,1,2,,False,,True,,482000,481000,473000,484000,407000,403000,403000,415000,25600,30000,30000,30000
11057,1,自施設での分娩取扱あり,1;2,1,True,34週,201～300件,81～100件,,1,1,3,2,3,0件,False,,True,1,490000,489000,468000,516000,428000,424000,416000,449000,17100,20000,0,25000
11058,100,あり,,1,False,,41～60件,21～40件,,3,,,100,100,,,,True,,473000,,,,384000,,,,0,,,
11059,1,自施設での分娩取扱あり,1;2,1,True,34週,201～300件,61～80件,,100,,,100,100,,,,True,1,552000,547000,533000,575000,509000,510000,490000,530000,8100,0,0,10000
11060,100,あり,,1,False,,301～400件,21～40件,,3,,,100,100,,,,True,,512000,515000,495000,533000,458000,463000,437000,473000,0,0,0,0
11061,1,自施設での分娩取扱あり,1;2;3,1,True,32~34週,401～500件,101～150件,,1,1;2,3,2,1,,False,,True,1,586000,576000,552000,601000,551000,543000,530000,556000,15900,20000,0,25000
11062,1;2,自施設での分娩取扱あり;オープンシステムを利用し、他施設へ赴いての分娩取扱あり,1;2,1,True,36週,301～400件,41～60件,,100,,,100,100,,,,True,,513000,513000,513000,514000,419000,420000,420000,420000,51200,50000,50000,50000
11063,1,自施設での分娩取扱あり,1;2,1,True,35~36週,801～900件,21～40件,,1,1;2,3,1,1,501～600件,False,,True,,586000,580000,567000,612000,507000,498000,492000,524000,1200,0,0,0
11064,1,自施設での分娩取扱あり,1;2,1,True,32週,301～400件,61～80件,,1,1,1,2,1,,False,,True,1;2;3;4,,,,,,,,,,,,
11065,100,あり,,1,False,,301～400件,41～60件,,1,1,2,2,1,,True,https://www.jalasite.org/hp/10262.html,True,,617000,617000,588000,638000,443000,444000,434000,462000,90200,91000,80000,96000
11066,100,あり,,1,False,,201～300件,81～100件,,3,,,100,100,,,,True,,611000,607000,595000,632000,553000,549000,539000,568000,40100,42000,35000,42000
11067,100;1,あり;自施設での分娩取扱あり,1;2,1,True,26,501～600件,21～40件,,1,1,3,2,1,61～80件,True,https://www.jalasite.org/hp/10381.html,True,1,544000,531000,521000,549000,525000,512000,502000,528000,500,0,0,0
11068,1,自施設での分娩取扱あり,1;2,1,True,32週,301～400件,81～100件,,100,,,100,100,,,,True,,556000,560000,547000,573000,498000,502000,490000,514000,15600,15000,15000,15000
11069,1,自施設での分娩取扱あり,1,1,True,32週,301～400件,81～100件,,1,1;2,3,2,1,0件,False,,True,1,598000,592000,574000,610000,573000,566000,552000,587000,0,0,0,0
11070,1,自施設での分娩取扱あり,1;2,1,True,20週,301～400件,81～100件,,1,1;3,3,2,2,,False,,True,1;2;3;4,581000,573000,568000,591000,523000,523000,523000,523000,11400,10000,0,20000
11071,1,自施設での分娩取扱あり,1;2,1,True,34週,401～500件,101～150件,,1,1,3,2,3,301～400件,True,https://www.jalasite.org/hp/10039.html,True,1;3,727000,734000,658000,788000,523000,525000,508000,545000,50400,48000,40000,58500
11072,1,自施設での分娩取扱あり,,1,,,601～700件,21～40件,True,1,1,3,1,1,401～500件,True,https://www.jalasite.org/hp/10150.html,,,724000,740000,690000,755000,699000,724000,674000,724000,6300,0,0,0
11073,100,あり,,1,False,,301～400件,81～100件,,1,1,3,2,2,,False,,True,,619000,612000,601000,637000,577000,575000,562000,595000,0,0,0,0
11074,100,あり,,1,False,,701～800件,81～100件,,1,1,2;3,1,2,,True,https://www.jalasite.org/hp/10263.html,True,,562000,544000,533000,587000,445000,443000,429000,453000,500,0,0,0
11075,1,自施設での分娩取扱あり,1;2,2,True,36週,101～150件,21～40件,,100,,,100,100,,,,True,1;2;3;4,484000,485000,475000,491000,431000,430000,424000,439000,0,0,0,0
11076,1,自施設での分娩取扱あり,,,,,201～300件,21～40件,,1,1,3,1,2,,,,,,458000,464000,453000,472000,385000,393000,382000,395000,19400,20500,18000,20800
11077,100,あり,,1,False,,201～300件,41～60件,,3,,,100,100,,,,True,,555000,552000,536000,568000,459000,458000,448000,467000,64500,60000,60000,72000
11078,100,あり,,1,False,,501～600件,61～80件,,1,1,3,1,2,,True,https://www.jalasite.org/hp/10553.html,True,,546000,543000,523000,573000,501000,500000,480000,528000,0,0,0,0
11079,1,自施設での分娩取扱あり,1,1,True,9~12週,501～600件,101～150件,,1,1,3,2,1,201～300件,True,https://www.jalasite.org/hp/10057.html,True,1;2,651000,639000,616000,692000,511000,516000,506000,525000,62900,60000,60000,72000
11080,1,自施設での分娩取扱あり,1,0,True,32週,501～600件,101～150件,,1,1,2;3,2,1,61～80件,True,,True,1,623000,613000,595000,642000,549000,535000,523000,568000,18500,17500,17500,22500
11081,100,あり,,1,False,,301～400件,21～40件,,1,1,1;3,1,1,,,,True,,613000,601000,546000,678000,534000,508000,487000,597000,18200,15000,12500,25000
11082,100;1,あり;自施設での分娩取扱あり,,1,True,,201～300件,21～40件,,1,1,3,2,1,21～40件,True,,True,1;2;3,653000,654000,630000,675000,458000,462000,446000,472000,0,0,0,0
11083,100,あり,,1,False,,150～200件,0～20件,,3,,,100,100,,,,True,,528000,529000,509000,548000,451000,456000,436000,467000,12500,12000,10000,15000
11084,100,あり,,1,False,,201～300件,21～40件,,3,,,100,100,,,,True,,583000,584000,580000,587000,541000,543000,536000,546000,1200,0,0,0
11085,100;1,あり;自施設での分娩取扱あり,1;2,1,True,34,801～900件,151～200件,,1,1,3,2,1,301～400件,True,https://www.jalasite.org/hp/10385.html,True,1;2;3,591000,581000,540000,642000,500000,496000,486000,514000,10600,8000,0,20000
11086,1,自施設での分娩取扱あり,1;2,1,True,34週,401～500件,41～60件,,1,1,3,2,1,41～60件,True,https://www.jalasite.org/hp/10224.html,True,1;2;3;4;5,628000,617000,600000,642000,606000,596000,579000,617000,300,0,0,0
11087,1,自施設での分娩取扱あり,1;2,1,True,32週,301～400件,,,100,,,100,100,,,,True,1;3;4,535000,539000,521000,560000,484000,488000,472000,510000,10600,13200,0,16500
11088,1,自施設での分娩取扱あり,1;2;3,1,True,,201～300件,201～300件,,1,1,3,1,1,,True,https://www.jalasite.org/hp/10037.html,True,1;3;4,688000,679000,650000,713000,418000,418000,418000,418000,117000,116500,110500,126500
11090,1,自施設での分娩取扱あり,1,0,True,34週,201～300件,81～100件,,1,1,3,2,1,41～60件,True,https://www.jalasite.org/,True,1,567000,558000,529000,583000,540000,530000,506000,558000,2900,0,0,7500
11091,100,あり,,1,False,,301～400件,21～40件,,1,1;2,3,2,1,,False,,True,,598000,585000,561000,639000,515000,515000,505000,529000,0,0,0,0
11092,100,あり,,1,False,,201～300件,41～60件,,1,1,3,1,2,,True,https://www.jalasite.org/hp/10049.html,True,,609000,598000,581000,653000,545000,532000,509000,577000,24600,29800,0,35300
11093,1,自施設での分娩取扱あり,1;2,1,True,34週,151～200件,61～80件,,1,1;3,2;3,1,3,101～150件,True,https://www.jalasite.org/,False,1;2;3;4;5;6,508000,515000,472000,544000,358000,360000,340000,375000,1300,0,0,3000
11094,100,あり,,0,False,,601～700件,41～60件,,3,,,100,100,,,,True,,571000,573000,548000,594000,553000,555000,530000,576000,0,0,0,0
11096,1,自施設での分娩取扱あり,1;2;3,1,True,34週,401～500件,81～100件,,1,1,1,2,1,1～20件,False,,True,1;2;3;4,524000,521000,507000,541000,488000,486000,474000,502000,4700,0,0,6000
11097,1,自施設での分娩取扱あり,1;2,1,True,34週,201～300件,21～40件,,1,1,3,1,2,41～60件,True,http://kawata-obgy.com/bunben/,True,1;3;4,578000,572000,530000,604000,412000,407000,386000,439000,66300,60000,60000,70000
11098,1,自施設での分娩取扱あり,1,1,True,,201～300件,101～150件,,100,,,100,100,,,,True,1;2,482000,483000,481000,486000,408000,409000,405000,412000,0,0,0,0
11099,100,あり,,1,False,,301～400件,41～60件,,3,,,100,100,,,,True,,668000,661000,639000,690000,576000,573000,548000,597000,57700,50000,50000,68500
11100,1,自施設での分娩取扱あり,1;2,0,True,34週,201～300件,61～80件,,100,,,100,100,,,,True,1,606000,613000,583000,630000,439000,445000,420000,465000,60200,60000,54000,60000
11101,100,あり,,1,False,,201～300件,41～60件,,3,,,100,100,,,,True,,560000,563000,535000,584000,432000,439000,422000,447000,22300,0,0,50000
11102,1,自施設での分娩取扱あり,1;2,1,True,32週,201～300件,,,100,,,100,100,,,,True,1;2;3;4;5,658000,654000,644000,675000,566000,571000,560000,573000,39200,30000,30000,60000
11103,1,自施設での分娩取扱あり,1;2,1,True,34週,401～500件,81～100件,,1,1,2;3,1,3,151～200件,False,,True,,511000,501000,489000,530000,471000,465000,451000,496000,15600,15000,7500,18000
11104,100,あり,,1,False,,401～500件,41～60件,,1,1;2;3,2,100,100,,True,https://www.jalasite.org/hp/10856.html,True,,593000,597000,564000,624000,552000,554000,529000,568000,1900,0,0,0
11105,1,自施設での分娩取扱あり,1,1,True,34週,201～300件,1～20件,,100,,,100,100,,,,True,1;3;4;5,504000,506000,501000,508000,471000,474000,471000,477000,700,0,0,0
11106,1;2;4,自施設での分娩取扱あり;オープンシステムを利用し、他施設へ赴いての分娩取扱あり;なし,1;2,1,True,34週,81～100件,0件,,3,,,100,100,,,,True,1;3;4;6,483000,,,,457000,,,,0,,,
11107,1,自施設での分娩取扱あり,1;2,0,True,34週,301～400件,41～60件,,1,1;2,3,2,1,61～80件,False,,True,,602000,594000,563000,630000,544000,534000,514000,572000,900,0,0,0
11108,100,あり,,1,False,,401～500件,101～150件,,3,,,100,100,,,,True,,650000,654000,634000,670000,561000,560000,558000,574000,30300,35000,35000,35000
11109,1,自施設での分娩取扱あり,1;2;3,1,True,34,101～150件,21～40件,True,1,1;2,2;3,1,3,21～40件,True,https://www.jalasite.org/hp/10525.html,True,1,556000,536000,522000,588000,508000,508000,496000,518000,1400,0,0,0
11110,1,自施設での分娩取扱あり,1,1,True,,601～700件,101～150件,,1,1;2,1;2;3,2,1,201～300件,True,https://www.jalasite.org/area/3_13_13118_0,True,,670000,642000,614000,742000,572000,567000,563000,584000,15800,15000,12000,18000
11111,100,あり,,1,False,,501～600件,21～40件,,3,,,100,100,,,,True,,477000,477000,465000,493000,432000,437000,424000,449000,17500,18000,12000,24000
11112,1,自施設での分娩取扱あり,1;2,2,True,34週,301～400件,61～80件,,100,,,100,100,,,,True,1;3,541000,551000,523000,570000,487000,500000,475000,512000,0,0,0,0
11113,100,あり,,1,False,,150～200件,0～20件,,3,,,100,100,,,,True,,617000,,,,581000,,,,0,,,
11114,100;1,あり;自施設での分娩取扱あり,1,1,True,34,301～400件,41～60件,,1,1,2;3,2,3,301～400件,True,https://www.jalasite.org/hp/10633.html,True,1;3;4;5;6,773000,780000,713000,849000,726000,745000,665000,780000,12400,0,0,30000
11115,100,あり,,1,False,,151～200件,0～20件,,3,,,100,100,,,,True,,670000,677000,663000,688000,636000,644000,629000,653000,0,0,0,0
11116,1,自施設での分娩取扱あり,1,1,True,"34
無痛分娩は32",801～900件,101～150件,True,1,1;2,1;2,1,3,401～500件,True,https://www.jalasite.org/hp/10296.html,True,1;2;3,812000,817000,714000,900000,657000,674000,580000,730000,76500,60000,55000,105000
11117,1,自施設での分娩取扱あり,1;2;3,1,True,34週,151～200件,21～40件,,1,2,3,1,1,41～60件,False,,True,1;3,637000,619000,591000,682000,562000,550000,526000,581000,41400,40000,32000,52000
11118,1,自施設での分娩取扱あり,1,0,True,32週,401～500件,151～200件,,1,1,3,2,1,,False,,True,1,556000,562000,557000,566000,461000,469000,463000,471000,21700,22000,22000,22000
11120,1,自施設での分娩取扱あり,1;2,1,True,16~20週,301～400件,21～40件,,100,,,100,100,,,,True,1;2;3;4;5,551000,552000,534000,569000,521000,522000,506000,541000,6100,0,0,15000
11121,100,あり,,0,False,,201～300件,21～40件,True,1,1,3,1,1,,True,https://www.jalasite.org/hp/10781.html,True,,761000,744000,700000,823000,666000,641000,623000,761000,47700,65000,13000,65000
11122,1,自施設での分娩取扱あり,1,1,True,35週,21～40件,21～40件,,100,,,100,100,,,,True,1,570000,,,,470000,,,,0,,,
11123,1,自施設での分娩取扱あり,1;2,2,True,34週,201～300件,21～40件,,1,1,3,1,3,1～20件,False,,True,1;3,521000,526000,501000,544000,482000,488000,460000,505000,2600,0,0,0
11124,1,自施設での分娩取扱あり,1,0,True,34週,201～300件,21～40件,,100,,,100,100,,,,True,1;2;3;4;5,562000,560000,551000,572000,471000,470000,465000,474000,7500,0,0,15000
11125,100;1,あり;自施設での分娩取扱あり,1;3,1,True,34,401～500件,81～100件,,3,,,100,100,,,,True,,598000,603000,573000,620000,462000,460000,454000,473000,58300,70000,60000,70000
11126,1,自施設での分娩取扱あり,1,1,True,32週,501～600件,101～150件,,100,,,100,100,,,,True,1,607000,603000,590000,616000,544000,541000,531000,552000,1900,0,0,0
11127,1,自施設での分娩取扱あり,1;2,1,True,34週,301～400件,41～60件,,1,1,3,1,3,21～40件,False,,True,1;2;3,551000,540000,511000,600000,384000,371000,357000,418000,115700,120000,100000,120000
11128,100;1,あり;自施設での分娩取扱あり,1,1,True,20,301～400件,81～100件,,2,1,1;2;3,2,1,1~20件,True,https://www.jalasite.org/hp/10251.html,True,1;2,572000,576000,552000,589000,548000,558000,528000,558000,1600,0,0,0
11129,1,自施設での分娩取扱あり,1;2;3,1,True,34週,601～700件,61～80件,,1,1,1;2;3,1,1,601～700件,True,https://jalasite.org/hp/10144.html,True,1;2;3,1368000,1372000,1319000,1399000,1325000,1332000,1272000,1352000,0,0,0,0
11130,100,あり,,1,False,,501～600件,101～150件,,1,1,2,2,1,,False,,True,,593000,596000,572000,607000,510000,516000,487000,526000,44500,42000,42000,42000
11131,1,自施設での分娩取扱あり,1;2,1,True,32週,101～150件,21～40件,,100,,,100,100,,,,True,1,608000,609000,584000,631000,527000,520000,512000,545000,0,0,0,0
11132,100,あり,,1,False,,101～150件,0～20件,,1,1,2,1,2,,False,,True,,522000,517000,508000,537000,453000,456000,447000,465000,35800,46200,26400,46200
11133,1,自施設での分娩取扱あり,1;2,1,True,34週,151～200件,21～40件,,100,,,100,100,,,,True,1;2;3;4,508000,503000,501000,516000,484000,481000,479000,488000,0,0,0,0
11134,1,自施設での分娩取扱あり,1,0,True,32週,151～200件,21～40件,,1,1,3,2,1,1～20件,False,,True,1,629000,635000,592000,645000,577000,584000,545000,593000,2300,0,0,0
11135,1,自施設での分娩取扱あり,1,1,True,33週,101～150件,21～40件,,1,1,3,1,1,61～80件,False,,True,1,926000,933000,839000,1032000,630000,663000,588000,683000,88800,120000,0,120000
11136,100,あり,,1,False,,201～300件,41～60件,,1,1,3,1,2,,True,,True,,513000,,,,464000,,,,36000,,,
11137,1,自施設での分娩取扱あり,1;2;3,1,True,34週,401～500件,61～80件,,100,,,100,100,,,,True,1;2;3;4,552000,553000,532000,565000,516000,515000,507000,524000,0,0,0,0
11138,1,自施設での分娩取扱あり,1;2,1,True,34週,301～400件,41～60件,,2,1,2;3,2,1,,False,,True,1,600000,594000,585000,625000,556000,548000,541000,581000,28100,30000,24900,30000
11139,100,あり,,0,False,,301～400件,0～20件,,3,,,100,100,,,,True,,543000,544000,540000,553000,497000,502000,502000,503000,1700,0,0,0
11140,1,自施設での分娩取扱あり,1;2,1,True,34週,601～700件,81～100件,,1,1,2;3,1,1,151～200件,True,https://www.tachibanalc.or.jp/birth/painless.html,True,1;3,512000,495000,484000,552000,442000,443000,439000,451000,0,0,0,0
11141,1,自施設での分娩取扱あり,1,1,True,34週,701～800件,101～150件,True,1,1;2;3,3,2,1,1~20件,False,,True,1;3,612000,609000,593000,628000,584000,581000,566000,601000,0,0,0,0
11142,1,自施設での分娩取扱あり,2,1,True,34週,601～700件,41～60件,,1,1;2,3,1,2,151～200件,True,https://www.mammy1010.com,True,1;2,649000,617000,605000,663000,588000,582000,571000,608000,0,0,0,0
11143,1,自施設での分娩取扱あり,1,2,True,,201～300件,21～40件,True,1,1,3,1,3,81～100件,True,https://www.nishikawasanfujinka.org/departments/obstetrics.php,True,1;2;3;4;5,541000,556000,499000,579000,490000,512000,444000,524000,37300,42000,35500,42000
11145,1,自施設での分娩取扱あり,1;2,1,True,34週,401～500件,101～150件,,1,1,3,2,3,1～20件,False,,True,1;3,545000,548000,519000,565000,514000,507000,491000,538000,0,0,0,0
11146,100,あり,,0,False,,150～200件,21～40件,,3,,,100,100,,False,,True,,537000,536000,525000,558000,483000,476000,476000,506000,0,0,0,0
11147,100,あり,,1,False,,201～300件,61～80件,,3,,,100,100,,,,True,,499000,504000,488000,511000,465000,469000,456000,479000,0,0,0,0
11148,4,なし,,1,,,151～200件,41～60件,,3,,,100,100,,,,,,691000,694000,680000,698000,676000,678000,667000,684000,1600,0,0,0
11149,100,あり,,1,False,,301～400件,61～80件,,3,,,100,100,,,,True,,577000,566000,553000,604000,539000,531000,521000,565000,2100,0,0,0
11152,1,自施設での分娩取扱あり,1;2;3,1,True,34週,201～300件,21～40件,,100,,,100,100,,,,True,,502000,499000,486000,520000,440000,442000,426000,457000,39900,37500,37500,45000
11153,100,あり,,1,False,,,,,1,,,2,1,,,,True,,631000,610000,570000,687000,610000,589000,551000,663000,600,0,0,0
11154,100;1,あり;自施設での分娩取扱あり,1;2,1,True,32～34,401～500件,41～60件,,1,1,3,2,1,1~20件,False,,True,1;2;3,559000,555000,541000,591000,529000,524000,514000,561000,200,0,0,0
11155,1,自施設での分娩取扱あり,1,1,True,10週,101～150件,21～40件,,1,1,1;2,1,1,81～100件,True,https://www.jalasite.org/area/3_14_14206_0,True,1;2;3,732000,742000,721000,760000,611000,616000,616000,616000,0,0,0,0
11156,100,あり,,1,False,,601～700件,151～200件,,2,2,3,2,1,,False,,True,,450000,,,,420000,,,,0,,,
11157,100,あり,,1,False,,301～400件,81～100件,,1,1,1,2,1,,True,https://www.jalasite.org/hp/10605.html,False,,616000,589000,573000,661000,599000,571000,560000,648000,1000,0,0,0
11158,100,あり,,1,False,,301～400件,0～20件,,3,,,100,100,,,,True,,550000,549000,525000,572000,451000,447000,445000,465000,17700,15000,15000,17500
11159,1,自施設での分娩取扱あり,2;3,1,True,34週,601～700件,41～60件,,1,1,3,1,1,401～500件,True,https://www.jalasite.org/area/2_2_02201_0,True,1;3;4;2,446000,444000,433000,457000,383000,381000,371000,393000,20700,21000,21000,21000
11161,100,あり,,1,False,,501～600件,101～150件,True,1,1,3,2,1,,True,https://www.jalasite.org/hp/10669.html,True,,537000,520000,516000,562000,501000,500000,498000,503000,0,0,0,0
11163,4,なし,,1,,,201～300件,,,100,,,100,100,,,,,,533000,520000,510000,545000,483000,470000,460000,488000,27400,30000,25000,30000
11164,100;1,あり;自施設での分娩取扱あり,1;2;3,1,True,34,201～300件,41～60件,,1,3;1;2,3;1;2,2,3,61～80件,False,,True,1,582000,569000,549000,592000,521000,523000,508000,528000,24000,25000,15800,30000
11165,100,あり,,1,False,,201～300件,0～20件,,3,,,100,100,,,,True,,588000,591000,575000,600000,543000,544000,534000,554000,0,0,0,0
11166,1,自施設での分娩取扱あり,1,2,True,34週,151～200件,41～60件,,100,,,100,100,,,,True,1;3,552000,552000,546000,562000,454000,458000,448000,463000,0,0,0,0
11167,1,自施設での分娩取扱あり,2,1,True,14週,301～400件,21～40件,,100,,,100,100,,,,True,1;2;3;4;5,726000,719000,696000,761000,691000,688000,660000,721000,100,0,0,0
11168,1,自施設での分娩取扱あり,1;2,1,True,23週,201～300件,61～80件,,100,,,100,100,,,,True,1;3,519000,523000,505000,536000,498000,501000,488000,518000,8500,0,0,25000
11170,1,自施設での分娩取扱あり,1;2,1,True,31~33週,301～400件,81～100件,,1,1,3,1,2,101～150件,True,http://www.noda-clinic.jp,True,1;3,511000,504000,493000,520000,496000,489000,478000,505000,0,0,0,0
11171,1,自施設での分娩取扱あり,,1,True,30,101～150件,21～40件,,3,,,100,100,,,,True,1;2;3;4,544000,545000,533000,553000,516000,518000,508000,528000,500,0,0,0
11172,100,あり,,1,False,,301～400件,61～80件,,3,,,100,100,,,,True,,556000,550000,539000,571000,532000,529000,517000,543000,0,0,0,0
11173,100,あり,,0,False,,601～700件,41～60件,,2,1,3,100,100,,False,,True,,636000,626000,603000,663000,618000,607000,586000,646000,0,0,0,0
11176,1,自施設での分娩取扱あり,1;2,1,True,,81～100件,21～40件,,2,1,2;3,2,1,,False,,,,613000,617000,603000,631000,558000,566000,548000,573000,0,0,0,0
11177,100;1,あり;自施設での分娩取扱あり,1,2,True,34,301～400件,81～100件,,1,1,2;3,1,3,201～300件,True,https://www.jalasite.org,True,1;2,621000,634000,583000,652000,510000,521000,471000,541000,12100,13500,0,15000
11178,1;2,自施設での分娩取扱あり;オープンシステムを利用し、他施設へ赴いての分娩取扱あり,1;2;3,1,True,36週,101～150件,0件,,100,,,100,100,,,,True,,514000,515000,492000,537000,439000,444000,424000,463000,9300,0,0,0
11179,100,あり,,1,False,,401～500件,0～20件,True,1,1;2;3,2;3,1,1,,True,https://www.jalasite.org/hp/10003.html,True,,,,,,,,,,,,,
11180,1,自施設での分娩取扱あり,1;2,1,True,34週,501～600件,61～80件,,1,1;2,3,2,1,501～600件,False,,True,,522000,513000,509000,536000,415000,415000,410000,418000,0,0,0,0
11181,100,あり,2;3,1,True,,201～300件,21～40件,,3,,,100,100,,,,True,1;3,511000,511000,503000,519000,458000,460000,460000,460000,4600,5000,0,6000
11182,1,自施設での分娩取扱あり,1;2;3,1,True,34週,301～400件,21～40件,,1,1;2,3,1,1,1～20件,False,,True,1;2;3;4,552000,543000,535000,576000,473000,475000,455000,485000,35100,30000,30000,36000
11183,100,あり,,1,False,,301～400件,81～100件,,1,1,3,1,1,,True,https://www.jalasite.org/hp/10766.html,True,,731000,723000,682000,779000,626000,615000,577000,674000,60700,60000,60000,60000
11184,100,あり,,1,False,,201～300件,0～20件,,3,,,100,100,,,,True,,573000,571000,555000,589000,519000,520000,505000,531000,7900,0,0,8000
11185,100,あり,,1,False,,501～600件,41～60件,,3,,,100,100,,,,True,,511000,512000,502000,522000,481000,483000,475000,491000,200,0,0,0
11187,100,あり,,1,False,,801～900件,101～150件,,1,1,1;2;3,2,1,,True,https://www.jalasite.org/hp/10140.html,True,,1001000,1027000,939000,1071000,690000,697000,697000,697000,143400,175000,130000,190000
11188,1,自施設での分娩取扱あり,1;2,1,True,34週,1001～1500件,151～200件,True,100,,,100,100,,,,True,1;2;3,480000,479000,466000,495000,452000,454000,441000,465000,7100,5500,0,11000
11189,1,自施設での分娩取扱あり,1,1,False,,601～700件,151～200件,,1,2,3,1,1,601～700件,True,https://www.jalasite.org/hp/10134.html,True,1;2,1453000,1428000,1406000,1499000,1187000,1167000,1163000,1231000,214800,192000,192000,252000
11190,100,あり,,1,False,,801~900件,101～150件,,2,1,1,1,2,,False,,True,,597000,596000,566000,619000,571000,572000,542000,592000,0,0,0,0
11191,100;1,あり;自施設での分娩取扱あり,1;2,1,True,34,201～300件,21～40件,,3,,,100,100,,,,True,,588000,588000,564000,609000,519000,520000,500000,533000,29500,32000,25000,40000
11192,100,あり,,1,False,,701～800件,150～200件,,1,1,1;3,1,1,,False,,True,,523000,526000,505000,538000,480000,484000,467000,495000,0,0,0,0
11193,1,自施設での分娩取扱あり,1,2,True,34週,501～600件,41～60件,,1,1,1;2;3,1,3,401～500件,True,https://www.jalasite.org/hp/10145.html,True,1,805000,810000,772000,847000,582000,576000,551000,620000,141600,132500,120000,159500
11194,1,自施設での分娩取扱あり,3,1,True,34週,401～500件,21～40件,,2,1,3,2,100,,False,,True,1;2;3,421000,413000,399000,444000,392000,394000,374000,404000,6200,6000,5000,7000
11195,4,なし,,2,False,,201～300件,61～80件,,100,,,100,100,,,,False,,478000,481000,467000,496000,412000,415000,406000,426000,17100,18000,18000,18000
11196,100,あり,,1,False,,201～300件,0～20件,True,1,1,3,2,1,,False,,True,,565000,564000,544000,586000,481000,481000,464000,497000,8800,11000,0,11000
11197,1,自施設での分娩取扱あり,1;2;3,1,True,34,,61～80件,,3,,,100,100,,,,True,1;2,,,,,,,,,,,,
11198,1,自施設での分娩取扱あり,1,1,True,34週,601～700件,81～100件,,1,1,1;3,2,1,61～80件,True,https://www.jalasite.org/doc/hp/10033.html,True,1;2;3,679000,631000,620000,734000,570000,570000,570000,570000,27200,0,0,80000
11199,1,自施設での分娩取扱あり,1,0,True,28~34週,201～300件,21～40件,,100,,,100,100,,,,True,1;2;3,517000,515000,507000,521000,436000,438000,428000,438000,0,0,0,0
11200,100;1,あり;自施設での分娩取扱あり,1;2,1,True,34,150～200件,21～40件,,3,2,3,2,1,,False,,True,1,580000,584000,560000,600000,506000,506000,500000,524000,0,0,0,0
11201,100,あり,,1,False,,81～100件,0～20件,,3,,,100,100,,,,True,,690000,690000,662000,709000,514000,510000,506000,521000,26400,25000,20000,30000
11202,100,あり,,1,False,,501～600件,61～80件,True,1,1,3,1,1,,True,https://www.jalasite.org/hp/10566.html,True,,549000,538000,533000,573000,499000,502000,501000,502000,0,0,0,0
11203,100,あり,,1,False,,301～400件,41～60件,,1,1,2;3,2,1,,False,,True,,527000,528000,518000,530000,504000,505000,496000,509000,0,0,0,0
11204,1,自施設での分娩取扱あり,1,1,True,32週,201～300件,21～40件,,100,,,100,100,,,,True,1,580000,573000,554000,598000,501000,496000,483000,515000,27900,25000,25000,30000
11205,1,自施設での分娩取扱あり,1,1,True,34週,101～150件,1～20件,,100,,,100,100,,,,True,1;2;3,552000,553000,539000,565000,451000,450000,441000,462000,47600,48000,42000,54300
11206,100,あり,,1,False,,301～400件,81～100件,,1,1,3,2,1,,False,,True,,580000,566000,548000,607000,511000,509000,499000,522000,21700,20000,20000,24000
11207,100,あり,,1,False,,301～400件,41～60件,,1,1,1,2,1,,False,,True,,609000,608000,594000,626000,522000,520000,508000,536000,0,0,0,0
11208,1,自施設での分娩取扱あり,1,1,True,35週,501～600件,101～150件,True,1,1,3,2,1,101～150件,True,https://www.jalasite.org,True,1,625000,591000,584000,692000,601000,570000,567000,675000,1300,0,0,0
11209,100,あり,,0,False,,61～80件,0～20件,,1,1,3,1,1,,False,,True,,623000,,,,572000,,,,27500,,,
11210,100,あり,,1,False,,401～500件,81～100件,,3,,,100,100,,,,True,,539000,539000,535000,543000,516000,516000,513000,521000,0,0,0,0
11211,100;1,あり;自施設での分娩取扱あり,1;2;3,1,True,,301～400件,21～40件,,3,,,100,100,,,,True,1;2;3;4,628000,630000,591000,662000,518000,516000,509000,532000,42600,60000,0,60000
11212,1,自施設での分娩取扱あり,1,1,True,32週,201～300件,41～60件,,1,1,3,2,1,81～100件,True,,True,1,,,,,,,,,,,,
11214,100,あり,,1,False,,201～300件,0～20件,,3,,,100,100,,,,True,,607000,607000,593000,624000,556000,558000,542000,570000,0,0,0,0
11215,1,自施設での分娩取扱あり,,1,False,,151～200件,81～100件,,100,,,100,100,,,,True,1;3,557000,557000,528000,577000,448000,450000,433000,463000,57900,56000,48000,64000
11216,1,自施設での分娩取扱あり,3,1,True,34,301～400件,0件,,3,,,100,100,,,,True,1;3;4,497000,493000,483000,515000,473000,470000,459000,491000,0,0,0,0
11217,100,あり,,0,False,,301～400件,41～60件,True,1,1,3,2,1,,True,https://www.jalasite.org/hp/10193.html,True,,595000,581000,557000,631000,505000,491000,462000,558000,16900,25000,0,29000
11218,1,自施設での分娩取扱あり,1;2;3,1,True,32週,151～200件,1~20件,,3,,,100,100,,,,True,1;2;3;4,573000,577000,573000,603000,550000,558000,548000,578000,0,0,0,0
11219,100,あり,,1,False,,501～600件,61～80件,,3,,,100,100,,,,True,,548000,550000,533000,562000,520000,521000,503000,533000,0,0,0,0
11220,100,あり,,1,False,,301～400件,0～20件,,3,,,100,100,,,,True,,542000,539000,536000,547000,514000,513000,511000,521000,0,0,0,0
11221,100,あり,,1,False,,61～80件,21～40件,,2,1,3,2,2,,False,,True,,501000,500000,491000,503000,449000,451000,446000,457000,0,0,0,0
11225,1,自施設での分娩取扱あり,1;2,1,True,34週,501～600件,61～80件,,1,1,3,1,1,101～150件,False,,True,1;2;3;4;5;6,586000,579000,548000,632000,488000,497000,476000,508000,20900,24000,0,30000
11226,100,あり,,1,False,,201～300件,41～60件,,3,,,100,100,,,,True,,585000,585000,574000,598000,492000,492000,475000,512000,31400,30000,30000,32000
11227,1;2,自施設での分娩取扱あり;オープンシステムを利用し、他施設へ赴いての分娩取扱あり,1;2,1,True,34週,1001～1500件,41～60件,True,1,1,3,2,1,61～80件,True,https://www.jalasite.org/hp/10695.html,True,1;3,576000,553000,548000,583000,492000,473000,465000,492000,0,0,0,0
11228,1,自施設での分娩取扱あり,1;2,1,True,,201～300件,61～80件,,1,1,2;3,2,1,21～40件,True,https://www.jalasite.org/hp/10688.html,True,1;2;3;4,534000,531000,516000,539000,486000,485000,474000,495000,21300,15000,15000,18000
11230,1,自施設での分娩取扱あり,1,1,True,30,301～400件,101～150件,True,1,1,2;3,1,3,101～150件,True,https://www.jalasite.org/doc/area/3_11_11217_0,True,1,689000,651000,623000,729000,592000,571000,550000,609000,41700,40000,30000,48000
11231,2,オープンシステムを利用し、他施設へ赴いての分娩取扱あり,,1,False,,81～100件,1～20件,,100,,,100,100,,,,,,520000,521000,517000,525000,365000,360000,360000,370000,0,0,0,0
11232,1,自施設での分娩取扱あり,1;2,1,True,34週,61～80件,1～20件,,100,,,100,100,,,,True,1,546000,544000,516000,568000,507000,505000,480000,527000,23400,23000,14000,31300
11233,1,自施設での分娩取扱あり,1,1,True,33,151～200件,1～20件,,100,,,100,100,,,,True,1;3;4,528000,522000,510000,538000,441000,433000,433000,442000,4500,0,0,10000
11234,100,あり,,1,False,,81～100件,0～20件,,1,1,2,2,1,,False,,True,,482000,480000,473000,491000,435000,435000,426000,442000,0,0,0,0
11235,1,自施設での分娩取扱あり,1;2,1,True,34週,101～150件,41～60件,,2,1,3,1,2,1～20件,True,https://www.jalasite.org/hp/10657.html,True,1;3,505000,501000,498000,513000,488000,486000,484000,499000,1100,0,0,0
11236,1,自施設での分娩取扱あり,1;2,0,True,32~34週,401～500件,41～60件,,1,1,3,1,3,0件,,,True,,570000,560000,538000,583000,520000,513000,489000,529000,0,0,0,0
11237,100,あり,,1,False,,201～300件,21～40件,,3,,,100,100,,,,True,,548000,551000,531000,573000,484000,489000,472000,507000,26800,30000,20000,30000
11238,1,自施設での分娩取扱あり,1,1,True,34週,701～800件,151～200件,True,2,1;2,3,2,3,151～200件,True,,True,1;2;3;4,450000,451000,450000,453000,435000,436000,436000,437000,0,0,0,0
11239,100,あり,,1,False,,501～600件,61～80件,,1,1,3,1,2,,False,,True,,639000,628000,596000,687000,538000,532000,499000,581000,23100,22500,22500,27000
11240,1,自施設での分娩取扱あり,1;2;3,1,True,34週までに可能であれば来院,101～150件,1～20件,,100,,,100,100,,,,True,1;2;3;4;5;6,543000,548000,536000,553000,508000,511000,502000,518000,0,0,0,0
11241,1,自施設での分娩取扱あり,1;2;3,1,True,35週,401～500件,41～60件,True,100,,,100,100,,,,True,,522000,528000,510000,540000,501000,507000,491000,519000,0,0,0,0
11242,100,あり,,1,False,,501～600件,61～80件,True,3,,,100,100,,,,True,,519000,520000,501000,534000,484000,484000,468000,500000,9000,10000,10000,12000
11243,1,自施設での分娩取扱あり,1,1,True,14,401～500件,101～150件,,1,1,1;3,2,1,0件,True,https://www.gonohashi-sanfujinka.com/doc/pls-jala,True,1,707000,711000,694000,729000,599000,613000,591000,629000,75700,75000,75000,75000
11244,100,あり,,1,False,,150～200件,0～20件,,3,,,100,100,,,,True,,,,,,,,,,,,,
11245,1,自施設での分娩取扱あり,1;2,0,True,34週,401～500件,41～60件,,2,1,3,2,2,0件,False,,True,1;2;3;4,526000,525000,517000,545000,480000,481000,472000,499000,24100,24000,24000,24000
11246,1,自施設での分娩取扱あり,1;2,1,True,34週,201～300件,21～40件,,100,,,100,100,,,,True,1;2;3;4,556000,557000,530000,581000,506000,509000,482000,532000,21100,23100,19800,23100
11247,1,自施設での分娩取扱あり,,1,,,201～300件,21～40件,,1,1,3,1,2,,False,,,,449000,444000,440000,465000,431000,426000,424000,447000,2200,0,0,0
11248,1,自施設での分娩取扱あり,1;2,1,True,36週,151～200件,21～40件,,100,,,100,100,,,,True,1;2;3;4;5,587000,583000,574000,597000,528000,525000,517000,538000,0,0,0,0
11249,1,自施設での分娩取扱あり,1;2,0,True,32週,101～150件,,,2,1,3,100,3,,False,,True,1,591000,,,,537000,,,,0,,,
11250,1,自施設での分娩取扱あり,1;2;3,0,True,32～34,151～200件,61～80件,,3,,,100,100,,,,True,,577000,570000,568000,579000,522000,529000,516000,529000,2600,0,0,6600
11251,100,あり,,1,False,,150～200件,101～150件,,1,1,3,1,2,,False,,True,,510000,496000,478000,540000,441000,436000,418000,457000,23500,25000,18500,28500
11252,100,あり,,1,False,,301～400件,61～80件,,3,,,100,100,,,,True,,593000,,,,536000,,,,12600,,,
11253,1,自施設での分娩取扱あり,1;2;3,1,True,34週,151～200件,41～60件,,1,1,3,2,1,1～20件,True,http://kamemori.jp,True,1;2;3,583000,581000,567000,597000,554000,553000,538000,563000,700,0,0,0
11254,1,自施設での分娩取扱あり,1,1,True,20週,301～400件,41～60件,,1,1,3,2,2,101～150件,True,,True,1;2;3,586000,573000,556000,619000,561000,544000,538000,598000,2200,0,0,0
11255,1,自施設での分娩取扱あり,,1,,,201～300件,,,100,,,100,100,,,,,,611000,609000,599000,620000,547000,545000,537000,556000,0,0,0,0
11256,100,あり,,0,False,,201～300件,61～80件,,3,,,100,100,,,,True,,475000,463000,456000,492000,359000,357000,352000,371000,55800,50000,50000,60000
11257,1,自施設での分娩取扱あり,,1,,,301～400件,61～80件,,1,1,3,1,2,,False,,,,667000,645000,622000,697000,620000,598000,583000,642000,14900,15000,7000,17000
11258,1,自施設での分娩取扱あり,1;2;3,0,True,34週,201～300件,21～40件,,100,,,100,100,,,,True,1;3;4,567000,567000,547000,582000,523000,523000,509000,538000,9600,12000,0,14000
11260,1,自施設での分娩取扱あり,,1,True,,201～300件,41～60件,,1,1,1,2,1,101～150件,True,https://www.jalasite.org/area/9_40_40202_0,True,,571000,547000,517000,629000,493000,502000,478000,522000,3600,0,0,0
11261,100,あり,,0,False,,301～400件,41～60件,,3,,,100,100,,,,True,,616000,618000,613000,625000,495000,497000,490000,503000,25300,30000,25000,30000
11262,100,あり,,1,False,,301～400件,41～60件,,1,1,2,1,2,,False,,True,,654000,662000,641000,685000,596000,603000,583000,624000,26600,30000,30000,30000
11263,100;1,あり;自施設での分娩取扱あり,1;2;3,1,True,34,301～400件,41～60件,,3,,,100,100,,,,True,1;3;4,587000,587000,571000,598000,525000,529000,509000,538000,27300,32800,25400,33000
11264,100,あり,,1,False,,301～400件,81～100件,,1,1,3,2,1,,True,https://www.jalasite.org/hp/10775.html,True,,618000,612000,591000,639000,536000,534000,514000,554000,5900,0,0,0
11265,100;4,あり;なし,,1,False,,41～60件,0～20件,,3,,,100,100,,,,True,,,,,,,,,,,,,
11266,1,自施設での分娩取扱あり,1;2;3,1,True,34,401～500件,41～60件,True,1,1,3,2,3,,,,True,1;2;3;4,603000,604000,590000,613000,463000,464000,451000,471000,28100,27500,27500,27500
11267,1,自施設での分娩取扱あり,1,1,True,34週,81～100件,1～20件,,1,2;3,3,1,2,,False,,True,,1009000,998000,992000,1020000,957000,948000,948000,956000,0,0,0,0
11268,1,自施設での分娩取扱あり,1;2,1,True,34週,301～400件,21～40件,,100,,,100,100,,,,True,1,493000,498000,479000,508000,434000,439000,424000,448000,35600,36000,36000,36000
11269,100;1,あり;自施設での分娩取扱あり,,1,True,,101～150件,1~20件,,3,,,100,100,,,,True,,506000,501000,500000,520000,460000,459000,456000,469000,400,0,0,0
11270,100;1,あり;自施設での分娩取扱あり,1,1,True,32,401～500件,81～100件,,1,1,1;3,1,1,101～150件,True,https://www.jalasite.org/hp/10267.html,True,1,635000,615000,594000,684000,457000,465000,447000,476000,39400,35000,35000,42000
11271,100,あり,,1,False,,1001～1500件,201～300件,,1,1,1;3,1,1,,True,https://www.jalasite.org/hp/10036.html,True,,765000,781000,749000,804000,549000,551000,543000,567000,108800,120000,100000,120000
11272,1,自施設での分娩取扱あり,1,1,True,33週,151～200件,1～20件,,1,1;2,3,1,2,61～80件,False,,True,1,694000,668000,648000,746000,576000,553000,534000,628000,34600,35000,30000,36000
11274,1,自施設での分娩取扱あり,1,1,True,34週,501～600件,81～100件,,100,,,100,100,,,,True,1;3;4,622000,621000,607000,640000,556000,555000,544000,573000,25500,25000,24000,30000
11276,100,あり,,1,False,,301～400件,61～80件,,3,,,100,100,,,,True,,561000,560000,548000,571000,513000,513000,503000,528000,0,0,0,0
11277,1;2,自施設での分娩取扱あり;オープンシステムを利用し、他施設へ赴いての分娩取扱あり,1;2,1,True,30週,201～300件,,,3,,,100,100,,,,True,1;3;4,596000,596000,582000,614000,550000,555000,537000,570000,25900,27500,22500,32500
11278,1,自施設での分娩取扱あり,1;2,1,True,34週,301～400件,41～60件,,1,1,2,2,1,21～40件,True,https://sudoclinic.or.jp/painless-delivery.php,True,1,587000,568000,554000,600000,511000,508000,497000,527000,0,0,0,0
11279,100,あり,,1,False,,150～200件,21～40件,,3,,,100,100,,,,True,,628000,629000,612000,644000,521000,523000,516000,527000,73200,75000,65000,75000
11280,1,自施設での分娩取扱あり,1;2;3,1,True,34週,201～300件,21～40件,,1,1,3,2,1,61～80件,True,,True,,595000,599000,563000,625000,578000,584000,545000,607000,0,0,0,0
11281,1,自施設での分娩取扱あり,1,2,True,34週,301～400件,21～40件,,100,,,100,100,,,,True,1;2,572000,571000,551000,580000,491000,497000,487000,499000,38300,35000,35000,42000
11282,1,自施設での分娩取扱あり,1;3,1,True,34週,201～300件,101～150件,,1,1;3,1,2,1,0件,False,,True,1;2;3,633000,627000,611000,648000,590000,582000,565000,603000,0,0,0,0
11283,1,自施設での分娩取扱あり,1,1,False,,61～80件,0件,,100,,,100,100,,,,True,1;3;4,609000,618000,610000,620000,595000,604000,595000,608000,0,0,0,0
11285,100;1,あり;自施設での分娩取扱あり,3,1,True,,501～600件,81～100件,,3,,,100,100,,,,True,1;3,578000,575000,563000,594000,492000,488000,483000,504000,47600,46200,39600,52800
11286,100;1,あり;自施設での分娩取扱あり,1,2,True,35,301~400件,41～60件,,1,1;2;3,3,1,3,81～100件,False,,True,1,588000,583000,569000,598000,508000,506000,504000,512000,22900,20000,20000,20000
11287,100;1,あり;自施設での分娩取扱あり,1,1,True,34,401～500件,81～100件,True,1,1,1,2,1,1~20件,False,,True,1;2;3;4;5,479000,470000,468000,497000,453000,447000,445000,467000,2500,0,0,0
11288,100,あり,,1,False,,301～400件,21～40件,,3,,,100,100,,,,True,,632000,634000,611000,655000,585000,590000,564000,605000,18300,18000,18000,18000
11289,1,自施設での分娩取扱あり,,1,True,34,101～150件,,,100,,,100,100,,,,True,,593000,587000,572000,612000,565000,560000,545000,584000,0,0,0,0
11290,1,自施設での分娩取扱あり,1;2;3,1,True,34週,201～300件,21～40件,,2,1,3,1,2,,False,,True,,536000,540000,525000,551000,494000,497000,481000,515000,14100,18000,0,18000
11292,100,あり,,1,False,,101～150件,0～20件,,3,,,100,100,,,,True,,534000,528000,519000,541000,491000,486000,480000,498000,0,0,0,0
11293,100,あり,,1,False,,201～300件,21～40件,,3,,,100,100,,,,True,,519000,518000,509000,531000,346000,345000,340000,350000,0,0,0,0
11294,1,自施設での分娩取扱あり,1;2,1,True,32週,401～500件,41～60件,,1,1,3,2,1,81～100件,True,https://clinicyui.jp/obstetrics/index.html#d1,True,1;3,650000,639000,621000,662000,605000,596000,578000,615000,15200,15000,12000,20000
11296,1,自施設での分娩取扱あり,1,1,True,,501～600件,41～60件,,1,,,100,100,,True,,True,,586000,575000,560000,624000,514000,503000,490000,552000,28200,25000,25000,30000
11297,1,自施設での分娩取扱あり,1,0,True,34週,201～300件,21～40件,,1,1,3,2,1,0件,False,,True,1;2;3;4,635000,641000,624000,656000,473000,478000,461000,482000,143500,150000,138800,150000
11298,1,自施設での分娩取扱あり,1;2,2,True,34,601～700件,101～150件,,1,1;3,3,2,1,101～150件,False,,True,1;2;3;4,579000,576000,559000,590000,519000,519000,517000,528000,0,0,0,0
11299,1,自施設での分娩取扱あり,,1,,,601～700件,151～200件,,100,,,100,100,,,,,,549000,551000,528000,572000,498000,502000,476000,517000,24100,24000,24000,28000
11300,1,自施設での分娩取扱あり,3,1,True,34週,801～900件,151～200件,True,1,2,3,1,1,201～300件,True,https://www.jalasite.org/hp/10686.html,True,1;2,642000,637000,598000,678000,561000,547000,516000,596000,67400,70000,58000,70000
11301,100,あり,,1,False,,601～700件,101～150件,,1,1,3,2,1,,True,https://www.jalasite.org/hp/10059.html,True,,645000,635000,608000,655000,599000,587000,575000,598000,30800,36000,0,45000
11302,100,あり,,1,False,,201～300件,41～60件,,1,1,3,2,1,,False,,True,,589000,581000,571000,602000,448000,443000,438000,470000,0,0,0,0
11303,100,あり,,1,False,,501～600件,81～100件,,1,1,3,100,100,,True,https://www.jalasite.org/hp/10626.html,True,,713000,713000,657000,761000,639000,651000,582000,681000,30000,32000,13000,42500
11304,100,あり,,0,False,,81～100件,21～40件,,3,,,100,100,,,,True,,468000,469000,452000,484000,452000,453000,436000,467000,0,0,0,0
11305,100,あり,,1,False,,150～200件,61～80件,,3,,,100,100,,,,True,,641000,640000,626000,663000,573000,573000,563000,589000,2500,0,0,0
11306,1,自施設での分娩取扱あり,1,1,True,,401～500件,61～80件,,1,1;2,3,1,3,201～300件,True,https://www.jalasite.org/hp/10678.html,True,1;2,745000,755000,688000,796000,631000,654000,580000,680000,67800,70000,60000,75000
11307,1,自施設での分娩取扱あり,1;2,1,True,32~33週,501～600件,101～150件,,1,1,1;3,2,1,0件,True,,True,1;3,562000,562000,545000,574000,498000,501000,484000,508000,16100,15000,15000,18000
11308,1,自施設での分娩取扱あり,1;2,1,True,34週,501～600件,41～60件,,100,,,100,100,,,,True,1;3,642000,642000,618000,663000,522000,522000,500000,531000,99000,100000,100000,100000
11309,1,自施設での分娩取扱あり,1;2,1,True,35週(症例による),501～600件,41～60件,,1,3,3,2,1,1～20件,True,https://www.jalasite.org/hp/10797.html,True,1;2;3,542000,555000,485000,579000,519000,530000,460000,555000,200,0,0,0
11310,100,あり,,1,False,,201～300件,21～40件,,3,,,100,100,,,,True,,492000,498000,476000,515000,467000,466000,455000,487000,200,0,0,0
11311,1,自施設での分娩取扱あり,1;3,1,True,34週,501～600件,61～80件,,100,,,100,100,,,,True,1;3;4;6,563000,558000,550000,570000,547000,542000,535000,551000,0,0,0,0
11312,1,自施設での分娩取扱あり,1;2,1,True,34,101～150件,21～40件,,1,1,3,1,1,1~20件,False,,True,1;2;3,473000,466000,459000,481000,417000,418000,418000,418000,2900,0,0,0
11313,1,自施設での分娩取扱あり,1;2,1,True,初産32週　　経産34週,501～600件,1~20件,,1,1,3,2,1,1~20件,,,True,1;2;3;4;5,499000,495000,475000,525000,477000,474000,454000,501000,0,0,0,0
11314,1,自施設での分娩取扱あり,1;2,1,True,,501～600件,41～60件,,100,,,100,100,,,,True,1;3,535000,536000,514000,555000,443000,445000,429000,457000,22300,25000,15000,30000
11315,100,あり,,1,False,,61～80件,0～20件,,3,,,100,100,,,,True,,522000,519000,516000,533000,500000,501000,500000,503000,0,0,0,0
11317,1,自施設での分娩取扱あり,1;2,1,True,,701～800件,61～80件,,1,1,1;2,2,1,101～150件,True,https://www.jalasite.org/hp/10382.html,True,1;2;3,546000,536000,509000,568000,493000,484000,465000,504000,32700,35000,28000,35000
11318,100,あり,,1,False,,201～300件,21～40件,,3,,,100,100,,,,True,,528000,525000,515000,529000,427000,425000,413000,427000,62900,60000,60000,70000
11319,1,自施設での分娩取扱あり,1;2;3,2,True,34,401～500件,41～60件,,3,,,100,100,,,,True,1;2;3,570000,571000,557000,586000,529000,530000,520000,545000,2100,0,0,0
11320,1,自施設での分娩取扱あり,1;2,1,True,34週,201～300件,61～80件,,1,1;2,3,1,3,41～60件,True,https://www.jalasite.org/hp/10241.html,True,1;2;3,620000,603000,581000,672000,595000,582000,561000,632000,1300,0,0,0
11322,100,あり,,0,False,,301～400件,0～20件,,1,1,3,2,1,,False,,True,,709000,696000,676000,720000,590000,577000,558000,603000,15400,15000,12000,18000
11323,1,自施設での分娩取扱あり,1;2,1,True,34週,81～100件,21～40件,,100,,,100,100,,,,True,1,526000,517000,508000,542000,455000,452000,433000,471000,0,0,0,0
11324,1,自施設での分娩取扱あり,1;2,1,True,34週,101～150件,1～20件,,100,,,100,100,,,,True,1;3;4,421000,424000,406000,436000,391000,393000,377000,405000,9500,12000,6000,12000
11325,100;1,あり;自施設での分娩取扱あり,1,1,True,34,151～200件,81～100件,,1,2;1,2;3;1,1,1,,True,https://www.jalasite.org/hp/10599.html,True,2;3;4,699000,663000,638000,749000,647000,613000,590000,697000,0,0,0,0
11326,1,自施設での分娩取扱あり,1;2,0,True,32週,101～150件,21～40件,,1,1;3,3,1,2,21～40件,True,https://www.jalasite.org/,True,1;2,578000,574000,540000,603000,382000,379000,379000,383000,63000,40000,40000,95000
11327,100,あり,,1,False,,501～600件,61～80件,,3,,,100,100,,,,True,,613000,613000,606000,621000,479000,467000,467000,498000,0,0,0,0
11328,1,自施設での分娩取扱あり,1;2,1,True,34週,401～500件,21～40件,,1,1,3,2,2,101～150件,False,,True,1;2;3,610000,596000,567000,661000,572000,562000,533000,604000,1200,0,0,0
11329,100,あり,,1,False,,301～400件,41～60件,,3,,,100,100,,,,True,,469000,469000,454000,484000,417000,417000,407000,427000,27500,25000,25000,30000
11330,1,自施設での分娩取扱あり,1;2,1,True,30週,201～300件,21～40件,,1,1,3,2,1,81～100件,True,https://masudasanfujinka.jp/?p=1306,True,1;3;4,725000,710000,667000,783000,646000,658000,620000,671000,4300,0,0,0
11331,100,あり,,1,False,,101～150件,0～20件,,1,1,3,2,1,,False,,True,,538000,522000,515000,579000,490000,474000,467000,532000,0,0,0,0
11332,100;1,あり;自施設での分娩取扱あり,2,1,True,32,201～300件,21～40件,,3,,,100,100,,,,True,1;3,554000,553000,523000,576000,489000,485000,465000,510000,14400,0,0,30000
11333,100,あり,,0,False,,101～150件,21～40件,,3,,,100,100,,,,True,,690000,690000,662000,710000,632000,634000,606000,651000,0,0,0,0
11334,1,自施設での分娩取扱あり,1,1,True,34週,401～500件,101～150件,,1,1;2,2;3,1,3,401～500件,True,https://www.jalasite.org/hp/10135.html,True,1;2,753000,770000,732000,794000,725000,744000,709000,769000,1100,0,0,0
11335,1,自施設での分娩取扱あり,1,1,True,,151～200件,21～40件,,100,,,100,100,,,,True,1,542000,541000,527000,561000,459000,461000,442000,470000,20800,0,0,45000
11336,100,あり,,1,False,,501~600件,81~100件,,1,1;2,3,100,100,,True,https://www.jalasite.org/hp/10755.html,True,,537000,535000,524000,548000,492000,493000,483000,506000,1000,0,0,0
11337,100;1,あり;自施設での分娩取扱あり,1,1,True,30,1~20件,1~20件,,3,,,100,100,,False,,True,1;3,,,,,,,,,,,,
11338,1,自施設での分娩取扱あり,,1,,,301～400件,41～60件,,100,,,100,100,,,,,,568000,573000,535000,588000,545000,556000,518000,571000,0,0,0,0
11339,100,あり,,0,False,,,,,3,,,100,100,,,,True,,504000,501000,489000,525000,486000,483000,471000,498000,100,0,0,0
11340,1,自施設での分娩取扱あり,1,1,True,35週,401～500件,41～60件,,100,,,100,100,,,,True,1;2;3,567000,568000,556000,581000,522000,525000,514000,534000,17600,15000,15000,18000
11341,1,自施設での分娩取扱あり,1;2,2,True,34,201～300件,101～150件,,3,,,100,100,,,,True,1;2;3;4,550000,547000,535000,566000,458000,457000,441000,477000,31600,30000,30000,34000
11342,100,あり,,1,False,,201～300件,0～20件,,3,,,100,100,,,,False,,472000,479000,475000,485000,436000,445000,440000,450000,0,0,0,0
11343,100;1,あり;自施設での分娩取扱あり,1,2,True,34,301～400件,21～40件,,1,1,2;3,2,1,61～80件,True,https://www.jalasite.org/hp/10710.html,True,,597000,576000,552000,633000,510000,515000,495000,528000,10900,0,0,28000
11344,1,自施設での分娩取扱あり,1;2;3,1,True,34週,201～300件,21～40件,,100,,,100,100,,,,True,1;2;3,560000,565000,545000,572000,484000,487000,473000,488000,52600,54000,45000,54000
11345,1,自施設での分娩取扱あり,1,1,True,34週,201～300件,21～40件,,1,1,2;3,1,2,41～60件,True,https://www.jalasite.org,True,1;2;3,478000,478000,468000,492000,455000,455000,445000,471000,0,0,0,0
11346,100,あり,,1,False,,301～400件,81～100件,,1,1;2,2;3,1,2,,False,,True,,415000,416000,406000,426000,389000,391000,381000,401000,0,0,0,0
11347,100,あり,,0,False,,1001～1500件,150～200件,,1,,2;3,2,1,,False,,True,,558000,547000,520000,581000,510000,508000,487000,536000,0,0,0,0
11348,100,あり,,1,False,,201～300件,21～40件,,1,1,2,2,2,,False,,True,,580000,581000,554000,613000,482000,482000,476000,492000,0,0,0,0
11349,1,自施設での分娩取扱あり,1;2,1,True,32週,301～400件,61～80件,True,1,1;2,1;2;3,2,1,41～60件,True,https://www.jalasite.org/hp/10704.html,True,,517000,508000,492000,550000,393000,392000,380000,409000,0,0,0,0
11350,100,あり,,1,False,,201～300件,21～40件,,1,1,2,2,1,,False,,True,,539000,530000,516000,552000,471000,473000,461000,478000,15900,18000,10000,20000
11351,100,あり,,1,False,,61～80件,0～20件,,3,,,100,100,,,,True,,493000,492000,488000,501000,469000,469000,464000,476000,100,0,0,0
11352,100,あり,,1,False,,150～200件,0～20件,,3,,,100,100,,,,True,,549000,,,,529000,,,,6300,,,
11353,100,あり,,1,False,,601～700件,150～200件,,1,1,3,2,1,,False,,True,,562000,557000,543000,591000,496000,501000,493000,509000,0,0,0,0
11354,100,あり,,0,False,,41～60件,0～20件,,1,1;3,2;3,1,100,,False,,True,,,,,,,,,,,,,
11355,100;4,あり;なし,,0,False,,151～200件,21～40件,,3,,,100,100,,False,,True,,638000,636000,610000,666000,569000,572000,546000,597000,1100,0,0,0
11356,1,自施設での分娩取扱あり,1;2,1,True,34週,101～150件,1～20件,,100,,,100,100,,,,True,1;3;4;5;6,526000,527000,513000,536000,487000,491000,479000,491000,400,0,0,0
11357,100,あり,,1,False,,401～500件,21～40件,,1,1,2;3,2,1,,False,,True,,656000,638000,619000,732000,593000,577000,556000,666000,29100,30000,25000,30000
11358,100,あり,,0,False,,301～400件,41～60件,,3,,,100,100,,,,True,,560000,540000,524000,555000,525000,510000,490000,524000,0,0,0,0
11359,1,自施設での分娩取扱あり,1;2,1,True,34週,101～150件,,,100,,,100,100,,,,True,1,570000,565000,556000,581000,472000,469000,462000,483000,42000,40000,40000,47300
11360,100,あり,,1,False,,1001~1500件,201～300件,,1,1,1,2,1,,True,https://www.jalasite.org/,True,,668000,672000,638000,701000,614000,627000,611000,633000,0,0,0,0
11361,1,自施設での分娩取扱あり,1;2,1,True,32週,151～200件,41～60件,,100,,,100,100,,,,True,1,529000,532000,495000,553000,470000,473000,461000,486000,25600,36000,0,40000
11362,100;1,あり;自施設での分娩取扱あり,1,1,True,32～34,401～500件,61～80件,True,1,1,3,2,3,21～40件,True,https://www.jalasite.org/hp/10808.html,True,1;3;4,659000,646000,634000,660000,512000,508000,507000,522000,73300,70000,70000,80000
11363,100,あり,,1,False,,301～400件,21～40件,,1,1;2,3,1,2,,True,https://www.jalasite.org/hp/10880.html,True,,718000,720000,663000,786000,660000,674000,596000,719000,39400,10000,5000,75000
11364,1,自施設での分娩取扱あり,1,1,True,16週,301～400件,41～60件,,1,1,1;3,2,1,61～80件,False,,True,1;2;3,698000,685000,651000,745000,665000,654000,616000,711000,100,0,0,0
11365,100,あり,,1,False,,150～200件,61～80件,,3,,,100,100,,,,False,,519000,518000,504000,534000,487000,492000,477000,505000,9800,9900,0,13200
11366,1,自施設での分娩取扱あり,1;2;3,1,True,34週,601～700件,61～80件,,1,1;2,3,1,1,61～80件,True,https://www.jalasite.org/,True,1;3;4;6,519000,513000,498000,533000,478000,474000,459000,494000,0,0,0,0
11367,100,あり,,1,False,,301～400件,41～60件,,1,1,3,1,1,,True,https://www.jalasite.org/hp/10753.html,True,,625000,613000,590000,640000,591000,576000,560000,602000,0,0,0,0
11368,100,あり,,1,False,,301～400件,41～60件,,1,1,3,1,1,,False,,True,,520000,518000,499000,550000,464000,463000,448000,483000,22900,25000,12000,30000
11369,1,自施設での分娩取扱あり,,1,,,701～800件,101～150件,,1,1;2,3,1,2,,False,,,,642000,651000,627000,667000,578000,590000,570000,602000,37400,36000,30000,36000
11370,1;4,自施設での分娩取扱あり;なし,,1,,,301～400件,61～80件,,3,,,100,100,,,,True,1,672000,678000,665000,696000,620000,625000,615000,644000,0,0,0,0
11371,100,あり,,1,False,,101～150件,,,2,1,3,1,2,,False,,True,,,,,,,,,,,,,
11372,1,自施設での分娩取扱あり,1,1,True,34週,201～300件,61～80件,,1,1,3,2,1,1～20件,True,,True,1;2;3,551000,546000,535000,563000,487000,483000,472000,497000,1700,1900,0,3000
11373,100,あり,,1,False,,201～300件,21～40件,,3,,,100,100,,,,True,,493000,492000,475000,516000,435000,434000,428000,449000,25900,30000,0,35000
11374,100,あり,,1,False,,101～150件,41～60件,True,1,1,1;2;3,1,1,,True,https://www.jalasite.org/hp/10585.html,True,,572000,539000,521000,639000,501000,498000,484000,506000,0,0,0,0
11375,100;1,あり;自施設での分娩取扱あり,1;2,1,True,20,21～40件,0～20件,,2,1;2;3,1;2;3,2,1,,False,,True,,579000,,,,546000,,,,0,,,
11376,1,自施設での分娩取扱あり,1;2,1,True,32週,401～500件,101～150件,,1,1;2,3,1,3,101～150件,False,,True,1;2;3,497000,492000,480000,525000,450000,453000,443000,459000,4100,0,0,0
11377,100,あり,,0,False,,701～800件,150～200件,,1,1,3,2,1,,True,https://www.jalasite.org/hp/10182.html,True,,646000,614000,573000,720000,616000,570000,546000,684000,18100,0,0,35000
11378,100,あり,,1,False,,401～500件,61～80件,,1,1;2,2,1,2,,True,,True,,466000,,,,452000,,,,0,,,
11379,100,あり,,1,False,,301～400件,41～60件,,1,1,3,2,1,,True,https://www.jalasite.org/hp/10388.html,True,,556000,549000,534000,567000,488000,477000,463000,488000,15300,15000,13500,18000
11380,1,自施設での分娩取扱あり,1;2,1,True,34週,151～200件,1～20件,,100,,,100,100,,,,True,1;2,572000,569000,558000,586000,524000,521000,510000,533000,0,0,0,0
11381,100,あり,,1,False,,401～500件,81～100件,True,1,1,2,1,1,,True,https://www.jalasite.org/hp/10396.html,True,,574000,563000,543000,603000,509000,502000,484000,535000,20500,20000,16000,24000
11382,1;2,自施設での分娩取扱あり;オープンシステムを利用し、他施設へ赴いての分娩取扱あり,1;2,1,True,34週,201～300件,21～40件,,3,,,100,100,,,,True,1;2;3;4;5,517000,518000,503000,541000,482000,485000,468000,500000,12700,18000,0,21000
11383,100,あり,,1,False,,901～1000件,61～80件,,1,1,3,1,2,,True,https://www.jalasite.org/hp/10316.html,True,,805000,828000,726000,862000,703000,728000,630000,760000,19000,14000,0,30000
11384,1,自施設での分娩取扱あり,1;2,2,True,34週,301～400件,101～150件,,100,,,100,100,,,,True,1;2;3;4,556000,548000,546000,573000,452000,445000,445000,462000,52400,50000,50000,60000
11385,1,自施設での分娩取扱あり,1;2,1,True,34週,201～300件,1～20件,,2,1,3,2,1,1~20件,False,,True,1;3,535000,523000,513000,547000,516000,505000,493000,529000,0,0,0,0
11387,100,あり,,1,False,,201～300件,21～40件,True,1,1,1;2,1,2,,True,https://www.jalasite.org/hp/10477.html,True,,556000,556000,513000,576000,530000,532000,491000,553000,0,0,0,0
11388,100,あり,,1,False,,201～300件,0～20件,True,3,,,100,100,,,,True,,533000,530000,524000,541000,496000,493000,493000,498000,21900,25000,11300,25000
11389,100,あり,,1,False,,301～400件,21～40件,,3,,,100,100,,,,True,,476000,477000,472000,480000,446000,448000,443000,451000,0,0,0,0
11390,100,あり,,1,False,,601～700件,150～200件,,1,1,1;3,2,1,,,,True,,713000,719000,657000,748000,676000,678000,624000,713000,100,0,0,0
11391,100;1;2,あり;自施設での分娩取扱あり;オープンシステムを利用し、他施設へ赴いての分娩取扱あり,1,1,True,30,701～800件,101～150件,,1,1,1,2,100,101～150件,True,https://www.katocl.jp/medical/obgyn/mutsu/information/,True,1;2;3,672000,658000,622000,705000,587000,589000,573000,603000,33200,12000,0,60000
11392,100,あり,,0,False,,701～800件,101～150件,True,1,1,1,1,100,,True,https://www.jalasite.org/hp/10299.html,True,,631000,624000,564000,697000,557000,543000,486000,630000,51900,52000,51000,54000
11393,100,あり,,1,False,,301～400件,21～40件,,1,1,1;3,1,2,,True,https://www.jalasite.org/hp/10393.html,True,,648000,658000,598000,696000,538000,533000,513000,553000,0,0,0,0
11394,100;1,あり;自施設での分娩取扱あり,1;2,1,True,,501～600件,61～80件,,1,1,3,2,1,501～600件,False,,True,,622000,609000,580000,657000,527000,525000,516000,536000,16800,18000,0,25000
11395,1,自施設での分娩取扱あり,1;2,1,True,34,301～400件,81～100件,,1,1,3,2,1,1~20件,False,,True,1,586000,584000,571000,598000,519000,520000,510000,529000,26300,25000,25000,30000
11396,1,自施設での分娩取扱あり,1;2,1,True,35週,401～500件,41～60件,,1,1,2;3,1,3,151～200件,True,https://www.jalasite.org/hp/10410.html,True,1;2;3,552000,533000,515000,606000,478000,478000,473000,493000,0,0,0,0
11397,1,自施設での分娩取扱あり,1,1,True,,701～800件,101～150件,,1,1,2;3,1,2,,False,,,,643000,667000,585000,689000,563000,570000,560000,570000,0,0,0,0
11398,1,自施設での分娩取扱あり,1;2,1,,,501～600件,151～200件,,1,1,1;3,1,1,,False,,True,1,673000,672000,629000,720000,616000,623000,561000,673000,32100,33000,27500,34700
11399,100;1,あり;自施設での分娩取扱あり,1,1,True,32,201～300件,21～40件,,3,,,100,100,,False,,True,1;3,537000,534000,524000,548000,519000,518000,507000,531000,500,0,0,0
11400,100,あり,,0,False,,150～200件,21～40件,,1,1,1;3,1,1,,True,https://www.jalasite.org/hp/10232.html,True,,561000,553000,526000,587000,498000,492000,491000,501000,0,0,0,0
11401,1,自施設での分娩取扱あり,1;2,2,True,34,61～80件,1~20件,,3,,,100,100,,,,True,1;2;3;4,511000,,,,493000,,,,0,,,
11402,1,自施設での分娩取扱あり,1,1,True,34週,301～400件,41～60件,,100,,,100,100,,,,True,1;2;3,666000,665000,647000,682000,634000,633000,617000,653000,3600,0,0,0
11403,1,自施設での分娩取扱あり,1;2,1,True,34週,201～300件,61～80件,,1,1,2;3,1,3,,False,,True,1;3,524000,518000,503000,541000,404000,419000,383000,428000,20300,16000,10800,30000
11404,100,あり,,1,False,,150～200件,21～40件,,1,1,3,2,1,,False,,True,,589000,585000,571000,611000,553000,546000,533000,575000,0,0,0,0
11405,1,自施設での分娩取扱あり,1;2,1,True,35週,201～300件,21～40件,,1,1;2,2;3,2,3,61～80件,False,,True,1;2;3;4,585000,568000,558000,583000,473000,458000,446000,468000,51600,50000,50000,55000
11406,100,あり,,1,False,,501～600件,81～100件,,1,1,3,1,2,,False,,True,,624000,614000,598000,643000,593000,585000,567000,609000,100,0,0,0
11407,100,あり,,1,False,,101～150件,0～20件,,1,3,3,2,2,,False,,True,,512000,,,,457000,,,,28800,,,
11408,100,あり,,1,False,,150～200件,0～20件,,3,,,100,100,,,,True,,646000,646000,634000,660000,560000,559000,552000,569000,62000,60000,60000,60000
11409,100,あり,,1,False,,301～400件,41～60件,,1,1,3,2,1,,False,,True,,597000,587000,561000,614000,535000,537000,513000,553000,33200,35000,28000,35000
11410,100,あり,,0,False,,201～300件,61～80件,,3,,,100,100,,,,True,,536000,533000,518000,544000,494000,489000,481000,501000,16500,17500,0,25500
11411,1,自施設での分娩取扱あり,1;2,1,True,,201～300件,41～60件,,1,1,3,2,2,,False,,True,1;2;3;4;5;6,527000,532000,520000,537000,500000,504000,491000,510000,0,0,0,0
11412,1,自施設での分娩取扱あり,1;2,1,True,,101～150件,21～40件,,1,1,3,2,1,1～20件,True,https://oono-lc.net/childbirth/labor-analgesia.html,True,1;3,636000,621000,598000,651000,576000,583000,561000,598000,11200,0,0,20400
11413,100;1,あり;自施設での分娩取扱あり,1;2,0,True,34,201～300件,1~20件,,3,,,100,100,,,,True,1;3,607000,607000,597000,616000,575000,577000,571000,584000,0,0,0,0
11414,100,あり,,1,False,,401～500件,81～100件,,3,,,100,100,,,,True,,532000,529000,525000,546000,486000,485000,481000,498000,200,0,0,300
11416,1,自施設での分娩取扱あり,1;2,1,True,35週,151～200件,21～40件,,100,,,100,100,,,,True,1;2;3,582000,599000,543000,626000,500000,512000,483000,532000,38600,33000,25000,52800
11417,100;1,あり;自施設での分娩取扱あり,1,1,True,32,201～300件,21～40件,,3,,,100,100,,,,True,1,601000,602000,589000,612000,531000,541000,513000,545000,5700,5000,0,10000
11418,100,あり,,1,False,,150～200件,41～60件,,1,1,3,2,1,,False,,True,,495000,494000,488000,501000,458000,460000,452000,465000,6400,0,0,13200
11419,100;1;2,あり;自施設での分娩取扱あり;オープンシステムを利用し、他施設へ赴いての分娩取扱あり,1;2,0,True,34,301～400件,41～60件,,3,,,100,100,,,,True,1;2;3,592000,592000,574000,610000,539000,539000,522000,555000,1500,0,0,0
11420,100;1,あり;自施設での分娩取扱あり,1;2,1,True,34,301～400件,41～60件,,3,,,100,100,,,,True,1;2;3;4,598000,597000,575000,624000,567000,568000,543000,598000,800,0,0,0
11421,100,あり,,1,False,,401～500件,41～60件,,3,,,100,100,,,,True,,537000,535000,534000,539000,510000,508000,507000,512000,0,0,0,0
11422,100,あり,,1,False,,150～200件,0～20件,,3,,,100,100,,,,True,,514000,,,,491000,,,,0,,,
11423,100,あり,,1,False,,401～500件,61～80件,,1,1;2,1,2,1,,False,,True,,536000,524000,493000,571000,458000,450000,445000,462000,17000,12000,0,30000
11424,1,自施設での分娩取扱あり,1,1,True,34週,301～400件,21～40件,,100,,,100,100,,,,True,1;3,571000,573000,563000,583000,513000,514000,509000,521000,34000,35000,35000,42000
11425,100,あり,,1,False,,501～600件,41～60件,,3,,,100,100,,,,True,,,,,,,,,,,,,
11426,1,自施設での分娩取扱あり,1;2;3,2,True,34週,401～500件,61～80件,,1,1;3,3,1,3,,True,https://www.jalasite.org/hp/10587.html,True,1;3,695000,670000,639000,700000,668000,646000,616000,679000,3000,0,0,0
11427,1,自施設での分娩取扱あり,1;2,1,True,34週,401～500件,21～40件,,100,,,100,100,,,,True,1;2;3,590000,594000,578000,603000,565000,569000,554000,578000,0,0,0,0
11428,1,自施設での分娩取扱あり,1,1,True,35週,601～700件,81～100件,,1,1,3,1,3,101～150件,True,https://jalasite.org/hp/10478.html,True,1,589000,574000,544000,629000,482000,481000,462000,499000,36700,37500,32500,39000
11429,1,自施設での分娩取扱あり,1,1,True,,201～300件,41～60件,,1,1;3,3,2,3,81～100件,True,https://www.jalasite.org/hp/10752.html,True,1;3,570000,572000,568000,574000,557000,559000,556000,560000,0,0,0,0
11430,1,自施設での分娩取扱あり,1,2,True,34週,301～400件,41～60件,,1,1,3,1,3,21～40件,True,http://www.jalasite.org/hp/10471.html,True,,514000,513000,509000,519000,398000,400000,400000,411000,8800,0,0,25000
11431,1,自施設での分娩取扱あり,3,1,True,28週,801～900件,201～300件,,1,1;3,3,1,2,301～400件,True,https://www.jalasite.org/hp/10245.html,True,1;2;3,589000,569000,560000,620000,491000,494000,485000,495000,0,0,0,0
11432,100,あり,,1,False,,150～200件,0～20件,,3,,,100,100,,,,True,,470000,,,,447000,,,,0,,,
11433,100,あり,,1,False,,301～400件,41～60件,,1,2,3,2,1,,True,https://www.jalasite.org/hp/10679.html,True,,610000,620000,560000,651000,588000,593000,536000,631000,0,0,0,0
11434,100,あり,,1,False,,101～150件,21～40件,,1,1,3,1,2,,True,https://www.jalasite.org/hp/10236.html,True,,618000,615000,586000,651000,522000,515000,500000,548000,44200,45000,40000,48000
11435,1,自施設での分娩取扱あり,1;2,,True,34週,501～600件,101～150件,,1,1,2;3,1,2,301～400件,True,https://www.jalasite.org/hp/10096.html,True,1;2;3,590000,592000,574000,614000,475000,481000,471000,489000,40100,37000,35000,42000
11436,1,自施設での分娩取扱あり,1;2,1,True,32週,401～500件,61～80件,True,1,1,3,2,1,,True,https://www.jalasite.org/welcome,True,,528000,538000,503000,543000,467000,461000,461000,461000,0,0,0,0
11438,1,自施設での分娩取扱あり,2;3,1,True,32,501～600件,101～150件,True,1,1,3,2,1,101～150件,True,https://www.jalasite.org/hp/10207.html,True,1;3,577000,564000,538000,583000,534000,542000,516000,544000,0,0,0,0
11439,100;1,あり;自施設での分娩取扱あり,1;2,1,True,34,501～600件,81～100件,True,1,1;2,3,1,3,81～100件,True,https://www.jalasite.org,True,1;2;3,567000,565000,555000,577000,527000,527000,527000,527000,0,0,0,0
11440,1,自施設での分娩取扱あり,1;2,1,True,34週,151～200件,,,100,,,100,100,,,,True,1;2;3,545000,549000,543000,559000,514000,520000,511000,526000,0,0,0,0
11441,100,あり,,1,False,,301～400件,21～40件,,1,1,2;3,2,1,,False,,True,,541000,535000,519000,545000,485000,490000,472000,496000,2500,2400,0,4200
11442,100,あり,,1,False,,,,,1,1;2,3,2,1,,False,,True,,502000,500000,500000,500000,471000,482000,482000,482000,0,0,0,0
11443,1,自施設での分娩取扱あり,1;3,1,True,32~34週,201～300件,101～150件,,1,1,3,2,1,101～150件,True,https://www.jalasite.org/hp/10004.html,True,1;3;4;5;6,583000,555000,536000,630000,497000,471000,453000,554000,17200,18000,0,25000
11444,1,自施設での分娩取扱あり,1;2,1,True,34週,101～150件,1～20件,,100,,,100,100,,,,True,1;3,492000,491000,488000,495000,443000,448000,439000,452000,2400,0,0,0
11446,1,自施設での分娩取扱あり,,1,True,34週,151～200件,81～100件,,1,1,3,2,1,,True,https://www.jalasite.org/hp/10627.html,True,1;3,532000,535000,506000,562000,471000,473000,444000,493000,24800,25000,25000,30000
11447,100,あり,,1,False,,301～400件,41～60件,,2,1,3,100,100,,False,,True,,581000,572000,556000,603000,501000,497000,490000,522000,53600,53000,46500,56000
11448,1,自施設での分娩取扱あり,1;2;3,1,True,34週,201～300件,21～40件,,100,,,100,100,,,,True,1;2;3;4,527000,527000,514000,538000,488000,490000,477000,497000,0,0,0,0
11449,100,あり,,1,False,,201～300件,0～20件,,1,1,3,1,2,,False,,True,,577000,568000,562000,581000,525000,520000,517000,523000,25800,20000,20000,32000
11450,100,あり,,1,False,,401～500件,151～200件,,1,1,2;3,1,1,,False,,True,,625000,601000,568000,665000,508000,481000,449000,574000,5000,0,0,0
11451,1,自施設での分娩取扱あり,1;2,1,True,34週,201～300件,41～60件,,100,,,100,100,,,,True,1;2,,,,,,,,,,,,
11452,100,あり,,1,False,,201～300件,0～20件,,3,,,100,100,,,,True,,549000,547000,546000,553000,522000,520000,520000,525000,0,0,0,0
11453,1,自施設での分娩取扱あり,1,1,True,24週,301～400件,81～100件,,1,1,3,1,3,151～200件,False,,True,1;2,745000,741000,698000,788000,655000,635000,607000,694000,26600,40000,0,40000
11454,100,あり,,1,False,,150～200件,41～60件,,3,,,100,100,,,,True,,607000,608000,603000,620000,566000,574000,566000,576000,600,0,0,0
11455,100,あり,,0,False,,301～400件,150～200件,,1,1,3,2,1,,True,https://www.jalasite.org/hp/10598.html,True,,663000,655000,628000,671000,624000,615000,583000,631000,0,0,0,0
11456,1,自施設での分娩取扱あり,1,1,True,33週,701～800件,201～300件,,100,,,100,100,,,,True,1;3,617000,619000,605000,632000,507000,508000,496000,519000,78200,80000,80000,83000
11457,1,自施設での分娩取扱あり,,1,True,32週,201～300件,41～60件,,1,1,3,2,2,21～40件,True,https://www.jalasite.org/hp/10675.html,True,1;3,535000,517000,495000,577000,376000,353000,347000,432000,37100,42500,34000,42500
11458,1,自施設での分娩取扱あり,1;2,1,True,30~31週,201～300件,61～80件,,100,,,100,100,,,,True,1;2;3;4,538000,543000,525000,564000,362000,364000,355000,368000,0,0,0,0
11459,100,あり,,1,False,,201～300件,61～80件,,3,,,100,100,,,,True,,590000,591000,578000,603000,547000,549000,537000,561000,0,0,0,0
11460,1,自施設での分娩取扱あり,1;2;3,1,True,32~34週,151～200件,21～40件,,100,,,100,100,,,,True,1,573000,573000,553000,605000,532000,538000,518000,568000,0,0,0,0
11461,1,自施設での分娩取扱あり,1;2,1,True,,201～300件,21～40件,,1,1,1;2;3,2,1,1～20件,False,,True,1;3,540000,531000,520000,547000,505000,505000,497000,512000,5800,8000,0,10000
11462,1,自施設での分娩取扱あり,1;2,1,True,34週,151～200件,41～60件,,1,1;2,1;3,1,1,,True,https://www.jalasite.org/area/3_12_12219_0,True,1;2;3,573000,560000,542000,567000,495000,492000,492000,492000,4300,0,0,0
11463,100,あり,,1,False,,301～400件,21～40件,,3,,,100,100,,,,True,,609000,609000,592000,624000,552000,556000,536000,566000,0,0,0,0
11464,100,あり,,0,False,,150～200件,21～40件,,3,,,100,100,,,,True,,575000,572000,563000,589000,549000,546000,538000,565000,1300,0,0,0
11465,1,自施設での分娩取扱あり,1;2,1,True,34,401～500件,0件,,3,,,100,100,,,,True,1;3,513000,516000,495000,532000,463000,465000,450000,485000,6400,0,0,12000
11466,1,自施設での分娩取扱あり,2,1,True,33週,501～600件,81～100件,,1,1,3,2,1,,True,https://sumisan.co/epidural-labor/,True,1;3,509000,503000,495000,513000,458000,455000,450000,457000,0,0,0,0
11467,100;1,あり;自施設での分娩取扱あり,1;2,1,True,34,101～150件,1~20件,,3,,,100,100,,,,True,1,540000,541000,523000,553000,468000,468000,455000,482000,17400,17500,15000,17500
11468,100,あり,,1,False,,601～700件,81～100件,,1,1,3,1,2,,True,https://www.jalasite.org/hp/10062.html,True,,738000,738000,660000,816000,675000,685000,599000,763000,31900,35000,21800,42000
11469,100,あり,,1,False,,201～300件,21～40件,,3,,,100,100,,,,True,,664000,667000,657000,675000,605000,609000,600000,614000,42200,40000,40000,48000
11470,1,自施設での分娩取扱あり,1;2;3,1,True,34,801～900件,101～150件,,1,1,1;3,2,3,151～200件,True,https://fujito.clinic/course/painless/,True,1;2;3,488000,482000,466000,506000,445000,437000,423000,452000,23600,25000,20000,25000
11471,1,自施設での分娩取扱あり,1;2,1,True,32,301～400件,21～40件,,3,,,100,100,0件,,,True,1;2;3;4,,,,,,,,,,,,
11472,1,自施設での分娩取扱あり,1,1,True,32週,101～150件,1～20件,,1,1,3,2,1,,True,https://www.jalasite.org/hp/10152.html,True,1,685000,687000,629000,730000,443000,422000,381000,508000,137600,140000,120000,140000
11473,1,自施設での分娩取扱あり,1;2;3,1,True,32週,601～700件,81～100件,,100,,,100,100,,,,True,1;2;3,531000,,,,461000,,,,50000,,,
11474,4,なし,,1,,,301～400件,,,100,,,100,100,,,,,,,,,,,,,,,,,
11475,1,自施設での分娩取扱あり,1,0,True,,501～600件,201～300件,,1,1,1;2;3,1,3,,True,https://www.jalasite.org/hp/10771.html,True,1;3;4,739000,762000,662000,806000,599000,601000,586000,614000,43700,44000,32000,52000
11476,100,あり,,1,False,,150～200件,21～40件,,1,1,3,1,1,,False,,True,,496000,487000,475000,532000,472000,463000,451000,508000,300,0,0,0
11477,1,自施設での分娩取扱あり,1;2,1,True,,301～400件,21～40件,,100,,,100,100,,,,True,,543000,543000,533000,558000,426000,427000,419000,439000,0,0,0,0
11478,,,,1,,,301～400件,21～40件,,1,1,1,2,1,,True,,,,741000,758000,677000,801000,708000,725000,643000,768000,9900,12000,10000,12000
11479,1,自施設での分娩取扱あり,1,0,True,32,,,,2,1,2;3,2,3,,False,,True,1;3,568000,565000,561000,575000,543000,541000,536000,551000,0,0,0,0
11480,1,自施設での分娩取扱あり,1,1,True,34週,701～800件,151～200件,,1,1,3,2,1,0件,False,,True,,582000,582000,560000,603000,552000,551000,531000,569000,0,0,0,0
11482,100,あり,,1,False,,201～300件,61～80件,,3,,,100,100,,,,True,,495000,495000,486000,511000,452000,453000,444000,468000,300,0,0,0
11483,1,自施設での分娩取扱あり,1;2,1,True,お問合せください,501～600件,81～100件,,1,1,3,2,1,151～200件,False,,True,1;2;3;4,660000,,,,536000,,,,63300,,,
11484,100;1,あり;自施設での分娩取扱あり,1;2,1,True,30～34,201～300件,41～60件,,2,1,3,2,2,1~20件,False,,True,1;3,557000,556000,546000,567000,445000,444000,428000,459000,58700,52800,52800,69300
11485,100,あり,,1,False,,201～300件,41～60件,,1,1,3,2,1,,False,,True,,606000,606000,584000,622000,589000,590000,566000,606000,0,0,0,0
11486,1,自施設での分娩取扱あり,1;2,1,True,34週,81～100件,1～20件,,100,,,100,100,,,,True,1,463000,466000,452000,483000,385000,391000,384000,391000,0,0,0,0
11487,100;1,あり;自施設での分娩取扱あり,1;2;3,1,True,34,401～500件,21～40件,,1,1;2,3;1,2,1,151～200件,True,ファミール産院きみつ | JALA,True,1;2;3;4,672000,667000,627000,718000,607000,599000,564000,651000,32400,30000,30000,35000
11488,1,自施設での分娩取扱あり,1;2,1,True,35週,401～500件,21～40件,,100,,,100,100,,,,True,1;2;3;4;5,522000,523000,509000,540000,490000,491000,477000,507000,0,0,0,0
11489,1,自施設での分娩取扱あり,1;2,1,True,34週,601～700件,101～150件,,1,1,1;2,2,1,201～300件,True,https://www.jalasite.org/hp/10358.html,True,1;2;3;4,556000,561000,542000,564000,537000,543000,522000,544000,0,0,0,0
11490,100;1,あり;自施設での分娩取扱あり,1;2,2,True,34,201～300件,101～150件,,1,1;2,3,1,3,81～100件,False,,True,,563000,555000,533000,587000,504000,491000,480000,540000,23100,27000,21300,30000
11491,1,自施設での分娩取扱あり,1,1,True,35,301～400件,41～60件,,1,1,3,2,1,0件,False,,True,1;2;3;4;5,529000,523000,504000,554000,496000,490000,475000,519000,5000,0,0,12000
11492,1,自施設での分娩取扱あり,1;3,1,True,34週,501～600件,101～150件,,1,1,2;3,2,1,301～400件,True,https://www.jalasite.org/hp/10733.html,True,1,635000,590000,575000,723000,539000,543000,528000,553000,0,0,0,0
11493,1,自施設での分娩取扱あり,1,1,True,34週,301～400件,21～40件,,100,,,100,100,,,,True,,590000,590000,571000,609000,542000,539000,539000,549000,300,0,0,0
11495,100,あり,,1,False,,301～400件,0～20件,,1,1,3,2,1,,True,https://www.jalasite.org/hp/10260.html,True,,589000,578000,545000,632000,482000,469000,442000,525000,53000,50000,50000,60000
11496,100,あり,,1,False,,301～400件,41～60件,,1,1,3,2,1,,True,https://www.jalasite.org/hp/10297.html,True,,751000,791000,639000,843000,541000,543000,524000,559000,37400,45000,0,60000
11497,100,あり,1;2,1,True,37,301～400件,21～40件,,2,1,3,1,2,1~20件,False,,True,1;2;3;4;5;6,550000,548000,532000,566000,520000,525000,505000,525000,0,0,0,0
11498,1,自施設での分娩取扱あり,,0,True,34,201～300件,41～60件,,3,,,100,100,,,,True,1;2;3;4;5,498000,498000,486000,513000,455000,462000,447000,471000,7000,0,0,18000
11499,100;1,あり;自施設での分娩取扱あり,1;2;3,0,True,34,201～300件,41～60件,,3,,,100,100,,,,True,,568000,576000,552000,590000,498000,501000,492000,514000,13500,17500,0,21000
11500,100,あり,,1,False,,501～600件,61～80件,,1,1,3,1,2,,True,https://www.jalasite.org/hp/10700.html,True,,559000,533000,513000,619000,518000,493000,480000,580000,10300,10000,10000,12000
11501,1,自施設での分娩取扱あり,1;2,1,True,33,201～300件,21～40件,,100,,,100,100,,,,True,1;3;4,542000,545000,518000,565000,481000,485000,457000,505000,32700,30000,30000,35000
11502,100,あり,,1,False,,301～400件,0～20件,,3,,,100,100,,,,True,,578000,584000,562000,593000,545000,552000,530000,560000,0,0,0,0
11503,1,自施設での分娩取扱あり,1;2,1,True,34週,101～150件,61～80件,,100,,,100,100,,,,True,1,684000,680000,634000,725000,630000,620000,600000,668000,33600,35000,0,60000
11504,1;2,自施設での分娩取扱あり;オープンシステムを利用し、他施設へ赴いての分娩取扱あり,1,1,True,32週,301～400件,41～60件,,1,1,3,2,1,,False,,True,1,743000,744000,713000,768000,705000,708000,682000,728000,300,0,0,0
11505,100;4,あり;なし,,1,False,,301～400件,41～60件,,2,1,3,2,2,,False,,True,,562000,558000,552000,576000,520000,521000,514000,526000,1400,0,0,0
11506,1,自施設での分娩取扱あり,1;2,1,True,34週,401～500件,21～40件,,100,,,100,100,,,,True,1;3;4,557000,554000,534000,574000,481000,482000,459000,498000,900,0,0,0
11507,1,自施設での分娩取扱あり,1;2,2,True,34週,201～300件,41～60件,,100,,,100,100,,,,True,1;2;3,546000,550000,537000,555000,520000,524000,511000,529000,0,0,0,0
11508,100,あり,,1,False,,301～400件,41～60件,,3,,,100,100,,,,True,,691000,695000,682000,720000,649000,656000,636000,676000,0,0,0,0
11509,1,自施設での分娩取扱あり,1,,True,32週,501～600件,61～80件,,1,1,2;3,1,3,301～400件,True,https://www.jalasite.org/hp/10776.html,True,1,833000,857000,787000,902000,606000,614000,586000,627000,31600,40000,0,48000
11510,1,自施設での分娩取扱あり,1;2,1,True,34週,81～100件,21～40件,,1,1,3,1,2,41～60件,False,,True,,498000,486000,478000,517000,458000,452000,448000,460000,15500,5000,0,30000
11511,1,自施設での分娩取扱あり,1;2,1,True,34週,301～400件,41～60件,,1,1,3,2,1,61～80件,True,http://www.manowomensclinic.com/assets/pdf/labor_analgesia.pdf,True,1;2;3;4,588000,581000,554000,597000,523000,525000,508000,536000,2500,0,0,0
11512,100,あり,,1,False,,150～200件,41～60件,,3,,,100,100,,,,True,,607000,602000,590000,622000,471000,469000,459000,482000,38800,36000,36000,36000
11513,1,自施設での分娩取扱あり,1;2,2,True,,501～600件,101～150件,,1,1;2,1,2,1,101～150件,False,,True,1;2;3,603000,597000,573000,616000,517000,507000,495000,519000,35000,40000,32000,48000
11514,1,自施設での分娩取扱あり,1;2;3,1,True,34週,151～200件,41～60件,,1,1;2,3,2,1,1～20件,False,,True,1,625000,623000,596000,644000,571000,571000,546000,585000,22800,30000,0,35000
11515,1,自施設での分娩取扱あり,1;3,1,True,34週,401～500件,101～150件,,1,1,1;3,2,1,201～300件,True,https://www.jalasite.org/hp/10546.html,True,1,628000,621000,584000,671000,599000,595000,555000,645000,0,0,0,0
11516,1,自施設での分娩取扱あり,1;2,1,True,34週,201～300件,21～40件,,100,,,100,100,,,,True,1;2;3;4,546000,546000,535000,558000,464000,465000,453000,475000,27400,27500,27500,27500
11517,1,自施設での分娩取扱あり,1;3,1,True,34週,601～700件,101～150件,,1,1,1;3,2,1,201～300件,True,https://www.jalasite.org/hp/10218.html,True,,644000,636000,606000,679000,616000,607000,575000,653000,0,0,0,0
11518,100;1,あり;自施設での分娩取扱あり,1;2,1,True,34,151～200件,1~20件,,3,,,100,100,,,,False,1;2;3;4,575000,580000,554000,594000,549000,554000,530000,565000,0,0,0,0
11519,1,自施設での分娩取扱あり,1;3,1,True,34週,301～400件,61～80件,,1,1,1;3,2,1,151～200件,True,https://www.jalasite.org/hp/10500.html,True,1,597000,591000,552000,633000,563000,562000,519000,591000,0,0,0,0
11520,1,自施設での分娩取扱あり,1;3,1,True,34週,301～400件,61～80件,,1,1,1;3,2,1,81～100件,True,https://www.jalasite.org/hp/10219.html,True,1;2,665000,656000,632000,689000,636000,626000,602000,655000,0,0,0,0
11521,1,自施設での分娩取扱あり,1;3,1,True,34週,401～500件,201～300件,,1,1,1;3,1,3,301～400件,True,https://www.jalasite.org/hp/10547.html,True,1;2,718000,712000,677000,758000,681000,681000,637000,727000,0,0,0,0
11522,1,自施設での分娩取扱あり,1;2,1,True,32週,151～200件,61～80件,,100,,,100,100,,,,True,1;2;3;4;5,562000,558000,547000,567000,545000,541000,531000,549000,0,0,0,0
11523,1,自施設での分娩取扱あり,1;2,1,True,32~34週,301～400件,21～40件,,1,1,2;3,1,1,151～200件,True,,True,,523000,,,,479000,,,,18100,,,
11524,1,自施設での分娩取扱あり,1;3,1,True,34週,501～600件,101～150件,,1,1,1;3,2,1,201～300件,True,https://www.jalasite.org/hp/10501.html,True,1;2;3,655000,651000,615000,694000,615000,611000,568000,660000,0,0,0,0
11525,100;1,あり;自施設での分娩取扱あり,1,1,True,34,201～300件,21～40件,,3,,,100,100,,,,True,,520000,516000,504000,534000,487000,488000,475000,504000,2200,0,0,0
11526,1,自施設での分娩取扱あり,1;3,1,True,34週,201～300件,101～150件,,1,1,1;3,2,3,61～80件,True,https://www.jalasite.org/hp/10548.html,True,1;2,623000,617000,592000,634000,589000,586000,554000,604000,800,0,0,0
11527,1,自施設での分娩取扱あり,1;3,1,True,34週,701～800件,101～150件,,1,1,1;3,2,1,301～400件,True,https://www.jalasite.org/hp/10549.html,True,1;2,657000,645000,615000,696000,620000,612000,577000,665000,900,0,0,0
11528,1,自施設での分娩取扱あり,1;3,1,True,34週,401～500件,81～100件,,1,1,1;3,2,1,101～150件,True,https://www.jalasite.org/hp/10551.html,True,1,667000,662000,636000,684000,635000,629000,606000,656000,0,0,0,0
11529,100,あり,,1,False,,151～200件,21～40件,,1,1,1;3,2,1,,True,https://www.jalasite.org/hp/10606.html,True,,553000,555000,517000,571000,525000,530000,488000,546000,2100,0,0,0
11530,100,あり,,0,False,,301～400件,61～80件,,3,,,100,100,,,,True,,576000,579000,570000,587000,552000,556000,546000,565000,1000,0,0,0
11531,1,自施設での分娩取扱あり,1;3,1,True,34週,201～300件,81～100件,,1,1,1;3,2,1,151～200件,True,https://www.jalasite.org/hp/10607.html,True,1;2,582000,572000,529000,631000,550000,543000,498000,597000,0,0,0,0
11532,1,自施設での分娩取扱あり,1,1,True,32週,1001～1500件,151～200件,True,1,1,3,1,2,401～500件,True,https://www.jalasite.org/area/9_40_40133_0,True,1;3,649000,635000,573000,720000,626000,612000,549000,699000,0,0,0,0
11533,1,自施設での分娩取扱あり,1;2,1,True,,101～150件,21～40件,,2,1;3,3,1,2,,False,,True,1,546000,544000,519000,567000,466000,464000,454000,480000,2300,0,0,4000
11534,1,自施設での分娩取扱あり,1;3,1,True,34週,301～400件,41～60件,,1,1,1;3,2,1,,True,https://www.jalasite.org/hp/10611.html,True,,596000,584000,549000,639000,566000,554000,517000,610000,1700,0,0,0
11535,1,自施設での分娩取扱あり,1;3,1,True,34週,301～400件,101～150件,,1,1,1;3,2,1,61～80件,True,https://www.jalasite.org/hp/10550.html,True,1,628000,626000,600000,643000,597000,599000,565000,613000,0,0,0,0
11536,1,自施設での分娩取扱あり,1;3,1,True,34週,151～200件,1～20件,,1,1,1;3,2,1,1～20件,True,https://www.jalasite.org/hp/10613.html,True,1,581000,586000,564000,611000,552000,557000,532000,580000,600,0,0,0
11537,1,自施設での分娩取扱あり,1;3,1,True,34週,201～300件,61～80件,,1,1,1;3,2,1,151～200件,True,https://www.jalasite.org/hp/10608.html,True,1,619000,611000,576000,660000,581000,575000,531000,626000,7400,10000,0,12000
11538,100,あり,,1,False,,701～800件,101～150件,,1,1,1;3,1,1,,True,https://www.jalasite.org/hp/10629.html,True,,719000,740000,635000,781000,642000,666000,566000,699000,49400,52000,35000,60000
11539,1,自施設での分娩取扱あり,1;3,1,True,34週,301～400件,61～80件,,1,1,1;3,2,1,101～150件,True,https://www.jalasite.org/hp/10609.html,True,1,610000,582000,556000,707000,581000,550000,526000,675000,0,0,0,0
11540,1,自施設での分娩取扱あり,1;3,1,True,34週,201～300件,61～80件,,1,1,1;3,2,1,101～150件,True,https://www.jalasite.org/hp/10610.html,True,1,570000,562000,530000,610000,533000,532000,497000,570000,2200,0,0,0
11541,1,自施設での分娩取扱あり,1;3,1,True,34週,901～1000件,101～150件,,100,,,100,100,,,,True,1;2;3;4,588000,596000,577000,612000,494000,501000,492000,516000,64500,67500,58500,70500
11542,1,自施設での分娩取扱あり,1;3,1,True,34週,401～500件,81～100件,,1,1,3,2,1,81～100件,True,https://www.jalasite.org/hp/10612.html,True,1;2;3,541000,534000,519000,556000,507000,500000,490000,518000,2400,0,0,0
11543,100,あり,,1,False,,201～300件,21～40件,,1,1,3,2,1,,False,,True,,549000,532000,512000,606000,522000,509000,488000,579000,2800,0,0,0
11544,1,自施設での分娩取扱あり,1;2,1,True,30週,401～500件,81～100件,,1,1,1;2,2,1,61～80件,True,,True,1;3,601000,569000,545000,662000,519000,516000,502000,531000,2800,0,0,0
11545,1,自施設での分娩取扱あり,1;2,1,True,33週,401～500件,21～40件,,100,,,100,100,,,,True,1;3,594000,594000,571000,614000,502000,502000,489000,519000,59600,58500,55500,68500
11546,100;1,あり;自施設での分娩取扱あり,1;2,1,True,34,401～500件,201～300件,,1,1,3;1,1,2,201～300件,True,https://www.jalasite.org/hp/10276.html,True,1;3,577000,572000,539000,623000,474000,474000,435000,514000,43000,44700,36200,53000
11547,100,あり,,1,False,,301～400件,61～80件,,1,1,3,1,1,,True,https://www.jalasite.org/hp/10682.html,True,,760000,758000,678000,821000,671000,680000,587000,727000,49200,45000,40000,55000
11548,100,あり,,1,False,,201～300件,61～80件,,3,,,100,100,,,,True,,549000,549000,532000,570000,505000,503000,491000,521000,18300,18000,18000,19500
11549,100;1,あり;自施設での分娩取扱あり,1;2,2,True,,301～400件,41～60件,,2,1,3,2,1,,False,,True,1,572000,571000,561000,583000,529000,535000,515000,545000,1400,0,0,0
11550,1,自施設での分娩取扱あり,1;3,1,True,32週,501～600件,101～150件,True,1,1;2,1;2;3,1,2,,True,https://aoba-ladies.jp/coarses/mutsuu.hfml,True,,509000,487000,467000,551000,439000,426000,408000,478000,3500,0,0,0
11551,1,自施設での分娩取扱あり,1,1,True,7週,401～500件,101～150件,,1,1,2;3,1,3,201～300件,True,http://www.jalasite.org,True,1;3,700000,710000,623000,769000,468000,470000,454000,477000,28600,32000,0,48000
11552,1,自施設での分娩取扱あり,,2,True,34週,201～300件,81～100件,,1,1,3,2,1,1～20件,False,,True,1;2,653000,654000,644000,662000,611000,613000,602000,618000,0,0,0,0
11553,1,自施設での分娩取扱あり,1;2,1,True,18週,301～400件,41～60件,,1,1,3,2,1,61～80件,True,http://ohta-s.com/watsuubunben.html,True,1,476000,475000,457000,495000,451000,449000,433000,469000,2400,0,0,0
11554,100,あり,,1,False,,401～500件,41～60件,,3,,,100,100,,,,True,,465000,465000,460000,470000,438000,439000,434000,444000,100,0,0,0
11555,1,自施設での分娩取扱あり,1;2,0,True,34,201～300件,1~20件,,1,1,3,1,3,151～200件,False,,True,1;3,572000,583000,553000,593000,557000,568000,538000,578000,0,0,0,0
11556,1,自施設での分娩取扱あり,1,1,False,,201～300件,21～40件,,1,1;2,2;3,1,1,81～100件,False,,True,1;3,631000,633000,589000,661000,588000,590000,546000,620000,800,0,0,0
11557,1,自施設での分娩取扱あり,1;2,1,True,34週,101～150件,21～40件,,100,,,100,100,,,,True,1,590000,593000,582000,597000,510000,512000,502000,522000,51600,50000,50000,50000
11558,1,自施設での分娩取扱あり,3,1,True,32~34週,201～300件,41～60件,,100,,,100,100,,,,True,1;2;3;4;5,512000,514000,494000,533000,404000,405000,390000,423000,29000,28000,24000,32000
11559,100,あり,,1,False,,301～400件,41～60件,,3,,,100,100,,,,True,,644000,647000,626000,662000,613000,617000,607000,627000,0,0,0,0
11560,1,自施設での分娩取扱あり,,1,True,,,,True,100,,,100,100,,,,True,1;2,521000,522000,517000,528000,492000,502000,482000,503000,1900,0,0,3500
11561,100;1,あり;自施設での分娩取扱あり,1;2;3,1,True,20,201～300件,61～80件,,1,1,2;3,2,1,101～150件,False,,True,1,795000,795000,749000,835000,530000,530000,510000,550000,87700,91000,78000,91000
11562,1,自施設での分娩取扱あり,1,1,True,27週6日,501～600件,101～150件,,1,1,3,2,1,,False,,True,1,591000,579000,567000,595000,571000,560000,547000,572000,2700,0,0,0
11563,1,自施設での分娩取扱あり,1,1,False,,401～500件,41～60件,,1,1,1;3,1,1,,False,,True,1,696000,699000,643000,756000,661000,664000,609000,719000,0,0,0,0
11564,1,自施設での分娩取扱あり,1,1,True,34週,201～300件,21～40件,,100,,,100,100,,,,True,1;2;3;4;5,606000,602000,569000,630000,567000,568000,537000,585000,1600,0,0,0
11565,100,あり,,1,False,,701~800件,201～300件,,1,1;2,1,2,1,,True,https://www.jalasite.org/hp/10558.html,True,,616000,608000,583000,649000,474000,478000,458000,491000,61600,60000,60000,66000
11566,1,自施設での分娩取扱あり,1,1,True,20週までに受診、原則34週以降に当院へ転院,601～700件,201～300件,,1,1,3,1,3,201～300件,True,https://www.jalasite.org/hp/10250.html,True,1;3,624000,613000,585000,669000,592000,586000,556000,641000,2300,0,0,0
11567,1,自施設での分娩取扱あり,1;2,1,True,34週,401～500件,41～60件,,1,1,1,2,1,,True,,True,1;2,529000,510000,499000,531000,457000,457000,451000,462000,14400,15000,12500,15000
11568,1,自施設での分娩取扱あり,1;2,1,True,32週,201～300件,21～40件,,100,,,100,100,,,,True,1;2;3;4;5,567000,565000,552000,583000,502000,502000,492000,512000,3000,0,0,0
11569,1,自施設での分娩取扱あり,1,1,True,制限無し,201～300件,21～40件,,1,1,3,1,3,41～60件,False,,True,1,633000,626000,599000,666000,568000,561000,533000,598000,0,0,0,0
11570,100,あり,,1,False,,801～900件,201～300件,True,1,1,3,2,1,,True,https://www.jalasite.org/hp/10655.html,True,,507000,507000,497000,515000,385000,385000,378000,394000,26300,30000,20000,30000
11571,1,自施設での分娩取扱あり,1,1,True,制限なし,601～700件,81～100件,,1,1;2,3,2,1,,False,,True,,567000,563000,538000,595000,518000,515000,497000,545000,28800,27000,24000,33000
11572,100,あり,,1,False,,401～500件,61～80件,,3,,,100,100,,,,True,,558000,556000,550000,564000,488000,488000,483000,491000,0,0,0,0
11573,1,自施設での分娩取扱あり,1;2,1,True,34週,601～700件,151～200件,,1,1,3,1,2,201～300件,False,,True,1,600000,571000,559000,667000,570000,540000,529000,636000,0,0,0,0
11574,1,自施設での分娩取扱あり,1;3,1,True,32,601～700件,151～200件,,1,1,3,1,2,201～300件,True,https://www.jalasite.org/hp/10352.html,True,,683000,665000,592000,775000,604000,584000,523000,687000,13300,0,0,25000
11575,1,自施設での分娩取扱あり,1;2,1,True,34週,151～200件,41～60件,,100,,,100,100,,,,True,1;3;2;4;5,614000,617000,601000,630000,533000,535000,529000,541000,23400,28800,16900,30000
11577,1,自施設での分娩取扱あり,,0,True,34週,151～200件,41～60件,,100,,,100,100,,,,True,1;3,533000,538000,513000,568000,477000,495000,461000,506000,17300,18000,15000,18000
11578,1,自施設での分娩取扱あり,3,1,True,32,301～400件,81～100件,,1,1,3,2,1,61～80件,False,,True,1;2;3;4,578000,575000,557000,603000,561000,559000,539000,586000,100,0,0,0
11579,1,自施設での分娩取扱あり,1;3,1,True,32週,601～700件,151～200件,,1,1,1,2,1,41～60件,False,,True,1,623000,617000,593000,643000,586000,589000,564000,611000,0,0,0,0
11580,1,自施設での分娩取扱あり,1;2,2,True,34週,61～80件,0件,,100,,,100,100,,,,True,,656000,656000,640000,672000,578000,575000,565000,583000,43300,44000,30000,55500
11581,100,あり,,1,False,,301～400件,0～20件,,3,,,100,100,,,,True,,454000,454000,440000,469000,397000,400000,393000,405000,8800,0,0,24000
11582,1,自施設での分娩取扱あり,1,1,True,34週,401～500件,21～40件,,1,1,3,1,3,101～150件,True,https://www.jalasite.org/hp/10213.html,True,1;2;3;4;5;6,563000,551000,515000,599000,505000,485000,469000,521000,25700,35000,0,49500
11583,1,自施設での分娩取扱あり,1;2,0,True,33,301～400件,41～60件,,100,,,100,100,,,,True,1;3,486000,483000,472000,503000,443000,442000,432000,454000,26000,25000,25000,30000
11584,100,あり,,0,False,,301～400件,61～80件,,1,1,3,1,2,,False,,True,,600000,592000,562000,621000,508000,501000,477000,532000,35700,35000,30000,40000
11585,100;1,あり;自施設での分娩取扱あり,1;2,1,True,34,61～80件,41～60件,,1,1;2,1;3,2,1,1~20件,,,True,1,609000,612000,596000,639000,539000,543000,525000,567000,36600,40000,20000,50000
11586,1,自施設での分娩取扱あり,1;2,1,True,36週,61～80件,1～20件,,1,1,1;2;3,1,2,,True,,True,,532000,531000,506000,552000,504000,500000,485000,521000,0,0,0,0
11587,100,あり,,1,False,,501～600件,41～60件,,1,1,3,1,2,,False,,True,,668000,633000,614000,748000,411000,415000,415000,415000,31900,30000,30000,35000
11588,1,自施設での分娩取扱あり,1,1,True,32~34週,201～300件,41～60件,,1,1,3,2,1,41～60件,False,,True,1;3,609000,601000,583000,634000,341000,345000,335000,345000,57100,59400,49500,59400
11589,100,あり,,1,False,,150～200件,0～20件,,3,,,100,100,,,,True,,715000,716000,697000,728000,549000,552000,535000,565000,127300,130000,125000,130000
11590,1;2,自施設での分娩取扱あり;オープンシステムを利用し、他施設へ赴いての分娩取扱あり,1;3,1,True,20週,201～300件,21～40件,,1,3;1,3,2,2,,False,,True,1;2,612000,607000,589000,635000,480000,480000,465000,496000,79500,75000,75000,90000
11591,100;1,あり;自施設での分娩取扱あり,1,1,True,32,61～80件,1~20件,,3,3,3,1,2,,False,,True,1;2,,,,,,,,,,,,
11592,1,自施設での分娩取扱あり,1,1,True,32週,41～60件,0件,,100,,,100,100,,,,True,1;2;3,524000,528000,521000,540000,499000,516000,506000,526000,0,0,0,0
11593,100,あり,,1,False,,401～500件,61～80件,,1,2,2;3,1,1,,False,,True,,534000,523000,492000,573000,473000,466000,458000,493000,7800,6000,5000,7000
11594,100,あり,,1,False,,21～40件,0～20件,,3,,,100,100,,,,True,,,,,,,,,,,,,
11596,100,あり,,0,False,,0～20件,0～20件,,1,3,3,100,100,,False,,False,,,,,,,,,,,,,
11597,1,自施設での分娩取扱あり,1;2;3,1,True,20週,1～20件,0件,,100,,,100,100,,,,True,,524000,,,,468000,,,,0,,,
11598,1,自施設での分娩取扱あり,1,1,True,34,201～300件,21～40件,,3,,,100,100,,,,True,1;2;3;4,,,,,,,,,,,,
11599,100,あり,,1,False,,0～20件,0～20件,,3,,,100,100,,,,True,,405000,,,,358000,,,,0,,,
11600,100,あり,,1,False,,81～100件,0～20件,,3,,,100,100,,,,True,,,,,,,,,,,,,
11601,1,自施設での分娩取扱あり,1,1,True,34週,101～150件,21～40件,,100,,,100,100,,,,True,1;2,699000,,,,596000,,,,70000,,,
11602,1,自施設での分娩取扱あり,1,2,True,20週,601～700件,81～100件,,1,2;1,3,2,1,21～40件,True,https://www.jalasite.org/hp/10826.html,True,1;2;3;4,,,,,,,,,,,,
11603,100;1,あり;自施設での分娩取扱あり,1;2,2,True,32～33,81～100件,0件,,3,,,100,100,,,,True,1;3,515000,518000,504000,529000,493000,494000,484000,506000,2100,0,0,0
11604,100;1,あり;自施設での分娩取扱あり,1,1,True,32,201～300件,101～150件,,1,1;2;3,1;2,1,3,,True,https://www.jalasite.org/hp/10153.html,True,1;3,706000,697000,664000,754000,689000,678000,643000,740000,0,0,0,0
11605,4,なし,,1,,,21～40件,,,100,,,100,100,,,,,,,,,,,,,,,,,
11606,1,自施設での分娩取扱あり,1;2,1,True,34週,101～150件,,,100,,,100,100,,,,True,1;3,537000,543000,521000,549000,491000,494000,477000,506000,0,0,0,0
11607,100,あり,,0,False,,201～300件,61～80件,,3,,,100,100,,,,True,,,,,,,,,,,,,
11608,1,自施設での分娩取扱あり,1;2,1,True,30,601～700件,81～100件,,1,1,3,2,1,,True,https://www.jalasite.org/hp/10719.html,True,1,753000,764000,675000,820000,666000,683000,595000,720000,51500,52000,44000,60000
11609,100,あり,,1,False,,0～20件,0～20件,,1,1,,1,2,,False,,True,,,,,,,,,,,,,
11610,100,あり,,1,False,,0～20件,0～20件,,3,,,100,100,,,,True,,589000,,,,568000,,,,0,,,
11611,1,自施設での分娩取扱あり,1,1,True,34,301～400件,81～100件,,1,1;2,3,2,3,18件,True,https://www.jalasite.org/hp/10854.html,True,1;2;3,655000,651000,637000,669000,625000,620000,608000,641000,0,0,0,0
11612,100,あり,,1,False,,150～200件,0～20件,,1,1,3,1,100,,False,,True,,,,,,,,,,,,,
11613,100,あり,,1,False,,201～300件,41～60件,,1,1;2,3,1,2,,False,,True,,,,,,,,,,,,,
11614,100,あり,,1,False,,101～150件,21～40件,,1,1,2;3,2,1,,False,,True,,574000,570000,553000,597000,456000,459000,446000,469000,29300,21000,21000,28000
11615,100,あり,,1,False,,101～150件,21～40件,,3,,,100,100,,,,True,,571000,556000,545000,589000,497000,488000,488000,518000,30000,30000,30000,30000
11616,1,自施設での分娩取扱あり,1;2;3,1,True,36,151～200件,21～40件,,3,,,100,100,,,,True,,518000,516000,498000,526000,411000,402000,393000,416000,65100,63700,56700,72000
11618,1,自施設での分娩取扱あり,1;2,,True,34週,401～500件,21～40件,,100,,,100,100,,,,True,1,545000,540000,533000,549000,500000,498000,490000,507000,2600,0,0,0
11619,100;1,あり;自施設での分娩取扱あり,1,1,True,32～33,81～100件,1~20件,,3,,,100,100,,,,True,1,603000,612000,580000,627000,529000,535000,507000,554000,21900,23100,19800,23100
11620,100,あり,,1,False,,301～400件,41～60件,,1,1,3,1,1,,True,https://www.jalasite.org/hp/10647.html,True,,602000,584000,546000,663000,555000,529000,505000,615000,0,0,0,0
11621,1,自施設での分娩取扱あり,1;2,1,True,34週,101～150件,21～40件,,100,,,100,100,,,,True,1,646000,644000,623000,682000,631000,628000,608000,668000,0,0,0,0
11622,4,なし,,1,,,151～200件,21～40件,,100,,,100,100,,,,,,638000,635000,609000,667000,479000,469000,468000,495000,111800,108000,100000,128000
11623,1,自施設での分娩取扱あり,1,1,True,,201～300件,21～40件,,100,,,100,100,,,,True,1;2,538000,536000,521000,553000,471000,469000,453000,484000,37500,35000,35000,42000
11624,100,あり,,1,False,,201～300件,61～80件,,3,,,100,100,,,,True,,568000,559000,537000,599000,546000,536000,515000,577000,0,0,0,0
11625,100,あり,,0,False,,1001～1500件,150～200件,,1,1,1,1,2,,False,,True,,742000,758000,695000,794000,698000,713000,652000,745000,28500,30000,20000,40000
11626,1,自施設での分娩取扱あり,,1,,,901～1000件,41～60件,,1,1;2;3,3,1,1,,True,https://www.jalasite.org/hp/10754.html,,,,,,,,,,,,,,
11628,1,自施設での分娩取扱あり,1;2,1,True,35週,301～400件,61～80件,,1,1;2,2;3,1,2,201～300件,False,,True,1,689000,712000,685000,731000,618000,636000,624000,656000,24900,24000,24000,30000
11629,1,自施設での分娩取扱あり,1;2,1,True,26週,101～150件,0件,,100,,,100,100,,,,True,1;2;3;4,628000,626000,611000,638000,555000,558000,558000,558000,1300,0,0,0
11630,2,オープンシステムを利用し、他施設へ赴いての分娩取扱あり,1;2;3,1,True,要確認,201～300件,81～100件,,100,,,100,100,,,,True,1;3,533000,537000,531000,541000,504000,508000,502000,512000,0,0,0,0
11631,1,自施設での分娩取扱あり,1,1,True,34週,301～400件,21～40件,,1,1,1,2,1,41～60件,False,,True,1,569000,564000,537000,589000,491000,486000,486000,499000,6300,8800,1100,8800
11632,1,自施設での分娩取扱あり,1,1,True,20週,201～300件,21～40件,,100,,,100,100,,,,True,1,490000,496000,484000,505000,411000,416000,408000,421000,36600,40000,36000,45000
11633,1,自施設での分娩取扱あり,1;2,1,True,32週,501～600件,81～100件,,1,1,3,2,1,21～40件,False,,True,1;3,628000,611000,590000,686000,418000,422000,402000,432000,63300,65000,65000,65000
11634,100;1,あり;自施設での分娩取扱あり,1,1,True,34,201～300件,41～60件,,1,1,3,2,3,101～150件,True,https://www.jalasite.org/hp/10151.html,True,1;2,765000,771000,689000,831000,574000,575000,559000,599000,21900,24000,0,36000
11635,1,自施設での分娩取扱あり,1;2,1,True,34,201～300件,81～100件,,3,,,100,100,,,,True,1,554000,555000,546000,564000,482000,480000,470000,492000,0,0,0,0
11636,100;1,あり;自施設での分娩取扱あり,1;2,1,True,34,201～300件,41～60件,,1,2,3,2,1,0件,False,,True,1,544000,548000,537000,554000,466000,474000,459000,476000,2300,0,0,0
11637,100,あり,,0,False,,501～600件,101～150件,,1,1;2,3,1,1,,False,,True,,670000,646000,635000,730000,530000,506000,497000,596000,77600,78000,78000,78000
11638,100,あり,,1,False,,201～300件,0～20件,,3,,,100,100,,,,True,,602000,605000,585000,621000,560000,565000,546000,584000,8000,0,0,12000
11639,100,あり,,1,False,,41～60件,0～20件,,2,1,3,100,100,,False,,True,,495000,492000,482000,507000,463000,461000,452000,477000,0,0,0,0
11640,1,自施設での分娩取扱あり,1,1,True,16週,301～400件,41～60件,,100,,,100,100,,,,True,1,583000,582000,574000,589000,547000,549000,537000,559000,0,0,0,0
11641,1,自施設での分娩取扱あり,1;2,1,True,34,501～600件,41～60件,,3,,,100,100,,,,True,1;3,531000,525000,509000,557000,445000,444000,433000,466000,61800,55000,55000,66000
11642,1,自施設での分娩取扱あり,1;2,1,True,30週,41～60件,21～40件,,1,1,3,1,2,0件,False,,True,1,512000,,,,493000,,,,0,,,
11643,100,あり,,1,False,,401～500件,101～150件,,1,1,3,2,1,,False,,True,,652000,633000,615000,664000,582000,570000,557000,587000,2800,0,0,4500
11645,100,あり,,1,False,,81～100件,0～20件,,1,1;2;3,3,1,2,,False,,True,,612000,,,,565000,,,,0,,,
11646,1,自施設での分娩取扱あり,1;2,1,True,35週,301～400件,21～40件,,1,1,3,2,1,1～20件,True,,True,1,527000,517000,505000,538000,463000,454000,443000,468000,34600,30000,30000,42000
11648,1,自施設での分娩取扱あり,1;2;3,1,True,35週,201～300件,41～60件,,1,1,3,2,1,81～100件,False,,True,,486000,482000,474000,500000,458000,457000,446000,470000,8300,6600,6600,7700
11649,100,あり,,1,False,,150～200件,21～40件,,3,,,100,100,,,,True,,552000,554000,545000,566000,517000,519000,509000,531000,17600,18000,18000,18000
11650,1,自施設での分娩取扱あり,,1,True,34週,201～300件,21～40件,,100,,,100,100,,,,True,1;3,571000,,,,557000,,,,0,,,
11651,1,自施設での分娩取扱あり,1;2;3,1,True,30週,601～700件,81～100件,,1,1,2;3,1,3,501～600件,True,https://hagukumi-cl.com/about/medical/painless_delivery/,True,1;2;3,848000,850000,817000,900000,686000,678000,648000,728000,800,0,0,0
11652,1,自施設での分娩取扱あり,1;2;3,1,True,30週,601～700件,101～150件,,1,1,2;3,1,1,501～600件,True,https://hagukumi-cl.com/about/medical/painless_delivery/,True,1;2;3,861000,865000,824000,909000,695000,708000,658000,728000,600,0,0,0
11653,100,あり,,0,False,,301～400件,61～80件,,1,1,3,1,1,,False,,True,,620000,614000,609000,620000,490000,492000,486000,492000,4900,0,0,0
11654,100;1,あり;自施設での分娩取扱あり,2,2,True,32,101～150件,41～60件,,3,,,100,100,,,,True,1;2;3,584000,589000,574000,600000,551000,556000,537000,566000,0,0,0,0
11655,1,自施設での分娩取扱あり,1;2;3,0,True,34週,201～300件,21～40件,,1,1;2,3,2,2,21～40件,True,https://www.jalasite.org/area/,True,1;3,557000,554000,539000,568000,454000,454000,443000,472000,3300,0,0,7200
11656,100,あり,,1,False,,151~200件,41~60件,,1,1,2;3,2,2,,False,,True,,496000,499000,485000,501000,430000,436000,425000,440000,21900,21500,17800,30000
11657,100;1;2,あり;自施設での分娩取扱あり;オープンシステムを利用し、他施設へ赴いての分娩取扱あり,1;2,1,True,34,201～300件,41～60件,,3,,,100,100,,,,True,1;3,633000,633000,620000,650000,552000,552000,546000,560000,39800,36700,30600,48900
11658,100,あり,,1,False,,,,,3,,,100,100,,,,False,,384000,,,,359000,,,,0,,,
11659,100,あり,,1,False,,151～200件,41～60件,,1,1,1,2,1,,False,,True,,543000,538000,522000,560000,529000,525000,509000,547000,0,0,0,0
11660,100,あり,,1,False,,101～150件,41～60件,,3,,,100,100,,,,True,,636000,,,,512000,,,,60500,,,
11661,100,あり,,1,False,,401～500件,101～150件,True,3,,,100,100,,,,True,,524000,526000,510000,541000,456000,458000,446000,476000,0,0,0,0
11662,1,自施設での分娩取扱あり,1;2,1,True,32週,201～300件,41～60件,,2,1,2;3,1,2,,False,,True,1;2;3,533000,540000,514000,554000,478000,484000,463000,497000,400,0,0,0
11663,100,あり,,1,False,,301～400件,81～100件,,3,,,100,100,,,,True,,588000,588000,581000,594000,508000,507000,503000,515000,50300,50000,50000,50000
11664,100,あり,,0,False,,101～150件,81～100件,,3,,,100,100,,,,True,,716000,729000,683000,743000,671000,689000,641000,698000,0,0,0,0
11665,1,自施設での分娩取扱あり,1;2,1,True,,151～200件,41～60件,,1,1,3,1,1,21～40件,True,https://www.sou-clinic.com/,,,,,,,,,,,,,,
11666,100,あり,,1,False,,201～300件,0～20件,,3,,,100,100,,,,True,,575000,575000,575000,575000,558000,558000,558000,558000,0,0,0,0
11667,1,自施設での分娩取扱あり,1;2,1,,,201～300件,41～60件,,100,,,100,100,,,,True,1;3,518000,517000,498000,542000,490000,487000,468000,512000,400,0,0,0
11668,100,あり,,1,False,,201～300件,41～60件,,100,,,100,100,,,,True,,544000,,,,498000,,,,1700,,,
11669,100,あり,,1,False,,301～400件,21～40件,,100,,,100,100,,,,True,,563000,564000,550000,575000,518000,520000,506000,530000,900,0,0,0
11670,100,あり,,1,False,,101～150件,0～20件,,3,,,100,100,,,,True,,474000,475000,464000,485000,449000,450000,439000,460000,0,0,0,0
11671,100,あり,,1,False,,201～300件,21～40件,,3,,,100,100,,,,True,,603000,602000,585000,616000,546000,546000,536000,557000,0,0,0,0
11672,100,あり,,1,False,,41～60件,21～40件,,3,,,100,100,,,,True,,610000,603000,593000,623000,537000,535000,531000,548000,18900,0,0,33000
11673,100,あり,,1,False,,61～80件,0～20件,,3,,,100,100,,,,True,,585000,581000,573000,599000,569000,565000,559000,582000,0,0,0,0
11674,100,あり,,1,False,,701～800件,61～80件,,1,1,2;3,2,1,,True,https://www.jalasite.org/hp/10715.html,True,,567000,552000,537000,600000,509000,507000,497000,519000,17400,20000,15000,25000
11675,100,あり,,1,False,,301～400件,41～60件,,3,,,100,100,,,,True,,489000,485000,475000,495000,433000,430000,420000,440000,0,0,0,0
11676,100,あり,,1,False,,201～300件,21～40件,,3,,,100,100,,,,True,,665000,666000,639000,688000,567000,575000,552000,588000,0,0,0,0
11677,100,あり,,0,False,,401～500件,41～60件,,2,1,3,100,100,,False,,True,,,,,,,,,,,,,
11678,100,あり,,1,False,,201～300件,21～40件,,3,,,100,100,,,,True,,562000,561000,549000,578000,470000,465000,458000,482000,12500,10000,10000,17500
11679,100,あり,,1,False,,201～300件,21～40件,,1,1,2,1,2,,False,,True,,607000,613000,581000,624000,517000,528000,483000,536000,16200,16500,16500,16500
11681,100,あり,,1,False,,150～200件,0～20件,,3,,,100,100,,,,True,,519000,517000,513000,525000,479000,481000,473000,483000,15700,13000,13000,15000
11682,100,あり,,0,False,,61～80件,21～40件,,1,1,1;3,100,100,,,,True,,,,,,,,,,,,,
11683,100,あり,,1,False,,301～400件,41～60件,,1,1,3,1,2,,True,https://www.jalasite.org/hp/10698.html,True,,591000,612000,525000,638000,547000,573000,481000,590000,6700,0,0,15000
11684,100,あり,,1,False,,401～500件,61～80件,,3,,,100,100,,,,True,,579000,582000,569000,592000,512000,518000,505000,523000,0,0,0,0
11685,1,自施設での分娩取扱あり,1;2,1,True,34週,201～300件,61～80件,,100,,,100,100,,,,True,,518000,508000,500000,529000,498000,489000,481000,500000,0,0,0,0
11686,100,あり,,1,False,,501～600件,41～60件,,1,1;2,2;3,2,1,,False,,True,,582000,564000,545000,612000,527000,511000,496000,555000,0,0,0,0
11687,1,自施設での分娩取扱あり,,1,,,101～150件,21～40件,,1,1,3,1,3,,True,https://www.funabashi-lc.jp/painless-delivery,,,645000,,,,608000,,,,0,,,
11689,100,あり,,1,False,,0～20件,0～20件,,3,,,100,100,,,,True,,,,,,,,,,,,,
11690,4,なし,,1,,,,,,100,,,100,100,,,,,,,,,,,,,,,,,
11691,1,自施設での分娩取扱あり,,1,True,30週,21～40件,,,100,,,100,100,,,,True,1;2;3;4,542000,535000,517000,576000,470000,474000,450000,505000,0,0,0,0
11692,100,あり,,1,False,,21～40件,,,100,,,100,100,,,,True,,638000,635000,613000,650000,606000,604000,582000,619000,0,0,0,0
11694,1;3,自施設での分娩取扱あり;自宅分娩（出張分娩）での分娩取扱あり,1;2,1,True,32,21～40件,,,100,,,100,100,,,,True,,478000,480000,468000,485000,451000,457000,441000,462000,0,0,0,0
11695,1,自施設での分娩取扱あり,1;2;3,1,True,8~10週,1～20件,0件,,100,,,100,100,,,,True,1;2;3;4,511000,,,,452000,,,,0,,,
11696,100;1,あり;自施設での分娩取扱あり,1;2,1,True,,21～40件,,,3,,,100,100,,,,True,,562000,550000,543000,588000,495000,485000,475000,517000,0,0,0,0
11697,1,自施設での分娩取扱あり,3,2,True,34週,61～80件,,,100,,,100,100,,,,True,1;2,511000,501000,483000,528000,483000,472000,456000,501000,0,0,0,0
11698,100,あり,,1,False,,21～40件,,,100,,,100,100,,,,True,,,,,,,,,,,,,
11699,100,あり,,1,False,,0～20件,,,100,,,100,100,,,,True,,566000,,,,514000,,,,0,,,
11700,100,あり,,1,False,,41～60件,,,100,,,100,100,,,,True,,554000,557000,546000,567000,498000,505000,494000,505000,12400,10000,7000,16000
11701,1;2;3,自施設での分娩取扱あり;オープンシステムを利用し、他施設へ赴いての分娩取扱あり;自宅分娩（出張分娩）での分娩取扱あり,1,1,True,34週,21～40件,,,100,,,100,100,,,,True,,576000,584000,543000,602000,563000,572000,530000,590000,0,0,0,0
11702,1;3,自施設での分娩取扱あり;自宅分娩（出張分娩）での分娩取扱あり,1;2,1,True,28週,21～40件,,,100,,,100,100,,,,True,,679000,676000,667000,686000,606000,604000,595000,613000,0,0,0,0
11703,1;3,自施設での分娩取扱あり;自宅分娩（出張分娩）での分娩取扱あり,1;2,1,True,32週,21～40件,,,100,,,100,100,,,,False,,516000,515000,510000,520000,489000,490000,483000,490000,0,0,0,0
11704,1;3,自施設での分娩取扱あり;自宅分娩（出張分娩）での分娩取扱あり,1;2,1,True,25週,61～80件,,,100,,,100,100,,,,True,,506000,505000,505000,505000,494000,493000,489000,493000,0,0,0,0
11705,1,自施設での分娩取扱あり,1;2,1,True,34週,1～20件,,,100,,,100,100,,,,True,1;2;3;4;5;6,560000,,,,532000,,,,0,,,
11706,1;3,自施設での分娩取扱あり;自宅分娩（出張分娩）での分娩取扱あり,,1,,,,,,100,,,100,100,,,,,,519000,,,,483000,,,,0,,,
11707,1;3,自施設での分娩取扱あり;自宅分娩（出張分娩）での分娩取扱あり,1;2,1,True,34週,1～20件,,,100,,,100,100,,,,True,1;2;3;4;5;6,558000,557000,549000,566000,520000,524000,510000,529000,0,0,0,0
11708,1,自施設での分娩取扱あり,1;2;3,1,True,30週,1～20件,,,100,,,100,100,,,,True,,486000,485000,472000,500000,446000,448000,435000,463000,0,0,0,0
11709,1;3,自施設での分娩取扱あり;自宅分娩（出張分娩）での分娩取扱あり,1,1,True,20週,21～40件,,,100,,,100,100,,,,True,,519000,519000,483000,557000,409000,422000,395000,439000,0,0,0,0
11710,1,自施設での分娩取扱あり,2,1,True,32週,21～40件,,,100,,,100,100,,,,True,1;2;3,452000,454000,446000,462000,425000,426000,417000,435000,0,0,0,0
11711,1,自施設での分娩取扱あり,1;2,1,True,30週,21～40件,,,100,,,100,100,,,,True,1;2;3;4;5;6,466000,470000,457000,473000,382000,381000,374000,395000,0,0,0,0
11712,1;3,自施設での分娩取扱あり;自宅分娩（出張分娩）での分娩取扱あり,1,1,True,34週,1~20件,,,100,,,100,100,,,,True,,568000,,,,525000,,,,0,,,
11713,1;3;2,自施設での分娩取扱あり;自宅分娩（出張分娩）での分娩取扱あり;オープンシステムを利用し、他施設へ赴いての分娩取扱あり,1;2;3,1,True,34週,1~20件,,,3,,,100,100,,,,True,,537000,,,,506000,,,,0,,,
11714,1;3,自施設での分娩取扱あり;自宅分娩（出張分娩）での分娩取扱あり,2,1,True,35週,21～40件,,,100,,,100,100,,,,True,,485000,,,,459000,,,,0,,,
11715,1;3,自施設での分娩取扱あり;自宅分娩（出張分娩）での分娩取扱あり,1;2,1,True,30,41～60件,,,100,,,100,100,,,,True,1;2;3;4;5,581000,582000,579000,593000,519000,521000,519000,532000,0,0,0,0
11716,1;3,自施設での分娩取扱あり;自宅分娩（出張分娩）での分娩取扱あり,1,1,True,20週,21～40件,0件,,100,,,100,100,,,,True,,680000,673000,664000,691000,643000,638000,629000,651000,0,0,0,0
11717,100,あり,,1,False,,21～40件,,,100,,,100,100,,,,True,,528000,,,,483000,,,,0,,,
11718,1;3,自施設での分娩取扱あり;自宅分娩（出張分娩）での分娩取扱あり,1,1,True,32~34週,21～40件,,,100,,,100,100,,,,True,1;2;3;4;5;6,516000,,,,487000,,,,0,,,
11719,1;2;3,自施設での分娩取扱あり;オープンシステムを利用し、他施設へ赴いての分娩取扱あり;自宅分娩（出張分娩）での分娩取扱あり,1,1,True,,1～20件,,,100,,,100,100,,,,True,,545000,,,,507000,,,,0,,,
11720,100,あり,,1,False,,21～40件,,,100,,,100,100,,,,True,,597000,,,,569000,,,,0,,,
11721,100,あり,,1,False,,21～40件,,,100,,,100,100,,,,True,,499000,,,,471000,,,,400,,,
11722,1;3,自施設での分娩取扱あり;自宅分娩（出張分娩）での分娩取扱あり,1;2,1,True,34週,1～20件,,,100,,,100,100,,,,True,,627000,,,,592000,,,,0,,,
11723,100,あり,,1,False,,21～40件,,,100,,,100,100,,,,True,,577000,,,,541000,,,,0,,,
11724,100,あり,,1,False,,21～40件,,,100,,,100,100,,,,True,,597000,,,,551000,,,,0,,,
11725,1;3,自施設での分娩取扱あり;自宅分娩（出張分娩）での分娩取扱あり,1;2,1,True,20週,21～40件,,,100,,,100,100,,,,True,1;2;3;4,543000,,,,470000,,,,0,,,
11726,100,あり,,1,False,,61～80件,,,100,,,100,100,,,,True,,519000,516000,505000,530000,465000,465000,458000,470000,0,0,0,0
11727,1;3,自施設での分娩取扱あり;自宅分娩（出張分娩）での分娩取扱あり,1;2;3,1,True,34週,21～40件,,,100,,,100,100,,,,True,,,,,,,,,,,,,
11728,100,あり,,1,False,,41～60件,,,100,,,100,100,,,,True,,537000,536000,525000,546000,442000,442000,440000,444000,45000,50000,50000,50000
11729,100;1;3,あり;自施設での分娩取扱あり;自宅分娩（出張分娩）での分娩取扱あり,1;2;3,1,True,36,41～60件,,,100,,,100,100,,,,True,,592000,603000,575000,615000,580000,591000,563000,603000,0,0,0,0
11730,100,あり,,1,False,,21～40件,,,100,,,100,100,,,,True,,568000,569000,562000,577000,538000,541000,534000,549000,0,0,0,0
11731,1;2;3,自施設での分娩取扱あり;オープンシステムを利用し、他施設へ赴いての分娩取扱あり;自宅分娩（出張分娩）での分娩取扱あり,1;2;3,1,True,32週,41～60件,,,100,,,100,100,,,,True,,548000,546000,527000,572000,524000,523000,502000,548000,0,0,0,0
11732,1;3,自施設での分娩取扱あり;自宅分娩（出張分娩）での分娩取扱あり,1;2,1,True,30週,1～20件,,,100,,,100,100,,,,True,,699000,695000,695000,708000,643000,638000,638000,653000,0,0,0,0
11733,100;1,あり;自施設での分娩取扱あり,1;2,1,True,,1~20件,,,100,,,100,100,,,,True,1;2;3,530000,,,,489000,,,,0,,,
11734,1,自施設での分娩取扱あり,1;2,1,True,32週,21～40件,0件,,3,,,100,100,,,,True,,563000,554000,537000,589000,485000,484000,464000,506000,36500,36000,36000,39000
11735,1,自施設での分娩取扱あり,2,1,True,30週,41～60件,,,100,,,100,100,,,,True,,592000,602000,597000,604000,541000,550000,548000,551000,0,0,0,0
11736,1;3,自施設での分娩取扱あり;自宅分娩（出張分娩）での分娩取扱あり,1;2;3,1,True,34週,21～40件,,,100,,,100,100,,,,True,,516000,513000,501000,528000,479000,478000,465000,487000,0,0,0,0
11737,100,あり,,1,False,,0～20件,,,100,,,100,100,,,,True,,569000,,,,509000,,,,0,,,
11738,100,あり,,1,False,,21～40件,,,100,,,100,100,,,,True,,503000,500000,500000,508000,483000,480000,480000,488000,0,0,0,0
11739,100,あり,,1,False,,21～40件,,,100,,,100,100,,,,True,,519000,509000,500000,570000,460000,461000,439000,516000,0,0,0,0
11740,1;3,自施設での分娩取扱あり;自宅分娩（出張分娩）での分娩取扱あり,1;2;3,1,True,37週,1～20件,,,100,,,100,100,,,,True,,,,,,,,,,,,,
11741,1;3,自施設での分娩取扱あり;自宅分娩（出張分娩）での分娩取扱あり,1;2,1,True,32週,21～40件,,,100,,,100,100,,,,True,,531000,,,,493000,,,,0,,,
11742,100,あり,,1,False,,21～40件,,,100,,,100,100,,,,True,,534000,,,,446000,,,,0,,,
11743,100,あり,,0,False,,0～20件,,,100,,,100,100,,,,True,,556000,,,,495000,,,,0,,,
11744,1,自施設での分娩取扱あり,1;2;3,1,True,32週,41～60件,,,100,,,100,100,,,,True,,498000,500000,474000,511000,464000,466000,441000,478000,0,0,0,0
11745,100,あり,,1,False,,21～40件,,,100,,,100,100,,,,True,,,,,,,,,,,,,
11746,1;3,自施設での分娩取扱あり;自宅分娩（出張分娩）での分娩取扱あり,1;2,1,True,32週,21～40件,,,100,,,100,100,,,,True,,540000,,,,492000,,,,0,,,
11747,,,,1,,,41～60件,,,100,,,100,100,,,,,,544000,535000,520000,573000,516000,507000,490000,546000,0,0,0,0
11748,100,あり,,0,False,,0～20件,,,100,,,100,100,,,,True,,,,,,,,,,,,,
11749,1;3,自施設での分娩取扱あり;自宅分娩（出張分娩）での分娩取扱あり,1;2,1,True,33週,61～80件,,,100,,,100,100,,,,True,,528000,521000,514000,543000,494000,488000,481000,509000,0,0,0,0
11750,100,あり,,1,False,,0～20件,,,100,,,100,100,,,,True,,429000,,,,387000,,,,0,,,
11751,1,自施設での分娩取扱あり,1;2,1,True,32,21～40件,,,100,,,100,100,,,,True,1;2;3,495000,500000,500000,500000,468000,474000,474000,474000,0,0,0,0
11752,1;3,自施設での分娩取扱あり;自宅分娩（出張分娩）での分娩取扱あり,,1,,,1～20件,,,100,,,100,100,,,,True,,525000,,,,495000,,,,0,,,
11753,1,自施設での分娩取扱あり,1;2,1,True,16週(初産)・経産婦は要相談,21～40件,,,100,,,100,100,,,,True,1;2;3;4;5;6,497000,503000,482000,512000,449000,458000,429000,465000,0,0,0,0
11754,1;3,自施設での分娩取扱あり;自宅分娩（出張分娩）での分娩取扱あり,1,1,True,34週,1～20件,,,100,,,100,100,,,,True,1;2;3;4,585000,589000,583000,594000,544000,548000,542000,552000,0,0,0,0
11755,100,あり,,1,False,,0～20件,,,100,,,100,100,,,,True,,,,,,,,,,,,,
11756,3,自宅分娩（出張分娩）での分娩取扱あり,3,1,True,30週,1～20件,,,100,,,100,100,,,,True,,529000,,,,359000,,,,0,,,
11757,1,自施設での分娩取扱あり,,1,,,61～80件,,,100,,,100,100,,,,,,565000,566000,557000,581000,539000,542000,527000,555000,1300,0,0,0
11758,100,あり,,1,False,,0～20件,,,100,,,100,100,,,,True,,500000,,,,469000,,,,0,,,
11759,100,あり,,1,False,,21～40件,,,100,,,100,100,,,,True,,516000,510000,500000,532000,488000,483000,473000,505000,0,0,0,0
11760,100,あり,,1,False,,21～40件,,,100,,,100,100,,,,True,,559000,,,,493000,,,,0,,,
11761,100,あり,,1,False,,41～60件,,,100,,,100,100,,,,True,,585000,582000,571000,594000,554000,553000,543000,561000,0,0,0,0
11762,1;3,自施設での分娩取扱あり;自宅分娩（出張分娩）での分娩取扱あり,1;2;3,1,True,30週,1～20件,,,100,,,100,100,,,,True,,567000,,,,519000,,,,0,,,
11763,2;3,オープンシステムを利用し、他施設へ赴いての分娩取扱あり;自宅分娩（出張分娩）での分娩取扱あり,2,1,True,25週,1～20件,,,100,,,100,100,,,,True,1;2;3;4,,,,,,,,,,,,
11764,100,あり,,1,False,,41～60件,,,100,,,100,100,,,,True,,483000,485000,480000,496000,467000,472000,464000,482000,0,0,0,0
11765,1;3,自施設での分娩取扱あり;自宅分娩（出張分娩）での分娩取扱あり,1,1,True,,21～40件,,,100,,,100,100,,,,True,1;2,502000,,,,455000,,,,0,,,
11766,100,あり,,1,False,,21～40件,,,100,,,100,100,,,,True,,507000,,,,495000,,,,0,,,
11767,100,あり,,1,False,,0～20件,,,100,,,100,100,,,,True,,,,,,,,,,,,,
11768,3,自宅分娩（出張分娩）での分娩取扱あり,2;3,1,True,30週,1～20件,,,100,,,100,100,,,,True,,,,,,,,,,,,,
11769,1;2;3,自施設での分娩取扱あり;オープンシステムを利用し、他施設へ赴いての分娩取扱あり;自宅分娩（出張分娩）での分娩取扱あり,2,1,True,32週,41～60件,,,100,,,100,100,,,,True,1;2,523000,527000,503000,539000,493000,502000,486000,509000,0,0,0,0
11770,1,自施設での分娩取扱あり,1;2;3,1,True,34週,1～20件,,,100,,,100,100,,,,True,,567000,,,,540000,,,,0,,,
11772,100;1,あり;自施設での分娩取扱あり,1;2,1,True,32,21～40件,,,100,,,100,100,,,,True,,474000,,,,432000,,,,3800,,,
11773,1,自施設での分娩取扱あり,1;2,1,True,34週,61～80件,,,100,,,100,100,,,,True,1;2;3;4;5;6,547000,541000,530000,560000,501000,500000,497000,509000,3400,0,0,0
11774,1;3,自施設での分娩取扱あり;自宅分娩（出張分娩）での分娩取扱あり,1;2,0,True,32,1~20件,0件,,100,,,100,100,,,,True,1;2;3;4;5;6,565000,561000,553000,580000,513000,517000,501000,528000,0,0,0,0
11775,100,あり,,1,False,,21～40件,,,100,,,100,100,,,,True,,603000,601000,580000,625000,543000,542000,519000,565000,0,0,0,0
11776,3,自宅分娩（出張分娩）での分娩取扱あり,1,1,True,26週,1～20件,,,100,,,100,100,,,,True,1;2;3,489000,,,,417000,,,,0,,,
11777,1;3,自施設での分娩取扱あり;自宅分娩（出張分娩）での分娩取扱あり,1,1,True,34週,,,,100,,,100,100,,,,True,,516000,,,,484000,,,,0,,,
11778,1,自施設での分娩取扱あり,1;2,1,True,35週,1~20件,,,100,,,100,100,,,,True,,,,,,,,,,,,,
11779,1,自施設での分娩取扱あり,1;2;3,1,True,32週,1～20件,,,100,,,100,100,,,,True,1;2;3;4,518000,,,,488000,,,,0,,,
11780,1,自施設での分娩取扱あり,2;3,1,True,28週,1～20件,,,100,,,100,100,,,,True,1;2;3;4;5;6,512000,,,,490000,,,,0,,,
11781,1;3,自施設での分娩取扱あり;自宅分娩（出張分娩）での分娩取扱あり,1;2;3,1,True,16~20週,1～20件,,,100,,,100,100,,,,True,,482000,,,,448000,,,,0,,,
11782,1;2;3,自施設での分娩取扱あり;オープンシステムを利用し、他施設へ赴いての分娩取扱あり;自宅分娩（出張分娩）での分娩取扱あり,1;2,1,True,30週,1～20件,,,100,,,100,100,,,,True,,528000,,,,453000,,,,0,,,
11783,1;3,自施設での分娩取扱あり;自宅分娩（出張分娩）での分娩取扱あり,1;2,1,True,32週,1～20件,,,100,,,100,100,,,,True,,487000,,,,449000,,,,0,,,
11784,100,あり,,1,False,,0～20件,,,100,,,100,100,,,,True,,486000,,,,445000,,,,0,,,
11785,1;3,自施設での分娩取扱あり;自宅分娩（出張分娩）での分娩取扱あり,1;2;3,1,True,32週,1～20件,,,100,,,100,100,,,,True,,505000,,,,473000,,,,0,,,
11786,1;3,自施設での分娩取扱あり;自宅分娩（出張分娩）での分娩取扱あり,1;2,1,False,,1～20件,,,100,,,100,100,,,,True,,523000,,,,478000,,,,0,,,
11787,100,あり,,1,False,,0～20件,,,100,,,100,100,,,,True,,547000,,,,389000,,,,0,,,
11789,1;3,自施設での分娩取扱あり;自宅分娩（出張分娩）での分娩取扱あり,1;2;3,1,True,34週,1～20件,,,100,,,100,100,,,,True,,550000,,,,519000,,,,0,,,
11790,1,自施設での分娩取扱あり,1,1,False,,1～20件,,,100,,,100,100,,,,True,,645000,,,,615000,,,,0,,,
11791,100,あり,,1,False,,0～20件,,,100,,,100,100,,,,True,,,,,,,,,,,,,
11792,100;1;3,あり;自施設での分娩取扱あり;自宅分娩（出張分娩）での分娩取扱あり,2,1,True,34,1~20件,,,3,,,100,100,,,,True,,551000,,,,529000,,,,0,,,
11793,3,自宅分娩（出張分娩）での分娩取扱あり,2;3,,True,22週,1～20件,,,100,,,100,100,,,,True,1;4,483000,,,,457000,,,,0,,,
11794,2;3,オープンシステムを利用し、他施設へ赴いての分娩取扱あり;自宅分娩（出張分娩）での分娩取扱あり,2;3,1,True,30週,1～20件,,,100,,,100,100,,,,True,,506000,,,,479000,,,,0,,,
11795,100,あり,,1,False,,0～20件,,,100,,,100,100,,,,True,,551000,,,,486000,,,,0,,,
11796,1;2;3,自施設での分娩取扱あり;オープンシステムを利用し、他施設へ赴いての分娩取扱あり;自宅分娩（出張分娩）での分娩取扱あり,2;3,1,True,30-32,21～40件,0件,,100,,,100,100,,,,True,1;2;4;6,,,,,,,,,,,,
11797,1;3,自施設での分娩取扱あり;自宅分娩（出張分娩）での分娩取扱あり,1;2;3,1,True,34週,1～20件,,,100,,,100,100,,,,True,,426000,,,,397000,,,,0,,,
11798,100,あり,,1,False,,0～20件,,,100,,,100,100,,,,True,,542000,,,,493000,,,,0,,,
11799,1,自施設での分娩取扱あり,1;2,1,,,1～20件,,,100,,,100,100,,,,True,,500000,,,,460000,,,,0,,,
11800,1,自施設での分娩取扱あり,1;2;3,1,True,30週,1～20件,,,100,,,100,100,,,,True,,433000,,,,399000,,,,0,,,
11801,1,自施設での分娩取扱あり,1,1,True,26週,,,,100,,,100,100,,,,True,1;2,450000,,,,438000,,,,0,,,
11802,1;2;3,自施設での分娩取扱あり;オープンシステムを利用し、他施設へ赴いての分娩取扱あり;自宅分娩（出張分娩）での分娩取扱あり,1;2;3,1,True,36週,1～20件,,,100,,,100,100,,,,True,1;2;3;4;5;6,513000,,,,497000,,,,0,,,
11803,100,あり,,0,False,,0～20件,,,100,,,100,100,,,,True,,543000,,,,453000,,,,0,,,
11804,100,あり,,1,False,,0～20件,,,100,,,100,100,,,,True,,,,,,,,,,,,,
11805,100,あり,,1,False,,0～20件,,,100,,,100,100,,,,True,,550000,,,,510000,,,,0,,,
11806,100,あり,,1,False,,21～40件,,,100,,,100,100,,,,True,,567000,554000,523000,603000,516000,492000,486000,538000,14100,0,0,0
11807,1,自施設での分娩取扱あり,2,1,True,20週,1～20件,,,100,,,100,100,,,,True,,550000,,,,508000,,,,0,,,
11808,100,あり,,1,False,,0～20件,,,100,,,100,100,,,,True,,583000,,,,540000,,,,0,,,
11809,1,自施設での分娩取扱あり,1;2,1,True,30週,1～20件,,,100,,,100,100,,,,True,,476000,,,,441000,,,,0,,,
11810,100;1;3,あり;自施設での分娩取扱あり;自宅分娩（出張分娩）での分娩取扱あり,3,1,True,24,1~20件,,,100,,,100,100,,,,True,1;2;3;4;5;6,521000,,,,457000,,,,0,,,
11811,100,あり,,1,False,,0～20件,,,100,,,100,100,,,,True,,608000,,,,571000,,,,0,,,
11812,1;3,自施設での分娩取扱あり;自宅分娩（出張分娩）での分娩取扱あり,1;2;3,1,True,32週,1～20件,,,100,,,100,100,,,,True,,,,,,,,,,,,,
11813,100,あり,,1,False,,21～40件,,,100,,,100,100,,,,True,,624000,,,,556000,,,,0,,,
11814,2;3,オープンシステムを利用し、他施設へ赴いての分娩取扱あり;自宅分娩（出張分娩）での分娩取扱あり,1,1,True,30週,1～20件,,,100,,,100,100,,,,True,,550000,,,,511000,,,,0,,,
11815,1;3,自施設での分娩取扱あり;自宅分娩（出張分娩）での分娩取扱あり,1,1,True,34週,1～20件,,,100,,,100,100,,,,True,1;2;3;4;5;6,451000,,,,424000,,,,0,,,
11816,100,あり,,1,False,,0～20件,,,100,,,100,100,,,,True,,,,,,,,,,,,,
11817,1,自施設での分娩取扱あり,2,1,False,,1～20件,,,100,,,100,100,,,,True,,555000,560000,553000,564000,533000,538000,531000,542000,0,0,0,0
11818,3,自宅分娩（出張分娩）での分娩取扱あり,2;3,1,True,30,1~20件,,,100,,,100,100,,,,True,1;2;3;4;5;6,518000,,,,464000,,,,0,,,
11819,1,自施設での分娩取扱あり,2,1,True,32週,1～20件,,,100,,,100,100,,,,True,,497000,,,,475000,,,,0,,,
11820,100,あり,,1,False,,0～20件,,,100,,,100,100,,,,True,,,,,,,,,,,,,
11821,100,あり,,1,False,,0～20件,,,100,,,100,100,,,,True,,513000,,,,480000,,,,0,,,
11822,1;3,自施設での分娩取扱あり;自宅分娩（出張分娩）での分娩取扱あり,1;2,1,True,,1～20件,,,100,,,100,100,,,,True,1;2;3;4;6,639000,,,,464000,,,,0,,,
11823,1;2;3,自施設での分娩取扱あり;オープンシステムを利用し、他施設へ赴いての分娩取扱あり;自宅分娩（出張分娩）での分娩取扱あり,1;2;3,1,True,32~34週,1～20件,,,100,,,100,100,,,,True,,549000,,,,537000,,,,0,,,
11824,100,あり,,1,False,,0～20件,,,100,,,100,100,,,,True,,,,,,,,,,,,,
11826,1;3,自施設での分娩取扱あり;自宅分娩（出張分娩）での分娩取扱あり,1;2;3,1,True,できるだけ早く(遅くとも28~30週),1～20件,,,100,,,100,100,,,,True,,513000,,,,464000,,,,0,,,
11827,1,自施設での分娩取扱あり,1;2,1,True,34週,1～20件,,,100,,,100,100,,,,True,,526000,,,,484000,,,,0,,,
11828,100,あり,,1,False,,0～20件,,,100,,,100,100,,,,True,,,,,,,,,,,,,
11829,1;2;3,自施設での分娩取扱あり;オープンシステムを利用し、他施設へ赴いての分娩取扱あり;自宅分娩（出張分娩）での分娩取扱あり,1;2,1,True,できるだけ早く,1～20件,,,100,,,100,100,,,,True,,576000,,,,527000,,,,0,,,
11830,1,自施設での分娩取扱あり,1,1,True,24週,1～20件,,,100,,,100,100,,,,True,1;2;3,637000,,,,622000,,,,0,,,
11831,100,あり,,1,False,,0～20件,,,100,,,100,100,,,,True,,,,,,,,,,,,,
11832,3,自宅分娩（出張分娩）での分娩取扱あり,2,1,True,32週,1～20件,,,100,,,100,100,,,,True,,527000,,,,459000,,,,0,,,
11833,100,あり,,1,False,,0～20件,,,100,,,100,100,,,,True,,,,,,,,,,,,,
11834,100,あり,,1,False,,0～20件,,,100,,,100,100,,,,True,,666000,,,,629000,,,,0,,,
11835,100,あり,,1,False,,0～20件,,,100,,,100,100,,,,True,,503000,,,,471000,,,,0,,,
11836,2;3,オープンシステムを利用し、他施設へ赴いての分娩取扱あり;自宅分娩（出張分娩）での分娩取扱あり,1,1,True,30週,1～20件,,,100,,,100,100,,,,True,,410000,,,,372000,,,,0,,,
11837,100,あり,,1,False,,0～20件,,,100,,,100,100,,,,True,,597000,,,,560000,,,,0,,,
11838,1,自施設での分娩取扱あり,1,1,True,30週,1～20件,,,100,,,100,100,,,,True,1;2,,,,,,,,,,,,
11839,3,自宅分娩（出張分娩）での分娩取扱あり,,1,False,,1～20件,,,100,,,100,100,,,,True,,515000,,,,474000,,,,0,,,
11840,100,あり,,1,False,,0～20件,,,100,,,100,100,,,,True,,,,,,,,,,,,,
11841,100,あり,,1,False,,0～20件,,,100,,,100,100,,,,True,,500000,,,,401000,,,,0,,,
11842,100,あり,,1,False,,0～20件,,,100,,,100,100,,,,True,,555000,,,,476000,,,,0,,,
11843,100,あり,,1,False,,0～20件,,,100,,,100,100,,,,True,,,,,,,,,,,,,
11844,3,自宅分娩（出張分娩）での分娩取扱あり,2,1,True,,1~20件,,,100,,,100,100,,,,True,,601000,,,,401000,,,,0,,,
11845,2;3,オープンシステムを利用し、他施設へ赴いての分娩取扱あり;自宅分娩（出張分娩）での分娩取扱あり,,1,True,25週,1～20件,,,100,,,100,100,,,,True,,538000,,,,506000,,,,0,,,
11846,1;3,自施設での分娩取扱あり;自宅分娩（出張分娩）での分娩取扱あり,1;2;3,1,True,32週,1～20件,,,100,,,100,100,,,,True,,,,,,,,,,,,,
11847,1,自施設での分娩取扱あり,1,1,False,,1～20件,,,100,,,100,100,,,,True,1;2;3,,,,,,,,,,,,
11848,1;3,自施設での分娩取扱あり;自宅分娩（出張分娩）での分娩取扱あり,1,1,True,35,1~20件,,,100,,,100,100,,,,True,1;2;3;4;5;6,,,,,,,,,,,,
11849,1;3,自施設での分娩取扱あり;自宅分娩（出張分娩）での分娩取扱あり,1,1,True,34週,1～20件,,,100,,,100,100,,,,True,,419000,,,,385000,,,,0,,,
11851,100;1;3,あり;自施設での分娩取扱あり;自宅分娩（出張分娩）での分娩取扱あり,1;2;3,0,False,,1~20件,,,100,,,100,100,,,,True,,553000,,,,417000,,,,0,,,
11852,1,自施設での分娩取扱あり,2;3,1,,,,,,100,,,100,100,,,,True,1;2;3,565000,,,,495000,,,,0,,,
11853,1;3,自施設での分娩取扱あり;自宅分娩（出張分娩）での分娩取扱あり,1;2,1,True,32週,1～20件,,,100,,,100,100,,,,True,,602000,,,,576000,,,,0,,,
11854,100,あり,,1,False,,0～20件,,,100,,,100,100,,,,True,,539000,,,,447000,,,,0,,,
11855,100,あり,,1,False,,0～20件,,,100,,,100,100,,,,True,,559000,,,,519000,,,,0,,,
11856,100,あり,,1,False,,0～20件,,,100,,,100,100,,,,True,,,,,,,,,,,,,
11857,2;3,オープンシステムを利用し、他施設へ赴いての分娩取扱あり;自宅分娩（出張分娩）での分娩取扱あり,2;3,1,True,34週,1～20件,,,100,,,100,100,,,,True,,,,,,,,,,,,,
11858,100,あり,,1,False,,0～20件,,,100,,,100,100,,,,True,,500000,,,,464000,,,,0,,,
11859,100,あり,,1,False,,0～20件,,,100,,,100,100,,,,True,,568000,,,,537000,,,,0,,,
11860,100,あり,,1,False,,0～20件,,,100,,,100,100,,,,True,,505000,,,,466000,,,,0,,,
11861,100,あり,,1,False,,0～20件,,,100,,,100,100,,,,True,,638000,,,,612000,,,,0,,,
11862,100,あり,,1,False,,0～20件,,,100,,,100,100,,,,True,,,,,,,,,,,,,
11863,1,自施設での分娩取扱あり,2,1,False,,,,,100,,,100,100,,,,True,,546000,,,,515000,,,,0,,,
11864,100,あり,,1,False,,0～20件,,,100,,,100,100,,,,True,,550000,,,,500000,,,,0,,,
11865,100;3,あり;自宅分娩（出張分娩）での分娩取扱あり,2;3,0,True,,1~20件,,,3,,,100,100,,,,True,1;2;3;4;5;6,556000,,,,480000,,,,0,,,
11866,100,あり,,1,False,,0～20件,,,100,,,100,100,,,,True,,506000,,,,420000,,,,0,,,
11867,100,あり,,1,False,,0～20件,,,100,,,100,100,,,,True,,,,,,,,,,,,,
11868,1;3,自施設での分娩取扱あり;自宅分娩（出張分娩）での分娩取扱あり,,1,,,,,,100,,,100,100,,,,,,489000,,,,477000,,,,0,,,
11869,3,自宅分娩（出張分娩）での分娩取扱あり,2;3,1,True,28週,0件,,,100,,,100,100,,,,True,,600000,,,,355000,,,,0,,,
11870,100,あり,,1,False,,0～20件,,,100,,,100,100,,,,True,,557000,,,,501000,,,,0,,,
11871,100,あり,,1,False,,0～20件,,,100,,,100,100,,,,True,,566000,,,,512000,,,,0,,,
11872,100,あり,,0,False,,0～20件,,,100,,,100,100,,,,True,,,,,,,,,,,,,
11873,2;3,オープンシステムを利用し、他施設へ赴いての分娩取扱あり;自宅分娩（出張分娩）での分娩取扱あり,2;3,1,True,20週,1～20件,,,100,,,100,100,,,,True,,686000,,,,628000,,,,0,,,
11874,100,あり,,1,False,,0～20件,,,100,,,100,100,,,,True,,522000,,,,488000,,,,0,,,
11875,1;3,自施設での分娩取扱あり;自宅分娩（出張分娩）での分娩取扱あり,1,1,True,15週,1～20件,,,100,,,100,100,,,,True,,,,,,,,,,,,,
11876,100,あり,,1,False,,0～20件,,,100,,,100,100,,,,True,,572000,,,,492000,,,,38300,,,
11877,1;3,自施設での分娩取扱あり;自宅分娩（出張分娩）での分娩取扱あり,1,1,True,32,1~20件,,,3,,,100,100,,,,True,1;2;3;4;5;6,539000,,,,512000,,,,0,,,
11878,100,あり,,1,False,,21～40件,,,100,,,100,100,,,,True,,,,,,,,,,,,,
11879,100,あり,,1,False,,0～20件,,,100,,,100,100,,,,True,,,,,,,,,,,,,
11880,100;1,あり;自施設での分娩取扱あり,1;2,1,True,,1~20件,,,100,,,100,100,,,,True,,540000,,,,512000,,,,0,,,
11881,1,自施設での分娩取扱あり,2,1,True,できるだけ早く,1～20件,,,100,,,100,100,,,,True,,522000,,,,490000,,,,0,,,
11882,1;3,自施設での分娩取扱あり;自宅分娩（出張分娩）での分娩取扱あり,1;2;3,1,True,30週,1~20件,,,100,,,100,100,,,,True,,600000,,,,578000,,,,0,,,
11883,100,あり,,1,False,,0～20件,,,100,,,100,100,,,,True,,516000,,,,473000,,,,0,,,
11884,1;3,自施設での分娩取扱あり;自宅分娩（出張分娩）での分娩取扱あり,2;3,1,True,32週,1～20件,,,100,,,100,100,,,,True,1;2;3;4;5;6,531000,,,,501000,,,,0,,,
11885,100,あり,,1,False,,0～20件,,,100,,,100,100,,,,True,,518000,,,,500000,,,,0,,,
11886,1;3,自施設での分娩取扱あり;自宅分娩（出張分娩）での分娩取扱あり,1,1,True,32週,1～20件,,,100,,,100,100,,,,True,1;2;3;4;5;6,505000,,,,458000,,,,0,,,
11887,1;3,自施設での分娩取扱あり;自宅分娩（出張分娩）での分娩取扱あり,1,1,True,34週,1～20件,,,100,,,100,100,,,,True,,500000,,,,457000,,,,0,,,
11888,100,あり,,1,False,,0～20件,,,100,,,100,100,,,,True,,,,,,,,,,,,,
11889,100,あり,,1,False,,0～20件,,,100,,,100,100,,,,True,,,,,,,,,,,,,
11890,100;1,あり;自施設での分娩取扱あり,1;2,1,True,,0～20件,,,100,,,100,100,,,,True,1;2;3,499000,,,,453000,,,,0,,,
11892,100,あり,,0,False,,0～20件,,,100,,,100,100,,,,True,,,,,,,,,,,,,
11893,4,なし,,,,,,,,100,,,100,100,,,,,,,,,,,,,,,,,
11895,100,あり,,1,False,,0～20件,,,100,,,100,100,,,,True,,,,,,,,,,,,,
11896,1,自施設での分娩取扱あり,1,1,True,30週,,,,100,,,100,100,,,,True,1;2;3;4,364000,,,,334000,,,,0,,,
11897,100,あり,,1,False,,0～20件,,,100,,,100,100,,,,True,,,,,,,,,,,,,
11898,1,自施設での分娩取扱あり,2,1,True,34週,1～20件,,,100,,,100,100,,,,True,,500000,,,,430000,,,,0,,,
11899,100;1;2;3,あり;自施設での分娩取扱あり;オープンシステムを利用し、他施設へ赴いての分娩取扱あり;自宅分娩（出張分娩）での分娩取扱あり,2;3,1,True,18,1~20件,,,100,,,100,100,,,,True,,627000,,,,615000,,,,0,,,
11900,3,自宅分娩（出張分娩）での分娩取扱あり,,1,,,,,,100,,,100,100,,,,,,,,,,,,,,,,,
11901,100,あり,,1,False,,0～20件,,,100,,,100,100,,,,True,,568000,,,,519000,,,,0,,,
11902,100,あり,,1,False,,0～20件,,,100,,,100,100,,,,True,,,,,,,,,,,,,
11903,100,あり,,1,False,,0～20件,,,100,,,100,100,,,,True,,,,,,,,,,,,,
11904,100,あり,,1,False,,0～20件,,,100,,,100,100,,,,True,,527000,,,,488000,,,,0,,,
11905,100,あり,,1,False,,0～20件,,,100,,,100,100,,,,True,,,,,,,,,,,,,
11906,100,あり,,1,False,,0～20件,,,100,,,100,100,,,,True,,570000,,,,537000,,,,0,,,
11907,100,あり,,1,False,,21～40件,,,100,,,100,100,,,,True,,,,,,,,,,,,,
11908,100,あり,,1,False,,0～20件,,,100,,,100,100,,,,True,,551000,560000,541000,564000,486000,499000,478000,500000,0,0,0,0
11909,1;3,自施設での分娩取扱あり;自宅分娩（出張分娩）での分娩取扱あり,2,1,True,30週,1～20件,,,100,,,100,100,,,,True,1;2;3;4,486000,,,,454000,,,,0,,,
11910,100,あり,,1,False,,0～20件,,,100,,,100,100,,,,True,,,,,,,,,,,,,
11911,1;3,自施設での分娩取扱あり;自宅分娩（出張分娩）での分娩取扱あり,1,1,True,35週,1～20件,,,100,,,100,100,,,,True,,500000,,,,434000,,,,0,,,
11912,100,あり,,1,False,,0～20件,,,100,,,100,100,,,,True,,515000,,,,493000,,,,0,,,
11913,1;3,自施設での分娩取扱あり;自宅分娩（出張分娩）での分娩取扱あり,1;2;3,1,True,35週,1～20件,,,100,,,100,100,,,,True,,,,,,,,,,,,,
11914,1;3,自施設での分娩取扱あり;自宅分娩（出張分娩）での分娩取扱あり,1;2,1,True,,1～20件,,,100,,,100,100,,,,True,,511000,,,,480000,,,,0,,,
11915,2;3,オープンシステムを利用し、他施設へ赴いての分娩取扱あり;自宅分娩（出張分娩）での分娩取扱あり,1;2,1,True,34週,1~20件,0件,,100,,,100,100,,,,,1;2;3;4;5;6,,,,,,,,,,,,
11916,1;3,自施設での分娩取扱あり;自宅分娩（出張分娩）での分娩取扱あり,1;2,1,True,32週,1～20件,,,100,,,100,100,,,,True,,500000,,,,458000,,,,0,,,
11917,1;3,自施設での分娩取扱あり;自宅分娩（出張分娩）での分娩取扱あり,1;2;3,1,True,30週,1～20件,,,100,,,100,100,,,,True,,503000,,,,445000,,,,0,,,
11918,1,自施設での分娩取扱あり,1;2,1,True,32週,1～20件,,,100,,,100,100,,,,True,1;2;3,514000,,,,458000,,,,0,,,
11919,1;3,自施設での分娩取扱あり;自宅分娩（出張分娩）での分娩取扱あり,1,1,True,34~35週,1～20件,,,100,,,100,100,,,,True,,519000,,,,481000,,,,0,,,
11920,1;3,自施設での分娩取扱あり;自宅分娩（出張分娩）での分娩取扱あり,1;2,1,True,34週,1～20件,,,100,,,100,100,,,,True,,653000,,,,582000,,,,0,,,
11921,1;3,自施設での分娩取扱あり;自宅分娩（出張分娩）での分娩取扱あり,2;3,1,True,応相談,1～20件,,,100,,,100,100,,,,True,,512000,,,,461000,,,,0,,,
11922,1;2;3,自施設での分娩取扱あり;オープンシステムを利用し、他施設へ赴いての分娩取扱あり;自宅分娩（出張分娩）での分娩取扱あり,1;2,1,True,何週までとは決めていないが早いほうが良い。,1~20件,,,100,,,100,100,,,,True,1;2;3;4;5;6,526000,,,,490000,,,,0,,,
11923,100;1,あり;自施設での分娩取扱あり,1,1,True,30,1~20件,,,100,,,100,100,,,,True,1;2;3;4;5;6,485000,,,,457000,,,,0,,,
11924,2;3,オープンシステムを利用し、他施設へ赴いての分娩取扱あり;自宅分娩（出張分娩）での分娩取扱あり,,,True,30週,1～20件,,,100,,,100,100,,,,True,,,,,,,,,,,,,
11925,100,あり,,1,False,,0～20件,,,100,,,100,100,,,,True,,,,,,,,,,,,,
11926,1;3,自施設での分娩取扱あり;自宅分娩（出張分娩）での分娩取扱あり,1;2;3,1,True,35週,1～20件,,,100,,,100,100,,,,True,,517000,,,,452000,,,,0,,,
11927,100;1;3,あり;自施設での分娩取扱あり;自宅分娩（出張分娩）での分娩取扱あり,2;3,1,True,32,1~20件,,,100,,,100,100,,,,True,1;2;3;4;5,,,,,,,,,,,,
11928,3,自宅分娩（出張分娩）での分娩取扱あり,2;3,,True,32週,1～20件,,,100,,,100,100,,,,True,,506000,,,,460000,,,,0,,,
11929,1;3,自施設での分娩取扱あり;自宅分娩（出張分娩）での分娩取扱あり,1,1,True,34週,1～20件,,,100,,,100,100,,,,True,,613000,,,,579000,,,,0,,,
11930,100,あり,,1,False,,0～20件,,,100,,,100,100,,,,True,,522000,,,,485000,,,,0,,,
11931,1;3,自施設での分娩取扱あり;自宅分娩（出張分娩）での分娩取扱あり,3,1,True,32週,1～20件,,,100,,,100,100,,,,True,,434000,,,,400000,,,,0,,,
11932,1,自施設での分娩取扱あり,,1,,,,,,100,,,100,100,,,,,,531000,,,,501000,,,,0,,,
11933,100,あり,,1,False,,0～20件,,,100,,,100,100,,,,True,,,,,,,,,,,,,
11934,3,自宅分娩（出張分娩）での分娩取扱あり,1,1,True,28週,,,,100,,,100,100,,,,True,,,,,,,,,,,,,
11935,100;1,あり;自施設での分娩取扱あり,1,1,True,8,1~20件,0件,,3,,,100,100,,,,True,1;2;4,500000,,,,463000,,,,0,,,
11936,100,あり,,1,False,,0～20件,,,100,,,100,100,,,,True,,529000,,,,355000,,,,0,,,
11937,100,あり,,1,False,,0～20件,,,100,,,100,100,,,,True,,588000,,,,477000,,,,0,,,
11938,100,あり,,1,False,,21～40件,,,100,,,100,100,,,,True,,555000,558000,542000,567000,511000,514000,493000,524000,0,0,0,0
11939,100,あり,,1,False,,21～40件,,,100,,,100,100,,,,True,,531000,,,,456000,,,,0,,,
11940,1;3,自施設での分娩取扱あり;自宅分娩（出張分娩）での分娩取扱あり,2,1,True,30週,21～40件,,,100,,,100,100,,,,True,,576000,570000,562000,581000,541000,536000,528000,544000,0,0,0,0
11941,100,あり,,0,False,,21～40件,,,100,,,100,100,,,,True,,557000,,,,522000,,,,0,,,
11942,1;3,自施設での分娩取扱あり;自宅分娩（出張分娩）での分娩取扱あり,1;2;3,1,True,34週,21～40件,,,100,,,100,100,,,,True,1;2;3;4;5,498000,502000,481000,516000,462000,464000,446000,477000,0,0,0,0
11944,100,あり,,1,False,,0～20件,,,100,,,100,100,,,,True,,,,,,,,,,,,,
11945,100,あり,,1,False,,0～20件,,,100,,,100,100,,,,True,,500000,,,,479000,,,,0,,,
11946,100,あり,,1,False,,0～20件,,,100,,,100,100,,,,True,,,,,,,,,,,,,
11947,100,あり,,1,False,,0～20件,,,100,,,100,100,,,,True,,,,,,,,,,,,,
11948,100,あり,,1,False,,0～20件,,,100,,,100,100,,,,True,,628000,,,,565000,,,,2800,,,
11949,100,あり,,1,False,,0～20件,,,100,,,100,100,,,,True,,488000,,,,466000,,,,0,,,
11950,1;3,自施設での分娩取扱あり;自宅分娩（出張分娩）での分娩取扱あり,2;3,1,True,,1～20件,,,100,,,100,100,,,,True,,558000,,,,524000,,,,0,,,
11951,4,なし,,1,True,30週,1～20件,,,100,,,100,100,,,,True,1;2;3;4,541000,,,,504000,,,,0,,,
11952,100,あり,,1,False,,0～20件,,,100,,,100,100,,,,True,,,,,,,,,,,,,
11954,100,あり,,1,False,,0～20件,,,100,,,100,100,,,,True,,602000,,,,568000,,,,0,,,
11955,1;2;3,自施設での分娩取扱あり;オープンシステムを利用し、他施設へ赴いての分娩取扱あり;自宅分娩（出張分娩）での分娩取扱あり,1;2;3,1,True,制限無し,1～20件,,,100,,,100,100,,,,True,,500000,,,,480000,,,,0,,,
11956,1,自施設での分娩取扱あり,1,1,False,,21～40件,0件,,100,,,100,100,,,,True,1;2;3;4,526000,,,,498000,,,,0,,,
11957,100;1,あり;自施設での分娩取扱あり,1,1,True,医師の判断により　週数の規定なし,1~20件,1~20件,,3,,,100,100,,,,True,1;3;4,473000,,,,436000,,,,7000,,,
11958,1,自施設での分娩取扱あり,1;2,1,True,32週,401～500件,201～300件,,100,,,100,100,,,,True,1,698000,699000,652000,729000,655000,637000,617000,701000,16700,0,0,13000
11959,100,あり,,1,False,,41～60件,41～60件,,3,,,100,100,,,,True,,,,,,,,,,,,,
11960,1,自施設での分娩取扱あり,1;2,1,True,34週,21～40件,1～20件,,100,,,100,100,,,,True,1;3,537000,,,,490000,,,,20100,,,
11962,100,あり,,1,False,,0～20件,21～40件,,3,,,100,100,,,,True,,483000,491000,469000,500000,211000,209000,199000,209000,22300,27500,3300,33000
11964,100;1,あり;自施設での分娩取扱あり,1,1,True,32,1~20件,1~20件,,3,,,100,100,,,,True,1;2;3,495000,,,,443000,,,,17500,,,
11966,100,あり,,0,False,,0～20件,0～20件,,100,,,100,100,,,,False,,,,,,,,,,,,,
11967,1,自施設での分娩取扱あり,2,1,True,,401～500件,201～300件,,100,,,100,100,,,,True,,580000,574000,533000,620000,523000,526000,492000,556000,22800,0,0,45300
11969,100,あり,,1,False,,21～40件,0～20件,,3,,,100,100,,,,True,,643000,,,,611000,,,,0,,,
11970,1,自施設での分娩取扱あり,1,1,True,32週,101～150件,61～80件,,1,1,1;3,2,1,1~20件,False,,True,1;3;4,546000,541000,495000,587000,462000,464000,444000,504000,51600,24000,18000,78000
11972,100;1,あり;自施設での分娩取扱あり,1,2,True,34,701～800件,101～150件,,1,1,2;3,1,3,601～700件,True,https://www.jalasite.org/hp/10634.html,True,1;2;3;4,798000,806000,754000,826000,680000,681000,665000,706000,7200,0,0,13800
11973,1,自施設での分娩取扱あり,,1,True,,301～400件,61～80件,,1,1,2,1,3,101～150件,True,http://ebata.or.jp/obstet.html#obstet-4,True,1;2;3;4,665000,670000,613000,719000,611000,612000,580000,645000,22700,24000,0,24000
11974,100,あり,,1,False,,301～400件,41～60件,,1,1,1,2,1,,False,,True,,540000,542000,522000,561000,471000,471000,450000,487000,29100,30000,25000,30000
11975,1,自施設での分娩取扱あり,1,1,True,34週,151～200件,81～100件,,1,1,3,2,3,61～80件,False,,True,1;3,477000,479000,463000,492000,398000,393000,393000,412000,0,0,0,0
11976,100,あり,,1,False,,21～40件,0～20件,,3,,,100,100,,,,False,,516000,,,,500000,,,,0,,,
11979,100,あり,,0,False,,,,,100,,,100,100,,,,False,,642000,629000,603000,667000,590000,578000,559000,619000,17800,21000,11600,24500
11980,100,あり,,1,False,,21～40件,41～60件,,3,,,100,100,,,,True,,489000,,,,466000,,,,0,,,
11981,100,あり,,1,False,,201～300件,0～20件,,1,1,3,1,1,,False,,True,,541000,,,,505000,,,,0,,,
11982,100,あり,,1,False,,150～200件,61～80件,,1,1,2;3,1,1,,False,,True,,546000,545000,526000,568000,515000,508000,498000,529000,0,0,0,0
11983,100,あり,,0,False,,801～900件,151～200件,,1,1,1;3,1,2,,True,https://www.jalasite.org/hp/10183.html,True,,786000,785000,766000,802000,748000,755000,735000,755000,400,0,0,0
11984,100,あり,,1,False,,201～300件,41～60件,,1,1,3,1,1,,False,,True,,595000,577000,571000,631000,547000,548000,544000,556000,0,0,0,0
11985,100,あり,,1,False,,21～40件,0～20件,,1,1,3,1,2,,False,,False,,686000,,,,612000,,,,16000,,,
11986,4,なし,,1,,,151～200件,,,100,,,100,100,,,,,,568000,560000,543000,586000,514000,505000,487000,533000,0,0,0,0
11988,1,自施設での分娩取扱あり,1;2;3,1,True,34週,301～400件,61～80件,,100,,,100,100,,,,True,,523000,526000,518000,539000,502000,507000,497000,517000,2900,0,0,0
11989,100,あり,,1,False,,101～150件,0～20件,,3,,,100,100,,,,True,,569000,,,,528000,,,,0,,,
11990,100,あり,,0,False,,,,,100,,,100,100,,,,False,,459000,453000,451000,473000,424000,421000,415000,434000,0,0,0,0
11991,100,あり,,1,False,,301～400件,21～40件,,1,1,3,1,2,,True,https://www.jalasite.org/hp/10225.html,True,,572000,568000,559000,585000,491000,489000,489000,499000,0,0,0,0
11992,100,あり,,1,False,,301～400件,0～20件,,3,,,100,100,,,,True,,481000,478000,469000,499000,429000,427000,417000,443000,9700,10000,8000,15000
11993,100,あり,,1,False,,201～300件,41～60件,,1,1,3,2,1,,False,,True,,561000,559000,541000,579000,469000,471000,461000,485000,26900,28000,24000,30000
11995,1,自施設での分娩取扱あり,1;2,1,True,32,301～400件,61～80件,,100,,,100,100,,,,True,1,521000,522000,517000,528000,491000,492000,487000,498000,0,0,0,0
11996,100,あり,,1,False,,201～300件,21～40件,,1,1,2;3,2,2,,False,,True,,,,,,,,,,,,,
11997,100,あり,,1,False,,81～100件,0～20件,,100,1,3,2,1,,False,,True,,519000,509000,496000,537000,436000,434000,420000,457000,25000,25000,25000,25000
11998,100,あり,,1,False,,201～300件,21～40件,,1,1,3,2,1,,False,,True,,591000,600000,554000,624000,482000,484000,484000,484000,1700,0,0,4000
11999,1,自施設での分娩取扱あり,1;2,1,True,34週,701～800件,81～100件,,1,1,3,1,3,401～500件,True,https://www.jalasite.org/hp/10157.html,True,,719000,715000,682000,769000,43000,17000,11000,17000,0,0,0,0
12000,1,自施設での分娩取扱あり,1,1,True,30週,61～80件,151～200件,,1,1,1;3,1,3,151～200件,False,,True,1,770000,800000,671000,846000,692000,730000,591000,771000,39800,50000,0,65000
12001,1,自施設での分娩取扱あり,1;2,1,True,15,201～300件,61～80件,,2,1,1;3,2,2,41～60件,False,,True,1;3,551000,549000,528000,570000,533000,531000,508000,556000,0,0,0,0
12002,1,自施設での分娩取扱あり,,1,True,28~30週,151～200件,0件,,100,,,100,100,,,,True,1;3;4;6,494000,497000,486000,513000,480000,485000,474000,501000,0,0,0,0
12003,1,自施設での分娩取扱あり,1,2,True,32週,201～300件,61～80件,,1,1,1;3,1,3,,True,https://www.jalasite.org/hp/10777.html,True,1;3,708000,706000,647000,757000,617000,621000,599000,634000,1400,0,0,0
12004,100,あり,,1,False,,401～500件,61～80件,,1,1,3,1,1,,False,,True,,632000,613000,567000,681000,508000,507000,498000,519000,1400,0,0,0
12005,100,あり,,1,False,,81～100件,0～20件,,3,,,100,100,,,,True,,454000,455000,450000,460000,401000,403000,395000,409000,0,0,0,0
12006,1,自施設での分娩取扱あり,1,1,True,22週,151～200件,21～40件,,1,1;2,1;2,2,1,41～60件,True,https://jalasite.org/hospital/show,True,1;3,597000,580000,577000,588000,564000,547000,544000,555000,0,0,0,0
12007,100,あり,,1,False,,101～150件,0～20件,,2,1,3,2,1,,False,,True,,569000,,,,456000,,,,50000,,,
12008,1,自施設での分娩取扱あり,1;2;3,1,True,34週,401～500件,41～60件,,1,1;3,1,2,1,1～20件,True,,True,,543000,539000,524000,564000,463000,457000,442000,482000,18700,18000,15000,20000
12009,1,自施設での分娩取扱あり,,1,,,601～700件,81～100件,,1,1,3,1,1,,True,https://www.jalasite.org/hp/10156.html,,,756000,750000,732000,762000,636000,692000,668000,710000,12700,0,0,12100
12010,1,自施設での分娩取扱あり,1;2,1,True,34,201～300件,21～40件,,3,,,100,100,,,,True,1;3,483000,484000,479000,504000,405000,408000,399000,428000,0,0,0,0
12012,1,自施設での分娩取扱あり,,1,,,301～400件,81～100件,,1,,,100,100,,,,,,584000,582000,567000,591000,534000,538000,514000,542000,0,0,0,0
12013,1,自施設での分娩取扱あり,1;2,2,True,34週,81～100件,41～60件,,100,,,100,100,,,,True,1;2;3;4,,,,,,,,,,,,
12014,1,自施設での分娩取扱あり,1,1,True,21週,301～400件,61～80件,,1,1,3,2,1,101～150件,False,,True,1;3,688000,731000,600000,758000,622000,639000,560000,689000,22000,0,0,48000
12015,100,あり,,1,False,,301～400件,21～40件,,1,1,3,1,1,,False,,True,,738000,725000,672000,812000,703000,682000,647000,764000,22000,30000,0,37500
12016,100,あり,,0,False,,501～600件,150～200件,,1,2,3,1,2,,False,,True,,678000,672000,642000,717000,658000,654000,621000,699000,0,0,0,0
12017,1,自施設での分娩取扱あり,1;2,1,True,35,401～500件,101～150件,,3,,,100,100,,,,True,1;2;3,529000,529000,515000,543000,455000,454000,443000,463000,29300,35000,30000,35000
12018,1,自施設での分娩取扱あり,1,1,True,32週,301～400件,61～80件,,1,3,3,1,1,0件,False,,True,1;2;3,542000,535000,509000,576000,446000,446000,413000,477000,43200,40000,40000,50000
12019,100,あり,,1,False,,401～500件,,,1,,,100,100,,,,True,,640000,632000,607000,680000,553000,546000,533000,574000,54900,52000,50000,65000
12020,1,自施設での分娩取扱あり,1,1,True,,301～400件,81～100件,,1,1;2,1;3,1,3,,False,,True,1;2,736000,725000,669000,780000,615000,611000,558000,657000,22600,20800,20000,30000
12021,100,あり,,1,False,,21～40件,0～20件,,3,,,100,100,,,,True,,578000,595000,590000,600000,556000,580000,575000,585000,6400,0,0,0
12022,1,自施設での分娩取扱あり,,2,True,34週,201～300件,21～40件,,1,1,2,2,3,81～100件,False,,True,1;2;3;4;5,540000,525000,500000,582000,432000,415000,395000,485000,81200,84000,70000,91000
12023,1;2,自施設での分娩取扱あり;オープンシステムを利用し、他施設へ赴いての分娩取扱あり,1;2;3,1,True,34週,501～600件,41～60件,,1,1;2,2;3,1,1,201～300件,True,https://www.jalasite.org/area/3_14_14110_0,True,1,695000,701000,617000,755000,654000,656000,576000,715000,0,0,0,0
12024,100,あり,,0,False,,201～300件,41～60件,,3,,,100,100,,,,True,,618000,618000,603000,627000,550000,553000,540000,560000,6400,0,0,0
12025,1,自施設での分娩取扱あり,1,0,True,32週,,,,1,1,3,1,1,,,,,,547000,,,,461000,,,,21300,,,
12026,100;1,あり;自施設での分娩取扱あり,1,1,True,,101～150件,21～40件,,1,2;3;1,3,1,3,41～60件,False,,True,1,,,,,,,,,,,,
12027,1,自施設での分娩取扱あり,1,1,True,34週,151～200件,81～100件,,3,,,100,100,,,,True,1;3;4,537000,538000,534000,541000,386000,384000,384000,390000,0,0,0,0
12028,1,自施設での分娩取扱あり,1;2,1,True,34週,201～300件,81～100件,,1,3,3,1,2,0件,False,,True,,487000,491000,483000,494000,462000,470000,453000,470000,100,0,0,0
12029,,,,1,,,201～300件,,,1,1,3,1,2,61～80件,True,,,,553000,553000,524000,584000,527000,526000,499000,559000,0,0,0,0
12030,1,自施設での分娩取扱あり,1;2;3,2,True,,151～200件,101～150件,,1,1,1;2;3,1,3,151～200件,True,https://www.jalasite.org/hp/10076.html,True,1,630000,,,,524000,,,,0,,,
12031,100,あり,,1,False,,150～200件,21～40件,,3,,,100,100,,,,True,,571000,571000,550000,594000,509000,508000,488000,532000,0,0,0,0
12032,1,自施設での分娩取扱あり,1,0,True,36週,151～200件,1～20件,,1,1,3,1,2,21～40件,False,,True,1;3,561000,553000,536000,583000,473000,474000,466000,481000,13200,17600,0,17600
12034,1,自施設での分娩取扱あり,1;2,1,True,32~34週,101～150件,1～20件,,100,,,100,100,,,,True,1;3,543000,545000,527000,560000,517000,520000,500000,534000,0,0,0,0
12035,1,自施設での分娩取扱あり,1,0,True,35週,151～200件,21～40件,,1,1,2;3,2,2,21～40件,True,https://www.soga-maternity.jp,True,1;2;3,618000,599000,587000,617000,577000,565000,557000,575000,8800,0,0,0
12036,100,あり,,1,False,,301～400件,21～40件,,1,1,3,1,2,,False,,True,,582000,581000,552000,625000,455000,460000,449000,491000,69600,63000,54000,73000
12037,100,あり,,1,False,,201～300件,41～60件,,2,1,3,2,1,,False,,True,,,,,,,,,,,,,
12038,1,自施設での分娩取扱あり,1;2,0,True,,101～150件,,,2,2,3,2,2,0件,False,,True,1;3,556000,546000,533000,575000,453000,448000,440000,466000,27300,25000,25000,30000
12039,100;1,あり;自施設での分娩取扱あり,1,1,False,,201～300件,1~20件,,3,,,100,100,,,,True,,613000,613000,603000,625000,335000,335000,335000,335000,0,0,0,0
12042,1,自施設での分娩取扱あり,1;2,1,True,34週,201～300件,21～40件,,100,,,100,100,,,,True,,527000,534000,514000,543000,493000,498000,479000,518000,2000,0,0,3500
12043,100,あり,,1,False,,101～150件,21～40件,,1,1,3,1,2,,False,,True,,706000,681000,634000,788000,623000,622000,597000,648000,0,0,0,0
12044,1,自施設での分娩取扱あり,1,0,True,34週,301～400件,61～80件,,100,,,100,100,,,,True,1;2;3,555000,555000,544000,563000,513000,513000,502000,521000,0,0,0,0
12045,100,あり,,1,False,,101～150件,0～20件,,2,1,3,1,100,,False,,True,,,,,,,,,,,,,
12046,100,あり,,1,False,,61～80件,0～20件,,2,1,3,1,2,,False,,True,,520000,518000,508000,527000,505000,498000,493000,514000,0,0,0,0
12048,100,あり,,1,False,,81～100件,0～20件,,3,,,100,100,,,,True,,489000,491000,485000,495000,447000,448000,444000,454000,0,0,0,0
12049,1,自施設での分娩取扱あり,,1,,,21～40件,,,100,,,100,100,,,,,,,,,,,,,,,,,
12050,100,あり,,1,False,,150～200件,21～40件,,3,,,100,100,,,,True,,464000,468000,450000,477000,426000,428000,414000,439000,14600,13200,13200,15400
12051,100,あり,,1,False,,0～20件,0～20件,,3,,,100,100,,,,True,,,,,,,,,,,,,
12053,100,あり,,1,False,,151～200件,0～20件,,3,,,100,100,,,,True,,795000,806000,787000,814000,630000,640000,620000,649000,90500,90000,90000,90000
12057,1,自施設での分娩取扱あり,1,0,True,30週,101～150件,21～40件,,100,,,100,100,,,,True,1;3,510000,,,,440000,,,,50000,,,
12064,100,あり,,1,False,,201～300件,61～80件,,1,1,3,2,1,,False,,True,,530000,518000,507000,533000,486000,475000,465000,485000,1400,0,0,0
12065,100,あり,,1,False,,0～20件,0～20件,,3,,,100,100,,False,,True,,635000,,,,607000,,,,0,,,
12066,100,あり,,1,False,,0～20件,,,100,,,100,100,,,,True,,,,,,,,,,,,,
12068,100,あり,,1,False,,0～20件,,,100,,,100,100,,,,True,,551000,,,,514000,,,,0,,,
12070,100,あり,,1,False,,0～20件,,,100,,,100,100,,,,True,,,,,,,,,,,,,
12071,100,あり,,1,False,,0～20件,,,100,,,100,100,,,,True,,,,,,,,,,,,,
12074,100,あり,,1,False,,0～20件,,,100,,,100,100,,,,True,,501000,500000,500000,500000,481000,482000,477000,483000,0,0,0,0
12082,100;1;3,あり;自施設での分娩取扱あり;自宅分娩（出張分娩）での分娩取扱あり,1;2;3,1,True,24（24～26週までに一度受診推奨）,1~20件,,,100,,,100,100,,,,True,,669000,,,,637000,,,,0,,,
12084,100,あり,,1,False,,0～20件,,,100,,,100,100,,,,True,,,,,,,,,,,,,
12088,100,あり,,1,False,,21～40件,,,100,,,100,100,,,,True,,514000,509000,503000,518000,491000,487000,480000,495000,0,0,0,0
12089,100;1,あり;自施設での分娩取扱あり,1,1,True,30,41～60件,21～40件,,1,1,3,2,1,,,,True,1,649000,643000,638000,666000,589000,586000,579000,601000,35600,33000,33000,46200
12090,1,自施設での分娩取扱あり,1;2,1,True,34週,201～300件,21～40件,,100,,,100,100,,,,True,1;3,585000,588000,576000,600000,537000,542000,528000,551000,18600,18000,18000,18000
12091,100,あり,,1,False,,301～400件,81～100件,,1,1,3,2,1,,True,https://www.jalasite.org/hp/10824.html,True,,692000,681000,654000,738000,625000,604000,589000,662000,22700,30000,0,35000
12092,1,自施設での分娩取扱あり,1,2,True,34週,201～300件,21～40件,,100,,,100,100,,,,True,1;3,625000,626000,601000,646000,559000,556000,554000,574000,16800,30000,0,30000
12093,1,自施設での分娩取扱あり,1,1,True,34週,301～400件,41～60件,,1,1,3,2,1,,False,,True,1,602000,589000,565000,646000,547000,532000,502000,592000,10300,10000,10000,12000
12094,1,自施設での分娩取扱あり,1;2,1,True,16~22週,401～500件,41～60件,,1,1,3,2,1,1～20件,True,https://www.jalasite.org/area/6_25_25213_0,True,1;3,619000,615000,601000,632000,506000,512000,499000,522000,31800,30000,30000,35000
12095,1,自施設での分娩取扱あり,1;2;3,1,True,34週,401～500件,101～150件,,100,,,100,100,,,,True,,,,,,,,,,,,,
12096,1,自施設での分娩取扱あり,,1,True,34週,301～400件,41～60件,,100,,,100,100,,,,True,1;2;3;4,462000,461000,451000,472000,438000,435000,430000,445000,1500,0,0,0
12097,1,自施設での分娩取扱あり,1;2;3,1,True,35週,301～400件,61～80件,,1,1,3,2,3,61～80件,True,https://www.jalasite.org/hp/10646.html,True,1,577000,571000,517000,639000,513000,507000,482000,567000,700,0,0,0
12098,1,自施設での分娩取扱あり,2,1,True,32週,21～40件,1～20件,,100,,,100,100,,,,True,,511000,,,,494000,,,,0,,,
12099,1,自施設での分娩取扱あり,1;2,1,True,34,201～300件,41～60件,,1,1,1,2,1,0件,False,,True,1;3;4,546000,,,,430000,,,,92300,,,
12100,1,自施設での分娩取扱あり,1,1,True,20週,501～600件,81～100件,,100,,,100,100,,,,True,1,601000,599000,587000,615000,578000,576000,564000,594000,400,0,0,0
12101,100,あり,,1,False,,301～400件,0～20件,,3,,,100,100,,,,True,,601000,596000,588000,610000,527000,528000,512000,538000,33800,30000,30000,35000
12102,1,自施設での分娩取扱あり,1;2,1,True,34,151～200件,1~20件,,100,,,100,100,,,,True,1;3;4,523000,522000,513000,538000,456000,459000,445000,472000,50400,50000,50000,55000
12103,1,自施設での分娩取扱あり,,0,True,32週,201～300件,61～80件,,100,,,100,100,,,,True,1;2;3;4,485000,485000,466000,498000,424000,425000,411000,443000,24800,30000,5000,35000
12107,1,自施設での分娩取扱あり,1;2;3,1,True,32週,401～500件,21～40件,,1,1;2,3,1,3,151～200件,False,,True,1;3;4,568000,545000,520000,623000,510000,488000,473000,561000,18400,20000,0,30000
12108,1,自施設での分娩取扱あり,1;3,1,True,,151～200件,21～40件,,1,1,3,2,3,81～100件,False,,True,,684000,696000,649000,724000,557000,563000,548000,568000,0,0,0,0
12109,100,あり,,1,False,,61～80件,0～20件,,3,,,100,100,,,,False,,463000,458000,445000,480000,416000,415000,398000,437000,700,0,0,800
12110,100,あり,,1,False,,150～200件,0～20件,,1,1,3,2,1,,False,,True,,670000,657000,651000,673000,653000,640000,633000,658000,0,0,0,0
12111,1,自施設での分娩取扱あり,1;2,1,True,,901～1000件,151～200件,,1,1,2;3,1,1,,True,https://www.jalasite.org/hp/10542.html,True,1;2;3;4,543000,515000,500000,579000,461000,438000,418000,496000,5700,0,0,15000
12113,1,自施設での分娩取扱あり,1;2,1,False,,0件,,,100,,,100,100,,,,True,1,,,,,,,,,,,,
12114,1,自施設での分娩取扱あり,1,1,True,34週,601～700件,81～100件,,1,1,2;3,2,1,,False,,True,1,634000,628000,606000,654000,573000,556000,554000,568000,18400,20000,12000,24000
12115,1;3,自施設での分娩取扱あり;自宅分娩（出張分娩）での分娩取扱あり,1,1,True,35週に嘱託医療機関への健診,0件,,,100,,,100,100,,,,True,,667000,,,,647000,,,,0,,,
12116,100;1,あり;自施設での分娩取扱あり,1;2,1,True,32,101～150件,21～40件,,3,,,100,100,,,,True,1;3;4,441000,435000,409000,468000,408000,401000,376000,436000,900,0,0,0
12117,1,自施設での分娩取扱あり,1;2,0,True,,301～400件,81～100件,True,1,1,3,1,3,201～300件,True,https://kahns.org/guide/department/sanka/,True,,699000,714000,667000,751000,648000,664000,623000,695000,10800,0,0,28800
12119,1,自施設での分娩取扱あり,1;3,1,True,34週,101～150件,1～20件,,1,1;2,2;3,1,1,101～150件,True,https://www.jalasite.org,True,1;3;4,627000,630000,623000,635000,590000,592000,589000,599000,17000,18000,15000,18000
12120,1,自施設での分娩取扱あり,1;2,1,True,34週,301～400件,21～40件,,100,,,100,100,,,,True,1;3;4,509000,509000,501000,518000,451000,451000,444000,456000,16200,20000,0,25000
12121,100;1,あり;自施設での分娩取扱あり,1;2,1,True,,201～300件,151～200件,,1,1,1;2,1,1,101～150件,True,https://www.jalasite.org/hp/10400.html,True,1;3,855000,854000,768000,925000,703000,719000,641000,761000,92400,88900,76200,88900
12122,1;3,自施設での分娩取扱あり;自宅分娩（出張分娩）での分娩取扱あり,1;2,1,True,33,1～20件,,,100,,,100,100,,,,True,1;2;3;4;5;6,,,,,,,,,,,,
12123,100,あり,,1,False,,501～600件,61～80件,,1,1;2;3,1;2;3,2,1,,False,,True,,629000,633000,608000,642000,598000,605000,575000,610000,0,0,0,0
12125,1,自施設での分娩取扱あり,1,1,True,34週,601～700件,101～150件,,1,1;2,1;2,1,3,1～20件,True,https://www.jalasite.org/hp/10786.html,True,1;3,578000,568000,530000,603000,449000,450000,439000,460000,0,0,0,0
12126,1,自施設での分娩取扱あり,1,1,True,35週,201～300件,0件,,100,,,100,100,,,,True,1;3;4;5,478000,478000,478000,489000,430000,431000,430000,437000,22400,22000,22000,24000
12127,1,自施設での分娩取扱あり,1,1,True,34,501～600件,101～150件,,1,1,1,2,1,21～40件,True,https://www.jalasite.org/hp/10919.html,True,1,611000,615000,577000,651000,536000,534000,515000,565000,18700,25000,0,35000
12128,1,自施設での分娩取扱あり,,1,True,34~36週,61～80件,1～20件,,100,,,100,100,,,,True,1;3,454000,456000,433000,470000,422000,421000,408000,441000,15200,15000,12000,21000
12129,100,あり,,1,False,,301～400件,21～40件,,1,1,3,2,1,,False,,True,,634000,593000,584000,720000,512000,472000,467000,611000,66100,65000,65000,65000
12131,1,自施設での分娩取扱あり,2,1,True,,301～400件,,,1,1,3,1,2,,False,,True,1;2,664000,649000,639000,668000,579000,562000,560000,579000,2600,0,0,5000
12132,1,自施設での分娩取扱あり,1,1,True,34,801～900件,201～300件,,1,1;2,2,1,2,401～500件,True,https://www.jalasite.org/doc/hp/10712.html,True,,,,,,,,,,,,,
12133,100,あり,,1,False,,0～20件,,,100,,,100,100,,,,True,,536000,,,,518000,,,,0,,,
12134,,,1,1,True,20週,101～150件,1～20件,,1,1,1;2;3,2,1,,False,,True,1;3;4,620000,616000,593000,649000,548000,553000,541000,558000,0,0,0,0
12135,1,自施設での分娩取扱あり,,1,,,201～300件,151～200件,,100,,,100,100,,,,,,560000,566000,535000,596000,463000,485000,438000,501000,26400,24100,0,39200
12136,1,自施設での分娩取扱あり,,1,True,32週,1～20件,1～20件,,100,,,100,100,,,,True,1;3,599000,595000,583000,621000,510000,506000,494000,528000,23600,30000,0,33800
12137,100,あり,,1,False,,301～400件,41～60件,,3,,,100,100,,,,True,,507000,500000,500000,500000,495000,488000,488000,488000,0,0,0,0
12138,1;3,自施設での分娩取扱あり;自宅分娩（出張分娩）での分娩取扱あり,1,1,True,28,1～20件,,,100,,,100,100,,,,True,1;2;3;4;6,506000,,,,468000,,,,0,,,
12139,1,自施設での分娩取扱あり,1,1,True,18週までに可能であれば来院(要相談),,,,100,,,100,100,,,,True,1,606000,604000,556000,645000,466000,471000,433000,499000,58300,54000,54000,63000
12140,1,自施設での分娩取扱あり,3,1,True,34週,,,,1,1,1,2,1,,False,,True,,712000,716000,697000,730000,645000,650000,636000,662000,8500,0,0,18000
12141,1,自施設での分娩取扱あり,1,0,True,15~20週,201～300件,81～100件,,1,1,1;3,1,1,101～150件,True,https://www.jalasite.org/hp/10702.html,True,1;3,797000,826000,738000,842000,464000,500000,409000,505000,195900,196000,185000,208500
12142,100,あり,,1,False,,151～200件,41～60件,,3,,,100,100,,,,True,,499000,500000,482000,514000,456000,458000,439000,470000,0,0,0,0
12143,100;1,あり;自施設での分娩取扱あり,,1,False,,301～400件,,,100,,,100,100,,,,True,,655000,650000,600000,679000,570000,559000,549000,562000,36500,0,0,76400
12144,1,自施設での分娩取扱あり,,1,True,,151～200件,61～80件,,100,,,100,100,,,,,,587000,584000,554000,627000,498000,507000,466000,541000,21600,13600,11900,22400
12145,1,自施設での分娩取扱あり,1;2,1,True,34週,401～500件,81～100件,,100,,,100,100,,,,True,,618000,623000,603000,633000,538000,545000,527000,552000,37500,36000,36000,41500
12146,4,なし,,1,,,151～200件,21～40件,,1,1,3,1,2,,False,,,,584000,580000,549000,620000,512000,507000,481000,535000,0,0,0,0
12147,100,あり,,1,False,,501～600件,101～150件,,3,,,100,100,,,,True,,546000,545000,539000,554000,527000,528000,521000,537000,0,0,0,0
12148,1,自施設での分娩取扱あり,1,2,True,34週,901～1000件,151～200件,,1,1,1;2;3,1,3,301～400件,True,https://www.nakabe.or.jp/painless.php,True,,603000,568000,560000,660000,550000,515000,507000,607000,40000,40000,38000,41000
12149,1,自施設での分娩取扱あり,1,1,True,32~34週,501～600件,81～100件,,1,1,3,2,1,,False,,True,1,617000,606000,587000,637000,554000,546000,531000,572000,46500,42000,42000,54000
12150,1,自施設での分娩取扱あり,1,1,True,35週,151～200件,21～40件,,1,1,3,1,2,81～100件,False,,True,1;2;3,521000,521000,502000,547000,482000,481000,471000,501000,8000,0,0,12000
12151,1,自施設での分娩取扱あり,1,1,True,,301～400件,151～200件,,1,1,1,1,1,101～150件,False,,True,1,674000,674000,634000,724000,576000,582000,574000,588000,2900,0,0,0
12152,1,自施設での分娩取扱あり,1;2,2,True,24週,201～300件,21～40件,,1,1,3,1,3,81～100件,False,,True,1;2;3,667000,649000,618000,713000,645000,629000,599000,689000,3100,0,0,0
12153,100,あり,,1,False,,81～100件,0～20件,,3,,,100,100,,,,True,,679000,652000,648000,685000,592000,584000,579000,604000,13400,6500,6500,13000
12154,100,あり,,1,False,,301～400件,61～80件,True,1,2,3,2,1,,False,,True,,498000,495000,484000,502000,468000,468000,459000,479000,0,0,0,0
12155,1,自施設での分娩取扱あり,1,1,True,20週,401～500件,81～100件,,100,,,100,100,,,,True,1,602000,599000,588000,618000,586000,582000,572000,601000,500,0,0,0
12156,100,あり,,1,False,,201～300件,101～150件,,3,,,100,100,,,,True,,517000,513000,497000,542000,439000,439000,415000,469000,12700,12000,0,22500
12157,100,あり,,1,False,,401～500件,21～40件,,1,1,1;3,1,1,,False,,True,,526000,531000,502000,550000,485000,493000,467000,507000,12000,0,0,25000
12158,1,自施設での分娩取扱あり,1,1,True,30週,1001～1500件,201～300件,,1,1,3,1,3,401～500件,True,https://www.jalasite.org/area/3_11_11222_0,True,1,608000,590000,574000,649000,537000,512000,502000,573000,0,0,0,0
12159,100,あり,,1,False,,81～100件,0～20件,,1,1,3,2,1,,True,https://www.jalasite.org/hp/10344.html,True,,543000,556000,492000,584000,458000,471000,411000,503000,35900,38500,33000,38500
12160,100,あり,,1,False,,101～150件,81～100件,,1,1,3,1,2,,False,,True,,735000,751000,682000,774000,704000,726000,655000,749000,6200,0,0,0
12161,100,あり,,1,False,,201～300件,61～80件,,3,,,100,100,,,,True,,564000,571000,525000,608000,498000,499000,465000,536000,19600,0,0,54600
12162,100,あり,,1,False,,501～600件,21～40件,,3,,,100,100,,,,True,,546000,545000,535000,562000,505000,506000,495000,516000,100,0,0,0
12163,100;1,あり;自施設での分娩取扱あり,1,1,True,34週,601～700件,81～100件,,1,1,3,1,1,,True,https://www.jalasite.org/hp/10841.html,True,,658000,671000,638000,683000,154000,112000,112000,118000,0,0,0,0
12164,100,あり,,1,False,,201～300件,41～60件,,1,1;2,3,1,2,,False,,True,,614000,592000,575000,661000,550000,549000,545000,553000,0,0,0,0
12165,3,自宅分娩（出張分娩）での分娩取扱あり,1;2,1,True,28週,1～20件,,,100,,,100,100,,,,True,,544000,,,,472000,,,,0,,,
12166,1,自施設での分娩取扱あり,,1,,,101～150件,21～40件,,100,,,100,100,,,,,,493000,494000,492000,495000,453000,455000,450000,456000,0,0,0,0
12167,100;1,あり;自施設での分娩取扱あり,1,1,True,32,401～500件,61～80件,,1,1,3,1,2,,False,,True,1,544000,543000,532000,556000,456000,458000,449000,465000,16500,18400,0,27600
12168,1,自施設での分娩取扱あり,1;2,1,True,34週,601～700件,101～150件,True,100,,,100,100,,,,True,1;2;3;4,584000,582000,573000,595000,506000,503000,503000,518000,54000,54000,45000,60000
12169,100,あり,,0,False,,,,,1,1;2,3,1,100,,False,,False,,532000,,,,520000,,,,0,,,
12170,1,自施設での分娩取扱あり,2,1,True,20~24週,301～400件,41～60件,,1,1,3,1,3,61～80件,,,True,1;3;4;5,637000,618000,608000,647000,548000,532000,522000,547000,72200,70000,70000,70000
12171,2;3,オープンシステムを利用し、他施設へ赴いての分娩取扱あり;自宅分娩（出張分娩）での分娩取扱あり,1,,True,,1～20件,,,100,,,100,100,,,,True,,,,,,,,,,,,,
12172,100,あり,,1,False,,,41～60件,,3,,,100,100,,,,True,,576000,575000,558000,596000,494000,487000,482000,506000,32500,35000,35000,42000
12174,100,あり,,1,False,,301～400件,41～60件,,1,1,2;3,1,2,,False,,True,,545000,530000,520000,540000,533000,518000,508000,528000,0,0,0,0
12175,100,あり,,1,False,,41～60件,,,100,,,100,100,,,,True,,518000,525000,512000,539000,459000,473000,466000,479000,10300,0,0,23800
12178,1,自施設での分娩取扱あり,1;2,1,True,32～33,151～200件,0件,,3,,,100,100,,,,False,,500000,502000,482000,516000,412000,402000,402000,422000,9300,0,0,17500
12179,100,あり,,1,False,,0～20件,,,100,,,100,100,,,,True,,573000,,,,525000,,,,0,,,
12180,100,あり,,1,False,,301～400件,21～40件,,1,1,3,2,1,,False,,True,,761000,748000,702000,827000,659000,628000,609000,721000,35700,40000,0,55000
12181,1,自施設での分娩取扱あり,1;2,1,True,34週,201～300件,21～40件,,1,1,1;3,2,1,0件,False,,True,1;3;4,519000,520000,512000,534000,462000,467000,449000,479000,0,0,0,0
12182,100,あり,,1,False,,151～200件,21～40件,,3,,,100,100,,,,True,,574000,577000,534000,606000,514000,508000,483000,550000,1000,0,0,0
12183,100,あり,,1,False,,201～300件,,,100,,,100,100,,,,True,,512000,515000,510000,522000,474000,477000,476000,483000,0,0,0,0
12184,100,あり,,1,False,,,,,3,,,100,100,,,,True,,583000,574000,552000,597000,511000,512000,496000,527000,47400,40000,36000,48000
12185,1;3,自施設での分娩取扱あり;自宅分娩（出張分娩）での分娩取扱あり,1;2;3,1,True,28週,1～20件,,,100,,,100,100,,,,True,,570000,,,,517000,,,,0,,,
12186,1,自施設での分娩取扱あり,1;2,1,True,32,201～300件,21～40件,,3,,,100,100,,,,True,1;2;3,560000,558000,552000,570000,533000,532000,523000,543000,0,0,0,0
12188,100;1,あり;自施設での分娩取扱あり,1,1,True,34,101～150件,41～60件,,3,,,100,100,,,,True,1,506000,542000,397000,595000,448000,486000,304000,562000,18500,0,0,50800
12189,100;3,あり;自宅分娩（出張分娩）での分娩取扱あり,2,1,False,,0～20件,,,100,,,100,100,,,,True,1;2;3;4;6,,,,,,,,,,,,
12190,100;2;3,あり;オープンシステムを利用し、他施設へ赴いての分娩取扱あり;自宅分娩（出張分娩）での分娩取扱あり,1;2,1,True,26,1~20件,,,3,,,100,100,,,,True,1;2;3;4;5;6,,,,,,,,,,,,
12192,100,あり,,1,False,,0～20件,,,100,,,100,100,,,,True,,550000,,,,525000,,,,0,,,
12193,100,あり,,1,False,,301～400件,21～40件,,1,1,3,2,1,,True,https://www.jalasite.org/hp/10787.html,True,,734000,751000,674000,792000,716000,734000,655000,774000,0,0,0,0
12194,100,あり,,0,False,,21～40件,0～20件,,1,1,2,1,1,,False,,True,,808000,772000,757000,855000,732000,744000,715000,746000,50600,40000,0,90000
12195,1,自施設での分娩取扱あり,1,1,True,20週,0件,0件,,1,1;2,1;2;3,2,1,0件,True,https://www.jalasite.org/hp/10769.html,True,1;2;3,852000,827000,771000,941000,686000,682000,663000,709000,57600,60000,60000,60000
12196,1,自施設での分娩取扱あり,1,2,True,20週,701～800件,101～150件,,1,1,1;2;3,1,3,,True,https://www.jalasite.org/hp/10684.html,True,1;2;3;4,,,,,,,,,,,,
12197,100,あり,,1,False,,301～400件,21～40件,,1,1,3,2,1,,True,https://www.jalasite.org/hp/10778.html,True,,594000,585000,564000,611000,561000,549000,531000,577000,0,0,0,0
12198,100,あり,,1,False,,501～600件,61～80件,,1,1;2,1,1,1,,True,https://www.jalasite.org/hp/10768.html,True,,1245000,1245000,1171000,1304000,1136000,1147000,1081000,1182000,13300,0,0,0
12199,100,あり,,1,False,,0～20件,0～20件,,1,1;2,2,1,1,,True,https://www.jalasite.org/hp/10799.html,True,,1416000,,,,1041000,,,,318300,,,
12200,100;1;3,あり;自施設での分娩取扱あり;自宅分娩（出張分娩）での分娩取扱あり,2;3,1,True,30,1~20件,,,100,,,100,100,,,,True,1;2;3;4;6,,,,,,,,,,,,
12201,100,あり,,1,False,,601～700件,101～150件,,1,1;2,1;2,2,1,,False,,True,,500000,,,,494000,,,,0,,,
12202,100,あり,,1,False,,0～20件,,,100,,,100,100,,,,True,,,,,,,,,,,,,
12203,100;1,あり;自施設での分娩取扱あり,1,1,True,32,401～500件,81～100件,,1,1,3,1,3,101～150件,False,,True,1;2;3;4;5,,,,,,,,,,,,
12204,100,あり,,1,False,,401～500件,81～100件,,1,1,1,2,1,,False,,True,,,,,,,,,,,,,
12205,100,あり,,1,False,,0～20件,,,100,,,100,100,,,,True,,,,,,,,,,,,,
12206,100,あり,,1,False,,0～20件,,,100,,,100,100,,,,True,,,,,,,,,,,,,
12207,100,あり,,1,False,,21～40件,0～20件,,3,,,100,100,,,,True,,,,,,,,,,,,,
12208,100,あり,,0,False,,,,True,1,1,1,1,100,,True,https://www.jalasite.org/hp/10722.html,True,,,,,,,,,,,,,
12209,100,あり,,1,False,,151～200件,21～40件,,1,1,3,100,1,,,,True,,,,,,,,,,,,,
12210,100,あり,,1,False,,101～150件,21～40件,,1,2,1;2,2,1,,False,,True,,,,,,,,,,,,,
12211,100,あり,,0,False,,０～20件,,,100,,,100,100,,,,True,,,,,,,,,,,,,
12212,100,あり,,0,False,,41～60件,21～40件,,2,1;2,1;2,2,1,,False,,True,,,,,,,,,,,,,
12213,2;3,オープンシステムを利用し、他施設へ赴いての分娩取扱あり;自宅分娩（出張分娩）での分娩取扱あり,2,,True,32週,0件,,,100,,,100,100,,,,False,,,,,,,,,,,,,
12214,100,あり,,1,False,,0~20件,,,,,,,,,,,True,,,,,,,,,,,,,
12215,100,あり,,1,False,,0~20件,,,,,,,,,,,True,,,,,,,,,,,,,
12216,100,あり,,1,False,,0~20件,,,,,,,,,,,True,,,,,,,,,,,,,
12217,100,あり,,1,False,,0~20件,,,,,,,,,,,True,,,,,,,,,,,,,
12218,100,あり,,1,False,,0~20件,,,,,,,,,,,True,,,,,,,,,,,,,
12219,100,あり,,0,False,,,,,,,,,,,,,,,447000,,,,424000,,,,0,,,
12220,100,あり,,0,False,,,,,,,,,,,,,,,528000,530000,521000,538000,480000,481000,472000,491000,6800,5000,0,15000
12221,100,あり,,0,False,,,,,,,,,,,,,,,551000,552000,536000,569000,462000,463000,451000,476000,30100,30000,30000,31300
12222,100,あり,,0,False,,,,,,,,,,,,,,,,,,,,,,,,,,
12223,100,あり,,0,False,,,,,,,,,,,,,,,542000,544000,536000,551000,519000,527000,522000,536000,300,0,0,0
12224,100,あり,,1,False,,0~20件,,,,,,,,,,,True,,,,,,,,,,,,,
12225,100,あり,,1,False,,0~20件,,,,,,,,,,,True,,,,,,,,,,,,,
12226,100,あり,,1,False,,0~20件,,,1,1,3,100,100,,False,,True,,,,,,,,,,,,,
12227,100;1,あり;自施設での分娩取扱あり,1;2;3,1,True,30～34週,151~200件,21~40件,,1,1;2,3,1,100,,False,,True,1;2;3,,,,,,,,,,,,
12228,4,なし,,,,,,,,100,,,100,100,,,,,,,,,,,,,,,,,
12229,4,なし,,,,,,,,100,,,100,100,,,,,,,,,,,,,,,,,
12230,4,なし,,,,,,,,100,,,100,100,,,,,,,,,,,,,,,,,
12231,4,なし,,,,,,,,100,,,100,100,,,,,,,,,,,,,,,,,
12232,4,なし,,,,,,,,100,,,100,100,,,,,,,,,,,,,,,,,
12233,4,なし,,,,,,,,100,,,100,100,,,,,,,,,,,,,,,,,
12234,4,なし,,,,,,,,100,,,100,100,,,,,,,,,,,,,,,,,
12235,4,なし,,,,,,,,100,,,100,100,,,,,,,,,,,,,,,,,
12236,4,なし,,,,,,,,100,,,100,100,,,,,,,,,,,,,,,,,
12237,4,なし,,,,,,,,100,,,100,100,,,,,,,,,,,,,,,,,
12238,4,なし,,,,,,,,100,,,100,100,,,,,,,,,,,,,,,,,
12239,4,なし,,,,,,,,100,,,100,100,,,,,,,,,,,,,,,,,
12240,4,なし,,,,,,,,100,,,100,100,,,,,,,,,,,,,,,,,
12241,4,なし,,,,,,,,100,,,100,100,,,,,,,,,,,,,,,,,
12242,1,自施設での分娩取扱あり,1,1,True,34週,81～100件,61～80件,,100,,,100,100,,,,True,1;3;4,,,,,,,,,,,,
12243,4,なし,,,,,,,,100,,,100,100,,,,,,,,,,,,,,,,,
12244,4,なし,,,,,,,,100,,,100,100,,,,,,,,,,,,,,,,,
12245,1,自施設での分娩取扱あり,1,1,True,32週,101～150件,81～100件,,1,1,1;3,2,1,1～20件,True,https://www.jalasite.org/hp/10286.html,True,1;3,,,,,,,,,,,,
12246,4,なし,,,,,,,,100,,,100,100,,,,,,,,,,,,,,,,,
12247,,,,,,,,,,100,,,100,100,,,,,,,,,,,,,,,,,
12248,4,なし,,,,,,,,100,,,100,100,,,,,,,,,,,,,,,,,
12249,4,なし,,,,,,,,100,,,100,100,,,,,,,,,,,,,,,,,
12250,4,なし,,,,,,,,100,,,100,100,,,,,,,,,,,,,,,,,
12251,4,なし,,,,,,,,100,,,100,100,,,,,,,,,,,,,,,,,
12252,1,自施設での分娩取扱あり,1;2,1,True,34週,201～300件,151～200件,,1,1,1;2,1,1,61～80件,True,https://www.jalasite.org/hp/10346.html,True,1;3;4,,,,,,,,,,,,
12253,4,なし,,,,,,,,100,,,100,100,,,,,,,,,,,,,,,,,
12254,4,なし,,,,,,,,100,,,100,100,,,,,,,,,,,,,,,,,
12255,4,なし,,,,,,,,100,,,100,100,,,,,,,,,,,,,,,,,
12256,4,なし,,,,,,,,100,,,100,100,,,,,,,,,,,,,,,,,
12257,4,なし,,,,,,,,100,,,100,100,,,,,,,,,,,,,,,,,
12258,4,なし,,,,,,,,100,,,100,100,,,,,,,,,,,,,,,,,
12259,4,なし,,,,,,,,100,,,100,100,,,,,,,,,,,,,,,,,
12260,4,なし,,,,,,,,100,,,100,100,,,,,,,,,,,,,,,,,
12261,4,なし,,,,,,,,100,,,100,100,,,,,,,,,,,,,,,,,
12262,4,なし,,,,,,,,100,,,100,100,,,,,,,,,,,,,,,,,
12263,4,なし,,,,,,,,100,,,100,100,,,,,,,,,,,,,,,,,
12264,4,なし,,,,,,,,100,,,100,100,,,,,,,,,,,,,,,,,
12265,4,なし,,,,,,,,100,,,100,100,,,,,,,,,,,,,,,,,
12266,4,なし,,,,,,,,100,,,100,100,,,,,,,,,,,,,,,,,
12267,4,なし,,,,,,,,100,,,100,100,,,,,,,,,,,,,,,,,
12268,4,なし,,,,,,,,100,,,100,100,,,,,,,,,,,,,,,,,
12269,4,なし,,,,,,,,100,,,100,100,,,,,,,,,,,,,,,,,
12270,4,なし,,,,,,,,100,,,100,100,,,,,,,,,,,,,,,,,
12271,,,,,,,,,,100,,,100,100,,,,,,,,,,,,,,,,,
12272,4,なし,,,,,,,,100,,,100,100,,,,,,,,,,,,,,,,,
12273,4,なし,,,,,,,,100,,,100,100,,,,,,,,,,,,,,,,,
12274,4,なし,,,,,,,,100,,,100,100,,,,,,,,,,,,,,,,,
12275,4,なし,,,,,,,,100,,,100,100,,,,,,,,,,,,,,,,,
12276,4,なし,,,,,,,,100,,,100,100,,,,,,,,,,,,,,,,,
12277,4,なし,,,,,,,,100,,,100,100,,,,,,,,,,,,,,,,,
12278,4,なし,,,,,,,,100,,,100,100,,,,,,,,,,,,,,,,,
12279,4,なし,,,,,,,,100,,,100,100,,,,,,,,,,,,,,,,,
12280,4,なし,,,,,,,,100,,,100,100,,,,,,,,,,,,,,,,,
12281,4,なし,,,,,,,,100,,,100,100,,,,,,,,,,,,,,,,,
12282,4,なし,,,,,,,,100,,,100,100,,,,,,,,,,,,,,,,,
12283,4,なし,,,,,,,,100,,,100,100,,,,,,,,,,,,,,,,,
12284,4,なし,,,,,,,,100,,,100,100,,,,,,,,,,,,,,,,,
12285,4,なし,,,,,,,,100,,,100,100,,,,,,,,,,,,,,,,,
12286,4,なし,,,,,,,,100,,,100,100,,,,,,,,,,,,,,,,,
12287,4,なし,,,,,,,,100,,,100,100,,,,,,,,,,,,,,,,,
12288,4,なし,,,,,,,,100,,,100,100,,,,,,,,,,,,,,,,,
12289,4,なし,,,,,,,,100,,,100,100,,,,,,,,,,,,,,,,,
12290,4,なし,,,,,,,,100,,,100,100,,,,,,,,,,,,,,,,,
12291,4,なし,,,,,,,,100,,,100,100,,,,,,,,,,,,,,,,,
12292,4,なし,,,,,,,,100,,,100,100,,,,,,,,,,,,,,,,,
12293,4,なし,,,,,,,,100,,,100,100,,,,,,,,,,,,,,,,,
12294,4,なし,,,,,,,,100,,,100,100,,,,,,,,,,,,,,,,,
12295,4,なし,,,,,,,,100,,,100,100,,,,,,,,,,,,,,,,,
12296,4,なし,,,,,,,,100,,,100,100,,,,,,,,,,,,,,,,,
12297,4,なし,,,,,0件,0件,,100,,,100,100,,,,,,,,,,,,,,,,,
12298,4,なし,,,,,,,,100,,,100,100,,,,,,,,,,,,,,,,,
12299,,,,,,,,,,100,,,100,100,,,,,,,,,,,,,,,,,
12300,4,なし,,,,,0件,,,100,,,100,100,,,,,,,,,,,,,,,,,
12301,4,なし,,,,,,,,100,,,100,100,,,,,,,,,,,,,,,,,
12302,4,なし,,,,,,,,100,,,100,100,,,,,,,,,,,,,,,,,
12303,4,なし,,,,,,,,100,,,100,100,,,,,,,,,,,,,,,,,
12304,4,なし,,,,,,,,100,,,100,100,,,,,,,,,,,,,,,,,
12305,4,なし,,,,,,,,100,,,100,100,,,,,,,,,,,,,,,,,
12306,4,なし,,,,,,,,100,,,100,100,,,,,,,,,,,,,,,,,
12307,4,なし,,,,,,,,100,,,100,100,,,,,,,,,,,,,,,,,
12308,4,なし,,,,,,,,100,,,100,100,,,,,,,,,,,,,,,,,
12309,4,なし,,,,,,,,100,,,100,100,,,,,,,,,,,,,,,,,
12310,4,なし,,,,,,,,100,,,100,100,,,,,,,,,,,,,,,,,
12311,4,なし,,,,,,,,100,,,100,100,,,,,,,,,,,,,,,,,
12312,4,なし,,,,,,,,100,,,100,100,,,,,,,,,,,,,,,,,
12313,4,なし,,,,,,,,100,,,100,100,,,,,,,,,,,,,,,,,
12314,4,なし,,,,,,,,100,,,100,100,,,,,,,,,,,,,,,,,
12315,4,なし,,,,,,,,100,,,100,100,,,,,,,,,,,,,,,,,
12316,4,なし,,,,,,,,100,,,100,100,,,,,,,,,,,,,,,,,
12317,4,なし,,,,,,,,100,,,100,100,,,,,,,,,,,,,,,,,
12318,4,なし,,,,,,,,100,,,100,100,,,,,,,,,,,,,,,,,
12319,,,1,1,True,24週,151～200件,41～60件,,2,1,1,2,1,,False,,True,1,,,,,,,,,,,,
12320,4,なし,,,,,,,,100,,,100,100,,,,,,,,,,,,,,,,,
12321,4,なし,,,,,,,,100,,,100,100,,,,,,,,,,,,,,,,,
12322,,,,,,,,,,100,,,100,100,,,,,,,,,,,,,,,,,
12323,4,なし,,,,,,,,100,,,100,100,,,,,,,,,,,,,,,,,
12324,4,なし,,,,,,,,100,,,100,100,,,,,,,,,,,,,,,,,
12325,4,なし,,,,,,,,100,,,100,100,,,,,,,,,,,,,,,,,
12326,4,なし,,,,,,,,100,,,100,100,,,,,,,,,,,,,,,,,
12327,4,なし,,,,,,,,100,,,100,100,,,,,,,,,,,,,,,,,
12328,,,,,,,0件,,,100,,,100,100,,,,,,,,,,,,,,,,,
12329,4,なし,,,,,,,,100,,,100,100,,,,,,,,,,,,,,,,,
12330,4,なし,,,,,,,,100,,,100,100,,,,,,,,,,,,,,,,,
12331,4,なし,,,,,,,,100,,,100,100,,,,,,,,,,,,,,,,,
12332,4,なし,,,,,,,,100,,,100,100,,,,,,,,,,,,,,,,,
12333,4,なし,,,,,,,,100,,,100,100,,,,,,,,,,,,,,,,,
12334,4,なし,,,,,0件,0件,,100,,,100,100,,,,,,,,,,,,,,,,,
12335,4,なし,,,,,,,,100,,,100,100,,,,,,,,,,,,,,,,,
12336,4,なし,,,,,,,,100,,,100,100,,,,,,,,,,,,,,,,,
12337,,,,,,,,,,100,,,100,100,,,,,,,,,,,,,,,,,
12338,4,なし,,,,,,,,100,,,100,100,,,,,,,,,,,,,,,,,
12339,4,なし,,,,,,,,100,,,100,100,,,,,,,,,,,,,,,,,
12340,4,なし,,,,,,,,100,,,100,100,,,,,,,,,,,,,,,,,
12341,4,なし,,,,,,,,100,,,100,100,,,,,,,,,,,,,,,,,
12342,4,なし,,,,,,,,100,,,100,100,,,,,,,,,,,,,,,,,
12343,4,なし,,,,,,,,100,,,100,100,,,,,,,,,,,,,,,,,
12344,4,なし,,,,,,,,100,,,100,100,,,,,,,,,,,,,,,,,
12345,4,なし,,,,,,,,100,,,100,100,,,,,,,,,,,,,,,,,
12346,4,なし,,,,,,,,100,,,100,100,,,,,,,,,,,,,,,,,
12347,4,なし,,,,,,,,100,,,100,100,,,,,,,,,,,,,,,,,
12348,4,なし,,,,,,,,100,,,100,100,,,,,,,,,,,,,,,,,
12349,4,なし,,,,,,,,100,,,100,100,,,,,,,,,,,,,,,,,
12350,4,なし,,,,,,,,100,,,100,100,,,,,,,,,,,,,,,,,
12351,4,なし,,,,,,,,100,,,100,100,,,,,,,,,,,,,,,,,
12352,4,なし,,,,,,,,100,,,100,100,,,,,,,,,,,,,,,,,
12353,4,なし,,,,,,,,100,,,100,100,,,,,,,,,,,,,,,,,
12354,4,なし,,,,,,,,100,,,100,100,,,,,,,,,,,,,,,,,
12355,4,なし,,,,,,,,100,,,100,100,,,,,,,,,,,,,,,,,
12356,2;4,オープンシステムを利用し、他施設へ赴いての分娩取扱あり;なし,,,False,,0件,0件,,100,,,100,100,,,,False,,,,,,,,,,,,,
12357,4,なし,,,,,,,,100,,,100,100,,,,,,,,,,,,,,,,,
12358,4,なし,,,,,,,,100,,,100,100,,,,,,,,,,,,,,,,,
12359,4,なし,,,,,,,,100,,,100,100,,,,,,,,,,,,,,,,,
12360,4,なし,,,,,,,,100,,,100,100,,,,,,,,,,,,,,,,,
12361,4,なし,,,,,,,,100,,,100,100,,,,,,,,,,,,,,,,,
12362,4,なし,,,,,,,,100,,,100,100,,,,,,,,,,,,,,,,,
12363,,,,,,,,,,100,,,100,100,,,,,,,,,,,,,,,,,
12364,4,なし,,,,,,,,100,,,100,100,,,,,,,,,,,,,,,,,
12365,4,なし,,,,,,,,100,,,100,100,,,,,,,,,,,,,,,,,
12366,4,なし,,,,,,,,100,,,100,100,,,,,,,,,,,,,,,,,
12367,4,なし,,,,,,,,100,,,100,100,,,,,,,,,,,,,,,,,
12368,4,なし,,,,,,,,100,,,100,100,,,,,,,,,,,,,,,,,
12369,4,なし,,,,,,,,100,,,100,100,,,,,,,,,,,,,,,,,
12370,4,なし,,,,,,,,100,,,100,100,,,,,,,,,,,,,,,,,
12371,4,なし,,,,,,,,100,,,100,100,,,,,,,,,,,,,,,,,
12372,4,なし,,,,,,,,100,,,100,100,,,,,,,,,,,,,,,,,
12373,4,なし,,,,,,,,100,,,100,100,,,,,,,,,,,,,,,,,
12374,4,なし,,,,,,,,100,,,100,100,,,,,,,,,,,,,,,,,
12375,4,なし,,,,,,,,100,,,100,100,,,,,,,,,,,,,,,,,
12376,4,なし,,,,,,,,100,,,100,100,,,,,,,,,,,,,,,,,
12377,4,なし,,,,,,,,100,,,100,100,,,,,,,,,,,,,,,,,
12378,4,なし,,,,,,,,100,,,100,100,,,,,,,,,,,,,,,,,
12379,4,なし,,,,,,,,100,,,100,100,,,,,,,,,,,,,,,,,
12380,4,なし,,,,,,,,100,,,100,100,,,,,,,,,,,,,,,,,
12381,4,なし,,,,,,,,100,,,100,100,,,,,,,,,,,,,,,,,
12382,4,なし,,,,,,,,100,,,100,100,,,,,,,,,,,,,,,,,
12383,4,なし,,,,,,,,100,,,100,100,,,,,,,,,,,,,,,,,
12384,4,なし,,,,,,,,100,,,100,100,,,,,,,,,,,,,,,,,
12385,4,なし,,,,,,,,100,,,100,100,,,,,,,,,,,,,,,,,
12386,4,なし,,,,,,,,100,,,100,100,,,,,,,,,,,,,,,,,
12387,4,なし,,,,,,,,100,,,100,100,,,,,,,,,,,,,,,,,
12388,4,なし,,,,,,,,100,,,100,100,,,,,,,,,,,,,,,,,
12389,4,なし,,,,,,,,100,,,100,100,,,,,,,,,,,,,,,,,
12390,4,なし,,,,,,,,100,,,100,100,,,,,,,,,,,,,,,,,
12391,4,なし,,,,,,,,100,,,100,100,,,,,,,,,,,,,,,,,
12392,4,なし,,,,,,,,100,,,100,100,,,,,,,,,,,,,,,,,
12393,4,なし,,,,,,,,100,,,100,100,,,,,,,,,,,,,,,,,
12394,4,なし,,,,,,,,100,,,100,100,,,,,,,,,,,,,,,,,
12395,4,なし,,,,,,,,100,,,100,100,,,,,,,,,,,,,,,,,
12396,4,なし,,,,,,,,100,,,100,100,,,,,,,,,,,,,,,,,
12397,4,なし,,,,,,,,100,,,100,100,,,,,,,,,,,,,,,,,
12398,4,なし,,,,,,,,100,,,100,100,,,,,,,,,,,,,,,,,
12399,4,なし,,,,,,,,100,,,100,100,,,,,,,,,,,,,,,,,
12400,4,なし,,,,,,,,100,,,100,100,,,,,,,,,,,,,,,,,
12401,,,,,,,,,,100,,,100,100,,,,,,,,,,,,,,,,,
12402,4,なし,,,,,,,,100,,,100,100,,,,,,,,,,,,,,,,,
12403,4,なし,,,,,,,,100,,,100,100,,,,,,,,,,,,,,,,,
12404,,,,,,,,,,100,,,100,100,,,,,,,,,,,,,,,,,
12405,4,なし,,,,,,,,100,,,100,100,,,,,,,,,,,,,,,,,
12406,4,なし,,,,,,,,100,,,100,100,,,,,,,,,,,,,,,,,
12407,,,,,,,,,,100,,,100,100,,,,,,,,,,,,,,,,,
12408,4,なし,,,,,,,,100,,,100,100,,,,,,,,,,,,,,,,,
12409,4,なし,,,,,,,,100,,,100,100,,,,,,,,,,,,,,,,,
12410,4,なし,,,,,,,,100,,,100,100,,,,,,,,,,,,,,,,,
12411,4,なし,,,,,0件,,,100,,,100,100,,,,,,,,,,,,,,,,,
12412,4,なし,,,,,,,,100,,,100,100,,,,,,,,,,,,,,,,,
12413,4,なし,,,,,,,,100,,,100,100,,,,,,,,,,,,,,,,,
12414,4,なし,,,,,,,,100,,,100,100,,,,,,,,,,,,,,,,,
12415,4,なし,,,,,,,,100,,,100,100,,,,,,,,,,,,,,,,,
12416,4,なし,,,,,,,,100,,,100,100,,,,,,,,,,,,,,,,,
12417,,,,,,,,,,100,,,100,100,,,,,,,,,,,,,,,,,
12418,,,,,,,,,,100,,,100,100,,,,,,,,,,,,,,,,,
12419,4,なし,,,,,,,,100,,,100,100,,,,,,,,,,,,,,,,,
12420,4,なし,,,,,,,,100,,,100,100,,,,,,,,,,,,,,,,,
12421,4,なし,,,,,,,,100,,,100,100,,,,,,,,,,,,,,,,,
12422,4,なし,,,,,,,,100,,,100,100,,,,,,,,,,,,,,,,,
12423,4,なし,,,,,,,,100,,,100,100,,,,,,,,,,,,,,,,,
12424,4,なし,,,,,,,,100,,,100,100,,,,,,,,,,,,,,,,,
12425,4,なし,,,,,,,,100,,,100,100,,,,,,,,,,,,,,,,,
12426,,,,,,,,,,100,,,100,100,,,,,,,,,,,,,,,,,
12427,,,,,,,,,,100,,,100,100,,,,,,,,,,,,,,,,,
12428,4,なし,,,,,,,,100,,,100,100,,,,,,,,,,,,,,,,,
12429,4,なし,,,,,,,,100,,,100,100,,,,,,,,,,,,,,,,,
12430,4,なし,,,,,,,,100,,,100,100,,,,,,,,,,,,,,,,,
12431,4,なし,,,,,,,,100,,,100,100,,,,,,,,,,,,,,,,,
12432,4,なし,,,,,,,,100,,,100,100,,,,,,,,,,,,,,,,,
12433,4,なし,,,,,,,,100,,,100,100,,,,,,,,,,,,,,,,,
12434,4,なし,,,,,,,,100,,,100,100,,,,,,,,,,,,,,,,,
12435,4,なし,,,,,,,,100,,,100,100,,,,,,,,,,,,,,,,,
12436,,,,,,,,,,100,,,100,100,,,,,,,,,,,,,,,,,
12437,4,なし,,,,,,,,100,,,100,100,,,,,,,,,,,,,,,,,
12438,,,,,,,,,,100,,,100,100,,,,,,,,,,,,,,,,,
12439,4,なし,,,,,,,,100,,,100,100,,,,,,,,,,,,,,,,,
12440,4,なし,,,,,,,,100,,,100,100,,,,,,,,,,,,,,,,,
12441,4,なし,,,,,,,,100,,,100,100,,,,,,,,,,,,,,,,,
12442,4,なし,,,,,,,,100,,,100,100,,,,,,,,,,,,,,,,,
12443,4,なし,,,,,,,,100,,,100,100,,,,,,,,,,,,,,,,,
12444,4,なし,,,,,,,,100,,,100,100,,,,,,,,,,,,,,,,,
12445,4,なし,,,,,,,,100,,,100,100,,,,,,,,,,,,,,,,,
12446,4,なし,,,,,,,,100,,,100,100,,,,,,,,,,,,,,,,,
12447,4,なし,,,,,,,,100,,,100,100,,,,,,,,,,,,,,,,,
12448,4,なし,,,,,,,,100,,,100,100,,,,,,,,,,,,,,,,,
12449,,,,,,,,,,100,,,100,100,,,,,,,,,,,,,,,,,
12450,4,なし,,,,,0件,0件,,100,,,100,100,,,,,,,,,,,,,,,,,
12451,4,なし,,,,,,,,100,,,100,100,,,,,,,,,,,,,,,,,
12452,4,なし,,,,,,,,100,,,100,100,,,,,,,,,,,,,,,,,
12453,4,なし,,,,,,,,100,,,100,100,,,,,,,,,,,,,,,,,
12454,4,なし,,,,,,,,100,,,100,100,,,,,,,,,,,,,,,,,
12455,4,なし,,,,,,,,100,,,100,100,,,,,,,,,,,,,,,,,
12456,4,なし,,,,,,,,100,,,100,100,,,,,,,,,,,,,,,,,
12457,4,なし,,,,,,,,100,,,100,100,,,,,,,,,,,,,,,,,
12458,4,なし,,,,,,,,100,,,100,100,,,,,,,,,,,,,,,,,
12459,4,なし,,,,,,,,100,,,100,100,,,,,,,,,,,,,,,,,
12460,,,,,,,,,,100,,,100,100,,,,,,,,,,,,,,,,,
12461,4,なし,,,,,,,,100,,,100,100,,,,,,,,,,,,,,,,,
12462,4,なし,,,,,,,,100,,,100,100,,,,,,,,,,,,,,,,,
12463,,,,,,,,,,100,,,100,100,,,,,,,,,,,,,,,,,
12464,4,なし,,,,,,,,100,,,100,100,,,,,,,,,,,,,,,,,
12465,4,なし,,,,,,,,100,,,100,100,,,,,,,,,,,,,,,,,
12466,4,なし,,,,,,,,100,,,100,100,,,,,,,,,,,,,,,,,
12467,4,なし,,,,,,,,100,,,100,100,,,,,,,,,,,,,,,,,
12468,4,なし,,,,,,,,100,,,100,100,,,,,,,,,,,,,,,,,
12469,4,なし,,,,,,,,100,,,100,100,,,,,,,,,,,,,,,,,
12470,4,なし,,,,,,,,100,,,100,100,,,,,,,,,,,,,,,,,
12471,4,なし,,,,,,,,100,,,100,100,,,,,,,,,,,,,,,,,
12472,4,なし,,,,,,,,100,,,100,100,,,,,,,,,,,,,,,,,
12473,4,なし,,,,,,,,100,,,100,100,,,,,,,,,,,,,,,,,
12474,4,なし,,,,,,,,100,,,100,100,,,,,,,,,,,,,,,,,
12475,4,なし,,,,,,,,100,,,100,100,,,,,,,,,,,,,,,,,
12476,4,なし,,,,,,,,100,,,100,100,,,,,,,,,,,,,,,,,
12477,4,なし,,,,,,,,100,,,100,100,,,,,,,,,,,,,,,,,
12478,4,なし,,,,,,,,100,,,100,100,,,,,,,,,,,,,,,,,
12479,4,なし,,,,,,,,100,,,100,100,,,,,,,,,,,,,,,,,
12480,4,なし,,,,,,,,100,,,100,100,,,,,,,,,,,,,,,,,
12481,1;2,自施設での分娩取扱あり;オープンシステムを利用し、他施設へ赴いての分娩取扱あり,1;2,1,True,,201～300件,61～80件,,100,,,100,100,,,,True,1;2;3,,,,,,,,,,,,
12482,,,,,,,,,,100,,,100,100,,,,,,,,,,,,,,,,,
12483,,,,,,,,,,100,,,100,100,,,,,,,,,,,,,,,,,
12484,4,なし,,,,,,,,100,,,100,100,,,,,,,,,,,,,,,,,
12485,4,なし,,,,,,,,100,,,100,100,,,,,,,,,,,,,,,,,
12486,4,なし,,,,,,,,100,,,100,100,,,,,,,,,,,,,,,,,
12487,4,なし,,,,,,,,100,,,100,100,,,,,,,,,,,,,,,,,
12488,4,なし,,,,,,,,100,,,100,100,,,,,,,,,,,,,,,,,
12489,4,なし,,,,,,,,100,,,100,100,,,,,,,,,,,,,,,,,
12490,4,なし,,,,,,,,100,,,100,100,,,,,,,,,,,,,,,,,
12491,4,なし,,,,,,,,100,,,100,100,,,,,,,,,,,,,,,,,
12492,4,なし,,,,,,,,100,,,100,100,,,,,,,,,,,,,,,,,
12493,,,,,,,,,,100,,,100,100,,,,,,,,,,,,,,,,,
12494,4,なし,,,,,,,,100,,,100,100,,,,,,,,,,,,,,,,,
12495,4,なし,,,,,,,,100,,,100,100,,,,,,,,,,,,,,,,,
12496,4,なし,,,,,,,,100,,,100,100,,,,,,,,,,,,,,,,,
12497,4,なし,,,,,0件,0件,,100,,,100,100,,,,,,,,,,,,,,,,,
12498,,,,,,,,,,100,,,100,100,,,,,,,,,,,,,,,,,
12499,4,なし,,,,,,,,100,,,100,100,,,,,,,,,,,,,,,,,
12500,4,なし,,,,,,,,100,,,100,100,,,,,,,,,,,,,,,,,
12501,4,なし,,,,,,,,100,,,100,100,,,,,,,,,,,,,,,,,
12502,4,なし,,,,,,,,100,,,100,100,,,,,,,,,,,,,,,,,
12503,4,なし,,,,,0件,0件,,100,,,100,100,,,,False,,,,,,,,,,,,,
12504,4,なし,,,,,,,,100,,,100,100,,,,,,,,,,,,,,,,,
12505,4,なし,,,,,,,,100,,,100,100,,,,,,,,,,,,,,,,,
12506,4,なし,,,,,0件,0件,,100,,,100,100,,,,,,,,,,,,,,,,,
12507,4,なし,,,,,,,,100,,,100,100,,,,,,,,,,,,,,,,,
12508,4,なし,,,,,,,,100,,,100,100,,,,,,,,,,,,,,,,,
12509,,,,,,,,,,100,,,100,100,,,,,,,,,,,,,,,,,
12510,4,なし,,,,,,,,100,,,100,100,,,,,,,,,,,,,,,,,
12511,4,なし,,,,,,,,100,,,100,100,,,,,,,,,,,,,,,,,
12512,4,なし,,,,,,,,100,,,100,100,,,,,,,,,,,,,,,,,
12513,4,なし,,,,,,,,100,,,100,100,,,,,,,,,,,,,,,,,
12514,,,,,,,,,,100,,,100,100,,,,,,,,,,,,,,,,,
12515,4,なし,,,,,,,,100,,,100,100,,,,,,,,,,,,,,,,,
12516,,,,,,,,,,100,,,100,100,,,,,,,,,,,,,,,,,
12517,4,なし,,,,,,,,100,,,100,100,,,,,,,,,,,,,,,,,
12518,4,なし,,,,,,,,100,,,100,100,,,,,,,,,,,,,,,,,
12519,4,なし,,,,,,,,100,,,100,100,,,,,,,,,,,,,,,,,
12520,4,なし,,,,,,,,100,,,100,100,,,,,,,,,,,,,,,,,
12521,,,,,,,,,,100,,,100,100,,,,,,,,,,,,,,,,,
12522,,,,,,,,,,100,,,100,100,,,,,,,,,,,,,,,,,
12523,,,,,,,,,,100,,,100,100,,,,,,,,,,,,,,,,,
12524,4,なし,,,,,,,,100,,,100,100,,,,,,,,,,,,,,,,,
12525,4,なし,,,,,,,,100,,,100,100,,,,,,,,,,,,,,,,,
12526,4,なし,,,,,,,,100,,,100,100,,,,,,,,,,,,,,,,,
12527,4,なし,,,,,,,,100,,,100,100,,,,,,,,,,,,,,,,,
12528,4,なし,,,,,,,,100,,,100,100,,,,,,,,,,,,,,,,,
12529,4,なし,,,,,,,,100,,,100,100,,,,,,,,,,,,,,,,,
12530,4,なし,,,,,,,,100,,,100,100,,,,,,,,,,,,,,,,,
12531,2;4,オープンシステムを利用し、他施設へ赴いての分娩取扱あり;なし,,,,,0件,,,100,,,100,100,,,,,,,,,,,,,,,,,
12532,2,オープンシステムを利用し、他施設へ赴いての分娩取扱あり,1,,True,,,,,1,1;2,3,100,3,1～20件,,,True,,,,,,,,,,,,,
12533,4,なし,,,,,,,,100,,,100,100,,,,,,,,,,,,,,,,,
12534,4,なし,,,,,,,,100,,,100,100,,,,,,,,,,,,,,,,,
12535,4,なし,,,,,,,,100,,,100,100,,,,,,,,,,,,,,,,,
12536,4,なし,,,,,,,,100,,,100,100,,,,,,,,,,,,,,,,,
12537,4,なし,,,,,,,,100,,,100,100,,,,,,,,,,,,,,,,,
12538,4,なし,,,,,,,,100,,,100,100,,,,,,,,,,,,,,,,,
12539,4,なし,,,,,,,,100,,,100,100,,,,,,,,,,,,,,,,,
12540,4,なし,,,,,,,,100,,,100,100,,,,,,,,,,,,,,,,,
12541,4,なし,,,,,,,,100,,,100,100,,,,,,,,,,,,,,,,,
12542,,,,,,,,,,100,,,100,100,,,,,,,,,,,,,,,,,
12543,4,なし,,,,,,,,100,,,100,100,,,,,,,,,,,,,,,,,
12544,4,なし,,,,,,,,100,,,100,100,,,,,,,,,,,,,,,,,
12545,,,,,,,,,,100,,,100,100,,,,,,,,,,,,,,,,,
12546,4,なし,,,,,,,,100,,,100,100,,,,,,,,,,,,,,,,,
12547,4,なし,,,,,,,,100,,,100,100,,,,,,,,,,,,,,,,,
12548,4,なし,,,,,,,,100,,,100,100,,,,,,,,,,,,,,,,,
12549,4,なし,,,False,,0件,0件,,100,,,100,100,,,,,,,,,,,,,,,,,
12550,4,なし,,,,,,,,100,,,100,100,,,,,,,,,,,,,,,,,
12551,4,なし,,,,,,,,100,,,100,100,,,,,,,,,,,,,,,,,
12552,4,なし,,,,,,,,100,,,100,100,,,,,,,,,,,,,,,,,
12553,4,なし,,,,,,,,100,,,100,100,,,,,,,,,,,,,,,,,
12554,4,なし,,,,,,,,100,,,100,100,,,,,,,,,,,,,,,,,
12555,4,なし,,,,,,,,100,,,100,100,,,,,,,,,,,,,,,,,
12556,4,なし,,,,,,,,100,,,100,100,,,,,,,,,,,,,,,,,
12557,4,なし,,,,,,,,100,,,100,100,,,,,,,,,,,,,,,,,
12558,4,なし,,,,,,,,100,,,100,100,,,,,,,,,,,,,,,,,
12559,4,なし,,,,,,,,100,,,100,100,,,,,,,,,,,,,,,,,
12560,4,なし,,,,,,,,100,,,100,100,,,,,,,,,,,,,,,,,
12561,4,なし,,,,,,,,100,,,100,100,,,,,,,,,,,,,,,,,
12562,4,なし,,,,,,,,100,,,100,100,,,,,,,,,,,,,,,,,
12563,4,なし,,,,,,,,100,,,100,100,,,,,,,,,,,,,,,,,
12564,4,なし,,,,,,,,100,,,100,100,,,,,,,,,,,,,,,,,
12565,4,なし,,,,,,,,100,,,100,100,,,,,,,,,,,,,,,,,
12566,4,なし,,,,,,,,100,,,100,100,,,,,,,,,,,,,,,,,
12567,1,自施設での分娩取扱あり,1;2,1,True,32週,61～80件,1～20件,,100,,,100,100,,,,True,1,,,,,,,,,,,,
12568,4,なし,,,,,,,,100,,,100,100,,,,,,,,,,,,,,,,,
12569,4,なし,,,,,,,,100,,,100,100,,,,,,,,,,,,,,,,,
12570,4,なし,,,False,,0件,0件,,100,,,100,100,,,,,,,,,,,,,,,,,
12571,4,なし,,,,,,,,100,,,100,100,,,,,,,,,,,,,,,,,
12572,4,なし,,,False,,,,,100,,,100,100,,,,,,,,,,,,,,,,,
12573,4,なし,,,,,,,,100,,,100,100,,,,,,,,,,,,,,,,,
12574,4,なし,,,,,,,,100,,,100,100,,,,,,,,,,,,,,,,,
12575,4,なし,,,,,,,,100,,,100,100,,,,,,,,,,,,,,,,,
12576,4,なし,,,,,,,,100,,,100,100,,,,,,,,,,,,,,,,,
12577,4,なし,,,,,,,,100,,,100,100,,,,,,,,,,,,,,,,,
12578,,,,,,,,,,100,,,100,100,,,,,,,,,,,,,,,,,
12579,4,なし,,,,,,,,100,,,100,100,,,,,,,,,,,,,,,,,
12580,4,なし,,,,,,,,100,,,100,100,,,,,,,,,,,,,,,,,
12581,4,なし,,,True,,,,,100,,,100,100,,,,,,,,,,,,,,,,,
12582,4,なし,,,,,,,,100,,,100,100,,,,,,,,,,,,,,,,,
12583,4,なし,,,,,,,,100,,,100,100,,,,,,,,,,,,,,,,,
12584,,,,,,,,,,100,,,100,100,,,,,,,,,,,,,,,,,
12585,4,なし,,,,,,,,100,,,100,100,,,,,,,,,,,,,,,,,
12586,4,なし,,,,,,,,100,,,100,100,,,,,,,,,,,,,,,,,
12587,4,なし,,,,,,,,100,,,100,100,,,,,,,,,,,,,,,,,
12588,4,なし,,,,,,,,100,,,100,100,,,,,,,,,,,,,,,,,
12589,2,オープンシステムを利用し、他施設へ赴いての分娩取扱あり,,2,False,,0件,0件,,100,,,100,100,,,,False,,,,,,,,,,,,,
12590,4,なし,,,,,,,,100,,,100,100,,,,,,,,,,,,,,,,,
12591,,,,,,,,,,100,,,100,100,,,,,,,,,,,,,,,,,
12592,,,,,,,,,,100,,,100,100,,,,,,,,,,,,,,,,,
12593,,,,,,,,,,100,,,100,100,,,,,,,,,,,,,,,,,
12594,4,なし,,,,,,,,100,,,100,100,,,,,,,,,,,,,,,,,
12595,4,なし,,,,,,,,100,,,100,100,,,,,,,,,,,,,,,,,
12596,4,なし,,,,,,,,100,,,100,100,,,,,,,,,,,,,,,,,
12597,2,オープンシステムを利用し、他施設へ赴いての分娩取扱あり,,1,False,,1～20件,1～20件,,100,,,100,100,,,,True,1;3;4,,,,,,,,,,,,
12598,4,なし,,,,,,,,100,,,100,100,,,,,,,,,,,,,,,,,
12599,1,自施設での分娩取扱あり,1;2;3,1,True,34週,1～20件,,,100,,,100,100,,,,True,,,,,,,,,,,,,
12600,3,自宅分娩（出張分娩）での分娩取扱あり,1,,True,,0件,,,100,,,100,100,,,,True,,,,,,,,,,,,,
12601,1;2;3,自施設での分娩取扱あり;オープンシステムを利用し、他施設へ赴いての分娩取扱あり;自宅分娩（出張分娩）での分娩取扱あり,1,1,True,27週,1～20件,,,100,,,100,100,,,,True,1;2;3;6,,,,,,,,,,,,
12602,1;2;3,自施設での分娩取扱あり;オープンシステムを利用し、他施設へ赴いての分娩取扱あり;自宅分娩（出張分娩）での分娩取扱あり,1;2;3,2,True,34週(以降応相談),1～20件,,,100,,,100,100,,,,True,,,,,,,,,,,,,
12603,,,,,,,,,,,,,,,,,,,,,,,,,,,,,,,
12604,,,,,,,,,,,,,,,,,,,,,,,,,,,,,,,
12605,,,,,,,,,,,,,,,,,,,,,,,,,,,,,,,
12606,,,,,,,,,,,,,,,,,,,,,,,,,,,,,,,
12607,,,,,,,,,,,,,,,,,,,,,,,,,,,,,,,
12608,,,,,,,,,,,,,,,,,,,,,,,,,,,,,,,
12609,,,,,,,,,,,,,,,,,,,,,,,,,,,,,,,
12610,,,,,,,,,,,,,,,,,,,,,,,,,,,,,,,
12611,,,,,,,,,,,,,,,,,,,,,,,,,,,,,,,
12612,,,,,,,,,,,,,,,,,,,,,,,,,,,,,,,
12613,,,,,,,,,,,,,,,,,,,,,,,,,,,,,,,
12614,,,,,,,,,,,,,,,,,,,,,,,,,,,,,,,
12615,,,,,,,,,,,,,,,,,,,,,,,,,,,,,,,
12616,,,,,,,,,,,,,,,,,,,,,,,,,,,,,,,
12617,,,,,,,,,,,,,,,,,,,,,,,,,,,,,,,
12618,,,,,,,,,,,,,,,,,,,,,,,,,,,,,,,
12619,,,,,,,,,,,,,,,,,,,,,,,,,,,,,,,
12620,,,,,,,,,,,,,,,,,,,,,,,,,,,,,,,
12621,,,,,,,,,,,,,,,,,,,,,,,,,,,,,,,
12622,,,,,,,,,,,,,,,,,,,,,,,,,,,,,,,
12623,,,,,,,,,,,,,,,,,,,,,,,,,,,,,,,
12624,,,,,,,,,,,,,,,,,,,,,,,,,,,,,,,
12625,,,,,,,,,,,,,,,,,,,,,,,,,,,,,,,
12626,,,,,,,,,,,,,,,,,,,,,,,,,,,,,,,
12627,,,,,,,,,,,,,,,,,,,,,,,,,,,,,,,
12628,,,,,,,,,,,,,,,,,,,,,,,,,,,,,,,
12629,,,,,,,,,,,,,,,,,,,,,,,,,,,,,,,
12630,,,,,,,,,,,,,,,,,,,,,,,,,,,,,,,
12631,,,,,,,,,,,,,,,,,,,,,,,,,,,,,,,
12632,,,,,,,,,,,,,,,,,,,,,,,,,,,,,,,
12633,,,,,,,,,,,,,,,,,,,,,,,,,,,,,,,
12634,,,,,,,,,,,,,,,,,,,,,,,,,,,,,,,
12635,,,,,,,,,,,,,,,,,,,,,,,,,,,,,,,
12636,,,,,,,,,,,,,,,,,,,,,,,,,,,,,,,
12637,,,,,,,,,,,,,,,,,,,,,,,,,,,,,,,
12638,,,,,,,,,,,,,,,,,,,,,,,,,,,,,,,
12639,,,,,,,,,,,,,,,,,,,,,,,,,,,,,,,
12640,,,,,,,,,,,,,,,,,,,,,,,,,,,,,,,
12641,,,,,,,,,,,,,,,,,,,,,,,,,,,,,,,
12642,,,,,,,,,,,,,,,,,,,,,,,,,,,,,,,
12643,,,,,,,,,,,,,,,,,,,,,,,,,,,,,,,
12644,,,,,,,,,,,,,,,,,,,,,,,,,,,,,,,
12645,,,,,,,,,,,,,,,,,,,,,,,,,,,,,,,
12646,,,,,,,,,,,,,,,,,,,,,,,,,,,,,,,
12647,,,,,,,,,,,,,,,,,,,,,,,,,,,,,,,
12648,,,,,,,,,,,,,,,,,,,,,,,,,,,,,,,
12649,,,,,,,,,,,,,,,,,,,,,,,,,,,,,,,
12650,,,,,,,,,,,,,,,,,,,,,,,,,,,,,,,
12651,,,,,,,,,,,,,,,,,,,,,,,,,,,,,,,
12652,,,,,,,,,,,,,,,,,,,,,,,,,,,,,,,
12653,,,,,,,,,,,,,,,,,,,,,,,,,,,,,,,
12654,,,,,,,,,,,,,,,,,,,,,,,,,,,,,,,
12655,,,,,,,,,,,,,,,,,,,,,,,,,,,,,,,
12656,,,,,,,,,,,,,,,,,,,,,,,,,,,,,,,
12657,,,,,,,,,,,,,,,,,,,,,,,,,,,,,,,
12658,,,,,,,,,,,,,,,,,,,,,,,,,,,,,,,
12659,,,,,,,,,,,,,,,,,,,,,,,,,,,,,,,
12660,,,,,,,,,,,,,,,,,,,,,,,,,,,,,,,
12661,,,,,,,,,,,,,,,,,,,,,,,,,,,,,,,
12662,,,,,,,,,,,,,,,,,,,,,,,,,,,,,,,
12663,,,,,,,,,,,,,,,,,,,,,,,,,,,,,,,
12664,,,,,,,,,,,,,,,,,,,,,,,,,,,,,,,
12665,,,,,,,,,,,,,,,,,,,,,,,,,,,,,,,
12666,,,,,,,,,,,,,,,,,,,,,,,,,,,,,,,
12667,,,,,,,,,,,,,,,,,,,,,,,,,,,,,,,
12668,,,,,,,,,,,,,,,,,,,,,,,,,,,,,,,
12669,,,,,,,,,,,,,,,,,,,,,,,,,,,,,,,
12670,,,,,,,,,,,,,,,,,,,,,,,,,,,,,,,
12671,,,,,,,,,,,,,,,,,,,,,,,,,,,,,,,
12672,,,,,,,,,,,,,,,,,,,,,,,,,,,,,,,
12673,,,,,,,,,,,,,,,,,,,,,,,,,,,,,,,
12674,,,,,,,,,,,,,,,,,,,,,,,,,,,,,,,
12675,,,,,,,,,,,,,,,,,,,,,,,,,,,,,,,
12676,,,,,,,,,,,,,,,,,,,,,,,,,,,,,,,
12677,,,,,,,,,,,,,,,,,,,,,,,,,,,,,,,
12678,,,,,,,,,,,,,,,,,,,,,,,,,,,,,,,
12679,,,,,,,,,,,,,,,,,,,,,,,,,,,,,,,
12680,,,,,,,,,,,,,,,,,,,,,,,,,,,,,,,
12681,,,,,,,,,,,,,,,,,,,,,,,,,,,,,,,
12682,,,,,,,,,,,,,,,,,,,,,,,,,,,,,,,
12683,,,,,,,,,,,,,,,,,,,,,,,,,,,,,,,
12684,,,,,,,,,,,,,,,,,,,,,,,,,,,,,,,
12685,,,,,,,,,,,,,,,,,,,,,,,,,,,,,,,
12686,,,,,,,,,,,,,,,,,,,,,,,,,,,,,,,
12687,,,,,,,,,,,,,,,,,,,,,,,,,,,,,,,
12688,,,,,,,,,,,,,,,,,,,,,,,,,,,,,,,
12689,,,,,,,,,,,,,,,,,,,,,,,,,,,,,,,
12690,,,,,,,,,,,,,,,,,,,,,,,,,,,,,,,
12691,,,,,,,,,,,,,,,,,,,,,,,,,,,,,,,
12692,,,,,,,,,,,,,,,,,,,,,,,,,,,,,,,
12693,,,,,,,,,,,,,,,,,,,,,,,,,,,,,,,
12694,,,,,,,,,,,,,,,,,,,,,,,,,,,,,,,
12695,,,,,,,,,,,,,,,,,,,,,,,,,,,,,,,
12696,,,,,,,,,,,,,,,,,,,,,,,,,,,,,,,
12697,,,,,,,,,,,,,,,,,,,,,,,,,,,,,,,
12698,,,,,,,,,,,,,,,,,,,,,,,,,,,,,,,
12699,,,,,,,,,,,,,,,,,,,,,,,,,,,,,,,
12700,,,,,,,,,,,,,,,,,,,,,,,,,,,,,,,
12701,,,,,,,,,,,,,,,,,,,,,,,,,,,,,,,
12702,,,,,,,,,,,,,,,,,,,,,,,,,,,,,,,
12703,,,,,,,,,,,,,,,,,,,,,,,,,,,,,,,
12704,,,,,,,,,,,,,,,,,,,,,,,,,,,,,,,
12705,,,,,,,,,,,,,,,,,,,,,,,,,,,,,,,
12706,,,,,,,,,,,,,,,,,,,,,,,,,,,,,,,
12707,,,,,,,,,,,,,,,,,,,,,,,,,,,,,,,
12708,,,,,,,,,,,,,,,,,,,,,,,,,,,,,,,
12709,,,,,,,,,,,,,,,,,,,,,,,,,,,,,,,
12710,,,,,,,,,,,,,,,,,,,,,,,,,,,,,,,
12711,,,,,,,,,,,,,,,,,,,,,,,,,,,,,,,
12712,,,,,,,,,,,,,,,,,,,,,,,,,,,,,,,
12713,,,,,,,,,,,,,,,,,,,,,,,,,,,,,,,
12714,,,,,,,,,,,,,,,,,,,,,,,,,,,,,,,
12715,,,,,,,,,,,,,,,,,,,,,,,,,,,,,,,
12716,,,,,,,,,,,,,,,,,,,,,,,,,,,,,,,
12717,,,,,,,,,,,,,,,,,,,,,,,,,,,,,,,
12718,,,,,,,,,,,,,,,,,,,,,,,,,,,,,,,
12719,,,,,,,,,,,,,,,,,,,,,,,,,,,,,,,
12720,,,,,,,,,,,,,,,,,,,,,,,,,,,,,,,
12721,,,,,,,,,,,,,,,,,,,,,,,,,,,,,,,
12722,,,,,,,,,,,,,,,,,,,,,,,,,,,,,,,
12723,,,,,,,,,,,,,,,,,,,,,,,,,,,,,,,
12724,,,,,,,,,,,,,,,,,,,,,,,,,,,,,,,
12725,,,,,,,,,,,,,,,,,,,,,,,,,,,,,,,
12726,,,,,,,,,,,,,,,,,,,,,,,,,,,,,,,
12727,,,,,,,,,,,,,,,,,,,,,,,,,,,,,,,
12728,,,,,,,,,,,,,,,,,,,,,,,,,,,,,,,
12729,,,,,,,,,,,,,,,,,,,,,,,,,,,,,,,
12730,,,,,,,,,,,,,,,,,,,,,,,,,,,,,,,
12731,,,,,,,,,,,,,,,,,,,,,,,,,,,,,,,
12732,,,,,,,,,,,,,,,,,,,,,,,,,,,,,,,
12733,,,,,,,,,,,,,,,,,,,,,,,,,,,,,,,
12734,,,,,,,,,,,,,,,,,,,,,,,,,,,,,,,
12735,,,,,,,,,,,,,,,,,,,,,,,,,,,,,,,
12736,,,,,,,,,,,,,,,,,,,,,,,,,,,,,,,
12737,,,,,,,,,,,,,,,,,,,,,,,,,,,,,,,
12738,,,,,,,,,,,,,,,,,,,,,,,,,,,,,,,
12739,,,,,,,,,,,,,,,,,,,,,,,,,,,,,,,
12740,,,,,,,,,,,,,,,,,,,,,,,,,,,,,,,
12741,,,,,,,,,,,,,,,,,,,,,,,,,,,,,,,
12742,,,,,,,,,,,,,,,,,,,,,,,,,,,,,,,
12743,,,,,,,,,,,,,,,,,,,,,,,,,,,,,,,
12744,,,,,,,,,,,,,,,,,,,,,,,,,,,,,,,
12745,,,,,,,,,,,,,,,,,,,,,,,,,,,,,,,
12746,,,,,,,,,,,,,,,,,,,,,,,,,,,,,,,
12747,,,,,,,,,,,,,,,,,,,,,,,,,,,,,,,
12748,,,,,,,,,,,,,,,,,,,,,,,,,,,,,,,
12749,,,,,,,,,,,,,,,,,,,,,,,,,,,,,,,
12750,,,,,,,,,,,,,,,,,,,,,,,,,,,,,,,
12751,,,,,,,,,,,,,,,,,,,,,,,,,,,,,,,
12752,,,,,,,,,,,,,,,,,,,,,,,,,,,,,,,
12753,,,,,,,,,,,,,,,,,,,,,,,,,,,,,,,
12754,,,,,,,,,,,,,,,,,,,,,,,,,,,,,,,
12755,,,,,,,,,,,,,,,,,,,,,,,,,,,,,,,
12756,,,,,,,,,,,,,,,,,,,,,,,,,,,,,,,
12757,,,,,,,,,,,,,,,,,,,,,,,,,,,,,,,
12758,,,,,,,,,,,,,,,,,,,,,,,,,,,,,,,
12759,,,,,,,,,,,,,,,,,,,,,,,,,,,,,,,
12760,,,,,,,,,,,,,,,,,,,,,,,,,,,,,,,
12761,,,,,,,,,,,,,,,,,,,,,,,,,,,,,,,
12762,,,,,,,,,,,,,,,,,,,,,,,,,,,,,,,
12763,,,,,,,,,,,,,,,,,,,,,,,,,,,,,,,
12764,,,,,,,,,,,,,,,,,,,,,,,,,,,,,,,
12765,,,,,,,,,,,,,,,,,,,,,,,,,,,,,,,
12766,,,,,,,,,,,,,,,,,,,,,,,,,,,,,,,
12767,,,,,,,,,,,,,,,,,,,,,,,,,,,,,,,
12768,,,,,,,,,,,,,,,,,,,,,,,,,,,,,,,
12769,,,,,,,,,,,,,,,,,,,,,,,,,,,,,,,
12770,,,,,,,,,,,,,,,,,,,,,,,,,,,,,,,
12771,,,,,,,,,,,,,,,,,,,,,,,,,,,,,,,
12772,,,,,,,,,,,,,,,,,,,,,,,,,,,,,,,
12773,,,,,,,,,,,,,,,,,,,,,,,,,,,,,,,
12774,,,,,,,,,,,,,,,,,,,,,,,,,,,,,,,
12775,,,,,,,,,,,,,,,,,,,,,,,,,,,,,,,
12776,,,,,,,,,,,,,,,,,,,,,,,,,,,,,,,
12777,,,,,,,,,,,,,,,,,,,,,,,,,,,,,,,
12778,,,,,,,,,,,,,,,,,,,,,,,,,,,,,,,
12779,,,,,,,,,,,,,,,,,,,,,,,,,,,,,,,
12780,,,,,,,,,,,,,,,,,,,,,,,,,,,,,,,
12781,,,,,,,,,,,,,,,,,,,,,,,,,,,,,,,
12782,,,,,,,,,,,,,,,,,,,,,,,,,,,,,,,
12783,,,,,,,,,,,,,,,,,,,,,,,,,,,,,,,
12784,,,,,,,,,,,,,,,,,,,,,,,,,,,,,,,
12785,,,,,,,,,,,,,,,,,,,,,,,,,,,,,,,
12786,,,,,,,,,,,,,,,,,,,,,,,,,,,,,,,
12787,,,,,,,,,,,,,,,,,,,,,,,,,,,,,,,
12788,,,,,,,,,,,,,,,,,,,,,,,,,,,,,,,
12789,,,,,,,,,,,,,,,,,,,,,,,,,,,,,,,
12790,,,,,,,,,,,,,,,,,,,,,,,,,,,,,,,
12791,,,,,,,,,,,,,,,,,,,,,,,,,,,,,,,
12792,,,,,,,,,,,,,,,,,,,,,,,,,,,,,,,
12793,,,,,,,,,,,,,,,,,,,,,,,,,,,,,,,
12794,,,,,,,,,,,,,,,,,,,,,,,,,,,,,,,
12795,,,,,,,,,,,,,,,,,,,,,,,,,,,,,,,
12796,,,,,,,,,,,,,,,,,,,,,,,,,,,,,,,
12797,,,,,,,,,,,,,,,,,,,,,,,,,,,,,,,
12798,,,,,,,,,,,,,,,,,,,,,,,,,,,,,,,
12799,,,,,,,,,,,,,,,,,,,,,,,,,,,,,,,
12800,,,,,,,,,,,,,,,,,,,,,,,,,,,,,,,
12801,,,,,,,,,,,,,,,,,,,,,,,,,,,,,,,
12802,,,,,,,,,,,,,,,,,,,,,,,,,,,,,,,
12803,,,,,,,,,,,,,,,,,,,,,,,,,,,,,,,
12804,,,,,,,,,,,,,,,,,,,,,,,,,,,,,,,
12805,,,,,,,,,,,,,,,,,,,,,,,,,,,,,,,
12806,,,,,,,,,,,,,,,,,,,,,,,,,,,,,,,
12807,,,,,,,,,,,,,,,,,,,,,,,,,,,,,,,
12808,,,,,,,,,,,,,,,,,,,,,,,,,,,,,,,
12809,,,,,,,,,,,,,,,,,,,,,,,,,,,,,,,
12810,,,,,,,,,,,,,,,,,,,,,,,,,,,,,,,
12811,,,,,,,,,,,,,,,,,,,,,,,,,,,,,,,
12812,,,,,,,,,,,,,,,,,,,,,,,,,,,,,,,
12813,,,,,,,,,,,,,,,,,,,,,,,,,,,,,,,
12814,,,,,,,,,,,,,,,,,,,,,,,,,,,,,,,
12815,,,,,,,,,,,,,,,,,,,,,,,,,,,,,,,
12816,,,,,,,,,,,,,,,,,,,,,,,,,,,,,,,
12817,,,,,,,,,,,,,,,,,,,,,,,,,,,,,,,
12818,,,,,,,,,,,,,,,,,,,,,,,,,,,,,,,
12819,,,,,,,,,,,,,,,,,,,,,,,,,,,,,,,
12820,,,,,,,,,,,,,,,,,,,,,,,,,,,,,,,
12821,,,,,,,,,,,,,,,,,,,,,,,,,,,,,,,
12822,,,,,,,,,,,,,,,,,,,,,,,,,,,,,,,
12823,,,,,,,,,,,,,,,,,,,,,,,,,,,,,,,
12824,,,,,,,,,,,,,,,,,,,,,,,,,,,,,,,
12825,,,,,,,,,,,,,,,,,,,,,,,,,,,,,,,
12826,,,,,,,,,,,,,,,,,,,,,,,,,,,,,,,
12827,,,,,,,,,,,,,,,,,,,,,,,,,,,,,,,
12828,,,,,,,,,,,,,,,,,,,,,,,,,,,,,,,
12829,,,,,,,,,,,,,,,,,,,,,,,,,,,,,,,
12830,,,,,,,,,,,,,,,,,,,,,,,,,,,,,,,
12831,,,,,,,,,,,,,,,,,,,,,,,,,,,,,,,
12832,,,,,,,,,,,,,,,,,,,,,,,,,,,,,,,
12833,,,,,,,,,,,,,,,,,,,,,,,,,,,,,,,
12834,,,,,,,,,,,,,,,,,,,,,,,,,,,,,,,
12835,,,,,,,,,,,,,,,,,,,,,,,,,,,,,,,
12836,,,,,,,,,,,,,,,,,,,,,,,,,,,,,,,
12837,,,,,,,,,,,,,,,,,,,,,,,,,,,,,,,
12838,,,,,,,,,,,,,,,,,,,,,,,,,,,,,,,
12839,,,,,,,,,,,,,,,,,,,,,,,,,,,,,,,
12840,,,,,,,,,,,,,,,,,,,,,,,,,,,,,,,
12841,,,,,,,,,,,,,,,,,,,,,,,,,,,,,,,
12842,,,,,,,,,,,,,,,,,,,,,,,,,,,,,,,
12843,,,,,,,,,,,,,,,,,,,,,,,,,,,,,,,
12844,,,,,,,,,,,,,,,,,,,,,,,,,,,,,,,
12845,,,,,,,,,,,,,,,,,,,,,,,,,,,,,,,
12846,,,,,,,,,,,,,,,,,,,,,,,,,,,,,,,
12847,,,,,,,,,,,,,,,,,,,,,,,,,,,,,,,
12848,,,,,,,,,,,,,,,,,,,,,,,,,,,,,,,
12849,,,,,,,,,,,,,,,,,,,,,,,,,,,,,,,
12850,,,,,,,,,,,,,,,,,,,,,,,,,,,,,,,
12851,,,,,,,,,,,,,,,,,,,,,,,,,,,,,,,
12852,,,,,,,,,,,,,,,,,,,,,,,,,,,,,,,
12853,,,,,,,,,,,,,,,,,,,,,,,,,,,,,,,
12854,,,,,,,,,,,,,,,,,,,,,,,,,,,,,,,
12855,,,,,,,,,,,,,,,,,,,,,,,,,,,,,,,
12856,,,,,,,,,,,,,,,,,,,,,,,,,,,,,,,
12857,,,,,,,,,,,,,,,,,,,,,,,,,,,,,,,
12858,,,,,,,,,,,,,,,,,,,,,,,,,,,,,,,
12859,,,,,,,,,,,,,,,,,,,,,,,,,,,,,,,
12860,,,,,,,,,,,,,,,,,,,,,,,,,,,,,,,
12861,,,,,,,,,,,,,,,,,,,,,,,,,,,,,,,
12862,,,,,,,,,,,,,,,,,,,,,,,,,,,,,,,
12863,,,,,,,,,,,,,,,,,,,,,,,,,,,,,,,
12864,,,,,,,,,,,,,,,,,,,,,,,,,,,,,,,
12865,,,,,,,,,,,,,,,,,,,,,,,,,,,,,,,
12866,,,,,,,,,,,,,,,,,,,,,,,,,,,,,,,
12867,,,,,,,,,,,,,,,,,,,,,,,,,,,,,,,
12868,,,,,,,,,,,,,,,,,,,,,,,,,,,,,,,
12869,,,,,,,,,,,,,,,,,,,,,,,,,,,,,,,
12870,,,,,,,,,,,,,,,,,,,,,,,,,,,,,,,
12871,,,,,,,,,,,,,,,,,,,,,,,,,,,,,,,
12872,,,,,,,,,,,,,,,,,,,,,,,,,,,,,,,
12873,,,,,,,,,,,,,,,,,,,,,,,,,,,,,,,
12874,,,,,,,,,,,,,,,,,,,,,,,,,,,,,,,
12875,,,,,,,,,,,,,,,,,,,,,,,,,,,,,,,
12876,,,,,,,,,,,,,,,,,,,,,,,,,,,,,,,
12877,,,,,,,,,,,,,,,,,,,,,,,,,,,,,,,
12878,,,,,,,,,,,,,,,,,,,,,,,,,,,,,,,
12879,,,,,,,,,,,,,,,,,,,,,,,,,,,,,,,
12880,,,,,,,,,,,,,,,,,,,,,,,,,,,,,,,
12881,,,,,,,,,,,,,,,,,,,,,,,,,,,,,,,
12882,,,,,,,,,,,,,,,,,,,,,,,,,,,,,,,
12883,,,,,,,,,,,,,,,,,,,,,,,,,,,,,,,
12884,,,,,,,,,,,,,,,,,,,,,,,,,,,,,,,
12885,,,,,,,,,,,,,,,,,,,,,,,,,,,,,,,
12886,,,,,,,,,,,,,,,,,,,,,,,,,,,,,,,
12887,,,,,,,,,,,,,,,,,,,,,,,,,,,,,,,
12888,,,,,,,,,,,,,,,,,,,,,,,,,,,,,,,
12889,,,,,,,,,,,,,,,,,,,,,,,,,,,,,,,
12890,,,,,,,,,,,,,,,,,,,,,,,,,,,,,,,
12891,,,,,,,,,,,,,,,,,,,,,,,,,,,,,,,
12892,,,,,,,,,,,,,,,,,,,,,,,,,,,,,,,
12893,,,,,,,,,,,,,,,,,,,,,,,,,,,,,,,
12894,,,,,,,,,,,,,,,,,,,,,,,,,,,,,,,
12895,,,,,,,,,,,,,,,,,,,,,,,,,,,,,,,
12896,,,,,,,,,,,,,,,,,,,,,,,,,,,,,,,
12897,,,,,,,,,,,,,,,,,,,,,,,,,,,,,,,
12898,,,,,,,,,,,,,,,,,,,,,,,,,,,,,,,
12899,,,,,,,,,,,,,,,,,,,,,,,,,,,,,,,
12900,,,,,,,,,,,,,,,,,,,,,,,,,,,,,,,
12901,,,,,,,,,,,,,,,,,,,,,,,,,,,,,,,
12902,,,,,,,,,,,,,,,,,,,,,,,,,,,,,,,
12903,,,,,,,,,,,,,,,,,,,,,,,,,,,,,,,
12904,,,,,,,,,,,,,,,,,,,,,,,,,,,,,,,
12905,,,,,,,,,,,,,,,,,,,,,,,,,,,,,,,
12906,,,,,,,,,,,,,,,,,,,,,,,,,,,,,,,
12907,,,,,,,,,,,,,,,,,,,,,,,,,,,,,,,
12908,,,,,,,,,,,,,,,,,,,,,,,,,,,,,,,
12909,,,,,,,,,,,,,,,,,,,,,,,,,,,,,,,
12910,,,,,,,,,,,,,,,,,,,,,,,,,,,,,,,
12911,,,,,,,,,,,,,,,,,,,,,,,,,,,,,,,
12912,,,,,,,,,,,,,,,,,,,,,,,,,,,,,,,
12913,,,,,,,,,,,,,,,,,,,,,,,,,,,,,,,
12914,,,,,,,,,,,,,,,,,,,,,,,,,,,,,,,
12915,,,,,,,,,,,,,,,,,,,,,,,,,,,,,,,
12916,,,,,,,,,,,,,,,,,,,,,,,,,,,,,,,
12917,,,,,,,,,,,,,,,,,,,,,,,,,,,,,,,
12918,,,,,,,,,,,,,,,,,,,,,,,,,,,,,,,
12919,,,,,,,,,,,,,,,,,,,,,,,,,,,,,,,
12920,,,,,,,,,,,,,,,,,,,,,,,,,,,,,,,
12921,,,,,,,,,,,,,,,,,,,,,,,,,,,,,,,
12922,,,,,,,,,,,,,,,,,,,,,,,,,,,,,,,
12923,,,,,,,,,,,,,,,,,,,,,,,,,,,,,,,
12924,,,,,,,,,,,,,,,,,,,,,,,,,,,,,,,
12925,,,,,,,,,,,,,,,,,,,,,,,,,,,,,,,
12926,,,,,,,,,,,,,,,,,,,,,,,,,,,,,,,
12927,,,,,,,,,,,,,,,,,,,,,,,,,,,,,,,
12928,,,,,,,,,,,,,,,,,,,,,,,,,,,,,,,
12929,,,,,,,,,,,,,,,,,,,,,,,,,,,,,,,
12930,,,,,,,,,,,,,,,,,,,,,,,,,,,,,,,
12931,,,,,,,,,,,,,,,,,,,,,,,,,,,,,,,
12932,,,,,,,,,,,,,,,,,,,,,,,,,,,,,,,
12933,,,,,,,,,,,,,,,,,,,,,,,,,,,,,,,
12934,,,,,,,,,,,,,,,,,,,,,,,,,,,,,,,
12935,,,,,,,,,,,,,,,,,,,,,,,,,,,,,,,
12936,,,,,,,,,,,,,,,,,,,,,,,,,,,,,,,
12937,,,,,,,,,,,,,,,,,,,,,,,,,,,,,,,
12938,,,,,,,,,,,,,,,,,,,,,,,,,,,,,,,
12939,,,,,,,,,,,,,,,,,,,,,,,,,,,,,,,
12940,,,,,,,,,,,,,,,,,,,,,,,,,,,,,,,
12941,,,,,,,,,,,,,,,,,,,,,,,,,,,,,,,
12942,,,,,,,,,,,,,,,,,,,,,,,,,,,,,,,
12943,,,,,,,,,,,,,,,,,,,,,,,,,,,,,,,
12944,,,,,,,,,,,,,,,,,,,,,,,,,,,,,,,
12945,,,,,,,,,,,,,,,,,,,,,,,,,,,,,,,
12946,,,,,,,,,,,,,,,,,,,,,,,,,,,,,,,
12947,,,,,,,,,,,,,,,,,,,,,,,,,,,,,,,
12948,,,,,,,,,,,,,,,,,,,,,,,,,,,,,,,
12949,,,,,,,,,,,,,,,,,,,,,,,,,,,,,,,
12950,,,,,,,,,,,,,,,,,,,,,,,,,,,,,,,
12951,,,,,,,,,,,,,,,,,,,,,,,,,,,,,,,
12952,,,,,,,,,,,,,,,,,,,,,,,,,,,,,,,
12953,,,,,,,,,,,,,,,,,,,,,,,,,,,,,,,
12954,,,,,,,,,,,,,,,,,,,,,,,,,,,,,,,
12955,,,,,,,,,,,,,,,,,,,,,,,,,,,,,,,
12956,,,,,,,,,,,,,,,,,,,,,,,,,,,,,,,
12957,,,,,,,,,,,,,,,,,,,,,,,,,,,,,,,
12958,,,,,,,,,,,,,,,,,,,,,,,,,,,,,,,
12959,,,,,,,,,,,,,,,,,,,,,,,,,,,,,,,
12960,,,,,,,,,,,,,,,,,,,,,,,,,,,,,,,
12961,,,,,,,,,,,,,,,,,,,,,,,,,,,,,,,
12962,,,,,,,,,,,,,,,,,,,,,,,,,,,,,,,
12963,,,,,,,,,,,,,,,,,,,,,,,,,,,,,,,
12964,,,,,,,,,,,,,,,,,,,,,,,,,,,,,,,
12965,,,,,,,,,,,,,,,,,,,,,,,,,,,,,,,
12966,,,,,,,,,,,,,,,,,,,,,,,,,,,,,,,
12967,,,,,,,,,,,,,,,,,,,,,,,,,,,,,,,
12968,,,,,,,,,,,,,,,,,,,,,,,,,,,,,,,
12969,,,,,,,,,,,,,,,,,,,,,,,,,,,,,,,
12970,,,,,,,,,,,,,,,,,,,,,,,,,,,,,,,
12971,,,,,,,,,,,,,,,,,,,,,,,,,,,,,,,
12972,,,,,,,,,,,,,,,,,,,,,,,,,,,,,,,
12973,,,,,,,,,,,,,,,,,,,,,,,,,,,,,,,
12974,,,,,,,,,,,,,,,,,,,,,,,,,,,,,,,
12975,,,,,,,,,,,,,,,,,,,,,,,,,,,,,,,
12976,,,,,,,,,,,,,,,,,,,,,,,,,,,,,,,
12977,,,,,,,,,,,,,,,,,,,,,,,,,,,,,,,
12978,,,,,,,,,,,,,,,,,,,,,,,,,,,,,,,
12979,,,,,,,,,,,,,,,,,,,,,,,,,,,,,,,
12980,,,,,,,,,,,,,,,,,,,,,,,,,,,,,,,
12981,,,,,,,,,,,,,,,,,,,,,,,,,,,,,,,
12982,,,,,,,,,,,,,,,,,,,,,,,,,,,,,,,
12983,,,,,,,,,,,,,,,,,,,,,,,,,,,,,,,
12984,,,,,,,,,,,,,,,,,,,,,,,,,,,,,,,
12985,,,,,,,,,,,,,,,,,,,,,,,,,,,,,,,
12986,,,,,,,,,,,,,,,,,,,,,,,,,,,,,,,
12987,,,,,,,,,,,,,,,,,,,,,,,,,,,,,,,
12988,,,,,,,,,,,,,,,,,,,,,,,,,,,,,,,
12989,,,,,,,,,,,,,,,,,,,,,,,,,,,,,,,
12990,,,,,,,,,,,,,,,,,,,,,,,,,,,,,,,
12991,,,,,,,,,,,,,,,,,,,,,,,,,,,,,,,
12992,,,,,,,,,,,,,,,,,,,,,,,,,,,,,,,
12993,,,,,,,,,,,,,,,,,,,,,,,,,,,,,,,
12994,,,,,,,,,,,,,,,,,,,,,,,,,,,,,,,
12995,,,,,,,,,,,,,,,,,,,,,,,,,,,,,,,
12996,,,,,,,,,,,,,,,,,,,,,,,,,,,,,,,
12997,,,,,,,,,,,,,,,,,,,,,,,,,,,,,,,
12998,,,,,,,,,,,,,,,,,,,,,,,,,,,,,,,
12999,,,,,,,,,,,,,,,,,,,,,,,,,,,,,,,
13000,,,,,,,,,,,,,,,,,,,,,,,,,,,,,,,
13001,,,,,,,,,,,,,,,,,,,,,,,,,,,,,,,
13002,,,,,,,,,,,,,,,,,,,,,,,,,,,,,,,
13003,,,,,,,,,,,,,,,,,,,,,,,,,,,,,,,
13004,,,,,,,,,,,,,,,,,,,,,,,,,,,,,,,
13005,,,,,,,,,,,,,,,,,,,,,,,,,,,,,,,
13006,,,,,,,,,,,,,,,,,,,,,,,,,,,,,,,
13007,,,,,,,,,,,,,,,,,,,,,,,,,,,,,,,
13008,,,,,,,,,,,,,,,,,,,,,,,,,,,,,,,
13009,,,,,,,,,,,,,,,,,,,,,,,,,,,,,,,
13010,,,,,,,,,,,,,,,,,,,,,,,,,,,,,,,
13011,,,,,,,,,,,,,,,,,,,,,,,,,,,,,,,
13012,,,,,,,,,,,,,,,,,,,,,,,,,,,,,,,
13013,,,,,,,,,,,,,,,,,,,,,,,,,,,,,,,
13014,,,,,,,,,,,,,,,,,,,,,,,,,,,,,,,
13015,,,,,,,,,,,,,,,,,,,,,,,,,,,,,,,
13016,,,,,,,,,,,,,,,,,,,,,,,,,,,,,,,
13017,,,,,,,,,,,,,,,,,,,,,,,,,,,,,,,
13018,,,,,,,,,,,,,,,,,,,,,,,,,,,,,,,
13019,,,,,,,,,,,,,,,,,,,,,,,,,,,,,,,
13020,,,,,,,,,,,,,,,,,,,,,,,,,,,,,,,
13021,,,,,,,,,,,,,,,,,,,,,,,,,,,,,,,
13022,,,,,,,,,,,,,,,,,,,,,,,,,,,,,,,
13023,,,,,,,,,,,,,,,,,,,,,,,,,,,,,,,
13024,,,,,,,,,,,,,,,,,,,,,,,,,,,,,,,
13025,,,,,,,,,,,,,,,,,,,,,,,,,,,,,,,
13026,,,,,,,,,,,,,,,,,,,,,,,,,,,,,,,
13027,,,,,,,,,,,,,,,,,,,,,,,,,,,,,,,
13028,,,,,,,,,,,,,,,,,,,,,,,,,,,,,,,
13029,,,,,,,,,,,,,,,,,,,,,,,,,,,,,,,
13030,,,,,,,,,,,,,,,,,,,,,,,,,,,,,,,
13031,,,,,,,,,,,,,,,,,,,,,,,,,,,,,,,
13032,,,,,,,,,,,,,,,,,,,,,,,,,,,,,,,
13033,,,,,,,,,,,,,,,,,,,,,,,,,,,,,,,
13034,,,,,,,,,,,,,,,,,,,,,,,,,,,,,,,
13035,,,,,,,,,,,,,,,,,,,,,,,,,,,,,,,
13036,,,,,,,,,,,,,,,,,,,,,,,,,,,,,,,
13037,,,,,,,,,,,,,,,,,,,,,,,,,,,,,,,
13038,,,,,,,,,,,,,,,,,,,,,,,,,,,,,,,
13039,,,,,,,,,,,,,,,,,,,,,,,,,,,,,,,
13040,,,,,,,,,,,,,,,,,,,,,,,,,,,,,,,
13041,,,,,,,,,,,,,,,,,,,,,,,,,,,,,,,
13042,,,,,,,,,,,,,,,,,,,,,,,,,,,,,,,
13043,,,,,,,,,,,,,,,,,,,,,,,,,,,,,,,
13044,,,,,,,,,,,,,,,,,,,,,,,,,,,,,,,
13045,,,,,,,,,,,,,,,,,,,,,,,,,,,,,,,
13046,,,,,,,,,,,,,,,,,,,,,,,,,,,,,,,
13047,,,,,,,,,,,,,,,,,,,,,,,,,,,,,,,
13048,,,,,,,,,,,,,,,,,,,,,,,,,,,,,,,
13049,,,,,,,,,,,,,,,,,,,,,,,,,,,,,,,
13050,,,,,,,,,,,,,,,,,,,,,,,,,,,,,,,
13051,,,,,,,,,,,,,,,,,,,,,,,,,,,,,,,
13052,,,,,,,,,,,,,,,,,,,,,,,,,,,,,,,
13053,,,,,,,,,,,,,,,,,,,,,,,,,,,,,,,
13054,,,,,,,,,,,,,,,,,,,,,,,,,,,,,,,
13055,,,,,,,,,,,,,,,,,,,,,,,,,,,,,,,
13056,,,,,,,,,,,,,,,,,,,,,,,,,,,,,,,
13057,,,,,,,,,,,,,,,,,,,,,,,,,,,,,,,
13058,,,,,,,,,,,,,,,,,,,,,,,,,,,,,,,
13059,,,,,,,,,,,,,,,,,,,,,,,,,,,,,,,
13060,,,,,,,,,,,,,,,,,,,,,,,,,,,,,,,
13061,,,,,,,,,,,,,,,,,,,,,,,,,,,,,,,
13062,,,,,,,,,,,,,,,,,,,,,,,,,,,,,,,
13063,,,,,,,,,,,,,,,,,,,,,,,,,,,,,,,
13064,,,,,,,,,,,,,,,,,,,,,,,,,,,,,,,
13065,,,,,,,,,,,,,,,,,,,,,,,,,,,,,,,
13066,,,,,,,,,,,,,,,,,,,,,,,,,,,,,,,
13067,,,,,,,,,,,,,,,,,,,,,,,,,,,,,,,
13068,,,,,,,,,,,,,,,,,,,,,,,,,,,,,,,
13069,,,,,,,,,,,,,,,,,,,,,,,,,,,,,,,
13070,,,,,,,,,,,,,,,,,,,,,,,,,,,,,,,
13071,,,,,,,,,,,,,,,,,,,,,,,,,,,,,,,
13072,,,,,,,,,,,,,,,,,,,,,,,,,,,,,,,
13073,,,,,,,,,,,,,,,,,,,,,,,,,,,,,,,
13074,,,,,,,,,,,,,,,,,,,,,,,,,,,,,,,
13075,,,,,,,,,,,,,,,,,,,,,,,,,,,,,,,
13076,,,,,,,,,,,,,,,,,,,,,,,,,,,,,,,
13077,,,,,,,,,,,,,,,,,,,,,,,,,,,,,,,
13078,,,,,,,,,,,,,,,,,,,,,,,,,,,,,,,
13079,,,,,,,,,,,,,,,,,,,,,,,,,,,,,,,
13080,,,,,,,,,,,,,,,,,,,,,,,,,,,,,,,
13081,,,,,,,,,,,,,,,,,,,,,,,,,,,,,,,
13082,,,,,,,,,,,,,,,,,,,,,,,,,,,,,,,
13083,,,,,,,,,,,,,,,,,,,,,,,,,,,,,,,
13084,,,,,,,,,,,,,,,,,,,,,,,,,,,,,,,
13085,,,,,,,,,,,,,,,,,,,,,,,,,,,,,,,
13086,,,,,,,,,,,,,,,,,,,,,,,,,,,,,,,
13087,,,,,,,,,,,,,,,,,,,,,,,,,,,,,,,
13088,,,,,,,,,,,,,,,,,,,,,,,,,,,,,,,
13089,,,,,,,,,,,,,,,,,,,,,,,,,,,,,,,
13090,,,,,,,,,,,,,,,,,,,,,,,,,,,,,,,
13091,,,,,,,,,,,,,,,,,,,,,,,,,,,,,,,
13092,,,,,,,,,,,,,,,,,,,,,,,,,,,,,,,
13093,,,,,,,,,,,,,,,,,,,,,,,,,,,,,,,
13094,,,,,,,,,,,,,,,,,,,,,,,,,,,,,,,
13095,,,,,,,,,,,,,,,,,,,,,,,,,,,,,,,
13096,,,,,,,,,,,,,,,,,,,,,,,,,,,,,,,
13097,,,,,,,,,,,,,,,,,,,,,,,,,,,,,,,
13098,,,,,,,,,,,,,,,,,,,,,,,,,,,,,,,
13099,,,,,,,,,,,,,,,,,,,,,,,,,,,,,,,
13100,,,,,,,,,,,,,,,,,,,,,,,,,,,,,,,
13101,,,,,,,,,,,,,,,,,,,,,,,,,,,,,,,
13102,,,,,,,,,,,,,,,,,,,,,,,,,,,,,,,
13103,,,,,,,,,,,,,,,,,,,,,,,,,,,,,,,
13104,,,,,,,,,,,,,,,,,,,,,,,,,,,,,,,
13105,,,,,,,,,,,,,,,,,,,,,,,,,,,,,,,
13106,,,,,,,,,,,,,,,,,,,,,,,,,,,,,,,
13107,,,,,,,,,,,,,,,,,,,,,,,,,,,,,,,
13108,,,,,,,,,,,,,,,,,,,,,,,,,,,,,,,
13109,,,,,,,,,,,,,,,,,,,,,,,,,,,,,,,
13110,,,,,,,,,,,,,,,,,,,,,,,,,,,,,,,
13111,,,,,,,,,,,,,,,,,,,,,,,,,,,,,,,
13112,,,,,,,,,,,,,,,,,,,,,,,,,,,,,,,
13113,,,,,,,,,,,,,,,,,,,,,,,,,,,,,,,
13114,,,,,,,,,,,,,,,,,,,,,,,,,,,,,,,
13115,,,,,,,,,,,,,,,,,,,,,,,,,,,,,,,
13116,,,,,,,,,,,,,,,,,,,,,,,,,,,,,,,
13117,,,,,,,,,,,,,,,,,,,,,,,,,,,,,,,
13118,,,,,,,,,,,,,,,,,,,,,,,,,,,,,,,
13119,,,,,,,,,,,,,,,,,,,,,,,,,,,,,,,
13120,,,,,,,,,,,,,,,,,,,,,,,,,,,,,,,
13121,,,,,,,,,,,,,,,,,,,,,,,,,,,,,,,
13122,,,,,,,,,,,,,,,,,,,,,,,,,,,,,,,
13123,,,,,,,,,,,,,,,,,,,,,,,,,,,,,,,
13124,,,,,,,,,,,,,,,,,,,,,,,,,,,,,,,
13125,,,,,,,,,,,,,,,,,,,,,,,,,,,,,,,
13126,,,,,,,,,,,,,,,,,,,,,,,,,,,,,,,
13127,,,,,,,,,,,,,,,,,,,,,,,,,,,,,,,
13128,,,,,,,,,,,,,,,,,,,,,,,,,,,,,,,
13129,,,,,,,,,,,,,,,,,,,,,,,,,,,,,,,
13130,,,,,,,,,,,,,,,,,,,,,,,,,,,,,,,
13131,,,,,,,,,,,,,,,,,,,,,,,,,,,,,,,
13132,,,,,,,,,,,,,,,,,,,,,,,,,,,,,,,
13133,,,,,,,,,,,,,,,,,,,,,,,,,,,,,,,
13134,,,,,,,,,,,,,,,,,,,,,,,,,,,,,,,
13135,,,,,,,,,,,,,,,,,,,,,,,,,,,,,,,
13136,,,,,,,,,,,,,,,,,,,,,,,,,,,,,,,
13137,,,,,,,,,,,,,,,,,,,,,,,,,,,,,,,
13138,,,,,,,,,,,,,,,,,,,,,,,,,,,,,,,
13139,,,,,,,,,,,,,,,,,,,,,,,,,,,,,,,
13140,,,,,,,,,,,,,,,,,,,,,,,,,,,,,,,
13141,,,,,,,,,,,,,,,,,,,,,,,,,,,,,,,
13142,,,,,,,,,,,,,,,,,,,,,,,,,,,,,,,
13143,,,,,,,,,,,,,,,,,,,,,,,,,,,,,,,
13144,,,,,,,,,,,,,,,,,,,,,,,,,,,,,,,
13145,,,,,,,,,,,,,,,,,,,,,,,,,,,,,,,
13146,,,,,,,,,,,,,,,,,,,,,,,,,,,,,,,
13147,,,,,,,,,,,,,,,,,,,,,,,,,,,,,,,
13148,,,,,,,,,,,,,,,,,,,,,,,,,,,,,,,
13149,,,,,,,,,,,,,,,,,,,,,,,,,,,,,,,
13150,,,,,,,,,,,,,,,,,,,,,,,,,,,,,,,
13151,,,,,,,,,,,,,,,,,,,,,,,,,,,,,,,
13152,,,,,,,,,,,,,,,,,,,,,,,,,,,,,,,
13153,,,,,,,,,,,,,,,,,,,,,,,,,,,,,,,
13154,,,,,,,,,,,,,,,,,,,,,,,,,,,,,,,
13155,,,,,,,,,,,,,,,,,,,,,,,,,,,,,,,
13156,,,,,,,,,,,,,,,,,,,,,,,,,,,,,,,
13157,,,,,,,,,,,,,,,,,,,,,,,,,,,,,,,
13158,,,,,,,,,,,,,,,,,,,,,,,,,,,,,,,
13159,,,,,,,,,,,,,,,,,,,,,,,,,,,,,,,
13160,,,,,,,,,,,,,,,,,,,,,,,,,,,,,,,
13161,,,,,,,,,,,,,,,,,,,,,,,,,,,,,,,
13162,,,,,,,,,,,,,,,,,,,,,,,,,,,,,,,
13163,,,,,,,,,,,,,,,,,,,,,,,,,,,,,,,
13164,,,,,,,,,,,,,,,,,,,,,,,,,,,,,,,
13165,,,,,,,,,,,,,,,,,,,,,,,,,,,,,,,
13166,,,,,,,,,,,,,,,,,,,,,,,,,,,,,,,
13167,,,,,,,,,,,,,,,,,,,,,,,,,,,,,,,
13168,,,,,,,,,,,,,,,,,,,,,,,,,,,,,,,
13169,,,,,,,,,,,,,,,,,,,,,,,,,,,,,,,
13170,,,,,,,,,,,,,,,,,,,,,,,,,,,,,,,
13171,,,,,,,,,,,,,,,,,,,,,,,,,,,,,,,
13172,,,,,,,,,,,,,,,,,,,,,,,,,,,,,,,
13173,,,,,,,,,,,,,,,,,,,,,,,,,,,,,,,
13174,,,,,,,,,,,,,,,,,,,,,,,,,,,,,,,
13175,,,,,,,,,,,,,,,,,,,,,,,,,,,,,,,
13176,,,,,,,,,,,,,,,,,,,,,,,,,,,,,,,
13177,,,,,,,,,,,,,,,,,,,,,,,,,,,,,,,
13178,,,,,,,,,,,,,,,,,,,,,,,,,,,,,,,
13179,,,,,,,,,,,,,,,,,,,,,,,,,,,,,,,
13180,,,,,,,,,,,,,,,,,,,,,,,,,,,,,,,
13181,,,,,,,,,,,,,,,,,,,,,,,,,,,,,,,
13182,,,,,,,,,,,,,,,,,,,,,,,,,,,,,,,
13183,,,,,,,,,,,,,,,,,,,,,,,,,,,,,,,
13184,,,,,,,,,,,,,,,,,,,,,,,,,,,,,,,
13185,,,,,,,,,,,,,,,,,,,,,,,,,,,,,,,
13186,,,,,,,,,,,,,,,,,,,,,,,,,,,,,,,
13187,,,,,,,,,,,,,,,,,,,,,,,,,,,,,,,
13188,,,,,,,,,,,,,,,,,,,,,,,,,,,,,,,
13189,,,,,,,,,,,,,,,,,,,,,,,,,,,,,,,
13190,,,,,,,,,,,,,,,,,,,,,,,,,,,,,,,
13191,,,,,,,,,,,,,,,,,,,,,,,,,,,,,,,
13192,,,,,,,,,,,,,,,,,,,,,,,,,,,,,,,
13193,,,,,,,,,,,,,,,,,,,,,,,,,,,,,,,
13194,,,,,,,,,,,,,,,,,,,,,,,,,,,,,,,
13195,,,,,,,,,,,,,,,,,,,,,,,,,,,,,,,
13196,,,,,,,,,,,,,,,,,,,,,,,,,,,,,,,
13197,,,,,,,,,,,,,,,,,,,,,,,,,,,,,,,
13198,,,,,,,,,,,,,,,,,,,,,,,,,,,,,,,
13199,,,,,,,,,,,,,,,,,,,,,,,,,,,,,,,
13200,,,,,,,,,,,,,,,,,,,,,,,,,,,,,,,
13201,,,,,,,,,,,,,,,,,,,,,,,,,,,,,,,
13202,,,,,,,,,,,,,,,,,,,,,,,,,,,,,,,
13203,,,,,,,,,,,,,,,,,,,,,,,,,,,,,,,
13204,,,,,,,,,,,,,,,,,,,,,,,,,,,,,,,
13205,,,,,,,,,,,,,,,,,,,,,,,,,,,,,,,
13206,,,,,,,,,,,,,,,,,,,,,,,,,,,,,,,
13207,,,,,,,,,,,,,,,,,,,,,,,,,,,,,,,
13208,,,,,,,,,,,,,,,,,,,,,,,,,,,,,,,
13209,,,,,,,,,,,,,,,,,,,,,,,,,,,,,,,
13210,,,,,,,,,,,,,,,,,,,,,,,,,,,,,,,
13211,,,,,,,,,,,,,,,,,,,,,,,,,,,,,,,
13212,,,,,,,,,,,,,,,,,,,,,,,,,,,,,,,
13213,,,,,,,,,,,,,,,,,,,,,,,,,,,,,,,
13214,,,,,,,,,,,,,,,,,,,,,,,,,,,,,,,
13215,,,,,,,,,,,,,,,,,,,,,,,,,,,,,,,
13216,,,,,,,,,,,,,,,,,,,,,,,,,,,,,,,
13217,,,,,,,,,,,,,,,,,,,,,,,,,,,,,,,
13218,,,,,,,,,,,,,,,,,,,,,,,,,,,,,,,
13219,,,,,,,,,,,,,,,,,,,,,,,,,,,,,,,
13220,,,,,,,,,,,,,,,,,,,,,,,,,,,,,,,
13221,,,,,,,,,,,,,,,,,,,,,,,,,,,,,,,
13222,,,,,,,,,,,,,,,,,,,,,,,,,,,,,,,
13223,,,,,,,,,,,,,,,,,,,,,,,,,,,,,,,
13224,,,,,,,,,,,,,,,,,,,,,,,,,,,,,,,
13225,,,,,,,,,,,,,,,,,,,,,,,,,,,,,,,
13226,,,,,,,,,,,,,,,,,,,,,,,,,,,,,,,
13227,,,,,,,,,,,,,,,,,,,,,,,,,,,,,,,
13228,,,,,,,,,,,,,,,,,,,,,,,,,,,,,,,
13229,,,,,,,,,,,,,,,,,,,,,,,,,,,,,,,
13230,,,,,,,,,,,,,,,,,,,,,,,,,,,,,,,
13231,,,,,,,,,,,,,,,,,,,,,,,,,,,,,,,
13232,,,,,,,,,,,,,,,,,,,,,,,,,,,,,,,
13233,,,,,,,,,,,,,,,,,,,,,,,,,,,,,,,
13234,,,,,,,,,,,,,,,,,,,,,,,,,,,,,,,
13235,,,,,,,,,,,,,,,,,,,,,,,,,,,,,,,
13236,,,,,,,,,,,,,,,,,,,,,,,,,,,,,,,
13237,,,,,,,,,,,,,,,,,,,,,,,,,,,,,,,
13238,,,,,,,,,,,,,,,,,,,,,,,,,,,,,,,
13239,,,,,,,,,,,,,,,,,,,,,,,,,,,,,,,
13240,,,,,,,,,,,,,,,,,,,,,,,,,,,,,,,
13241,,,,,,,,,,,,,,,,,,,,,,,,,,,,,,,
13242,,,,,,,,,,,,,,,,,,,,,,,,,,,,,,,
13243,,,,,,,,,,,,,,,,,,,,,,,,,,,,,,,
13244,,,,,,,,,,,,,,,,,,,,,,,,,,,,,,,
13245,,,,,,,,,,,,,,,,,,,,,,,,,,,,,,,
13246,,,,,,,,,,,,,,,,,,,,,,,,,,,,,,,
13247,,,,,,,,,,,,,,,,,,,,,,,,,,,,,,,
13248,,,,,,,,,,,,,,,,,,,,,,,,,,,,,,,
13249,,,,,,,,,,,,,,,,,,,,,,,,,,,,,,,
13250,,,,,,,,,,,,,,,,,,,,,,,,,,,,,,,
13251,,,,,,,,,,,,,,,,,,,,,,,,,,,,,,,
13252,,,,,,,,,,,,,,,,,,,,,,,,,,,,,,,
13253,,,,,,,,,,,,,,,,,,,,,,,,,,,,,,,
13254,,,,,,,,,,,,,,,,,,,,,,,,,,,,,,,
13255,,,,,,,,,,,,,,,,,,,,,,,,,,,,,,,
13256,,,,,,,,,,,,,,,,,,,,,,,,,,,,,,,
13257,,,,,,,,,,,,,,,,,,,,,,,,,,,,,,,
13258,,,,,,,,,,,,,,,,,,,,,,,,,,,,,,,
13259,,,,,,,,,,,,,,,,,,,,,,,,,,,,,,,
13260,,,,,,,,,,,,,,,,,,,,,,,,,,,,,,,
13261,,,,,,,,,,,,,,,,,,,,,,,,,,,,,,,
13262,,,,,,,,,,,,,,,,,,,,,,,,,,,,,,,
13263,,,,,,,,,,,,,,,,,,,,,,,,,,,,,,,
13264,,,,,,,,,,,,,,,,,,,,,,,,,,,,,,,
13265,,,,,,,,,,,,,,,,,,,,,,,,,,,,,,,
13266,,,,,,,,,,,,,,,,,,,,,,,,,,,,,,,
13267,,,,,,,,,,,,,,,,,,,,,,,,,,,,,,,
13268,,,,,,,,,,,,,,,,,,,,,,,,,,,,,,,
13269,,,,,,,,,,,,,,,,,,,,,,,,,,,,,,,
13270,,,,,,,,,,,,,,,,,,,,,,,,,,,,,,,
13271,,,,,,,,,,,,,,,,,,,,,,,,,,,,,,,
13272,,,,,,,,,,,,,,,,,,,,,,,,,,,,,,,
13273,,,,,,,,,,,,,,,,,,,,,,,,,,,,,,,
13274,,,,,,,,,,,,,,,,,,,,,,,,,,,,,,,
13275,,,,,,,,,,,,,,,,,,,,,,,,,,,,,,,
13276,,,,,,,,,,,,,,,,,,,,,,,,,,,,,,,
13277,,,,,,,,,,,,,,,,,,,,,,,,,,,,,,,
13278,,,,,,,,,,,,,,,,,,,,,,,,,,,,,,,
13279,,,,,,,,,,,,,,,,,,,,,,,,,,,,,,,
13280,,,,,,,,,,,,,,,,,,,,,,,,,,,,,,,
13281,,,,,,,,,,,,,,,,,,,,,,,,,,,,,,,
13282,,,,,,,,,,,,,,,,,,,,,,,,,,,,,,,
13283,,,,,,,,,,,,,,,,,,,,,,,,,,,,,,,
13284,,,,,,,,,,,,,,,,,,,,,,,,,,,,,,,
13285,,,,,,,,,,,,,,,,,,,,,,,,,,,,,,,
13286,,,,,,,,,,,,,,,,,,,,,,,,,,,,,,,
13287,,,,,,,,,,,,,,,,,,,,,,,,,,,,,,,
13288,,,,,,,,,,,,,,,,,,,,,,,,,,,,,,,
13289,,,,,,,,,,,,,,,,,,,,,,,,,,,,,,,
13290,,,,,,,,,,,,,,,,,,,,,,,,,,,,,,,
13291,,,,,,,,,,,,,,,,,,,,,,,,,,,,,,,
13292,,,,,,,,,,,,,,,,,,,,,,,,,,,,,,,
13293,,,,,,,,,,,,,,,,,,,,,,,,,,,,,,,
13294,,,,,,,,,,,,,,,,,,,,,,,,,,,,,,,
13295,,,,,,,,,,,,,,,,,,,,,,,,,,,,,,,
13296,,,,,,,,,,,,,,,,,,,,,,,,,,,,,,,
13297,,,,,,,,,,,,,,,,,,,,,,,,,,,,,,,
13298,,,,,,,,,,,,,,,,,,,,,,,,,,,,,,,
13299,,,,,,,,,,,,,,,,,,,,,,,,,,,,,,,
13300,,,,,,,,,,,,,,,,,,,,,,,,,,,,,,,
13301,,,,,,,,,,,,,,,,,,,,,,,,,,,,,,,
13302,,,,,,,,,,,,,,,,,,,,,,,,,,,,,,,
13303,,,,,,,,,,,,,,,,,,,,,,,,,,,,,,,
13304,,,,,,,,,,,,,,,,,,,,,,,,,,,,,,,
13305,,,,,,,,,,,,,,,,,,,,,,,,,,,,,,,
13306,,,,,,,,,,,,,,,,,,,,,,,,,,,,,,,
13307,,,,,,,,,,,,,,,,,,,,,,,,,,,,,,,
13308,,,,,,,,,,,,,,,,,,,,,,,,,,,,,,,
13309,,,,,,,,,,,,,,,,,,,,,,,,,,,,,,,
13310,,,,,,,,,,,,,,,,,,,,,,,,,,,,,,,
13311,,,,,,,,,,,,,,,,,,,,,,,,,,,,,,,
13312,,,,,,,,,,,,,,,,,,,,,,,,,,,,,,,
13313,,,,,,,,,,,,,,,,,,,,,,,,,,,,,,,
13314,,,,,,,,,,,,,,,,,,,,,,,,,,,,,,,
13315,,,,,,,,,,,,,,,,,,,,,,,,,,,,,,,
13316,,,,,,,,,,,,,,,,,,,,,,,,,,,,,,,
13317,,,,,,,,,,,,,,,,,,,,,,,,,,,,,,,
13318,,,,,,,,,,,,,,,,,,,,,,,,,,,,,,,
13319,,,,,,,,,,,,,,,,,,,,,,,,,,,,,,,
13320,,,,,,,,,,,,,,,,,,,,,,,,,,,,,,,
13321,,,,,,,,,,,,,,,,,,,,,,,,,,,,,,,
13322,,,,,,,,,,,,,,,,,,,,,,,,,,,,,,,
13323,,,,,,,,,,,,,,,,,,,,,,,,,,,,,,,
13324,,,,,,,,,,,,,,,,,,,,,,,,,,,,,,,
13325,,,,,,,,,,,,,,,,,,,,,,,,,,,,,,,
13326,,,,,,,,,,,,,,,,,,,,,,,,,,,,,,,
13327,,,,,,,,,,,,,,,,,,,,,,,,,,,,,,,
13328,,,,,,,,,,,,,,,,,,,,,,,,,,,,,,,
13329,,,,,,,,,,,,,,,,,,,,,,,,,,,,,,,
13330,,,,,,,,,,,,,,,,,,,,,,,,,,,,,,,
13331,,,,,,,,,,,,,,,,,,,,,,,,,,,,,,,
13332,,,,,,,,,,,,,,,,,,,,,,,,,,,,,,,
13333,,,,,,,,,,,,,,,,,,,,,,,,,,,,,,,
13334,,,,,,,,,,,,,,,,,,,,,,,,,,,,,,,
13335,,,,,,,,,,,,,,,,,,,,,,,,,,,,,,,
13336,,,,,,,,,,,,,,,,,,,,,,,,,,,,,,,
13337,,,,,,,,,,,,,,,,,,,,,,,,,,,,,,,
13338,,,,,,,,,,,,,,,,,,,,,,,,,,,,,,,
13339,,,,,,,,,,,,,,,,,,,,,,,,,,,,,,,
13340,,,,,,,,,,,,,,,,,,,,,,,,,,,,,,,
13341,,,,,,,,,,,,,,,,,,,,,,,,,,,,,,,
13342,,,,,,,,,,,,,,,,,,,,,,,,,,,,,,,
13343,,,,,,,,,,,,,,,,,,,,,,,,,,,,,,,
13344,,,,,,,,,,,,,,,,,,,,,,,,,,,,,,,
13345,,,,,,,,,,,,,,,,,,,,,,,,,,,,,,,
13346,,,,,,,,,,,,,,,,,,,,,,,,,,,,,,,
13347,,,,,,,,,,,,,,,,,,,,,,,,,,,,,,,
13348,,,,,,,,,,,,,,,,,,,,,,,,,,,,,,,
13349,,,,,,,,,,,,,,,,,,,,,,,,,,,,,,,
13350,,,,,,,,,,,,,,,,,,,,,,,,,,,,,,,
13351,,,,,,,,,,,,,,,,,,,,,,,,,,,,,,,
13352,,,,,,,,,,,,,,,,,,,,,,,,,,,,,,,
13353,,,,,,,,,,,,,,,,,,,,,,,,,,,,,,,
13354,,,,,,,,,,,,,,,,,,,,,,,,,,,,,,,
13355,,,,,,,,,,,,,,,,,,,,,,,,,,,,,,,
13356,,,,,,,,,,,,,,,,,,,,,,,,,,,,,,,
13357,,,,,,,,,,,,,,,,,,,,,,,,,,,,,,,
13358,,,,,,,,,,,,,,,,,,,,,,,,,,,,,,,
13359,,,,,,,,,,,,,,,,,,,,,,,,,,,,,,,
13360,,,,,,,,,,,,,,,,,,,,,,,,,,,,,,,
13361,,,,,,,,,,,,,,,,,,,,,,,,,,,,,,,
13362,,,,,,,,,,,,,,,,,,,,,,,,,,,,,,,
13363,,,,,,,,,,,,,,,,,,,,,,,,,,,,,,,
13364,,,,,,,,,,,,,,,,,,,,,,,,,,,,,,,
13365,,,,,,,,,,,,,,,,,,,,,,,,,,,,,,,
13366,,,,,,,,,,,,,,,,,,,,,,,,,,,,,,,
13367,,,,,,,,,,,,,,,,,,,,,,,,,,,,,,,
13368,,,,,,,,,,,,,,,,,,,,,,,,,,,,,,,
13369,,,,,,,,,,,,,,,,,,,,,,,,,,,,,,,
13370,,,,,,,,,,,,,,,,,,,,,,,,,,,,,,,
13371,,,,,,,,,,,,,,,,,,,,,,,,,,,,,,,
13372,,,,,,,,,,,,,,,,,,,,,,,,,,,,,,,
13373,,,,,,,,,,,,,,,,,,,,,,,,,,,,,,,
13374,,,,,,,,,,,,,,,,,,,,,,,,,,,,,,,
13375,,,,,,,,,,,,,,,,,,,,,,,,,,,,,,,
13376,,,,,,,,,,,,,,,,,,,,,,,,,,,,,,,
13377,,,,,,,,,,,,,,,,,,,,,,,,,,,,,,,
13378,,,,,,,,,,,,,,,,,,,,,,,,,,,,,,,
13379,,,,,,,,,,,,,,,,,,,,,,,,,,,,,,,
13380,,,,,,,,,,,,,,,,,,,,,,,,,,,,,,,
13381,,,,,,,,,,,,,,,,,,,,,,,,,,,,,,,
13382,,,,,,,,,,,,,,,,,,,,,,,,,,,,,,,
13383,,,,,,,,,,,,,,,,,,,,,,,,,,,,,,,
13384,,,,,,,,,,,,,,,,,,,,,,,,,,,,,,,
13385,,,,,,,,,,,,,,,,,,,,,,,,,,,,,,,
13386,,,,,,,,,,,,,,,,,,,,,,,,,,,,,,,
13387,,,,,,,,,,,,,,,,,,,,,,,,,,,,,,,
13388,,,,,,,,,,,,,,,,,,,,,,,,,,,,,,,
13389,,,,,,,,,,,,,,,,,,,,,,,,,,,,,,,
13390,,,,,,,,,,,,,,,,,,,,,,,,,,,,,,,
13391,,,,,,,,,,,,,,,,,,,,,,,,,,,,,,,
13392,,,,,,,,,,,,,,,,,,,,,,,,,,,,,,,
13393,,,,,,,,,,,,,,,,,,,,,,,,,,,,,,,
13394,,,,,,,,,,,,,,,,,,,,,,,,,,,,,,,
13395,,,,,,,,,,,,,,,,,,,,,,,,,,,,,,,
13396,,,,,,,,,,,,,,,,,,,,,,,,,,,,,,,
13397,,,,,,,,,,,,,,,,,,,,,,,,,,,,,,,
13398,,,,,,,,,,,,,,,,,,,,,,,,,,,,,,,
13399,,,,,,,,,,,,,,,,,,,,,,,,,,,,,,,
13400,,,,,,,,,,,,,,,,,,,,,,,,,,,,,,,
13401,,,,,,,,,,,,,,,,,,,,,,,,,,,,,,,
13402,,,,,,,,,,,,,,,,,,,,,,,,,,,,,,,
13403,,,,,,,,,,,,,,,,,,,,,,,,,,,,,,,
13404,,,,,,,,,,,,,,,,,,,,,,,,,,,,,,,
13405,,,,,,,,,,,,,,,,,,,,,,,,,,,,,,,
13406,,,,,,,,,,,,,,,,,,,,,,,,,,,,,,,
13407,,,,,,,,,,,,,,,,,,,,,,,,,,,,,,,
13408,,,,,,,,,,,,,,,,,,,,,,,,,,,,,,,
13409,,,,,,,,,,,,,,,,,,,,,,,,,,,,,,,
13410,,,,,,,,,,,,,,,,,,,,,,,,,,,,,,,
13411,,,,,,,,,,,,,,,,,,,,,,,,,,,,,,,
13412,,,,,,,,,,,,,,,,,,,,,,,,,,,,,,,
13413,,,,,,,,,,,,,,,,,,,,,,,,,,,,,,,
13414,,,,,,,,,,,,,,,,,,,,,,,,,,,,,,,
13415,,,,,,,,,,,,,,,,,,,,,,,,,,,,,,,
13416,,,,,,,,,,,,,,,,,,,,,,,,,,,,,,,
13417,,,,,,,,,,,,,,,,,,,,,,,,,,,,,,,
13418,,,,,,,,,,,,,,,,,,,,,,,,,,,,,,,
13419,,,,,,,,,,,,,,,,,,,,,,,,,,,,,,,
13420,,,,,,,,,,,,,,,,,,,,,,,,,,,,,,,
13421,,,,,,,,,,,,,,,,,,,,,,,,,,,,,,,
13422,,,,,,,,,,,,,,,,,,,,,,,,,,,,,,,
13423,,,,,,,,,,,,,,,,,,,,,,,,,,,,,,,
13424,,,,,,,,,,,,,,,,,,,,,,,,,,,,,,,
13425,,,,,,,,,,,,,,,,,,,,,,,,,,,,,,,
13426,,,,,,,,,,,,,,,,,,,,,,,,,,,,,,,
13427,,,,,,,,,,,,,,,,,,,,,,,,,,,,,,,
13428,,,,,,,,,,,,,,,,,,,,,,,,,,,,,,,
13429,,,,,,,,,,,,,,,,,,,,,,,,,,,,,,,
13430,,,,,,,,,,,,,,,,,,,,,,,,,,,,,,,
13431,,,,,,,,,,,,,,,,,,,,,,,,,,,,,,,
13432,,,,,,,,,,,,,,,,,,,,,,,,,,,,,,,
13433,,,,,,,,,,,,,,,,,,,,,,,,,,,,,,,
13434,,,,,,,,,,,,,,,,,,,,,,,,,,,,,,,
13435,,,,,,,,,,,,,,,,,,,,,,,,,,,,,,,
13436,,,,,,,,,,,,,,,,,,,,,,,,,,,,,,,
13437,,,,,,,,,,,,,,,,,,,,,,,,,,,,,,,
13438,,,,,,,,,,,,,,,,,,,,,,,,,,,,,,,
13439,,,,,,,,,,,,,,,,,,,,,,,,,,,,,,,
13440,,,,,,,,,,,,,,,,,,,,,,,,,,,,,,,
13441,,,,,,,,,,,,,,,,,,,,,,,,,,,,,,,
13442,,,,,,,,,,,,,,,,,,,,,,,,,,,,,,,
13443,,,,,,,,,,,,,,,,,,,,,,,,,,,,,,,
13444,,,,,,,,,,,,,,,,,,,,,,,,,,,,,,,
13445,,,,,,,,,,,,,,,,,,,,,,,,,,,,,,,
13446,,,,,,,,,,,,,,,,,,,,,,,,,,,,,,,
13447,,,,,,,,,,,,,,,,,,,,,,,,,,,,,,,
13448,,,,,,,,,,,,,,,,,,,,,,,,,,,,,,,
13449,,,,,,,,,,,,,,,,,,,,,,,,,,,,,,,
13450,,,,,,,,,,,,,,,,,,,,,,,,,,,,,,,
13451,,,,,,,,,,,,,,,,,,,,,,,,,,,,,,,
13452,,,,,,,,,,,,,,,,,,,,,,,,,,,,,,,
13453,,,,,,,,,,,,,,,,,,,,,,,,,,,,,,,
13454,,,,,,,,,,,,,,,,,,,,,,,,,,,,,,,
13455,,,,,,,,,,,,,,,,,,,,,,,,,,,,,,,
13456,,,,,,,,,,,,,,,,,,,,,,,,,,,,,,,
13457,,,,,,,,,,,,,,,,,,,,,,,,,,,,,,,
13458,,,,,,,,,,,,,,,,,,,,,,,,,,,,,,,
13459,,,,,,,,,,,,,,,,,,,,,,,,,,,,,,,
13460,,,,,,,,,,,,,,,,,,,,,,,,,,,,,,,
13461,,,,,,,,,,,,,,,,,,,,,,,,,,,,,,,
13462,,,,,,,,,,,,,,,,,,,,,,,,,,,,,,,
13463,,,,,,,,,,,,,,,,,,,,,,,,,,,,,,,
13464,,,,,,,,,,,,,,,,,,,,,,,,,,,,,,,
13465,,,,,,,,,,,,,,,,,,,,,,,,,,,,,,,
13466,,,,,,,,,,,,,,,,,,,,,,,,,,,,,,,
13467,,,,,,,,,,,,,,,,,,,,,,,,,,,,,,,
13468,,,,,,,,,,,,,,,,,,,,,,,,,,,,,,,
13469,,,,,,,,,,,,,,,,,,,,,,,,,,,,,,,
13470,,,,,,,,,,,,,,,,,,,,,,,,,,,,,,,
13471,,,,,,,,,,,,,,,,,,,,,,,,,,,,,,,
13472,,,,,,,,,,,,,,,,,,,,,,,,,,,,,,,
13473,,,,,,,,,,,,,,,,,,,,,,,,,,,,,,,
13474,,,,,,,,,,,,,,,,,,,,,,,,,,,,,,,
13475,,,,,,,,,,,,,,,,,,,,,,,,,,,,,,,
13476,,,,,,,,,,,,,,,,,,,,,,,,,,,,,,,
13477,,,,,,,,,,,,,,,,,,,,,,,,,,,,,,,
13478,,,,,,,,,,,,,,,,,,,,,,,,,,,,,,,
13479,,,,,,,,,,,,,,,,,,,,,,,,,,,,,,,
13480,,,,,,,,,,,,,,,,,,,,,,,,,,,,,,,
13481,,,,,,,,,,,,,,,,,,,,,,,,,,,,,,,
13482,,,,,,,,,,,,,,,,,,,,,,,,,,,,,,,
13483,,,,,,,,,,,,,,,,,,,,,,,,,,,,,,,
13484,,,,,,,,,,,,,,,,,,,,,,,,,,,,,,,
13485,,,,,,,,,,,,,,,,,,,,,,,,,,,,,,,
13486,,,,,,,,,,,,,,,,,,,,,,,,,,,,,,,
13487,,,,,,,,,,,,,,,,,,,,,,,,,,,,,,,
13488,,,,,,,,,,,,,,,,,,,,,,,,,,,,,,,
13489,,,,,,,,,,,,,,,,,,,,,,,,,,,,,,,
13490,,,,,,,,,,,,,,,,,,,,,,,,,,,,,,,
13491,,,,,,,,,,,,,,,,,,,,,,,,,,,,,,,
13492,,,,,,,,,,,,,,,,,,,,,,,,,,,,,,,
13493,,,,,,,,,,,,,,,,,,,,,,,,,,,,,,,
13494,,,,,,,,,,,,,,,,,,,,,,,,,,,,,,,
13495,,,,,,,,,,,,,,,,,,,,,,,,,,,,,,,
13496,,,,,,,,,,,,,,,,,,,,,,,,,,,,,,,
13497,,,,,,,,,,,,,,,,,,,,,,,,,,,,,,,
13498,,,,,,,,,,,,,,,,,,,,,,,,,,,,,,,
13499,,,,,,,,,,,,,,,,,,,,,,,,,,,,,,,
13500,,,,,,,,,,,,,,,,,,,,,,,,,,,,,,,
13501,,,,,,,,,,,,,,,,,,,,,,,,,,,,,,,
13502,,,,,,,,,,,,,,,,,,,,,,,,,,,,,,,
13503,,,,,,,,,,,,,,,,,,,,,,,,,,,,,,,
13504,,,,,,,,,,,,,,,,,,,,,,,,,,,,,,,
13505,,,,,,,,,,,,,,,,,,,,,,,,,,,,,,,
13506,,,,,,,,,,,,,,,,,,,,,,,,,,,,,,,
13507,,,,,,,,,,,,,,,,,,,,,,,,,,,,,,,
13508,,,,,,,,,,,,,,,,,,,,,,,,,,,,,,,
13509,,,,,,,,,,,,,,,,,,,,,,,,,,,,,,,
13510,,,,,,,,,,,,,,,,,,,,,,,,,,,,,,,
13511,,,,,,,,,,,,,,,,,,,,,,,,,,,,,,,
13512,,,,,,,,,,,,,,,,,,,,,,,,,,,,,,,
13513,,,,,,,,,,,,,,,,,,,,,,,,,,,,,,,
13514,,,,,,,,,,,,,,,,,,,,,,,,,,,,,,,
13515,,,,,,,,,,,,,,,,,,,,,,,,,,,,,,,
13516,,,,,,,,,,,,,,,,,,,,,,,,,,,,,,,
13517,,,,,,,,,,,,,,,,,,,,,,,,,,,,,,,
13518,,,,,,,,,,,,,,,,,,,,,,,,,,,,,,,
13519,,,,,,,,,,,,,,,,,,,,,,,,,,,,,,,
13520,,,,,,,,,,,,,,,,,,,,,,,,,,,,,,,
13521,,,,,,,,,,,,,,,,,,,,,,,,,,,,,,,
13522,,,,,,,,,,,,,,,,,,,,,,,,,,,,,,,
13523,,,,,,,,,,,,,,,,,,,,,,,,,,,,,,,
13524,,,,,,,,,,,,,,,,,,,,,,,,,,,,,,,
13525,,,,,,,,,,,,,,,,,,,,,,,,,,,,,,,
13526,,,,,,,,,,,,,,,,,,,,,,,,,,,,,,,
13527,,,,,,,,,,,,,,,,,,,,,,,,,,,,,,,
13528,,,,,,,,,,,,,,,,,,,,,,,,,,,,,,,
13529,,,,,,,,,,,,,,,,,,,,,,,,,,,,,,,
13530,,,,,,,,,,,,,,,,,,,,,,,,,,,,,,,
13531,,,,,,,,,,,,,,,,,,,,,,,,,,,,,,,
13532,,,,,,,,,,,,,,,,,,,,,,,,,,,,,,,
13533,,,,,,,,,,,,,,,,,,,,,,,,,,,,,,,
13534,,,,,,,,,,,,,,,,,,,,,,,,,,,,,,,
13535,,,,,,,,,,,,,,,,,,,,,,,,,,,,,,,
13536,,,,,,,,,,,,,,,,,,,,,,,,,,,,,,,
13537,,,,,,,,,,,,,,,,,,,,,,,,,,,,,,,
13538,,,,,,,,,,,,,,,,,,,,,,,,,,,,,,,
13539,,,,,,,,,,,,,,,,,,,,,,,,,,,,,,,
13540,,,,,,,,,,,,,,,,,,,,,,,,,,,,,,,
13541,,,,,,,,,,,,,,,,,,,,,,,,,,,,,,,
13542,,,,,,,,,,,,,,,,,,,,,,,,,,,,,,,
13543,,,,,,,,,,,,,,,,,,,,,,,,,,,,,,,
13544,,,,,,,,,,,,,,,,,,,,,,,,,,,,,,,
13545,,,,,,,,,,,,,,,,,,,,,,,,,,,,,,,
13546,,,,,,,,,,,,,,,,,,,,,,,,,,,,,,,
13547,,,,,,,,,,,,,,,,,,,,,,,,,,,,,,,
13548,,,,,,,,,,,,,,,,,,,,,,,,,,,,,,,
13549,,,,,,,,,,,,,,,,,,,,,,,,,,,,,,,
13550,,,,,,,,,,,,,,,,,,,,,,,,,,,,,,,
13551,,,,,,,,,,,,,,,,,,,,,,,,,,,,,,,
13552,,,,,,,,,,,,,,,,,,,,,,,,,,,,,,,
13553,,,,,,,,,,,,,,,,,,,,,,,,,,,,,,,
13554,,,,,,,,,,,,,,,,,,,,,,,,,,,,,,,
13555,,,,,,,,,,,,,,,,,,,,,,,,,,,,,,,
13556,,,,,,,,,,,,,,,,,,,,,,,,,,,,,,,
13557,,,,,,,,,,,,,,,,,,,,,,,,,,,,,,,
13558,,,,,,,,,,,,,,,,,,,,,,,,,,,,,,,
13559,,,,,,,,,,,,,,,,,,,,,,,,,,,,,,,
13560,,,,,,,,,,,,,,,,,,,,,,,,,,,,,,,
13561,,,,,,,,,,,,,,,,,,,,,,,,,,,,,,,
13562,,,,,,,,,,,,,,,,,,,,,,,,,,,,,,,
13563,,,,,,,,,,,,,,,,,,,,,,,,,,,,,,,
13564,,,,,,,,,,,,,,,,,,,,,,,,,,,,,,,
13565,,,,,,,,,,,,,,,,,,,,,,,,,,,,,,,
13566,,,,,,,,,,,,,,,,,,,,,,,,,,,,,,,
13567,,,,,,,,,,,,,,,,,,,,,,,,,,,,,,,
13568,,,,,,,,,,,,,,,,,,,,,,,,,,,,,,,
13569,,,,,,,,,,,,,,,,,,,,,,,,,,,,,,,
13570,,,,,,,,,,,,,,,,,,,,,,,,,,,,,,,
13571,,,,,,,,,,,,,,,,,,,,,,,,,,,,,,,
13572,,,,,,,,,,,,,,,,,,,,,,,,,,,,,,,
13573,,,,,,,,,,,,,,,,,,,,,,,,,,,,,,,
13574,,,,,,,,,,,,,,,,,,,,,,,,,,,,,,,
13575,,,,,,,,,,,,,,,,,,,,,,,,,,,,,,,
13576,,,,,,,,,,,,,,,,,,,,,,,,,,,,,,,
13577,,,,,,,,,,,,,,,,,,,,,,,,,,,,,,,
13578,,,,,,,,,,,,,,,,,,,,,,,,,,,,,,,
13579,,,,,,,,,,,,,,,,,,,,,,,,,,,,,,,
13580,,,,,,,,,,,,,,,,,,,,,,,,,,,,,,,
13581,,,,,,,,,,,,,,,,,,,,,,,,,,,,,,,
13582,,,,,,,,,,,,,,,,,,,,,,,,,,,,,,,
13583,,,,,,,,,,,,,,,,,,,,,,,,,,,,,,,
13584,,,,,,,,,,,,,,,,,,,,,,,,,,,,,,,
13585,,,,,,,,,,,,,,,,,,,,,,,,,,,,,,,
13586,,,,,,,,,,,,,,,,,,,,,,,,,,,,,,,
13587,,,,,,,,,,,,,,,,,,,,,,,,,,,,,,,
13588,,,,,,,,,,,,,,,,,,,,,,,,,,,,,,,
13589,,,,,,,,,,,,,,,,,,,,,,,,,,,,,,,
13590,,,,,,,,,,,,,,,,,,,,,,,,,,,,,,,
13591,,,,,,,,,,,,,,,,,,,,,,,,,,,,,,,
13592,,,,,,,,,,,,,,,,,,,,,,,,,,,,,,,
13593,,,,,,,,,,,,,,,,,,,,,,,,,,,,,,,
13594,,,,,,,,,,,,,,,,,,,,,,,,,,,,,,,
13595,,,,,,,,,,,,,,,,,,,,,,,,,,,,,,,
13596,,,,,,,,,,,,,,,,,,,,,,,,,,,,,,,
13597,,,,,,,,,,,,,,,,,,,,,,,,,,,,,,,
13598,,,,,,,,,,,,,,,,,,,,,,,,,,,,,,,
13599,,,,,,,,,,,,,,,,,,,,,,,,,,,,,,,
13600,,,,,,,,,,,,,,,,,,,,,,,,,,,,,,,
13601,,,,,,,,,,,,,,,,,,,,,,,,,,,,,,,
13602,,,,,,,,,,,,,,,,,,,,,,,,,,,,,,,
13603,,,,,,,,,,,,,,,,,,,,,,,,,,,,,,,
13604,,,,,,,,,,,,,,,,,,,,,,,,,,,,,,,
13605,,,,,,,,,,,,,,,,,,,,,,,,,,,,,,,
13606,,,,,,,,,,,,,,,,,,,,,,,,,,,,,,,
13607,,,,,,,,,,,,,,,,,,,,,,,,,,,,,,,
13608,,,,,,,,,,,,,,,,,,,,,,,,,,,,,,,
13609,,,,,,,,,,,,,,,,,,,,,,,,,,,,,,,
13610,,,,,,,,,,,,,,,,,,,,,,,,,,,,,,,
13611,,,,,,,,,,,,,,,,,,,,,,,,,,,,,,,
13612,,,,,,,,,,,,,,,,,,,,,,,,,,,,,,,
13613,,,,,,,,,,,,,,,,,,,,,,,,,,,,,,,
13614,,,,,,,,,,,,,,,,,,,,,,,,,,,,,,,
13615,,,,,,,,,,,,,,,,,,,,,,,,,,,,,,,
13616,,,,,,,,,,,,,,,,,,,,,,,,,,,,,,,
13617,,,,,,,,,,,,,,,,,,,,,,,,,,,,,,,
13618,,,,,,,,,,,,,,,,,,,,,,,,,,,,,,,
13619,,,,,,,,,,,,,,,,,,,,,,,,,,,,,,,
13620,,,,,,,,,,,,,,,,,,,,,,,,,,,,,,,
13621,,,,,,,,,,,,,,,,,,,,,,,,,,,,,,,
13622,,,,,,,,,,,,,,,,,,,,,,,,,,,,,,,
13623,,,,,,,,,,,,,,,,,,,,,,,,,,,,,,,
13624,,,,,,,,,,,,,,,,,,,,,,,,,,,,,,,
13625,,,,,,,,,,,,,,,,,,,,,,,,,,,,,,,
13626,,,,,,,,,,,,,,,,,,,,,,,,,,,,,,,
13627,,,,,,,,,,,,,,,,,,,,,,,,,,,,,,,
13628,,,,,,,,,,,,,,,,,,,,,,,,,,,,,,,
13629,,,,,,,,,,,,,,,,,,,,,,,,,,,,,,,
13630,,,,,,,,,,,,,,,,,,,,,,,,,,,,,,,
13631,,,,,,,,,,,,,,,,,,,,,,,,,,,,,,,
13632,,,,,,,,,,,,,,,,,,,,,,,,,,,,,,,
13633,,,,,,,,,,,,,,,,,,,,,,,,,,,,,,,
13634,,,,,,,,,,,,,,,,,,,,,,,,,,,,,,,
13635,,,,,,,,,,,,,,,,,,,,,,,,,,,,,,,
13636,,,,,,,,,,,,,,,,,,,,,,,,,,,,,,,
13637,,,,,,,,,,,,,,,,,,,,,,,,,,,,,,,
13638,,,,,,,,,,,,,,,,,,,,,,,,,,,,,,,
13639,,,,,,,,,,,,,,,,,,,,,,,,,,,,,,,
13640,,,,,,,,,,,,,,,,,,,,,,,,,,,,,,,
13641,,,,,,,,,,,,,,,,,,,,,,,,,,,,,,,
13642,,,,,,,,,,,,,,,,,,,,,,,,,,,,,,,
13643,,,,,,,,,,,,,,,,,,,,,,,,,,,,,,,
13644,,,,,,,,,,,,,,,,,,,,,,,,,,,,,,,
13645,,,,,,,,,,,,,,,,,,,,,,,,,,,,,,,
13646,,,,,,,,,,,,,,,,,,,,,,,,,,,,,,,
13647,,,,,,,,,,,,,,,,,,,,,,,,,,,,,,,
13648,,,,,,,,,,,,,,,,,,,,,,,,,,,,,,,
13649,,,,,,,,,,,,,,,,,,,,,,,,,,,,,,,
13650,,,,,,,,,,,,,,,,,,,,,,,,,,,,,,,
13651,,,,,,,,,,,,,,,,,,,,,,,,,,,,,,,
13652,,,,,,,,,,,,,,,,,,,,,,,,,,,,,,,
13653,,,,,,,,,,,,,,,,,,,,,,,,,,,,,,,
13654,,,,,,,,,,,,,,,,,,,,,,,,,,,,,,,
13655,,,,,,,,,,,,,,,,,,,,,,,,,,,,,,,
13656,,,,,,,,,,,,,,,,,,,,,,,,,,,,,,,
13657,,,,,,,,,,,,,,,,,,,,,,,,,,,,,,,
13658,,,,,,,,,,,,,,,,,,,,,,,,,,,,,,,
13659,,,,,,,,,,,,,,,,,,,,,,,,,,,,,,,
13660,,,,,,,,,,,,,,,,,,,,,,,,,,,,,,,
13661,,,,,,,,,,,,,,,,,,,,,,,,,,,,,,,
13662,,,,,,,,,,,,,,,,,,,,,,,,,,,,,,,
13663,,,,,,,,,,,,,,,,,,,,,,,,,,,,,,,
13664,,,,,,,,,,,,,,,,,,,,,,,,,,,,,,,
13665,,,,,,,,,,,,,,,,,,,,,,,,,,,,,,,
13666,,,,,,,,,,,,,,,,,,,,,,,,,,,,,,,
13667,,,,,,,,,,,,,,,,,,,,,,,,,,,,,,,
13668,,,,,,,,,,,,,,,,,,,,,,,,,,,,,,,
13669,,,,,,,,,,,,,,,,,,,,,,,,,,,,,,,
13670,,,,,,,,,,,,,,,,,,,,,,,,,,,,,,,
13671,,,,,,,,,,,,,,,,,,,,,,,,,,,,,,,
13672,,,,,,,,,,,,,,,,,,,,,,,,,,,,,,,
13673,,,,,,,,,,,,,,,,,,,,,,,,,,,,,,,
13674,,,,,,,,,,,,,,,,,,,,,,,,,,,,,,,
13675,,,,,,,,,,,,,,,,,,,,,,,,,,,,,,,
13676,,,,,,,,,,,,,,,,,,,,,,,,,,,,,,,
13677,,,,,,,,,,,,,,,,,,,,,,,,,,,,,,,
13678,,,,,,,,,,,,,,,,,,,,,,,,,,,,,,,
13679,,,,,,,,,,,,,,,,,,,,,,,,,,,,,,,
13680,,,,,,,,,,,,,,,,,,,,,,,,,,,,,,,
13681,,,,,,,,,,,,,,,,,,,,,,,,,,,,,,,
13682,,,,,,,,,,,,,,,,,,,,,,,,,,,,,,,
13683,,,,,,,,,,,,,,,,,,,,,,,,,,,,,,,
13684,,,,,,,,,,,,,,,,,,,,,,,,,,,,,,,
13685,,,,,,,,,,,,,,,,,,,,,,,,,,,,,,,
13686,,,,,,,,,,,,,,,,,,,,,,,,,,,,,,,
13687,,,,,,,,,,,,,,,,,,,,,,,,,,,,,,,
13688,,,,,,,,,,,,,,,,,,,,,,,,,,,,,,,
13689,,,,,,,,,,,,,,,,,,,,,,,,,,,,,,,
13690,,,,,,,,,,,,,,,,,,,,,,,,,,,,,,,
13691,,,,,,,,,,,,,,,,,,,,,,,,,,,,,,,
13692,,,,,,,,,,,,,,,,,,,,,,,,,,,,,,,
13693,,,,,,,,,,,,,,,,,,,,,,,,,,,,,,,
13694,,,,,,,,,,,,,,,,,,,,,,,,,,,,,,,
13695,,,,,,,,,,,,,,,,,,,,,,,,,,,,,,,
13696,,,,,,,,,,,,,,,,,,,,,,,,,,,,,,,
13697,,,,,,,,,,,,,,,,,,,,,,,,,,,,,,,
13698,,,,,,,,,,,,,,,,,,,,,,,,,,,,,,,
13699,,,,,,,,,,,,,,,,,,,,,,,,,,,,,,,
13700,,,,,,,,,,,,,,,,,,,,,,,,,,,,,,,
13701,,,,,,,,,,,,,,,,,,,,,,,,,,,,,,,
13702,,,,,,,,,,,,,,,,,,,,,,,,,,,,,,,
13703,,,,,,,,,,,,,,,,,,,,,,,,,,,,,,,
13704,,,,,,,,,,,,,,,,,,,,,,,,,,,,,,,
13705,,,,,,,,,,,,,,,,,,,,,,,,,,,,,,,
13706,,,,,,,,,,,,,,,,,,,,,,,,,,,,,,,
13707,,,,,,,,,,,,,,,,,,,,,,,,,,,,,,,
13708,,,,,,,,,,,,,,,,,,,,,,,,,,,,,,,
13709,,,,,,,,,,,,,,,,,,,,,,,,,,,,,,,
13710,,,,,,,,,,,,,,,,,,,,,,,,,,,,,,,
13711,,,,,,,,,,,,,,,,,,,,,,,,,,,,,,,
13712,,,,,,,,,,,,,,,,,,,,,,,,,,,,,,,
13713,,,,,,,,,,,,,,,,,,,,,,,,,,,,,,,
13714,,,,,,,,,,,,,,,,,,,,,,,,,,,,,,,
13715,,,,,,,,,,,,,,,,,,,,,,,,,,,,,,,
13716,,,,,,,,,,,,,,,,,,,,,,,,,,,,,,,
13717,,,,,,,,,,,,,,,,,,,,,,,,,,,,,,,
13718,,,,,,,,,,,,,,,,,,,,,,,,,,,,,,,
13719,,,,,,,,,,,,,,,,,,,,,,,,,,,,,,,
13720,,,,,,,,,,,,,,,,,,,,,,,,,,,,,,,
13721,,,,,,,,,,,,,,,,,,,,,,,,,,,,,,,
13722,,,,,,,,,,,,,,,,,,,,,,,,,,,,,,,
13723,,,,,,,,,,,,,,,,,,,,,,,,,,,,,,,
13724,,,,,,,,,,,,,,,,,,,,,,,,,,,,,,,
13725,,,,,,,,,,,,,,,,,,,,,,,,,,,,,,,
13726,,,,,,,,,,,,,,,,,,,,,,,,,,,,,,,
13727,,,,,,,,,,,,,,,,,,,,,,,,,,,,,,,
13728,,,,,,,,,,,,,,,,,,,,,,,,,,,,,,,
13729,,,,,,,,,,,,,,,,,,,,,,,,,,,,,,,
13730,,,,,,,,,,,,,,,,,,,,,,,,,,,,,,,
13731,,,,,,,,,,,,,,,,,,,,,,,,,,,,,,,
13732,,,,,,,,,,,,,,,,,,,,,,,,,,,,,,,
13733,,,,,,,,,,,,,,,,,,,,,,,,,,,,,,,
13734,,,,,,,,,,,,,,,,,,,,,,,,,,,,,,,
13735,,,,,,,,,,,,,,,,,,,,,,,,,,,,,,,
13736,,,,,,,,,,,,,,,,,,,,,,,,,,,,,,,
13737,,,,,,,,,,,,,,,,,,,,,,,,,,,,,,,
13738,,,,,,,,,,,,,,,,,,,,,,,,,,,,,,,
13739,,,,,,,,,,,,,,,,,,,,,,,,,,,,,,,
13740,,,,,,,,,,,,,,,,,,,,,,,,,,,,,,,
13741,,,,,,,,,,,,,,,,,,,,,,,,,,,,,,,
13742,,,,,,,,,,,,,,,,,,,,,,,,,,,,,,,
13743,,,,,,,,,,,,,,,,,,,,,,,,,,,,,,,
13744,,,,,,,,,,,,,,,,,,,,,,,,,,,,,,,
13745,,,,,,,,,,,,,,,,,,,,,,,,,,,,,,,
13746,,,,,,,,,,,,,,,,,,,,,,,,,,,,,,,
13747,,,,,,,,,,,,,,,,,,,,,,,,,,,,,,,
13748,,,,,,,,,,,,,,,,,,,,,,,,,,,,,,,
13749,,,,,,,,,,,,,,,,,,,,,,,,,,,,,,,
13750,,,,,,,,,,,,,,,,,,,,,,,,,,,,,,,
13751,,,,,,,,,,,,,,,,,,,,,,,,,,,,,,,
13752,,,,,,,,,,,,,,,,,,,,,,,,,,,,,,,
13753,,,,,,,,,,,,,,,,,,,,,,,,,,,,,,,
13754,,,,,,,,,,,,,,,,,,,,,,,,,,,,,,,
13755,,,,,,,,,,,,,,,,,,,,,,,,,,,,,,,
13756,,,,,,,,,,,,,,,,,,,,,,,,,,,,,,,
13757,,,,,,,,,,,,,,,,,,,,,,,,,,,,,,,
13758,,,,,,,,,,,,,,,,,,,,,,,,,,,,,,,
13759,,,,,,,,,,,,,,,,,,,,,,,,,,,,,,,
13760,,,,,,,,,,,,,,,,,,,,,,,,,,,,,,,
13761,,,,,,,,,,,,,,,,,,,,,,,,,,,,,,,
13762,,,,,,,,,,,,,,,,,,,,,,,,,,,,,,,
13763,,,,,,,,,,,,,,,,,,,,,,,,,,,,,,,
13764,,,,,,,,,,,,,,,,,,,,,,,,,,,,,,,
13765,,,,,,,,,,,,,,,,,,,,,,,,,,,,,,,
13766,,,,,,,,,,,,,,,,,,,,,,,,,,,,,,,
13767,,,,,,,,,,,,,,,,,,,,,,,,,,,,,,,
13768,,,,,,,,,,,,,,,,,,,,,,,,,,,,,,,
13769,,,,,,,,,,,,,,,,,,,,,,,,,,,,,,,
13770,,,,,,,,,,,,,,,,,,,,,,,,,,,,,,,
13771,,,,,,,,,,,,,,,,,,,,,,,,,,,,,,,
13772,,,,,,,,,,,,,,,,,,,,,,,,,,,,,,,
13773,,,,,,,,,,,,,,,,,,,,,,,,,,,,,,,
13774,,,,,,,,,,,,,,,,,,,,,,,,,,,,,,,
13775,,,,,,,,,,,,,,,,,,,,,,,,,,,,,,,
13776,,,,,,,,,,,,,,,,,,,,,,,,,,,,,,,
13777,,,,,,,,,,,,,,,,,,,,,,,,,,,,,,,
13778,,,,,,,,,,,,,,,,,,,,,,,,,,,,,,,
13779,,,,,,,,,,,,,,,,,,,,,,,,,,,,,,,
13780,,,,,,,,,,,,,,,,,,,,,,,,,,,,,,,
13781,,,,,,,,,,,,,,,,,,,,,,,,,,,,,,,
13782,,,,,,,,,,,,,,,,,,,,,,,,,,,,,,,
13783,,,,,,,,,,,,,,,,,,,,,,,,,,,,,,,
13784,,,,,,,,,,,,,,,,,,,,,,,,,,,,,,,
13785,,,,,,,,,,,,,,,,,,,,,,,,,,,,,,,
13786,,,,,,,,,,,,,,,,,,,,,,,,,,,,,,,
13787,,,,,,,,,,,,,,,,,,,,,,,,,,,,,,,
13788,,,,,,,,,,,,,,,,,,,,,,,,,,,,,,,
13789,,,,,,,,,,,,,,,,,,,,,,,,,,,,,,,
13790,,,,,,,,,,,,,,,,,,,,,,,,,,,,,,,
13791,,,,,,,,,,,,,,,,,,,,,,,,,,,,,,,
13792,,,,,,,,,,,,,,,,,,,,,,,,,,,,,,,
13793,,,,,,,,,,,,,,,,,,,,,,,,,,,,,,,
13794,,,,,,,,,,,,,,,,,,,,,,,,,,,,,,,
13795,,,,,,,,,,,,,,,,,,,,,,,,,,,,,,,
13796,,,,,,,,,,,,,,,,,,,,,,,,,,,,,,,
13797,,,,,,,,,,,,,,,,,,,,,,,,,,,,,,,
13798,,,,,,,,,,,,,,,,,,,,,,,,,,,,,,,
13799,,,,,,,,,,,,,,,,,,,,,,,,,,,,,,,
13800,,,,,,,,,,,,,,,,,,,,,,,,,,,,,,,
13801,,,,,,,,,,,,,,,,,,,,,,,,,,,,,,,
13802,,,,,,,,,,,,,,,,,,,,,,,,,,,,,,,
13803,,,,,,,,,,,,,,,,,,,,,,,,,,,,,,,
13804,,,,,,,,,,,,,,,,,,,,,,,,,,,,,,,
13805,,,,,,,,,,,,,,,,,,,,,,,,,,,,,,,
13806,,,,,,,,,,,,,,,,,,,,,,,,,,,,,,,
13807,,,,,,,,,,,,,,,,,,,,,,,,,,,,,,,
13808,,,,,,,,,,,,,,,,,,,,,,,,,,,,,,,
13809,,,,,,,,,,,,,,,,,,,,,,,,,,,,,,,
13810,,,,,,,,,,,,,,,,,,,,,,,,,,,,,,,
13811,,,,,,,,,,,,,,,,,,,,,,,,,,,,,,,
13812,,,,,,,,,,,,,,,,,,,,,,,,,,,,,,,
13813,,,,,,,,,,,,,,,,,,,,,,,,,,,,,,,
13814,,,,,,,,,,,,,,,,,,,,,,,,,,,,,,,
13815,,,,,,,,,,,,,,,,,,,,,,,,,,,,,,,
13816,,,,,,,,,,,,,,,,,,,,,,,,,,,,,,,
13817,,,,,,,,,,,,,,,,,,,,,,,,,,,,,,,
13818,,,,,,,,,,,,,,,,,,,,,,,,,,,,,,,
13819,,,,,,,,,,,,,,,,,,,,,,,,,,,,,,,
13820,,,,,,,,,,,,,,,,,,,,,,,,,,,,,,,
13821,,,,,,,,,,,,,,,,,,,,,,,,,,,,,,,
13822,,,,,,,,,,,,,,,,,,,,,,,,,,,,,,,
13823,,,,,,,,,,,,,,,,,,,,,,,,,,,,,,,
13824,,,,,,,,,,,,,,,,,,,,,,,,,,,,,,,
13825,,,,,,,,,,,,,,,,,,,,,,,,,,,,,,,
13826,,,,,,,,,,,,,,,,,,,,,,,,,,,,,,,
13827,,,,,,,,,,,,,,,,,,,,,,,,,,,,,,,
13828,,,,,,,,,,,,,,,,,,,,,,,,,,,,,,,
13829,,,,,,,,,,,,,,,,,,,,,,,,,,,,,,,
13830,,,,,,,,,,,,,,,,,,,,,,,,,,,,,,,
13831,,,,,,,,,,,,,,,,,,,,,,,,,,,,,,,
13832,,,,,,,,,,,,,,,,,,,,,,,,,,,,,,,
13833,,,,,,,,,,,,,,,,,,,,,,,,,,,,,,,
13834,,,,,,,,,,,,,,,,,,,,,,,,,,,,,,,
13835,,,,,,,,,,,,,,,,,,,,,,,,,,,,,,,
13836,,,,,,,,,,,,,,,,,,,,,,,,,,,,,,,
13837,,,,,,,,,,,,,,,,,,,,,,,,,,,,,,,
13838,,,,,,,,,,,,,,,,,,,,,,,,,,,,,,,
13839,,,,,,,,,,,,,,,,,,,,,,,,,,,,,,,
13840,,,,,,,,,,,,,,,,,,,,,,,,,,,,,,,
13841,,,,,,,,,,,,,,,,,,,,,,,,,,,,,,,
13842,,,,,,,,,,,,,,,,,,,,,,,,,,,,,,,
13843,,,,,,,,,,,,,,,,,,,,,,,,,,,,,,,
13844,,,,,,,,,,,,,,,,,,,,,,,,,,,,,,,
13845,,,,,,,,,,,,,,,,,,,,,,,,,,,,,,,
13846,,,,,,,,,,,,,,,,,,,,,,,,,,,,,,,
13847,,,,,,,,,,,,,,,,,,,,,,,,,,,,,,,
13848,,,,,,,,,,,,,,,,,,,,,,,,,,,,,,,
13849,,,,,,,,,,,,,,,,,,,,,,,,,,,,,,,
13850,,,,,,,,,,,,,,,,,,,,,,,,,,,,,,,
13851,,,,,,,,,,,,,,,,,,,,,,,,,,,,,,,
13852,,,,,,,,,,,,,,,,,,,,,,,,,,,,,,,
13853,,,,,,,,,,,,,,,,,,,,,,,,,,,,,,,
13854,,,,,,,,,,,,,,,,,,,,,,,,,,,,,,,
13855,,,,,,,,,,,,,,,,,,,,,,,,,,,,,,,
13856,,,,,,,,,,,,,,,,,,,,,,,,,,,,,,,
13857,,,,,,,,,,,,,,,,,,,,,,,,,,,,,,,
13858,,,,,,,,,,,,,,,,,,,,,,,,,,,,,,,
13859,,,,,,,,,,,,,,,,,,,,,,,,,,,,,,,
13860,,,,,,,,,,,,,,,,,,,,,,,,,,,,,,,
13861,,,,,,,,,,,,,,,,,,,,,,,,,,,,,,,
13862,,,,,,,,,,,,,,,,,,,,,,,,,,,,,,,
13863,,,,,,,,,,,,,,,,,,,,,,,,,,,,,,,
13864,,,,,,,,,,,,,,,,,,,,,,,,,,,,,,,
13865,,,,,,,,,,,,,,,,,,,,,,,,,,,,,,,
13866,,,,,,,,,,,,,,,,,,,,,,,,,,,,,,,
13867,,,,,,,,,,,,,,,,,,,,,,,,,,,,,,,
13868,,,,,,,,,,,,,,,,,,,,,,,,,,,,,,,
13869,,,,,,,,,,,,,,,,,,,,,,,,,,,,,,,
13870,,,,,,,,,,,,,,,,,,,,,,,,,,,,,,,
13871,,,,,,,,,,,,,,,,,,,,,,,,,,,,,,,
13872,,,,,,,,,,,,,,,,,,,,,,,,,,,,,,,
13873,,,,,,,,,,,,,,,,,,,,,,,,,,,,,,,
13874,,,,,,,,,,,,,,,,,,,,,,,,,,,,,,,
13875,,,,,,,,,,,,,,,,,,,,,,,,,,,,,,,
13876,,,,,,,,,,,,,,,,,,,,,,,,,,,,,,,
13877,,,,,,,,,,,,,,,,,,,,,,,,,,,,,,,
13878,,,,,,,,,,,,,,,,,,,,,,,,,,,,,,,
13879,,,,,,,,,,,,,,,,,,,,,,,,,,,,,,,
13880,,,,,,,,,,,,,,,,,,,,,,,,,,,,,,,
13881,,,,,,,,,,,,,,,,,,,,,,,,,,,,,,,
13882,,,,,,,,,,,,,,,,,,,,,,,,,,,,,,,
13883,,,,,,,,,,,,,,,,,,,,,,,,,,,,,,,
13884,,,,,,,,,,,,,,,,,,,,,,,,,,,,,,,
13885,,,,,,,,,,,,,,,,,,,,,,,,,,,,,,,
13886,,,,,,,,,,,,,,,,,,,,,,,,,,,,,,,
13887,,,,,,,,,,,,,,,,,,,,,,,,,,,,,,,
13888,,,,,,,,,,,,,,,,,,,,,,,,,,,,,,,
13889,,,,,,,,,,,,,,,,,,,,,,,,,,,,,,,
13890,,,,,,,,,,,,,,,,,,,,,,,,,,,,,,,
13891,,,,,,,,,,,,,,,,,,,,,,,,,,,,,,,
13892,,,,,,,,,,,,,,,,,,,,,,,,,,,,,,,
13893,,,,,,,,,,,,,,,,,,,,,,,,,,,,,,,
13894,,,,,,,,,,,,,,,,,,,,,,,,,,,,,,,
13895,,,,,,,,,,,,,,,,,,,,,,,,,,,,,,,
13896,,,,,,,,,,,,,,,,,,,,,,,,,,,,,,,
13897,,,,,,,,,,,,,,,,,,,,,,,,,,,,,,,
13898,,,,,,,,,,,,,,,,,,,,,,,,,,,,,,,
13899,,,,,,,,,,,,,,,,,,,,,,,,,,,,,,,
13900,,,,,,,,,,,,,,,,,,,,,,,,,,,,,,,
13901,,,,,,,,,,,,,,,,,,,,,,,,,,,,,,,
13902,,,,,,,,,,,,,,,,,,,,,,,,,,,,,,,
13903,,,,,,,,,,,,,,,,,,,,,,,,,,,,,,,
13904,,,,,,,,,,,,,,,,,,,,,,,,,,,,,,,
13905,,,,,,,,,,,,,,,,,,,,,,,,,,,,,,,
13906,,,,,,,,,,,,,,,,,,,,,,,,,,,,,,,
13907,,,,,,,,,,,,,,,,,,,,,,,,,,,,,,,
13908,,,,,,,,,,,,,,,,,,,,,,,,,,,,,,,
13909,,,,,,,,,,,,,,,,,,,,,,,,,,,,,,,
13910,,,,,,,,,,,,,,,,,,,,,,,,,,,,,,,
13911,,,,,,,,,,,,,,,,,,,,,,,,,,,,,,,
13912,,,,,,,,,,,,,,,,,,,,,,,,,,,,,,,
13913,,,,,,,,,,,,,,,,,,,,,,,,,,,,,,,
13914,,,,,,,,,,,,,,,,,,,,,,,,,,,,,,,
13915,,,,,,,,,,,,,,,,,,,,,,,,,,,,,,,
13916,,,,,,,,,,,,,,,,,,,,,,,,,,,,,,,
13917,,,,,,,,,,,,,,,,,,,,,,,,,,,,,,,
13918,,,,,,,,,,,,,,,,,,,,,,,,,,,,,,,
13919,,,,,,,,,,,,,,,,,,,,,,,,,,,,,,,
13920,,,,,,,,,,,,,,,,,,,,,,,,,,,,,,,
13921,,,,,,,,,,,,,,,,,,,,,,,,,,,,,,,
13922,,,,,,,,,,,,,,,,,,,,,,,,,,,,,,,
13923,,,,,,,,,,,,,,,,,,,,,,,,,,,,,,,
13924,,,,,,,,,,,,,,,,,,,,,,,,,,,,,,,
13925,,,,,,,,,,,,,,,,,,,,,,,,,,,,,,,
13926,,,,,,,,,,,,,,,,,,,,,,,,,,,,,,,
13927,,,,,,,,,,,,,,,,,,,,,,,,,,,,,,,
13928,,,,,,,,,,,,,,,,,,,,,,,,,,,,,,,
13929,,,,,,,,,,,,,,,,,,,,,,,,,,,,,,,
13930,,,,,,,,,,,,,,,,,,,,,,,,,,,,,,,
13931,,,,,,,,,,,,,,,,,,,,,,,,,,,,,,,
13932,,,,,,,,,,,,,,,,,,,,,,,,,,,,,,,
13933,,,,,,,,,,,,,,,,,,,,,,,,,,,,,,,
13934,,,,,,,,,,,,,,,,,,,,,,,,,,,,,,,
13935,,,,,,,,,,,,,,,,,,,,,,,,,,,,,,,
13936,,,,,,,,,,,,,,,,,,,,,,,,,,,,,,,
13937,,,,,,,,,,,,,,,,,,,,,,,,,,,,,,,
13938,,,,,,,,,,,,,,,,,,,,,,,,,,,,,,,
13939,,,,,,,,,,,,,,,,,,,,,,,,,,,,,,,
13940,,,,,,,,,,,,,,,,,,,,,,,,,,,,,,,
13941,,,,,,,,,,,,,,,,,,,,,,,,,,,,,,,
13942,,,,,,,,,,,,,,,,,,,,,,,,,,,,,,,
13943,,,,,,,,,,,,,,,,,,,,,,,,,,,,,,,
13944,,,,,,,,,,,,,,,,,,,,,,,,,,,,,,,
13945,,,,,,,,,,,,,,,,,,,,,,,,,,,,,,,
13946,,,,,,,,,,,,,,,,,,,,,,,,,,,,,,,
13947,,,,,,,,,,,,,,,,,,,,,,,,,,,,,,,
13948,,,,,,,,,,,,,,,,,,,,,,,,,,,,,,,
13949,,,,,,,,,,,,,,,,,,,,,,,,,,,,,,,
13950,,,,,,,,,,,,,,,,,,,,,,,,,,,,,,,
13951,,,,,,,,,,,,,,,,,,,,,,,,,,,,,,,
13952,,,,,,,,,,,,,,,,,,,,,,,,,,,,,,,
13953,,,,,,,,,,,,,,,,,,,,,,,,,,,,,,,
13954,,,,,,,,,,,,,,,,,,,,,,,,,,,,,,,
13955,,,,,,,,,,,,,,,,,,,,,,,,,,,,,,,
13956,,,,,,,,,,,,,,,,,,,,,,,,,,,,,,,
13957,,,,,,,,,,,,,,,,,,,,,,,,,,,,,,,
13958,,,,,,,,,,,,,,,,,,,,,,,,,,,,,,,
13959,,,,,,,,,,,,,,,,,,,,,,,,,,,,,,,
13960,,,,,,,,,,,,,,,,,,,,,,,,,,,,,,,
13961,,,,,,,,,,,,,,,,,,,,,,,,,,,,,,,
13962,,,,,,,,,,,,,,,,,,,,,,,,,,,,,,,
13963,,,,,,,,,,,,,,,,,,,,,,,,,,,,,,,
13964,,,,,,,,,,,,,,,,,,,,,,,,,,,,,,,
13965,,,,,,,,,,,,,,,,,,,,,,,,,,,,,,,
13966,,,,,,,,,,,,,,,,,,,,,,,,,,,,,,,
13967,,,,,,,,,,,,,,,,,,,,,,,,,,,,,,,
13968,,,,,,,,,,,,,,,,,,,,,,,,,,,,,,,
13969,,,,,,,,,,,,,,,,,,,,,,,,,,,,,,,
13970,,,,,,,,,,,,,,,,,,,,,,,,,,,,,,,
13971,,,,,,,,,,,,,,,,,,,,,,,,,,,,,,,
13972,,,,,,,,,,,,,,,,,,,,,,,,,,,,,,,
13973,,,,,,,,,,,,,,,,,,,,,,,,,,,,,,,
13974,,,,,,,,,,,,,,,,,,,,,,,,,,,,,,,
13975,,,,,,,,,,,,,,,,,,,,,,,,,,,,,,,
13976,,,,,,,,,,,,,,,,,,,,,,,,,,,,,,,
13977,,,,,,,,,,,,,,,,,,,,,,,,,,,,,,,
13978,,,,,,,,,,,,,,,,,,,,,,,,,,,,,,,
13979,,,,,,,,,,,,,,,,,,,,,,,,,,,,,,,
13980,,,,,,,,,,,,,,,,,,,,,,,,,,,,,,,
13981,,,,,,,,,,,,,,,,,,,,,,,,,,,,,,,
13982,,,,,,,,,,,,,,,,,,,,,,,,,,,,,,,
13983,,,,,,,,,,,,,,,,,,,,,,,,,,,,,,,
13984,,,,,,,,,,,,,,,,,,,,,,,,,,,,,,,
13985,,,,,,,,,,,,,,,,,,,,,,,,,,,,,,,
13986,,,,,,,,,,,,,,,,,,,,,,,,,,,,,,,
13987,,,,,,,,,,,,,,,,,,,,,,,,,,,,,,,
13988,,,,,,,,,,,,,,,,,,,,,,,,,,,,,,,
13989,,,,,,,,,,,,,,,,,,,,,,,,,,,,,,,
13990,,,,,,,,,,,,,,,,,,,,,,,,,,,,,,,
13991,,,,,,,,,,,,,,,,,,,,,,,,,,,,,,,
13992,,,,,,,,,,,,,,,,,,,,,,,,,,,,,,,
13993,,,,,,,,,,,,,,,,,,,,,,,,,,,,,,,
13994,,,,,,,,,,,,,,,,,,,,,,,,,,,,,,,
13995,,,,,,,,,,,,,,,,,,,,,,,,,,,,,,,
13996,,,,,,,,,,,,,,,,,,,,,,,,,,,,,,,
13997,,,,,,,,,,,,,,,,,,,,,,,,,,,,,,,
13998,,,,,,,,,,,,,,,,,,,,,,,,,,,,,,,
13999,,,,,,,,,,,,,,,,,,,,,,,,,,,,,,,
14000,,,,,,,,,,,,,,,,,,,,,,,,,,,,,,,
14001,,,,,,,,,,,,,,,,,,,,,,,,,,,,,,,
14002,,,,,,,,,,,,,,,,,,,,,,,,,,,,,,,
14003,,,,,,,,,,,,,,,,,,,,,,,,,,,,,,,
14004,,,,,,,,,,,,,,,,,,,,,,,,,,,,,,,
14005,,,,,,,,,,,,,,,,,,,,,,,,,,,,,,,
14006,,,,,,,,,,,,,,,,,,,,,,,,,,,,,,,
14007,,,,,,,,,,,,,,,,,,,,,,,,,,,,,,,
14008,,,,,,,,,,,,,,,,,,,,,,,,,,,,,,,
14009,,,,,,,,,,,,,,,,,,,,,,,,,,,,,,,
14010,,,,,,,,,,,,,,,,,,,,,,,,,,,,,,,
14011,,,,,,,,,,,,,,,,,,,,,,,,,,,,,,,
14012,,,,,,,,,,,,,,,,,,,,,,,,,,,,,,,
14013,,,,,,,,,,,,,,,,,,,,,,,,,,,,,,,
14014,,,,,,,,,,,,,,,,,,,,,,,,,,,,,,,
14015,,,,,,,,,,,,,,,,,,,,,,,,,,,,,,,
14016,,,,,,,,,,,,,,,,,,,,,,,,,,,,,,,
14017,,,,,,,,,,,,,,,,,,,,,,,,,,,,,,,
14018,,,,,,,,,,,,,,,,,,,,,,,,,,,,,,,
14019,,,,,,,,,,,,,,,,,,,,,,,,,,,,,,,
14020,,,,,,,,,,,,,,,,,,,,,,,,,,,,,,,
14021,,,,,,,,,,,,,,,,,,,,,,,,,,,,,,,
14022,,,,,,,,,,,,,,,,,,,,,,,,,,,,,,,
14023,,,,,,,,,,,,,,,,,,,,,,,,,,,,,,,
14024,,,,,,,,,,,,,,,,,,,,,,,,,,,,,,,
14025,,,,,,,,,,,,,,,,,,,,,,,,,,,,,,,
14026,,,,,,,,,,,,,,,,,,,,,,,,,,,,,,,
14027,,,,,,,,,,,,,,,,,,,,,,,,,,,,,,,
14028,,,,,,,,,,,,,,,,,,,,,,,,,,,,,,,
14029,,,,,,,,,,,,,,,,,,,,,,,,,,,,,,,
14030,,,,,,,,,,,,,,,,,,,,,,,,,,,,,,,
14031,,,,,,,,,,,,,,,,,,,,,,,,,,,,,,,
14032,,,,,,,,,,,,,,,,,,,,,,,,,,,,,,,
14033,,,,,,,,,,,,,,,,,,,,,,,,,,,,,,,
14034,,,,,,,,,,,,,,,,,,,,,,,,,,,,,,,
14035,,,,,,,,,,,,,,,,,,,,,,,,,,,,,,,
14036,,,,,,,,,,,,,,,,,,,,,,,,,,,,,,,
14037,,,,,,,,,,,,,,,,,,,,,,,,,,,,,,,
14038,,,,,,,,,,,,,,,,,,,,,,,,,,,,,,,
14039,,,,,,,,,,,,,,,,,,,,,,,,,,,,,,,
14040,,,,,,,,,,,,,,,,,,,,,,,,,,,,,,,
14041,,,,,,,,,,,,,,,,,,,,,,,,,,,,,,,
14042,,,,,,,,,,,,,,,,,,,,,,,,,,,,,,,
14043,,,,,,,,,,,,,,,,,,,,,,,,,,,,,,,
14044,,,,,,,,,,,,,,,,,,,,,,,,,,,,,,,
14045,,,,,,,,,,,,,,,,,,,,,,,,,,,,,,,
14046,,,,,,,,,,,,,,,,,,,,,,,,,,,,,,,
14047,,,,,,,,,,,,,,,,,,,,,,,,,,,,,,,
14048,,,,,,,,,,,,,,,,,,,,,,,,,,,,,,,
14049,,,,,,,,,,,,,,,,,,,,,,,,,,,,,,,
14050,,,,,,,,,,,,,,,,,,,,,,,,,,,,,,,
14051,,,,,,,,,,,,,,,,,,,,,,,,,,,,,,,
14052,,,,,,,,,,,,,,,,,,,,,,,,,,,,,,,
14053,,,,,,,,,,,,,,,,,,,,,,,,,,,,,,,
14054,,,,,,,,,,,,,,,,,,,,,,,,,,,,,,,
14055,,,,,,,,,,,,,,,,,,,,,,,,,,,,,,,
14056,,,,,,,,,,,,,,,,,,,,,,,,,,,,,,,
14057,,,,,,,,,,,,,,,,,,,,,,,,,,,,,,,
14058,,,,,,,,,,,,,,,,,,,,,,,,,,,,,,,
14059,,,,,,,,,,,,,,,,,,,,,,,,,,,,,,,
14060,,,,,,,,,,,,,,,,,,,,,,,,,,,,,,,
14061,,,,,,,,,,,,,,,,,,,,,,,,,,,,,,,
14062,,,,,,,,,,,,,,,,,,,,,,,,,,,,,,,
14063,,,,,,,,,,,,,,,,,,,,,,,,,,,,,,,
14064,,,,,,,,,,,,,,,,,,,,,,,,,,,,,,,
14065,,,,,,,,,,,,,,,,,,,,,,,,,,,,,,,
14066,,,,,,,,,,,,,,,,,,,,,,,,,,,,,,,
14067,,,,,,,,,,,,,,,,,,,,,,,,,,,,,,,
14068,,,,,,,,,,,,,,,,,,,,,,,,,,,,,,,
14069,,,,,,,,,,,,,,,,,,,,,,,,,,,,,,,
14070,,,,,,,,,,,,,,,,,,,,,,,,,,,,,,,
14071,,,,,,,,,,,,,,,,,,,,,,,,,,,,,,,
14072,,,,,,,,,,,,,,,,,,,,,,,,,,,,,,,
14073,,,,,,,,,,,,,,,,,,,,,,,,,,,,,,,
14074,,,,,,,,,,,,,,,,,,,,,,,,,,,,,,,
14075,,,,,,,,,,,,,,,,,,,,,,,,,,,,,,,
14076,,,,,,,,,,,,,,,,,,,,,,,,,,,,,,,
14077,,,,,,,,,,,,,,,,,,,,,,,,,,,,,,,
14078,,,,,,,,,,,,,,,,,,,,,,,,,,,,,,,
14079,,,,,,,,,,,,,,,,,,,,,,,,,,,,,,,
14080,,,,,,,,,,,,,,,,,,,,,,,,,,,,,,,
14081,,,,,,,,,,,,,,,,,,,,,,,,,,,,,,,
14082,,,,,,,,,,,,,,,,,,,,,,,,,,,,,,,
14083,,,,,,,,,,,,,,,,,,,,,,,,,,,,,,,
14084,,,,,,,,,,,,,,,,,,,,,,,,,,,,,,,
14085,,,,,,,,,,,,,,,,,,,,,,,,,,,,,,,
14086,,,,,,,,,,,,,,,,,,,,,,,,,,,,,,,
14087,,,,,,,,,,,,,,,,,,,,,,,,,,,,,,,
14088,,,,,,,,,,,,,,,,,,,,,,,,,,,,,,,
14089,,,,,,,,,,,,,,,,,,,,,,,,,,,,,,,
14090,,,,,,,,,,,,,,,,,,,,,,,,,,,,,,,
14091,,,,,,,,,,,,,,,,,,,,,,,,,,,,,,,
14092,,,,,,,,,,,,,,,,,,,,,,,,,,,,,,,
14093,,,,,,,,,,,,,,,,,,,,,,,,,,,,,,,
14094,,,,,,,,,,,,,,,,,,,,,,,,,,,,,,,
14095,,,,,,,,,,,,,,,,,,,,,,,,,,,,,,,
14096,,,,,,,,,,,,,,,,,,,,,,,,,,,,,,,
14097,,,,,,,,,,,,,,,,,,,,,,,,,,,,,,,
14098,,,,,,,,,,,,,,,,,,,,,,,,,,,,,,,
14099,,,,,,,,,,,,,,,,,,,,,,,,,,,,,,,
14100,,,,,,,,,,,,,,,,,,,,,,,,,,,,,,,
14101,,,,,,,,,,,,,,,,,,,,,,,,,,,,,,,
14102,,,,,,,,,,,,,,,,,,,,,,,,,,,,,,,
14103,,,,,,,,,,,,,,,,,,,,,,,,,,,,,,,
14104,,,,,,,,,,,,,,,,,,,,,,,,,,,,,,,
14105,,,,,,,,,,,,,,,,,,,,,,,,,,,,,,,
14106,,,,,,,,,,,,,,,,,,,,,,,,,,,,,,,
14107,,,,,,,,,,,,,,,,,,,,,,,,,,,,,,,
14108,,,,,,,,,,,,,,,,,,,,,,,,,,,,,,,
14109,,,,,,,,,,,,,,,,,,,,,,,,,,,,,,,
14110,,,,,,,,,,,,,,,,,,,,,,,,,,,,,,,
14111,,,,,,,,,,,,,,,,,,,,,,,,,,,,,,,
14112,,,,,,,,,,,,,,,,,,,,,,,,,,,,,,,
14113,,,,,,,,,,,,,,,,,,,,,,,,,,,,,,,
14114,,,,,,,,,,,,,,,,,,,,,,,,,,,,,,,
14115,,,,,,,,,,,,,,,,,,,,,,,,,,,,,,,
14116,,,,,,,,,,,,,,,,,,,,,,,,,,,,,,,
14117,,,,,,,,,,,,,,,,,,,,,,,,,,,,,,,
14118,,,,,,,,,,,,,,,,,,,,,,,,,,,,,,,
14119,,,,,,,,,,,,,,,,,,,,,,,,,,,,,,,
14120,,,,,,,,,,,,,,,,,,,,,,,,,,,,,,,
14121,,,,,,,,,,,,,,,,,,,,,,,,,,,,,,,
14122,,,,,,,,,,,,,,,,,,,,,,,,,,,,,,,
14123,,,,,,,,,,,,,,,,,,,,,,,,,,,,,,,
14124,,,,,,,,,,,,,,,,,,,,,,,,,,,,,,,
14125,,,,,,,,,,,,,,,,,,,,,,,,,,,,,,,
14126,,,,,,,,,,,,,,,,,,,,,,,,,,,,,,,
14127,,,,,,,,,,,,,,,,,,,,,,,,,,,,,,,
14128,,,,,,,,,,,,,,,,,,,,,,,,,,,,,,,
14129,,,,,,,,,,,,,,,,,,,,,,,,,,,,,,,
14130,,,,,,,,,,,,,,,,,,,,,,,,,,,,,,,
14131,,,,,,,,,,,,,,,,,,,,,,,,,,,,,,,
14132,,,,,,,,,,,,,,,,,,,,,,,,,,,,,,,
14133,,,,,,,,,,,,,,,,,,,,,,,,,,,,,,,
14134,,,,,,,,,,,,,,,,,,,,,,,,,,,,,,,
14135,,,,,,,,,,,,,,,,,,,,,,,,,,,,,,,
14136,,,,,,,,,,,,,,,,,,,,,,,,,,,,,,,
14137,,,,,,,,,,,,,,,,,,,,,,,,,,,,,,,
14138,,,,,,,,,,,,,,,,,,,,,,,,,,,,,,,
14139,,,,,,,,,,,,,,,,,,,,,,,,,,,,,,,
14140,,,,,,,,,,,,,,,,,,,,,,,,,,,,,,,
14141,,,,,,,,,,,,,,,,,,,,,,,,,,,,,,,
14142,,,,,,,,,,,,,,,,,,,,,,,,,,,,,,,
14143,,,,,,,,,,,,,,,,,,,,,,,,,,,,,,,
14144,,,,,,,,,,,,,,,,,,,,,,,,,,,,,,,
14145,,,,,,,,,,,,,,,,,,,,,,,,,,,,,,,
14146,,,,,,,,,,,,,,,,,,,,,,,,,,,,,,,
14147,,,,,,,,,,,,,,,,,,,,,,,,,,,,,,,
14148,,,,,,,,,,,,,,,,,,,,,,,,,,,,,,,
14149,,,,,,,,,,,,,,,,,,,,,,,,,,,,,,,
14150,,,,,,,,,,,,,,,,,,,,,,,,,,,,,,,
14151,,,,,,,,,,,,,,,,,,,,,,,,,,,,,,,
14152,,,,,,,,,,,,,,,,,,,,,,,,,,,,,,,
14153,,,,,,,,,,,,,,,,,,,,,,,,,,,,,,,
14154,,,,,,,,,,,,,,,,,,,,,,,,,,,,,,,
14155,,,,,,,,,,,,,,,,,,,,,,,,,,,,,,,
14156,,,,,,,,,,,,,,,,,,,,,,,,,,,,,,,
14157,,,,,,,,,,,,,,,,,,,,,,,,,,,,,,,
14158,,,,,,,,,,,,,,,,,,,,,,,,,,,,,,,
14159,,,,,,,,,,,,,,,,,,,,,,,,,,,,,,,
14160,,,,,,,,,,,,,,,,,,,,,,,,,,,,,,,
14161,,,,,,,,,,,,,,,,,,,,,,,,,,,,,,,
14162,,,,,,,,,,,,,,,,,,,,,,,,,,,,,,,
14163,,,,,,,,,,,,,,,,,,,,,,,,,,,,,,,
14164,,,,,,,,,,,,,,,,,,,,,,,,,,,,,,,
14165,,,,,,,,,,,,,,,,,,,,,,,,,,,,,,,
14166,,,,,,,,,,,,,,,,,,,,,,,,,,,,,,,
14167,,,,,,,,,,,,,,,,,,,,,,,,,,,,,,,
14168,,,,,,,,,,,,,,,,,,,,,,,,,,,,,,,
14169,,,,,,,,,,,,,,,,,,,,,,,,,,,,,,,
14170,,,,,,,,,,,,,,,,,,,,,,,,,,,,,,,
14171,,,,,,,,,,,,,,,,,,,,,,,,,,,,,,,
14172,,,,,,,,,,,,,,,,,,,,,,,,,,,,,,,
14173,,,,,,,,,,,,,,,,,,,,,,,,,,,,,,,
14174,,,,,,,,,,,,,,,,,,,,,,,,,,,,,,,
14175,,,,,,,,,,,,,,,,,,,,,,,,,,,,,,,
14176,,,,,,,,,,,,,,,,,,,,,,,,,,,,,,,
14177,,,,,,,,,,,,,,,,,,,,,,,,,,,,,,,
14178,,,,,,,,,,,,,,,,,,,,,,,,,,,,,,,
14179,,,,,,,,,,,,,,,,,,,,,,,,,,,,,,,
14180,,,,,,,,,,,,,,,,,,,,,,,,,,,,,,,
14181,,,,,,,,,,,,,,,,,,,,,,,,,,,,,,,
14182,,,,,,,,,,,,,,,,,,,,,,,,,,,,,,,
14183,,,,,,,,,,,,,,,,,,,,,,,,,,,,,,,
14184,,,,,,,,,,,,,,,,,,,,,,,,,,,,,,,
14185,,,,,,,,,,,,,,,,,,,,,,,,,,,,,,,
14186,,,,,,,,,,,,,,,,,,,,,,,,,,,,,,,
14187,,,,,,,,,,,,,,,,,,,,,,,,,,,,,,,
14188,,,,,,,,,,,,,,,,,,,,,,,,,,,,,,,
14189,,,,,,,,,,,,,,,,,,,,,,,,,,,,,,,
14190,,,,,,,,,,,,,,,,,,,,,,,,,,,,,,,
14191,,,,,,,,,,,,,,,,,,,,,,,,,,,,,,,
14192,,,,,,,,,,,,,,,,,,,,,,,,,,,,,,,
14193,,,,,,,,,,,,,,,,,,,,,,,,,,,,,,,
14194,,,,,,,,,,,,,,,,,,,,,,,,,,,,,,,
14195,,,,,,,,,,,,,,,,,,,,,,,,,,,,,,,
14196,,,,,,,,,,,,,,,,,,,,,,,,,,,,,,,
14197,,,,,,,,,,,,,,,,,,,,,,,,,,,,,,,
14198,,,,,,,,,,,,,,,,,,,,,,,,,,,,,,,
14199,,,,,,,,,,,,,,,,,,,,,,,,,,,,,,,
14200,,,,,,,,,,,,,,,,,,,,,,,,,,,,,,,
14201,,,,,,,,,,,,,,,,,,,,,,,,,,,,,,,
14202,,,,,,,,,,,,,,,,,,,,,,,,,,,,,,,
14203,,,,,,,,,,,,,,,,,,,,,,,,,,,,,,,
14204,,,,,,,,,,,,,,,,,,,,,,,,,,,,,,,
14205,,,,,,,,,,,,,,,,,,,,,,,,,,,,,,,
14206,,,,,,,,,,,,,,,,,,,,,,,,,,,,,,,
14207,,,,,,,,,,,,,,,,,,,,,,,,,,,,,,,
14208,,,,,,,,,,,,,,,,,,,,,,,,,,,,,,,
14209,,,,,,,,,,,,,,,,,,,,,,,,,,,,,,,
14210,,,,,,,,,,,,,,,,,,,,,,,,,,,,,,,
14211,,,,,,,,,,,,,,,,,,,,,,,,,,,,,,,
14212,,,,,,,,,,,,,,,,,,,,,,,,,,,,,,,
14213,,,,,,,,,,,,,,,,,,,,,,,,,,,,,,,
14214,,,,,,,,,,,,,,,,,,,,,,,,,,,,,,,
14215,,,,,,,,,,,,,,,,,,,,,,,,,,,,,,,
14216,,,,,,,,,,,,,,,,,,,,,,,,,,,,,,,
14217,,,,,,,,,,,,,,,,,,,,,,,,,,,,,,,
14218,,,,,,,,,,,,,,,,,,,,,,,,,,,,,,,
14219,,,,,,,,,,,,,,,,,,,,,,,,,,,,,,,
14220,,,,,,,,,,,,,,,,,,,,,,,,,,,,,,,
14221,,,,,,,,,,,,,,,,,,,,,,,,,,,,,,,
14222,,,,,,,,,,,,,,,,,,,,,,,,,,,,,,,
14223,,,,,,,,,,,,,,,,,,,,,,,,,,,,,,,
14224,,,,,,,,,,,,,,,,,,,,,,,,,,,,,,,
14225,,,,,,,,,,,,,,,,,,,,,,,,,,,,,,,
14226,,,,,,,,,,,,,,,,,,,,,,,,,,,,,,,
14227,,,,,,,,,,,,,,,,,,,,,,,,,,,,,,,
14228,,,,,,,,,,,,,,,,,,,,,,,,,,,,,,,
14229,,,,,,,,,,,,,,,,,,,,,,,,,,,,,,,
14230,,,,,,,,,,,,,,,,,,,,,,,,,,,,,,,
14231,,,,,,,,,,,,,,,,,,,,,,,,,,,,,,,
14232,,,,,,,,,,,,,,,,,,,,,,,,,,,,,,,
14233,,,,,,,,,,,,,,,,,,,,,,,,,,,,,,,
14234,,,,,,,,,,,,,,,,,,,,,,,,,,,,,,,
14235,,,,,,,,,,,,,,,,,,,,,,,,,,,,,,,
14236,,,,,,,,,,,,,,,,,,,,,,,,,,,,,,,
14237,,,,,,,,,,,,,,,,,,,,,,,,,,,,,,,
14238,,,,,,,,,,,,,,,,,,,,,,,,,,,,,,,
14239,,,,,,,,,,,,,,,,,,,,,,,,,,,,,,,
14240,,,,,,,,,,,,,,,,,,,,,,,,,,,,,,,
14241,,,,,,,,,,,,,,,,,,,,,,,,,,,,,,,
14242,,,,,,,,,,,,,,,,,,,,,,,,,,,,,,,
14243,,,,,,,,,,,,,,,,,,,,,,,,,,,,,,,
14244,,,,,,,,,,,,,,,,,,,,,,,,,,,,,,,
14245,,,,,,,,,,,,,,,,,,,,,,,,,,,,,,,
14246,,,,,,,,,,,,,,,,,,,,,,,,,,,,,,,
14247,,,,,,,,,,,,,,,,,,,,,,,,,,,,,,,
14248,,,,,,,,,,,,,,,,,,,,,,,,,,,,,,,
14249,,,,,,,,,,,,,,,,,,,,,,,,,,,,,,,
14250,,,,,,,,,,,,,,,,,,,,,,,,,,,,,,,
14251,,,,,,,,,,,,,,,,,,,,,,,,,,,,,,,
14252,,,,,,,,,,,,,,,,,,,,,,,,,,,,,,,
14253,,,,,,,,,,,,,,,,,,,,,,,,,,,,,,,
14254,,,,,,,,,,,,,,,,,,,,,,,,,,,,,,,
14255,,,,,,,,,,,,,,,,,,,,,,,,,,,,,,,
14256,,,,,,,,,,,,,,,,,,,,,,,,,,,,,,,
14257,,,,,,,,,,,,,,,,,,,,,,,,,,,,,,,
14258,,,,,,,,,,,,,,,,,,,,,,,,,,,,,,,
14259,,,,,,,,,,,,,,,,,,,,,,,,,,,,,,,
14260,,,,,,,,,,,,,,,,,,,,,,,,,,,,,,,
14261,,,,,,,,,,,,,,,,,,,,,,,,,,,,,,,
14262,,,,,,,,,,,,,,,,,,,,,,,,,,,,,,,
14263,,,,,,,,,,,,,,,,,,,,,,,,,,,,,,,
14264,,,,,,,,,,,,,,,,,,,,,,,,,,,,,,,
14265,,,,,,,,,,,,,,,,,,,,,,,,,,,,,,,
14266,,,,,,,,,,,,,,,,,,,,,,,,,,,,,,,
14267,,,,,,,,,,,,,,,,,,,,,,,,,,,,,,,
14268,,,,,,,,,,,,,,,,,,,,,,,,,,,,,,,
14269,,,,,,,,,,,,,,,,,,,,,,,,,,,,,,,
14270,,,,,,,,,,,,,,,,,,,,,,,,,,,,,,,
14271,,,,,,,,,,,,,,,,,,,,,,,,,,,,,,,
14272,,,,,,,,,,,,,,,,,,,,,,,,,,,,,,,
14273,,,,,,,,,,,,,,,,,,,,,,,,,,,,,,,
14274,,,,,,,,,,,,,,,,,,,,,,,,,,,,,,,
14275,,,,,,,,,,,,,,,,,,,,,,,,,,,,,,,
14276,,,,,,,,,,,,,,,,,,,,,,,,,,,,,,,
14277,,,,,,,,,,,,,,,,,,,,,,,,,,,,,,,
14278,,,,,,,,,,,,,,,,,,,,,,,,,,,,,,,
14279,,,,,,,,,,,,,,,,,,,,,,,,,,,,,,,
14280,,,,,,,,,,,,,,,,,,,,,,,,,,,,,,,
14281,,,,,,,,,,,,,,,,,,,,,,,,,,,,,,,
14282,,,,,,,,,,,,,,,,,,,,,,,,,,,,,,,
14283,,,,,,,,,,,,,,,,,,,,,,,,,,,,,,,
14284,,,,,,,,,,,,,,,,,,,,,,,,,,,,,,,
14285,,,,,,,,,,,,,,,,,,,,,,,,,,,,,,,
14286,,,,,,,,,,,,,,,,,,,,,,,,,,,,,,,
14287,,,,,,,,,,,,,,,,,,,,,,,,,,,,,,,
14288,,,,,,,,,,,,,,,,,,,,,,,,,,,,,,,
14289,,,,,,,,,,,,,,,,,,,,,,,,,,,,,,,
14290,,,,,,,,,,,,,,,,,,,,,,,,,,,,,,,
14291,,,,,,,,,,,,,,,,,,,,,,,,,,,,,,,
14292,,,,,,,,,,,,,,,,,,,,,,,,,,,,,,,
14293,,,,,,,,,,,,,,,,,,,,,,,,,,,,,,,
14294,,,,,,,,,,,,,,,,,,,,,,,,,,,,,,,
14295,,,,,,,,,,,,,,,,,,,,,,,,,,,,,,,
14296,,,,,,,,,,,,,,,,,,,,,,,,,,,,,,,
14297,,,,,,,,,,,,,,,,,,,,,,,,,,,,,,,
14298,,,,,,,,,,,,,,,,,,,,,,,,,,,,,,,
14299,,,,,,,,,,,,,,,,,,,,,,,,,,,,,,,
14300,,,,,,,,,,,,,,,,,,,,,,,,,,,,,,,
14301,,,,,,,,,,,,,,,,,,,,,,,,,,,,,,,
14302,,,,,,,,,,,,,,,,,,,,,,,,,,,,,,,
14303,,,,,,,,,,,,,,,,,,,,,,,,,,,,,,,
14304,,,,,,,,,,,,,,,,,,,,,,,,,,,,,,,
14305,,,,,,,,,,,,,,,,,,,,,,,,,,,,,,,
14306,,,,,,,,,,,,,,,,,,,,,,,,,,,,,,,
14307,,,,,,,,,,,,,,,,,,,,,,,,,,,,,,,
14308,,,,,,,,,,,,,,,,,,,,,,,,,,,,,,,
14309,,,,,,,,,,,,,,,,,,,,,,,,,,,,,,,
14310,,,,,,,,,,,,,,,,,,,,,,,,,,,,,,,
14311,,,,,,,,,,,,,,,,,,,,,,,,,,,,,,,
14312,,,,,,,,,,,,,,,,,,,,,,,,,,,,,,,
14313,,,,,,,,,,,,,,,,,,,,,,,,,,,,,,,
14314,,,,,,,,,,,,,,,,,,,,,,,,,,,,,,,
14315,,,,,,,,,,,,,,,,,,,,,,,,,,,,,,,
14316,,,,,,,,,,,,,,,,,,,,,,,,,,,,,,,
14317,,,,,,,,,,,,,,,,,,,,,,,,,,,,,,,
14318,,,,,,,,,,,,,,,,,,,,,,,,,,,,,,,
14319,,,,,,,,,,,,,,,,,,,,,,,,,,,,,,,
14320,,,,,,,,,,,,,,,,,,,,,,,,,,,,,,,
14321,,,,,,,,,,,,,,,,,,,,,,,,,,,,,,,
14322,,,,,,,,,,,,,,,,,,,,,,,,,,,,,,,
14323,,,,,,,,,,,,,,,,,,,,,,,,,,,,,,,
14324,,,,,,,,,,,,,,,,,,,,,,,,,,,,,,,
14325,,,,,,,,,,,,,,,,,,,,,,,,,,,,,,,
14326,,,,,,,,,,,,,,,,,,,,,,,,,,,,,,,
14327,,,,,,,,,,,,,,,,,,,,,,,,,,,,,,,
14328,,,,,,,,,,,,,,,,,,,,,,,,,,,,,,,
14329,,,,,,,,,,,,,,,,,,,,,,,,,,,,,,,
14330,,,,,,,,,,,,,,,,,,,,,,,,,,,,,,,
14331,,,,,,,,,,,,,,,,,,,,,,,,,,,,,,,
14332,,,,,,,,,,,,,,,,,,,,,,,,,,,,,,,
14333,,,,,,,,,,,,,,,,,,,,,,,,,,,,,,,
14334,,,,,,,,,,,,,,,,,,,,,,,,,,,,,,,
14335,,,,,,,,,,,,,,,,,,,,,,,,,,,,,,,
14336,,,,,,,,,,,,,,,,,,,,,,,,,,,,,,,
14337,,,,,,,,,,,,,,,,,,,,,,,,,,,,,,,
14338,,,,,,,,,,,,,,,,,,,,,,,,,,,,,,,
14339,,,,,,,,,,,,,,,,,,,,,,,,,,,,,,,
14340,,,,,,,,,,,,,,,,,,,,,,,,,,,,,,,
14341,,,,,,,,,,,,,,,,,,,,,,,,,,,,,,,
14342,,,,,,,,,,,,,,,,,,,,,,,,,,,,,,,
14343,,,,,,,,,,,,,,,,,,,,,,,,,,,,,,,
14344,,,,,,,,,,,,,,,,,,,,,,,,,,,,,,,
14345,,,,,,,,,,,,,,,,,,,,,,,,,,,,,,,
14346,,,,,,,,,,,,,,,,,,,,,,,,,,,,,,,
14347,,,,,,,,,,,,,,,,,,,,,,,,,,,,,,,
14348,,,,,,,,,,,,,,,,,,,,,,,,,,,,,,,
14349,,,,,,,,,,,,,,,,,,,,,,,,,,,,,,,
14350,,,,,,,,,,,,,,,,,,,,,,,,,,,,,,,
14351,,,,,,,,,,,,,,,,,,,,,,,,,,,,,,,
14352,,,,,,,,,,,,,,,,,,,,,,,,,,,,,,,
14353,,,,,,,,,,,,,,,,,,,,,,,,,,,,,,,
14354,,,,,,,,,,,,,,,,,,,,,,,,,,,,,,,
14355,,,,,,,,,,,,,,,,,,,,,,,,,,,,,,,
14356,,,,,,,,,,,,,,,,,,,,,,,,,,,,,,,
14357,,,,,,,,,,,,,,,,,,,,,,,,,,,,,,,
14358,,,,,,,,,,,,,,,,,,,,,,,,,,,,,,,
14359,,,,,,,,,,,,,,,,,,,,,,,,,,,,,,,
14360,,,,,,,,,,,,,,,,,,,,,,,,,,,,,,,
14361,,,,,,,,,,,,,,,,,,,,,,,,,,,,,,,
14362,,,,,,,,,,,,,,,,,,,,,,,,,,,,,,,
14363,,,,,,,,,,,,,,,,,,,,,,,,,,,,,,,
14364,,,,,,,,,,,,,,,,,,,,,,,,,,,,,,,
14365,,,,,,,,,,,,,,,,,,,,,,,,,,,,,,,
14366,,,,,,,,,,,,,,,,,,,,,,,,,,,,,,,
14367,,,,,,,,,,,,,,,,,,,,,,,,,,,,,,,
14368,,,,,,,,,,,,,,,,,,,,,,,,,,,,,,,
14369,,,,,,,,,,,,,,,,,,,,,,,,,,,,,,,
14370,,,,,,,,,,,,,,,,,,,,,,,,,,,,,,,
14371,,,,,,,,,,,,,,,,,,,,,,,,,,,,,,,
14372,,,,,,,,,,,,,,,,,,,,,,,,,,,,,,,
14373,,,,,,,,,,,,,,,,,,,,,,,,,,,,,,,
14374,,,,,,,,,,,,,,,,,,,,,,,,,,,,,,,
14375,,,,,,,,,,,,,,,,,,,,,,,,,,,,,,,
14376,,,,,,,,,,,,,,,,,,,,,,,,,,,,,,,
14377,,,,,,,,,,,,,,,,,,,,,,,,,,,,,,,
14378,,,,,,,,,,,,,,,,,,,,,,,,,,,,,,,
14379,,,,,,,,,,,,,,,,,,,,,,,,,,,,,,,
14380,,,,,,,,,,,,,,,,,,,,,,,,,,,,,,,
14381,,,,,,,,,,,,,,,,,,,,,,,,,,,,,,,
14382,,,,,,,,,,,,,,,,,,,,,,,,,,,,,,,
14383,,,,,,,,,,,,,,,,,,,,,,,,,,,,,,,
14384,,,,,,,,,,,,,,,,,,,,,,,,,,,,,,,
14385,,,,,,,,,,,,,,,,,,,,,,,,,,,,,,,
14386,,,,,,,,,,,,,,,,,,,,,,,,,,,,,,,
14387,,,,,,,,,,,,,,,,,,,,,,,,,,,,,,,
14388,,,,,,,,,,,,,,,,,,,,,,,,,,,,,,,
14389,,,,,,,,,,,,,,,,,,,,,,,,,,,,,,,
14390,,,,,,,,,,,,,,,,,,,,,,,,,,,,,,,
14391,,,,,,,,,,,,,,,,,,,,,,,,,,,,,,,
14392,,,,,,,,,,,,,,,,,,,,,,,,,,,,,,,
14393,,,,,,,,,,,,,,,,,,,,,,,,,,,,,,,
14394,,,,,,,,,,,,,,,,,,,,,,,,,,,,,,,
14395,,,,,,,,,,,,,,,,,,,,,,,,,,,,,,,
14396,,,,,,,,,,,,,,,,,,,,,,,,,,,,,,,
14397,,,,,,,,,,,,,,,,,,,,,,,,,,,,,,,
14398,,,,,,,,,,,,,,,,,,,,,,,,,,,,,,,
14399,,,,,,,,,,,,,,,,,,,,,,,,,,,,,,,
14400,,,,,,,,,,,,,,,,,,,,,,,,,,,,,,,
14401,,,,,,,,,,,,,,,,,,,,,,,,,,,,,,,
14402,,,,,,,,,,,,,,,,,,,,,,,,,,,,,,,
14403,,,,,,,,,,,,,,,,,,,,,,,,,,,,,,,
14404,,,,,,,,,,,,,,,,,,,,,,,,,,,,,,,
14405,,,,,,,,,,,,,,,,,,,,,,,,,,,,,,,
14406,,,,,,,,,,,,,,,,,,,,,,,,,,,,,,,
14407,,,,,,,,,,,,,,,,,,,,,,,,,,,,,,,
14408,,,,,,,,,,,,,,,,,,,,,,,,,,,,,,,
14409,,,,,,,,,,,,,,,,,,,,,,,,,,,,,,,
14410,,,,,,,,,,,,,,,,,,,,,,,,,,,,,,,
14411,,,,,,,,,,,,,,,,,,,,,,,,,,,,,,,
14412,,,,,,,,,,,,,,,,,,,,,,,,,,,,,,,
14413,,,,,,,,,,,,,,,,,,,,,,,,,,,,,,,
14414,,,,,,,,,,,,,,,,,,,,,,,,,,,,,,,
14415,,,,,,,,,,,,,,,,,,,,,,,,,,,,,,,
14416,,,,,,,,,,,,,,,,,,,,,,,,,,,,,,,
14417,,,,,,,,,,,,,,,,,,,,,,,,,,,,,,,
14418,,,,,,,,,,,,,,,,,,,,,,,,,,,,,,,
14419,,,,,,,,,,,,,,,,,,,,,,,,,,,,,,,
14420,,,,,,,,,,,,,,,,,,,,,,,,,,,,,,,
14421,,,,,,,,,,,,,,,,,,,,,,,,,,,,,,,
14422,,,,,,,,,,,,,,,,,,,,,,,,,,,,,,,
14423,,,,,,,,,,,,,,,,,,,,,,,,,,,,,,,
14424,,,,,,,,,,,,,,,,,,,,,,,,,,,,,,,
14425,,,,,,,,,,,,,,,,,,,,,,,,,,,,,,,
14426,,,,,,,,,,,,,,,,,,,,,,,,,,,,,,,
14427,,,,,,,,,,,,,,,,,,,,,,,,,,,,,,,
14428,,,,,,,,,,,,,,,,,,,,,,,,,,,,,,,
14429,,,,,,,,,,,,,,,,,,,,,,,,,,,,,,,
14430,,,,,,,,,,,,,,,,,,,,,,,,,,,,,,,
14431,,,,,,,,,,,,,,,,,,,,,,,,,,,,,,,
14432,,,,,,,,,,,,,,,,,,,,,,,,,,,,,,,
14433,,,,,,,,,,,,,,,,,,,,,,,,,,,,,,,
14434,,,,,,,,,,,,,,,,,,,,,,,,,,,,,,,
14435,,,,,,,,,,,,,,,,,,,,,,,,,,,,,,,
14436,,,,,,,,,,,,,,,,,,,,,,,,,,,,,,,
14437,,,,,,,,,,,,,,,,,,,,,,,,,,,,,,,
14438,,,,,,,,,,,,,,,,,,,,,,,,,,,,,,,
14439,,,,,,,,,,,,,,,,,,,,,,,,,,,,,,,
14440,,,,,,,,,,,,,,,,,,,,,,,,,,,,,,,
14441,,,,,,,,,,,,,,,,,,,,,,,,,,,,,,,
14442,,,,,,,,,,,,,,,,,,,,,,,,,,,,,,,
14443,,,,,,,,,,,,,,,,,,,,,,,,,,,,,,,
14444,,,,,,,,,,,,,,,,,,,,,,,,,,,,,,,
14445,,,,,,,,,,,,,,,,,,,,,,,,,,,,,,,
14446,,,,,,,,,,,,,,,,,,,,,,,,,,,,,,,
14447,,,,,,,,,,,,,,,,,,,,,,,,,,,,,,,
14448,,,,,,,,,,,,,,,,,,,,,,,,,,,,,,,
14449,,,,,,,,,,,,,,,,,,,,,,,,,,,,,,,
14450,,,,,,,,,,,,,,,,,,,,,,,,,,,,,,,
14451,,,,,,,,,,,,,,,,,,,,,,,,,,,,,,,
14452,,,,,,,,,,,,,,,,,,,,,,,,,,,,,,,
14453,,,,,,,,,,,,,,,,,,,,,,,,,,,,,,,
14454,,,,,,,,,,,,,,,,,,,,,,,,,,,,,,,
14455,,,,,,,,,,,,,,,,,,,,,,,,,,,,,,,
14456,,,,,,,,,,,,,,,,,,,,,,,,,,,,,,,
14457,,,,,,,,,,,,,,,,,,,,,,,,,,,,,,,
14458,,,,,,,,,,,,,,,,,,,,,,,,,,,,,,,
14459,,,,,,,,,,,,,,,,,,,,,,,,,,,,,,,
14460,,,,,,,,,,,,,,,,,,,,,,,,,,,,,,,
14461,,,,,,,,,,,,,,,,,,,,,,,,,,,,,,,
14462,,,,,,,,,,,,,,,,,,,,,,,,,,,,,,,
14463,,,,,,,,,,,,,,,,,,,,,,,,,,,,,,,
14464,,,,,,,,,,,,,,,,,,,,,,,,,,,,,,,
14465,,,,,,,,,,,,,,,,,,,,,,,,,,,,,,,
14466,,,,,,,,,,,,,,,,,,,,,,,,,,,,,,,
14467,,,,,,,,,,,,,,,,,,,,,,,,,,,,,,,
14468,,,,,,,,,,,,,,,,,,,,,,,,,,,,,,,
14469,,,,,,,,,,,,,,,,,,,,,,,,,,,,,,,
14470,,,,,,,,,,,,,,,,,,,,,,,,,,,,,,,
14471,,,,,,,,,,,,,,,,,,,,,,,,,,,,,,,
14472,,,,,,,,,,,,,,,,,,,,,,,,,,,,,,,
14473,,,,,,,,,,,,,,,,,,,,,,,,,,,,,,,
14474,,,,,,,,,,,,,,,,,,,,,,,,,,,,,,,
14475,,,,,,,,,,,,,,,,,,,,,,,,,,,,,,,
14476,,,,,,,,,,,,,,,,,,,,,,,,,,,,,,,
14477,,,,,,,,,,,,,,,,,,,,,,,,,,,,,,,
14478,,,,,,,,,,,,,,,,,,,,,,,,,,,,,,,
14479,,,,,,,,,,,,,,,,,,,,,,,,,,,,,,,
14480,,,,,,,,,,,,,,,,,,,,,,,,,,,,,,,
14481,,,,,,,,,,,,,,,,,,,,,,,,,,,,,,,
14482,,,,,,,,,,,,,,,,,,,,,,,,,,,,,,,
14483,,,,,,,,,,,,,,,,,,,,,,,,,,,,,,,
14484,,,,,,,,,,,,,,,,,,,,,,,,,,,,,,,
14485,,,,,,,,,,,,,,,,,,,,,,,,,,,,,,,
14486,,,,,,,,,,,,,,,,,,,,,,,,,,,,,,,
14487,,,,,,,,,,,,,,,,,,,,,,,,,,,,,,,
14488,,,,,,,,,,,,,,,,,,,,,,,,,,,,,,,
14489,,,,,,,,,,,,,,,,,,,,,,,,,,,,,,,
14490,,,,,,,,,,,,,,,,,,,,,,,,,,,,,,,
14491,,,,,,,,,,,,,,,,,,,,,,,,,,,,,,,
14492,,,,,,,,,,,,,,,,,,,,,,,,,,,,,,,
14493,,,,,,,,,,,,,,,,,,,,,,,,,,,,,,,
14494,,,,,,,,,,,,,,,,,,,,,,,,,,,,,,,
14495,,,,,,,,,,,,,,,,,,,,,,,,,,,,,,,
14496,,,,,,,,,,,,,,,,,,,,,,,,,,,,,,,
14497,,,,,,,,,,,,,,,,,,,,,,,,,,,,,,,
14498,,,,,,,,,,,,,,,,,,,,,,,,,,,,,,,
14499,,,,,,,,,,,,,,,,,,,,,,,,,,,,,,,
14500,,,,,,,,,,,,,,,,,,,,,,,,,,,,,,,
14501,,,,,,,,,,,,,,,,,,,,,,,,,,,,,,,
14502,,,,,,,,,,,,,,,,,,,,,,,,,,,,,,,
14503,,,,,,,,,,,,,,,,,,,,,,,,,,,,,,,
14504,,,,,,,,,,,,,,,,,,,,,,,,,,,,,,,
14505,,,,,,,,,,,,,,,,,,,,,,,,,,,,,,,
14506,,,,,,,,,,,,,,,,,,,,,,,,,,,,,,,
14507,,,,,,,,,,,,,,,,,,,,,,,,,,,,,,,
14508,,,,,,,,,,,,,,,,,,,,,,,,,,,,,,,
14509,,,,,,,,,,,,,,,,,,,,,,,,,,,,,,,
14510,,,,,,,,,,,,,,,,,,,,,,,,,,,,,,,
14511,,,,,,,,,,,,,,,,,,,,,,,,,,,,,,,
14512,,,,,,,,,,,,,,,,,,,,,,,,,,,,,,,
14513,,,,,,,,,,,,,,,,,,,,,,,,,,,,,,,
14514,,,,,,,,,,,,,,,,,,,,,,,,,,,,,,,
14515,,,,,,,,,,,,,,,,,,,,,,,,,,,,,,,
14516,,,,,,,,,,,,,,,,,,,,,,,,,,,,,,,
14517,,,,,,,,,,,,,,,,,,,,,,,,,,,,,,,
14518,,,,,,,,,,,,,,,,,,,,,,,,,,,,,,,
14519,,,,,,,,,,,,,,,,,,,,,,,,,,,,,,,
14520,,,,,,,,,,,,,,,,,,,,,,,,,,,,,,,
14521,,,,,,,,,,,,,,,,,,,,,,,,,,,,,,,
14522,,,,,,,,,,,,,,,,,,,,,,,,,,,,,,,
14523,,,,,,,,,,,,,,,,,,,,,,,,,,,,,,,
14524,,,,,,,,,,,,,,,,,,,,,,,,,,,,,,,
14525,,,,,,,,,,,,,,,,,,,,,,,,,,,,,,,
14526,,,,,,,,,,,,,,,,,,,,,,,,,,,,,,,
14527,,,,,,,,,,,,,,,,,,,,,,,,,,,,,,,
14528,,,,,,,,,,,,,,,,,,,,,,,,,,,,,,,
14529,,,,,,,,,,,,,,,,,,,,,,,,,,,,,,,
14530,,,,,,,,,,,,,,,,,,,,,,,,,,,,,,,
14531,,,,,,,,,,,,,,,,,,,,,,,,,,,,,,,
14532,,,,,,,,,,,,,,,,,,,,,,,,,,,,,,,
14533,,,,,,,,,,,,,,,,,,,,,,,,,,,,,,,
14534,,,,,,,,,,,,,,,,,,,,,,,,,,,,,,,
14535,,,,,,,,,,,,,,,,,,,,,,,,,,,,,,,
14536,,,,,,,,,,,,,,,,,,,,,,,,,,,,,,,
14537,,,,,,,,,,,,,,,,,,,,,,,,,,,,,,,
14538,,,,,,,,,,,,,,,,,,,,,,,,,,,,,,,
14539,,,,,,,,,,,,,,,,,,,,,,,,,,,,,,,
14540,,,,,,,,,,,,,,,,,,,,,,,,,,,,,,,
14541,,,,,,,,,,,,,,,,,,,,,,,,,,,,,,,
14542,,,,,,,,,,,,,,,,,,,,,,,,,,,,,,,
14543,,,,,,,,,,,,,,,,,,,,,,,,,,,,,,,
14544,,,,,,,,,,,,,,,,,,,,,,,,,,,,,,,
14545,,,,,,,,,,,,,,,,,,,,,,,,,,,,,,,
14546,,,,,,,,,,,,,,,,,,,,,,,,,,,,,,,
14547,,,,,,,,,,,,,,,,,,,,,,,,,,,,,,,
14548,,,,,,,,,,,,,,,,,,,,,,,,,,,,,,,
14549,,,,,,,,,,,,,,,,,,,,,,,,,,,,,,,
14550,,,,,,,,,,,,,,,,,,,,,,,,,,,,,,,
14551,,,,,,,,,,,,,,,,,,,,,,,,,,,,,,,
14552,,,,,,,,,,,,,,,,,,,,,,,,,,,,,,,
14553,,,,,,,,,,,,,,,,,,,,,,,,,,,,,,,
14554,,,,,,,,,,,,,,,,,,,,,,,,,,,,,,,
14555,,,,,,,,,,,,,,,,,,,,,,,,,,,,,,,
14556,,,,,,,,,,,,,,,,,,,,,,,,,,,,,,,
14557,,,,,,,,,,,,,,,,,,,,,,,,,,,,,,,
14558,,,,,,,,,,,,,,,,,,,,,,,,,,,,,,,
14559,,,,,,,,,,,,,,,,,,,,,,,,,,,,,,,
14560,,,,,,,,,,,,,,,,,,,,,,,,,,,,,,,
14561,,,,,,,,,,,,,,,,,,,,,,,,,,,,,,,
14562,,,,,,,,,,,,,,,,,,,,,,,,,,,,,,,
14563,,,,,,,,,,,,,,,,,,,,,,,,,,,,,,,
14564,,,,,,,,,,,,,,,,,,,,,,,,,,,,,,,
14565,,,,,,,,,,,,,,,,,,,,,,,,,,,,,,,
14566,,,,,,,,,,,,,,,,,,,,,,,,,,,,,,,
14567,,,,,,,,,,,,,,,,,,,,,,,,,,,,,,,
14568,,,,,,,,,,,,,,,,,,,,,,,,,,,,,,,
14569,,,,,,,,,,,,,,,,,,,,,,,,,,,,,,,
14570,,,,,,,,,,,,,,,,,,,,,,,,,,,,,,,
14571,,,,,,,,,,,,,,,,,,,,,,,,,,,,,,,
14572,,,,,,,,,,,,,,,,,,,,,,,,,,,,,,,
14573,,,,,,,,,,,,,,,,,,,,,,,,,,,,,,,
14574,,,,,,,,,,,,,,,,,,,,,,,,,,,,,,,
14575,,,,,,,,,,,,,,,,,,,,,,,,,,,,,,,
14576,,,,,,,,,,,,,,,,,,,,,,,,,,,,,,,
14578,,,,,,,,,,,,,,,,,,,,,,,,,,,,,,,
14579,,,,,,,,,,,,,,,,,,,,,,,,,,,,,,,
14580,,,,,,,,,,,,,,,,,,,,,,,,,,,,,,,
14581,,,,,,,,,,,,,,,,,,,,,,,,,,,,,,,
14582,,,,,,,,,,,,,,,,,,,,,,,,,,,,,,,
14583,,,,,,,,,,,,,,,,,,,,,,,,,,,,,,,
14584,,,,,,,,,,,,,,,,,,,,,,,,,,,,,,,
14585,,,,,,,,,,,,,,,,,,,,,,,,,,,,,,,
14586,,,,,,,,,,,,,,,,,,,,,,,,,,,,,,,
14587,,,,,,,,,,,,,,,,,,,,,,,,,,,,,,,
14588,,,,,,,,,,,,,,,,,,,,,,,,,,,,,,,
14589,,,,,,,,,,,,,,,,,,,,,,,,,,,,,,,
14590,,,,,,,,,,,,,,,,,,,,,,,,,,,,,,,
14591,,,,,,,,,,,,,,,,,,,,,,,,,,,,,,,
14592,,,,,,,,,,,,,,,,,,,,,,,,,,,,,,,
14593,,,,,,,,,,,,,,,,,,,,,,,,,,,,,,,
14594,,,,,,,,,,,,,,,,,,,,,,,,,,,,,,,
14595,,,,,,,,,,,,,,,,,,,,,,,,,,,,,,,
14596,,,,,,,,,,,,,,,,,,,,,,,,,,,,,,,
14597,,,,,,,,,,,,,,,,,,,,,,,,,,,,,,,
14598,,,,,,,,,,,,,,,,,,,,,,,,,,,,,,,
14599,,,,,,,,,,,,,,,,,,,,,,,,,,,,,,,
14600,,,,,,,,,,,,,,,,,,,,,,,,,,,,,,,
14601,,,,,,,,,,,,,,,,,,,,,,,,,,,,,,,
14602,,,,,,,,,,,,,,,,,,,,,,,,,,,,,,,
14603,,,,,,,,,,,,,,,,,,,,,,,,,,,,,,,
14604,,,,,,,,,,,,,,,,,,,,,,,,,,,,,,,
14605,,,,,,,,,,,,,,,,,,,,,,,,,,,,,,,
14606,,,,,,,,,,,,,,,,,,,,,,,,,,,,,,,
14608,,,,,,,,,,,,,,,,,,,,,,,,,,,,,,,
14609,,,,,,,,,,,,,,,,,,,,,,,,,,,,,,,
14610,,,,,,,,,,,,,,,,,,,,,,,,,,,,,,,
14611,,,,,,,,,,,,,,,,,,,,,,,,,,,,,,,
14612,,,,,,,,,,,,,,,,,,,,,,,,,,,,,,,
14613,,,,,,,,,,,,,,,,,,,,,,,,,,,,,,,
14614,,,,,,,,,,,,,,,,,,,,,,,,,,,,,,,
14615,,,,,,,,,,,,,,,,,,,,,,,,,,,,,,,
14616,,,,,,,,,,,,,,,,,,,,,,,,,,,,,,,
14617,,,,,,,,,,,,,,,,,,,,,,,,,,,,,,,
14618,,,,,,,,,,,,,,,,,,,,,,,,,,,,,,,
14619,,,,,,,,,,,,,,,,,,,,,,,,,,,,,,,
14620,,,,,,,,,,,,,,,,,,,,,,,,,,,,,,,
14621,,,,,,,,,,,,,,,,,,,,,,,,,,,,,,,
14622,,,,,,,,,,,,,,,,,,,,,,,,,,,,,,,
14623,,,,,,,,,,,,,,,,,,,,,,,,,,,,,,,
14624,,,,,,,,,,,,,,,,,,,,,,,,,,,,,,,
14625,,,,,,,,,,,,,,,,,,,,,,,,,,,,,,,
14626,,,,,,,,,,,,,,,,,,,,,,,,,,,,,,,
14627,,,,,,,,,,,,,,,,,,,,,,,,,,,,,,,
14628,,,,,,,,,,,,,,,,,,,,,,,,,,,,,,,
14629,,,,,,,,,,,,,,,,,,,,,,,,,,,,,,,
14630,,,,,,,,,,,,,,,,,,,,,,,,,,,,,,,
14631,,,,,,,,,,,,,,,,,,,,,,,,,,,,,,,
14632,,,,,,,,,,,,,,,,,,,,,,,,,,,,,,,
14633,,,,,,,,,,,,,,,,,,,,,,,,,,,,,,,
14634,,,,,,,,,,,,,,,,,,,,,,,,,,,,,,,
14635,,,,,,,,,,,,,,,,,,,,,,,,,,,,,,,
14636,,,,,,,,,,,,,,,,,,,,,,,,,,,,,,,
14637,,,,,,,,,,,,,,,,,,,,,,,,,,,,,,,
14638,,,,,,,,,,,,,,,,,,,,,,,,,,,,,,,
14639,,,,,,,,,,,,,,,,,,,,,,,,,,,,,,,
14640,,,,,,,,,,,,,,,,,,,,,,,,,,,,,,,
14641,,,,,,,,,,,,,,,,,,,,,,,,,,,,,,,
14642,,,,,,,,,,,,,,,,,,,,,,,,,,,,,,,
14643,,,,,,,,,,,,,,,,,,,,,,,,,,,,,,,
14644,,,,,,,,,,,,,,,,,,,,,,,,,,,,,,,
14645,,,,,,,,,,,,,,,,,,,,,,,,,,,,,,,
14646,,,,,,,,,,,,,,,,,,,,,,,,,,,,,,,
14647,,,,,,,,,,,,,,,,,,,,,,,,,,,,,,,
14648,,,,,,,,,,,,,,,,,,,,,,,,,,,,,,,
14649,,,,,,,,,,,,,,,,,,,,,,,,,,,,,,,
14650,,,,,,,,,,,,,,,,,,,,,,,,,,,,,,,
14651,,,,,,,,,,,,,,,,,,,,,,,,,,,,,,,
14652,,,,,,,,,,,,,,,,,,,,,,,,,,,,,,,
14653,,,,,,,,,,,,,,,,,,,,,,,,,,,,,,,
14654,,,,,,,,,,,,,,,,,,,,,,,,,,,,,,,
14655,,,,,,,,,,,,,,,,,,,,,,,,,,,,,,,
14656,,,,,,,,,,,,,,,,,,,,,,,,,,,,,,,
14657,,,,,,,,,,,,,,,,,,,,,,,,,,,,,,,
14658,,,,,,,,,,,,,,,,,,,,,,,,,,,,,,,
14659,,,,,,,,,,,,,,,,,,,,,,,,,,,,,,,
14660,,,,,,,,,,,,,,,,,,,,,,,,,,,,,,,
14661,,,,,,,,,,,,,,,,,,,,,,,,,,,,,,,
14662,,,,,,,,,,,,,,,,,,,,,,,,,,,,,,,
14663,,,,,,,,,,,,,,,,,,,,,,,,,,,,,,,
14664,,,,,,,,,,,,,,,,,,,,,,,,,,,,,,,
14665,,,,,,,,,,,,,,,,,,,,,,,,,,,,,,,
14666,,,,,,,,,,,,,,,,,,,,,,,,,,,,,,,
14667,,,,,,,,,,,,,,,,,,,,,,,,,,,,,,,
14668,,,,,,,,,,,,,,,,,,,,,,,,,,,,,,,
14669,,,,,,,,,,,,,,,,,,,,,,,,,,,,,,,
14670,,,,,,,,,,,,,,,,,,,,,,,,,,,,,,,
14671,,,,,,,,,,,,,,,,,,,,,,,,,,,,,,,
14672,,,,,,,,,,,,,,,,,,,,,,,,,,,,,,,
14673,,,,,,,,,,,,,,,,,,,,,,,,,,,,,,,
14674,,,,,,,,,,,,,,,,,,,,,,,,,,,,,,,
14675,,,,,,,,,,,,,,,,,,,,,,,,,,,,,,,
14676,,,,,,,,,,,,,,,,,,,,,,,,,,,,,,,
14677,,,,,,,,,,,,,,,,,,,,,,,,,,,,,,,
14678,,,,,,,,,,,,,,,,,,,,,,,,,,,,,,,
14679,,,,,,,,,,,,,,,,,,,,,,,,,,,,,,,
14680,,,,,,,,,,,,,,,,,,,,,,,,,,,,,,,
14681,,,,,,,,,,,,,,,,,,,,,,,,,,,,,,,
14682,,,,,,,,,,,,,,,,,,,,,,,,,,,,,,,
14683,,,,,,,,,,,,,,,,,,,,,,,,,,,,,,,
14684,,,,,,,,,,,,,,,,,,,,,,,,,,,,,,,
14685,,,,,,,,,,,,,,,,,,,,,,,,,,,,,,,
14686,,,,,,,,,,,,,,,,,,,,,,,,,,,,,,,
14687,,,,,,,,,,,,,,,,,,,,,,,,,,,,,,,
14688,,,,,,,,,,,,,,,,,,,,,,,,,,,,,,,
14689,,,,,,,,,,,,,,,,,,,,,,,,,,,,,,,
14690,,,,,,,,,,,,,,,,,,,,,,,,,,,,,,,
14691,,,,,,,,,,,,,,,,,,,,,,,,,,,,,,,
14692,,,,,,,,,,,,,,,,,,,,,,,,,,,,,,,
14693,,,,,,,,,,,,,,,,,,,,,,,,,,,,,,,
14694,,,,,,,,,,,,,,,,,,,,,,,,,,,,,,,
14695,,,,,,,,,,,,,,,,,,,,,,,,,,,,,,,
14696,,,,,,,,,,,,,,,,,,,,,,,,,,,,,,,
14697,,,,,,,,,,,,,,,,,,,,,,,,,,,,,,,
14698,,,,,,,,,,,,,,,,,,,,,,,,,,,,,,,
14699,,,,,,,,,,,,,,,,,,,,,,,,,,,,,,,
14700,,,,,,,,,,,,,,,,,,,,,,,,,,,,,,,
14701,,,,,,,,,,,,,,,,,,,,,,,,,,,,,,,
14702,,,,,,,,,,,,,,,,,,,,,,,,,,,,,,,
14703,,,,,,,,,,,,,,,,,,,,,,,,,,,,,,,
14704,,,,,,,,,,,,,,,,,,,,,,,,,,,,,,,
14705,,,,,,,,,,,,,,,,,,,,,,,,,,,,,,,
14706,,,,,,,,,,,,,,,,,,,,,,,,,,,,,,,
14707,,,,,,,,,,,,,,,,,,,,,,,,,,,,,,,
14708,,,,,,,,,,,,,,,,,,,,,,,,,,,,,,,
14709,,,,,,,,,,,,,,,,,,,,,,,,,,,,,,,
14710,,,,,,,,,,,,,,,,,,,,,,,,,,,,,,,
14711,,,,,,,,,,,,,,,,,,,,,,,,,,,,,,,
14712,,,,,,,,,,,,,,,,,,,,,,,,,,,,,,,
14713,,,,,,,,,,,,,,,,,,,,,,,,,,,,,,,
14714,,,,,,,,,,,,,,,,,,,,,,,,,,,,,,,
14715,,,,,,,,,,,,,,,,,,,,,,,,,,,,,,,
14716,,,,,,,,,,,,,,,,,,,,,,,,,,,,,,,
14717,,,,,,,,,,,,,,,,,,,,,,,,,,,,,,,
14718,,,,,,,,,,,,,,,,,,,,,,,,,,,,,,,
14719,,,,,,,,,,,,,,,,,,,,,,,,,,,,,,,
14720,,,,,,,,,,,,,,,,,,,,,,,,,,,,,,,
14721,,,,,,,,,,,,,,,,,,,,,,,,,,,,,,,
14722,,,,,,,,,,,,,,,,,,,,,,,,,,,,,,,
14723,,,,,,,,,,,,,,,,,,,,,,,,,,,,,,,
14724,,,,,,,,,,,,,,,,,,,,,,,,,,,,,,,
14725,,,,,,,,,,,,,,,,,,,,,,,,,,,,,,,
14726,,,,,,,,,,,,,,,,,,,,,,,,,,,,,,,
14727,,,,,,,,,,,,,,,,,,,,,,,,,,,,,,,
14728,,,,,,,,,,,,,,,,,,,,,,,,,,,,,,,
14729,,,,,,,,,,,,,,,,,,,,,,,,,,,,,,,
14730,,,,,,,,,,,,,,,,,,,,,,,,,,,,,,,
14731,,,,,,,,,,,,,,,,,,,,,,,,,,,,,,,
14732,,,,,,,,,,,,,,,,,,,,,,,,,,,,,,,
14733,,,,,,,,,,,,,,,,,,,,,,,,,,,,,,,
14734,,,,,,,,,,,,,,,,,,,,,,,,,,,,,,,
14735,,,,,,,,,,,,,,,,,,,,,,,,,,,,,,,
14736,,,,,,,,,,,,,,,,,,,,,,,,,,,,,,,
14737,,,,,,,,,,,,,,,,,,,,,,,,,,,,,,,
14738,,,,,,,,,,,,,,,,,,,,,,,,,,,,,,,
14739,,,,,,,,,,,,,,,,,,,,,,,,,,,,,,,
14740,,,,,,,,,,,,,,,,,,,,,,,,,,,,,,,
14741,,,,,,,,,,,,,,,,,,,,,,,,,,,,,,,
14742,,,,,,,,,,,,,,,,,,,,,,,,,,,,,,,
14743,,,,,,,,,,,,,,,,,,,,,,,,,,,,,,,
14744,,,,,,,,,,,,,,,,,,,,,,,,,,,,,,,
14745,,,,,,,,,,,,,,,,,,,,,,,,,,,,,,,
14746,,,,,,,,,,,,,,,,,,,,,,,,,,,,,,,
14747,,,,,,,,,,,,,,,,,,,,,,,,,,,,,,,
14748,,,,,,,,,,,,,,,,,,,,,,,,,,,,,,,
14749,,,,,,,,,,,,,,,,,,,,,,,,,,,,,,,
14750,,,,,,,,,,,,,,,,,,,,,,,,,,,,,,,
14751,,,,,,,,,,,,,,,,,,,,,,,,,,,,,,,
14752,,,,,,,,,,,,,,,,,,,,,,,,,,,,,,,
14753,,,,,,,,,,,,,,,,,,,,,,,,,,,,,,,
14754,,,,,,,,,,,,,,,,,,,,,,,,,,,,,,,
14755,,,,,,,,,,,,,,,,,,,,,,,,,,,,,,,
14756,,,,,,,,,,,,,,,,,,,,,,,,,,,,,,,
14757,,,,,,,,,,,,,,,,,,,,,,,,,,,,,,,
14758,,,,,,,,,,,,,,,,,,,,,,,,,,,,,,,
14759,,,,,,,,,,,,,,,,,,,,,,,,,,,,,,,
14760,,,,,,,,,,,,,,,,,,,,,,,,,,,,,,,
14761,,,,,,,,,,,,,,,,,,,,,,,,,,,,,,,
14762,,,,,,,,,,,,,,,,,,,,,,,,,,,,,,,
14763,,,,,,,,,,,,,,,,,,,,,,,,,,,,,,,
14764,,,,,,,,,,,,,,,,,,,,,,,,,,,,,,,
14765,,,,,,,,,,,,,,,,,,,,,,,,,,,,,,,
14766,,,,,,,,,,,,,,,,,,,,,,,,,,,,,,,
14767,,,,,,,,,,,,,,,,,,,,,,,,,,,,,,,
14768,,,,,,,,,,,,,,,,,,,,,,,,,,,,,,,
14769,,,,,,,,,,,,,,,,,,,,,,,,,,,,,,,
14770,,,,,,,,,,,,,,,,,,,,,,,,,,,,,,,
14771,,,,,,,,,,,,,,,,,,,,,,,,,,,,,,,
14772,,,,,,,,,,,,,,,,,,,,,,,,,,,,,,,
14773,,,,,,,,,,,,,,,,,,,,,,,,,,,,,,,
14774,,,,,,,,,,,,,,,,,,,,,,,,,,,,,,,
14775,,,,,,,,,,,,,,,,,,,,,,,,,,,,,,,
14776,,,,,,,,,,,,,,,,,,,,,,,,,,,,,,,
14777,,,,,,,,,,,,,,,,,,,,,,,,,,,,,,,
14778,,,,,,,,,,,,,,,,,,,,,,,,,,,,,,,
14779,,,,,,,,,,,,,,,,,,,,,,,,,,,,,,,
14780,,,,,,,,,,,,,,,,,,,,,,,,,,,,,,,
14781,,,,,,,,,,,,,,,,,,,,,,,,,,,,,,,
14782,,,,,,,,,,,,,,,,,,,,,,,,,,,,,,,
14783,,,,,,,,,,,,,,,,,,,,,,,,,,,,,,,
14784,,,,,,,,,,,,,,,,,,,,,,,,,,,,,,,
14785,,,,,,,,,,,,,,,,,,,,,,,,,,,,,,,
14786,,,,,,,,,,,,,,,,,,,,,,,,,,,,,,,
14787,,,,,,,,,,,,,,,,,,,,,,,,,,,,,,,
14788,,,,,,,,,,,,,,,,,,,,,,,,,,,,,,,
14789,,,,,,,,,,,,,,,,,,,,,,,,,,,,,,,
14790,,,,,,,,,,,,,,,,,,,,,,,,,,,,,,,
14791,,,,,,,,,,,,,,,,,,,,,,,,,,,,,,,
14792,,,,,,,,,,,,,,,,,,,,,,,,,,,,,,,
14793,,,,,,,,,,,,,,,,,,,,,,,,,,,,,,,
14794,,,,,,,,,,,,,,,,,,,,,,,,,,,,,,,
14795,,,,,,,,,,,,,,,,,,,,,,,,,,,,,,,
14796,,,,,,,,,,,,,,,,,,,,,,,,,,,,,,,
14797,,,,,,,,,,,,,,,,,,,,,,,,,,,,,,,
14798,,,,,,,,,,,,,,,,,,,,,,,,,,,,,,,
14799,,,,,,,,,,,,,,,,,,,,,,,,,,,,,,,
14800,,,,,,,,,,,,,,,,,,,,,,,,,,,,,,,
14801,,,,,,,,,,,,,,,,,,,,,,,,,,,,,,,
14802,,,,,,,,,,,,,,,,,,,,,,,,,,,,,,,
14803,,,,,,,,,,,,,,,,,,,,,,,,,,,,,,,
14804,,,,,,,,,,,,,,,,,,,,,,,,,,,,,,,
14805,,,,,,,,,,,,,,,,,,,,,,,,,,,,,,,
14806,,,,,,,,,,,,,,,,,,,,,,,,,,,,,,,
14807,,,,,,,,,,,,,,,,,,,,,,,,,,,,,,,
14808,,,,,,,,,,,,,,,,,,,,,,,,,,,,,,,
14809,,,,,,,,,,,,,,,,,,,,,,,,,,,,,,,
14810,,,,,,,,,,,,,,,,,,,,,,,,,,,,,,,
14811,,,,,,,,,,,,,,,,,,,,,,,,,,,,,,,
14812,,,,,,,,,,,,,,,,,,,,,,,,,,,,,,,
14813,,,,,,,,,,,,,,,,,,,,,,,,,,,,,,,
14814,,,,,,,,,,,,,,,,,,,,,,,,,,,,,,,
14815,,,,,,,,,,,,,,,,,,,,,,,,,,,,,,,
14816,,,,,,,,,,,,,,,,,,,,,,,,,,,,,,,
14817,,,,,,,,,,,,,,,,,,,,,,,,,,,,,,,
14818,,,,,,,,,,,,,,,,,,,,,,,,,,,,,,,
14819,,,,,,,,,,,,,,,,,,,,,,,,,,,,,,,
14820,,,,,,,,,,,,,,,,,,,,,,,,,,,,,,,
14821,,,,,,,,,,,,,,,,,,,,,,,,,,,,,,,
14822,,,,,,,,,,,,,,,,,,,,,,,,,,,,,,,
14823,,,,,,,,,,,,,,,,,,,,,,,,,,,,,,,
14824,,,,,,,,,,,,,,,,,,,,,,,,,,,,,,,
14825,,,,,,,,,,,,,,,,,,,,,,,,,,,,,,,
14826,,,,,,,,,,,,,,,,,,,,,,,,,,,,,,,
14827,,,,,,,,,,,,,,,,,,,,,,,,,,,,,,,
14828,,,,,,,,,,,,,,,,,,,,,,,,,,,,,,,
14829,,,,,,,,,,,,,,,,,,,,,,,,,,,,,,,
14830,,,,,,,,,,,,,,,,,,,,,,,,,,,,,,,
14831,,,,,,,,,,,,,,,,,,,,,,,,,,,,,,,
14832,,,,,,,,,,,,,,,,,,,,,,,,,,,,,,,
14833,,,,,,,,,,,,,,,,,,,,,,,,,,,,,,,
14834,,,,,,,,,,,,,,,,,,,,,,,,,,,,,,,
14835,,,,,,,,,,,,,,,,,,,,,,,,,,,,,,,
14836,,,,,,,,,,,,,,,,,,,,,,,,,,,,,,,
14837,,,,,,,,,,,,,,,,,,,,,,,,,,,,,,,
14838,,,,,,,,,,,,,,,,,,,,,,,,,,,,,,,
14839,,,,,,,,,,,,,,,,,,,,,,,,,,,,,,,
14840,,,,,,,,,,,,,,,,,,,,,,,,,,,,,,,
14841,,,,,,,,,,,,,,,,,,,,,,,,,,,,,,,
14842,,,,,,,,,,,,,,,,,,,,,,,,,,,,,,,
14843,,,,,,,,,,,,,,,,,,,,,,,,,,,,,,,
14844,,,,,,,,,,,,,,,,,,,,,,,,,,,,,,,
14845,,,,,,,,,,,,,,,,,,,,,,,,,,,,,,,
14846,,,,,,,,,,,,,,,,,,,,,,,,,,,,,,,
14847,,,,,,,,,,,,,,,,,,,,,,,,,,,,,,,
14848,,,,,,,,,,,,,,,,,,,,,,,,,,,,,,,
14849,,,,,,,,,,,,,,,,,,,,,,,,,,,,,,,
14850,,,,,,,,,,,,,,,,,,,,,,,,,,,,,,,
14851,,,,,,,,,,,,,,,,,,,,,,,,,,,,,,,
14852,,,,,,,,,,,,,,,,,,,,,,,,,,,,,,,
14853,,,,,,,,,,,,,,,,,,,,,,,,,,,,,,,
14854,,,,,,,,,,,,,,,,,,,,,,,,,,,,,,,
14855,,,,,,,,,,,,,,,,,,,,,,,,,,,,,,,
14856,,,,,,,,,,,,,,,,,,,,,,,,,,,,,,,
14857,,,,,,,,,,,,,,,,,,,,,,,,,,,,,,,
14858,,,,,,,,,,,,,,,,,,,,,,,,,,,,,,,
14859,,,,,,,,,,,,,,,,,,,,,,,,,,,,,,,
14860,,,,,,,,,,,,,,,,,,,,,,,,,,,,,,,
14861,,,,,,,,,,,,,,,,,,,,,,,,,,,,,,,
14862,,,,,,,,,,,,,,,,,,,,,,,,,,,,,,,
14863,,,,,,,,,,,,,,,,,,,,,,,,,,,,,,,
14864,,,,,,,,,,,,,,,,,,,,,,,,,,,,,,,
14865,,,,,,,,,,,,,,,,,,,,,,,,,,,,,,,
14866,,,,,,,,,,,,,,,,,,,,,,,,,,,,,,,
14867,,,,,,,,,,,,,,,,,,,,,,,,,,,,,,,
14868,,,,,,,,,,,,,,,,,,,,,,,,,,,,,,,
14869,,,,,,,,,,,,,,,,,,,,,,,,,,,,,,,
14870,,,,,,,,,,,,,,,,,,,,,,,,,,,,,,,
14871,,,,,,,,,,,,,,,,,,,,,,,,,,,,,,,
14872,,,,,,,,,,,,,,,,,,,,,,,,,,,,,,,
14873,,,,,,,,,,,,,,,,,,,,,,,,,,,,,,,
14874,,,,,,,,,,,,,,,,,,,,,,,,,,,,,,,
14875,,,,,,,,,,,,,,,,,,,,,,,,,,,,,,,
14876,,,,,,,,,,,,,,,,,,,,,,,,,,,,,,,
14877,,,,,,,,,,,,,,,,,,,,,,,,,,,,,,,
14878,,,,,,,,,,,,,,,,,,,,,,,,,,,,,,,
14879,,,,,,,,,,,,,,,,,,,,,,,,,,,,,,,
14880,,,,,,,,,,,,,,,,,,,,,,,,,,,,,,,
14881,,,,,,,,,,,,,,,,,,,,,,,,,,,,,,,
14882,,,,,,,,,,,,,,,,,,,,,,,,,,,,,,,
14883,,,,,,,,,,,,,,,,,,,,,,,,,,,,,,,
14884,,,,,,,,,,,,,,,,,,,,,,,,,,,,,,,
14885,,,,,,,,,,,,,,,,,,,,,,,,,,,,,,,
14886,,,,,,,,,,,,,,,,,,,,,,,,,,,,,,,
14887,,,,,,,,,,,,,,,,,,,,,,,,,,,,,,,
14888,,,,,,,,,,,,,,,,,,,,,,,,,,,,,,,
14889,,,,,,,,,,,,,,,,,,,,,,,,,,,,,,,
14890,,,,,,,,,,,,,,,,,,,,,,,,,,,,,,,
14891,,,,,,,,,,,,,,,,,,,,,,,,,,,,,,,
14892,,,,,,,,,,,,,,,,,,,,,,,,,,,,,,,
14893,,,,,,,,,,,,,,,,,,,,,,,,,,,,,,,
14894,,,,,,,,,,,,,,,,,,,,,,,,,,,,,,,
14895,,,,,,,,,,,,,,,,,,,,,,,,,,,,,,,
14896,,,,,,,,,,,,,,,,,,,,,,,,,,,,,,,
14897,,,,,,,,,,,,,,,,,,,,,,,,,,,,,,,
14898,,,,,,,,,,,,,,,,,,,,,,,,,,,,,,,
14899,,,,,,,,,,,,,,,,,,,,,,,,,,,,,,,
14900,,,,,,,,,,,,,,,,,,,,,,,,,,,,,,,
14901,,,,,,,,,,,,,,,,,,,,,,,,,,,,,,,
14902,,,,,,,,,,,,,,,,,,,,,,,,,,,,,,,
14903,,,,,,,,,,,,,,,,,,,,,,,,,,,,,,,
14904,,,,,,,,,,,,,,,,,,,,,,,,,,,,,,,
14905,,,,,,,,,,,,,,,,,,,,,,,,,,,,,,,
14906,,,,,,,,,,,,,,,,,,,,,,,,,,,,,,,
14907,,,,,,,,,,,,,,,,,,,,,,,,,,,,,,,
14908,,,,,,,,,,,,,,,,,,,,,,,,,,,,,,,
14909,,,,,,,,,,,,,,,,,,,,,,,,,,,,,,,
14910,,,,,,,,,,,,,,,,,,,,,,,,,,,,,,,
14911,,,,,,,,,,,,,,,,,,,,,,,,,,,,,,,
14912,,,,,,,,,,,,,,,,,,,,,,,,,,,,,,,
14913,,,,,,,,,,,,,,,,,,,,,,,,,,,,,,,
14914,,,,,,,,,,,,,,,,,,,,,,,,,,,,,,,
14915,,,,,,,,,,,,,,,,,,,,,,,,,,,,,,,
14916,,,,,,,,,,,,,,,,,,,,,,,,,,,,,,,
14917,,,,,,,,,,,,,,,,,,,,,,,,,,,,,,,
14918,,,,,,,,,,,,,,,,,,,,,,,,,,,,,,,
14919,,,,,,,,,,,,,,,,,,,,,,,,,,,,,,,
14920,,,,,,,,,,,,,,,,,,,,,,,,,,,,,,,
14921,,,,,,,,,,,,,,,,,,,,,,,,,,,,,,,
14922,,,,,,,,,,,,,,,,,,,,,,,,,,,,,,,
14923,,,,,,,,,,,,,,,,,,,,,,,,,,,,,,,
14924,,,,,,,,,,,,,,,,,,,,,,,,,,,,,,,
14925,,,,,,,,,,,,,,,,,,,,,,,,,,,,,,,
14926,,,,,,,,,,,,,,,,,,,,,,,,,,,,,,,
14927,,,,,,,,,,,,,,,,,,,,,,,,,,,,,,,
14928,,,,,,,,,,,,,,,,,,,,,,,,,,,,,,,
14929,,,,,,,,,,,,,,,,,,,,,,,,,,,,,,,
14930,,,,,,,,,,,,,,,,,,,,,,,,,,,,,,,
14931,,,,,,,,,,,,,,,,,,,,,,,,,,,,,,,
14932,,,,,,,,,,,,,,,,,,,,,,,,,,,,,,,
14933,,,,,,,,,,,,,,,,,,,,,,,,,,,,,,,
14934,,,,,,,,,,,,,,,,,,,,,,,,,,,,,,,
14935,,,,,,,,,,,,,,,,,,,,,,,,,,,,,,,
14936,,,,,,,,,,,,,,,,,,,,,,,,,,,,,,,
14937,,,,,,,,,,,,,,,,,,,,,,,,,,,,,,,
14938,,,,,,,,,,,,,,,,,,,,,,,,,,,,,,,
14939,,,,,,,,,,,,,,,,,,,,,,,,,,,,,,,
14940,,,,,,,,,,,,,,,,,,,,,,,,,,,,,,,
14941,,,,,,,,,,,,,,,,,,,,,,,,,,,,,,,
14942,,,,,,,,,,,,,,,,,,,,,,,,,,,,,,,
14943,,,,,,,,,,,,,,,,,,,,,,,,,,,,,,,
14944,,,,,,,,,,,,,,,,,,,,,,,,,,,,,,,
14945,,,,,,,,,,,,,,,,,,,,,,,,,,,,,,,
14946,,,,,,,,,,,,,,,,,,,,,,,,,,,,,,,
14947,,,,,,,,,,,,,,,,,,,,,,,,,,,,,,,
14948,,,,,,,,,,,,,,,,,,,,,,,,,,,,,,,
14949,,,,,,,,,,,,,,,,,,,,,,,,,,,,,,,
14950,,,,,,,,,,,,,,,,,,,,,,,,,,,,,,,
14951,,,,,,,,,,,,,,,,,,,,,,,,,,,,,,,
14952,,,,,,,,,,,,,,,,,,,,,,,,,,,,,,,
14953,,,,,,,,,,,,,,,,,,,,,,,,,,,,,,,
14954,,,,,,,,,,,,,,,,,,,,,,,,,,,,,,,
14955,,,,,,,,,,,,,,,,,,,,,,,,,,,,,,,
14956,,,,,,,,,,,,,,,,,,,,,,,,,,,,,,,
14957,,,,,,,,,,,,,,,,,,,,,,,,,,,,,,,
14958,,,,,,,,,,,,,,,,,,,,,,,,,,,,,,,
14959,,,,,,,,,,,,,,,,,,,,,,,,,,,,,,,
14960,,,,,,,,,,,,,,,,,,,,,,,,,,,,,,,
14961,,,,,,,,,,,,,,,,,,,,,,,,,,,,,,,
14962,,,,,,,,,,,,,,,,,,,,,,,,,,,,,,,
14963,,,,,,,,,,,,,,,,,,,,,,,,,,,,,,,
14964,,,,,,,,,,,,,,,,,,,,,,,,,,,,,,,
14965,,,,,,,,,,,,,,,,,,,,,,,,,,,,,,,
14966,,,,,,,,,,,,,,,,,,,,,,,,,,,,,,,
14967,,,,,,,,,,,,,,,,,,,,,,,,,,,,,,,
14968,,,,,,,,,,,,,,,,,,,,,,,,,,,,,,,
14969,,,,,,,,,,,,,,,,,,,,,,,,,,,,,,,
14970,,,,,,,,,,,,,,,,,,,,,,,,,,,,,,,
14971,,,,,,,,,,,,,,,,,,,,,,,,,,,,,,,
14972,,,,,,,,,,,,,,,,,,,,,,,,,,,,,,,
14973,,,,,,,,,,,,,,,,,,,,,,,,,,,,,,,
14974,,,,,,,,,,,,,,,,,,,,,,,,,,,,,,,
14975,,,,,,,,,,,,,,,,,,,,,,,,,,,,,,,
14976,,,,,,,,,,,,,,,,,,,,,,,,,,,,,,,
14977,,,,,,,,,,,,,,,,,,,,,,,,,,,,,,,
14978,,,,,,,,,,,,,,,,,,,,,,,,,,,,,,,
14979,,,,,,,,,,,,,,,,,,,,,,,,,,,,,,,
14980,,,,,,,,,,,,,,,,,,,,,,,,,,,,,,,
14981,,,,,,,,,,,,,,,,,,,,,,,,,,,,,,,
14982,,,,,,,,,,,,,,,,,,,,,,,,,,,,,,,
14983,,,,,,,,,,,,,,,,,,,,,,,,,,,,,,,
14984,,,,,,,,,,,,,,,,,,,,,,,,,,,,,,,
14985,,,,,,,,,,,,,,,,,,,,,,,,,,,,,,,
14986,,,,,,,,,,,,,,,,,,,,,,,,,,,,,,,
14987,,,,,,,,,,,,,,,,,,,,,,,,,,,,,,,
14988,,,,,,,,,,,,,,,,,,,,,,,,,,,,,,,
14989,,,,,,,,,,,,,,,,,,,,,,,,,,,,,,,
14990,,,,,,,,,,,,,,,,,,,,,,,,,,,,,,,
14991,,,,,,,,,,,,,,,,,,,,,,,,,,,,,,,
14992,,,,,,,,,,,,,,,,,,,,,,,,,,,,,,,
14993,,,,,,,,,,,,,,,,,,,,,,,,,,,,,,,
14994,,,,,,,,,,,,,,,,,,,,,,,,,,,,,,,
14995,,,,,,,,,,,,,,,,,,,,,,,,,,,,,,,
14996,,,,,,,,,,,,,,,,,,,,,,,,,,,,,,,
14997,,,,,,,,,,,,,,,,,,,,,,,,,,,,,,,
14998,,,,,,,,,,,,,,,,,,,,,,,,,,,,,,,
14999,,,,,,,,,,,,,,,,,,,,,,,,,,,,,,,
15000,,,,,,,,,,,,,,,,,,,,,,,,,,,,,,,
15001,,,,,,,,,,,,,,,,,,,,,,,,,,,,,,,
15002,,,,,,,,,,,,,,,,,,,,,,,,,,,,,,,
15003,,,,,,,,,,,,,,,,,,,,,,,,,,,,,,,
15004,,,,,,,,,,,,,,,,,,,,,,,,,,,,,,,
15005,,,,,,,,,,,,,,,,,,,,,,,,,,,,,,,
15006,,,,,,,,,,,,,,,,,,,,,,,,,,,,,,,
15007,,,,,,,,,,,,,,,,,,,,,,,,,,,,,,,
15008,,,,,,,,,,,,,,,,,,,,,,,,,,,,,,,
15009,,,,,,,,,,,,,,,,,,,,,,,,,,,,,,,
15010,,,,,,,,,,,,,,,,,,,,,,,,,,,,,,,
15011,,,,,,,,,,,,,,,,,,,,,,,,,,,,,,,
15012,,,,,,,,,,,,,,,,,,,,,,,,,,,,,,,
15013,,,,,,,,,,,,,,,,,,,,,,,,,,,,,,,
15014,,,,,,,,,,,,,,,,,,,,,,,,,,,,,,,
15015,,,,,,,,,,,,,,,,,,,,,,,,,,,,,,,
15016,,,,,,,,,,,,,,,,,,,,,,,,,,,,,,,
15017,,,,,,,,,,,,,,,,,,,,,,,,,,,,,,,
15018,,,,,,,,,,,,,,,,,,,,,,,,,,,,,,,
15019,,,,,,,,,,,,,,,,,,,,,,,,,,,,,,,
15020,,,,,,,,,,,,,,,,,,,,,,,,,,,,,,,
15021,,,,,,,,,,,,,,,,,,,,,,,,,,,,,,,
15022,,,,,,,,,,,,,,,,,,,,,,,,,,,,,,,
15023,,,,,,,,,,,,,,,,,,,,,,,,,,,,,,,
15024,,,,,,,,,,,,,,,,,,,,,,,,,,,,,,,
15025,,,,,,,,,,,,,,,,,,,,,,,,,,,,,,,
15026,,,,,,,,,,,,,,,,,,,,,,,,,,,,,,,
15027,,,,,,,,,,,,,,,,,,,,,,,,,,,,,,,
15028,,,,,,,,,,,,,,,,,,,,,,,,,,,,,,,
15029,,,,,,,,,,,,,,,,,,,,,,,,,,,,,,,
15030,,,,,,,,,,,,,,,,,,,,,,,,,,,,,,,
15031,,,,,,,,,,,,,,,,,,,,,,,,,,,,,,,
15032,,,,,,,,,,,,,,,,,,,,,,,,,,,,,,,
15033,,,,,,,,,,,,,,,,,,,,,,,,,,,,,,,
15034,,,,,,,,,,,,,,,,,,,,,,,,,,,,,,,
15035,,,,,,,,,,,,,,,,,,,,,,,,,,,,,,,
15036,,,,,,,,,,,,,,,,,,,,,,,,,,,,,,,
15037,,,,,,,,,,,,,,,,,,,,,,,,,,,,,,,
15038,,,,,,,,,,,,,,,,,,,,,,,,,,,,,,,
15039,,,,,,,,,,,,,,,,,,,,,,,,,,,,,,,
15040,,,,,,,,,,,,,,,,,,,,,,,,,,,,,,,
15041,,,,,,,,,,,,,,,,,,,,,,,,,,,,,,,
15042,,,,,,,,,,,,,,,,,,,,,,,,,,,,,,,
15043,,,,,,,,,,,,,,,,,,,,,,,,,,,,,,,
15044,,,,,,,,,,,,,,,,,,,,,,,,,,,,,,,
15045,,,,,,,,,,,,,,,,,,,,,,,,,,,,,,,
15046,,,,,,,,,,,,,,,,,,,,,,,,,,,,,,,
15047,,,,,,,,,,,,,,,,,,,,,,,,,,,,,,,
15048,,,,,,,,,,,,,,,,,,,,,,,,,,,,,,,
15049,,,,,,,,,,,,,,,,,,,,,,,,,,,,,,,
15050,,,,,,,,,,,,,,,,,,,,,,,,,,,,,,,
15051,,,,,,,,,,,,,,,,,,,,,,,,,,,,,,,
15052,,,,,,,,,,,,,,,,,,,,,,,,,,,,,,,
15053,,,,,,,,,,,,,,,,,,,,,,,,,,,,,,,
15054,,,,,,,,,,,,,,,,,,,,,,,,,,,,,,,
15055,,,,,,,,,,,,,,,,,,,,,,,,,,,,,,,
15056,,,,,,,,,,,,,,,,,,,,,,,,,,,,,,,
15057,,,,,,,,,,,,,,,,,,,,,,,,,,,,,,,
15058,,,,,,,,,,,,,,,,,,,,,,,,,,,,,,,
15059,,,,,,,,,,,,,,,,,,,,,,,,,,,,,,,
15060,,,,,,,,,,,,,,,,,,,,,,,,,,,,,,,
15061,,,,,,,,,,,,,,,,,,,,,,,,,,,,,,,
15062,,,,,,,,,,,,,,,,,,,,,,,,,,,,,,,
15063,,,,,,,,,,,,,,,,,,,,,,,,,,,,,,,
15064,,,,,,,,,,,,,,,,,,,,,,,,,,,,,,,
15065,,,,,,,,,,,,,,,,,,,,,,,,,,,,,,,
15066,,,,,,,,,,,,,,,,,,,,,,,,,,,,,,,
15067,,,,,,,,,,,,,,,,,,,,,,,,,,,,,,,
15068,,,,,,,,,,,,,,,,,,,,,,,,,,,,,,,
15069,,,,,,,,,,,,,,,,,,,,,,,,,,,,,,,
15070,,,,,,,,,,,,,,,,,,,,,,,,,,,,,,,
15071,,,,,,,,,,,,,,,,,,,,,,,,,,,,,,,
15072,,,,,,,,,,,,,,,,,,,,,,,,,,,,,,,
15073,,,,,,,,,,,,,,,,,,,,,,,,,,,,,,,
15074,,,,,,,,,,,,,,,,,,,,,,,,,,,,,,,
15075,,,,,,,,,,,,,,,,,,,,,,,,,,,,,,,
15076,,,,,,,,,,,,,,,,,,,,,,,,,,,,,,,
15077,,,,,,,,,,,,,,,,,,,,,,,,,,,,,,,
15078,,,,,,,,,,,,,,,,,,,,,,,,,,,,,,,
15079,,,,,,,,,,,,,,,,,,,,,,,,,,,,,,,
15080,,,,,,,,,,,,,,,,,,,,,,,,,,,,,,,
15081,,,,,,,,,,,,,,,,,,,,,,,,,,,,,,,
15082,,,,,,,,,,,,,,,,,,,,,,,,,,,,,,,
15083,,,,,,,,,,,,,,,,,,,,,,,,,,,,,,,
15084,,,,,,,,,,,,,,,,,,,,,,,,,,,,,,,
15085,,,,,,,,,,,,,,,,,,,,,,,,,,,,,,,
15086,,,,,,,,,,,,,,,,,,,,,,,,,,,,,,,
15087,,,,,,,,,,,,,,,,,,,,,,,,,,,,,,,
15088,,,,,,,,,,,,,,,,,,,,,,,,,,,,,,,
15089,,,,,,,,,,,,,,,,,,,,,,,,,,,,,,,
15090,,,,,,,,,,,,,,,,,,,,,,,,,,,,,,,
15091,,,,,,,,,,,,,,,,,,,,,,,,,,,,,,,
15092,,,,,,,,,,,,,,,,,,,,,,,,,,,,,,,
15093,,,,,,,,,,,,,,,,,,,,,,,,,,,,,,,
15094,,,,,,,,,,,,,,,,,,,,,,,,,,,,,,,
15095,,,,,,,,,,,,,,,,,,,,,,,,,,,,,,,
15096,,,,,,,,,,,,,,,,,,,,,,,,,,,,,,,
15097,,,,,,,,,,,,,,,,,,,,,,,,,,,,,,,
15098,,,,,,,,,,,,,,,,,,,,,,,,,,,,,,,
15099,,,,,,,,,,,,,,,,,,,,,,,,,,,,,,,
15100,,,,,,,,,,,,,,,,,,,,,,,,,,,,,,,
15101,,,,,,,,,,,,,,,,,,,,,,,,,,,,,,,
15102,,,,,,,,,,,,,,,,,,,,,,,,,,,,,,,
15103,,,,,,,,,,,,,,,,,,,,,,,,,,,,,,,
15104,,,,,,,,,,,,,,,,,,,,,,,,,,,,,,,
15105,,,,,,,,,,,,,,,,,,,,,,,,,,,,,,,
15106,,,,,,,,,,,,,,,,,,,,,,,,,,,,,,,
15107,,,,,,,,,,,,,,,,,,,,,,,,,,,,,,,
15108,,,,,,,,,,,,,,,,,,,,,,,,,,,,,,,
15109,,,,,,,,,,,,,,,,,,,,,,,,,,,,,,,
15110,,,,,,,,,,,,,,,,,,,,,,,,,,,,,,,
15111,,,,,,,,,,,,,,,,,,,,,,,,,,,,,,,
15112,,,,,,,,,,,,,,,,,,,,,,,,,,,,,,,
15113,,,,,,,,,,,,,,,,,,,,,,,,,,,,,,,
15114,,,,,,,,,,,,,,,,,,,,,,,,,,,,,,,
15115,,,,,,,,,,,,,,,,,,,,,,,,,,,,,,,
15116,,,,,,,,,,,,,,,,,,,,,,,,,,,,,,,
15117,,,,,,,,,,,,,,,,,,,,,,,,,,,,,,,
15118,,,,,,,,,,,,,,,,,,,,,,,,,,,,,,,
15119,,,,,,,,,,,,,,,,,,,,,,,,,,,,,,,
15120,,,,,,,,,,,,,,,,,,,,,,,,,,,,,,,
15121,,,,,,,,,,,,,,,,,,,,,,,,,,,,,,,
15122,,,,,,,,,,,,,,,,,,,,,,,,,,,,,,,
15123,,,,,,,,,,,,,,,,,,,,,,,,,,,,,,,
15124,,,,,,,,,,,,,,,,,,,,,,,,,,,,,,,
15125,,,,,,,,,,,,,,,,,,,,,,,,,,,,,,,
15126,,,,,,,,,,,,,,,,,,,,,,,,,,,,,,,
15127,,,,,,,,,,,,,,,,,,,,,,,,,,,,,,,
15128,,,,,,,,,,,,,,,,,,,,,,,,,,,,,,,
15129,,,,,,,,,,,,,,,,,,,,,,,,,,,,,,,
15130,,,,,,,,,,,,,,,,,,,,,,,,,,,,,,,
15131,,,,,,,,,,,,,,,,,,,,,,,,,,,,,,,
15132,,,,,,,,,,,,,,,,,,,,,,,,,,,,,,,
15133,,,,,,,,,,,,,,,,,,,,,,,,,,,,,,,
15134,,,,,,,,,,,,,,,,,,,,,,,,,,,,,,,
15135,,,,,,,,,,,,,,,,,,,,,,,,,,,,,,,
15136,,,,,,,,,,,,,,,,,,,,,,,,,,,,,,,
15137,,,,,,,,,,,,,,,,,,,,,,,,,,,,,,,
15138,,,,,,,,,,,,,,,,,,,,,,,,,,,,,,,
15139,,,,,,,,,,,,,,,,,,,,,,,,,,,,,,,
15140,,,,,,,,,,,,,,,,,,,,,,,,,,,,,,,
15141,,,,,,,,,,,,,,,,,,,,,,,,,,,,,,,
15142,,,,,,,,,,,,,,,,,,,,,,,,,,,,,,,
15143,,,,,,,,,,,,,,,,,,,,,,,,,,,,,,,
15144,,,,,,,,,,,,,,,,,,,,,,,,,,,,,,,
15145,,,,,,,,,,,,,,,,,,,,,,,,,,,,,,,
15146,,,,,,,,,,,,,,,,,,,,,,,,,,,,,,,
15147,,,,,,,,,,,,,,,,,,,,,,,,,,,,,,,
15148,,,,,,,,,,,,,,,,,,,,,,,,,,,,,,,
15149,,,,,,,,,,,,,,,,,,,,,,,,,,,,,,,
15150,,,,,,,,,,,,,,,,,,,,,,,,,,,,,,,
15151,,,,,,,,,,,,,,,,,,,,,,,,,,,,,,,
15152,,,,,,,,,,,,,,,,,,,,,,,,,,,,,,,
15153,,,,,,,,,,,,,,,,,,,,,,,,,,,,,,,
15154,,,,,,,,,,,,,,,,,,,,,,,,,,,,,,,
15155,,,,,,,,,,,,,,,,,,,,,,,,,,,,,,,
15156,,,,,,,,,,,,,,,,,,,,,,,,,,,,,,,
15157,,,,,,,,,,,,,,,,,,,,,,,,,,,,,,,
15158,,,,,,,,,,,,,,,,,,,,,,,,,,,,,,,
15159,,,,,,,,,,,,,,,,,,,,,,,,,,,,,,,
15160,,,,,,,,,,,,,,,,,,,,,,,,,,,,,,,
15161,,,,,,,,,,,,,,,,,,,,,,,,,,,,,,,
15162,,,,,,,,,,,,,,,,,,,,,,,,,,,,,,,
15163,,,,,,,,,,,,,,,,,,,,,,,,,,,,,,,
15164,,,,,,,,,,,,,,,,,,,,,,,,,,,,,,,
15165,,,,,,,,,,,,,,,,,,,,,,,,,,,,,,,
15166,,,,,,,,,,,,,,,,,,,,,,,,,,,,,,,
15167,,,,,,,,,,,,,,,,,,,,,,,,,,,,,,,
15168,,,,,,,,,,,,,,,,,,,,,,,,,,,,,,,
15169,,,,,,,,,,,,,,,,,,,,,,,,,,,,,,,
15170,,,,,,,,,,,,,,,,,,,,,,,,,,,,,,,
15171,,,,,,,,,,,,,,,,,,,,,,,,,,,,,,,
15172,,,,,,,,,,,,,,,,,,,,,,,,,,,,,,,
15173,,,,,,,,,,,,,,,,,,,,,,,,,,,,,,,
15174,,,,,,,,,,,,,,,,,,,,,,,,,,,,,,,
15175,,,,,,,,,,,,,,,,,,,,,,,,,,,,,,,
15176,,,,,,,,,,,,,,,,,,,,,,,,,,,,,,,
15177,,,,,,,,,,,,,,,,,,,,,,,,,,,,,,,
15178,,,,,,,,,,,,,,,,,,,,,,,,,,,,,,,
15179,,,,,,,,,,,,,,,,,,,,,,,,,,,,,,,
15180,,,,,,,,,,,,,,,,,,,,,,,,,,,,,,,
15181,,,,,,,,,,,,,,,,,,,,,,,,,,,,,,,
15182,,,,,,,,,,,,,,,,,,,,,,,,,,,,,,,
15183,,,,,,,,,,,,,,,,,,,,,,,,,,,,,,,
15184,,,,,,,,,,,,,,,,,,,,,,,,,,,,,,,
15185,,,,,,,,,,,,,,,,,,,,,,,,,,,,,,,
15186,,,,,,,,,,,,,,,,,,,,,,,,,,,,,,,
15187,,,,,,,,,,,,,,,,,,,,,,,,,,,,,,,
15188,,,,,,,,,,,,,,,,,,,,,,,,,,,,,,,
15189,,,,,,,,,,,,,,,,,,,,,,,,,,,,,,,
15190,,,,,,,,,,,,,,,,,,,,,,,,,,,,,,,
15191,,,,,,,,,,,,,,,,,,,,,,,,,,,,,,,
15192,,,,,,,,,,,,,,,,,,,,,,,,,,,,,,,
15193,,,,,,,,,,,,,,,,,,,,,,,,,,,,,,,
15194,,,,,,,,,,,,,,,,,,,,,,,,,,,,,,,
15195,,,,,,,,,,,,,,,,,,,,,,,,,,,,,,,
15196,,,,,,,,,,,,,,,,,,,,,,,,,,,,,,,
15197,,,,,,,,,,,,,,,,,,,,,,,,,,,,,,,
15198,,,,,,,,,,,,,,,,,,,,,,,,,,,,,,,
15199,,,,,,,,,,,,,,,,,,,,,,,,,,,,,,,
15200,,,,,,,,,,,,,,,,,,,,,,,,,,,,,,,
15201,,,,,,,,,,,,,,,,,,,,,,,,,,,,,,,
15202,,,,,,,,,,,,,,,,,,,,,,,,,,,,,,,
15203,,,,,,,,,,,,,,,,,,,,,,,,,,,,,,,
15204,,,,,,,,,,,,,,,,,,,,,,,,,,,,,,,
15205,,,,,,,,,,,,,,,,,,,,,,,,,,,,,,,
15206,,,,,,,,,,,,,,,,,,,,,,,,,,,,,,,
15207,,,,,,,,,,,,,,,,,,,,,,,,,,,,,,,
15208,,,,,,,,,,,,,,,,,,,,,,,,,,,,,,,
15209,,,,,,,,,,,,,,,,,,,,,,,,,,,,,,,
15210,,,,,,,,,,,,,,,,,,,,,,,,,,,,,,,
15211,,,,,,,,,,,,,,,,,,,,,,,,,,,,,,,
15212,,,,,,,,,,,,,,,,,,,,,,,,,,,,,,,
15213,,,,,,,,,,,,,,,,,,,,,,,,,,,,,,,
15214,,,,,,,,,,,,,,,,,,,,,,,,,,,,,,,
15215,,,,,,,,,,,,,,,,,,,,,,,,,,,,,,,
15216,,,,,,,,,,,,,,,,,,,,,,,,,,,,,,,
15217,,,,,,,,,,,,,,,,,,,,,,,,,,,,,,,
15218,,,,,,,,,,,,,,,,,,,,,,,,,,,,,,,
15219,,,,,,,,,,,,,,,,,,,,,,,,,,,,,,,
15220,,,,,,,,,,,,,,,,,,,,,,,,,,,,,,,
15221,,,,,,,,,,,,,,,,,,,,,,,,,,,,,,,
15222,,,,,,,,,,,,,,,,,,,,,,,,,,,,,,,
15223,,,,,,,,,,,,,,,,,,,,,,,,,,,,,,,
15224,,,,,,,,,,,,,,,,,,,,,,,,,,,,,,,
15225,,,,,,,,,,,,,,,,,,,,,,,,,,,,,,,
15226,,,,,,,,,,,,,,,,,,,,,,,,,,,,,,,
15227,,,,,,,,,,,,,,,,,,,,,,,,,,,,,,,
15228,,,,,,,,,,,,,,,,,,,,,,,,,,,,,,,
15229,,,,,,,,,,,,,,,,,,,,,,,,,,,,,,,
15230,,,,,,,,,,,,,,,,,,,,,,,,,,,,,,,
15231,,,,,,,,,,,,,,,,,,,,,,,,,,,,,,,
15232,,,,,,,,,,,,,,,,,,,,,,,,,,,,,,,
15233,,,,,,,,,,,,,,,,,,,,,,,,,,,,,,,
15234,,,,,,,,,,,,,,,,,,,,,,,,,,,,,,,
15235,,,,,,,,,,,,,,,,,,,,,,,,,,,,,,,
15236,,,,,,,,,,,,,,,,,,,,,,,,,,,,,,,
15237,,,,,,,,,,,,,,,,,,,,,,,,,,,,,,,
15238,,,,,,,,,,,,,,,,,,,,,,,,,,,,,,,
15239,,,,,,,,,,,,,,,,,,,,,,,,,,,,,,,
15240,,,,,,,,,,,,,,,,,,,,,,,,,,,,,,,
15241,,,,,,,,,,,,,,,,,,,,,,,,,,,,,,,
15242,,,,,,,,,,,,,,,,,,,,,,,,,,,,,,,
15243,,,,,,,,,,,,,,,,,,,,,,,,,,,,,,,
15244,,,,,,,,,,,,,,,,,,,,,,,,,,,,,,,
15245,,,,,,,,,,,,,,,,,,,,,,,,,,,,,,,
15246,,,,,,,,,,,,,,,,,,,,,,,,,,,,,,,
15247,,,,,,,,,,,,,,,,,,,,,,,,,,,,,,,
15248,,,,,,,,,,,,,,,,,,,,,,,,,,,,,,,
15249,,,,,,,,,,,,,,,,,,,,,,,,,,,,,,,
15250,,,,,,,,,,,,,,,,,,,,,,,,,,,,,,,
15251,,,,,,,,,,,,,,,,,,,,,,,,,,,,,,,
15252,,,,,,,,,,,,,,,,,,,,,,,,,,,,,,,
15253,,,,,,,,,,,,,,,,,,,,,,,,,,,,,,,
15254,,,,,,,,,,,,,,,,,,,,,,,,,,,,,,,
15255,,,,,,,,,,,,,,,,,,,,,,,,,,,,,,,
15256,,,,,,,,,,,,,,,,,,,,,,,,,,,,,,,
15257,,,,,,,,,,,,,,,,,,,,,,,,,,,,,,,
15258,,,,,,,,,,,,,,,,,,,,,,,,,,,,,,,
15259,,,,,,,,,,,,,,,,,,,,,,,,,,,,,,,
15260,,,,,,,,,,,,,,,,,,,,,,,,,,,,,,,
15261,,,,,,,,,,,,,,,,,,,,,,,,,,,,,,,
15262,,,,,,,,,,,,,,,,,,,,,,,,,,,,,,,
15263,,,,,,,,,,,,,,,,,,,,,,,,,,,,,,,
15264,,,,,,,,,,,,,,,,,,,,,,,,,,,,,,,
15265,,,,,,,,,,,,,,,,,,,,,,,,,,,,,,,
15266,,,,,,,,,,,,,,,,,,,,,,,,,,,,,,,
15267,,,,,,,,,,,,,,,,,,,,,,,,,,,,,,,
15268,,,,,,,,,,,,,,,,,,,,,,,,,,,,,,,
15269,,,,,,,,,,,,,,,,,,,,,,,,,,,,,,,
15270,,,,,,,,,,,,,,,,,,,,,,,,,,,,,,,
15271,,,,,,,,,,,,,,,,,,,,,,,,,,,,,,,
15272,,,,,,,,,,,,,,,,,,,,,,,,,,,,,,,
15273,,,,,,,,,,,,,,,,,,,,,,,,,,,,,,,
15274,,,,,,,,,,,,,,,,,,,,,,,,,,,,,,,
15275,,,,,,,,,,,,,,,,,,,,,,,,,,,,,,,
15276,,,,,,,,,,,,,,,,,,,,,,,,,,,,,,,
15277,,,,,,,,,,,,,,,,,,,,,,,,,,,,,,,
15278,,,,,,,,,,,,,,,,,,,,,,,,,,,,,,,
15279,,,,,,,,,,,,,,,,,,,,,,,,,,,,,,,
15280,,,,,,,,,,,,,,,,,,,,,,,,,,,,,,,
15281,,,,,,,,,,,,,,,,,,,,,,,,,,,,,,,
15282,,,,,,,,,,,,,,,,,,,,,,,,,,,,,,,
15283,,,,,,,,,,,,,,,,,,,,,,,,,,,,,,,
15284,,,,,,,,,,,,,,,,,,,,,,,,,,,,,,,
15285,,,,,,,,,,,,,,,,,,,,,,,,,,,,,,,
15286,,,,,,,,,,,,,,,,,,,,,,,,,,,,,,,
15287,,,,,,,,,,,,,,,,,,,,,,,,,,,,,,,
15288,,,,,,,,,,,,,,,,,,,,,,,,,,,,,,,
15289,,,,,,,,,,,,,,,,,,,,,,,,,,,,,,,
15290,,,,,,,,,,,,,,,,,,,,,,,,,,,,,,,
15291,,,,,,,,,,,,,,,,,,,,,,,,,,,,,,,
15292,,,,,,,,,,,,,,,,,,,,,,,,,,,,,,,
15293,,,,,,,,,,,,,,,,,,,,,,,,,,,,,,,
15294,,,,,,,,,,,,,,,,,,,,,,,,,,,,,,,
15295,3,自宅分娩（出張分娩）での分娩取扱あり,1;2,,True,24,1~20件,,,,,,,,,,,False,,,,,,,,,,,,,
15296,,,,,,,,,,,,,,,,,,,,,,,,,,,,,,,
15297,,,,,,,,,,,,,,,,,,,,,,,,,,,,,,,
15298,,,,,,,,,,,,,,,,,,,,,,,,,,,,,,,
15299,,,,,,,,,,,,,,,,,,,,,,,,,,,,,,,
15300,,,,,,,,,,,,,,,,,,,,,,,,,,,,,,,
15301,,,,,,,,,,,,,,,,,,,,,,,,,,,,,,,
15302,,,,,,,,,,,,,,,,,,,,,,,,,,,,,,,
15303,,,,,,,,,,,,,,,,,,,,,,,,,,,,,,,
15304,,,,,,,,,,,,,,,,,,,,,,,,,,,,,,,
15305,,,,,,,,,,,,,,,,,,,,,,,,,,,,,,,
15306,,,,,,,,,,,,,,,,,,,,,,,,,,,,,,,
15307,,,,,,,,,,,,,,,,,,,,,,,,,,,,,,,
15308,,,,,,,,,,,,,,,,,,,,,,,,,,,,,,,
15309,,,,,,,,,,,,,,,,,,,,,,,,,,,,,,,
15310,,,,,,,,,,,,,,,,,,,,,,,,,,,,,,,
15311,,,,,,,,,,,,,,,,,,,,,,,,,,,,,,,
15312,,,,,,,,,,,,,,,,,,,,,,,,,,,,,,,
15313,,,,,,,,,,,,,,,,,,,,,,,,,,,,,,,
15314,,,,,,,,,,,,,,,,,,,,,,,,,,,,,,,
15315,,,,,,,,,,,,,,,,,,,,,,,,,,,,,,,
15316,,,,,,,,,,,,,,,,,,,,,,,,,,,,,,,
15317,,,,,,,,,,,,,,,,,,,,,,,,,,,,,,,
15318,,,,,,,,,,,,,,,,,,,,,,,,,,,,,,,
15319,,,,,,,,,,,,,,,,,,,,,,,,,,,,,,,
15320,,,,,,,,,,,,,,,,,,,,,,,,,,,,,,,
15321,,,,,,,,,,,,,,,,,,,,,,,,,,,,,,,
15322,,,,,,,,,,,,,,,,,,,,,,,,,,,,,,,
15323,,,,,,,,,,,,,,,,,,,,,,,,,,,,,,,
15324,,,,,,,,,,,,,,,,,,,,,,,,,,,,,,,
15325,,,,,,,,,,,,,,,,,,,,,,,,,,,,,,,
15326,,,,,,,,,,,,,,,,,,,,,,,,,,,,,,,
15327,,,,,,,,,,,,,,,,,,,,,,,,,,,,,,,
15328,,,,,,,,,,,,,,,,,,,,,,,,,,,,,,,
15329,,,,,,,,,,,,,,,,,,,,,,,,,,,,,,,
15330,,,,,,,,,,,,,,,,,,,,,,,,,,,,,,,
15331,,,,,,,,,,,,,,,,,,,,,,,,,,,,,,,
15332,,,,,,,,,,,,,,,,,,,,,,,,,,,,,,,
15333,,,,,,,,,,,,,,,,,,,,,,,,,,,,,,,
15334,,,,,,,,,,,,,,,,,,,,,,,,,,,,,,,
15335,,,,,,,,,,,,,,,,,,,,,,,,,,,,,,,
15336,,,,,,,,,,,,,,,,,,,,,,,,,,,,,,,
15337,,,,,,,,,,,,,,,,,,,,,,,,,,,,,,,
15338,,,,,,,,,,,,,,,,,,,,,,,,,,,,,,,
15339,,,,,,,,,,,,,,,,,,,,,,,,,,,,,,,
15340,,,,,,,,,,,,,,,,,,,,,,,,,,,,,,,
15341,,,,,,,,,,,,,,,,,,,,,,,,,,,,,,,
15342,,,,,,,,,,,,,,,,,,,,,,,,,,,,,,,
15343,,,,,,,,,,,,,,,,,,,,,,,,,,,,,,,
15344,,,,,,,,,,,,,,,,,,,,,,,,,,,,,,,
15345,,,,,,,,,,,,,,,,,,,,,,,,,,,,,,,
15346,,,,,,,,,,,,,,,,,,,,,,,,,,,,,,,
15347,,,,,,,,,,,,,,,,,,,,,,,,,,,,,,,
15348,,,,,,,,,,,,,,,,,,,,,,,,,,,,,,,
15349,,,,,,,,,,,,,,,,,,,,,,,,,,,,,,,
15350,,,,,,,,,,,,,,,,,,,,,,,,,,,,,,,
15351,,,,,,,,,,,,,,,,,,,,,,,,,,,,,,,
15352,,,,,,,,,,,,,,,,,,,,,,,,,,,,,,,
15353,,,,,,,,,,,,,,,,,,,,,,,,,,,,,,,
15354,,,,,,,,,,,,,,,,,,,,,,,,,,,,,,,
15355,,,,,,,,,,,,,,,,,,,,,,,,,,,,,,,
15356,,,,,,,,,,,,,,,,,,,,,,,,,,,,,,,
15357,,,,,,,,,,,,,,,,,,,,,,,,,,,,,,,
15358,,,,,,,,,,,,,,,,,,,,,,,,,,,,,,,
15359,,,,,,,,,,,,,,,,,,,,,,,,,,,,,,,
15360,,,,,,,,,,,,,,,,,,,,,,,,,,,,,,,
15361,,,,,,,,,,,,,,,,,,,,,,,,,,,,,,,
15362,,,,,,,,,,,,,,,,,,,,,,,,,,,,,,,
15363,,,,,,,,,,,,,,,,,,,,,,,,,,,,,,,
15364,,,,,,,,,,,,,,,,,,,,,,,,,,,,,,,
15365,,,,,,,,,,,,,,,,,,,,,,,,,,,,,,,
15366,,,,,,,,,,,,,,,,,,,,,,,,,,,,,,,
15367,,,,,,,,,,,,,,,,,,,,,,,,,,,,,,,
15368,,,,,,,,,,,,,,,,,,,,,,,,,,,,,,,
15369,,,,,,,,,,,,,,,,,,,,,,,,,,,,,,,
15370,,,,,,,,,,,,,,,,,,,,,,,,,,,,,,,
15371,,,,,,,,,,,,,,,,,,,,,,,,,,,,,,,
15372,,,,,,,,,,,,,,,,,,,,,,,,,,,,,,,
15373,,,,,,,,,,,,,,,,,,,,,,,,,,,,,,,
15374,,,,,,,,,,,,,,,,,,,,,,,,,,,,,,,
15375,,,,,,,,,,,,,,,,,,,,,,,,,,,,,,,
15376,,,,,,,,,,,,,,,,,,,,,,,,,,,,,,,
15377,,,,,,,,,,,,,,,,,,,,,,,,,,,,,,,
15378,,,,,,,,,,,,,,,,,,,,,,,,,,,,,,,
15379,,,,,,,,,,,,,,,,,,,,,,,,,,,,,,,
15380,,,,,,,,,,,,,,,,,,,,,,,,,,,,,,,
15381,,,,,,,,,,,,,,,,,,,,,,,,,,,,,,,
15382,,,,,,,,,,,,,,,,,,,,,,,,,,,,,,,
15383,,,,,,,,,,,,,,,,,,,,,,,,,,,,,,,
15384,,,,,,,,,,,,,,,,,,,,,,,,,,,,,,,
15385,,,,,,,,,,,,,,,,,,,,,,,,,,,,,,,
15386,,,,,,,,,,,,,,,,,,,,,,,,,,,,,,,
15387,,,,,,,,,,,,,,,,,,,,,,,,,,,,,,,
15388,,,,,,,,,,,,,,,,,,,,,,,,,,,,,,,
15389,,,,,,,,,,,,,,,,,,,,,,,,,,,,,,,
15390,,,,,,,,,,,,,,,,,,,,,,,,,,,,,,,
15391,,,,,,,,,,,,,,,,,,,,,,,,,,,,,,,
15392,,,,,,,,,,,,,,,,,,,,,,,,,,,,,,,
15393,,,,,,,,,,,,,,,,,,,,,,,,,,,,,,,
15394,,,,,,,,,,,,,,,,,,,,,,,,,,,,,,,
15395,,,,,,,,,,,,,,,,,,,,,,,,,,,,,,,
15396,,,,,,,,,,,,,,,,,,,,,,,,,,,,,,,
15397,,,,,,,,,,,,,,,,,,,,,,,,,,,,,,,
15398,,,,,,,,,,,,,,,,,,,,,,,,,,,,,,,
15399,,,,,,,,,,,,,,,,,,,,,,,,,,,,,,,
15400,,,,,,,,,,,,,,,,,,,,,,,,,,,,,,,
15401,,,,,,,,,,,,,,,,,,,,,,,,,,,,,,,
15402,,,,,,,,,,,,,,,,,,,,,,,,,,,,,,,
15403,,,,,,,,,,,,,,,,,,,,,,,,,,,,,,,
15404,,,,,,,,,,,,,,,,,,,,,,,,,,,,,,,
15405,,,,,,,,,,,,,,,,,,,,,,,,,,,,,,,
15406,,,,,,,,,,,,,,,,,,,,,,,,,,,,,,,
15407,,,,,,,,,,,,,,,,,,,,,,,,,,,,,,,
15408,,,,,,,,,,,,,,,,,,,,,,,,,,,,,,,
15409,,,,,,,,,,,,,,,,,,,,,,,,,,,,,,,
15410,,,,,,,,,,,,,,,,,,,,,,,,,,,,,,,
15411,,,,,,,,,,,,,,,,,,,,,,,,,,,,,,,
15412,1,自施設での分娩取扱あり,1,2,True,34,401～500件,41～60件,,1,1,3,2,1,21～40件,,,False,1;2;3,,,,,,,,,,,,
15413,1,自施設での分娩取扱あり,1;2,1,True,32,151～200件,41～60件,,1,1,1;2;3,2,1,0件,False,,False,,,,,,,,,,,,,
15414,1,自施設での分娩取扱あり,3,1,True,34,0件,0件,,1,1,3,2,1,0件,False,,False,1;2;3;4,,,,,,,,,,,,
15415,,,,,,,,,,,,,,,,,,,,,,,,,,,,,,,
15416,,,,,,,,,,,,,,,,,,,,,,,,,,,,,,,
15417,,,,,,,,,,,,,,,,,,,,,,,,,,,,,,,
15418,,,,,,,,,,,,,,,,,,,,,,,,,,,,,,,
15419,,,,,,,,,,,,,,,,,,,,,,,,,,,,,,,
15420,,,,,,,,,,,,,,,,,,,,,,,,,,,,,,,
15421,,,,,,,,,,,,,,,,,,,,,,,,,,,,,,,
15422,,,,,,,,,,,,,,,,,,,,,,,,,,,,,,,
15423,,,,,,,,,,,,,,,,,,,,,,,,,,,,,,,
15424,,,,,,,,,,,,,,,,,,,,,,,,,,,,,,,
15425,,,,,,,,,,,,,,,,,,,,,,,,,,,,,,,
15426,,,,,,,,,,,,,,,,,,,,,,,,,,,,,,,
15427,,,,,,,,,,,,,,,,,,,,,,,,,,,,,,,
15428,,,,,,,,,,,,,,,,,,,,,,,,,,,,,,,
15429,,,,,,,,,,,,,,,,,,,,,,,,,,,,,,,
15430,,,,,,,,,,,,,,,,,,,,,,,,,,,,,,,
15431,,,,,,,,,,,,,,,,,,,,,,,,,,,,,,,
15432,,,,,,,,,,,,,,,,,,,,,,,,,,,,,,,
15433,,,,,,,,,,,,,,,,,,,,,,,,,,,,,,,
15434,,,,,,,,,,,,,,,,,,,,,,,,,,,,,,,
15435,,,,,,,,,,,,,,,,,,,,,,,,,,,,,,,
15436,,,,,,,,,,,,,,,,,,,,,,,,,,,,,,,
15437,,,,,,,,,,,,,,,,,,,,,,,,,,,,,,,
15438,,,,,,,,,,,,,,,,,,,,,,,,,,,,,,,
15439,,,,,,,,,,,,,,,,,,,,,,,,,,,,,,,
15440,,,,,,,,,,,,,,,,,,,,,,,,,,,,,,,
15441,,,,,,,,,,,,,,,,,,True,,,,,,,,,,,,,
15442,,,,,,,,,,,,,,,,,,,,,,,,,,,,,,,
15443,,,,,,,,,,,,,,,,,,,,,,,,,,,,,,,
15444,,,,,,,,,,,,,,,,,,,,,,,,,,,,,,,
15445,,,,,,,,,,,,,,,,,,,,,,,,,,,,,,,
15446,,,,,,,,,,,,,,,,,,,,,,,,,,,,,,,
15447,,,,,,,,,,,,,,,,,,,,,,,,,,,,,,,
15448,,,,,,,,,,,,,,,,,,,,,,,,,,,,,,,
15449,,,,,,,,,,,,,,,,,,,,,,,,,,,,,,,
15450,,,,,,,,,,,,,,,,,,,,,,,,,,,,,,,
15451,,,,,,,,,,,,,,,,,,,,,,,,,,,,,,,
15452,,,,,,,,,,,,,,,,,,,,,,,,,,,,,,,
15453,,,,,,,,,,,,,,,,,,,,,,,,,,,,,,,
15454,,,,,,,,,,,,,,,,,,,,,,,,,,,,,,,
15455,,,,,,,,,,,,,,,,,,,,,,,,,,,,,,,
15456,,,,,,,,,,,,,,,,,,,,,,,,,,,,,,,
15457,,,,,,,,,,,,,,,,,,,,,,,,,,,,,,,
15458,,,,,,,,,,,,,,,,,,,,,,,,,,,,,,,
15459,,,,,,,,,,,,,,,,,,,,,,,,,,,,,,,
15460,,,,,,,,,,,,,,,,,,,,,,,,,,,,,,,
15461,,,,,,,,,,,,,,,,,,,,,,,,,,,,,,,
15462,,,,,,,,,,,,,,,,,,,,,,,,,,,,,,,
15463,,,,,,,,,,,,,,,,,,,,,,,,,,,,,,,
15464,,,,,,,,,,,,,,,,,,,,,,,,,,,,,,,
15465,,,,,,,,,,,,,,,,,,,,,,,,,,,,,,,
15466,,,,,,,,,,,,,,,,,,,,,,,,,,,,,,,
15467,,,,,,,,,,,,,,,,,,,,,,,,,,,,,,,
15468,,,,,,,,,,,,,,,,,,,,,,,,,,,,,,,
15469,,,,,,,,,,,,,,,,,,,,,,,,,,,,,,,
15470,,,,,,,,,,,,,,,,,,,,,,,,,,,,,,,
15471,,,,,,,,,,,,,,,,,,,,,,,,,,,,,,,
15472,,,,,,,,,,,,,,,,,,,,,,,,,,,,,,,
15473,,,,,,,,,,,,,,,,,,,,,,,,,,,,,,,
15474,,,,,,,,,,,,,,,,,,,,,,,,,,,,,,,
15475,,,,,,,,,,,,,,,,,,,,,,,,,,,,,,,
15476,,,,,,,,,,,,,,,,,,,,,,,,,,,,,,,
15477,,,,,,,,,,,,,,,,,,,,,,,,,,,,,,,
15478,,,,,,,,,,,,,,,,,,,,,,,,,,,,,,,
15479,,,,,,,,,,,,,,,,,,,,,,,,,,,,,,,
15480,,,,,,,,,,,,,,,,,,,,,,,,,,,,,,,
15481,,,,,,,,,,,,,,,,,,,,,,,,,,,,,,,
15482,,,,,,,,,,,,,,,,,,,,,,,,,,,,,,,
15483,,,,,,,,,,,,,,,,,,,,,,,,,,,,,,,
15484,,,,,,,,,,,,,,,,,,,,,,,,,,,,,,,
15485,,,,,,,,,,,,,,,,,,,,,,,,,,,,,,,
15486,,,,,,,,,,,,,,,,,,,,,,,,,,,,,,,
15487,,,,,,,,,,,,,,,,,,,,,,,,,,,,,,,
15488,,,,,,,,,,,,,,,,,,,,,,,,,,,,,,,
15489,,,,,,,,,,,,,,,,,,,,,,,,,,,,,,,
15490,,,,,,,,,,,,,,,,,,,,,,,,,,,,,,,
15491,,,,,,,,,,,,,,,,,,,,,,,,,,,,,,,
15492,,,,,,,,,,,,,,,,,,,,,,,,,,,,,,,
15493,,,,,,,,,,,,,,,,,,,,,,,,,,,,,,,
15494,,,,,,,,,,,,,,,,,,,,,,,,,,,,,,,
15495,,,,,,,,,,,,,,,,,,,,,,,,,,,,,,,
15496,,,,,,,,,,,,,,,,,,,,,,,,,,,,,,,
15497,,,,,,,,,,,,,,,,,,,,,,,,,,,,,,,
15498,,,,,,,,,,,,,,,,,,,,,,,,,,,,,,,
15499,,,,,,,,,,,,,,,,,,,,,,,,,,,,,,,
15500,,,,,,,,,,,,,,,,,,,,,,,,,,,,,,,
15501,,,,,,,,,,,,,,,,,,,,,,,,,,,,,,,
15502,,,,,,,,,,,,,,,,,,,,,,,,,,,,,,,
15503,,,,,,,,,,,,,,,,,,,,,,,,,,,,,,,
15504,,,,,,,,,,,,,,,,,,,,,,,,,,,,,,,
15505,,,,,,,,,,,,,,,,,,,,,,,,,,,,,,,
15506,,,,,,,,,,,,,,,,,,,,,,,,,,,,,,,
15507,,,,,,,,,,,,,,,,,,,,,,,,,,,,,,,
15508,,,,,,,,,,,,,,,,,,,,,,,,,,,,,,,
15509,,,,,,,,,,,,,,,,,,,,,,,,,,,,,,,
15510,,,,,,,,,,,,,,,,,,,,,,,,,,,,,,,
15511,,,,,,,,,,,,,,,,,,,,,,,,,,,,,,,
15512,,,,,,,,,,,,,,,,,,,,,,,,,,,,,,,
15513,,,,,,,,,,,,,,,,,,,,,,,,,,,,,,,
15514,,,,,,,,,,,,,,,,,,,,,,,,,,,,,,,
15515,,,,,,,,,,,,,,,,,,,,,,,,,,,,,,,
15516,,,,,,,,,,,,,,,,,,,,,,,,,,,,,,,
15517,,,,,,,,,,,,,,,,,,,,,,,,,,,,,,,
15518,,,,,,,,,,,,,,,,,,,,,,,,,,,,,,,
15519,,,,,,,,,,,,,,,,,,,,,,,,,,,,,,,
15520,,,,,,,,,,,,,,,,,,,,,,,,,,,,,,,
15521,,,,,,,,,,,,,,,,,,,,,,,,,,,,,,,
15522,,,,,,,,,,,,,,,,,,,,,,,,,,,,,,,
15523,,,,,,,,,,,,,,,,,,,,,,,,,,,,,,,
15524,,,,,,,,,,,,,,,,,,,,,,,,,,,,,,,
15525,,,,,,,,,,,,,,,,,,,,,,,,,,,,,,,
15526,,,,,,,,,,,,,,,,,,,,,,,,,,,,,,,
15527,,,,,,,,,,,,,,,,,,,,,,,,,,,,,,,
15528,,,,,,,,,,,,,,,,,,,,,,,,,,,,,,,
15529,,,,,,,,,,,,,,,,,,,,,,,,,,,,,,,
15530,,,,,,,,,,,,,,,,,,,,,,,,,,,,,,,
15531,,,,,,,,,,,,,,,,,,,,,,,,,,,,,,,
15532,,,,,,,,,,,,,,,,,,,,,,,,,,,,,,,
15533,,,,,,,,,,,,,,,,,,,,,,,,,,,,,,,
15534,,,,,,,,,,,,,,,,,,,,,,,,,,,,,,,
15535,,,,,,,,,,,,,,,,,,,,,,,,,,,,,,,
15536,,,,,,,,,,,,,,,,,,,,,,,,,,,,,,,
15537,,,,,,,,,,,,,,,,,,,,,,,,,,,,,,,
15538,,,,,,,,,,,,,,,,,,,,,,,,,,,,,,,
15539,,,,,,,,,,,,,,,,,,,,,,,,,,,,,,,
15540,,,,,,,,,,,,,,,,,,,,,,,,,,,,,,,
15541,,,,,,,,,,,,,,,,,,,,,,,,,,,,,,,
15542,,,,,,,,,,,,,,,,,,,,,,,,,,,,,,,
15543,,,,,,,,,,,,,,,,,,,,,,,,,,,,,,,
15544,,,,,,,,,,,,,,,,,,,,,,,,,,,,,,,
15545,,,,,,,,,,,,,,,,,,,,,,,,,,,,,,,
15546,,,,,,,,,,,,,,,,,,,,,,,,,,,,,,,
15547,,,,,,,,,,,,,,,,,,,,,,,,,,,,,,,
15548,,,,,,,,,,,,,,,,,,,,,,,,,,,,,,,
15549,,,,,,,,,,,,,,,,,,,,,,,,,,,,,,,
15550,,,,,,,,,,,,,,,,,,,,,,,,,,,,,,,
15551,,,,,,,,,,,,,,,,,,,,,,,,,,,,,,,
15552,,,,,,,,,,,,,,,,,,,,,,,,,,,,,,,
15553,,,,,,,,,,,,,,,,,,,,,,,,,,,,,,,
15554,,,,,,,,,,,,,,,,,,,,,,,,,,,,,,,
15555,,,,,,,,,,,,,,,,,,,,,,,,,,,,,,,
15556,,,,,,,,,,,,,,,,,,,,,,,,,,,,,,,
15557,,,,,,,,,,,,,,,,,,,,,,,,,,,,,,,
15558,,,,,,,,,,,,,,,,,,,,,,,,,,,,,,,
15559,,,,,,,,,,,,,,,,,,,,,,,,,,,,,,,
15560,,,,,,,,,,,,,,,,,,,,,,,,,,,,,,,
15561,,,,,,,,,,,,,,,,,,,,,,,,,,,,,,,
15562,,,,,,,,,,,,,,,,,,,,,,,,,,,,,,,
15563,,,,,,,,,,,,,,,,,,,,,,,,,,,,,,,
15564,,,,,,,,,,,,,,,,,,,,,,,,,,,,,,,
15565,,,,,,,,,,,,,,,,,,,,,,,,,,,,,,,
15566,,,,,,,,,,,,,,,,,,,,,,,,,,,,,,,
15567,,,,,,,,,,,,,,,,,,,,,,,,,,,,,,,
15568,,,,,,,,,,,,,,,,,,,,,,,,,,,,,,,
15569,,,,,,,,,,,,,,,,,,,,,,,,,,,,,,,
15570,,,,,,,,,,,,,,,,,,,,,,,,,,,,,,,
15571,,,,,,,,,,,,,,,,,,,,,,,,,,,,,,,
15572,,,,,,,,,,,,,,,,,,,,,,,,,,,,,,,
15573,,,,,,,,,,,,,,,,,,,,,,,,,,,,,,,
15574,,,,,,,,,,,,,,,,,,,,,,,,,,,,,,,
15575,,,,,,,,,,,,,,,,,,,,,,,,,,,,,,,
15576,,,,,,,,,,,,,,,,,,,,,,,,,,,,,,,
15577,,,,,,,,,,,,,,,,,,,,,,,,,,,,,,,
15578,,,,,,,,,,,,,,,,,,,,,,,,,,,,,,,
15579,,,,,,,,,,,,,,,,,,,,,,,,,,,,,,,
15580,,,,,,,,,,,,,,,,,,,,,,,,,,,,,,,
15581,,,,,,,,,,,,,,,,,,,,,,,,,,,,,,,
15582,,,,,,,,,,,,,,,,,,,,,,,,,,,,,,,
15583,,,,,,,,,,,,,,,,,,,,,,,,,,,,,,,
15584,,,,,,,,,,,,,,,,,,,,,,,,,,,,,,,
15585,,,,,,,,,,,,,,,,,,,,,,,,,,,,,,,
15586,,,,,,,,,,,,,,,,,,,,,,,,,,,,,,,
15587,,,,,,,,,,,,,,,,,,,,,,,,,,,,,,,
15588,,,,,,,,,,,,,,,,,,,,,,,,,,,,,,,
15589,,,,,,,,,,,,,,,,,,,,,,,,,,,,,,,
15590,,,,,,,,,,,,,,,,,,,,,,,,,,,,,,,
15591,,,,,,,,,,,,,,,,,,,,,,,,,,,,,,,
15592,,,,,,,,,,,,,,,,,,,,,,,,,,,,,,,
15593,,,,,,,,,,,,,,,,,,,,,,,,,,,,,,,
15594,,,,,,,,,,,,,,,,,,,,,,,,,,,,,,,
15595,,,,,,,,,,,,,,,,,,,,,,,,,,,,,,,
15596,,,,,,,,,,,,,,,,,,,,,,,,,,,,,,,
15597,,,,,,,,,,,,,,,,,,,,,,,,,,,,,,,
15598,,,,,,,,,,,,,,,,,,,,,,,,,,,,,,,
15599,,,,,,,,,,,,,,,,,,,,,,,,,,,,,,,
15600,,,,,,,,,,,,,,,,,,,,,,,,,,,,,,,
15601,,,,,,,,,,,,,,,,,,,,,,,,,,,,,,,
15602,,,,,,,,,,,,,,,,,,,,,,,,,,,,,,,
15603,,,,,,,,,,,,,,,,,,,,,,,,,,,,,,,
15604,,,,,,,,,,,,,,,,,,,,,,,,,,,,,,,
15605,,,,,,,,,,,,,,,,,,,,,,,,,,,,,,,
15606,,,,,,,,,,,,,,,,,,,,,,,,,,,,,,,
15607,,,,,,,,,,,,,,,,,,,,,,,,,,,,,,,
15608,,,,,,,,,,,,,,,,,,,,,,,,,,,,,,,
15609,,,,,,,,,,,,,,,,,,,,,,,,,,,,,,,
15610,,,,,,,,,,,,,,,,,,,,,,,,,,,,,,,
15611,,,,,,,,,,,,,,,,,,,,,,,,,,,,,,,
15612,,,,,,,,,,,,,,,,,,,,,,,,,,,,,,,
15613,,,,,,,,,,,,,,,,,,,,,,,,,,,,,,,
15614,,,,,,,,,,,,,,,,,,,,,,,,,,,,,,,
15615,,,,,,,,,,,,,,,,,,,,,,,,,,,,,,,
15616,,,,,,,,,,,,,,,,,,,,,,,,,,,,,,,
15617,,,,,,,,,,,,,,,,,,,,,,,,,,,,,,,
15618,,,,,,,,,,,,,,,,,,,,,,,,,,,,,,,
15619,,,,,,,,,,,,,,,,,,,,,,,,,,,,,,,
15620,,,,,,,,,,,,,,,,,,,,,,,,,,,,,,,
15621,,,,,,,,,,,,,,,,,,,,,,,,,,,,,,,
15622,,,,,,,,,,,,,,,,,,,,,,,,,,,,,,,
15623,,,,,,,,,,,,,,,,,,,,,,,,,,,,,,,
15624,,,,,,,,,,,,,,,,,,,,,,,,,,,,,,,
15625,,,,,,,,,,,,,,,,,,,,,,,,,,,,,,,
15626,,,,,,,,,,,,,,,,,,,,,,,,,,,,,,,
15627,,,,,,,,,,,,,,,,,,,,,,,,,,,,,,,
15628,,,,,,,,,,,,,,,,,,,,,,,,,,,,,,,
15629,,,,,,,,,,,,,,,,,,,,,,,,,,,,,,,
15630,,,,,,,,,,,,,,,,,,,,,,,,,,,,,,,
15631,,,,,,,,,,,,,,,,,,,,,,,,,,,,,,,
15632,,,,,,,,,,,,,,,,,,,,,,,,,,,,,,,
15633,,,,,,,,,,,,,,,,,,,,,,,,,,,,,,,
15634,,,,,,,,,,,,,,,,,,,,,,,,,,,,,,,
15635,,,,,,,,,,,,,,,,,,,,,,,,,,,,,,,
15636,,,,,,,,,,,,,,,,,,,,,,,,,,,,,,,
15637,,,,,,,,,,,,,,,,,,,,,,,,,,,,,,,
15638,,,,,,,,,,,,,,,,,,,,,,,,,,,,,,,
15639,,,,,,,,,,,,,,,,,,,,,,,,,,,,,,,
15640,,,,,,,,,,,,,,,,,,,,,,,,,,,,,,,
15641,,,,,,,,,,,,,,,,,,,,,,,,,,,,,,,
15642,,,,,,,,,,,,,,,,,,,,,,,,,,,,,,,
15643,,,,,,,,,,,,,,,,,,,,,,,,,,,,,,,
15644,,,,,,,,,,,,,,,,,,,,,,,,,,,,,,,
15645,,,,,,,,,,,,,,,,,,,,,,,,,,,,,,,
15646,,,,,,,,,,,,,,,,,,,,,,,,,,,,,,,
15647,,,,,,,,,,,,,,,,,,,,,,,,,,,,,,,
15648,,,,,,,,,,,,,,,,,,,,,,,,,,,,,,,
15649,,,,,,,,,,,,,,,,,,,,,,,,,,,,,,,
15650,,,,,,,,,,,,,,,,,,,,,,,,,,,,,,,
15651,,,,,,,,,,,,,,,,,,,,,,,,,,,,,,,
15652,,,,,,,,,,,,,,,,,,,,,,,,,,,,,,,
15653,,,,,,,,,,,,,,,,,,,,,,,,,,,,,,,
15654,,,,,,,,,,,,,,,,,,,,,,,,,,,,,,,
15655,,,,,,,,,,,,,,,,,,,,,,,,,,,,,,,
15656,,,,,,,,,,,,,,,,,,,,,,,,,,,,,,,
15657,,,,,,,,,,,,,,,,,,,,,,,,,,,,,,,
15658,,,,,,,,,,,,,,,,,,,,,,,,,,,,,,,
15659,,,,,,,,,,,,,,,,,,,,,,,,,,,,,,,
15660,,,,,,,,,,,,,,,,,,,,,,,,,,,,,,,
15661,,,,,,,,,,,,,,,,,,,,,,,,,,,,,,,
15662,,,,,,,,,,,,,,,,,,,,,,,,,,,,,,,
15663,,,,,,,,,,,,,,,,,,,,,,,,,,,,,,,
15664,,,,,,,,,,,,,,,,,,,,,,,,,,,,,,,
15665,,,,,,,,,,,,,,,,,,,,,,,,,,,,,,,
15666,,,,,,,,,,,,,,,,,,,,,,,,,,,,,,,
15667,,,,,,,,,,,,,,,,,,,,,,,,,,,,,,,
15668,,,,,,,,,,,,,,,,,,,,,,,,,,,,,,,
15669,,,,,,,,,,,,,,,,,,,,,,,,,,,,,,,
15670,,,,,,,,,,,,,,,,,,,,,,,,,,,,,,,
15671,,,,,,,,,,,,,,,,,,,,,,,,,,,,,,,
15672,,,,,,,,,,,,,,,,,,,,,,,,,,,,,,,
15673,,,,,,,,,,,,,,,,,,,,,,,,,,,,,,,
15674,,,,,,,,,,,,,,,,,,,,,,,,,,,,,,,
15675,,,,,,,,,,,,,,,,,,,,,,,,,,,,,,,
15676,,,,,,,,,,,,,,,,,,,,,,,,,,,,,,,
15677,,,,,,,,,,,,,,,,,,,,,,,,,,,,,,,
15678,,,,,,,,,,,,,,,,,,,,,,,,,,,,,,,
15679,,,,,,,,,,,,,,,,,,,,,,,,,,,,,,,
15680,,,,,,,,,,,,,,,,,,,,,,,,,,,,,,,
15681,,,,,,,,,,,,,,,,,,,,,,,,,,,,,,,
15682,,,,,,,,,,,,,,,,,,,,,,,,,,,,,,,
15683,,,,,,,,,,,,,,,,,,,,,,,,,,,,,,,
15684,,,,,,,,,,,,,,,,,,,,,,,,,,,,,,,
15685,,,,,,,,,,,,,,,,,,,,,,,,,,,,,,,
15686,,,,,,,,,,,,,,,,,,,,,,,,,,,,,,,
15687,,,,,,,,,,,,,,,,,,,,,,,,,,,,,,,
15688,,,,,,,,,,,,,,,,,,,,,,,,,,,,,,,
15689,,,,,,,,,,,,,,,,,,,,,,,,,,,,,,,
15690,,,,,,,,,,,,,,,,,,,,,,,,,,,,,,,
15691,,,,,,,,,,,,,,,,,,,,,,,,,,,,,,,
15692,,,,,,,,,,,,,,,,,,,,,,,,,,,,,,,
15693,,,,,,,,,,,,,,,,,,,,,,,,,,,,,,,
15694,,,,,,,,,,,,,,,,,,,,,,,,,,,,,,,
15695,,,,,,,,,,,,,,,,,,,,,,,,,,,,,,,
15696,,,,,,,,,,,,,,,,,,,,,,,,,,,,,,,
15697,,,,,,,,,,,,,,,,,,,,,,,,,,,,,,,
15698,,,,,,,,,,,,,,,,,,,,,,,,,,,,,,,
15699,,,,,,,,,,,,,,,,,,,,,,,,,,,,,,,
15700,,,,,,,,,,,,,,,,,,,,,,,,,,,,,,,
15701,,,,,,,,,,,,,,,,,,,,,,,,,,,,,,,
15702,,,,,,,,,,,,,,,,,,,,,,,,,,,,,,,
15703,,,,,,,,,,,,,,,,,,,,,,,,,,,,,,,
15704,,,,,,,,,,,,,,,,,,,,,,,,,,,,,,,
15705,,,,,,,,,,,,,,,,,,,,,,,,,,,,,,,
15706,,,,,,,,,,,,,,,,,,,,,,,,,,,,,,,
15707,,,,,,,,,,,,,,,,,,,,,,,,,,,,,,,
15708,,,,,,,,,,,,,,,,,,,,,,,,,,,,,,,
15709,,,,,,,,,,,,,,,,,,,,,,,,,,,,,,,
15710,,,,,,,,,,,,,,,,,,,,,,,,,,,,,,,
15711,,,,,,,,,,,,,,,,,,,,,,,,,,,,,,,
15712,,,,,,,,,,,,,,,,,,,,,,,,,,,,,,,
15713,,,,,,,,,,,,,,,,,,,,,,,,,,,,,,,
15714,,,,,,,,,,,,,,,,,,,,,,,,,,,,,,,
15715,,,,,,,,,,,,,,,,,,,,,,,,,,,,,,,
15716,,,,,,,,,,,,,,,,,,,,,,,,,,,,,,,
15717,,,,,,,,,,,,,,,,,,,,,,,,,,,,,,,
15718,,,,,,,,,,,,,,,,,,,,,,,,,,,,,,,
15719,,,,,,,,,,,,,,,,,,,,,,,,,,,,,,,
15720,,,,,,,,,,,,,,,,,,,,,,,,,,,,,,,
15721,,,,,,,,,,,,,,,,,,,,,,,,,,,,,,,
15722,,,,,,,,,,,,,,,,,,,,,,,,,,,,,,,
15723,,,,,,,,,,,,,,,,,,,,,,,,,,,,,,,
15724,,,,,,,,,,,,,,,,,,,,,,,,,,,,,,,
15725,,,,,,,,,,,,,,,,,,,,,,,,,,,,,,,
15726,,,,,,,,,,,,,,,,,,,,,,,,,,,,,,,
15727,,,,,,,,,,,,,,,,,,,,,,,,,,,,,,,
15728,,,,,,,,,,,,,,,,,,,,,,,,,,,,,,,
15729,,,,,,,,,,,,,,,,,,,,,,,,,,,,,,,
15730,,,,,,,,,,,,,,,,,,,,,,,,,,,,,,,
15731,,,,,,,,,,,,,,,,,,,,,,,,,,,,,,,
15732,,,,,,,,,,,,,,,,,,,,,,,,,,,,,,,
15733,,,,,,,,,,,,,,,,,,,,,,,,,,,,,,,
15734,,,,,,,,,,,,,,,,,,,,,,,,,,,,,,,
15735,,,,,,,,,,,,,,,,,,,,,,,,,,,,,,,
15736,,,,,,,,,,,,,,,,,,,,,,,,,,,,,,,
15737,,,,,,,,,,,,,,,,,,,,,,,,,,,,,,,
15738,,,,,,,,,,,,,,,,,,,,,,,,,,,,,,,
15739,,,,,,,,,,,,,,,,,,,,,,,,,,,,,,,
15740,,,,,,,,,,,,,,,,,,,,,,,,,,,,,,,
15741,,,,,,,,,,,,,,,,,,,,,,,,,,,,,,,
15742,,,,,,,,,,,,,,,,,,,,,,,,,,,,,,,
15743,,,,,,,,,,,,,,,,,,,,,,,,,,,,,,,
15744,,,,,,,,,,,,,,,,,,,,,,,,,,,,,,,
15745,,,,,,,,,,,,,,,,,,,,,,,,,,,,,,,
15746,,,,,,,,,,,,,,,,,,,,,,,,,,,,,,,
15747,,,,,,,,,,,,,,,,,,,,,,,,,,,,,,,
15748,,,,,,,,,,,,,,,,,,,,,,,,,,,,,,,
15749,,,,,,,,,,,,,,,,,,,,,,,,,,,,,,,
15750,,,,,,,,,,,,,,,,,,,,,,,,,,,,,,,
15751,,,,,,,,,,,,,,,,,,,,,,,,,,,,,,,
15752,,,,,,,,,,,,,,,,,,,,,,,,,,,,,,,
15753,,,,,,,,,,,,,,,,,,,,,,,,,,,,,,,
15754,,,,,,,,,,,,,,,,,,,,,,,,,,,,,,,
15755,,,,,,,,,,,,,,,,,,,,,,,,,,,,,,,
15756,,,,,,,,,,,,,,,,,,,,,,,,,,,,,,,
15757,,,,,,,,,,,,,,,,,,,,,,,,,,,,,,,
15758,,,,,,,,,,,,,,,,,,,,,,,,,,,,,,,
15759,,,,,,,,,,,,,,,,,,,,,,,,,,,,,,,
15760,,,,,,,,,,,,,,,,,,,,,,,,,,,,,,,
15761,,,,,,,,,,,,,,,,,,,,,,,,,,,,,,,
15762,,,,,,,,,,,,,,,,,,,,,,,,,,,,,,,
15763,,,,,,,,,,,,,,,,,,,,,,,,,,,,,,,
15764,,,,,,,,,,,,,,,,,,,,,,,,,,,,,,,
15765,,,,,,,,,,,,,,,,,,,,,,,,,,,,,,,
15766,,,,,,,,,,,,,,,,,,,,,,,,,,,,,,,
15767,,,,,,,,,,,,,,,,,,,,,,,,,,,,,,,
15768,,,,,,,,,,,,,,,,,,,,,,,,,,,,,,,
15769,,,,,,,,,,,,,,,,,,,,,,,,,,,,,,,
15770,,,,,,,,,,,,,,,,,,,,,,,,,,,,,,,
15771,,,,,,,,,,,,,,,,,,,,,,,,,,,,,,,
15772,,,,,,,,,,,,,,,,,,,,,,,,,,,,,,,
15773,,,,,,,,,,,,,,,,,,,,,,,,,,,,,,,
15774,,,,,,,,,,,,,,,,,,,,,,,,,,,,,,,
15775,,,,,,,,,,,,,,,,,,,,,,,,,,,,,,,
15776,,,,,,,,,,,,,,,,,,,,,,,,,,,,,,,
15777,,,,,,,,,,,,,,,,,,,,,,,,,,,,,,,
15778,,,,,,,,,,,,,,,,,,,,,,,,,,,,,,,
15779,,,,,,,,,,,,,,,,,,,,,,,,,,,,,,,
15780,,,,,,,,,,,,,,,,,,,,,,,,,,,,,,,
15781,,,,,,,,,,,,,,,,,,,,,,,,,,,,,,,
15782,,,,,,,,,,,,,,,,,,,,,,,,,,,,,,,
15783,,,,,,,,,,,,,,,,,,,,,,,,,,,,,,,
15784,,,,,,,,,,,,,,,,,,,,,,,,,,,,,,,
15785,,,,,,,,,,,,,,,,,,,,,,,,,,,,,,,
