birth_navi_id,external_site_type_code,url
10001,1,https://www.yokohamasakae.jp/index.html
10002,1,https://www.higashifuchu-hp.jp/
10002,4,https://www.instagram.com/higashifuchuhp/?hl=ja
10003,1,https://www.matsushima-wh.or.jp/
10003,3,https://x.com/matsushima_hp
10003,4,https://www.instagram.com/matsushima_wh/
10005,1,https://www.aiiku-hos.or.jp/
10005,4,https://www.instagram.com/aiiku_mutsuu/
10006,1,https://yorishima-hospital.jp/
10006,4,https://www.instagram.com/yorishimasanfujinka/
10007,1,http://niwa.or.jp
10007,4,https://www.instagram.com/niwahospital_okayama/
10008,1,https://www.nanbu.saiseikai.or.jp/
10009,1,https://koike-byoin.com/
10009,4,https://www.instagram.com/koike_hospital/
10010,1,https://fc-hosp.jp/
10011,1,https://www.kyoritsunarasinodai.or.jp
10011,4,https://instagram.com/kyoritsu_narashinodai_hp?igshid=MWdhOWJhczNpZTg1bw==
10012,1,https://www.todasanin.jp/
10012,2,https://www.facebook.com/todasanin
10012,4,https://www.instagram.com/todachuousanin/
10013,1,https://mikuni-hp.jp/
10013,4,https://www.instagram.com/mikuni.hp/
10014,1,https://www.ywh.or.jp/
10014,2,https://www.facebook.com/yamaguchihospital/
10014,4,https://www.instagram.com/yamaguchi_womens_hospital/
10015,2,https://www.kch.kagoshima.jp
10016,1,https://www.saitama-med.jrc.or.jp
10017,1,https://miechuo.hosp.go.jp/
10017,4,https://instagram.com/miechuomc
10018,1,https://kensekido.com/
10018,4,https://www.instagram.com/kensekido_hospital/
10020,1,https://ueda-hp.jp/
10020,4,https://www.instagram.com/ueda_hospital1948/
10021,1,https://www.misao-ladies.jp/
10021,4,https://www.instagram.com/misao_ladies_hospital/
10022,1,https://www.hosp-urayasu.juntendo.ac.jp/
10023,1,https://artemis.tokyo/
10023,3,https://twitter.com/Artemis_Hosp
10023,4,https://www.instagram.com/artemis_womens_hospital/
10024,1,https://asupiosu.or.jp/
10024,4,https://www.instagram.com/asupiosutottori/
10025,1,https://sb.kkr.or.jp
10025,6,https://www.youtube.com/@sb-kkr
10026,1,http://www.ysh.pref.yamagata.jp/
10027,1,https://www.nms.ac.jp/kosugi-h/
10028,1,https://www.kaba-san.org
10028,4,https://www.instagram.com/kabamemorialhosp/
10029,1,http://www.rgmc.izumisano.osaka.jp
10029,2,https://www.facebook.com/RinkuuZongHeYiLiaosenta/
10029,4,https://www.instagram.com/rinku_sanka/
10030,1,https://tondabayashi.saiseikai.or.jp/
10031,1,https://www.achmc.pref.aichi.jp/
10031,5,https://lin.ee/JHRHAi6
10032,1,https://www.rakuwa.or.jp/otowa/
10032,4,https://www.instagram.com/otowamaternity/
10033,1,https://miyakonojo.hosp.go.jp
10034,1,https://hachioji.tokyo-med.ac.jp/
10035,1,https://www.okmc.jp
10036,1,https://www.s-tagawa-hp.tagawa.fukuoka.jp/
10036,4,https://www.instagram.com/p/Cx4dQJzhAGr/?img_index=1
10037,1,https://www.nadeshikolh.jp/
10037,2,https://www.facebook.com/nadeshiko.l.h
10037,4,https://www.instagram.com/nadeshikolh/
10037,5,https://lin.ee/chOS1I1
10038,1,https://www.suita.saiseikai.or.jp/
10038,6,https://www.suita.saiseikai.or.jp/
10039,1,https://www.showa-u.ac.jp/SUHF/
10040,1,https://www.nichinan-kenbyo.jp
10040,4,https://www.instagram.com/nichinansanhujinka?igsh=M3Z2NDczZXh1cHRh
10041,1,https://byouin.aizenen.or.jp/
10041,6,https://hospitalsfile.doctorsfile.jp/h/1048308/ft/
10042,1,https://nmb.nomura-magokoro-med.or.jp/
10043,1,https://www.ykh.gr.jp
10044,1,https://www.kchnet.or.jp/
10044,2,https://www.facebook.com/kchnet/?locale=ja_JP
10044,4,https://www.instagram.com/kurashiki_central_hospital/
10044,5,https://page.line.me/903mzhig
10045,1,https://www.ogikubo-hospital.or.jp
10045,2,https://wwwfacebook.com/ogikubohospital/
10045,6,https://wwwogikubo-ivf.jp/
10047,1,https://www.smwh.or.jp/
10048,1,https://www.yamaguchi-u.ac.jp/hosp/
10048,2,https://www.facebook.com/1042781615888629
10048,6,https://www.youtube.com/channel/UCshpIt2VGJvbC7iq9AnOPwA
10050,1,https://osaka.jcho.go.jp/
10050,2,https://www.facebook.com/jcho.osaka
10050,4,https://www.instagram.com/jcho_osaka_hospital/
10050,5,https://page.line.me/821rlxyw?openQrModal=true
10051,1,https://www.jiseikai.com/
10052,1,http://tokuyama.jcho.go.jp
10053,1,https://www.katsuki-medical.com/
10053,2,https://www.facebook.com/katsuki.sanfujinka/
10053,4,https://www.instagram.com/katsuki.sanfujinka/
10054,1,https://nagai.jp
10055,1,https://www.shirakawa-kosei.jp
10056,1,https://www.wch.opho.jp/
10056,2,https://www.facebook.com/mch.pref.osaka
10056,4,https://www.instagram.com/osaka_wch_hospital
10056,5,https://lin.ee/UVKmegR
10057,1,http://kyoto-min-iren-c-hp.jp/
10057,4,https://www.instagram.com/kyotominiren.3c/
10057,6,https://kyotominiren3c.wixsite.com/website
10058,1,https://www.suzuki-hospital.jp
10058,4,https://www.instagram.com/suzukihp_sanka
10059,1,https://www.hospital.yao.osaka.jp/
10059,4,https://www.instagram.com/yao_municipal_hp/
10059,6,https://(YouTube)https://www.youtube.com/@yaomunicipal
10060,1,http://www.marunouchi.or.jp/
10060,4,https://www.instagram.com/marunouchi_hospital?igsh=N2FqOTIyMmtndHJh
10061,1,http://machida-city-hospital-tokyo.jp/
10062,1,http://www.palmore.or.jp
10062,3,https://twitter.com/palmorehospital
10062,4,https://www.instagram.com/palmorehospital?igsh=MXB6MzRqcXBqMDlldQ==
10063,1,https://keiaihospital.or.jp/
10063,4,https://www.instagram.com/keiai_hospital1971
10064,1,http://www.yakumaru.jp/
10064,4,https://www.instagram.com/yakumaru_hospital/
10065,1,https://www.yamamoto-hospital.gr.jp/
10065,4,https://www.instagram.com/yamamoto_obgyn/
10066,1,https://www.tkmedical.jp/
10066,2,https://www.facebook.com/profile.php?id=100057152183769
10067,1,https://www.shikoku-ctr-hsp.jp
10067,4,https://www.instagram.com/SHIKOKU.CTR.HSP/
10067,5,https://page.line.me/073haeyq
10068,1,https://cmc.pref.gunma.jp/
10069,1,https://www.hiratake.com.
10069,4,https://www.instagram.com/hiratake_clinic?igsh=MTFxejhiaXMxYTh5dg%3D%3D&utm_source=qr
10069,5,https://page.line.me/750lpjmg
10070,1,https://www.akikumihsp.com
10071,1,https://www.simo.saiseikai.or.jp
10071,4,https://www.instagram.com/saiseikai_shimonoseki?igsh=MXRmdGZzMHZlY3RyNQ==
10072,1,https://www.kinan-hp.tanabe.wakayama.jp/
10073,4,https://www.instagram.com/angelwomenshospital/
10074,1,https://higashiomi.hosp.go.jp
10074,4,https://instagram.com/higashiomi_sanfujinka?igshid=OGQ5ZDc2ODk2ZA==
10076,1,https://www.saichu.jp
10076,4,https://www.instagram.com/tokyo.saiseikai/
10076,5,https://page.line.me/043bkoup?oat_content=url&openQrModal=true
10077,1,https://kubota-hosp.jp/
10077,4,https://www.instagram.com/kubota_hospital/
10078,1,https://www.adachi-hospital.com/
10078,2,https://www.facebook.com/adachihospital
10078,3,https://twitter.com/HospitalAdachi
10078,5,https://page.line.me/adachi_hospital
10078,6,https://times.adachi-hospital.com/
10080,1,https://www.saiseikai-shiga.jp
10080,4,https://www.instagram.com/shigaken_saiseikai/
10080,5,https://page.line.me/306osnjq?openQrModal=true
10081,1,https://www.nagai-cl.com
10082,1,https://www.hosp.kurume-u.ac.jp/
10083,1,https://www.ota-hosp.or.jp/
10084,1,http://www.iijima-hospitsl.or.jp/
10085,1,https://toukeikai.com
10085,4,https://www.instagram.com/hoshigaoka_maternity
10086,1,https://www.toyota-kai.or.jp/
10086,4,https://www.instagram.com/kariyatoyota.hospital/
10087,1,https://www.wakayama-med.ac.jp/
10087,2,https://www.facebook.com/WakayamaMedicalUniversity
10088,1,https://www.keiyu-hospital.com
10089,1,https://childhp.fcho.jp
10089,2,https://www.facebook.com/fukuoka.childrens.hospital
10089,4,https://www.instagram.com/fukuoka_childrens_hospital/?hl=ja
10089,5,https://page.line.me/644vfypo?openQrModal=true
10090,1,https://www.uemura-hp.or.jp/
10090,4,https://www.instagram.com/uhp.sns/
10091,1,https://www.kubonoya.or.jp/
10091,4,https://www.instagram.com/kubonoya_womens_hospital/
10092,1,https://www.hahatoko.com
10092,4,https://www.instagram.com/hahatoko_hospital
10093,1,https://www.hitachi.co.jp/hospital/hitachi/
10094,1,https://www.hanawa-fkousei.jp
10095,1,http://www.ryugasaki-hp.org/
10095,4,https://www.instagram.com/ryugasaki_saiseikai_gynecology/
10095,5,https://page.line.me/?accountId=580vcpcr
10096,1,https://www.trshp.jp/
10096,2,https://www.facebook.com/tokyoriverside.hospital/
10096,3,https://x.com/atokyoriverside
10096,4,https://www.instagram.com/tokyoriverside.hp/
10096,6,https://csmc-gp.jp/
10097,1,https://www.hori-h.or.jp/
10097,3,https://twitter.com/horihospital_y?ref_src=twsrc%5Etfw%7Ctwcamp%5Eembeddedtimeline%7Ctwterm%5Escreen-name%3Ahorihospital_y%7Ctwcon%5Es2
10097,4,https://www.instagram.com/hori.hospital
10098,1,https://www.jikei.ac.jp/hospital/kashiwa/
10099,1,https://michigami.or.jp/
10099,2,https://www.facebook.com/michigami.or.jp
10099,4,https://www.instagram.com/michigami.or.jp
10099,6,https://michigami.baby/
10100,1,https://kofu.hosp.go.jp/
10100,4,https://www.instagram.com/kofu.hospital
10101,1,https://www.angelbells.jp/
10101,4,https://www.instagram.com/angelbell_bellnet/
10101,6,https://www.kishokai.or.jp/
10102,1,https://www.eph.pref.ehime.jp/epnh/
10103,1,http://kato-hosp.jp/
10104,1,https://ishiwata-hospital.jp/
10105,1,https://www.takedahp.or.jp/ijinkai/
10106,1,https://www.fab.or.jp/
10106,4,https://www.instagram.com/fukui_aiiku_hospital/
10107,1,https://www.seto-hospital.or.jp/
10107,4,https://www.instagram.com/setohospital/
10108,1,https://www.matsuoka.or.jp/
10108,2,https://www.facebook.com/matsuokahp
10108,3,https://twitter.com/NewsMatsuoka
10108,4,https://www.instagram.com/matsuoka_hospital/
10108,5,https://page.line.me/xxd0829i?openQrModal=true
10109,1,https://www.kitakyu-cho.jp/center/
10109,2,https://www.facebook.com/ktqiryoucenter/
10109,3,https://twitter.com/kitakyu_Mc
10109,4,https://www.instagram.com/kitakyushushiritsu_iryocenter/
10110,1,https://www.hospital.iwata.shizuoka.jp
10111,1,https://www.numazu-hospital.shizuoka.jp
10111,4,https://www.instagram.com/numazuhp_kango/
10112,1,https://www.jikei.ac.jp/hospital/katsushika/
10113,1,https://www.med.kagawa-u.ac.jp/hosp/
10113,5,http://lin.ee/cxc1JfC
10114,1,http://www.seikeikai-cmc.jp
10114,4,https://www.instagram.com/chibamedicalcenter/
10115,1,https://www.ishikawa-hp.jp/
10116,1,https://www.aiwahospital.or.jp/
10116,2,https://www.facebook.com/aiwahospital.or.jp
10116,4,https://www.instagram.com/aiwahospital8811/
10117,1,https://www.aiiku.net/
10118,1,http://www.kawagoe.saitama-med.ac.jp/01consultation/center/cmfnm/
10119,1,https://www.pref.tottori.lg.jp/chuoubyouin/
10120,1,https://www.maebashi.jrc.or.jp
10121,1,https://www.shiroishi.or.jp/
10121,2,https://www.facebook.com/people/%E6%9C%AD%E5%B9%8C%E7%99%BD%E7%9F%B3%E7%94%A3%E7%A7%91%E5%A9%A6%E4%BA%BA%E7%A7%91%E7%97%85%E9%99%A2/100057226760886/
10121,4,https://www.instagram.com/sapporo_shiroishi/
10122,1,http://www.saiseikai-sendai.jp
10122,4,https://www.instagram.com/saiseikaisendaihospital
10123,1,https://www.morikawa-wh.jp/
10124,1,http://komoro-mc.com/
10125,1,http://mitsui-hospital.net/
10125,4,https://www.instagram.com/mitsuihp/
10126,1,http://www.hamada.or.jp/
10126,3,https://twitter.com/hamada_hospital
10126,4,https://www.instagram.com/hamada.hospital/
10127,1,https://www.meiji.or.jp
10127,4,https://www.instagram.com/meiji.hospital/
10128,1,https://www.gifu-hp.jp/
10129,1,https://www.matsue.jrc.or.jp
10130,1,https://www.kakinoki-hp.or.jp/
10130,2,https://www.facebook.com/kakinokihp
10130,4,https://instagram.com/kakinoki.hospital
10131,1,https://www.higashiosaka-mc.jp/
10132,1,https://narimoto-lh.com/
10132,6,https://www.youtube.com/@user-rj1xv4yu3z
10133,1,https://www.toho-hosp.or.jp/
10133,4,https://www.instagram.com/toho_hp/
10134,1,https://www.okitama-hp.or.jp
10135,1,https://kinohosp.com/
10135,4,https://www.instagram.com/seijo_kinoshita_hospital/
10136,1,https://www.shiroko-clinic.com/womens/
10136,3,https://twitter.com/shirokoClinicGr
10136,4,https://www.instagram.com/shiroko-clinic.gr
10136,5,https://lin.ee/f4jvBMc
10137,1,https://daidohp.or.jp/
10137,2,https://www.facebook.com/daidomedicine/
10137,3,https://twitter.com/daido_hp
10137,4,https://www.instagram.com/daid_hp_community/
10137,5,https://line.me/R/ti/p/@602vckur?from=page&oat_content=url&openQrModal=true&searchId=602vckur#~
10137,6,https://www.welcome-baby.daidohp.or.jp
10138,1,https://www.taniguchi-hp.org
10138,2,https://www.facebook.com/people/%E8%B0%B7%E5%8F%A3%E7%97%85%E9%99%A2/100076203781907/
10138,4,https://www.instagram.com/taniguchi_hp/
10139,1,https://keiai-shonan.jp
10139,4,https://www.instagram.com/keiai_shonan/
10140,1,https://www.fukuda-hp.or.jp/
10140,4,https://www.instagram.com/fukuda_hp
10141,1,https://matsukuma.jp/
10141,4,https://instagram.com/matsukuma.obgy?igshid=OGQ5ZDc2ODk2ZA==
10142,1,https://akamatsu.or.jp/
10142,4,https://www.instagram.com/akamatsu_hospital/
10143,1,http://www.kasehp.jp
10144,1,https://www.oak-clinic.com/
10144,4,https://instagram.com/oak.clinic.sophrologie?igshid=M2RkJiMzhjOQ%3D&utm_source=qr
10145,1,https://www.tokushima-hosp.jp/
10145,6,https://www.tokudai-sanfujinka.jp/Total/
10146,1,https://www.dou-kouseiren.com/byouin/abasiri/
10147,1,http://hosp.town.yakumo.hokkaido.jp/
10149,1,https://www.nms.ac.jp/hokuso-h/section/female.html
10151,1,https://hsp.shingu.wakayama.jp/
10152,1,https://www.yuri-hospital.honjo.akita.jp
10153,1,https://okawa-obgyn.com/hosp/
10153,4,https://www.instagram.com/okawa_sanfujinka/
10154,1,https://nakabayashi-hp.com/
10155,1,https://www.hospital.pref.ibaraki.jp/chuo/
10157,1,https://www.itokazu-hospital.com/
10157,4,https://www.instagram.com/itokazu_hospital/
10159,1,https://nagano-child.jp/
10160,1,https://katsushika.jrc.or.jp/
10160,4,https://www.instagram.com/jrc.katsushika_Boshi/
10161,1,https://nanbuweb.hosp.pref.okinawa.jp
10162,1,https://www.yokohama.jrc.or.jp/
10163,1,https://www.yokotamaternity.com
10163,4,https://www.instagram.com/yokotamaternity
10163,6,https://repro.yokotamaternity.com
10164,1,https://www.med.jrc.or.jp/
10164,4,https://www.instagram.com/nisseki_mc_official/
10164,6,https://www.youtube.com/channel/UC6oPKyej6VJ8NcVlfybndow
10165,1,https://general.ohara-hp.or.jp/
10165,2,https://www.facebook.com/oharahp/
10166,1,https://kyusyu.jcho.go.jp/
10167,1,http://www.takayama.jrc.or.jp/
10167,2,https://www.facebook.com/people/%E9%AB%98%E5%B1%B1%E8%B5%A4%E5%8D%81%E5%AD%97%E7%97%85%E9%99%A2/100063006620610/
10167,4,https://www.instagram.com/takayama_red_cross/
10168,1,https://www.ncchd.go.jp/
10168,4,https://www.instagram.com/ncchd.go.jp/
10169,1,https://seibu.marianna-u.ac.jp/
10171,1,https://www.kenkou1.com
10172,1,https://www.kgh.or.jp/
10173,1,https://www.kugayama-hp.org/osan/index.html
10173,4,https://www.instagram.com/kugayama_hospital.sanka/
10173,6,https://www.kugayama-hp.org/index.html
10174,1,https://ninohe-hp.net
10175,1,https://www.tanaka-hospital.jp/
10175,4,https://www.instagram.com/tanakahp32
10176,1,https://www.sowa-kai.jp/fuchinobe/
10177,1,https://www.shizuoka-pho.jp/kodomo/index.html
10179,1,https://www.hosp.hyo-med.ac.jp/
10180,1,http://erabu.tokushukai.or.jp
10180,2,https://facebook.com/okierabu
10180,4,http://www.instagram.com/okinoerabuhp/
10180,5,http://line.me/R/ti/p/%40888yxzto#～
10181,1,https://www.mediqube.com/arimatsu/usr/pc/
10182,1,https://murakami-obgy.or.jp/
10182,4,http://www.instagram.com/murakamihospital
10184,1,https://www.izuchi-hospital.gr.jp
10185,1,https://www.sannoh.or.jp/
10185,4,https://www.instagram.com/sannoh0311
10186,1,http://www.shimizu-hospital.com
10186,4,https://www.instagram.com/shimizu_hospital?igsh=c3Zkd3VwdjVmbDd1
10187,1,https://umeda-hospital.or.jp/
10187,2,https://www.facebook.com/umeda-hosp.hikari
10187,3,https://twitter.com/umeda_hospital
10187,4,https://www.instagram.com/umeda.hospital
10188,1,https://www.hahatoko.jp
10188,2,https://www.facebook.com/hahatoko.jp
10188,4,https://www.instagram.com/hahatoko.jp/?hl=ja
10189,1,https://www.hyogo-kodomo-hosp.com/
10190,1,yokohosp@gmail.com
10191,1,https://suzuki-hp.jp
10191,3,https://x.com/suzukibyouin
10191,4,https://www.instagram.com/suzukihp.insta/
10191,5,https://lin.ee/hrEhEQJ
10192,1,https://www.anzu.or.jp/ichinomiyanishi/
10192,2,https://www.facebook.com/Ichinomiyanishi/
10192,4,https://instagram.com/Ichinomiyanishi.hospital/
10192,6,https://www.youtube.com/@ichinomiya-nishi
10193,1,https://nmc.kcho.jp/
10194,1,https://www.sato-hospital.gr.jp
10194,2,https://ww.facebook.com/satohospital/
10194,4,https://www.instagram.com/sato_hospital/
10195,1,https://kosaka.or.jp/
10195,2,https://www.facebook.com/kosaka.womens.hospital/
10195,3,https://twitter.com/kosaka_san
10195,4,https://www.instagram.com/kosaka0710/
10196,1,https://www2.khsc.or.jp
10197,1,https://sho-hospital.jp/
10197,4,https://www.instagram.com/shohospital/
10198,1,https://www.hosp.iwate-med.ac.jp/yahaba/
10198,5,https://page.line.me/?accountId=403tkdut
10199,1,https://shinonoi-ghp.jp/
10200,1,https://www.masaoka-hp.com
10200,2,https://www.facebook.com/profile.php?id=100063664982590
10200,4,https://www.instagram.com/masaoka_hospital/
10201,1,https://fiore.sekisaikai.jp/
10201,4,https://www.instagram.com/fiore.daiichi_sanfujinka/?hl=ja
10202,1,https://www.hop.fukuoka-u.ac.jp
10202,2,https://www.facebook.com/FukuokaUniversityHospital#
10202,3,https://x.com/FukuokaUnivHosp
10202,4,https://www.instagram.com/accounts/login/?next=%2Ffukuokaunivhosp%2F&source=omni_redirect
10203,1,https://perineito.com/
10203,4,https://www.instagram.com/perineito/?igsh=cD13MHF2bTJ672Nt
10205,1,https://www.city.toyonaka.osaka.jp/hp/
10206,1,https://www.sakura.med.toho-u.ac.jp/
10207,1,https://aiiku-kago.com/
10207,4,https://www.instagram.com/aiiku.hp.kg
10207,5,https://page.line.me/939dlkbt
10208,1,https://iwata-hospital.com/
10208,4,https://www.instagram.com/iwatabyoin/
10209,1,https://fph.pref.fukui.lg.jp/
10210,1,https://www.hos.akita-u.ac.jp/
10211,1,https://nobori.or.jp
10211,4,https://www.instagram.com/nobori_hospital/
10212,1,https://www.dainiadachi.or.jp/
10212,4,https://www.instagram.com/second_adachi/
10213,1,https://www.keiai.or.jp/
10213,4,https://www.instagram.com/keiai_hospital/
10214,1,https://www.sakuragaoka-hospital.jp/
10214,4,https://www.instagram.com/sakuragaoka_hospital.fukaya/
10215,1,https://kcmc.kanagawa-pho.jp/
10215,4,https://www.instagram.com/kcmc_kpho/
10215,6,https://perinatal-care-centre.kcmc.jp/
10216,1,https://www.kesennuma-hospital.jp/
10217,1,https://mori-hosp.jp
10219,1,https://yokohama-osan.com
10219,4,https://www.instagram.com/yokorou.hamaron/
10220,1,http://www.barnaba.or.jp/
10221,1,https://ito-shimin-hp.jp/
10221,3,https://twitter.com/itoshimin_hp
10221,4,https://www.instagram.com/ito_shimin_hp/
10222,1,https://www.kikuchi-hosp/
10222,4,https://instagram.com/kikuchi_hospital.fukaya/
10223,1,https://www.tani.com/
10224,1,https://www.miyoshi-central-hospital.jp/
10225,1,https://gmhosp.jp/
10226,1,http://kirahp.jp/
10227,1,https://www.hidakagh.gobo.wakayama.jp
10227,4,https://www.instagram.com/hidaka.hospital/
10228,1,http://www.ohda-hp.ohda.shimane.jp/
10229,1,https://www.nagai-h.com/
10229,4,https://www.instagram.com/nagaisanfujinka/
10231,1,https://www.toyota-mh.jp/
10232,1,https://minamata-hp.jp/
10233,1,http://chubu-hp.com/
10234,1,https://www.takasagoseibu.jp/
10234,2,https://www.facebook.com/TakasagoSeibuHospital/
10235,1,https://hospital.med.gunma-u.ac.jp/
10235,6,https://gunma-obgyn.jp/
10236,1,https://iwasa-gifu.or.jp/
10236,4,https://www.instagram.com/iwasa_maternity/
10237,1,https://hirobyo.jp
10238,1,https://chukyo.jcho.go.jp/
10238,2,https://www.facebook.com/chukyohosp/
10238,4,https://www.instagram.com/jcho_chukyo_sanka/
10239,1,https://www.dou-kouseiren.com/byouin/asahikawa/index.html
10239,4,https://www.instagram.com/asahikawakosei_hospital/
10239,6,https://www.youtube.com/channel/UCzS6PiEjd9fGFQMZsdZLNcQ
10240,1,https://www.enahosp.jp
10240,2,https://www.facebook.com/EnaHospital
10242,1,https://www.ndmc.ac.jp/hospital/
10243,1,https://saitama.hosp.go.jp/
10244,1,https://hosp.juntendo.ac.jp/clinic/department/sanka/ob/
10245,1,https://www.hiraka-hp.yokote.akita.jp
10246,1,https://www.tugboat.design/aiwaclinic-wp/
10246,2,https://www.facebook.com/AiwaHospital
10246,3,https://x.com/InfoKogaaiwa
10246,4,https://www.instagram.com/aiwaclinic_koga/
10247,1,https://ym-hp.yamatotakada.nara.jp/
10247,6,https://ym-hp.yamatotakada.nara.jp/sinryo_bumon/gynecology.html
10248,1,https://sogo.kitakyu-hp.or.jp/
10249,1,https://www.hosp.tsukuba.ac.jp/
10251,1,https://www.tch.toyama.toyama.jp/
10252,1,https://www.itoigawa-hp.jp/
10252,2,https://www.facebook.com/itoigawa.hp/?locale=ja_JP
10252,4,https://www.instagram.com/itoigawa_ghp/
10253,1,https://tokyobay-mc.jp/
10254,1,https://hospital.kikkoman.co.jp/
10255,1,https://www.suzukilh.com
10256,1,https://www.tmd.ac.jp/med/gyne/patient/birth_index.html
10257,1,https://www.sanka-hokudai.jp/
10258,1,https://kanazawa-municipal-hosp.com/
10259,1,https://www.city.takashima.lg.jp/iryo_kenko_fukushi/tmh/index.html
10260,1,https://www.hospital-kashiwara-osaka.jp/
10261,1,https://www.okayama-med.jrc.or.jp
10262,1,https://www.med.oita-u.ac.jp/hospital/index.html
10263,1,https://www.kagacityhp.jp/
10263,2,https://www.facebook.com/people/%E5%8A%A0%E8%B3%80%E5%B8%82%E5%8C%BB%E7%99%82%E3%82%BB%E3%83%B3%E3%82%BF%E3%83%BC/100054574414467/
10264,1,https://www.kaisei.or.jp/
10264,4,https://www.instagram.com/kagawaken_kaiseibyouin?igsh=MTF5Z3kxMmt5eWZiZA==
10264,5,https://line.me/R/ti/p/@582euqkk
10265,1,https://www.toyokawa-ch-aichi.jp/
10266,1,https://k-enshu.ja-shizuoka.or.jp
10266,2,https://m.facebook.com/enshubyoin
10266,4,https://www.instagram.com/enshusanka
10267,1,https://www.nishihosp.nishinomiya.hyogo.jp
10268,1,https://anan-medc.jp
10269,1,http://matushimahospital.com
10270,1,https://hp.kmu.ac.jp/
10271,1,http://www.gujo-hospital.jp
10272,1,https://hospinfo.tokyo-med.ac.jp/
10273,1,https://www.hosp.keio.ac.jp
10273,6,http://www.obgy.med.keio.ac.jp/index.php
10274,1,https://ibusuki.hosp.go.jp/
10275,1,https://yamate.jcho.go.jp
10276,1,https://www.seirei.or.jp/mikatahara/
10276,5,https://line.me/R/ti/p/@406jcpds
10277,1,https://www.kuwanacmc.or.jp
10278,1,http://www.kashiwazaki-ghmc.jp
10279,1,https://www.oki-hospital.com/
10279,2,https://www.facebook.com/oki.hospital/?ref=embed_page
10279,4,https://www.instagram.com/okinurselife/?igsh=anFoMjVodGRlcWt4#
10279,6,https://www.oki-hospital.com/staff-blog/
10280,1,https://www.kitahari-mc.jp/
10281,1,https://www.fujioka-hosp.or.jp
10282,1,https://www.iwakura-byoin.com
10282,5,https://lin.ee/WjktGX0
10283,1,https://sagamino.jcho.go.jp
10283,5,https://page.line.me/412euvyy?openQrModal=true
10284,1,https://www.fmu.ac.jp
10285,1,http://www.hospital.sasebo.nagasaki.jp
10286,1,https://nmc.kpu-m.ac.jp/
10287,1,https://beppu.hosp.go.jp/
10290,1,https://www.bing.com/ck/a?!&&p=43aa1a92be8012654a16a29cbf61aacab32252392dcf61dea918725d8cac6675JmltdHM9MTc3OTkyNjQwMA&ptn=3&ver=2&hsh=4&fclid=22adb406-5d43-67be-1d2e-a27b5c8f66cf&u=a1aHR0cHM6Ly93d3cuYmluZy5jb20vYWxpbmsvbGluaz91cmw9aHR0cHMlM2ElMmYlMmZ3d3cub3RhLWctaG9zcGl0YWwuY29tJTJmJnNvdXJjZT1zZXJwLWxvY2FsJmg9RUZQViUyYlBEVW00cjBLMGxaR2VuNUslMmJzSjJlazNtcFVTTzlud29uT1ZCMUUlM2QmcD1sd19tYWdzbWx0JmlnPTI2ODMxNUMzMzEzMjQ0MDZCNjVBREYxQTUyMkIyQTQ0JnlwaWQ9WU5CRkM0QjFCRUY2MDQ5N0I
10291,1,https://naruto-hsp.jp
10291,4,https://www.instagram.com/tokushima_naruto_hospital/
10292,1,http://www.hosp.pref.okinawa.jp/hokubu/
10293,1,https://www.spch.izumo.shimane.jp/
10293,2,https://www.facebook.com/ShimanePrefecturalCentralHospital/
10293,4,https://www.instagram.com/shimane_kenchu/
10294,1,https://municipal-hospital.ichinomiya.aichi.jp
10295,1,https://www.gyoumeikan.or.jp/
10295,2,https://www.facebook.com/profile.php?id=100057503445919
10295,4,https://www.instagram.com/gyoumeikan_mom/
10295,5,https://line.me/R/ti/p/@620kfglp
10295,6,https://www.gyoumeikan.or.jp/baby/baby.html
10296,1,https://hp.kmu.ac.jp/takii/
10297,1,https://www.handa-hosp.jp
10298,1,https://tachikawa-hosp.kkr.or.jp/
10298,4,https://www.instagram.com/tachikawakangobu/
10298,6,https://tachikawa-hosp.kkr.or.jp/osan.html
10299,1,http://www.takaoka-saiseikai.jp/
10300,1,http://www.nayoroch.jp
10301,1,https://www.sagamiharahp.com/
10301,3,https://twitter.com/kanagawa_kousei
10301,5,https://line.me/R/ti/p/%40922aprwt
10302,1,https://www.nagoya-ekisaikaihosp.jp/
10302,4,https://www.instagram.com/ekisai_mama
10302,6,https://sanka.nagoya-ekisaikaihosp.jp/
10303,1,https://kanmon.hosp.go.jp/
10304,1,https://www.keijinkai.com/teine/
10304,2,https://www.facebook.com/boshihagukumi/
10304,4,https://www.instagram.com/boshihagukumi/
10305,1,https://www.atsugicity-hp.jp/
10307,1,https://www.narita.jrc.or.jp/
10307,2,https://www.facebook.com/narita.jrc.or.jp
10307,3,https://twitter.com/narita_jrc
10307,4,https://www.instagram.com/narita_jrc/
10308,1,https://ngt.saiseikai.or.jp/
10308,3,https://x.com/saiseikai_ngt
10308,4,https://www.instagram.com/niigata_saiseikaimatanity/?locale=ja_JP
10309,1,https://www.nagahama.jrc.or.jp/
10310,1,https://www.hp.heart.or.jp/
10310,4,https://www.instagram.com/sakakibarakinen.sanka/
10310,6,https://www.hp.heart.or.jp/departments/gynecology.html
10311,1,https://www.nagoya-1st.jrc.or.jp/
10312,1,https://www.city.tsuru.yamanashi.jp/byoin/
10312,4,https://www.instagram.com/tsurushiritsusanfujinka?igsh=MWg5aDJ1ZHcxbHV0bA==
10313,1,https://www.asa-hosp.city.hiroshima.jp/
10313,4,https://www.instagram.com/hiroshima_north_medical_center/
10314,1,https://seinan-mch.or.jp/
10314,4,https://www.instagram.com/seinan.sanka/
10315,1,https://www.hosp.kobe-u.ac.jp/
10316,1,https://www.hosp.niigata.niigata.jp/
10317,1,https://www.fymh.jp/
10319,1,https://www.ashikaga.jrc.or.jp
10319,3,https://twitter.com/jrcah_0701
10319,4,https://www.instagram.com/jrcah_0701/
10320,1,https://www.city-nakatsu.jp/hospital/
10321,1,https://www.kyorin-u.ac.jp/hospital/suginami/
10322,1,https://www.chugokuh.johas.go.jp/
10322,3,https://twitter.com/chugokuh_kure
10323,1,https://www.okayama-u-obgyn.jp/birth/
10323,6,https://www.okayama-u.ac.jp/user/hospital/index.html
10324,1,https://www.chibah.johas.go.jp/
10324,4,https://www.instagram.com/chibarosai_hospital/
10325,1,http://www.yokohama-cu.ac.jp/urahp/
10326,1,https://www.takamatsu.jrc.or.jp/
10326,2,https://www.facebook.com/NissekiTakamatsu.nurse
10326,4,https://www.instagram.com/takamatsu_red_cross_hospital/
10326,5,https://page.line.me/083omfyr
10327,1,https://kenchu.ipch.jp/
10329,1,https://www.shobara.jrc.or.jp/
10329,4,https://www.instagram.com/shobara_redcross/
10329,6,https://www.shobara.jrc.or.jp/department/sanfujinka/
10330,1,http://www.noto-hospital.nanao.ishikawa.jp
10331,1,https://www.suwa.jrc.or.jp
10331,5,https://lin.ee/wim3huj
10332,1,https://kochi-med.jrc.or.jp/
10332,2,https://www.facebook.com/krch.kouhou
10332,4,https://www.instagram.com/kochinisseki
10333,1,https://maruyama-hp.or.jp/
10334,1,https://www.skgh.jp/
10334,2,https://www.facebook.com/ShonanKamakuraGeneralHospital/
10334,4,https://www.instagram.com/shokama_official/
10334,5,https://www.skgh.jp/line/
10334,6,https://www.instagram.com/shokama_womens_pavilion/　（当院産科のインスタグラム）
10335,1,http://www.futawa-hp.jp/
10336,1,https://www.tmhp.jp/tama/index.html
10336,2,https://www.facebook.com/profile.php?id=100076936754691
10336,3,https://twitter.com/TAMAMEDICAL
10336,6,https://www.tmhp.jp/tama/perinatal/
10337,1,https://www.kakohp.jp
10338,1,https://www.odate-hp.odate.akita.jp
10339,1,http://www.kamituga-hp.or.jp/
10340,1,http://takeyama-hsp.com
10340,2,http://www.facebook.com/takeyamahospital
10340,3,http://twitter.com/takeyama_hsp
10340,4,http://www.instagram.com/takeyamahsp/
10341,1,https://www.sanmu-mc.jp
10342,1,https://www.tottori-med.jrc.or.jp
10342,4,https://www.instagram.com/jrc_tottori_hospital/
10342,5,https://page.line.me/212khcid?openQrModal=true
10343,1,https://kishiwada.tokushukai.or.jp/
10343,4,https://www.instagram.com/kishitoku_official/
10344,1,https://www.flash.or.jp/
10345,1,https://www.kohka-hp.or.jp/index.html
10345,5,https://page.line.me/098lemhq?openQrModal%20%20%20%20=true
10346,1,https://www.nmcs.ntt-east.co.jp/index.html
10346,4,https://www.instagram.com/ntt_sapporo_osan/
10347,1,https://www.mhp.koshigaya.saitama.jp
10347,4,https://www.instagram.com/koshigayacity_hospital42
10348,1,https://www.otsu.jrc.or.jp
10348,4,https://www.instagram.com/jrcotsuhospital_maternity/?hl=ja
10349,1,https://www.shinagawahp-iki.jp
10349,3,https://twitter.com/shinagawa_hp
10349,6,https://note.com/shinagawa_hp
10350,1,https://www.mitsuihosp.or.jp/
10351,1,https://www.hama-med.ac.jp/hos/
10352,1,https://omori.jrc.or.jp/
10352,4,https://www.instagram.com/omori.rch.sanka/
10353,1,https://www.nagachu.jp
10353,4,"https://www.instagram.com/nagachu.kouseiren
https://www.instagram.com/nagachu_sanhujinka/"
10355,1,https://toyota.jaaikosei.or.jp/
10355,4,https://www.instagram.com/toyotakosei_hospital/
10357,1,https://akita-city-hospital.jp/
10357,2,https://www.facebook.com/akitacityhospital_official/
10357,3,https://x.com/akitacityhp_O
10357,4,https://www.instagram.com/akitacityhospital_official/
10357,6,https://www.youtube.com/@akitacityhp_official
10359,1,https://www.yamaguchi-redcross.jp/
10360,1,https://www.ebetsu-hospital.jp/
10361,1,https://www.meiwa-hospital.com/
10362,1,https://www.city-kofu-hp.jp/
10363,1,https://www.tmhp.jp/ohtsuka/
10364,1,https://www.kobetokushukai.org/
10364,2,https://www.facebook.com/kobetokushukai?ref=pages_you_manage
10364,4,https://www.instagram.com/kobetokushukai/
10366,1,https://www.suitamhp.osaka.jp
10367,1,https://yonaha.or.jp/index.html
10367,4,https://www.instagram.com/yonahaokanoue_sanfujinka/
10368,1,https://www.showa-u.ac.jp/SUH/
10369,1,https://amakusa.jcho.go.jp/
10370,1,https://www.kyushuh.johas.go.jp
10371,1,https://www.gh.opho.jp
10372,1,https://www.osakacity-hp.or.jp/juso/
10372,4,https://www.instagram.com/osakacityjusohp/
10372,5,https://page.line.me/745krafn?openQrModal=true
10372,6,https://www.youtube.com/channel/UCB2L6Xl0eqF-MCOVtuCBHnQ
10373,1,https://www.obihiro-kyokai-hsp.jp
10373,4,https://www.instagram.com/obihirokyokaikouhou.2025/
10374,1,https://www.iseharahp.com
10374,4,https://www.instagram.com/isehara_kangobu
10375,1,http://www.nashiro.jp/
10376,1,https://www.tokyorinkai.jp/
10376,2,https://www.facebook.com/tokyorinkaihp
10376,4,https://www.instagram.com/tokyorinkai_sanka/
10377,1,http://www.nobeoka-kenbyo.jp
10378,1,http://kochi.hosp.go.jp
10379,1,https://www.mod.go.jp/gsdf/chosp/210-osan.html
10380,1,https://www.hiratsuka-city-hospital.jp/
10382,1,https://nakashibetsu-hospital.com/
10383,1,https://www.hachioji-hosp.tokai.ac.jp
10384,1,https://www.fujimoto-hp.com/
10384,2,https://www.facebook.com/people/%E5%A4%A7%E9%98%AA%E5%AF%9D%E5%B1%8B%E5%B7%9D%E8%97%A4%E6%9C%AC%E7%97%85%E9%99%A2%E3%82%B0%E3%83%AB%E3%83%BC%E3%83%97%E5%8C%BB%E7%99%82%E6%B3%95%E4%BA%BA%E4%B8%80%E7%A5%90%E4%BC%9A/100067619810536/
10384,3,https://www.bing.com/ck/a?!&&p=64a9392206638073JmltdHM9MTcwMTIxNjAwMCZpZ3VpZD0zZDNiM2MzZi0zODJhLTYzNTItMDk4Mi0yZmU2MzlhMTYyMjImaW5zaWQ9NTE5Nw&ptn=3&ver=2&hsh=3&fclid=3d3b3c3f-382a-6352-0982-2fe639a16222&psq=%e8%97%a4%e6%9c%ac%e7%97%85%e9%99%a2+%e5%af%9d%e5%b1%8b%e5%b7%9d%e3%80%80%e3%83%84%e3%82%a4%e3%83%83%e3%82%bf%e3%83%bc&u=a1aHR0cHM6Ly90d2l0dGVyLmNvbS9kaTBvdFJEWFd6eXpHY1E&ntb=1
10384,4,https://www.instagram.com/fujimoto.hp_sf/
10384,6,https://www.youtube.com/channel/UCmiAnTDLGGi3_L93OQ1i-EQ/featured
10385,1,https://konankosei.jp/
10386,1,http://www.miekosei.or.jp/4_ish/
10387,1,https://www.yokohama-cu.ac.jp/fukuhp/
10388,1,https://sagamihara.hosp.go.jp/
10389,1,https://www.osakacity-hp.or.jp/ocgh/
10390,1,https://h.kawasaki-m.ac.jp/
10391,1,https://hospital.iuhw.ac.jp/
10392,1,https://www.yachiyo-hosp.or.jp/
10392,2,https://www.facebook.com/yachiyo.hospital/
10392,4,https://www.instagram.com/yachiyo.hospital/
10392,5,https://line.me/R/ti/p/@080ndawb
10393,1,https://www.kouwakai-nakamura.jp
10393,4,https://www.instagram.com/aisei_hospital/
10394,1,https://www.mie-gmc.jp
10395,1,http://www.matsue-cityhospital.jp/
10395,2,https://www.facebook.com/profile.php?id=100086747191075
10395,4,https://www.instagram.com/matsue_cityhospital/
10396,1,https://www.city.matsudo.chiba.jp/hospital/
10397,1,https://www.hosp.ikeda.osaka.jp
10397,4,https://www.instagram.com/ikeda_city_hospital/
10397,5,https://lin.ee/LPrNCSP
10397,6,https://www.youtube.com/channel/UCcL5jbeMXmF0obPBVk7KYjQ
10398,1,https://masuda.jrc.or.jp/
10398,2,https://www.facebook.com/people/%E7%9B%8A%E7%94%B0%E8%B5%A4%E5%8D%81%E5%AD%97%E7%97%85%E9%99%A2/100063263075627/
10398,4,https://www.instagram.com/masuda_redcross_hospital/
10399,1,https://www.asagiri-hp.or.jp/sinryouka/sanhuzinka/
10399,4,https://www.instagram.com/asagirihp/
10400,1,https://www.chibanishi-hp.or.jp/
10400,2,https://www.facebook.com/chibanishi?ref=embed_page
10400,4,https://www.instagram.com/chibanishi_birth/
10400,5,https://lin.ee/eEOpKqD
10400,6,https://birth.chibanishi-hp.or.jp/
10401,1,https://ebina.jinai.jp/
10401,6,https://maternity-ebina.jinai.jp/
10402,1,https://hikarigaoka-jadecom.jp/
10402,6,https://www.nerimahikarigaoka-sanka.com/
10403,1,https://www.nms.ac.jp/hosp/
10403,6,https://www.youtube.com/@user-nr4gf5cw6y
10404,1,http://www.yamanashi-med.jrc.or.jp
10405,1,https://www.hospy.or.jp/kinen/
10405,4,https://www.instagram.com/nagoya_kinen_sanka/
10405,6,https://www.youtube.com/@%E5%85%AC%E5%BC%8F%E5%90%8D%E5%8F%A4%E5%B1%8B%E8%A8%98%E5%BF%B5%E7%97%85%E9%99%A2
10406,1,https://naritahospital.iuhw.ac.jp/
10407,1,https://wwwhp.md.shinshu-u.ac.jp/
10408,1,https://anjokosei.jp
10409,1,https://www.tohtobunkyo-hp.com
10410,1,https://fujinomiya-hp.jp
10411,1,https://www.jichi.ac.jp/center/
10412,1,https://www.shiga-med.ac.jp/hospital/
10412,6,https://www.sumsog.jp/
10413,1,https://www.kouritu-showa.jp/
10413,6,https://square.umin.ac.jp/sghog/
10415,1,https://www.tokyokita-jadecom.jp/
10415,6,https://www.tokyokita-jadecom.jp/gynecology/
10416,1,https://fg-sthp.jp/
10416,4,https://www.instagram.com/syounantoubu_hp_baby/
10416,6,https://fg-sthp.jp/department/obstetrics-and-gynecology/
10417,1,https://www.hosp.u-toyama.ac.jp/
10417,2,https://www.facebook.com/people/%E5%AF%8C%E5%B1%B1%E5%A4%A7%E5%AD%A6%E9%99%84%E5%B1%9E%E7%97%85%E9%99%A2/100063768882440/
10418,1,https://www.tkgh.jp
10418,4,https://www.instagram.com/tsuchikyo_sanfujinka/
10419,1,http://hospital.city.tagawa.fukuoka.jp/
10419,2,https://www.facebook.com/tagawamunicipalhospital/
10419,4,https://instagram.com/tagawahp3
10419,6,https://www.youtube.com/channel/UCwPiCllwqwl2MvVVQAJ88xw
10420,1,http://www.hospital.fujieda.shizuoka.jp
10421,1,https://www.inazawa.jaaikosei.or.jp/childbirth/
10421,4,https://www.instagram.com/inazawakosei_woman/
10422,1,https://chitose-shimin-hospital.jp/
10423,1,https://maizuru.hosp.go.jp/
10424,1,https://www.tomioka-hosp.jp
10425,1,https://www.chp-kagawa.jp/
10426,1,http://www.shiseikai-daini-hosp.jp
10426,4,https://www.instagram.com/p/DH64HVVz7zG/
10427,1,https://www.iwase-hp.jp
10427,4,https://www.instagrem.com/iwasehp/
10427,5,https://page.line.me/320pwusx?openQrModal=true
10428,1,https://hosp-nerima.juntendo.ac.jp/
10429,1,https://www.nara-hp.jp/
10429,4,https://www.instagram.com/nara_sogo_medical_center/
10430,1,https://www.dokkyomed.ac.jp/hosp-m/
10431,1,https://yamashiro-sanka.com/index.html
10431,4,https://www.instagram.com/kyoto_yamashiro_official/
10431,6,http://www.yamashiro-hp.jp/index.html
10432,1,https://www.daiyukai.or.jp/organization/general_hospital/
10432,2,https://www.facebook.com/daiyukai.hospital/
10432,4,https://www.instagram.com/daiyukai_hospital/
10432,6,"https://【youtube】https://www.youtube.com/channel/UCjuGSZXeHgD-Rno6eLI025A
【TikTok】https://www.tiktok.com/@daiyukaisanka"
10433,1,https://hospital.luke.ac.jp/
10434,1,https://hospital.city.sendai.jp/
10434,2,https://www.facebook.com/sendaicityhospital
10435,1,https://www.ghp.omuta.fukuoka.jp
10435,4,https://www.instagram.com/omutacityhp_w3/
10436,1,https://www.sannoclc.or.jp/hospital/
10436,6,https://www.sannoclc.or.jp/hospital/patient/department/sanfujinka/index.html
10437,1,https://tachisou-obstetrics.com/
10437,4,https://www.instagram.com/tachisou4e
10437,6,https://www.t-kenseikai.jp/tachikawasougo/
10438,1,https://www.miyagi-children.or.jp/
10438,4,https://www.instagram.com/miyagichildren.official/
10439,1,https://www.seibokai.or.jp/sanka/
10440,1,https://www.saijo-c-hospital.jp/
10440,2,https://www.facebook.com/profile.php?id=100075901792490
10440,4,https://www.instagram.com/saijo_central_hospital/
10440,6,https://www.saijo-c-hospital.jp/sanfujinka/pregnant/
10441,1,http://www.nagaoka.jrc.or.jp
10442,1,http://www.hakujyuji.jp/
10442,3,https://twitter.com/hakujyuji
10442,4,https://www.instagram.com/hakujyuji.sanfujinka2148?utm_source=qr
10442,5,https://lin.ee/1DD1tIf
10442,6,https://peing.net/ja/69ccbe96bc0ffd
10444,1,https://ksm.tokyo-med.ac.jp/
10445,1,https://saiseikai.info
10445,2,https://saiseikai.info/lmc/
10445,4,https://www.instagram.com/saiseikai_hyogo/
10446,1,https://www.hospital.sanda.hyogo.jp
10447,1,https://joetsu-hp.jp/
10448,1,https://www.ujitoku.or.jp/
10448,2,https://m.facebook.com/ujitoku.jp
10448,4,https://instagram.com/ujitoku.sanka?igshid=OGQ5ZDc2ODk2ZA==
10448,5,https://liff.line.me/1645278921-kWRPP32q/?accountId=098rdwot
10449,1,https://hannan-chuo-hsp.or.jp/
10449,4,https://www.instagram.com/hannanchuo.syusanki/
10450,1,http://www.inoue-hp.jp
10450,6,https://www.inoue-hp.jp/
10451,1,https://minoh-hp.jp
10452,1,http://www.hospital.yaizu.shizuoka.jp
10452,4,https://www.instagram.com/yaizucityhospital_official
10453,1,https://www.eph.pref.ehime.jp/epch/index.htm
10454,1,http://www.hospital.kisarazu.chiba.jp/
10455,1,https://www.toride-medical.or.jp
10455,4,https://www.instagram.com/ja.toride.sanka/
10456,1,http://www.sbthp.jp
10457,1,https://www.ach.or.jp/
10457,4,https://www.instagram.com/agechu_sanka/
10457,6,https://www.ach.or.jp/obstetrics/
10458,1,https://tohokukosai.kkr.or.jp
10458,5,https://lin.ee/PXMoAdt
10459,1,https://mitaki.or.jp/
10460,1,https://ja-ymc.jp
10461,1,https://www.nara-jadecom.jp
10462,1,https://www.west-medical-center.med.nagoya-cu.ac.jp
10462,4,https://instagram.com/west_medical_?igshid=NzZ10DBKYWE4Ng==
10463,1,https://www.kawanishi-hospital.jp/
10465,1,https://www.maruta-hp.com
10465,4,https://www.instagram.com/maruta_hospital
10466,1,https://fujisawatokushukai.jp
10467,1,https://www.mattohp.jp
10468,1,https://www.city.kurashiki.okayama.jp/hospital/
10468,4,https://www.instagram.com/kurashiki.municipal.hospital?igsh=MXQ4eXF1Z3FkMzF0dQ==
10469,1,https://www.hospital.misawa.aomori.jp
10470,1,https://www.ypch.gr.jp
10471,1,https://www.ishinomaki.jrc.or.jp
10472,1,https://www.haga.jrc.or.jp/
10473,1,https://www.koseikan.jp/
10473,2,https://www.facebook.com/100057086065168/
10473,3,https://twitter.com/koseikan247
10473,4,https://www.instagram.com/koseikan_official
10473,5,https://page.line.me/koseikan?openQrModal=true
10474,1,http://m-soma-hsp.com
10475,1,https://www.nasu.jrc.or.jp/
10475,2,https://www.facebook.com/profile.php?
10475,4,https://www.instagram.com/nasunisseki?
10476,1,http://www.douai.jp
10476,6,https://www.doai.jp/sinryo/sanfujinka/mutuu.html
10477,1,https://www.seichokai.or.jp/bell/dept/ob_gyn/
10478,1,https://medical.kameda.com/general/patient/index.html
10478,2,https://www.facebook.com/kameda.g.hospital/?locale=ja_JP
10478,3,https://x.com/kmc_pr
10478,4,https://www.instagram.com/kmc_pr/
10479,1,https://www.city.kyotango.lg.jp/yasaka-hospital
10479,4,https://www.instagram.com/yasaka_hsp2003/profilecard/
10480,1,https://www.koyama-mh.or.jp/
10480,4,https://www.instagram.com/koyama.sanka/
10481,1,https://funabashi.jcho.go.jp/
10482,1,https://scha.jp
10482,2,https://www.facebook.com/Scha201604
10482,4,https://www.instagram.com/schpress/
10482,5,https://page.line.me/lcq5359u
10483,1,https://sassa-hospital.com
10483,4,https://www.instagram.com/sassakango_hp/?igsh=OGg2ZWd3MzFtenJt
10484,1,https://www.gotocyuoh-hospital.jp
10485,1,https://sanyo-onoda-city-hosp.jp/
10485,4,https://www.instagram.com/sanyoonoda.shimin.sanfujinka/
10486,1,https://miyakoweb.hosp.pref.okinawa.jp
10487,1,https://www.musashino.jrc.or.jp/
10487,2,https://www.facebook.com/people/武蔵野赤十字病院-地域周産期母子医療センター/100035392523305/
10487,4,https://www.instagram.com/musashinojrc_pmc/
10487,6,https://www.musashinojrc-pmc.com/
10488,1,https://www.kohseichuo.jp/obstetrics
10488,4,https://www.instagram.com/kohchusanka
10489,1,https://www.tonehoken.or.jp/chuo-hospital/
10490,1,https://www.amc1.jp
10490,4,https://www.instagram.com/amc.s2/
10490,5,https://line.me/R/ti/p/@960krzws
10491,1,https://www.nihonkai-hos.jp/hospital/
10491,3,https://x.com/nihonkai_hosp
10491,4,https://www.instagram.com/nihonkaihos/
10492,1,https://aizawahospital.jp/
10492,4,https://www.instagram.com/aizawahospital.birth/
10493,1,https://www.shinyuri-hospital.com/
10493,2,https://www.facebook.com/shinyuri.general.hos/
10493,4,https://www.instagram.com/shinyuri.hospital/
10493,5,https://page.line.me/786psgfk?openQrModal=true
10494,1,https://www.city.odawara.kanagawa.jp/hospital/
10495,1,https://www.tosei.or.jp
10496,1,https://www.yamamoto-hosp.noshiro.akita.jp
10497,1,https://www.fukuoka-med.jrc.or.jp
10499,1,https://www.yamatokai.or.jp
10499,4,https://www.instagram.com/mm_sanka/
10500,1,https://www.osaka-med.jrc.or.jp
10501,1,https://okayama.hosp.go.jp/index.html
10502,1,https://hospital.kawakita.or.jp/visitor/index.html
10504,1,https://www.f-toku.jp
10504,4,https://instagram.com/fukuokatokushukai?igshid=MTNiYzNiMzkwZA%3D%3D&utm_source=q
10505,1,https://www.kansaih.johas.go.jp
10506,1,https://isahaya.jcho.go.jp
10507,1,https://www.kohjin.ne.jp
10507,4,https://www.instagram.com/okachu_birthcenter/
10508,1,https://www.kitano-hp.or.jp/
10508,2,https://www.facebook.com/kitano.hp/
10508,3,https://twitter.com/kitano_koho
10508,5,https://page.line.me/736nnish?openQrModal=true
10508,6,https://www.youtube.com/@KitanoPR
10510,1,http://www.fukaya.jrc.or.jp/
10511,1,https://www.kyoto1.jrc.or.jp/
10512,1,https://www.wakayamah.johas.go.jp
10513,1,https://www.uwajima-mh.jp/
10514,1,https://www.nissay-hp.or.jp
10514,4,https://www.instagram.com/nippon_life_hospital/
10514,6,https://www.nissay-hp.or.jp/obstetrics/index.html
10515,1,https://www.matsunami-hsp.or.jp/
10515,2,https://www.facebook.com/profile.php?id=100063694824939
10515,4,https://www.instagram.com/matsunami_general_hospital/?hl=ja
10515,5,https://lin.ee/EyrF3hV
10515,6,https://www.matsunami-hsp.or.jp/shinryouka/naika/sanfujinka_guide/
10516,1,https://www.tmhp.jp/toshima/
10516,3,https://x.com/toshimabyouin
10517,1,https://www.hospital.inagi.tokyo.jp/
10517,4,https://www.instagram.com/inagi.hp.obgyn/
10518,1,https://www.kitasato-u.ac.jp/kmc-hp/
10519,1,https://ise.jrc.or.jp/
10520,1,https://www2.satutoku.jp/
10521,1,https://www.sendai.jrc.or.jp
10522,1,https://www.tobu.saiseikai.or.jp/
10522,2,https://www.facebook.com/tobu.saiseikai/
10522,5,https://page.line.me/886bilad?openQrModal=true
10523,1,https://kyushu-mc.hosp.go.jp
10524,1,https://www.koudoukai.or.jp/kayashima-hp/
10525,1,https://yaeyamaweb.hosp.pref.okinawa.jp/
10526,1,https://www.city.kawasaki.jp/32/cmsfiles/contents/0000037/37856/kawasaki/
10527,1,https://agmc.hyogo.jp/
10528,1,https://www.kitasato-u.ac.jp/khp/
10529,1,https://www.minami-hp.jp/
10529,4,https://www.instagram.com/minami_seikyo.hospital/
10530,1,https://www.matsuyama.jrc.or.jp/
10531,1,https://www.hosp.tohoku-mpu.ac.jp
10532,1,https://www.city.nishiwaki.lg.jp/hospital/index.html
10533,1,http://oofunato-hp.com/
10534,1,https://himeji.jrc.or.jp/index.html
10534,2,https://www.facebook.com/himeji.jrc
10534,3,https://twitter.com/jrcHimeji
10534,4,https://www.instagram.com/himeji_redcrosshospital/
10534,5,https://lin.ee/oX1pKhS
10535,1,https://www.cityhosp-kumamoto.jp/
10536,1,https://kobari.or.jp/
10536,4,https://www.instagram.com/nodasougou_sanka/
10537,1,https://www.fkmc.or.jp/perinatal/
10537,2,https://www.facebook.com/kmcfkmc
10537,4,https://www.instagram.com/kurashiki_medical_center/
10538,1,https://onomichi-gh.jp/
10538,2,https://www.facebook.com/people/%E5%B0%BE%E9%81%93%E7%B7%8F%E5%90%88%E7%97%85%E9%99%A2-%E8%87%A8%E5%BA%8A%E7%A7%91/61552209263589/
10538,4,https://www.instagram.com/ja_onomichi_general_hospital?utm_source=qr
10538,6,https://www.facebook.com/OnomichiGeneralHospital
10539,1,https://www.showa-u.ac.jp/SUHY/
10540,1,https://www.hosp.u-fukui.ac.jp/
10541,1,https://mitsubishi-hp.jp
10541,4,https://instagram.com/mitsubishikyoto_maternity?igshid=OGQ5ZDc2ODk2ZA==
10542,1,https://toranomon.kkr.or.jp/
10543,1,https://w3hosp.med.nagoya-cu.ac.jp/toubu/
10544,1,https://www.kainan.jaaikosei.or.jp/
10544,4,https://www.instagram.com/kainan_hospital/
10545,1,https://www.nagato-hp.jp/
10546,1,https://www.kyoto-chubumedc.or.jp
10547,1,https://www.h-osaki.jp
10548,1,http://www.okinawa-med.jrc.or.jp/
10550,1,http://www.matsusaka.saiseikai.or.jp
10550,4,https://www.instagram.com/saiseikaimatsusaka/
10550,5,https://lin.ee/aGLMokL
10551,1,https://www.hashimoto-hsp.jp/
10551,2,https://www.facebook.com/hashimoto.hsp
10552,1,http://www.hoshipital.jp
10552,2,https://www.facebook.com/Hoshikuma.jp
10552,4,https://www.instagram.com/hoshi.sanka/
10553,1,https://www.uoeh-u.ac.jp/hospital.html
10554,1,https://yamatokoriyama.jcho.go.jp
10554,4,https://www.instagram.com/jcho.yamatokoriyama/
10555,1,https://www.nahacity-hospital.jp/
10556,1,https://www.saninh.johas.go.jp
10557,1,https://hospital.fujita-hu.ac.jp/
10558,1,https://ojiya-ghp.jp/
10559,1,http://www.chuno.gfkosei.or.jp/
10560,1,https://www.saiseikai-hp.or.jp
10560,3,https://twitter.com/Saiseikai_kita
10560,4,https://www.instagram.com/kitakamisaiseikai/
10561,1,https://www.city.tomakomai.hokkaido.jp/hospital/
10561,2,https://www.facebook.com/tomakomai.city.hospital
10562,1,https://www.saiseikan.jp/
10562,4,https://www.instagram.com/saiseikan_sanka/
10563,1,https://kofukyouritsu.com/
10563,4,https://www.instagram.com/koufukyouritsusanfujinka/
10563,6,http://www.yamanashi-min.jp/sanfujinka/
10564,1,https://www.twmu.ac.jp/TYMC/
10565,1,https://chuo.sekitetsukai.kyoto/
10565,2,https://www.facebook.com/sekitetsukai/
10565,4,https://www.instagram.com/sekitetsukai.group/
10566,1,https://www.jiaikai.or.jp/imamura-general
10567,1,https://www.ra.opho.jp/
10567,2,https://www.facebook.com/respiratory.and.allergic.diseases/
10567,4,https://www.instagram.com/osaka_habikino_medical_center/
10567,5,https://page.line.me/ohmc
10568,1,https://nagasaki-mc.hosp.go.jp/
10568,2,https://www.facebook.com/NHO.NagasakiMedicalCenter
10569,1,https://osakaminami.hosp.go.jp/
10570,1,https://kure.hosp.go.jp
10571,1,https://www.tmhp.jp/ebara/
10571,3,https://x.com/ebara_tmhp
10572,1,https://www.mgh.jp/
10573,1,https://www.yokote-mhp.jp
10574,1,https://www.cure.or.jp/
10575,1,https://jikei-hp.or.jp/
10575,4,https://www.instagram.com/jikei_shokuji/
10576,1,https://www.kosei-hospital.kiryu.gunma.jp
10576,4,https://www.instagram.com/kiryu_kosei_general_hospital/
10576,6,https://www.youtube.com/user/kiryukosei
10577,1,https://www.city.shiso.lg.jp/shiso_hp/index.html
10578,1,https://osaka.hosp.go.jp/
10578,2,https://www.facebook.com/onhhosp/
10578,3,https://x.com/ONHhosp/
10578,4,https://www.instagram.com/onhhosp/
10579,1,http://gamagori-hospital.com/
10579,2,https://www.facebook.com/gamagorikensyuui
10579,4,https://www.instagram.com/gamagori_hp/
10580,1,https://www.morioka.jrc.or.jp
10580,4,https://www.instagram.com/jrc.morioka_sanka?igsh=bzF3q212anJyYTR2&utm_source=qr
10581,1,https://nishi.kcho.jp/
10582,1,https://kanazawa.hosp.go.jp/
10584,1,https://takatsuki.aijinkai.or.jp
10584,2,https://www.facebook.com/Takatsuki.G.H/
10584,3,https://x.com/Takatsuki_G_H
10584,4,"https://www.instagram.com/takatsuki_g_h_kodomo/
https://www.instagram.com/takatsuki_g_h/"
10585,1,https://www.shimizuhospital.com
10586,1,https://www.city-tokushima-hosp.jp/
10587,1,https://www.gobyou.com/obstetrics
10587,4,https://www.instagram.com/goryoukakuhp_obstetrics
10588,1,https://www.nagoya2.jrc.or.jp/
10589,1,https://www.ncvc.go.jp/
10590,1,https://www.city-hosp.naka.hiroshima.jp/
10591,1,https://unnan-hp.jp
10591,2,https://m.facebook.com/unnan.city.hospital
10592,1,https://www.fussahp.jp/index.html
10593,1,https://www.nantoku.org
10594,1,https://city.yokkaichi.mie.jp/hospital
10595,1,https://www.tokushima-med.jrc.or.jp/
10595,2,https://www.facebook.com/people/%E5%BE%B3%E5%B3%B6%E8%B5%A4%E5%8D%81%E5%AD%97%E7%97%85%E9%99%A2/100047337727333/
10595,4,https://www.instagram.com/jrc_tokushima_hospital/
10596,1,https://kuji-hp.com/
10597,1,https://www.kyorin-u.ac.jp/hospital/
10598,1,https://www.hiroshima-u.ac.jp/hosp
10599,1,https://akihp.jp
10600,1,https://www.cent-hosp.pref.niigata.jp
10601,1,https://www.kuh.kumamoto-u.ac.jp/
10601,2,https://www.facebook.com/kumadaiobgyn/?ref=embed_page
10601,6,https://kumadai-obgyn.net/
10602,1,https://fukuyama.hosp.go.jp
10603,1,https://ikoma.tokushukai.or.jp/
10603,4,https://www.instagram.com/ikoma__city__hospital/
10603,5,https://page.line.me/197dbxux
10603,6,https://ikoma-gyn.tokushukai.or.jp/
10604,1,https://www.med.shimane-u.ac.jp/hospital/
10605,1,http://www.hachinohe.jrc.or.jp/
10605,4,https://www.instagram.com/hachinohe_red_cross_hospital/
10606,1,https://www.kakunodate-hp.com/
10607,1,https://www.saiseikai.gr.jp/
10608,1,https://hosp.city.chigasaki.kanagawa.jp/index.html
10608,4,https://www.instagram.com/chigasaki_municipal_hospital/
10610,1,https://www.city.wajima.ishikawa.jp/wajimahp/
10611,1,https://www.hosp.gifu-u.ac.jp/
10612,1,https://ygmc.jp/
10614,1,https://www.hosp.u-ryukyu.ac.jp/
10614,2,https://www.facebook.com/hosp.ryukyu/
10614,3,https://x.com/hosp_ryukyu
10614,5,https://page.line.me/954bvycu?oat_content=url&openQrModal=true
10615,1,https://www.oitapref-hosp.jp/
10616,1,https://www.med.nagoya-u.ac.jp/hospital/
10617,1,http://owasehp.jp/
10618,1,https://ochiaihp.jp
10618,2,https://www.facebook.com/ochiaihp
10618,3,https://twitter.com/Ochiai_Hospital
10619,1,https://www.tokyoeisei.com
10619,2,https://www.facebook.com/profile.php?id=100063642543856
10619,3,https://x.com/TokyoEiseiByoin
10619,4,https://www.instagram.com/tokyo_adventist_hospital/
10620,1,https://www.yamatocity-mh.jp/
10621,1,http://www.fureaihosp.or.jp/hanyuhp/
10621,4,https://www.instagram.com/hanyuhp/
10622,1,https://www.kochi-u.ac.jp/kms/hsptl/
10622,6,https://www.kochi-u.ac.jp/kms/fm_obstr/index.html
10623,1,https://www.taisei-hospital.jp/sanfujinka/
10623,4,https://www.instagram.com/taiseihospital/
10624,1,https://hokkaido.jcho.go.jp
10624,4,https://www.instagram.com/jcho hokkaido/
10625,1,https://hosp.komatsu.ishikawa.jp/
10626,1,https://www.seiyohanekai.or.jp/sakuramachi-hp/
10626,4,https://www.instagram.com/sakuramachi_hp
10627,1,https://kushiro.jrc.or.jp/
10627,2,https://www.facebook.com/kushiro.jrc
10627,5,https://page.line.me/535tbjyl
10628,1,https://www.oguni-hp.com/
10628,2,https://www.facebook.com/hp.oguni
10628,4,https://www.instagram.com/ogunibyouin/
10629,1,https://www.itabashi.med.nihon-u.ac.jp/
10629,6,https://www.nichidaisanfujinka.com/
10631,1,https://www.med.tonami.toyama.jp/index.html
10632,1,https://www.tmhp.jp/hiroo/
10632,3,https://twitter.com/HirooHospital
10633,1,https://chuo.kcho.jp
10634,1,https://www.obstetrics-htu.jp/
10634,6,https://www.h.u-tokyo.ac.jp/
10635,1,https://www.saitama-med.ac.jp/hospital/
10636,1,https://www.keiju.co.jp
10636,2,http://www.facebook.com/keiju.hp
10636,4,https://www.instagram.com/keiju_medicalcenter/
10636,5,https://line.me/ti/p/%40185brjhu
10636,6,https://www.youtube.com/@kmc1934
10637,1,https://www.makita-hosp.or.jp/birth/
10637,4,https://www.instagram.com/makitasanka/
10637,6,https://www.makita-hosp.or.jp/
10638,1,http://kyoto.hosp.go.jp
10638,4,https://www.instagram.com/kmc_maternity?igsh=MXhxOTB2cWVwMHQ2NQ%3D%3D&utm_source=qr
10639,1,https://www.fukui-med.jrc.or.jp/
10639,4,https://www.instagram.com/redcross_fukuihospital/
10640,1,https://www.mmc.funabashi.chiba.jp
10641,1,https://www.heartlife.or.jp
10641,2,https://www.facebook.com/heartlh
10641,3,https://x.com/Kariyushi_kai
10642,1,http://rinko.or.jp/
10642,2,https://www.facebook.com/KawasakiRinko
10643,1,http://mitoyo-hosp.jp/
10644,1,https://takahagi-kyodo-hp.jp/
10645,1,https://www.fukui-saiseikai.com/
10645,4,https://www.instagram.com/fukui_saiseikai_perinatal?utm_source=ig_web_button_share_sheet&igsh=MWdocjR1Mm80a3V3ZQ==
10647,1,https://www.ymghp.jp
10648,1,https://chita.jaaikosei.or.jp/
10648,4,https://www.instagram.com/chitakosei_hospital/
10649,1,https://www.katsura.com
10649,4,https://www.instagram.com/kyotokatsurahospitalsanfujinka/
10650,1,https://www.city.fukuchiyama.lg.jp/site/hosp/
10651,1,https://www.kishiwada-hospital.com
10652,1,https://www.keiseikai.or.jp/
10652,4,https://www.instagram.com/keiseikai_hp/
10653,1,https://www.city.wakkanai.hokkaido.jp/hospital/
10654,1,https://www.kanbyou.jp/
10655,1,https://www.toyookahp-kumiai.or.jp/toyooka/
10655,4,https://www.instagram.com/kouritutoyookabyouinkumiai/
10656,1,https://okayama-gmc.or.jp/shimin/
10656,2,https://www.facebook.com/okayamacityhospital
10656,5,https://page.line.me/960tcltv
10656,6,https://okayama-gmc.or.jp/oth/maternity/index.html
10657,1,https://web.hosp.kanazawa-u.ac.jp/
10658,1,https://www.eijuhp.com
10658,3,https://twitter.com/eijuhp
10658,4,https://www.instagram.com/eijusanka
10658,6,https://www.eijuhp.com/shinryouka/sanfujinka
10659,1,https://kawaguchi-mmc.org
10659,4,https://www.instagram.com/kawaguchicity_hsp/
10660,1,https://yokohama.hosp.go.jp/index.html
10660,3,https://x.com/yokohamamc2004
10660,4,https://www.instagram.com/yokohamahahako/?hl=ja
10660,6,https://www.youtube.com/channel/UCu4Z3rqOFyPo119jv0M2kuQ
10661,1,https://www.hosp.ncgm.go.jp/s016/110/index.html
10661,6,https://www.hosp.jihs.go.jp/s016/painless/
10662,1,https://kagawa-inoshita-hospital.or.jp/
10662,4,https://www.instagram.com/kagawa_inoshita_hp/
10663,1,http://www.shimada-hsp.or.jp/
10663,2,https://www.facebook.com/shimada.hsp/
10664,1,https://www.nuh.niigata-u.ac.jp/
10665,1,https://www.eph.pref.ehime.jp/epimah/
10666,1,https://www.jreast.co.jp/hospital/
10666,4,https://www.instagram.com/jr_tokyo_general_hospital/
10667,1,https://kasumigaura.hosp.go.jp/index.html
10668,1,https://ureshino.hosp.go.jp
10669,1,https://www.shizuoka-pho.jp/sogo/
10670,1,http://www.kasukabe-cityhp.jp/
10672,1,https://www.ohchihospital.jp/
10672,2,https://www.facebook.com/1390757757837047?ref=embed_page
10672,4,https://www.instagram.com/ohchihospital2111/
10673,1,https://cjimc-hp.jp/
10674,1,https://www.kumamoto-med.jrc.or.jp
10674,2,https://www.facebook.com/people/熊本赤十字病院/100063694194178/
10674,4,https://www.instagram.com/kumamoto_red_cross
10675,1,https://www.marianna-u.ac.jp/hospital/
10677,1,http://hospital.pref.kagoshima.jp/kanoya/
10678,1,https://www.nakagami.or.jp/
10678,2,https://www.facebook.com/nakagami.hp
10678,4,https://instagram.com/nakagami.e4?igshiad=OGQ5ZDc2ODk2ZA==
10679,1,https://www.san-ikukai.or.jp/sumida/hospital/
10680,1,https://www.hosp.yamanashi.ac.jp
10681,1,https://www.chidoribashi-hp.or.jp
10681,4,https://www.instagram.com/chidoribashi_osan?igsh=MTluOGk3dmUyaXdkcA%3D%3D&utm_source=qr
10682,1,https://chubuweb.hosp.pref.okinawa.jp/
10683,1,https://oki-kyo.jp
10685,1,https://shinshuueda.hosp.go.jp/
10686,1,https://hirosaki.hosp.go.jp
10687,1,https://www.kensei-hp.jp/
10688,1,https://www.nms.ac.jp/tama-h/
10688,6,https://nms-obgyn-nagayama.jp/
10689,1,https://www.ohta-hp.or.jp/nishi/
10690,1,https://www.nazetokushukai.jp
10690,2,https://www.facebook.com/nazetokushukaiHP/
10690,4,https://www.instagram.com/nazetokushukai/
10690,5,https://page.line.me/twd7628a?openQrModal=true
10690,6,https://www.nazetokushukai.jp/section/gynecology/
10691,1,https://www.fuzoku-hosp.tokai.ac.jp
10692,1,https://www.kenritsu-miyazakibyouin.jp/
10693,1,https://www.hsp.ehime-u.ac.jp/
10693,4,https://www.instagram.com/ehimeuniv_med_hosp/
10694,1,https://www.hosp.omu.ac.jp/
10695,1,https://www.shonai-hos.jp/
10696,1,https://mghp.ome.tokyo.jp/
10696,4,https://www.instagram.com/omesogo_sanka/?igshid=YmMyMTA2M2Y%3D
10697,1,https://ims-itabashi.jp/
10697,4,"https://www.instagram.com/ims_itachu_official/
https://www.instagram.com/itachu_sanfujinka/"
10697,5,https://page.line.me/903irgon?openQrModal=true
10697,6,https://www.ims-itabashi.jp/sanfujinka/
10698,1,https://tokyo-shinagawa.jp/
10698,4,https://www.instagram.com/tsh_birth_center/
10699,1,https://www.jikei.ac.jp/hospital/daisan/
10700,1,https://www.akita-med.jrc.or.jp/
10700,4,https://www.instagram.com/akita_jrch/
10701,1,https://www.yoshida-hospital.or.jp/
10701,4,https://www.instagram.com/yoshida._.hp/
10702,1,http://hospital.pref.kagoshima.jp/satsunan/
10703,1,https://twmu-amc.jp/
10704,1,https://shizuoka-saiseikai.jp/
10705,1,https://www.kyoto.saiseikai.or.jp
10705,2,https://www.facebook.com/kyoto.saiseikai/
10705,3,https://twitter.com/kyoto_saiseikai
10705,4,https://www.instagram.com/saiseikai_kyoto
10705,5,https://page.line.me/927vnald
10706,1,https://gunma.jcho.go.jp/
10706,2,https://www.facebook.com/gunmatyuoubyouin/
10706,4,https://www.instagram.com/jcho_gunma/
10706,6,https://www.tiktok.com/@jcho_gunma
10707,1,https://www.jusendo.or.jp
10708,1,https://tsuruga-hp.jp/
10708,4,https://www.instagram.com/municipal_tsuruga_hospital/
10709,1,https://www.ych.pref.yamanashi.jp/
10710,1,https://www.mimihara.or.jp/sogo/
10711,1,https://yokohama-shiminhosp.jp/index.html
10712,1,https://takagi.kouhoukai.or.jp/
10713,1,http://tmog.umin.jp
10714,1,https://www.h.kpu-m.ac.jp
10715,1,https://web.sapmed.ac.jp/hospital/
10715,6,https://web.sapmed.ac.jp/gyn/
10716,1,https://www.hosp.mie-u.ac.jp/
10717,1,https://www.nakatsu.saiseikai.or.jp/
10717,2,https://www.facebook.com/saisei.nakatsu/?locale=ja_JP
10718,1,https://www.fureai-g.or.jp/ayase-hp/
10718,4,https://www.instagram.com/ayasekousei.sanka_official/
10719,1,https://www.chutoen-hp.shizuoka.jp/
10719,4,https://www.instagram.com/chutoen_general_medical_center/
10719,5,https://lin.ee/Hkf3hJz
10720,1,https://www.oph.gr.jp/
10720,2,https://www.facebook.com/people/%E5%A4%A7%E9%98%AA%E8%AD%A6%E5%AF%9F%E7%97%85%E9%99%A2/100076314655871/
10720,3,https://twitter.com/oph_kouhou
10720,4,https://www.instagram.com/osaka_police_hospital/
10721,1,https://www.tsushima-hospital.jp/
10721,2,https://m.facebook.com/profile.php/?id=100054432252243
10721,4,https://www.instagram.com/tsushima_hospital/
10722,1,https://www.seikoukai-sc.or.jp
10722,4,https://www.instagram.com/omi_medical_center_4a
10722,6,https://www.instagram.com/sc_seikoukai
10723,1,https://www.seirei-hospital.org
10723,4,https://www.instagram.com/seirei.babyandmom/
10724,1,https://tokyo-mc.hosp.go.jp/
10725,1,https://www.tmhp.jp/bokutoh/index.html
10725,2,https://www.facebook.com/p/%E6%9D%B1%E4%BA%AC%E9%83%BD%E7%AB%8B%E5%A2%A8%E6%9D%B1%E7%97%85%E9%99%A2-61554980095636/?locale=ja_JP
10725,3,https://x.com/toritsubokutoh
10725,4,https://www.instagram.com/toritsubokutoh/
10727,1,https://www.hospital.asahi.chiba.jp/
10728,1,https://rumoi-hp.jp
10729,1,http://www.tsgren.jp/tsugaru-general-hospital/
10730,1,https://www1.id.yamagata-u.ac.jp/
10731,1,http://teikyomc-obgy.jp/
10731,6,http://www.med.teikyo-u.ac.jp/~chiba/01_shinryo/0111_fujin/
10732,1,https://obgy.kuhp.kyoto-u.ac.jp/sanka/
10732,4,https://www.instagram.com/kyodai_sanka/
10733,1,https://www.city.nemuro.hokkaido.jp/cgi-bin/hsp/index.php
10733,5,https://lin.ee/FF6897V
10734,1,https://www.showa-u.ac.jp/SHKT/
10735,1,https://www.handa-hospital.jp/
10735,4,https://www.instagram.com/tsurugihandahospital/
10736,1,https://hamada.hosp.go.jp/
10736,2,https://www.facebook.com/hamadamedicalcenter/
10736,4,https://www.instagram.com/hamada_medical_center/
10738,1,https://takasaki.hosp.go.jp/
10738,2,https://www.facebook.com/takasaki.hosp
10738,4,https://www.instagram.com/nhotakasou/
10739,1,https://hirakatacity-hp.osaka.jp/departments/sanfujinka/
10740,1,https://asamaghp.jp/
10741,1,https://tph.pref.tokushima.lg.jp/central
10742,1,https://tokura.life/
10742,4,https://www.instagram.com/tokura.sanfujinka/
10743,1,https://kohnan.or.jp/kohnan/
10743,4,https://www.instagram.com/konanmc_kita7/
10744,1,http://www.med.miyazaki-u.ac.jp/home/hospital/
10745,1,https://www.tanaka-hsp.or.jp
10745,4,https://www.instagram.com/tanaka_hospital
10746,1,https://www.omori.med.toho-u.ac.jp/
10747,1,https://aih-net.com/
10747,2,https://ja-jp.facebook.com/iizukahospital/
10747,4,https://www.instagram.com/explore/tags/%E9%A3%AF%E5%A1%9A%E7%97%85%E9%99%A2/top/
10747,5,https://page.line.me/qsu3427e
10748,1,https://www.mito-saiseikai.jp/
10748,4,https://www.instagram.com/mitosaiseikai_hp/
10748,6,https://www.mito-saiseikai.jp/department/obstetrics_gynecology
10749,1,https://www.obamahp-wakasa.jp/hospital/
10750,1,https://kohsei-hp.jp
10750,4,https://www.instagram.com/kousei_gh_official
10751,1,https://www.nshp-muroran.or.jp/
10751,2,https://www.facebook.com/SeitetsuSanka
10751,3,https://twitter.com/sanka4404
10751,4,https://www.instagram.com/sanka4404/
10751,6,https://www.nshp-muroran.or.jp/maternity/
10752,1,https://w3hosp.med.nagoya-cu.ac.jp/?msclkid=98af2bd2ba2b11ec80a76be5e4f0a632
10753,1,https://www.city.sapporo.jp/hospital/
10753,2,https://www.facebook.com/people/%E5%B8%82%E7%AB%8B%E6%9C%AD%E5%B9%8C%E7%97%85%E9%99%A2/100064106136423/
10754,1,https://www.seirei.or.jp/hamamatsu/
10755,1,https://www.saimiya.com/
10755,4,https://www.instagram.com/saiseikai_utsunomiya/
10755,6,https://www.saimiya.com/sanka/
10756,1,https://sakuhp.or.jp/center/
10757,1,https://med-kurobe.jp/
10758,1,https://www.tsuchiya-hp.jp/tsuchiya/
10758,4,https://www.instagram.com/tsuchiya_obgyn?igsh=anFscmwzcjQ3WFj
10759,1,https://www.tdc.ac.jp/igh/tabid/734/Default.aspx
10760,1,https://www.jichi.ac.jp/hospital/top/index.html
10761,1,https://www.plhospital.or.jp
10761,2,https://www.facebook.com/plhospital.or.jp/
10761,4,https://www.instagram.com/plhospital.or.jp/
10762,1,https://www.asanogawa-gh.or.jp/
10762,3,https://x.com/asanogawa_hp
10762,4,https://www.instagram.com/asano_gawa_birthcenter?igsh=bWY4eHJyZGFnbHl4&utm_source=qr
10762,6,https://www.instagram.com/asano_gawa_hospital/
10763,1,https://www.himemaria.or.jp/maria/
10764,1,https://www.hosp.kyushu-u.ac.jp
10764,3,https://x.com/KyushuUnivHosp
10764,4,https://www.instagram.com/kyushuuniv_hospital/
10764,6,https://www.youtube.com/@KyushuUnivHospital
10765,1,https://byoin.city.fuji.shizuoka.jp
10765,2,https://www.facebook.com/share/1BRSkkeRSn/
10765,4,https://www.instagram.com/fuji_city_general_hospital?igsh=b2N0d2N1ODA2N3h5
10766,1,https://www.wakayama-med.jrc.or.jp
10766,4,https://www.instagram.com/jrc.wakayama_med.official/
10767,1,https://www.kouritu-cch.jp/
10768,1,https://www.uonuma-kikan-hospital.jp/
10768,2,https://www.facebook.com/UonumaKikanHosp
10768,3,https://x.com/UonumaKikanHosp
10768,4,https://www.instagram.com/uonuma_kikan_hospital/?hl=ja
10768,6,https://www.youtube.com/channel/UCTA7N_0zTDJmSdDFmQODP2g
10769,1,https://www.kyoto2.jrc.or.jp/
10769,4,https://www.instagram.com/kyoto2.maternity/
10770,1,https://hospital.naramed-u.ac.jp/
10771,1,https://ojihosp.or.jp
10772,1,https://www.hospital.med.saga-u.ac.jp/
10773,1,https://www.hmedc.or.jp
10773,4,https://instagram.com/HMEDC_MBC15
10774,1,https://www.pref.tottori.lg.jp/kouseibyouin
10774,4,https://www.instagram.com/kouseibaby2024
10774,5,https://liff.line.me/1645278921-kWRPP32q/?accountld=230xunio
10775,1,https://www.komakihp.gr.jp
10777,1,https://bantane.fujita-hu.ac.jp
10777,4,https://www.instagram.com/fhu_bantane/
10778,1,https://hamanomachi.kkr.or.jp/
10779,1,https://www.keisatsubyoin.or.jp/
10780,1,https://hotaka-hospital.or.jp/
10780,4,https://www.instagram.com/hotaka_hp
10781,1,https://www.dou_kouseiren.com/byouin/obihiro
10781,2,https://www.facebook.com/obihirokoseihospital/
10781,4,https://www.instagram.com/obihiro_kosei/
10782,1,https://www.tch.pref.toyama.jp
10782,4,https://www.instagram.com/toyama_c_hospital/
10783,1,https://www.teikyo-hospital.jp/
10785,1,https://www.tenshi.or.jp
10785,4,https://www.instagram.com/tenshi_hp_sanka
10786,1,http://www.nagano-med.jrc.or.jp
10787,1,https://central.or.jp/
10787,4,https://www.instagram.com/central_sanka/
10788,1,https://nmh.jp/
10788,2,https://www.facebook.com/minatomedical
10788,4,https://www.instagram.com/nagasaki_minato_medical/?igsh=ZGw5bzBsNGxmc290
10788,6,https://www.youtube.com/channel/UC9Q0M0b3fsHI_kgjKqq3LPg
10789,1,https://www2.hosp.med.tottori-u.ac.jp/
10789,2,https://www.facebook.com/ToridaiHospital/
10789,3,https://twitter.com/ToridaiHospital
10790,1,https://www.seirei.or.jp/numazu-hp/
10791,1,https://www.itabashi-med.jp/
10792,1,https://iwaki-city-medical-center.jp
10792,2,https://www.facebook.com/iwaki.city.medical.center.jp
10792,4,https://www.instagram.com/iwaki.city.medical.center.jp/
10793,1,https://www.tokokai.or.jp
10794,1,https://www.mh.nagasaki-u.ac.jp/
10795,1,https://www.kushiro-cghp.jp/
10796,1,https://www.shizuokahospital.jp/
10796,5,https://lin.ee/FzcIojL
10797,1,https://www.chibune-hsp.jp
10797,2,https://facebook.com/chibunehsp1958/
10797,3,https://twitter.com/Chibune_hsp1958
10797,4,https://www.instagram.com/chibune_hsp1958/
10797,5,https://lin.ee/MRCqhss
10798,1,https://www.city.sanuki.lg.jp/shiminbyoin/index.html
10799,1,https://shikoku-mc.hosp.go.jp/
10800,1,https://www.tajimi-hospital.jp
10800,5,https://page.line.me/qld1552r
10801,1,https://www.dou-kouseiren.com/byouin/kutchan/
10802,1,https://www.nmct.ntt-east.co.jp/
10802,4,https://www.instagram.com/ntt.osan/
10803,1,https://shinshumedicalcenter.jp/
10803,4,https://www.instagram.com/shinshumedicalcenter/
10804,1,https://www.hosp.tohoku.ac.jp/
10805,1,https://www.pref.kochi.lg.jp/hata/
10805,2,https://www.facebook.com/hatakenmin
10806,1,https://www.tenriyorozu.jp
10807,1,https://gakuen-hospital.or.jp/
10807,5,https://page.line.me/?accountId=379lcuzy
10808,1,https://otarukyoukai.or.jp
10809,1,https://www.shizuoka-med.jrc.or.jp
10811,1,https://hospital.ompu.ac.jp
10812,1,https://ymc.yuuai.or.jp/
10812,2,https://www.facebook.com/yuuaikaiofficial/
10812,4,https://www.instagram.com/yuuaikaiofficial/
10813,1,https://www.aichi-med-u.ac.jp/hospital/
10814,1,http://www.toyama-med.jrc.or.jp
10815,1,https://hgmc.hyogo.jp/
10815,4,https://www.instagram.com/harihime1103/
10815,5,https://lin.ee/7UIzAhY
10816,1,https://moriya.daiichi.or.jp/
10816,4,https://www.instagram.com/moriyadaiichi_sanka/
10817,1,https://aomori-kenbyo.jp/
10817,2,https://www.facebook.com/aomorikenbyo/
10817,3,https://twitter.com/aomorikenbyo
10817,4,https://www.instagram.com/aomori.kenbyo_official
10818,1,http://www.hakuai.or.jp
10819,1,https://tch.or.jp/
10820,1,https://www.hospital.hachinohe.aomori.jp/
10821,1,https://hosp.hirosaki-u.ac.jp/
10822,1,https://www.hosp.jikei.ac.jp/
10823,1,https://kokura.hosp.go.jp/index.html
10824,1,http://www.hospital-mutsu.or.jp/
10826,1,https://higashihiroshima.hosp.go.jp/
10827,1,https://www.imh.jp/
10828,1,https://www.hiroshima-med.jrc.or.jp/
10829,1,https://kobe.hosp.go.jp/specialty/gynecology/index.html
10829,4,https://www.instagram.com/kmc_ob?igsh=MW1vMGZqdDEwczhmMw==
10829,6,https://www.instagram.com/kmc.hosp_official?igsh=dW5kdzBzNWRsaHFo
10830,1,https://noe.saiseikai.or.jp
10830,4,https://instagram.com/noe_saiseikai?igshid=NzZIODBkYWE4Ng==
10831,1,https://www.hosp-ozu-osaka.jp/
10832,1,https://saga.hosp.go.jp
10832,4,https://www.instagram.com/saga.hosp.ob/
10833,1,https://www.med.osaka-u.ac.jp/pub/wwwmed/perinatal/
10833,6,https://www.hosp.med.osaka-u.ac.jp/
10834,1,http://shinzen.jp/
10835,1,https://kantoh.johas.go.jp/index.html
10835,4,https://www.instagram.com/kantoh_gyne/
10836,1,https://www.nerima-hosp.or.jp/
10836,4,https://www.instagram.com/nerima_sogo_sanfujinka/
10837,1,https://kiso-hosp.jp/
10838,1,https://iwakuni.hosp.go.jp/
10839,1,https://www.dokkyomed.ac.jp/hosp-s/
10840,1,https://www.m-kousei.com/saka/
10840,4,https://www.instagram.com/saka.sannhujinnka
10841,1,https://www.kanazawa-med.ac.jp/~hospital/
10842,1,https://www.ych.or.jp/
10842,2,https://www.facebook.com/ych.or.jp
10842,4,https://www.instagram.com/yodokiri/
10843,1,https://mito.jrc.or.jp/
10843,2,https://www.facebook.com/profile
10843,4,https://www.instagram.com/mito_redcross/
10844,1,https://www.city.saitama.lg.jp/hospital/index.html
10844,4,https://www.instagram.com/saitamacityhsp/?__pwa=1
10844,6,https://www.youtube.com/channel/UCLEueCaPNnry7iSmuvWYHKQ
10845,1,https://www.ho.chiba-u.ac.jp/
10845,4,https://www.instagram.com/chibadaibyoin_koho/
10847,1,https://www.st-mary-med.or.jp/top.php
10847,2,https://www.instagram.com/st_mary_hospital/
10847,4,https://www.imstagram.com/st_mary_hospital/
10847,6,https://www.youtube.com/@user-vs9hy4ct9v
10848,1,https://www.yakushimatokushukai.com/
10849,1,https://www.iseikaihp.or.jp/
10849,4,https://www.instagram.com/iseikai_maternity/
10849,5,https://page.line.me/182ffqpa?oat_content=url&openQrModal=true
10849,6,https://www.iseikaihp.or.jp/welcome-baby/index.php
10850,1,http://www.hosp.itami.hyogo.jp/
10851,1,https://www.tamagawa-hosp-oag.jp
10851,4,https://instagram.com/tamagawa_sanka/
10851,6,https://www.tamagawa-hosp.jp/
10852,1,https://www.tannanhp-jadecom.jp
10854,1,https://koujinkai-kagawa.net/
10855,1,https://www.asahikawa-med.ac.jp/hospital/circu/
10856,1,https://www.city.aomori.aomori.jp/byouin/top.html
10857,1,https://chiba.hosp.go.jp/sinka-sanfujin-josan.html
10857,4,https://chiba.hosp.go.jp/images/instabunar.png
10858,1,http://hospital.city.hino.tokyo.jp
10858,6,http://www.hino-hospital-gynecology.jp/
10859,1,https://www.twmu.ac.jp/info-twmu/
10859,5,https://line.me/R/ti/p/@807hgedj
10860,1,https://www.inahp.jp/
10861,1,https://www.awajimc.jp/
10861,4,https://www.instagram.com/amc.mama/
10863,1,https://www.fg-kshp.jp/
10863,4,https://www.instagram.com/shiomidaihp?igsh=ajcwZGcwajNoMWVm
10864,1,https://www.med.kindai.ac.jp/
10865,1,https://www.osakah.johas.go.jp/
10866,1,https://www.hokushin-hosp.jp/
10867,1,https://jasanoko.or.jp/
10868,1,http://www.tokatsu-hp.com/
10868,4,https://www.instagram.com/tokatsu_sanfujinka
10869,1,https://www.okazakihospital.jp/
10870,1,https://www.kitami.jrc.or.jp/
10872,1,https://chuo-hp.jp/
10873,1,http://www.iwai-hp.com/
10873,2,https://www.facebook.com/iwaihp
10874,1,https://miyako-hp.jp/
10875,1,https://hospital.city.chiba.jp/kaihin/
10876,1,https://tama.marianna-u.ac.jp/
10877,1,https://www.municipal-hospital.toyohashi.aichi.jp/
10878,1,https://www.hospital.kasugai.aichi.jp/
10878,4,https://www.instagram.com/kasugai_sanfujinka/
10879,1,https://sadosogo-hp.jp/
10880,1,https://nakatsugawa-hp.jp/
10881,1,http://www.onchikai.jp
10882,1,https://kyoudou-hp.com/
10882,4,https://www.instagram.com/saitamakyoudou_kosodate/
10882,5,https://liff.line.me/1645278921-kWRPP32q?accountId=639fwvlb
10883,1,http://hospital.pref.kagoshima.jp/oshima/
10884,1,http://www.perfe.jp/
10884,4,https://9lick.me/tY3qD
10885,1,https://mwclin.com
10886,1,https://www.kouhata.net/
10887,1,http://www.tsurukawadai.jp
10887,4,https://instagram.com/tsurukawadai
10888,1,https://wakita-sanfujinka.com
10889,1,https://www.nhlclinic.com/
10890,1,https://www.gotosanfujinka.jp/
10890,4,https://instagram.com/gotosanfujinka?igshid=OGQ5ZDc2ODk2ZA==
10892,1,https://shiotsuka.jp/
10893,1,https://ishiharaladies.net
10893,2,https://ja-jp.facebook.com/ishiharaladies/
10893,4,https://www.instagram.com/tenshihohoemu/
10894,1,https://www.suenaga-mcl.com
10894,4,https://www.instagram.com/suenagasanfujinka/
10895,1,https://www.muraoka-sanfujinka.com/
10895,4,https://www.instagram.com/muraoka_og_clinic/?igsh=MXV3bjRxZjBldTE1bw%3D%3D
10897,1,https://www.arakawa-lc.com
10897,4,https://www.instgagram.com/arakawa.lc
10898,1,https://www.mieladies.com
10899,5,https://liff.line.me/1645278921-kWRPP32q/?accoutld=380qbmrs
10900,1,https://iwajuku-cl.jp/
10901,1,https://www.kamioka.or.jp/
10902,1,https://www.okazaki.or.jp/
10902,4,https://www.instagram.com/okazakiobgyn/
10903,1,https://www.tamar.jp
10903,2,https://www.facebook.com/tamarclinic
10903,3,https://x.com/tamarclinic
10903,4,https://www.instagram.com/tamar_birth_kitchen/
10903,5,https://page.line.me/217ctovq?openQrModal=true
10903,6,https://blog.goo.ne.jp/tamarclinic
10904,1,http://yamasakisanfu.com/
10905,1,https://www.efclinic.com
10906,1,https://www.mum-cl.or.jp
10906,4,https://www.instagram.com/mumclinic
10907,1,https://www.akai-maternity.com/
10907,2,https://www.facebook.com/AKAI.MC
10907,4,https://www.instagram.com/akai_maternity/
10907,5,http://line.me/ti/p/@akamata
10908,1,http://www.sophia-c.jp
10908,4,https://www.instagram.com/sophiaclinic_oita/
10908,6,https://select-type.com/rsv/?id=UZ4yjczrd3g
10911,1,http://www.aoba-ladies.com
10911,4,http://www.instagram.com/aoba_ladies_clinic
10912,1,https://www.sakura-sanin.or.jp
10912,4,https://www.instagram.com/sakurasanin.1991/
10912,6,https://www.sakura-sangoin.jp
10913,1,https://www.sato-sanfujinka.er.jp
10913,4,https://www.instagramu.com/satousanfujinka
10914,1,http://www.sakura-lc.com
10915,1,https://otoginomori.jp
10916,1,https://www.sanmata.jp/
10916,2,https://www.facebook.com/profile.php?id=100057567095162
10916,4,https://www.instagram.com/sanmata2017/
10917,1,https://yoshimoto-lc.com/
10917,2,https://www.facebook.com/yoshimoto.lc
10917,3,https://yoshimoto-lc.com/
10917,4,https://www.instagram.com/ylc_toyama/
10917,5,https://manager.line.biz/account/@731zwrzt
10918,1,http://www.yutopia.or.jp/~ikedam/
10919,1,https://kinomaternityclinic.jp/
10919,4,https://www.instagram.com/kinomaternityclinic/
10920,1,https://www.tokunaga-j-clinic.com/
10920,3,https://twitter.com/tokunagaclinic
10920,4,https://www.instagram.com/tokunaga.j.c/
10921,1,https://www.motherly.or.jp
10922,1,https://akutagawa-birth.com
10922,4,https://www.instagram.com/akutagawa_birth_clinic
10922,6,https://ameblo.jp/akutagawa-birth/entry-12657261936.html
10923,1,https://hwclinic.or.jp/
10924,4,https://www.instagram.com/ynsfk333610?igsh=eXl0eG5tMWw0bTRz
10925,1,https://nishisako-cl.jp/maternity/index.html
10925,2,https://www.facebook.com/2435clinic
10925,4,https://www.instagram.com/nishisako_ladies_clinic/
10925,5,https://page.line.me/034uohgt?openQrModal=true
10926,1,http://www.matsuo.justhpbs.jp/
10926,4,https://www.instagram.com/matsuo_sanka_fujinka_clinic/
10927,1,https://ueno-hosp.com/
10927,4,https://www.instagram.com/uenoladiesclinic/
10928,1,https://www.yoshida-clinic.gr.jp/
10928,2,https://www.yoshida-clinic.gr.jp/
10928,4,https://www.instagram.com/yoshida.clinic1103/
10928,5,https://line.me/R/ti/p/@669skdfu
10929,1,http://www.pureladiesclinic.jp/index.html
10929,4,https://www.instagram.com/pureladiesclinic?igsh=Mnd5aG55cXo4ZzZ4
10930,1,https://www.ibi-lc.or.jp/
10930,4,https://www.instagram.com/ibi_ladies_clinic/
10933,1,http://morishita-mc.jp
10933,2,https://www.facebook.com/morishita0328
10933,4,https://www.instagram.com/morishita_mc/
10934,1,https://www.tachibana-iin.jp/
10934,4,https://instagram.com/tachibana_clinic?igshid=eHRqc2J1aGZ0dHVr&utm_source=qr
10934,5,https://lin.ee/QOALDe3q
10935,1,https://ohtaiin.jp/
10936,1,https://sanolc.com
10937,1,https://www.baranoizumi-clinic.com
10938,1,http://www.nozaki-clinic.jp
10938,4,https://www.instagram.com/nozaki_clinic.nagoya
10939,1,http://www.uchidaclinic.or.jp
10940,1,https://ootorii-iin.or.jp/
10940,2,https://www.facebook.com/ootoriiiin
10940,4,https://www.instagram.com/ootorii_iin/?hl=ja
10941,1,https://www.w-greenhill.jp/
10941,2,https://www.facebook.com/greenhill.jp/
10941,4,https://www.instagram.com/womens_clinic_greenhill/?utm_source=ig_profile_share&igshid=1aabwl2egerfu
10942,1,https://www.uchino-clinic.or.jp
10942,4,https://www.instagram.com/uchino_saga/?hl=ja
10943,1,https://www.akatsukiwomens.com/
10944,1,https://www.nakamura-lc.jp
10944,4,https://www.instagram.com/nakamuraladiesclinic/
10945,1,https://otomeclinic.jp
10945,2,https://www.facebook.com/otomeclinic
10946,1,https://aramaki-lc.com/
10946,4,https://www.instagram.com/aramaki_lc_0303/
10947,1,https://www.kitamura-hosp.com
10947,4,https://www.instagram.com/kitamuraiin/
10947,5,https://line.me/R/ti/p/@210lemtc?from=page&accountId=210lemtc
10948,1,https://ichikawacl.com/
10949,1,https://www.toho-clinic.or.jp/
10949,6,https://www.toho-clinic.or.jp/maternity/mutsu
10950,1,https://yokohama-tomoobgy.com/
10950,4,https://www.instagram.com/tomo_obgyn/?hl=ja
10952,1,https://sakura-sanfujinka.com
10954,1,https://www.nakamuraladies.com
10955,1,https://tajimahospital.com/
10956,1,https://www.shimizu-maternity.com
10956,4,https://www.instagram.com/shimizulc3838/
10957,1,https://www.yushima-wc.jp
10958,1,https://www.tate-sanfujinka.jp/
10958,2,https://www.facebook.com/tatesanfujinka
10958,3,https://twitter.com/tatesanfujinka
10958,4,https://www.instagram.com/tatesanfujinka/?hl=ja
10959,1,https://www.kamazawa-clinic.com/
10960,1,http://www.angelmother.jp/
10960,4,https://www.instagram.com/angel_mother_cl/
10961,1,http://www.kansuikouenlc.com/
10961,4,https://www.instagram.com/kansuikouen_ladies_clinic/
10962,1,https://info@akane-lc.com
10962,2,https://www.facebook.com/akane.ladiesclinic
10962,4,https://www.instagram.com/akanelc/
10962,5,https://lin.ee/p6CWQ7h
10963,1,https://ohiraladys.com/
10963,4,https://instagram.com/oohira.lc?igshid=NGcyejk0bzBvazh4
10965,1,https://sawaragi-hosp.jp/
10965,2,https://www.facebook.com/sawaragihosp/
10965,4,https://www.instagram.com/sawaragihospital/
10965,5,https://page.line.me/gqy4290q?openQrModal=true
10965,6,https://sawaragi-cl.com
10966,1,http://www.asaka-lc.jp
10968,1,https://www.m-clinic.info/
10968,2,https://www.facebook.com/minamigaokaclinic/
10969,1,https://www.shimaoka-ob-gy.minami.kyoto.jp
10971,1,https://www.sugano-clinic.jp/
10972,1,http://www.kawabata-lc.jp
10973,1,https://saito-ladies-clinic.com/
10973,4,https://www.instagram.com/saito.lc/
10974,1,https://w-clinic.or.jp/
10974,4,https://www.instagram.com/wclinic_makuhari/
10975,1,https://www.iwasaclinic.com
10975,4,https://www.instagram.com/iwasa_clinic_salon_orchidee/
10976,1,http://www.okumuraclinic.or.jp/maternity/
10976,4,https://www.instagram.com/okumuramc/
10978,1,https://sugiura-clinic.com/
10980,1,https://ikomatomomi-sanka-clinic.com/
10980,4,https://www.instagram.com/ikomatomomi_ladiesclinic/
10981,1,https://www.seijo-mc.com/
10981,4,https://www.instagram.com/seijomaternityclinic/profilecard/?igsh=MTIzYWJhNnZ3ZHZlNQ%3D%3D
10982,1,https://sasaki-lcl.com/
10982,4,https://www.instagram.com/sasakisanfujinka/
10983,1,https://www.imai-clinic-morioka.com/
10986,1,https://miura-lc.or.jp/
10986,2,https://www.facebook.com/miura.lc/
10986,4,https://www.instagram.com/miuralc_official/
10987,1,https://aoki-sanfujinka.jp
10987,4,https://instagram.com/aoki_sanfujinka
10989,1,https://www.yuiclinic.com/
10989,2,https://www.facebook.com/profile.php?id=100054244940832
10989,4,https://www.instagram.com/yuiclinic/
10989,5,https://page.line.me/fjc8882w?openQrModal=true
10990,1,https://www.takahashi-lc.or.jp/
10991,1,https://shirakawa-clinic.jp/
10992,1,https://hamanaka.or.jp/
10993,1,https://tsugaladies.com
10993,4,https://www.instagram.com/tsuga_ladies?
10994,1,http://www.imoto-sanfujinka.com/
10995,1,https://www.yokosuka-mc.com
10997,1,http://kuriyama-ladiesclinic.com
10998,1,https://clinicbell.or.jp
10998,2,https://ja-jp.facebook.com/clinicbell/
10998,4,https://www.instagram.com/clinic_bell?igsh=MWpmc3BmaTUzenF0dA%3D%3D&utm_source=qr
11000,1,https://nwlc.jp/
11000,4,https://www.instagram.com/nakazawa_wlc/
11001,1,https://www.lc-murata.com
11003,1,https://miurasanfujinka.com
11003,4,https://www.instagram.com/miura_7000/
11004,1,https://www.satowomens.com/
11004,4,https://www.instagram.com/satowomens/
11005,1,http://uchiyama-clinic.sakura.ne.jp
11005,6,https://uchiyama-clinic.sakura.ne.jp/epidural/
11006,6,https://abesan.org/
11007,1,http://www.osada-clinic.net/
11007,4,https://www.instagram.com/osadasanfujinka/
11008,1,http://www.sakunaga.jp/
11009,1,https://nakashima-obgyn.com
11010,1,https://watanabehospital.jp
11010,2,https://www.facebook.com/watanabeclinic
11010,4,https://www.instagram.com/watanabesanfujinka571011/
11010,5,https://linevoom.line.me/user/_dVJPMy_c6rQaSUZsQrjW87-NZjSmOcQjXviF3lk
11012,1,https://motoharakai.jp/
11013,1,https://www.kochi-family.jp/
11014,1,http://tootake-ladies.com
11015,1,https://www.ikedaiin-sakai.com/
11015,4,https://www.instagram.com/ikeda.clinic?igsh=MWF0MjBnNXo2dnF3dg%3D%3D
11017,1,https://www.masuko-clinic.or.jp/
11017,4,https://www.instagram.com/masuko.cl
11018,1,http://miyahara-lc.com/
11018,3,https://twitter.com/mlc_hita
11018,4,https://www.instagram.com/miyaharalc/
11019,1,https://www.shono-ladiesclinic.jp
11020,1,https://www.nagoya-bc.com/
11021,1,https://www.ogawa-sanfujinka.or.jp
11022,1,http://nakajima-sanfujinka.com
11024,1,https://www.morinaga-mc.jp
11024,4,https://www.instagram.com/morinaga_maternityclinic/
11025,1,http://www.ikeda-sanfujinka.info
11025,4,https://www.instagram.com/ikedamaternityclinic/
11026,1,https://www.hirano-mc.com/
11026,2,https://www.facebook.com/profile.php?id=100063597517309#
11026,4,https://www.instagram.com/accounts/login/?next=%2Fhiranomaternity%2F&source=omni_redirect&hl=ja
11027,1,http://nakachi-cl.com/
11028,1,https://sora-lc.com/
11028,4,https://www.instagram.com/sora.ladies.clinic/?img_index=1
11029,1,https://www.taisho-byoin.or.jp/clinic/
11029,4,https://www.instagram.com/taishokangaroom/
11030,1,http://hama-san.com/
11030,4,https://www.instagram.com/hamada_sanfujinka/
11031,1,http://nagoya-mizuno-sannhujinka.com
11032,1,https://iito.or.jp/
11032,2,https://www.facebook.com/kadomaiitou/
11032,4,https://www.instagram.com/iitosanfujinka/
11033,1,https://tokunaga-lc.jp/
11033,4,https://www.instagram.com/tokunagasanfujinka/
11034,1,http://www.i-ladies.jp
11034,4,https://www.instagram.com/iladies_clinic
11035,1,https://uedaladies.com
11037,1,http://shoyodai-sato.sakura.ne.jp
11038,1,https://www.masuda-sanfujinka.jp/
11040,1,https://ishikawa-lc.com/
11041,1,https://www.tateno-ladies.or.jp
11041,2,https://www.facebook.com/tateno0715
11041,4,https://www.instagram.com/tateno.l.c/
11041,5,https://line.eer/OTdwez
11043,1,https://www.egawa-lc.net/
11043,4,https://www.instagram.com/egawa.ladies.clinic/
11044,1,https://www.yoshidaiin.com/
11044,4,https://www.instagram.com/yoshidaiingynemorioka?igsh=dGdadHZuYTR5dDU5
11045,1,https://medicalpark-shonan.com/
11046,1,https://shinozaki-clinic.org/
11047,1,http://www.angel-ladics.com/
11047,2,http://www.facebook.com/angelladiesclinic
11047,4,http://www.instagram.com/angelladiesclinic
11048,2,https://www.hanamizuki.info/
11048,4,https://www.instagram.com/hanamizukiinsta/?hl=ja
11049,1,https://www.hirabarikita-clinic.com/
11051,1,https://iwasawa-cl.jp
11051,4,http://www.instagram.com/iwasawaclinic
11052,1,https://www.pmc.or.jp/yanase/
11052,4,https://www.instagram.com/yanaseclinic/
11053,1,https://www.jikihara.net/
11053,2,https://ja-jp.facebook.com/profile.php?id=100063687096829
11053,4,https://www.instagram.com/jikiharawomensclinic/
11053,6,https://www.youtube.com/channel/UCnZXvzhfI6BQ6ZyYDeB_fmg
11054,1,https://www.satolc.jp/
11055,1,https://elm-j-clinic.com
11055,4,https://www.instagram.com/elm.j.clinic/
11057,1,http://www.ito-ogc.jp
11058,1,https://fujiobgy.com
11059,1,http://www.kamiya-clinic.or.jp
11059,4,https://www.instagram.com/kamiya_lc/
11060,1,https://oita-aoiclinic.jp
11061,1,https://medicalpark-iruma.com/
11062,1,https://kasugai-mc.net
11063,1,https://www.aiiku-clinic.com/
11063,4,https://www.instagram.com/okym.aiikuclinic/
11064,1,https://gorin.or.jp/
11064,4,https://www.instagram.com/gorinbashi_maternity/
11065,1,https://katsuragawa-lc.com/obstetrics/
11065,2,https://www.facebook.com/katsuragawa.lc
11065,4,https://www.instagram.com/katsuragawa_nascita/
11065,6,https://www.youtube.com/@Klc-nascita
11066,1,https://www.hashi-sanfu.com/
11066,4,https://www.instagram.com/hashimoto_sanfujinka/
11067,1,https://yanomc.com
11067,4,https://www.instagram.com/yano_mc_official/
11068,1,https://honda-lc.com/
11068,4,https://www.instagram.com/hondalc.niigata/?igsh=bmYyOTh4bzc0ZWpx#
11069,1,https://www.shirotaclinic.com
11069,4,https://www.instagram.com/@shirota_clinic
11069,5,https://page.line.me/@135sbuzy
11070,1,http://www.muneta.org
11071,1,http://www.auc.med-apple.co.jp/
11072,1,https://www.kaneko-ladies.com/
11072,4,https://www.instagram.com/kanekoladiesclinic/?hl=ja
11073,1,https://wada-maternity.jp
11074,1,https://ukita.gr.jp
11074,2,https://www.facebook.com/profile.php?id=100063524565041
11074,4,https://www.instagram.com/ukita_clinic
11075,1,https://miyamura-oita.jp
11076,1,https://www.kawano-sf.com
11077,1,https://fujita-ladies.jp/
11078,1,https://www.tagashira-lc.jp
11079,1,https://nishijima-clinic.or.jp/
11079,2,https://www.facebook.com/nishijmaclinic
11079,4,https://www.instagram.com/nishijimaclinic/
11080,1,https://shibata.or.jp
11082,1,https://satoclinic.jp
11082,4,https://www.instagram.com/satoladiesclinic/
11083,1,https://www.nakamura-ladiesclinic.com
11083,4,https://www.instagram.com/nakamuralc
11085,1,http://www.amagase.jp/
11085,4,https://instagram.com/amagaseladiesclinic?igshid=YTQwZjQ0NmI0OA==
11086,1,https://yorifuji-ladies.com
11086,4,https://www.instagram.com/yorifuji.lc?igsh=eDlsOXJ0cHN5M3c4&utm_source=qr
11087,1,https://www.kudoclinic.com/
11087,4,https://www.instagram.com/kudoclinic/
11088,1,https://endo-lc.jp/
11090,1,http://www.asaokacl.jp
11090,4,https://www.instagram.com/asaoka_lc/
11091,1,https://oowaki.or.jp/
11091,2,https://www.facebook.com/oowakiobgy
11091,4,https://www.instagram.com/oowaki_ladies/
11092,1,https://www.clc.or.jp/
11092,4,https://www.instagram.com/central_ladies_clinic/
11093,1,https://www.nakamuraladies.or.jp
11093,2,https://www.facebook.com/profile.php?id=100063724878449
11093,4,https://www.instagram.com/nakamura.ladiesclinic/
11094,1,https://www.kanki.or.jp
11096,1,https://www.kawata.or.jp
11097,1,http://kawata-obgy.com
11097,4,https://www.instagram.com/kawata_sanfujinka
11098,1,https://miyamoto-sanfujinka.jp/
11098,4,https://www.instagram.com/miyamoto.sango/
11099,1,https://miyamoto-lc.jp/
11100,1,https://www.watanabe-cl.or.jp/
11101,1,https://www.sekijima-clinic.com
11102,1,https://kotocli.jp/
11102,2,https://www.facebook.com/kotocli
11102,4,https://instagram.com/kotocli/
11103,1,http://maeda-sanfujinka-clinic.com/
11103,2,https://www.facebook.com/people/%E5%89%8D%E7%94%B0%E7%94%A3%E5%A9%A6%E4%BA%BA%E7%A7%91%E3%82%AF%E3%83%AA%E3%83%8B%E3%83%83%E3%82%AF/100057585964371/
11103,4,https://www.instagram.com/maeda.obgy.clinic/
11104,1,https://www.mori-lcc.jp/
11104,4,https://www.instagram.com/morilcc_ogaki?igsi=d25vYnhqaDRvY2c0
11105,1,https://www.yasunaga-obgy.jp/
11106,1,http://www.kunii-c.jp/
11107,1,https://www.moriya-lc.com/
11107,4,https://www.instagram.com/moriyalc/
11107,5,https://page.line.me/956dnbev?openQrModal=true
11108,1,https://tomlc.com
11109,1,https://www.kenjo-sanfujinka.com
11109,4,https://www.instagram.com/kenjosanfujinka
11110,1,http://www.arakawalc.jp/
11110,4,https://www.instagram.com/arakawalc/
11111,1,https://www.hachinohe-clinic.com/
11112,1,https://www.ishii-mfm.jp/
11112,2,https://m.facebook.com/p/%E3%81%84%E3%81%97%E3%81%84%E7%94%A3%E5%A9%A6%E4%BA%BA%E7%A7%91%E9%86%AB%E9%99%A2-100043235036097/
11112,4,https://www.instagram.com/ishii_mfm_clinic/
11113,1,https://nakagawa-iin.net
11114,1,https://majima-cl.jp/
11115,1,https://www.ui-lc.gr.jp
11115,4,https://www.instagram.com/uilc.4622
11116,1,http://www.mino-lc.net/
11116,4,https://www.instagram.com/mino_ladies_clinic/
11117,1,http://www.famil-s.com
11118,1,https://www.koike-lc.jp
11120,1,https://tw-clinic.com/
11120,4,https://instagram.com/tamura.wcl?igshid=OGQ5ZDc2ODk2ZA==
11121,1,https://www.kirin-women-clinic.com/
11122,1,https://www.suzuki-sanfujinkaiin.com
11123,1,http://www.yoshihara-clinic.com
11124,1,https://www.sakamoto-sanfujinka.com/
11124,4,https://www.instgram.com/sakamotosanfujinka/
11125,1,https://sfmc.jp/
11125,4,https://www.instagram.com/sunflower_maternity/
11126,1,https://www.takahashi-lc.jp
11126,4,https://www.instagram.com/takahashi_lc?igsh=MWZvczdidzlqNG8ybw%3D%3D&utm_source=qr
11127,1,https://a-osan.com/
11128,1,https://lady.go-clinic.gr.jp/
11128,4,https://www.instagram.com/go_ladies_clinic/
11129,1,https://mothers-clinic.jp/
11130,4,https://www.instagram.com/fbc1016
11131,1,https://takako-womens-clinic.com/
11131,4,https://www.instagram.com/takako_womensclinic
11132,1,https://www.mammyclinicijuin..com
11133,1,http://www.matsuo-obgyn.jp
11134,1,http://www.hiranoiin.org
11135,1,https://foresta-verde.jp/
11135,2,https://www.facebook.com/LadiesClinicForestaVerde
11135,4,https://www.instagram.com/forestaverde_ladiesclinic/
11136,1,https://www.siclinic.jp/
11136,4,https://www.instagram.com/inoueclinic4103/
11136,5,https://lin.ee/9O4yxwq
11137,1,https://umekage-ladys-clinic.jp/
11137,3,https://twitter.com/UmekageLC
11137,4,https://www.instagram.com/umekagelc/
11138,1,https://sekiiladies.com
11138,4,https://www.instgram.com/sekii_lc
11140,1,https://www.tachibanalc.or.jp
11140,4,https://www.instagram.com/tachibanalc?igsh=MWtvdHpmM2Jjb213ag==
11141,1,https://www.tgc.or.jp
11141,4,https://www.instagram.com/takahashi0150/?hl=ja
11141,5,https://page.line.me/?accountId=2013.tgc.fan
11142,1,https://www.mammy1010.com
11142,4,https://www.instagram.com/mammy1010102022/
11143,1,https://www.nishikawasanfujinka.org
11145,1,https://www.megumi.or.jp/
11146,1,https://yabiku-ladys-clinic.jp/
11146,2,https://www.facebook.com/yabiku.clinic/
11146,4,https://www.instagram.com/yabiku_ladys_clinic/
11147,1,http://www13.plala.or.jp/kunimi_baby/
11147,3,https://twitter.com/kunimisanfu
11148,1,https://ohashi-lc.com/
11148,4,https://www.instagram.com/oohasisanfuzinka/
11149,1,http://claraclinic.jp
11152,1,https://www.yoshimotolc.com
11152,2,https://www.facebook.com/YoshimotoLadiesClinic
11153,1,http://atsugi-ladies.jp/index.html
11154,1,https://www.n-w-c.jp
11154,4,https://www.instagram.com/nakanishi_wc
11155,1,https://kensui-mc.jp
11155,2,https://www.facebook.com/profile.php?id=61574062709568#
11155,3,https://x.com/odamata_clinic
11155,4,https://www.instagram.com/odawara_maternity_clinic/
11155,5,https://page.line.me/791ffmcd
11156,1,https://matsubase.or.jp/
11157,1,http://www.kusanagimtc.jp/
11158,1,http://www.jyohokuladies.com
11159,1,https://cecilia3.com/
11159,4,https://instagram.com/st.cecilia_for_baby
11161,1,https://chikushiclinic.com
11161,4,https://www.instagram.com/chikushiclinic
11163,1,http://nagano-ladies.jp/
11163,2,https://www.facebook.com/naganoladies
11163,4,https://instagram.com/naganosanfujinka
11164,1,https://sites.google.com/view/tokeladies
11164,4,https://www.instagram.com/toke_lc
11164,6,https://tokelc.com/  https://www.tokeladies.com/
11165,1,https://kklc.jp/
11166,1,http://www.ohta-ladies-cl.com
11167,1,https://www.mors-takata.jp/
11167,4,https://www.instagram.com/motherstakata/
11168,1,https://www.honda-lc.or.jp/
11170,1,https://noda-obgy.com/
11170,4,https://www.instagram.com/nodaiin_miyakonojo?igsh=aDE2eDRuOWs2c2g2
11170,5,http://page.line.me/193rnprd
11171,1,https://www.yokoyama-sanin.com/
11171,4,https://www.instagram.com/yokoyama_sanin/
11172,1,https://www.nagaokaclinic.or.jp/
11172,2,https://www.facebook.com/nagaokaclinic
11172,4,https://www.instagram.com/nagaoka_l_clinic/
11173,1,https://www.yoshikata.or.jp/
11173,2,https://www.facebook.com/yoshikatasanfujinka
11173,4,https://www.instagram.com/yoshikatasanfujinka/?hl=ja
11173,5,https://page.line.me/?accountId=211fytfn&openerPlatform=native&openerKey=talkroom%3Aheader
11176,1,http://www.imachi-sanfujinka.jp/
11177,1,https://iwasaclinic.net
11178,1,https://www.obuchi-obgyn.com
11178,4,https://www.instagram.com/obuchi_clinic/
11178,6,https://www.obuchi-obgyn.com/
11179,1,https://www.hadasan.com
11180,1,https://nagakawa.jp/
11181,1,http://www.adachi-sosei.com
11181,4,https://www.instagram.com/adachi_sanfujinka/?igshid=YmMyMTA2M2Y%3D
11182,1,https://momo-lc.jp
11182,4,https://www.instagram.com/momoladiesclinic_okayama/
11185,1,http://www.tsuda-sanfujinka.jp/
11187,1,https://www.sugiyama.or.jp/
11188,1,https://sapporo-mirai.jp/
11188,4,https://www.instagram.com/sapporomiraiclinic/
11189,1,https://www.sannoclc.or.jp/birth/
11190,1,https://www.katsuki-clinic.com/
11190,5,https://manager.line.biz/account/@147zcvib
11191,1,https://http:www.sa-ku-ra-clinic.com
11191,2,https://www.facebook.com/sakura.cl.niino
11191,4,https://www.instagram.com/sakura_clinic_yonezawa/
11192,1,https://www.syuneikai.com/namiki/index.html
11192,2,https://www.facebook.com/people/%E4%B8%A6%E6%9C%A8%E7%94%A3%E5%A9%A6%E4%BA%BA%E7%A7%91%E3%82%AF%E3%83%AA%E3%83%8B%E3%83%83%E3%82%AF/100057122574101/
11192,4,https://www.instagram.com/namiki.sanfujinka/
11193,1,http://snwomen.net
11193,2,https://www.facebook.com/snwomen
11193,4,https://www.instagram.com/snwomen
11193,5,https://lin.ee/LfwA7pH
11194,1,http://www.shimomura-s.or.jp/
11195,1,https://takarakko.jp/
11197,1,https://saitoivf.com/
11198,1,https://www.hayamalc.jp/
11198,4,https://www.instagram.com/hayamalc/
11199,1,https://www.nozaki-lc.jp/
11199,4,https://www.instagram.com/nozaki_ladies_clinic/
11200,1,http://www.aoki-mc.com/
11202,1,https://seki-ladies.jp
11204,1,http://www.miwa-clinic.jp/
11205,1,https://jujoclinic.or.jp/
11205,4,https://www.instagram.com/jujo_clinic?igsh=azFpdmxqeW16MWdt&utm_source=qr
11205,5,https://liff.line.me/1645278921-kWRPP32q/?accountId=wqd7283b
11206,1,http://www.arakihospital.com
11206,4,https://www.instagram.com/arakiclinic1782/
11207,1,http://www.iito.jp
11208,1,https://www.tomio-w-clinic.or.jp
11208,4,https://www.instagram.com/tomio_sanfuzinka/
11209,1,http://www.aiji-ladies-clinic.com
11210,1,https://tsukiyama-obgyn.com
11210,2,https://www.facebook.com/tsukiyamaOBGYN
11210,4,https://instagram.com/tsukiyama_obgyn
11211,1,https://www.sunclinic.org/
11211,2,https://www.facebook.com/profile.php?id=100057699488272
11211,4,https://www.instagram.com/sunclinic_okayama
11211,6,https://www.sunclinicokayama.com/   https://www.sunclinicppcc.com/
11212,1,https://www.saigusa.or.jp
11214,1,https://tsunoda-sanfujinka.com
11215,1,http://www.tateiwa-lc.com
11216,1,https://www.namiki-clinic.jp
11217,1,https://www.ywclin.com/
11218,1,https://awano-clinic.com/
11218,4,https://www.instagram.com/awano.1983/
11219,1,https://www.ishiguro.or.jp/
11225,1,https://www.mary-lc.jp
11225,4,https://www.instagram.com/kohitsuji.mary
11227,1,https://www.curam.co.jp/mama/
11228,1,https://kojima-ml.com
11230,1,https://www.hayashida-lc.com/
11230,4,https://www.instagram.com/hayashida.lc/?img_index=1
11231,1,http://ladys-c-ichiro.com
11231,4,https://www.instagram.com/lc_ichiro/
11232,1,https://www.miyagami.jp/
11234,1,http://www.katafuchi.jp/
11235,1,https://nakayama-sanfujinka.com/
11235,4,https://www.instagram.com/nakayama_miyakonojyo/
11235,6,https://doctorsfile.jp/h/90934/df/1/
11236,1,https://yaizu-birth.com/
11236,4,https://www.instagram.com/yaizubirthclinic?igsh=MTBpZDF6OW8yNXR6ZA%3D%3D&utm_source=qr
11238,1,https://kikuyou-lc.com/
11238,4,https://www.instagram.com/kikuyoulc/
11239,1,http://www.wanya.co.jp
11240,1,https://kasamatsu-sanfujinka.or.jp/
11240,4,https://www.instagram.com/kasamatsu_sanfujinka_shonika/
11241,1,http://www.ookuma-ladiesclinic.com/
11241,4,https://www.instagram.com/ookuma_ladiesclinic/
11242,1,https://www.ena-clinic.com
11242,4,https://www.instagram.com/miraienaclinic/
11243,1,https://www.gonohashi-sanfujinka.com
11243,4,https://www.instagram.com/gonohashiobg?igsh=MjdnOG91cHZnZWZn&utm_source=qr
11243,5,https://lin.ee/LSjqAb7
11244,1,https://www.fukuda-lc.jp/
11245,1,http://www.kikukawa.org/
11246,1,http://tomita-cl.com
11246,4,https://www.instagram.com/tomitaclinic/?igshid=YmMyMTA2M2Y=
11247,1,https://nakanishi-obgyn-cl.com/
11248,1,https://www.okamura-cl.com/
11248,4,https://www.instagram.com/okamura_sanfujinka/
11249,1,https://www.yamagata-clinic.co.jp/
11250,1,https://total-health-clinic.jp/
11250,4,http://www.instagram.com/totalhealthclinic.j
11250,5,https://line.me/R/ti/p/@134mxmrc
11250,6,https://note.com/thc_koriyama
11251,1,https://www.nakae-obgy.jp/index.html
11253,1,https://www.kamemori.jp/
11254,1,https://www.wgt-ladies.com/
11254,4,https://www.instagram.com/wing.tsuchiya_ladies.clinic/
11255,1,https://www.akane-clinic.net
11255,4,https://www.instagram.com/akaneclinic?igsh=MWVhZGdibzFyenlsaQ==
11257,1,https://akise-wc.com/
11257,4,https://www.instagram.com/akise_womens_clinic/
11257,5,https://lin.ee/mpcDd6w
11258,1,https://ryuo-ladies.jp
11258,4,https://www.instagram.com/ryuo_ladies/
11260,1,http://www.e-murao.jp
11260,4,https://www.instagram.com/murao_ladies_clinic/
11261,1,http://www.yamaguchi-mc.com
11262,1,https://www.watanabekinen-cl.jp
11263,1,https://www.honcli.or.jp
11263,4,https://www.instagram.com/hondaladiesclinic
11264,1,http://www.tonan-sanfujinka.com
11264,4,https://instagram.com/tonan_sanfujinka?igshid=MzMyNGUyNmU2YQ%3D%3D&utm_source=qr
11266,1,https://obayashi-mc.com/
11266,2,https://www.facebook.com/obayashi.maternity.clinic
11266,3,https://twitter.com/home?logout=1702016105118
11266,4,https://www.instagram.com/obayashi_maternity_clinic/?hl=ja
11267,1,http://kawazoe-sanfujinka.com
11267,4,https://www.instagram.com/yotsuyakawazoesanfujinka/
11268,1,https://nagata-clinic.net/
11268,2,https://www.facebook.com/profile.php?id=100064126775322
11268,4,https://www.instagram.com/haha_ko_nagata/
11268,5,https://page.line.me/453dmqdo
11269,1,http://www.sanikukai.com
11269,2,https://www.facebook.com/takanosu.shinryojo
11270,1,http://nms.nomura-magokoro-med.or.jp
11271,1,https://www.nanairo.or.jp/
11271,4,https://www.instagram.com/nanairo_lc
11272,1,https://kanno-sanfujinka.com/
11272,4,https://www.instagram.com/kanno.sanfujinka
11274,1,https://www.aoba-iris.com/
11274,4,https://www.instagram.com/iris_alice2008/
11276,1,http://www.yamaguchi-mc.jp/
11276,4,https://www.instagram.com/yamaguchi_maternity/
11277,1,https://obgyn.edaclinic.jp
11278,1,https://sudoclinic.or.jp/
11279,1,https://nanairo-moa.com/
11279,4,https://www.instagram.com/nanairomoa
11280,1,http://obata-lc.com
11281,1,http://www.osamura-og.jp/
11281,4,https://www.instagram.com/osamura_sanfujinka/
11282,1,https://www.hana-lc.com/
11282,2,https://www.facebook.com/profile.php?id=1000634726322901
11282,4,https://www.instagram.com/hana_ladies_clinic/
11282,5,https://page.line.me/hana87
11283,1,https://nirasakiohana.com/
11285,1,http://www.hookabe.com
11285,4,http://www.instagram.com/hokabelc/
11286,1,https://www.ohkubo-clinic.com/
11286,4,https://www.instagram.com/ohkuboclinic
11287,1,https://www.ai-maternity.com/
11287,4,https://www.instagram.com/ai_maternity/
11288,1,https://www.haru-wc.jp
11288,4,https://instagram.com/haru20110907
11289,1,https://www.shimanuki-clinic.jp/
11289,2,https://www.facebook.com/SHIMANUKI.CLINIC
11289,4,https://www.instagram.com/shimanuki.clinic/
11290,1,https://www.obama-obgy-clinic.net/
11292,1,http://www.kuwaharahahatoko.com
11293,1,https://www.minenosaka.jp/
11293,2,https://www.facebook.com/minenosaka?ref=embed_page
11293,4,https://www.instagram.com/minenosaka/
11293,5,https://lin.ee/RPUhGNn
11294,1,http://clinicyui.jp/
11294,4,https://www.instagram.com/lc_yui_room?igsh=aWN4Z25rMXBkN2k1&utm_source=qr
11296,1,https://hashii-hp.jp/
11296,2,https://www.facebook.com/hashiisanfujinka/
11296,4,https://www.instagram.com/hashiisan/
11296,6,https://www.instagram.com/hashii.art_kyoto/
11297,1,https://r.goope.jp/tomuralc/
11298,1,https://suzuki-ladies-clinic.jp
11298,4,https://www.instagram.com/suzukiladiesclinic/
11298,5,https://instagram.com/suzukiladiesclinic?igshid=NzZlODBkYWE4Ng==
11299,1,https://www.sekizuka-clinic.or.jp
11300,1,https://ishigasenomori.com/top/
11300,2,https://www.facebook.com/ishigasenomori
11300,4,https://www.instagram.com/ishigasenomori.4131/?hl=ja
11301,1,https://narayamaclinic.com
11301,4,https://instagram.com/narayama_lc/
11302,1,http://www.yonemotomc.com
11305,1,http://www.yamanaka-lc.com/
11306,1,https://platanus-clinic.jp/
11306,4,https://www.instagram.com/platanus_sanfujinka/
11307,1,http://ange-lc.jp
11308,1,https://www.aozora-lmc.jp/
11309,1,https://www.takabatake-cl.net/
11309,4,https://www.instagram.com/takabatake.wcl/
11310,1,http://www.haruna-clinic.jp
11311,1,https://itakura-cli.jp
11312,1,https://tane-san.com
11312,4,https://www.instagram.com/tanesan.insta/
11313,1,https://www.ob-gyn.or.jp/
11313,4,https://www.instagram.com/kurokawasanfuzinkaiin/
11314,1,https://www.miurasanfujinka.jp/
11317,1,https://www.tsubaki-wc.com
11317,4,https://www.instagram.com/tsubaki_w_c?igsh=OXpyaG96OHcxdG9t
11318,1,https://www.maia-matsumoto.com/
11318,2,https://www.facebook.com/profile.php?id=100054749754006
11318,6,https://epark.jp/shopinfo/hpl18155/
11319,1,https://toita-lc.com
11319,4,https://www.instagram.com/toitaladiesclinic/
11320,1,https://www.nakanic.com/
11320,2,https://www.facebook.com/NakaharaClinicSetoCity
11320,4,https://www.instagram.com/nakaharaclinicseto/
11323,1,https://www.kanuki-iwahata.com/
11325,1,https://since1935.jp/
11325,2,https://www.facebook.com/ashiyawatanabe
11325,3,https://www.twitter.com/i/flow/login?redirect_after_login=%2Fwatanabashiya
11325,4,https://www.instagram.com/watanabe_1935?igsh=MTFlchL1bml6cXhhcA==
11328,1,https://www.narahara-lc.com/s/
11328,4,https://www.instagram.com/naraharalc_takatsuki
11329,1,https://hashimoto-lc.jp
11330,1,https://masudasanfujinka.jp
11330,2,https://www.facebook.com/masudasanfujinka
11330,3,https://twitter.com/masudasan1962
11330,4,https://instagram.com/masuda.sanfujinka?idshid=OGQ5ZDc2ODk2ZA%3D%3D&utm_source=qr
11332,1,https://www.mom-clinic.com/
11332,4,https://www.instagram.com/mommys.clinic.chitose
11333,1,https://www.shimadaiin.net
11334,1,https://www.tokyo-felicia.com/
11334,2,https://www.facebook.com/tokyofelicia
11334,4,https://www.instagram.com/tokyo_felicia_ladies_clinic?igsh=ZHBvbzNmN2YyeWRv
11335,1,https://komatsuzaki-clinic.jp/
11336,1,https://www.masumoto-ladys-clinic.jp/
11337,4,https://www.instagram.com/8cchinjack
11337,6,https://fdoc.jp/clinic/detail/index/id/34379/
11338,1,https://www.kubota-hp.com/
11338,4,https://www.instagram.com/nico_nico_kubota/
11340,1,https://orinosan.com/
11340,4,http://www.instagram.com/orinosanfujinka
11341,1,https://nonoichi-maternity.com/
11341,4,https://www.instagram.com/nonosan_maternityclinic?igsh=Nzl0M280NGhsbjcw
11342,1,http://hata-clinic.com/
11342,4,https://www.instagram.com/hatamaternityclinic/
11343,1,https://www.kuwaharasanfujinka.jp/
11343,4,https://www.instagram.com/kuwaharasanfujinka/
11344,1,https://yamauchi-lc.com/
11345,1,https://chiga-c.com
11345,4,https://www.instagram.com/chigasanfujinka
11346,1,http://kuwahara-sanfujinka.jp/
11346,4,https://www.instagram.com/YATSUSHIRO_LC/
11347,1,https://www.oku-clinic.or.jp/
11347,4,https://www.instagram.com/oku_clinic?igshid=YzAwZjE1ZTI0Zg==
11348,1,https://honda-sanfujinka.com/
11348,4,https://www.instagram.com/hondasanfujinca?igshid=YTQwZjQ0NmI0OA==
11349,1,https://houyukai-sapporo.com
11349,4,https://www.instagram.com/sapporo_o.b.g.y_clinic
11351,1,https://isono-lc.com/wp/
11351,4,https://www.instagram.com/isono_ladys_clinic/
11351,5,https://place.line.me/businesses/36297198
11352,1,https://kwc.or.jp
11352,4,https://www.instagram.com/kawakami_womens_clinic
11353,1,https://climama.jp/
11353,4,https://www.instagram.com/clmama_official/
11353,6,https://ameblo.jp/clinicmama/
11355,1,https://takakiiin.com/
11357,1,https://www.kasumizawa-sanfujinka.com
11358,1,https://sayama-lc.jp/
11359,1,https://tamura-hp.com
11359,4,https://www.instagram.com/tamurakameoka/
11360,1,https://kawaguchiladys-clinic.net
11360,4,https://www.instagram.com/kawaguchi_ladys_clinic/
11361,1,https://www.kawashima-lc.net/
11361,4,https://www.instagram.com/kawashima__lc/
11362,1,https://kubomizuki.or.jp/
11362,2,https://www.facebook.com/kubokuri/
11362,4,https://www.instagram.com/kubomizuki.sns/?hl=ja
11362,5,https://lin.ee/y6LGbVM
11363,1,https://www.nakanosanfu.com/
11363,2,https://m.facebook.com/leialoha.nakano/
11363,4,https://www.instagram.com/leialoha_nakanosanfu/
11364,1,https://www.santacruz.or.jp/
11366,1,http://www.akahori.or.jp/
11366,4,https://www.instagram.com/akahori_clinic/
11367,1,https://rose-clinic.com/
11367,4,https://www.instagram.com/rose.maternity.clinic/
11367,6,https://rose-clinic.com/blog/
11368,1,https://mitsuo.or.jp/
11368,2,https://www.facebook.com/mitsuo.lc/
11368,4,https://www.instagram.com/mitsuo_lc/
11369,1,http://www.sagawa-clinic.com/
11369,4,https://www.instagram.com/sagawaclinic/
11370,1,https://www.yanaihara.com/
11371,1,https://yunohara.jp
11371,2,https://www.facebook.com/profile.php?id=100057240708313
11371,4,https://www.instagram.com/yunohara_womens/
11372,1,https://www.shimada-obgyn.com/
11373,1,https://ikeda-lc.net
11375,1,http://www.saito-obgyne.jp/
11376,1,https://kusumoto4103.jp
11377,1,http://ogawaclinic.com
11377,4,https://www.instagram.com/ogawaclinic/
11377,6,http://ogawaclinic.com/
11378,1,https://inoue-sanfujinka.jp/
11379,1,https://www.ishida-lc.com
11379,4,https://www.instagram.com/ishida_ladies_clinic
11380,1,https://oaks-mc.jp
11380,2,https://www.facebook.com/profile.php?id=100054308809038
11380,4,https://www.instagram.com/omc_ochanoma/
11381,1,https://www.sanada-cl.com
11381,4,https://www.instagram.com/sanada_womens_clinic
11382,1,https://yatsuki.jp/
11382,4,https://www.instagram.com/yatsuki_mc?igsh=MTVzcWVqYTYwdzdydQ%3D%3D&utm_source=qr
11383,1,https://www.nlc1.net
11383,4,https://www.instagram.com/nlc2023/?img_index=3
11384,1,http://www.kibou-gaoka-clinic.jp/
11385,1,https://tomita-wc.com
11385,4,https://www.instagram.com/tomitasanfujinka/
11387,1,https://kobayashi-lc.com
11388,1,http://www.harmonyladies.com/
11388,5,https://page.line.me/@987malzs?openQrModal=true
11389,1,https://www.yuraladies.com/
11390,1,https://www.santacruz.or.jp/shukugawa
11391,1,https://www.katocl.jp
11391,2,https://www.facebook.com/katoclinic
11391,4,https://www.instagram.com/kato.clinic_urawa/
11392,1,https://www.kanda-mc.com/
11393,1,https://gh-womens.com/
11393,4,https://www.instagram.com/gardenhillswomensclinic/
11394,1,https://www.ikeba-lc.net
11395,1,https://www.utsunomiya-yumeclinic.jp
11396,1,https://higashijima-l-c.com/
11396,4,https://www.instagram.com/higashijima_ladies_clinic/
11397,1,https://www.matsunobu.info/
11397,4,https://www.instagram.com/matsunobuclinic/
11398,1,http://www.fukuikai.jp
11398,3,http://x.com/fukui_mtc
11398,4,http://www.instagram.com/fukui.mtc/
11398,5,http://page.line.me/eyf5252z
11399,1,http://uchidamc.com/
11400,1,https://ueno-sanfujinka.jp/
11400,4,https://www.instagram.com/ueno_sanfujinka?igsh=cmhqNWpwYWd5MXdv
11401,1,https://www.kanekolc.jp/
11401,2,https://www.instagram.com/kanekolc/
11401,4,https://www.instagram.com/kanekolc/
11402,1,https://lc-verde.net
11402,4,https://www.instagram.com/ladies_clinic_verde?igsh=MTM5eDY4N2dhZXgzMw==
11403,1,https://ogyaaaa3.com/
11403,4,https://www.instagram/noguchiladiesclinic/
11405,1,https://truelove-womens.jp/
11405,4,https://www.instagram.com/shinaiwomens/?igsh=OWUxazNidDJrZTlk&utm_source=qr#
11405,5,https://lin.ee/AQa4Ue3
11406,1,https://www.yamada.or.jp
11406,4,https://www.instagram.com/yamada_sanfujinka
11407,1,https://www.kobayashi-og.net/
11408,1,https://gt-kasai.com/
11408,2,https://www.facebook.com/profile.php?id=61564060612007
11408,4,https://www.instagram.com/kasai_sanfujinka/
11409,1,https://matsushita-cl.com/
11411,1,https://ueyamasanfujinka.com/
11411,2,https://www.facebook.com/ueyamaclinic/?locale=ja_JP
11411,4,https://www.instagram.com/ueyamaclinic/
11412,1,https://oono-lc.net
11412,4,https://www.instagram.com/oono_lc/
11413,1,https://www.hanaoka-lc.jp/
11413,4,https://www.instagram.com/hanaoka.lc/
11414,1,https://www.itou-ladies-care-clinic.com
11416,1,http://www.matsushima-ladies.jp/
11416,4,http://www.instagram.com/matsushima.lc
11417,1,https://seiryo-clinic.jp
11417,4,https://www.instagram.com/seiryo_clinic/
11418,1,https://www.uchimura-kanoya.com/
11419,1,https://www.kajiyama-cl.com/
11419,4,https://www.instagram.com/kajiyama_clinic/
11420,1,https://tsuki-rhythm.jp/
11420,4,https://www.instagram.com/hayashi_clinic_suma/
11421,1,https://www.ohira-ladies.com/
11421,2,https://www.facebook.com/p/%E5%8C%BB%E7%99%82%E6%B3%95%E4%BA%BA-%E5%A4%A7%E5%B9%B3%E7%94%A3%E5%A9%A6%E4%BA%BA%E7%A7%91-100054404265289/
11421,4,https://www.instagram.com/ohira_ladies_clinic/
11423,1,https://otsukasanfujinka.com
11424,1,http://suzuki-clinic.fm/
11424,4,https://www.instagram.com/suzuki.clinic/
11425,1,https://ogawasan.com/
11425,2,https://www.facebook.com/ogawasanfujinka
11425,3,https://twitter.com/ogawa3renge
11425,4,https://www.instagram.com/ogawa3.renge/
11426,1,https://tiara-womens.com
11426,2,https://www.facebook.com/TiaraWomensClinic
11426,3,https://twitter.com/TiaraWomens
11426,4,https://www.instagram.com/tiara_womens_clinic/
11426,5,https://lin.ee/n4cE82B
11426,6,https://yoyaku.atlink.jp/tiara-womens-clinic/
11427,1,https://www.ohno-clinic.jp
11428,1,https://www.miyazaki-clinic.jp/
11428,2,https://www.facebook.com/profile.php?id=100054301609208
11428,4,https://www.instagram.com/miyazaki_ladies_clinic_suzuka/
11429,1,https://kawamura-sanfujinka.or.jp/
11429,4,https://www.instagram.com/kawamurasanfujinka_takatsuki/?hl=ja
11430,1,https://www.yamasaki-iin.com/
11430,2,https://www.facebook.com/yamasakisanfujinka/
11430,4,https://www.instagram.com/yamaobgy/
11431,1,https://sankafujinka-minami-cl.jp/
11431,2,https://www.facebook.com/profile.php?id=100054531966537
11431,4,https://www.instagram.com/minami_clinic/
11432,1,https://www.okamoto-obgy.jp
11433,1,http://www.fukuroimtc.jp
11434,1,https://www.kato-clinic.jp/
11434,4,https://www.instagram.com/kato_clinic_obgy/
11434,6,https://kato-med.jp/osan/
11435,1,https://miraiwcl.com/
11435,4,https://www.instagram.com/mirai.wcl12/
11436,1,https://fukuzumi-c.com/
11436,6,https://fukuzumi-c.com/
11438,1,https://keiai-kmt.or.jp/
11438,4,https://www.instagram.com/keiai_mirai/
11439,1,https://ai-lc.com
11439,4,https://www.instagram.com/ai_ladies_clinic
11440,1,https://www.yamauchi-ok.jp
11440,4,https://www.instagram.com/yamaclinic_kurashiki/
11441,1,https://www.shimomura-goh.com/
11442,1,https://www.yudatesanfujinka.com/
11442,4,https://www.instagram.com/ydtbab/
11443,1,https://www.endo-kikyo.or.jp/
11443,4,https://www.instagram.com/endo_maternity?igsh=aHp6ZGtyM2ZqMjEx
11443,5,https://liff.line.me/1645278921-kWRPP32q/?accountId=mqr2143x
11444,1,info@nakaso-tensi.jp
11444,2,https://www.facebook.com/nakasosanhujinka/
11444,4,https://www.instagram.com/nakaso_maternity/
11444,5,https://page.line.biz/account/@563fzasr
11444,6,https://nakaso-tensi.jp/
11446,1,https://takeuchi-ladies.jp/
11446,4,https://instagram.com/takeuchi.ladies.clinic?igshid=OGQ5ZDc2ODk2ZA==
11448,1,https://hicona.jp/
11448,2,https://www.facebook.com/hicona/
11448,4,https://www.instagram.com/hicona.ladies?igsh=MXJicWlzb3lzZnViOA==
11449,1,http://www.michioka-lc.com
11449,4,https://www.instagram.com/michiokalc?igsh=NDk5MXl4djVzdzBz
11450,1,https://www.mcl.baby/
11450,4,https://www.instagram.com/mommysclinicluna?igsh=MWQ3azhjemN6cGFzNA%3D%3D&utm_source=qr
11451,1,http://aikouiin.com
11451,4,https://www.instagram.com/aikousan.hujinka/
11452,1,https://www.tanaka-cl-3280.com
11452,4,https://www.instagram.com/tanaka_clinic.iizuka/
11453,1,https://1103-jp.com/
11453,4,https://www.instagram.com/saginuma_sanfujinka
11455,1,https://www.ueno-mc.or.jp
11456,1,https://www.sacra-lc.com
11457,1,https://www.ikimenomori-clinic.jp/
11457,4,https://www.instagram.com/ikimenomoriladiesclinic/
11458,1,http://bunbenkan.jp/
11458,2,https://www.facebook.com/bunbenkan/
11459,1,https://www.hirashima-women-clinic.com/
11460,1,http://www.tanabe-clinic.net/
11461,1,https://fukagawa-ladies-clinic.com
11461,4,https://www.instagram.com/fukagawalc/
11462,1,https://yushudai-obgy.com/
11462,2,https://www.facebook.com/yushudai.clinic/
11462,3,https://twitter.com/home
11462,4,https://www.instagram.com/stories/yushudaiiin/
11462,5,https://page.line.me/loi3017g
11463,1,https://kozuka-ladies.com/
11463,4,https://www.instagram.com/kozukaladies/
11464,1,https://katayama-angel.net/
11464,4,https://www.instagram.com/katayamasangram/
11465,1,https://miyazaki-otsuka.com/
11465,4,https://www.instagram.com/clinic_otsuka
11466,1,https://sumisan.co/
11466,4,https://www.instagram.com/sumisan_miyakonojyo/?hl=ja
11467,1,https://sanfujinkamom.com/
11467,4,https://www.instagram.com/sanfujinka_mom/
11468,1,https://www.matsuda-pc.jp/
11468,4,https://www.instagram.com/matsuda.pc/
11468,5,https://page.line.me/udq1682y
11468,6,https://select-type.com/rsv/?id=ximor7zP678
11469,1,http://www.shimizuclinic.or.jp
11470,1,https://www.bing.com/ck/a?!&&p=6591661a1c626a50452059f978b0f39c3f2557c484f72a04c4928af94c02b8e3JmltdHM9MTc4MTgyNzIwMA&ptn=3&ver=2&hsh=4&fclid=273fbad6-c311-687f-1219-ae56c2c3690b&psq=%e8%97%a4%e6%9d%b1%e3%82%af%e3%83%aa%e3%83%8b%e3%83%83%e3%82%af&u=a1aHR0cHM6Ly9mdWppdG8uY2xpbmljLw
11470,2,https://www.bing.com/ck/a?!&&p=0954d42a2c4d05faf2f82cfb3a79d4240e2900a28d56086367fcc9351a76d574JmltdHM9MTc4MTgyNzIwMA&ptn=3&ver=2&hsh=4&fclid=273fbad6-c311-687f-1219-ae56c2c3690b&psq=%e8%97%a4%e6%9d%b1%e3%82%af%e3%83%aa%e3%83%8b%e3%83%83%e3%82%af+%e5%ba%83%e5%b3%b6%e3%83%95%e3%82%a7%e3%82%a4%e3%82%b9%e3%83%96%e3%83%83%e3%82%af&u=a1aHR0cHM6Ly93d3cuZmFjZWJvb2suY29tL0Z1aml0b0NsaW5pY09CR1kv
11470,3,https://twittr.com/fujitoclinic
11470,4,https://www.bing.com/ck/a?!&&p=3341c2090878cbea36e6bb4c24b1b282358e28208102ce314586de5a0e80c170JmltdHM9MTc4MTgyNzIwMA&ptn=3&ver=2&hsh=4&fclid=273fbad6-c311-687f-1219-ae56c2c3690b&psq=%e8%97%a4%e6%9d%b1%e3%82%af%e3%83%aa%e3%83%8b%e3%83%83%e3%82%af+%e5%ba%83%e5%b3%b6%e3%82%a4%e3%83%b3%e3%82%b9%e3%82%bf&u=a1aHR0cHM6Ly93d3cuaW5zdGFncmFtLmNvbS9mdWppdG9jbGluaWMv
11470,5,https://www.bing.com/ck/a?!&&p=ce883b907e188826fefb80be1bef4fcc2f88fc992a99b6592e06f13c4c021e01JmltdHM9MTc4MTgyNzIwMA&ptn=3&ver=2&hsh=4&fclid=273fbad6-c311-687f-1219-ae56c2c3690b&psq=%e8%97%a4%e6%9d%b1%e3%82%af%e3%83%aa%e3%83%8b%e3%83%83%e3%82%af+%e5%ba%83%e5%b3%b6%e3%83%a9%e3%82%a4%e3%83%b3&u=a1aHR0cHM6Ly9wYWdlLmxpbmUubWUvNDgwa2N0cHA
11471,1,https://www.egawa.or.jp/
11471,4,https://www.instagram.com/egawaladies/#
11472,1,https://www.medical-center.co.jp/uchino.php
11473,1,http://www.keiai-hp.com
11474,1,http://www.shinmoto-obgy.com/
11474,4,https://www.instagram.com/shinmoto4103/
11475,1,https://ena-lc.com/
11475,4,https://www.instagram.com/ena_ladiesclinic/
11476,1,https://tabira-womens.com/
11476,4,https://www.instagram.com/tabira.womens.clinic/
11477,1,https://chura-lc.jp/
11477,2,https://www.facebook.com/profile.php?id=100057496987736&ref=bookmarks
11477,4,https://www.instagram.com/churaumi.hashii/
11478,1,https://maemuraiin.jp/
11478,4,https://www.instagram.com/maemuraiin?igsh=MTZjNzRrZXlyMGEwMw%3D%3D&utm_source=qr
11479,1,https://www.yamatoiin.com/
11479,4,https://www.instagram.com/yamatowomensclinic?igsh=bzRtMDM2bzJvNzd2
11480,1,https://www.nakabayashi-clinic.jp
11480,2,https://www.facebook.com/nakabayashi.sanfujinka
11480,4,https://www.instagram.com/nakabayashiclinic
11482,1,https://www.barclays-lc.com/
11482,2,https://www.facebook.com/barclayladysclinic
11482,4,https://www.instagram.com/barclayladysclinic0988731135/
11482,6,https://barclay-lc.mdja.jp/
11483,1,https://ilmare-lc.com/
11483,4,https://www.instagram.com/ilmare2904/
11484,1,https://yama-clinic.com
11485,1,https://tokushige.net
11487,1,https://famil-s-kimitsu.com/
11487,2,https://www.facebook.com/famil.kimitsu/?locale=ja_JP
11487,4,https://www.instagram.com/famil_sanninn_kimitsu/
11487,5,https://page.line.me/lbs7383x
11488,1,https://www.royal-heart-clinic.com/index1.html
11488,4,https://www.instagram.com/royal.heart.clinic_sanka/
11489,1,https://www.nakagawa.or.jp/
11489,4,https://www.instagram.com/nakagawa.sankafujinka/
11490,1,https://hirano-angel.com/
11490,2,https://www.facebook.com/people/%E7%94%A3%E5%A9%A6%E4%BA%BA%E7%A7%91-%E5%B9%B3%E9%87%8E%E3%82%A8%E3%83%B3%E3%82%BC%E3%83%AB%E3%82%AF%E3%83%AA%E3%83%8B%E3%83%83%E3%82%AF/100063744630248/
11490,4,https://www.instagram.com/hirano_angel_clinic/
11490,5,https://page.line.me/133nczke?openQrModal=true
11490,6,https://www.youtube.com/channel/UCdA5ddn70ahH_tjtE_SGgUg
11491,1,https://www.kounan-ladies.jp/
11491,4,https://www.instagram.com/kohnan0318/
11492,1,https://www.inage-bc.jp/
11492,4,https://www.instagram.com/inagebirthclinic/
11493,1,https://www.yokonishi-clinic.jp/
11496,1,http://www.takase-lc.or.jp/
11497,1,https://ishihara-sanfujinka.com/
11497,4,https://www.instagram.com/ishihara1103/
11498,1,https://www.ohshige.jp/
11498,4,https://www.instagram.com/ohshige.obgy?igsh=ZW90MDJwd3pmeDFq
11499,1,https://slc-mie.com/
11499,3,https://x.com/info_slc
11499,4,https://www.instagram.com/suzuki_ladies_clinic/
11499,5,https://page.line.me/kfv9475m
11501,1,https://www.shima-obgy.jp/
11502,1,http://nano-mata.jp
11503,1,https://etsuko-cl.jp/
11503,4,https://www.instagram.com/sasaki.etuko/
11504,1,https://saint-mothers.jp/
11504,2,https://www.facebook.com/profile.php?id=100063717317591
11504,4,https://www.instagram.com/
11505,1,http://asanoha.com
11505,4,https://www.instagram.com/asanohaladiesclinic/
11505,5,https://page.line.me/570lngfg
11506,1,http://www.yokkaichi-ladys.com/
11506,4,https://www.instagram.com/yokkaichiladys/
11507,1,https://www.komedaclinic.com/
11507,6,https://ssc8.doctorqube.com/komedaclinic/
11508,1,https://www.tsuchiyaclinic.com
11508,3,https://x.com/tsuchiya_c_twt
11508,4,https://www.instagram.com/f_mori_staff/
11509,1,https://sunamachi-gyne.com/
11509,4,https://www.instagram.com/sunamachi_obg/
11511,1,http://www.manowomensclinic.com
11511,2,https://www.facebook.com/manowomens/
11511,4,https://www.instagram.com/manowomensclinic/
11512,1,https://www.sennonji-lc.jp
11512,4,https://www.instagram.com/sennonji.lc/
11512,5,https://line.me/ti/p/@177saztf
11513,1,https://toranoco.net
11513,4,https://www.instagram.com/toranocopress
11514,1,https://www.kyoritsu-lc.com/
11514,3,https://x.com/kyoritsugotemba
11514,4,https://www.instagram.com/kyoritsu_obgyn/
11515,1,https://www.sevenbells.jp/
11515,4,https://www.instagram.com/sevenbell_bellnet/
11515,6,https://www.kishokai.or.jp/
11516,1,https://ikuseiiin.jp/
11516,4,https://www.instagram.com/ikuseiiin/
11517,1,https://www.rosebell.jp/
11517,4,https://www.instagram.com/rosebell_bellnet/
11517,6,https://www.kishokai.or.jp/
11518,1,https://www.maruyamasanfujinka.com/sample202408/top2024.html
11518,4,https://www.instagram.com/maruyama_cl?igsh=MXAxM2gyeTZnZTY4cw%3D%3D&utm_source=qr
11518,5,https://lin.ee/We1DeYo
11519,1,https://www.greenbells.jp/
11519,4,https://www.instagram.com/greenbell_bellnet/
11519,6,https://www.kishokai.or.jp/
11520,1,https://www.alpsbell.jp/
11520,4,https://www.instagram.com/alpsbell_bellnet/
11520,6,https://www.kishokai.or.jp/
11521,1,https://www.royalbell.jp/
11521,4,https://www.instagram.com/royalbell_bellnet/
11521,6,https://www.kishokai.or.jp/
11522,1,https://www.tanabeclinic.com
11522,4,https://www.instagram.com/tanabe_clinic/
11522,5,https://page.line.me/265qmkjg
11523,1,https://fukui-lc.com
11524,1,https://www.forestbell.jp/
11524,4,https://www.instagram.com/forestbell_bellnet/
11524,6,https://www.kishokai.or.jp/
11525,1,http://www.angelicurata.jp
11525,4,https://www.instagram.com/angelic_clinic_urata
11526,1,https://www.parkbell.jp/
11526,4,https://www.instagram.com/parkbell_bellnet/
11526,6,https://www.kishokai.or.jp/
11527,1,https://www.castlebell.jp/
11527,4,https://www.instagram.com/castlebell_bellnet/
11527,6,https://www.kishokai.or.jp/
11528,1,https://www.fairybell.jp/
11528,4,https://www.instagram.com/fairybell_bellnet/
11528,6,https://www.kishokai.or.jp/
11529,1,https://www.orangebell.jp/
11529,4,https://www.instagram.com/orangebell_bellnet/
11529,6,https://www.kishokai.or.jp/
11530,1,https://www.nakamurasanfujinka.jp/
11530,4,https://www.instagram.com/nakamura_maternity_clinic/
11531,1,https://www.peachbells.jp/
11531,4,https://www.instagram.com/peachbell_bellnet/
11531,6,https://www.kishokai.or.jp/
11532,1,https://www.toono.or.jp/
11532,3,https://twitter.com/toono_obgyn
11532,4,https://www.instagram.com/toono_obgyn/
11533,1,https://www.ootashi-iwasaki-iin.com/
11534,1,https://www.irisbell.jp/
11534,4,https://www.instagram.com/irisbell_bellnet/
11534,6,https://www.kishokai.or.jp/
11535,1,https://www.riverbell.jp/
11535,4,https://www.instagram.com/riverbell_bellnet/
11535,6,https://www.kishokai.or.jp/
11536,1,https://www.azaleabell.jp/
11536,4,https://www.instagram.com/azaleabell_bellnet
11536,6,https://www.kishokai.or.jp/
11537,1,https://www.maplebell.jp/
11537,4,https://www.instagram.com/maplebell_clinic/
11537,6,https://www.kishokai.or.jp/
11538,1,https://famil-s-chiba.com
11539,1,https://www.flowerbell.jp/
11539,2,https://www.facebook.com/people/flower_bell_clinic/100083035253848/
11539,4,https://www.instagram.com/flower_bell_clinic/
11539,6,https://www.kishokai.or.jp/
11540,1,https://www.gracebells.jp/
11540,4,https://www.instagram.com/gracebell_bellnet/
11540,6,https://www.kishokai.or.jp/
11541,1,https://www.kawa-lc.com/
11541,4,https://www.instagram.com/kawa_ladiesclinic_official/
11542,1,https://www.lilybells.jp/
11542,4,https://www.instagram.com/lilybell_bellnet/
11542,6,https://www.kishokai.or.jp/
11543,1,https://www.tenjinkai.or.jp/miyajima/
11543,4,https://www.instagram.com./miyajima.clinic
11544,1,http://www.hachisuga-c.com/
11544,4,https://www.instagram.com/hachisuga.clinic/?hl=ja
11545,1,https://www.kanai.or.jp
11545,2,https://www.facebook.com/KanaiLC
11545,4,https://www.instagram.com/kanai_bebe/
11545,5,https://page.line.me/kanai-lc
11546,1,http://www.d-w-c.jp
11547,2,https://www.facebook.com/famil.tsudanuma
11547,4,https://instagram.com/famil_tsudanuma.
11547,5,https://liff.line.me/1645278921-kWRPP32q/?accountid=famil-tsudanuma
11548,1,http://mamabb-clinic.com
11549,1,http://www.fujiyoshi-obgyn.com/
11550,1,https://aoba-ladies.jp
11550,2,https://www.facebook.com/aobaladies
11550,4,https://www.instagram.com/aobaladies?igsh=eTMwZmJOdm1ncDd5
11551,1,http://owcc.JP/
11551,2,http://m.facebook.com/owcc.jp/
11551,4,info@owcc.jp
11551,5,https://manager.line.biz/account/@858mghla
11552,1,https://okamoto-mc.jp/
11552,4,https://www.instagram.com/okamoto_mc/
11553,1,https://ohta-s.com
11554,1,https://yuzawa-cl.or.jp
11555,1,https://sugie-mc.jp
11556,1,http://www.wakimoto-obgyn.com/
11556,4,https://www.instagram.com/sanfujinka/
11557,1,https://ohtakaiin.com/
11557,4,https://www.instagram.com/ohtakaiin/?__pwa=1
11558,1,https://tomabechi-ladys.jp
11559,1,http://www.omiyahayashi.com
11559,4,https://instagram.com/hayashiclinic0062
11560,1,https://www.koishi.or.jp
11560,2,https://www.facebook.com/koishi.mtc
11560,4,http://www.instagram.com/koishi_mtc
11561,1,https://endo-clinic.jp/em/
11562,1,https://maedaclinic.or.jp/
11562,4,https://www.instagram.com/maedaclinic
11563,1,https://www.yumemi-sanfujinka.com/
11563,4,https://instagram.com/yumemi.art1?igshid=YmMyMTA2M2Y=
11563,5,https://lin.ee/x6YL2iK
11564,1,http://sawada-lc/com
11564,4,https://www.instagram.com/sawadaladiesclinic?igsh=OTZxM2RmN3dud3k3&utm_source=qr
11564,5,https://lin.ee/gK83URf
11565,1,https://www.bonding-cl.jp
11565,4,https://www.instagram.com/samejima_bonding/
11565,6,https://www.instagram.com/samejima_bonding/
11566,1,https://okamura-clinic.or.jp/
11567,1,https://yoshie-l.jp/
11567,4,https://www.instagram.com/yoshie_lc/
11568,1,http://www.nagataclinic.jp/
11568,4,https://www.instagram.com/nagata0058/
11569,1,https://www.aizawa-lc.jp/
11569,4,https://www.instagram.com/aizawa.lc/
11570,1,https://sinai.gr.jp/
11570,4,https://www.instagram.com/sinai_sanfujinka/
11571,1,https://www.takebayashi-clinic.com
11571,4,https://www.instagram.com/takebayashi_clinic/?utm_source=ig_web_button_share_sheet
11572,1,http://ohkuma-lc.jp
11574,1,https://miyake-miyakegroup.jp/
11574,4,https://www.instagram.com/miyakeclinicgroup/
11575,1,http://tomoda-c.jp
11575,4,https://www.instagram.com/tomoda.clinic?igsh=ZTRrb2U0d295YmZu&utm_source=qr
11577,1,http://yoshizawa-l-c.com/
11578,1,https://asagiri-lc.jp/
11578,4,https://www.instagram.com/asagiri.lc
11579,1,https://www.ofa-yokohama.com/ladies/
11579,2,https://www.facebook.com/totukakyourituladies
11579,4,https://www.instagram.com/totsukakyoritsu_ladies/?hl=ja
11579,5,https://page.line.me/981xzyhr?openQrModal=true
11580,1,https://yoda-lc.com/
11580,4,https://www.instagram.com/yodalc/
11581,1,https://www.horinaga.net
11581,4,https://www.instagram.com/horinaga_obgyn_clinic/
11582,1,http://shinonomekai.jp/
11582,4,https://www.instagram.com/yamanashi_city_sanfujinka?igsh=bGM4aGNsNWJzNmdv
11582,5,https://line.me/R/ti/p/%40747owcpu
11583,1,http://www.yotsuba-w.jp
11584,6,http://reiwa-lc.com
11585,1,https://kumagaya.hirata-clinic.com/
11586,1,https://www.tomonari-clinic.com/
11587,4,https://www.instagram.com/abikoclinic/
11588,1,http://ladys-clinic.com
11589,1,https://maruyama8103.or.jp
11589,4,https://www.instagram.com/maruyama8103/
11590,1,https://mizutori-clinic.com/
11590,2,https://www.facebook.com/100044266646081/
11590,4,https://www.instagram.com/mizutori_clinic
11591,1,https://nakamachidai-lc.com
11592,1,http://www.akiko-lc.com
11593,1,https://www.shiramizu.or.jp
11593,4,https://www.instagram.com/shiramizu838383/
11594,1,http://www.furuhashi.com
11596,1,http://www.tatsukiclinic.com/
11597,1,https://www.takadaiin.com/
11597,2,https://www.facebook.com/innaizyosanlei/
11597,4,https://www.instagram.com/jyosan_lei_/
11598,1,https://toyoshima-sanfujinka.com/
11598,2,https://www.facebook.com/toyoshimasanfujinka
11598,4,https://www.instagram.com/toyoshimasanfujinka/
11599,1,http://oshima-medical-clinic.jp
11600,1,https://www.watanabe-oag.com/
11601,1,http://akagawaclinic.jp
11601,4,https://www.instagram.com/akagawa_clinic
11602,1,https://www.yklc.jp/
11604,1,https://www.inoue-ladies.jp/
11604,2,https://www.facebook.com.inoueladies/
11604,3,https://x.com/ILC1997?ref_src=twsrc%5Etfw%7Ctwcamp%5Eembeddedtimeline%7Ctwterm%5E251585379382202369&ref_url=http%3A%2F%2Fwww.inoue-ladies.jp%2F
11604,4,https://instagram.com/jyosan.osan1103/
11604,5,https://page.line.me/zfv8067c?openQrModal=true
11605,1,https://kawagoe-ito-med.com/
11606,1,https://teshigawara-ladiesclinic.com/
11606,4,https://instagram.com/teshigawara_ladies_clinic?igshid=OGQ5ZDc2ODk2ZA==
11608,1,https://famil-s-edogawa.com
11610,1,http://r.goope.jp/josanin-yui/
11611,1,https://www.sslc.jp/
11611,4,https://www.instagram.com/1038sslc/
11612,1,https://www.terada-iin.com/
11612,3,https://x.com/teradaclinic
11612,4,https://instagram.com/terada_iin
11613,1,http://www.imcl.or.jp/
11614,1,https://www.yamada-og.or.jp
11614,4,https://www.instagram.com/yamada_gynecology
11615,1,http://www.ueda-womens.jp/
11616,1,https://www.kwh.jp/
11616,4,https://www.instagram.com/kashiwagi3800/
11618,1,https://sogawa.jp/
11619,1,https://doctor-mouri.jimdofree.com
11620,1,https://yui-lc.com
11620,4,https://www.instagram.com/yuiladies_clinic/
11621,1,https://www.womensclinic-rifu.com/
11621,4,https://www.instagram.com/womens.cl.rifu/
11622,1,https://mirai-med.org/
11624,1,https://ishimoto.or.jp/
11625,1,https://kamagaya-bc.com/
11626,1,https://www.swan-lc.com/
11626,4,https://www.instagram.com/swan_ladies_clinic/
11628,1,https://sekiya-lc.jp/
11629,1,https://yoshimuraasahi.com/
11629,4,https://www.instagram.com/yoshimura_asahi/
11630,1,https://www.okasanfujinka.or.jp/
11631,1,https://www.takahashi-lc.com/
11631,4,https://www.instagram.com/takahashi_ladies_clinic/
11632,1,https://okudaira-clinic.com/
11632,4,https://www.instagram.com/okudairaclinicsayama?igsh=MWs3a2hzZW1xNGx4aw==
11633,1,https://www.fourseasons-wcl.jp/
11634,1,https://www.shinya-wc.jp
11634,4,https://www.instagram.com/shinya_wc/
11635,1,http://kayama-obgyn.com
11635,4,https://www.instagram.com/kayama_obgyn/
11636,1,https://www.tsukahara-l-c.jp/
11636,4,https://www.instagram.com/tsukahara_ladies_clinic/
11637,1,http://www.lc-ange.com/
11637,4,https://www.instagram.com/ladies_clinic_ange/
11638,1,https://hirowatari-ladys.com/
11640,1,https://suekane.or.jp/
11641,1,https://inadacl.jp/
11641,4,https://instagram.com/inadacl/
11642,1,https://ikeda-ladiesclinic.or.jp/
11643,1,https://www.takeuchiclinic.jp/
11645,1,https://www.kodomonokuni-ladiesclinic.com/
11646,1,https://suzuki-clinic-sanfujinka.com/
11648,1,https://www.kataoka-lc.com/
11650,1,https://abc-niitsuma.jp/
11651,1,https://hagukumi-cl.com/
11651,4,https://www.instagram.com/hagucli/
11652,1,https://hagukumi-cl.com/
11652,4,https://www.instagram.com/hagucli/
11653,1,https://sawai-ladies-clinic.com/
11655,1,https://sakata-mc.com/
11655,4,https://www.instagram.com/sakata_sanfujinka/
11656,1,http://www.ijuinsanfujinka.com/
11656,4,https://www.instagram.com/ijuinsanfujinka
11657,1,http://www.hirokawa-lc.jp
11657,4,https://www.instagram.com/hirokawa.lc/
11659,1,https://yame-fujimoto.jp/
11659,4,https://www.instagram.com/fujimotosanfujinkashonika/
11660,1,http://www.nemotosanfujinka.com/
11661,1,https://ohno-lc.com/
11662,1,https://swcl.jp/
11664,1,https://kashiwazaki.ne.jp/
11664,4,https://www.instagram.com/happy_baby_kashiwazaki/
11665,1,https://www.sou-clinic.com/
11666,1,https://sola-clinic.jp/
11666,4,https://www.instagram.com/solaclinic2018/
11667,1,https://lc-shigematsu.jp/
11668,1,https://yuhookai.jp/
11669,1,https://yuhookai.jp/
11670,1,https://tashiroclinic.jimdofree.com/
11671,1,http://www.spica-lc.com/
11671,4,https://www.instagram.com/spica_lc/
11672,1,http://www.kawashima-lc.com/
11674,1,https://www.jono-ladies.or.jp/
11674,4,https://www.instagram.com/jonosanfujinka/
11675,1,https://sonezaki-clinic.com/
11675,4,https://www.instagram.com/sonezaki_sanfujinka_oita/
11676,1,https://www.koshimizu.or.jp/
11676,4,https://www.instagram.com/koshimizu_sanfujinka_cl/
11678,1,http://kounotoriclinic.webmedipr.jp/
11679,1,http://www10.plala.or.jp/n-maternity/
11681,1,http://www.kunitomi-clinic.jp/
11681,4,https://www.instagram.com/kunitomi.4213/
11682,1,https://kuwahara-obgyn.jp/
11683,1,https://higashiyama-lc.jp/
11684,1,https://www.yslc.jp
11685,1,https://www.nakamura-lc.com/
11685,4,https://www.instagram.com/nakamuralc2020/
11686,1,https://www.kamura-maternity.com/
11686,4,https://www.instagram.com/kamura.maternity/
11687,1,https://www.funabashi-lc.jp/
11691,1,https://hagimotojyosanin.com/
11691,2,https://www.facebook.com/hagimotojyosanin
11691,4,https://www.instagram.com/hagimotojyosanin/
11691,5,https://page.line.me/823nkgqu?openQrModal=true
11692,1,https://www.tomo-j.jp/
11694,1,https://futaba-jyosanin.jimdofree.com/
11695,1,http://iiosan-cihiro.com
11696,1,https://www.morishige-mw.com/
11696,4,https://www.instagram.com/morishige_josanin/?hl=ja
11697,1,https://kyushu-bc.or.jp/
11697,2,https://www.facebook.com/people/%E4%B9%9D%E5%B7%9E%E3%83%90%E3%83%BC%E3%82%B9%E3%82%BB%E3%83%B3%E3%82%BF%E3%83%BC-%E3%81%86%E3%81%B0%E3%81%8C%E3%81%B5%E3%81%A8%E3%81%93%E3%82%8D/100066548059690/
11697,4,https://www.instagram.com/uba_futokoro/
11698,1,http://nanohanajosan.com/
11698,4,https://www.instagram.com/nanohanajosanin0317
11698,5,https://lin.ee/uz99wdf
11699,1,http://yokosawa-2013.com/
11701,1,https://megumi-jyosanin.com/
11701,4,https://www.instagram.com/megumijosanin/
11702,1,https://yamamotojyosanin.com
11702,2,https://www.facebook.com/yamamotojosanin
11702,4,https://www.instagram.com/yamamotojyosanin?igsh=dXhuN2p0d2NoaGJz&utm_source=qr
11702,5,https://lin.ee/xunKoar
11703,4,https://www.instagram.com/hoshinomariko1103?igsh=b2RwdHRjbTBsMmVs
11704,1,https://saito-josanin.com
11704,4,https://www.instagram.com/saitojosanin/
11705,1,http://www.mori-ohisama.com/index.html
11705,4,https://www.instagram.com/ohisama.7508
11706,1,https://www.ibukinoj.com
11706,2,https://www.facebook.com/profile.php?id=100054547115132
11706,4,https://www.instagram.com/ibukinojosannin/
11706,5,https://page.line.me/878wjigi
11707,1,https://www.prima-baby.net/
11707,2,https://www.facebook.com/primababynet
11707,4,https://www.instagram.com/purima_baby/
11707,5,https://page.line.me/617mdtnz?openQrModal=true
11707,6,https://primars.base.shop/
11708,1,https://asamiya-josanin.com
11708,4,https://www.instagram.com/asamiyaj
11709,1,https://www.sanba-mar.info/#portfolio
11709,2,https://www.facebook.com/s.s.s.s.maaru
11709,4,https://www.instagram.com/stories/s.s.s.s.mar/3232844967229861306/?hl=ja
11711,1,https://takaishi-lifecare.org/b/
11711,4,https://www.instagram.com/takaishiboshi/
11711,5,https://lin.ee/P4N0FvY
11712,1,https://mw-musubi.studio.site/
11712,4,https://www.instagram.com/musubi_shiomi_naomi/
11712,5,https://page.line.me/259htzig
11713,1,https://mika-josanin.jp/
11713,4,https://www.instagram.com/mikajyosanin/?hl=ja
11713,5,https://page.line.me/427kfpla
11714,1,http://www.eonet.ne.jp/~anlynina/
11715,1,https://moriane.jp
11715,2,https://www.facebook.com/people/助産院もりあね/100063512255222/?locale=ja_JP
11715,4,https://www.instagram.com/moriane.staff/
11715,6,https://you.moriane.jp
11716,1,https://miyashita.gr.jp/
11716,2,https://www.facebook.com/profile.php?id=100003479185042
11716,4,https://www.instagram.com/miyashitajyosaniin/
11716,5,https://lin.ee/Pr0NY3m
11717,1,https://yachiyo-mid.net/
11718,1,https://kamomejosanin.com/
11718,3,https://twitter.com/i/flow/login?redirect_after_login=%2Fkamomejyosanin1
11718,4,https://www.instagram.com/kamome4138/?igshid=OGQ5ZDc2ODk2ZA%3D%3D&utm_source=qr
11719,1,http://kanaya-katsue.sakura.ne.jp
11719,4,https://instagram.com/kanayajyosanjyo?igshid=YTQwZjQ0NmI0OA==
11719,5,https://lin.ee/TESDY8n
11720,1,https://www.yuzurihajosanin.com/
11720,4,https://instagram.com/yuzurihamw?igshid=MzMyNGUyNmU2YQ%3D%3D&utm_source=qr
11721,1,http://www.o-baby.jp
11722,1,https://www.e-osan.com
11722,4,https://www.instagram.com/toyokurajosanin/
11722,5,https://lin.ee/17zihv8
11723,1,https://tamanoojyosanin.com/
11723,4,https://www.instagram.com/tamanoo.mw/
11724,1,http://josanin.sakura.ne.jp/
11724,4,https://www.instagram.com/kawa_buchi/?hl=ja
11725,1,https://www.kanjosanjo.com/
11725,4,https://www.instagram.com/kanmidwife7
11725,5,https://line.me/ti/p/8bDFgLrxvK
11726,1,https://www.mei-baby.net/
11726,4,https://instabio.cc/3050504h4wGpN?fbclid=PAAaZIj6_Upe6tzYEyq8-kpYTcaCGnRVCEKU1XhKHI6Nzd9jM9-_VaKlNxAs8_aem_AQwwdqyZ5-4TmcN9KXWvn96VP0NjULMg0tvbgI3Yf3C9XTLSmMnosJ8Ff0c6HcBwpVY
11727,1,https://harenokuni-osanjyo.com/
11727,4,https://www.instagram.com/harenokuni.osanjyo/
11729,1,https://birth1103.co.jp/
11729,4,https://www.instagram.com/shimazakijyosan/
11730,1,https://www.nijiiro-mamanote.com/
11730,4,https://www.instagram.com/mama.no.te?igsh=MTJrazRxeDFod25paA==
11731,1,https://kishimotojosanin.com/
11731,4,https://www.instagram.com/kishimotojosanin/
11732,1,http://birth-harmony.com
11732,2,https://www.facebook.com/birtharmony
11732,4,https://www.instagram.com/birth_harmony/
11732,5,https://manager.line.biz/account/@669frexm
11733,1,https://dev.birth-navi.mhlw.go.jp/facilities/11733
11733,2,https://www.facebook.com/morikko.jp
11733,4,https://www.instagram.com/moritamwh65
11734,1,http://suwachuo.jp
11734,4,https://www.instagram.com/sankabyto/
11735,1,https://yajima-jyosanin.net/
11735,4,https://www.instagram.com/yajimajyosanin/
11736,1,https://www.ochabatake1103.com/
11736,2,https://www.facebook.com/ochabatake
11736,4,https://instagram.com/ochabatakejyosanin?utm_source=qr
11736,5,https://lin.ee/dZurv4O
11737,1,http://midori-josanin.com/
11738,1,http://27.34.154.13/kotori/mysite/care
11738,4,https://www.instagram.com/kotori_josanin/
11739,1,http://ai-jyosanin.com
11740,1,https://mamijyosanin.jimdo.com
11741,1,https://midori-midwifehouse.com/
11741,4,https://www.instagram.com/midorijyosanin/
11742,1,https://ekubo-baby.com
11742,2,https://www.facebook.com/ekubodes
11742,4,https://instagram.com/midwifeclinic_ekubo?igshid=OGQ5ZDc2ODk2ZA==
11742,5,https://qr-official.line.me/gs/M_tga0289v_GW.png?oat_content=qr
11743,1,https://midwife.jp/takase
11743,6,https://midwife.jp/takase
11744,1,https://koto-baby.com/
11744,4,https://www.instagram.com/kotokoto5587/
11746,1,http://1996hirari-sanbamom.amebaownd.com
11746,2,https://www.facebook.com/hiraritoshiko
11746,4,https://www.instagram.com/hirari1996
11746,5,https://line.me/ti/p/ZN4j-f9fs6
11749,1,https://www.youjosanin.com/
11749,4,https://www.instagram.com/you_josanin/
11752,1,https://takizawa-jyosanin.com/
11752,4,https://www.instagram.com/takizawajyosanin/
11753,1,https://www.bosimirai.com
11753,4,https://www.instagram.com/boshimirai_center
11754,1,https://pukupuku-maternity-home.com/
11754,2,https://www.facebook.com/profile.php?id=100051054502068
11754,4,https://www.instagram.com/pukupukujyosanninn_ohanahouse/
11756,1,https://keymws.com/
11756,2,https://www.facebook.com/keymws27
11756,4,https://www.instagram.com/kei.josanshi/?hl=ja
11757,1,https://hospital.city.tomi.nagano.jp/jyosan/
11757,4,https://www.instagram.com/jyosanjyotoumi/
11759,1,http://www.watanabejosanin.com/
11760,4,http://instagram.com/upaupa_house_midwife?igshid=OGQ5ZDc2ODk2ZA==
11761,1,https://www.mamita.jp
11762,1,https://takarahp.wixsite.com/takara-josanin
11762,4,https://www.instagram.com/takara_josanin/?hl=ja
11765,1,https://www.machinosanbasan.com
11765,4,https://www.instagram.com/machi__san?igsh=eHI1amMzczY4YjZn&utm_source=qr
11766,1,https://jyosanin-ayuru.com
11767,1,http://www.hellobaby1.net/
11768,1,https://tubomijosanin.com/
11768,2,https://www.facebook.com/Tsubomijosanin
11768,4,https://www.instagram.com/tubomijosanin
11768,5,https://lin.ee/uEaSUVp
11769,1,http://www.yurikago-j.com
11770,1,https://tsumugi-mw.com/
11770,4,https://www.instagram.com/tsumugi.josanin/
11770,5,https://page.line.me/585xwjjq
11770,6,https://tsumugi-mw.com/
11772,1,https://tanpopo-net.gr.jp
11772,4,https://www.instagram.com/tanpopojyosanin2000
11772,5,https://page.line.me/@905tlzzv
11773,1,https://hinata-bokko.jp/
11773,4,https://www.instagram.com/bokkojosanin
11773,6,https://hinata-bokko.jp/
11774,1,http://www.towa-jyosanin.com/
11774,4,https://www.instagram.com/towajyosanin?igsh=ZndtNWw2ZGc4anRs&utm source=qr
11775,1,http://himawali-web.jimdosite.com
11775,4,https://www.instaguram.com/himawari.m.h
11776,1,https://yoshimura-mh.com/
11776,4,https://instagram.com/yoshimura_mh?igshid=NzZlODBkYWE4Ng==
11776,5,https://page.line.me/xrc2123y?openQrModal=true
11777,1,https://inochinomoristyle.jimdofree.com/
11777,2,https://www.facebook.com/inochinomoristyle/
11777,4,https://instagram.com/inochinomoristyle?igshid=NGVhN2U2NjQ0Yg%3D%3D&utm_source=qr
11778,1,https://www.hatogaya-mw.com/
11778,2,https://www.facebook.com/hatogayamw/
11778,4,https://www.instagram.com/hatogayajyosanjyo/
11778,5,https://lin.ee/LmZuHk5
11779,1,https://aikko.jp/
11780,1,http://haruka-mom.com
11780,2,https://www.facebook.com/haruyo.kuroda.52
11780,4,https://instagram.com/harukajosanin?igshid=OGQ5ZDc2ODk2ZA%3D%3D&utm_source=qr
11781,1,https://ayumi-jyosanin.jimdofree.com/
11782,1,https://www.maternityhome-aisun.com/
11782,3,https://twitter.com/@2525smilehome
11782,4,https://www.instagram.com/maternity.home.ai_sun
11782,5,https://lin.ee/83i1xQP
11783,1,http://www.tees.ne.jp/~futaba4103/
11785,1,https://mei-mei-jo.com/
11786,1,https://www.tsumugi-birth.com/
11786,2,https://www.facebook.com/aiwatatsumugi
11787,1,https://hinajyosanin.com
11789,1,https://www.hinatabokkojosanin.com
11789,2,https://www.facebook.com/miyuki.onda.7
11789,4,https://www.instagram.com/hinatabokko_josanin
11789,5,https://lit.link/hinatabokkojyosanninn
11790,1,https://www.shirasagifureai.com/
11790,2,https://www.facebook.com/profile.php?id=100063651124250
11790,4,https://instagram.com/shirasagifureaijosanin?igshid=OGQ5ZDc2ODk2ZA%3D%3D&utm_source=qr
11790,5,https://lin.ee/rtjtgAG
11791,1,https://warmmhome.com/
11792,1,https://osan.kagoshima.jp/
11792,2,https://www.facebook.com/kagoshimatyuoujyosanin
11792,4,https://instagram.com/kagoshima.jyosanin?igshid=NGVhN2U2NjQ0Yg==
11792,5,https://lin.ee/9cA3zHI
11793,4,https://www.instagram.com/yuzunoki.josanin?igshid=ZTBnbnU0OGp6DZ5
11794,1,https://sato-yukijosan.com/
11794,2,https://www.facebook.com/yukijosan/
11795,1,https://www.osanko.com
11795,4,https://instagram.com/osanko2020?igshid=d2JubmM5ZG9rOWd2&utm_source=qr
11796,1,https://matsugaoka-birth.com/
11796,2,https://www.facebook.com/people/%E6%9D%BE%E3%81%8C%E4%B8%98%E5%8A%A9%E7%94%A3%E9%99%A2/100057353895069/
11796,4,https://www.instagram.com/matsugaoka_jyosanin_/
11797,1,https://muto-jyosanin.amebaownd.com
11798,1,https://sakurabirth.jp/wp/
11798,2,https://www.facebook.com/birth.sakura
11798,4,https://www.instagram.com/sakura_birth/
11799,1,http://nao-sanba.com/
11799,2,https://www.facebook.com/profile.php?id=100057453857892
11799,4,https://www.instagram.com/nao.sanba
11799,5,https://lin.ee/uejJ8tc
11799,6,https://sanba7070.i-ra.jp/
11800,1,https://www.ubuya-tsuru.com/
11802,1,https://www.midwifemap.com/mysite/himawari/
11802,4,https://www.instagram.com/himawari_josanin
11802,5,https://line.me/ti/p/JkhkZhIFi3
11803,1,https://www.sukoyakasalon-noa.com
11803,5,https://lin.ee/j4SgH8M
11806,1,https://sakura-midwifery-home.com/
11806,4,https://instagram.com/sakura.midwifery_home?igshid=MWg4YnhvYzhzZzBqbw==
11806,5,https://linevoom.line.me/user/_dZlzS_nrBDOmjBfD5SfitCZ_gMMfT5YdBpIQ0Nc
11807,1,https://g.co/kgs/EPZ5Le
11807,4,https://instagram.com/saemi_suzuki?igshid=OGQ5ZDc2ODk2ZA==
11808,1,https://anneau-josanin.info
11808,2,https://www.facebook.com/profile.php?id=100040837084382
11808,4,https://www.instagram.com/anneau.josanin
11808,5,https://page.line.me/730fpnev
11809,1,https://nara-baby-ishii.jp/
11809,2,https://www.facebook.com/kichan.ishii
11809,4,https://www.instagram.com/ishiijosanin/
11809,5,https://lin.ee/VC1vUZv
11810,1,https://kokomijosanjo.com/
11810,4,https://www.instagram.com/kokomi_josanjo/
11811,2,https://www.facebook.com/otowa.birth
11811,4,https://instagram.com/yachiyojosanin?igshid=OGQ5ZDc2ODk2ZA==
11811,5,https://liff.line.me/1645278921-kWRPP32q/?accountId=219kgchx
11812,1,http://www.e-osan.net
11813,1,https://angel-smile-momo.com/
11813,2,https://www.facebook.com/profile.php?id=100063453585739
11813,4,https://www.instagram.com/angel_smile_momo/
11813,5,https://lin.ee/3sfZ95V
11813,6,https://web-kouza-momo.shop-pro.jp/
11814,1,http://midwife.jp/matsuura
11815,1,http://nonohana-josanin.info
11815,4,https://www.instagram.com/nonohana1996?igsh=am51NmVlM29pYzBj&utm_source=qr
11816,1,https://www.mammyclinicijuin.com
11817,1,http://www.abikojosanin.jp
11817,4,https://www.instagram.com/abikojosanin/
11818,1,https://miyazakijosanin.my.canva.site
11818,2,https://www.facebook.com/miyazakimw
11818,4,https://www.instagram.com/miyazaki_josanin
11819,1,http://kusano-j.com
11819,2,https://www.facebook.com/kusanojosanin
11821,1,https://aloha-jesus.com
11822,1,http://shibuya1103.jp/
11822,2,https://www.facebook.com/heartfullmoonbaby
11822,3,https://twitter.com/ShibuyaJosanin
11822,4,https://www.instagram.com/shibuyajyosanin/
11822,5,https://line.me/ti/p/5n6B3Q6DkP
11823,1,https://www.aijyosanin.com/
11823,2,https://www.facebook.com/mieko.umeki.7
11823,4,https://www.instagram.com/aijyosanin2021/
11823,5,https://manager.line.biz/account/@nol9815m
11824,1,http://www.cam.hi-ho.ne.jp/sakamoto_miyuki/
11824,2,https://www.facebook.com/%E3%81%95%E3%81%8B%E3%82%82%E3%81%A8%E5%8A%A9%E7%94%A3%E6%89%80-438983732853080/
11824,4,https://www.instagram.com/sakamotojyosansho/?hl=ja
11826,1,https://aromabirth.info/
11828,1,https://josanpu-ishimura.jp
11829,1,https://www.whitestork.net/
11829,4,https://instagram.com/sato.white.stork?igshid=MzMyNGUyNmU2YQ%3D%3D&utm_source=qr
11829,5,https://lin.ee/WxCVxhU
11830,1,https://www.midwifemap.com/mysite/sakuranomori/
11830,4,https://instagram.com/saku.ranomori_josaniin?igshd=YTQwZjQ0Nml0OA==
11831,1,https://www.akachan-no-hoppe.com
11831,4,https://www.instagram.com/michiko_etou
11832,1,https://www.reikojyosanin.com/
11832,2,https://www.facebook.com/reikojosanin
11832,4,https://www.instagram.com/reikojosanin/
11832,5,https://page.line.me/?accountId=208efuoa
11832,6,https://www.reikojyosanin.com/
11833,1,https://hoyahoya.business.site
11833,6,http://hoya-mw.net/
11834,1,http://angelbirth.info
11835,1,https://192aiumi-happy.amebaownd.com/
11835,2,https://www.facebook.com/airi.naito.96
11835,4,https://instagram.com/192aiumi?igshid=OGQ5ZDc2ODk2ZA==
11835,5,https://lin.ee/LiT9XBA
11836,1,https://yutaka-mw.com
11837,2,https://www.facebook.com/profile.php?id=100063558970618
11837,4,https://instagram.com/miki_midwife?igshid=OGQ5ZDc2ODk2ZA==
11838,1,https://yuiku-clinic.com
11839,1,https://sachi-josanjo-2.jimdosite.com/
11840,2,https://www.facebook.com/musubiya038
11840,4,https://instagram.com/musubiya.mw?igshid=OGQ5ZDc2ODk2ZA==
11841,1,https://nakanojosanin.com
11842,1,https://peraichi.com/landing_pages/view/mambaby
11842,4,https://instagram.com/josanshi_mahya?igshid=YzAwZjE1ZTI0Zg%3D%3D&utm_source=qr
11842,5,https://lin.ee/KwI10Fk
11843,1,https://www.ne.jp/asahi/josanin/kokoiyasi/
11844,6,https://www.jima20201214.com/jima_mh/
11845,1,https://kubanoha.com/
11845,4,https://www.instagram.com/kubanoha98/
11845,5,https://line.me/R/ti/p/@syk6178v?oat_content=url
11846,1,https://tsugumi-midwife.com/
11846,4,https://www.instagram.com/tsugumijosanin/
11846,5,https://page.line.me/514osmxb
11847,1,https://miraiwcl.com/mwc/
11848,1,https://yuuri-jyosanin.jimdofree.com
11848,4,https://www.instagram.com/yuurijyosanin
11849,1,http://hahakokko-jyosanin.com
11851,1,https://jyosaninkazenoiro.jimdosite.com
11851,4,https://www.instagram.com/@jyosaninkazenoiro
11852,1,https://babymoon0303.jimdofree.com/
11852,2,https://www.facebook.com/profile.php?id=100063532633695
11852,4,https://www.instagram.com/mitituki/
11852,5,https://lin.ee/IKHtDoK
11853,1,https://makijo.com/
11853,2,https://www.facebook.com/with.mw
11853,4,https://instagram.com/makijo_o
11853,5,https://lin.ee/d7qc6mH
11853,6,https://lit.link/makijo
11854,1,http://www.makita-outinoosan.com/
11855,1,https://www.ao-josanin.com/
11855,2,https://www.facebook.com/profile.php?id=100076148471532
11855,4,https://instagram.com/ao.josanin?igshid=OGQ5ZDc2ODk2ZA==
11855,5,https://liff.line.me/1645278921-kWRPP32q/?accountId=879aakge
11856,1,https://sites.google.com/view/tukinomichi/
11856,2,https://www.facebook.com/8841tsukinomichi/?ref=embed_page
11857,1,https://hina-josan.jp/
11857,2,https://www.facebook.com/emi.suzuki.336/
11857,4,https://instagram.com/hina_josanin?igshid=OGQ5ZDc2ODk2ZA%3D%3D&utm_source=qr
11857,5,https://line.me/ti/p/hG5RWvK-ws
11858,1,http://midwifemap.com/himawari-baby/mysite/
11859,1,https://kinoshita-midwifery.com/
11860,4,https://www.instagram.com/sukoyaka_josanin/
11861,1,https://midwife.jp/fujisanba
11861,2,https://www.facebook.com/profile.php?id=100063499845847
11861,4,https://www.instagram.com/fujisanba1103/?hl=ja
11862,1,https://www.tukuijosanin.jp/
11863,1,https://uanoabirthhouse.amebaownd.com/
11863,2,https://www.facebook.com/matsumurajyosanjyo/
11863,4,https://www.instagram.com/keiko.matsumura88/
11864,1,https://agora-jyosanin.jimdofree.com/
11865,1,https://www.akatsukijosanin.com
11865,4,https://instagram.com/akatsukimw?igshid=OGQ5ZDc2ODk2ZA%3D%3D&utm_source=qr
11865,5,https://lin.ee/b3Cpx63
11866,1,https://yui-j.com/
11866,2,https://m.facebook.com/yuijyosanin?locale=ja_JP
11866,4,https://instagram.com/yui_birthcenter?igshid=OGQ5ZDc2ODk2ZA%3D%3D&utm_source=qr
11866,5,https://line.me/ti/p/CQZGGsJmwA
11867,1,https://uruha-birth.com/
11867,4,https://www.instagram.com/______uruha
11867,5,https://lin.ee/ibTQ2zs
11868,1,https://www.fune-josanin.com/
11868,3,https://x.com/funejosanin
11868,4,https://www.instagram.com/fune_jyosanin/
11868,5,https://lin.ee/Mnd9Ejj
11869,1,https://mie-akane.jp/
11869,2,https://www.facebook.com/profile.php?id=100069232960678
11869,4,https://www.instagram.com/akanejosanin/
11869,5,https://lin.ee/dKXrIgK
11871,2,https://www.facebook.com/profile.php?id=100029109924716
11873,1,https://co-toiro-mie.com/
11873,5,https://lin.ee/38jHtX2
11874,1,https://higashiyamato-josanin.net/
11874,4,https://www.instagram.com/higashiyamato_josanin/
11875,2,https://www.facebook.com/profile.php?id=100064110101416
11876,1,https://www.kunimotojosanin.com/
11876,4,https://www.instagram.com/kunimoto_josanin/?utm_source=ig_web_button_share_sheet&igshid=OGQ5ZDc2ODk2ZA==
11876,5,https://lin.ee/VBgTJfL
11877,1,https://www.yawaragi-josanin.com
11877,6,https://midwife-shizuoka.jp/
11878,1,https://www.birthhouse.com/
11878,2,https://www.facebook.com/birthhouse
11878,3,https://twitter.com/mejirobirthhous
11878,4,https://www.instagram.com/mejirobirthhouse/
11879,1,http://www.nijiiro-josanin.com/
11879,4,https://www.instagram.com/nijiirojyosanin?igsh=cWZtY2JzMHQzNnBh
11880,1,https://nonohana-mw.com
11880,4,https://www.instagram.com/nonohana.maternity.home?igsh=OHJ5bTh2d3MwdjMx
11881,1,https://kafuu.jyosanin.com/
11881,4,https://www.instagram.com/kafuu.jyosanin.osaka/
11881,5,https://line.me/R/ti/p/@689klvjg
11882,1,https://mayuko-jyosanjo.com/
11882,4,https://www.instagram.com/inochi_talk/
11882,5,https://lin.ee/IPvOphV
11883,1,https://aoyagijosanin.com/
11884,1,https://www.ohana-baby.com/
11884,4,https://www.instagram.com/ohanajyosanin/
11884,5,https://lin.ee/vNuwABe
11885,1,https://fujinomiya-josanin.jp/
11885,4,http://www.instagram.com/fujinomiya.josanin
11885,5,https://lin.ee/CKBDnaH
11886,1,http://yukas038153.ec-net.jp
11886,4,https://www.instagram/itigojosanin
11887,1,https://jyosanin-hinata-aso.studio.site/
11887,2,https://www.facebook.com/profile.php?id=100052364461366
11887,4,https://www.instagram.com/jyosanin.hinata/
11887,5,https://lin.ee/e62BlYC
11889,2,https://www.facebook.com/profile.php?id=100057029396676
11889,4,https://www.instagram.com/fujiwararumiko?igshid=NGVhN2U2NjQ0Yg==
11889,5,https://lin.ee/dI4UT0o
11892,1,https://tsuku2.jp/tsukitenshin1010
11892,4,https://www.instagram.com/tsukitenshin1010
11893,1,https://josaninno.com
11895,1,http://midwifemap.com/miyujyosanin/mysite/
11895,2,https://www.facebook.com/miyujosanin/
11895,4,https://www.instagram.com/miyujosan?igshid=ZGNjOWZkYTE3MQ==
11895,5,https://lin.ee/ZPBiCT2
11896,1,https://mizukyo.jp/department/cherry/
11896,4,https://www.instagram.com/sakuranbojosanin/
11896,5,https://manager.line.biz/account/@020kadai
11897,2,https://www.facebook.com/people/%E5%8A%A9%E7%94%A3%E9%99%A2%E3%83%84%E3%83%AB%E3%83%9E%E3%82%BF%E3%83%8B%E3%83%86%E3%82%A3%E3%82%AF%E3%83%AA%E3%83%8B%E3%83%83%E3%82%AF/100063653014846/
11897,4,https://www.instagram.com/tsuru_maternity
11897,5,https://lin.ee/odat2m3
11899,1,https://peekaboo-mh.foscare.jp/
11899,2,https://www.facebook.com/peekaboo.jyosanin
11899,4,https://www.instagram.com/peekaboo.official/
11899,5,https://lin.ee/7iwhWGS
11900,1,https://www.sunmoon-mw.com/
11900,2,https://www.facebook.com/ayano.sunmoon
11900,3,https://x.com/sunmoon_mw?s=21&t=xZTx2CWOEjHLheANLpE8cA
11900,4,https://www.instagram.com/ayano_otaki68?igshid=YzVkODRmOTdmMw==
11900,5,https://lin.ee/ULpnzxwz
11901,1,https://peraichi.com/landing_pages/view/hidamari0409/
11901,2,https://www.facebook.com/profile.php?id=100063470743556
11901,4,https://www.instagram.com/hidamari.maternity_hospital?igsh=NGVhN2U2NjQ0Yg==
11902,1,https://sakura-baby.com/
11903,1,https://www.fuwafuwatannpopo.com
11906,1,https://anjosanin.com
11906,4,https://www.instagram.com/an.josanin
11907,1,https://www.birthaoba.com
11908,1,https://jyosaninemi.jp/
11908,4,https://www.instagram.com/jyosaninemi?igsh=MW5sc2J5dmdyNnk0bw%3D%3D&utm_source=qr
11909,1,http://www.midwifemap.com
11910,1,https://www.josanin-sakura.com
11911,1,https://www.akari-josanin.com
11912,1,https://mohri-josanjo.com/index.html
11912,4,https://www.instagram.com/josanjo.mohri/
11913,1,https://www.takita-jyosanin.com
11914,1,https://www.midwifemap.com/mysite/moriya-josanin/
11915,1,https://asanomi-jyosanjyo.com
11915,2,https://www.facebook.com/mayumi.tsuchiya.03
11915,4,https://www.instagram.com/mayumi.asanomi/
11915,5,https://page.line.me/oen1145r
11916,1,https://www.instagram.com/kounotorijyosanin/?hl=ja
11916,4,https://www.instagram.com/kounotorijosanin/
11916,6,https://profile.ameba.jp/ameba/kounotorimidwifery/
11917,1,https://josanin-bocon.com/
11917,2,https://www.facebook.com/bocontenchisa
11917,4,https://www.instagram.com/bocon_chisachisachi/?hl=ja
11917,5,https://line.me/R/ti/p/@007zgnok
11918,1,https://www.yoshimi-josanin.com/
11918,2,https://www.facebook.com/yoshimijosanin/
11918,4,https://www.instagram.com/muramatsuyoshimi/?hl=ja
11918,5,https://lin.ee/BqR90Yd
11919,1,https://www.midwifemap.com/mysite/miyaoka/
11920,1,http://saitamajosanin.com
11921,1,https://budounoki2011.com/
11921,2,https://www.facebook.com/budounoki2011/
11921,4,https://www.instagram.com/budounokijosanin/
11921,5,https://lin.ee/b0QIgRT
11922,1,https://yasuraginomori-babymam.jimdofree.com/
11922,4,https://www.instagram.com/yasuraginomori38/
11923,1,http://kangaroohome.jp/.
11923,4,https://www.instagram.com/kangaroohome1135/
11924,1,https://r.goope.jp/ikajosanjo
11924,2,https://www.facebook.com/profile.php?id=61553855867062
11924,4,https://instagram.com/ikadai.josanjo
11926,1,https://kirari-birth.com
11926,4,https://www.instagram.com/kirari_birth
11926,5,https://lin.ee/wAiEyKr
11927,1,https://www.midwifemap.com/mysite/sanbabatyan/
11928,1,https://sakaecl.jimdofree.com/
11929,1,http://midwifemap.com/tobejosanin/mysite/
11930,1,https://www.toshino-j.com
11931,1,https://donguri-sanba.com/
11931,2,https://www.facebook.com/dongurimw
11931,4,https://instagram.com/dongurijosanin?igshid=MmVlMjlkMTBhMg==
11932,1,https://matsuda-jyosanin.com
11933,1,https://midwife.jp/takizawa
11934,2,https://www.facebook.com/osannoiejyosanin
11935,1,https://efuji-osan.jimdo.com/
11936,1,https://homebirth-lamahina.com/
11936,5,https://line.me/ti/p/L5Cyks9dqe
11937,1,https://a398u.hp.peraichi.com/?_ga=2.179402788.181536408.1666402521-1830707733.1666402521&fbclid=PAAaaD_XAABhy6ToxLbAmC1-NCbGRKgZxUdbW3HFUAzf9kkhAaJ7nkawj56cU_aem_AWFyb4v6oEC3JWxEUbJ-mlB2vKeZIe4ZdXD1pgBuPlH1erBMYNKvoVegLRa2aLt73d8
11937,2,https://www.facebook.com/profile.php?id=100004301866362
11937,4,https://instagram.com/akatuki_jyosanin?igshid=OGQ5ZDc2ODk2ZA%3D%3D&utm_source=qr
11937,5,https://line.me/ti/p/L4ndmd5E8_
11937,6,https://midwife.jp/
11938,1,https://kato-josanin.com/
11938,4,https://www.instagram.com/katojosanin/
11939,1,https://mother-yuri-jyosanjyo.com/
11939,4,https://www.instagram.com/mother_yuri_jyosanjyo/
11940,1,http://inada-j.com/
11942,1,https://matsujyo.com/
11942,4,https://www.instagram.com/matsuyama.jyosan.in?igshid=MzMyNGUyNmU2YQ
11946,1,https://www.matsuba-josanin.com/
11948,1,https://sakuranosato-jyosanin.jimdosite.com/
11950,1,https://www.midwifemap.com/mysite/counotori/
11950,4,https://www.instagram.com/kounotori_626/
11951,1,https://www.marimo-josanin.com/
11951,4,https://www.instagram.com/marimojosanin/
11954,1,https://tenshi-josanin.com/
11954,4,https://www.instagram.com/tenshijosanin
11955,1,https://tsuda-jyosanin.com/
11955,4,https://www.instagram.com/tsuda_jyosanin/
11956,1,https://www.mombetsu-hospital.jp/
11957,1,https://www.akiru-med.jp/
11958,1,https://fujisawacity-hosp.jp/
11959,1,https://www.karatsu.jrc.or.jp/
11960,1,https://iki-hospital.jp/
11962,1,https://www.hospital.arao.kumamoto.jp/
11964,1,https://www.hosp-yame.jp
11964,3,https://www.instagram.com/kouritsuyame_kango_sanfujinka/
11964,4,https://www.instagram.com/kouritsuyame_kango_sanfujinka/
11967,1,http://www.takeda.or.jp
11967,2,https://www.facebook.com/takedahospital88/
11969,1,https://miyotahp.jp/nene/
11970,1,https://chibaaiyu-kai.com/visitor/medical-treatment/department/sanka/
11970,4,https://www.instagram.com/chibaaiyu_3bbyoutou/
11972,1,https://iino-hospital.or.jp/
11972,3,https://x.com/iinohosp_twt
11972,4,https://www.instagram.com/iino_hospital.insta/
11972,6,https://iino-hospital.or.jp/department/obstetrics/
11973,1,http://www.ebata.or.jp/
11973,3,http://www.ebata.or.jp/
11973,4,https://www.instagram.com/ebata_sanhujinka_hp
11974,1,https://www.yoshikawabyouin.com/
11975,1,http://otemachi.kenwakai.gr.jp/
11976,1,http://www.sanada.or.jp
11980,1,https://toyooka-clinic.com/
11981,1,https://yasuda-lc.jp/
11982,1,https://www.yakabe0303.jp/
11983,1,https://stmc.jp/
11983,4,https://www.instagram.com/st.maria_clinic/
11984,1,www.goiladies-cl.com
11985,1,http://kotake-clinic.jp/
11986,1,https://www.yuri-lc.com/
11986,4,https://www.instagram.com/yuril.c/
11988,1,https://tomioka-lc.com/
11988,2,https://www.facebook.com/share/1AEhkRSCo7/?mibextid=wwXIfr
11988,4,https://www.instagram.com/tomioka_ldc?igsh=MXBubDE2N2F2cnZiYg%3D%3D&utm_source=qr
11989,1,https://www.malc.jp/
11990,1,https://nagaya-lc.jp/
11990,4,https://www.instagram.com/nagayaladiesclinic/
11991,1,https://anzu-clinic.com/
11992,1,http://www.utsubuki-cl.com/
11993,1,http://www.iwata-ladiesclinic.com
11995,1,https://murai-clinic.net/
11995,4,https://www.instagram.com/murai_iin/
11996,1,https://www.sasaya-sanfujinka.com/
11996,4,https://www.instagram.com/sasayaladiesclinic/
11997,1,http://mela-lc.com/
11998,1,https://www.ashihara-sanfujinka.com/
11999,1,https://belier-cl.jp/
11999,4,https://www.instagram.com/belier_hill_clinic/
12000,1,https://oshio-w-c.net/
12001,1,http://www.haya-cli.com
12002,1,https://okudaira-miyako.com
12002,4,https://www.instagram.com/okudaira-miyako?igsh=MWMxMWFzaDN5cGFvMA==
12003,1,https://minamino-greengables.jp/
12004,1,https://otsukasanfujinka.jp
12004,4,https://www.instagram.com/otsuka_ladies_children_clinic/
12005,1,http://saitolcl.com/
12006,1,https://shinsei-isesaki.com
12007,1,http://hirama-sanfujinka.jp/
12008,1,https://www.inoue-iin.jp/
12008,4,https://www.instagram.com/inoueiin_okayama/
12009,1,https://www.bern-cl.jp/
12009,4,https://www.instagram.com/stories/bern_clinic/
12010,1,http://park15.wakwak.com
12010,4,https://www.instagram.com/teyamaobgyn?igsh=Ymd2dzlpYXQ4Ym1q
12012,1,https://atsukawa-clinic.wixsite.com/atsukawa-clinic-neo
12013,1,https://tochigi-og.jp/
12014,1,https://miwa-lc.com/
12014,4,https://www.instagram.com/miwa.lc
12015,1,http://www.oi-wcl.com/
12016,1,https://www.shimizuclinic.net/
12017,1,https://fujii-l-c.sakura.ne.jp/
12018,1,https://www.osaki-mc.com
12018,4,https://www.instagram.com/osaki.mc/
12019,1,https://www.mc-tamura.jp/
12020,1,https://oyukai-lc.com/
12020,4,https://www.instagram.com/ouyukai_ladies_clinic/
12020,6,https://oyukai-lc.net/
12021,1,https://www.makita-sanfujinka.com/
12022,1,https://www.nitta-clinic.jp/
12023,1,https://aono-womens.clinic/
12023,4,https://www.instagram.com/aono.womens/
12024,1,https://uenae.net
12024,2,https://www.facebook.com/people/%E3%82%A6%E3%82%A8%E3%83%8A%E3%82%A8%E7%94%A3%E5%A9%A6%E4%BA%BA%E7%A7%91/100054345108837/?ref=ts&fref=ts
12024,4,https://www.instagram.com/uenae.1930/
12025,1,https://www.komaiin.com
12026,1,https://hamura-himawaricl.jp
12027,1,http://takara.matarnity.com
12027,2,https://www.facebook.com/takaramaternity
12027,4,https://www.instagram.com/takara_maternity/
12028,1,https://kumamoto-birth-clinic.jp/
12028,4,https://www.instagram.com/kumamoto.birth.clinic/
12029,1,https://izumi-lc.jp/
12030,1,https://kuramochi-lc.com
12030,4,https://www.instagram.com/kuramochi_clinic/
12031,1,http://hosodaclinic.jp
12032,1,https://m-central.jp/
12032,2,https://www.facebook.com/munakatacentralclinic
12032,4,https://www.instagram.com/munakata.central.clinic/
12034,1,https://www.hokurasanhujinka.com
12034,4,http://www.Instagram.com/hokura.sanhujinka
12035,1,https://www.soga-maternity.jp/
12035,2,https://ja-jp.facebook.com/sogaclinic/
12035,3,https://twitter.com/sogamaternity
12035,4,https://www.instagram.com/soga_maternity/
12036,1,https://www.kawamura-lc.net/
12036,4,https://www.instagram.com/kawamura_ladies_clinic_kyoto/
12037,1,https://www.nagano-sanfujinka.or.jp/
12038,1,http://tarami-angel.com/
12039,1,https://kurachiob.com/
12039,4,https://www.instagram.com/kurachiob/
12042,1,https://fuchi-ladies.or.jp
12042,4,https://www.instagram.com/fuchi_lc/
12043,1,http://www.tamaishi-lc.jp/
12044,1,https://nakano-ladies-cl-shinomiya.com/
12044,5,https://page.line.me/752cpvfb
12045,1,https://imamura-womens-clinic.com/
12045,4,https://www.instagram.com/imamura_womens_clinic/
12046,1,http://ikeda-you-clinic.jp/
12049,1,https://kawai-sanfujinka.jp/
12050,1,https://www.sakaidaiin.com/
12050,3,https://twitter.com/sakaidaiin
12050,4,https://instagram.com/sakaidaiin
12051,1,http://www4.plala.or.jp/kwbtlc/
12057,1,https://ueda-ladiesclinic.com
12065,1,https://www.yoshida-ob.clinic-hp.com/infomation.html
12066,1,https://ainosato-josan-in.com/
12066,4,https://www.instagram.com/baby_ainosato?igsh=dWpxcGoxYjVzdWZo
12068,1,https://osan-kojo.com/wakakusa/
12068,2,https://www.facebook.com/wakakusajyosan
12068,4,https://www.instagram.com/wakakusa1103?igsh=ejJ0a3ZrNmd2dW42
12070,1,https://matanity-hsato.jimdo.com/
12074,4,https://www.instagram.com/osannnoie.sasashita/
12082,1,https://kurumi-josanin.main.jp//
12082,2,https://www.facebook.com/kurumijosanin
12082,4,https://www.instagram.com/kurumijosanin
12082,5,https://lin.ee/NHRM6Tt
12084,4,https://www.instagram.com/harujyosanin?igsh=eHBncmM0OGJsYzhu
12088,1,http://akiyama-jyosanin.com/
12089,1,https://m-clinic-nagakute.com/
12090,1,https://suzukicl.sub.jp/cms/
12091,1,http://www.jun-lc-kodaira.com/
12091,4,https://www.instagram.com/jun_ladies_clinic_kodaira/
12092,1,http://www.jun-lc-senrioka.com/
12092,4,https://www.instagram.com/jun.ladies.clinic.senrioka/
12093,1,http://www.jun-lc-toyohashi.com/
12093,4,https://www.instagram.com/jun_ladies_clinic_toyohashi/
12094,1,http://www.kasahara-ladies.com/
12094,4,https://www.instagram.com/kasaharalc/
12095,1,https://ktlc.jp/
12095,4,https://www.instagram.com/ktladiesclinic/?hl=ja
12096,1,https://hirose-sanfujinka.com/
12097,1,http://www.akiba-hp.jp/
12097,4,https://www.instagram.com/akiba_hospital/
12098,1,https://www.atsumi.jaaikosei.or.jp/
12098,4,https://www.instagram.com/atsumi_hospital/
12099,1,https://www.shiina-mc.com
12100,1,https://hakuhoukai.or.jp
12100,4,https://www.instagram.com/hayashi_maternity_photostudio/?hl=ja
12101,1,https://ohara-mc.com/
12102,1,https://www.momotaro-endo.jp/
12103,1,http://www.takamatsu-municipal-hospital.jp/
12103,2,https://ja-jp.facebook.com/minnano.hospital/
12103,4,https://www.instagram.com/min_nano_hp/
12103,5,https://page.line.me/812fwamq?oat_content=url&openQrModal=true
12103,6,http://www.takamatsu-municipal-hospital.jp/archives/24948
12107,1,https://fuji-birth-cl.com/
12107,4,https://www.instagram.com/fuji_ladies_clinic
12108,1,https://www.tanabe-clinic.com/
12108,2,https://www.facebook.com/tnbclinik/
12108,4,https://www.instagram.com/tanabe_frauenklinik/
12111,1,https://mihara.com/
12111,2,https://www.facebook.com/miharahospital/
12111,4,https://www.instagram.com/mihara_hospital_/
12113,1,http://rai-jyosanin.com/
12113,2,https://www.facebook.com/raijyosanin/
12113,4,https://www.instagram.com/rai.rbc12sun/
12114,1,https://www.jun-lc-hp.com/anjo/
12114,4,https://www.instagram.com/jun_ladies_clinic_anjo/
12115,1,https://yukko-jyosanin.localinfo.jp/
12115,4,https://www.instagram.com/yukko_jyosanin?igsh=MW5icHhhdXYzMHVz&utm_source=qr
12115,5,https://lin.ee/GuL8LnT
12116,1,https://www.iwamizawa-hospital.jp/
12117,1,https://kahns.org
12117,4,https://www.instagram.com/kobe.adventist/
12119,1,https://morisanfujinka.jp/
12121,1,https://f-sanno.kouhoukai.or.jp/
12121,4,https://www.instagram.com/f_sanno_hospital/
12121,6,https://f-sanno.kouhoukai.or.jp/birth/
12122,1,https://mashikojosan.com/
12122,3,https://twitter.com/mashikojosan/status/1436866390690983936
12122,4,https://www.instagram.com/mashiko.josanin
12123,1,https://urabe.mom/
12123,4,https://www.instagram.com/urabe.obgyn/
12125,1,https://www.sankafujinka.jp
12125,4,https://www.instagram.com/niitsusankafujinkaclinic
12126,4,https://www.instagram.com/kashidasanhujinka
12127,1,https://www.tatikawa.or.jp/
12127,4,https://www.instagram.com/tatikawa_maternity/
12128,1,http://nakamura-ladies-clinic.com
12128,4,http://www.instagram.com/nakamura_ladies_clinic/
12129,1,https://www.morimoto-mc.com
12129,2,https://www.morimoto-mc.comfacebook
12129,4,https://www.instagram.com/morimoto_maternityclinic
12131,1,http://www.kei-cl.jp
12131,4,https://www.instagram.com/kei_obgyn_clinic/
12132,1,https://www.ikuryo.or.jp/
12132,4,https://www.instagram.com/ikuryo_clinic/
12133,1,https://www.mw-tomo.com/
12133,4,https://www.instagram.com/tomojyosanin/
12133,6,https://midwife.jp/tomo
12134,1,https://akari-ladies.jp
12135,1,http://www.ogaki-mh.jp/
12136,1,https://www.nishichita-hp.aichi.jp/
12136,6,https://www.nishichita-hp.aichi.jp/
12137,1,http://www.nakaoka-lc.com/
12138,1,https://naginagibaby111.wixsite.com/--nagi
12138,4,https://www.instagram.com/NAGI_SANBA
12138,5,https://lin.ee/tTuSXrA
12139,1,https://ims.gr.jp/fujimisougou/
12139,6,https://ims-site.jp/fujimi/perinatal/
12140,1,https://niigata-llc.com/
12140,4,https://www.instagram.com/niigata.ladieslife.clinic/
12141,1,https://tsukubamirai-endo-ladies.com/
12141,4,https://www.instagram.com/tsukubamirai_endo_ladiesclinic
12141,5,https://line.me/R/ti/p/@551vatfa
12142,1,https://hirakawa-oita.jp/
12142,4,https://www.instagram.com/hirakawa_oandg_clinic/
12143,1,https://nishisaitamachuo.hosp.go.jp/byouin_shoukai.html
12144,1,https://www.kouseiren-ta.or.jp/index.html
12145,1,http://youandai.com
12147,1,https://www.sato-maternity.jp/
12148,1,http://www.nakabe.or.jp
12150,1,https://www.chuganji-og.com/
12150,4,https://www.instagram.com/chuganji.sanfujinka/
12151,1,https://ppmc.jp/
12151,2,https://ja-jp.facebook.com/ppmclinic
12151,4,https://www.instagram.com/enpitsukoen_mothers/?igsh=MThuOXB5MTQyMHk3aQ%3D%3D&utm_source=qr
12152,1,http://nakamura-ladies.com/
12153,1,http://www.ogata-clinic.net/ogata.html
12154,1,https://nishiladies.com/
12154,4,https://www.instagram.com/sapporo_nishi_ladiesclinic/
12155,1,https://hakuhoukai.or.jp/
12155,4,https://www.instagram.com/hayashi_maternity_photostudio/?hl=ja
12156,1,https://o-san.jp
12156,4,https://www.instagram/com/o_sanfujinka/
12156,5,http://lin.ee/a460UK1
12157,1,info@ohkouch.con
12158,1,https://www.sugawara-hp.jp/index.html
12158,4,https://www.instagram.com/p/C91wAl0Sa6s/?utm_source=ig_web_copy_link
12159,1,www.izumi-w-clinic.jp
12160,1,https://fukiage-mclinic.jp/
12161,1,https://tmc.hyogo.jp
12162,1,https://www.babys-net.com/adachi-clinic/
12163,1,https://robin-cl.jp/
12163,4,https://www.instagram.com/robin_sky_clinic/
12164,1,http://www.ootuka-lc.com/mother/
12164,4,https://www.instagram.com/mother_clinic_happiness/
12165,1,https://www.inabamw.com/
12167,1,http://www.inoue.or.jp/
12168,1,http://www.shimizu-lc.jp
12168,4,https://www.instagram.com/shimizu_sanfujinka?igsh=bmR4NzRpdjludWdi&utm_source=qr
12170,1,https://www1.mediqube.com/hashiba/usr/pc/
12171,1,https://sites.google.com/view/mangetsu-mwh
12171,4,https://www.instagram.com/mangetsu.mwh?igsh=MTV3MG15Yms5dmNzZA==
12172,1,https://www.k-iwc.com/
12178,1,https://www.cosmos-ladies-clinic.com
12178,4,https://www.instagram.com/cos_mos1103
12179,1,https://www.nico-jyosanin.com/
12179,4,https://www.instagram.com/nico.jyosanin/reel/DBdqdc_iCJB/
12179,5,https//www.lin.ee/xjhsMav
12180,1,https://www.aobahospital.com
12180,2,https://www.facebook.com/aobawh
12180,4,https://www.instagram.com/aoba.baby.welcome/
12181,1,https://suzuran-lc.com/
12182,1,https://klc.or.jp/
12182,4,https://www.instagram.com/kotobuki_ladies_clinic/
12183,1,https://www.toko-maternity.com/
12184,1,https://famil-s-arida.com/
12184,4,https://www.instagram.com/famil_s_arida/
12185,1,https://momonoie.mystrikingly.com/
12185,4,https://www.instagram.com/midwife_momonoie?igsh=MTVhajY4Ymc3NnU4OA==
12185,5,https://lin.ee/ViqNJGj
12185,6,https://www.midwife-momonoie.com/
12186,1,https://masakisanfujinka.com/
12186,4,https://www.instagram.com/masakisanfujinka
12188,1,https://www.kenoh.saiseikai.or.jp
12188,3,https://x.com/kenoh_kikan
12188,4,https://www.instagram.com/kenoh_kikan/
12188,6,https://kenoh-recruit.com/
12189,1,https://www.jima20201214.com/jima_mh/
12189,4,https://www.instagram.com/matsuojosansyo?igsh=MWNoOG4xNngwN2h4ag%3D%3D&utm_source=qr
12189,5,https://page.line.me/660jonye?oat_content=url&openQrModal=true
12190,1,https://takamori-jyosanin.com/
12190,2,https://www.facebook.com/kenmaitaka/
12190,4,https://www.instagram.com/takamorijyosanin/
12190,5,https://page.line.me/731qspex?openQrModal=true
12190,6,https://www.youtube.com/@%E3%81%9F%E3%81%8B%E3%82%82%E3%82%8A%E5%8A%A9%E7%94%A3%E9%99%A2%E7%A5%9E%E6%88%B8%E5%B8%82%E9%A0%88%E7%A3%A8
12192,1,https://watanojosanin.com
12192,4,https://www.instagram.com/watano.shutchou.josanin/
12192,5,https://lin.ee/FDrcnrt
12193,1,https://seo-clinic.jp/
12193,6,https://seo-clinic.jp/painless/
12194,1,https://aiiku-bes.jp/
12194,4,https://www.instagram.com/aiiku_bes.clinic/
12195,1,https://www.kichijoujibc.jp/
12195,4,https://www.instagram.com/kichijoji_birthclinic/
12196,1,http://www.akaeda-clinic.com
12197,1,https://www.machiki.net/
12198,1,https://db-clinic.jp/
12198,4,https://www.instagram.com/daikanyama_birth_clinic/
12198,5,https://line.me/R/ti/p/@673ctvem
12199,1,https://tokyobirthclinic.com/
12199,3,https://x.com/tokyobirth_cl
12199,4,https://www.instagram.com/toky.obc/?hl=ja
12199,5,https://linevoom.line.me/user/_dXWprJBy8oLAd6jrNeH003Vm3BAWSa3kID-uPEs
12200,1,http://nenejosanin.amebaownd.com
12200,4,https://www.instagram.com/nenejosanin/
12200,5,https://lin.ee/jjUGTiO
12201,1,https://naritalc.jp/
12201,4,https://www.instagram.com/narita_lc
12202,1,https://www.marunowa.com/
12202,2,https://www.facebook.com/shizuka.marunowajo
12202,4,https://www.instagram.com/shizuka____mw/?igsh=azjrbjUzejlvaW9h
12202,5,https://lin.ee/LmJk6sT
12203,1,https://toiro-ladies-cl.com
12203,4,https://instagram.com/ladies_clinic_toiro/
12204,1,https://tsumugu-cl.jp
12205,1,https://mimasaka-minnanojyosanin.com/
12205,4,https://www.instagram.com/mimasakaminnanojyosanin/
12205,5,https://line.me/R/ti/p/@687bgkak
12206,1,https://kinonukumori-jyosaninn.jimdofree.com/
12206,4,https://www.instagram.com/kinonukumori.jyosanin
12206,5,https://line.me/ti/p/K6Nf8vN-U0
12207,1,http://www.takai-hp.com
12207,4,https://www.instagram.com/takai_hospital_sanfujinka
12208,1,https://hbcl.jp/
12208,4,https://www.instagram.com/hanshinbirthclinic/
12209,1,https://yahataclinic.com/
12210,1,https://ebina-cl.com/
12210,4,https://www.instagram.com/ebina.sanfujinka/
12211,1,https://ayanono-jyosanin.jp/
12211,4,https://www.instagram.com/ayanono_jyosanin?igsh=bmVhajBkcG95Ynk2&utm_source=qr
12211,5,https://lin.ee/GpFDRLW
12212,1,https://kumamoto.jcho.go.jp/
12212,3,https://x.com/KumamotoGnlHp
12213,1,https://ayumijosanin.amebaownd.com/
12213,2,https://www.facebook.com/K7.Ayumi.josaniN
12213,4,https://www.instagram.com/k7.ayumi.josanin?igsh=MW43bGR3enZqbnN2Nw==
12213,5,https://lin.ee/kPJ2LUF
12214,1,https://www.hyotanyama-m-w.com/
12215,1,https://www.amiejosanin.com
12215,4,https://www.instagram.com/josanin_amie/
12216,1,https://www.city.shinshiro.lg.jp/kosodate/ninshin/jyosanjyo.html
12217,1,https://honeycomb-3.com/
12218,1,https://medetaya-josanin.com/
12218,4,https://www.instagram.com/medetaya_josanin/?hl=ja
12224,1,https://tukiakarijyosanin.studio.site/
12224,4,https://www.instagram.com/tuki_akari_mw?igsh=MTNwM3NqYmFjY3ZocA%3D%3D&utm_source=qr
12224,5,https://lin.ee/5gUItf9
12225,1,https://www.fsh-shalom-hiroshima.com/
12225,4,https://www.instagram.com/fsh.shalom.1103/
12225,5,https://lin.ee/OoV1Djp
12226,1,https://www.midori-ic-tsurumi.com
12227,1,https://shimizu-birth.com/
12227,4,https://www.instagram.com/shimizubirth.cl
12228,1,http://okubyouin1.web.fc2.com/index.html
12229,1,https://haboro.hospital.pref.hokkaido.lg.jp/
12230,1,http://www.hp-chuou-towada.towada.aomori.jp
12231,1,https://www.satohospital.jp/
12232,1,http://ohmachi.jp/
12233,1,http://www.iwasaki-hosp.com
12234,1,https://www.saitama-pho.jp/scm-c/
12235,1,https://hospital.city.chiba.jp/aoba/
12236,1,http://www.pref.chiba.lg.jp/kodomo/
12237,1,http://www.tokamachi-hosp-niigata.jp/
12238,1,https://yoshimi-hospital.jp/
12239,1,https://www.town.anamizu.lg.jp/site/hospital/
12240,1,https://nagara.hosp.go.jp/
12241,1,https://www.pref.aichi.jp/addc
12242,1,https://www.chitahantogmo.or.jp/cmc/
12242,4,https://www.instagram.com/handa_shusanki/
12243,1,http://www.chubuh.johas.go.jp
12244,1,https://www.oumi-kusatsu-hp.jp
12245,1,https://www.med.kindai.ac.jp/
12245,2,https://www.facebook.com/kindaisanfu/
12245,4,https://www.instagram.com/kindaisanfu/
12246,1,http://www.sakibana.or.jp/hospital/
12247,1,https://santamaria-med.jp/
12248,1,https://www.hospital-nishinomiya.jp
12249,1,https://amh.ako.hyogo.jp/
12250,1,http://www.toyookahp-kumiai.or.jp/hidaka/
12251,1,https://hospital.tottori.tottori.jp/
12252,1,https://www.med.shimane-u.ac.jp/hospital/
12253,1,https://saiseikai-gotsu.jp/
12253,2,https://www.facebook.com/saiseikai.shimane/
12253,4,https://www.instagram.com/gotsu_saiseikai_hospital/
12254,1,http://www.city.kasaoka.okayama.jp/site/hospital/
12255,1,http://www.ibarahp.jp/
12256,1,http://www.motonaga.or.jp/
12257,1,http://www.town.sakawa.lg.jp/kouhoku_hospital/
12258,1,https://www.chikugocity-hp.jp/index.html
12258,4,https://www.instagram.com/chikugocity_hp/
12259,1,https://www.kyoaikai.com/kyoritsu/
12259,2,https://www.facebook.com/kyoaikai/?ref=embed_page#
12260,1,http://www.kamibyo.jp/
12261,1,http://www.asospahp.jp/
12262,1,https://www.oitasekijyuji.jp/
12263,1,https://kobayashi-city-hp.jp/
12264,1,http://www.tomoko-ladies.dr-clinic.jp
12265,1,http://kanda-sanfujinka-clinic.com
12266,1,https://clinic-live.com/
12268,1,http://www.adachi-woman.jp
12269,1,http://www1.ncv.ne.jp/~swan5588
12270,1,https://obihiro-art.jp/access.php
12270,4,https://www.instagram.com/obihiro_art_clinic/?hl=ja
12271,1,https://hanaemi-clinic.com/
12272,1,http://www.tabata-sanfujinka.com/
12274,1,https://www.miyanomori-lc.com/
12275,1,http://www.sakamoto-t-clinic.jp
12276,1,http://www.kitamuraiin.or.jp
12277,1,http://www.sanfnoda.com
12279,1,https://ivf-kyono-morioka.jp/
12280,1,http://w-keyaki.clinic
12281,1,https://www.nakayamaiin.jp/
12282,1,https://www.minato-obgyne.jp
12284,1,http://www.tomiyaiin.jp
12286,1,http://www.sendai-art-cl.jp
12287,1,https://yuuki-fujinka.com
12287,4,https://www.instagram.com/yuuki__nagamati0115?igsh=d2psN245OHByczVt&utm_source=qr
12288,1,https://www.nagaike-clinic.com/
12289,1,https://chiekoyukika.com
12290,1,https://www.mahoroba-lc.com
12291,1,http://ikegami-lc.com
12293,1,http://www.onoba-lc.com/index.html
12294,1,http://www9.plala.or.jp/slcweb/
12295,1,https://KAWAGOEIIN.COM
12295,3,https://twitter.com/KawagoeClinic?ref_src=twsrc%5Etfw
12295,4,https://www.instagram.com/kawagoeart_clinic
12295,5,https://lin.ee/TfwTkXR
12296,1,http://www.smile-lc.jp/
12297,1,http://www14.plala.or.jp/art-clinic/
12298,1,https://www.onogi-ladies.jp/
12300,1,http://www.sakurai-cl.net/
12301,1,http://www.watanabe-fns.com/index.htm
12301,6,https://watanabeii.exblog.jp/
12302,1,http://katayose-clinic.com/index.html
12303,1,http://www.igarashi-cl.com/
12304,1,https://shiinasanfujinka.com/
12304,5,https://lin.ee/odLSqOJ
12305,1,https://www.tomita-ladies.clinic/
12305,4,https://www.instagram.com/tomita_sanfujinka/?utm_source=ig_embed&ig_rid=68757976-56f5-43bd-af16-df4c13de77bb
12306,1,http://www.tsukuba-art.jp
12307,1,http://www.kmc.med-apple.co.jp/
12308,1,https://www.matsubara-ladies-clinic.com
12309,1,https://yazaki-iin.com
12310,1,https://www.shiozaki-iin.com/
12311,1,https://www.kubo-ladies-clinic.jp/
12311,4,https://www.instagram.com/kubo.ladysclinic
12312,1,https://matsumotoc.org/
12313,1,http://www.yoshida-iin.info
12314,1,https://www.s-hanamomolc.jp
12315,1,http://www.saitama-ladies.jp
12316,1,http://www.wcf-reproduction.com
12316,4,http://www.instagram.com/wcf_fujimino?igsh=MXFxem9oaGt4OWsNQ==
12316,5,http://line.me/R/ti/p/@483jrhwb
12317,1,https://morikawa-clinic.jp/
12318,1,https://koyama-womens.com/
12319,1,http://www.futawa-hp.jp/
12320,1,http://www.clinique-soigner.jp/
12321,1,http://www.tsudanuma-ivf-clinic.jp/
12322,1,https://midorigaoka-womens.com/
12323,1,http://www.ichikawa-ladiesclinic.com
12324,1,https://kashiwanoha-ladies.clinic
12325,1,https://kensekido-clinic.jp/
12326,1,https://mone.or.jp/clinic/#access
12326,5,https://lin.ee/X4oxZ2h
12327,1,https://kanaderu-cl.com
12327,4,https://www.instagram.com/kanaderuclinic?igsh=Nzd2b3M4bWc3OWY5
12327,5,https://line.me/R/ti/p/@566etcmx
12328,1,https://www.sengawa-suzunone.clinic/
12329,1,https://www.hanaoka-ladiesclinic.com/
12330,1,http://www.kuroda-imr.com/
12330,4,https://www.instagram.com/kurodaimr/
12331,1,https://ginzaladies.com
12332,1,http://www.hihara-iin.com/
12333,1,http://www.takesita-clinic.com
12333,4,https://www.instagram.com/takeshitaclinic/
12333,5,https://page.line.me/850resun?oat_referrer=PROFILE&openQrModal=true
12334,1,https://yokoyamagekanaika.com/
12335,1,http://www.tanaka-ladies.com
12336,1,http://www.haginaka-clinic.com
12337,1,http://sangenjaya-wcl.com
12338,1,http://mizumoto-ladies-clinic.com
12339,1,https://persona-ladies.com
12340,1,https://ss-ladies.clinic/
12341,1,http://www.ten.namihiralc.com
12342,1,https://www.nishina-clinic.com/
12343,1,http://www.u-m-e.com/
12344,1,http://scl.la.coocan.jp/
12345,1,https://sasazuka-ladies.com/
12346,1,http://www.shibuyabashi-ladys.com/
12347,1,http://www.ikebukuro-fujinka.jp
12348,1,http://www.keiai-clinic.jp
12349,1,http://www6.ocn.ne.jp/~senkawa/index.htm
12350,1,https://usui-clinic.com/
12350,4,https://www.instagram.com/usui_clinic_official/
12350,5,https://usui-clinic.reserve.ne.jp/sp/index.php?
12351,1,http://ayase-sanfujinka.jp/
12352,1,http://www.ueno-ladies.jp
12353,1,http://maiko-cl.jp
12353,4,https://www.instagram.com/mwc.jiyu?igsh=MXBod3cybHE4Nndwag==
12354,1,http://www.andoladys.com
12355,1,http://www.olive-lc.com
12356,1,https://kugaharacl.com
12357,1,http://www.cinema-art.com
12358,1,http://kato-forms.com/
12359,1,https://lana-ladies.clinic
12360,1,http://www.akabaneladys.jp
12361,1,http://www.iwase-clinic.com/
12362,1,http://ivf-kyono.com
12362,4,http://www.instagram.com/kyono_art_clinic?igsh=MXdpb2gwOWY3aDQ5OA==
12363,1,http://ebine-womens-clinic.com
12363,4,https://www.instagram.com/ebine_womens_clinic?igsh=MWltbTI3NGpsMGZuOQ==
12364,1,http://www.aiiku.net/clinic/
12365,1,https://www.amh.clinic
12366,1,https://minato-womens.com
12367,1,https://wfc-mom.jp/omotesando-art/
12367,4,https://www.instagram.com/omotesando.art_official/
12367,6,https://wfc-mom.jp
12368,1,https://kwg-lc.com/
12369,1,http://www.s-kamiyamaclinic.com/
12370,1,https://yumeclinic.net
12370,4,https://www.instagram.com/shinbashi_yume_clinic/
12371,1,https://ivf-kyono-shinagawa.jp/
12372,1,https://avance-clinic.jp/
12372,4,https://www.instagram.com/avanceladiesclinic/
12373,1,http://sowaka-cl.com
12373,5,http://lin.ee/x4HTBbl
12374,1,https://kandawomens.com/
12375,1,http://www.takami-cl.jp
12376,1,https://korakuen-womens.jp
12377,1,https://bg-josei-clinic.jp
12378,1,http://purclinic-kin.com
12378,4,https://www.instagram.com/pur_ladies_clinic?igsh=MTdwbXNzYmprY3JqdQ==
12380,1,https://www.anzu-ladies.com/
12381,1,https://www.babysmile-clinic.com
12382,1,https://toyosuzuran-lc.com/
12383,1,https://www.kusuhara-womens.jp
12383,4,https://www.instagram.com/kusuhara_womens_clinic/
12384,1,https://www.oakclinic-group.com/ginza_ladys/
12385,1,http://www.ginzakounotori.com
12386,1,http://website.infomity.net/c0004343/
12387,1,https://www.sora-cl.com
12388,1,http://www.tsuchiya-clinic.jp
12389,1,https://www.hosaka-cl.com
12389,4,https://www.instagram.com/hosaka_ladies_clinic/
12390,1,https://www.komukai.net
12391,1,http://www.kunugi-lc.com
12392,1,https://www.hanako-ladies.com/
12393,1,http://www.yokoi-lc.com
12394,1,https://www.shiozaki-lc.com
12395,1,https://www.tanakaclinic-atsugi.biz/
12396,1,http://www.hirai-ladies.jp/
12397,1,http://www.yamadalc.jp/
12398,1,http://www.oishi-clinic.jp
12399,1,https://www.klc.jp/
12399,4,https://www.instagram.com/klc_kanagawaladies_sbc/
12400,1,http://www.minatomirai-clinic.jp
12401,1,https://kanakolc-bunko.com/
12402,1,http://www.cattleya-lc.jp
12403,1,http://www.yha-net.jp/kondo-cl/
12404,1,http://cl-sacra.com
12405,1,https://cm-port.net
12406,1,http://www.yasuko-clinic.com/
12407,1,https://www.watanabe-sanfujinka.com
12408,1,https://kwc.main.jp/
12409,1,http://www.machida-clinic.net/index.html
12410,1,https://minamiikuta-lc.com
12411,1,http://jun-cl.jp
12411,4,https://www.instagram.com/jun_ladies.clinic/
12412,1,http://www.tennocho-lc.com/
12413,1,https://shonanlc.com/tsujido-ladies-clinic/
12413,4,https://www.instagram.com/shonan_ladies_clinic/
12414,1,https://momma.clinic
12415,1,https://medicalpark-k.com/
12416,1,https://yukiko-ladies.jp/
12417,1,https://kagayaki-lc.com/
12418,1,https://amor-clinic.jp/
12419,1,https://medicalpark-minatomirai.com
12419,3,https://x.com/medicalpark0515
12419,4,https://www.instagram.com/medicalpark.minatomirai/
12419,5,https://line.me/R/ti/p/@250fupop
12419,6,https://www.instagram.com/mpm_precon/
12420,1,https://hitomi-lc.com/
12421,1,http://for-women.or.jp/ueda-clinic/
12423,1,https://www.kochi-clinic.com/
12425,1,http://nishi-ivf.com
12426,1,https://www.fukui-kagayaki.com/
12427,1,http://www.hiraoka-lc.jp
12428,1,https://konohana-ladies.jp
12429,1,http://www.mhl.janis.or.jp/~kokusai/
12430,1,http://horiuchi.ladies.com
12431,1,https://takahashi-ladies.jp/
12431,4,https://www.instagram.com/takahashisanfujinka.gifu/?igsh=MWszMnlleWo1bjV6NQ%3D%3D&utm_source=qr
12432,1,https://www.tawara-ivf.jp/
12433,1,https://www.ivf-nishimura.or.jp
12434,1,https://www.taiju-clinic.net
12435,1,http://www.wada-cl.com/
12436,1,http://www.fukuma-cl.gr.jp/
12437,1,https://kunitou-clinic.jimdosite.com/
12438,1,https://www.bando-ladies-clinic.jp/
12439,1,http://www.kubota-ladies.jp/index.html
12440,1,http://website2.infomity.net/8122306/
12441,1,http://art-ilc.jp/
12441,2,https://www.facebook.com/artilc
12441,5,https://lin.ee/9hOYhop
12442,1,https://www.akahori-womens.com/
12443,1,https://clinicsakura.jp/
12444,1,http://www.morimachi-fc.com/
12445,1,http://funin-kaseki.com
12446,1,http://www.kmk.gr.jp
12448,1,https://www.jun-lc-hp.com
12448,4,https://www.instagram.com/jun_ladies_clinic_kariya/
12450,1,https://nagoya-yamahara-lc.jp/
12451,1,http://www.gokiso-lc.com
12453,1,https://www.wakabadai-clinic.or.jp/
12454,1,http://www.aiko-women.com
12455,1,https://issha-kladies.com/
12456,1,https://www.st-sophia.jp
12457,1,https://www.shounaidori-lc.com
12458,1,https://nagoya-art.jp
12459,1,https://www.orange-ladies.com/
12459,4,https://www.instagram.com/orange_ladies.jingu/
12459,5,https://page.line.me/898ekvxu?openQrModal=true
12460,1,http://www.myclinic.ne.jp/sakaeo_g/
12461,1,http://www.narukawa-lc.com
12462,1,https://narita-hospital.or.jp
12462,4,https://www.instagram.com/narita_obgyn/
12463,1,https://yamada-iin-kitaku.com/
12464,1,http://parksideclinic-sakae.com/
12465,1,http://www.daidohp.or.jp
12466,1,https://www.drtanemura.com
12467,1,https://clinic-yamashita.com/
12468,1,http://www.mammyrose.net
12469,1,https://toyohashi-wcl.com/
12471,1,https://tsukahara-w-c.jp/
12472,1,http://www.the-clinic.jp/
12473,1,https://www.ivf-shiroko.com
12473,4,https://www.instagram.com/ivf_shiroko_clinic/
12474,1,http://hitomi-wcl.com
12475,1,http://www.minouralc.com
12476,1,http://www.hanada-f-clinic.com/
12477,1,https://ivf-kinoshita.com/
12478,1,http://www.medic-grp.co.jp/dr/takako-lc/
12479,1,http://www.hosodaladiesclinic.jp/
12480,1,http://www.ida-clinic.com/
12480,4,https://www.instagram.com/idaclinic_kyoto/
12481,1,https://www.kondo-sanfujinka.com/
12481,4,https://www.instagram.com/kondosanfujinka/
12482,1,https://shimura-wc.com/
12483,1,http://www.kohlita.com/
12484,1,http://www.iwata-ladies.com
12486,1,http://www.oakclinic-group.com/
12487,1,http://www.matsuzaki-clinic.com/
12488,1,http://nisimotosekio.sakura.ne.jp
12489,1,http://www.kikuchi-ladies-cl.com
12490,1,http://www.ishida-iin.com/
12491,1,http://sawada-ladies.com/
12492,1,https://www.y-tokugawa.com/
12493,1,https://mandai-ladies.com/
12494,1,http://www.kurehanosato.jp
12496,1,http://www.ddmap.jp/0668458630
12497,1,http://www.nakaoka-lc.jp
12498,1,http://motobayashi-sanfujinka.com/
12499,1,http://matsuoka-lcl.com/
12500,1,http://www.kitanaka-ladies.net
12501,1,http://www.chiharuclinic.com/
12501,4,https://www.instagram.com/chiharuclinic/
12501,5,https://page.line.me/081zxhvj?openQrModal=true
12502,1,http://www.web-know.com/nlc
12503,1,http://akari-cl.jp/
12503,2,https://www.facebook.com/akari.cl
12503,4,https://www.instagram.com/
12504,1,http://www.fukuda-l.com
12505,1,https://fukuda-aya.com/
12505,4,https://www.instagram.com/aya_fukuda_ladiesclinic/
12505,5,https://page.line.me/729tbxda?oat_content=url&openQrModal=true
12505,6,https://lit.link/ayahirolc
12506,1,https://chihiro-wcl.com/
12507,1,https://shinohara-lc.jp
12508,1,https://www.ladybird-clinic.com/
12508,4,https://www.instagram.com/ladybird_clinic/?hl=ja
12509,1,http://noda-womens-cl.com
12510,1,https://mm-clinic.net
12510,6,https://mm-clinic.net/
12511,1,https://yokoi-ladies.clinic/
12511,4,https://www.instagram.com/yokoi.ladies/
12512,1,https://umeda.mm-clinic.net
12513,1,https://www.oakclinic-group.com/
12515,1,https://mariko-lc.com
12515,3,https://x.com/mariko_LC
12515,4,https://www.instagram.com/mariko.lc/
12516,1,https://www.eclat-ladies.jp/
12517,1,https://www.aoki-obgy.jp
12517,4,https://www.instagram.com/aoki_obgy/
12517,6,https://aoki-obgy.mdja.jp/
12518,1,https://www.tahara-womens-clinic.com/
12519,1,http://www.aya-ladies.com/
12520,1,http://www.michimoto-cl.com/
12521,1,http://www.myclinic.ne.jp/shimizu/pc/
12522,1,https://www.hayashi-ladiesclinic.com/
12523,1,http://yamabeclinic.com/
12524,1,http://wclinic-yokota.com/
12525,1,https://www.eharasanfujinka.com/
12526,1,https://www.morita-ladies-clinic.com
12527,1,http://www.h6.dion.ne.jp/~shiotani/
12528,1,http://www.medic-grp.co.jp/doctor/takahashi_s/
12529,1,https://futamiladies-clinic.com/
12529,4,https://www.instagram.com/futamiladiesclinic/
12530,1,https://kubomizuki-akashi.jp/
12531,1,http://nakata-mi.com
12533,1,https://www.miyabi-lc.com/
12534,1,http://clinicadonna.com/
12535,1,http://aska-cl.com/
12536,1,http://chieclinic.com
12536,6,http://chieclinic.com/
12537,1,https://www.ayameike-ishii-wcl.com/
12538,1,http://www.kokawa-lc.jp/
12539,1,https://iwahashi-sanfu.com/
12539,2,https://www.facebook.com/iwahashisankjafujinka
12539,6,https://youtube.com/@iwahashi-sanfu?si=Z4plze1e_KPz_Yvf
12540,1,http://yamashita-lmc.com
12541,1,https://ladies-clinic-nagomi.com
12542,1,https://kay-cl.com
12543,1,http://www.morimotosanfujinka.com/
12543,6,info@morimotosanfujinka.com
12544,1,https://www.familybondyasugiyoshioka.com/
12544,2,https://facebook.com/yasugiyoshioka
12544,4,https://www.instagram.com/yoshioka_clinic_staff/
12544,5,https://line.me/R/ti/p/@kzm0872a
12545,1,http://www.katayamaobgyne.com
12546,1,http://www.perineito.com
12547,1,http://www.ycl.jp
12548,1,http://www.ccv.ne.jp/home/pinetree/
12548,5,https://page.line.me/815htdkf
12549,1,https://www.onomichi-med.or.jp/med-search/detail.php?id=6
12550,1,http://www.komatu.org
12551,1,https://www.sadalc.cc
12552,1,http://www.murakami-clinic.jp
12553,1,https://www.kinutani.org
12554,1,http://www.matsubayashi-lc.com/
12555,1,https://www.motherandfetusmc.com
12556,1,https://www.kasaoka-clinic.jp/
12557,1,https://yuuha-ladies.com/
12557,4,https://www.instagram.com/yuha_ladies_clinic/?igsh=cDZrbzE4bXczOXJx&utm_source=qr
12558,1,https://www.ogsmk-ladiesclinic.jp/
12559,1,http://nawata-clinic.com
12560,1,http://shinkurajosei-clinic.jp
12561,1,https://okadaladies.clinic
12562,1,http://www.asahi-cl.jp
12563,1,http://www.sanfujinka-navi.ne.jp/shikoku/ehime/takeda.html
12565,1,https://www.lccosmos.jp/
12566,1,https://keyama-clinic.com
12568,1,https://www.kawano-lc.jp/
12569,1,https://www.matsushita-ldc.jp/
12569,4,https://www.instagram.com/mts_ldc/
12570,1,https://fukushima-clinic.jp/
12571,1,https://chuo-lc.jp/
12571,4,https://www.instagram.com/chuo_ladies/
12572,1,https://minamitani.jp/
12573,1,https://www.matsuoka-sanfujinka.com/
12574,1,https://inoue-sanfujinka-clinic.com
12575,1,https://www.stmother.com/
12576,1,https://www.kumagai-obgy-clinic.or.jp/
12577,1,https://ladies-clinic-KUWANO-Kimiko.com
12578,1,https://hakata-central.jp
12579,1,https://www.akita-womens-clinic.com/
12580,1,https://www.morita-ladiesclinic.com/
12581,1,https://takatori-clinic.com/
12582,1,https://inoue-lc.com/
12583,1,https://hiasalc.jp
12583,4,https://www.instagram.com/hiasa.ladies.clinic/
12584,1,http://www.hiyeda-sanka.com
12585,1,http://miyamura-joseiclinic.or.jp/
12586,1,http://www.yoshida-ladies-clinic.com
12587,1,http://www.hiji-in.com/
12587,2,https://www.facebook.com/inde.ladysclnic/
12587,4,https://www.instagram.com/inde.lc/
12588,1,https://sakaguchi-wclinic.com
12588,2,https://www.facebook.com/people/%E3%81%95%E3%81%8B%E3%81%90%E3%81%A1%E5%A5%B3%E6%80%A7%E3%81%AE%E3%82%AF%E3%83%AA%E3%83%8B%E3%83%83%E3%82%AF/100057324675071/
12588,4,https://www.instagram.com/sakaguchiwc3600/
12588,5,https://lin.ee/T44dW3W
12589,1,http://www.lc-nakamura.com/
12590,1,http://www.art-kumamoto.com
12592,1,http://www.mediqube.com/honda-lc/usr/pc/index.php
12593,1,http://sayuriclinic.jp
12594,1,http://www.cl-yanagita.jp
12595,1,http://art-yamauchi.jp/
12596,1,https://www.city.kagoshima.lg.jp/kenkofukushi/hokenjo/hosei-soumu/shisetsu/kyukyu/001.html
12597,1,http://www.minc.ne.jp/~i-hakuyuu/index.htm
12597,4,https://www.instagram.com/hakuyukai.sanfujinkanaika?igsh=dzZ3ZWhnNDhmczFs
12597,6,https://doctorsfile.jp/h/91313/
12598,1,https://www.kuwahata-ob-gy.com/
12599,1,https://amijosanin.wixsite.com/website
12599,4,https://www.instagram.com/amijosanin.yutaka.nishi/
12599,5,https://lin.ee/U6wnZoq
12602,1,https://www.kyotohimawarijosanin.com
12602,2,https://www.facebook.com/share/1H1EPXWy92/?mibextid=wwXIfr
12602,3,https://x.com/qopqu5avjx80043?s=11
12602,4,https://www.instagram.com/kyoto_himawarijosaninigsh=MTg1MGpnY3dnNGE1bw==
12602,5,https://lin.ee/82J1cvD
12602,6,https://m.youtube.com/@kyoto_himawarijosanin?fbclid=PAZnRzaAPpCg5leHRuA2FlbQIxMQBzcnRjBmFwcF9pZA8xMjQwMjQ1NzQyODc0MTQAAacWTudwOBla7gF2zRFqIXbZXIdgapNG3L9R42XInufo38_fw_b3gXMFHxj54g_aem_8q1RkBCwDu41P7n-tsu9Vg
12603,1,https://tottojyosanin.com/
12604,1,https://r.goope.jp/feelsapporo/
12605,1,http://www.satsubyo.com/
12606,1,https://momme.info/
12607,1,https://kokoro-musubi.net/
12608,1,https://jyosan.in/
12609,1,https://imai-bonyuuikuji.jimdofree.com/
12610,1,https://asa-smile.com/
12611,1,https://irohana1006.wixsite.com/website
12612,1,https://ricoris1206.wixsite.com/my-site
12613,1,https://www.midwifemap.com/mysite/tocohana/
12614,1,https://www.midwifemap.com/mysite/memana/
12615,1,https://zyosaninniziironotsuki.com/
12616,1,https://www.eisei-web.com/nadesiko/
12617,1,https://35jyosanin-mano.amebaownd.com/
12618,1,https://www.nicomwcl.com/
12619,1,https://sawaya-mw-otaru.amebaownd.com
12622,1,https://www.city.asahikawa.hokkaido.jp/hospital/index.html
12623,1,https://www.asahikawa.jrc.or.jp/
12625,1,https://magnolia-mw-0420.amebaownd.com/
12627,1,https://josaninsaki.com/
12628,1,https://josanin-pono.hp.peraichi.com/
12629,1,https://nenohoshi-josanin.my.canva.site/
12631,1,https://happymamabelle.com/
12632,1,https://www.nikko-kinen.or.jp/guide/birth/sangocare.html
12633,1,https://minamo-jyosanin.hp.peraichi.com/
12634,1,https://oppa.oketani.or.jp/view/QfXuB7LwkQLie2DMO37h2AzObh2hlcJccoZbAXFnYpi?region=1&page=2
12646,1,https://mother-ooo-support.org/
12650,1,https://www.e-rumoi.jp/hokeniryou/
12651,1,https://www.midwifemap.com/mysite/kawaijyosanin/
12652,1,https://nodoka-jyosannin.jimdofree.com
12653,1,https://lit.link/josaninnarimama
12655,1,https://www.city.bibai.hokkaido.jp/soshiki/11/
12656,1,https://jyosan.in/
12657,1,https://www.jhug.net
12658,1,primo.st.20030701@gmail.com
12659,1,https://josanin-ito.com/
12660,1,https://nopporo-tsumugi.com/
12662,1,https://ameblo.jp/aikamm192/
12663,1,https://noguchibonyuikuji.com/
12665,1,http://ma-i946.com/
12666,1,https://ikoro.hp.peraichi.com/mamacare/
12667,1,https://www.hugkumichitose.com/
12668,1,https://manajosanin.com/
12669,1,http://lanature-miyuki.com/
12670,1,http://lanature-miyuki.com/
12671,1,https://www.takikawahoumon.com/
12672,1,https://www.city.fukagawa.lg.jp/fukabyo/
12674,1,https://oppa.oketani.or.jp/view/QfXuB7LwkQLie2DMO37h2AzObh2hlcJccoZbAXFnYpi
12675,1,https://www.jhug.net
12676,1,https://midwife-rosemary.1net.jp/92266.html
12677,1,https://www.city.date.hokkaido.jp/hotnews/detail/00006842.html
12678,1,https://temari-josanin.com/
12682,1,https://www.nicowcl.com
12683,1,https://www.nicomwcl.com/
12684,1,https://www.gobyou.com/
12687,1,https://www.town.yoichi.hokkaido.jp/
12688,1,https://tosia3ba.wixsite.com/counotori
12689,1,https://www.town.urausu.hokkaido.jp/kurashi/kurashi/koukyo/hokencenter.html
12690,1,https://www.town.takasu.hokkaido.jp/kosodate/target/detail.html?content=675
12693,1,https://www.town.kamifurano.hokkaido.jp/index.php?id=19
12708,1,https://oppa.oketani.or.jp
12710,1,http://pia-bonyuuikuji.com/
12711,1,http://www.shinhidaka-hospital.jp/shizunai/
12712,1,https://www.kaname-josan.life
12713,1,https://www.keiai.or.jp/postpartum-care/
12714,1,https://aoma-amor.com/
12715,1,https://www.midwifemap.com/mysite/yoshioka-bonyuu/
12716,1,https://mammy-birth.com/
12717,1,https://www.shintoku-town.jp/kosodate-kyouiku/kosodatejyouhou/hokenservice/akatyan/
12720,1,https://www.memuro.net/administration/soshiki/kosodateshien/oyako/sangokea.html
12728,1,https://www.town.hokkaido-ikeda.lg.jp/kodomo/ninshin/sangoshien/4944.html
12735,1,https://betsukai.jp/kurashi/birth/ninshin/baby/sangokea/
12736,1,https://utaseya.jp/
12737,1,https://lecoco-bonyu.com/
12738,1,https://makibano.crayonsite.com/
12739,1,https://makibano.crayonsite.com
12740,1,https://www.hotelaomori.co.jp/
12741,1,https://richmondhotel.jp/aomori/
12749,1,https://midwife-aomori.org/
12754,1,https://elm-j-clinic.com/
12755,1,https://xn--z8jga9f0htab6b7351dzbvd5owd.com/
12756,1,https://my-josan-in-peanut.com/
12757,1,http://www.town.ajigasawa.lg.jp
12764,1,https://sasakiseitaiin.com/content3.html
12766,1,https://www.town.ooma.lg.jp
12770,1,https://www.city.miyako.iwate.jp/gyosei/kosodate_kyoiku/ninshin_shussan/1/7202.html
12771,1,https://manmaru.org/
12772,1,https://manmaru.org
12773,1,https://manmaru.org
12775,1,https://www.nanbuhotel.com
12776,1,"https://www.city.tono.iwate.jp/index.cfm/47,59079,280,html"
12777,1,https://maternity-kurosawa.shopinfo.jp/
12778,1,https://z9djn.crayonsite.net/
12779,1,https://www.city.rikuzentakata.iwate.jp/index.html
12781,1,https://www.city.ninohe.lg.jp/info/3701
12782,1,https://二戸ナビ.com/助産院あいのわ
12783,1,https://www.city.oshu.iwate.jp/life_scene/ninshin_shussan/9430.html
12784,1,https://www.mizhsp-iwate.jp
12786,1,https://sorajosanin.com/
12787,1,https://www.city.takizawa.iwate.jp/kurashi/ikuji-kyoiku/ninshin-shussan/contents-15136
12788,1,https://cocorokango-shizukuishi.com/
12789,1,https://www.town.kuzumaki.lg.jp
12790,1,http://www.yahaba-sanfujinka.com/
12794,1,https://www.town.nishiwaga.lg.jp
12795,1,https://www.town.kanegasaki.iwate.jp/
12797,1,https://www.vill.tanohata.iwate.jp/docs/2022040800011/
12799,1,https://www.vill.kunohe.iwate.jp/
12800,1,https://www.town.hirono.iwate.jp/doc/2022051600013/
12801,1,https://www.town.hirono.iwate.jp/doc/2022051600013/
12802,1,https://www.town.ichinohe.iwate.jp/index.html
12803,1,https://www.tslc.jp
12804,1,https://saint-mothers.jp/
12805,1,https://narumi-ped.com/flow
12806,1,http://www.southmiyagi-mc.jp
12807,1,https://endo-clinic.jp/el/
12808,1,https://ao-sora.sunnyday.jp/ciel-bleu/
12809,1,http://oizumi-josanin.gonna.jp/
12810,1,https://coubic.com/kaoli0706
12811,1,https://oppa.oketani.or.jp/view/W06DBRClX5njBH62ncKdrEKsGjrvffOOkfqGimRobhD
12812,1,https://andante4103.com
12813,1,https://konno-josanin.jp/
12816,1,http://www.zg.em-net.ne.jp/~komorebaby
12817,1,https://www.xn--78jubk6k.com/
12818,1,https://www.instagram.com/nennecojosan/
12819,1,https://www.midwifemap.com/mysite/hikari-josanin/
12820,1,https://r.goope.jp/hitotote/
12825,1,https://madoca.hp.peraichi.com
12829,1,https://mimi-ikujisoudan.net/
12834,1,https://35mamanchi.com
12836,1,http://jyosanin-kondomotoko.jimdosite.com
12837,1,https://yumimomi.com/
12838,1,https://andante2016.net/
12839,1,https://lightsnow.biz/
12841,1,https://furan-ryoko.hp.peraichi.com/?_gl=1*144md7e*_gcl_au*MTUyMTY1ODc1NC4xNzY1MTA3NzI2LjE1NDI4OTI1NTQuMTc2NTIwOTQ0NC4xNzY1MjA5NDQ1&_ga=2.115212100.215092105.1765209428-2048526988.1753945282
12842,1,https://mw-plusone.mystrikingly.com/
12843,1,https://mamma-house.com/
12849,1,https://suzukijosanin.my.canva.site/dagqe1ebcqw
12850,1,https://narumi-ped.com/flow
12852,1,https://www.yappesu.jp/%E3%82%84%E3%81%A3%E3%81%BA%E3%81%99%E7%94%A3%E5%BE%8C%E3%82%B1%E3%82%A2%E4%BA%8B%E6%A5%AD/
12853,1,https://www.city.shiogama.miyagi.jp/soshiki/11/18996.html
12856,1,https://miyagi-saiseikai.com/csr-cat/postpartum-care/
12857,1,https://www.tomiya-city.miyagi.jp/kosodate/syussan/tomicoco-sangocare.html
12858,1,https://ayana-satoh26.my.canva.site/dag2epneylo
12859,1,https://www.chilldog-incl.com
12860,1,https://www.meiwakai.or.jp/nakadori/
12861,1,https://www.namiki-clinic.jp/
12864,1,https://tampopo-gu.jp/
12868,1,https://isukia-odate.info
12869,1,http://fuwakko-josanin.com
12870,1,https://akita-midwife.jp/
12881,1,https://pocoapoco-2024-saiwai.com/
12882,1,https://www.ameria.org/
12883,1,https://josanin-nana.com/
12884,1,https://angelnet.biz/index.html
12885,1,https://sites.google.com/view/watanabe-jyosannin?usp=sharing
12887,1,https://www.mw-hitomisan.com/
12890,1,http://mamanote.biz/
12892,1,https://yuu-baby.com/
12899,1,http://saito-bl-clinic.com
12902,1,http://gottosan.com
12904,1,http://yuu- baby.com/
12906,1,http://www.mamanote.biz
12909,1,https://www.smile-lc.jp
12911,1,https://www.ogunibyoin.jp/
12912,1,https://gottosan.com/
12914,1,https://www.fukushima-med-jrc.jp/section/obstetrics/
12915,1,https://fukushima-midwife.org/
12916,1,https://fukushima-komorebi-cl.jp/yurikago/
12918,1,https://www.manmaruomoya.com/
12920,1,https://satono.localinfo.jp/
12921,1,"https://fukushima-midwife.org/
https://fukushima-midwife.org/sango-care/
https://fukushima-midwife.org/local-midwife/#sango-care"
12922,1,https://cw-jyosanshi.com/
12923,1,https://harujyosanin0117.wixsite.com/harujyosanin
12926,1,https://www.midwifemap.com/mysite/kashiwa/
12928,1,https://www.onchikai.jp/
12930,1,https://www.midwifemap.com/mysite/sakuranomori/
12931,1,https://nihonmatsu.jcho.go.jp/
12939,1,http://iwasa-clinic.com/
12940,1,https://www.fukushima.med.or.jp
12947,1,https://www.zakuronokijyosanin.com/
12948,1,https://www.funabashi-lc.jp/
12951,1,https://jyosannjyo-nico.jimdosite.com/
12953,1,https://sumire-midwifery.jimdofree.com/
12956,1,https://relaxs-hatomugi.jp/
12960,1,https://mamacocochi0729.my.canva.site/mamacocochi
12962,1,https://www.hosp.tsukuba.ac.jp/birth_center/
12968,1,https://moriya.daiichi.or.jp/
12969,1,https://space-mam.jimdosite.com/
12970,1,https://hot-suru.com/
12972,1,https://www.choconne.info/
12973,1,https://sites.google.com/site/biohouse2015/%E3%83%9B%E3%83%BC%E3%83%A0
12974,1,https://gakuen-hospital.or.jp/department/obstetrics_guidance.html
12975,1,https://www.instagram.com/maaru_sangocare/
12986,1,https://josanjo-omusubi.com/
12987,1,http://happy-mombabysalon.net/
13002,1,https://yui-jyosanin.com/
13003,1,https://iwasa-clinic.com/
13007,1,https://utsuno-clinic.com/
13008,1,https://josan-nico.com/
13020,1,https://tochigi.hospital-shinoyama.jp/
13029,1,https://tsukinoyurikago.com/
13030,1,https://www.ohkiclinic.com/
13034,1,https://hospital.iuhw.ac.jp/sangocare/
13041,1,https://www.nasu.jrc.or.jp
13042,1,https://www.takahashi-lc.or.jp/
13043,1,https://jyosannjyo-nico.jimdosite.com/
13044,1,https://oppa.oketani.or.jp/view/v9FsfyJ6lqp8H4JMq6IAGd90srUlNs2gOT8gcyHAkXK
13045,1,http://www.locopoka.com/
13046,1,https://hospital.iuhw.ac.jp/sangocare/
13047,1,https://dokkyo-ob-gyn.jp/info.php?id=4
13068,1,https://www.tatebayashikoseibyoin.jp/
13069,1,https://www.jyosansi-gunma.com/
13070,1,http://www.c-ajisai.jp/
13071,1,https://yoshioka4.jp/
13072,1,https://baika-gift.jp/
13075,1,https://www.nawh.jp/
13076,1,https://abe-soudan.perma.jp/
13078,1,https://cmc.pref.gunma.jp/
13079,1,https://www.tatebayashikoseibyoin.jp/
13080,1,https://www.nanairo-kodomo.jp/postpartum/
13081,1,http://fukuikai.jp/
13082,1,https://hidamar-mw.com/
13083,1,https://lanka-whch.com/carehouse/
13084,1,http://www.naritalc.jp/
13086,1,https://harunire-oketani.com/
13087,1,https://ayase-sanfujinka.jp/
13088,1,https://tsumugi.kawaguchiladys-clinic.net/
13089,1,https://mikatakan-shiki.jp/
13090,1,https://www.yuijosanin.com/
13091,1,https://mamatokochuo.com/
13092,1,https://www.aiwahospital.or.jp/
13093,1,https://ims-site.jp/fujimi/perinatal/
13094,1,https://miraclegift.my.canva.site/wisdom
13095,1,https://floramw.com/
13096,1,https://house-of-baaba.jimdofree.com
13097,1,https://sangocarelab.jp/facility/112011002saitama/
13099,1,https://josaninmirai-1.jimdosite.com/
13100,1,https://nicojyosanninn.jimdofree.com/
13101,1,https://gcgh.jp/
13102,1,https://www.bonding-cl.jp/
13103,1,https://www.hayashida-lc.com/
13105,1,https://okanoue-chichibu.com/
13106,1,https://www.naojyosanin.com/
13108,1,https://suzukake.studio.site/
13109,1,https://morino-sangocare.com/index.html
13111,1,https://minkoya7.studio.site
13112,1,https://www.city.kazo.lg.jp/soshiki/sukusuku/service/20263.html
13113,1,https://www.sannoh.or.jp/
13114,1,https://www.midwifemap.com/mysite/nonriku-jyosanin/
13115,1,https://tanpopojosanjo.crayonsite.net/
13123,1,https://www.city.kounosu.saitama.jp/page/2162.html
13124,1,https://www.ach.or.jp/obstetrics/
13125,1,https://www.sayuri-mw.com/
13126,1,https://himawari-josanin.com/
13127,1,https://www.trshp.jp/
13128,1,https://ume-oketani.crayonsite.net/
13129,1,https://gomon-josanjo.com/
13130,1,https://town-mw.jp
13131,1,https://ten-na.com
13132,1,https://peraichi.com/landing_pages/view/minami-mw/
13133,1,https://tokadohoumon.hp.peraichi.com/josanin
13134,1,https://www.hokkoriino-warabi.com/%E7%94%A3%E5%BE%8C%E3%83%87%E3%82%A4%E3%82%B1%E3%82%A2/
13135,1,http://papatya89.chu.jp/
13139,1,https://wako-pwhc.org/
13140,1,https://hikarigaoka-jadecom.jp/department/obstetrics.html
13141,1,https://www.keiaihospital.or.jp/
13148,1,https://touka-hagukumu.com/
13149,1,https://tomo-josanin.com/
13152,1,http://megurinomori-jyosanin.com/
13153,1,https://takeuchi-maternity-satte.com/takeuchi-maternity/
13155,1,https://www.city.kitamoto.lg.jp/soshiki/kodomokenko/kenko/gyomu/g8/15920.html
13156,1,https://narayamaclinic.com/
13157,1,https://www.nagato-clinic.or.jp/confinement/postnatal-care.php
13158,1,https://www.sara-lovebaby.com/
13159,1,https://www.city.fujimi.saitama.jp/kosodate_kyoiku/kosodate_oen/nenreibetsu/baby/baby/sango-care.html
13160,1,https://kamakitajyosanin.wixsite.com/kamakitajyosanin2005
13161,1,https://abe-jyosanin.pleasure.jp/
13162,1,https://www.leaohana8.com/
13163,1,https://ookinaki-josanin.com/
13164,1,https://www.yuki-mw.net/
13166,1,https://www.hasumiclinic.jp/contents4.html
13167,1,https://floramw.com/sango-2/
13168,1,http://blog.livedoor.jp/komekko_house/archives/1085686519.html
13172,1,https://www.yoginimidwifeasami.com/
13174,1,https://www7d.biglobe.ne.jp/~iijima-jyosanin/
13176,1,https://www.fukaya.jrc.or.jp/
13177,1,https://www.kouhokai.or.jp/tamayodo/
13188,1,https://medical.kameda.com/kfct/
13189,1,https://honomi-josannin.com/
13191,1,https://www.midwife-chiba.org/
13193,1,https://oppa.oketani.or.jp/view/T70jwVqlJGDmuk6P6UYGa5gEYJihwlub1MsJQZhBrvO
13194,1,https://mothers.oketani.or.jp/view/5f5MAoAum5DMQy9ZEsGHvvrm69psEow7DH9oA5qBZOE
13195,1,https://38hatori.jimdofree.com/
13196,1,https://kiminomori.xsrv.jp
13197,1,https://oppa.oketani.or.jp/view/DqD0wknnFD7v0iimKomqu2CpDtBiu5X8xW698sCBIhE
13198,1,https://www.midwife-chiba.org/
13200,1,https://www.minnanojiccachiba.jp/
13201,1,https://oppa.oketani.or.jp/view/CBRtI0qrd1ZChd2eIpnJV5fCeMg1Ke11m2Z8jrtepZw
13204,1,https://otaka-birth.jp/
13206,1,https://morikawa-clinic.jp/maruru/
13207,1,https://www.miduki-josanninn.net/
13208,1,https://nanohana-clinic.jp/care/fifteen/
13210,1,https://www.wps123-10.com/about
13211,1,https://maruyama.kenkenpa.net/
13212,1,http://www.abiko-clinic.or.jp/
13215,1,https://www.kubonoya.or.jp
13216,1,https://www.ywh.or.jp
13218,1,https://www.city.urayasu.lg.jp/kodomo/kosodate/shien/1009814/1015222.html
13219,1,https://www.city.urayasu.lg.jp/kodomo/kosodate/shien/1009814/1015222.html
13220,1,https://www.city.urayasu.lg.jp/kodomo/kosodate/shien/1009814/1014439.html
13221,1,https://www.city.urayasu.lg.jp/kodomo/kosodate/shien/1009814/1046171.html
13225,1,http://le-ali-postpartum-care.com/
13228,1,https://mommy-aroma.crayonsite.com
13230,1,https://mikadukijyosanjyo.skr.jp
13233,1,http://r.goope.jp/josanin-yui/
13235,1,http://38hrtori.jimdofree.com/
13236,1,https://obatakai.or.jp/
13237,1,https://hospital.luke.ac.jp/guide/maternity/mch.html
13238,1,https://www.nihon-u.ac.jp/hospital/
13239,1,https://sarai.toho-clinic.or.jp/
13240,1,https://www.torikoe.com/
13241,1,https://kanon-houkan.jp/chiyoda
13242,1,https://aiikustation.com/
13244,1,https://hospital.luke.ac.jp/guide/maternity/mch_shortstay.html
13245,1,https://www.city.bunkyo.lg.jp/b029/p001559.html
13246,1,https://www.city.bunkyo.lg.jp/b029/p001560.html
13247,1,https://clover-kodomo.com/
13248,1,https://ohisama-zyosanin.amebaownd.com/pages/1788371/profile
13249,1,https://www.nishiyama-jyosaniin.jp/index.html
13250,1,https://josanineclattokyo.com/
13251,1,https://www.showa-u.ac.jp/SHKT/
13252,1,https://sarai.toho-clinic.or.jp/
13253,1,https://sukoyakajyosanin.jimdofree.com/
13254,1,https://www.tmhp.jp/bokutoh/index.html
13255,1,https://www.san-ikukai.or.jp/sumida/hospital/
13256,1,https://www.shinwadelanature.jp/
13257,1,https://nagomi-oketani.com/
13271,1,https://www.nmct.ntt-east.co.jp
13272,1,https://www.ikuryo.or.jp/maternity/care/
13273,1,https://www.thcu.ac.jp/access.html
13274,1,https://shinagawaminatomw.com/index.html
13275,1,https://www.setagaya-josanshi.org/
13276,1,https://sakurabirth.jp/access/
13277,1,https://www.towa-ie.com/about-3
13278,1,https://www.mamisapo.com/
13279,1,https://www.tmhp.jp/ebara/index.html
13280,1,"https://coubic.com/otamw/3185806（大森）
https://coubic.com/otamw/1657895（蒲田）
https://coubic.com/otamw/3959190（調布）"
13282,1,http://www.takekurabe-midori.com/
13283,1,https://sango-midwife.jp/index.html
13284,1,http://www.inami-shounika.jp/mama/
13286,1,https://www.sakuradai-mc.com/
13287,1,https://nakanosakaue-oketani.com/index.html
13288,1,https://pam.pupu.jp/sanba/menu/
13289,1,https://home.tsuku2.jp/storeDetail.php?scd=0000130279
13290,1,https://kaeru-josanin.com/
13291,1,https://piyopoco.hp.peraichi.com/
13292,1,https://www.yamada-clinic-nakano.com/
13293,1,https://www.taratine.com/
13294,1,http://www.waseda.oketani-school.jp/
13297,1,https://komorebi-oketani.com/
13298,1,https://www.takagi-josanin.com/
13299,1,https://mamaperche.com/
13300,1,https://harukaz.com/harukaze_home/
13301,1,https://tanaka0028.cocolog-nifty.com/
13302,1,https://piyopoco.hp.peraichi.com/
13303,1,https://marunko.org/
13304,1,https://fuwamaru-kichijoji.com/
13305,1,https://lit.link/ubusuna35
13306,1,https://www.kazuka.jp/
13311,1,https://shy-kusu-7878.bambina.jp/
13313,1,https://r.goope.jp/midukijosanin/
13314,1,http://www.harujosanin.com
13315,1,https://swan-lc.com/
13316,1,http://tainomi.com/
13317,1,https://hokkoriino-sango.jimdofree.com/
13318,1,https://hokkoriino-sango.jimdofree.com/
13319,1,http://www.hearthotmama.club/
13320,1,https://www.youandmejosanin.com/
13321,1,https://luanajyosanninn.wixsite.com/website
13322,1,https://nanohana-oketani.jimdofree.com/
13323,1,https://takashimadaira-clinic.jp/
13324,1,https://kujirajosanin.jp
13325,1,http://hauoli-josanin.com/
13326,1,https://www.ryokushinkai.com/hidamari/
13327,1,https://lit.link/ubusuna35
13328,1,https://www.pao-jo.com/
13329,1,https://www.futaba-oketani.com/
13330,1,https://madrecasa.my.canva.site/
13332,1,https://sites.google.com/view/yuri-midwife
13333,1,https://babykids-space-makana.jp/
13334,1,https://itsuki-josanjo.com/
13335,1,https://asanomi-jyosanjyo.com/
13336,1,https://purewellness0321.wixsite.com/puresalon
13337,1,https://kumai-jyosanin.com/
13338,1,https://www.yabuta-josanin.com/
13339,1,https://komaca.app/aoichildbirth/
13340,1,https://kokomaru.tokyo/
13341,1,https://www.yamanomidwife.com/
13342,1,https://www.saki-josanin.com/
13343,1,https://ayajosanjo.com/
13344,1,https://asunaro-birth.com/
13345,1,https://shiphrah.jp/
13346,1,https://mirai-josanjo.com/
13347,1,https://fuwamaru-kichijoji.com/
13348,1,https://harukaz.com/reservation/
13349,1,https://www.kinoshita-lc.com/
13350,1,https://www.trshp.jp/
13351,1,https://www.iwakura-byoin.com/
13352,1,https://aoki-midwife.studio.site/
13353,1,https://table-is-waiting2017.amebaownd.com/
13354,1,https://www.midwifemap.com/mysite/ehara/
13356,1,https://solamame-josanin.com/
13357,1,http://takahashijo.web.fc2.com/
13359,1,https://liko-jyosanin.jimdofree.com/
13360,1,https://www.noa-jyosanin.net/
13361,1,https://www.tokyorinkai.jp/news/pdf/sango_care.pdf
13379,1,https://www.t-kenseikai.jp/tachikawasougo/
13380,1,https://hopejyosanin.square.site/#
13381,1,https://musashino-ladies.jp/
13382,1,https://fuwamaru-kichijoji.com/
13383,1,https://musashino-jyosanshi.com/
13384,1,https://www.kyorin-u.ac.jp/hospital/
13385,1,https://motherese.jp/
13386,1,https://www.akiyamakodomo.com/mamaandbaby/
13387,1,https://www.akiyamakodomo.com/mamaandbaby/
13388,1,https://sagefemme-sango.com
13389,1,https://www.city.mitaka.lg.jp/c_service/109/109440.html
13390,1,https://aijo.tokyo/index.html
13392,1,https://enokido-oketani.com/
13393,1,https://www.mana-oketani.com/
13394,1,https://peraichi.com/landing_pages/view/nijinojyosanin
13395,1,https://www.city.fuchu.tokyo.jp/shisetu/kosodate/houkatsushien-mirai/index.html
13396,1,https://www.mebukin.com/
13397,1,https://www.lienjyosanin.com/
13408,1,https://www.akari-oketani.com/care.htm
13409,1,https://bonyu.jp/
13410,1,https://avectoi-oketani.com/access/
13417,1,https://www.bulecarnation.com/
13418,1,https://anis.shinya-wc.jp
13419,1,https://www.medical-center.co.jp/uchino_care.php
13420,1,https://www.tsuchiyaclinic.com/
13421,1,https://www.shinya-wc.jp/obs-sango.php
13422,1,https://www.salonfuwafuwa.com/
13423,1,https://higashiyamato-josanin.com/
13424,1,https://www.nagai-h.com/sangocare
13427,1,https://www.fussahp.jp/obstetrics/sango-care_copy.html
13428,1,https://maruyamajosanin.com/access/
13429,1,https://hitomibn.site/
13430,1,https://ruruq-postnatalcare.com
13431,1,https://aijo.tokyo/
13432,1,https://sukusuku-moriuchi.blogspot.com/
13433,1,https://pleasure-ymj.amebaownd.com/
13434,1,https://osarikeiko.wixsite.com/bonyuikuji-hp
13435,1,https://www.midwifemap.com/mysite/takamura/
13436,1,https://mamas-h.com/
13438,1,https://home.tsuku2.jp/storeDetail.php?scd=0000132121
13439,1,https://smilebby.com/
13444,1,https://www.chiisakihana-mw.com/
13446,1,https://midwifemegumi.com/
13448,1,https://tsuku2.jp/miyauchi
13449,1,https://peraichi.com/landing_pages/view/okiyama-houmon-oketani
13450,1,https://www.midwifemap.com/mysite/aobadai-oketani/
13451,1,https://hanahanajyosaninn.studio.site/
13452,1,http://ishikawabonyu725.com/
13453,1,https://www.kokone-smile.com/access
13454,1,jyosan.yoshi@gmail.com
13455,1,https://www.hug-mum-baby.com/
13456,1,http://mamaakasoudan.net/
13457,1,http://kamijyo-oketani.jimdo.com/
13458,1,https://www.coconoa-ohana.com
13459,1,https://tumugi-jyosanin.com
13460,1,https://sites.google.com/view/aoi-bfco
13462,1,https://www.sango-sango-yukiko.com/
13463,1,https://midwife-mizuki.com/
13464,1,https://tsuzukibonyu.jp/
13465,1,https://www.smile-saako.com/
13467,1,https://nojirisoudan.com
13468,1,https://hidamarihahaco.jp/
13469,1,https://mwayaka.com/
13472,1,https://popotanwatage.wixsite.com/-site
13473,1,mw.kaoruikuji@gmail.com
13474,1,https://harmoniaetamor.jimdofree.com/
13475,1,https://yamamotomccr.biz/
13476,1,https://josanjo-matsumoto.jimdosite.com/
13477,1,https://mid-u.life/
13478,1,https://shucchoiusenmonmwhatayamaserika.jimdosite.com/
13479,1,https://www.axera.co.jp/yonamine/
13481,1,https://mwyukinko.com/
13482,1,https://umi-nagisa-kotsubanjiku.amebaownd.com/
13483,1,https://sunflower-josanin.com/
13485,1,https://mamasalonakaaka.amebaownd.com/
13486,1,https://www.instagram.com/mw.mirai/?igsh=MWpxaXBqeXJkMXdwMg%3D%3D&utm_source=qr
13488,1,https://www.bonyusoudan.jp/
13490,1,https://akaringomwc.com/
13491,1,https://yokosuka-shimin.jp/index.html
13492,1,https://midwifeyokosuka.wixsite.com/my-site/postpartum-care
13493,1,https://sanba.littlehappy.baby/
13494,1,https://oppa.oketani.or.jp/view/BoWQ5ljv4VBwfzwKk9xERUPazPQqNPjM53eoDrBE2Mq
13495,1,https://mirai.p-kit.com/
13496,1,https://lunaluna-josanin.com
13497,1,https://tanpopo-baby.com/
13498,1,https://babylihi.com/
13499,1,https://mw-ouchi.com/
13500,1,https://memoka-josanin.com/
13501,1,https://www.midwifemap.com/mysite/kuribo/
13502,1,https://tsumugi-mw.amebaownd.com/
13503,1,https://www.mamana-house.com/
13504,1,https://mayumijosanin.com/
13505,1,http://takahashi-bonyu.com/
13506,1,https://www.aiiku-hos.or.jp/
13507,1,https://birthhome.skgh.jp/
13508,1,https://amanesamba.com/
13509,1,https://uminosachi.cloud-line.com/
13510,1,https://hidamari0429.wixsite.com/cat2
13511,1,https://tetote.weebly.com/
13512,1,http://www.kugenumaclinic.jp/
13513,1,https://birthcare.jp/
13514,1,https://www.nagisa-mw.com/
13515,1,https://shonan-mw.com/
13516,1,https://www.yachiyo-jyosanin.com/
13517,1,https://aozorabonyu.com/
13518,1,https://www.hoshinoko.online/
13519,1,https://myu-rie.crayonsite.info/
13520,1,http://akane.if.land.to/
13521,1,https://cotocoto.sunnyday.jp/
13522,1,https://umi-totsuki.com/
13523,1,https://umikazejosanin.com/
13524,1,https://shizukumw.com/
13525,1,https://imari-josanin.com/
13529,1,https://atsugi-mw.jimdosite.com/産後ケアご希望の方へ/
13530,1,https://umi-nagisa-kotsubanjiku.amebaownd.com/
13531,1,https://www.harmoniaetamor.com/
13532,1,https://www.axera.co.jp/yonamine/
13533,1,http://www.sangocare-mebae.com/index.html
13534,1,https://arigatoujosanin.jimdosite.com/
13535,1,https://www.h-in-a.com/
13536,1,https://treatmentroom-green.jimdofree.com/
13537,1,https://www.city.isehara.kanagawa.jp/top.html
13539,1,https://mamalu.jimdosite.com/
13543,1,https://sunflower-josanin.com/
13544,1,https://www.mw-oriori.com/
13546,1,https://www.harmoniaetamor.com/
13547,1,https://chibarie.amebaownd.com
13548,1,https://www.fureai-g.or.jp/ayase-hp/obstetrics-and-gynecology/#idea
13551,1,https://www.dr-maeda.co.jp/
13553,1,https://kanagawa-josanshi.com/institution_info.html?id=99
13554,1,https://town.matsuda.kanagawa.jp/
13555,1,https://www.town.yamakita.kanagawa.jp/
13556,1,https://www.town.manazuru.kanagawa.jp/
13557,1,https://umi-totsuki.com/
13558,1,https://www.town.yugawara.kanagawa.jp/soshiki/22/2514.html
13559,1,https://www.town.aikawa.kanagawa.jp/soshiki/minsei/kenko_suishin/1422276180942.html
13561,1,https://www.sankafujinka.jp/sakura/
13562,1,https://rakkuriya.com/
13563,1,https://rainbowsmiles.jp/
13564,1,https://www.happy-mama-ouendan.jp/
13565,1,https://chiharaclinic.jp/info.html
13566,1,https://clair-de-lune-2017.wixsite.com/website
13568,1,https://fukukame-josanin.com/
13569,1,https://spring-sheep.jimdofree.com/
13576,1,https://oyakotete.com/
13577,1,https://nireibaby.jimdofree.com/
13582,1,https://morikawa-b-i-s7.crayonsite.info/
13583,1,https://www.kirakira-niigata.com
13584,1,https://corp.famiclecare.com
13585,1,https://happinars.com/
13588,1,https://midwife-nakamura.jimdofree.com/
13590,1,https://nkitty570.wixsite.com/mamanomikata0110?utm_source=ig&utm_medium=social&utm_content=link_in_bio
13591,1,https://josanin-ecozen.com/
13592,1,https://niigata-midwife.jp/search_cyuetsu.html
13593,1,https://niigata-midwife.jp/search_cyuetsu.html
13594,1,https://josanin-ecozen.com/
13595,1,https://www.city.kamo.niigata.jp/
13598,1,https://www.city.murakami.lg.jp/uploaded/attachment/69650.pdf
13603,1,https://www.instagram.com/itoigawa.sango.care/
13604,1,https://www.city.myoko.niigata.jp/docs/56865.html
13607,1,https://niigata-midwife.jp/
13617,1,https://machinaka-care.city.toyama.lg.jp/guide/svGuideDtl.aspx?servno=14&cd=0101
13621,1,https://www.med-takaoka.jp/images/sangocare.pdf
13627,1,http://www.kouseiren-namerikawa.jp/
13632,1,https://www.prat-form.com/
13640,1,https://hokuriku-ctr-hsp.jp/infomation/news/entry-621.html
13642,1,https://himawarijosanin.com/
13644,1,https://kinari-jyosanin.com
13645,1,https://prat-form.com
13647,1,https://www.kamiichi-hosp.jp/
13649,1,https://mizuimw-soudan.com/
13651,1,https://kujirajosanin.com/
13653,1,https://hahamaru.my.canva.site/website
13656,1,https://www.city.suzu.lg.jp/site/suzuhp/index.html
13658,1,https://yutaka-mw.com/
13659,1,https://kanazawa-seirei.jp/
13660,1,https://peraichi.com/landing_pages/view/tmh57/
13661,1,https://oppa.oketani.or.jp/view/uAUaoQwLDc8nQYEA7clf8gVcABFcMbTROeBYpAZPsUh
13662,1,https://asami-duo.com/
13663,1,https://ishikawa-midwife.com/
13678,1,https://hinata-womens-clinic.jp/
13680,1,https://fukui.jcho.go.jp
13682,1,https://zutto123.com/
13696,1,https://www.city.awara.lg.jp/mokuteki/health/kenkouiryou/boshihoken/sangocare-awara.html
13720,1,https://www.town.fukui-wakasa.lg.jp/
13721,1,https://www.kenkoudai.ac.jp/sangocare
13722,1,https://www.genkikids-clinic.dom/aftercare/
13724,1,https://www.city.fujiyoshida.yamanashi.jp/site/kosodate/1408.html
13725,1,https://www.city.tsuru.yamanashi.jp/soshiki/kenkoukosodate/kodomokatei/14204.html
13726,1,https://nirasaki-josanin.com/
13727,1,https://midwife.jp/kodama
13728,1,https://tutuballet-midwife.com/
13729,1,https://tabisuru-yukawaayako.my.canva.site/
13732,1,https://www.kenkoudai.ac.jp/sangocare/
13733,1,https://tette-fujinomiya-sango.com/
13743,1,https://hiyori-ikujiroom.com
13745,1,https://moms-sun.com
13747,1,https://cocowa-care.studio.site
13750,1,https://lunascentmw.com
13751,1,https://natsume-mw.studio.site
13760,1,https://sambar3kumi.wixsite.com/sambar3kumi
13761,1,https://josanjo-himeguri.com/
13762,1,https://watowajyosanin.com/
13764,1,https://shinojo.jimdofree.com/
13767,1,https://yurumarm.jimdofree.com/
13768,1,https://www.suwa-jyosanin.com/
13769,1,https://mibu1103.wixsite.com/mysite
13770,1,https://nanohanajosanin.wixsite.com/nanohana
13772,1,https://www.yoshimi-josanin.com/
13794,1,http://santamama.2nd-moon.com/
13798,1,https://kklc.jp/
13800,1,https://nagano-midwife.com
13803,1,https://www.omachi-hospital.jp/f211751d193fc67fd02ca7319a1d0866aaac1ee3.pdf
13807,1,https://josaninsansan.wixsite.com/sansan
13814,1,https://asamaghp.jp/
13815,1,https://aile.2nd-moon.com/
13820,1,https://haretahino.amebaownd.com/
13826,1,https://ohisama5884.jimdofree.com/
13827,1,https://hiyori-ikujiroom.com/
13829,1,https://www.hana-josanin-sangocare.com/
13832,1,https://www.suwa.jrc.or.jp/
13833,1,https://nanohanajosanin.wixsite.com/nanohana
13834,1,https://www.midwifemap.com/mysite/miyujyosanin/
13835,1,https://medetaya-josanin.com/
13836,1,https://www.okaya-hosp.jp/
13850,1,https://hagimotojyosanin.com/
13851,1,https://gyn.nishizawa-hp.jp/
13852,1,https://shimoina.jrc.or.jp/
13855,1,https://www.hayashi-mc.jp
13858,1,https://josanin-sana.com/
13859,1,https://www.instagram.com/josanjo_tomo/#
13860,1,https://nwlc.jp/
13867,1,https://www.miasa-forest.com
13869,1,http://iisoudan.jimdo.com/
13870,1,https://iwasa-gifu.or.jp/
13872,1,http://gifu-jyosanshi.org/
13873,1,https://www.ootuka-lc.com/ootuka/
13874,1,https://climama.jp/
13876,1,https://suzuran-group.com/jyosanin/
13877,1,https://www.nico-jyosanin.com/
13880,1,https://gujo-akarijosanin.com/
13884,1,https://tono-chubu.gfkosei.or.jp/
13885,1,https://tsukada-lc.com/
13887,1,http://tomatsu-lc.com/
13888,1,https://www.city.kani.lg.jp/19686.htm
13899,1,https://www.gero-hp.jp/
13900,1,https://www.town.ginan.lg.jp/2980.htm
13902,1,https://mama-baby.jp/
13903,1,https://www.gifu-jyosenshi.org
13904,1,http://www.gifu-jyosanshi.org/
13905,1,https://www.town.sakahogi.gifu.jp/life/child/child26.html
13906,1,https://www.town.tomika.gifu.jp
13907,1,http://www.gifu-jyosanshi.org/
13908,1,https://www.hichiso.jp/category/fr7so/kenfuku/
13910,1,https://www.tamagawa-j.com/
13911,1,http://www4.tokai.or.jp/michi-josanjo/
13912,1,https://line.me/R/ti/@628trgbx
13913,1,https://lit.link/jyosaninhanahakka
13914,1,https://k-shinoda.com/
13915,1,https://jasmine.themedia.jp/
13917,1,https://line.me/R/ti/p/@950vihhs
13918,1,https://shojisan.jp/
13919,1,"https://instagram.com/uminoiro
55?r=nametag"
13920,1,https://line.me/R/ti/p/@791towxd
13921,1,http://www.es-bloom.com/
13922,1,https://tanpopo-oh.com/
13923,1,https://ami-san.com/
13924,1,https://sayaka-kimiiro.amebaownd.com
13925,1,https://ohanamw.wixsite.com/ohana
13926,1,https://www.satojyosanin.com/
13927,1,https://misako3703.wixsite.com
13929,1,https://line.me/R/ti/p/@942xsove
13936,1,https://www.tanaka-og.com
13937,1,https://midwifenumazu.web.fc2.com
13938,1,https://lit.link/midwiferyfuwafuwa
13940,1,https://www.city.atami.lg.jp/kosodate/ninshin/1004186.html
13954,1,https://tsubasajyosanin.com
13955,1,https://womens-care-midori.com
13956,1,https://sachijyosanin2001.jimdofree.com/
13957,1,https://www.hona-house.com/
13960,1,https://www.sora-taka.com
13962,1,https://maaru-josanin.jp
13963,1,https://fuji-birth-cl.com/
13964,1,https://sites.google.com/view/terrassecoucou/home
13967,1,https://kaba-san.org/
13968,1,https://nijinoie-josanin.com/
13970,1,https://jyosanin-nico.com/
13971,1,https://r.goope.jp/mwkaneko/
13972,1,https://kmcare.web.fc2.com/
13973,1,https://ayaha-supporter.com/
13974,1,https://www.mammy1010.com/
13975,1,https://itsutsunowa.wixsite.com/itsutsunowa
13986,1,http://www.kikugawa-hosp.jp/
13987,1,https://www.seirei.or.jp/hamamatsu
13988,1,https://www.mammy1010-sango.com/
13989,1,https://www.momo-f.com/
13990,1,https://r.goope.jp/dreamy/
13991,1,https://www.sora-taka.com
13992,1,https://www.hona-house.com/
13994,1,https://www.kanuki-iwahata.com
13995,1,https://hanaemijyosanin.com
14050,1,https://kato-josanin.com/care/
14051,1,https://www.city.kasugai.lg.jp/kosodate/ninshin/1002216/1002404/index.html
14052,1,https://www.midwifemap.com/mysite/midwife-mikotom
14054,1,http://yamanakajyosanin.deci.jp
14058,1,https://honobono-jyosanin.jimdofree.com/
14062,1,https://mothers-place.net/
14063,1,https://fsalon.amebaownd.com/
14064,1,https://nami-josanin.com/
14065,1,https://hahako.love/
14066,1,https://akaakamw.wixsite.com/akaaka-1
14079,1,https://www.parkbell.jp/
14080,1,https://yoshimuraasahi.com/
14082,1,https://www.sawanojosanin.com/
14083,1,http://www7b.biglobe.ne.jp/~fuuhouse/index.html
14085,1,https://shinanoki-houmon.jimdosite.com/
14086,1,https://hidamaritoukai.amebaownd.com/
14088,1,https://myherb-baby.com/
14089,1,http://www.harada-lc.com/
14090,1,https://hospital.fujita-hu.ac.jp/
14094,1,https://konankosei.jp/
14095,1,https://www.aichi-midwife.com/
14106,1,https://www.town.oharu.aichi.jp/2552.htm
14107,1,https://www.sakuranbo-jyosanin.com/
14108,1,https://kmc-care.jp/care/
14112,1,https://mimoza0409.amebaownd.com/
14116,1,https://midwife.entracte.mie.jp/
14117,1,https://mizuki-josanin.jp/
14120,1,https://www.tochinomijyosannjyo.com
14121,1,https://support-seiriki.com
14122,1,https://mosh.jp/umimachi/home
14123,1,https://see-mama.com
14124,1,https://www.kassai-lc.com/
14128,1,http://micmie.jp/
14129,1,http://iwahana.info/
14130,1,https://josanninn-goennmaru.jimdosite.com/
14131,1,http://kokokara-mw.jimdo.com/
14133,1,https://page.line.me/301lcldh
14134,1,https://www.instagram.com/mamano_tomo/?hl=ja
14135,1,https://josanin-felice.jimdofree.com/
14137,1,https://josaninohana.wordpress.com/
14139,1,https://www.hittsuki.com/
14142,1,https://kiwa-jyosanjyo.jimdofree.com/
14143,1,https://www.instagram.com/uraraka.josanshi/?hl=ja
14145,1,https://www.instagram.com/josanin_ito/
14147,1,https://www.atu-oketani.com/
14148,1,https://shimbomw.jimdosite.com/
14149,1,https://r.goope.jp/sakura-jyosanin/
14150,1,https://support-seiriki.com/
14151,1,https://www.city.nabari.lg.jp/s033/040/100/160/20241213132050.html
14152,1,https://www.facebook.com/people/%E5%8A%A9%E7%94%A3%E5%B8%AB%E7%9B%B8%E8%AB%87%E5%AE%A4%E3%81%84%E3%81%AE%E3%81%A1%E3%81%AE%E3%81%8B%E3%81%8C%E3%82%84%E3%81%8D/100057157252886/#
14156,1,https://midwife.main.jp/
14157,1,https://www.kassai-lc.com
14164,1,https://www.nakabe.or.jp
14165,1,https://aiai-midwife.com/2021/11/08/%E3%80%90%E6%96%B0%E7%9D%80%E3%80%91%E7%94%A3%E5%BE%8C%E3%82%B1%E3%82%A2%E4%BA%8B%E6%A5%AD%E6%8B%A1%E5%85%85%E3%81%AE%E3%81%8A%E7%9F%A5%E3%82%89%E3%81%9B/
14166,1,https://www.kyotohimawarijosanin.com/
14167,1,https://makotomw.amebaownd.com/
14168,1,https://makotomw.amebaownd.com/
14169,1,https://instagram.com/mw.ruban
14170,1,https://ciao-bambini.jp/wp/?page_id=9768
14171,1,https://ppch-j.com/kyoto.html
14172,1,https://babymam.onedrop-kyoto.net/
14173,1,https://www.nyuujiin-sekkeien.jp/
14174,1,http://www.coucou-clinic.com
14177,1,https://maizuru.kkr.or.jp/
14178,1,https://akojyosanninn.jimdofree.com/
14179,1,https://kyoto-mw.jp/
14180,1,https://www.city.ayabe.lg.jp/0000003159.html
14191,1,https://www.mineyama-fukusikai.jp/
14195,1,https://www.kameoka-mana.com
14196,1,https://idesan653009.com/
14198,1,https://www.city.kyotango.lg.jp/kosodate/ninshin/10702.html
14199,1,https://fuyuki-josanin.com/
14202,1,https://kyoto-mw.jp/
14203,1,https://kaya-yamanoie.com/
14204,1,https://www.josansi.org
14205,1,https://pista-midwifely.com
14206,1,https://www.sakai-city-hospital.jp/
14207,1,https://www.hamanaka.or.jp
14208,1,https://www.lamp0410.com
14209,1,https://akarinoie.moo.jp
14210,1,http://www.jyosanin-hawnau.com
14213,1,https://oppa.oketani.or.jp
14214,1,https://enajosanin.my.canva.site
14217,1,https://nagomimagokoro-josanin.com
14266,1,https://tocca-official.com/
14267,1,https://kafuu.jyosanin.com/
14268,1,https://www.midwife383.com/pokkapoka/midwife.html
14269,1,https://honwaka-okanmw.com/
14270,1,https://hbcl.jp/
14271,1,https://kirin-family.com//産後ケアハウス「グレースの森」
14272,1,https://umi-birth.com/
14274,1,https://lit.link/en/utajosanin
14275,1,https://kerokoclub.com/
14276,1,https://oppa.oketani.or.jp/view/ineBHEfiy64bcEXD2DHdTYTmOWgLGyeT8mR4k5HYp5E
14278,1,https://www.hahako-mw.com/
14279,1,https://fukumijyosanin.com/
14281,1,https://josanin-trust-masuda.localinfo.jp/
14283,1,https://www.lamp0410.com/
14284,1,https://hasegawa-jyosansho.jimdosite.com/
14285,1,http://www.kitajyosanjyo.jp/
14287,1,https://yasashiiumi.wlxsite.com/hitomijosanin
14288,1,https://cocoro310.net/
14289,1,https://www.josansi.org/care_center/index.html#facility
14290,1,https://sango.kosaka.or.jp/
14292,1,https://mamalabo.jp/
14293,1,https://hito-yasumi.com/4
14294,1,https://www.seichokai.or.jp/hannan/
14295,1,https://megjosanin.com/
14296,1,https://josanjo-olivenoki.com/
14297,1,https://kurashi-no-josanjo.com/
14298,1,https://yamamotojosanin.studio.site/
14299,1,https://kamiya-clinic.or.jp/
14301,1,https://www.akushu-oosaka.com/
14302,1,https://tsuda-jyosanin.com/amane/
14303,1,https://jyosanin-kasumisou.com/
14304,1,https://amane-josanin.com/
14326,1,https://www.wch.opho.jp/
14327,1,https://www.ra.opho.jp/
14328,1,http://kanai-clinic.com/
14329,1,https://amagasakidaimotsu.aijinkai.or.jp/
14330,1,https://ama-hch.jp/
14331,1,https://shomura-jyosanin.ciao.jp/
14332,1,https://haru-jyosanin.hp.peraichi.com/
14333,1,https://www.nijiiro-mamanote.com/
14334,1,https://ppch-j.com/hommachi/?gad_source=1&gclid=CjwKCAjwps-zBhAiEiwALwsVYX6TvPgUNg6R8N87OBrA5yj2t2LZADVygJnzlIHFE6e9dXjYoVIO1BoCugMQAvD_BwE
14335,1,https://www.akashi-shiminhosp.jp
14336,1,https://www.taratinenohaha-salon.baby
14337,1,https://sango-hinata.com
14338,1,https://www.ringo-mw.com
14339,1,https://maikomairu.jimdofree.com
14340,1,https://josansho-kinari.com
14341,1,https://studioposture.com/midwiferyhouse
14342,1,https://umekawa-mwc.com
14343,1,https://sakura-midwifery-home.com
14344,1,https://www.midwifemap.com/mysite/misora-josanin
14345,1,https://naomijosanin.jimdofree.com
14346,1,https://www.mamascare.com/
14347,1,https://www.midwifemap.com/mysite/nishinomiya/
14348,1,https://www.midwifemap.com/mysite/umekkojyosannsyo/
14349,1,https://www.hahakoyawaragi.jp/
14350,1,https://broad-iki-4416.babyblue.jp/
14351,1,https://www.belle-josanin.com/
14352,1,https://www.midwifemap.com/mysite/hokkori/
14353,1,https://ishida-jyosan.com/
14354,1,https://familyforest.tgc.or.jp/mothersnest/
14355,1,https://myjyosanin.com/
14356,1,https://www.hosp.yoka.hyogo.jp/page/index.php?mode=detail&page_id=e38f76eb044f4d70a79ca0f9e25c6a0d
14357,1,https://midwifeamigoplanet2.wixsite.com/amipulazyosanin
14358,1,https://yuri-koala-room.jimdosite.com/
14361,1,https://www.daimon-cl.com/sanzensango
14362,1,https://nanairojosanin.com/
14364,1,https://www.city.yabu.hyogo.jp/soshiki/kodomoyumeegao/kosodateoen/2_1/6677.html
14365,1,https://www.nagaimidwife.com/
14374,1,https://www.okamura-cl.com/
14375,1,https://meito-carehome.com
14376,1,https://ha-tsuki.com
14377,1,https://www.jyosansyowa.com
14378,1,https://pocoapoco-sango.com/
14379,1,https://josanjo-musubi.jimdofree.com/
14380,1,https://nonno-josan.com/
14381,1,https://motheringhouse.com/
14382,1,https://jyosanshi-soeru.jimdoweb.com/
14383,1,https://babys-breath-oketani.com/
14384,1,https://www.nozomi-jyosanin.com/
14393,1,https://enmei.jp/service/maman/
14401,1,http://www3.kcn.ne.jp/~m-sanba/
14404,1,https://www.town.yoshino.nara.jp/soshiki/chojufukushi/iryo/bishihokenjigyou/ninshinshussan/1609.html
14405,1,http://www.town.oyodo.lg.jp/contents_detail.php?frmId=861#link-5
14408,1,https://midori-josanin.jp/
14409,1,https://www.midwifemap.com/mysite/wanoko/
14410,1,https://lit.link/lytuUfAzqqSVD1LqlnAu3QedIHa2
14411,1,https://www.suzukimaho-mw.com/
14413,1,https://ssl.hp4u.jp/inquiry/site:mw-tsugumi
14414,1,https://hitotsu-wakayama.com
14415,1,https://line.me/R/ti/p/@228fbkau
14421,1,http://www.nnc.or.jp/~k-shima/
14423,1,https://www.fuku-josanin.com/
14425,1,https://arashi-josanin.com/
14427,1,https://www.enomoto.or.jp/
14428,1,https://www.kinan-hp.tanabe.wakayama.jp/
14437,1,https://www.waka-midwife.com/jyosanjyo/birth-house-nakanishi-hosanin
14457,1,https://212mayaya.wixsite.com/nishiemw
14458,1,https://www.mfc.or.jp/
14459,1,https://www.misono-j.or.jp/facility/yonago/yonagobaby.html
14460,1,https://www.hughug-babymama.com/services
14461,1,https://www.sukusukumw.com/
14462,1,https://www2.hosp.med.tottori-u.ac.jp/
14463,1,https://www.housei.website/
14477,1,http://utsubuki-cl.com/
14478,1,https://www.mfc.or.jp/
14479,1,https://www.sikisouzeikuu-life.com/
14480,1,https://tori-josansi.jimdoweb.com/
14481,1,https://tori-josansi.jimdoweb.com/
14483,1,https://212mayaya.wixsite.com/nishiemw
14485,1,https://nalu-jyosanin.studio.site/
14488,1,https://uijosanin.com/about/
14489,1,https://www.maternityhousehana.com/
14500,1,https://www.city.oda.lg.jp/ohda_city/city_scene/205/531/7271
14501,1,https://care-nogi.com/
14502,1,http://oketani-kei.site
14503,1,https://unnan-hp.jp
14504,1,https://www.okuizumo-hospital.jp
14505,1,https://tamamine.jp
14506,1,https://www.iinan.jp/soshiki/12/1306.html
14508,1,https://gov.town.shimane-misato.lg.jp/jinsei/kosodate/8103
14509,1,https://uchikado-josanin.com/
14510,1,http://ogawajyosanin.com/
14511,1,http://ww9.tiki.ne.jp/~bebekaneko/
14512,1,https://www.fkmc.or.jp/data/2385/dept_newsdtl/
14513,1,https://www.megumismidwiferyhome.com/
14514,1,https://ainowablog.com/midwife-ainowa/
14516,1,http://www3.kct.ne.jp/~mama_baby/index.htm
14518,1,https://amaguriru.wixsite.com/nanahoshi
14519,1,https://ohmachi-josan-in.jimdosite.com/
14520,1,https://www.okayama-u-obgyn.jp/birth/birth-hospitalization/
14521,1,http://gryo-healthlabo.com
14522,1,https://www.midwifemap.com/mysite/yurikago
14523,1,https://www.agano-bc.com
14524,1,https://silver715577.studio.site/4#sangocare
14525,1,https://www.okayama-u.ac.jp/user/hospital/
14526,1,http://www.kunitomi-clinic.jp/
14527,1,http://www.momo-lc.jp/
14528,1,https://kinonukumori-jyosaninn.jimdofree.com/
14538,1,https://miyake-miyakegroup.jp/sanka/info/sangocare/
14539,1,https://mimasaka-minnanojyosanin.com/
14540,1,https://satsukijosanin.amebaownd.com/
14543,1,https://katatsumuritsumuts.wixsite.com/katatsumuri
14544,1,https://okayamabonyuikujisoudanshitsu.jimdofree.com/
14546,1,https://michikusajyosanin.jimdofree.com/
14553,1,https://yuhigaoka-jo.com/
14554,1,https://hinata-mh.com/
14558,1,https://futaba.hpho.jp/
14559,1,https://hiroshima-josanshikai.com/
14567,1,https://www.instagram.com/komorebikoguma
14570,1,https://www.instagram.com/p/DAOLfgGSmw7/
14572,1,https://futaba.hpho.jp/
14573,1,http://www.sanada-hp.com/new.html
14578,1,https://hiroshima-josanshikai.com/
14588,1,https://yui-ladies-clinic.com/
14589,1,https://yamaguchih.johas.go.jp/
14590,1,https://noriko-cl.com/
14591,1,https://oppa.oketani.or.jp/view/lf6pqNZnE9OdaTRtvmqcukNkipWZHXLMTDBPmUfqk4h
14592,1,https://himeyamama.jp/
14593,1,https://www.josanin-cigogne.com/
14594,1,https://babysalon.rose-med.com/
14599,1,https://mums-touch.jimdofree.com/
14602,1,https://egaohirogaru.hp.peraichi.com/
14605,1,https://babysalon.rose-med.com/
14606,1,https://www.city.hofu.yamaguchi.jp/soshiki/112/kodomo.html
14614,1,https://www.yui-midwiferyclinic.com/
14615,1,https://yamajosa.stars.ne.jp/
14617,1,https://umeda-hospital.or.jp/
14637,1,https://www.keiai-hp.com/carehouse/
14638,1,https://www.nakayamaobgyn.jp/
14639,1,https://naruto-hsp.jp/
14640,1,https://wcru2.xsrv.jp/midwife/general/
14647,1,https://tokushima-midwife.com
14648,1,https://www.tokushima-hosp.jp
14649,1,https://tph.pref.tokushima.lg.jp/miyoshi
14650,1,https://tokushima-midwife.com/
14651,1,https://jin-niki21.amebaownd.com/
14654,1,https://www.town.minami.lg.jp/docs/2212602.html
14657,1,https://www.nakayamaobgyn.jp/
14673,1,https://kino-josanin.jimdosite.com
14679,1,https://www.fukuiwc.jp
14680,1,https://www.matsuyama-shimin-hsp.or.jp
14681,1,https://takemoto-e-clinic.com
14682,1,https://sanbaemi.com
14683,1,https://nogamidwife.amebaownd.com
14684,1,https://masumijyosanin.localinfo.jp
14685,1,https://minori-jo.amebaownd.com/
14686,1,https://yuita.hp.peraichi.com/yuita/
14688,1,https://maple-imabari.jimdosite.com/
14692,1,https://terao-mh.com
14695,1,https://www.ehimeh.johas.go.jp/
14696,1,https://jyuzen.jp/
14697,1,https://www.konishi-clinic.jp/
14698,1,https://yurikago-clinic.jp/
14699,1,https://www.instagram.com/asanomi_jyosanin/
14700,1,https://www.instagram.com/hitobito_jyosanin/
14701,1,https://sangokea-ehime-niihama-fuwari.hp.peraichi.com/
14702,1,https://www.instagram.com/dongurijyosanin0407/
14706,1,http://himejyo.jp/
14707,1,https://ayakajosanin.amebaownd.com
14709,1,http://maple-imabari.jimdosite.com
14710,1,https://www.town.tobe.ehime.jp/tobekosodateoensaito/index.html
14712,1,https://www.uwajima-mh.jp/
14713,1,https://asai-lc.com
14714,1,http://wwwc.pikara.ne.jp/anita/
14715,1,https://sites.google.com/view/mwkoume
14716,1,https://hughugmombaby.hp.peraichi.com/sanzensangocare#section-82
14717,1,https://www.konohajyosanin.com/index.m.html
14718,1,https://hug-us.jp
14719,1,https://www.instagram.com/nyuwa_midwife?igsh=amJndnRxcWdrdWN0
14720,1,https://www.instagram.com/kochi_sorajosanin?igsh=MXdmNzMxYTI5MHdzbQ==
14722,1,https://mayumi-jyosanin.net/menu/
14723,1,https://www.instagram.com/kimura.jyosanjyo/
14725,1,https://yuima-ru-josanin.com/
14726,1,http://www.inan-hp.jp/
14727,1,https://www.city.shimanto.lg.jp/site/kosodate/3890.html
14730,1,https://www.instagram.com/nyuwa_midwife/?igsh=MWh5MGhua3VqMXQyeg%3D%3D&utm_source=qr%20image4.jpeg#
14736,1,https://nicori.org/
14737,1,https://koalanoouchi-33.sakura.ne.jp/sp/
14738,1,https://orange-mama.com/
14742,1,http://tanagocoromiroku.studio.site/
14751,1,https://www.higashihara.or.jp/
14752,1,https://www.wlc-baby.com/
14753,1,https://nozoenooka.jp/
14758,1,https://nym-mwcaresalon.wepage.com/
14759,1,https://jiaikai-fuk.or.jp/pages/21/
14760,1,https://jyosaninemi.jp/information.html
14761,1,https://www.instagram.com/furauenhausu_kaku/
14762,1,https://lapisjyosanin.my.canva.site/
14763,1,http://pixieheart.jp/
14764,1,https://harujyosanin.com
14767,1,https://maternitys-k.com
14768,1,http://tanagocoromiroku.studio.site/
14771,1,https://yuragi-josanin.com/
14774,1,https://home.tsuku2.jp/storeDetail.php?scd=0000206178
14776,1,http://babykirari.com
14781,1,https://www.momohanamw.com/
14787,1,https://hahatokonosalon-ito.studio.site/
14788,1,https://www.midwifemap.com/mysite/iibasho/
14789,1,https://www.tsumiki-jyosanin.com/
14792,1,http://www.sangocare.com/
14809,1,https://ushijima-lc.jp/
14815,1,https://owlmidwife.com
14817,1,https://www.instagram.com/er_ika636?igsh=N3F0ejB1MTUxeTF4&utm_source=qr
14818,1,http://tanagocoromiroku.studio.site/
14819,1,https://koga-f.jp/
14825,1,https://www.instagram.com/ohana_mama_baby?igsh=MTJrOHk0MTVnNXJqYw==
14838,1,https://rutile-josanin.sakura.ne.jp/
14840,1,http://tanagocoromiroku.studio.site/
14842,1,https://www.instagram.com/mom.and.babys_room/
14846,1,http://www.midwifemap.com/mysite/nogujosan/
14850,1,http://tanagocoromiroku.studio.site/
14855,1,https://mitubazyosanin.com/
14856,1,http://tohsanfujinka.com/
14858,1,https://home.tsuku2.jp/storeDetail.php?scd=0000206178
14860,1,https://home.tsuku2.jp/storeDetail.php?scd=0000206178
14861,1,https://kurateny.sakura.ne.jp
14862,1,https://s-tagawa-hp.tagawa.fukuoka.jp/
14863,1,https://r.goope.jp/kohinata/
14865,1,https://www.town.ooki.lg.jp/
14888,1,https://asanoha-josanin.jimdosite.com/
14889,1,https://www.tanaka-womens-clinic.com/
14890,1,https://akane-babymassage.com/
14891,1,https://siojyosanin.amebaownd.com/
14892,1,https://www.instagram.com/jyosanin.malu/
14894,1,https://www.instagram.com/zemame63
14895,1,https://saga-dandelion.com/
14896,1,https://www.instagram.com/mizo_midwife/
14898,1,https://hitomi-ikuji.info/
14899,1,https://momo1988.choumusubi.com/
14900,1,https://www.tsunagu-mizuta.com/
14901,1,https://www.city.karatsu.lg.jp/site/kosodate/2166.html
14902,1,https://candle-heart.com/station/
14903,1,https://midwife-saga.main.jp/
14904,1,https://www.city.saga-kashima.lg.jp/main/14149.html
14905,1,https://www.town.yoshinogari.lg.jp/lifeinfo/kosodate_kyoiku/kosodate/2416.html
14906,1,https://midwife-saga.main.jp
14923,1,http://omura-central.jp/
14928,1,https://himawari-oketani-nagasaki.jimdofree.com/
14929,1,https://nagatani-oketani.jimdofree.com/
14945,1,https://www.kamigoto-hospital.jp/
14946,1,https://official.shinkamigoto.net/
14997,1,https://hitoyosi.sakura.ne.jp/
14998,1,https://www.instagram.com/josanincocoro/
15004,1,https://tanaka-bonyuu.com/
15005,1,https://mam-mam.jp/
15006,1,https://anaoe0920.wixsite.com/naoe
15010,1,https://www.midwife-kumamoto.com/
15011,1,https://www.tsubame-miki.com/
15021,1,https://www.town.nagomi.lg.jp/soshiki/hoken/kurashi/3_4121/
15022,1,https://kumasan-mw.com/
15023,1,https://www.midwifemap.com/mysite/mamiz-mori/
15025,1,https://jyosanin-hinata-aso.studio.site/
15026,1,https://chiga-c.com/
15027,1,https://jikei-hp.or.jp/
15028,1,https://tanaka-bonyuu.com/
15029,1,https://koga-mw.com/
15035,1,https://kumagunhoukan.wixsite.com/home
15046,1,https://esaitou.jimdofree.com/
15050,1,https://nanairo-niji-mw.com/
15051,1,https://hikida-josanin.my.canva.site/
15053,1,https://www.midwifemap.com/mysite/saera/
15055,1,https://momandbabysalon-en.amebaownd.com/
15058,1,https://www.oita-midwife.com/
15059,1,http://www.ma-rukun.jp/yadakodomo/index.html
15061,1,https://123-jyosanin.com/
15062,1,https://josanjo-sora-usuki.amebaownd.com/
15064,1,https://r.goope.jp/tomarigi/menu/928333
15065,1,https://omamenoouchi.jimdosite.com/
15068,1,https://www.miyoshi-clinic241515.com/
15070,1,https://sukumasu.jp/
15071,1,https://www.hahano-ie.com/
15072,1,http://asoshimaai.sakura.ne.jp/index.html
15075,1,https://www.oita-midwife.com/
15077,1,https://fujita-josanin.com
15078,1,https://www.wagaya-midwiferyhome-883.com
15079,1,https://moanamh.net/
15080,1,https://harehare-josanin.com/
15086,1,https://www.instagram.com/hugmam710?igsh=eWJrMDRtYzl0OHhk&utm_source=qr
15091,1,https://tanaka-obgyn.jp/
15097,1,https://www.instagram.com/kotorin2024.01.04/
15101,1,https://www.town.tsuno.lg.jp/article?articleId=6046e19e786c0f5fdf6fbe10
15103,1,http://tumugu-jyosanin.com/
15104,1,https://mammy.ne.jp/mj/
15105,1,https://www.instagram.com/madoka.mw/
15106,1,https://m.mitsuohouse.jp/
15109,1,https://midwifery-umi.jimdofree.com/
15110,1,https://www.pirka-mw-akune.com/
15111,1,http://sun2.babymilk.jp/
15112,1,https://manma-oketani.com/
15116,1,https://arkaya.jp/
15117,1,http://yuka038153.ec-net.jp/
15119,1,https://www.instagram.com/uminohi_josanin
15120,1,https://www.instagram.com/yunami.mw
15134,1,https://linie-group.jp/office/houmonkango-kagoshima
15135,1,https://yadorigi.amamin.jp
15140,1,https://linie-group.jp/office/houmonkango-aira/
15141,1,https://www.instagram.com/josanshi.samiko/
15142,1,https://www.instagram.com/mw_saki.momtomoni/
15143,1,https://www.satsuma-net.jp/kosodate_manabi/ninshin_shussan/4/3756.html
15154,1,https://kikai-tokushukai.com/
15155,1,https://gajyumaru-home.com
15161,1,https://www.zeroplace.jp
15164,1,https://papillon.care/
15165,1,https://y8a8m.hp.peraichi.com/ijyunohanajyosannin/
15166,1,https://tyura-yorisoi.com/
15168,1,https://www.itokazu-hospital.com/
15170,1,https://okinawakokorojyosanin2025.hp.peraichi.com/
15171,1,https://naokoclinic.suzume-design.net/
15172,1,https://yanbaruhopehill.com/
15173,1,https://tenohirajosannin.com/
15174,1,https://www.instagram.com/y.tomomi_mw/
15175,1,https://www.instagram.com/73mw.aoi/
15176,1,https://www.instagram.com/kumiko_nakasone/
15177,1,https://lin.ee/1g6gjbv
15178,1,https://michikoladysclinic.com/
15179,1,http://kotonohajosanin.hp.peraichi.com/
15180,1,https://bonyuikuji.jp/
15181,1,https://www.instagram.com/coral35baby875/
15182,1,https://www.instagram.com/tagomori_josanin.mw_ayaka/
15183,1,https://www.ena-sakura-j.com/
15184,1,https://www.instagram.com/sakura.mamacare/
15185,1,https://www.instagram.com/akipooh90/?hl=ja
15186,1,https://logoform.jp/form/7EYC/833952
15187,1,https://www.instagram.com/ayuzu_jyosanin/reels/
15188,1,https://www.instagram.com/uminone.josanin/
15189,1,https://www.instagram.com/tenohira_josannin/
15190,1,https://www.instagram.com/akari_jyosanin_uruma/
15191,1,https://jyosan-in-piko.shopinfo.jp/
15192,1,https://www.instagram.com/35care.cotonowa/
15193,1,https://emiriot.wixsite.com/home
15194,1,https://www.t28support.com/sangocare
15195,1,https://www.dandan-josanin2.com/
15196,1,https://lit.link/kukuru919
15198,1,https://karada-kulumi.com/
15199,1,https://tempsjosanin.jp/
15200,1,https://yabiku-ladys-clinic.jp/
15201,1,https://www.tsukino-jyosanin.com/
15202,1,https://www.instagram.com/mws.tory?igsh=ZWd6bnVxdGVmNmZl&utm_source=qr
15203,1,https://www.instagram.com/dan_dan_josanin?igsh=dThtY2RycHRuZTZ5
15204,1,https://www.instagram.com/hana.jyosanin.385?igsh=MXZzY3FtcnN0ZG9nNA%3D%3D&utm_source=qr
15205,1,https://www.bonyuharu.jp/
15212,1,https://www.instagram.com/y.tomomi_mw/
15213,1,https://share.google/V1RPFotik63Uo9aSU
15220,1,https://tenohirajosannin.com/our-story
15221,1,https://mayaterrace.jimdofree.com/
15222,1,https://oppa.oketani.or.jp/view/G6U0qAfgEnm21RXflLExjzeCbezKu06I2uV7UWkHGQK
15223,1,https://yanbaruhopehill.com/
15224,1,https://www.tsukino-jyosanin.com/
15226,1,https://jyosan-in-piko.shopinfo.jp/
15227,1,https://tempsjosanin.jp/
15230,1,https://bonyuikuji.jp/
15235,1,https://www.zeroplace.jp/
15238,1,https://kotuyosi-houkan.com/
15239,1,https://iha-yo.com/
15240,1,https://wwwvill.zamami.okinawa.jp
15243,1,https://www.kph-kumejima-jadecom.jp/
15249,1,https://itp.ne.jp/zenkoku/nagano/azuminoshi/toyoshinaminamihotaka/iryo-kaigo/iryo/josanshi-josansho/josanshi/206755446176641760
15250,1,http://www.mr-anko.com/
15251,1,https://www.mr-anko.com/
15252,1,https://spica-bright-star.amebaownd.com/
15253,1,https://mebaejosanin.amebaownd.com/
15255,1,https://marmelo-baby.com/
15256,1,https://iimachi.net/ms/442385/
15295,1,https://josanin-noriko.net/
15302,1,https://inaobirthhome.jimdofree.com
15303,1,https://www.cocone-kobe.com/
15304,1,https://harecare.jp
15305,1,https://www.nico-jyosanin.com/
15309,1,https://www.midwifemap.com/mysite/takenoko/
15310,1,http://mikoto-mw.com
15312,1,https://tabisurujosanin.com/
15313,1,https://kinugasa-clinic.com
15314,1,http://www.koga-shounika.net/
15316,1,https://sakatajyosanin.com/
15317,1,https://www.jun-lc.jp
15318,1,https://megumi-breastfeeding.jimdofree.com/
15321,1,https://www.ashiya-hosp.com/
15322,1,https://sumioka8808.com/annex/
15323,1,http://sumioka8808.com/sanjyo/index.html
15324,1,https://sumioka8808.com
15325,1,https://takarazukamidwives.wixsite.com/mama-baby
15326,1,https://koyama-josan.com/
15327,1,https://www.kich.itami.hyogo.jp/
15330,1,https://hoyahoya.crayonsite.com/
15332,1,https://mamanomikata.jp/course_category/care1
15335,1,http://www.mamabebi.com/
15336,1,mamwnoki.313@gmail.com
15337,1,https://sites.google.com/view/link-jyosan
15338,1,http://chicojosan.com/
15339,1,https://canakojosanin-home.amebaownd.com/
15340,1,https://www.instagram.com/koharujosansho/
15342,1,https://885tanaka.wixsite.com/home
15343,1,https://www.city.kasai.hyogo.jp/site/hospital/
15345,1,https://www.midwifemap.com/mysite/inouejyosanin
15350,1,http://hagukumijosanin.jimdofree.com
15352,1,https://www.midwifemap.com/mysite/misajosannin/
15353,1,https://makinomidwiferyhome.amebaownd.com/
15356,1,https://mana-mw.amebaownd.com/
15357,1,https://minmarujosanin.info/
15358,1,https://www.instagram.com/midwife_yagi/
15363,1,https://yukioppai.net/
15365,1,https://mom-awaji.jp
15383,1,https://koujinkai-kagawa.net/
15384,1,https://www.kaisei.or.jp/
15385,1,https://www.jinsenkai.jp/nishioka/
15386,1,https://www.yashima-hp.com/
15387,1,https://momonohanajosanin.wixsite.com/0708
15391,1,https://cotolla.jp/
15395,1,https://konohajyosanin.com/
15397,1,https://konohajyosanin.com/
15399,1,https://tanagocoromiroku.studio.site/
15412,1,https://sawaragi-cl.com
15412,4,https://www.instagram.com/sawaragisyoji/
15412,5,https://lin.ee/757nhgrc
15412,6,https://sawaragi-hosp.jp/
15413,1,https://www.kin-ikyo-chuo.jp/
15413,4,https://www.instagram.com/4f.sanka/
15414,1,https://matsukura-lc.jp
15414,4,https://www.instagram.com/matsukura.lc/
15415,1,https://momme.info/
15416,1,https://www.sarabetsu.jp
15420,1,https://peraichi.com/landing_pages/view/ainohana/
15421,1,https://takuma-kodomo.jp/postpartum-care/
15422,1,https://ikujisoudanshitsu-madoka.com
15423,1,https://yasuda-lc.jp/
15424,1,なし
15426,1,https://www.mathinaka-josanin.com/
15427,1,https://yamagata-josanshi.net/
15429,1,https://hoshinooka-midwife.com/
15430,1,https://www.mothertree.or.jp/sango
15433,1,https://total-health-clinic.jp/
15435,1,https://rakuraku-cl.com/news
15436,1,https://hugiwaki.org/
15440,1,https://turquoise662360.studio.site/
15452,1,https://www.instagram.com/yukki_mw_luana?igsh=bnZ0YWpqM3A2NnYz
15453,1,https://family-salon-orange.com/
15454,1,https://www.kangaroo-pocket.jp/
15455,1,https://sangocare-kuu.com/
15456,1,https://mwtakano.com/
15459,1,https://nijiiro.kodomomura.ed.jp/
15460,1,https://moro-ms.jp/
15464,1,https://ikubomamoru.co.jp/
15467,1,http://josanincocoro.my.canva.site/cocoro
15468,1,https://oppa.oketani.or.jp/view/Ovyk72hqqpTYgtr00vSazbsCqVdJ2Q210YVMUl6pd7f
15469,1,https://www.kyoritsunarasinodai.or.jp/
15470,1,https://mamas-station.com/
15471,1,https://famil-s-nagareyama.com/
15472,1,https://asunaro-jyosanin.jp/
15473,1,https://miraiwcl-station.com/
15477,1,https://mwnekkohouse.wixsite.com/my-site-7
15478,1,https://mammabambini.tokyo
15479,1,https://baby-calendar.jp/hiyori-aoyama/
15480,1,https://baby-calendar.jp/hiyori-shibaura/
15481,1,https://www.yu-kimaternityclinic.com/
15482,1,https://cerca-mw.com/
15483,1,https://minato-josan.jp/
15484,1,https://m-sugiyama.tokyo/
15485,1,https://ninpumama.jp/
15487,1,https://setojosanin.amebaownd.com/
15494,1,https://harunohoshi.com/
15495,1,https://www.kazuka.jp
15497,1,https://nerima-hosp.or.jp/departments/obstetrics.html
15498,1,https://aoi-childbirth.crayonsite.com/
15499,1,https://kosodatepalette.jimdoweb.com/%E7%94%A3%E5%BE%8C%E3%82%B1%E3%82%A2/
15504,1,https://ome-kiiro.square.site/
15505,1,https://www.yushima-wc.jp/
15508,1,https://www.moenoki.com
15509,1,https://amane-birth.com/
15510,1,https://www.ayumu.family/
15511,1,https://shusikai-group.jp/clinic-office.html?slug=oliveaid-kawasaki
15512,1,―
15513,1,https://www.oliveboshi.com/about
15514,1,https://www.tubamejyosanin.com/
15515,1,ー
15516,1,http://migiwa-oketani.com/
15517,1,ー
15518,1,ー
15519,1,https://toyo-bonyuuikuji.sakura.ne.jp/801.html
15520,1,ー
15521,1,https://sites.google.com/view/suwa-bonyu
15522,1,ー
15523,1,https://sorcier-mw.amebaownd.com/pages/6008285/menu
15524,1,ー
15525,1,https://natural-happiness.localinfo.jp/
15526,1,ー
15527,1,ー
15528,1,https://midwifery-polepole.com/
15529,1,https://womenscare-mum.com/profile
15530,1,https://2525osan.net/
15532,1,https://temarino.my.canva.site/temarino
15533,1,ー
15534,1,https://naomof2000.parallel.jp/
15535,1,ー
15536,1,ー
15537,1,ー
15538,1,ー
15539,1,ー
15540,1,-
15541,1,-
15542,1,-
15543,1,-
15544,1,-
15545,1,-
15546,1,https://momonohanajosan.my.canva.site/shuchosenmonjyosanhagiwaramiho
15547,1,https://nagi-plus.com/
15548,1,https://www.natsu-bonyu.com/
15549,1,https://www.zushibonyu.com/
15550,1,https://www.town.nakai.kanagawa.jp/soshiki/kenkokakenkozukurihan/ninshin_shussan/685.html
15551,1,なし（インスタグラム）
15552,1,https://ikka-sangocare.com/
15555,1,https://hotoricare.studio.site/
15556,1,https://nenneko.space/
15558,1,https://ikka-sangocare.com/
15559,1,https://yumecan.com/
15561,1,https://www.nikosapo.jp/square/square.html
15562,1,http://tomita-cl.com/
15565,1,https://oketani-sudo.jimdofree.com
15570,1,https://www.akachannet.ne.jp/tanpopo/
15573,1,http://midwife-fukui.com/
15574,1,https://zeze-hihi.com/ohana/
15575,1,https://zeze-hihi.com/ohana/
15576,1,https://www.city.tajimi.lg.jp/kosodate/kosodate/ninshin/sangokea.html
15581,1,https://www.hama-med.ac.jp/hos/
15584,1,https://maruru2015.com
15588,1,https://wakaba-josanin.com/#about
15604,1,https://maapallo138.jp/
15606,1,https://yasuragi-josanin.com/
15608,1,https://midwife.jp/kaori
15613,1,https://www.mamascare.com/
15616,1,https://chita.jaaikosei.or.jp/
15617,1,https://www.chitahantogmo.or.jp/cmc/
15618,1,https://md-harunohi.com/
15619,1,https://tsukinoribon.my.canva.site/hp
15624,1,mw-sitter-dekotoboko.net
15625,1,https://www.sorajyosan.net/
15628,1,https://www.city.fukuchiyama.lg.jp/site/kosodate/
15630,1,https://piccola-famiglia.jp/
15634,1,https://www.instagram.com/kobayashijyosanin/
15635,1,https://www.ori-jyosanin.com/
15636,1,https://mamalabo.jp/
15637,1,https://www.inoue-jyosanin.com
15638,1,https://mimoza-josanin.my.canva.site/
15639,1,https://www.mamascare.com
15640,1,https://pipicacatetes.jp/
15641,1,https://www.mamascare.com
15643,1,https://birth1103.co.jp/
15644,1,http://www.yashiro-midwifery-clinic.com/
15645,1,https://naomijosanin.jimdofree.com/
15647,1,https://ln06n.hp.peraichi.com/corporate_site_p1_1
15648,1,https://4e3r9.hp.peraichi.com/
15649,1,https://nishinomiya-gmc.hyogo.jp/department/s_fujin/sanka/
15650,1,https://totonowa-osaka.com/
15652,1,https://irisa-bonyuikuzi-soudansitu-1.jimdosite.com
15653,1,https://midwife-kuri-visiting-1.jimdosite.com/
15654,1,https://natsu-lc.com/
15655,1,https://natsu-lc.com/
15658,1,https://shindo-family-clinic.jp/
15660,1,https://mamanejosanin.com/
15661,1,https://koto-baby.com/
15662,1,https://www.instagram.com/riomw_wakayama/
15663,1,https://fujitodai-clinic.jp/
15668,1,https://yururu.jp/
15671,1,https://josanin-nanny.jimdofree.com
15672,1,https://fukuyama-nakamurasanfujinka-obgy.com/
15679,1,https://www.hana-bonyu.com/
15681,1,https://postnatal-care.azkl.jp/facilities/1669/calendars
15683,1,https://www.instagram.com/josanjo_harunotomoshibi/
15684,1,https://www.instagram.com/p/DHuK6o0zlS6/
15689,1,https://tokushima-midwife.com/list/268/
15694,1,https://mommyscare-support-shiroshita.com/
15697,1,https://airrsv.net/mayumiyokoi/calendar
15701,1,https://hinata-bokko.jp/
15704,1,https://www.aroma-elpatio.com
15706,1,https://yuita.hp.peraichi.com
15707,1,https://sanbaemi.com
15708,1,https://hanaokajosan-in.simdif.com
15711,1,https：//nanairo-kochi.jimdofree.com
15716,1,https://hidakamura.net/government/4295/
15717,1,https://nicori.org/
15718,1,https://harunano.com
15723,1,https://sukumasu.jp/
15727,1,https://mahalo-jyosanin.com/
15734,1,https://kurakazu-lc.com/
15735,1,https://www.alice-houmon.com/sango-care
15736,1,https://koga-f.jp/
15738,1,https://yumimarujyosanin.com/
15739,1,https://www.instagram.com/noriko.josan.sinkyuu/
15741,1,https://www.katafuchi.jp/
15743,1,https://bebe.crayonsite.info/
15745,1,www.chiyonosachi-j.com
15746,1,https://sumire-josanin.com/
15749,1,https://musubitejosanin.hp.peraichi.com
15753,1,https://www.instagram.com/saki.josan_
15763,1,https://resthouse-yano.net/
15766,1,https://www.oita-midwife.com/
15769,1,https://www.town.takanabe.lg.jp/index.html
15774,1,https://clinicforyou.jp/
15779,1,https://tsumugucc.jp/
