birth_navi_id,facility_url,sitemap_lastmod
10001,https://birth-navi.mhlw.go.jp/facilities/10001,2026-09-14T13:42:50.265Z
10002,https://birth-navi.mhlw.go.jp/facilities/10002,2026-09-14T13:42:50.696Z
10003,https://birth-navi.mhlw.go.jp/facilities/10003,2026-09-14T13:42:51.126Z
10005,https://birth-navi.mhlw.go.jp/facilities/10005,2026-09-14T13:42:51.943Z
10006,https://birth-navi.mhlw.go.jp/facilities/10006,2026-09-14T13:42:52.359Z
10007,https://birth-navi.mhlw.go.jp/facilities/10007,2026-09-14T13:42:52.716Z
10008,https://birth-navi.mhlw.go.jp/facilities/10008,2026-09-14T13:42:53.166Z
10009,https://birth-navi.mhlw.go.jp/facilities/10009,2026-09-14T13:42:53.503Z
10010,https://birth-navi.mhlw.go.jp/facilities/10010,2026-09-14T13:42:53.876Z
10011,https://birth-navi.mhlw.go.jp/facilities/10011,2026-09-14T13:42:54.248Z
10012,https://birth-navi.mhlw.go.jp/facilities/10012,2026-09-14T13:42:54.599Z
10013,https://birth-navi.mhlw.go.jp/facilities/10013,2026-09-14T13:42:54.945Z
10014,https://birth-navi.mhlw.go.jp/facilities/10014,2026-09-14T13:42:55.318Z
10015,https://birth-navi.mhlw.go.jp/facilities/10015,2026-09-14T13:42:55.677Z
10016,https://birth-navi.mhlw.go.jp/facilities/10016,2026-09-14T13:42:56.109Z
10017,https://birth-navi.mhlw.go.jp/facilities/10017,2026-09-14T13:42:56.420Z
10018,https://birth-navi.mhlw.go.jp/facilities/10018,2026-09-14T13:42:56.784Z
10020,https://birth-navi.mhlw.go.jp/facilities/10020,2026-09-14T13:42:57.471Z
10021,https://birth-navi.mhlw.go.jp/facilities/10021,2026-09-14T13:42:57.803Z
10022,https://birth-navi.mhlw.go.jp/facilities/10022,2026-09-14T13:42:58.170Z
10023,https://birth-navi.mhlw.go.jp/facilities/10023,2026-09-14T13:42:58.594Z
10024,https://birth-navi.mhlw.go.jp/facilities/10024,2026-09-14T13:42:58.924Z
10025,https://birth-navi.mhlw.go.jp/facilities/10025,2026-09-14T13:42:59.238Z
10026,https://birth-navi.mhlw.go.jp/facilities/10026,2026-09-14T13:42:59.548Z
10027,https://birth-navi.mhlw.go.jp/facilities/10027,2026-09-14T13:42:59.900Z
10028,https://birth-navi.mhlw.go.jp/facilities/10028,2026-09-14T13:43:00.226Z
10029,https://birth-navi.mhlw.go.jp/facilities/10029,2026-09-14T13:43:00.598Z
10030,https://birth-navi.mhlw.go.jp/facilities/10030,2026-09-14T13:43:00.976Z
10031,https://birth-navi.mhlw.go.jp/facilities/10031,2026-09-14T13:43:01.293Z
10032,https://birth-navi.mhlw.go.jp/facilities/10032,2026-09-14T13:43:01.609Z
10033,https://birth-navi.mhlw.go.jp/facilities/10033,2026-09-14T13:43:02.034Z
10034,https://birth-navi.mhlw.go.jp/facilities/10034,2026-09-14T13:43:02.361Z
10035,https://birth-navi.mhlw.go.jp/facilities/10035,2026-09-14T13:43:02.672Z
10036,https://birth-navi.mhlw.go.jp/facilities/10036,2026-09-14T13:43:02.992Z
10037,https://birth-navi.mhlw.go.jp/facilities/10037,2026-09-14T13:43:03.347Z
10038,https://birth-navi.mhlw.go.jp/facilities/10038,2026-09-14T13:43:03.695Z
10039,https://birth-navi.mhlw.go.jp/facilities/10039,2026-09-14T13:43:04.116Z
10040,https://birth-navi.mhlw.go.jp/facilities/10040,2026-09-14T13:43:04.445Z
10041,https://birth-navi.mhlw.go.jp/facilities/10041,2026-09-14T13:43:04.830Z
10042,https://birth-navi.mhlw.go.jp/facilities/10042,2026-09-14T13:43:05.179Z
10043,https://birth-navi.mhlw.go.jp/facilities/10043,2026-02-09T01:46:23.126Z
10044,https://birth-navi.mhlw.go.jp/facilities/10044,2026-09-14T13:43:05.504Z
10045,https://birth-navi.mhlw.go.jp/facilities/10045,2026-09-14T13:43:05.999Z
10047,https://birth-navi.mhlw.go.jp/facilities/10047,2026-09-14T13:43:06.692Z
10048,https://birth-navi.mhlw.go.jp/facilities/10048,2026-09-14T13:43:07.024Z
10050,https://birth-navi.mhlw.go.jp/facilities/10050,2026-09-14T13:43:07.759Z
10051,https://birth-navi.mhlw.go.jp/facilities/10051,2026-09-14T13:43:08.122Z
10052,https://birth-navi.mhlw.go.jp/facilities/10052,2026-09-14T13:43:08.443Z
10053,https://birth-navi.mhlw.go.jp/facilities/10053,2026-09-14T13:43:08.780Z
10054,https://birth-navi.mhlw.go.jp/facilities/10054,2026-09-14T13:43:09.088Z
10055,https://birth-navi.mhlw.go.jp/facilities/10055,2026-09-14T13:43:09.398Z
10056,https://birth-navi.mhlw.go.jp/facilities/10056,2026-09-14T13:43:09.717Z
10057,https://birth-navi.mhlw.go.jp/facilities/10057,2026-09-14T13:43:10.034Z
10058,https://birth-navi.mhlw.go.jp/facilities/10058,2026-09-14T13:43:10.375Z
10059,https://birth-navi.mhlw.go.jp/facilities/10059,2026-09-14T13:43:10.793Z
10060,https://birth-navi.mhlw.go.jp/facilities/10060,2026-09-14T13:43:11.128Z
10061,https://birth-navi.mhlw.go.jp/facilities/10061,2026-09-14T13:43:11.490Z
10062,https://birth-navi.mhlw.go.jp/facilities/10062,2026-09-14T13:43:11.828Z
10063,https://birth-navi.mhlw.go.jp/facilities/10063,2026-09-14T13:43:12.142Z
10064,https://birth-navi.mhlw.go.jp/facilities/10064,2026-09-14T13:43:12.500Z
10065,https://birth-navi.mhlw.go.jp/facilities/10065,2026-09-14T13:43:12.833Z
10066,https://birth-navi.mhlw.go.jp/facilities/10066,2026-09-14T13:43:13.169Z
10067,https://birth-navi.mhlw.go.jp/facilities/10067,2026-09-14T13:43:13.487Z
10068,https://birth-navi.mhlw.go.jp/facilities/10068,2026-09-14T13:43:13.809Z
10069,https://birth-navi.mhlw.go.jp/facilities/10069,2026-09-14T13:43:14.135Z
10070,https://birth-navi.mhlw.go.jp/facilities/10070,2026-09-14T13:43:14.459Z
10071,https://birth-navi.mhlw.go.jp/facilities/10071,2026-09-14T13:43:14.785Z
10072,https://birth-navi.mhlw.go.jp/facilities/10072,2026-09-14T13:43:15.097Z
10073,https://birth-navi.mhlw.go.jp/facilities/10073,2026-09-14T13:43:15.449Z
10074,https://birth-navi.mhlw.go.jp/facilities/10074,2026-09-14T13:43:15.763Z
10076,https://birth-navi.mhlw.go.jp/facilities/10076,2026-09-14T13:43:16.479Z
10077,https://birth-navi.mhlw.go.jp/facilities/10077,2026-09-14T13:43:16.880Z
10078,https://birth-navi.mhlw.go.jp/facilities/10078,2026-09-14T13:43:17.208Z
10080,https://birth-navi.mhlw.go.jp/facilities/10080,2026-09-14T13:43:17.942Z
10081,https://birth-navi.mhlw.go.jp/facilities/10081,2026-09-14T13:43:18.252Z
10082,https://birth-navi.mhlw.go.jp/facilities/10082,2026-09-14T13:43:18.569Z
10083,https://birth-navi.mhlw.go.jp/facilities/10083,2026-09-14T13:43:18.894Z
10084,https://birth-navi.mhlw.go.jp/facilities/10084,2026-09-14T13:43:19.257Z
10085,https://birth-navi.mhlw.go.jp/facilities/10085,2026-09-14T13:43:19.584Z
10086,https://birth-navi.mhlw.go.jp/facilities/10086,2026-09-14T13:43:19.907Z
10087,https://birth-navi.mhlw.go.jp/facilities/10087,2026-09-14T13:43:20.216Z
10088,https://birth-navi.mhlw.go.jp/facilities/10088,2026-09-14T13:43:20.619Z
10089,https://birth-navi.mhlw.go.jp/facilities/10089,2026-09-14T13:43:20.990Z
10090,https://birth-navi.mhlw.go.jp/facilities/10090,2026-09-14T13:43:21.326Z
10091,https://birth-navi.mhlw.go.jp/facilities/10091,2026-09-14T13:43:21.678Z
10092,https://birth-navi.mhlw.go.jp/facilities/10092,2026-09-14T13:43:21.998Z
10093,https://birth-navi.mhlw.go.jp/facilities/10093,2026-09-14T13:43:22.341Z
10094,https://birth-navi.mhlw.go.jp/facilities/10094,2026-09-14T13:43:22.673Z
10095,https://birth-navi.mhlw.go.jp/facilities/10095,2026-09-14T13:43:22.993Z
10096,https://birth-navi.mhlw.go.jp/facilities/10096,2026-09-14T13:43:23.397Z
10097,https://birth-navi.mhlw.go.jp/facilities/10097,2026-09-14T13:43:23.786Z
10098,https://birth-navi.mhlw.go.jp/facilities/10098,2026-09-14T13:43:24.108Z
10099,https://birth-navi.mhlw.go.jp/facilities/10099,2026-09-14T13:43:24.431Z
10100,https://birth-navi.mhlw.go.jp/facilities/10100,2026-09-14T13:43:24.737Z
10101,https://birth-navi.mhlw.go.jp/facilities/10101,2026-09-14T13:43:25.060Z
10102,https://birth-navi.mhlw.go.jp/facilities/10102,2026-09-14T13:43:25.389Z
10103,https://birth-navi.mhlw.go.jp/facilities/10103,2026-09-14T13:43:25.732Z
10104,https://birth-navi.mhlw.go.jp/facilities/10104,2026-09-14T13:43:26.064Z
10105,https://birth-navi.mhlw.go.jp/facilities/10105,2026-09-14T13:43:26.405Z
10106,https://birth-navi.mhlw.go.jp/facilities/10106,2026-09-14T13:43:26.748Z
10107,https://birth-navi.mhlw.go.jp/facilities/10107,2026-09-14T13:43:27.064Z
10108,https://birth-navi.mhlw.go.jp/facilities/10108,2026-09-14T13:43:27.388Z
10109,https://birth-navi.mhlw.go.jp/facilities/10109,2026-09-14T13:43:27.751Z
10110,https://birth-navi.mhlw.go.jp/facilities/10110,2026-09-14T13:43:28.058Z
10111,https://birth-navi.mhlw.go.jp/facilities/10111,2026-09-14T13:43:28.369Z
10112,https://birth-navi.mhlw.go.jp/facilities/10112,2026-09-14T13:43:28.768Z
10113,https://birth-navi.mhlw.go.jp/facilities/10113,2026-09-14T13:43:29.088Z
10114,https://birth-navi.mhlw.go.jp/facilities/10114,2026-09-14T13:43:29.484Z
10115,https://birth-navi.mhlw.go.jp/facilities/10115,2026-09-14T13:43:29.883Z
10116,https://birth-navi.mhlw.go.jp/facilities/10116,2026-09-14T13:43:30.272Z
10117,https://birth-navi.mhlw.go.jp/facilities/10117,2026-09-14T13:43:30.677Z
10118,https://birth-navi.mhlw.go.jp/facilities/10118,2026-09-14T13:43:30.986Z
10119,https://birth-navi.mhlw.go.jp/facilities/10119,2026-09-14T13:43:31.289Z
10120,https://birth-navi.mhlw.go.jp/facilities/10120,2026-09-14T13:43:31.602Z
10121,https://birth-navi.mhlw.go.jp/facilities/10121,2026-09-14T13:43:31.955Z
10122,https://birth-navi.mhlw.go.jp/facilities/10122,2026-09-14T13:43:32.293Z
10123,https://birth-navi.mhlw.go.jp/facilities/10123,2026-09-14T13:43:32.608Z
10124,https://birth-navi.mhlw.go.jp/facilities/10124,2026-09-14T13:43:32.921Z
10125,https://birth-navi.mhlw.go.jp/facilities/10125,2026-09-14T13:43:33.250Z
10126,https://birth-navi.mhlw.go.jp/facilities/10126,2026-09-14T13:43:33.644Z
10127,https://birth-navi.mhlw.go.jp/facilities/10127,2026-09-14T13:43:33.959Z
10128,https://birth-navi.mhlw.go.jp/facilities/10128,2026-09-14T13:43:34.295Z
10129,https://birth-navi.mhlw.go.jp/facilities/10129,2026-09-14T13:43:34.592Z
10130,https://birth-navi.mhlw.go.jp/facilities/10130,2026-09-14T13:43:34.921Z
10131,https://birth-navi.mhlw.go.jp/facilities/10131,2026-09-14T13:43:35.287Z
10132,https://birth-navi.mhlw.go.jp/facilities/10132,2026-09-14T13:43:35.622Z
10133,https://birth-navi.mhlw.go.jp/facilities/10133,2026-09-14T13:43:35.986Z
10134,https://birth-navi.mhlw.go.jp/facilities/10134,2026-09-14T13:43:36.314Z
10135,https://birth-navi.mhlw.go.jp/facilities/10135,2026-09-14T13:43:36.668Z
10136,https://birth-navi.mhlw.go.jp/facilities/10136,2026-09-14T13:43:36.984Z
10137,https://birth-navi.mhlw.go.jp/facilities/10137,2026-09-14T13:43:37.304Z
10138,https://birth-navi.mhlw.go.jp/facilities/10138,2026-09-14T13:43:37.650Z
10139,https://birth-navi.mhlw.go.jp/facilities/10139,2026-09-14T13:43:37.963Z
10140,https://birth-navi.mhlw.go.jp/facilities/10140,2026-09-14T13:43:38.344Z
10141,https://birth-navi.mhlw.go.jp/facilities/10141,2026-09-14T13:43:38.667Z
10142,https://birth-navi.mhlw.go.jp/facilities/10142,2026-09-14T13:43:39.035Z
10143,https://birth-navi.mhlw.go.jp/facilities/10143,2026-09-14T13:43:39.369Z
10144,https://birth-navi.mhlw.go.jp/facilities/10144,2026-09-14T13:43:39.715Z
10145,https://birth-navi.mhlw.go.jp/facilities/10145,2026-09-14T13:43:40.062Z
10146,https://birth-navi.mhlw.go.jp/facilities/10146,2026-09-14T13:43:40.396Z
10147,https://birth-navi.mhlw.go.jp/facilities/10147,2026-09-14T13:43:40.709Z
10149,https://birth-navi.mhlw.go.jp/facilities/10149,2026-09-14T13:43:41.458Z
10150,https://birth-navi.mhlw.go.jp/facilities/10150,2026-09-14T13:43:41.775Z
10151,https://birth-navi.mhlw.go.jp/facilities/10151,2026-09-14T13:43:42.076Z
10152,https://birth-navi.mhlw.go.jp/facilities/10152,2026-09-14T13:43:42.394Z
10153,https://birth-navi.mhlw.go.jp/facilities/10153,2026-09-14T13:43:42.731Z
10154,https://birth-navi.mhlw.go.jp/facilities/10154,2026-09-14T13:43:43.178Z
10155,https://birth-navi.mhlw.go.jp/facilities/10155,2026-09-14T13:43:43.513Z
10157,https://birth-navi.mhlw.go.jp/facilities/10157,2026-09-14T13:43:44.231Z
10158,https://birth-navi.mhlw.go.jp/facilities/10158,2026-09-14T13:43:44.561Z
10159,https://birth-navi.mhlw.go.jp/facilities/10159,2026-09-14T13:43:44.889Z
10160,https://birth-navi.mhlw.go.jp/facilities/10160,2026-09-14T13:43:45.338Z
10161,https://birth-navi.mhlw.go.jp/facilities/10161,2026-09-14T13:43:45.697Z
10162,https://birth-navi.mhlw.go.jp/facilities/10162,2026-09-14T13:43:46.106Z
10163,https://birth-navi.mhlw.go.jp/facilities/10163,2026-09-14T13:43:46.448Z
10164,https://birth-navi.mhlw.go.jp/facilities/10164,2026-09-14T13:43:46.868Z
10165,https://birth-navi.mhlw.go.jp/facilities/10165,2026-09-14T13:43:47.198Z
10166,https://birth-navi.mhlw.go.jp/facilities/10166,2026-09-14T13:43:47.551Z
10167,https://birth-navi.mhlw.go.jp/facilities/10167,2026-09-14T13:43:47.867Z
10168,https://birth-navi.mhlw.go.jp/facilities/10168,2026-09-14T13:43:48.244Z
10169,https://birth-navi.mhlw.go.jp/facilities/10169,2026-09-14T13:43:48.557Z
10170,https://birth-navi.mhlw.go.jp/facilities/10170,2026-09-14T13:43:48.870Z
10171,https://birth-navi.mhlw.go.jp/facilities/10171,2026-09-14T13:43:49.169Z
10172,https://birth-navi.mhlw.go.jp/facilities/10172,2026-09-14T13:43:49.492Z
10173,https://birth-navi.mhlw.go.jp/facilities/10173,2026-09-14T13:43:49.881Z
10174,https://birth-navi.mhlw.go.jp/facilities/10174,2026-09-14T13:43:50.198Z
10175,https://birth-navi.mhlw.go.jp/facilities/10175,2026-09-14T13:43:50.525Z
10176,https://birth-navi.mhlw.go.jp/facilities/10176,2026-09-14T13:43:50.879Z
10177,https://birth-navi.mhlw.go.jp/facilities/10177,2026-09-14T13:43:51.191Z
10178,https://birth-navi.mhlw.go.jp/facilities/10178,2026-09-14T13:43:51.567Z
10179,https://birth-navi.mhlw.go.jp/facilities/10179,2026-09-14T13:43:51.891Z
10180,https://birth-navi.mhlw.go.jp/facilities/10180,2026-09-14T13:43:52.257Z
10181,https://birth-navi.mhlw.go.jp/facilities/10181,2026-09-14T13:43:52.563Z
10182,https://birth-navi.mhlw.go.jp/facilities/10182,2026-09-14T13:43:52.889Z
10184,https://birth-navi.mhlw.go.jp/facilities/10184,2026-09-14T13:43:53.573Z
10185,https://birth-navi.mhlw.go.jp/facilities/10185,2026-09-14T13:43:53.896Z
10186,https://birth-navi.mhlw.go.jp/facilities/10186,2026-09-14T13:43:54.241Z
10187,https://birth-navi.mhlw.go.jp/facilities/10187,2026-09-14T13:43:54.561Z
10188,https://birth-navi.mhlw.go.jp/facilities/10188,2026-09-14T13:43:54.818Z
10189,https://birth-navi.mhlw.go.jp/facilities/10189,2026-09-14T13:11:36.741Z
10190,https://birth-navi.mhlw.go.jp/facilities/10190,2026-09-14T13:43:55.110Z
10191,https://birth-navi.mhlw.go.jp/facilities/10191,2026-09-14T13:43:55.440Z
10192,https://birth-navi.mhlw.go.jp/facilities/10192,2026-09-14T13:43:55.750Z
10193,https://birth-navi.mhlw.go.jp/facilities/10193,2026-09-14T13:43:56.091Z
10194,https://birth-navi.mhlw.go.jp/facilities/10194,2026-09-14T13:43:56.397Z
10195,https://birth-navi.mhlw.go.jp/facilities/10195,2026-09-14T13:43:56.762Z
10196,https://birth-navi.mhlw.go.jp/facilities/10196,2026-09-14T13:43:57.074Z
10197,https://birth-navi.mhlw.go.jp/facilities/10197,2026-09-14T13:43:57.455Z
10198,https://birth-navi.mhlw.go.jp/facilities/10198,2026-09-14T13:43:57.792Z
10199,https://birth-navi.mhlw.go.jp/facilities/10199,2026-09-14T13:43:58.096Z
10200,https://birth-navi.mhlw.go.jp/facilities/10200,2026-09-14T13:43:58.412Z
10201,https://birth-navi.mhlw.go.jp/facilities/10201,2026-09-14T13:43:58.725Z
10202,https://birth-navi.mhlw.go.jp/facilities/10202,2026-09-14T13:43:59.072Z
10203,https://birth-navi.mhlw.go.jp/facilities/10203,2026-09-14T13:43:59.405Z
10205,https://birth-navi.mhlw.go.jp/facilities/10205,2026-09-14T13:44:00.088Z
10206,https://birth-navi.mhlw.go.jp/facilities/10206,2026-09-14T13:44:00.428Z
10207,https://birth-navi.mhlw.go.jp/facilities/10207,2026-09-14T13:44:00.777Z
10208,https://birth-navi.mhlw.go.jp/facilities/10208,2026-09-14T13:44:01.147Z
10209,https://birth-navi.mhlw.go.jp/facilities/10209,2026-09-14T13:44:01.479Z
10210,https://birth-navi.mhlw.go.jp/facilities/10210,2026-09-14T13:44:01.806Z
10211,https://birth-navi.mhlw.go.jp/facilities/10211,2026-09-14T13:44:02.151Z
10212,https://birth-navi.mhlw.go.jp/facilities/10212,2026-09-14T13:44:02.509Z
10213,https://birth-navi.mhlw.go.jp/facilities/10213,2026-09-14T13:44:02.841Z
10214,https://birth-navi.mhlw.go.jp/facilities/10214,2026-09-14T13:44:03.152Z
10215,https://birth-navi.mhlw.go.jp/facilities/10215,2026-09-14T13:44:03.639Z
10216,https://birth-navi.mhlw.go.jp/facilities/10216,2026-09-14T13:44:03.959Z
10217,https://birth-navi.mhlw.go.jp/facilities/10217,2026-09-14T13:44:04.283Z
10219,https://birth-navi.mhlw.go.jp/facilities/10219,2026-09-14T13:44:04.915Z
10220,https://birth-navi.mhlw.go.jp/facilities/10220,2026-09-14T13:44:05.294Z
10221,https://birth-navi.mhlw.go.jp/facilities/10221,2026-09-14T13:44:05.648Z
10222,https://birth-navi.mhlw.go.jp/facilities/10222,2026-09-14T13:44:05.970Z
10223,https://birth-navi.mhlw.go.jp/facilities/10223,2026-09-14T13:44:06.290Z
10224,https://birth-navi.mhlw.go.jp/facilities/10224,2026-09-14T13:44:06.620Z
10225,https://birth-navi.mhlw.go.jp/facilities/10225,2026-09-14T13:44:06.946Z
10226,https://birth-navi.mhlw.go.jp/facilities/10226,2026-09-14T13:44:07.276Z
10227,https://birth-navi.mhlw.go.jp/facilities/10227,2026-09-14T13:44:07.583Z
10228,https://birth-navi.mhlw.go.jp/facilities/10228,2026-09-14T13:44:07.878Z
10229,https://birth-navi.mhlw.go.jp/facilities/10229,2026-09-14T13:44:08.238Z
10230,https://birth-navi.mhlw.go.jp/facilities/10230,2026-09-14T13:44:08.582Z
10231,https://birth-navi.mhlw.go.jp/facilities/10231,2026-09-14T13:44:08.907Z
10232,https://birth-navi.mhlw.go.jp/facilities/10232,2026-09-14T13:44:09.237Z
10233,https://birth-navi.mhlw.go.jp/facilities/10233,2026-09-14T13:44:09.545Z
10234,https://birth-navi.mhlw.go.jp/facilities/10234,2026-09-14T13:44:09.884Z
10235,https://birth-navi.mhlw.go.jp/facilities/10235,2026-09-14T13:44:10.208Z
10236,https://birth-navi.mhlw.go.jp/facilities/10236,2026-09-14T13:44:10.547Z
10237,https://birth-navi.mhlw.go.jp/facilities/10237,2026-09-14T13:44:10.885Z
10238,https://birth-navi.mhlw.go.jp/facilities/10238,2026-09-14T13:44:11.249Z
10239,https://birth-navi.mhlw.go.jp/facilities/10239,2026-09-14T13:44:11.619Z
10240,https://birth-navi.mhlw.go.jp/facilities/10240,2026-09-14T13:44:11.935Z
10242,https://birth-navi.mhlw.go.jp/facilities/10242,2026-09-14T13:44:12.709Z
10243,https://birth-navi.mhlw.go.jp/facilities/10243,2026-09-14T13:44:13.065Z
10244,https://birth-navi.mhlw.go.jp/facilities/10244,2026-09-14T13:44:13.483Z
10245,https://birth-navi.mhlw.go.jp/facilities/10245,2026-09-14T13:44:13.803Z
10246,https://birth-navi.mhlw.go.jp/facilities/10246,2026-09-14T13:44:14.134Z
10247,https://birth-navi.mhlw.go.jp/facilities/10247,2026-09-14T13:44:14.455Z
10248,https://birth-navi.mhlw.go.jp/facilities/10248,2026-09-14T13:44:14.802Z
10249,https://birth-navi.mhlw.go.jp/facilities/10249,2026-09-14T13:44:15.134Z
10250,https://birth-navi.mhlw.go.jp/facilities/10250,2026-09-14T13:44:15.454Z
10251,https://birth-navi.mhlw.go.jp/facilities/10251,2026-09-14T13:11:42.798Z
10252,https://birth-navi.mhlw.go.jp/facilities/10252,2026-09-14T13:44:15.776Z
10253,https://birth-navi.mhlw.go.jp/facilities/10253,2026-09-14T13:44:16.121Z
10254,https://birth-navi.mhlw.go.jp/facilities/10254,2026-09-14T13:44:16.443Z
10255,https://birth-navi.mhlw.go.jp/facilities/10255,2026-09-14T13:44:16.809Z
10256,https://birth-navi.mhlw.go.jp/facilities/10256,2026-09-14T13:44:17.237Z
10257,https://birth-navi.mhlw.go.jp/facilities/10257,2026-09-14T13:44:17.578Z
10258,https://birth-navi.mhlw.go.jp/facilities/10258,2026-09-14T13:44:17.942Z
10259,https://birth-navi.mhlw.go.jp/facilities/10259,2026-09-14T13:44:18.249Z
10260,https://birth-navi.mhlw.go.jp/facilities/10260,2026-09-14T13:44:18.597Z
10261,https://birth-navi.mhlw.go.jp/facilities/10261,2026-09-14T13:44:18.987Z
10262,https://birth-navi.mhlw.go.jp/facilities/10262,2026-09-14T13:44:19.315Z
10263,https://birth-navi.mhlw.go.jp/facilities/10263,2026-09-14T13:44:19.635Z
10264,https://birth-navi.mhlw.go.jp/facilities/10264,2026-09-14T13:44:19.966Z
10265,https://birth-navi.mhlw.go.jp/facilities/10265,2026-09-14T13:44:20.307Z
10266,https://birth-navi.mhlw.go.jp/facilities/10266,2026-09-14T13:44:20.641Z
10267,https://birth-navi.mhlw.go.jp/facilities/10267,2026-09-14T13:44:20.942Z
10268,https://birth-navi.mhlw.go.jp/facilities/10268,2026-09-14T13:44:21.278Z
10269,https://birth-navi.mhlw.go.jp/facilities/10269,2026-09-14T13:44:21.599Z
10270,https://birth-navi.mhlw.go.jp/facilities/10270,2026-09-14T13:44:21.988Z
10271,https://birth-navi.mhlw.go.jp/facilities/10271,2026-09-14T13:44:22.321Z
10272,https://birth-navi.mhlw.go.jp/facilities/10272,2026-09-14T13:44:22.703Z
10273,https://birth-navi.mhlw.go.jp/facilities/10273,2026-09-14T13:44:23.024Z
10274,https://birth-navi.mhlw.go.jp/facilities/10274,2026-09-14T13:44:23.344Z
10275,https://birth-navi.mhlw.go.jp/facilities/10275,2026-09-14T13:44:23.739Z
10276,https://birth-navi.mhlw.go.jp/facilities/10276,2026-09-14T13:44:24.070Z
10277,https://birth-navi.mhlw.go.jp/facilities/10277,2026-09-14T13:44:24.392Z
10278,https://birth-navi.mhlw.go.jp/facilities/10278,2026-09-14T13:44:24.716Z
10279,https://birth-navi.mhlw.go.jp/facilities/10279,2026-09-14T13:44:25.028Z
10280,https://birth-navi.mhlw.go.jp/facilities/10280,2026-09-14T13:44:25.338Z
10281,https://birth-navi.mhlw.go.jp/facilities/10281,2026-09-14T13:44:25.693Z
10282,https://birth-navi.mhlw.go.jp/facilities/10282,2026-09-14T13:44:26.036Z
10283,https://birth-navi.mhlw.go.jp/facilities/10283,2026-09-14T13:44:26.393Z
10284,https://birth-navi.mhlw.go.jp/facilities/10284,2026-09-14T13:44:26.704Z
10285,https://birth-navi.mhlw.go.jp/facilities/10285,2026-09-14T13:44:27.023Z
10286,https://birth-navi.mhlw.go.jp/facilities/10286,2026-09-14T13:44:27.336Z
10287,https://birth-navi.mhlw.go.jp/facilities/10287,2026-09-14T13:44:27.648Z
10288,https://birth-navi.mhlw.go.jp/facilities/10288,2026-09-14T13:44:28.026Z
10289,https://birth-navi.mhlw.go.jp/facilities/10289,2026-09-14T13:44:28.347Z
10290,https://birth-navi.mhlw.go.jp/facilities/10290,2026-09-14T13:44:28.717Z
10291,https://birth-navi.mhlw.go.jp/facilities/10291,2026-09-14T13:44:29.035Z
10292,https://birth-navi.mhlw.go.jp/facilities/10292,2026-09-14T13:44:29.378Z
10293,https://birth-navi.mhlw.go.jp/facilities/10293,2026-09-14T13:44:29.708Z
10294,https://birth-navi.mhlw.go.jp/facilities/10294,2026-09-14T13:44:30.037Z
10295,https://birth-navi.mhlw.go.jp/facilities/10295,2026-09-14T13:44:30.413Z
10296,https://birth-navi.mhlw.go.jp/facilities/10296,2026-09-14T13:44:30.712Z
10297,https://birth-navi.mhlw.go.jp/facilities/10297,2026-09-14T13:44:31.042Z
10298,https://birth-navi.mhlw.go.jp/facilities/10298,2026-09-14T13:44:31.410Z
10299,https://birth-navi.mhlw.go.jp/facilities/10299,2026-09-14T13:44:31.735Z
10300,https://birth-navi.mhlw.go.jp/facilities/10300,2026-09-14T13:44:32.061Z
10301,https://birth-navi.mhlw.go.jp/facilities/10301,2026-09-14T13:44:32.399Z
10302,https://birth-navi.mhlw.go.jp/facilities/10302,2026-09-14T13:44:32.742Z
10303,https://birth-navi.mhlw.go.jp/facilities/10303,2026-09-14T13:44:33.056Z
10304,https://birth-navi.mhlw.go.jp/facilities/10304,2026-09-14T13:44:33.445Z
10305,https://birth-navi.mhlw.go.jp/facilities/10305,2026-09-14T13:44:33.841Z
10307,https://birth-navi.mhlw.go.jp/facilities/10307,2026-09-14T13:44:34.443Z
10308,https://birth-navi.mhlw.go.jp/facilities/10308,2026-09-14T13:44:34.754Z
10309,https://birth-navi.mhlw.go.jp/facilities/10309,2026-09-14T13:44:35.067Z
10310,https://birth-navi.mhlw.go.jp/facilities/10310,2026-09-14T13:44:35.446Z
10311,https://birth-navi.mhlw.go.jp/facilities/10311,2026-09-14T13:44:35.798Z
10312,https://birth-navi.mhlw.go.jp/facilities/10312,2026-09-14T13:44:36.125Z
10313,https://birth-navi.mhlw.go.jp/facilities/10313,2026-09-14T13:44:36.486Z
10314,https://birth-navi.mhlw.go.jp/facilities/10314,2026-09-14T13:44:36.812Z
10315,https://birth-navi.mhlw.go.jp/facilities/10315,2026-09-14T13:44:37.161Z
10316,https://birth-navi.mhlw.go.jp/facilities/10316,2026-09-14T13:44:37.476Z
10317,https://birth-navi.mhlw.go.jp/facilities/10317,2026-09-14T13:44:37.802Z
10318,https://birth-navi.mhlw.go.jp/facilities/10318,2026-09-14T13:44:38.153Z
10319,https://birth-navi.mhlw.go.jp/facilities/10319,2026-09-14T13:44:38.641Z
10320,https://birth-navi.mhlw.go.jp/facilities/10320,2026-09-14T13:44:38.967Z
10321,https://birth-navi.mhlw.go.jp/facilities/10321,2026-09-14T13:44:39.385Z
10322,https://birth-navi.mhlw.go.jp/facilities/10322,2026-09-14T13:44:39.714Z
10323,https://birth-navi.mhlw.go.jp/facilities/10323,2026-09-14T13:44:40.050Z
10324,https://birth-navi.mhlw.go.jp/facilities/10324,2026-09-14T13:44:40.391Z
10325,https://birth-navi.mhlw.go.jp/facilities/10325,2026-09-14T13:44:40.727Z
10326,https://birth-navi.mhlw.go.jp/facilities/10326,2026-09-14T13:44:41.054Z
10327,https://birth-navi.mhlw.go.jp/facilities/10327,2026-09-14T13:44:41.383Z
10329,https://birth-navi.mhlw.go.jp/facilities/10329,2026-09-14T13:44:42.039Z
10330,https://birth-navi.mhlw.go.jp/facilities/10330,2026-09-14T13:44:42.349Z
10331,https://birth-navi.mhlw.go.jp/facilities/10331,2026-09-14T13:44:42.677Z
10332,https://birth-navi.mhlw.go.jp/facilities/10332,2026-09-14T13:44:43.025Z
10333,https://birth-navi.mhlw.go.jp/facilities/10333,2026-09-14T13:44:43.442Z
10334,https://birth-navi.mhlw.go.jp/facilities/10334,2026-09-14T13:44:43.744Z
10335,https://birth-navi.mhlw.go.jp/facilities/10335,2026-09-14T13:44:44.097Z
10336,https://birth-navi.mhlw.go.jp/facilities/10336,2026-09-14T13:44:44.487Z
10337,https://birth-navi.mhlw.go.jp/facilities/10337,2026-09-14T13:44:44.799Z
10338,https://birth-navi.mhlw.go.jp/facilities/10338,2026-09-14T13:44:45.119Z
10339,https://birth-navi.mhlw.go.jp/facilities/10339,2026-09-14T13:44:45.459Z
10340,https://birth-navi.mhlw.go.jp/facilities/10340,2026-09-14T13:44:45.790Z
10341,https://birth-navi.mhlw.go.jp/facilities/10341,2026-09-14T13:44:46.111Z
10342,https://birth-navi.mhlw.go.jp/facilities/10342,2026-09-14T13:44:46.414Z
10343,https://birth-navi.mhlw.go.jp/facilities/10343,2026-09-14T13:44:46.829Z
10344,https://birth-navi.mhlw.go.jp/facilities/10344,2026-09-14T13:44:47.169Z
10345,https://birth-navi.mhlw.go.jp/facilities/10345,2026-09-14T13:44:47.483Z
10346,https://birth-navi.mhlw.go.jp/facilities/10346,2026-09-14T13:44:47.870Z
10347,https://birth-navi.mhlw.go.jp/facilities/10347,2026-09-14T13:44:48.191Z
10348,https://birth-navi.mhlw.go.jp/facilities/10348,2026-09-14T13:44:48.506Z
10349,https://birth-navi.mhlw.go.jp/facilities/10349,2026-09-14T13:44:48.817Z
10350,https://birth-navi.mhlw.go.jp/facilities/10350,2026-09-14T13:44:49.142Z
10351,https://birth-navi.mhlw.go.jp/facilities/10351,2026-09-14T13:44:49.468Z
10352,https://birth-navi.mhlw.go.jp/facilities/10352,2026-09-14T13:44:49.915Z
10353,https://birth-navi.mhlw.go.jp/facilities/10353,2026-09-14T13:44:50.220Z
10355,https://birth-navi.mhlw.go.jp/facilities/10355,2026-09-14T13:44:50.858Z
10357,https://birth-navi.mhlw.go.jp/facilities/10357,2026-09-14T13:44:51.490Z
10358,https://birth-navi.mhlw.go.jp/facilities/10358,2026-09-14T13:44:51.818Z
10359,https://birth-navi.mhlw.go.jp/facilities/10359,2026-09-14T13:44:52.127Z
10360,https://birth-navi.mhlw.go.jp/facilities/10360,2026-09-14T13:44:52.429Z
10361,https://birth-navi.mhlw.go.jp/facilities/10361,2026-09-14T13:44:52.749Z
10362,https://birth-navi.mhlw.go.jp/facilities/10362,2026-09-14T13:44:53.053Z
10363,https://birth-navi.mhlw.go.jp/facilities/10363,2026-09-14T13:44:53.456Z
10364,https://birth-navi.mhlw.go.jp/facilities/10364,2026-09-14T13:44:53.809Z
10365,https://birth-navi.mhlw.go.jp/facilities/10365,2026-09-14T13:44:54.138Z
10366,https://birth-navi.mhlw.go.jp/facilities/10366,2026-09-14T13:44:54.460Z
10367,https://birth-navi.mhlw.go.jp/facilities/10367,2026-09-14T13:44:54.766Z
10368,https://birth-navi.mhlw.go.jp/facilities/10368,2026-09-14T13:44:55.169Z
10369,https://birth-navi.mhlw.go.jp/facilities/10369,2026-09-14T13:44:55.484Z
10370,https://birth-navi.mhlw.go.jp/facilities/10370,2026-09-14T13:44:55.813Z
10371,https://birth-navi.mhlw.go.jp/facilities/10371,2026-09-14T13:44:56.219Z
10372,https://birth-navi.mhlw.go.jp/facilities/10372,2026-09-14T13:44:56.638Z
10373,https://birth-navi.mhlw.go.jp/facilities/10373,2026-09-14T13:44:56.982Z
10374,https://birth-navi.mhlw.go.jp/facilities/10374,2026-09-14T13:44:57.300Z
10375,https://birth-navi.mhlw.go.jp/facilities/10375,2026-09-14T13:44:57.606Z
10376,https://birth-navi.mhlw.go.jp/facilities/10376,2026-09-14T13:44:58.082Z
10377,https://birth-navi.mhlw.go.jp/facilities/10377,2026-09-14T13:44:58.402Z
10378,https://birth-navi.mhlw.go.jp/facilities/10378,2026-09-14T13:44:58.781Z
10379,https://birth-navi.mhlw.go.jp/facilities/10379,2026-09-14T13:44:59.203Z
10380,https://birth-navi.mhlw.go.jp/facilities/10380,2026-09-14T13:44:59.541Z
10382,https://birth-navi.mhlw.go.jp/facilities/10382,2026-09-14T13:45:00.191Z
10383,https://birth-navi.mhlw.go.jp/facilities/10383,2026-09-14T13:45:00.558Z
10384,https://birth-navi.mhlw.go.jp/facilities/10384,2026-09-14T13:45:00.902Z
10385,https://birth-navi.mhlw.go.jp/facilities/10385,2026-09-14T13:45:01.214Z
10386,https://birth-navi.mhlw.go.jp/facilities/10386,2026-09-14T13:45:01.545Z
10387,https://birth-navi.mhlw.go.jp/facilities/10387,2026-09-14T13:45:01.918Z
10388,https://birth-navi.mhlw.go.jp/facilities/10388,2026-09-14T13:45:02.260Z
10389,https://birth-navi.mhlw.go.jp/facilities/10389,2026-09-14T13:45:02.628Z
10390,https://birth-navi.mhlw.go.jp/facilities/10390,2026-09-14T13:45:02.942Z
10391,https://birth-navi.mhlw.go.jp/facilities/10391,2026-09-14T13:45:03.254Z
10392,https://birth-navi.mhlw.go.jp/facilities/10392,2026-09-14T13:45:03.580Z
10393,https://birth-navi.mhlw.go.jp/facilities/10393,2026-09-14T13:45:03.926Z
10394,https://birth-navi.mhlw.go.jp/facilities/10394,2026-09-14T13:45:04.236Z
10395,https://birth-navi.mhlw.go.jp/facilities/10395,2026-09-14T13:45:04.546Z
10396,https://birth-navi.mhlw.go.jp/facilities/10396,2026-09-14T13:45:04.851Z
10397,https://birth-navi.mhlw.go.jp/facilities/10397,2026-09-14T13:45:05.205Z
10398,https://birth-navi.mhlw.go.jp/facilities/10398,2026-09-14T13:45:05.516Z
10399,https://birth-navi.mhlw.go.jp/facilities/10399,2026-09-14T13:45:05.816Z
10400,https://birth-navi.mhlw.go.jp/facilities/10400,2026-09-14T13:45:06.133Z
10401,https://birth-navi.mhlw.go.jp/facilities/10401,2026-09-14T13:45:06.502Z
10402,https://birth-navi.mhlw.go.jp/facilities/10402,2026-09-14T13:45:06.972Z
10403,https://birth-navi.mhlw.go.jp/facilities/10403,2026-09-14T13:45:07.386Z
10404,https://birth-navi.mhlw.go.jp/facilities/10404,2026-09-14T13:45:07.719Z
10405,https://birth-navi.mhlw.go.jp/facilities/10405,2026-09-14T13:45:08.066Z
10406,https://birth-navi.mhlw.go.jp/facilities/10406,2026-09-14T13:45:08.383Z
10407,https://birth-navi.mhlw.go.jp/facilities/10407,2026-09-14T13:45:08.723Z
10408,https://birth-navi.mhlw.go.jp/facilities/10408,2026-09-14T13:45:09.033Z
10409,https://birth-navi.mhlw.go.jp/facilities/10409,2026-09-14T13:45:09.449Z
10410,https://birth-navi.mhlw.go.jp/facilities/10410,2026-09-14T13:45:09.763Z
10411,https://birth-navi.mhlw.go.jp/facilities/10411,2026-09-14T13:45:10.107Z
10412,https://birth-navi.mhlw.go.jp/facilities/10412,2026-09-14T13:11:52.615Z
10413,https://birth-navi.mhlw.go.jp/facilities/10413,2026-09-14T13:45:10.507Z
10415,https://birth-navi.mhlw.go.jp/facilities/10415,2026-09-14T13:45:11.228Z
10416,https://birth-navi.mhlw.go.jp/facilities/10416,2026-09-14T13:45:11.530Z
10417,https://birth-navi.mhlw.go.jp/facilities/10417,2026-09-14T13:45:11.831Z
10418,https://birth-navi.mhlw.go.jp/facilities/10418,2026-09-14T13:45:12.176Z
10419,https://birth-navi.mhlw.go.jp/facilities/10419,2026-09-14T13:45:12.494Z
10420,https://birth-navi.mhlw.go.jp/facilities/10420,2026-09-14T13:45:12.850Z
10421,https://birth-navi.mhlw.go.jp/facilities/10421,2026-09-14T13:45:13.163Z
10422,https://birth-navi.mhlw.go.jp/facilities/10422,2026-09-14T13:45:13.504Z
10423,https://birth-navi.mhlw.go.jp/facilities/10423,2026-09-14T13:45:13.813Z
10424,https://birth-navi.mhlw.go.jp/facilities/10424,2026-09-14T13:45:14.169Z
10425,https://birth-navi.mhlw.go.jp/facilities/10425,2026-09-14T13:45:14.508Z
10426,https://birth-navi.mhlw.go.jp/facilities/10426,2026-09-14T13:45:14.890Z
10427,https://birth-navi.mhlw.go.jp/facilities/10427,2026-09-14T13:45:15.203Z
10428,https://birth-navi.mhlw.go.jp/facilities/10428,2026-09-14T13:45:15.643Z
10429,https://birth-navi.mhlw.go.jp/facilities/10429,2026-09-14T13:45:16.020Z
10430,https://birth-navi.mhlw.go.jp/facilities/10430,2026-09-14T13:45:16.334Z
10431,https://birth-navi.mhlw.go.jp/facilities/10431,2026-09-14T13:45:16.669Z
10432,https://birth-navi.mhlw.go.jp/facilities/10432,2026-09-14T13:45:16.999Z
10433,https://birth-navi.mhlw.go.jp/facilities/10433,2026-09-14T13:45:17.319Z
10434,https://birth-navi.mhlw.go.jp/facilities/10434,2026-09-14T13:45:17.695Z
10435,https://birth-navi.mhlw.go.jp/facilities/10435,2026-09-14T13:45:18.033Z
10436,https://birth-navi.mhlw.go.jp/facilities/10436,2026-09-14T13:45:18.366Z
10437,https://birth-navi.mhlw.go.jp/facilities/10437,2026-09-14T13:45:18.720Z
10438,https://birth-navi.mhlw.go.jp/facilities/10438,2026-09-14T13:45:19.063Z
10439,https://birth-navi.mhlw.go.jp/facilities/10439,2026-09-14T13:45:19.491Z
10440,https://birth-navi.mhlw.go.jp/facilities/10440,2026-09-14T13:45:19.805Z
10441,https://birth-navi.mhlw.go.jp/facilities/10441,2026-09-14T13:45:20.150Z
10442,https://birth-navi.mhlw.go.jp/facilities/10442,2026-09-14T13:45:20.454Z
10444,https://birth-navi.mhlw.go.jp/facilities/10444,2026-09-14T13:45:21.117Z
10445,https://birth-navi.mhlw.go.jp/facilities/10445,2026-09-14T13:45:21.475Z
10446,https://birth-navi.mhlw.go.jp/facilities/10446,2026-09-14T13:45:21.777Z
10447,https://birth-navi.mhlw.go.jp/facilities/10447,2026-09-14T13:45:22.085Z
10448,https://birth-navi.mhlw.go.jp/facilities/10448,2026-09-14T13:45:22.402Z
10449,https://birth-navi.mhlw.go.jp/facilities/10449,2026-09-14T13:45:22.755Z
10450,https://birth-navi.mhlw.go.jp/facilities/10450,2026-09-14T13:45:23.072Z
10451,https://birth-navi.mhlw.go.jp/facilities/10451,2026-09-14T13:45:23.407Z
10452,https://birth-navi.mhlw.go.jp/facilities/10452,2026-09-14T13:45:23.719Z
10453,https://birth-navi.mhlw.go.jp/facilities/10453,2026-09-14T13:45:24.046Z
10454,https://birth-navi.mhlw.go.jp/facilities/10454,2026-09-14T13:45:24.357Z
10455,https://birth-navi.mhlw.go.jp/facilities/10455,2026-09-14T13:45:24.692Z
10456,https://birth-navi.mhlw.go.jp/facilities/10456,2026-09-14T13:45:25.038Z
10457,https://birth-navi.mhlw.go.jp/facilities/10457,2026-09-14T13:45:25.490Z
10458,https://birth-navi.mhlw.go.jp/facilities/10458,2026-09-14T13:45:25.840Z
10459,https://birth-navi.mhlw.go.jp/facilities/10459,2026-09-14T13:45:26.153Z
10460,https://birth-navi.mhlw.go.jp/facilities/10460,2026-09-14T13:45:26.490Z
10461,https://birth-navi.mhlw.go.jp/facilities/10461,2026-09-14T13:45:26.805Z
10462,https://birth-navi.mhlw.go.jp/facilities/10462,2026-09-14T13:45:27.230Z
10463,https://birth-navi.mhlw.go.jp/facilities/10463,2026-09-14T13:45:27.582Z
10464,https://birth-navi.mhlw.go.jp/facilities/10464,2026-09-14T13:45:27.901Z
10465,https://birth-navi.mhlw.go.jp/facilities/10465,2026-09-14T13:45:28.226Z
10466,https://birth-navi.mhlw.go.jp/facilities/10466,2026-09-14T13:45:28.584Z
10467,https://birth-navi.mhlw.go.jp/facilities/10467,2026-09-14T13:45:28.901Z
10468,https://birth-navi.mhlw.go.jp/facilities/10468,2026-09-14T13:45:29.223Z
10469,https://birth-navi.mhlw.go.jp/facilities/10469,2026-09-14T13:45:29.533Z
10470,https://birth-navi.mhlw.go.jp/facilities/10470,2026-09-14T13:45:29.847Z
10471,https://birth-navi.mhlw.go.jp/facilities/10471,2026-09-14T13:45:30.159Z
10472,https://birth-navi.mhlw.go.jp/facilities/10472,2026-09-14T13:45:30.521Z
10473,https://birth-navi.mhlw.go.jp/facilities/10473,2026-09-14T13:45:30.828Z
10474,https://birth-navi.mhlw.go.jp/facilities/10474,2026-09-14T13:45:31.200Z
10475,https://birth-navi.mhlw.go.jp/facilities/10475,2026-09-14T13:45:31.508Z
10476,https://birth-navi.mhlw.go.jp/facilities/10476,2026-09-14T13:45:31.944Z
10477,https://birth-navi.mhlw.go.jp/facilities/10477,2026-09-14T13:45:32.265Z
10478,https://birth-navi.mhlw.go.jp/facilities/10478,2026-09-14T13:45:32.580Z
10479,https://birth-navi.mhlw.go.jp/facilities/10479,2026-09-14T13:45:32.899Z
10480,https://birth-navi.mhlw.go.jp/facilities/10480,2026-09-14T13:45:33.222Z
10481,https://birth-navi.mhlw.go.jp/facilities/10481,2026-09-14T13:45:33.563Z
10482,https://birth-navi.mhlw.go.jp/facilities/10482,2026-09-14T13:45:33.869Z
10483,https://birth-navi.mhlw.go.jp/facilities/10483,2026-09-14T13:45:34.298Z
10484,https://birth-navi.mhlw.go.jp/facilities/10484,2026-09-14T13:45:34.653Z
10485,https://birth-navi.mhlw.go.jp/facilities/10485,2026-09-14T13:45:34.970Z
10486,https://birth-navi.mhlw.go.jp/facilities/10486,2026-09-14T13:45:35.306Z
10487,https://birth-navi.mhlw.go.jp/facilities/10487,2026-09-14T13:45:35.730Z
10488,https://birth-navi.mhlw.go.jp/facilities/10488,2026-09-14T13:45:36.145Z
10489,https://birth-navi.mhlw.go.jp/facilities/10489,2026-09-14T13:45:36.468Z
10490,https://birth-navi.mhlw.go.jp/facilities/10490,2026-09-14T13:45:36.786Z
10491,https://birth-navi.mhlw.go.jp/facilities/10491,2026-09-14T13:45:37.092Z
10492,https://birth-navi.mhlw.go.jp/facilities/10492,2026-09-14T13:45:37.416Z
10493,https://birth-navi.mhlw.go.jp/facilities/10493,2026-09-14T13:45:37.724Z
10494,https://birth-navi.mhlw.go.jp/facilities/10494,2026-09-14T13:45:38.045Z
10495,https://birth-navi.mhlw.go.jp/facilities/10495,2026-09-14T13:45:38.364Z
10496,https://birth-navi.mhlw.go.jp/facilities/10496,2026-09-14T13:45:38.668Z
10497,https://birth-navi.mhlw.go.jp/facilities/10497,2026-09-14T13:45:39.065Z
10499,https://birth-navi.mhlw.go.jp/facilities/10499,2026-09-14T13:45:39.785Z
10500,https://birth-navi.mhlw.go.jp/facilities/10500,2026-09-14T13:45:40.143Z
10501,https://birth-navi.mhlw.go.jp/facilities/10501,2026-09-14T13:45:40.467Z
10502,https://birth-navi.mhlw.go.jp/facilities/10502,2026-09-14T13:45:40.913Z
10504,https://birth-navi.mhlw.go.jp/facilities/10504,2026-09-14T13:45:41.605Z
10505,https://birth-navi.mhlw.go.jp/facilities/10505,2026-09-14T13:45:41.982Z
10506,https://birth-navi.mhlw.go.jp/facilities/10506,2026-09-14T13:45:42.305Z
10507,https://birth-navi.mhlw.go.jp/facilities/10507,2026-09-14T13:45:42.665Z
10508,https://birth-navi.mhlw.go.jp/facilities/10508,2026-09-14T13:45:43.129Z
10510,https://birth-navi.mhlw.go.jp/facilities/10510,2026-09-14T13:45:43.788Z
10511,https://birth-navi.mhlw.go.jp/facilities/10511,2026-09-14T13:45:44.123Z
10512,https://birth-navi.mhlw.go.jp/facilities/10512,2026-09-14T13:45:44.431Z
10513,https://birth-navi.mhlw.go.jp/facilities/10513,2026-09-14T13:45:44.739Z
10514,https://birth-navi.mhlw.go.jp/facilities/10514,2026-09-14T13:45:45.173Z
10515,https://birth-navi.mhlw.go.jp/facilities/10515,2026-09-14T13:45:45.525Z
10516,https://birth-navi.mhlw.go.jp/facilities/10516,2026-09-14T13:45:45.843Z
10517,https://birth-navi.mhlw.go.jp/facilities/10517,2026-09-14T13:45:46.170Z
10518,https://birth-navi.mhlw.go.jp/facilities/10518,2026-09-14T13:45:46.495Z
10519,https://birth-navi.mhlw.go.jp/facilities/10519,2026-09-14T13:45:46.815Z
10520,https://birth-navi.mhlw.go.jp/facilities/10520,2026-09-14T13:45:47.182Z
10521,https://birth-navi.mhlw.go.jp/facilities/10521,2026-09-14T13:45:47.546Z
10522,https://birth-navi.mhlw.go.jp/facilities/10522,2026-09-14T13:45:47.943Z
10523,https://birth-navi.mhlw.go.jp/facilities/10523,2026-09-14T13:45:48.291Z
10524,https://birth-navi.mhlw.go.jp/facilities/10524,2026-09-14T13:45:48.605Z
10525,https://birth-navi.mhlw.go.jp/facilities/10525,2026-09-14T13:45:48.917Z
10526,https://birth-navi.mhlw.go.jp/facilities/10526,2026-09-14T13:45:49.227Z
10527,https://birth-navi.mhlw.go.jp/facilities/10527,2026-09-14T13:45:49.601Z
10528,https://birth-navi.mhlw.go.jp/facilities/10528,2026-09-14T13:45:49.961Z
10529,https://birth-navi.mhlw.go.jp/facilities/10529,2026-09-14T13:45:50.302Z
10530,https://birth-navi.mhlw.go.jp/facilities/10530,2026-09-14T13:45:50.606Z
10531,https://birth-navi.mhlw.go.jp/facilities/10531,2026-09-14T13:45:51.004Z
10532,https://birth-navi.mhlw.go.jp/facilities/10532,2026-09-14T13:45:51.357Z
10533,https://birth-navi.mhlw.go.jp/facilities/10533,2026-09-14T13:45:51.705Z
10534,https://birth-navi.mhlw.go.jp/facilities/10534,2026-09-14T13:45:52.042Z
10535,https://birth-navi.mhlw.go.jp/facilities/10535,2026-09-14T13:45:52.364Z
10536,https://birth-navi.mhlw.go.jp/facilities/10536,2026-09-14T13:45:52.670Z
10537,https://birth-navi.mhlw.go.jp/facilities/10537,2026-09-14T13:45:52.994Z
10538,https://birth-navi.mhlw.go.jp/facilities/10538,2026-09-14T13:45:53.325Z
10539,https://birth-navi.mhlw.go.jp/facilities/10539,2026-09-14T13:45:53.658Z
10540,https://birth-navi.mhlw.go.jp/facilities/10540,2026-09-14T13:45:53.977Z
10541,https://birth-navi.mhlw.go.jp/facilities/10541,2026-09-14T13:45:54.302Z
10542,https://birth-navi.mhlw.go.jp/facilities/10542,2026-09-14T13:45:54.686Z
10543,https://birth-navi.mhlw.go.jp/facilities/10543,2026-09-14T13:45:55.048Z
10544,https://birth-navi.mhlw.go.jp/facilities/10544,2026-09-14T13:45:55.362Z
10545,https://birth-navi.mhlw.go.jp/facilities/10545,2026-09-14T13:45:55.682Z
10546,https://birth-navi.mhlw.go.jp/facilities/10546,2026-09-14T13:45:56.007Z
10547,https://birth-navi.mhlw.go.jp/facilities/10547,2026-09-14T13:45:56.351Z
10548,https://birth-navi.mhlw.go.jp/facilities/10548,2026-09-14T13:45:56.753Z
10549,https://birth-navi.mhlw.go.jp/facilities/10549,2026-09-14T13:45:57.108Z
10550,https://birth-navi.mhlw.go.jp/facilities/10550,2026-09-14T13:45:57.424Z
10551,https://birth-navi.mhlw.go.jp/facilities/10551,2026-09-14T13:45:57.744Z
10552,https://birth-navi.mhlw.go.jp/facilities/10552,2026-09-14T13:45:58.053Z
10553,https://birth-navi.mhlw.go.jp/facilities/10553,2026-09-14T13:45:58.385Z
10554,https://birth-navi.mhlw.go.jp/facilities/10554,2026-09-14T13:45:58.714Z
10555,https://birth-navi.mhlw.go.jp/facilities/10555,2026-09-14T13:45:59.073Z
10556,https://birth-navi.mhlw.go.jp/facilities/10556,2026-09-14T13:45:59.391Z
10557,https://birth-navi.mhlw.go.jp/facilities/10557,2026-09-14T13:45:59.737Z
10558,https://birth-navi.mhlw.go.jp/facilities/10558,2026-09-14T13:46:00.052Z
10559,https://birth-navi.mhlw.go.jp/facilities/10559,2026-09-14T13:46:00.388Z
10560,https://birth-navi.mhlw.go.jp/facilities/10560,2026-09-14T13:46:00.742Z
10561,https://birth-navi.mhlw.go.jp/facilities/10561,2026-09-14T13:46:01.081Z
10562,https://birth-navi.mhlw.go.jp/facilities/10562,2026-09-14T13:46:01.442Z
10563,https://birth-navi.mhlw.go.jp/facilities/10563,2026-09-14T13:46:01.794Z
10564,https://birth-navi.mhlw.go.jp/facilities/10564,2026-09-14T13:46:02.140Z
10565,https://birth-navi.mhlw.go.jp/facilities/10565,2026-09-14T13:46:02.474Z
10566,https://birth-navi.mhlw.go.jp/facilities/10566,2026-09-14T13:46:02.788Z
10567,https://birth-navi.mhlw.go.jp/facilities/10567,2026-09-14T13:46:03.127Z
10568,https://birth-navi.mhlw.go.jp/facilities/10568,2026-09-14T13:46:03.458Z
10569,https://birth-navi.mhlw.go.jp/facilities/10569,2026-09-14T13:46:03.802Z
10570,https://birth-navi.mhlw.go.jp/facilities/10570,2026-09-14T13:46:04.136Z
10571,https://birth-navi.mhlw.go.jp/facilities/10571,2026-09-14T13:46:04.540Z
10572,https://birth-navi.mhlw.go.jp/facilities/10572,2026-09-14T13:46:04.862Z
10573,https://birth-navi.mhlw.go.jp/facilities/10573,2026-09-14T13:46:05.171Z
10574,https://birth-navi.mhlw.go.jp/facilities/10574,2026-09-14T13:46:05.474Z
10575,https://birth-navi.mhlw.go.jp/facilities/10575,2026-09-14T13:46:05.810Z
10576,https://birth-navi.mhlw.go.jp/facilities/10576,2026-09-14T13:46:06.122Z
10577,https://birth-navi.mhlw.go.jp/facilities/10577,2026-09-14T13:46:06.438Z
10578,https://birth-navi.mhlw.go.jp/facilities/10578,2026-09-14T13:46:06.867Z
10579,https://birth-navi.mhlw.go.jp/facilities/10579,2026-09-14T13:46:07.172Z
10580,https://birth-navi.mhlw.go.jp/facilities/10580,2026-09-14T13:46:07.490Z
10581,https://birth-navi.mhlw.go.jp/facilities/10581,2026-09-14T13:46:07.898Z
10582,https://birth-navi.mhlw.go.jp/facilities/10582,2026-09-14T13:46:08.224Z
10583,https://birth-navi.mhlw.go.jp/facilities/10583,2026-09-14T13:46:08.594Z
10584,https://birth-navi.mhlw.go.jp/facilities/10584,2026-09-14T13:46:08.980Z
10585,https://birth-navi.mhlw.go.jp/facilities/10585,2026-09-14T13:46:09.297Z
10586,https://birth-navi.mhlw.go.jp/facilities/10586,2026-09-14T13:46:09.644Z
10587,https://birth-navi.mhlw.go.jp/facilities/10587,2026-09-14T13:46:09.979Z
10588,https://birth-navi.mhlw.go.jp/facilities/10588,2026-09-14T13:46:10.312Z
10589,https://birth-navi.mhlw.go.jp/facilities/10589,2026-09-14T13:46:10.631Z
10590,https://birth-navi.mhlw.go.jp/facilities/10590,2026-09-14T13:46:10.951Z
10591,https://birth-navi.mhlw.go.jp/facilities/10591,2026-09-14T13:46:11.264Z
10592,https://birth-navi.mhlw.go.jp/facilities/10592,2026-09-14T13:46:11.578Z
10593,https://birth-navi.mhlw.go.jp/facilities/10593,2026-09-14T13:46:11.892Z
10594,https://birth-navi.mhlw.go.jp/facilities/10594,2026-09-14T13:46:12.218Z
10595,https://birth-navi.mhlw.go.jp/facilities/10595,2026-09-14T13:46:12.536Z
10596,https://birth-navi.mhlw.go.jp/facilities/10596,2026-09-14T13:46:12.851Z
10597,https://birth-navi.mhlw.go.jp/facilities/10597,2026-09-14T13:46:13.206Z
10598,https://birth-navi.mhlw.go.jp/facilities/10598,2026-09-14T13:46:13.562Z
10599,https://birth-navi.mhlw.go.jp/facilities/10599,2026-09-14T13:46:13.868Z
10600,https://birth-navi.mhlw.go.jp/facilities/10600,2026-09-14T13:46:14.172Z
10601,https://birth-navi.mhlw.go.jp/facilities/10601,2026-09-14T13:46:14.560Z
10602,https://birth-navi.mhlw.go.jp/facilities/10602,2026-09-14T13:46:14.876Z
10603,https://birth-navi.mhlw.go.jp/facilities/10603,2026-09-14T13:46:15.273Z
10604,https://birth-navi.mhlw.go.jp/facilities/10604,2026-09-14T13:46:15.580Z
10605,https://birth-navi.mhlw.go.jp/facilities/10605,2026-09-14T13:46:15.903Z
10606,https://birth-navi.mhlw.go.jp/facilities/10606,2026-09-14T13:46:16.222Z
10607,https://birth-navi.mhlw.go.jp/facilities/10607,2026-09-14T13:46:16.574Z
10608,https://birth-navi.mhlw.go.jp/facilities/10608,2026-09-14T13:46:16.952Z
10609,https://birth-navi.mhlw.go.jp/facilities/10609,2026-09-14T13:46:17.263Z
10610,https://birth-navi.mhlw.go.jp/facilities/10610,2026-09-14T13:46:17.578Z
10611,https://birth-navi.mhlw.go.jp/facilities/10611,2026-09-14T13:46:17.889Z
10612,https://birth-navi.mhlw.go.jp/facilities/10612,2026-09-14T13:46:18.216Z
10613,https://birth-navi.mhlw.go.jp/facilities/10613,2026-09-14T13:46:18.525Z
10614,https://birth-navi.mhlw.go.jp/facilities/10614,2026-09-14T13:46:18.827Z
10615,https://birth-navi.mhlw.go.jp/facilities/10615,2026-09-14T13:46:19.142Z
10616,https://birth-navi.mhlw.go.jp/facilities/10616,2026-09-14T13:46:19.458Z
10617,https://birth-navi.mhlw.go.jp/facilities/10617,2026-09-14T13:46:19.787Z
10618,https://birth-navi.mhlw.go.jp/facilities/10618,2026-09-14T13:46:20.096Z
10619,https://birth-navi.mhlw.go.jp/facilities/10619,2026-09-14T13:46:20.529Z
10620,https://birth-navi.mhlw.go.jp/facilities/10620,2026-09-14T13:46:20.876Z
10621,https://birth-navi.mhlw.go.jp/facilities/10621,2026-09-14T13:46:21.187Z
10622,https://birth-navi.mhlw.go.jp/facilities/10622,2026-09-14T13:46:21.496Z
10623,https://birth-navi.mhlw.go.jp/facilities/10623,2026-09-14T13:46:21.817Z
10624,https://birth-navi.mhlw.go.jp/facilities/10624,2026-09-14T13:46:22.188Z
10625,https://birth-navi.mhlw.go.jp/facilities/10625,2026-09-14T13:46:22.500Z
10626,https://birth-navi.mhlw.go.jp/facilities/10626,2026-09-14T13:46:22.947Z
10627,https://birth-navi.mhlw.go.jp/facilities/10627,2026-09-14T13:46:23.253Z
10628,https://birth-navi.mhlw.go.jp/facilities/10628,2026-09-14T13:46:23.581Z
10629,https://birth-navi.mhlw.go.jp/facilities/10629,2026-09-14T13:46:23.897Z
10630,https://birth-navi.mhlw.go.jp/facilities/10630,2026-09-14T13:46:24.209Z
10631,https://birth-navi.mhlw.go.jp/facilities/10631,2026-09-14T13:46:24.518Z
10632,https://birth-navi.mhlw.go.jp/facilities/10632,2026-09-14T13:46:24.921Z
10633,https://birth-navi.mhlw.go.jp/facilities/10633,2026-09-14T13:46:25.266Z
10634,https://birth-navi.mhlw.go.jp/facilities/10634,2026-09-14T13:46:25.683Z
10635,https://birth-navi.mhlw.go.jp/facilities/10635,2026-09-14T13:46:25.989Z
10636,https://birth-navi.mhlw.go.jp/facilities/10636,2026-09-14T13:46:26.296Z
10637,https://birth-navi.mhlw.go.jp/facilities/10637,2026-09-14T13:46:26.650Z
10638,https://birth-navi.mhlw.go.jp/facilities/10638,2026-09-14T13:46:26.975Z
10639,https://birth-navi.mhlw.go.jp/facilities/10639,2026-09-14T13:46:27.303Z
10640,https://birth-navi.mhlw.go.jp/facilities/10640,2026-09-14T13:46:27.669Z
10641,https://birth-navi.mhlw.go.jp/facilities/10641,2026-09-14T13:46:27.985Z
10642,https://birth-navi.mhlw.go.jp/facilities/10642,2026-09-14T13:46:28.319Z
10643,https://birth-navi.mhlw.go.jp/facilities/10643,2026-09-14T13:46:28.633Z
10644,https://birth-navi.mhlw.go.jp/facilities/10644,2026-09-14T13:46:28.949Z
10645,https://birth-navi.mhlw.go.jp/facilities/10645,2026-09-14T13:46:29.265Z
10647,https://birth-navi.mhlw.go.jp/facilities/10647,2026-09-14T13:46:29.893Z
10648,https://birth-navi.mhlw.go.jp/facilities/10648,2026-09-14T13:46:30.186Z
10649,https://birth-navi.mhlw.go.jp/facilities/10649,2026-09-14T13:46:30.497Z
10650,https://birth-navi.mhlw.go.jp/facilities/10650,2026-09-14T13:46:30.799Z
10651,https://birth-navi.mhlw.go.jp/facilities/10651,2026-09-14T13:46:31.112Z
10652,https://birth-navi.mhlw.go.jp/facilities/10652,2026-09-14T13:46:31.435Z
10653,https://birth-navi.mhlw.go.jp/facilities/10653,2026-09-14T13:46:31.769Z
10654,https://birth-navi.mhlw.go.jp/facilities/10654,2026-09-14T13:46:32.103Z
10655,https://birth-navi.mhlw.go.jp/facilities/10655,2026-09-14T13:46:32.407Z
10656,https://birth-navi.mhlw.go.jp/facilities/10656,2026-09-14T13:46:32.757Z
10657,https://birth-navi.mhlw.go.jp/facilities/10657,2026-09-14T13:46:33.068Z
10658,https://birth-navi.mhlw.go.jp/facilities/10658,2026-09-14T13:46:33.457Z
10659,https://birth-navi.mhlw.go.jp/facilities/10659,2026-09-14T13:46:33.771Z
10660,https://birth-navi.mhlw.go.jp/facilities/10660,2026-09-14T13:46:34.261Z
10661,https://birth-navi.mhlw.go.jp/facilities/10661,2026-09-14T13:46:34.683Z
10662,https://birth-navi.mhlw.go.jp/facilities/10662,2026-09-14T13:46:34.999Z
10663,https://birth-navi.mhlw.go.jp/facilities/10663,2026-09-14T13:46:35.312Z
10664,https://birth-navi.mhlw.go.jp/facilities/10664,2026-09-14T13:46:35.633Z
10665,https://birth-navi.mhlw.go.jp/facilities/10665,2026-09-14T13:46:35.951Z
10666,https://birth-navi.mhlw.go.jp/facilities/10666,2026-09-14T13:46:36.353Z
10667,https://birth-navi.mhlw.go.jp/facilities/10667,2026-09-14T13:46:36.686Z
10668,https://birth-navi.mhlw.go.jp/facilities/10668,2026-09-14T13:46:37.013Z
10669,https://birth-navi.mhlw.go.jp/facilities/10669,2026-09-14T13:46:37.374Z
10670,https://birth-navi.mhlw.go.jp/facilities/10670,2026-09-14T13:46:37.727Z
10671,https://birth-navi.mhlw.go.jp/facilities/10671,2026-09-14T13:46:38.077Z
10672,https://birth-navi.mhlw.go.jp/facilities/10672,2026-09-14T13:46:38.387Z
10673,https://birth-navi.mhlw.go.jp/facilities/10673,2026-09-14T13:46:38.713Z
10674,https://birth-navi.mhlw.go.jp/facilities/10674,2026-09-14T13:46:39.054Z
10675,https://birth-navi.mhlw.go.jp/facilities/10675,2026-09-14T13:46:39.484Z
10677,https://birth-navi.mhlw.go.jp/facilities/10677,2026-09-14T13:46:40.216Z
10678,https://birth-navi.mhlw.go.jp/facilities/10678,2026-09-14T13:46:40.513Z
10679,https://birth-navi.mhlw.go.jp/facilities/10679,2026-09-14T13:46:40.897Z
10680,https://birth-navi.mhlw.go.jp/facilities/10680,2026-09-14T13:46:41.221Z
10681,https://birth-navi.mhlw.go.jp/facilities/10681,2026-09-14T13:46:41.600Z
10682,https://birth-navi.mhlw.go.jp/facilities/10682,2026-09-14T13:46:41.904Z
10683,https://birth-navi.mhlw.go.jp/facilities/10683,2026-09-14T13:46:42.236Z
10684,https://birth-navi.mhlw.go.jp/facilities/10684,2026-09-14T13:46:42.589Z
10685,https://birth-navi.mhlw.go.jp/facilities/10685,2026-09-14T13:46:42.921Z
10686,https://birth-navi.mhlw.go.jp/facilities/10686,2026-09-14T13:46:43.253Z
10687,https://birth-navi.mhlw.go.jp/facilities/10687,2026-09-14T13:46:43.572Z
10688,https://birth-navi.mhlw.go.jp/facilities/10688,2026-09-14T13:46:43.946Z
10689,https://birth-navi.mhlw.go.jp/facilities/10689,2026-09-14T13:46:44.292Z
10690,https://birth-navi.mhlw.go.jp/facilities/10690,2026-09-14T13:46:44.612Z
10691,https://birth-navi.mhlw.go.jp/facilities/10691,2026-09-14T13:46:44.943Z
10692,https://birth-navi.mhlw.go.jp/facilities/10692,2026-09-14T13:46:45.267Z
10693,https://birth-navi.mhlw.go.jp/facilities/10693,2026-09-14T13:46:45.572Z
10694,https://birth-navi.mhlw.go.jp/facilities/10694,2026-09-14T13:46:45.992Z
10695,https://birth-navi.mhlw.go.jp/facilities/10695,2026-09-14T13:46:46.309Z
10696,https://birth-navi.mhlw.go.jp/facilities/10696,2026-09-14T13:46:46.672Z
10697,https://birth-navi.mhlw.go.jp/facilities/10697,2026-09-14T13:46:47.065Z
10698,https://birth-navi.mhlw.go.jp/facilities/10698,2026-09-14T13:46:47.475Z
10699,https://birth-navi.mhlw.go.jp/facilities/10699,2026-09-14T13:46:47.859Z
10700,https://birth-navi.mhlw.go.jp/facilities/10700,2026-09-14T13:46:48.178Z
10701,https://birth-navi.mhlw.go.jp/facilities/10701,2026-09-14T13:46:48.516Z
10702,https://birth-navi.mhlw.go.jp/facilities/10702,2026-09-14T13:46:48.851Z
10703,https://birth-navi.mhlw.go.jp/facilities/10703,2026-09-14T13:46:49.225Z
10704,https://birth-navi.mhlw.go.jp/facilities/10704,2026-09-14T13:46:49.562Z
10705,https://birth-navi.mhlw.go.jp/facilities/10705,2026-09-14T13:46:49.878Z
10706,https://birth-navi.mhlw.go.jp/facilities/10706,2026-09-14T13:12:14.302Z
10707,https://birth-navi.mhlw.go.jp/facilities/10707,2026-09-14T13:46:50.206Z
10708,https://birth-navi.mhlw.go.jp/facilities/10708,2026-09-14T13:46:50.525Z
10709,https://birth-navi.mhlw.go.jp/facilities/10709,2026-09-14T13:46:50.861Z
10710,https://birth-navi.mhlw.go.jp/facilities/10710,2026-09-14T13:46:51.244Z
10711,https://birth-navi.mhlw.go.jp/facilities/10711,2026-09-14T13:46:51.596Z
10712,https://birth-navi.mhlw.go.jp/facilities/10712,2026-09-14T13:46:51.902Z
10713,https://birth-navi.mhlw.go.jp/facilities/10713,2026-09-14T13:46:52.248Z
10714,https://birth-navi.mhlw.go.jp/facilities/10714,2026-09-14T13:46:52.562Z
10715,https://birth-navi.mhlw.go.jp/facilities/10715,2026-09-14T13:46:52.929Z
10716,https://birth-navi.mhlw.go.jp/facilities/10716,2026-09-14T13:46:53.260Z
10717,https://birth-navi.mhlw.go.jp/facilities/10717,2026-09-14T13:46:53.630Z
10718,https://birth-navi.mhlw.go.jp/facilities/10718,2026-09-14T13:46:54.011Z
10719,https://birth-navi.mhlw.go.jp/facilities/10719,2026-09-14T13:46:54.332Z
10720,https://birth-navi.mhlw.go.jp/facilities/10720,2026-09-14T13:46:54.643Z
10721,https://birth-navi.mhlw.go.jp/facilities/10721,2026-09-14T13:46:54.950Z
10722,https://birth-navi.mhlw.go.jp/facilities/10722,2026-09-14T13:46:55.250Z
10723,https://birth-navi.mhlw.go.jp/facilities/10723,2026-09-14T13:46:55.563Z
10724,https://birth-navi.mhlw.go.jp/facilities/10724,2026-09-14T13:46:55.985Z
10725,https://birth-navi.mhlw.go.jp/facilities/10725,2026-09-14T13:46:56.394Z
10727,https://birth-navi.mhlw.go.jp/facilities/10727,2026-09-14T13:46:57.126Z
10728,https://birth-navi.mhlw.go.jp/facilities/10728,2026-09-14T13:46:57.456Z
10729,https://birth-navi.mhlw.go.jp/facilities/10729,2026-09-14T13:46:57.770Z
10730,https://birth-navi.mhlw.go.jp/facilities/10730,2026-09-14T13:46:58.109Z
10731,https://birth-navi.mhlw.go.jp/facilities/10731,2026-09-14T13:46:58.446Z
10732,https://birth-navi.mhlw.go.jp/facilities/10732,2026-09-14T13:46:58.768Z
10733,https://birth-navi.mhlw.go.jp/facilities/10733,2026-09-14T13:46:59.089Z
10734,https://birth-navi.mhlw.go.jp/facilities/10734,2026-09-14T13:46:59.498Z
10735,https://birth-navi.mhlw.go.jp/facilities/10735,2026-09-14T13:46:59.815Z
10736,https://birth-navi.mhlw.go.jp/facilities/10736,2026-09-14T13:47:00.124Z
10738,https://birth-navi.mhlw.go.jp/facilities/10738,2026-09-14T13:47:00.796Z
10739,https://birth-navi.mhlw.go.jp/facilities/10739,2026-09-14T13:47:01.184Z
10740,https://birth-navi.mhlw.go.jp/facilities/10740,2026-09-14T13:47:01.641Z
10741,https://birth-navi.mhlw.go.jp/facilities/10741,2026-09-14T13:47:02.103Z
10742,https://birth-navi.mhlw.go.jp/facilities/10742,2026-09-14T13:47:02.418Z
10743,https://birth-navi.mhlw.go.jp/facilities/10743,2026-09-14T13:47:02.771Z
10744,https://birth-navi.mhlw.go.jp/facilities/10744,2026-09-14T13:47:03.080Z
10745,https://birth-navi.mhlw.go.jp/facilities/10745,2026-09-14T13:47:03.468Z
10746,https://birth-navi.mhlw.go.jp/facilities/10746,2026-09-14T13:47:03.865Z
10747,https://birth-navi.mhlw.go.jp/facilities/10747,2026-09-14T13:47:04.203Z
10748,https://birth-navi.mhlw.go.jp/facilities/10748,2026-09-14T13:47:04.534Z
10749,https://birth-navi.mhlw.go.jp/facilities/10749,2026-09-14T13:47:04.845Z
10750,https://birth-navi.mhlw.go.jp/facilities/10750,2026-09-14T13:47:05.170Z
10751,https://birth-navi.mhlw.go.jp/facilities/10751,2026-09-14T13:47:05.489Z
10752,https://birth-navi.mhlw.go.jp/facilities/10752,2026-09-14T13:47:05.806Z
10753,https://birth-navi.mhlw.go.jp/facilities/10753,2026-09-14T13:47:06.192Z
10754,https://birth-navi.mhlw.go.jp/facilities/10754,2026-09-14T13:47:06.518Z
10755,https://birth-navi.mhlw.go.jp/facilities/10755,2026-09-14T13:47:06.819Z
10756,https://birth-navi.mhlw.go.jp/facilities/10756,2026-09-14T13:47:07.125Z
10757,https://birth-navi.mhlw.go.jp/facilities/10757,2026-09-14T13:47:07.432Z
10758,https://birth-navi.mhlw.go.jp/facilities/10758,2026-09-14T13:47:07.843Z
10759,https://birth-navi.mhlw.go.jp/facilities/10759,2026-09-14T13:47:08.191Z
10760,https://birth-navi.mhlw.go.jp/facilities/10760,2026-09-14T13:47:08.505Z
10761,https://birth-navi.mhlw.go.jp/facilities/10761,2026-09-14T13:47:08.813Z
10762,https://birth-navi.mhlw.go.jp/facilities/10762,2026-09-14T13:47:09.129Z
10763,https://birth-navi.mhlw.go.jp/facilities/10763,2026-09-14T13:47:09.422Z
10764,https://birth-navi.mhlw.go.jp/facilities/10764,2026-09-14T13:47:09.793Z
10765,https://birth-navi.mhlw.go.jp/facilities/10765,2026-09-14T13:47:10.097Z
10766,https://birth-navi.mhlw.go.jp/facilities/10766,2026-09-14T13:47:10.422Z
10767,https://birth-navi.mhlw.go.jp/facilities/10767,2026-09-14T13:47:10.738Z
10768,https://birth-navi.mhlw.go.jp/facilities/10768,2026-09-14T13:47:11.044Z
10769,https://birth-navi.mhlw.go.jp/facilities/10769,2026-09-14T13:47:11.393Z
10770,https://birth-navi.mhlw.go.jp/facilities/10770,2026-09-14T13:47:11.700Z
10771,https://birth-navi.mhlw.go.jp/facilities/10771,2026-09-14T13:47:12.052Z
10772,https://birth-navi.mhlw.go.jp/facilities/10772,2026-09-14T13:47:12.390Z
10773,https://birth-navi.mhlw.go.jp/facilities/10773,2026-09-14T13:47:12.706Z
10774,https://birth-navi.mhlw.go.jp/facilities/10774,2026-09-14T13:47:13.025Z
10775,https://birth-navi.mhlw.go.jp/facilities/10775,2026-09-14T13:47:13.366Z
10777,https://birth-navi.mhlw.go.jp/facilities/10777,2026-09-14T13:47:14.021Z
10778,https://birth-navi.mhlw.go.jp/facilities/10778,2026-09-14T13:47:14.350Z
10779,https://birth-navi.mhlw.go.jp/facilities/10779,2026-09-14T13:47:14.723Z
10780,https://birth-navi.mhlw.go.jp/facilities/10780,2026-09-14T13:47:15.059Z
10781,https://birth-navi.mhlw.go.jp/facilities/10781,2026-09-14T13:47:15.415Z
10782,https://birth-navi.mhlw.go.jp/facilities/10782,2026-09-14T13:47:15.748Z
10783,https://birth-navi.mhlw.go.jp/facilities/10783,2026-09-14T13:47:16.157Z
10785,https://birth-navi.mhlw.go.jp/facilities/10785,2026-09-14T13:47:16.878Z
10786,https://birth-navi.mhlw.go.jp/facilities/10786,2026-09-14T13:47:17.201Z
10787,https://birth-navi.mhlw.go.jp/facilities/10787,2026-09-14T13:47:17.553Z
10788,https://birth-navi.mhlw.go.jp/facilities/10788,2026-09-14T13:47:17.866Z
10789,https://birth-navi.mhlw.go.jp/facilities/10789,2026-09-14T13:47:18.197Z
10790,https://birth-navi.mhlw.go.jp/facilities/10790,2026-09-14T13:47:18.510Z
10791,https://birth-navi.mhlw.go.jp/facilities/10791,2026-09-14T13:47:18.974Z
10792,https://birth-navi.mhlw.go.jp/facilities/10792,2026-09-14T13:47:19.300Z
10793,https://birth-navi.mhlw.go.jp/facilities/10793,2026-09-14T13:47:19.687Z
10794,https://birth-navi.mhlw.go.jp/facilities/10794,2026-09-14T13:47:20.025Z
10795,https://birth-navi.mhlw.go.jp/facilities/10795,2026-09-14T13:47:20.351Z
10796,https://birth-navi.mhlw.go.jp/facilities/10796,2026-09-14T13:47:20.665Z
10797,https://birth-navi.mhlw.go.jp/facilities/10797,2026-09-14T13:47:21.064Z
10798,https://birth-navi.mhlw.go.jp/facilities/10798,2026-09-14T13:47:21.389Z
10799,https://birth-navi.mhlw.go.jp/facilities/10799,2026-09-14T13:47:21.710Z
10800,https://birth-navi.mhlw.go.jp/facilities/10800,2026-09-14T13:47:22.038Z
10801,https://birth-navi.mhlw.go.jp/facilities/10801,2026-09-14T13:47:22.375Z
10802,https://birth-navi.mhlw.go.jp/facilities/10802,2026-09-14T13:47:22.753Z
10803,https://birth-navi.mhlw.go.jp/facilities/10803,2026-09-14T13:47:23.057Z
10804,https://birth-navi.mhlw.go.jp/facilities/10804,2026-09-14T13:47:23.396Z
10805,https://birth-navi.mhlw.go.jp/facilities/10805,2026-09-14T13:47:23.701Z
10806,https://birth-navi.mhlw.go.jp/facilities/10806,2026-09-14T13:47:24.038Z
10807,https://birth-navi.mhlw.go.jp/facilities/10807,2026-09-14T13:47:24.346Z
10808,https://birth-navi.mhlw.go.jp/facilities/10808,2026-09-14T13:47:24.697Z
10809,https://birth-navi.mhlw.go.jp/facilities/10809,2026-09-14T13:47:25.021Z
10811,https://birth-navi.mhlw.go.jp/facilities/10811,2026-09-14T13:47:25.671Z
10812,https://birth-navi.mhlw.go.jp/facilities/10812,2026-09-14T13:47:25.981Z
10813,https://birth-navi.mhlw.go.jp/facilities/10813,2026-09-14T13:47:26.291Z
10814,https://birth-navi.mhlw.go.jp/facilities/10814,2026-09-14T13:47:26.638Z
10815,https://birth-navi.mhlw.go.jp/facilities/10815,2026-09-14T13:47:26.971Z
10816,https://birth-navi.mhlw.go.jp/facilities/10816,2026-09-14T13:47:27.283Z
10817,https://birth-navi.mhlw.go.jp/facilities/10817,2026-09-14T13:47:27.630Z
10818,https://birth-navi.mhlw.go.jp/facilities/10818,2026-09-14T13:47:27.958Z
10819,https://birth-navi.mhlw.go.jp/facilities/10819,2026-09-14T13:47:28.275Z
10820,https://birth-navi.mhlw.go.jp/facilities/10820,2026-09-14T13:47:28.630Z
10821,https://birth-navi.mhlw.go.jp/facilities/10821,2026-09-14T13:47:28.938Z
10822,https://birth-navi.mhlw.go.jp/facilities/10822,2026-09-14T13:47:29.377Z
10823,https://birth-navi.mhlw.go.jp/facilities/10823,2026-09-14T13:47:29.721Z
10824,https://birth-navi.mhlw.go.jp/facilities/10824,2026-09-14T13:47:30.049Z
10826,https://birth-navi.mhlw.go.jp/facilities/10826,2026-09-14T13:47:30.736Z
10827,https://birth-navi.mhlw.go.jp/facilities/10827,2026-09-14T13:47:31.047Z
10828,https://birth-navi.mhlw.go.jp/facilities/10828,2026-09-14T13:47:31.408Z
10829,https://birth-navi.mhlw.go.jp/facilities/10829,2026-09-14T13:47:31.790Z
10830,https://birth-navi.mhlw.go.jp/facilities/10830,2026-09-14T13:47:32.225Z
10831,https://birth-navi.mhlw.go.jp/facilities/10831,2026-09-14T13:47:32.540Z
10832,https://birth-navi.mhlw.go.jp/facilities/10832,2026-09-14T13:47:32.883Z
10833,https://birth-navi.mhlw.go.jp/facilities/10833,2026-09-14T13:47:33.222Z
10834,https://birth-navi.mhlw.go.jp/facilities/10834,2026-09-14T13:47:33.585Z
10835,https://birth-navi.mhlw.go.jp/facilities/10835,2026-09-14T13:47:33.949Z
10836,https://birth-navi.mhlw.go.jp/facilities/10836,2026-09-14T13:47:34.359Z
10837,https://birth-navi.mhlw.go.jp/facilities/10837,2026-09-14T13:47:34.665Z
10838,https://birth-navi.mhlw.go.jp/facilities/10838,2026-09-14T13:47:34.975Z
10839,https://birth-navi.mhlw.go.jp/facilities/10839,2026-09-14T13:47:35.335Z
10840,https://birth-navi.mhlw.go.jp/facilities/10840,2026-09-14T13:47:35.658Z
10841,https://birth-navi.mhlw.go.jp/facilities/10841,2026-09-14T13:47:35.989Z
10842,https://birth-navi.mhlw.go.jp/facilities/10842,2026-09-14T13:47:36.396Z
10843,https://birth-navi.mhlw.go.jp/facilities/10843,2026-09-14T13:47:36.710Z
10844,https://birth-navi.mhlw.go.jp/facilities/10844,2026-09-14T13:47:37.029Z
10845,https://birth-navi.mhlw.go.jp/facilities/10845,2026-09-14T13:47:37.380Z
10847,https://birth-navi.mhlw.go.jp/facilities/10847,2026-09-14T13:47:38.028Z
10848,https://birth-navi.mhlw.go.jp/facilities/10848,2026-09-14T13:47:38.350Z
10849,https://birth-navi.mhlw.go.jp/facilities/10849,2026-09-14T13:47:38.688Z
10850,https://birth-navi.mhlw.go.jp/facilities/10850,2026-09-14T13:47:39.022Z
10851,https://birth-navi.mhlw.go.jp/facilities/10851,2026-09-14T13:47:39.450Z
10852,https://birth-navi.mhlw.go.jp/facilities/10852,2026-09-14T13:47:39.796Z
10854,https://birth-navi.mhlw.go.jp/facilities/10854,2026-09-14T13:47:40.424Z
10855,https://birth-navi.mhlw.go.jp/facilities/10855,2026-09-14T13:47:40.778Z
10856,https://birth-navi.mhlw.go.jp/facilities/10856,2026-09-14T13:47:41.102Z
10857,https://birth-navi.mhlw.go.jp/facilities/10857,2026-09-14T13:47:41.485Z
10858,https://birth-navi.mhlw.go.jp/facilities/10858,2026-09-14T13:47:41.867Z
10859,https://birth-navi.mhlw.go.jp/facilities/10859,2026-09-14T13:47:42.190Z
10860,https://birth-navi.mhlw.go.jp/facilities/10860,2026-09-14T13:47:42.500Z
10861,https://birth-navi.mhlw.go.jp/facilities/10861,2026-09-14T13:47:42.837Z
10862,https://birth-navi.mhlw.go.jp/facilities/10862,2026-09-14T13:47:43.167Z
10863,https://birth-navi.mhlw.go.jp/facilities/10863,2026-09-14T13:47:43.551Z
10864,https://birth-navi.mhlw.go.jp/facilities/10864,2026-09-14T13:47:43.881Z
10865,https://birth-navi.mhlw.go.jp/facilities/10865,2026-09-14T13:47:44.204Z
10866,https://birth-navi.mhlw.go.jp/facilities/10866,2026-09-14T13:47:44.527Z
10867,https://birth-navi.mhlw.go.jp/facilities/10867,2026-09-14T13:47:44.851Z
10868,https://birth-navi.mhlw.go.jp/facilities/10868,2026-09-14T13:47:45.168Z
10869,https://birth-navi.mhlw.go.jp/facilities/10869,2026-09-14T13:47:45.487Z
10870,https://birth-navi.mhlw.go.jp/facilities/10870,2026-09-14T13:47:45.816Z
10871,https://birth-navi.mhlw.go.jp/facilities/10871,2026-09-14T13:47:46.129Z
10872,https://birth-navi.mhlw.go.jp/facilities/10872,2026-09-14T13:47:46.484Z
10873,https://birth-navi.mhlw.go.jp/facilities/10873,2026-09-14T13:47:46.799Z
10874,https://birth-navi.mhlw.go.jp/facilities/10874,2026-09-14T13:47:47.152Z
10875,https://birth-navi.mhlw.go.jp/facilities/10875,2026-09-14T13:47:47.501Z
10876,https://birth-navi.mhlw.go.jp/facilities/10876,2026-09-14T13:47:47.890Z
10877,https://birth-navi.mhlw.go.jp/facilities/10877,2026-09-14T13:47:48.203Z
10878,https://birth-navi.mhlw.go.jp/facilities/10878,2026-09-14T13:47:48.528Z
10879,https://birth-navi.mhlw.go.jp/facilities/10879,2026-09-14T13:47:48.834Z
10880,https://birth-navi.mhlw.go.jp/facilities/10880,2026-09-14T13:47:49.146Z
10881,https://birth-navi.mhlw.go.jp/facilities/10881,2026-09-14T12:45:44.101Z
10882,https://birth-navi.mhlw.go.jp/facilities/10882,2026-09-14T13:47:49.455Z
10883,https://birth-navi.mhlw.go.jp/facilities/10883,2026-09-14T13:47:50.070Z
10884,https://birth-navi.mhlw.go.jp/facilities/10884,2026-09-14T13:47:50.500Z
10885,https://birth-navi.mhlw.go.jp/facilities/10885,2026-09-14T13:47:50.871Z
10886,https://birth-navi.mhlw.go.jp/facilities/10886,2026-09-14T13:47:51.267Z
10887,https://birth-navi.mhlw.go.jp/facilities/10887,2026-09-14T13:47:51.616Z
10888,https://birth-navi.mhlw.go.jp/facilities/10888,2026-09-14T13:47:51.973Z
10889,https://birth-navi.mhlw.go.jp/facilities/10889,2026-09-14T13:47:52.354Z
10890,https://birth-navi.mhlw.go.jp/facilities/10890,2026-09-14T13:47:52.699Z
10892,https://birth-navi.mhlw.go.jp/facilities/10892,2026-09-14T13:47:53.358Z
10893,https://birth-navi.mhlw.go.jp/facilities/10893,2026-09-14T13:47:53.722Z
10894,https://birth-navi.mhlw.go.jp/facilities/10894,2026-09-14T13:47:54.061Z
10895,https://birth-navi.mhlw.go.jp/facilities/10895,2026-09-14T13:47:54.385Z
10896,https://birth-navi.mhlw.go.jp/facilities/10896,2026-09-14T13:47:54.745Z
10897,https://birth-navi.mhlw.go.jp/facilities/10897,2026-09-14T13:47:55.064Z
10898,https://birth-navi.mhlw.go.jp/facilities/10898,2026-09-14T13:47:55.386Z
10899,https://birth-navi.mhlw.go.jp/facilities/10899,2026-09-14T13:47:55.775Z
10900,https://birth-navi.mhlw.go.jp/facilities/10900,2026-09-14T13:47:56.094Z
10901,https://birth-navi.mhlw.go.jp/facilities/10901,2026-09-14T13:47:56.419Z
10902,https://birth-navi.mhlw.go.jp/facilities/10902,2026-09-14T13:47:56.741Z
10903,https://birth-navi.mhlw.go.jp/facilities/10903,2026-09-14T13:47:57.064Z
10904,https://birth-navi.mhlw.go.jp/facilities/10904,2026-09-14T13:47:57.419Z
10905,https://birth-navi.mhlw.go.jp/facilities/10905,2026-09-14T13:47:57.746Z
10906,https://birth-navi.mhlw.go.jp/facilities/10906,2026-09-14T13:47:58.076Z
10907,https://birth-navi.mhlw.go.jp/facilities/10907,2026-09-14T13:47:58.403Z
10908,https://birth-navi.mhlw.go.jp/facilities/10908,2026-09-14T13:47:58.745Z
10910,https://birth-navi.mhlw.go.jp/facilities/10910,2026-09-14T13:47:59.507Z
10911,https://birth-navi.mhlw.go.jp/facilities/10911,2026-09-14T13:47:59.869Z
10912,https://birth-navi.mhlw.go.jp/facilities/10912,2026-09-14T13:48:00.202Z
10913,https://birth-navi.mhlw.go.jp/facilities/10913,2026-09-14T13:48:00.528Z
10914,https://birth-navi.mhlw.go.jp/facilities/10914,2026-09-14T13:48:00.867Z
10915,https://birth-navi.mhlw.go.jp/facilities/10915,2026-09-14T13:48:01.226Z
10916,https://birth-navi.mhlw.go.jp/facilities/10916,2026-09-14T13:48:01.633Z
10917,https://birth-navi.mhlw.go.jp/facilities/10917,2026-09-14T13:48:01.973Z
10918,https://birth-navi.mhlw.go.jp/facilities/10918,2026-09-14T13:48:02.310Z
10919,https://birth-navi.mhlw.go.jp/facilities/10919,2026-09-14T13:48:02.682Z
10920,https://birth-navi.mhlw.go.jp/facilities/10920,2026-09-14T13:48:03.005Z
10921,https://birth-navi.mhlw.go.jp/facilities/10921,2026-09-14T13:48:03.315Z
10922,https://birth-navi.mhlw.go.jp/facilities/10922,2026-09-14T13:48:03.683Z
10923,https://birth-navi.mhlw.go.jp/facilities/10923,2026-09-14T13:48:04.053Z
10924,https://birth-navi.mhlw.go.jp/facilities/10924,2026-09-14T13:48:04.364Z
10925,https://birth-navi.mhlw.go.jp/facilities/10925,2026-09-14T13:48:04.709Z
10926,https://birth-navi.mhlw.go.jp/facilities/10926,2026-09-14T13:48:05.043Z
10927,https://birth-navi.mhlw.go.jp/facilities/10927,2026-09-14T13:48:05.398Z
10928,https://birth-navi.mhlw.go.jp/facilities/10928,2026-09-14T13:48:05.708Z
10929,https://birth-navi.mhlw.go.jp/facilities/10929,2026-09-14T13:48:06.058Z
10930,https://birth-navi.mhlw.go.jp/facilities/10930,2026-09-14T13:48:06.373Z
10931,https://birth-navi.mhlw.go.jp/facilities/10931,2026-09-14T13:48:06.778Z
10932,https://birth-navi.mhlw.go.jp/facilities/10932,2026-09-14T13:48:07.086Z
10933,https://birth-navi.mhlw.go.jp/facilities/10933,2026-09-14T13:48:07.405Z
10934,https://birth-navi.mhlw.go.jp/facilities/10934,2026-09-14T13:48:07.735Z
10935,https://birth-navi.mhlw.go.jp/facilities/10935,2026-09-14T13:48:08.061Z
10936,https://birth-navi.mhlw.go.jp/facilities/10936,2026-09-14T13:48:08.388Z
10937,https://birth-navi.mhlw.go.jp/facilities/10937,2026-09-14T13:48:08.732Z
10938,https://birth-navi.mhlw.go.jp/facilities/10938,2026-09-14T13:48:09.087Z
10939,https://birth-navi.mhlw.go.jp/facilities/10939,2026-09-14T13:48:09.417Z
10940,https://birth-navi.mhlw.go.jp/facilities/10940,2026-09-14T13:48:09.840Z
10941,https://birth-navi.mhlw.go.jp/facilities/10941,2026-09-14T13:48:10.177Z
10942,https://birth-navi.mhlw.go.jp/facilities/10942,2026-09-14T13:48:10.528Z
10943,https://birth-navi.mhlw.go.jp/facilities/10943,2026-09-14T13:48:10.845Z
10944,https://birth-navi.mhlw.go.jp/facilities/10944,2026-09-14T13:48:11.200Z
10945,https://birth-navi.mhlw.go.jp/facilities/10945,2026-09-14T13:48:11.540Z
10946,https://birth-navi.mhlw.go.jp/facilities/10946,2026-09-14T13:48:11.896Z
10947,https://birth-navi.mhlw.go.jp/facilities/10947,2026-09-14T13:48:12.271Z
10948,https://birth-navi.mhlw.go.jp/facilities/10948,2026-09-14T13:48:12.587Z
10949,https://birth-navi.mhlw.go.jp/facilities/10949,2026-09-14T13:48:12.993Z
10950,https://birth-navi.mhlw.go.jp/facilities/10950,2026-09-14T13:48:13.356Z
10952,https://birth-navi.mhlw.go.jp/facilities/10952,2026-09-14T13:48:13.991Z
10954,https://birth-navi.mhlw.go.jp/facilities/10954,2026-09-14T13:48:14.663Z
10955,https://birth-navi.mhlw.go.jp/facilities/10955,2026-09-14T13:48:14.979Z
10956,https://birth-navi.mhlw.go.jp/facilities/10956,2026-09-14T13:48:15.286Z
10957,https://birth-navi.mhlw.go.jp/facilities/10957,2026-09-14T13:48:15.602Z
10958,https://birth-navi.mhlw.go.jp/facilities/10958,2026-09-14T13:48:15.926Z
10959,https://birth-navi.mhlw.go.jp/facilities/10959,2026-09-14T13:48:16.247Z
10960,https://birth-navi.mhlw.go.jp/facilities/10960,2026-09-14T13:48:16.605Z
10961,https://birth-navi.mhlw.go.jp/facilities/10961,2026-09-14T13:48:16.921Z
10962,https://birth-navi.mhlw.go.jp/facilities/10962,2026-09-14T13:48:17.241Z
10963,https://birth-navi.mhlw.go.jp/facilities/10963,2026-09-14T13:48:17.562Z
10964,https://birth-navi.mhlw.go.jp/facilities/10964,2026-09-14T13:48:17.865Z
10965,https://birth-navi.mhlw.go.jp/facilities/10965,2026-09-14T13:48:18.250Z
10966,https://birth-navi.mhlw.go.jp/facilities/10966,2026-09-14T13:48:18.555Z
10968,https://birth-navi.mhlw.go.jp/facilities/10968,2026-09-14T13:48:19.179Z
10969,https://birth-navi.mhlw.go.jp/facilities/10969,2026-09-14T13:12:33.198Z
10970,https://birth-navi.mhlw.go.jp/facilities/10970,2026-09-14T13:48:19.494Z
10971,https://birth-navi.mhlw.go.jp/facilities/10971,2026-09-14T13:48:19.828Z
10972,https://birth-navi.mhlw.go.jp/facilities/10972,2026-09-14T13:48:20.149Z
10973,https://birth-navi.mhlw.go.jp/facilities/10973,2026-09-14T13:48:20.447Z
10974,https://birth-navi.mhlw.go.jp/facilities/10974,2026-09-14T13:48:20.788Z
10975,https://birth-navi.mhlw.go.jp/facilities/10975,2026-09-14T13:48:21.099Z
10976,https://birth-navi.mhlw.go.jp/facilities/10976,2026-09-14T13:48:21.442Z
10978,https://birth-navi.mhlw.go.jp/facilities/10978,2026-09-14T13:48:22.137Z
10980,https://birth-navi.mhlw.go.jp/facilities/10980,2026-09-14T13:48:22.796Z
10981,https://birth-navi.mhlw.go.jp/facilities/10981,2026-09-14T13:48:23.158Z
10982,https://birth-navi.mhlw.go.jp/facilities/10982,2026-09-14T13:48:23.530Z
10983,https://birth-navi.mhlw.go.jp/facilities/10983,2026-09-14T13:48:23.846Z
10984,https://birth-navi.mhlw.go.jp/facilities/10984,2026-09-14T13:48:24.183Z
10986,https://birth-navi.mhlw.go.jp/facilities/10986,2026-09-14T13:48:24.831Z
10987,https://birth-navi.mhlw.go.jp/facilities/10987,2026-09-14T13:48:25.194Z
10989,https://birth-navi.mhlw.go.jp/facilities/10989,2026-09-14T13:48:25.878Z
10990,https://birth-navi.mhlw.go.jp/facilities/10990,2026-09-14T13:48:26.206Z
10991,https://birth-navi.mhlw.go.jp/facilities/10991,2026-09-14T13:48:26.529Z
10992,https://birth-navi.mhlw.go.jp/facilities/10992,2026-09-14T13:48:26.897Z
10993,https://birth-navi.mhlw.go.jp/facilities/10993,2026-09-14T13:12:35.882Z
10994,https://birth-navi.mhlw.go.jp/facilities/10994,2026-09-14T13:48:27.215Z
10995,https://birth-navi.mhlw.go.jp/facilities/10995,2026-09-14T13:48:27.565Z
10997,https://birth-navi.mhlw.go.jp/facilities/10997,2026-09-14T13:48:28.224Z
10998,https://birth-navi.mhlw.go.jp/facilities/10998,2026-09-14T13:48:28.561Z
11000,https://birth-navi.mhlw.go.jp/facilities/11000,2026-09-14T13:48:29.201Z
11001,https://birth-navi.mhlw.go.jp/facilities/11001,2026-09-14T13:48:29.509Z
11003,https://birth-navi.mhlw.go.jp/facilities/11003,2026-09-14T13:48:30.151Z
11004,https://birth-navi.mhlw.go.jp/facilities/11004,2026-09-14T13:48:30.478Z
11005,https://birth-navi.mhlw.go.jp/facilities/11005,2026-09-14T13:48:30.800Z
11006,https://birth-navi.mhlw.go.jp/facilities/11006,2026-09-14T13:48:31.282Z
11007,https://birth-navi.mhlw.go.jp/facilities/11007,2026-09-14T13:48:31.619Z
11008,https://birth-navi.mhlw.go.jp/facilities/11008,2026-09-14T13:48:31.941Z
11009,https://birth-navi.mhlw.go.jp/facilities/11009,2026-09-14T13:48:32.264Z
11010,https://birth-navi.mhlw.go.jp/facilities/11010,2026-09-14T13:48:32.579Z
11011,https://birth-navi.mhlw.go.jp/facilities/11011,2026-09-14T13:48:32.971Z
11012,https://birth-navi.mhlw.go.jp/facilities/11012,2026-09-14T13:48:33.291Z
11013,https://birth-navi.mhlw.go.jp/facilities/11013,2026-09-14T13:48:33.602Z
11014,https://birth-navi.mhlw.go.jp/facilities/11014,2026-09-14T13:48:33.975Z
11015,https://birth-navi.mhlw.go.jp/facilities/11015,2026-09-14T13:48:34.270Z
11016,https://birth-navi.mhlw.go.jp/facilities/11016,2026-09-14T13:48:34.589Z
11017,https://birth-navi.mhlw.go.jp/facilities/11017,2026-09-14T13:48:34.954Z
11018,https://birth-navi.mhlw.go.jp/facilities/11018,2026-09-14T13:48:35.298Z
11019,https://birth-navi.mhlw.go.jp/facilities/11019,2026-09-14T13:48:35.644Z
11020,https://birth-navi.mhlw.go.jp/facilities/11020,2026-09-14T13:48:35.978Z
11021,https://birth-navi.mhlw.go.jp/facilities/11021,2026-09-14T13:48:36.295Z
11022,https://birth-navi.mhlw.go.jp/facilities/11022,2026-09-14T13:48:36.596Z
11023,https://birth-navi.mhlw.go.jp/facilities/11023,2026-09-14T13:48:36.920Z
11024,https://birth-navi.mhlw.go.jp/facilities/11024,2026-09-14T13:48:37.256Z
11025,https://birth-navi.mhlw.go.jp/facilities/11025,2026-09-14T13:48:37.571Z
11026,https://birth-navi.mhlw.go.jp/facilities/11026,2026-09-14T13:48:37.894Z
11027,https://birth-navi.mhlw.go.jp/facilities/11027,2026-09-14T13:48:38.248Z
11028,https://birth-navi.mhlw.go.jp/facilities/11028,2026-09-14T13:48:38.600Z
11029,https://birth-navi.mhlw.go.jp/facilities/11029,2026-09-14T13:48:38.972Z
11030,https://birth-navi.mhlw.go.jp/facilities/11030,2026-09-14T13:48:39.279Z
11031,https://birth-navi.mhlw.go.jp/facilities/11031,2026-09-14T13:48:39.628Z
11032,https://birth-navi.mhlw.go.jp/facilities/11032,2026-09-14T13:48:39.972Z
11033,https://birth-navi.mhlw.go.jp/facilities/11033,2026-09-14T13:48:40.312Z
11034,https://birth-navi.mhlw.go.jp/facilities/11034,2026-09-14T13:48:40.617Z
11035,https://birth-navi.mhlw.go.jp/facilities/11035,2026-09-14T13:48:40.938Z
11036,https://birth-navi.mhlw.go.jp/facilities/11036,2026-09-14T13:48:41.260Z
11037,https://birth-navi.mhlw.go.jp/facilities/11037,2026-09-14T13:48:41.568Z
11038,https://birth-navi.mhlw.go.jp/facilities/11038,2026-09-14T13:48:41.887Z
11040,https://birth-navi.mhlw.go.jp/facilities/11040,2026-09-14T13:48:42.493Z
11041,https://birth-navi.mhlw.go.jp/facilities/11041,2026-09-14T13:48:42.858Z
11042,https://birth-navi.mhlw.go.jp/facilities/11042,2026-09-14T13:48:43.178Z
11043,https://birth-navi.mhlw.go.jp/facilities/11043,2026-09-14T13:48:43.562Z
11044,https://birth-navi.mhlw.go.jp/facilities/11044,2026-09-14T13:48:43.873Z
11045,https://birth-navi.mhlw.go.jp/facilities/11045,2026-09-14T13:48:44.262Z
11046,https://birth-navi.mhlw.go.jp/facilities/11046,2026-09-14T13:48:44.576Z
11047,https://birth-navi.mhlw.go.jp/facilities/11047,2026-09-14T13:48:44.916Z
11048,https://birth-navi.mhlw.go.jp/facilities/11048,2026-09-14T13:48:45.241Z
11049,https://birth-navi.mhlw.go.jp/facilities/11049,2026-09-14T13:48:45.551Z
11051,https://birth-navi.mhlw.go.jp/facilities/11051,2026-09-14T13:48:46.180Z
11052,https://birth-navi.mhlw.go.jp/facilities/11052,2026-09-14T13:48:46.497Z
11053,https://birth-navi.mhlw.go.jp/facilities/11053,2026-09-14T13:48:46.867Z
11054,https://birth-navi.mhlw.go.jp/facilities/11054,2026-09-14T13:48:47.179Z
11055,https://birth-navi.mhlw.go.jp/facilities/11055,2026-09-14T13:48:47.513Z
11056,https://birth-navi.mhlw.go.jp/facilities/11056,2026-09-14T13:48:47.817Z
11057,https://birth-navi.mhlw.go.jp/facilities/11057,2026-09-14T13:48:48.135Z
11058,https://birth-navi.mhlw.go.jp/facilities/11058,2026-09-14T13:48:48.444Z
11059,https://birth-navi.mhlw.go.jp/facilities/11059,2026-09-14T13:48:48.752Z
11060,https://birth-navi.mhlw.go.jp/facilities/11060,2026-09-14T13:48:49.089Z
11061,https://birth-navi.mhlw.go.jp/facilities/11061,2026-09-14T13:48:49.459Z
11062,https://birth-navi.mhlw.go.jp/facilities/11062,2026-09-14T13:48:49.774Z
11063,https://birth-navi.mhlw.go.jp/facilities/11063,2026-09-14T13:48:50.097Z
11064,https://birth-navi.mhlw.go.jp/facilities/11064,2026-09-14T13:48:50.440Z
11065,https://birth-navi.mhlw.go.jp/facilities/11065,2026-09-14T13:48:50.744Z
11066,https://birth-navi.mhlw.go.jp/facilities/11066,2026-09-14T13:48:51.086Z
11067,https://birth-navi.mhlw.go.jp/facilities/11067,2026-09-14T13:48:51.395Z
11068,https://birth-navi.mhlw.go.jp/facilities/11068,2026-09-14T13:48:51.712Z
11069,https://birth-navi.mhlw.go.jp/facilities/11069,2026-09-14T13:48:52.060Z
11070,https://birth-navi.mhlw.go.jp/facilities/11070,2026-09-14T13:48:52.372Z
11071,https://birth-navi.mhlw.go.jp/facilities/11071,2026-09-14T13:48:52.718Z
11072,https://birth-navi.mhlw.go.jp/facilities/11072,2026-09-14T13:48:53.103Z
11073,https://birth-navi.mhlw.go.jp/facilities/11073,2026-09-14T13:48:53.426Z
11074,https://birth-navi.mhlw.go.jp/facilities/11074,2026-09-14T13:48:53.760Z
11075,https://birth-navi.mhlw.go.jp/facilities/11075,2026-09-14T13:48:54.074Z
11076,https://birth-navi.mhlw.go.jp/facilities/11076,2026-09-14T13:48:54.389Z
11077,https://birth-navi.mhlw.go.jp/facilities/11077,2026-09-14T13:48:54.729Z
11078,https://birth-navi.mhlw.go.jp/facilities/11078,2026-09-14T13:48:55.054Z
11079,https://birth-navi.mhlw.go.jp/facilities/11079,2026-09-14T13:48:55.357Z
11080,https://birth-navi.mhlw.go.jp/facilities/11080,2026-09-14T13:48:55.679Z
11081,https://birth-navi.mhlw.go.jp/facilities/11081,2026-09-14T13:48:56.035Z
11082,https://birth-navi.mhlw.go.jp/facilities/11082,2026-09-14T13:48:56.392Z
11083,https://birth-navi.mhlw.go.jp/facilities/11083,2026-09-14T13:48:56.701Z
11084,https://birth-navi.mhlw.go.jp/facilities/11084,2026-09-14T13:48:57.046Z
11085,https://birth-navi.mhlw.go.jp/facilities/11085,2026-09-14T13:48:57.413Z
11086,https://birth-navi.mhlw.go.jp/facilities/11086,2026-09-14T13:48:57.771Z
11087,https://birth-navi.mhlw.go.jp/facilities/11087,2026-09-14T13:48:58.087Z
11088,https://birth-navi.mhlw.go.jp/facilities/11088,2026-09-14T13:48:58.388Z
11090,https://birth-navi.mhlw.go.jp/facilities/11090,2026-09-14T13:48:59.021Z
11091,https://birth-navi.mhlw.go.jp/facilities/11091,2026-09-14T13:48:59.349Z
11092,https://birth-navi.mhlw.go.jp/facilities/11092,2026-09-14T13:48:59.674Z
11093,https://birth-navi.mhlw.go.jp/facilities/11093,2026-09-14T13:48:59.989Z
11094,https://birth-navi.mhlw.go.jp/facilities/11094,2026-09-14T13:49:00.371Z
11096,https://birth-navi.mhlw.go.jp/facilities/11096,2026-09-14T13:49:01.055Z
11097,https://birth-navi.mhlw.go.jp/facilities/11097,2026-09-14T13:49:01.421Z
11098,https://birth-navi.mhlw.go.jp/facilities/11098,2026-09-14T13:49:01.841Z
11099,https://birth-navi.mhlw.go.jp/facilities/11099,2026-09-14T13:49:02.169Z
11100,https://birth-navi.mhlw.go.jp/facilities/11100,2026-09-14T13:49:02.491Z
11101,https://birth-navi.mhlw.go.jp/facilities/11101,2026-09-14T13:49:02.792Z
11102,https://birth-navi.mhlw.go.jp/facilities/11102,2026-09-14T13:49:03.137Z
11103,https://birth-navi.mhlw.go.jp/facilities/11103,2026-09-14T13:49:03.478Z
11104,https://birth-navi.mhlw.go.jp/facilities/11104,2026-09-14T13:49:03.797Z
11105,https://birth-navi.mhlw.go.jp/facilities/11105,2026-09-14T13:49:04.113Z
11106,https://birth-navi.mhlw.go.jp/facilities/11106,2026-09-14T13:49:04.416Z
11107,https://birth-navi.mhlw.go.jp/facilities/11107,2026-09-14T13:49:04.720Z
11108,https://birth-navi.mhlw.go.jp/facilities/11108,2026-09-14T13:49:05.062Z
11109,https://birth-navi.mhlw.go.jp/facilities/11109,2026-09-14T13:49:05.450Z
11110,https://birth-navi.mhlw.go.jp/facilities/11110,2026-09-14T13:49:05.863Z
11111,https://birth-navi.mhlw.go.jp/facilities/11111,2026-09-14T13:49:06.220Z
11112,https://birth-navi.mhlw.go.jp/facilities/11112,2026-09-14T13:49:06.547Z
11113,https://birth-navi.mhlw.go.jp/facilities/11113,2026-09-14T13:49:06.891Z
11114,https://birth-navi.mhlw.go.jp/facilities/11114,2026-09-14T13:49:07.273Z
11115,https://birth-navi.mhlw.go.jp/facilities/11115,2026-09-14T13:49:07.584Z
11116,https://birth-navi.mhlw.go.jp/facilities/11116,2026-09-14T13:49:07.925Z
11117,https://birth-navi.mhlw.go.jp/facilities/11117,2026-09-14T13:49:08.249Z
11118,https://birth-navi.mhlw.go.jp/facilities/11118,2026-09-14T13:49:08.577Z
11120,https://birth-navi.mhlw.go.jp/facilities/11120,2026-09-14T13:49:09.206Z
11121,https://birth-navi.mhlw.go.jp/facilities/11121,2026-09-14T13:49:09.654Z
11122,https://birth-navi.mhlw.go.jp/facilities/11122,2026-09-14T13:49:09.996Z
11123,https://birth-navi.mhlw.go.jp/facilities/11123,2026-09-14T13:49:10.319Z
11124,https://birth-navi.mhlw.go.jp/facilities/11124,2026-09-14T13:49:10.642Z
11125,https://birth-navi.mhlw.go.jp/facilities/11125,2026-09-14T13:49:10.956Z
11126,https://birth-navi.mhlw.go.jp/facilities/11126,2026-09-14T13:49:11.300Z
11127,https://birth-navi.mhlw.go.jp/facilities/11127,2026-09-14T13:49:11.787Z
11128,https://birth-navi.mhlw.go.jp/facilities/11128,2026-09-14T13:49:12.096Z
11129,https://birth-navi.mhlw.go.jp/facilities/11129,2026-09-14T13:49:12.492Z
11130,https://birth-navi.mhlw.go.jp/facilities/11130,2026-09-14T13:49:12.831Z
11131,https://birth-navi.mhlw.go.jp/facilities/11131,2026-09-14T13:49:13.158Z
11132,https://birth-navi.mhlw.go.jp/facilities/11132,2026-09-14T13:49:13.473Z
11133,https://birth-navi.mhlw.go.jp/facilities/11133,2026-09-14T13:49:13.778Z
11134,https://birth-navi.mhlw.go.jp/facilities/11134,2026-09-14T13:49:14.096Z
11135,https://birth-navi.mhlw.go.jp/facilities/11135,2026-09-14T13:49:14.443Z
11136,https://birth-navi.mhlw.go.jp/facilities/11136,2026-09-14T13:49:14.749Z
11137,https://birth-navi.mhlw.go.jp/facilities/11137,2026-09-14T13:49:15.157Z
11138,https://birth-navi.mhlw.go.jp/facilities/11138,2026-09-14T13:49:15.501Z
11139,https://birth-navi.mhlw.go.jp/facilities/11139,2026-09-14T13:49:15.801Z
11140,https://birth-navi.mhlw.go.jp/facilities/11140,2026-09-14T13:49:16.122Z
11141,https://birth-navi.mhlw.go.jp/facilities/11141,2026-09-14T13:49:16.429Z
11142,https://birth-navi.mhlw.go.jp/facilities/11142,2026-09-14T13:49:16.771Z
11143,https://birth-navi.mhlw.go.jp/facilities/11143,2026-09-14T13:49:17.084Z
11145,https://birth-navi.mhlw.go.jp/facilities/11145,2026-09-14T13:49:17.706Z
11146,https://birth-navi.mhlw.go.jp/facilities/11146,2026-09-14T13:49:18.014Z
11147,https://birth-navi.mhlw.go.jp/facilities/11147,2026-09-14T13:49:18.368Z
11148,https://birth-navi.mhlw.go.jp/facilities/11148,2026-09-14T13:49:18.676Z
11149,https://birth-navi.mhlw.go.jp/facilities/11149,2026-09-14T13:49:18.989Z
11152,https://birth-navi.mhlw.go.jp/facilities/11152,2026-09-14T13:49:19.967Z
11153,https://birth-navi.mhlw.go.jp/facilities/11153,2026-09-14T13:49:20.323Z
11154,https://birth-navi.mhlw.go.jp/facilities/11154,2026-09-14T13:49:20.671Z
11155,https://birth-navi.mhlw.go.jp/facilities/11155,2026-09-14T13:49:21.067Z
11156,https://birth-navi.mhlw.go.jp/facilities/11156,2026-09-14T13:49:21.369Z
11157,https://birth-navi.mhlw.go.jp/facilities/11157,2026-09-14T13:49:21.678Z
11158,https://birth-navi.mhlw.go.jp/facilities/11158,2026-09-14T13:49:21.989Z
11159,https://birth-navi.mhlw.go.jp/facilities/11159,2026-09-14T13:12:45.035Z
11161,https://birth-navi.mhlw.go.jp/facilities/11161,2026-09-14T13:49:22.765Z
11163,https://birth-navi.mhlw.go.jp/facilities/11163,2026-09-14T13:49:23.391Z
11164,https://birth-navi.mhlw.go.jp/facilities/11164,2026-09-14T13:49:23.722Z
11165,https://birth-navi.mhlw.go.jp/facilities/11165,2026-09-14T13:49:24.043Z
11166,https://birth-navi.mhlw.go.jp/facilities/11166,2026-09-14T13:49:24.629Z
11167,https://birth-navi.mhlw.go.jp/facilities/11167,2026-09-14T13:49:25.000Z
11168,https://birth-navi.mhlw.go.jp/facilities/11168,2026-09-14T13:49:25.360Z
11170,https://birth-navi.mhlw.go.jp/facilities/11170,2026-09-14T13:49:26.013Z
11171,https://birth-navi.mhlw.go.jp/facilities/11171,2026-09-14T13:49:26.392Z
11172,https://birth-navi.mhlw.go.jp/facilities/11172,2026-09-14T13:49:26.736Z
11173,https://birth-navi.mhlw.go.jp/facilities/11173,2026-09-14T13:49:27.061Z
11176,https://birth-navi.mhlw.go.jp/facilities/11176,2026-09-14T13:49:28.066Z
11177,https://birth-navi.mhlw.go.jp/facilities/11177,2026-09-14T13:49:28.386Z
11178,https://birth-navi.mhlw.go.jp/facilities/11178,2026-09-14T13:49:28.747Z
11179,https://birth-navi.mhlw.go.jp/facilities/11179,2026-09-14T13:49:29.141Z
11180,https://birth-navi.mhlw.go.jp/facilities/11180,2026-09-14T13:49:29.539Z
11181,https://birth-navi.mhlw.go.jp/facilities/11181,2026-09-14T13:49:29.867Z
11182,https://birth-navi.mhlw.go.jp/facilities/11182,2026-09-14T13:49:30.177Z
11183,https://birth-navi.mhlw.go.jp/facilities/11183,2026-09-14T13:49:30.507Z
11184,https://birth-navi.mhlw.go.jp/facilities/11184,2026-09-14T13:49:30.858Z
11185,https://birth-navi.mhlw.go.jp/facilities/11185,2026-09-14T13:49:31.176Z
11187,https://birth-navi.mhlw.go.jp/facilities/11187,2026-09-14T13:49:31.882Z
11188,https://birth-navi.mhlw.go.jp/facilities/11188,2026-09-14T13:49:32.303Z
11189,https://birth-navi.mhlw.go.jp/facilities/11189,2026-09-14T13:49:32.658Z
11190,https://birth-navi.mhlw.go.jp/facilities/11190,2026-09-14T13:49:32.998Z
11191,https://birth-navi.mhlw.go.jp/facilities/11191,2026-09-14T13:49:33.313Z
11192,https://birth-navi.mhlw.go.jp/facilities/11192,2026-09-14T13:49:33.670Z
11193,https://birth-navi.mhlw.go.jp/facilities/11193,2026-09-14T13:49:34.082Z
11194,https://birth-navi.mhlw.go.jp/facilities/11194,2026-09-14T13:49:34.400Z
11195,https://birth-navi.mhlw.go.jp/facilities/11195,2026-09-14T13:49:34.709Z
11196,https://birth-navi.mhlw.go.jp/facilities/11196,2026-09-14T13:49:35.066Z
11197,https://birth-navi.mhlw.go.jp/facilities/11197,2026-09-14T13:49:35.375Z
11198,https://birth-navi.mhlw.go.jp/facilities/11198,2026-09-14T13:49:35.689Z
11199,https://birth-navi.mhlw.go.jp/facilities/11199,2026-09-14T13:49:36.060Z
11200,https://birth-navi.mhlw.go.jp/facilities/11200,2026-09-14T13:49:36.401Z
11201,https://birth-navi.mhlw.go.jp/facilities/11201,2026-09-14T13:49:36.713Z
11202,https://birth-navi.mhlw.go.jp/facilities/11202,2026-09-14T13:49:37.019Z
11203,https://birth-navi.mhlw.go.jp/facilities/11203,2026-09-14T13:49:37.321Z
11204,https://birth-navi.mhlw.go.jp/facilities/11204,2026-09-14T13:49:37.651Z
11205,https://birth-navi.mhlw.go.jp/facilities/11205,2026-09-14T13:49:37.996Z
11206,https://birth-navi.mhlw.go.jp/facilities/11206,2026-09-14T13:49:38.305Z
11207,https://birth-navi.mhlw.go.jp/facilities/11207,2026-09-14T13:49:38.668Z
11208,https://birth-navi.mhlw.go.jp/facilities/11208,2026-09-14T13:49:39.007Z
11209,https://birth-navi.mhlw.go.jp/facilities/11209,2026-09-14T13:49:39.330Z
11210,https://birth-navi.mhlw.go.jp/facilities/11210,2026-09-14T13:49:39.645Z
11211,https://birth-navi.mhlw.go.jp/facilities/11211,2026-09-14T13:49:39.981Z
11212,https://birth-navi.mhlw.go.jp/facilities/11212,2026-09-14T13:49:40.376Z
11214,https://birth-navi.mhlw.go.jp/facilities/11214,2026-09-14T13:49:41.065Z
11215,https://birth-navi.mhlw.go.jp/facilities/11215,2026-09-14T13:49:41.396Z
11216,https://birth-navi.mhlw.go.jp/facilities/11216,2026-09-14T13:49:41.724Z
11217,https://birth-navi.mhlw.go.jp/facilities/11217,2026-09-14T13:49:42.066Z
11218,https://birth-navi.mhlw.go.jp/facilities/11218,2026-09-14T13:49:42.367Z
11219,https://birth-navi.mhlw.go.jp/facilities/11219,2026-09-14T13:49:42.724Z
11220,https://birth-navi.mhlw.go.jp/facilities/11220,2026-09-14T13:49:43.075Z
11221,https://birth-navi.mhlw.go.jp/facilities/11221,2026-09-14T13:49:43.384Z
11225,https://birth-navi.mhlw.go.jp/facilities/11225,2026-09-14T13:49:44.705Z
11226,https://birth-navi.mhlw.go.jp/facilities/11226,2026-09-14T13:49:45.015Z
11227,https://birth-navi.mhlw.go.jp/facilities/11227,2026-09-14T13:49:45.330Z
11228,https://birth-navi.mhlw.go.jp/facilities/11228,2026-09-14T13:49:45.656Z
11230,https://birth-navi.mhlw.go.jp/facilities/11230,2026-09-14T13:49:46.317Z
11231,https://birth-navi.mhlw.go.jp/facilities/11231,2026-09-14T13:49:46.665Z
11232,https://birth-navi.mhlw.go.jp/facilities/11232,2026-09-14T13:49:46.994Z
11233,https://birth-navi.mhlw.go.jp/facilities/11233,2026-09-14T13:49:47.341Z
11234,https://birth-navi.mhlw.go.jp/facilities/11234,2026-09-14T13:49:47.662Z
11235,https://birth-navi.mhlw.go.jp/facilities/11235,2026-09-14T13:49:47.967Z
11236,https://birth-navi.mhlw.go.jp/facilities/11236,2026-09-14T13:49:48.275Z
11237,https://birth-navi.mhlw.go.jp/facilities/11237,2026-09-14T13:49:48.600Z
11238,https://birth-navi.mhlw.go.jp/facilities/11238,2026-09-14T13:49:48.949Z
11239,https://birth-navi.mhlw.go.jp/facilities/11239,2026-09-14T13:49:49.280Z
11240,https://birth-navi.mhlw.go.jp/facilities/11240,2026-09-14T13:49:49.595Z
11241,https://birth-navi.mhlw.go.jp/facilities/11241,2026-09-14T13:49:49.919Z
11242,https://birth-navi.mhlw.go.jp/facilities/11242,2026-09-14T13:49:50.261Z
11243,https://birth-navi.mhlw.go.jp/facilities/11243,2026-09-14T13:49:50.651Z
11244,https://birth-navi.mhlw.go.jp/facilities/11244,2026-09-14T13:49:50.962Z
11245,https://birth-navi.mhlw.go.jp/facilities/11245,2026-09-14T13:49:51.275Z
11246,https://birth-navi.mhlw.go.jp/facilities/11246,2026-09-14T13:49:51.604Z
11247,https://birth-navi.mhlw.go.jp/facilities/11247,2026-09-14T13:49:51.970Z
11248,https://birth-navi.mhlw.go.jp/facilities/11248,2026-09-14T13:49:52.288Z
11249,https://birth-navi.mhlw.go.jp/facilities/11249,2026-09-14T13:49:52.619Z
11250,https://birth-navi.mhlw.go.jp/facilities/11250,2026-09-14T13:49:52.928Z
11251,https://birth-navi.mhlw.go.jp/facilities/11251,2026-09-14T13:49:53.240Z
11252,https://birth-navi.mhlw.go.jp/facilities/11252,2026-09-14T13:49:53.565Z
11253,https://birth-navi.mhlw.go.jp/facilities/11253,2026-09-14T13:49:53.881Z
11254,https://birth-navi.mhlw.go.jp/facilities/11254,2026-09-14T13:49:54.188Z
11255,https://birth-navi.mhlw.go.jp/facilities/11255,2026-09-14T13:49:54.521Z
11256,https://birth-navi.mhlw.go.jp/facilities/11256,2026-09-14T13:49:54.860Z
11257,https://birth-navi.mhlw.go.jp/facilities/11257,2026-09-14T13:49:55.174Z
11258,https://birth-navi.mhlw.go.jp/facilities/11258,2026-09-14T13:49:55.498Z
11260,https://birth-navi.mhlw.go.jp/facilities/11260,2026-09-14T13:49:56.127Z
11261,https://birth-navi.mhlw.go.jp/facilities/11261,2026-09-14T13:49:56.490Z
11262,https://birth-navi.mhlw.go.jp/facilities/11262,2026-09-14T13:49:56.818Z
11263,https://birth-navi.mhlw.go.jp/facilities/11263,2026-09-14T13:49:57.139Z
11264,https://birth-navi.mhlw.go.jp/facilities/11264,2026-09-14T13:49:57.517Z
11265,https://birth-navi.mhlw.go.jp/facilities/11265,2026-09-14T13:49:57.834Z
11266,https://birth-navi.mhlw.go.jp/facilities/11266,2026-09-14T13:49:58.153Z
11267,https://birth-navi.mhlw.go.jp/facilities/11267,2026-09-14T13:49:58.461Z
11268,https://birth-navi.mhlw.go.jp/facilities/11268,2026-09-14T13:49:58.791Z
11269,https://birth-navi.mhlw.go.jp/facilities/11269,2026-09-14T13:49:59.129Z
11270,https://birth-navi.mhlw.go.jp/facilities/11270,2026-09-14T13:49:59.464Z
11271,https://birth-navi.mhlw.go.jp/facilities/11271,2026-09-14T13:49:59.770Z
11272,https://birth-navi.mhlw.go.jp/facilities/11272,2026-09-14T13:50:00.075Z
11274,https://birth-navi.mhlw.go.jp/facilities/11274,2026-09-14T13:50:00.747Z
11276,https://birth-navi.mhlw.go.jp/facilities/11276,2026-09-14T13:50:01.446Z
11277,https://birth-navi.mhlw.go.jp/facilities/11277,2026-09-14T13:50:01.781Z
11278,https://birth-navi.mhlw.go.jp/facilities/11278,2026-09-14T13:50:02.170Z
11279,https://birth-navi.mhlw.go.jp/facilities/11279,2026-09-14T13:50:02.479Z
11280,https://birth-navi.mhlw.go.jp/facilities/11280,2026-09-14T13:50:02.874Z
11281,https://birth-navi.mhlw.go.jp/facilities/11281,2026-09-14T13:50:03.181Z
11282,https://birth-navi.mhlw.go.jp/facilities/11282,2026-09-14T13:50:03.498Z
11283,https://birth-navi.mhlw.go.jp/facilities/11283,2026-09-14T13:50:03.848Z
11285,https://birth-navi.mhlw.go.jp/facilities/11285,2026-09-14T13:50:04.470Z
11286,https://birth-navi.mhlw.go.jp/facilities/11286,2026-09-14T13:50:04.851Z
11287,https://birth-navi.mhlw.go.jp/facilities/11287,2026-09-14T13:50:05.194Z
11288,https://birth-navi.mhlw.go.jp/facilities/11288,2026-09-14T13:50:05.519Z
11289,https://birth-navi.mhlw.go.jp/facilities/11289,2026-09-14T13:50:05.851Z
11290,https://birth-navi.mhlw.go.jp/facilities/11290,2026-09-14T13:50:06.168Z
11292,https://birth-navi.mhlw.go.jp/facilities/11292,2026-09-14T13:50:06.825Z
11293,https://birth-navi.mhlw.go.jp/facilities/11293,2026-09-14T13:50:07.163Z
11294,https://birth-navi.mhlw.go.jp/facilities/11294,2026-09-14T13:50:07.493Z
11296,https://birth-navi.mhlw.go.jp/facilities/11296,2026-09-14T13:50:08.184Z
11297,https://birth-navi.mhlw.go.jp/facilities/11297,2026-09-14T13:50:08.543Z
11298,https://birth-navi.mhlw.go.jp/facilities/11298,2026-09-14T13:50:08.874Z
11299,https://birth-navi.mhlw.go.jp/facilities/11299,2026-09-14T13:50:09.213Z
11300,https://birth-navi.mhlw.go.jp/facilities/11300,2026-09-14T13:50:09.533Z
11301,https://birth-navi.mhlw.go.jp/facilities/11301,2026-09-14T13:50:09.914Z
11302,https://birth-navi.mhlw.go.jp/facilities/11302,2026-09-14T13:50:10.216Z
11303,https://birth-navi.mhlw.go.jp/facilities/11303,2026-09-14T13:50:10.528Z
11304,https://birth-navi.mhlw.go.jp/facilities/11304,2026-09-14T13:50:10.874Z
11305,https://birth-navi.mhlw.go.jp/facilities/11305,2026-09-14T13:50:11.191Z
11306,https://birth-navi.mhlw.go.jp/facilities/11306,2026-09-14T13:50:11.509Z
11307,https://birth-navi.mhlw.go.jp/facilities/11307,2026-09-14T13:50:11.820Z
11308,https://birth-navi.mhlw.go.jp/facilities/11308,2026-09-14T13:50:12.126Z
11309,https://birth-navi.mhlw.go.jp/facilities/11309,2026-09-14T13:50:12.440Z
11310,https://birth-navi.mhlw.go.jp/facilities/11310,2026-09-14T13:50:12.773Z
11311,https://birth-navi.mhlw.go.jp/facilities/11311,2026-09-14T13:50:13.094Z
11312,https://birth-navi.mhlw.go.jp/facilities/11312,2026-09-14T13:50:13.414Z
11313,https://birth-navi.mhlw.go.jp/facilities/11313,2026-09-14T13:50:13.734Z
11314,https://birth-navi.mhlw.go.jp/facilities/11314,2026-09-14T13:50:14.045Z
11315,https://birth-navi.mhlw.go.jp/facilities/11315,2026-02-09T01:46:23.126Z
11317,https://birth-navi.mhlw.go.jp/facilities/11317,2026-09-14T13:50:14.685Z
11318,https://birth-navi.mhlw.go.jp/facilities/11318,2026-09-14T13:50:15.001Z
11319,https://birth-navi.mhlw.go.jp/facilities/11319,2026-09-14T13:50:15.348Z
11320,https://birth-navi.mhlw.go.jp/facilities/11320,2026-09-14T13:50:15.651Z
11322,https://birth-navi.mhlw.go.jp/facilities/11322,2026-09-14T13:50:16.387Z
11323,https://birth-navi.mhlw.go.jp/facilities/11323,2026-09-14T13:50:16.713Z
11324,https://birth-navi.mhlw.go.jp/facilities/11324,2026-09-14T12:45:51.683Z
11325,https://birth-navi.mhlw.go.jp/facilities/11325,2026-09-14T13:50:17.012Z
11326,https://birth-navi.mhlw.go.jp/facilities/11326,2026-09-14T13:50:17.326Z
11327,https://birth-navi.mhlw.go.jp/facilities/11327,2026-09-14T13:50:17.680Z
11328,https://birth-navi.mhlw.go.jp/facilities/11328,2026-09-14T13:50:18.043Z
11329,https://birth-navi.mhlw.go.jp/facilities/11329,2026-09-14T13:50:18.369Z
11330,https://birth-navi.mhlw.go.jp/facilities/11330,2026-09-14T13:50:18.753Z
11331,https://birth-navi.mhlw.go.jp/facilities/11331,2026-09-14T13:50:19.115Z
11332,https://birth-navi.mhlw.go.jp/facilities/11332,2026-09-14T13:50:19.457Z
11333,https://birth-navi.mhlw.go.jp/facilities/11333,2026-09-14T13:50:19.812Z
11334,https://birth-navi.mhlw.go.jp/facilities/11334,2026-09-14T13:50:20.150Z
11335,https://birth-navi.mhlw.go.jp/facilities/11335,2026-09-14T13:50:20.491Z
11336,https://birth-navi.mhlw.go.jp/facilities/11336,2026-09-14T13:50:20.844Z
11337,https://birth-navi.mhlw.go.jp/facilities/11337,2026-09-14T13:50:21.157Z
11338,https://birth-navi.mhlw.go.jp/facilities/11338,2026-09-14T13:50:21.459Z
11339,https://birth-navi.mhlw.go.jp/facilities/11339,2026-09-14T13:50:21.789Z
11340,https://birth-navi.mhlw.go.jp/facilities/11340,2026-09-14T13:50:22.218Z
11341,https://birth-navi.mhlw.go.jp/facilities/11341,2026-09-14T13:50:22.549Z
11342,https://birth-navi.mhlw.go.jp/facilities/11342,2026-09-14T13:50:22.883Z
11343,https://birth-navi.mhlw.go.jp/facilities/11343,2026-09-14T13:50:23.228Z
11344,https://birth-navi.mhlw.go.jp/facilities/11344,2026-09-14T13:50:23.549Z
11345,https://birth-navi.mhlw.go.jp/facilities/11345,2026-09-14T13:50:23.880Z
11346,https://birth-navi.mhlw.go.jp/facilities/11346,2026-09-14T13:50:24.211Z
11347,https://birth-navi.mhlw.go.jp/facilities/11347,2026-09-14T13:50:24.528Z
11348,https://birth-navi.mhlw.go.jp/facilities/11348,2026-09-14T13:50:24.884Z
11349,https://birth-navi.mhlw.go.jp/facilities/11349,2026-09-14T13:50:25.289Z
11350,https://birth-navi.mhlw.go.jp/facilities/11350,2026-09-14T13:50:25.618Z
11351,https://birth-navi.mhlw.go.jp/facilities/11351,2026-09-14T13:50:25.942Z
11352,https://birth-navi.mhlw.go.jp/facilities/11352,2026-09-14T13:50:26.328Z
11353,https://birth-navi.mhlw.go.jp/facilities/11353,2026-09-14T13:50:26.654Z
11354,https://birth-navi.mhlw.go.jp/facilities/11354,2026-09-14T13:50:26.978Z
11355,https://birth-navi.mhlw.go.jp/facilities/11355,2026-09-14T13:50:27.294Z
11356,https://birth-navi.mhlw.go.jp/facilities/11356,2026-09-14T13:50:27.591Z
11357,https://birth-navi.mhlw.go.jp/facilities/11357,2026-09-14T13:50:27.951Z
11358,https://birth-navi.mhlw.go.jp/facilities/11358,2026-09-14T13:50:28.261Z
11359,https://birth-navi.mhlw.go.jp/facilities/11359,2026-09-14T13:50:28.610Z
11360,https://birth-navi.mhlw.go.jp/facilities/11360,2026-09-14T13:50:29.010Z
11361,https://birth-navi.mhlw.go.jp/facilities/11361,2026-09-14T13:50:29.365Z
11362,https://birth-navi.mhlw.go.jp/facilities/11362,2026-09-14T13:50:29.759Z
11363,https://birth-navi.mhlw.go.jp/facilities/11363,2026-09-14T13:50:30.163Z
11364,https://birth-navi.mhlw.go.jp/facilities/11364,2026-09-14T13:50:30.491Z
11365,https://birth-navi.mhlw.go.jp/facilities/11365,2026-09-14T13:50:30.805Z
11366,https://birth-navi.mhlw.go.jp/facilities/11366,2026-09-14T13:50:31.117Z
11367,https://birth-navi.mhlw.go.jp/facilities/11367,2026-09-14T13:50:31.465Z
11368,https://birth-navi.mhlw.go.jp/facilities/11368,2026-09-14T13:50:31.795Z
11369,https://birth-navi.mhlw.go.jp/facilities/11369,2026-09-14T13:50:32.131Z
11370,https://birth-navi.mhlw.go.jp/facilities/11370,2026-09-14T13:50:32.456Z
11371,https://birth-navi.mhlw.go.jp/facilities/11371,2026-09-14T13:50:32.796Z
11372,https://birth-navi.mhlw.go.jp/facilities/11372,2026-09-14T13:50:33.116Z
11373,https://birth-navi.mhlw.go.jp/facilities/11373,2026-09-14T13:50:33.478Z
11374,https://birth-navi.mhlw.go.jp/facilities/11374,2026-09-14T13:50:33.789Z
11375,https://birth-navi.mhlw.go.jp/facilities/11375,2026-09-14T13:50:34.125Z
11376,https://birth-navi.mhlw.go.jp/facilities/11376,2026-09-14T13:50:34.436Z
11377,https://birth-navi.mhlw.go.jp/facilities/11377,2026-09-14T13:50:34.749Z
11378,https://birth-navi.mhlw.go.jp/facilities/11378,2026-09-14T13:50:35.087Z
11379,https://birth-navi.mhlw.go.jp/facilities/11379,2026-09-14T13:50:35.549Z
11380,https://birth-navi.mhlw.go.jp/facilities/11380,2026-09-14T13:50:35.926Z
11381,https://birth-navi.mhlw.go.jp/facilities/11381,2026-09-14T13:50:36.286Z
11382,https://birth-navi.mhlw.go.jp/facilities/11382,2026-09-14T13:50:36.602Z
11383,https://birth-navi.mhlw.go.jp/facilities/11383,2026-09-14T13:50:36.986Z
11384,https://birth-navi.mhlw.go.jp/facilities/11384,2026-09-14T13:50:37.303Z
11385,https://birth-navi.mhlw.go.jp/facilities/11385,2026-09-14T13:50:37.600Z
11387,https://birth-navi.mhlw.go.jp/facilities/11387,2026-09-14T13:50:38.333Z
11388,https://birth-navi.mhlw.go.jp/facilities/11388,2026-09-14T13:50:38.671Z
11389,https://birth-navi.mhlw.go.jp/facilities/11389,2026-09-14T13:50:39.003Z
11390,https://birth-navi.mhlw.go.jp/facilities/11390,2026-09-14T13:50:39.315Z
11391,https://birth-navi.mhlw.go.jp/facilities/11391,2026-09-14T13:50:39.687Z
11392,https://birth-navi.mhlw.go.jp/facilities/11392,2026-09-14T13:50:40.088Z
11393,https://birth-navi.mhlw.go.jp/facilities/11393,2026-09-14T13:50:40.456Z
11394,https://birth-navi.mhlw.go.jp/facilities/11394,2026-09-14T13:50:40.846Z
11395,https://birth-navi.mhlw.go.jp/facilities/11395,2026-09-14T13:50:41.163Z
11396,https://birth-navi.mhlw.go.jp/facilities/11396,2026-09-14T13:50:41.485Z
11397,https://birth-navi.mhlw.go.jp/facilities/11397,2026-09-14T13:50:41.819Z
11398,https://birth-navi.mhlw.go.jp/facilities/11398,2026-09-14T13:50:42.139Z
11399,https://birth-navi.mhlw.go.jp/facilities/11399,2026-09-14T13:50:42.442Z
11400,https://birth-navi.mhlw.go.jp/facilities/11400,2026-09-14T13:50:42.788Z
11401,https://birth-navi.mhlw.go.jp/facilities/11401,2026-09-14T13:50:43.122Z
11402,https://birth-navi.mhlw.go.jp/facilities/11402,2026-09-14T13:50:43.482Z
11403,https://birth-navi.mhlw.go.jp/facilities/11403,2026-09-14T13:50:43.823Z
11404,https://birth-navi.mhlw.go.jp/facilities/11404,2026-09-14T13:50:44.165Z
11405,https://birth-navi.mhlw.go.jp/facilities/11405,2026-09-14T13:50:44.501Z
11406,https://birth-navi.mhlw.go.jp/facilities/11406,2026-09-14T13:50:44.811Z
11407,https://birth-navi.mhlw.go.jp/facilities/11407,2026-09-14T13:50:45.191Z
11408,https://birth-navi.mhlw.go.jp/facilities/11408,2026-09-14T13:50:45.576Z
11409,https://birth-navi.mhlw.go.jp/facilities/11409,2026-09-14T13:50:45.884Z
11410,https://birth-navi.mhlw.go.jp/facilities/11410,2026-09-14T13:50:46.243Z
11411,https://birth-navi.mhlw.go.jp/facilities/11411,2026-09-14T13:50:46.564Z
11412,https://birth-navi.mhlw.go.jp/facilities/11412,2026-09-14T13:50:46.871Z
11413,https://birth-navi.mhlw.go.jp/facilities/11413,2026-09-14T13:50:47.181Z
11414,https://birth-navi.mhlw.go.jp/facilities/11414,2026-09-14T13:50:47.487Z
11416,https://birth-navi.mhlw.go.jp/facilities/11416,2026-09-14T13:50:48.156Z
11417,https://birth-navi.mhlw.go.jp/facilities/11417,2026-09-14T13:50:48.465Z
11418,https://birth-navi.mhlw.go.jp/facilities/11418,2026-09-14T13:50:48.780Z
11419,https://birth-navi.mhlw.go.jp/facilities/11419,2026-09-14T13:50:49.108Z
11420,https://birth-navi.mhlw.go.jp/facilities/11420,2026-09-14T13:50:49.476Z
11421,https://birth-navi.mhlw.go.jp/facilities/11421,2026-09-14T13:50:49.842Z
11422,https://birth-navi.mhlw.go.jp/facilities/11422,2026-09-14T13:50:50.178Z
11423,https://birth-navi.mhlw.go.jp/facilities/11423,2026-09-14T13:50:50.512Z
11424,https://birth-navi.mhlw.go.jp/facilities/11424,2026-09-14T13:50:50.890Z
11425,https://birth-navi.mhlw.go.jp/facilities/11425,2026-09-14T13:50:51.272Z
11426,https://birth-navi.mhlw.go.jp/facilities/11426,2026-09-14T13:50:51.596Z
11427,https://birth-navi.mhlw.go.jp/facilities/11427,2026-09-14T13:50:51.907Z
11428,https://birth-navi.mhlw.go.jp/facilities/11428,2026-09-14T13:50:52.251Z
11429,https://birth-navi.mhlw.go.jp/facilities/11429,2026-09-14T13:50:52.585Z
11430,https://birth-navi.mhlw.go.jp/facilities/11430,2026-09-14T13:50:52.902Z
11431,https://birth-navi.mhlw.go.jp/facilities/11431,2026-09-14T13:50:53.217Z
11432,https://birth-navi.mhlw.go.jp/facilities/11432,2026-09-14T13:50:53.547Z
11433,https://birth-navi.mhlw.go.jp/facilities/11433,2026-09-14T13:50:53.851Z
11434,https://birth-navi.mhlw.go.jp/facilities/11434,2026-09-14T13:50:54.183Z
11435,https://birth-navi.mhlw.go.jp/facilities/11435,2026-09-14T13:50:54.574Z
11436,https://birth-navi.mhlw.go.jp/facilities/11436,2026-09-14T13:50:54.930Z
11438,https://birth-navi.mhlw.go.jp/facilities/11438,2026-09-14T13:50:55.561Z
11439,https://birth-navi.mhlw.go.jp/facilities/11439,2026-09-14T13:50:55.892Z
11440,https://birth-navi.mhlw.go.jp/facilities/11440,2026-09-14T13:50:56.215Z
11441,https://birth-navi.mhlw.go.jp/facilities/11441,2026-09-14T13:50:56.517Z
11442,https://birth-navi.mhlw.go.jp/facilities/11442,2026-09-14T13:50:56.848Z
11443,https://birth-navi.mhlw.go.jp/facilities/11443,2026-09-14T13:50:57.162Z
11444,https://birth-navi.mhlw.go.jp/facilities/11444,2026-09-14T13:50:57.487Z
11446,https://birth-navi.mhlw.go.jp/facilities/11446,2026-09-14T13:50:58.121Z
11447,https://birth-navi.mhlw.go.jp/facilities/11447,2026-09-14T13:50:58.430Z
11448,https://birth-navi.mhlw.go.jp/facilities/11448,2026-09-14T13:50:58.733Z
11449,https://birth-navi.mhlw.go.jp/facilities/11449,2026-09-14T13:50:59.092Z
11450,https://birth-navi.mhlw.go.jp/facilities/11450,2026-09-14T13:50:59.405Z
11451,https://birth-navi.mhlw.go.jp/facilities/11451,2026-09-14T13:50:59.713Z
11452,https://birth-navi.mhlw.go.jp/facilities/11452,2026-09-14T13:51:00.025Z
11453,https://birth-navi.mhlw.go.jp/facilities/11453,2026-09-14T13:51:00.388Z
11454,https://birth-navi.mhlw.go.jp/facilities/11454,2026-09-14T13:51:00.744Z
11455,https://birth-navi.mhlw.go.jp/facilities/11455,2026-09-14T13:51:01.073Z
11456,https://birth-navi.mhlw.go.jp/facilities/11456,2026-09-14T13:51:01.375Z
11457,https://birth-navi.mhlw.go.jp/facilities/11457,2026-09-14T13:51:01.692Z
11458,https://birth-navi.mhlw.go.jp/facilities/11458,2026-09-14T13:51:02.066Z
11459,https://birth-navi.mhlw.go.jp/facilities/11459,2026-09-14T13:51:02.399Z
11460,https://birth-navi.mhlw.go.jp/facilities/11460,2026-09-14T13:51:02.727Z
11461,https://birth-navi.mhlw.go.jp/facilities/11461,2026-09-14T13:51:03.034Z
11462,https://birth-navi.mhlw.go.jp/facilities/11462,2026-09-14T13:51:03.358Z
11463,https://birth-navi.mhlw.go.jp/facilities/11463,2026-09-14T13:51:03.666Z
11464,https://birth-navi.mhlw.go.jp/facilities/11464,2026-09-14T13:51:03.977Z
11465,https://birth-navi.mhlw.go.jp/facilities/11465,2026-09-14T13:51:04.301Z
11466,https://birth-navi.mhlw.go.jp/facilities/11466,2026-09-14T13:51:04.616Z
11467,https://birth-navi.mhlw.go.jp/facilities/11467,2026-09-14T13:51:04.935Z
11468,https://birth-navi.mhlw.go.jp/facilities/11468,2026-09-14T13:51:05.251Z
11469,https://birth-navi.mhlw.go.jp/facilities/11469,2026-09-14T13:51:05.562Z
11470,https://birth-navi.mhlw.go.jp/facilities/11470,2026-09-14T13:51:05.925Z
11471,https://birth-navi.mhlw.go.jp/facilities/11471,2026-09-14T13:51:06.247Z
11472,https://birth-navi.mhlw.go.jp/facilities/11472,2026-09-14T13:51:06.611Z
11473,https://birth-navi.mhlw.go.jp/facilities/11473,2026-09-14T13:51:06.948Z
11474,https://birth-navi.mhlw.go.jp/facilities/11474,2026-09-14T13:51:07.278Z
11475,https://birth-navi.mhlw.go.jp/facilities/11475,2026-09-14T13:51:07.654Z
11476,https://birth-navi.mhlw.go.jp/facilities/11476,2026-09-14T13:51:08.034Z
11477,https://birth-navi.mhlw.go.jp/facilities/11477,2026-09-14T13:51:08.344Z
11478,https://birth-navi.mhlw.go.jp/facilities/11478,2026-09-14T13:51:08.675Z
11479,https://birth-navi.mhlw.go.jp/facilities/11479,2026-09-14T13:51:09.076Z
11480,https://birth-navi.mhlw.go.jp/facilities/11480,2026-09-14T13:51:09.403Z
11482,https://birth-navi.mhlw.go.jp/facilities/11482,2026-09-14T13:51:10.109Z
11483,https://birth-navi.mhlw.go.jp/facilities/11483,2026-09-14T13:51:10.448Z
11484,https://birth-navi.mhlw.go.jp/facilities/11484,2026-09-14T13:51:10.789Z
11485,https://birth-navi.mhlw.go.jp/facilities/11485,2026-09-14T13:51:11.153Z
11486,https://birth-navi.mhlw.go.jp/facilities/11486,2026-09-14T13:51:11.485Z
11487,https://birth-navi.mhlw.go.jp/facilities/11487,2026-09-14T13:51:11.805Z
11488,https://birth-navi.mhlw.go.jp/facilities/11488,2026-09-14T13:51:12.153Z
11489,https://birth-navi.mhlw.go.jp/facilities/11489,2026-09-14T13:51:12.500Z
11490,https://birth-navi.mhlw.go.jp/facilities/11490,2026-09-14T13:51:12.823Z
11491,https://birth-navi.mhlw.go.jp/facilities/11491,2026-09-14T13:51:13.155Z
11492,https://birth-navi.mhlw.go.jp/facilities/11492,2026-09-14T13:51:13.498Z
11493,https://birth-navi.mhlw.go.jp/facilities/11493,2026-09-14T13:51:13.811Z
11495,https://birth-navi.mhlw.go.jp/facilities/11495,2026-09-14T13:51:14.490Z
11496,https://birth-navi.mhlw.go.jp/facilities/11496,2026-09-14T13:51:14.843Z
11497,https://birth-navi.mhlw.go.jp/facilities/11497,2026-09-14T13:51:15.167Z
11498,https://birth-navi.mhlw.go.jp/facilities/11498,2026-09-14T13:51:15.509Z
11499,https://birth-navi.mhlw.go.jp/facilities/11499,2026-09-14T13:51:15.847Z
11500,https://birth-navi.mhlw.go.jp/facilities/11500,2026-09-14T13:51:16.209Z
11501,https://birth-navi.mhlw.go.jp/facilities/11501,2026-09-14T13:51:16.562Z
11502,https://birth-navi.mhlw.go.jp/facilities/11502,2026-09-14T13:51:16.872Z
11503,https://birth-navi.mhlw.go.jp/facilities/11503,2026-09-14T13:51:17.183Z
11504,https://birth-navi.mhlw.go.jp/facilities/11504,2026-09-14T13:51:17.535Z
11505,https://birth-navi.mhlw.go.jp/facilities/11505,2026-09-14T13:51:17.874Z
11506,https://birth-navi.mhlw.go.jp/facilities/11506,2026-09-14T13:51:18.185Z
11507,https://birth-navi.mhlw.go.jp/facilities/11507,2026-09-14T13:51:18.547Z
11508,https://birth-navi.mhlw.go.jp/facilities/11508,2026-09-14T13:51:18.961Z
11509,https://birth-navi.mhlw.go.jp/facilities/11509,2026-09-14T13:51:19.392Z
11510,https://birth-navi.mhlw.go.jp/facilities/11510,2026-09-14T13:51:19.726Z
11511,https://birth-navi.mhlw.go.jp/facilities/11511,2026-09-14T13:51:20.075Z
11512,https://birth-navi.mhlw.go.jp/facilities/11512,2026-09-14T13:51:20.421Z
11513,https://birth-navi.mhlw.go.jp/facilities/11513,2026-09-14T13:51:20.775Z
11514,https://birth-navi.mhlw.go.jp/facilities/11514,2026-09-14T13:51:21.098Z
11515,https://birth-navi.mhlw.go.jp/facilities/11515,2026-09-14T13:51:21.429Z
11516,https://birth-navi.mhlw.go.jp/facilities/11516,2026-09-14T13:51:21.841Z
11517,https://birth-navi.mhlw.go.jp/facilities/11517,2026-09-14T13:51:22.158Z
11518,https://birth-navi.mhlw.go.jp/facilities/11518,2026-09-14T13:51:22.491Z
11519,https://birth-navi.mhlw.go.jp/facilities/11519,2026-09-14T13:51:22.807Z
11520,https://birth-navi.mhlw.go.jp/facilities/11520,2026-09-14T13:51:23.118Z
11521,https://birth-navi.mhlw.go.jp/facilities/11521,2026-09-14T13:51:23.488Z
11522,https://birth-navi.mhlw.go.jp/facilities/11522,2026-09-14T13:51:23.803Z
11523,https://birth-navi.mhlw.go.jp/facilities/11523,2026-09-14T13:51:24.123Z
11524,https://birth-navi.mhlw.go.jp/facilities/11524,2026-09-14T13:51:24.433Z
11525,https://birth-navi.mhlw.go.jp/facilities/11525,2026-09-14T13:51:24.776Z
11526,https://birth-navi.mhlw.go.jp/facilities/11526,2026-09-14T13:51:25.086Z
11527,https://birth-navi.mhlw.go.jp/facilities/11527,2026-09-14T13:51:25.443Z
11528,https://birth-navi.mhlw.go.jp/facilities/11528,2026-09-14T13:51:25.754Z
11529,https://birth-navi.mhlw.go.jp/facilities/11529,2026-09-14T13:51:26.068Z
11530,https://birth-navi.mhlw.go.jp/facilities/11530,2026-09-14T13:51:26.393Z
11531,https://birth-navi.mhlw.go.jp/facilities/11531,2026-09-14T13:51:26.701Z
11532,https://birth-navi.mhlw.go.jp/facilities/11532,2026-09-14T13:51:27.034Z
11533,https://birth-navi.mhlw.go.jp/facilities/11533,2026-09-14T13:51:27.347Z
11534,https://birth-navi.mhlw.go.jp/facilities/11534,2026-09-14T13:51:27.683Z
11535,https://birth-navi.mhlw.go.jp/facilities/11535,2026-09-14T13:51:28.007Z
11536,https://birth-navi.mhlw.go.jp/facilities/11536,2026-09-14T13:51:28.339Z
11537,https://birth-navi.mhlw.go.jp/facilities/11537,2026-09-14T13:51:28.647Z
11538,https://birth-navi.mhlw.go.jp/facilities/11538,2026-09-14T13:51:28.991Z
11539,https://birth-navi.mhlw.go.jp/facilities/11539,2026-09-14T13:51:29.320Z
11540,https://birth-navi.mhlw.go.jp/facilities/11540,2026-09-14T13:51:29.643Z
11541,https://birth-navi.mhlw.go.jp/facilities/11541,2026-09-14T13:51:30.030Z
11542,https://birth-navi.mhlw.go.jp/facilities/11542,2026-09-14T13:51:30.384Z
11543,https://birth-navi.mhlw.go.jp/facilities/11543,2026-09-14T13:51:30.691Z
11544,https://birth-navi.mhlw.go.jp/facilities/11544,2026-09-14T13:51:31.025Z
11545,https://birth-navi.mhlw.go.jp/facilities/11545,2026-09-14T13:51:31.437Z
11546,https://birth-navi.mhlw.go.jp/facilities/11546,2026-09-14T13:51:31.748Z
11547,https://birth-navi.mhlw.go.jp/facilities/11547,2026-09-14T13:51:32.076Z
11548,https://birth-navi.mhlw.go.jp/facilities/11548,2026-09-14T13:51:32.395Z
11549,https://birth-navi.mhlw.go.jp/facilities/11549,2026-09-14T13:51:32.712Z
11550,https://birth-navi.mhlw.go.jp/facilities/11550,2026-09-14T13:51:33.071Z
11551,https://birth-navi.mhlw.go.jp/facilities/11551,2026-09-14T13:51:33.413Z
11552,https://birth-navi.mhlw.go.jp/facilities/11552,2026-09-14T13:51:33.738Z
11553,https://birth-navi.mhlw.go.jp/facilities/11553,2026-09-14T13:51:34.074Z
11554,https://birth-navi.mhlw.go.jp/facilities/11554,2026-09-14T13:51:34.384Z
11555,https://birth-navi.mhlw.go.jp/facilities/11555,2026-09-14T13:51:34.711Z
11556,https://birth-navi.mhlw.go.jp/facilities/11556,2026-09-14T13:51:35.110Z
11557,https://birth-navi.mhlw.go.jp/facilities/11557,2026-09-14T13:51:35.437Z
11558,https://birth-navi.mhlw.go.jp/facilities/11558,2026-09-14T13:51:35.785Z
11559,https://birth-navi.mhlw.go.jp/facilities/11559,2026-09-14T13:51:36.198Z
11560,https://birth-navi.mhlw.go.jp/facilities/11560,2026-09-14T13:51:36.523Z
11561,https://birth-navi.mhlw.go.jp/facilities/11561,2026-09-14T13:51:36.866Z
11562,https://birth-navi.mhlw.go.jp/facilities/11562,2026-09-14T13:51:37.211Z
11563,https://birth-navi.mhlw.go.jp/facilities/11563,2026-09-14T13:51:37.570Z
11564,https://birth-navi.mhlw.go.jp/facilities/11564,2026-09-14T13:51:37.900Z
11565,https://birth-navi.mhlw.go.jp/facilities/11565,2026-09-14T13:51:38.207Z
11566,https://birth-navi.mhlw.go.jp/facilities/11566,2026-09-14T13:51:38.503Z
11567,https://birth-navi.mhlw.go.jp/facilities/11567,2026-09-14T13:51:38.830Z
11568,https://birth-navi.mhlw.go.jp/facilities/11568,2026-09-14T13:51:39.163Z
11569,https://birth-navi.mhlw.go.jp/facilities/11569,2026-09-14T12:45:49.794Z
11570,https://birth-navi.mhlw.go.jp/facilities/11570,2026-09-14T13:51:39.482Z
11571,https://birth-navi.mhlw.go.jp/facilities/11571,2026-09-14T13:51:39.826Z
11572,https://birth-navi.mhlw.go.jp/facilities/11572,2026-09-14T13:51:40.145Z
11573,https://birth-navi.mhlw.go.jp/facilities/11573,2026-09-14T13:51:40.466Z
11574,https://birth-navi.mhlw.go.jp/facilities/11574,2026-09-14T13:51:40.791Z
11575,https://birth-navi.mhlw.go.jp/facilities/11575,2026-09-14T13:51:41.106Z
11577,https://birth-navi.mhlw.go.jp/facilities/11577,2026-09-14T13:51:41.794Z
11578,https://birth-navi.mhlw.go.jp/facilities/11578,2026-09-14T13:51:42.120Z
11579,https://birth-navi.mhlw.go.jp/facilities/11579,2026-09-14T13:51:42.435Z
11580,https://birth-navi.mhlw.go.jp/facilities/11580,2026-09-14T13:51:42.764Z
11581,https://birth-navi.mhlw.go.jp/facilities/11581,2026-09-14T13:51:43.090Z
11582,https://birth-navi.mhlw.go.jp/facilities/11582,2026-09-14T13:51:43.405Z
11583,https://birth-navi.mhlw.go.jp/facilities/11583,2026-09-14T13:51:43.717Z
11584,https://birth-navi.mhlw.go.jp/facilities/11584,2026-09-14T13:51:44.032Z
11585,https://birth-navi.mhlw.go.jp/facilities/11585,2026-09-14T13:51:44.542Z
11586,https://birth-navi.mhlw.go.jp/facilities/11586,2026-09-14T13:51:44.851Z
11587,https://birth-navi.mhlw.go.jp/facilities/11587,2026-09-14T13:51:45.188Z
11588,https://birth-navi.mhlw.go.jp/facilities/11588,2026-09-14T13:51:45.536Z
11589,https://birth-navi.mhlw.go.jp/facilities/11589,2026-09-14T13:51:45.870Z
11590,https://birth-navi.mhlw.go.jp/facilities/11590,2026-09-14T13:51:46.241Z
11591,https://birth-navi.mhlw.go.jp/facilities/11591,2026-09-14T13:51:46.595Z
11592,https://birth-navi.mhlw.go.jp/facilities/11592,2026-09-14T13:51:46.944Z
11593,https://birth-navi.mhlw.go.jp/facilities/11593,2026-09-14T13:51:47.284Z
11594,https://birth-navi.mhlw.go.jp/facilities/11594,2026-09-14T13:51:47.642Z
11596,https://birth-navi.mhlw.go.jp/facilities/11596,2026-09-14T13:51:48.495Z
11597,https://birth-navi.mhlw.go.jp/facilities/11597,2026-09-14T13:51:48.819Z
11598,https://birth-navi.mhlw.go.jp/facilities/11598,2026-09-14T13:51:49.247Z
11599,https://birth-navi.mhlw.go.jp/facilities/11599,2026-09-14T13:51:49.582Z
11600,https://birth-navi.mhlw.go.jp/facilities/11600,2026-09-14T13:51:49.903Z
11601,https://birth-navi.mhlw.go.jp/facilities/11601,2026-09-14T13:51:50.330Z
11602,https://birth-navi.mhlw.go.jp/facilities/11602,2026-09-14T13:51:50.762Z
11603,https://birth-navi.mhlw.go.jp/facilities/11603,2026-09-14T13:51:51.068Z
11604,https://birth-navi.mhlw.go.jp/facilities/11604,2026-09-14T13:51:51.474Z
11605,https://birth-navi.mhlw.go.jp/facilities/11605,2026-09-14T13:51:51.785Z
11606,https://birth-navi.mhlw.go.jp/facilities/11606,2026-09-14T13:51:52.103Z
11607,https://birth-navi.mhlw.go.jp/facilities/11607,2026-09-14T13:51:52.435Z
11608,https://birth-navi.mhlw.go.jp/facilities/11608,2026-09-14T13:51:52.767Z
11609,https://birth-navi.mhlw.go.jp/facilities/11609,2026-09-14T13:51:53.080Z
11610,https://birth-navi.mhlw.go.jp/facilities/11610,2026-09-14T13:51:53.404Z
11611,https://birth-navi.mhlw.go.jp/facilities/11611,2026-09-14T13:51:53.732Z
11612,https://birth-navi.mhlw.go.jp/facilities/11612,2026-09-14T13:51:54.054Z
11613,https://birth-navi.mhlw.go.jp/facilities/11613,2026-09-14T13:51:54.396Z
11614,https://birth-navi.mhlw.go.jp/facilities/11614,2026-09-14T13:51:54.710Z
11615,https://birth-navi.mhlw.go.jp/facilities/11615,2026-09-14T13:51:55.034Z
11616,https://birth-navi.mhlw.go.jp/facilities/11616,2026-09-14T13:51:55.339Z
11618,https://birth-navi.mhlw.go.jp/facilities/11618,2026-09-14T13:51:56.019Z
11619,https://birth-navi.mhlw.go.jp/facilities/11619,2026-09-14T13:51:56.346Z
11620,https://birth-navi.mhlw.go.jp/facilities/11620,2026-09-14T13:51:56.677Z
11621,https://birth-navi.mhlw.go.jp/facilities/11621,2026-09-14T13:51:56.990Z
11622,https://birth-navi.mhlw.go.jp/facilities/11622,2026-09-14T13:51:57.311Z
11623,https://birth-navi.mhlw.go.jp/facilities/11623,2026-09-14T13:51:57.616Z
11624,https://birth-navi.mhlw.go.jp/facilities/11624,2026-09-14T13:51:57.923Z
11625,https://birth-navi.mhlw.go.jp/facilities/11625,2026-09-14T13:51:58.229Z
11626,https://birth-navi.mhlw.go.jp/facilities/11626,2026-09-14T13:51:58.648Z
11628,https://birth-navi.mhlw.go.jp/facilities/11628,2026-09-14T13:51:59.261Z
11629,https://birth-navi.mhlw.go.jp/facilities/11629,2026-09-14T13:51:59.579Z
11630,https://birth-navi.mhlw.go.jp/facilities/11630,2026-09-14T13:51:59.903Z
11631,https://birth-navi.mhlw.go.jp/facilities/11631,2026-09-14T13:52:00.242Z
11632,https://birth-navi.mhlw.go.jp/facilities/11632,2026-09-14T13:52:00.554Z
11633,https://birth-navi.mhlw.go.jp/facilities/11633,2026-09-14T13:52:00.886Z
11634,https://birth-navi.mhlw.go.jp/facilities/11634,2026-09-14T13:52:01.341Z
11635,https://birth-navi.mhlw.go.jp/facilities/11635,2026-09-14T13:52:01.661Z
11636,https://birth-navi.mhlw.go.jp/facilities/11636,2026-09-14T13:52:01.993Z
11637,https://birth-navi.mhlw.go.jp/facilities/11637,2026-09-14T13:52:02.330Z
11638,https://birth-navi.mhlw.go.jp/facilities/11638,2026-09-14T13:52:02.657Z
11639,https://birth-navi.mhlw.go.jp/facilities/11639,2026-09-14T13:52:02.966Z
11640,https://birth-navi.mhlw.go.jp/facilities/11640,2026-09-14T13:52:03.349Z
11641,https://birth-navi.mhlw.go.jp/facilities/11641,2026-09-14T13:52:03.662Z
11642,https://birth-navi.mhlw.go.jp/facilities/11642,2026-09-14T13:52:03.968Z
11643,https://birth-navi.mhlw.go.jp/facilities/11643,2026-09-14T13:52:04.329Z
11645,https://birth-navi.mhlw.go.jp/facilities/11645,2026-09-14T13:52:05.096Z
11646,https://birth-navi.mhlw.go.jp/facilities/11646,2026-09-14T13:52:05.461Z
11648,https://birth-navi.mhlw.go.jp/facilities/11648,2026-09-14T13:52:06.108Z
11649,https://birth-navi.mhlw.go.jp/facilities/11649,2026-09-14T13:52:06.426Z
11650,https://birth-navi.mhlw.go.jp/facilities/11650,2026-09-14T13:52:06.753Z
11651,https://birth-navi.mhlw.go.jp/facilities/11651,2026-09-14T13:52:07.127Z
11652,https://birth-navi.mhlw.go.jp/facilities/11652,2026-09-14T13:52:07.439Z
11653,https://birth-navi.mhlw.go.jp/facilities/11653,2026-09-14T13:52:07.776Z
11654,https://birth-navi.mhlw.go.jp/facilities/11654,2026-09-14T13:52:08.099Z
11655,https://birth-navi.mhlw.go.jp/facilities/11655,2026-09-14T13:52:08.407Z
11656,https://birth-navi.mhlw.go.jp/facilities/11656,2026-09-14T13:52:08.725Z
11657,https://birth-navi.mhlw.go.jp/facilities/11657,2026-09-14T13:52:09.044Z
11658,https://birth-navi.mhlw.go.jp/facilities/11658,2026-09-14T13:52:09.354Z
11659,https://birth-navi.mhlw.go.jp/facilities/11659,2026-09-14T13:52:09.666Z
11660,https://birth-navi.mhlw.go.jp/facilities/11660,2026-09-14T13:52:09.990Z
11661,https://birth-navi.mhlw.go.jp/facilities/11661,2026-09-14T13:52:10.336Z
11662,https://birth-navi.mhlw.go.jp/facilities/11662,2026-09-14T13:52:10.658Z
11663,https://birth-navi.mhlw.go.jp/facilities/11663,2026-09-14T13:52:10.999Z
11664,https://birth-navi.mhlw.go.jp/facilities/11664,2026-09-14T13:52:11.317Z
11665,https://birth-navi.mhlw.go.jp/facilities/11665,2026-09-14T13:52:11.662Z
11666,https://birth-navi.mhlw.go.jp/facilities/11666,2026-09-14T13:52:12.026Z
11667,https://birth-navi.mhlw.go.jp/facilities/11667,2026-09-14T13:52:12.357Z
11668,https://birth-navi.mhlw.go.jp/facilities/11668,2026-09-14T13:52:12.704Z
11669,https://birth-navi.mhlw.go.jp/facilities/11669,2026-09-14T13:52:13.022Z
11670,https://birth-navi.mhlw.go.jp/facilities/11670,2026-09-14T13:52:13.362Z
11671,https://birth-navi.mhlw.go.jp/facilities/11671,2026-09-14T13:52:13.672Z
11672,https://birth-navi.mhlw.go.jp/facilities/11672,2026-09-14T13:52:14.018Z
11673,https://birth-navi.mhlw.go.jp/facilities/11673,2026-09-14T13:52:14.372Z
11674,https://birth-navi.mhlw.go.jp/facilities/11674,2026-09-14T13:52:14.704Z
11675,https://birth-navi.mhlw.go.jp/facilities/11675,2026-09-14T13:52:15.045Z
11676,https://birth-navi.mhlw.go.jp/facilities/11676,2026-09-14T13:52:15.358Z
11677,https://birth-navi.mhlw.go.jp/facilities/11677,2026-09-14T13:52:15.660Z
11678,https://birth-navi.mhlw.go.jp/facilities/11678,2026-09-14T13:52:16.009Z
11679,https://birth-navi.mhlw.go.jp/facilities/11679,2026-09-14T13:52:16.342Z
11681,https://birth-navi.mhlw.go.jp/facilities/11681,2026-09-14T13:52:16.994Z
11682,https://birth-navi.mhlw.go.jp/facilities/11682,2026-09-14T13:52:17.319Z
11683,https://birth-navi.mhlw.go.jp/facilities/11683,2026-09-14T13:52:17.689Z
11684,https://birth-navi.mhlw.go.jp/facilities/11684,2026-09-14T13:52:18.000Z
11685,https://birth-navi.mhlw.go.jp/facilities/11685,2026-09-14T13:52:18.376Z
11686,https://birth-navi.mhlw.go.jp/facilities/11686,2026-09-14T13:52:18.723Z
11687,https://birth-navi.mhlw.go.jp/facilities/11687,2026-09-14T13:52:19.038Z
11689,https://birth-navi.mhlw.go.jp/facilities/11689,2026-09-14T13:52:19.814Z
11690,https://birth-navi.mhlw.go.jp/facilities/11690,2026-09-14T13:52:20.167Z
11691,https://birth-navi.mhlw.go.jp/facilities/11691,2026-09-14T13:52:20.499Z
11692,https://birth-navi.mhlw.go.jp/facilities/11692,2026-09-14T13:52:20.823Z
11694,https://birth-navi.mhlw.go.jp/facilities/11694,2026-09-14T13:52:21.471Z
11695,https://birth-navi.mhlw.go.jp/facilities/11695,2026-09-14T13:52:21.787Z
11696,https://birth-navi.mhlw.go.jp/facilities/11696,2026-09-14T13:52:22.145Z
11697,https://birth-navi.mhlw.go.jp/facilities/11697,2026-09-14T13:52:22.462Z
11698,https://birth-navi.mhlw.go.jp/facilities/11698,2026-09-14T13:52:22.771Z
11699,https://birth-navi.mhlw.go.jp/facilities/11699,2026-09-14T13:52:23.071Z
11700,https://birth-navi.mhlw.go.jp/facilities/11700,2026-09-14T13:52:23.391Z
11701,https://birth-navi.mhlw.go.jp/facilities/11701,2026-09-14T13:52:23.742Z
11702,https://birth-navi.mhlw.go.jp/facilities/11702,2026-09-14T13:52:24.093Z
11703,https://birth-navi.mhlw.go.jp/facilities/11703,2026-09-14T13:52:24.418Z
11704,https://birth-navi.mhlw.go.jp/facilities/11704,2026-09-14T13:52:24.719Z
11705,https://birth-navi.mhlw.go.jp/facilities/11705,2026-09-14T13:52:25.069Z
11706,https://birth-navi.mhlw.go.jp/facilities/11706,2026-09-14T13:52:25.382Z
11707,https://birth-navi.mhlw.go.jp/facilities/11707,2026-09-14T13:52:25.724Z
11708,https://birth-navi.mhlw.go.jp/facilities/11708,2026-09-14T13:52:26.047Z
11709,https://birth-navi.mhlw.go.jp/facilities/11709,2026-09-14T13:52:26.371Z
11710,https://birth-navi.mhlw.go.jp/facilities/11710,2026-09-14T13:52:26.709Z
11711,https://birth-navi.mhlw.go.jp/facilities/11711,2026-09-14T13:52:27.068Z
11712,https://birth-navi.mhlw.go.jp/facilities/11712,2026-09-14T13:52:27.371Z
11713,https://birth-navi.mhlw.go.jp/facilities/11713,2026-09-14T13:52:27.703Z
11714,https://birth-navi.mhlw.go.jp/facilities/11714,2026-09-14T13:52:28.017Z
11715,https://birth-navi.mhlw.go.jp/facilities/11715,2026-09-14T13:52:28.329Z
11716,https://birth-navi.mhlw.go.jp/facilities/11716,2026-09-14T13:52:28.644Z
11717,https://birth-navi.mhlw.go.jp/facilities/11717,2026-09-14T13:52:28.955Z
11718,https://birth-navi.mhlw.go.jp/facilities/11718,2026-09-14T13:52:29.318Z
11719,https://birth-navi.mhlw.go.jp/facilities/11719,2026-09-14T13:52:29.631Z
11720,https://birth-navi.mhlw.go.jp/facilities/11720,2026-09-14T13:52:29.998Z
11721,https://birth-navi.mhlw.go.jp/facilities/11721,2026-09-14T13:52:30.339Z
11722,https://birth-navi.mhlw.go.jp/facilities/11722,2026-09-14T13:52:30.703Z
11723,https://birth-navi.mhlw.go.jp/facilities/11723,2026-09-14T13:52:31.054Z
11724,https://birth-navi.mhlw.go.jp/facilities/11724,2026-09-14T13:52:31.365Z
11725,https://birth-navi.mhlw.go.jp/facilities/11725,2026-09-14T13:52:31.689Z
11726,https://birth-navi.mhlw.go.jp/facilities/11726,2026-09-14T13:52:31.995Z
11727,https://birth-navi.mhlw.go.jp/facilities/11727,2026-09-14T13:52:32.308Z
11728,https://birth-navi.mhlw.go.jp/facilities/11728,2026-09-14T13:52:32.636Z
11729,https://birth-navi.mhlw.go.jp/facilities/11729,2026-09-14T13:52:32.952Z
11730,https://birth-navi.mhlw.go.jp/facilities/11730,2026-09-14T13:52:33.349Z
11731,https://birth-navi.mhlw.go.jp/facilities/11731,2026-09-14T13:52:33.660Z
11732,https://birth-navi.mhlw.go.jp/facilities/11732,2026-09-14T13:52:34.020Z
11733,https://birth-navi.mhlw.go.jp/facilities/11733,2026-09-14T13:52:34.325Z
11734,https://birth-navi.mhlw.go.jp/facilities/11734,2026-09-14T13:52:34.641Z
11735,https://birth-navi.mhlw.go.jp/facilities/11735,2026-09-14T13:52:35.013Z
11736,https://birth-navi.mhlw.go.jp/facilities/11736,2026-09-14T13:52:35.315Z
11737,https://birth-navi.mhlw.go.jp/facilities/11737,2026-09-14T13:52:35.622Z
11738,https://birth-navi.mhlw.go.jp/facilities/11738,2026-09-14T13:52:35.936Z
11739,https://birth-navi.mhlw.go.jp/facilities/11739,2026-09-14T13:52:36.263Z
11740,https://birth-navi.mhlw.go.jp/facilities/11740,2026-09-14T13:52:36.603Z
11741,https://birth-navi.mhlw.go.jp/facilities/11741,2026-09-14T13:52:36.926Z
11742,https://birth-navi.mhlw.go.jp/facilities/11742,2026-09-14T13:52:37.266Z
11743,https://birth-navi.mhlw.go.jp/facilities/11743,2026-09-14T13:52:37.614Z
11744,https://birth-navi.mhlw.go.jp/facilities/11744,2026-09-14T13:52:37.924Z
11745,https://birth-navi.mhlw.go.jp/facilities/11745,2026-09-14T13:52:38.271Z
11746,https://birth-navi.mhlw.go.jp/facilities/11746,2026-09-14T13:52:38.631Z
11747,https://birth-navi.mhlw.go.jp/facilities/11747,2026-09-14T13:52:38.946Z
11748,https://birth-navi.mhlw.go.jp/facilities/11748,2026-09-14T21:39:28.000Z
11749,https://birth-navi.mhlw.go.jp/facilities/11749,2026-09-14T13:52:39.331Z
11750,https://birth-navi.mhlw.go.jp/facilities/11750,2026-09-14T13:52:39.704Z
11751,https://birth-navi.mhlw.go.jp/facilities/11751,2026-09-14T13:52:40.007Z
11752,https://birth-navi.mhlw.go.jp/facilities/11752,2026-09-14T13:52:40.348Z
11753,https://birth-navi.mhlw.go.jp/facilities/11753,2026-09-14T13:52:40.676Z
11754,https://birth-navi.mhlw.go.jp/facilities/11754,2026-09-14T13:52:40.999Z
11755,https://birth-navi.mhlw.go.jp/facilities/11755,2026-09-14T13:52:41.363Z
11756,https://birth-navi.mhlw.go.jp/facilities/11756,2026-09-14T13:52:41.676Z
11757,https://birth-navi.mhlw.go.jp/facilities/11757,2026-09-14T13:52:41.975Z
11758,https://birth-navi.mhlw.go.jp/facilities/11758,2026-09-14T13:52:42.297Z
11759,https://birth-navi.mhlw.go.jp/facilities/11759,2026-09-14T13:52:42.641Z
11760,https://birth-navi.mhlw.go.jp/facilities/11760,2026-09-14T13:52:43.017Z
11761,https://birth-navi.mhlw.go.jp/facilities/11761,2026-09-14T13:52:43.380Z
11762,https://birth-navi.mhlw.go.jp/facilities/11762,2026-09-14T13:52:43.732Z
11763,https://birth-navi.mhlw.go.jp/facilities/11763,2026-09-14T12:45:52.701Z
11764,https://birth-navi.mhlw.go.jp/facilities/11764,2026-09-14T13:52:44.037Z
11765,https://birth-navi.mhlw.go.jp/facilities/11765,2026-09-14T13:52:44.398Z
11766,https://birth-navi.mhlw.go.jp/facilities/11766,2026-09-14T13:52:44.736Z
11767,https://birth-navi.mhlw.go.jp/facilities/11767,2026-09-14T13:52:45.088Z
11768,https://birth-navi.mhlw.go.jp/facilities/11768,2026-09-14T13:52:45.427Z
11769,https://birth-navi.mhlw.go.jp/facilities/11769,2026-09-14T13:52:45.815Z
11770,https://birth-navi.mhlw.go.jp/facilities/11770,2026-09-14T13:52:46.159Z
11772,https://birth-navi.mhlw.go.jp/facilities/11772,2026-09-14T13:52:47.093Z
11773,https://birth-navi.mhlw.go.jp/facilities/11773,2026-09-14T13:52:47.414Z
11774,https://birth-navi.mhlw.go.jp/facilities/11774,2026-09-14T13:52:47.796Z
11775,https://birth-navi.mhlw.go.jp/facilities/11775,2026-09-14T13:52:48.112Z
11776,https://birth-navi.mhlw.go.jp/facilities/11776,2026-09-14T13:52:48.426Z
11777,https://birth-navi.mhlw.go.jp/facilities/11777,2026-09-14T13:52:48.740Z
11778,https://birth-navi.mhlw.go.jp/facilities/11778,2026-09-14T13:52:49.072Z
11779,https://birth-navi.mhlw.go.jp/facilities/11779,2026-09-14T13:52:49.492Z
11780,https://birth-navi.mhlw.go.jp/facilities/11780,2026-09-14T13:52:49.812Z
11781,https://birth-navi.mhlw.go.jp/facilities/11781,2026-09-14T13:52:50.381Z
11782,https://birth-navi.mhlw.go.jp/facilities/11782,2026-09-14T13:52:50.716Z
11783,https://birth-navi.mhlw.go.jp/facilities/11783,2026-09-14T13:52:51.024Z
11784,https://birth-navi.mhlw.go.jp/facilities/11784,2026-02-09T01:46:23.126Z
11785,https://birth-navi.mhlw.go.jp/facilities/11785,2026-09-14T13:52:51.350Z
11786,https://birth-navi.mhlw.go.jp/facilities/11786,2026-09-14T13:52:51.787Z
11787,https://birth-navi.mhlw.go.jp/facilities/11787,2026-09-14T13:52:52.189Z
11789,https://birth-navi.mhlw.go.jp/facilities/11789,2026-09-14T13:52:52.878Z
11790,https://birth-navi.mhlw.go.jp/facilities/11790,2026-09-14T13:52:53.345Z
11791,https://birth-navi.mhlw.go.jp/facilities/11791,2026-09-14T13:52:53.696Z
11792,https://birth-navi.mhlw.go.jp/facilities/11792,2026-09-14T13:52:54.024Z
11793,https://birth-navi.mhlw.go.jp/facilities/11793,2026-09-14T12:45:52.876Z
11794,https://birth-navi.mhlw.go.jp/facilities/11794,2026-09-14T13:52:54.405Z
11795,https://birth-navi.mhlw.go.jp/facilities/11795,2026-09-14T13:52:54.727Z
11796,https://birth-navi.mhlw.go.jp/facilities/11796,2026-09-14T13:52:55.168Z
11797,https://birth-navi.mhlw.go.jp/facilities/11797,2026-09-14T13:52:55.472Z
11798,https://birth-navi.mhlw.go.jp/facilities/11798,2026-09-14T13:52:55.796Z
11799,https://birth-navi.mhlw.go.jp/facilities/11799,2026-09-14T13:52:56.107Z
11800,https://birth-navi.mhlw.go.jp/facilities/11800,2026-09-14T13:52:56.595Z
11801,https://birth-navi.mhlw.go.jp/facilities/11801,2026-09-14T13:52:56.959Z
11802,https://birth-navi.mhlw.go.jp/facilities/11802,2026-09-14T13:52:57.290Z
11803,https://birth-navi.mhlw.go.jp/facilities/11803,2026-09-14T13:52:57.618Z
11804,https://birth-navi.mhlw.go.jp/facilities/11804,2026-09-14T13:52:57.952Z
11805,https://birth-navi.mhlw.go.jp/facilities/11805,2026-09-14T13:52:58.286Z
11806,https://birth-navi.mhlw.go.jp/facilities/11806,2026-09-14T13:52:58.612Z
11807,https://birth-navi.mhlw.go.jp/facilities/11807,2026-09-14T13:52:58.923Z
11808,https://birth-navi.mhlw.go.jp/facilities/11808,2026-09-14T13:52:59.290Z
11809,https://birth-navi.mhlw.go.jp/facilities/11809,2026-09-14T13:52:59.608Z
11810,https://birth-navi.mhlw.go.jp/facilities/11810,2026-09-14T13:53:00.109Z
11811,https://birth-navi.mhlw.go.jp/facilities/11811,2026-09-14T13:53:00.532Z
11812,https://birth-navi.mhlw.go.jp/facilities/11812,2026-09-14T13:53:00.857Z
11813,https://birth-navi.mhlw.go.jp/facilities/11813,2026-09-14T13:53:01.184Z
11814,https://birth-navi.mhlw.go.jp/facilities/11814,2026-09-14T13:53:01.505Z
11815,https://birth-navi.mhlw.go.jp/facilities/11815,2026-09-14T13:53:01.842Z
11816,https://birth-navi.mhlw.go.jp/facilities/11816,2026-09-14T13:53:02.171Z
11817,https://birth-navi.mhlw.go.jp/facilities/11817,2026-09-14T13:53:02.494Z
11818,https://birth-navi.mhlw.go.jp/facilities/11818,2026-09-14T13:13:26.329Z
11819,https://birth-navi.mhlw.go.jp/facilities/11819,2026-09-14T13:53:02.826Z
11820,https://birth-navi.mhlw.go.jp/facilities/11820,2026-09-14T13:53:03.222Z
11821,https://birth-navi.mhlw.go.jp/facilities/11821,2026-09-14T13:53:03.552Z
11822,https://birth-navi.mhlw.go.jp/facilities/11822,2026-09-14T13:53:03.899Z
11823,https://birth-navi.mhlw.go.jp/facilities/11823,2026-09-14T13:53:04.207Z
11824,https://birth-navi.mhlw.go.jp/facilities/11824,2026-09-14T13:53:04.625Z
11826,https://birth-navi.mhlw.go.jp/facilities/11826,2026-09-14T13:53:05.329Z
11827,https://birth-navi.mhlw.go.jp/facilities/11827,2026-09-14T13:53:05.645Z
11828,https://birth-navi.mhlw.go.jp/facilities/11828,2026-09-14T13:53:06.052Z
11829,https://birth-navi.mhlw.go.jp/facilities/11829,2026-09-14T13:53:06.362Z
11830,https://birth-navi.mhlw.go.jp/facilities/11830,2026-09-14T13:53:06.693Z
11831,https://birth-navi.mhlw.go.jp/facilities/11831,2026-09-14T13:53:07.010Z
11832,https://birth-navi.mhlw.go.jp/facilities/11832,2026-09-14T13:53:07.391Z
11833,https://birth-navi.mhlw.go.jp/facilities/11833,2026-09-14T13:53:07.694Z
11834,https://birth-navi.mhlw.go.jp/facilities/11834,2026-09-14T13:53:08.064Z
11835,https://birth-navi.mhlw.go.jp/facilities/11835,2026-09-14T21:39:28.000Z
11836,https://birth-navi.mhlw.go.jp/facilities/11836,2026-09-14T13:53:08.389Z
11837,https://birth-navi.mhlw.go.jp/facilities/11837,2026-09-14T13:53:08.692Z
11838,https://birth-navi.mhlw.go.jp/facilities/11838,2026-09-14T13:53:08.997Z
11839,https://birth-navi.mhlw.go.jp/facilities/11839,2026-09-14T12:45:53.070Z
11840,https://birth-navi.mhlw.go.jp/facilities/11840,2026-09-14T13:53:09.304Z
11841,https://birth-navi.mhlw.go.jp/facilities/11841,2026-09-14T13:53:09.703Z
11842,https://birth-navi.mhlw.go.jp/facilities/11842,2026-09-14T13:53:10.020Z
11843,https://birth-navi.mhlw.go.jp/facilities/11843,2026-09-14T13:53:10.331Z
11844,https://birth-navi.mhlw.go.jp/facilities/11844,2026-09-14T13:53:10.656Z
11845,https://birth-navi.mhlw.go.jp/facilities/11845,2026-09-14T13:53:11.005Z
11846,https://birth-navi.mhlw.go.jp/facilities/11846,2026-09-14T13:53:11.331Z
11847,https://birth-navi.mhlw.go.jp/facilities/11847,2026-09-14T13:53:11.655Z
11848,https://birth-navi.mhlw.go.jp/facilities/11848,2026-09-14T13:53:11.992Z
11849,https://birth-navi.mhlw.go.jp/facilities/11849,2026-09-14T13:53:12.303Z
11851,https://birth-navi.mhlw.go.jp/facilities/11851,2026-09-14T13:53:12.955Z
11852,https://birth-navi.mhlw.go.jp/facilities/11852,2026-09-14T13:53:13.321Z
11853,https://birth-navi.mhlw.go.jp/facilities/11853,2026-09-14T13:53:13.663Z
11854,https://birth-navi.mhlw.go.jp/facilities/11854,2026-09-14T21:39:28.000Z
11855,https://birth-navi.mhlw.go.jp/facilities/11855,2026-09-14T13:53:14.006Z
11856,https://birth-navi.mhlw.go.jp/facilities/11856,2026-09-14T13:53:14.368Z
11857,https://birth-navi.mhlw.go.jp/facilities/11857,2026-09-14T13:53:14.682Z
11858,https://birth-navi.mhlw.go.jp/facilities/11858,2026-09-14T13:53:14.990Z
11859,https://birth-navi.mhlw.go.jp/facilities/11859,2026-09-14T13:53:15.399Z
11860,https://birth-navi.mhlw.go.jp/facilities/11860,2026-09-14T13:53:15.744Z
11861,https://birth-navi.mhlw.go.jp/facilities/11861,2026-09-14T13:53:16.067Z
11862,https://birth-navi.mhlw.go.jp/facilities/11862,2026-09-14T13:53:16.376Z
11863,https://birth-navi.mhlw.go.jp/facilities/11863,2026-09-14T13:53:16.693Z
11864,https://birth-navi.mhlw.go.jp/facilities/11864,2026-09-14T13:53:17.039Z
11865,https://birth-navi.mhlw.go.jp/facilities/11865,2026-09-14T13:53:17.359Z
11866,https://birth-navi.mhlw.go.jp/facilities/11866,2026-09-14T13:53:17.712Z
11867,https://birth-navi.mhlw.go.jp/facilities/11867,2026-09-14T13:53:18.031Z
11868,https://birth-navi.mhlw.go.jp/facilities/11868,2026-09-14T13:53:18.361Z
11869,https://birth-navi.mhlw.go.jp/facilities/11869,2026-09-14T13:53:18.680Z
11870,https://birth-navi.mhlw.go.jp/facilities/11870,2026-09-14T13:53:19.007Z
11871,https://birth-navi.mhlw.go.jp/facilities/11871,2026-09-14T13:53:19.386Z
11872,https://birth-navi.mhlw.go.jp/facilities/11872,2026-09-14T13:53:19.713Z
11873,https://birth-navi.mhlw.go.jp/facilities/11873,2026-09-14T13:53:20.020Z
11874,https://birth-navi.mhlw.go.jp/facilities/11874,2026-09-14T13:53:20.518Z
11875,https://birth-navi.mhlw.go.jp/facilities/11875,2026-09-14T13:53:20.853Z
11876,https://birth-navi.mhlw.go.jp/facilities/11876,2026-09-14T13:53:21.188Z
11877,https://birth-navi.mhlw.go.jp/facilities/11877,2026-09-14T13:53:21.497Z
11878,https://birth-navi.mhlw.go.jp/facilities/11878,2026-09-14T13:53:21.935Z
11879,https://birth-navi.mhlw.go.jp/facilities/11879,2026-09-14T13:53:22.242Z
11880,https://birth-navi.mhlw.go.jp/facilities/11880,2026-09-14T13:53:22.550Z
11881,https://birth-navi.mhlw.go.jp/facilities/11881,2026-09-14T13:53:22.869Z
11882,https://birth-navi.mhlw.go.jp/facilities/11882,2026-09-14T13:53:23.178Z
11883,https://birth-navi.mhlw.go.jp/facilities/11883,2026-09-14T13:53:23.545Z
11884,https://birth-navi.mhlw.go.jp/facilities/11884,2026-09-14T13:53:23.859Z
11885,https://birth-navi.mhlw.go.jp/facilities/11885,2026-09-14T13:53:24.162Z
11886,https://birth-navi.mhlw.go.jp/facilities/11886,2026-09-14T13:53:24.476Z
11887,https://birth-navi.mhlw.go.jp/facilities/11887,2026-09-14T13:53:24.841Z
11888,https://birth-navi.mhlw.go.jp/facilities/11888,2026-09-14T13:53:25.188Z
11889,https://birth-navi.mhlw.go.jp/facilities/11889,2026-09-14T21:39:28.000Z
11890,https://birth-navi.mhlw.go.jp/facilities/11890,2026-09-14T13:53:25.498Z
11892,https://birth-navi.mhlw.go.jp/facilities/11892,2026-09-14T21:39:28.000Z
11893,https://birth-navi.mhlw.go.jp/facilities/11893,2026-09-14T13:53:25.822Z
11895,https://birth-navi.mhlw.go.jp/facilities/11895,2026-09-14T13:53:26.488Z
11896,https://birth-navi.mhlw.go.jp/facilities/11896,2026-09-14T13:53:26.814Z
11897,https://birth-navi.mhlw.go.jp/facilities/11897,2026-09-14T13:53:27.126Z
11898,https://birth-navi.mhlw.go.jp/facilities/11898,2026-09-14T13:53:27.457Z
11899,https://birth-navi.mhlw.go.jp/facilities/11899,2026-09-14T13:53:27.769Z
11900,https://birth-navi.mhlw.go.jp/facilities/11900,2026-09-14T12:45:53.202Z
11901,https://birth-navi.mhlw.go.jp/facilities/11901,2026-09-14T13:53:28.072Z
11902,https://birth-navi.mhlw.go.jp/facilities/11902,2026-09-14T13:53:28.477Z
11903,https://birth-navi.mhlw.go.jp/facilities/11903,2026-09-14T13:53:28.871Z
11904,https://birth-navi.mhlw.go.jp/facilities/11904,2026-09-14T13:53:29.206Z
11905,https://birth-navi.mhlw.go.jp/facilities/11905,2026-09-14T13:53:29.511Z
11906,https://birth-navi.mhlw.go.jp/facilities/11906,2026-09-14T13:53:29.886Z
11907,https://birth-navi.mhlw.go.jp/facilities/11907,2026-09-14T13:53:30.225Z
11908,https://birth-navi.mhlw.go.jp/facilities/11908,2026-09-14T13:53:30.546Z
11909,https://birth-navi.mhlw.go.jp/facilities/11909,2026-09-14T13:53:30.848Z
11910,https://birth-navi.mhlw.go.jp/facilities/11910,2026-09-14T13:53:31.283Z
11911,https://birth-navi.mhlw.go.jp/facilities/11911,2026-09-14T13:53:31.650Z
11912,https://birth-navi.mhlw.go.jp/facilities/11912,2026-09-14T13:53:32.000Z
11913,https://birth-navi.mhlw.go.jp/facilities/11913,2026-09-14T13:53:32.357Z
11914,https://birth-navi.mhlw.go.jp/facilities/11914,2026-09-14T13:53:32.773Z
11915,https://birth-navi.mhlw.go.jp/facilities/11915,2026-09-14T13:53:33.210Z
11916,https://birth-navi.mhlw.go.jp/facilities/11916,2026-09-14T13:53:33.507Z
11917,https://birth-navi.mhlw.go.jp/facilities/11917,2026-09-14T13:53:33.821Z
11918,https://birth-navi.mhlw.go.jp/facilities/11918,2026-09-14T13:53:34.137Z
11919,https://birth-navi.mhlw.go.jp/facilities/11919,2026-09-14T13:53:34.598Z
11920,https://birth-navi.mhlw.go.jp/facilities/11920,2026-09-14T13:53:34.951Z
11921,https://birth-navi.mhlw.go.jp/facilities/11921,2026-09-14T13:53:35.272Z
11922,https://birth-navi.mhlw.go.jp/facilities/11922,2026-09-14T13:53:35.580Z
11923,https://birth-navi.mhlw.go.jp/facilities/11923,2026-09-14T13:53:35.877Z
11924,https://birth-navi.mhlw.go.jp/facilities/11924,2026-09-14T12:45:53.297Z
11925,https://birth-navi.mhlw.go.jp/facilities/11925,2026-09-14T13:53:36.287Z
11926,https://birth-navi.mhlw.go.jp/facilities/11926,2026-09-14T13:53:36.598Z
11927,https://birth-navi.mhlw.go.jp/facilities/11927,2026-09-14T13:53:36.912Z
11928,https://birth-navi.mhlw.go.jp/facilities/11928,2026-09-14T13:53:37.219Z
11929,https://birth-navi.mhlw.go.jp/facilities/11929,2026-09-14T13:53:37.531Z
11930,https://birth-navi.mhlw.go.jp/facilities/11930,2026-09-14T13:53:37.882Z
11931,https://birth-navi.mhlw.go.jp/facilities/11931,2026-09-14T13:53:38.193Z
11932,https://birth-navi.mhlw.go.jp/facilities/11932,2026-09-14T13:53:38.500Z
11933,https://birth-navi.mhlw.go.jp/facilities/11933,2026-09-14T13:53:38.819Z
11934,https://birth-navi.mhlw.go.jp/facilities/11934,2026-09-14T13:53:39.159Z
11935,https://birth-navi.mhlw.go.jp/facilities/11935,2026-09-14T13:53:39.465Z
11936,https://birth-navi.mhlw.go.jp/facilities/11936,2026-09-14T13:53:39.771Z
11937,https://birth-navi.mhlw.go.jp/facilities/11937,2026-09-14T13:53:40.135Z
11938,https://birth-navi.mhlw.go.jp/facilities/11938,2026-09-14T13:53:40.463Z
11939,https://birth-navi.mhlw.go.jp/facilities/11939,2026-09-14T13:53:40.838Z
11940,https://birth-navi.mhlw.go.jp/facilities/11940,2026-09-14T13:53:41.204Z
11941,https://birth-navi.mhlw.go.jp/facilities/11941,2026-09-14T13:53:41.515Z
11942,https://birth-navi.mhlw.go.jp/facilities/11942,2026-09-14T13:53:41.864Z
11944,https://birth-navi.mhlw.go.jp/facilities/11944,2026-09-14T13:53:42.542Z
11945,https://birth-navi.mhlw.go.jp/facilities/11945,2026-09-14T13:53:42.853Z
11946,https://birth-navi.mhlw.go.jp/facilities/11946,2026-09-14T13:53:43.171Z
11947,https://birth-navi.mhlw.go.jp/facilities/11947,2026-09-14T13:53:43.475Z
11948,https://birth-navi.mhlw.go.jp/facilities/11948,2026-09-14T13:53:43.806Z
11949,https://birth-navi.mhlw.go.jp/facilities/11949,2026-09-14T13:53:44.115Z
11950,https://birth-navi.mhlw.go.jp/facilities/11950,2026-09-14T13:53:44.423Z
11951,https://birth-navi.mhlw.go.jp/facilities/11951,2026-09-14T13:53:44.797Z
11952,https://birth-navi.mhlw.go.jp/facilities/11952,2026-09-14T13:53:45.104Z
11954,https://birth-navi.mhlw.go.jp/facilities/11954,2026-09-14T13:53:45.801Z
11955,https://birth-navi.mhlw.go.jp/facilities/11955,2026-09-14T13:53:46.165Z
11956,https://birth-navi.mhlw.go.jp/facilities/11956,2026-09-14T13:53:46.493Z
11957,https://birth-navi.mhlw.go.jp/facilities/11957,2026-09-14T13:53:46.825Z
11958,https://birth-navi.mhlw.go.jp/facilities/11958,2026-09-14T13:53:47.188Z
11959,https://birth-navi.mhlw.go.jp/facilities/11959,2026-09-14T13:53:47.486Z
11960,https://birth-navi.mhlw.go.jp/facilities/11960,2026-09-14T13:53:47.825Z
11962,https://birth-navi.mhlw.go.jp/facilities/11962,2026-09-14T13:53:48.449Z
11964,https://birth-navi.mhlw.go.jp/facilities/11964,2026-09-14T13:53:49.082Z
11966,https://birth-navi.mhlw.go.jp/facilities/11966,2026-09-14T13:53:49.748Z
11967,https://birth-navi.mhlw.go.jp/facilities/11967,2026-09-14T13:53:50.063Z
11969,https://birth-navi.mhlw.go.jp/facilities/11969,2026-09-14T13:53:50.690Z
11970,https://birth-navi.mhlw.go.jp/facilities/11970,2026-09-14T13:53:51.025Z
11972,https://birth-navi.mhlw.go.jp/facilities/11972,2026-09-14T13:53:51.841Z
11973,https://birth-navi.mhlw.go.jp/facilities/11973,2026-09-14T13:53:52.157Z
11974,https://birth-navi.mhlw.go.jp/facilities/11974,2026-09-14T13:53:52.555Z
11975,https://birth-navi.mhlw.go.jp/facilities/11975,2026-09-14T13:53:52.869Z
11976,https://birth-navi.mhlw.go.jp/facilities/11976,2026-09-14T13:53:53.222Z
11979,https://birth-navi.mhlw.go.jp/facilities/11979,2026-09-14T13:53:54.252Z
11980,https://birth-navi.mhlw.go.jp/facilities/11980,2026-09-14T13:53:54.608Z
11981,https://birth-navi.mhlw.go.jp/facilities/11981,2026-09-14T13:53:54.953Z
11982,https://birth-navi.mhlw.go.jp/facilities/11982,2026-09-14T13:53:55.290Z
11983,https://birth-navi.mhlw.go.jp/facilities/11983,2026-09-14T13:53:55.604Z
11984,https://birth-navi.mhlw.go.jp/facilities/11984,2026-09-14T13:53:55.929Z
11985,https://birth-navi.mhlw.go.jp/facilities/11985,2026-09-14T13:53:56.296Z
11986,https://birth-navi.mhlw.go.jp/facilities/11986,2026-09-14T13:53:56.617Z
11988,https://birth-navi.mhlw.go.jp/facilities/11988,2026-09-14T13:53:57.289Z
11989,https://birth-navi.mhlw.go.jp/facilities/11989,2026-09-14T13:53:57.631Z
11990,https://birth-navi.mhlw.go.jp/facilities/11990,2026-09-14T13:53:57.953Z
11991,https://birth-navi.mhlw.go.jp/facilities/11991,2026-09-14T13:53:58.260Z
11992,https://birth-navi.mhlw.go.jp/facilities/11992,2026-09-14T13:53:58.589Z
11993,https://birth-navi.mhlw.go.jp/facilities/11993,2026-09-14T13:53:58.896Z
11995,https://birth-navi.mhlw.go.jp/facilities/11995,2026-09-14T13:53:59.630Z
11996,https://birth-navi.mhlw.go.jp/facilities/11996,2026-09-14T13:53:59.955Z
11997,https://birth-navi.mhlw.go.jp/facilities/11997,2026-09-14T13:54:00.280Z
11998,https://birth-navi.mhlw.go.jp/facilities/11998,2026-09-14T13:54:00.606Z
11999,https://birth-navi.mhlw.go.jp/facilities/11999,2026-09-14T13:54:00.965Z
12000,https://birth-navi.mhlw.go.jp/facilities/12000,2026-09-14T13:54:01.317Z
12001,https://birth-navi.mhlw.go.jp/facilities/12001,2026-09-14T13:54:01.661Z
12002,https://birth-navi.mhlw.go.jp/facilities/12002,2026-09-14T13:54:02.015Z
12003,https://birth-navi.mhlw.go.jp/facilities/12003,2026-09-14T13:54:02.330Z
12004,https://birth-navi.mhlw.go.jp/facilities/12004,2026-09-14T13:54:02.694Z
12005,https://birth-navi.mhlw.go.jp/facilities/12005,2026-09-14T13:54:03.019Z
12006,https://birth-navi.mhlw.go.jp/facilities/12006,2026-09-14T13:54:03.382Z
12007,https://birth-navi.mhlw.go.jp/facilities/12007,2026-09-14T13:54:03.705Z
12008,https://birth-navi.mhlw.go.jp/facilities/12008,2026-09-14T13:54:04.030Z
12009,https://birth-navi.mhlw.go.jp/facilities/12009,2026-09-14T13:54:04.422Z
12010,https://birth-navi.mhlw.go.jp/facilities/12010,2026-09-14T13:54:04.753Z
12012,https://birth-navi.mhlw.go.jp/facilities/12012,2026-09-14T13:54:05.480Z
12013,https://birth-navi.mhlw.go.jp/facilities/12013,2026-09-14T13:54:05.797Z
12014,https://birth-navi.mhlw.go.jp/facilities/12014,2026-09-14T13:54:06.122Z
12015,https://birth-navi.mhlw.go.jp/facilities/12015,2026-09-14T13:54:06.478Z
12016,https://birth-navi.mhlw.go.jp/facilities/12016,2026-09-14T13:54:06.901Z
12017,https://birth-navi.mhlw.go.jp/facilities/12017,2026-09-14T13:54:07.236Z
12018,https://birth-navi.mhlw.go.jp/facilities/12018,2026-09-14T13:54:07.629Z
12019,https://birth-navi.mhlw.go.jp/facilities/12019,2026-09-14T13:54:07.935Z
12020,https://birth-navi.mhlw.go.jp/facilities/12020,2026-09-14T13:54:08.448Z
12021,https://birth-navi.mhlw.go.jp/facilities/12021,2026-09-14T13:54:08.789Z
12022,https://birth-navi.mhlw.go.jp/facilities/12022,2026-09-14T13:54:09.135Z
12023,https://birth-navi.mhlw.go.jp/facilities/12023,2026-09-14T13:54:09.456Z
12024,https://birth-navi.mhlw.go.jp/facilities/12024,2026-09-14T13:54:09.844Z
12025,https://birth-navi.mhlw.go.jp/facilities/12025,2026-09-14T13:54:10.199Z
12026,https://birth-navi.mhlw.go.jp/facilities/12026,2026-09-14T13:54:10.503Z
12027,https://birth-navi.mhlw.go.jp/facilities/12027,2026-09-14T13:54:10.814Z
12028,https://birth-navi.mhlw.go.jp/facilities/12028,2026-09-14T13:54:11.129Z
12029,https://birth-navi.mhlw.go.jp/facilities/12029,2026-09-14T13:54:11.481Z
12030,https://birth-navi.mhlw.go.jp/facilities/12030,2026-09-14T13:54:11.888Z
12031,https://birth-navi.mhlw.go.jp/facilities/12031,2026-09-14T13:54:12.217Z
12032,https://birth-navi.mhlw.go.jp/facilities/12032,2026-09-14T13:54:12.536Z
12034,https://birth-navi.mhlw.go.jp/facilities/12034,2026-09-14T13:54:13.192Z
12035,https://birth-navi.mhlw.go.jp/facilities/12035,2026-09-14T13:54:13.502Z
12036,https://birth-navi.mhlw.go.jp/facilities/12036,2026-09-14T13:54:13.820Z
12037,https://birth-navi.mhlw.go.jp/facilities/12037,2026-09-14T13:54:14.154Z
12038,https://birth-navi.mhlw.go.jp/facilities/12038,2026-09-14T13:54:14.479Z
12039,https://birth-navi.mhlw.go.jp/facilities/12039,2026-09-14T13:54:14.805Z
12042,https://birth-navi.mhlw.go.jp/facilities/12042,2026-09-14T13:54:15.802Z
12043,https://birth-navi.mhlw.go.jp/facilities/12043,2026-09-14T13:54:16.115Z
12044,https://birth-navi.mhlw.go.jp/facilities/12044,2026-09-14T13:54:16.448Z
12045,https://birth-navi.mhlw.go.jp/facilities/12045,2026-09-14T13:54:16.785Z
12046,https://birth-navi.mhlw.go.jp/facilities/12046,2026-09-14T13:54:17.106Z
12048,https://birth-navi.mhlw.go.jp/facilities/12048,2026-09-14T13:54:17.722Z
12049,https://birth-navi.mhlw.go.jp/facilities/12049,2026-09-14T13:54:18.032Z
12050,https://birth-navi.mhlw.go.jp/facilities/12050,2026-09-14T13:54:18.340Z
12051,https://birth-navi.mhlw.go.jp/facilities/12051,2026-09-14T13:54:18.772Z
12053,https://birth-navi.mhlw.go.jp/facilities/12053,2026-09-14T13:54:19.408Z
12057,https://birth-navi.mhlw.go.jp/facilities/12057,2026-09-14T12:45:50.976Z
12064,https://birth-navi.mhlw.go.jp/facilities/12064,2026-09-14T13:54:22.819Z
12065,https://birth-navi.mhlw.go.jp/facilities/12065,2026-09-14T13:54:23.235Z
12066,https://birth-navi.mhlw.go.jp/facilities/12066,2026-09-14T13:54:23.580Z
12068,https://birth-navi.mhlw.go.jp/facilities/12068,2026-09-14T13:54:24.238Z
12070,https://birth-navi.mhlw.go.jp/facilities/12070,2026-09-14T13:54:24.991Z
12071,https://birth-navi.mhlw.go.jp/facilities/12071,2026-09-14T13:54:25.319Z
12074,https://birth-navi.mhlw.go.jp/facilities/12074,2026-09-14T13:54:26.426Z
12082,https://birth-navi.mhlw.go.jp/facilities/12082,2026-09-14T13:54:29.196Z
12084,https://birth-navi.mhlw.go.jp/facilities/12084,2026-09-14T13:54:29.858Z
12088,https://birth-navi.mhlw.go.jp/facilities/12088,2026-09-14T13:54:31.351Z
12089,https://birth-navi.mhlw.go.jp/facilities/12089,2026-09-14T13:54:31.622Z
12090,https://birth-navi.mhlw.go.jp/facilities/12090,2026-09-14T13:54:31.942Z
12091,https://birth-navi.mhlw.go.jp/facilities/12091,2026-09-14T13:54:32.313Z
12092,https://birth-navi.mhlw.go.jp/facilities/12092,2026-09-14T13:54:32.709Z
12093,https://birth-navi.mhlw.go.jp/facilities/12093,2026-09-14T13:54:33.018Z
12094,https://birth-navi.mhlw.go.jp/facilities/12094,2026-09-14T13:54:33.345Z
12095,https://birth-navi.mhlw.go.jp/facilities/12095,2026-09-14T13:54:33.682Z
12096,https://birth-navi.mhlw.go.jp/facilities/12096,2026-09-14T13:54:34.007Z
12097,https://birth-navi.mhlw.go.jp/facilities/12097,2026-09-14T13:54:34.344Z
12098,https://birth-navi.mhlw.go.jp/facilities/12098,2026-09-14T13:54:34.658Z
12099,https://birth-navi.mhlw.go.jp/facilities/12099,2026-09-14T13:54:35.027Z
12100,https://birth-navi.mhlw.go.jp/facilities/12100,2026-09-14T13:54:35.366Z
12101,https://birth-navi.mhlw.go.jp/facilities/12101,2026-09-14T13:54:35.682Z
12102,https://birth-navi.mhlw.go.jp/facilities/12102,2026-09-14T13:54:36.006Z
12103,https://birth-navi.mhlw.go.jp/facilities/12103,2026-09-14T13:54:36.343Z
12107,https://birth-navi.mhlw.go.jp/facilities/12107,2026-09-14T13:54:37.613Z
12108,https://birth-navi.mhlw.go.jp/facilities/12108,2026-09-14T13:54:38.019Z
12109,https://birth-navi.mhlw.go.jp/facilities/12109,2026-09-14T13:54:38.345Z
12110,https://birth-navi.mhlw.go.jp/facilities/12110,2026-09-14T13:54:38.698Z
12111,https://birth-navi.mhlw.go.jp/facilities/12111,2026-09-14T13:54:39.017Z
12113,https://birth-navi.mhlw.go.jp/facilities/12113,2026-09-14T13:54:39.700Z
12114,https://birth-navi.mhlw.go.jp/facilities/12114,2026-09-14T13:54:39.997Z
12115,https://birth-navi.mhlw.go.jp/facilities/12115,2026-09-14T12:45:53.395Z
12116,https://birth-navi.mhlw.go.jp/facilities/12116,2026-09-14T13:54:40.347Z
12117,https://birth-navi.mhlw.go.jp/facilities/12117,2026-09-14T13:54:40.698Z
12119,https://birth-navi.mhlw.go.jp/facilities/12119,2026-09-14T13:54:41.374Z
12120,https://birth-navi.mhlw.go.jp/facilities/12120,2026-09-14T13:54:41.677Z
12121,https://birth-navi.mhlw.go.jp/facilities/12121,2026-09-14T13:54:42.019Z
12122,https://birth-navi.mhlw.go.jp/facilities/12122,2026-09-14T13:54:42.354Z
12123,https://birth-navi.mhlw.go.jp/facilities/12123,2026-09-14T13:54:42.668Z
12125,https://birth-navi.mhlw.go.jp/facilities/12125,2026-09-14T13:54:43.334Z
12126,https://birth-navi.mhlw.go.jp/facilities/12126,2026-09-14T13:54:43.662Z
12127,https://birth-navi.mhlw.go.jp/facilities/12127,2026-09-14T13:54:44.007Z
12128,https://birth-navi.mhlw.go.jp/facilities/12128,2026-09-14T13:54:44.334Z
12129,https://birth-navi.mhlw.go.jp/facilities/12129,2026-09-14T13:54:44.690Z
12131,https://birth-navi.mhlw.go.jp/facilities/12131,2026-09-14T13:54:45.348Z
12132,https://birth-navi.mhlw.go.jp/facilities/12132,2026-09-14T13:54:45.793Z
12133,https://birth-navi.mhlw.go.jp/facilities/12133,2026-09-14T21:39:28.000Z
12134,https://birth-navi.mhlw.go.jp/facilities/12134,2026-09-14T13:54:46.126Z
12135,https://birth-navi.mhlw.go.jp/facilities/12135,2026-09-14T13:54:46.446Z
12136,https://birth-navi.mhlw.go.jp/facilities/12136,2026-09-14T13:54:46.784Z
12137,https://birth-navi.mhlw.go.jp/facilities/12137,2026-09-14T13:54:47.144Z
12138,https://birth-navi.mhlw.go.jp/facilities/12138,2026-09-14T13:54:47.486Z
12139,https://birth-navi.mhlw.go.jp/facilities/12139,2026-09-14T13:54:47.800Z
12140,https://birth-navi.mhlw.go.jp/facilities/12140,2026-09-14T13:54:48.107Z
12141,https://birth-navi.mhlw.go.jp/facilities/12141,2026-09-14T13:54:48.432Z
12142,https://birth-navi.mhlw.go.jp/facilities/12142,2026-09-14T13:54:48.773Z
12143,https://birth-navi.mhlw.go.jp/facilities/12143,2026-09-14T13:54:49.139Z
12144,https://birth-navi.mhlw.go.jp/facilities/12144,2026-09-14T13:54:49.466Z
12145,https://birth-navi.mhlw.go.jp/facilities/12145,2026-09-14T13:54:49.818Z
12146,https://birth-navi.mhlw.go.jp/facilities/12146,2026-09-14T13:54:50.131Z
12147,https://birth-navi.mhlw.go.jp/facilities/12147,2026-09-14T13:54:50.485Z
12148,https://birth-navi.mhlw.go.jp/facilities/12148,2026-09-14T13:54:50.803Z
12149,https://birth-navi.mhlw.go.jp/facilities/12149,2026-09-14T13:54:51.123Z
12150,https://birth-navi.mhlw.go.jp/facilities/12150,2026-09-14T13:54:51.454Z
12151,https://birth-navi.mhlw.go.jp/facilities/12151,2026-09-14T13:54:51.811Z
12152,https://birth-navi.mhlw.go.jp/facilities/12152,2026-09-14T13:54:52.165Z
12153,https://birth-navi.mhlw.go.jp/facilities/12153,2026-09-14T13:54:52.470Z
12154,https://birth-navi.mhlw.go.jp/facilities/12154,2026-09-14T13:54:52.840Z
12155,https://birth-navi.mhlw.go.jp/facilities/12155,2026-09-14T13:54:53.172Z
12156,https://birth-navi.mhlw.go.jp/facilities/12156,2026-09-14T13:54:53.503Z
12157,https://birth-navi.mhlw.go.jp/facilities/12157,2026-09-14T13:54:53.892Z
12158,https://birth-navi.mhlw.go.jp/facilities/12158,2026-09-14T13:54:54.267Z
12159,https://birth-navi.mhlw.go.jp/facilities/12159,2026-09-14T13:54:54.588Z
12160,https://birth-navi.mhlw.go.jp/facilities/12160,2026-09-14T13:54:54.933Z
12161,https://birth-navi.mhlw.go.jp/facilities/12161,2026-09-14T13:54:55.249Z
12162,https://birth-navi.mhlw.go.jp/facilities/12162,2026-09-14T13:54:55.567Z
12163,https://birth-navi.mhlw.go.jp/facilities/12163,2026-09-14T13:54:56.007Z
12164,https://birth-navi.mhlw.go.jp/facilities/12164,2026-09-14T13:54:56.320Z
12165,https://birth-navi.mhlw.go.jp/facilities/12165,2026-09-14T13:54:56.660Z
12166,https://birth-navi.mhlw.go.jp/facilities/12166,2026-09-14T13:54:56.963Z
12167,https://birth-navi.mhlw.go.jp/facilities/12167,2026-09-14T13:54:57.337Z
12168,https://birth-navi.mhlw.go.jp/facilities/12168,2026-09-14T13:54:57.676Z
12169,https://birth-navi.mhlw.go.jp/facilities/12169,2026-09-14T13:54:57.994Z
12170,https://birth-navi.mhlw.go.jp/facilities/12170,2026-09-14T13:54:58.307Z
12171,https://birth-navi.mhlw.go.jp/facilities/12171,2026-09-14T13:54:58.636Z
12172,https://birth-navi.mhlw.go.jp/facilities/12172,2026-09-14T13:54:58.957Z
12174,https://birth-navi.mhlw.go.jp/facilities/12174,2026-09-14T13:54:59.626Z
12175,https://birth-navi.mhlw.go.jp/facilities/12175,2026-09-14T13:54:59.968Z
12178,https://birth-navi.mhlw.go.jp/facilities/12178,2026-09-14T13:55:00.981Z
12179,https://birth-navi.mhlw.go.jp/facilities/12179,2026-09-14T13:55:01.323Z
12180,https://birth-navi.mhlw.go.jp/facilities/12180,2026-09-14T13:55:01.734Z
12181,https://birth-navi.mhlw.go.jp/facilities/12181,2026-09-14T13:55:02.071Z
12182,https://birth-navi.mhlw.go.jp/facilities/12182,2026-09-14T13:55:02.430Z
12183,https://birth-navi.mhlw.go.jp/facilities/12183,2026-09-14T13:55:02.792Z
12184,https://birth-navi.mhlw.go.jp/facilities/12184,2026-09-14T13:55:03.123Z
12185,https://birth-navi.mhlw.go.jp/facilities/12185,2026-09-14T13:55:03.514Z
12186,https://birth-navi.mhlw.go.jp/facilities/12186,2026-09-14T13:55:03.918Z
12188,https://birth-navi.mhlw.go.jp/facilities/12188,2026-09-14T13:55:04.582Z
12189,https://birth-navi.mhlw.go.jp/facilities/12189,2026-09-14T13:55:04.997Z
12190,https://birth-navi.mhlw.go.jp/facilities/12190,2026-09-14T13:55:05.367Z
12192,https://birth-navi.mhlw.go.jp/facilities/12192,2026-09-14T13:55:05.721Z
12193,https://birth-navi.mhlw.go.jp/facilities/12193,2026-09-14T13:55:06.083Z
12194,https://birth-navi.mhlw.go.jp/facilities/12194,2026-09-14T13:55:06.422Z
12195,https://birth-navi.mhlw.go.jp/facilities/12195,2026-09-14T13:55:06.839Z
12196,https://birth-navi.mhlw.go.jp/facilities/12196,2026-09-14T13:55:07.198Z
12197,https://birth-navi.mhlw.go.jp/facilities/12197,2026-09-14T13:55:07.586Z
12198,https://birth-navi.mhlw.go.jp/facilities/12198,2026-09-14T13:55:07.896Z
12199,https://birth-navi.mhlw.go.jp/facilities/12199,2026-09-14T13:55:08.312Z
12200,https://birth-navi.mhlw.go.jp/facilities/12200,2026-09-14T13:55:08.634Z
12201,https://birth-navi.mhlw.go.jp/facilities/12201,2026-09-14T13:55:08.943Z
12202,https://birth-navi.mhlw.go.jp/facilities/12202,2026-09-14T13:55:09.305Z
12203,https://birth-navi.mhlw.go.jp/facilities/12203,2026-09-14T13:55:09.632Z
12204,https://birth-navi.mhlw.go.jp/facilities/12204,2026-09-14T13:55:10.002Z
12205,https://birth-navi.mhlw.go.jp/facilities/12205,2026-09-14T13:55:10.320Z
12206,https://birth-navi.mhlw.go.jp/facilities/12206,2026-09-14T13:55:10.655Z
12207,https://birth-navi.mhlw.go.jp/facilities/12207,2026-09-14T13:55:10.966Z
12208,https://birth-navi.mhlw.go.jp/facilities/12208,2026-09-14T13:55:11.320Z
12209,https://birth-navi.mhlw.go.jp/facilities/12209,2026-09-14T13:55:11.672Z
12210,https://birth-navi.mhlw.go.jp/facilities/12210,2026-09-14T13:55:12.013Z
12211,https://birth-navi.mhlw.go.jp/facilities/12211,2026-02-09T01:46:23.126Z
12212,https://birth-navi.mhlw.go.jp/facilities/12212,2026-09-14T13:55:12.324Z
12213,https://birth-navi.mhlw.go.jp/facilities/12213,2026-09-14T12:45:53.987Z
12214,https://birth-navi.mhlw.go.jp/facilities/12214,2026-09-14T13:55:12.646Z
12215,https://birth-navi.mhlw.go.jp/facilities/12215,2026-09-14T13:55:12.958Z
12216,https://birth-navi.mhlw.go.jp/facilities/12216,2026-09-14T13:55:13.300Z
12217,https://birth-navi.mhlw.go.jp/facilities/12217,2026-09-14T13:55:13.613Z
12218,https://birth-navi.mhlw.go.jp/facilities/12218,2026-09-14T13:55:13.924Z
12219,https://birth-navi.mhlw.go.jp/facilities/12219,2026-09-14T13:55:14.240Z
12220,https://birth-navi.mhlw.go.jp/facilities/12220,2026-09-14T13:55:14.550Z
12221,https://birth-navi.mhlw.go.jp/facilities/12221,2026-09-14T13:55:14.897Z
12222,https://birth-navi.mhlw.go.jp/facilities/12222,2026-09-14T13:55:15.267Z
12223,https://birth-navi.mhlw.go.jp/facilities/12223,2026-09-14T13:55:15.638Z
12224,https://birth-navi.mhlw.go.jp/facilities/12224,2026-09-14T13:55:15.949Z
12225,https://birth-navi.mhlw.go.jp/facilities/12225,2026-09-14T13:55:16.274Z
12226,https://birth-navi.mhlw.go.jp/facilities/12226,2026-09-14T13:55:16.605Z
12227,https://birth-navi.mhlw.go.jp/facilities/12227,2026-09-14T13:55:16.921Z
12228,https://birth-navi.mhlw.go.jp/facilities/12228,2026-09-14T13:55:17.227Z
12229,https://birth-navi.mhlw.go.jp/facilities/12229,2026-09-14T13:55:17.532Z
12230,https://birth-navi.mhlw.go.jp/facilities/12230,2026-09-14T13:55:17.850Z
12231,https://birth-navi.mhlw.go.jp/facilities/12231,2026-09-14T12:45:53.996Z
12232,https://birth-navi.mhlw.go.jp/facilities/12232,2026-09-14T13:55:18.208Z
12233,https://birth-navi.mhlw.go.jp/facilities/12233,2026-09-14T13:55:18.541Z
12234,https://birth-navi.mhlw.go.jp/facilities/12234,2026-09-14T13:55:18.903Z
12235,https://birth-navi.mhlw.go.jp/facilities/12235,2026-09-14T13:55:19.229Z
12236,https://birth-navi.mhlw.go.jp/facilities/12236,2026-09-14T13:55:19.544Z
12237,https://birth-navi.mhlw.go.jp/facilities/12237,2026-09-14T13:55:20.042Z
12238,https://birth-navi.mhlw.go.jp/facilities/12238,2026-09-14T13:55:20.361Z
12239,https://birth-navi.mhlw.go.jp/facilities/12239,2026-09-14T13:55:20.678Z
12240,https://birth-navi.mhlw.go.jp/facilities/12240,2026-09-14T13:55:20.993Z
12241,https://birth-navi.mhlw.go.jp/facilities/12241,2026-09-14T13:55:21.301Z
12242,https://birth-navi.mhlw.go.jp/facilities/12242,2026-09-14T13:55:21.608Z
12243,https://birth-navi.mhlw.go.jp/facilities/12243,2026-09-14T13:55:21.969Z
12244,https://birth-navi.mhlw.go.jp/facilities/12244,2026-09-14T13:55:22.294Z
12245,https://birth-navi.mhlw.go.jp/facilities/12245,2026-09-14T13:55:22.680Z
12246,https://birth-navi.mhlw.go.jp/facilities/12246,2026-09-14T13:55:23.058Z
12247,https://birth-navi.mhlw.go.jp/facilities/12247,2026-09-14T13:55:23.386Z
12248,https://birth-navi.mhlw.go.jp/facilities/12248,2026-09-14T13:55:23.705Z
12249,https://birth-navi.mhlw.go.jp/facilities/12249,2026-09-14T13:55:24.019Z
12250,https://birth-navi.mhlw.go.jp/facilities/12250,2026-09-14T13:55:24.356Z
12251,https://birth-navi.mhlw.go.jp/facilities/12251,2026-09-14T13:55:24.666Z
12252,https://birth-navi.mhlw.go.jp/facilities/12252,2026-09-14T13:55:24.972Z
12253,https://birth-navi.mhlw.go.jp/facilities/12253,2026-09-14T13:55:25.303Z
12254,https://birth-navi.mhlw.go.jp/facilities/12254,2026-09-14T13:55:25.614Z
12255,https://birth-navi.mhlw.go.jp/facilities/12255,2026-09-14T13:55:25.937Z
12256,https://birth-navi.mhlw.go.jp/facilities/12256,2026-09-14T13:55:26.259Z
12257,https://birth-navi.mhlw.go.jp/facilities/12257,2026-09-14T13:55:26.573Z
12258,https://birth-navi.mhlw.go.jp/facilities/12258,2026-09-14T13:55:26.886Z
12259,https://birth-navi.mhlw.go.jp/facilities/12259,2026-09-14T12:45:54.174Z
12260,https://birth-navi.mhlw.go.jp/facilities/12260,2026-09-14T13:55:27.210Z
12261,https://birth-navi.mhlw.go.jp/facilities/12261,2026-09-14T13:55:27.531Z
12262,https://birth-navi.mhlw.go.jp/facilities/12262,2026-09-14T13:55:27.865Z
12263,https://birth-navi.mhlw.go.jp/facilities/12263,2026-09-14T13:55:28.169Z
12264,https://birth-navi.mhlw.go.jp/facilities/12264,2026-09-14T13:55:28.565Z
12265,https://birth-navi.mhlw.go.jp/facilities/12265,2026-09-14T13:55:28.919Z
12266,https://birth-navi.mhlw.go.jp/facilities/12266,2026-09-14T13:55:29.261Z
12267,https://birth-navi.mhlw.go.jp/facilities/12267,2026-09-14T13:55:29.600Z
12268,https://birth-navi.mhlw.go.jp/facilities/12268,2026-09-14T13:55:29.905Z
12269,https://birth-navi.mhlw.go.jp/facilities/12269,2026-09-14T13:55:30.247Z
12270,https://birth-navi.mhlw.go.jp/facilities/12270,2026-09-14T13:55:30.593Z
12271,https://birth-navi.mhlw.go.jp/facilities/12271,2026-09-14T13:55:30.953Z
12272,https://birth-navi.mhlw.go.jp/facilities/12272,2026-09-14T13:55:31.332Z
12273,https://birth-navi.mhlw.go.jp/facilities/12273,2026-09-14T13:55:31.687Z
12274,https://birth-navi.mhlw.go.jp/facilities/12274,2026-09-14T13:55:32.099Z
12275,https://birth-navi.mhlw.go.jp/facilities/12275,2026-09-14T13:55:32.454Z
12276,https://birth-navi.mhlw.go.jp/facilities/12276,2026-09-14T13:55:32.777Z
12277,https://birth-navi.mhlw.go.jp/facilities/12277,2026-09-14T13:55:33.083Z
12278,https://birth-navi.mhlw.go.jp/facilities/12278,2026-09-14T13:55:33.398Z
12279,https://birth-navi.mhlw.go.jp/facilities/12279,2026-09-14T13:55:33.722Z
12280,https://birth-navi.mhlw.go.jp/facilities/12280,2026-09-14T13:55:34.039Z
12281,https://birth-navi.mhlw.go.jp/facilities/12281,2026-09-14T13:55:34.391Z
12282,https://birth-navi.mhlw.go.jp/facilities/12282,2026-09-14T13:55:34.699Z
12283,https://birth-navi.mhlw.go.jp/facilities/12283,2026-09-14T13:55:35.006Z
12284,https://birth-navi.mhlw.go.jp/facilities/12284,2026-09-14T13:55:35.341Z
12285,https://birth-navi.mhlw.go.jp/facilities/12285,2026-09-14T13:55:35.688Z
12286,https://birth-navi.mhlw.go.jp/facilities/12286,2026-09-14T13:55:36.002Z
12287,https://birth-navi.mhlw.go.jp/facilities/12287,2026-09-14T13:55:36.381Z
12288,https://birth-navi.mhlw.go.jp/facilities/12288,2026-09-14T13:55:36.737Z
12289,https://birth-navi.mhlw.go.jp/facilities/12289,2026-09-14T13:55:37.076Z
12290,https://birth-navi.mhlw.go.jp/facilities/12290,2026-09-14T13:55:37.406Z
12291,https://birth-navi.mhlw.go.jp/facilities/12291,2026-09-14T13:55:37.727Z
12292,https://birth-navi.mhlw.go.jp/facilities/12292,2026-09-14T13:55:38.045Z
12293,https://birth-navi.mhlw.go.jp/facilities/12293,2026-09-14T13:55:38.357Z
12294,https://birth-navi.mhlw.go.jp/facilities/12294,2026-09-14T13:55:38.675Z
12295,https://birth-navi.mhlw.go.jp/facilities/12295,2026-09-14T13:55:38.991Z
12296,https://birth-navi.mhlw.go.jp/facilities/12296,2026-09-14T13:55:39.313Z
12297,https://birth-navi.mhlw.go.jp/facilities/12297,2026-09-14T13:55:39.640Z
12298,https://birth-navi.mhlw.go.jp/facilities/12298,2026-09-14T13:55:39.970Z
12299,https://birth-navi.mhlw.go.jp/facilities/12299,2026-09-14T13:55:40.332Z
12300,https://birth-navi.mhlw.go.jp/facilities/12300,2026-09-14T13:55:40.646Z
12301,https://birth-navi.mhlw.go.jp/facilities/12301,2026-09-14T13:55:40.958Z
12302,https://birth-navi.mhlw.go.jp/facilities/12302,2026-09-14T13:55:41.281Z
12303,https://birth-navi.mhlw.go.jp/facilities/12303,2026-09-14T13:55:41.593Z
12304,https://birth-navi.mhlw.go.jp/facilities/12304,2026-09-14T13:55:41.910Z
12305,https://birth-navi.mhlw.go.jp/facilities/12305,2026-09-14T13:55:42.245Z
12306,https://birth-navi.mhlw.go.jp/facilities/12306,2026-09-14T13:55:42.585Z
12307,https://birth-navi.mhlw.go.jp/facilities/12307,2026-09-14T13:55:42.902Z
12308,https://birth-navi.mhlw.go.jp/facilities/12308,2026-09-14T13:55:43.209Z
12309,https://birth-navi.mhlw.go.jp/facilities/12309,2026-09-14T13:55:43.515Z
12310,https://birth-navi.mhlw.go.jp/facilities/12310,2026-09-14T13:55:43.835Z
12311,https://birth-navi.mhlw.go.jp/facilities/12311,2026-09-14T13:55:44.145Z
12312,https://birth-navi.mhlw.go.jp/facilities/12312,2026-09-14T13:55:44.493Z
12313,https://birth-navi.mhlw.go.jp/facilities/12313,2026-09-14T13:55:44.849Z
12314,https://birth-navi.mhlw.go.jp/facilities/12314,2026-09-14T13:55:45.213Z
12315,https://birth-navi.mhlw.go.jp/facilities/12315,2026-09-14T13:55:45.645Z
12316,https://birth-navi.mhlw.go.jp/facilities/12316,2026-09-14T13:55:45.996Z
12317,https://birth-navi.mhlw.go.jp/facilities/12317,2026-09-14T13:55:46.318Z
12318,https://birth-navi.mhlw.go.jp/facilities/12318,2026-09-14T13:55:46.624Z
12319,https://birth-navi.mhlw.go.jp/facilities/12319,2026-09-14T13:55:46.964Z
12320,https://birth-navi.mhlw.go.jp/facilities/12320,2026-09-14T13:55:47.301Z
12321,https://birth-navi.mhlw.go.jp/facilities/12321,2026-09-14T13:55:47.632Z
12322,https://birth-navi.mhlw.go.jp/facilities/12322,2026-09-14T13:55:47.971Z
12323,https://birth-navi.mhlw.go.jp/facilities/12323,2026-09-14T13:55:48.335Z
12324,https://birth-navi.mhlw.go.jp/facilities/12324,2026-09-14T13:55:48.689Z
12325,https://birth-navi.mhlw.go.jp/facilities/12325,2026-09-14T13:55:49.049Z
12326,https://birth-navi.mhlw.go.jp/facilities/12326,2026-09-14T13:55:49.499Z
12327,https://birth-navi.mhlw.go.jp/facilities/12327,2026-09-14T13:55:49.896Z
12328,https://birth-navi.mhlw.go.jp/facilities/12328,2026-09-14T13:55:50.356Z
12329,https://birth-navi.mhlw.go.jp/facilities/12329,2026-09-14T13:55:50.782Z
12330,https://birth-navi.mhlw.go.jp/facilities/12330,2026-09-14T13:55:51.225Z
12331,https://birth-navi.mhlw.go.jp/facilities/12331,2026-09-14T13:55:51.631Z
12332,https://birth-navi.mhlw.go.jp/facilities/12332,2026-09-14T13:55:52.039Z
12333,https://birth-navi.mhlw.go.jp/facilities/12333,2026-09-14T13:55:52.466Z
12334,https://birth-navi.mhlw.go.jp/facilities/12334,2026-09-14T13:55:52.883Z
12335,https://birth-navi.mhlw.go.jp/facilities/12335,2026-09-14T13:55:53.270Z
12336,https://birth-navi.mhlw.go.jp/facilities/12336,2026-09-14T13:55:53.665Z
12337,https://birth-navi.mhlw.go.jp/facilities/12337,2026-09-14T13:55:54.055Z
12338,https://birth-navi.mhlw.go.jp/facilities/12338,2026-09-14T13:55:54.468Z
12339,https://birth-navi.mhlw.go.jp/facilities/12339,2026-09-14T13:55:54.865Z
12340,https://birth-navi.mhlw.go.jp/facilities/12340,2026-09-14T13:55:55.301Z
12341,https://birth-navi.mhlw.go.jp/facilities/12341,2026-09-14T13:55:55.758Z
12342,https://birth-navi.mhlw.go.jp/facilities/12342,2026-09-14T13:55:56.171Z
12343,https://birth-navi.mhlw.go.jp/facilities/12343,2026-09-14T13:55:56.601Z
12344,https://birth-navi.mhlw.go.jp/facilities/12344,2026-09-14T13:55:56.986Z
12345,https://birth-navi.mhlw.go.jp/facilities/12345,2026-09-14T13:55:57.374Z
12346,https://birth-navi.mhlw.go.jp/facilities/12346,2026-09-14T13:55:57.778Z
12347,https://birth-navi.mhlw.go.jp/facilities/12347,2026-09-14T13:55:58.176Z
12348,https://birth-navi.mhlw.go.jp/facilities/12348,2026-09-14T13:55:58.577Z
12349,https://birth-navi.mhlw.go.jp/facilities/12349,2026-09-14T13:55:58.989Z
12350,https://birth-navi.mhlw.go.jp/facilities/12350,2026-09-14T13:55:59.382Z
12351,https://birth-navi.mhlw.go.jp/facilities/12351,2026-09-14T13:55:59.820Z
12352,https://birth-navi.mhlw.go.jp/facilities/12352,2026-09-14T13:56:00.245Z
12353,https://birth-navi.mhlw.go.jp/facilities/12353,2026-09-14T13:56:00.711Z
12354,https://birth-navi.mhlw.go.jp/facilities/12354,2026-09-14T13:56:01.172Z
12355,https://birth-navi.mhlw.go.jp/facilities/12355,2026-09-14T13:56:01.590Z
12356,https://birth-navi.mhlw.go.jp/facilities/12356,2026-09-14T13:56:02.049Z
12357,https://birth-navi.mhlw.go.jp/facilities/12357,2026-09-14T13:56:02.486Z
12358,https://birth-navi.mhlw.go.jp/facilities/12358,2026-09-14T13:56:02.958Z
12359,https://birth-navi.mhlw.go.jp/facilities/12359,2026-09-14T13:56:03.394Z
12360,https://birth-navi.mhlw.go.jp/facilities/12360,2026-09-14T13:56:03.826Z
12361,https://birth-navi.mhlw.go.jp/facilities/12361,2026-09-14T13:56:04.266Z
12362,https://birth-navi.mhlw.go.jp/facilities/12362,2026-09-14T13:56:04.665Z
12363,https://birth-navi.mhlw.go.jp/facilities/12363,2026-09-14T13:56:05.087Z
12364,https://birth-navi.mhlw.go.jp/facilities/12364,2026-09-14T13:56:05.541Z
12365,https://birth-navi.mhlw.go.jp/facilities/12365,2026-09-14T13:56:05.954Z
12366,https://birth-navi.mhlw.go.jp/facilities/12366,2026-09-14T13:56:06.403Z
12367,https://birth-navi.mhlw.go.jp/facilities/12367,2026-09-14T13:56:06.831Z
12368,https://birth-navi.mhlw.go.jp/facilities/12368,2026-09-14T13:56:07.277Z
12369,https://birth-navi.mhlw.go.jp/facilities/12369,2026-09-14T13:56:07.686Z
12370,https://birth-navi.mhlw.go.jp/facilities/12370,2026-09-14T13:56:08.167Z
12371,https://birth-navi.mhlw.go.jp/facilities/12371,2026-09-14T13:56:08.570Z
12372,https://birth-navi.mhlw.go.jp/facilities/12372,2026-09-14T13:56:09.016Z
12373,https://birth-navi.mhlw.go.jp/facilities/12373,2026-09-14T13:56:09.428Z
12374,https://birth-navi.mhlw.go.jp/facilities/12374,2026-09-14T13:56:09.869Z
12375,https://birth-navi.mhlw.go.jp/facilities/12375,2026-09-14T13:56:10.241Z
12376,https://birth-navi.mhlw.go.jp/facilities/12376,2026-09-14T13:56:10.657Z
12377,https://birth-navi.mhlw.go.jp/facilities/12377,2026-09-14T13:56:11.081Z
12378,https://birth-navi.mhlw.go.jp/facilities/12378,2026-09-14T13:56:11.518Z
12379,https://birth-navi.mhlw.go.jp/facilities/12379,2026-09-14T13:56:11.896Z
12380,https://birth-navi.mhlw.go.jp/facilities/12380,2026-09-14T13:56:12.343Z
12381,https://birth-navi.mhlw.go.jp/facilities/12381,2026-09-14T13:56:12.833Z
12382,https://birth-navi.mhlw.go.jp/facilities/12382,2026-09-14T13:56:13.269Z
12383,https://birth-navi.mhlw.go.jp/facilities/12383,2026-09-14T13:56:13.694Z
12384,https://birth-navi.mhlw.go.jp/facilities/12384,2026-09-14T13:56:14.137Z
12385,https://birth-navi.mhlw.go.jp/facilities/12385,2026-09-14T13:56:14.602Z
12386,https://birth-navi.mhlw.go.jp/facilities/12386,2026-09-14T13:56:14.987Z
12387,https://birth-navi.mhlw.go.jp/facilities/12387,2026-09-14T13:56:15.320Z
12388,https://birth-navi.mhlw.go.jp/facilities/12388,2026-09-14T13:56:15.682Z
12389,https://birth-navi.mhlw.go.jp/facilities/12389,2026-09-14T13:56:16.072Z
12390,https://birth-navi.mhlw.go.jp/facilities/12390,2026-09-14T13:56:16.457Z
12391,https://birth-navi.mhlw.go.jp/facilities/12391,2026-09-14T13:56:16.834Z
12392,https://birth-navi.mhlw.go.jp/facilities/12392,2026-09-14T13:56:17.230Z
12393,https://birth-navi.mhlw.go.jp/facilities/12393,2026-09-14T13:56:17.586Z
12394,https://birth-navi.mhlw.go.jp/facilities/12394,2026-09-14T13:56:17.899Z
12395,https://birth-navi.mhlw.go.jp/facilities/12395,2026-09-14T13:56:18.203Z
12396,https://birth-navi.mhlw.go.jp/facilities/12396,2026-09-14T13:56:18.558Z
12397,https://birth-navi.mhlw.go.jp/facilities/12397,2026-09-14T13:56:18.921Z
12398,https://birth-navi.mhlw.go.jp/facilities/12398,2026-09-14T13:56:19.322Z
12399,https://birth-navi.mhlw.go.jp/facilities/12399,2026-09-14T13:56:19.719Z
12400,https://birth-navi.mhlw.go.jp/facilities/12400,2026-09-14T13:56:20.081Z
12401,https://birth-navi.mhlw.go.jp/facilities/12401,2026-09-14T13:56:20.490Z
12402,https://birth-navi.mhlw.go.jp/facilities/12402,2026-09-14T13:56:20.842Z
12403,https://birth-navi.mhlw.go.jp/facilities/12403,2026-09-14T13:56:21.214Z
12404,https://birth-navi.mhlw.go.jp/facilities/12404,2026-09-14T13:56:21.578Z
12405,https://birth-navi.mhlw.go.jp/facilities/12405,2026-09-14T13:56:21.901Z
12406,https://birth-navi.mhlw.go.jp/facilities/12406,2026-09-14T13:56:22.218Z
12407,https://birth-navi.mhlw.go.jp/facilities/12407,2026-09-14T13:56:22.550Z
12408,https://birth-navi.mhlw.go.jp/facilities/12408,2026-09-14T13:56:22.964Z
12409,https://birth-navi.mhlw.go.jp/facilities/12409,2026-09-14T13:56:23.310Z
12410,https://birth-navi.mhlw.go.jp/facilities/12410,2026-09-14T13:56:23.641Z
12411,https://birth-navi.mhlw.go.jp/facilities/12411,2026-09-14T13:56:24.086Z
12412,https://birth-navi.mhlw.go.jp/facilities/12412,2026-09-14T13:56:24.463Z
12413,https://birth-navi.mhlw.go.jp/facilities/12413,2026-09-14T13:56:24.856Z
12414,https://birth-navi.mhlw.go.jp/facilities/12414,2026-09-14T13:56:25.175Z
12415,https://birth-navi.mhlw.go.jp/facilities/12415,2026-09-14T13:56:25.539Z
12416,https://birth-navi.mhlw.go.jp/facilities/12416,2026-09-14T13:56:25.924Z
12417,https://birth-navi.mhlw.go.jp/facilities/12417,2026-09-14T13:56:26.278Z
12418,https://birth-navi.mhlw.go.jp/facilities/12418,2026-09-14T13:56:26.618Z
12419,https://birth-navi.mhlw.go.jp/facilities/12419,2026-09-14T13:56:26.987Z
12420,https://birth-navi.mhlw.go.jp/facilities/12420,2026-09-14T13:56:27.290Z
12421,https://birth-navi.mhlw.go.jp/facilities/12421,2026-09-14T13:56:27.627Z
12422,https://birth-navi.mhlw.go.jp/facilities/12422,2026-09-14T13:56:27.932Z
12423,https://birth-navi.mhlw.go.jp/facilities/12423,2026-09-14T13:56:28.247Z
12424,https://birth-navi.mhlw.go.jp/facilities/12424,2026-09-14T13:56:28.598Z
12425,https://birth-navi.mhlw.go.jp/facilities/12425,2026-09-14T13:56:28.932Z
12426,https://birth-navi.mhlw.go.jp/facilities/12426,2026-09-14T13:56:29.255Z
12427,https://birth-navi.mhlw.go.jp/facilities/12427,2026-09-14T13:56:29.557Z
12428,https://birth-navi.mhlw.go.jp/facilities/12428,2026-09-14T13:56:29.865Z
12429,https://birth-navi.mhlw.go.jp/facilities/12429,2026-09-14T13:56:30.188Z
12430,https://birth-navi.mhlw.go.jp/facilities/12430,2026-09-14T13:56:30.518Z
12431,https://birth-navi.mhlw.go.jp/facilities/12431,2026-09-14T13:56:30.873Z
12432,https://birth-navi.mhlw.go.jp/facilities/12432,2026-09-14T13:56:31.197Z
12433,https://birth-navi.mhlw.go.jp/facilities/12433,2026-09-14T13:56:31.521Z
12434,https://birth-navi.mhlw.go.jp/facilities/12434,2026-09-14T13:56:31.841Z
12435,https://birth-navi.mhlw.go.jp/facilities/12435,2026-09-14T13:56:32.176Z
12436,https://birth-navi.mhlw.go.jp/facilities/12436,2026-09-14T13:56:32.484Z
12437,https://birth-navi.mhlw.go.jp/facilities/12437,2026-09-14T13:56:32.801Z
12438,https://birth-navi.mhlw.go.jp/facilities/12438,2026-09-14T13:56:33.114Z
12439,https://birth-navi.mhlw.go.jp/facilities/12439,2026-09-14T13:56:33.420Z
12440,https://birth-navi.mhlw.go.jp/facilities/12440,2026-09-14T13:56:33.763Z
12441,https://birth-navi.mhlw.go.jp/facilities/12441,2026-09-14T13:56:34.076Z
12442,https://birth-navi.mhlw.go.jp/facilities/12442,2026-09-14T13:56:34.448Z
12443,https://birth-navi.mhlw.go.jp/facilities/12443,2026-09-14T13:56:34.785Z
12444,https://birth-navi.mhlw.go.jp/facilities/12444,2026-09-14T13:56:35.252Z
12445,https://birth-navi.mhlw.go.jp/facilities/12445,2026-09-14T13:56:35.594Z
12446,https://birth-navi.mhlw.go.jp/facilities/12446,2026-09-14T13:56:35.914Z
12447,https://birth-navi.mhlw.go.jp/facilities/12447,2026-09-14T13:56:36.221Z
12448,https://birth-navi.mhlw.go.jp/facilities/12448,2026-09-14T13:56:36.583Z
12449,https://birth-navi.mhlw.go.jp/facilities/12449,2026-09-14T13:56:36.890Z
12450,https://birth-navi.mhlw.go.jp/facilities/12450,2026-09-14T13:56:37.226Z
12451,https://birth-navi.mhlw.go.jp/facilities/12451,2026-09-14T13:56:37.564Z
12452,https://birth-navi.mhlw.go.jp/facilities/12452,2026-09-14T13:56:37.922Z
12453,https://birth-navi.mhlw.go.jp/facilities/12453,2026-09-14T13:56:38.259Z
12454,https://birth-navi.mhlw.go.jp/facilities/12454,2026-09-14T13:56:38.606Z
12455,https://birth-navi.mhlw.go.jp/facilities/12455,2026-09-14T13:56:39.004Z
12456,https://birth-navi.mhlw.go.jp/facilities/12456,2026-09-14T13:56:39.410Z
12457,https://birth-navi.mhlw.go.jp/facilities/12457,2026-09-14T13:56:39.758Z
12458,https://birth-navi.mhlw.go.jp/facilities/12458,2026-09-14T13:56:40.131Z
12459,https://birth-navi.mhlw.go.jp/facilities/12459,2026-09-14T13:56:40.473Z
12460,https://birth-navi.mhlw.go.jp/facilities/12460,2026-09-14T13:56:40.816Z
12461,https://birth-navi.mhlw.go.jp/facilities/12461,2026-09-14T13:56:41.150Z
12462,https://birth-navi.mhlw.go.jp/facilities/12462,2026-09-14T13:56:41.492Z
12463,https://birth-navi.mhlw.go.jp/facilities/12463,2026-09-14T13:56:41.838Z
12464,https://birth-navi.mhlw.go.jp/facilities/12464,2026-09-14T13:56:42.183Z
12465,https://birth-navi.mhlw.go.jp/facilities/12465,2026-09-14T13:56:42.496Z
12466,https://birth-navi.mhlw.go.jp/facilities/12466,2026-09-14T13:56:42.831Z
12467,https://birth-navi.mhlw.go.jp/facilities/12467,2026-09-14T13:56:43.183Z
12468,https://birth-navi.mhlw.go.jp/facilities/12468,2026-09-14T13:56:43.489Z
12469,https://birth-navi.mhlw.go.jp/facilities/12469,2026-09-14T13:56:43.802Z
12470,https://birth-navi.mhlw.go.jp/facilities/12470,2026-09-14T13:56:44.169Z
12471,https://birth-navi.mhlw.go.jp/facilities/12471,2026-09-14T13:56:44.484Z
12472,https://birth-navi.mhlw.go.jp/facilities/12472,2026-09-14T13:56:44.804Z
12473,https://birth-navi.mhlw.go.jp/facilities/12473,2026-09-14T13:56:45.112Z
12474,https://birth-navi.mhlw.go.jp/facilities/12474,2026-09-14T13:56:45.451Z
12475,https://birth-navi.mhlw.go.jp/facilities/12475,2026-09-14T13:56:45.792Z
12476,https://birth-navi.mhlw.go.jp/facilities/12476,2026-09-14T13:56:46.110Z
12477,https://birth-navi.mhlw.go.jp/facilities/12477,2026-09-14T13:56:46.422Z
12478,https://birth-navi.mhlw.go.jp/facilities/12478,2026-09-14T13:56:46.767Z
12479,https://birth-navi.mhlw.go.jp/facilities/12479,2026-09-14T13:56:47.082Z
12480,https://birth-navi.mhlw.go.jp/facilities/12480,2026-09-14T13:56:47.434Z
12481,https://birth-navi.mhlw.go.jp/facilities/12481,2026-09-14T13:56:47.738Z
12482,https://birth-navi.mhlw.go.jp/facilities/12482,2026-09-14T13:56:48.093Z
12483,https://birth-navi.mhlw.go.jp/facilities/12483,2026-09-14T13:56:48.470Z
12484,https://birth-navi.mhlw.go.jp/facilities/12484,2026-09-14T13:56:48.826Z
12485,https://birth-navi.mhlw.go.jp/facilities/12485,2026-09-14T13:56:49.224Z
12486,https://birth-navi.mhlw.go.jp/facilities/12486,2026-09-14T13:56:49.614Z
12487,https://birth-navi.mhlw.go.jp/facilities/12487,2026-09-14T13:56:49.992Z
12488,https://birth-navi.mhlw.go.jp/facilities/12488,2026-09-14T13:56:50.345Z
12489,https://birth-navi.mhlw.go.jp/facilities/12489,2026-09-14T13:56:50.750Z
12490,https://birth-navi.mhlw.go.jp/facilities/12490,2026-09-14T13:56:51.181Z
12491,https://birth-navi.mhlw.go.jp/facilities/12491,2026-09-14T13:56:51.523Z
12492,https://birth-navi.mhlw.go.jp/facilities/12492,2026-09-14T13:56:51.902Z
12493,https://birth-navi.mhlw.go.jp/facilities/12493,2026-09-14T13:56:52.295Z
12494,https://birth-navi.mhlw.go.jp/facilities/12494,2026-09-14T13:56:52.653Z
12495,https://birth-navi.mhlw.go.jp/facilities/12495,2026-09-14T13:56:53.040Z
12496,https://birth-navi.mhlw.go.jp/facilities/12496,2026-09-14T13:56:53.438Z
12497,https://birth-navi.mhlw.go.jp/facilities/12497,2026-09-14T13:56:53.869Z
12498,https://birth-navi.mhlw.go.jp/facilities/12498,2026-09-14T13:56:54.229Z
12499,https://birth-navi.mhlw.go.jp/facilities/12499,2026-09-14T13:56:54.621Z
12500,https://birth-navi.mhlw.go.jp/facilities/12500,2026-09-14T13:56:55.010Z
12501,https://birth-navi.mhlw.go.jp/facilities/12501,2026-09-14T13:56:55.424Z
12502,https://birth-navi.mhlw.go.jp/facilities/12502,2026-09-14T13:56:55.875Z
12503,https://birth-navi.mhlw.go.jp/facilities/12503,2026-09-14T13:56:56.278Z
12504,https://birth-navi.mhlw.go.jp/facilities/12504,2026-09-14T13:56:56.658Z
12505,https://birth-navi.mhlw.go.jp/facilities/12505,2026-09-14T13:56:57.038Z
12506,https://birth-navi.mhlw.go.jp/facilities/12506,2026-09-14T13:56:57.399Z
12507,https://birth-navi.mhlw.go.jp/facilities/12507,2026-09-14T13:56:57.791Z
12508,https://birth-navi.mhlw.go.jp/facilities/12508,2026-09-14T13:56:58.250Z
12509,https://birth-navi.mhlw.go.jp/facilities/12509,2026-09-14T13:56:58.604Z
12510,https://birth-navi.mhlw.go.jp/facilities/12510,2026-09-14T13:56:59.027Z
12511,https://birth-navi.mhlw.go.jp/facilities/12511,2026-09-14T13:56:59.428Z
12512,https://birth-navi.mhlw.go.jp/facilities/12512,2026-09-14T13:56:59.857Z
12513,https://birth-navi.mhlw.go.jp/facilities/12513,2026-09-14T13:57:00.289Z
12514,https://birth-navi.mhlw.go.jp/facilities/12514,2026-09-14T13:57:00.699Z
12515,https://birth-navi.mhlw.go.jp/facilities/12515,2026-09-14T13:57:01.098Z
12516,https://birth-navi.mhlw.go.jp/facilities/12516,2026-09-14T13:57:01.546Z
12517,https://birth-navi.mhlw.go.jp/facilities/12517,2026-09-14T13:57:01.946Z
12518,https://birth-navi.mhlw.go.jp/facilities/12518,2026-09-14T13:57:02.339Z
12519,https://birth-navi.mhlw.go.jp/facilities/12519,2026-09-14T13:57:02.732Z
12520,https://birth-navi.mhlw.go.jp/facilities/12520,2026-09-14T13:57:03.146Z
12521,https://birth-navi.mhlw.go.jp/facilities/12521,2026-09-14T13:57:03.489Z
12522,https://birth-navi.mhlw.go.jp/facilities/12522,2026-09-14T13:57:03.843Z
12523,https://birth-navi.mhlw.go.jp/facilities/12523,2026-09-14T13:57:04.294Z
12524,https://birth-navi.mhlw.go.jp/facilities/12524,2026-09-14T13:57:04.646Z
12525,https://birth-navi.mhlw.go.jp/facilities/12525,2026-09-14T13:57:04.962Z
12526,https://birth-navi.mhlw.go.jp/facilities/12526,2026-09-14T13:57:05.314Z
12527,https://birth-navi.mhlw.go.jp/facilities/12527,2026-09-14T13:57:05.642Z
12528,https://birth-navi.mhlw.go.jp/facilities/12528,2026-09-14T13:57:05.995Z
12529,https://birth-navi.mhlw.go.jp/facilities/12529,2026-09-14T13:57:06.311Z
12530,https://birth-navi.mhlw.go.jp/facilities/12530,2026-09-14T13:57:06.672Z
12531,https://birth-navi.mhlw.go.jp/facilities/12531,2026-09-14T13:57:07.038Z
12532,https://birth-navi.mhlw.go.jp/facilities/12532,2026-09-14T13:57:07.354Z
12533,https://birth-navi.mhlw.go.jp/facilities/12533,2026-09-14T13:57:07.719Z
12534,https://birth-navi.mhlw.go.jp/facilities/12534,2026-09-14T13:57:08.070Z
12535,https://birth-navi.mhlw.go.jp/facilities/12535,2026-09-14T13:57:08.384Z
12536,https://birth-navi.mhlw.go.jp/facilities/12536,2026-09-14T13:57:08.751Z
12537,https://birth-navi.mhlw.go.jp/facilities/12537,2026-09-14T13:57:09.066Z
12538,https://birth-navi.mhlw.go.jp/facilities/12538,2026-09-14T13:57:09.399Z
12539,https://birth-navi.mhlw.go.jp/facilities/12539,2026-09-14T13:57:09.717Z
12540,https://birth-navi.mhlw.go.jp/facilities/12540,2026-09-14T13:57:10.035Z
12541,https://birth-navi.mhlw.go.jp/facilities/12541,2026-09-14T13:57:10.340Z
12542,https://birth-navi.mhlw.go.jp/facilities/12542,2026-09-14T13:57:10.674Z
12543,https://birth-navi.mhlw.go.jp/facilities/12543,2026-09-14T13:57:10.985Z
12544,https://birth-navi.mhlw.go.jp/facilities/12544,2026-09-14T13:57:11.292Z
12545,https://birth-navi.mhlw.go.jp/facilities/12545,2026-09-14T13:57:11.603Z
12546,https://birth-navi.mhlw.go.jp/facilities/12546,2026-09-14T13:57:11.974Z
12547,https://birth-navi.mhlw.go.jp/facilities/12547,2026-09-14T13:57:12.303Z
12548,https://birth-navi.mhlw.go.jp/facilities/12548,2026-09-14T13:57:12.658Z
12549,https://birth-navi.mhlw.go.jp/facilities/12549,2026-09-14T13:57:12.982Z
12550,https://birth-navi.mhlw.go.jp/facilities/12550,2026-09-14T13:57:13.306Z
12551,https://birth-navi.mhlw.go.jp/facilities/12551,2026-09-14T13:57:13.720Z
12552,https://birth-navi.mhlw.go.jp/facilities/12552,2026-09-14T13:57:14.063Z
12553,https://birth-navi.mhlw.go.jp/facilities/12553,2026-09-14T13:57:14.396Z
12554,https://birth-navi.mhlw.go.jp/facilities/12554,2026-09-14T13:57:14.736Z
12555,https://birth-navi.mhlw.go.jp/facilities/12555,2026-09-14T13:57:15.076Z
12556,https://birth-navi.mhlw.go.jp/facilities/12556,2026-09-14T13:57:15.415Z
12557,https://birth-navi.mhlw.go.jp/facilities/12557,2026-09-14T13:57:15.788Z
12558,https://birth-navi.mhlw.go.jp/facilities/12558,2026-09-14T13:57:16.118Z
12559,https://birth-navi.mhlw.go.jp/facilities/12559,2026-09-14T13:57:16.448Z
12560,https://birth-navi.mhlw.go.jp/facilities/12560,2026-09-14T13:57:16.785Z
12561,https://birth-navi.mhlw.go.jp/facilities/12561,2026-09-14T13:57:17.115Z
12562,https://birth-navi.mhlw.go.jp/facilities/12562,2026-09-14T13:57:17.423Z
12563,https://birth-navi.mhlw.go.jp/facilities/12563,2026-09-14T13:57:17.767Z
12564,https://birth-navi.mhlw.go.jp/facilities/12564,2026-09-14T13:57:18.110Z
12565,https://birth-navi.mhlw.go.jp/facilities/12565,2026-09-14T13:57:18.412Z
12566,https://birth-navi.mhlw.go.jp/facilities/12566,2026-09-14T13:57:18.751Z
12567,https://birth-navi.mhlw.go.jp/facilities/12567,2026-09-14T13:57:19.058Z
12568,https://birth-navi.mhlw.go.jp/facilities/12568,2026-09-14T13:57:19.456Z
12569,https://birth-navi.mhlw.go.jp/facilities/12569,2026-09-14T13:57:19.805Z
12570,https://birth-navi.mhlw.go.jp/facilities/12570,2026-09-14T13:57:20.136Z
12571,https://birth-navi.mhlw.go.jp/facilities/12571,2026-09-14T13:57:20.503Z
12572,https://birth-navi.mhlw.go.jp/facilities/12572,2026-09-14T13:57:20.858Z
12573,https://birth-navi.mhlw.go.jp/facilities/12573,2026-09-14T13:57:21.165Z
12574,https://birth-navi.mhlw.go.jp/facilities/12574,2026-09-14T13:57:21.513Z
12575,https://birth-navi.mhlw.go.jp/facilities/12575,2026-09-14T13:57:21.848Z
12576,https://birth-navi.mhlw.go.jp/facilities/12576,2026-09-14T13:57:22.249Z
12577,https://birth-navi.mhlw.go.jp/facilities/12577,2026-09-14T13:57:22.626Z
12578,https://birth-navi.mhlw.go.jp/facilities/12578,2026-09-14T13:57:22.972Z
12579,https://birth-navi.mhlw.go.jp/facilities/12579,2026-09-14T13:57:23.307Z
12580,https://birth-navi.mhlw.go.jp/facilities/12580,2026-09-14T13:57:23.678Z
12581,https://birth-navi.mhlw.go.jp/facilities/12581,2026-09-14T13:57:24.060Z
12582,https://birth-navi.mhlw.go.jp/facilities/12582,2026-09-14T13:57:24.422Z
12583,https://birth-navi.mhlw.go.jp/facilities/12583,2026-09-14T13:57:24.814Z
12584,https://birth-navi.mhlw.go.jp/facilities/12584,2026-09-14T13:57:25.133Z
12585,https://birth-navi.mhlw.go.jp/facilities/12585,2026-09-14T13:57:25.467Z
12586,https://birth-navi.mhlw.go.jp/facilities/12586,2026-09-14T13:57:25.798Z
12587,https://birth-navi.mhlw.go.jp/facilities/12587,2026-09-14T13:57:26.119Z
12588,https://birth-navi.mhlw.go.jp/facilities/12588,2026-09-14T13:57:26.456Z
12589,https://birth-navi.mhlw.go.jp/facilities/12589,2026-09-14T13:57:26.793Z
12590,https://birth-navi.mhlw.go.jp/facilities/12590,2026-09-14T13:57:27.117Z
12591,https://birth-navi.mhlw.go.jp/facilities/12591,2026-09-14T13:57:27.424Z
12592,https://birth-navi.mhlw.go.jp/facilities/12592,2026-09-14T13:57:27.745Z
12593,https://birth-navi.mhlw.go.jp/facilities/12593,2026-09-14T13:57:28.087Z
12594,https://birth-navi.mhlw.go.jp/facilities/12594,2026-09-14T13:57:28.400Z
12595,https://birth-navi.mhlw.go.jp/facilities/12595,2026-09-14T13:57:28.770Z
12596,https://birth-navi.mhlw.go.jp/facilities/12596,2026-09-14T13:57:29.119Z
12597,https://birth-navi.mhlw.go.jp/facilities/12597,2026-09-14T13:57:29.447Z
12598,https://birth-navi.mhlw.go.jp/facilities/12598,2026-09-14T13:57:29.765Z
12599,https://birth-navi.mhlw.go.jp/facilities/12599,2026-09-14T13:57:30.090Z
12600,https://birth-navi.mhlw.go.jp/facilities/12600,2026-09-14T12:45:56.379Z
12601,https://birth-navi.mhlw.go.jp/facilities/12601,2026-09-14T13:57:30.415Z
12602,https://birth-navi.mhlw.go.jp/facilities/12602,2026-09-14T13:57:30.787Z
12603,https://birth-navi.mhlw.go.jp/facilities/12603,2026-09-14T13:57:31.144Z
12604,https://birth-navi.mhlw.go.jp/facilities/12604,2026-09-14T13:57:31.510Z
12605,https://birth-navi.mhlw.go.jp/facilities/12605,2026-09-14T13:57:31.874Z
12606,https://birth-navi.mhlw.go.jp/facilities/12606,2026-09-14T13:57:32.215Z
12607,https://birth-navi.mhlw.go.jp/facilities/12607,2026-09-14T13:57:32.565Z
12608,https://birth-navi.mhlw.go.jp/facilities/12608,2026-09-14T13:57:32.930Z
12609,https://birth-navi.mhlw.go.jp/facilities/12609,2026-09-14T13:57:33.280Z
12610,https://birth-navi.mhlw.go.jp/facilities/12610,2026-09-14T13:57:33.617Z
12611,https://birth-navi.mhlw.go.jp/facilities/12611,2026-09-14T13:57:33.947Z
12612,https://birth-navi.mhlw.go.jp/facilities/12612,2026-09-14T13:57:34.304Z
12613,https://birth-navi.mhlw.go.jp/facilities/12613,2026-09-14T12:56:53.041Z
12614,https://birth-navi.mhlw.go.jp/facilities/12614,2026-09-14T12:56:53.041Z
12615,https://birth-navi.mhlw.go.jp/facilities/12615,2026-09-14T12:56:53.041Z
12616,https://birth-navi.mhlw.go.jp/facilities/12616,2026-09-14T13:57:34.609Z
12617,https://birth-navi.mhlw.go.jp/facilities/12617,2026-09-14T13:57:34.930Z
12618,https://birth-navi.mhlw.go.jp/facilities/12618,2026-09-14T12:56:53.041Z
12619,https://birth-navi.mhlw.go.jp/facilities/12619,2026-09-14T22:40:49.846Z
12620,https://birth-navi.mhlw.go.jp/facilities/12620,2026-09-14T12:56:53.041Z
12621,https://birth-navi.mhlw.go.jp/facilities/12621,2026-09-14T12:56:53.041Z
12622,https://birth-navi.mhlw.go.jp/facilities/12622,2026-09-14T13:57:35.243Z
12623,https://birth-navi.mhlw.go.jp/facilities/12623,2026-09-14T13:57:35.575Z
12624,https://birth-navi.mhlw.go.jp/facilities/12624,2026-09-14T12:56:53.041Z
12625,https://birth-navi.mhlw.go.jp/facilities/12625,2026-09-14T12:56:53.041Z
12626,https://birth-navi.mhlw.go.jp/facilities/12626,2026-09-14T12:56:53.041Z
12627,https://birth-navi.mhlw.go.jp/facilities/12627,2026-09-14T12:56:53.041Z
12628,https://birth-navi.mhlw.go.jp/facilities/12628,2026-09-14T12:56:53.041Z
12629,https://birth-navi.mhlw.go.jp/facilities/12629,2026-09-14T12:56:53.041Z
12630,https://birth-navi.mhlw.go.jp/facilities/12630,2026-09-14T12:56:53.041Z
12631,https://birth-navi.mhlw.go.jp/facilities/12631,2026-09-14T13:57:35.896Z
12632,https://birth-navi.mhlw.go.jp/facilities/12632,2026-09-14T13:57:36.206Z
12633,https://birth-navi.mhlw.go.jp/facilities/12633,2026-09-14T13:57:36.524Z
12634,https://birth-navi.mhlw.go.jp/facilities/12634,2026-09-14T12:56:53.041Z
12635,https://birth-navi.mhlw.go.jp/facilities/12635,2026-09-14T13:57:36.823Z
12636,https://birth-navi.mhlw.go.jp/facilities/12636,2026-09-14T13:57:37.146Z
12637,https://birth-navi.mhlw.go.jp/facilities/12637,2026-09-14T13:57:37.446Z
12638,https://birth-navi.mhlw.go.jp/facilities/12638,2026-09-14T13:57:37.754Z
12639,https://birth-navi.mhlw.go.jp/facilities/12639,2026-09-14T13:57:38.077Z
12640,https://birth-navi.mhlw.go.jp/facilities/12640,2026-09-14T13:57:38.407Z
12641,https://birth-navi.mhlw.go.jp/facilities/12641,2026-09-14T13:57:38.723Z
12642,https://birth-navi.mhlw.go.jp/facilities/12642,2026-09-14T13:57:39.044Z
12643,https://birth-navi.mhlw.go.jp/facilities/12643,2026-09-14T22:40:49.846Z
12644,https://birth-navi.mhlw.go.jp/facilities/12644,2026-09-14T12:56:53.041Z
12645,https://birth-navi.mhlw.go.jp/facilities/12645,2026-09-14T12:56:53.041Z
12646,https://birth-navi.mhlw.go.jp/facilities/12646,2026-09-14T13:57:39.342Z
12647,https://birth-navi.mhlw.go.jp/facilities/12647,2026-09-14T13:57:39.744Z
12648,https://birth-navi.mhlw.go.jp/facilities/12648,2026-09-14T22:40:13.452Z
12649,https://birth-navi.mhlw.go.jp/facilities/12649,2026-09-14T13:57:40.077Z
12650,https://birth-navi.mhlw.go.jp/facilities/12650,2026-09-14T13:57:40.422Z
12651,https://birth-navi.mhlw.go.jp/facilities/12651,2026-09-14T22:40:49.846Z
12652,https://birth-navi.mhlw.go.jp/facilities/12652,2026-09-14T13:57:40.748Z
12653,https://birth-navi.mhlw.go.jp/facilities/12653,2026-09-14T13:57:41.077Z
12654,https://birth-navi.mhlw.go.jp/facilities/12654,2026-09-14T13:57:41.417Z
12655,https://birth-navi.mhlw.go.jp/facilities/12655,2026-09-14T13:57:41.734Z
12656,https://birth-navi.mhlw.go.jp/facilities/12656,2026-09-14T13:57:42.070Z
12657,https://birth-navi.mhlw.go.jp/facilities/12657,2026-09-14T13:57:42.364Z
12658,https://birth-navi.mhlw.go.jp/facilities/12658,2026-09-14T13:57:42.678Z
12659,https://birth-navi.mhlw.go.jp/facilities/12659,2026-09-14T13:57:43.000Z
12660,https://birth-navi.mhlw.go.jp/facilities/12660,2026-09-14T13:57:43.324Z
12661,https://birth-navi.mhlw.go.jp/facilities/12661,2026-09-14T12:56:53.041Z
12662,https://birth-navi.mhlw.go.jp/facilities/12662,2026-09-14T13:57:43.626Z
12663,https://birth-navi.mhlw.go.jp/facilities/12663,2026-09-14T13:57:43.935Z
12664,https://birth-navi.mhlw.go.jp/facilities/12664,2026-09-14T13:57:44.272Z
12665,https://birth-navi.mhlw.go.jp/facilities/12665,2026-09-14T13:57:44.609Z
12666,https://birth-navi.mhlw.go.jp/facilities/12666,2026-09-14T13:57:44.935Z
12667,https://birth-navi.mhlw.go.jp/facilities/12667,2026-09-14T22:40:49.846Z
12668,https://birth-navi.mhlw.go.jp/facilities/12668,2026-09-14T22:40:49.846Z
12669,https://birth-navi.mhlw.go.jp/facilities/12669,2026-09-14T13:57:45.252Z
12670,https://birth-navi.mhlw.go.jp/facilities/12670,2026-09-14T22:40:49.846Z
12671,https://birth-navi.mhlw.go.jp/facilities/12671,2026-09-14T13:57:45.580Z
12672,https://birth-navi.mhlw.go.jp/facilities/12672,2026-09-14T13:57:45.878Z
12673,https://birth-navi.mhlw.go.jp/facilities/12673,2026-09-14T13:57:46.176Z
12674,https://birth-navi.mhlw.go.jp/facilities/12674,2026-09-14T12:56:53.041Z
12675,https://birth-navi.mhlw.go.jp/facilities/12675,2026-09-14T13:57:46.436Z
12676,https://birth-navi.mhlw.go.jp/facilities/12676,2026-09-14T13:57:46.867Z
12677,https://birth-navi.mhlw.go.jp/facilities/12677,2026-09-14T13:57:47.181Z
12678,https://birth-navi.mhlw.go.jp/facilities/12678,2026-09-14T13:57:47.514Z
12679,https://birth-navi.mhlw.go.jp/facilities/12679,2026-09-14T13:57:47.877Z
12680,https://birth-navi.mhlw.go.jp/facilities/12680,2026-09-14T13:57:48.199Z
12681,https://birth-navi.mhlw.go.jp/facilities/12681,2026-09-14T13:57:48.501Z
12682,https://birth-navi.mhlw.go.jp/facilities/12682,2026-09-14T12:56:53.041Z
12683,https://birth-navi.mhlw.go.jp/facilities/12683,2026-09-14T12:56:53.041Z
12684,https://birth-navi.mhlw.go.jp/facilities/12684,2026-09-14T13:57:48.817Z
12685,https://birth-navi.mhlw.go.jp/facilities/12685,2026-09-14T22:40:49.846Z
12686,https://birth-navi.mhlw.go.jp/facilities/12686,2026-09-14T13:57:49.120Z
12687,https://birth-navi.mhlw.go.jp/facilities/12687,2026-09-14T13:57:49.436Z
12688,https://birth-navi.mhlw.go.jp/facilities/12688,2026-09-14T13:57:49.779Z
12689,https://birth-navi.mhlw.go.jp/facilities/12689,2026-09-14T13:57:50.092Z
12690,https://birth-navi.mhlw.go.jp/facilities/12690,2026-09-14T13:57:50.687Z
12691,https://birth-navi.mhlw.go.jp/facilities/12691,2026-09-14T12:56:53.041Z
12692,https://birth-navi.mhlw.go.jp/facilities/12692,2026-09-14T12:56:53.041Z
12693,https://birth-navi.mhlw.go.jp/facilities/12693,2026-09-14T13:57:51.005Z
12694,https://birth-navi.mhlw.go.jp/facilities/12694,2026-09-14T13:57:51.371Z
12695,https://birth-navi.mhlw.go.jp/facilities/12695,2026-09-14T13:57:51.692Z
12696,https://birth-navi.mhlw.go.jp/facilities/12696,2026-09-14T12:56:53.041Z
12697,https://birth-navi.mhlw.go.jp/facilities/12697,2026-09-14T13:57:52.030Z
12698,https://birth-navi.mhlw.go.jp/facilities/12698,2026-09-14T13:57:52.345Z
12699,https://birth-navi.mhlw.go.jp/facilities/12699,2026-09-14T12:56:53.041Z
12700,https://birth-navi.mhlw.go.jp/facilities/12700,2026-09-14T12:56:53.041Z
12701,https://birth-navi.mhlw.go.jp/facilities/12701,2026-09-14T12:56:53.041Z
12702,https://birth-navi.mhlw.go.jp/facilities/12702,2026-09-14T13:57:52.659Z
12703,https://birth-navi.mhlw.go.jp/facilities/12703,2026-09-14T13:57:52.985Z
12704,https://birth-navi.mhlw.go.jp/facilities/12704,2026-09-14T22:40:49.846Z
12705,https://birth-navi.mhlw.go.jp/facilities/12705,2026-09-14T12:56:53.041Z
12706,https://birth-navi.mhlw.go.jp/facilities/12706,2026-09-14T13:57:53.291Z
12707,https://birth-navi.mhlw.go.jp/facilities/12707,2026-09-14T12:56:53.041Z
12708,https://birth-navi.mhlw.go.jp/facilities/12708,2026-09-14T12:56:53.041Z
12709,https://birth-navi.mhlw.go.jp/facilities/12709,2026-09-14T13:57:53.613Z
12710,https://birth-navi.mhlw.go.jp/facilities/12710,2026-09-14T13:57:53.929Z
12711,https://birth-navi.mhlw.go.jp/facilities/12711,2026-09-14T13:57:54.277Z
12712,https://birth-navi.mhlw.go.jp/facilities/12712,2026-09-14T13:57:54.590Z
12713,https://birth-navi.mhlw.go.jp/facilities/12713,2026-09-14T13:57:54.909Z
12714,https://birth-navi.mhlw.go.jp/facilities/12714,2026-09-14T13:57:55.229Z
12715,https://birth-navi.mhlw.go.jp/facilities/12715,2026-09-14T13:57:55.544Z
12716,https://birth-navi.mhlw.go.jp/facilities/12716,2026-09-14T13:57:55.867Z
12717,https://birth-navi.mhlw.go.jp/facilities/12717,2026-09-14T13:57:56.187Z
12718,https://birth-navi.mhlw.go.jp/facilities/12718,2026-09-14T13:57:56.505Z
12719,https://birth-navi.mhlw.go.jp/facilities/12719,2026-09-14T12:56:53.041Z
12720,https://birth-navi.mhlw.go.jp/facilities/12720,2026-09-14T13:57:56.838Z
12721,https://birth-navi.mhlw.go.jp/facilities/12721,2026-09-14T12:56:53.041Z
12722,https://birth-navi.mhlw.go.jp/facilities/12722,2026-09-14T12:56:53.041Z
12723,https://birth-navi.mhlw.go.jp/facilities/12723,2026-09-14T12:56:53.041Z
12724,https://birth-navi.mhlw.go.jp/facilities/12724,2026-09-14T12:56:53.041Z
12725,https://birth-navi.mhlw.go.jp/facilities/12725,2026-09-14T12:56:53.041Z
12726,https://birth-navi.mhlw.go.jp/facilities/12726,2026-09-14T12:56:53.041Z
12727,https://birth-navi.mhlw.go.jp/facilities/12727,2026-09-14T22:40:13.452Z
12728,https://birth-navi.mhlw.go.jp/facilities/12728,2026-09-14T13:57:57.176Z
12729,https://birth-navi.mhlw.go.jp/facilities/12729,2026-09-14T12:56:53.041Z
12730,https://birth-navi.mhlw.go.jp/facilities/12730,2026-09-14T13:57:57.482Z
12731,https://birth-navi.mhlw.go.jp/facilities/12731,2026-09-14T13:57:57.822Z
12732,https://birth-navi.mhlw.go.jp/facilities/12732,2026-09-14T12:56:53.041Z
12733,https://birth-navi.mhlw.go.jp/facilities/12733,2026-09-14T12:56:53.041Z
12734,https://birth-navi.mhlw.go.jp/facilities/12734,2026-09-14T13:57:58.155Z
12735,https://birth-navi.mhlw.go.jp/facilities/12735,2026-09-14T13:57:58.476Z
12736,https://birth-navi.mhlw.go.jp/facilities/12736,2026-09-14T13:57:58.778Z
12737,https://birth-navi.mhlw.go.jp/facilities/12737,2026-09-14T13:57:59.129Z
12738,https://birth-navi.mhlw.go.jp/facilities/12738,2026-09-14T12:56:53.041Z
12739,https://birth-navi.mhlw.go.jp/facilities/12739,2026-09-14T12:56:53.041Z
12740,https://birth-navi.mhlw.go.jp/facilities/12740,2026-09-14T13:57:59.463Z
12741,https://birth-navi.mhlw.go.jp/facilities/12741,2026-09-14T13:57:59.794Z
12742,https://birth-navi.mhlw.go.jp/facilities/12742,2026-09-14T13:58:00.097Z
12743,https://birth-navi.mhlw.go.jp/facilities/12743,2026-09-14T13:58:00.474Z
12744,https://birth-navi.mhlw.go.jp/facilities/12744,2026-09-14T13:58:00.843Z
12745,https://birth-navi.mhlw.go.jp/facilities/12745,2026-09-14T22:40:49.846Z
12746,https://birth-navi.mhlw.go.jp/facilities/12746,2026-09-14T12:56:53.041Z
12747,https://birth-navi.mhlw.go.jp/facilities/12747,2026-09-14T13:58:01.163Z
12748,https://birth-navi.mhlw.go.jp/facilities/12748,2026-09-14T13:58:01.485Z
12749,https://birth-navi.mhlw.go.jp/facilities/12749,2026-09-14T22:40:49.846Z
12750,https://birth-navi.mhlw.go.jp/facilities/12750,2026-09-14T13:58:01.844Z
12751,https://birth-navi.mhlw.go.jp/facilities/12751,2026-09-14T13:58:02.214Z
12752,https://birth-navi.mhlw.go.jp/facilities/12752,2026-09-14T22:40:49.846Z
12753,https://birth-navi.mhlw.go.jp/facilities/12753,2026-09-14T13:58:02.581Z
12754,https://birth-navi.mhlw.go.jp/facilities/12754,2026-09-14T13:58:02.910Z
12755,https://birth-navi.mhlw.go.jp/facilities/12755,2026-09-14T13:58:03.209Z
12756,https://birth-navi.mhlw.go.jp/facilities/12756,2026-09-14T13:58:03.566Z
12757,https://birth-navi.mhlw.go.jp/facilities/12757,2026-09-14T13:58:03.892Z
12758,https://birth-navi.mhlw.go.jp/facilities/12758,2026-09-14T13:58:04.185Z
12759,https://birth-navi.mhlw.go.jp/facilities/12759,2026-09-14T13:58:04.538Z
12760,https://birth-navi.mhlw.go.jp/facilities/12760,2026-09-14T13:58:04.856Z
12761,https://birth-navi.mhlw.go.jp/facilities/12761,2026-09-14T12:56:53.041Z
12762,https://birth-navi.mhlw.go.jp/facilities/12762,2026-09-14T12:56:53.041Z
12763,https://birth-navi.mhlw.go.jp/facilities/12763,2026-09-14T13:58:05.156Z
12764,https://birth-navi.mhlw.go.jp/facilities/12764,2026-09-14T13:58:05.508Z
12765,https://birth-navi.mhlw.go.jp/facilities/12765,2026-09-14T13:58:05.878Z
12766,https://birth-navi.mhlw.go.jp/facilities/12766,2026-09-14T13:58:06.196Z
12767,https://birth-navi.mhlw.go.jp/facilities/12767,2026-09-14T13:58:06.497Z
12768,https://birth-navi.mhlw.go.jp/facilities/12768,2026-09-14T12:56:53.041Z
12769,https://birth-navi.mhlw.go.jp/facilities/12769,2026-09-14T12:56:53.041Z
12770,https://birth-navi.mhlw.go.jp/facilities/12770,2026-09-14T13:58:06.894Z
12771,https://birth-navi.mhlw.go.jp/facilities/12771,2026-09-14T13:58:07.208Z
12772,https://birth-navi.mhlw.go.jp/facilities/12772,2026-09-14T13:58:07.466Z
12773,https://birth-navi.mhlw.go.jp/facilities/12773,2026-09-14T13:58:07.767Z
12774,https://birth-navi.mhlw.go.jp/facilities/12774,2026-09-14T13:58:08.079Z
12775,https://birth-navi.mhlw.go.jp/facilities/12775,2026-09-14T13:58:08.399Z
12776,https://birth-navi.mhlw.go.jp/facilities/12776,2026-09-14T13:58:08.737Z
12777,https://birth-navi.mhlw.go.jp/facilities/12777,2026-09-14T12:56:53.041Z
12778,https://birth-navi.mhlw.go.jp/facilities/12778,2026-09-14T12:56:53.041Z
12779,https://birth-navi.mhlw.go.jp/facilities/12779,2026-09-14T13:58:09.062Z
12780,https://birth-navi.mhlw.go.jp/facilities/12780,2026-09-14T13:58:09.360Z
12781,https://birth-navi.mhlw.go.jp/facilities/12781,2026-09-14T13:58:09.691Z
12782,https://birth-navi.mhlw.go.jp/facilities/12782,2026-09-14T13:58:10.000Z
12783,https://birth-navi.mhlw.go.jp/facilities/12783,2026-09-14T13:58:10.328Z
12784,https://birth-navi.mhlw.go.jp/facilities/12784,2026-09-14T13:58:10.646Z
12785,https://birth-navi.mhlw.go.jp/facilities/12785,2026-09-14T12:56:53.041Z
12786,https://birth-navi.mhlw.go.jp/facilities/12786,2026-09-14T12:56:53.041Z
12787,https://birth-navi.mhlw.go.jp/facilities/12787,2026-09-14T13:58:10.942Z
12788,https://birth-navi.mhlw.go.jp/facilities/12788,2026-09-14T13:58:11.250Z
12789,https://birth-navi.mhlw.go.jp/facilities/12789,2026-09-14T13:58:11.553Z
12790,https://birth-navi.mhlw.go.jp/facilities/12790,2026-09-14T13:58:11.864Z
12791,https://birth-navi.mhlw.go.jp/facilities/12791,2026-09-14T13:58:12.166Z
12792,https://birth-navi.mhlw.go.jp/facilities/12792,2026-09-14T13:58:12.473Z
12793,https://birth-navi.mhlw.go.jp/facilities/12793,2026-09-14T13:58:12.781Z
12794,https://birth-navi.mhlw.go.jp/facilities/12794,2026-09-14T13:58:13.086Z
12795,https://birth-navi.mhlw.go.jp/facilities/12795,2026-09-14T13:58:13.406Z
12796,https://birth-navi.mhlw.go.jp/facilities/12796,2026-09-14T13:58:13.718Z
12797,https://birth-navi.mhlw.go.jp/facilities/12797,2026-09-14T13:58:14.025Z
12798,https://birth-navi.mhlw.go.jp/facilities/12798,2026-09-14T13:58:14.320Z
12799,https://birth-navi.mhlw.go.jp/facilities/12799,2026-09-14T13:58:14.619Z
12800,https://birth-navi.mhlw.go.jp/facilities/12800,2026-09-14T13:58:14.935Z
12801,https://birth-navi.mhlw.go.jp/facilities/12801,2026-09-14T13:58:15.245Z
12802,https://birth-navi.mhlw.go.jp/facilities/12802,2026-09-14T13:58:15.556Z
12803,https://birth-navi.mhlw.go.jp/facilities/12803,2026-09-14T13:58:15.903Z
12804,https://birth-navi.mhlw.go.jp/facilities/12804,2026-09-14T13:58:16.233Z
12805,https://birth-navi.mhlw.go.jp/facilities/12805,2026-09-14T13:58:16.539Z
12806,https://birth-navi.mhlw.go.jp/facilities/12806,2026-09-14T13:58:16.849Z
12807,https://birth-navi.mhlw.go.jp/facilities/12807,2026-09-14T13:58:17.172Z
12808,https://birth-navi.mhlw.go.jp/facilities/12808,2026-09-14T12:56:53.041Z
12809,https://birth-navi.mhlw.go.jp/facilities/12809,2026-09-14T13:58:17.482Z
12810,https://birth-navi.mhlw.go.jp/facilities/12810,2026-09-14T12:56:53.041Z
12811,https://birth-navi.mhlw.go.jp/facilities/12811,2026-09-14T13:58:17.807Z
12812,https://birth-navi.mhlw.go.jp/facilities/12812,2026-09-14T13:58:18.135Z
12813,https://birth-navi.mhlw.go.jp/facilities/12813,2026-09-14T13:58:18.463Z
12814,https://birth-navi.mhlw.go.jp/facilities/12814,2026-09-14T13:58:18.780Z
12815,https://birth-navi.mhlw.go.jp/facilities/12815,2026-09-14T13:58:19.103Z
12816,https://birth-navi.mhlw.go.jp/facilities/12816,2026-09-14T13:58:19.434Z
12817,https://birth-navi.mhlw.go.jp/facilities/12817,2026-09-14T13:58:19.750Z
12818,https://birth-navi.mhlw.go.jp/facilities/12818,2026-09-14T12:56:53.041Z
12819,https://birth-navi.mhlw.go.jp/facilities/12819,2026-09-14T13:58:20.050Z
12820,https://birth-navi.mhlw.go.jp/facilities/12820,2026-09-14T13:58:20.362Z
12821,https://birth-navi.mhlw.go.jp/facilities/12821,2026-09-14T13:58:20.662Z
12822,https://birth-navi.mhlw.go.jp/facilities/12822,2026-09-14T13:58:20.969Z
12823,https://birth-navi.mhlw.go.jp/facilities/12823,2026-09-14T13:58:21.276Z
12824,https://birth-navi.mhlw.go.jp/facilities/12824,2026-09-14T12:56:53.041Z
12825,https://birth-navi.mhlw.go.jp/facilities/12825,2026-09-14T12:56:53.041Z
12826,https://birth-navi.mhlw.go.jp/facilities/12826,2026-09-14T12:56:53.041Z
12827,https://birth-navi.mhlw.go.jp/facilities/12827,2026-09-14T13:58:21.592Z
12828,https://birth-navi.mhlw.go.jp/facilities/12828,2026-09-14T12:56:53.041Z
12829,https://birth-navi.mhlw.go.jp/facilities/12829,2026-09-14T12:56:53.041Z
12830,https://birth-navi.mhlw.go.jp/facilities/12830,2026-09-14T13:58:21.899Z
12831,https://birth-navi.mhlw.go.jp/facilities/12831,2026-09-14T12:56:53.041Z
12832,https://birth-navi.mhlw.go.jp/facilities/12832,2026-09-14T13:58:22.233Z
12833,https://birth-navi.mhlw.go.jp/facilities/12833,2026-09-14T12:56:53.041Z
12834,https://birth-navi.mhlw.go.jp/facilities/12834,2026-09-14T13:58:22.580Z
12835,https://birth-navi.mhlw.go.jp/facilities/12835,2026-09-14T13:58:22.892Z
12836,https://birth-navi.mhlw.go.jp/facilities/12836,2026-09-14T12:56:53.041Z
12837,https://birth-navi.mhlw.go.jp/facilities/12837,2026-09-14T12:56:53.041Z
12838,https://birth-navi.mhlw.go.jp/facilities/12838,2026-09-14T13:58:23.227Z
12839,https://birth-navi.mhlw.go.jp/facilities/12839,2026-09-14T13:58:23.533Z
12840,https://birth-navi.mhlw.go.jp/facilities/12840,2026-09-14T22:40:13.452Z
12841,https://birth-navi.mhlw.go.jp/facilities/12841,2026-09-14T13:58:23.863Z
12842,https://birth-navi.mhlw.go.jp/facilities/12842,2026-09-14T12:56:53.041Z
12843,https://birth-navi.mhlw.go.jp/facilities/12843,2026-09-14T13:58:24.202Z
12844,https://birth-navi.mhlw.go.jp/facilities/12844,2026-09-14T13:58:24.524Z
12845,https://birth-navi.mhlw.go.jp/facilities/12845,2026-09-14T13:58:24.857Z
12846,https://birth-navi.mhlw.go.jp/facilities/12846,2026-09-14T13:58:25.170Z
12847,https://birth-navi.mhlw.go.jp/facilities/12847,2026-09-14T13:58:25.493Z
12848,https://birth-navi.mhlw.go.jp/facilities/12848,2026-09-14T12:56:53.041Z
12849,https://birth-navi.mhlw.go.jp/facilities/12849,2026-09-14T12:56:53.041Z
12850,https://birth-navi.mhlw.go.jp/facilities/12850,2026-09-14T13:58:25.758Z
12851,https://birth-navi.mhlw.go.jp/facilities/12851,2026-09-14T13:58:26.082Z
12852,https://birth-navi.mhlw.go.jp/facilities/12852,2026-09-14T13:58:26.438Z
12853,https://birth-navi.mhlw.go.jp/facilities/12853,2026-09-14T13:58:26.751Z
12854,https://birth-navi.mhlw.go.jp/facilities/12854,2026-09-14T13:58:27.059Z
12855,https://birth-navi.mhlw.go.jp/facilities/12855,2026-09-14T12:56:53.041Z
12856,https://birth-navi.mhlw.go.jp/facilities/12856,2026-09-14T13:58:27.384Z
12857,https://birth-navi.mhlw.go.jp/facilities/12857,2026-09-14T13:58:27.715Z
12858,https://birth-navi.mhlw.go.jp/facilities/12858,2026-09-14T13:58:28.064Z
12859,https://birth-navi.mhlw.go.jp/facilities/12859,2026-09-14T13:58:28.367Z
12860,https://birth-navi.mhlw.go.jp/facilities/12860,2026-09-14T13:58:28.685Z
12861,https://birth-navi.mhlw.go.jp/facilities/12861,2026-09-14T13:58:29.000Z
12862,https://birth-navi.mhlw.go.jp/facilities/12862,2026-09-14T13:58:29.291Z
12863,https://birth-navi.mhlw.go.jp/facilities/12863,2026-09-14T13:58:29.601Z
12864,https://birth-navi.mhlw.go.jp/facilities/12864,2026-09-14T13:58:29.907Z
12865,https://birth-navi.mhlw.go.jp/facilities/12865,2026-09-14T13:58:30.217Z
12866,https://birth-navi.mhlw.go.jp/facilities/12866,2026-09-14T13:58:30.533Z
12867,https://birth-navi.mhlw.go.jp/facilities/12867,2026-09-14T22:40:49.846Z
12868,https://birth-navi.mhlw.go.jp/facilities/12868,2026-09-14T13:58:30.844Z
12869,https://birth-navi.mhlw.go.jp/facilities/12869,2026-09-14T13:58:31.147Z
12870,https://birth-navi.mhlw.go.jp/facilities/12870,2026-09-14T12:56:53.041Z
12871,https://birth-navi.mhlw.go.jp/facilities/12871,2026-09-14T13:58:31.453Z
12872,https://birth-navi.mhlw.go.jp/facilities/12872,2026-09-14T13:58:31.749Z
12873,https://birth-navi.mhlw.go.jp/facilities/12873,2026-09-14T13:58:32.061Z
12874,https://birth-navi.mhlw.go.jp/facilities/12874,2026-09-14T13:58:32.355Z
12875,https://birth-navi.mhlw.go.jp/facilities/12875,2026-09-14T12:56:53.041Z
12876,https://birth-navi.mhlw.go.jp/facilities/12876,2026-09-14T12:56:53.041Z
12877,https://birth-navi.mhlw.go.jp/facilities/12877,2026-09-14T13:58:32.658Z
12878,https://birth-navi.mhlw.go.jp/facilities/12878,2026-09-14T13:58:32.978Z
12879,https://birth-navi.mhlw.go.jp/facilities/12879,2026-09-14T13:58:33.303Z
12880,https://birth-navi.mhlw.go.jp/facilities/12880,2026-09-14T13:58:33.614Z
12881,https://birth-navi.mhlw.go.jp/facilities/12881,2026-09-14T13:58:33.933Z
12882,https://birth-navi.mhlw.go.jp/facilities/12882,2026-09-14T13:58:34.222Z
12883,https://birth-navi.mhlw.go.jp/facilities/12883,2026-09-14T13:58:34.529Z
12884,https://birth-navi.mhlw.go.jp/facilities/12884,2026-09-14T13:58:34.878Z
12885,https://birth-navi.mhlw.go.jp/facilities/12885,2026-09-14T13:58:35.201Z
12886,https://birth-navi.mhlw.go.jp/facilities/12886,2026-09-14T12:56:53.041Z
12887,https://birth-navi.mhlw.go.jp/facilities/12887,2026-09-14T12:56:53.041Z
12888,https://birth-navi.mhlw.go.jp/facilities/12888,2026-09-14T12:56:53.041Z
12889,https://birth-navi.mhlw.go.jp/facilities/12889,2026-09-14T12:56:53.041Z
12890,https://birth-navi.mhlw.go.jp/facilities/12890,2026-09-14T13:58:35.510Z
12891,https://birth-navi.mhlw.go.jp/facilities/12891,2026-09-14T13:58:35.826Z
12892,https://birth-navi.mhlw.go.jp/facilities/12892,2026-09-14T13:58:36.144Z
12893,https://birth-navi.mhlw.go.jp/facilities/12893,2026-09-14T13:58:36.442Z
12894,https://birth-navi.mhlw.go.jp/facilities/12894,2026-09-14T13:58:36.756Z
12895,https://birth-navi.mhlw.go.jp/facilities/12895,2026-09-14T13:58:37.061Z
12896,https://birth-navi.mhlw.go.jp/facilities/12896,2026-09-14T12:56:53.041Z
12897,https://birth-navi.mhlw.go.jp/facilities/12897,2026-09-14T12:56:53.041Z
12898,https://birth-navi.mhlw.go.jp/facilities/12898,2026-09-14T13:58:37.341Z
12899,https://birth-navi.mhlw.go.jp/facilities/12899,2026-09-14T13:58:37.671Z
12900,https://birth-navi.mhlw.go.jp/facilities/12900,2026-09-14T12:56:53.041Z
12901,https://birth-navi.mhlw.go.jp/facilities/12901,2026-09-14T12:56:53.041Z
12902,https://birth-navi.mhlw.go.jp/facilities/12902,2026-09-14T13:58:37.981Z
12903,https://birth-navi.mhlw.go.jp/facilities/12903,2026-09-14T13:58:38.320Z
12904,https://birth-navi.mhlw.go.jp/facilities/12904,2026-09-14T13:58:38.623Z
12905,https://birth-navi.mhlw.go.jp/facilities/12905,2026-09-14T13:58:38.915Z
12906,https://birth-navi.mhlw.go.jp/facilities/12906,2026-09-14T13:58:39.241Z
12907,https://birth-navi.mhlw.go.jp/facilities/12907,2026-09-14T12:56:53.041Z
12908,https://birth-navi.mhlw.go.jp/facilities/12908,2026-09-14T12:56:53.041Z
12909,https://birth-navi.mhlw.go.jp/facilities/12909,2026-09-14T13:58:39.536Z
12910,https://birth-navi.mhlw.go.jp/facilities/12910,2026-09-14T12:56:53.041Z
12911,https://birth-navi.mhlw.go.jp/facilities/12911,2026-09-14T13:58:39.841Z
12912,https://birth-navi.mhlw.go.jp/facilities/12912,2026-09-14T13:58:40.129Z
12913,https://birth-navi.mhlw.go.jp/facilities/12913,2026-09-14T13:58:40.447Z
12914,https://birth-navi.mhlw.go.jp/facilities/12914,2026-09-14T13:58:40.804Z
12915,https://birth-navi.mhlw.go.jp/facilities/12915,2026-09-14T13:58:41.119Z
12916,https://birth-navi.mhlw.go.jp/facilities/12916,2026-09-14T13:58:41.440Z
12917,https://birth-navi.mhlw.go.jp/facilities/12917,2026-09-14T12:56:53.041Z
12918,https://birth-navi.mhlw.go.jp/facilities/12918,2026-09-14T22:40:49.846Z
12919,https://birth-navi.mhlw.go.jp/facilities/12919,2026-09-14T13:58:41.762Z
12920,https://birth-navi.mhlw.go.jp/facilities/12920,2026-09-14T13:58:42.086Z
12921,https://birth-navi.mhlw.go.jp/facilities/12921,2026-09-14T22:40:49.846Z
12922,https://birth-navi.mhlw.go.jp/facilities/12922,2026-09-14T13:58:42.405Z
12923,https://birth-navi.mhlw.go.jp/facilities/12923,2026-09-14T22:40:13.452Z
12924,https://birth-navi.mhlw.go.jp/facilities/12924,2026-09-14T13:58:42.723Z
12925,https://birth-navi.mhlw.go.jp/facilities/12925,2026-09-14T22:40:13.452Z
12926,https://birth-navi.mhlw.go.jp/facilities/12926,2026-09-14T13:58:43.050Z
12927,https://birth-navi.mhlw.go.jp/facilities/12927,2026-09-14T22:40:13.452Z
12928,https://birth-navi.mhlw.go.jp/facilities/12928,2026-09-14T13:58:43.370Z
12929,https://birth-navi.mhlw.go.jp/facilities/12929,2026-09-14T13:58:43.685Z
12930,https://birth-navi.mhlw.go.jp/facilities/12930,2026-09-14T13:58:43.991Z
12931,https://birth-navi.mhlw.go.jp/facilities/12931,2026-09-14T13:58:44.310Z
12932,https://birth-navi.mhlw.go.jp/facilities/12932,2026-09-14T13:58:44.603Z
12933,https://birth-navi.mhlw.go.jp/facilities/12933,2026-09-14T13:58:44.905Z
12934,https://birth-navi.mhlw.go.jp/facilities/12934,2026-09-14T13:58:45.217Z
12935,https://birth-navi.mhlw.go.jp/facilities/12935,2026-09-14T13:58:45.556Z
12936,https://birth-navi.mhlw.go.jp/facilities/12936,2026-09-14T22:40:13.452Z
12937,https://birth-navi.mhlw.go.jp/facilities/12937,2026-09-14T22:40:13.452Z
12938,https://birth-navi.mhlw.go.jp/facilities/12938,2026-09-14T22:40:13.452Z
12939,https://birth-navi.mhlw.go.jp/facilities/12939,2026-09-14T13:58:45.905Z
12940,https://birth-navi.mhlw.go.jp/facilities/12940,2026-09-14T13:58:46.232Z
12941,https://birth-navi.mhlw.go.jp/facilities/12941,2026-09-14T22:40:13.452Z
12942,https://birth-navi.mhlw.go.jp/facilities/12942,2026-09-14T13:58:46.550Z
12943,https://birth-navi.mhlw.go.jp/facilities/12943,2026-09-14T22:40:13.452Z
12944,https://birth-navi.mhlw.go.jp/facilities/12944,2026-09-14T13:58:46.869Z
12945,https://birth-navi.mhlw.go.jp/facilities/12945,2026-09-14T13:58:47.184Z
12946,https://birth-navi.mhlw.go.jp/facilities/12946,2026-09-14T13:58:47.478Z
12947,https://birth-navi.mhlw.go.jp/facilities/12947,2026-09-14T22:40:49.846Z
12948,https://birth-navi.mhlw.go.jp/facilities/12948,2026-09-14T13:58:47.782Z
12949,https://birth-navi.mhlw.go.jp/facilities/12949,2026-09-14T22:40:49.846Z
12950,https://birth-navi.mhlw.go.jp/facilities/12950,2026-09-14T13:58:48.125Z
12951,https://birth-navi.mhlw.go.jp/facilities/12951,2026-09-14T13:58:48.428Z
12952,https://birth-navi.mhlw.go.jp/facilities/12952,2026-09-14T22:40:49.846Z
12953,https://birth-navi.mhlw.go.jp/facilities/12953,2026-09-14T12:56:53.041Z
12954,https://birth-navi.mhlw.go.jp/facilities/12954,2026-09-14T12:56:53.041Z
12955,https://birth-navi.mhlw.go.jp/facilities/12955,2026-09-14T13:58:48.752Z
12956,https://birth-navi.mhlw.go.jp/facilities/12956,2026-09-14T13:58:49.065Z
12957,https://birth-navi.mhlw.go.jp/facilities/12957,2026-09-14T13:58:49.376Z
12958,https://birth-navi.mhlw.go.jp/facilities/12958,2026-09-14T22:40:13.452Z
12959,https://birth-navi.mhlw.go.jp/facilities/12959,2026-09-14T13:58:49.686Z
12960,https://birth-navi.mhlw.go.jp/facilities/12960,2026-09-14T13:58:50.010Z
12961,https://birth-navi.mhlw.go.jp/facilities/12961,2026-09-14T13:58:50.321Z
12962,https://birth-navi.mhlw.go.jp/facilities/12962,2026-09-14T13:58:50.628Z
12963,https://birth-navi.mhlw.go.jp/facilities/12963,2026-09-14T12:56:53.041Z
12964,https://birth-navi.mhlw.go.jp/facilities/12964,2026-09-14T12:56:53.041Z
12965,https://birth-navi.mhlw.go.jp/facilities/12965,2026-09-14T12:56:53.041Z
12966,https://birth-navi.mhlw.go.jp/facilities/12966,2026-09-14T12:56:53.041Z
12967,https://birth-navi.mhlw.go.jp/facilities/12967,2026-09-14T13:58:50.939Z
12968,https://birth-navi.mhlw.go.jp/facilities/12968,2026-09-14T13:58:51.237Z
12969,https://birth-navi.mhlw.go.jp/facilities/12969,2026-09-14T13:58:51.555Z
12970,https://birth-navi.mhlw.go.jp/facilities/12970,2026-09-14T22:40:13.452Z
12971,https://birth-navi.mhlw.go.jp/facilities/12971,2026-09-14T12:56:53.041Z
12972,https://birth-navi.mhlw.go.jp/facilities/12972,2026-09-14T12:56:53.041Z
12973,https://birth-navi.mhlw.go.jp/facilities/12973,2026-09-14T12:56:53.041Z
12974,https://birth-navi.mhlw.go.jp/facilities/12974,2026-09-14T13:58:51.841Z
12975,https://birth-navi.mhlw.go.jp/facilities/12975,2026-09-14T13:58:52.133Z
12976,https://birth-navi.mhlw.go.jp/facilities/12976,2026-09-14T12:56:53.041Z
12977,https://birth-navi.mhlw.go.jp/facilities/12977,2026-09-14T12:56:53.041Z
12978,https://birth-navi.mhlw.go.jp/facilities/12978,2026-09-14T12:56:53.041Z
12979,https://birth-navi.mhlw.go.jp/facilities/12979,2026-09-14T12:56:53.041Z
12980,https://birth-navi.mhlw.go.jp/facilities/12980,2026-09-14T12:56:53.041Z
12981,https://birth-navi.mhlw.go.jp/facilities/12981,2026-09-14T12:56:53.041Z
12982,https://birth-navi.mhlw.go.jp/facilities/12982,2026-09-14T13:58:52.440Z
12983,https://birth-navi.mhlw.go.jp/facilities/12983,2026-09-14T22:40:49.846Z
12984,https://birth-navi.mhlw.go.jp/facilities/12984,2026-09-14T12:56:53.041Z
12985,https://birth-navi.mhlw.go.jp/facilities/12985,2026-09-14T12:56:53.041Z
12986,https://birth-navi.mhlw.go.jp/facilities/12986,2026-09-14T12:56:53.041Z
12987,https://birth-navi.mhlw.go.jp/facilities/12987,2026-09-14T13:58:52.785Z
12988,https://birth-navi.mhlw.go.jp/facilities/12988,2026-09-14T13:58:53.107Z
12989,https://birth-navi.mhlw.go.jp/facilities/12989,2026-09-14T13:58:53.433Z
12990,https://birth-navi.mhlw.go.jp/facilities/12990,2026-09-14T12:56:53.041Z
12991,https://birth-navi.mhlw.go.jp/facilities/12991,2026-09-14T12:56:53.041Z
12992,https://birth-navi.mhlw.go.jp/facilities/12992,2026-09-14T12:56:53.041Z
12993,https://birth-navi.mhlw.go.jp/facilities/12993,2026-09-14T13:58:53.722Z
12994,https://birth-navi.mhlw.go.jp/facilities/12994,2026-09-14T13:58:54.149Z
12995,https://birth-navi.mhlw.go.jp/facilities/12995,2026-09-14T12:56:53.041Z
12996,https://birth-navi.mhlw.go.jp/facilities/12996,2026-09-14T12:56:53.041Z
12997,https://birth-navi.mhlw.go.jp/facilities/12997,2026-09-14T12:56:53.041Z
12998,https://birth-navi.mhlw.go.jp/facilities/12998,2026-09-14T12:56:53.041Z
12999,https://birth-navi.mhlw.go.jp/facilities/12999,2026-09-14T12:56:53.041Z
13000,https://birth-navi.mhlw.go.jp/facilities/13000,2026-09-14T12:56:53.041Z
13001,https://birth-navi.mhlw.go.jp/facilities/13001,2026-09-14T12:56:53.041Z
13002,https://birth-navi.mhlw.go.jp/facilities/13002,2026-09-14T13:58:54.470Z
13003,https://birth-navi.mhlw.go.jp/facilities/13003,2026-09-14T13:58:54.778Z
13004,https://birth-navi.mhlw.go.jp/facilities/13004,2026-09-14T12:56:53.041Z
13005,https://birth-navi.mhlw.go.jp/facilities/13005,2026-09-14T13:58:55.042Z
13006,https://birth-navi.mhlw.go.jp/facilities/13006,2026-09-14T12:56:53.041Z
13007,https://birth-navi.mhlw.go.jp/facilities/13007,2026-09-14T13:58:55.352Z
13008,https://birth-navi.mhlw.go.jp/facilities/13008,2026-09-14T12:56:53.041Z
13009,https://birth-navi.mhlw.go.jp/facilities/13009,2026-09-14T13:58:55.667Z
13010,https://birth-navi.mhlw.go.jp/facilities/13010,2026-09-14T13:58:55.973Z
13011,https://birth-navi.mhlw.go.jp/facilities/13011,2026-09-14T13:58:56.276Z
13012,https://birth-navi.mhlw.go.jp/facilities/13012,2026-09-14T13:58:56.582Z
13013,https://birth-navi.mhlw.go.jp/facilities/13013,2026-09-14T13:58:56.887Z
13014,https://birth-navi.mhlw.go.jp/facilities/13014,2026-09-14T13:58:57.195Z
13015,https://birth-navi.mhlw.go.jp/facilities/13015,2026-09-14T13:58:57.493Z
13016,https://birth-navi.mhlw.go.jp/facilities/13016,2026-09-14T22:40:13.452Z
13017,https://birth-navi.mhlw.go.jp/facilities/13017,2026-09-14T13:58:57.801Z
13018,https://birth-navi.mhlw.go.jp/facilities/13018,2026-09-14T13:58:58.112Z
13019,https://birth-navi.mhlw.go.jp/facilities/13019,2026-09-14T13:58:58.408Z
13020,https://birth-navi.mhlw.go.jp/facilities/13020,2026-09-14T13:58:58.722Z
13021,https://birth-navi.mhlw.go.jp/facilities/13021,2026-09-14T13:58:59.046Z
13022,https://birth-navi.mhlw.go.jp/facilities/13022,2026-09-14T13:58:59.354Z
13023,https://birth-navi.mhlw.go.jp/facilities/13023,2026-09-14T13:58:59.672Z
13024,https://birth-navi.mhlw.go.jp/facilities/13024,2026-09-14T13:58:59.997Z
13025,https://birth-navi.mhlw.go.jp/facilities/13025,2026-09-14T13:59:00.389Z
13026,https://birth-navi.mhlw.go.jp/facilities/13026,2026-09-14T13:59:00.707Z
13027,https://birth-navi.mhlw.go.jp/facilities/13027,2026-09-14T13:59:01.050Z
13028,https://birth-navi.mhlw.go.jp/facilities/13028,2026-09-14T13:59:01.344Z
13029,https://birth-navi.mhlw.go.jp/facilities/13029,2026-09-14T13:59:01.668Z
13030,https://birth-navi.mhlw.go.jp/facilities/13030,2026-09-14T13:59:02.003Z
13031,https://birth-navi.mhlw.go.jp/facilities/13031,2026-09-14T13:59:02.336Z
13032,https://birth-navi.mhlw.go.jp/facilities/13032,2026-09-14T13:59:02.645Z
13033,https://birth-navi.mhlw.go.jp/facilities/13033,2026-09-14T13:59:02.951Z
13034,https://birth-navi.mhlw.go.jp/facilities/13034,2026-09-14T13:59:03.247Z
13035,https://birth-navi.mhlw.go.jp/facilities/13035,2026-09-14T13:59:03.555Z
13036,https://birth-navi.mhlw.go.jp/facilities/13036,2026-09-14T13:59:03.820Z
13037,https://birth-navi.mhlw.go.jp/facilities/13037,2026-09-14T12:56:53.041Z
13038,https://birth-navi.mhlw.go.jp/facilities/13038,2026-09-14T12:56:53.041Z
13039,https://birth-navi.mhlw.go.jp/facilities/13039,2026-09-14T13:59:04.115Z
13040,https://birth-navi.mhlw.go.jp/facilities/13040,2026-09-14T13:59:04.432Z
13041,https://birth-navi.mhlw.go.jp/facilities/13041,2026-09-14T13:59:04.690Z
13042,https://birth-navi.mhlw.go.jp/facilities/13042,2026-09-14T13:59:05.012Z
13043,https://birth-navi.mhlw.go.jp/facilities/13043,2026-09-14T12:56:53.041Z
13044,https://birth-navi.mhlw.go.jp/facilities/13044,2026-09-14T13:59:05.329Z
13045,https://birth-navi.mhlw.go.jp/facilities/13045,2026-09-14T12:56:53.041Z
13046,https://birth-navi.mhlw.go.jp/facilities/13046,2026-09-14T13:59:05.588Z
13047,https://birth-navi.mhlw.go.jp/facilities/13047,2026-09-14T13:59:05.846Z
13048,https://birth-navi.mhlw.go.jp/facilities/13048,2026-09-14T13:59:06.144Z
13049,https://birth-navi.mhlw.go.jp/facilities/13049,2026-09-14T13:59:06.439Z
13050,https://birth-navi.mhlw.go.jp/facilities/13050,2026-09-14T13:59:06.756Z
13051,https://birth-navi.mhlw.go.jp/facilities/13051,2026-09-14T13:59:07.056Z
13052,https://birth-navi.mhlw.go.jp/facilities/13052,2026-09-14T13:59:07.377Z
13053,https://birth-navi.mhlw.go.jp/facilities/13053,2026-09-14T13:59:07.697Z
13054,https://birth-navi.mhlw.go.jp/facilities/13054,2026-09-14T13:59:08.011Z
13055,https://birth-navi.mhlw.go.jp/facilities/13055,2026-09-14T13:59:08.320Z
13056,https://birth-navi.mhlw.go.jp/facilities/13056,2026-09-14T13:59:08.619Z
13057,https://birth-navi.mhlw.go.jp/facilities/13057,2026-09-14T13:59:08.926Z
13058,https://birth-navi.mhlw.go.jp/facilities/13058,2026-09-14T13:59:09.235Z
13059,https://birth-navi.mhlw.go.jp/facilities/13059,2026-09-14T12:56:53.041Z
13060,https://birth-navi.mhlw.go.jp/facilities/13060,2026-09-14T12:56:53.041Z
13061,https://birth-navi.mhlw.go.jp/facilities/13061,2026-09-14T13:59:09.539Z
13062,https://birth-navi.mhlw.go.jp/facilities/13062,2026-09-14T13:59:09.866Z
13063,https://birth-navi.mhlw.go.jp/facilities/13063,2026-09-14T13:59:10.161Z
13064,https://birth-navi.mhlw.go.jp/facilities/13064,2026-09-14T13:59:10.504Z
13065,https://birth-navi.mhlw.go.jp/facilities/13065,2026-09-14T13:59:10.821Z
13066,https://birth-navi.mhlw.go.jp/facilities/13066,2026-09-14T13:59:11.129Z
13067,https://birth-navi.mhlw.go.jp/facilities/13067,2026-09-14T13:59:11.436Z
13068,https://birth-navi.mhlw.go.jp/facilities/13068,2026-09-14T13:59:11.737Z
13069,https://birth-navi.mhlw.go.jp/facilities/13069,2026-09-14T13:59:12.063Z
13070,https://birth-navi.mhlw.go.jp/facilities/13070,2026-09-14T13:59:12.377Z
13071,https://birth-navi.mhlw.go.jp/facilities/13071,2026-09-14T13:59:12.689Z
13072,https://birth-navi.mhlw.go.jp/facilities/13072,2026-09-14T13:59:12.997Z
13073,https://birth-navi.mhlw.go.jp/facilities/13073,2026-09-14T13:59:13.316Z
13074,https://birth-navi.mhlw.go.jp/facilities/13074,2026-09-14T12:56:53.041Z
13075,https://birth-navi.mhlw.go.jp/facilities/13075,2026-09-14T13:59:13.649Z
13076,https://birth-navi.mhlw.go.jp/facilities/13076,2026-09-14T13:59:13.963Z
13077,https://birth-navi.mhlw.go.jp/facilities/13077,2026-09-14T13:59:14.266Z
13078,https://birth-navi.mhlw.go.jp/facilities/13078,2026-09-14T13:59:14.523Z
13079,https://birth-navi.mhlw.go.jp/facilities/13079,2026-09-14T13:59:14.814Z
13080,https://birth-navi.mhlw.go.jp/facilities/13080,2026-09-14T13:59:15.119Z
13081,https://birth-navi.mhlw.go.jp/facilities/13081,2026-09-14T13:59:15.435Z
13082,https://birth-navi.mhlw.go.jp/facilities/13082,2026-09-14T13:59:15.785Z
13083,https://birth-navi.mhlw.go.jp/facilities/13083,2026-09-14T13:59:16.136Z
13084,https://birth-navi.mhlw.go.jp/facilities/13084,2026-09-14T22:40:49.846Z
13085,https://birth-navi.mhlw.go.jp/facilities/13085,2026-09-14T13:59:16.497Z
13086,https://birth-navi.mhlw.go.jp/facilities/13086,2026-09-14T13:59:16.803Z
13087,https://birth-navi.mhlw.go.jp/facilities/13087,2026-09-14T13:59:17.198Z
13088,https://birth-navi.mhlw.go.jp/facilities/13088,2026-09-14T13:59:17.527Z
13089,https://birth-navi.mhlw.go.jp/facilities/13089,2026-09-14T13:59:17.859Z
13090,https://birth-navi.mhlw.go.jp/facilities/13090,2026-09-14T13:59:18.167Z
13091,https://birth-navi.mhlw.go.jp/facilities/13091,2026-09-14T13:59:18.501Z
13092,https://birth-navi.mhlw.go.jp/facilities/13092,2026-09-14T13:59:18.805Z
13093,https://birth-navi.mhlw.go.jp/facilities/13093,2026-09-14T13:59:19.101Z
13094,https://birth-navi.mhlw.go.jp/facilities/13094,2026-09-14T22:40:49.846Z
13095,https://birth-navi.mhlw.go.jp/facilities/13095,2026-09-14T13:59:19.411Z
13096,https://birth-navi.mhlw.go.jp/facilities/13096,2026-09-14T13:59:19.744Z
13097,https://birth-navi.mhlw.go.jp/facilities/13097,2026-09-14T12:56:53.041Z
13098,https://birth-navi.mhlw.go.jp/facilities/13098,2026-09-14T13:59:20.050Z
13099,https://birth-navi.mhlw.go.jp/facilities/13099,2026-09-14T13:59:20.363Z
13100,https://birth-navi.mhlw.go.jp/facilities/13100,2026-09-14T13:59:20.684Z
13101,https://birth-navi.mhlw.go.jp/facilities/13101,2026-09-14T13:59:20.988Z
13102,https://birth-navi.mhlw.go.jp/facilities/13102,2026-09-14T13:59:21.275Z
13103,https://birth-navi.mhlw.go.jp/facilities/13103,2026-09-14T13:59:21.582Z
13104,https://birth-navi.mhlw.go.jp/facilities/13104,2026-09-14T12:56:53.041Z
13105,https://birth-navi.mhlw.go.jp/facilities/13105,2026-09-14T13:59:21.913Z
13106,https://birth-navi.mhlw.go.jp/facilities/13106,2026-09-14T13:59:22.212Z
13107,https://birth-navi.mhlw.go.jp/facilities/13107,2026-09-14T13:59:22.521Z
13108,https://birth-navi.mhlw.go.jp/facilities/13108,2026-09-14T13:59:22.827Z
13109,https://birth-navi.mhlw.go.jp/facilities/13109,2026-09-14T13:59:23.153Z
13110,https://birth-navi.mhlw.go.jp/facilities/13110,2026-09-14T12:56:53.041Z
13111,https://birth-navi.mhlw.go.jp/facilities/13111,2026-09-14T13:59:23.471Z
13112,https://birth-navi.mhlw.go.jp/facilities/13112,2026-09-14T13:59:23.791Z
13113,https://birth-navi.mhlw.go.jp/facilities/13113,2026-09-14T22:40:49.846Z
13114,https://birth-navi.mhlw.go.jp/facilities/13114,2026-09-14T13:59:24.111Z
13115,https://birth-navi.mhlw.go.jp/facilities/13115,2026-09-14T22:40:13.452Z
13116,https://birth-navi.mhlw.go.jp/facilities/13116,2026-09-14T13:59:24.427Z
13117,https://birth-navi.mhlw.go.jp/facilities/13117,2026-09-14T13:59:24.735Z
13118,https://birth-navi.mhlw.go.jp/facilities/13118,2026-09-14T13:59:25.059Z
13119,https://birth-navi.mhlw.go.jp/facilities/13119,2026-09-14T13:59:25.372Z
13120,https://birth-navi.mhlw.go.jp/facilities/13120,2026-09-14T12:56:53.041Z
13121,https://birth-navi.mhlw.go.jp/facilities/13121,2026-09-14T12:56:53.041Z
13122,https://birth-navi.mhlw.go.jp/facilities/13122,2026-09-14T13:59:25.659Z
13123,https://birth-navi.mhlw.go.jp/facilities/13123,2026-09-14T13:59:25.990Z
13124,https://birth-navi.mhlw.go.jp/facilities/13124,2026-09-14T13:59:26.305Z
13125,https://birth-navi.mhlw.go.jp/facilities/13125,2026-09-14T22:40:13.452Z
13126,https://birth-navi.mhlw.go.jp/facilities/13126,2026-09-14T12:56:53.041Z
13127,https://birth-navi.mhlw.go.jp/facilities/13127,2026-09-14T13:59:26.624Z
13128,https://birth-navi.mhlw.go.jp/facilities/13128,2026-09-14T13:59:26.946Z
13129,https://birth-navi.mhlw.go.jp/facilities/13129,2026-09-14T13:59:27.265Z
13130,https://birth-navi.mhlw.go.jp/facilities/13130,2026-09-14T13:59:27.582Z
13131,https://birth-navi.mhlw.go.jp/facilities/13131,2026-09-14T13:59:27.889Z
13132,https://birth-navi.mhlw.go.jp/facilities/13132,2026-09-14T22:40:13.452Z
13133,https://birth-navi.mhlw.go.jp/facilities/13133,2026-09-14T13:59:28.223Z
13134,https://birth-navi.mhlw.go.jp/facilities/13134,2026-09-14T13:59:28.548Z
13135,https://birth-navi.mhlw.go.jp/facilities/13135,2026-09-14T13:59:28.860Z
13136,https://birth-navi.mhlw.go.jp/facilities/13136,2026-09-14T12:56:53.041Z
13137,https://birth-navi.mhlw.go.jp/facilities/13137,2026-09-14T12:56:53.041Z
13138,https://birth-navi.mhlw.go.jp/facilities/13138,2026-09-14T13:59:29.185Z
13139,https://birth-navi.mhlw.go.jp/facilities/13139,2026-09-14T13:59:29.515Z
13140,https://birth-navi.mhlw.go.jp/facilities/13140,2026-09-14T13:59:29.840Z
13141,https://birth-navi.mhlw.go.jp/facilities/13141,2026-09-14T13:59:30.139Z
13142,https://birth-navi.mhlw.go.jp/facilities/13142,2026-09-14T12:56:53.041Z
13143,https://birth-navi.mhlw.go.jp/facilities/13143,2026-09-14T12:56:53.041Z
13144,https://birth-navi.mhlw.go.jp/facilities/13144,2026-09-14T12:56:53.041Z
13145,https://birth-navi.mhlw.go.jp/facilities/13145,2026-09-14T12:56:53.041Z
13146,https://birth-navi.mhlw.go.jp/facilities/13146,2026-09-14T12:56:53.041Z
13147,https://birth-navi.mhlw.go.jp/facilities/13147,2026-09-14T12:56:53.041Z
13148,https://birth-navi.mhlw.go.jp/facilities/13148,2026-09-14T22:40:49.846Z
13149,https://birth-navi.mhlw.go.jp/facilities/13149,2026-09-14T13:59:30.492Z
13150,https://birth-navi.mhlw.go.jp/facilities/13150,2026-09-14T13:59:30.816Z
13151,https://birth-navi.mhlw.go.jp/facilities/13151,2026-09-14T13:59:31.127Z
13152,https://birth-navi.mhlw.go.jp/facilities/13152,2026-09-14T13:59:31.441Z
13153,https://birth-navi.mhlw.go.jp/facilities/13153,2026-09-14T13:59:31.772Z
13154,https://birth-navi.mhlw.go.jp/facilities/13154,2026-09-14T22:40:49.846Z
13155,https://birth-navi.mhlw.go.jp/facilities/13155,2026-09-14T13:59:32.109Z
13156,https://birth-navi.mhlw.go.jp/facilities/13156,2026-09-14T13:59:32.434Z
13157,https://birth-navi.mhlw.go.jp/facilities/13157,2026-09-14T13:59:32.751Z
13158,https://birth-navi.mhlw.go.jp/facilities/13158,2026-09-14T13:59:33.104Z
13159,https://birth-navi.mhlw.go.jp/facilities/13159,2026-09-14T13:59:33.416Z
13160,https://birth-navi.mhlw.go.jp/facilities/13160,2026-09-14T13:59:33.737Z
13161,https://birth-navi.mhlw.go.jp/facilities/13161,2026-09-14T13:59:34.066Z
13162,https://birth-navi.mhlw.go.jp/facilities/13162,2026-09-14T13:59:34.397Z
13163,https://birth-navi.mhlw.go.jp/facilities/13163,2026-09-14T22:40:13.452Z
13164,https://birth-navi.mhlw.go.jp/facilities/13164,2026-09-14T22:40:13.452Z
13165,https://birth-navi.mhlw.go.jp/facilities/13165,2026-09-14T12:56:53.041Z
13166,https://birth-navi.mhlw.go.jp/facilities/13166,2026-09-14T13:59:34.699Z
13167,https://birth-navi.mhlw.go.jp/facilities/13167,2026-09-14T13:59:34.997Z
13168,https://birth-navi.mhlw.go.jp/facilities/13168,2026-09-14T13:59:35.310Z
13169,https://birth-navi.mhlw.go.jp/facilities/13169,2026-09-14T12:56:53.041Z
13170,https://birth-navi.mhlw.go.jp/facilities/13170,2026-09-14T13:59:35.573Z
13171,https://birth-navi.mhlw.go.jp/facilities/13171,2026-09-14T13:59:35.878Z
13172,https://birth-navi.mhlw.go.jp/facilities/13172,2026-09-14T13:59:36.211Z
13173,https://birth-navi.mhlw.go.jp/facilities/13173,2026-09-14T12:56:53.041Z
13174,https://birth-navi.mhlw.go.jp/facilities/13174,2026-09-14T13:59:36.608Z
13175,https://birth-navi.mhlw.go.jp/facilities/13175,2026-09-14T13:59:36.869Z
13176,https://birth-navi.mhlw.go.jp/facilities/13176,2026-09-14T13:59:37.179Z
13177,https://birth-navi.mhlw.go.jp/facilities/13177,2026-09-14T13:59:37.481Z
13178,https://birth-navi.mhlw.go.jp/facilities/13178,2026-09-14T12:56:53.041Z
13179,https://birth-navi.mhlw.go.jp/facilities/13179,2026-09-14T12:56:53.041Z
13180,https://birth-navi.mhlw.go.jp/facilities/13180,2026-09-14T13:59:37.781Z
13181,https://birth-navi.mhlw.go.jp/facilities/13181,2026-09-14T13:59:38.085Z
13182,https://birth-navi.mhlw.go.jp/facilities/13182,2026-09-14T13:59:38.395Z
13183,https://birth-navi.mhlw.go.jp/facilities/13183,2026-09-14T12:56:53.041Z
13184,https://birth-navi.mhlw.go.jp/facilities/13184,2026-09-14T13:59:38.718Z
13185,https://birth-navi.mhlw.go.jp/facilities/13185,2026-09-14T13:59:39.018Z
13186,https://birth-navi.mhlw.go.jp/facilities/13186,2026-09-14T12:56:53.041Z
13187,https://birth-navi.mhlw.go.jp/facilities/13187,2026-09-14T12:56:53.041Z
13188,https://birth-navi.mhlw.go.jp/facilities/13188,2026-09-14T13:59:39.326Z
13189,https://birth-navi.mhlw.go.jp/facilities/13189,2026-09-14T13:59:39.648Z
13190,https://birth-navi.mhlw.go.jp/facilities/13190,2026-09-14T12:56:53.041Z
13191,https://birth-navi.mhlw.go.jp/facilities/13191,2026-09-14T22:40:49.846Z
13192,https://birth-navi.mhlw.go.jp/facilities/13192,2026-09-14T12:56:53.041Z
13193,https://birth-navi.mhlw.go.jp/facilities/13193,2026-09-14T12:56:53.041Z
13194,https://birth-navi.mhlw.go.jp/facilities/13194,2026-09-14T12:56:53.041Z
13195,https://birth-navi.mhlw.go.jp/facilities/13195,2026-09-14T12:56:53.041Z
13196,https://birth-navi.mhlw.go.jp/facilities/13196,2026-09-14T13:59:39.975Z
13197,https://birth-navi.mhlw.go.jp/facilities/13197,2026-09-14T22:40:49.846Z
13198,https://birth-navi.mhlw.go.jp/facilities/13198,2026-09-14T12:56:53.041Z
13199,https://birth-navi.mhlw.go.jp/facilities/13199,2026-09-14T12:56:53.041Z
13200,https://birth-navi.mhlw.go.jp/facilities/13200,2026-09-14T13:59:40.306Z
13201,https://birth-navi.mhlw.go.jp/facilities/13201,2026-09-14T13:59:40.651Z
13202,https://birth-navi.mhlw.go.jp/facilities/13202,2026-09-14T22:40:13.452Z
13203,https://birth-navi.mhlw.go.jp/facilities/13203,2026-09-14T13:59:40.965Z
13204,https://birth-navi.mhlw.go.jp/facilities/13204,2026-09-14T22:40:49.846Z
13205,https://birth-navi.mhlw.go.jp/facilities/13205,2026-09-14T12:56:53.041Z
13206,https://birth-navi.mhlw.go.jp/facilities/13206,2026-09-14T13:59:41.273Z
13207,https://birth-navi.mhlw.go.jp/facilities/13207,2026-09-14T13:59:41.617Z
13208,https://birth-navi.mhlw.go.jp/facilities/13208,2026-09-14T13:59:41.960Z
13209,https://birth-navi.mhlw.go.jp/facilities/13209,2026-09-14T12:56:53.041Z
13210,https://birth-navi.mhlw.go.jp/facilities/13210,2026-09-14T13:59:42.350Z
13211,https://birth-navi.mhlw.go.jp/facilities/13211,2026-09-14T13:59:42.674Z
13212,https://birth-navi.mhlw.go.jp/facilities/13212,2026-09-14T13:59:42.967Z
13213,https://birth-navi.mhlw.go.jp/facilities/13213,2026-09-14T13:59:43.266Z
13214,https://birth-navi.mhlw.go.jp/facilities/13214,2026-09-14T13:59:43.605Z
13215,https://birth-navi.mhlw.go.jp/facilities/13215,2026-09-14T13:59:43.923Z
13216,https://birth-navi.mhlw.go.jp/facilities/13216,2026-09-14T13:59:44.256Z
13217,https://birth-navi.mhlw.go.jp/facilities/13217,2026-09-14T13:59:44.582Z
13218,https://birth-navi.mhlw.go.jp/facilities/13218,2026-09-14T13:59:44.911Z
13219,https://birth-navi.mhlw.go.jp/facilities/13219,2026-09-14T13:59:45.239Z
13220,https://birth-navi.mhlw.go.jp/facilities/13220,2026-09-14T13:59:45.553Z
13221,https://birth-navi.mhlw.go.jp/facilities/13221,2026-09-14T12:56:53.041Z
13222,https://birth-navi.mhlw.go.jp/facilities/13222,2026-09-14T12:56:53.041Z
13223,https://birth-navi.mhlw.go.jp/facilities/13223,2026-09-14T12:56:53.041Z
13224,https://birth-navi.mhlw.go.jp/facilities/13224,2026-09-14T12:56:53.041Z
13225,https://birth-navi.mhlw.go.jp/facilities/13225,2026-09-14T13:59:45.867Z
13226,https://birth-navi.mhlw.go.jp/facilities/13226,2026-09-14T13:59:46.200Z
13227,https://birth-navi.mhlw.go.jp/facilities/13227,2026-09-14T13:59:46.500Z
13228,https://birth-navi.mhlw.go.jp/facilities/13228,2026-09-14T13:59:46.839Z
13229,https://birth-navi.mhlw.go.jp/facilities/13229,2026-09-14T13:59:47.149Z
13230,https://birth-navi.mhlw.go.jp/facilities/13230,2026-09-14T12:56:53.041Z
13231,https://birth-navi.mhlw.go.jp/facilities/13231,2026-09-14T12:56:53.041Z
13232,https://birth-navi.mhlw.go.jp/facilities/13232,2026-09-14T12:56:53.041Z
13233,https://birth-navi.mhlw.go.jp/facilities/13233,2026-09-14T13:59:47.445Z
13234,https://birth-navi.mhlw.go.jp/facilities/13234,2026-09-14T12:56:53.041Z
13235,https://birth-navi.mhlw.go.jp/facilities/13235,2026-09-14T12:56:53.041Z
13236,https://birth-navi.mhlw.go.jp/facilities/13236,2026-09-14T12:56:53.041Z
13237,https://birth-navi.mhlw.go.jp/facilities/13237,2026-09-14T13:59:47.771Z
13238,https://birth-navi.mhlw.go.jp/facilities/13238,2026-09-14T13:59:48.093Z
13239,https://birth-navi.mhlw.go.jp/facilities/13239,2026-09-14T13:59:48.408Z
13240,https://birth-navi.mhlw.go.jp/facilities/13240,2026-09-14T12:56:53.041Z
13241,https://birth-navi.mhlw.go.jp/facilities/13241,2026-09-14T12:56:53.041Z
13242,https://birth-navi.mhlw.go.jp/facilities/13242,2026-09-14T13:59:48.715Z
13243,https://birth-navi.mhlw.go.jp/facilities/13243,2026-09-14T12:56:53.041Z
13244,https://birth-navi.mhlw.go.jp/facilities/13244,2026-09-14T13:59:49.044Z
13245,https://birth-navi.mhlw.go.jp/facilities/13245,2026-09-14T12:56:53.041Z
13246,https://birth-navi.mhlw.go.jp/facilities/13246,2026-09-14T12:56:53.041Z
13247,https://birth-navi.mhlw.go.jp/facilities/13247,2026-09-14T13:59:49.394Z
13248,https://birth-navi.mhlw.go.jp/facilities/13248,2026-09-14T13:59:49.730Z
13249,https://birth-navi.mhlw.go.jp/facilities/13249,2026-09-14T22:40:13.452Z
13250,https://birth-navi.mhlw.go.jp/facilities/13250,2026-09-14T12:56:53.041Z
13251,https://birth-navi.mhlw.go.jp/facilities/13251,2026-09-14T13:59:50.034Z
13252,https://birth-navi.mhlw.go.jp/facilities/13252,2026-09-14T13:59:50.293Z
13253,https://birth-navi.mhlw.go.jp/facilities/13253,2026-09-14T13:59:50.600Z
13254,https://birth-navi.mhlw.go.jp/facilities/13254,2026-09-14T13:59:50.925Z
13255,https://birth-navi.mhlw.go.jp/facilities/13255,2026-09-14T13:59:51.236Z
13256,https://birth-navi.mhlw.go.jp/facilities/13256,2026-09-14T13:59:51.558Z
13257,https://birth-navi.mhlw.go.jp/facilities/13257,2026-09-14T13:59:51.910Z
13258,https://birth-navi.mhlw.go.jp/facilities/13258,2026-09-14T12:56:53.041Z
13259,https://birth-navi.mhlw.go.jp/facilities/13259,2026-09-14T12:56:53.041Z
13260,https://birth-navi.mhlw.go.jp/facilities/13260,2026-09-14T12:56:53.041Z
13261,https://birth-navi.mhlw.go.jp/facilities/13261,2026-09-14T12:56:53.041Z
13262,https://birth-navi.mhlw.go.jp/facilities/13262,2026-09-14T12:56:53.041Z
13263,https://birth-navi.mhlw.go.jp/facilities/13263,2026-09-14T12:56:53.041Z
13264,https://birth-navi.mhlw.go.jp/facilities/13264,2026-09-14T12:56:53.041Z
13265,https://birth-navi.mhlw.go.jp/facilities/13265,2026-09-14T12:56:53.041Z
13266,https://birth-navi.mhlw.go.jp/facilities/13266,2026-09-14T12:56:53.041Z
13267,https://birth-navi.mhlw.go.jp/facilities/13267,2026-09-14T12:56:53.041Z
13268,https://birth-navi.mhlw.go.jp/facilities/13268,2026-09-14T12:56:53.041Z
13269,https://birth-navi.mhlw.go.jp/facilities/13269,2026-09-14T12:56:53.041Z
13270,https://birth-navi.mhlw.go.jp/facilities/13270,2026-09-14T12:56:53.041Z
13271,https://birth-navi.mhlw.go.jp/facilities/13271,2026-09-14T13:59:52.343Z
13272,https://birth-navi.mhlw.go.jp/facilities/13272,2026-09-14T13:59:52.773Z
13273,https://birth-navi.mhlw.go.jp/facilities/13273,2026-09-14T13:59:53.086Z
13274,https://birth-navi.mhlw.go.jp/facilities/13274,2026-09-14T12:56:53.041Z
13275,https://birth-navi.mhlw.go.jp/facilities/13275,2026-09-14T12:56:53.041Z
13276,https://birth-navi.mhlw.go.jp/facilities/13276,2026-09-14T13:59:53.380Z
13277,https://birth-navi.mhlw.go.jp/facilities/13277,2026-09-14T13:59:53.781Z
13278,https://birth-navi.mhlw.go.jp/facilities/13278,2026-09-14T13:59:54.126Z
13279,https://birth-navi.mhlw.go.jp/facilities/13279,2026-09-14T13:59:54.428Z
13280,https://birth-navi.mhlw.go.jp/facilities/13280,2026-09-14T12:56:53.041Z
13281,https://birth-navi.mhlw.go.jp/facilities/13281,2026-09-14T12:56:53.041Z
13282,https://birth-navi.mhlw.go.jp/facilities/13282,2026-09-14T13:59:54.745Z
13283,https://birth-navi.mhlw.go.jp/facilities/13283,2026-09-14T13:59:55.071Z
13284,https://birth-navi.mhlw.go.jp/facilities/13284,2026-09-14T13:59:55.389Z
13285,https://birth-navi.mhlw.go.jp/facilities/13285,2026-09-14T12:56:53.041Z
13286,https://birth-navi.mhlw.go.jp/facilities/13286,2026-09-14T13:59:55.702Z
13287,https://birth-navi.mhlw.go.jp/facilities/13287,2026-09-14T13:59:56.056Z
13288,https://birth-navi.mhlw.go.jp/facilities/13288,2026-09-14T13:59:56.374Z
13289,https://birth-navi.mhlw.go.jp/facilities/13289,2026-09-14T13:59:56.733Z
13290,https://birth-navi.mhlw.go.jp/facilities/13290,2026-09-14T13:59:57.047Z
13291,https://birth-navi.mhlw.go.jp/facilities/13291,2026-09-14T13:59:57.384Z
13292,https://birth-navi.mhlw.go.jp/facilities/13292,2026-09-14T13:59:57.710Z
13293,https://birth-navi.mhlw.go.jp/facilities/13293,2026-09-14T13:59:58.051Z
13294,https://birth-navi.mhlw.go.jp/facilities/13294,2026-09-14T13:59:58.374Z
13295,https://birth-navi.mhlw.go.jp/facilities/13295,2026-09-14T13:59:58.841Z
13296,https://birth-navi.mhlw.go.jp/facilities/13296,2026-09-14T13:59:59.282Z
13297,https://birth-navi.mhlw.go.jp/facilities/13297,2026-09-14T13:59:59.655Z
13298,https://birth-navi.mhlw.go.jp/facilities/13298,2026-09-14T14:00:00.007Z
13299,https://birth-navi.mhlw.go.jp/facilities/13299,2026-09-14T14:00:00.408Z
13300,https://birth-navi.mhlw.go.jp/facilities/13300,2026-09-14T14:00:00.840Z
13301,https://birth-navi.mhlw.go.jp/facilities/13301,2026-09-14T14:00:01.278Z
13302,https://birth-navi.mhlw.go.jp/facilities/13302,2026-09-14T14:00:01.749Z
13303,https://birth-navi.mhlw.go.jp/facilities/13303,2026-09-14T14:00:02.247Z
13304,https://birth-navi.mhlw.go.jp/facilities/13304,2026-09-14T14:00:02.751Z
13305,https://birth-navi.mhlw.go.jp/facilities/13305,2026-09-14T14:00:03.115Z
13306,https://birth-navi.mhlw.go.jp/facilities/13306,2026-09-14T14:00:03.449Z
13307,https://birth-navi.mhlw.go.jp/facilities/13307,2026-09-14T12:56:53.041Z
13308,https://birth-navi.mhlw.go.jp/facilities/13308,2026-09-14T12:56:53.041Z
13309,https://birth-navi.mhlw.go.jp/facilities/13309,2026-09-14T14:00:03.814Z
13310,https://birth-navi.mhlw.go.jp/facilities/13310,2026-09-14T14:00:04.142Z
13311,https://birth-navi.mhlw.go.jp/facilities/13311,2026-09-14T14:00:04.553Z
13312,https://birth-navi.mhlw.go.jp/facilities/13312,2026-09-14T14:00:04.980Z
13313,https://birth-navi.mhlw.go.jp/facilities/13313,2026-09-14T14:00:05.326Z
13314,https://birth-navi.mhlw.go.jp/facilities/13314,2026-09-14T14:00:05.657Z
13315,https://birth-navi.mhlw.go.jp/facilities/13315,2026-09-14T14:00:05.987Z
13316,https://birth-navi.mhlw.go.jp/facilities/13316,2026-09-14T14:00:06.392Z
13317,https://birth-navi.mhlw.go.jp/facilities/13317,2026-09-14T14:00:06.716Z
13318,https://birth-navi.mhlw.go.jp/facilities/13318,2026-09-14T14:00:07.047Z
13319,https://birth-navi.mhlw.go.jp/facilities/13319,2026-09-14T14:00:07.371Z
13320,https://birth-navi.mhlw.go.jp/facilities/13320,2026-09-14T12:56:53.041Z
13321,https://birth-navi.mhlw.go.jp/facilities/13321,2026-09-14T12:56:53.041Z
13322,https://birth-navi.mhlw.go.jp/facilities/13322,2026-09-14T12:56:53.041Z
13323,https://birth-navi.mhlw.go.jp/facilities/13323,2026-09-14T14:00:07.689Z
13324,https://birth-navi.mhlw.go.jp/facilities/13324,2026-09-14T14:00:08.016Z
13325,https://birth-navi.mhlw.go.jp/facilities/13325,2026-09-14T14:00:08.366Z
13326,https://birth-navi.mhlw.go.jp/facilities/13326,2026-09-14T14:00:08.703Z
13327,https://birth-navi.mhlw.go.jp/facilities/13327,2026-09-14T14:00:09.042Z
13328,https://birth-navi.mhlw.go.jp/facilities/13328,2026-09-14T14:00:09.348Z
13329,https://birth-navi.mhlw.go.jp/facilities/13329,2026-09-14T14:00:09.683Z
13330,https://birth-navi.mhlw.go.jp/facilities/13330,2026-09-14T14:00:10.039Z
13331,https://birth-navi.mhlw.go.jp/facilities/13331,2026-09-14T12:56:53.041Z
13332,https://birth-navi.mhlw.go.jp/facilities/13332,2026-09-14T14:00:10.336Z
13333,https://birth-navi.mhlw.go.jp/facilities/13333,2026-09-14T14:00:10.664Z
13334,https://birth-navi.mhlw.go.jp/facilities/13334,2026-09-14T14:00:10.986Z
13335,https://birth-navi.mhlw.go.jp/facilities/13335,2026-09-14T14:00:11.293Z
13336,https://birth-navi.mhlw.go.jp/facilities/13336,2026-09-14T14:00:11.588Z
13337,https://birth-navi.mhlw.go.jp/facilities/13337,2026-09-14T14:00:11.893Z
13338,https://birth-navi.mhlw.go.jp/facilities/13338,2026-09-14T14:00:12.201Z
13339,https://birth-navi.mhlw.go.jp/facilities/13339,2026-09-14T14:00:12.518Z
13340,https://birth-navi.mhlw.go.jp/facilities/13340,2026-09-14T14:00:12.838Z
13341,https://birth-navi.mhlw.go.jp/facilities/13341,2026-09-14T14:00:13.157Z
13342,https://birth-navi.mhlw.go.jp/facilities/13342,2026-09-14T14:00:13.488Z
13343,https://birth-navi.mhlw.go.jp/facilities/13343,2026-09-14T14:00:13.799Z
13344,https://birth-navi.mhlw.go.jp/facilities/13344,2026-09-14T14:00:14.105Z
13345,https://birth-navi.mhlw.go.jp/facilities/13345,2026-09-14T14:00:14.402Z
13346,https://birth-navi.mhlw.go.jp/facilities/13346,2026-09-14T14:00:14.731Z
13347,https://birth-navi.mhlw.go.jp/facilities/13347,2026-09-14T14:00:15.040Z
13348,https://birth-navi.mhlw.go.jp/facilities/13348,2026-09-14T14:00:15.416Z
13349,https://birth-navi.mhlw.go.jp/facilities/13349,2026-09-14T14:00:15.749Z
13350,https://birth-navi.mhlw.go.jp/facilities/13350,2026-09-14T14:00:16.041Z
13351,https://birth-navi.mhlw.go.jp/facilities/13351,2026-09-14T14:00:16.353Z
13352,https://birth-navi.mhlw.go.jp/facilities/13352,2026-09-14T12:56:53.041Z
13353,https://birth-navi.mhlw.go.jp/facilities/13353,2026-09-14T14:00:16.680Z
13354,https://birth-navi.mhlw.go.jp/facilities/13354,2026-09-14T12:56:53.041Z
13355,https://birth-navi.mhlw.go.jp/facilities/13355,2026-09-14T12:56:53.041Z
13356,https://birth-navi.mhlw.go.jp/facilities/13356,2026-09-14T14:00:16.998Z
13357,https://birth-navi.mhlw.go.jp/facilities/13357,2026-09-14T14:00:17.308Z
13358,https://birth-navi.mhlw.go.jp/facilities/13358,2026-09-14T12:56:53.041Z
13359,https://birth-navi.mhlw.go.jp/facilities/13359,2026-09-14T14:00:17.634Z
13360,https://birth-navi.mhlw.go.jp/facilities/13360,2026-09-14T14:00:17.976Z
13361,https://birth-navi.mhlw.go.jp/facilities/13361,2026-09-14T14:00:18.280Z
13362,https://birth-navi.mhlw.go.jp/facilities/13362,2026-09-14T14:00:18.691Z
13363,https://birth-navi.mhlw.go.jp/facilities/13363,2026-09-14T14:00:18.999Z
13364,https://birth-navi.mhlw.go.jp/facilities/13364,2026-09-14T14:00:19.318Z
13365,https://birth-navi.mhlw.go.jp/facilities/13365,2026-09-14T14:00:19.667Z
13366,https://birth-navi.mhlw.go.jp/facilities/13366,2026-09-14T14:00:20.032Z
13367,https://birth-navi.mhlw.go.jp/facilities/13367,2026-09-14T14:00:20.350Z
13368,https://birth-navi.mhlw.go.jp/facilities/13368,2026-09-14T14:00:20.651Z
13369,https://birth-navi.mhlw.go.jp/facilities/13369,2026-09-14T22:40:13.452Z
13370,https://birth-navi.mhlw.go.jp/facilities/13370,2026-09-14T14:00:20.973Z
13371,https://birth-navi.mhlw.go.jp/facilities/13371,2026-09-14T22:40:13.452Z
13372,https://birth-navi.mhlw.go.jp/facilities/13372,2026-09-14T22:40:13.452Z
13373,https://birth-navi.mhlw.go.jp/facilities/13373,2026-09-14T22:40:49.846Z
13374,https://birth-navi.mhlw.go.jp/facilities/13374,2026-09-14T12:56:53.041Z
13375,https://birth-navi.mhlw.go.jp/facilities/13375,2026-09-14T12:56:53.041Z
13376,https://birth-navi.mhlw.go.jp/facilities/13376,2026-09-14T12:56:53.041Z
13377,https://birth-navi.mhlw.go.jp/facilities/13377,2026-09-14T22:40:49.846Z
13378,https://birth-navi.mhlw.go.jp/facilities/13378,2026-09-14T12:56:53.041Z
13379,https://birth-navi.mhlw.go.jp/facilities/13379,2026-09-14T14:00:21.282Z
13380,https://birth-navi.mhlw.go.jp/facilities/13380,2026-09-14T14:00:21.610Z
13381,https://birth-navi.mhlw.go.jp/facilities/13381,2026-09-14T22:40:49.846Z
13382,https://birth-navi.mhlw.go.jp/facilities/13382,2026-09-14T14:00:21.870Z
13383,https://birth-navi.mhlw.go.jp/facilities/13383,2026-09-14T14:00:22.193Z
13384,https://birth-navi.mhlw.go.jp/facilities/13384,2026-09-14T14:00:22.496Z
13385,https://birth-navi.mhlw.go.jp/facilities/13385,2026-09-14T14:00:22.808Z
13386,https://birth-navi.mhlw.go.jp/facilities/13386,2026-09-14T14:00:23.156Z
13387,https://birth-navi.mhlw.go.jp/facilities/13387,2026-09-14T14:00:23.501Z
13388,https://birth-navi.mhlw.go.jp/facilities/13388,2026-09-14T14:00:23.835Z
13389,https://birth-navi.mhlw.go.jp/facilities/13389,2026-09-14T14:00:24.165Z
13390,https://birth-navi.mhlw.go.jp/facilities/13390,2026-09-14T14:00:24.480Z
13391,https://birth-navi.mhlw.go.jp/facilities/13391,2026-09-14T12:56:53.041Z
13392,https://birth-navi.mhlw.go.jp/facilities/13392,2026-09-14T14:00:24.826Z
13393,https://birth-navi.mhlw.go.jp/facilities/13393,2026-09-14T14:00:25.138Z
13394,https://birth-navi.mhlw.go.jp/facilities/13394,2026-09-14T14:00:25.554Z
13395,https://birth-navi.mhlw.go.jp/facilities/13395,2026-09-14T14:00:25.908Z
13396,https://birth-navi.mhlw.go.jp/facilities/13396,2026-09-14T14:00:26.316Z
13397,https://birth-navi.mhlw.go.jp/facilities/13397,2026-09-14T14:00:26.736Z
13398,https://birth-navi.mhlw.go.jp/facilities/13398,2026-09-14T12:56:53.041Z
13399,https://birth-navi.mhlw.go.jp/facilities/13399,2026-09-14T12:56:53.041Z
13400,https://birth-navi.mhlw.go.jp/facilities/13400,2026-09-14T12:56:53.041Z
13401,https://birth-navi.mhlw.go.jp/facilities/13401,2026-09-14T12:56:53.041Z
13402,https://birth-navi.mhlw.go.jp/facilities/13402,2026-09-14T12:56:53.041Z
13403,https://birth-navi.mhlw.go.jp/facilities/13403,2026-09-14T12:56:53.041Z
13404,https://birth-navi.mhlw.go.jp/facilities/13404,2026-09-14T14:00:27.064Z
13405,https://birth-navi.mhlw.go.jp/facilities/13405,2026-09-14T14:00:27.383Z
13406,https://birth-navi.mhlw.go.jp/facilities/13406,2026-09-14T14:00:27.700Z
13407,https://birth-navi.mhlw.go.jp/facilities/13407,2026-09-14T12:56:53.041Z
13408,https://birth-navi.mhlw.go.jp/facilities/13408,2026-09-14T14:00:28.050Z
13409,https://birth-navi.mhlw.go.jp/facilities/13409,2026-09-14T14:00:28.372Z
13410,https://birth-navi.mhlw.go.jp/facilities/13410,2026-09-14T14:00:28.719Z
13411,https://birth-navi.mhlw.go.jp/facilities/13411,2026-09-14T12:56:53.041Z
13412,https://birth-navi.mhlw.go.jp/facilities/13412,2026-09-14T12:56:53.041Z
13413,https://birth-navi.mhlw.go.jp/facilities/13413,2026-09-14T12:56:53.041Z
13414,https://birth-navi.mhlw.go.jp/facilities/13414,2026-09-14T12:56:53.041Z
13415,https://birth-navi.mhlw.go.jp/facilities/13415,2026-09-14T12:56:53.041Z
13416,https://birth-navi.mhlw.go.jp/facilities/13416,2026-09-14T12:56:53.041Z
13417,https://birth-navi.mhlw.go.jp/facilities/13417,2026-09-14T14:00:29.036Z
13418,https://birth-navi.mhlw.go.jp/facilities/13418,2026-09-14T14:00:29.373Z
13419,https://birth-navi.mhlw.go.jp/facilities/13419,2026-09-14T14:00:29.680Z
13420,https://birth-navi.mhlw.go.jp/facilities/13420,2026-09-14T14:00:30.006Z
13421,https://birth-navi.mhlw.go.jp/facilities/13421,2026-09-14T14:00:30.321Z
13422,https://birth-navi.mhlw.go.jp/facilities/13422,2026-09-14T14:00:30.659Z
13423,https://birth-navi.mhlw.go.jp/facilities/13423,2026-09-14T14:00:30.985Z
13424,https://birth-navi.mhlw.go.jp/facilities/13424,2026-09-14T14:00:31.300Z
13425,https://birth-navi.mhlw.go.jp/facilities/13425,2026-09-14T12:56:53.041Z
13426,https://birth-navi.mhlw.go.jp/facilities/13426,2026-09-14T12:56:53.041Z
13427,https://birth-navi.mhlw.go.jp/facilities/13427,2026-09-14T14:00:31.616Z
13428,https://birth-navi.mhlw.go.jp/facilities/13428,2026-09-14T14:00:31.911Z
13429,https://birth-navi.mhlw.go.jp/facilities/13429,2026-09-14T14:00:32.226Z
13430,https://birth-navi.mhlw.go.jp/facilities/13430,2026-09-14T14:00:32.570Z
13431,https://birth-navi.mhlw.go.jp/facilities/13431,2026-09-14T14:00:32.827Z
13432,https://birth-navi.mhlw.go.jp/facilities/13432,2026-09-14T12:56:53.041Z
13433,https://birth-navi.mhlw.go.jp/facilities/13433,2026-09-14T14:00:33.177Z
13434,https://birth-navi.mhlw.go.jp/facilities/13434,2026-09-14T14:00:33.519Z
13435,https://birth-navi.mhlw.go.jp/facilities/13435,2026-09-14T14:00:33.863Z
13436,https://birth-navi.mhlw.go.jp/facilities/13436,2026-09-14T14:00:34.198Z
13437,https://birth-navi.mhlw.go.jp/facilities/13437,2026-09-14T14:00:34.553Z
13438,https://birth-navi.mhlw.go.jp/facilities/13438,2026-09-14T14:00:34.867Z
13439,https://birth-navi.mhlw.go.jp/facilities/13439,2026-09-14T14:00:35.227Z
13440,https://birth-navi.mhlw.go.jp/facilities/13440,2026-09-14T14:00:35.560Z
13441,https://birth-navi.mhlw.go.jp/facilities/13441,2026-09-14T12:56:53.041Z
13442,https://birth-navi.mhlw.go.jp/facilities/13442,2026-09-14T12:56:53.041Z
13443,https://birth-navi.mhlw.go.jp/facilities/13443,2026-09-14T12:56:53.041Z
13444,https://birth-navi.mhlw.go.jp/facilities/13444,2026-09-14T14:00:35.879Z
13445,https://birth-navi.mhlw.go.jp/facilities/13445,2026-09-14T14:00:36.199Z
13446,https://birth-navi.mhlw.go.jp/facilities/13446,2026-09-14T12:56:53.041Z
13447,https://birth-navi.mhlw.go.jp/facilities/13447,2026-09-14T12:56:53.041Z
13448,https://birth-navi.mhlw.go.jp/facilities/13448,2026-09-14T14:00:36.562Z
13449,https://birth-navi.mhlw.go.jp/facilities/13449,2026-09-14T12:56:53.041Z
13450,https://birth-navi.mhlw.go.jp/facilities/13450,2026-09-14T14:00:36.885Z
13451,https://birth-navi.mhlw.go.jp/facilities/13451,2026-09-14T14:00:37.211Z
13452,https://birth-navi.mhlw.go.jp/facilities/13452,2026-09-14T14:00:37.548Z
13453,https://birth-navi.mhlw.go.jp/facilities/13453,2026-09-14T14:00:37.863Z
13454,https://birth-navi.mhlw.go.jp/facilities/13454,2026-09-14T12:56:53.041Z
13455,https://birth-navi.mhlw.go.jp/facilities/13455,2026-09-14T12:56:53.041Z
13456,https://birth-navi.mhlw.go.jp/facilities/13456,2026-09-14T12:56:53.041Z
13457,https://birth-navi.mhlw.go.jp/facilities/13457,2026-09-14T14:00:38.226Z
13458,https://birth-navi.mhlw.go.jp/facilities/13458,2026-09-14T12:56:53.041Z
13459,https://birth-navi.mhlw.go.jp/facilities/13459,2026-09-14T12:56:53.041Z
13460,https://birth-navi.mhlw.go.jp/facilities/13460,2026-09-14T14:00:38.559Z
13461,https://birth-navi.mhlw.go.jp/facilities/13461,2026-09-14T12:56:53.041Z
13462,https://birth-navi.mhlw.go.jp/facilities/13462,2026-09-14T12:56:53.041Z
13463,https://birth-navi.mhlw.go.jp/facilities/13463,2026-09-14T12:56:53.041Z
13464,https://birth-navi.mhlw.go.jp/facilities/13464,2026-09-14T12:56:53.041Z
13465,https://birth-navi.mhlw.go.jp/facilities/13465,2026-09-14T12:56:53.041Z
13466,https://birth-navi.mhlw.go.jp/facilities/13466,2026-09-14T12:56:53.041Z
13467,https://birth-navi.mhlw.go.jp/facilities/13467,2026-09-14T14:00:38.888Z
13468,https://birth-navi.mhlw.go.jp/facilities/13468,2026-09-14T14:00:39.246Z
13469,https://birth-navi.mhlw.go.jp/facilities/13469,2026-09-14T12:56:53.041Z
13470,https://birth-navi.mhlw.go.jp/facilities/13470,2026-09-14T12:56:53.041Z
13471,https://birth-navi.mhlw.go.jp/facilities/13471,2026-09-14T14:00:39.592Z
13472,https://birth-navi.mhlw.go.jp/facilities/13472,2026-09-14T12:56:53.041Z
13473,https://birth-navi.mhlw.go.jp/facilities/13473,2026-09-14T12:56:53.041Z
13474,https://birth-navi.mhlw.go.jp/facilities/13474,2026-09-14T14:00:39.924Z
13475,https://birth-navi.mhlw.go.jp/facilities/13475,2026-09-14T14:00:40.263Z
13476,https://birth-navi.mhlw.go.jp/facilities/13476,2026-09-14T12:56:53.041Z
13477,https://birth-navi.mhlw.go.jp/facilities/13477,2026-09-14T14:00:40.610Z
13478,https://birth-navi.mhlw.go.jp/facilities/13478,2026-09-14T12:56:53.041Z
13479,https://birth-navi.mhlw.go.jp/facilities/13479,2026-09-14T14:00:40.938Z
13480,https://birth-navi.mhlw.go.jp/facilities/13480,2026-09-14T14:00:41.278Z
13481,https://birth-navi.mhlw.go.jp/facilities/13481,2026-09-14T14:00:41.590Z
13482,https://birth-navi.mhlw.go.jp/facilities/13482,2026-09-14T12:56:53.041Z
13483,https://birth-navi.mhlw.go.jp/facilities/13483,2026-09-14T12:56:53.041Z
13484,https://birth-navi.mhlw.go.jp/facilities/13484,2026-09-14T12:56:53.041Z
13485,https://birth-navi.mhlw.go.jp/facilities/13485,2026-09-14T14:00:41.943Z
13486,https://birth-navi.mhlw.go.jp/facilities/13486,2026-09-14T12:56:53.041Z
13487,https://birth-navi.mhlw.go.jp/facilities/13487,2026-09-14T12:56:53.041Z
13488,https://birth-navi.mhlw.go.jp/facilities/13488,2026-09-14T14:00:42.287Z
13489,https://birth-navi.mhlw.go.jp/facilities/13489,2026-09-14T12:56:53.041Z
13490,https://birth-navi.mhlw.go.jp/facilities/13490,2026-09-14T14:00:42.650Z
13491,https://birth-navi.mhlw.go.jp/facilities/13491,2026-09-14T14:00:42.976Z
13492,https://birth-navi.mhlw.go.jp/facilities/13492,2026-09-14T14:00:43.312Z
13493,https://birth-navi.mhlw.go.jp/facilities/13493,2026-09-14T14:00:43.634Z
13494,https://birth-navi.mhlw.go.jp/facilities/13494,2026-09-14T14:00:43.963Z
13495,https://birth-navi.mhlw.go.jp/facilities/13495,2026-09-14T14:00:44.281Z
13496,https://birth-navi.mhlw.go.jp/facilities/13496,2026-09-14T14:00:44.588Z
13497,https://birth-navi.mhlw.go.jp/facilities/13497,2026-09-14T14:00:44.939Z
13498,https://birth-navi.mhlw.go.jp/facilities/13498,2026-09-14T12:56:53.041Z
13499,https://birth-navi.mhlw.go.jp/facilities/13499,2026-09-14T14:00:45.265Z
13500,https://birth-navi.mhlw.go.jp/facilities/13500,2026-09-14T14:00:45.594Z
13501,https://birth-navi.mhlw.go.jp/facilities/13501,2026-09-14T12:56:53.041Z
13502,https://birth-navi.mhlw.go.jp/facilities/13502,2026-09-14T14:00:45.906Z
13503,https://birth-navi.mhlw.go.jp/facilities/13503,2026-09-14T14:00:46.236Z
13504,https://birth-navi.mhlw.go.jp/facilities/13504,2026-09-14T14:00:46.607Z
13505,https://birth-navi.mhlw.go.jp/facilities/13505,2026-09-14T14:00:46.916Z
13506,https://birth-navi.mhlw.go.jp/facilities/13506,2026-09-14T14:00:47.287Z
13507,https://birth-navi.mhlw.go.jp/facilities/13507,2026-09-14T14:00:47.609Z
13508,https://birth-navi.mhlw.go.jp/facilities/13508,2026-09-14T12:56:53.041Z
13509,https://birth-navi.mhlw.go.jp/facilities/13509,2026-09-14T12:56:53.041Z
13510,https://birth-navi.mhlw.go.jp/facilities/13510,2026-09-14T12:56:53.041Z
13511,https://birth-navi.mhlw.go.jp/facilities/13511,2026-09-14T12:56:53.041Z
13512,https://birth-navi.mhlw.go.jp/facilities/13512,2026-09-14T14:00:47.929Z
13513,https://birth-navi.mhlw.go.jp/facilities/13513,2026-09-14T14:00:48.248Z
13514,https://birth-navi.mhlw.go.jp/facilities/13514,2026-09-14T14:00:48.556Z
13515,https://birth-navi.mhlw.go.jp/facilities/13515,2026-09-14T12:56:53.041Z
13516,https://birth-navi.mhlw.go.jp/facilities/13516,2026-09-14T14:00:48.849Z
13517,https://birth-navi.mhlw.go.jp/facilities/13517,2026-09-14T14:00:49.170Z
13518,https://birth-navi.mhlw.go.jp/facilities/13518,2026-09-14T12:56:53.041Z
13519,https://birth-navi.mhlw.go.jp/facilities/13519,2026-09-14T12:56:53.041Z
13520,https://birth-navi.mhlw.go.jp/facilities/13520,2026-09-14T12:56:53.041Z
13521,https://birth-navi.mhlw.go.jp/facilities/13521,2026-09-14T14:00:49.474Z
13522,https://birth-navi.mhlw.go.jp/facilities/13522,2026-09-14T14:00:49.788Z
13523,https://birth-navi.mhlw.go.jp/facilities/13523,2026-09-14T14:00:50.103Z
13524,https://birth-navi.mhlw.go.jp/facilities/13524,2026-09-14T22:40:49.846Z
13525,https://birth-navi.mhlw.go.jp/facilities/13525,2026-09-14T14:00:50.429Z
13526,https://birth-navi.mhlw.go.jp/facilities/13526,2026-09-14T12:56:53.041Z
13527,https://birth-navi.mhlw.go.jp/facilities/13527,2026-09-14T14:00:50.734Z
13528,https://birth-navi.mhlw.go.jp/facilities/13528,2026-09-14T14:00:51.068Z
13529,https://birth-navi.mhlw.go.jp/facilities/13529,2026-09-14T12:56:53.041Z
13530,https://birth-navi.mhlw.go.jp/facilities/13530,2026-09-14T12:56:53.041Z
13531,https://birth-navi.mhlw.go.jp/facilities/13531,2026-09-14T14:00:51.366Z
13532,https://birth-navi.mhlw.go.jp/facilities/13532,2026-09-14T12:56:53.041Z
13533,https://birth-navi.mhlw.go.jp/facilities/13533,2026-09-14T14:00:51.664Z
13534,https://birth-navi.mhlw.go.jp/facilities/13534,2026-09-14T12:56:53.041Z
13535,https://birth-navi.mhlw.go.jp/facilities/13535,2026-09-14T12:56:53.041Z
13536,https://birth-navi.mhlw.go.jp/facilities/13536,2026-09-14T12:56:53.041Z
13537,https://birth-navi.mhlw.go.jp/facilities/13537,2026-09-14T14:00:51.964Z
13538,https://birth-navi.mhlw.go.jp/facilities/13538,2026-09-14T14:00:52.400Z
13539,https://birth-navi.mhlw.go.jp/facilities/13539,2026-09-14T14:00:52.756Z
13540,https://birth-navi.mhlw.go.jp/facilities/13540,2026-09-14T12:56:53.041Z
13541,https://birth-navi.mhlw.go.jp/facilities/13541,2026-09-14T12:56:53.041Z
13542,https://birth-navi.mhlw.go.jp/facilities/13542,2026-09-14T12:56:53.041Z
13543,https://birth-navi.mhlw.go.jp/facilities/13543,2026-09-14T12:56:53.041Z
13544,https://birth-navi.mhlw.go.jp/facilities/13544,2026-09-14T12:56:53.041Z
13545,https://birth-navi.mhlw.go.jp/facilities/13545,2026-09-14T12:56:53.041Z
13546,https://birth-navi.mhlw.go.jp/facilities/13546,2026-09-14T14:00:53.054Z
13547,https://birth-navi.mhlw.go.jp/facilities/13547,2026-09-14T12:56:53.041Z
13548,https://birth-navi.mhlw.go.jp/facilities/13548,2026-09-14T14:00:53.386Z
13549,https://birth-navi.mhlw.go.jp/facilities/13549,2026-09-14T12:56:53.041Z
13550,https://birth-navi.mhlw.go.jp/facilities/13550,2026-09-14T12:56:53.041Z
13551,https://birth-navi.mhlw.go.jp/facilities/13551,2026-09-14T14:00:53.690Z
13552,https://birth-navi.mhlw.go.jp/facilities/13552,2026-09-14T12:56:53.041Z
13553,https://birth-navi.mhlw.go.jp/facilities/13553,2026-09-14T12:56:53.041Z
13554,https://birth-navi.mhlw.go.jp/facilities/13554,2026-09-14T14:00:53.991Z
13555,https://birth-navi.mhlw.go.jp/facilities/13555,2026-09-14T14:00:54.330Z
13556,https://birth-navi.mhlw.go.jp/facilities/13556,2026-09-14T14:00:54.627Z
13557,https://birth-navi.mhlw.go.jp/facilities/13557,2026-09-14T14:00:54.914Z
13558,https://birth-navi.mhlw.go.jp/facilities/13558,2026-09-14T14:00:55.238Z
13559,https://birth-navi.mhlw.go.jp/facilities/13559,2026-09-14T14:00:55.550Z
13560,https://birth-navi.mhlw.go.jp/facilities/13560,2026-09-14T14:00:55.847Z
13561,https://birth-navi.mhlw.go.jp/facilities/13561,2026-09-14T14:00:56.199Z
13562,https://birth-navi.mhlw.go.jp/facilities/13562,2026-09-14T14:00:56.519Z
13563,https://birth-navi.mhlw.go.jp/facilities/13563,2026-09-14T14:00:56.857Z
13564,https://birth-navi.mhlw.go.jp/facilities/13564,2026-09-14T14:00:57.192Z
13565,https://birth-navi.mhlw.go.jp/facilities/13565,2026-09-14T14:00:57.499Z
13566,https://birth-navi.mhlw.go.jp/facilities/13566,2026-09-14T12:56:53.041Z
13567,https://birth-navi.mhlw.go.jp/facilities/13567,2026-09-14T12:56:53.041Z
13568,https://birth-navi.mhlw.go.jp/facilities/13568,2026-09-14T14:00:57.828Z
13569,https://birth-navi.mhlw.go.jp/facilities/13569,2026-09-14T14:00:58.158Z
13570,https://birth-navi.mhlw.go.jp/facilities/13570,2026-09-14T22:40:13.452Z
13571,https://birth-navi.mhlw.go.jp/facilities/13571,2026-09-14T14:00:58.488Z
13572,https://birth-navi.mhlw.go.jp/facilities/13572,2026-09-14T14:00:58.810Z
13573,https://birth-navi.mhlw.go.jp/facilities/13573,2026-09-14T22:40:13.452Z
13574,https://birth-navi.mhlw.go.jp/facilities/13574,2026-09-14T22:40:13.452Z
13575,https://birth-navi.mhlw.go.jp/facilities/13575,2026-09-14T12:56:53.041Z
13576,https://birth-navi.mhlw.go.jp/facilities/13576,2026-09-14T14:00:59.149Z
13577,https://birth-navi.mhlw.go.jp/facilities/13577,2026-09-14T14:00:59.458Z
13578,https://birth-navi.mhlw.go.jp/facilities/13578,2026-09-14T12:56:53.041Z
13579,https://birth-navi.mhlw.go.jp/facilities/13579,2026-09-14T12:56:53.041Z
13580,https://birth-navi.mhlw.go.jp/facilities/13580,2026-09-14T12:56:53.041Z
13581,https://birth-navi.mhlw.go.jp/facilities/13581,2026-09-14T22:40:13.452Z
13582,https://birth-navi.mhlw.go.jp/facilities/13582,2026-09-14T14:00:59.788Z
13583,https://birth-navi.mhlw.go.jp/facilities/13583,2026-09-14T14:01:00.159Z
13584,https://birth-navi.mhlw.go.jp/facilities/13584,2026-09-14T14:01:00.526Z
13585,https://birth-navi.mhlw.go.jp/facilities/13585,2026-09-14T14:01:00.845Z
13586,https://birth-navi.mhlw.go.jp/facilities/13586,2026-09-14T12:56:53.041Z
13587,https://birth-navi.mhlw.go.jp/facilities/13587,2026-09-14T14:01:01.147Z
13588,https://birth-navi.mhlw.go.jp/facilities/13588,2026-09-14T14:01:01.471Z
13589,https://birth-navi.mhlw.go.jp/facilities/13589,2026-09-14T14:01:01.783Z
13590,https://birth-navi.mhlw.go.jp/facilities/13590,2026-09-14T12:56:53.041Z
13591,https://birth-navi.mhlw.go.jp/facilities/13591,2026-09-14T14:01:02.129Z
13592,https://birth-navi.mhlw.go.jp/facilities/13592,2026-09-14T12:56:53.041Z
13593,https://birth-navi.mhlw.go.jp/facilities/13593,2026-09-14T12:56:53.041Z
13594,https://birth-navi.mhlw.go.jp/facilities/13594,2026-09-14T14:01:02.409Z
13595,https://birth-navi.mhlw.go.jp/facilities/13595,2026-09-14T14:01:02.773Z
13596,https://birth-navi.mhlw.go.jp/facilities/13596,2026-09-14T14:01:03.124Z
13597,https://birth-navi.mhlw.go.jp/facilities/13597,2026-09-14T12:56:53.041Z
13598,https://birth-navi.mhlw.go.jp/facilities/13598,2026-09-14T14:01:03.447Z
13599,https://birth-navi.mhlw.go.jp/facilities/13599,2026-09-14T14:01:03.762Z
13600,https://birth-navi.mhlw.go.jp/facilities/13600,2026-09-14T14:01:04.088Z
13601,https://birth-navi.mhlw.go.jp/facilities/13601,2026-09-14T14:01:04.390Z
13602,https://birth-navi.mhlw.go.jp/facilities/13602,2026-09-14T14:01:04.688Z
13603,https://birth-navi.mhlw.go.jp/facilities/13603,2026-09-14T14:01:05.006Z
13604,https://birth-navi.mhlw.go.jp/facilities/13604,2026-09-14T14:01:05.318Z
13605,https://birth-navi.mhlw.go.jp/facilities/13605,2026-09-14T14:01:05.681Z
13606,https://birth-navi.mhlw.go.jp/facilities/13606,2026-09-14T12:56:53.041Z
13607,https://birth-navi.mhlw.go.jp/facilities/13607,2026-09-14T14:01:06.006Z
13608,https://birth-navi.mhlw.go.jp/facilities/13608,2026-09-14T12:56:53.041Z
13609,https://birth-navi.mhlw.go.jp/facilities/13609,2026-09-14T12:56:53.041Z
13610,https://birth-navi.mhlw.go.jp/facilities/13610,2026-09-14T12:56:53.041Z
13611,https://birth-navi.mhlw.go.jp/facilities/13611,2026-09-14T14:01:06.352Z
13612,https://birth-navi.mhlw.go.jp/facilities/13612,2026-09-14T12:56:53.041Z
13613,https://birth-navi.mhlw.go.jp/facilities/13613,2026-09-14T12:56:53.041Z
13614,https://birth-navi.mhlw.go.jp/facilities/13614,2026-09-14T12:56:53.041Z
13615,https://birth-navi.mhlw.go.jp/facilities/13615,2026-09-14T12:56:53.041Z
13616,https://birth-navi.mhlw.go.jp/facilities/13616,2026-09-14T12:56:53.041Z
13617,https://birth-navi.mhlw.go.jp/facilities/13617,2026-09-14T14:01:06.675Z
13618,https://birth-navi.mhlw.go.jp/facilities/13618,2026-09-14T14:01:07.006Z
13619,https://birth-navi.mhlw.go.jp/facilities/13619,2026-09-14T14:01:07.310Z
13620,https://birth-navi.mhlw.go.jp/facilities/13620,2026-09-14T14:01:07.635Z
13621,https://birth-navi.mhlw.go.jp/facilities/13621,2026-09-14T14:01:07.952Z
13622,https://birth-navi.mhlw.go.jp/facilities/13622,2026-09-14T14:01:08.254Z
13623,https://birth-navi.mhlw.go.jp/facilities/13623,2026-09-14T22:40:49.846Z
13624,https://birth-navi.mhlw.go.jp/facilities/13624,2026-09-14T14:01:08.556Z
13625,https://birth-navi.mhlw.go.jp/facilities/13625,2026-09-14T14:01:09.050Z
13626,https://birth-navi.mhlw.go.jp/facilities/13626,2026-09-14T14:01:09.358Z
13627,https://birth-navi.mhlw.go.jp/facilities/13627,2026-09-14T14:01:09.679Z
13628,https://birth-navi.mhlw.go.jp/facilities/13628,2026-09-14T12:56:53.041Z
13629,https://birth-navi.mhlw.go.jp/facilities/13629,2026-09-14T12:56:53.041Z
13630,https://birth-navi.mhlw.go.jp/facilities/13630,2026-09-14T12:56:53.041Z
13631,https://birth-navi.mhlw.go.jp/facilities/13631,2026-09-14T14:01:09.997Z
13632,https://birth-navi.mhlw.go.jp/facilities/13632,2026-09-14T14:01:10.306Z
13633,https://birth-navi.mhlw.go.jp/facilities/13633,2026-09-14T12:56:53.041Z
13634,https://birth-navi.mhlw.go.jp/facilities/13634,2026-09-14T12:56:53.041Z
13635,https://birth-navi.mhlw.go.jp/facilities/13635,2026-09-14T12:56:53.041Z
13636,https://birth-navi.mhlw.go.jp/facilities/13636,2026-09-14T12:56:53.041Z
13637,https://birth-navi.mhlw.go.jp/facilities/13637,2026-09-14T22:40:49.846Z
13638,https://birth-navi.mhlw.go.jp/facilities/13638,2026-09-14T14:01:10.602Z
13639,https://birth-navi.mhlw.go.jp/facilities/13639,2026-09-14T22:40:49.846Z
13640,https://birth-navi.mhlw.go.jp/facilities/13640,2026-09-14T14:01:10.898Z
13641,https://birth-navi.mhlw.go.jp/facilities/13641,2026-09-14T12:56:53.041Z
13642,https://birth-navi.mhlw.go.jp/facilities/13642,2026-09-14T14:01:11.199Z
13643,https://birth-navi.mhlw.go.jp/facilities/13643,2026-09-14T14:01:11.503Z
13644,https://birth-navi.mhlw.go.jp/facilities/13644,2026-09-14T14:01:11.807Z
13645,https://birth-navi.mhlw.go.jp/facilities/13645,2026-09-14T14:01:12.098Z
13646,https://birth-navi.mhlw.go.jp/facilities/13646,2026-09-14T14:01:12.352Z
13647,https://birth-navi.mhlw.go.jp/facilities/13647,2026-09-14T14:01:12.650Z
13648,https://birth-navi.mhlw.go.jp/facilities/13648,2026-09-14T14:01:12.953Z
13649,https://birth-navi.mhlw.go.jp/facilities/13649,2026-09-14T14:01:13.271Z
13650,https://birth-navi.mhlw.go.jp/facilities/13650,2026-09-14T12:56:53.041Z
13651,https://birth-navi.mhlw.go.jp/facilities/13651,2026-09-14T14:01:13.587Z
13652,https://birth-navi.mhlw.go.jp/facilities/13652,2026-09-14T12:56:53.041Z
13653,https://birth-navi.mhlw.go.jp/facilities/13653,2026-09-14T12:56:53.041Z
13654,https://birth-navi.mhlw.go.jp/facilities/13654,2026-09-14T12:56:53.041Z
13655,https://birth-navi.mhlw.go.jp/facilities/13655,2026-09-14T12:56:53.041Z
13656,https://birth-navi.mhlw.go.jp/facilities/13656,2026-09-14T14:01:13.898Z
13657,https://birth-navi.mhlw.go.jp/facilities/13657,2026-09-14T12:56:53.041Z
13658,https://birth-navi.mhlw.go.jp/facilities/13658,2026-09-14T14:01:14.201Z
13659,https://birth-navi.mhlw.go.jp/facilities/13659,2026-09-14T14:01:14.531Z
13660,https://birth-navi.mhlw.go.jp/facilities/13660,2026-09-14T14:01:14.830Z
13661,https://birth-navi.mhlw.go.jp/facilities/13661,2026-09-14T14:01:15.135Z
13662,https://birth-navi.mhlw.go.jp/facilities/13662,2026-09-14T14:01:15.480Z
13663,https://birth-navi.mhlw.go.jp/facilities/13663,2026-09-14T12:56:53.041Z
13664,https://birth-navi.mhlw.go.jp/facilities/13664,2026-09-14T14:01:15.795Z
13665,https://birth-navi.mhlw.go.jp/facilities/13665,2026-09-14T12:56:53.041Z
13666,https://birth-navi.mhlw.go.jp/facilities/13666,2026-09-14T12:56:53.041Z
13667,https://birth-navi.mhlw.go.jp/facilities/13667,2026-09-14T12:56:53.041Z
13668,https://birth-navi.mhlw.go.jp/facilities/13668,2026-09-14T12:56:53.041Z
13669,https://birth-navi.mhlw.go.jp/facilities/13669,2026-09-14T12:56:53.041Z
13670,https://birth-navi.mhlw.go.jp/facilities/13670,2026-09-14T12:56:53.041Z
13671,https://birth-navi.mhlw.go.jp/facilities/13671,2026-09-14T12:56:53.041Z
13672,https://birth-navi.mhlw.go.jp/facilities/13672,2026-09-14T12:56:53.041Z
13673,https://birth-navi.mhlw.go.jp/facilities/13673,2026-09-14T12:56:53.041Z
13674,https://birth-navi.mhlw.go.jp/facilities/13674,2026-09-14T12:56:53.041Z
13675,https://birth-navi.mhlw.go.jp/facilities/13675,2026-09-14T12:56:53.041Z
13676,https://birth-navi.mhlw.go.jp/facilities/13676,2026-09-14T12:56:53.041Z
13677,https://birth-navi.mhlw.go.jp/facilities/13677,2026-09-14T12:56:53.041Z
13678,https://birth-navi.mhlw.go.jp/facilities/13678,2026-09-14T14:01:16.113Z
13679,https://birth-navi.mhlw.go.jp/facilities/13679,2026-09-14T12:56:53.041Z
13680,https://birth-navi.mhlw.go.jp/facilities/13680,2026-09-14T14:01:16.446Z
13681,https://birth-navi.mhlw.go.jp/facilities/13681,2026-09-14T14:01:16.753Z
13682,https://birth-navi.mhlw.go.jp/facilities/13682,2026-09-14T14:01:17.097Z
13683,https://birth-navi.mhlw.go.jp/facilities/13683,2026-09-14T14:01:17.415Z
13684,https://birth-navi.mhlw.go.jp/facilities/13684,2026-09-14T14:01:17.726Z
13685,https://birth-navi.mhlw.go.jp/facilities/13685,2026-09-14T14:01:18.063Z
13686,https://birth-navi.mhlw.go.jp/facilities/13686,2026-09-14T14:01:18.378Z
13687,https://birth-navi.mhlw.go.jp/facilities/13687,2026-09-14T14:01:18.684Z
13688,https://birth-navi.mhlw.go.jp/facilities/13688,2026-09-14T14:01:19.035Z
13689,https://birth-navi.mhlw.go.jp/facilities/13689,2026-09-14T12:56:53.041Z
13690,https://birth-navi.mhlw.go.jp/facilities/13690,2026-09-14T14:01:19.373Z
13691,https://birth-navi.mhlw.go.jp/facilities/13691,2026-09-14T14:01:19.687Z
13692,https://birth-navi.mhlw.go.jp/facilities/13692,2026-09-14T12:56:53.041Z
13693,https://birth-navi.mhlw.go.jp/facilities/13693,2026-09-14T12:56:53.041Z
13694,https://birth-navi.mhlw.go.jp/facilities/13694,2026-09-14T12:56:53.041Z
13695,https://birth-navi.mhlw.go.jp/facilities/13695,2026-09-14T14:01:20.013Z
13696,https://birth-navi.mhlw.go.jp/facilities/13696,2026-09-14T14:01:20.320Z
13697,https://birth-navi.mhlw.go.jp/facilities/13697,2026-09-14T12:56:53.041Z
13698,https://birth-navi.mhlw.go.jp/facilities/13698,2026-09-14T12:56:53.041Z
13699,https://birth-navi.mhlw.go.jp/facilities/13699,2026-09-14T14:01:20.623Z
13700,https://birth-navi.mhlw.go.jp/facilities/13700,2026-09-14T22:40:49.846Z
13701,https://birth-navi.mhlw.go.jp/facilities/13701,2026-09-14T14:01:20.938Z
13702,https://birth-navi.mhlw.go.jp/facilities/13702,2026-09-14T14:01:21.275Z
13703,https://birth-navi.mhlw.go.jp/facilities/13703,2026-09-14T12:56:53.041Z
13704,https://birth-navi.mhlw.go.jp/facilities/13704,2026-09-14T14:01:21.613Z
13705,https://birth-navi.mhlw.go.jp/facilities/13705,2026-09-14T14:01:21.927Z
13706,https://birth-navi.mhlw.go.jp/facilities/13706,2026-09-14T12:56:53.041Z
13707,https://birth-navi.mhlw.go.jp/facilities/13707,2026-09-14T12:56:53.041Z
13708,https://birth-navi.mhlw.go.jp/facilities/13708,2026-09-14T14:01:22.251Z
13709,https://birth-navi.mhlw.go.jp/facilities/13709,2026-09-14T12:56:53.041Z
13710,https://birth-navi.mhlw.go.jp/facilities/13710,2026-09-14T12:56:53.041Z
13711,https://birth-navi.mhlw.go.jp/facilities/13711,2026-09-14T14:01:22.565Z
13712,https://birth-navi.mhlw.go.jp/facilities/13712,2026-09-14T12:56:53.041Z
13713,https://birth-navi.mhlw.go.jp/facilities/13713,2026-09-14T14:01:22.859Z
13714,https://birth-navi.mhlw.go.jp/facilities/13714,2026-09-14T14:01:23.121Z
13715,https://birth-navi.mhlw.go.jp/facilities/13715,2026-09-14T22:40:49.846Z
13716,https://birth-navi.mhlw.go.jp/facilities/13716,2026-09-14T14:01:23.421Z
13717,https://birth-navi.mhlw.go.jp/facilities/13717,2026-09-14T14:01:23.730Z
13718,https://birth-navi.mhlw.go.jp/facilities/13718,2026-09-14T12:56:53.041Z
13719,https://birth-navi.mhlw.go.jp/facilities/13719,2026-09-14T12:56:53.041Z
13720,https://birth-navi.mhlw.go.jp/facilities/13720,2026-09-14T14:01:24.041Z
13721,https://birth-navi.mhlw.go.jp/facilities/13721,2026-09-14T14:01:24.365Z
13722,https://birth-navi.mhlw.go.jp/facilities/13722,2026-09-14T14:01:24.716Z
13723,https://birth-navi.mhlw.go.jp/facilities/13723,2026-09-14T12:56:53.041Z
13724,https://birth-navi.mhlw.go.jp/facilities/13724,2026-09-14T14:01:25.057Z
13725,https://birth-navi.mhlw.go.jp/facilities/13725,2026-09-14T14:01:25.369Z
13726,https://birth-navi.mhlw.go.jp/facilities/13726,2026-09-14T14:01:25.715Z
13727,https://birth-navi.mhlw.go.jp/facilities/13727,2026-09-14T14:01:26.054Z
13728,https://birth-navi.mhlw.go.jp/facilities/13728,2026-09-14T14:01:26.393Z
13729,https://birth-navi.mhlw.go.jp/facilities/13729,2026-09-14T14:01:26.702Z
13730,https://birth-navi.mhlw.go.jp/facilities/13730,2026-09-14T12:56:53.041Z
13731,https://birth-navi.mhlw.go.jp/facilities/13731,2026-09-14T12:56:53.041Z
13732,https://birth-navi.mhlw.go.jp/facilities/13732,2026-09-14T14:01:26.966Z
13733,https://birth-navi.mhlw.go.jp/facilities/13733,2026-09-14T14:01:27.281Z
13734,https://birth-navi.mhlw.go.jp/facilities/13734,2026-09-14T14:01:27.582Z
13735,https://birth-navi.mhlw.go.jp/facilities/13735,2026-09-14T14:01:27.916Z
13736,https://birth-navi.mhlw.go.jp/facilities/13736,2026-09-14T12:56:53.041Z
13737,https://birth-navi.mhlw.go.jp/facilities/13737,2026-09-14T12:56:53.041Z
13738,https://birth-navi.mhlw.go.jp/facilities/13738,2026-09-14T12:56:53.041Z
13739,https://birth-navi.mhlw.go.jp/facilities/13739,2026-09-14T12:56:53.041Z
13740,https://birth-navi.mhlw.go.jp/facilities/13740,2026-09-14T12:56:53.041Z
13741,https://birth-navi.mhlw.go.jp/facilities/13741,2026-09-14T12:56:53.041Z
13742,https://birth-navi.mhlw.go.jp/facilities/13742,2026-09-14T12:56:53.041Z
13743,https://birth-navi.mhlw.go.jp/facilities/13743,2026-09-14T14:01:28.217Z
13744,https://birth-navi.mhlw.go.jp/facilities/13744,2026-09-14T12:56:53.041Z
13745,https://birth-navi.mhlw.go.jp/facilities/13745,2026-09-14T14:01:28.519Z
13746,https://birth-navi.mhlw.go.jp/facilities/13746,2026-09-14T12:56:53.041Z
13747,https://birth-navi.mhlw.go.jp/facilities/13747,2026-09-14T14:01:28.827Z
13748,https://birth-navi.mhlw.go.jp/facilities/13748,2026-09-14T12:56:53.041Z
13749,https://birth-navi.mhlw.go.jp/facilities/13749,2026-09-14T14:01:29.162Z
13750,https://birth-navi.mhlw.go.jp/facilities/13750,2026-09-14T14:01:29.507Z
13751,https://birth-navi.mhlw.go.jp/facilities/13751,2026-09-14T12:56:53.041Z
13752,https://birth-navi.mhlw.go.jp/facilities/13752,2026-09-14T14:01:29.813Z
13753,https://birth-navi.mhlw.go.jp/facilities/13753,2026-09-14T12:56:53.041Z
13754,https://birth-navi.mhlw.go.jp/facilities/13754,2026-09-14T14:01:30.096Z
13755,https://birth-navi.mhlw.go.jp/facilities/13755,2026-09-14T14:01:30.480Z
13756,https://birth-navi.mhlw.go.jp/facilities/13756,2026-09-14T14:01:30.809Z
13757,https://birth-navi.mhlw.go.jp/facilities/13757,2026-09-14T14:01:31.120Z
13758,https://birth-navi.mhlw.go.jp/facilities/13758,2026-09-14T14:01:31.434Z
13759,https://birth-navi.mhlw.go.jp/facilities/13759,2026-09-14T22:40:49.846Z
13760,https://birth-navi.mhlw.go.jp/facilities/13760,2026-09-14T14:01:31.735Z
13761,https://birth-navi.mhlw.go.jp/facilities/13761,2026-09-14T22:40:49.846Z
13762,https://birth-navi.mhlw.go.jp/facilities/13762,2026-09-14T14:01:32.032Z
13763,https://birth-navi.mhlw.go.jp/facilities/13763,2026-09-14T14:01:32.356Z
13764,https://birth-navi.mhlw.go.jp/facilities/13764,2026-09-14T22:40:49.846Z
13765,https://birth-navi.mhlw.go.jp/facilities/13765,2026-09-14T12:56:53.041Z
13766,https://birth-navi.mhlw.go.jp/facilities/13766,2026-09-14T12:56:53.041Z
13767,https://birth-navi.mhlw.go.jp/facilities/13767,2026-09-14T14:01:32.688Z
13768,https://birth-navi.mhlw.go.jp/facilities/13768,2026-09-14T14:01:32.990Z
13769,https://birth-navi.mhlw.go.jp/facilities/13769,2026-09-14T14:01:33.300Z
13770,https://birth-navi.mhlw.go.jp/facilities/13770,2026-09-14T14:01:33.596Z
13771,https://birth-navi.mhlw.go.jp/facilities/13771,2026-09-14T12:56:53.041Z
13772,https://birth-navi.mhlw.go.jp/facilities/13772,2026-09-14T14:01:33.884Z
13773,https://birth-navi.mhlw.go.jp/facilities/13773,2026-09-14T14:01:34.221Z
13774,https://birth-navi.mhlw.go.jp/facilities/13774,2026-09-14T14:01:34.522Z
13775,https://birth-navi.mhlw.go.jp/facilities/13775,2026-09-14T14:01:34.846Z
13776,https://birth-navi.mhlw.go.jp/facilities/13776,2026-09-14T14:01:35.138Z
13777,https://birth-navi.mhlw.go.jp/facilities/13777,2026-09-14T14:01:35.462Z
13778,https://birth-navi.mhlw.go.jp/facilities/13778,2026-09-14T14:01:35.796Z
13779,https://birth-navi.mhlw.go.jp/facilities/13779,2026-09-14T14:01:36.092Z
13780,https://birth-navi.mhlw.go.jp/facilities/13780,2026-09-14T14:01:36.401Z
13781,https://birth-navi.mhlw.go.jp/facilities/13781,2026-09-14T14:01:36.712Z
13782,https://birth-navi.mhlw.go.jp/facilities/13782,2026-09-14T14:01:37.014Z
13783,https://birth-navi.mhlw.go.jp/facilities/13783,2026-09-14T14:01:37.321Z
13784,https://birth-navi.mhlw.go.jp/facilities/13784,2026-09-14T14:01:37.610Z
13785,https://birth-navi.mhlw.go.jp/facilities/13785,2026-09-14T14:01:37.906Z
13786,https://birth-navi.mhlw.go.jp/facilities/13786,2026-09-14T14:01:38.224Z
13787,https://birth-navi.mhlw.go.jp/facilities/13787,2026-09-14T14:01:38.482Z
13788,https://birth-navi.mhlw.go.jp/facilities/13788,2026-09-14T12:56:53.041Z
13789,https://birth-navi.mhlw.go.jp/facilities/13789,2026-09-14T14:01:38.803Z
13790,https://birth-navi.mhlw.go.jp/facilities/13790,2026-09-14T14:01:39.104Z
13791,https://birth-navi.mhlw.go.jp/facilities/13791,2026-09-14T14:01:39.416Z
13792,https://birth-navi.mhlw.go.jp/facilities/13792,2026-09-14T14:01:39.730Z
13793,https://birth-navi.mhlw.go.jp/facilities/13793,2026-09-14T14:01:40.038Z
13794,https://birth-navi.mhlw.go.jp/facilities/13794,2026-09-14T14:01:40.360Z
13795,https://birth-navi.mhlw.go.jp/facilities/13795,2026-09-14T14:01:40.672Z
13796,https://birth-navi.mhlw.go.jp/facilities/13796,2026-09-14T14:01:41.003Z
13797,https://birth-navi.mhlw.go.jp/facilities/13797,2026-09-14T12:56:53.041Z
13798,https://birth-navi.mhlw.go.jp/facilities/13798,2026-09-14T14:01:41.296Z
13799,https://birth-navi.mhlw.go.jp/facilities/13799,2026-09-14T12:56:53.041Z
13800,https://birth-navi.mhlw.go.jp/facilities/13800,2026-09-14T12:56:53.041Z
13801,https://birth-navi.mhlw.go.jp/facilities/13801,2026-09-14T22:40:49.846Z
13802,https://birth-navi.mhlw.go.jp/facilities/13802,2026-09-14T12:56:53.041Z
13803,https://birth-navi.mhlw.go.jp/facilities/13803,2026-09-14T14:01:41.604Z
13804,https://birth-navi.mhlw.go.jp/facilities/13804,2026-09-14T12:56:53.041Z
13805,https://birth-navi.mhlw.go.jp/facilities/13805,2026-09-14T12:56:53.041Z
13806,https://birth-navi.mhlw.go.jp/facilities/13806,2026-09-14T12:56:53.041Z
13807,https://birth-navi.mhlw.go.jp/facilities/13807,2026-09-14T14:01:41.910Z
13808,https://birth-navi.mhlw.go.jp/facilities/13808,2026-09-14T12:56:53.041Z
13809,https://birth-navi.mhlw.go.jp/facilities/13809,2026-09-14T12:56:53.041Z
13810,https://birth-navi.mhlw.go.jp/facilities/13810,2026-09-14T14:01:42.218Z
13811,https://birth-navi.mhlw.go.jp/facilities/13811,2026-09-14T12:56:53.041Z
13812,https://birth-navi.mhlw.go.jp/facilities/13812,2026-09-14T14:01:42.487Z
13813,https://birth-navi.mhlw.go.jp/facilities/13813,2026-09-14T12:56:53.041Z
13814,https://birth-navi.mhlw.go.jp/facilities/13814,2026-09-14T14:01:42.787Z
13815,https://birth-navi.mhlw.go.jp/facilities/13815,2026-09-14T14:01:43.099Z
13816,https://birth-navi.mhlw.go.jp/facilities/13816,2026-09-14T12:56:53.041Z
13817,https://birth-navi.mhlw.go.jp/facilities/13817,2026-09-14T12:56:53.041Z
13818,https://birth-navi.mhlw.go.jp/facilities/13818,2026-09-14T14:01:43.423Z
13819,https://birth-navi.mhlw.go.jp/facilities/13819,2026-09-14T12:56:53.041Z
13820,https://birth-navi.mhlw.go.jp/facilities/13820,2026-09-14T12:56:53.041Z
13821,https://birth-navi.mhlw.go.jp/facilities/13821,2026-09-14T22:40:49.846Z
13822,https://birth-navi.mhlw.go.jp/facilities/13822,2026-09-14T12:56:53.041Z
13823,https://birth-navi.mhlw.go.jp/facilities/13823,2026-09-14T14:01:43.724Z
13824,https://birth-navi.mhlw.go.jp/facilities/13824,2026-09-14T12:56:53.041Z
13825,https://birth-navi.mhlw.go.jp/facilities/13825,2026-09-14T12:56:53.041Z
13826,https://birth-navi.mhlw.go.jp/facilities/13826,2026-09-14T12:56:53.041Z
13827,https://birth-navi.mhlw.go.jp/facilities/13827,2026-09-14T12:56:53.041Z
13828,https://birth-navi.mhlw.go.jp/facilities/13828,2026-09-14T12:56:53.041Z
13829,https://birth-navi.mhlw.go.jp/facilities/13829,2026-09-14T12:56:53.041Z
13830,https://birth-navi.mhlw.go.jp/facilities/13830,2026-09-14T12:56:53.041Z
13831,https://birth-navi.mhlw.go.jp/facilities/13831,2026-09-14T12:56:53.041Z
13832,https://birth-navi.mhlw.go.jp/facilities/13832,2026-09-14T14:01:44.027Z
13833,https://birth-navi.mhlw.go.jp/facilities/13833,2026-09-14T14:01:44.289Z
13834,https://birth-navi.mhlw.go.jp/facilities/13834,2026-09-14T14:01:44.582Z
13835,https://birth-navi.mhlw.go.jp/facilities/13835,2026-09-14T14:01:44.897Z
13836,https://birth-navi.mhlw.go.jp/facilities/13836,2026-09-14T14:01:45.247Z
13837,https://birth-navi.mhlw.go.jp/facilities/13837,2026-09-14T12:56:53.041Z
13838,https://birth-navi.mhlw.go.jp/facilities/13838,2026-09-14T12:56:53.041Z
13839,https://birth-navi.mhlw.go.jp/facilities/13839,2026-09-14T12:56:53.041Z
13840,https://birth-navi.mhlw.go.jp/facilities/13840,2026-09-14T12:56:53.041Z
13841,https://birth-navi.mhlw.go.jp/facilities/13841,2026-09-14T12:56:53.041Z
13842,https://birth-navi.mhlw.go.jp/facilities/13842,2026-09-14T12:56:53.041Z
13843,https://birth-navi.mhlw.go.jp/facilities/13843,2026-09-14T12:56:53.041Z
13844,https://birth-navi.mhlw.go.jp/facilities/13844,2026-09-14T12:56:53.041Z
13845,https://birth-navi.mhlw.go.jp/facilities/13845,2026-09-14T12:56:53.041Z
13846,https://birth-navi.mhlw.go.jp/facilities/13846,2026-09-14T12:56:53.041Z
13847,https://birth-navi.mhlw.go.jp/facilities/13847,2026-09-14T12:56:53.041Z
13848,https://birth-navi.mhlw.go.jp/facilities/13848,2026-09-14T14:01:45.569Z
13849,https://birth-navi.mhlw.go.jp/facilities/13849,2026-09-14T14:01:45.884Z
13850,https://birth-navi.mhlw.go.jp/facilities/13850,2026-09-14T14:01:46.186Z
13851,https://birth-navi.mhlw.go.jp/facilities/13851,2026-09-14T14:01:46.507Z
13852,https://birth-navi.mhlw.go.jp/facilities/13852,2026-09-14T14:01:46.820Z
13853,https://birth-navi.mhlw.go.jp/facilities/13853,2026-09-14T14:01:47.136Z
13854,https://birth-navi.mhlw.go.jp/facilities/13854,2026-09-14T14:01:47.448Z
13855,https://birth-navi.mhlw.go.jp/facilities/13855,2026-09-14T14:01:47.788Z
13856,https://birth-navi.mhlw.go.jp/facilities/13856,2026-09-14T12:56:53.041Z
13857,https://birth-navi.mhlw.go.jp/facilities/13857,2026-09-14T14:01:48.099Z
13858,https://birth-navi.mhlw.go.jp/facilities/13858,2026-09-14T14:01:48.389Z
13859,https://birth-navi.mhlw.go.jp/facilities/13859,2026-09-14T14:01:48.688Z
13860,https://birth-navi.mhlw.go.jp/facilities/13860,2026-09-14T14:01:48.991Z
13861,https://birth-navi.mhlw.go.jp/facilities/13861,2026-09-14T14:01:49.326Z
13862,https://birth-navi.mhlw.go.jp/facilities/13862,2026-09-14T14:01:49.621Z
13863,https://birth-navi.mhlw.go.jp/facilities/13863,2026-09-14T14:01:49.911Z
13864,https://birth-navi.mhlw.go.jp/facilities/13864,2026-09-14T14:01:50.176Z
13865,https://birth-navi.mhlw.go.jp/facilities/13865,2026-09-14T14:01:50.493Z
13866,https://birth-navi.mhlw.go.jp/facilities/13866,2026-09-14T14:01:50.790Z
13867,https://birth-navi.mhlw.go.jp/facilities/13867,2026-09-14T14:01:51.107Z
13868,https://birth-navi.mhlw.go.jp/facilities/13868,2026-09-14T12:56:53.041Z
13869,https://birth-navi.mhlw.go.jp/facilities/13869,2026-09-14T14:01:51.424Z
13870,https://birth-navi.mhlw.go.jp/facilities/13870,2026-09-14T14:01:51.753Z
13871,https://birth-navi.mhlw.go.jp/facilities/13871,2026-09-14T14:01:52.055Z
13872,https://birth-navi.mhlw.go.jp/facilities/13872,2026-09-14T22:40:49.846Z
13873,https://birth-navi.mhlw.go.jp/facilities/13873,2026-09-14T14:01:52.361Z
13874,https://birth-navi.mhlw.go.jp/facilities/13874,2026-09-14T14:01:52.675Z
13875,https://birth-navi.mhlw.go.jp/facilities/13875,2026-09-14T14:01:52.980Z
13876,https://birth-navi.mhlw.go.jp/facilities/13876,2026-09-14T14:01:53.301Z
13877,https://birth-navi.mhlw.go.jp/facilities/13877,2026-09-14T14:01:53.597Z
13878,https://birth-navi.mhlw.go.jp/facilities/13878,2026-09-14T14:01:53.914Z
13879,https://birth-navi.mhlw.go.jp/facilities/13879,2026-09-14T14:01:54.220Z
13880,https://birth-navi.mhlw.go.jp/facilities/13880,2026-09-14T12:56:53.041Z
13881,https://birth-navi.mhlw.go.jp/facilities/13881,2026-09-14T12:56:53.041Z
13882,https://birth-navi.mhlw.go.jp/facilities/13882,2026-09-14T12:56:53.041Z
13883,https://birth-navi.mhlw.go.jp/facilities/13883,2026-09-14T12:56:53.041Z
13884,https://birth-navi.mhlw.go.jp/facilities/13884,2026-09-14T22:40:49.846Z
13885,https://birth-navi.mhlw.go.jp/facilities/13885,2026-09-14T22:40:49.846Z
13886,https://birth-navi.mhlw.go.jp/facilities/13886,2026-09-14T12:56:53.041Z
13887,https://birth-navi.mhlw.go.jp/facilities/13887,2026-09-14T14:01:54.522Z
13888,https://birth-navi.mhlw.go.jp/facilities/13888,2026-09-14T14:01:54.824Z
13889,https://birth-navi.mhlw.go.jp/facilities/13889,2026-09-14T12:56:53.041Z
13890,https://birth-navi.mhlw.go.jp/facilities/13890,2026-09-14T12:56:53.041Z
13891,https://birth-navi.mhlw.go.jp/facilities/13891,2026-09-14T14:01:55.151Z
13892,https://birth-navi.mhlw.go.jp/facilities/13892,2026-09-14T14:01:55.477Z
13893,https://birth-navi.mhlw.go.jp/facilities/13893,2026-09-14T12:56:53.041Z
13894,https://birth-navi.mhlw.go.jp/facilities/13894,2026-09-14T12:56:53.041Z
13895,https://birth-navi.mhlw.go.jp/facilities/13895,2026-09-14T12:56:53.041Z
13896,https://birth-navi.mhlw.go.jp/facilities/13896,2026-09-14T12:56:53.041Z
13897,https://birth-navi.mhlw.go.jp/facilities/13897,2026-09-14T12:56:53.041Z
13898,https://birth-navi.mhlw.go.jp/facilities/13898,2026-09-14T14:01:55.798Z
13899,https://birth-navi.mhlw.go.jp/facilities/13899,2026-09-14T14:01:56.088Z
13900,https://birth-navi.mhlw.go.jp/facilities/13900,2026-09-14T14:01:56.394Z
13901,https://birth-navi.mhlw.go.jp/facilities/13901,2026-09-14T14:01:56.704Z
13902,https://birth-navi.mhlw.go.jp/facilities/13902,2026-09-14T14:01:57.015Z
13903,https://birth-navi.mhlw.go.jp/facilities/13903,2026-09-14T14:01:57.278Z
13904,https://birth-navi.mhlw.go.jp/facilities/13904,2026-09-14T14:01:57.587Z
13905,https://birth-navi.mhlw.go.jp/facilities/13905,2026-09-14T14:01:57.887Z
13906,https://birth-navi.mhlw.go.jp/facilities/13906,2026-09-14T14:01:58.189Z
13907,https://birth-navi.mhlw.go.jp/facilities/13907,2026-09-14T14:01:58.513Z
13908,https://birth-navi.mhlw.go.jp/facilities/13908,2026-09-14T14:01:58.810Z
13909,https://birth-navi.mhlw.go.jp/facilities/13909,2026-09-14T14:01:59.114Z
13910,https://birth-navi.mhlw.go.jp/facilities/13910,2026-09-14T14:01:59.453Z
13911,https://birth-navi.mhlw.go.jp/facilities/13911,2026-09-14T14:01:59.825Z
13912,https://birth-navi.mhlw.go.jp/facilities/13912,2026-09-14T14:02:00.164Z
13913,https://birth-navi.mhlw.go.jp/facilities/13913,2026-09-14T14:02:00.517Z
13914,https://birth-navi.mhlw.go.jp/facilities/13914,2026-09-14T14:02:00.866Z
13915,https://birth-navi.mhlw.go.jp/facilities/13915,2026-09-14T14:02:01.207Z
13916,https://birth-navi.mhlw.go.jp/facilities/13916,2026-09-14T14:02:01.518Z
13917,https://birth-navi.mhlw.go.jp/facilities/13917,2026-09-14T14:02:01.847Z
13918,https://birth-navi.mhlw.go.jp/facilities/13918,2026-09-14T14:02:02.169Z
13919,https://birth-navi.mhlw.go.jp/facilities/13919,2026-09-14T12:56:53.041Z
13920,https://birth-navi.mhlw.go.jp/facilities/13920,2026-09-14T14:02:02.512Z
13921,https://birth-navi.mhlw.go.jp/facilities/13921,2026-09-14T14:02:02.819Z
13922,https://birth-navi.mhlw.go.jp/facilities/13922,2026-09-14T14:02:03.124Z
13923,https://birth-navi.mhlw.go.jp/facilities/13923,2026-09-14T14:02:03.452Z
13924,https://birth-navi.mhlw.go.jp/facilities/13924,2026-09-14T12:56:53.041Z
13925,https://birth-navi.mhlw.go.jp/facilities/13925,2026-09-14T12:56:53.041Z
13926,https://birth-navi.mhlw.go.jp/facilities/13926,2026-09-14T12:56:53.041Z
13927,https://birth-navi.mhlw.go.jp/facilities/13927,2026-09-14T12:56:53.041Z
13928,https://birth-navi.mhlw.go.jp/facilities/13928,2026-09-14T12:56:53.041Z
13929,https://birth-navi.mhlw.go.jp/facilities/13929,2026-09-14T12:56:53.041Z
13930,https://birth-navi.mhlw.go.jp/facilities/13930,2026-09-14T12:56:53.041Z
13931,https://birth-navi.mhlw.go.jp/facilities/13931,2026-09-14T12:56:53.041Z
13932,https://birth-navi.mhlw.go.jp/facilities/13932,2026-09-14T12:56:53.041Z
13933,https://birth-navi.mhlw.go.jp/facilities/13933,2026-09-14T12:56:53.041Z
13934,https://birth-navi.mhlw.go.jp/facilities/13934,2026-09-14T12:56:53.041Z
13935,https://birth-navi.mhlw.go.jp/facilities/13935,2026-09-14T14:02:03.769Z
13936,https://birth-navi.mhlw.go.jp/facilities/13936,2026-09-14T14:02:04.104Z
13937,https://birth-navi.mhlw.go.jp/facilities/13937,2026-09-14T14:02:04.409Z
13938,https://birth-navi.mhlw.go.jp/facilities/13938,2026-09-14T14:02:04.725Z
13939,https://birth-navi.mhlw.go.jp/facilities/13939,2026-09-14T12:56:53.041Z
13940,https://birth-navi.mhlw.go.jp/facilities/13940,2026-09-14T14:02:05.053Z
13941,https://birth-navi.mhlw.go.jp/facilities/13941,2026-09-14T14:02:05.365Z
13942,https://birth-navi.mhlw.go.jp/facilities/13942,2026-09-14T22:40:49.846Z
13943,https://birth-navi.mhlw.go.jp/facilities/13943,2026-09-14T14:02:05.672Z
13944,https://birth-navi.mhlw.go.jp/facilities/13944,2026-09-14T14:02:05.990Z
13945,https://birth-navi.mhlw.go.jp/facilities/13945,2026-09-14T22:40:13.452Z
13946,https://birth-navi.mhlw.go.jp/facilities/13946,2026-09-14T14:02:06.299Z
13947,https://birth-navi.mhlw.go.jp/facilities/13947,2026-09-14T22:40:13.452Z
13948,https://birth-navi.mhlw.go.jp/facilities/13948,2026-09-14T22:40:13.452Z
13949,https://birth-navi.mhlw.go.jp/facilities/13949,2026-09-14T14:02:06.603Z
13950,https://birth-navi.mhlw.go.jp/facilities/13950,2026-09-14T14:02:06.906Z
13951,https://birth-navi.mhlw.go.jp/facilities/13951,2026-09-14T14:02:07.214Z
13952,https://birth-navi.mhlw.go.jp/facilities/13952,2026-09-14T14:02:07.555Z
13953,https://birth-navi.mhlw.go.jp/facilities/13953,2026-09-14T12:56:53.041Z
13954,https://birth-navi.mhlw.go.jp/facilities/13954,2026-09-14T22:40:13.452Z
13955,https://birth-navi.mhlw.go.jp/facilities/13955,2026-09-14T14:02:07.871Z
13956,https://birth-navi.mhlw.go.jp/facilities/13956,2026-09-14T14:02:08.203Z
13957,https://birth-navi.mhlw.go.jp/facilities/13957,2026-09-14T14:02:08.530Z
13958,https://birth-navi.mhlw.go.jp/facilities/13958,2026-09-14T14:02:08.855Z
13959,https://birth-navi.mhlw.go.jp/facilities/13959,2026-09-14T14:02:09.159Z
13960,https://birth-navi.mhlw.go.jp/facilities/13960,2026-09-14T14:02:09.477Z
13961,https://birth-navi.mhlw.go.jp/facilities/13961,2026-09-14T14:02:09.790Z
13962,https://birth-navi.mhlw.go.jp/facilities/13962,2026-09-14T14:02:10.090Z
13963,https://birth-navi.mhlw.go.jp/facilities/13963,2026-09-14T14:02:10.382Z
13964,https://birth-navi.mhlw.go.jp/facilities/13964,2026-09-14T12:56:53.041Z
13965,https://birth-navi.mhlw.go.jp/facilities/13965,2026-09-14T14:02:10.644Z
13966,https://birth-navi.mhlw.go.jp/facilities/13966,2026-09-14T12:56:53.041Z
13967,https://birth-navi.mhlw.go.jp/facilities/13967,2026-09-14T14:02:10.950Z
13968,https://birth-navi.mhlw.go.jp/facilities/13968,2026-09-14T12:56:53.041Z
13969,https://birth-navi.mhlw.go.jp/facilities/13969,2026-09-14T14:02:11.258Z
13970,https://birth-navi.mhlw.go.jp/facilities/13970,2026-09-14T14:02:11.570Z
13971,https://birth-navi.mhlw.go.jp/facilities/13971,2026-09-14T12:56:53.041Z
13972,https://birth-navi.mhlw.go.jp/facilities/13972,2026-09-14T14:02:11.880Z
13973,https://birth-navi.mhlw.go.jp/facilities/13973,2026-09-14T14:02:12.194Z
13974,https://birth-navi.mhlw.go.jp/facilities/13974,2026-09-14T14:02:12.495Z
13975,https://birth-navi.mhlw.go.jp/facilities/13975,2026-09-14T14:02:12.798Z
13976,https://birth-navi.mhlw.go.jp/facilities/13976,2026-09-14T14:02:13.115Z
13977,https://birth-navi.mhlw.go.jp/facilities/13977,2026-09-14T12:56:53.041Z
13978,https://birth-navi.mhlw.go.jp/facilities/13978,2026-09-14T12:56:53.041Z
13979,https://birth-navi.mhlw.go.jp/facilities/13979,2026-09-14T12:56:53.041Z
13980,https://birth-navi.mhlw.go.jp/facilities/13980,2026-09-14T12:56:53.041Z
13981,https://birth-navi.mhlw.go.jp/facilities/13981,2026-09-14T12:56:53.041Z
13982,https://birth-navi.mhlw.go.jp/facilities/13982,2026-09-14T22:40:49.846Z
13983,https://birth-navi.mhlw.go.jp/facilities/13983,2026-09-14T12:56:53.041Z
13984,https://birth-navi.mhlw.go.jp/facilities/13984,2026-09-14T12:56:53.041Z
13985,https://birth-navi.mhlw.go.jp/facilities/13985,2026-09-14T14:02:13.440Z
13986,https://birth-navi.mhlw.go.jp/facilities/13986,2026-09-14T14:02:13.736Z
13987,https://birth-navi.mhlw.go.jp/facilities/13987,2026-09-14T14:02:14.074Z
13988,https://birth-navi.mhlw.go.jp/facilities/13988,2026-09-14T14:02:14.339Z
13989,https://birth-navi.mhlw.go.jp/facilities/13989,2026-09-14T14:02:14.623Z
13990,https://birth-navi.mhlw.go.jp/facilities/13990,2026-09-14T14:02:14.927Z
13991,https://birth-navi.mhlw.go.jp/facilities/13991,2026-09-14T14:02:15.225Z
13992,https://birth-navi.mhlw.go.jp/facilities/13992,2026-09-14T14:02:15.624Z
13993,https://birth-navi.mhlw.go.jp/facilities/13993,2026-09-14T14:02:15.931Z
13994,https://birth-navi.mhlw.go.jp/facilities/13994,2026-09-14T14:02:16.215Z
13995,https://birth-navi.mhlw.go.jp/facilities/13995,2026-09-14T12:56:53.041Z
13996,https://birth-navi.mhlw.go.jp/facilities/13996,2026-09-14T14:02:16.479Z
13997,https://birth-navi.mhlw.go.jp/facilities/13997,2026-09-14T14:02:16.782Z
13998,https://birth-navi.mhlw.go.jp/facilities/13998,2026-09-14T14:02:17.100Z
13999,https://birth-navi.mhlw.go.jp/facilities/13999,2026-09-14T14:02:17.437Z
14000,https://birth-navi.mhlw.go.jp/facilities/14000,2026-09-14T12:56:53.041Z
14001,https://birth-navi.mhlw.go.jp/facilities/14001,2026-09-14T22:40:49.846Z
14002,https://birth-navi.mhlw.go.jp/facilities/14002,2026-09-14T12:56:53.041Z
14003,https://birth-navi.mhlw.go.jp/facilities/14003,2026-09-14T12:56:53.041Z
14004,https://birth-navi.mhlw.go.jp/facilities/14004,2026-09-14T12:56:53.041Z
14005,https://birth-navi.mhlw.go.jp/facilities/14005,2026-09-14T14:02:17.799Z
14006,https://birth-navi.mhlw.go.jp/facilities/14006,2026-09-14T14:02:18.144Z
14007,https://birth-navi.mhlw.go.jp/facilities/14007,2026-09-14T12:56:53.041Z
14008,https://birth-navi.mhlw.go.jp/facilities/14008,2026-09-14T12:56:53.041Z
14009,https://birth-navi.mhlw.go.jp/facilities/14009,2026-09-14T12:56:53.041Z
14010,https://birth-navi.mhlw.go.jp/facilities/14010,2026-09-14T12:56:53.041Z
14011,https://birth-navi.mhlw.go.jp/facilities/14011,2026-09-14T14:02:18.490Z
14012,https://birth-navi.mhlw.go.jp/facilities/14012,2026-09-14T12:56:53.041Z
14013,https://birth-navi.mhlw.go.jp/facilities/14013,2026-09-14T14:02:18.837Z
14014,https://birth-navi.mhlw.go.jp/facilities/14014,2026-09-14T12:56:53.041Z
14015,https://birth-navi.mhlw.go.jp/facilities/14015,2026-09-14T12:56:53.041Z
14016,https://birth-navi.mhlw.go.jp/facilities/14016,2026-09-14T12:56:53.041Z
14017,https://birth-navi.mhlw.go.jp/facilities/14017,2026-09-14T14:02:19.174Z
14018,https://birth-navi.mhlw.go.jp/facilities/14018,2026-09-14T14:02:19.511Z
14019,https://birth-navi.mhlw.go.jp/facilities/14019,2026-09-14T14:02:19.846Z
14020,https://birth-navi.mhlw.go.jp/facilities/14020,2026-09-14T12:56:53.041Z
14021,https://birth-navi.mhlw.go.jp/facilities/14021,2026-09-14T12:56:53.041Z
14022,https://birth-navi.mhlw.go.jp/facilities/14022,2026-09-14T14:02:20.160Z
14023,https://birth-navi.mhlw.go.jp/facilities/14023,2026-09-14T22:40:49.846Z
14024,https://birth-navi.mhlw.go.jp/facilities/14024,2026-09-14T12:56:53.041Z
14025,https://birth-navi.mhlw.go.jp/facilities/14025,2026-09-14T12:56:53.041Z
14026,https://birth-navi.mhlw.go.jp/facilities/14026,2026-09-14T12:56:53.041Z
14027,https://birth-navi.mhlw.go.jp/facilities/14027,2026-09-14T14:02:20.485Z
14028,https://birth-navi.mhlw.go.jp/facilities/14028,2026-09-14T12:56:53.041Z
14029,https://birth-navi.mhlw.go.jp/facilities/14029,2026-09-14T12:56:53.041Z
14030,https://birth-navi.mhlw.go.jp/facilities/14030,2026-09-14T14:02:20.795Z
14031,https://birth-navi.mhlw.go.jp/facilities/14031,2026-09-14T12:56:53.041Z
14032,https://birth-navi.mhlw.go.jp/facilities/14032,2026-09-14T12:56:53.041Z
14033,https://birth-navi.mhlw.go.jp/facilities/14033,2026-09-14T14:02:21.092Z
14034,https://birth-navi.mhlw.go.jp/facilities/14034,2026-09-14T12:56:53.041Z
14035,https://birth-navi.mhlw.go.jp/facilities/14035,2026-09-14T12:56:53.041Z
14036,https://birth-navi.mhlw.go.jp/facilities/14036,2026-09-14T14:02:21.411Z
14037,https://birth-navi.mhlw.go.jp/facilities/14037,2026-09-14T12:56:53.041Z
14038,https://birth-navi.mhlw.go.jp/facilities/14038,2026-09-14T14:02:21.714Z
14039,https://birth-navi.mhlw.go.jp/facilities/14039,2026-09-14T14:02:22.012Z
14040,https://birth-navi.mhlw.go.jp/facilities/14040,2026-09-14T12:56:53.041Z
14041,https://birth-navi.mhlw.go.jp/facilities/14041,2026-09-14T12:56:53.041Z
14042,https://birth-navi.mhlw.go.jp/facilities/14042,2026-09-14T12:56:53.041Z
14043,https://birth-navi.mhlw.go.jp/facilities/14043,2026-09-14T12:56:53.041Z
14044,https://birth-navi.mhlw.go.jp/facilities/14044,2026-09-14T12:56:53.041Z
14045,https://birth-navi.mhlw.go.jp/facilities/14045,2026-09-14T12:56:53.041Z
14046,https://birth-navi.mhlw.go.jp/facilities/14046,2026-09-14T12:56:53.041Z
14047,https://birth-navi.mhlw.go.jp/facilities/14047,2026-09-14T12:56:53.041Z
14048,https://birth-navi.mhlw.go.jp/facilities/14048,2026-09-14T12:56:53.041Z
14049,https://birth-navi.mhlw.go.jp/facilities/14049,2026-09-14T12:56:53.041Z
14050,https://birth-navi.mhlw.go.jp/facilities/14050,2026-09-14T14:02:22.323Z
14051,https://birth-navi.mhlw.go.jp/facilities/14051,2026-09-14T14:02:22.643Z
14052,https://birth-navi.mhlw.go.jp/facilities/14052,2026-09-14T14:02:22.978Z
14053,https://birth-navi.mhlw.go.jp/facilities/14053,2026-09-14T14:02:23.290Z
14054,https://birth-navi.mhlw.go.jp/facilities/14054,2026-09-14T14:02:23.618Z
14055,https://birth-navi.mhlw.go.jp/facilities/14055,2026-09-14T22:40:13.452Z
14056,https://birth-navi.mhlw.go.jp/facilities/14056,2026-09-14T14:02:23.934Z
14057,https://birth-navi.mhlw.go.jp/facilities/14057,2026-09-14T12:56:53.041Z
14058,https://birth-navi.mhlw.go.jp/facilities/14058,2026-09-14T14:02:24.246Z
14059,https://birth-navi.mhlw.go.jp/facilities/14059,2026-09-14T14:02:24.571Z
14060,https://birth-navi.mhlw.go.jp/facilities/14060,2026-09-14T12:56:53.041Z
14061,https://birth-navi.mhlw.go.jp/facilities/14061,2026-09-14T12:56:53.041Z
14062,https://birth-navi.mhlw.go.jp/facilities/14062,2026-09-14T22:40:49.846Z
14063,https://birth-navi.mhlw.go.jp/facilities/14063,2026-09-14T12:56:53.041Z
14064,https://birth-navi.mhlw.go.jp/facilities/14064,2026-09-14T12:56:53.041Z
14065,https://birth-navi.mhlw.go.jp/facilities/14065,2026-09-14T12:56:53.041Z
14066,https://birth-navi.mhlw.go.jp/facilities/14066,2026-09-14T12:56:53.041Z
14067,https://birth-navi.mhlw.go.jp/facilities/14067,2026-09-14T14:02:24.883Z
14068,https://birth-navi.mhlw.go.jp/facilities/14068,2026-09-14T14:02:25.189Z
14069,https://birth-navi.mhlw.go.jp/facilities/14069,2026-09-14T14:02:25.507Z
14070,https://birth-navi.mhlw.go.jp/facilities/14070,2026-09-14T12:56:53.041Z
14071,https://birth-navi.mhlw.go.jp/facilities/14071,2026-09-14T14:02:25.840Z
14072,https://birth-navi.mhlw.go.jp/facilities/14072,2026-09-14T14:02:26.161Z
14073,https://birth-navi.mhlw.go.jp/facilities/14073,2026-09-14T14:02:26.480Z
14074,https://birth-navi.mhlw.go.jp/facilities/14074,2026-09-14T12:56:53.041Z
14075,https://birth-navi.mhlw.go.jp/facilities/14075,2026-09-14T12:56:53.041Z
14076,https://birth-navi.mhlw.go.jp/facilities/14076,2026-09-14T14:02:26.788Z
14077,https://birth-navi.mhlw.go.jp/facilities/14077,2026-09-14T14:02:27.099Z
14078,https://birth-navi.mhlw.go.jp/facilities/14078,2026-09-14T14:02:27.415Z
14079,https://birth-navi.mhlw.go.jp/facilities/14079,2026-09-14T14:02:27.712Z
14080,https://birth-navi.mhlw.go.jp/facilities/14080,2026-09-14T14:02:28.025Z
14081,https://birth-navi.mhlw.go.jp/facilities/14081,2026-09-14T12:56:53.041Z
14082,https://birth-navi.mhlw.go.jp/facilities/14082,2026-09-14T14:02:28.339Z
14083,https://birth-navi.mhlw.go.jp/facilities/14083,2026-09-14T14:02:28.665Z
14084,https://birth-navi.mhlw.go.jp/facilities/14084,2026-09-14T14:02:28.981Z
14085,https://birth-navi.mhlw.go.jp/facilities/14085,2026-09-14T12:56:53.041Z
14086,https://birth-navi.mhlw.go.jp/facilities/14086,2026-09-14T12:56:53.041Z
14087,https://birth-navi.mhlw.go.jp/facilities/14087,2026-09-14T12:56:53.041Z
14088,https://birth-navi.mhlw.go.jp/facilities/14088,2026-09-14T12:56:53.041Z
14089,https://birth-navi.mhlw.go.jp/facilities/14089,2026-09-14T14:02:29.311Z
14090,https://birth-navi.mhlw.go.jp/facilities/14090,2026-09-14T14:02:29.595Z
14091,https://birth-navi.mhlw.go.jp/facilities/14091,2026-09-14T14:02:29.909Z
14092,https://birth-navi.mhlw.go.jp/facilities/14092,2026-09-14T12:56:53.041Z
14093,https://birth-navi.mhlw.go.jp/facilities/14093,2026-09-14T12:56:53.041Z
14094,https://birth-navi.mhlw.go.jp/facilities/14094,2026-09-14T14:02:30.207Z
14095,https://birth-navi.mhlw.go.jp/facilities/14095,2026-09-14T14:02:30.558Z
14096,https://birth-navi.mhlw.go.jp/facilities/14096,2026-09-14T22:40:13.452Z
14097,https://birth-navi.mhlw.go.jp/facilities/14097,2026-09-14T22:40:13.452Z
14098,https://birth-navi.mhlw.go.jp/facilities/14098,2026-09-14T22:40:13.452Z
14099,https://birth-navi.mhlw.go.jp/facilities/14099,2026-09-14T14:02:30.863Z
14100,https://birth-navi.mhlw.go.jp/facilities/14100,2026-09-14T14:02:31.169Z
14101,https://birth-navi.mhlw.go.jp/facilities/14101,2026-09-14T12:56:53.041Z
14102,https://birth-navi.mhlw.go.jp/facilities/14102,2026-09-14T12:56:53.041Z
14103,https://birth-navi.mhlw.go.jp/facilities/14103,2026-09-14T14:02:31.498Z
14104,https://birth-navi.mhlw.go.jp/facilities/14104,2026-09-14T14:02:31.841Z
14105,https://birth-navi.mhlw.go.jp/facilities/14105,2026-09-14T14:02:32.153Z
14106,https://birth-navi.mhlw.go.jp/facilities/14106,2026-09-14T14:02:32.479Z
14107,https://birth-navi.mhlw.go.jp/facilities/14107,2026-09-14T12:56:53.041Z
14108,https://birth-navi.mhlw.go.jp/facilities/14108,2026-09-14T14:02:32.804Z
14109,https://birth-navi.mhlw.go.jp/facilities/14109,2026-09-14T14:02:33.110Z
14110,https://birth-navi.mhlw.go.jp/facilities/14110,2026-09-14T14:02:33.403Z
14111,https://birth-navi.mhlw.go.jp/facilities/14111,2026-09-14T14:02:33.710Z
14112,https://birth-navi.mhlw.go.jp/facilities/14112,2026-09-14T14:02:34.010Z
14113,https://birth-navi.mhlw.go.jp/facilities/14113,2026-09-14T14:02:34.309Z
14114,https://birth-navi.mhlw.go.jp/facilities/14114,2026-09-14T14:02:34.632Z
14115,https://birth-navi.mhlw.go.jp/facilities/14115,2026-09-14T14:02:34.951Z
14116,https://birth-navi.mhlw.go.jp/facilities/14116,2026-09-14T14:02:35.259Z
14117,https://birth-navi.mhlw.go.jp/facilities/14117,2026-09-14T14:02:35.569Z
14118,https://birth-navi.mhlw.go.jp/facilities/14118,2026-09-14T14:02:35.884Z
14119,https://birth-navi.mhlw.go.jp/facilities/14119,2026-09-14T14:02:36.180Z
14120,https://birth-navi.mhlw.go.jp/facilities/14120,2026-09-14T14:02:36.477Z
14121,https://birth-navi.mhlw.go.jp/facilities/14121,2026-09-14T22:40:49.846Z
14122,https://birth-navi.mhlw.go.jp/facilities/14122,2026-09-14T22:40:49.846Z
14123,https://birth-navi.mhlw.go.jp/facilities/14123,2026-09-14T22:40:49.846Z
14124,https://birth-navi.mhlw.go.jp/facilities/14124,2026-09-14T14:02:36.798Z
14125,https://birth-navi.mhlw.go.jp/facilities/14125,2026-09-14T14:02:37.104Z
14126,https://birth-navi.mhlw.go.jp/facilities/14126,2026-09-14T14:02:37.405Z
14127,https://birth-navi.mhlw.go.jp/facilities/14127,2026-09-14T12:56:53.041Z
14128,https://birth-navi.mhlw.go.jp/facilities/14128,2026-09-14T14:02:37.710Z
14129,https://birth-navi.mhlw.go.jp/facilities/14129,2026-09-14T14:02:38.020Z
14130,https://birth-navi.mhlw.go.jp/facilities/14130,2026-09-14T12:56:53.041Z
14131,https://birth-navi.mhlw.go.jp/facilities/14131,2026-09-14T14:02:38.358Z
14132,https://birth-navi.mhlw.go.jp/facilities/14132,2026-09-14T12:56:53.041Z
14133,https://birth-navi.mhlw.go.jp/facilities/14133,2026-09-14T12:56:53.041Z
14134,https://birth-navi.mhlw.go.jp/facilities/14134,2026-09-14T22:40:13.452Z
14135,https://birth-navi.mhlw.go.jp/facilities/14135,2026-09-14T14:02:38.654Z
14136,https://birth-navi.mhlw.go.jp/facilities/14136,2026-09-14T14:02:38.970Z
14137,https://birth-navi.mhlw.go.jp/facilities/14137,2026-09-14T14:02:39.286Z
14138,https://birth-navi.mhlw.go.jp/facilities/14138,2026-09-14T12:56:53.041Z
14139,https://birth-navi.mhlw.go.jp/facilities/14139,2026-09-14T14:02:39.614Z
14140,https://birth-navi.mhlw.go.jp/facilities/14140,2026-09-14T12:56:53.041Z
14141,https://birth-navi.mhlw.go.jp/facilities/14141,2026-09-14T12:56:53.041Z
14142,https://birth-navi.mhlw.go.jp/facilities/14142,2026-09-14T12:56:53.041Z
14143,https://birth-navi.mhlw.go.jp/facilities/14143,2026-09-14T12:56:53.041Z
14144,https://birth-navi.mhlw.go.jp/facilities/14144,2026-09-14T14:02:39.920Z
14145,https://birth-navi.mhlw.go.jp/facilities/14145,2026-09-14T12:56:53.041Z
14146,https://birth-navi.mhlw.go.jp/facilities/14146,2026-09-14T12:56:53.041Z
14147,https://birth-navi.mhlw.go.jp/facilities/14147,2026-09-14T14:02:40.229Z
14148,https://birth-navi.mhlw.go.jp/facilities/14148,2026-09-14T12:56:53.041Z
14149,https://birth-navi.mhlw.go.jp/facilities/14149,2026-09-14T22:40:13.452Z
14150,https://birth-navi.mhlw.go.jp/facilities/14150,2026-09-14T14:02:40.556Z
14151,https://birth-navi.mhlw.go.jp/facilities/14151,2026-09-14T14:02:40.866Z
14152,https://birth-navi.mhlw.go.jp/facilities/14152,2026-09-14T14:02:41.173Z
14153,https://birth-navi.mhlw.go.jp/facilities/14153,2026-09-14T14:02:41.470Z
14154,https://birth-navi.mhlw.go.jp/facilities/14154,2026-09-14T14:02:41.780Z
14155,https://birth-navi.mhlw.go.jp/facilities/14155,2026-09-14T12:56:53.041Z
14156,https://birth-navi.mhlw.go.jp/facilities/14156,2026-09-14T12:56:53.041Z
14157,https://birth-navi.mhlw.go.jp/facilities/14157,2026-09-14T14:02:42.082Z
14158,https://birth-navi.mhlw.go.jp/facilities/14158,2026-09-14T12:56:53.041Z
14159,https://birth-navi.mhlw.go.jp/facilities/14159,2026-09-14T14:02:42.395Z
14160,https://birth-navi.mhlw.go.jp/facilities/14160,2026-09-14T12:56:53.041Z
14161,https://birth-navi.mhlw.go.jp/facilities/14161,2026-09-14T14:02:42.708Z
14162,https://birth-navi.mhlw.go.jp/facilities/14162,2026-09-14T12:56:53.041Z
14163,https://birth-navi.mhlw.go.jp/facilities/14163,2026-09-14T14:02:43.024Z
14164,https://birth-navi.mhlw.go.jp/facilities/14164,2026-09-14T14:02:43.344Z
14165,https://birth-navi.mhlw.go.jp/facilities/14165,2026-09-14T14:02:43.668Z
14166,https://birth-navi.mhlw.go.jp/facilities/14166,2026-09-14T14:02:44.013Z
14167,https://birth-navi.mhlw.go.jp/facilities/14167,2026-09-14T14:02:44.338Z
14168,https://birth-navi.mhlw.go.jp/facilities/14168,2026-09-14T14:02:44.641Z
14169,https://birth-navi.mhlw.go.jp/facilities/14169,2026-09-14T14:02:44.986Z
14170,https://birth-navi.mhlw.go.jp/facilities/14170,2026-09-14T14:02:45.309Z
14171,https://birth-navi.mhlw.go.jp/facilities/14171,2026-09-14T14:02:45.624Z
14172,https://birth-navi.mhlw.go.jp/facilities/14172,2026-09-14T14:02:45.936Z
14173,https://birth-navi.mhlw.go.jp/facilities/14173,2026-09-14T14:02:46.260Z
14174,https://birth-navi.mhlw.go.jp/facilities/14174,2026-09-14T12:56:53.041Z
14175,https://birth-navi.mhlw.go.jp/facilities/14175,2026-09-14T12:56:53.041Z
14176,https://birth-navi.mhlw.go.jp/facilities/14176,2026-09-14T12:56:53.041Z
14177,https://birth-navi.mhlw.go.jp/facilities/14177,2026-09-14T14:02:46.566Z
14178,https://birth-navi.mhlw.go.jp/facilities/14178,2026-09-14T14:02:46.909Z
14179,https://birth-navi.mhlw.go.jp/facilities/14179,2026-09-14T14:02:47.227Z
14180,https://birth-navi.mhlw.go.jp/facilities/14180,2026-09-14T14:02:47.549Z
14181,https://birth-navi.mhlw.go.jp/facilities/14181,2026-09-14T14:02:47.844Z
14182,https://birth-navi.mhlw.go.jp/facilities/14182,2026-09-14T14:02:48.152Z
14183,https://birth-navi.mhlw.go.jp/facilities/14183,2026-09-14T12:56:53.041Z
14184,https://birth-navi.mhlw.go.jp/facilities/14184,2026-09-14T12:56:53.041Z
14185,https://birth-navi.mhlw.go.jp/facilities/14185,2026-09-14T12:56:53.041Z
14186,https://birth-navi.mhlw.go.jp/facilities/14186,2026-09-14T14:02:48.462Z
14187,https://birth-navi.mhlw.go.jp/facilities/14187,2026-09-14T12:56:53.041Z
14188,https://birth-navi.mhlw.go.jp/facilities/14188,2026-09-14T12:56:53.041Z
14189,https://birth-navi.mhlw.go.jp/facilities/14189,2026-09-14T12:56:53.041Z
14190,https://birth-navi.mhlw.go.jp/facilities/14190,2026-09-14T12:56:53.041Z
14191,https://birth-navi.mhlw.go.jp/facilities/14191,2026-09-14T14:02:48.772Z
14192,https://birth-navi.mhlw.go.jp/facilities/14192,2026-09-14T12:56:53.041Z
14193,https://birth-navi.mhlw.go.jp/facilities/14193,2026-09-14T12:56:53.041Z
14194,https://birth-navi.mhlw.go.jp/facilities/14194,2026-09-14T12:56:53.041Z
14195,https://birth-navi.mhlw.go.jp/facilities/14195,2026-09-14T14:02:49.113Z
14196,https://birth-navi.mhlw.go.jp/facilities/14196,2026-09-14T14:02:49.402Z
14197,https://birth-navi.mhlw.go.jp/facilities/14197,2026-09-14T12:56:53.041Z
14198,https://birth-navi.mhlw.go.jp/facilities/14198,2026-09-14T14:02:49.723Z
14199,https://birth-navi.mhlw.go.jp/facilities/14199,2026-09-14T14:02:50.024Z
14200,https://birth-navi.mhlw.go.jp/facilities/14200,2026-09-14T12:56:53.041Z
14201,https://birth-navi.mhlw.go.jp/facilities/14201,2026-09-14T14:02:50.336Z
14202,https://birth-navi.mhlw.go.jp/facilities/14202,2026-09-14T14:02:50.649Z
14203,https://birth-navi.mhlw.go.jp/facilities/14203,2026-09-14T14:02:51.257Z
14204,https://birth-navi.mhlw.go.jp/facilities/14204,2026-09-14T14:02:51.649Z
14205,https://birth-navi.mhlw.go.jp/facilities/14205,2026-09-14T14:02:51.959Z
14206,https://birth-navi.mhlw.go.jp/facilities/14206,2026-09-14T14:02:52.317Z
14207,https://birth-navi.mhlw.go.jp/facilities/14207,2026-09-14T14:02:52.644Z
14208,https://birth-navi.mhlw.go.jp/facilities/14208,2026-09-14T14:02:52.968Z
14209,https://birth-navi.mhlw.go.jp/facilities/14209,2026-09-14T12:56:53.041Z
14210,https://birth-navi.mhlw.go.jp/facilities/14210,2026-09-14T12:56:53.041Z
14211,https://birth-navi.mhlw.go.jp/facilities/14211,2026-09-14T12:56:53.041Z
14212,https://birth-navi.mhlw.go.jp/facilities/14212,2026-09-14T12:56:53.041Z
14213,https://birth-navi.mhlw.go.jp/facilities/14213,2026-09-14T12:56:53.041Z
14214,https://birth-navi.mhlw.go.jp/facilities/14214,2026-09-14T22:40:49.846Z
14215,https://birth-navi.mhlw.go.jp/facilities/14215,2026-09-14T22:40:49.846Z
14216,https://birth-navi.mhlw.go.jp/facilities/14216,2026-09-14T12:56:53.041Z
14217,https://birth-navi.mhlw.go.jp/facilities/14217,2026-09-14T12:56:53.041Z
14218,https://birth-navi.mhlw.go.jp/facilities/14218,2026-09-14T12:56:53.041Z
14219,https://birth-navi.mhlw.go.jp/facilities/14219,2026-09-14T12:56:53.041Z
14220,https://birth-navi.mhlw.go.jp/facilities/14220,2026-09-14T14:02:53.281Z
14221,https://birth-navi.mhlw.go.jp/facilities/14221,2026-09-14T14:02:53.598Z
14222,https://birth-navi.mhlw.go.jp/facilities/14222,2026-09-14T14:02:53.918Z
14223,https://birth-navi.mhlw.go.jp/facilities/14223,2026-09-14T14:02:54.260Z
14224,https://birth-navi.mhlw.go.jp/facilities/14224,2026-09-14T14:02:54.636Z
14225,https://birth-navi.mhlw.go.jp/facilities/14225,2026-09-14T14:02:54.982Z
14226,https://birth-navi.mhlw.go.jp/facilities/14226,2026-09-14T14:02:55.278Z
14227,https://birth-navi.mhlw.go.jp/facilities/14227,2026-09-14T14:02:55.587Z
14228,https://birth-navi.mhlw.go.jp/facilities/14228,2026-09-14T14:02:55.943Z
14229,https://birth-navi.mhlw.go.jp/facilities/14229,2026-09-14T14:02:56.289Z
14230,https://birth-navi.mhlw.go.jp/facilities/14230,2026-09-14T14:02:56.607Z
14231,https://birth-navi.mhlw.go.jp/facilities/14231,2026-09-14T14:02:56.913Z
14232,https://birth-navi.mhlw.go.jp/facilities/14232,2026-09-14T14:02:57.246Z
14233,https://birth-navi.mhlw.go.jp/facilities/14233,2026-09-14T14:02:57.556Z
14234,https://birth-navi.mhlw.go.jp/facilities/14234,2026-09-14T14:02:57.858Z
14235,https://birth-navi.mhlw.go.jp/facilities/14235,2026-09-14T14:02:58.190Z
14236,https://birth-navi.mhlw.go.jp/facilities/14236,2026-09-14T14:02:58.532Z
14237,https://birth-navi.mhlw.go.jp/facilities/14237,2026-09-14T14:02:58.874Z
14238,https://birth-navi.mhlw.go.jp/facilities/14238,2026-09-14T14:02:59.207Z
14239,https://birth-navi.mhlw.go.jp/facilities/14239,2026-09-14T12:56:53.041Z
14240,https://birth-navi.mhlw.go.jp/facilities/14240,2026-09-14T14:02:59.520Z
14241,https://birth-navi.mhlw.go.jp/facilities/14241,2026-09-14T14:02:59.879Z
14242,https://birth-navi.mhlw.go.jp/facilities/14242,2026-09-14T14:03:00.204Z
14243,https://birth-navi.mhlw.go.jp/facilities/14243,2026-09-14T14:03:00.536Z
14244,https://birth-navi.mhlw.go.jp/facilities/14244,2026-09-14T14:03:00.892Z
14245,https://birth-navi.mhlw.go.jp/facilities/14245,2026-09-14T14:03:01.221Z
14246,https://birth-navi.mhlw.go.jp/facilities/14246,2026-09-14T14:03:01.591Z
14247,https://birth-navi.mhlw.go.jp/facilities/14247,2026-09-14T14:03:01.968Z
14248,https://birth-navi.mhlw.go.jp/facilities/14248,2026-09-14T14:03:02.295Z
14249,https://birth-navi.mhlw.go.jp/facilities/14249,2026-09-14T14:03:02.627Z
14250,https://birth-navi.mhlw.go.jp/facilities/14250,2026-09-14T14:03:02.951Z
14251,https://birth-navi.mhlw.go.jp/facilities/14251,2026-09-14T14:03:03.294Z
14252,https://birth-navi.mhlw.go.jp/facilities/14252,2026-09-14T14:03:03.656Z
14253,https://birth-navi.mhlw.go.jp/facilities/14253,2026-09-14T14:03:04.156Z
14254,https://birth-navi.mhlw.go.jp/facilities/14254,2026-09-14T14:03:04.489Z
14255,https://birth-navi.mhlw.go.jp/facilities/14255,2026-09-14T14:03:04.836Z
14256,https://birth-navi.mhlw.go.jp/facilities/14256,2026-09-14T14:03:05.160Z
14257,https://birth-navi.mhlw.go.jp/facilities/14257,2026-09-14T14:03:05.474Z
14258,https://birth-navi.mhlw.go.jp/facilities/14258,2026-09-14T14:03:05.783Z
14259,https://birth-navi.mhlw.go.jp/facilities/14259,2026-09-14T14:03:06.087Z
14260,https://birth-navi.mhlw.go.jp/facilities/14260,2026-09-14T14:03:06.418Z
14261,https://birth-navi.mhlw.go.jp/facilities/14261,2026-09-14T14:03:06.732Z
14262,https://birth-navi.mhlw.go.jp/facilities/14262,2026-09-14T12:56:53.041Z
14263,https://birth-navi.mhlw.go.jp/facilities/14263,2026-09-14T14:03:07.046Z
14264,https://birth-navi.mhlw.go.jp/facilities/14264,2026-09-14T14:03:07.352Z
14265,https://birth-navi.mhlw.go.jp/facilities/14265,2026-09-14T14:03:07.685Z
14266,https://birth-navi.mhlw.go.jp/facilities/14266,2026-09-14T14:03:08.000Z
14267,https://birth-navi.mhlw.go.jp/facilities/14267,2026-09-14T14:03:08.303Z
14268,https://birth-navi.mhlw.go.jp/facilities/14268,2026-09-14T14:03:08.615Z
14269,https://birth-navi.mhlw.go.jp/facilities/14269,2026-09-14T14:03:08.886Z
14270,https://birth-navi.mhlw.go.jp/facilities/14270,2026-09-14T14:03:09.232Z
14271,https://birth-navi.mhlw.go.jp/facilities/14271,2026-09-14T14:03:09.556Z
14272,https://birth-navi.mhlw.go.jp/facilities/14272,2026-09-14T14:03:09.876Z
14273,https://birth-navi.mhlw.go.jp/facilities/14273,2026-09-14T12:56:53.041Z
14274,https://birth-navi.mhlw.go.jp/facilities/14274,2026-09-14T12:56:53.041Z
14275,https://birth-navi.mhlw.go.jp/facilities/14275,2026-09-14T12:56:53.041Z
14276,https://birth-navi.mhlw.go.jp/facilities/14276,2026-09-14T14:03:10.208Z
14277,https://birth-navi.mhlw.go.jp/facilities/14277,2026-09-14T12:56:53.041Z
14278,https://birth-navi.mhlw.go.jp/facilities/14278,2026-09-14T14:03:10.522Z
14279,https://birth-navi.mhlw.go.jp/facilities/14279,2026-09-14T14:03:10.824Z
14280,https://birth-navi.mhlw.go.jp/facilities/14280,2026-09-14T12:56:53.041Z
14281,https://birth-navi.mhlw.go.jp/facilities/14281,2026-09-14T12:56:53.041Z
14282,https://birth-navi.mhlw.go.jp/facilities/14282,2026-09-14T12:56:53.041Z
14283,https://birth-navi.mhlw.go.jp/facilities/14283,2026-09-14T14:03:11.181Z
14284,https://birth-navi.mhlw.go.jp/facilities/14284,2026-09-14T22:40:49.846Z
14285,https://birth-navi.mhlw.go.jp/facilities/14285,2026-09-14T14:03:11.483Z
14286,https://birth-navi.mhlw.go.jp/facilities/14286,2026-09-14T14:03:11.789Z
14287,https://birth-navi.mhlw.go.jp/facilities/14287,2026-09-14T14:03:12.103Z
14288,https://birth-navi.mhlw.go.jp/facilities/14288,2026-09-14T14:03:12.423Z
14289,https://birth-navi.mhlw.go.jp/facilities/14289,2026-09-14T14:03:12.840Z
14290,https://birth-navi.mhlw.go.jp/facilities/14290,2026-09-14T14:03:13.198Z
14291,https://birth-navi.mhlw.go.jp/facilities/14291,2026-09-14T12:56:53.041Z
14292,https://birth-navi.mhlw.go.jp/facilities/14292,2026-09-14T14:03:13.566Z
14293,https://birth-navi.mhlw.go.jp/facilities/14293,2026-09-14T14:03:13.896Z
14294,https://birth-navi.mhlw.go.jp/facilities/14294,2026-09-14T14:03:14.206Z
14295,https://birth-navi.mhlw.go.jp/facilities/14295,2026-09-14T14:03:14.532Z
14296,https://birth-navi.mhlw.go.jp/facilities/14296,2026-09-14T12:56:53.041Z
14297,https://birth-navi.mhlw.go.jp/facilities/14297,2026-09-14T12:56:53.041Z
14298,https://birth-navi.mhlw.go.jp/facilities/14298,2026-09-14T14:03:14.868Z
14299,https://birth-navi.mhlw.go.jp/facilities/14299,2026-09-14T14:03:15.181Z
14300,https://birth-navi.mhlw.go.jp/facilities/14300,2026-09-14T12:56:53.041Z
14301,https://birth-navi.mhlw.go.jp/facilities/14301,2026-09-14T14:03:15.498Z
14302,https://birth-navi.mhlw.go.jp/facilities/14302,2026-09-14T14:03:15.873Z
14303,https://birth-navi.mhlw.go.jp/facilities/14303,2026-09-14T14:03:16.180Z
14304,https://birth-navi.mhlw.go.jp/facilities/14304,2026-09-14T14:03:16.493Z
14305,https://birth-navi.mhlw.go.jp/facilities/14305,2026-09-14T14:03:16.808Z
14306,https://birth-navi.mhlw.go.jp/facilities/14306,2026-09-14T14:03:17.118Z
14307,https://birth-navi.mhlw.go.jp/facilities/14307,2026-09-14T14:03:17.430Z
14308,https://birth-navi.mhlw.go.jp/facilities/14308,2026-09-14T14:03:17.760Z
14309,https://birth-navi.mhlw.go.jp/facilities/14309,2026-09-14T14:03:18.093Z
14310,https://birth-navi.mhlw.go.jp/facilities/14310,2026-09-14T12:56:53.041Z
14311,https://birth-navi.mhlw.go.jp/facilities/14311,2026-09-14T12:56:53.041Z
14312,https://birth-navi.mhlw.go.jp/facilities/14312,2026-09-14T14:03:18.413Z
14313,https://birth-navi.mhlw.go.jp/facilities/14313,2026-09-14T14:03:18.707Z
14314,https://birth-navi.mhlw.go.jp/facilities/14314,2026-09-14T14:03:19.038Z
14315,https://birth-navi.mhlw.go.jp/facilities/14315,2026-09-14T14:03:19.349Z
14316,https://birth-navi.mhlw.go.jp/facilities/14316,2026-09-14T14:03:19.655Z
14317,https://birth-navi.mhlw.go.jp/facilities/14317,2026-09-14T14:03:19.989Z
14318,https://birth-navi.mhlw.go.jp/facilities/14318,2026-09-14T14:03:20.311Z
14319,https://birth-navi.mhlw.go.jp/facilities/14319,2026-09-14T12:56:53.041Z
14320,https://birth-navi.mhlw.go.jp/facilities/14320,2026-09-14T12:56:53.041Z
14321,https://birth-navi.mhlw.go.jp/facilities/14321,2026-09-14T12:56:53.041Z
14322,https://birth-navi.mhlw.go.jp/facilities/14322,2026-09-14T12:56:53.041Z
14323,https://birth-navi.mhlw.go.jp/facilities/14323,2026-09-14T12:56:53.041Z
14324,https://birth-navi.mhlw.go.jp/facilities/14324,2026-09-14T12:56:53.041Z
14325,https://birth-navi.mhlw.go.jp/facilities/14325,2026-09-14T12:56:53.041Z
14326,https://birth-navi.mhlw.go.jp/facilities/14326,2026-09-14T14:03:20.602Z
14327,https://birth-navi.mhlw.go.jp/facilities/14327,2026-09-14T14:03:20.876Z
14328,https://birth-navi.mhlw.go.jp/facilities/14328,2026-09-14T14:03:21.238Z
14329,https://birth-navi.mhlw.go.jp/facilities/14329,2026-09-14T14:03:21.572Z
14330,https://birth-navi.mhlw.go.jp/facilities/14330,2026-09-14T14:03:21.894Z
14331,https://birth-navi.mhlw.go.jp/facilities/14331,2026-09-14T14:03:22.241Z
14332,https://birth-navi.mhlw.go.jp/facilities/14332,2026-09-14T14:03:22.671Z
14333,https://birth-navi.mhlw.go.jp/facilities/14333,2026-09-14T14:03:23.059Z
14334,https://birth-navi.mhlw.go.jp/facilities/14334,2026-09-14T14:03:23.414Z
14335,https://birth-navi.mhlw.go.jp/facilities/14335,2026-09-14T14:03:23.735Z
14336,https://birth-navi.mhlw.go.jp/facilities/14336,2026-09-14T14:03:24.050Z
14337,https://birth-navi.mhlw.go.jp/facilities/14337,2026-09-14T14:03:24.397Z
14338,https://birth-navi.mhlw.go.jp/facilities/14338,2026-09-14T14:03:24.745Z
14339,https://birth-navi.mhlw.go.jp/facilities/14339,2026-09-14T14:03:25.080Z
14340,https://birth-navi.mhlw.go.jp/facilities/14340,2026-09-14T14:03:25.402Z
14341,https://birth-navi.mhlw.go.jp/facilities/14341,2026-09-14T14:03:25.719Z
14342,https://birth-navi.mhlw.go.jp/facilities/14342,2026-09-14T14:03:26.062Z
14343,https://birth-navi.mhlw.go.jp/facilities/14343,2026-09-14T22:40:13.452Z
14344,https://birth-navi.mhlw.go.jp/facilities/14344,2026-09-14T14:03:26.387Z
14345,https://birth-navi.mhlw.go.jp/facilities/14345,2026-09-14T14:03:26.689Z
14346,https://birth-navi.mhlw.go.jp/facilities/14346,2026-09-14T14:03:27.014Z
14347,https://birth-navi.mhlw.go.jp/facilities/14347,2026-09-14T22:40:13.452Z
14348,https://birth-navi.mhlw.go.jp/facilities/14348,2026-09-14T14:03:27.345Z
14349,https://birth-navi.mhlw.go.jp/facilities/14349,2026-09-14T14:03:27.670Z
14350,https://birth-navi.mhlw.go.jp/facilities/14350,2026-09-14T14:03:28.062Z
14351,https://birth-navi.mhlw.go.jp/facilities/14351,2026-09-14T14:03:28.413Z
14352,https://birth-navi.mhlw.go.jp/facilities/14352,2026-09-14T14:03:28.741Z
14353,https://birth-navi.mhlw.go.jp/facilities/14353,2026-09-14T14:03:29.071Z
14354,https://birth-navi.mhlw.go.jp/facilities/14354,2026-09-14T14:03:29.389Z
14355,https://birth-navi.mhlw.go.jp/facilities/14355,2026-09-14T14:03:29.703Z
14356,https://birth-navi.mhlw.go.jp/facilities/14356,2026-09-14T14:03:30.008Z
14357,https://birth-navi.mhlw.go.jp/facilities/14357,2026-09-14T14:03:30.352Z
14358,https://birth-navi.mhlw.go.jp/facilities/14358,2026-09-14T14:03:30.665Z
14359,https://birth-navi.mhlw.go.jp/facilities/14359,2026-09-14T12:56:53.041Z
14360,https://birth-navi.mhlw.go.jp/facilities/14360,2026-09-14T12:56:53.041Z
14361,https://birth-navi.mhlw.go.jp/facilities/14361,2026-09-14T12:56:53.041Z
14362,https://birth-navi.mhlw.go.jp/facilities/14362,2026-09-14T14:03:31.007Z
14363,https://birth-navi.mhlw.go.jp/facilities/14363,2026-09-14T12:56:53.041Z
14364,https://birth-navi.mhlw.go.jp/facilities/14364,2026-09-14T14:03:31.318Z
14365,https://birth-navi.mhlw.go.jp/facilities/14365,2026-09-14T14:03:31.639Z
14366,https://birth-navi.mhlw.go.jp/facilities/14366,2026-09-14T12:56:53.041Z
14367,https://birth-navi.mhlw.go.jp/facilities/14367,2026-09-14T12:56:53.041Z
14368,https://birth-navi.mhlw.go.jp/facilities/14368,2026-09-14T12:56:53.041Z
14369,https://birth-navi.mhlw.go.jp/facilities/14369,2026-09-14T12:56:53.041Z
14370,https://birth-navi.mhlw.go.jp/facilities/14370,2026-09-14T12:56:53.041Z
14371,https://birth-navi.mhlw.go.jp/facilities/14371,2026-09-14T12:56:53.041Z
14372,https://birth-navi.mhlw.go.jp/facilities/14372,2026-09-14T12:56:53.041Z
14373,https://birth-navi.mhlw.go.jp/facilities/14373,2026-09-14T12:56:53.041Z
14374,https://birth-navi.mhlw.go.jp/facilities/14374,2026-09-14T14:03:31.946Z
14375,https://birth-navi.mhlw.go.jp/facilities/14375,2026-09-14T22:40:49.846Z
14376,https://birth-navi.mhlw.go.jp/facilities/14376,2026-09-14T14:03:32.249Z
14377,https://birth-navi.mhlw.go.jp/facilities/14377,2026-09-14T14:03:32.578Z
14378,https://birth-navi.mhlw.go.jp/facilities/14378,2026-09-14T14:03:32.911Z
14379,https://birth-navi.mhlw.go.jp/facilities/14379,2026-09-14T22:40:13.452Z
14380,https://birth-navi.mhlw.go.jp/facilities/14380,2026-09-14T14:03:33.219Z
14381,https://birth-navi.mhlw.go.jp/facilities/14381,2026-09-14T14:03:33.533Z
14382,https://birth-navi.mhlw.go.jp/facilities/14382,2026-09-14T14:03:33.840Z
14383,https://birth-navi.mhlw.go.jp/facilities/14383,2026-09-14T14:03:34.166Z
14384,https://birth-navi.mhlw.go.jp/facilities/14384,2026-09-14T14:03:34.485Z
14385,https://birth-navi.mhlw.go.jp/facilities/14385,2026-09-14T22:40:49.846Z
14386,https://birth-navi.mhlw.go.jp/facilities/14386,2026-09-14T22:40:49.846Z
14387,https://birth-navi.mhlw.go.jp/facilities/14387,2026-09-14T12:56:53.041Z
14388,https://birth-navi.mhlw.go.jp/facilities/14388,2026-09-14T12:56:53.041Z
14389,https://birth-navi.mhlw.go.jp/facilities/14389,2026-09-14T12:56:53.041Z
14390,https://birth-navi.mhlw.go.jp/facilities/14390,2026-09-14T12:56:53.041Z
14391,https://birth-navi.mhlw.go.jp/facilities/14391,2026-09-14T12:56:53.041Z
14392,https://birth-navi.mhlw.go.jp/facilities/14392,2026-09-14T12:56:53.041Z
14393,https://birth-navi.mhlw.go.jp/facilities/14393,2026-09-14T14:03:34.796Z
14394,https://birth-navi.mhlw.go.jp/facilities/14394,2026-09-14T14:03:35.126Z
14395,https://birth-navi.mhlw.go.jp/facilities/14395,2026-09-14T12:56:53.041Z
14396,https://birth-navi.mhlw.go.jp/facilities/14396,2026-09-14T14:03:35.382Z
14397,https://birth-navi.mhlw.go.jp/facilities/14397,2026-09-14T12:56:53.041Z
14398,https://birth-navi.mhlw.go.jp/facilities/14398,2026-09-14T12:56:53.041Z
14399,https://birth-navi.mhlw.go.jp/facilities/14399,2026-09-14T14:03:35.689Z
14400,https://birth-navi.mhlw.go.jp/facilities/14400,2026-09-14T14:03:35.985Z
14401,https://birth-navi.mhlw.go.jp/facilities/14401,2026-09-14T14:03:36.334Z
14402,https://birth-navi.mhlw.go.jp/facilities/14402,2026-09-14T12:56:53.041Z
14403,https://birth-navi.mhlw.go.jp/facilities/14403,2026-09-14T12:56:53.041Z
14404,https://birth-navi.mhlw.go.jp/facilities/14404,2026-09-14T14:03:36.675Z
14405,https://birth-navi.mhlw.go.jp/facilities/14405,2026-09-14T14:03:36.983Z
14406,https://birth-navi.mhlw.go.jp/facilities/14406,2026-09-14T12:56:53.041Z
14407,https://birth-navi.mhlw.go.jp/facilities/14407,2026-09-14T14:03:37.294Z
14408,https://birth-navi.mhlw.go.jp/facilities/14408,2026-09-14T14:03:37.614Z
14409,https://birth-navi.mhlw.go.jp/facilities/14409,2026-09-14T14:03:37.924Z
14410,https://birth-navi.mhlw.go.jp/facilities/14410,2026-09-14T14:03:38.253Z
14411,https://birth-navi.mhlw.go.jp/facilities/14411,2026-09-14T12:56:53.041Z
14412,https://birth-navi.mhlw.go.jp/facilities/14412,2026-09-14T14:03:38.595Z
14413,https://birth-navi.mhlw.go.jp/facilities/14413,2026-09-14T22:40:49.846Z
14414,https://birth-navi.mhlw.go.jp/facilities/14414,2026-09-14T14:03:38.890Z
14415,https://birth-navi.mhlw.go.jp/facilities/14415,2026-09-14T12:56:53.041Z
14416,https://birth-navi.mhlw.go.jp/facilities/14416,2026-09-14T14:03:39.200Z
14417,https://birth-navi.mhlw.go.jp/facilities/14417,2026-09-14T14:03:39.505Z
14418,https://birth-navi.mhlw.go.jp/facilities/14418,2026-09-14T22:40:49.846Z
14419,https://birth-navi.mhlw.go.jp/facilities/14419,2026-09-14T12:56:53.041Z
14420,https://birth-navi.mhlw.go.jp/facilities/14420,2026-09-14T14:03:39.812Z
14421,https://birth-navi.mhlw.go.jp/facilities/14421,2026-09-14T14:03:40.126Z
14422,https://birth-navi.mhlw.go.jp/facilities/14422,2026-09-14T22:40:13.452Z
14423,https://birth-navi.mhlw.go.jp/facilities/14423,2026-09-14T22:40:49.846Z
14424,https://birth-navi.mhlw.go.jp/facilities/14424,2026-09-14T14:03:40.436Z
14425,https://birth-navi.mhlw.go.jp/facilities/14425,2026-09-14T14:03:40.761Z
14426,https://birth-navi.mhlw.go.jp/facilities/14426,2026-09-14T14:03:41.064Z
14427,https://birth-navi.mhlw.go.jp/facilities/14427,2026-09-14T14:03:41.380Z
14428,https://birth-navi.mhlw.go.jp/facilities/14428,2026-09-14T14:03:41.688Z
14429,https://birth-navi.mhlw.go.jp/facilities/14429,2026-09-14T12:56:53.041Z
14430,https://birth-navi.mhlw.go.jp/facilities/14430,2026-09-14T12:56:53.041Z
14431,https://birth-navi.mhlw.go.jp/facilities/14431,2026-09-14T12:56:53.041Z
14432,https://birth-navi.mhlw.go.jp/facilities/14432,2026-09-14T12:56:53.041Z
14433,https://birth-navi.mhlw.go.jp/facilities/14433,2026-09-14T12:56:53.041Z
14434,https://birth-navi.mhlw.go.jp/facilities/14434,2026-09-14T12:56:53.041Z
14435,https://birth-navi.mhlw.go.jp/facilities/14435,2026-09-14T12:56:53.041Z
14436,https://birth-navi.mhlw.go.jp/facilities/14436,2026-09-14T22:40:49.846Z
14437,https://birth-navi.mhlw.go.jp/facilities/14437,2026-09-14T14:03:42.011Z
14438,https://birth-navi.mhlw.go.jp/facilities/14438,2026-09-14T14:03:42.324Z
14439,https://birth-navi.mhlw.go.jp/facilities/14439,2026-09-14T14:03:42.627Z
14440,https://birth-navi.mhlw.go.jp/facilities/14440,2026-09-14T14:03:42.932Z
14441,https://birth-navi.mhlw.go.jp/facilities/14441,2026-09-14T12:56:53.041Z
14442,https://birth-navi.mhlw.go.jp/facilities/14442,2026-09-14T14:03:43.237Z
14443,https://birth-navi.mhlw.go.jp/facilities/14443,2026-09-14T14:03:43.553Z
14444,https://birth-navi.mhlw.go.jp/facilities/14444,2026-09-14T14:03:43.876Z
14445,https://birth-navi.mhlw.go.jp/facilities/14445,2026-09-14T14:03:44.183Z
14446,https://birth-navi.mhlw.go.jp/facilities/14446,2026-09-14T14:03:44.475Z
14447,https://birth-navi.mhlw.go.jp/facilities/14447,2026-09-14T14:03:44.807Z
14448,https://birth-navi.mhlw.go.jp/facilities/14448,2026-09-14T14:03:45.099Z
14449,https://birth-navi.mhlw.go.jp/facilities/14449,2026-09-14T14:03:45.458Z
14450,https://birth-navi.mhlw.go.jp/facilities/14450,2026-09-14T14:03:45.771Z
14451,https://birth-navi.mhlw.go.jp/facilities/14451,2026-09-14T14:03:46.078Z
14452,https://birth-navi.mhlw.go.jp/facilities/14452,2026-09-14T14:03:46.410Z
14453,https://birth-navi.mhlw.go.jp/facilities/14453,2026-09-14T14:03:46.730Z
14454,https://birth-navi.mhlw.go.jp/facilities/14454,2026-09-14T12:56:53.041Z
14455,https://birth-navi.mhlw.go.jp/facilities/14455,2026-09-14T12:56:53.041Z
14456,https://birth-navi.mhlw.go.jp/facilities/14456,2026-09-14T12:56:53.041Z
14457,https://birth-navi.mhlw.go.jp/facilities/14457,2026-09-14T14:03:47.038Z
14458,https://birth-navi.mhlw.go.jp/facilities/14458,2026-09-14T14:03:47.361Z
14459,https://birth-navi.mhlw.go.jp/facilities/14459,2026-09-14T14:03:47.693Z
14460,https://birth-navi.mhlw.go.jp/facilities/14460,2026-09-14T14:03:48.009Z
14461,https://birth-navi.mhlw.go.jp/facilities/14461,2026-09-14T14:03:48.331Z
14462,https://birth-navi.mhlw.go.jp/facilities/14462,2026-09-14T14:03:48.654Z
14463,https://birth-navi.mhlw.go.jp/facilities/14463,2026-09-14T14:03:48.962Z
14464,https://birth-navi.mhlw.go.jp/facilities/14464,2026-09-14T14:03:49.273Z
14465,https://birth-navi.mhlw.go.jp/facilities/14465,2026-09-14T14:03:49.570Z
14466,https://birth-navi.mhlw.go.jp/facilities/14466,2026-09-14T14:03:49.878Z
14467,https://birth-navi.mhlw.go.jp/facilities/14467,2026-09-14T14:03:50.196Z
14468,https://birth-navi.mhlw.go.jp/facilities/14468,2026-09-14T14:03:50.453Z
14469,https://birth-navi.mhlw.go.jp/facilities/14469,2026-09-14T14:03:50.775Z
14470,https://birth-navi.mhlw.go.jp/facilities/14470,2026-09-14T14:03:51.090Z
14471,https://birth-navi.mhlw.go.jp/facilities/14471,2026-09-14T22:40:49.846Z
14472,https://birth-navi.mhlw.go.jp/facilities/14472,2026-09-14T22:40:49.846Z
14473,https://birth-navi.mhlw.go.jp/facilities/14473,2026-09-14T22:40:13.452Z
14474,https://birth-navi.mhlw.go.jp/facilities/14474,2026-09-14T22:40:49.846Z
14475,https://birth-navi.mhlw.go.jp/facilities/14475,2026-09-14T12:56:53.041Z
14476,https://birth-navi.mhlw.go.jp/facilities/14476,2026-09-14T12:56:53.041Z
14477,https://birth-navi.mhlw.go.jp/facilities/14477,2026-09-14T14:03:51.395Z
14478,https://birth-navi.mhlw.go.jp/facilities/14478,2026-09-14T14:03:51.662Z
14479,https://birth-navi.mhlw.go.jp/facilities/14479,2026-09-14T14:03:51.965Z
14480,https://birth-navi.mhlw.go.jp/facilities/14480,2026-09-14T12:56:53.041Z
14481,https://birth-navi.mhlw.go.jp/facilities/14481,2026-09-14T12:56:53.041Z
14482,https://birth-navi.mhlw.go.jp/facilities/14482,2026-09-14T14:03:52.296Z
14483,https://birth-navi.mhlw.go.jp/facilities/14483,2026-09-14T14:03:52.624Z
14484,https://birth-navi.mhlw.go.jp/facilities/14484,2026-09-14T14:03:52.927Z
14485,https://birth-navi.mhlw.go.jp/facilities/14485,2026-09-14T14:03:53.247Z
14486,https://birth-navi.mhlw.go.jp/facilities/14486,2026-09-14T14:03:53.608Z
14487,https://birth-navi.mhlw.go.jp/facilities/14487,2026-09-14T14:03:53.911Z
14488,https://birth-navi.mhlw.go.jp/facilities/14488,2026-09-14T14:03:54.219Z
14489,https://birth-navi.mhlw.go.jp/facilities/14489,2026-09-14T14:03:54.532Z
14490,https://birth-navi.mhlw.go.jp/facilities/14490,2026-09-14T12:56:53.041Z
14491,https://birth-navi.mhlw.go.jp/facilities/14491,2026-09-14T14:03:54.826Z
14492,https://birth-navi.mhlw.go.jp/facilities/14492,2026-09-14T14:03:55.148Z
14493,https://birth-navi.mhlw.go.jp/facilities/14493,2026-09-14T14:03:55.462Z
14494,https://birth-navi.mhlw.go.jp/facilities/14494,2026-09-14T14:03:55.790Z
14495,https://birth-navi.mhlw.go.jp/facilities/14495,2026-09-14T14:03:56.090Z
14496,https://birth-navi.mhlw.go.jp/facilities/14496,2026-09-14T14:03:56.391Z
14497,https://birth-navi.mhlw.go.jp/facilities/14497,2026-09-14T14:03:56.698Z
14498,https://birth-navi.mhlw.go.jp/facilities/14498,2026-09-14T14:03:57.003Z
14499,https://birth-navi.mhlw.go.jp/facilities/14499,2026-09-14T14:03:57.308Z
14500,https://birth-navi.mhlw.go.jp/facilities/14500,2026-09-14T14:03:57.629Z
14501,https://birth-navi.mhlw.go.jp/facilities/14501,2026-09-14T14:03:57.929Z
14502,https://birth-navi.mhlw.go.jp/facilities/14502,2026-09-14T14:03:58.224Z
14503,https://birth-navi.mhlw.go.jp/facilities/14503,2026-09-14T14:03:58.527Z
14504,https://birth-navi.mhlw.go.jp/facilities/14504,2026-09-14T12:56:53.041Z
14505,https://birth-navi.mhlw.go.jp/facilities/14505,2026-09-14T14:03:58.830Z
14506,https://birth-navi.mhlw.go.jp/facilities/14506,2026-09-14T14:03:59.169Z
14507,https://birth-navi.mhlw.go.jp/facilities/14507,2026-09-14T14:03:59.466Z
14508,https://birth-navi.mhlw.go.jp/facilities/14508,2026-09-14T14:03:59.760Z
14509,https://birth-navi.mhlw.go.jp/facilities/14509,2026-09-14T22:40:49.846Z
14510,https://birth-navi.mhlw.go.jp/facilities/14510,2026-09-14T14:04:00.092Z
14511,https://birth-navi.mhlw.go.jp/facilities/14511,2026-09-14T22:40:49.846Z
14512,https://birth-navi.mhlw.go.jp/facilities/14512,2026-09-14T22:40:49.846Z
14513,https://birth-navi.mhlw.go.jp/facilities/14513,2026-09-14T14:04:00.499Z
14514,https://birth-navi.mhlw.go.jp/facilities/14514,2026-09-14T14:04:00.812Z
14515,https://birth-navi.mhlw.go.jp/facilities/14515,2026-09-14T14:04:01.143Z
14516,https://birth-navi.mhlw.go.jp/facilities/14516,2026-09-14T14:04:01.478Z
14517,https://birth-navi.mhlw.go.jp/facilities/14517,2026-09-14T14:04:01.782Z
14518,https://birth-navi.mhlw.go.jp/facilities/14518,2026-09-14T14:04:02.170Z
14519,https://birth-navi.mhlw.go.jp/facilities/14519,2026-09-14T14:04:02.492Z
14520,https://birth-navi.mhlw.go.jp/facilities/14520,2026-09-14T14:04:02.843Z
14521,https://birth-navi.mhlw.go.jp/facilities/14521,2026-09-14T14:04:03.156Z
14522,https://birth-navi.mhlw.go.jp/facilities/14522,2026-09-14T22:40:13.452Z
14523,https://birth-navi.mhlw.go.jp/facilities/14523,2026-09-14T14:04:03.476Z
14524,https://birth-navi.mhlw.go.jp/facilities/14524,2026-09-14T14:04:03.789Z
14525,https://birth-navi.mhlw.go.jp/facilities/14525,2026-09-14T14:04:04.104Z
14526,https://birth-navi.mhlw.go.jp/facilities/14526,2026-09-14T14:04:04.402Z
14527,https://birth-navi.mhlw.go.jp/facilities/14527,2026-09-14T14:04:04.698Z
14528,https://birth-navi.mhlw.go.jp/facilities/14528,2026-09-14T14:04:05.008Z
14529,https://birth-navi.mhlw.go.jp/facilities/14529,2026-09-14T14:04:05.321Z
14530,https://birth-navi.mhlw.go.jp/facilities/14530,2026-09-14T14:04:05.645Z
14531,https://birth-navi.mhlw.go.jp/facilities/14531,2026-09-14T14:04:05.953Z
14532,https://birth-navi.mhlw.go.jp/facilities/14532,2026-09-14T14:04:06.258Z
14533,https://birth-navi.mhlw.go.jp/facilities/14533,2026-09-14T22:40:13.452Z
14534,https://birth-navi.mhlw.go.jp/facilities/14534,2026-09-14T14:04:06.575Z
14535,https://birth-navi.mhlw.go.jp/facilities/14535,2026-09-14T14:04:06.900Z
14536,https://birth-navi.mhlw.go.jp/facilities/14536,2026-09-14T14:04:07.223Z
14537,https://birth-navi.mhlw.go.jp/facilities/14537,2026-09-14T14:04:07.550Z
14538,https://birth-navi.mhlw.go.jp/facilities/14538,2026-09-14T14:04:07.813Z
14539,https://birth-navi.mhlw.go.jp/facilities/14539,2026-09-14T14:04:08.121Z
14540,https://birth-navi.mhlw.go.jp/facilities/14540,2026-09-14T14:04:08.436Z
14541,https://birth-navi.mhlw.go.jp/facilities/14541,2026-09-14T14:04:08.757Z
14542,https://birth-navi.mhlw.go.jp/facilities/14542,2026-09-14T14:04:09.079Z
14543,https://birth-navi.mhlw.go.jp/facilities/14543,2026-09-14T14:04:09.395Z
14544,https://birth-navi.mhlw.go.jp/facilities/14544,2026-09-14T12:56:53.041Z
14545,https://birth-navi.mhlw.go.jp/facilities/14545,2026-09-14T12:56:53.041Z
14546,https://birth-navi.mhlw.go.jp/facilities/14546,2026-09-14T12:56:53.041Z
14547,https://birth-navi.mhlw.go.jp/facilities/14547,2026-09-14T14:04:09.682Z
14548,https://birth-navi.mhlw.go.jp/facilities/14548,2026-09-14T22:40:49.846Z
14549,https://birth-navi.mhlw.go.jp/facilities/14549,2026-09-14T12:56:53.041Z
14550,https://birth-navi.mhlw.go.jp/facilities/14550,2026-09-14T12:56:53.041Z
14551,https://birth-navi.mhlw.go.jp/facilities/14551,2026-09-14T14:04:09.975Z
14552,https://birth-navi.mhlw.go.jp/facilities/14552,2026-09-14T14:04:10.307Z
14553,https://birth-navi.mhlw.go.jp/facilities/14553,2026-09-14T22:40:13.452Z
14554,https://birth-navi.mhlw.go.jp/facilities/14554,2026-09-14T14:04:10.632Z
14555,https://birth-navi.mhlw.go.jp/facilities/14555,2026-09-14T12:56:53.041Z
14556,https://birth-navi.mhlw.go.jp/facilities/14556,2026-09-14T12:56:53.041Z
14557,https://birth-navi.mhlw.go.jp/facilities/14557,2026-09-14T12:56:53.041Z
14558,https://birth-navi.mhlw.go.jp/facilities/14558,2026-09-14T14:04:10.995Z
14559,https://birth-navi.mhlw.go.jp/facilities/14559,2026-09-14T14:04:11.319Z
14560,https://birth-navi.mhlw.go.jp/facilities/14560,2026-09-14T14:04:11.640Z
14561,https://birth-navi.mhlw.go.jp/facilities/14561,2026-09-14T22:40:13.452Z
14562,https://birth-navi.mhlw.go.jp/facilities/14562,2026-09-14T22:40:13.452Z
14563,https://birth-navi.mhlw.go.jp/facilities/14563,2026-09-14T22:40:13.452Z
14564,https://birth-navi.mhlw.go.jp/facilities/14564,2026-09-14T14:04:11.965Z
14565,https://birth-navi.mhlw.go.jp/facilities/14565,2026-09-14T12:56:53.041Z
14566,https://birth-navi.mhlw.go.jp/facilities/14566,2026-09-14T14:04:12.265Z
14567,https://birth-navi.mhlw.go.jp/facilities/14567,2026-09-14T12:56:53.041Z
14568,https://birth-navi.mhlw.go.jp/facilities/14568,2026-09-14T14:04:12.576Z
14569,https://birth-navi.mhlw.go.jp/facilities/14569,2026-09-14T14:04:12.897Z
14570,https://birth-navi.mhlw.go.jp/facilities/14570,2026-09-14T14:04:13.220Z
14571,https://birth-navi.mhlw.go.jp/facilities/14571,2026-09-14T14:04:13.573Z
14572,https://birth-navi.mhlw.go.jp/facilities/14572,2026-09-14T14:04:13.891Z
14573,https://birth-navi.mhlw.go.jp/facilities/14573,2026-09-14T14:04:14.225Z
14574,https://birth-navi.mhlw.go.jp/facilities/14574,2026-09-14T12:56:53.041Z
14575,https://birth-navi.mhlw.go.jp/facilities/14575,2026-09-14T14:04:14.533Z
14576,https://birth-navi.mhlw.go.jp/facilities/14576,2026-09-14T14:04:14.822Z
14577,https://birth-navi.mhlw.go.jp/facilities/14577,2026-09-14T12:56:53.041Z
14578,https://birth-navi.mhlw.go.jp/facilities/14578,2026-09-14T14:04:15.079Z
14579,https://birth-navi.mhlw.go.jp/facilities/14579,2026-09-14T12:56:53.041Z
14580,https://birth-navi.mhlw.go.jp/facilities/14580,2026-09-14T12:56:53.041Z
14581,https://birth-navi.mhlw.go.jp/facilities/14581,2026-09-14T12:56:53.041Z
14582,https://birth-navi.mhlw.go.jp/facilities/14582,2026-09-14T12:56:53.041Z
14583,https://birth-navi.mhlw.go.jp/facilities/14583,2026-09-14T12:56:53.041Z
14584,https://birth-navi.mhlw.go.jp/facilities/14584,2026-09-14T14:04:15.400Z
14585,https://birth-navi.mhlw.go.jp/facilities/14585,2026-09-14T14:04:15.713Z
14586,https://birth-navi.mhlw.go.jp/facilities/14586,2026-09-14T14:04:16.024Z
14587,https://birth-navi.mhlw.go.jp/facilities/14587,2026-09-14T14:04:16.280Z
14588,https://birth-navi.mhlw.go.jp/facilities/14588,2026-09-14T22:40:49.846Z
14589,https://birth-navi.mhlw.go.jp/facilities/14589,2026-09-14T14:04:16.599Z
14590,https://birth-navi.mhlw.go.jp/facilities/14590,2026-09-14T14:04:16.932Z
14591,https://birth-navi.mhlw.go.jp/facilities/14591,2026-09-14T14:04:17.244Z
14592,https://birth-navi.mhlw.go.jp/facilities/14592,2026-09-14T14:04:17.562Z
14593,https://birth-navi.mhlw.go.jp/facilities/14593,2026-09-14T22:40:49.846Z
14594,https://birth-navi.mhlw.go.jp/facilities/14594,2026-09-14T22:40:49.846Z
14595,https://birth-navi.mhlw.go.jp/facilities/14595,2026-09-14T12:56:53.041Z
14596,https://birth-navi.mhlw.go.jp/facilities/14596,2026-09-14T12:56:53.041Z
14597,https://birth-navi.mhlw.go.jp/facilities/14597,2026-09-14T14:04:17.901Z
14598,https://birth-navi.mhlw.go.jp/facilities/14598,2026-09-14T12:56:53.041Z
14599,https://birth-navi.mhlw.go.jp/facilities/14599,2026-09-14T14:04:18.207Z
14600,https://birth-navi.mhlw.go.jp/facilities/14600,2026-09-14T14:04:18.508Z
14601,https://birth-navi.mhlw.go.jp/facilities/14601,2026-09-14T14:04:18.806Z
14602,https://birth-navi.mhlw.go.jp/facilities/14602,2026-09-14T22:40:13.452Z
14603,https://birth-navi.mhlw.go.jp/facilities/14603,2026-09-14T12:56:53.041Z
14604,https://birth-navi.mhlw.go.jp/facilities/14604,2026-09-14T14:04:19.111Z
14605,https://birth-navi.mhlw.go.jp/facilities/14605,2026-09-14T14:04:19.419Z
14606,https://birth-navi.mhlw.go.jp/facilities/14606,2026-09-14T14:04:19.742Z
14607,https://birth-navi.mhlw.go.jp/facilities/14607,2026-09-14T14:04:20.054Z
14608,https://birth-navi.mhlw.go.jp/facilities/14608,2026-09-14T12:56:53.041Z
14609,https://birth-navi.mhlw.go.jp/facilities/14609,2026-09-14T12:56:53.041Z
14610,https://birth-navi.mhlw.go.jp/facilities/14610,2026-09-14T14:04:20.350Z
14611,https://birth-navi.mhlw.go.jp/facilities/14611,2026-09-14T12:56:53.041Z
14612,https://birth-navi.mhlw.go.jp/facilities/14612,2026-09-14T22:40:49.846Z
14613,https://birth-navi.mhlw.go.jp/facilities/14613,2026-09-14T14:04:20.675Z
14614,https://birth-navi.mhlw.go.jp/facilities/14614,2026-09-14T14:04:21.004Z
14615,https://birth-navi.mhlw.go.jp/facilities/14615,2026-09-14T14:04:21.301Z
14616,https://birth-navi.mhlw.go.jp/facilities/14616,2026-09-14T12:56:53.041Z
14617,https://birth-navi.mhlw.go.jp/facilities/14617,2026-09-14T14:04:21.630Z
14618,https://birth-navi.mhlw.go.jp/facilities/14618,2026-09-14T22:40:49.846Z
14619,https://birth-navi.mhlw.go.jp/facilities/14619,2026-09-14T12:56:53.041Z
14620,https://birth-navi.mhlw.go.jp/facilities/14620,2026-09-14T14:04:21.948Z
14621,https://birth-navi.mhlw.go.jp/facilities/14621,2026-09-14T14:04:22.279Z
14622,https://birth-navi.mhlw.go.jp/facilities/14622,2026-09-14T14:04:22.589Z
14623,https://birth-navi.mhlw.go.jp/facilities/14623,2026-09-14T14:04:22.898Z
14624,https://birth-navi.mhlw.go.jp/facilities/14624,2026-09-14T14:04:23.196Z
14625,https://birth-navi.mhlw.go.jp/facilities/14625,2026-09-14T14:04:23.536Z
14626,https://birth-navi.mhlw.go.jp/facilities/14626,2026-09-14T14:04:23.849Z
14627,https://birth-navi.mhlw.go.jp/facilities/14627,2026-09-14T14:04:24.147Z
14628,https://birth-navi.mhlw.go.jp/facilities/14628,2026-09-14T14:04:24.433Z
14629,https://birth-navi.mhlw.go.jp/facilities/14629,2026-09-14T12:56:53.041Z
14630,https://birth-navi.mhlw.go.jp/facilities/14630,2026-09-14T12:56:53.041Z
14631,https://birth-navi.mhlw.go.jp/facilities/14631,2026-09-14T14:04:24.740Z
14632,https://birth-navi.mhlw.go.jp/facilities/14632,2026-09-14T14:04:25.046Z
14633,https://birth-navi.mhlw.go.jp/facilities/14633,2026-09-14T14:04:25.342Z
14634,https://birth-navi.mhlw.go.jp/facilities/14634,2026-09-14T14:04:25.604Z
14635,https://birth-navi.mhlw.go.jp/facilities/14635,2026-09-14T14:04:25.917Z
14636,https://birth-navi.mhlw.go.jp/facilities/14636,2026-09-14T14:04:26.198Z
14637,https://birth-navi.mhlw.go.jp/facilities/14637,2026-09-14T14:04:26.509Z
14638,https://birth-navi.mhlw.go.jp/facilities/14638,2026-09-14T14:04:26.951Z
14639,https://birth-navi.mhlw.go.jp/facilities/14639,2026-09-14T14:04:27.271Z
14640,https://birth-navi.mhlw.go.jp/facilities/14640,2026-09-14T14:04:27.621Z
14641,https://birth-navi.mhlw.go.jp/facilities/14641,2026-09-14T14:04:27.913Z
14642,https://birth-navi.mhlw.go.jp/facilities/14642,2026-09-14T12:56:53.041Z
14643,https://birth-navi.mhlw.go.jp/facilities/14643,2026-09-14T12:56:53.041Z
14644,https://birth-navi.mhlw.go.jp/facilities/14644,2026-09-14T12:56:53.041Z
14645,https://birth-navi.mhlw.go.jp/facilities/14645,2026-09-14T14:04:28.239Z
14646,https://birth-navi.mhlw.go.jp/facilities/14646,2026-09-14T12:56:53.041Z
14647,https://birth-navi.mhlw.go.jp/facilities/14647,2026-09-14T14:04:28.559Z
14648,https://birth-navi.mhlw.go.jp/facilities/14648,2026-09-14T14:04:28.877Z
14649,https://birth-navi.mhlw.go.jp/facilities/14649,2026-09-14T14:04:29.203Z
14650,https://birth-navi.mhlw.go.jp/facilities/14650,2026-09-14T14:04:29.522Z
14651,https://birth-navi.mhlw.go.jp/facilities/14651,2026-09-14T14:04:29.849Z
14652,https://birth-navi.mhlw.go.jp/facilities/14652,2026-09-14T14:04:30.173Z
14653,https://birth-navi.mhlw.go.jp/facilities/14653,2026-09-14T14:04:30.492Z
14654,https://birth-navi.mhlw.go.jp/facilities/14654,2026-09-14T14:04:30.798Z
14655,https://birth-navi.mhlw.go.jp/facilities/14655,2026-09-14T14:04:31.154Z
14656,https://birth-navi.mhlw.go.jp/facilities/14656,2026-09-14T14:04:31.477Z
14657,https://birth-navi.mhlw.go.jp/facilities/14657,2026-09-14T14:04:31.786Z
14658,https://birth-navi.mhlw.go.jp/facilities/14658,2026-09-14T22:40:13.452Z
14659,https://birth-navi.mhlw.go.jp/facilities/14659,2026-09-14T12:56:53.041Z
14660,https://birth-navi.mhlw.go.jp/facilities/14660,2026-09-14T12:56:53.041Z
14661,https://birth-navi.mhlw.go.jp/facilities/14661,2026-09-14T12:56:53.041Z
14662,https://birth-navi.mhlw.go.jp/facilities/14662,2026-09-14T14:04:32.104Z
14663,https://birth-navi.mhlw.go.jp/facilities/14663,2026-09-14T12:56:53.041Z
14664,https://birth-navi.mhlw.go.jp/facilities/14664,2026-09-14T22:40:13.452Z
14665,https://birth-navi.mhlw.go.jp/facilities/14665,2026-09-14T14:04:32.410Z
14666,https://birth-navi.mhlw.go.jp/facilities/14666,2026-09-14T14:04:32.714Z
14667,https://birth-navi.mhlw.go.jp/facilities/14667,2026-09-14T14:04:33.024Z
14668,https://birth-navi.mhlw.go.jp/facilities/14668,2026-09-14T14:04:33.325Z
14669,https://birth-navi.mhlw.go.jp/facilities/14669,2026-09-14T14:04:33.628Z
14670,https://birth-navi.mhlw.go.jp/facilities/14670,2026-09-14T14:04:33.934Z
14671,https://birth-navi.mhlw.go.jp/facilities/14671,2026-09-14T14:04:34.249Z
14672,https://birth-navi.mhlw.go.jp/facilities/14672,2026-09-14T12:56:53.041Z
14673,https://birth-navi.mhlw.go.jp/facilities/14673,2026-09-14T22:40:13.452Z
14674,https://birth-navi.mhlw.go.jp/facilities/14674,2026-09-14T12:56:53.041Z
14675,https://birth-navi.mhlw.go.jp/facilities/14675,2026-09-14T14:04:34.579Z
14676,https://birth-navi.mhlw.go.jp/facilities/14676,2026-09-14T14:04:34.891Z
14677,https://birth-navi.mhlw.go.jp/facilities/14677,2026-09-14T14:04:35.225Z
14678,https://birth-navi.mhlw.go.jp/facilities/14678,2026-09-14T14:04:35.516Z
14679,https://birth-navi.mhlw.go.jp/facilities/14679,2026-09-14T14:04:35.855Z
14680,https://birth-navi.mhlw.go.jp/facilities/14680,2026-09-14T14:04:36.187Z
14681,https://birth-navi.mhlw.go.jp/facilities/14681,2026-09-14T14:04:36.501Z
14682,https://birth-navi.mhlw.go.jp/facilities/14682,2026-09-14T14:04:36.804Z
14683,https://birth-navi.mhlw.go.jp/facilities/14683,2026-09-14T12:56:53.041Z
14684,https://birth-navi.mhlw.go.jp/facilities/14684,2026-09-14T22:40:49.846Z
14685,https://birth-navi.mhlw.go.jp/facilities/14685,2026-09-14T22:40:49.846Z
14686,https://birth-navi.mhlw.go.jp/facilities/14686,2026-09-14T12:56:53.041Z
14687,https://birth-navi.mhlw.go.jp/facilities/14687,2026-09-14T12:56:53.041Z
14688,https://birth-navi.mhlw.go.jp/facilities/14688,2026-09-14T12:56:53.041Z
14689,https://birth-navi.mhlw.go.jp/facilities/14689,2026-09-14T12:56:53.041Z
14690,https://birth-navi.mhlw.go.jp/facilities/14690,2026-09-14T12:56:53.041Z
14691,https://birth-navi.mhlw.go.jp/facilities/14691,2026-09-14T22:40:49.846Z
14692,https://birth-navi.mhlw.go.jp/facilities/14692,2026-09-14T14:04:37.141Z
14693,https://birth-navi.mhlw.go.jp/facilities/14693,2026-09-14T22:40:49.846Z
14694,https://birth-navi.mhlw.go.jp/facilities/14694,2026-09-14T14:04:37.450Z
14695,https://birth-navi.mhlw.go.jp/facilities/14695,2026-09-14T14:04:37.758Z
14696,https://birth-navi.mhlw.go.jp/facilities/14696,2026-09-14T14:04:38.088Z
14697,https://birth-navi.mhlw.go.jp/facilities/14697,2026-09-14T14:04:38.403Z
14698,https://birth-navi.mhlw.go.jp/facilities/14698,2026-09-14T14:04:38.721Z
14699,https://birth-navi.mhlw.go.jp/facilities/14699,2026-09-14T12:56:53.041Z
14700,https://birth-navi.mhlw.go.jp/facilities/14700,2026-09-14T12:56:53.041Z
14701,https://birth-navi.mhlw.go.jp/facilities/14701,2026-09-14T14:04:39.033Z
14702,https://birth-navi.mhlw.go.jp/facilities/14702,2026-09-14T12:56:53.041Z
14703,https://birth-navi.mhlw.go.jp/facilities/14703,2026-09-14T14:04:39.333Z
14704,https://birth-navi.mhlw.go.jp/facilities/14704,2026-09-14T12:56:53.041Z
14705,https://birth-navi.mhlw.go.jp/facilities/14705,2026-09-14T14:04:39.640Z
14706,https://birth-navi.mhlw.go.jp/facilities/14706,2026-09-14T14:04:39.959Z
14707,https://birth-navi.mhlw.go.jp/facilities/14707,2026-09-14T14:04:40.306Z
14708,https://birth-navi.mhlw.go.jp/facilities/14708,2026-09-14T14:04:40.636Z
14709,https://birth-navi.mhlw.go.jp/facilities/14709,2026-09-14T14:04:40.938Z
14710,https://birth-navi.mhlw.go.jp/facilities/14710,2026-09-14T14:04:41.238Z
14711,https://birth-navi.mhlw.go.jp/facilities/14711,2026-09-14T12:56:53.041Z
14712,https://birth-navi.mhlw.go.jp/facilities/14712,2026-09-14T14:04:41.552Z
14713,https://birth-navi.mhlw.go.jp/facilities/14713,2026-09-14T14:04:41.896Z
14714,https://birth-navi.mhlw.go.jp/facilities/14714,2026-09-14T14:04:42.220Z
14715,https://birth-navi.mhlw.go.jp/facilities/14715,2026-09-14T22:40:13.452Z
14716,https://birth-navi.mhlw.go.jp/facilities/14716,2026-09-14T22:40:49.846Z
14717,https://birth-navi.mhlw.go.jp/facilities/14717,2026-09-14T14:04:42.572Z
14718,https://birth-navi.mhlw.go.jp/facilities/14718,2026-09-14T14:04:42.905Z
14719,https://birth-navi.mhlw.go.jp/facilities/14719,2026-09-14T12:56:53.041Z
14720,https://birth-navi.mhlw.go.jp/facilities/14720,2026-09-14T14:04:43.233Z
14721,https://birth-navi.mhlw.go.jp/facilities/14721,2026-09-14T14:04:43.537Z
14722,https://birth-navi.mhlw.go.jp/facilities/14722,2026-09-14T22:40:49.846Z
14723,https://birth-navi.mhlw.go.jp/facilities/14723,2026-09-14T12:56:53.041Z
14724,https://birth-navi.mhlw.go.jp/facilities/14724,2026-09-14T14:04:43.857Z
14725,https://birth-navi.mhlw.go.jp/facilities/14725,2026-09-14T14:04:44.201Z
14726,https://birth-navi.mhlw.go.jp/facilities/14726,2026-09-14T14:04:44.521Z
14727,https://birth-navi.mhlw.go.jp/facilities/14727,2026-09-14T14:04:44.831Z
14728,https://birth-navi.mhlw.go.jp/facilities/14728,2026-09-14T14:04:45.151Z
14729,https://birth-navi.mhlw.go.jp/facilities/14729,2026-09-14T14:04:45.464Z
14730,https://birth-navi.mhlw.go.jp/facilities/14730,2026-09-14T12:56:53.041Z
14731,https://birth-navi.mhlw.go.jp/facilities/14731,2026-09-14T14:04:45.770Z
14732,https://birth-navi.mhlw.go.jp/facilities/14732,2026-09-14T12:56:53.041Z
14733,https://birth-navi.mhlw.go.jp/facilities/14733,2026-09-14T12:56:53.041Z
14734,https://birth-navi.mhlw.go.jp/facilities/14734,2026-09-14T14:04:46.085Z
14735,https://birth-navi.mhlw.go.jp/facilities/14735,2026-09-14T14:04:46.385Z
14736,https://birth-navi.mhlw.go.jp/facilities/14736,2026-09-14T22:40:13.452Z
14737,https://birth-navi.mhlw.go.jp/facilities/14737,2026-09-14T12:56:53.041Z
14738,https://birth-navi.mhlw.go.jp/facilities/14738,2026-09-14T14:04:46.714Z
14739,https://birth-navi.mhlw.go.jp/facilities/14739,2026-09-14T14:04:47.026Z
14740,https://birth-navi.mhlw.go.jp/facilities/14740,2026-09-14T22:40:49.846Z
14741,https://birth-navi.mhlw.go.jp/facilities/14741,2026-09-14T12:56:53.041Z
14742,https://birth-navi.mhlw.go.jp/facilities/14742,2026-09-14T22:40:13.452Z
14743,https://birth-navi.mhlw.go.jp/facilities/14743,2026-09-14T12:56:53.041Z
14744,https://birth-navi.mhlw.go.jp/facilities/14744,2026-09-14T14:04:47.355Z
14745,https://birth-navi.mhlw.go.jp/facilities/14745,2026-09-14T14:04:47.677Z
14746,https://birth-navi.mhlw.go.jp/facilities/14746,2026-09-14T14:04:48.006Z
14747,https://birth-navi.mhlw.go.jp/facilities/14747,2026-09-14T14:04:48.330Z
14748,https://birth-navi.mhlw.go.jp/facilities/14748,2026-09-14T14:04:48.682Z
14749,https://birth-navi.mhlw.go.jp/facilities/14749,2026-09-14T22:40:13.452Z
14750,https://birth-navi.mhlw.go.jp/facilities/14750,2026-09-14T14:04:48.995Z
14751,https://birth-navi.mhlw.go.jp/facilities/14751,2026-09-14T14:04:49.294Z
14752,https://birth-navi.mhlw.go.jp/facilities/14752,2026-09-14T14:04:49.599Z
14753,https://birth-navi.mhlw.go.jp/facilities/14753,2026-09-14T14:04:49.904Z
14754,https://birth-navi.mhlw.go.jp/facilities/14754,2026-09-14T14:04:50.214Z
14755,https://birth-navi.mhlw.go.jp/facilities/14755,2026-09-14T22:40:49.846Z
14756,https://birth-navi.mhlw.go.jp/facilities/14756,2026-09-14T14:04:50.535Z
14757,https://birth-navi.mhlw.go.jp/facilities/14757,2026-09-14T14:04:50.848Z
14758,https://birth-navi.mhlw.go.jp/facilities/14758,2026-09-14T14:04:51.155Z
14759,https://birth-navi.mhlw.go.jp/facilities/14759,2026-09-14T14:04:51.459Z
14760,https://birth-navi.mhlw.go.jp/facilities/14760,2026-09-14T22:40:49.846Z
14761,https://birth-navi.mhlw.go.jp/facilities/14761,2026-09-14T22:40:49.846Z
14762,https://birth-navi.mhlw.go.jp/facilities/14762,2026-09-14T22:40:49.846Z
14763,https://birth-navi.mhlw.go.jp/facilities/14763,2026-09-14T14:04:51.778Z
14764,https://birth-navi.mhlw.go.jp/facilities/14764,2026-09-14T14:04:52.076Z
14765,https://birth-navi.mhlw.go.jp/facilities/14765,2026-09-14T14:04:52.382Z
14766,https://birth-navi.mhlw.go.jp/facilities/14766,2026-09-14T14:04:52.747Z
14767,https://birth-navi.mhlw.go.jp/facilities/14767,2026-09-14T12:56:53.041Z
14768,https://birth-navi.mhlw.go.jp/facilities/14768,2026-09-14T12:56:53.041Z
14769,https://birth-navi.mhlw.go.jp/facilities/14769,2026-09-14T12:56:53.041Z
14770,https://birth-navi.mhlw.go.jp/facilities/14770,2026-09-14T14:04:53.098Z
14771,https://birth-navi.mhlw.go.jp/facilities/14771,2026-09-14T22:40:49.846Z
14772,https://birth-navi.mhlw.go.jp/facilities/14772,2026-09-14T12:56:53.041Z
14773,https://birth-navi.mhlw.go.jp/facilities/14773,2026-09-14T12:56:53.041Z
14774,https://birth-navi.mhlw.go.jp/facilities/14774,2026-09-14T12:56:53.041Z
14775,https://birth-navi.mhlw.go.jp/facilities/14775,2026-09-14T12:56:53.041Z
14776,https://birth-navi.mhlw.go.jp/facilities/14776,2026-09-14T22:40:13.452Z
14777,https://birth-navi.mhlw.go.jp/facilities/14777,2026-09-14T14:04:53.452Z
14778,https://birth-navi.mhlw.go.jp/facilities/14778,2026-09-14T12:56:53.041Z
14779,https://birth-navi.mhlw.go.jp/facilities/14779,2026-09-14T12:56:53.041Z
14780,https://birth-navi.mhlw.go.jp/facilities/14780,2026-09-14T22:40:13.452Z
14781,https://birth-navi.mhlw.go.jp/facilities/14781,2026-09-14T12:56:53.041Z
14782,https://birth-navi.mhlw.go.jp/facilities/14782,2026-09-14T14:04:53.748Z
14783,https://birth-navi.mhlw.go.jp/facilities/14783,2026-09-14T22:40:49.846Z
14784,https://birth-navi.mhlw.go.jp/facilities/14784,2026-09-14T22:40:49.846Z
14785,https://birth-navi.mhlw.go.jp/facilities/14785,2026-09-14T12:56:53.041Z
14786,https://birth-navi.mhlw.go.jp/facilities/14786,2026-09-14T14:04:54.068Z
14787,https://birth-navi.mhlw.go.jp/facilities/14787,2026-09-14T14:04:54.381Z
14788,https://birth-navi.mhlw.go.jp/facilities/14788,2026-09-14T12:56:53.041Z
14789,https://birth-navi.mhlw.go.jp/facilities/14789,2026-09-14T14:04:54.694Z
14790,https://birth-navi.mhlw.go.jp/facilities/14790,2026-09-14T14:04:54.991Z
14791,https://birth-navi.mhlw.go.jp/facilities/14791,2026-09-14T14:04:55.283Z
14792,https://birth-navi.mhlw.go.jp/facilities/14792,2026-09-14T14:04:55.585Z
14793,https://birth-navi.mhlw.go.jp/facilities/14793,2026-09-14T14:04:55.893Z
14794,https://birth-navi.mhlw.go.jp/facilities/14794,2026-09-14T14:04:56.191Z
14795,https://birth-navi.mhlw.go.jp/facilities/14795,2026-09-14T14:04:56.503Z
14796,https://birth-navi.mhlw.go.jp/facilities/14796,2026-09-14T12:56:53.041Z
14797,https://birth-navi.mhlw.go.jp/facilities/14797,2026-09-14T14:04:56.813Z
14798,https://birth-navi.mhlw.go.jp/facilities/14798,2026-09-14T14:04:57.076Z
14799,https://birth-navi.mhlw.go.jp/facilities/14799,2026-09-14T14:04:57.381Z
14800,https://birth-navi.mhlw.go.jp/facilities/14800,2026-09-14T14:04:57.696Z
14801,https://birth-navi.mhlw.go.jp/facilities/14801,2026-09-14T14:04:57.958Z
14802,https://birth-navi.mhlw.go.jp/facilities/14802,2026-09-14T14:04:58.315Z
14803,https://birth-navi.mhlw.go.jp/facilities/14803,2026-09-14T12:56:53.041Z
14804,https://birth-navi.mhlw.go.jp/facilities/14804,2026-09-14T14:04:58.572Z
14805,https://birth-navi.mhlw.go.jp/facilities/14805,2026-09-14T12:56:53.041Z
14806,https://birth-navi.mhlw.go.jp/facilities/14806,2026-09-14T14:04:58.924Z
14807,https://birth-navi.mhlw.go.jp/facilities/14807,2026-09-14T12:56:53.041Z
14808,https://birth-navi.mhlw.go.jp/facilities/14808,2026-09-14T14:04:59.184Z
14809,https://birth-navi.mhlw.go.jp/facilities/14809,2026-09-14T14:04:59.495Z
14810,https://birth-navi.mhlw.go.jp/facilities/14810,2026-09-14T12:56:53.041Z
14811,https://birth-navi.mhlw.go.jp/facilities/14811,2026-09-14T12:56:53.041Z
14812,https://birth-navi.mhlw.go.jp/facilities/14812,2026-09-14T14:04:59.837Z
14813,https://birth-navi.mhlw.go.jp/facilities/14813,2026-09-14T12:56:53.041Z
14814,https://birth-navi.mhlw.go.jp/facilities/14814,2026-09-14T12:56:53.041Z
14815,https://birth-navi.mhlw.go.jp/facilities/14815,2026-09-14T12:56:53.041Z
14816,https://birth-navi.mhlw.go.jp/facilities/14816,2026-09-14T14:05:00.218Z
14817,https://birth-navi.mhlw.go.jp/facilities/14817,2026-09-14T12:56:53.041Z
14818,https://birth-navi.mhlw.go.jp/facilities/14818,2026-09-14T12:56:53.041Z
14819,https://birth-navi.mhlw.go.jp/facilities/14819,2026-09-14T14:05:00.596Z
14820,https://birth-navi.mhlw.go.jp/facilities/14820,2026-09-14T12:56:53.041Z
14821,https://birth-navi.mhlw.go.jp/facilities/14821,2026-09-14T12:56:53.041Z
14822,https://birth-navi.mhlw.go.jp/facilities/14822,2026-09-14T12:56:53.041Z
14823,https://birth-navi.mhlw.go.jp/facilities/14823,2026-09-14T12:56:53.041Z
14824,https://birth-navi.mhlw.go.jp/facilities/14824,2026-09-14T12:56:53.041Z
14825,https://birth-navi.mhlw.go.jp/facilities/14825,2026-09-14T12:56:53.041Z
14826,https://birth-navi.mhlw.go.jp/facilities/14826,2026-09-14T12:56:53.041Z
14827,https://birth-navi.mhlw.go.jp/facilities/14827,2026-09-14T12:56:53.041Z
14828,https://birth-navi.mhlw.go.jp/facilities/14828,2026-09-14T12:56:53.041Z
14829,https://birth-navi.mhlw.go.jp/facilities/14829,2026-09-14T12:56:53.041Z
14830,https://birth-navi.mhlw.go.jp/facilities/14830,2026-09-14T12:56:53.041Z
14831,https://birth-navi.mhlw.go.jp/facilities/14831,2026-09-14T12:56:53.041Z
14832,https://birth-navi.mhlw.go.jp/facilities/14832,2026-09-14T12:56:53.041Z
14833,https://birth-navi.mhlw.go.jp/facilities/14833,2026-09-14T12:56:53.041Z
14834,https://birth-navi.mhlw.go.jp/facilities/14834,2026-09-14T12:56:53.041Z
14835,https://birth-navi.mhlw.go.jp/facilities/14835,2026-09-14T12:56:53.041Z
14836,https://birth-navi.mhlw.go.jp/facilities/14836,2026-09-14T12:56:53.041Z
14837,https://birth-navi.mhlw.go.jp/facilities/14837,2026-09-14T12:56:53.041Z
14838,https://birth-navi.mhlw.go.jp/facilities/14838,2026-09-14T14:05:00.933Z
14839,https://birth-navi.mhlw.go.jp/facilities/14839,2026-09-14T14:05:01.255Z
14840,https://birth-navi.mhlw.go.jp/facilities/14840,2026-09-14T12:56:53.041Z
14841,https://birth-navi.mhlw.go.jp/facilities/14841,2026-09-14T14:05:01.556Z
14842,https://birth-navi.mhlw.go.jp/facilities/14842,2026-09-14T14:05:01.943Z
14843,https://birth-navi.mhlw.go.jp/facilities/14843,2026-09-14T12:56:53.041Z
14844,https://birth-navi.mhlw.go.jp/facilities/14844,2026-09-14T14:05:02.272Z
14845,https://birth-navi.mhlw.go.jp/facilities/14845,2026-09-14T12:56:53.041Z
14846,https://birth-navi.mhlw.go.jp/facilities/14846,2026-09-14T14:05:02.606Z
14847,https://birth-navi.mhlw.go.jp/facilities/14847,2026-09-14T12:56:53.041Z
14848,https://birth-navi.mhlw.go.jp/facilities/14848,2026-09-14T14:05:02.918Z
14849,https://birth-navi.mhlw.go.jp/facilities/14849,2026-09-14T14:05:03.179Z
14850,https://birth-navi.mhlw.go.jp/facilities/14850,2026-09-14T12:56:53.041Z
14851,https://birth-navi.mhlw.go.jp/facilities/14851,2026-09-14T12:56:53.041Z
14852,https://birth-navi.mhlw.go.jp/facilities/14852,2026-09-14T12:56:53.041Z
14853,https://birth-navi.mhlw.go.jp/facilities/14853,2026-09-14T14:05:03.482Z
14854,https://birth-navi.mhlw.go.jp/facilities/14854,2026-09-14T14:05:03.745Z
14855,https://birth-navi.mhlw.go.jp/facilities/14855,2026-09-14T14:05:04.079Z
14856,https://birth-navi.mhlw.go.jp/facilities/14856,2026-09-14T14:05:04.397Z
14857,https://birth-navi.mhlw.go.jp/facilities/14857,2026-09-14T14:05:04.696Z
14858,https://birth-navi.mhlw.go.jp/facilities/14858,2026-09-14T12:56:53.041Z
14859,https://birth-navi.mhlw.go.jp/facilities/14859,2026-09-14T14:05:04.956Z
14860,https://birth-navi.mhlw.go.jp/facilities/14860,2026-09-14T12:56:53.041Z
14861,https://birth-navi.mhlw.go.jp/facilities/14861,2026-09-14T14:05:05.261Z
14862,https://birth-navi.mhlw.go.jp/facilities/14862,2026-09-14T14:05:05.558Z
14863,https://birth-navi.mhlw.go.jp/facilities/14863,2026-09-14T12:56:53.041Z
14864,https://birth-navi.mhlw.go.jp/facilities/14864,2026-09-14T14:05:05.855Z
14865,https://birth-navi.mhlw.go.jp/facilities/14865,2026-09-14T14:05:06.182Z
14866,https://birth-navi.mhlw.go.jp/facilities/14866,2026-09-14T12:56:53.041Z
14867,https://birth-navi.mhlw.go.jp/facilities/14867,2026-09-14T12:56:53.041Z
14868,https://birth-navi.mhlw.go.jp/facilities/14868,2026-09-14T12:56:53.041Z
14869,https://birth-navi.mhlw.go.jp/facilities/14869,2026-09-14T12:56:53.041Z
14870,https://birth-navi.mhlw.go.jp/facilities/14870,2026-09-14T12:56:53.041Z
14871,https://birth-navi.mhlw.go.jp/facilities/14871,2026-09-14T12:56:53.041Z
14872,https://birth-navi.mhlw.go.jp/facilities/14872,2026-09-14T12:56:53.041Z
14873,https://birth-navi.mhlw.go.jp/facilities/14873,2026-09-14T12:56:53.041Z
14874,https://birth-navi.mhlw.go.jp/facilities/14874,2026-09-14T12:56:53.041Z
14875,https://birth-navi.mhlw.go.jp/facilities/14875,2026-09-14T12:56:53.041Z
14876,https://birth-navi.mhlw.go.jp/facilities/14876,2026-09-14T12:56:53.041Z
14877,https://birth-navi.mhlw.go.jp/facilities/14877,2026-09-14T12:56:53.041Z
14878,https://birth-navi.mhlw.go.jp/facilities/14878,2026-09-14T12:56:53.041Z
14879,https://birth-navi.mhlw.go.jp/facilities/14879,2026-09-14T12:56:53.041Z
14880,https://birth-navi.mhlw.go.jp/facilities/14880,2026-09-14T12:56:53.041Z
14881,https://birth-navi.mhlw.go.jp/facilities/14881,2026-09-14T12:56:53.041Z
14882,https://birth-navi.mhlw.go.jp/facilities/14882,2026-09-14T12:56:53.041Z
14883,https://birth-navi.mhlw.go.jp/facilities/14883,2026-09-14T12:56:53.041Z
14884,https://birth-navi.mhlw.go.jp/facilities/14884,2026-09-14T12:56:53.041Z
14885,https://birth-navi.mhlw.go.jp/facilities/14885,2026-09-14T12:56:53.041Z
14886,https://birth-navi.mhlw.go.jp/facilities/14886,2026-09-14T12:56:53.041Z
14887,https://birth-navi.mhlw.go.jp/facilities/14887,2026-09-14T12:56:53.041Z
14888,https://birth-navi.mhlw.go.jp/facilities/14888,2026-09-14T14:05:06.483Z
14889,https://birth-navi.mhlw.go.jp/facilities/14889,2026-09-14T14:05:06.797Z
14890,https://birth-navi.mhlw.go.jp/facilities/14890,2026-09-14T14:05:07.113Z
14891,https://birth-navi.mhlw.go.jp/facilities/14891,2026-09-14T14:05:07.427Z
14892,https://birth-navi.mhlw.go.jp/facilities/14892,2026-09-14T14:05:07.759Z
14893,https://birth-navi.mhlw.go.jp/facilities/14893,2026-09-14T12:56:53.041Z
14894,https://birth-navi.mhlw.go.jp/facilities/14894,2026-09-14T12:56:53.041Z
14895,https://birth-navi.mhlw.go.jp/facilities/14895,2026-09-14T12:56:53.041Z
14896,https://birth-navi.mhlw.go.jp/facilities/14896,2026-09-14T12:56:53.041Z
14897,https://birth-navi.mhlw.go.jp/facilities/14897,2026-09-14T12:56:53.041Z
14898,https://birth-navi.mhlw.go.jp/facilities/14898,2026-09-14T12:56:53.041Z
14899,https://birth-navi.mhlw.go.jp/facilities/14899,2026-09-14T12:56:53.041Z
14900,https://birth-navi.mhlw.go.jp/facilities/14900,2026-09-14T12:56:53.041Z
14901,https://birth-navi.mhlw.go.jp/facilities/14901,2026-09-14T14:05:08.072Z
14902,https://birth-navi.mhlw.go.jp/facilities/14902,2026-09-14T14:05:08.406Z
14903,https://birth-navi.mhlw.go.jp/facilities/14903,2026-09-14T22:40:49.846Z
14904,https://birth-navi.mhlw.go.jp/facilities/14904,2026-09-14T14:05:08.716Z
14905,https://birth-navi.mhlw.go.jp/facilities/14905,2026-09-14T14:05:09.011Z
14906,https://birth-navi.mhlw.go.jp/facilities/14906,2026-09-14T12:56:53.041Z
14907,https://birth-navi.mhlw.go.jp/facilities/14907,2026-09-14T12:56:53.041Z
14908,https://birth-navi.mhlw.go.jp/facilities/14908,2026-09-14T14:05:09.309Z
14909,https://birth-navi.mhlw.go.jp/facilities/14909,2026-09-14T14:05:09.620Z
14910,https://birth-navi.mhlw.go.jp/facilities/14910,2026-09-14T14:05:09.917Z
14911,https://birth-navi.mhlw.go.jp/facilities/14911,2026-09-14T14:05:10.215Z
14912,https://birth-navi.mhlw.go.jp/facilities/14912,2026-09-14T14:05:10.526Z
14913,https://birth-navi.mhlw.go.jp/facilities/14913,2026-09-14T14:05:10.832Z
14914,https://birth-navi.mhlw.go.jp/facilities/14914,2026-09-14T14:05:11.159Z
14915,https://birth-navi.mhlw.go.jp/facilities/14915,2026-09-14T14:05:11.489Z
14916,https://birth-navi.mhlw.go.jp/facilities/14916,2026-09-14T14:05:11.797Z
14917,https://birth-navi.mhlw.go.jp/facilities/14917,2026-09-14T14:05:12.093Z
14918,https://birth-navi.mhlw.go.jp/facilities/14918,2026-09-14T14:05:12.415Z
14919,https://birth-navi.mhlw.go.jp/facilities/14919,2026-09-14T14:05:12.703Z
14920,https://birth-navi.mhlw.go.jp/facilities/14920,2026-09-14T14:05:13.020Z
14921,https://birth-navi.mhlw.go.jp/facilities/14921,2026-09-14T14:05:13.318Z
14922,https://birth-navi.mhlw.go.jp/facilities/14922,2026-09-14T14:05:13.610Z
14923,https://birth-navi.mhlw.go.jp/facilities/14923,2026-09-14T14:05:13.925Z
14924,https://birth-navi.mhlw.go.jp/facilities/14924,2026-09-14T14:05:14.229Z
14925,https://birth-navi.mhlw.go.jp/facilities/14925,2026-09-14T14:05:14.568Z
14926,https://birth-navi.mhlw.go.jp/facilities/14926,2026-09-14T14:05:14.926Z
14927,https://birth-navi.mhlw.go.jp/facilities/14927,2026-09-14T14:05:15.287Z
14928,https://birth-navi.mhlw.go.jp/facilities/14928,2026-09-14T14:05:15.605Z
14929,https://birth-navi.mhlw.go.jp/facilities/14929,2026-09-14T14:05:15.929Z
14930,https://birth-navi.mhlw.go.jp/facilities/14930,2026-09-14T14:05:16.246Z
14931,https://birth-navi.mhlw.go.jp/facilities/14931,2026-09-14T14:05:16.559Z
14932,https://birth-navi.mhlw.go.jp/facilities/14932,2026-09-14T14:05:16.894Z
14933,https://birth-navi.mhlw.go.jp/facilities/14933,2026-09-14T14:05:17.209Z
14934,https://birth-navi.mhlw.go.jp/facilities/14934,2026-09-14T14:05:17.526Z
14935,https://birth-navi.mhlw.go.jp/facilities/14935,2026-09-14T14:05:17.837Z
14936,https://birth-navi.mhlw.go.jp/facilities/14936,2026-09-14T14:05:18.142Z
14937,https://birth-navi.mhlw.go.jp/facilities/14937,2026-09-14T14:05:18.446Z
14938,https://birth-navi.mhlw.go.jp/facilities/14938,2026-09-14T14:05:18.776Z
14939,https://birth-navi.mhlw.go.jp/facilities/14939,2026-09-14T14:05:19.111Z
14940,https://birth-navi.mhlw.go.jp/facilities/14940,2026-09-14T14:05:19.368Z
14941,https://birth-navi.mhlw.go.jp/facilities/14941,2026-09-14T14:05:19.691Z
14942,https://birth-navi.mhlw.go.jp/facilities/14942,2026-09-14T14:05:20.039Z
14943,https://birth-navi.mhlw.go.jp/facilities/14943,2026-09-14T14:05:20.360Z
14944,https://birth-navi.mhlw.go.jp/facilities/14944,2026-09-14T14:05:20.660Z
14945,https://birth-navi.mhlw.go.jp/facilities/14945,2026-09-14T14:05:20.972Z
14946,https://birth-navi.mhlw.go.jp/facilities/14946,2026-09-14T14:05:21.293Z
14947,https://birth-navi.mhlw.go.jp/facilities/14947,2026-09-14T14:05:21.630Z
14948,https://birth-navi.mhlw.go.jp/facilities/14948,2026-09-14T22:40:13.452Z
14949,https://birth-navi.mhlw.go.jp/facilities/14949,2026-09-14T14:05:22.061Z
14950,https://birth-navi.mhlw.go.jp/facilities/14950,2026-09-14T14:05:22.436Z
14951,https://birth-navi.mhlw.go.jp/facilities/14951,2026-09-14T14:05:22.778Z
14952,https://birth-navi.mhlw.go.jp/facilities/14952,2026-09-14T22:40:13.452Z
14953,https://birth-navi.mhlw.go.jp/facilities/14953,2026-09-14T14:05:23.108Z
14954,https://birth-navi.mhlw.go.jp/facilities/14954,2026-09-14T14:05:23.457Z
14955,https://birth-navi.mhlw.go.jp/facilities/14955,2026-09-14T14:05:23.758Z
14956,https://birth-navi.mhlw.go.jp/facilities/14956,2026-09-14T14:05:24.084Z
14957,https://birth-navi.mhlw.go.jp/facilities/14957,2026-09-14T14:05:24.409Z
14958,https://birth-navi.mhlw.go.jp/facilities/14958,2026-09-14T14:05:24.732Z
14959,https://birth-navi.mhlw.go.jp/facilities/14959,2026-09-14T14:05:25.071Z
14960,https://birth-navi.mhlw.go.jp/facilities/14960,2026-09-14T14:05:25.406Z
14961,https://birth-navi.mhlw.go.jp/facilities/14961,2026-09-14T14:05:25.714Z
14962,https://birth-navi.mhlw.go.jp/facilities/14962,2026-09-14T14:05:26.042Z
14963,https://birth-navi.mhlw.go.jp/facilities/14963,2026-09-14T22:40:13.452Z
14964,https://birth-navi.mhlw.go.jp/facilities/14964,2026-09-14T14:05:26.382Z
14965,https://birth-navi.mhlw.go.jp/facilities/14965,2026-09-14T22:40:13.452Z
14966,https://birth-navi.mhlw.go.jp/facilities/14966,2026-09-14T14:05:26.718Z
14967,https://birth-navi.mhlw.go.jp/facilities/14967,2026-09-14T14:05:27.075Z
14968,https://birth-navi.mhlw.go.jp/facilities/14968,2026-09-14T14:05:27.411Z
14969,https://birth-navi.mhlw.go.jp/facilities/14969,2026-09-14T14:05:27.732Z
14970,https://birth-navi.mhlw.go.jp/facilities/14970,2026-09-14T14:05:28.072Z
14971,https://birth-navi.mhlw.go.jp/facilities/14971,2026-09-14T14:05:28.397Z
14972,https://birth-navi.mhlw.go.jp/facilities/14972,2026-09-14T14:05:28.707Z
14973,https://birth-navi.mhlw.go.jp/facilities/14973,2026-09-14T22:40:49.846Z
14974,https://birth-navi.mhlw.go.jp/facilities/14974,2026-09-14T14:05:29.011Z
14975,https://birth-navi.mhlw.go.jp/facilities/14975,2026-09-14T14:05:29.321Z
14976,https://birth-navi.mhlw.go.jp/facilities/14976,2026-09-14T14:05:29.633Z
14977,https://birth-navi.mhlw.go.jp/facilities/14977,2026-09-14T14:05:29.945Z
14978,https://birth-navi.mhlw.go.jp/facilities/14978,2026-09-14T22:40:13.452Z
14979,https://birth-navi.mhlw.go.jp/facilities/14979,2026-09-14T22:40:49.846Z
14980,https://birth-navi.mhlw.go.jp/facilities/14980,2026-09-14T14:05:30.242Z
14981,https://birth-navi.mhlw.go.jp/facilities/14981,2026-09-14T22:40:13.452Z
14982,https://birth-navi.mhlw.go.jp/facilities/14982,2026-09-14T14:05:30.550Z
14983,https://birth-navi.mhlw.go.jp/facilities/14983,2026-09-14T12:56:53.041Z
14984,https://birth-navi.mhlw.go.jp/facilities/14984,2026-09-14T12:56:53.041Z
14985,https://birth-navi.mhlw.go.jp/facilities/14985,2026-09-14T14:05:30.894Z
14986,https://birth-navi.mhlw.go.jp/facilities/14986,2026-09-14T12:56:53.041Z
14987,https://birth-navi.mhlw.go.jp/facilities/14987,2026-09-14T22:40:13.452Z
14988,https://birth-navi.mhlw.go.jp/facilities/14988,2026-09-14T12:56:53.041Z
14989,https://birth-navi.mhlw.go.jp/facilities/14989,2026-09-14T12:56:53.041Z
14990,https://birth-navi.mhlw.go.jp/facilities/14990,2026-09-14T12:56:53.041Z
14991,https://birth-navi.mhlw.go.jp/facilities/14991,2026-09-14T12:56:53.041Z
14992,https://birth-navi.mhlw.go.jp/facilities/14992,2026-09-14T22:40:49.846Z
14993,https://birth-navi.mhlw.go.jp/facilities/14993,2026-09-14T22:40:49.846Z
14994,https://birth-navi.mhlw.go.jp/facilities/14994,2026-09-14T14:05:31.195Z
14995,https://birth-navi.mhlw.go.jp/facilities/14995,2026-09-14T14:05:31.497Z
14996,https://birth-navi.mhlw.go.jp/facilities/14996,2026-09-14T14:05:31.809Z
14997,https://birth-navi.mhlw.go.jp/facilities/14997,2026-09-14T14:05:32.105Z
14998,https://birth-navi.mhlw.go.jp/facilities/14998,2026-09-14T12:56:53.041Z
14999,https://birth-navi.mhlw.go.jp/facilities/14999,2026-09-14T22:40:49.846Z
15000,https://birth-navi.mhlw.go.jp/facilities/15000,2026-09-14T12:56:53.041Z
15001,https://birth-navi.mhlw.go.jp/facilities/15001,2026-09-14T12:56:53.041Z
15002,https://birth-navi.mhlw.go.jp/facilities/15002,2026-09-14T14:05:32.428Z
15003,https://birth-navi.mhlw.go.jp/facilities/15003,2026-09-14T22:40:13.452Z
15004,https://birth-navi.mhlw.go.jp/facilities/15004,2026-09-14T14:05:32.841Z
15005,https://birth-navi.mhlw.go.jp/facilities/15005,2026-09-14T14:05:33.160Z
15006,https://birth-navi.mhlw.go.jp/facilities/15006,2026-09-14T14:05:33.418Z
15007,https://birth-navi.mhlw.go.jp/facilities/15007,2026-09-14T14:05:33.732Z
15008,https://birth-navi.mhlw.go.jp/facilities/15008,2026-09-14T14:05:34.044Z
15009,https://birth-navi.mhlw.go.jp/facilities/15009,2026-09-14T14:05:34.356Z
15010,https://birth-navi.mhlw.go.jp/facilities/15010,2026-09-14T22:40:49.846Z
15011,https://birth-navi.mhlw.go.jp/facilities/15011,2026-09-14T14:05:34.657Z
15012,https://birth-navi.mhlw.go.jp/facilities/15012,2026-09-14T14:05:34.964Z
15013,https://birth-navi.mhlw.go.jp/facilities/15013,2026-09-14T14:05:35.276Z
15014,https://birth-navi.mhlw.go.jp/facilities/15014,2026-09-14T12:56:53.041Z
15015,https://birth-navi.mhlw.go.jp/facilities/15015,2026-09-14T12:56:53.041Z
15016,https://birth-navi.mhlw.go.jp/facilities/15016,2026-09-14T12:56:53.041Z
15017,https://birth-navi.mhlw.go.jp/facilities/15017,2026-09-14T12:56:53.041Z
15018,https://birth-navi.mhlw.go.jp/facilities/15018,2026-09-14T12:56:53.041Z
15019,https://birth-navi.mhlw.go.jp/facilities/15019,2026-09-14T12:56:53.041Z
15020,https://birth-navi.mhlw.go.jp/facilities/15020,2026-09-14T14:05:35.579Z
15021,https://birth-navi.mhlw.go.jp/facilities/15021,2026-09-14T14:05:35.894Z
15022,https://birth-navi.mhlw.go.jp/facilities/15022,2026-09-14T14:05:36.216Z
15023,https://birth-navi.mhlw.go.jp/facilities/15023,2026-09-14T14:05:36.530Z
15024,https://birth-navi.mhlw.go.jp/facilities/15024,2026-09-14T14:05:36.834Z
15025,https://birth-navi.mhlw.go.jp/facilities/15025,2026-09-14T14:05:37.138Z
15026,https://birth-navi.mhlw.go.jp/facilities/15026,2026-09-14T14:05:37.473Z
15027,https://birth-navi.mhlw.go.jp/facilities/15027,2026-09-14T14:05:37.831Z
15028,https://birth-navi.mhlw.go.jp/facilities/15028,2026-09-14T14:05:38.124Z
15029,https://birth-navi.mhlw.go.jp/facilities/15029,2026-09-14T14:05:38.440Z
15030,https://birth-navi.mhlw.go.jp/facilities/15030,2026-09-14T14:05:38.779Z
15031,https://birth-navi.mhlw.go.jp/facilities/15031,2026-09-14T14:05:39.067Z
15032,https://birth-navi.mhlw.go.jp/facilities/15032,2026-09-14T14:05:39.414Z
15033,https://birth-navi.mhlw.go.jp/facilities/15033,2026-09-14T14:05:39.736Z
15034,https://birth-navi.mhlw.go.jp/facilities/15034,2026-09-14T14:05:40.042Z
15035,https://birth-navi.mhlw.go.jp/facilities/15035,2026-09-14T14:05:40.362Z
15036,https://birth-navi.mhlw.go.jp/facilities/15036,2026-09-14T14:05:40.679Z
15037,https://birth-navi.mhlw.go.jp/facilities/15037,2026-09-14T14:05:40.978Z
15038,https://birth-navi.mhlw.go.jp/facilities/15038,2026-09-14T14:05:41.282Z
15039,https://birth-navi.mhlw.go.jp/facilities/15039,2026-09-14T14:05:41.574Z
15040,https://birth-navi.mhlw.go.jp/facilities/15040,2026-09-14T14:05:41.853Z
15041,https://birth-navi.mhlw.go.jp/facilities/15041,2026-09-14T14:05:42.141Z
15042,https://birth-navi.mhlw.go.jp/facilities/15042,2026-09-14T14:05:42.439Z
15043,https://birth-navi.mhlw.go.jp/facilities/15043,2026-09-14T14:05:42.698Z
15044,https://birth-navi.mhlw.go.jp/facilities/15044,2026-09-14T14:05:42.999Z
15045,https://birth-navi.mhlw.go.jp/facilities/15045,2026-09-14T14:05:43.325Z
15046,https://birth-navi.mhlw.go.jp/facilities/15046,2026-09-14T14:05:43.642Z
15047,https://birth-navi.mhlw.go.jp/facilities/15047,2026-09-14T14:05:43.981Z
15048,https://birth-navi.mhlw.go.jp/facilities/15048,2026-09-14T12:56:53.041Z
15049,https://birth-navi.mhlw.go.jp/facilities/15049,2026-09-14T12:56:53.041Z
15050,https://birth-navi.mhlw.go.jp/facilities/15050,2026-09-14T12:56:53.041Z
15051,https://birth-navi.mhlw.go.jp/facilities/15051,2026-09-14T12:56:53.041Z
15052,https://birth-navi.mhlw.go.jp/facilities/15052,2026-09-14T12:56:53.041Z
15053,https://birth-navi.mhlw.go.jp/facilities/15053,2026-09-14T12:56:53.041Z
15054,https://birth-navi.mhlw.go.jp/facilities/15054,2026-09-14T12:56:53.041Z
15055,https://birth-navi.mhlw.go.jp/facilities/15055,2026-09-14T12:56:53.041Z
15056,https://birth-navi.mhlw.go.jp/facilities/15056,2026-09-14T12:56:53.041Z
15057,https://birth-navi.mhlw.go.jp/facilities/15057,2026-09-14T12:56:53.041Z
15058,https://birth-navi.mhlw.go.jp/facilities/15058,2026-09-14T14:05:44.323Z
15059,https://birth-navi.mhlw.go.jp/facilities/15059,2026-09-14T14:05:44.627Z
15060,https://birth-navi.mhlw.go.jp/facilities/15060,2026-09-14T14:05:44.929Z
15061,https://birth-navi.mhlw.go.jp/facilities/15061,2026-09-14T12:56:53.041Z
15062,https://birth-navi.mhlw.go.jp/facilities/15062,2026-09-14T12:56:53.041Z
15063,https://birth-navi.mhlw.go.jp/facilities/15063,2026-09-14T12:56:53.041Z
15064,https://birth-navi.mhlw.go.jp/facilities/15064,2026-09-14T12:56:53.041Z
15065,https://birth-navi.mhlw.go.jp/facilities/15065,2026-09-14T12:56:53.041Z
15066,https://birth-navi.mhlw.go.jp/facilities/15066,2026-09-14T14:05:45.236Z
15067,https://birth-navi.mhlw.go.jp/facilities/15067,2026-09-14T14:05:45.538Z
15068,https://birth-navi.mhlw.go.jp/facilities/15068,2026-09-14T14:05:45.857Z
15069,https://birth-navi.mhlw.go.jp/facilities/15069,2026-09-14T12:56:53.041Z
15070,https://birth-navi.mhlw.go.jp/facilities/15070,2026-09-14T14:05:46.170Z
15071,https://birth-navi.mhlw.go.jp/facilities/15071,2026-09-14T14:05:46.484Z
15072,https://birth-navi.mhlw.go.jp/facilities/15072,2026-09-14T14:05:46.805Z
15073,https://birth-navi.mhlw.go.jp/facilities/15073,2026-09-14T12:56:53.041Z
15074,https://birth-navi.mhlw.go.jp/facilities/15074,2026-09-14T12:56:53.041Z
15075,https://birth-navi.mhlw.go.jp/facilities/15075,2026-09-14T14:05:47.063Z
15076,https://birth-navi.mhlw.go.jp/facilities/15076,2026-09-14T14:05:47.394Z
15077,https://birth-navi.mhlw.go.jp/facilities/15077,2026-09-14T14:05:47.710Z
15078,https://birth-navi.mhlw.go.jp/facilities/15078,2026-09-14T14:05:48.019Z
15079,https://birth-navi.mhlw.go.jp/facilities/15079,2026-09-14T22:40:13.452Z
15080,https://birth-navi.mhlw.go.jp/facilities/15080,2026-09-14T14:05:48.345Z
15081,https://birth-navi.mhlw.go.jp/facilities/15081,2026-09-14T14:05:48.693Z
15082,https://birth-navi.mhlw.go.jp/facilities/15082,2026-09-14T14:05:48.995Z
15083,https://birth-navi.mhlw.go.jp/facilities/15083,2026-09-14T12:56:53.041Z
15084,https://birth-navi.mhlw.go.jp/facilities/15084,2026-09-14T14:05:49.326Z
15085,https://birth-navi.mhlw.go.jp/facilities/15085,2026-09-14T12:56:53.041Z
15086,https://birth-navi.mhlw.go.jp/facilities/15086,2026-09-14T14:05:49.654Z
15087,https://birth-navi.mhlw.go.jp/facilities/15087,2026-09-14T14:05:49.968Z
15088,https://birth-navi.mhlw.go.jp/facilities/15088,2026-09-14T14:05:50.281Z
15089,https://birth-navi.mhlw.go.jp/facilities/15089,2026-09-14T14:05:50.619Z
15090,https://birth-navi.mhlw.go.jp/facilities/15090,2026-09-14T14:05:50.938Z
15091,https://birth-navi.mhlw.go.jp/facilities/15091,2026-09-14T14:05:51.262Z
15092,https://birth-navi.mhlw.go.jp/facilities/15092,2026-09-14T14:05:51.573Z
15093,https://birth-navi.mhlw.go.jp/facilities/15093,2026-09-14T12:56:53.041Z
15094,https://birth-navi.mhlw.go.jp/facilities/15094,2026-09-14T14:05:51.860Z
15095,https://birth-navi.mhlw.go.jp/facilities/15095,2026-09-14T22:40:49.846Z
15096,https://birth-navi.mhlw.go.jp/facilities/15096,2026-09-14T14:05:52.186Z
15097,https://birth-navi.mhlw.go.jp/facilities/15097,2026-09-14T14:05:52.505Z
15098,https://birth-navi.mhlw.go.jp/facilities/15098,2026-09-14T14:05:52.816Z
15099,https://birth-navi.mhlw.go.jp/facilities/15099,2026-09-14T14:05:53.125Z
15100,https://birth-navi.mhlw.go.jp/facilities/15100,2026-09-14T12:56:53.041Z
15101,https://birth-navi.mhlw.go.jp/facilities/15101,2026-09-14T14:05:53.445Z
15102,https://birth-navi.mhlw.go.jp/facilities/15102,2026-09-14T14:05:53.761Z
15103,https://birth-navi.mhlw.go.jp/facilities/15103,2026-09-14T14:05:54.101Z
15104,https://birth-navi.mhlw.go.jp/facilities/15104,2026-09-14T14:05:54.415Z
15105,https://birth-navi.mhlw.go.jp/facilities/15105,2026-09-14T14:05:54.738Z
15106,https://birth-navi.mhlw.go.jp/facilities/15106,2026-09-14T14:05:55.037Z
15107,https://birth-navi.mhlw.go.jp/facilities/15107,2026-09-14T14:05:55.336Z
15108,https://birth-navi.mhlw.go.jp/facilities/15108,2026-09-14T14:05:55.676Z
15109,https://birth-navi.mhlw.go.jp/facilities/15109,2026-09-14T14:05:55.977Z
15110,https://birth-navi.mhlw.go.jp/facilities/15110,2026-09-14T14:05:56.276Z
15111,https://birth-navi.mhlw.go.jp/facilities/15111,2026-09-14T14:05:56.594Z
15112,https://birth-navi.mhlw.go.jp/facilities/15112,2026-09-14T14:05:56.905Z
15113,https://birth-navi.mhlw.go.jp/facilities/15113,2026-09-14T14:05:57.211Z
15114,https://birth-navi.mhlw.go.jp/facilities/15114,2026-09-14T14:05:57.515Z
15115,https://birth-navi.mhlw.go.jp/facilities/15115,2026-09-14T14:05:57.816Z
15116,https://birth-navi.mhlw.go.jp/facilities/15116,2026-09-14T14:05:58.144Z
15117,https://birth-navi.mhlw.go.jp/facilities/15117,2026-09-14T14:05:58.448Z
15118,https://birth-navi.mhlw.go.jp/facilities/15118,2026-09-14T12:56:53.041Z
15119,https://birth-navi.mhlw.go.jp/facilities/15119,2026-09-14T14:05:58.765Z
15120,https://birth-navi.mhlw.go.jp/facilities/15120,2026-09-14T12:56:53.041Z
15121,https://birth-navi.mhlw.go.jp/facilities/15121,2026-09-14T12:56:53.041Z
15122,https://birth-navi.mhlw.go.jp/facilities/15122,2026-09-14T12:56:53.041Z
15123,https://birth-navi.mhlw.go.jp/facilities/15123,2026-09-14T12:56:53.041Z
15124,https://birth-navi.mhlw.go.jp/facilities/15124,2026-09-14T12:56:53.041Z
15125,https://birth-navi.mhlw.go.jp/facilities/15125,2026-09-14T14:05:59.061Z
15126,https://birth-navi.mhlw.go.jp/facilities/15126,2026-09-14T22:40:49.846Z
15127,https://birth-navi.mhlw.go.jp/facilities/15127,2026-09-14T14:05:59.383Z
15128,https://birth-navi.mhlw.go.jp/facilities/15128,2026-09-14T14:05:59.722Z
15129,https://birth-navi.mhlw.go.jp/facilities/15129,2026-09-14T14:06:00.027Z
15130,https://birth-navi.mhlw.go.jp/facilities/15130,2026-09-14T14:06:00.355Z
15131,https://birth-navi.mhlw.go.jp/facilities/15131,2026-09-14T14:06:00.672Z
15132,https://birth-navi.mhlw.go.jp/facilities/15132,2026-09-14T14:06:00.975Z
15133,https://birth-navi.mhlw.go.jp/facilities/15133,2026-09-14T14:06:01.291Z
15134,https://birth-navi.mhlw.go.jp/facilities/15134,2026-09-14T14:06:01.851Z
15135,https://birth-navi.mhlw.go.jp/facilities/15135,2026-09-14T14:06:02.182Z
15136,https://birth-navi.mhlw.go.jp/facilities/15136,2026-09-14T14:06:02.600Z
15137,https://birth-navi.mhlw.go.jp/facilities/15137,2026-09-14T12:56:53.041Z
15138,https://birth-navi.mhlw.go.jp/facilities/15138,2026-09-14T12:56:53.041Z
15139,https://birth-navi.mhlw.go.jp/facilities/15139,2026-09-14T12:56:53.041Z
15140,https://birth-navi.mhlw.go.jp/facilities/15140,2026-09-14T14:06:02.952Z
15141,https://birth-navi.mhlw.go.jp/facilities/15141,2026-09-14T12:56:53.041Z
15142,https://birth-navi.mhlw.go.jp/facilities/15142,2026-09-14T12:56:53.041Z
15143,https://birth-navi.mhlw.go.jp/facilities/15143,2026-09-14T14:06:03.265Z
15144,https://birth-navi.mhlw.go.jp/facilities/15144,2026-09-14T12:56:53.041Z
15145,https://birth-navi.mhlw.go.jp/facilities/15145,2026-09-14T14:06:03.578Z
15146,https://birth-navi.mhlw.go.jp/facilities/15146,2026-09-14T12:56:53.041Z
15147,https://birth-navi.mhlw.go.jp/facilities/15147,2026-09-14T14:06:03.902Z
15148,https://birth-navi.mhlw.go.jp/facilities/15148,2026-09-14T14:06:04.205Z
15149,https://birth-navi.mhlw.go.jp/facilities/15149,2026-09-14T12:56:53.041Z
15150,https://birth-navi.mhlw.go.jp/facilities/15150,2026-09-14T12:56:53.041Z
15151,https://birth-navi.mhlw.go.jp/facilities/15151,2026-09-14T12:56:53.041Z
15152,https://birth-navi.mhlw.go.jp/facilities/15152,2026-09-14T14:06:04.505Z
15153,https://birth-navi.mhlw.go.jp/facilities/15153,2026-09-14T14:06:04.801Z
15154,https://birth-navi.mhlw.go.jp/facilities/15154,2026-09-14T14:06:05.114Z
15155,https://birth-navi.mhlw.go.jp/facilities/15155,2026-09-14T14:06:05.415Z
15156,https://birth-navi.mhlw.go.jp/facilities/15156,2026-09-14T12:56:53.041Z
15157,https://birth-navi.mhlw.go.jp/facilities/15157,2026-09-14T14:06:05.716Z
15158,https://birth-navi.mhlw.go.jp/facilities/15158,2026-09-14T14:06:06.006Z
15159,https://birth-navi.mhlw.go.jp/facilities/15159,2026-09-14T14:06:06.322Z
15160,https://birth-navi.mhlw.go.jp/facilities/15160,2026-09-14T14:06:06.660Z
15161,https://birth-navi.mhlw.go.jp/facilities/15161,2026-09-14T14:06:07.002Z
15162,https://birth-navi.mhlw.go.jp/facilities/15162,2026-09-14T14:06:07.310Z
15163,https://birth-navi.mhlw.go.jp/facilities/15163,2026-09-14T14:06:07.607Z
15164,https://birth-navi.mhlw.go.jp/facilities/15164,2026-09-14T14:06:07.918Z
15165,https://birth-navi.mhlw.go.jp/facilities/15165,2026-09-14T14:06:08.271Z
15166,https://birth-navi.mhlw.go.jp/facilities/15166,2026-09-14T12:56:53.041Z
15167,https://birth-navi.mhlw.go.jp/facilities/15167,2026-09-14T14:06:08.588Z
15168,https://birth-navi.mhlw.go.jp/facilities/15168,2026-09-14T14:06:08.927Z
15169,https://birth-navi.mhlw.go.jp/facilities/15169,2026-09-14T22:40:13.452Z
15170,https://birth-navi.mhlw.go.jp/facilities/15170,2026-09-14T14:06:09.235Z
15171,https://birth-navi.mhlw.go.jp/facilities/15171,2026-09-14T14:06:09.544Z
15172,https://birth-navi.mhlw.go.jp/facilities/15172,2026-09-14T14:06:09.849Z
15173,https://birth-navi.mhlw.go.jp/facilities/15173,2026-09-14T14:06:10.146Z
15174,https://birth-navi.mhlw.go.jp/facilities/15174,2026-09-14T14:06:10.441Z
15175,https://birth-navi.mhlw.go.jp/facilities/15175,2026-09-14T22:40:49.846Z
15176,https://birth-navi.mhlw.go.jp/facilities/15176,2026-09-14T22:40:13.452Z
15177,https://birth-navi.mhlw.go.jp/facilities/15177,2026-09-14T12:56:53.041Z
15178,https://birth-navi.mhlw.go.jp/facilities/15178,2026-09-14T14:06:10.739Z
15179,https://birth-navi.mhlw.go.jp/facilities/15179,2026-09-14T14:06:11.059Z
15180,https://birth-navi.mhlw.go.jp/facilities/15180,2026-09-14T12:56:53.041Z
15181,https://birth-navi.mhlw.go.jp/facilities/15181,2026-09-14T14:06:11.357Z
15182,https://birth-navi.mhlw.go.jp/facilities/15182,2026-09-14T14:06:11.664Z
15183,https://birth-navi.mhlw.go.jp/facilities/15183,2026-09-14T14:06:11.975Z
15184,https://birth-navi.mhlw.go.jp/facilities/15184,2026-09-14T14:06:12.301Z
15185,https://birth-navi.mhlw.go.jp/facilities/15185,2026-09-14T14:06:12.633Z
15186,https://birth-navi.mhlw.go.jp/facilities/15186,2026-09-14T14:06:12.952Z
15187,https://birth-navi.mhlw.go.jp/facilities/15187,2026-09-14T14:06:13.268Z
15188,https://birth-navi.mhlw.go.jp/facilities/15188,2026-09-14T14:06:13.592Z
15189,https://birth-navi.mhlw.go.jp/facilities/15189,2026-09-14T14:06:13.881Z
15190,https://birth-navi.mhlw.go.jp/facilities/15190,2026-09-14T14:06:14.204Z
15191,https://birth-navi.mhlw.go.jp/facilities/15191,2026-09-14T14:06:14.537Z
15192,https://birth-navi.mhlw.go.jp/facilities/15192,2026-09-14T14:06:14.842Z
15193,https://birth-navi.mhlw.go.jp/facilities/15193,2026-09-14T14:06:15.143Z
15194,https://birth-navi.mhlw.go.jp/facilities/15194,2026-09-14T14:06:15.470Z
15195,https://birth-navi.mhlw.go.jp/facilities/15195,2026-09-14T12:56:53.041Z
15196,https://birth-navi.mhlw.go.jp/facilities/15196,2026-09-14T14:06:15.790Z
15197,https://birth-navi.mhlw.go.jp/facilities/15197,2026-09-14T14:06:16.106Z
15198,https://birth-navi.mhlw.go.jp/facilities/15198,2026-09-14T14:06:16.416Z
15199,https://birth-navi.mhlw.go.jp/facilities/15199,2026-09-14T14:06:16.715Z
15200,https://birth-navi.mhlw.go.jp/facilities/15200,2026-09-14T14:06:17.014Z
15201,https://birth-navi.mhlw.go.jp/facilities/15201,2026-09-14T14:06:17.322Z
15202,https://birth-navi.mhlw.go.jp/facilities/15202,2026-09-14T14:06:17.635Z
15203,https://birth-navi.mhlw.go.jp/facilities/15203,2026-09-14T14:06:17.941Z
15204,https://birth-navi.mhlw.go.jp/facilities/15204,2026-09-14T12:56:53.041Z
15205,https://birth-navi.mhlw.go.jp/facilities/15205,2026-09-14T14:06:18.243Z
15206,https://birth-navi.mhlw.go.jp/facilities/15206,2026-09-14T12:56:53.041Z
15207,https://birth-navi.mhlw.go.jp/facilities/15207,2026-09-14T12:56:53.041Z
15208,https://birth-navi.mhlw.go.jp/facilities/15208,2026-09-14T12:56:53.041Z
15209,https://birth-navi.mhlw.go.jp/facilities/15209,2026-09-14T12:56:53.041Z
15210,https://birth-navi.mhlw.go.jp/facilities/15210,2026-09-14T12:56:53.041Z
15211,https://birth-navi.mhlw.go.jp/facilities/15211,2026-09-14T12:56:53.041Z
15212,https://birth-navi.mhlw.go.jp/facilities/15212,2026-09-14T14:06:18.583Z
15213,https://birth-navi.mhlw.go.jp/facilities/15213,2026-09-14T12:56:53.041Z
15214,https://birth-navi.mhlw.go.jp/facilities/15214,2026-09-14T12:56:53.041Z
15215,https://birth-navi.mhlw.go.jp/facilities/15215,2026-09-14T14:06:18.884Z
15216,https://birth-navi.mhlw.go.jp/facilities/15216,2026-09-14T12:56:53.041Z
15217,https://birth-navi.mhlw.go.jp/facilities/15217,2026-09-14T14:06:19.141Z
15218,https://birth-navi.mhlw.go.jp/facilities/15218,2026-09-14T12:56:53.041Z
15219,https://birth-navi.mhlw.go.jp/facilities/15219,2026-09-14T14:06:19.455Z
15220,https://birth-navi.mhlw.go.jp/facilities/15220,2026-09-14T14:06:19.773Z
15221,https://birth-navi.mhlw.go.jp/facilities/15221,2026-09-14T14:06:20.064Z
15222,https://birth-navi.mhlw.go.jp/facilities/15222,2026-09-14T14:06:20.368Z
15223,https://birth-navi.mhlw.go.jp/facilities/15223,2026-09-14T14:06:20.654Z
15224,https://birth-navi.mhlw.go.jp/facilities/15224,2026-09-14T12:56:53.041Z
15225,https://birth-navi.mhlw.go.jp/facilities/15225,2026-09-14T12:56:53.041Z
15226,https://birth-navi.mhlw.go.jp/facilities/15226,2026-09-14T14:06:20.967Z
15227,https://birth-navi.mhlw.go.jp/facilities/15227,2026-09-14T12:56:53.041Z
15228,https://birth-navi.mhlw.go.jp/facilities/15228,2026-09-14T12:56:53.041Z
15229,https://birth-navi.mhlw.go.jp/facilities/15229,2026-09-14T12:56:53.041Z
15230,https://birth-navi.mhlw.go.jp/facilities/15230,2026-09-14T12:56:53.041Z
15231,https://birth-navi.mhlw.go.jp/facilities/15231,2026-09-14T12:56:53.041Z
15232,https://birth-navi.mhlw.go.jp/facilities/15232,2026-09-14T14:06:21.283Z
15233,https://birth-navi.mhlw.go.jp/facilities/15233,2026-09-14T14:06:21.598Z
15234,https://birth-navi.mhlw.go.jp/facilities/15234,2026-09-14T12:56:53.041Z
15235,https://birth-navi.mhlw.go.jp/facilities/15235,2026-09-14T14:06:21.932Z
15236,https://birth-navi.mhlw.go.jp/facilities/15236,2026-09-14T14:06:22.228Z
15237,https://birth-navi.mhlw.go.jp/facilities/15237,2026-09-14T12:56:53.041Z
15238,https://birth-navi.mhlw.go.jp/facilities/15238,2026-09-14T12:56:53.041Z
15239,https://birth-navi.mhlw.go.jp/facilities/15239,2026-09-14T12:56:53.041Z
15240,https://birth-navi.mhlw.go.jp/facilities/15240,2026-09-14T12:56:53.041Z
15241,https://birth-navi.mhlw.go.jp/facilities/15241,2026-09-14T12:56:53.041Z
15242,https://birth-navi.mhlw.go.jp/facilities/15242,2026-09-14T12:56:53.041Z
15243,https://birth-navi.mhlw.go.jp/facilities/15243,2026-09-14T14:06:22.526Z
15244,https://birth-navi.mhlw.go.jp/facilities/15244,2026-09-14T12:56:53.041Z
15245,https://birth-navi.mhlw.go.jp/facilities/15245,2026-09-14T12:56:53.041Z
15246,https://birth-navi.mhlw.go.jp/facilities/15246,2026-09-14T22:40:49.846Z
15247,https://birth-navi.mhlw.go.jp/facilities/15247,2026-09-14T12:56:53.041Z
15248,https://birth-navi.mhlw.go.jp/facilities/15248,2026-09-14T12:56:53.041Z
15249,https://birth-navi.mhlw.go.jp/facilities/15249,2026-09-14T12:56:53.041Z
15250,https://birth-navi.mhlw.go.jp/facilities/15250,2026-09-14T12:56:53.041Z
15251,https://birth-navi.mhlw.go.jp/facilities/15251,2026-09-14T12:56:53.041Z
15252,https://birth-navi.mhlw.go.jp/facilities/15252,2026-09-14T12:56:53.041Z
15253,https://birth-navi.mhlw.go.jp/facilities/15253,2026-09-14T12:56:53.041Z
15254,https://birth-navi.mhlw.go.jp/facilities/15254,2026-09-14T12:56:53.041Z
15255,https://birth-navi.mhlw.go.jp/facilities/15255,2026-09-14T12:56:53.041Z
15256,https://birth-navi.mhlw.go.jp/facilities/15256,2026-09-14T12:56:53.041Z
15257,https://birth-navi.mhlw.go.jp/facilities/15257,2026-09-14T14:06:22.839Z
15258,https://birth-navi.mhlw.go.jp/facilities/15258,2026-09-14T12:56:53.041Z
15259,https://birth-navi.mhlw.go.jp/facilities/15259,2026-09-14T14:06:23.147Z
15260,https://birth-navi.mhlw.go.jp/facilities/15260,2026-09-14T22:40:13.452Z
15261,https://birth-navi.mhlw.go.jp/facilities/15261,2026-09-14T14:06:23.454Z
15262,https://birth-navi.mhlw.go.jp/facilities/15262,2026-09-14T14:06:23.762Z
15263,https://birth-navi.mhlw.go.jp/facilities/15263,2026-09-14T14:06:24.074Z
15264,https://birth-navi.mhlw.go.jp/facilities/15264,2026-09-14T14:06:24.378Z
15265,https://birth-navi.mhlw.go.jp/facilities/15265,2026-09-14T14:06:24.693Z
15266,https://birth-navi.mhlw.go.jp/facilities/15266,2026-09-14T12:56:53.041Z
15267,https://birth-navi.mhlw.go.jp/facilities/15267,2026-09-14T14:06:25.015Z
15268,https://birth-navi.mhlw.go.jp/facilities/15268,2026-09-14T14:06:25.324Z
15269,https://birth-navi.mhlw.go.jp/facilities/15269,2026-09-14T14:06:25.630Z
15270,https://birth-navi.mhlw.go.jp/facilities/15270,2026-09-14T14:06:25.934Z
15271,https://birth-navi.mhlw.go.jp/facilities/15271,2026-09-14T14:06:26.258Z
15272,https://birth-navi.mhlw.go.jp/facilities/15272,2026-09-14T14:06:26.582Z
15273,https://birth-navi.mhlw.go.jp/facilities/15273,2026-09-14T14:06:26.911Z
15274,https://birth-navi.mhlw.go.jp/facilities/15274,2026-09-14T14:06:27.216Z
15275,https://birth-navi.mhlw.go.jp/facilities/15275,2026-09-14T14:06:27.531Z
15276,https://birth-navi.mhlw.go.jp/facilities/15276,2026-09-14T14:06:27.850Z
15277,https://birth-navi.mhlw.go.jp/facilities/15277,2026-09-14T12:56:53.041Z
15278,https://birth-navi.mhlw.go.jp/facilities/15278,2026-09-14T12:56:53.041Z
15279,https://birth-navi.mhlw.go.jp/facilities/15279,2026-09-14T14:06:28.169Z
15280,https://birth-navi.mhlw.go.jp/facilities/15280,2026-09-14T12:56:53.041Z
15281,https://birth-navi.mhlw.go.jp/facilities/15281,2026-09-14T14:06:28.481Z
15282,https://birth-navi.mhlw.go.jp/facilities/15282,2026-09-14T22:40:13.452Z
15283,https://birth-navi.mhlw.go.jp/facilities/15283,2026-09-14T14:06:28.792Z
15284,https://birth-navi.mhlw.go.jp/facilities/15284,2026-09-14T14:06:29.095Z
15285,https://birth-navi.mhlw.go.jp/facilities/15285,2026-09-14T14:06:29.404Z
15286,https://birth-navi.mhlw.go.jp/facilities/15286,2026-09-14T12:56:53.041Z
15287,https://birth-navi.mhlw.go.jp/facilities/15287,2026-09-14T14:06:29.714Z
15288,https://birth-navi.mhlw.go.jp/facilities/15288,2026-09-14T14:06:30.006Z
15289,https://birth-navi.mhlw.go.jp/facilities/15289,2026-09-14T14:06:30.337Z
15290,https://birth-navi.mhlw.go.jp/facilities/15290,2026-09-14T14:06:30.659Z
15291,https://birth-navi.mhlw.go.jp/facilities/15291,2026-09-14T14:06:30.961Z
15292,https://birth-navi.mhlw.go.jp/facilities/15292,2026-09-14T12:56:53.041Z
15293,https://birth-navi.mhlw.go.jp/facilities/15293,2026-09-14T14:06:31.278Z
15294,https://birth-navi.mhlw.go.jp/facilities/15294,2026-09-14T14:06:31.599Z
15295,https://birth-navi.mhlw.go.jp/facilities/15295,2026-09-14T14:06:31.901Z
15296,https://birth-navi.mhlw.go.jp/facilities/15296,2026-09-14T22:40:49.846Z
15297,https://birth-navi.mhlw.go.jp/facilities/15297,2026-09-14T14:06:32.221Z
15298,https://birth-navi.mhlw.go.jp/facilities/15298,2026-09-14T12:56:53.041Z
15299,https://birth-navi.mhlw.go.jp/facilities/15299,2026-09-14T14:06:32.532Z
15300,https://birth-navi.mhlw.go.jp/facilities/15300,2026-09-14T14:06:32.833Z
15301,https://birth-navi.mhlw.go.jp/facilities/15301,2026-09-14T12:56:53.041Z
15302,https://birth-navi.mhlw.go.jp/facilities/15302,2026-09-14T14:06:33.173Z
15303,https://birth-navi.mhlw.go.jp/facilities/15303,2026-09-14T14:06:33.500Z
15304,https://birth-navi.mhlw.go.jp/facilities/15304,2026-09-14T14:06:33.823Z
15305,https://birth-navi.mhlw.go.jp/facilities/15305,2026-09-14T12:56:53.041Z
15306,https://birth-navi.mhlw.go.jp/facilities/15306,2026-09-14T12:56:53.041Z
15307,https://birth-navi.mhlw.go.jp/facilities/15307,2026-09-14T14:06:34.171Z
15308,https://birth-navi.mhlw.go.jp/facilities/15308,2026-09-14T12:56:53.041Z
15309,https://birth-navi.mhlw.go.jp/facilities/15309,2026-09-14T12:56:53.041Z
15310,https://birth-navi.mhlw.go.jp/facilities/15310,2026-09-14T12:56:53.041Z
15311,https://birth-navi.mhlw.go.jp/facilities/15311,2026-09-14T12:56:53.041Z
15312,https://birth-navi.mhlw.go.jp/facilities/15312,2026-09-14T12:56:53.041Z
15313,https://birth-navi.mhlw.go.jp/facilities/15313,2026-09-14T14:06:34.499Z
15314,https://birth-navi.mhlw.go.jp/facilities/15314,2026-09-14T14:06:34.823Z
15315,https://birth-navi.mhlw.go.jp/facilities/15315,2026-09-14T12:56:53.041Z
15316,https://birth-navi.mhlw.go.jp/facilities/15316,2026-09-14T12:56:53.041Z
15317,https://birth-navi.mhlw.go.jp/facilities/15317,2026-09-14T14:06:35.161Z
15318,https://birth-navi.mhlw.go.jp/facilities/15318,2026-09-14T14:06:35.534Z
15319,https://birth-navi.mhlw.go.jp/facilities/15319,2026-09-14T12:56:53.041Z
15320,https://birth-navi.mhlw.go.jp/facilities/15320,2026-09-14T12:56:53.041Z
15321,https://birth-navi.mhlw.go.jp/facilities/15321,2026-09-14T14:06:35.847Z
15322,https://birth-navi.mhlw.go.jp/facilities/15322,2026-09-14T14:06:36.157Z
15323,https://birth-navi.mhlw.go.jp/facilities/15323,2026-09-14T14:06:36.461Z
15324,https://birth-navi.mhlw.go.jp/facilities/15324,2026-09-14T14:06:36.809Z
15325,https://birth-navi.mhlw.go.jp/facilities/15325,2026-09-14T12:56:53.041Z
15326,https://birth-navi.mhlw.go.jp/facilities/15326,2026-09-14T14:06:37.141Z
15327,https://birth-navi.mhlw.go.jp/facilities/15327,2026-09-14T14:06:37.464Z
15328,https://birth-navi.mhlw.go.jp/facilities/15328,2026-09-14T12:56:53.041Z
15329,https://birth-navi.mhlw.go.jp/facilities/15329,2026-09-14T12:56:53.041Z
15330,https://birth-navi.mhlw.go.jp/facilities/15330,2026-09-14T12:56:53.041Z
15331,https://birth-navi.mhlw.go.jp/facilities/15331,2026-09-14T12:56:53.041Z
15332,https://birth-navi.mhlw.go.jp/facilities/15332,2026-09-14T14:06:37.790Z
15333,https://birth-navi.mhlw.go.jp/facilities/15333,2026-09-14T12:56:53.041Z
15334,https://birth-navi.mhlw.go.jp/facilities/15334,2026-09-14T12:56:53.041Z
15335,https://birth-navi.mhlw.go.jp/facilities/15335,2026-09-14T14:06:38.117Z
15336,https://birth-navi.mhlw.go.jp/facilities/15336,2026-09-14T12:56:53.041Z
15337,https://birth-navi.mhlw.go.jp/facilities/15337,2026-09-14T12:56:53.041Z
15338,https://birth-navi.mhlw.go.jp/facilities/15338,2026-09-14T12:56:53.041Z
15339,https://birth-navi.mhlw.go.jp/facilities/15339,2026-09-14T14:06:38.420Z
15340,https://birth-navi.mhlw.go.jp/facilities/15340,2026-09-14T12:56:53.041Z
15341,https://birth-navi.mhlw.go.jp/facilities/15341,2026-09-14T14:06:38.732Z
15342,https://birth-navi.mhlw.go.jp/facilities/15342,2026-09-14T12:56:53.041Z
15343,https://birth-navi.mhlw.go.jp/facilities/15343,2026-09-14T14:06:39.042Z
15344,https://birth-navi.mhlw.go.jp/facilities/15344,2026-09-14T12:56:53.041Z
15345,https://birth-navi.mhlw.go.jp/facilities/15345,2026-09-14T14:06:39.357Z
15346,https://birth-navi.mhlw.go.jp/facilities/15346,2026-09-14T12:56:53.041Z
15347,https://birth-navi.mhlw.go.jp/facilities/15347,2026-09-14T12:56:53.041Z
15348,https://birth-navi.mhlw.go.jp/facilities/15348,2026-09-14T12:56:53.041Z
15349,https://birth-navi.mhlw.go.jp/facilities/15349,2026-09-14T12:56:53.041Z
15350,https://birth-navi.mhlw.go.jp/facilities/15350,2026-09-14T12:56:53.041Z
15351,https://birth-navi.mhlw.go.jp/facilities/15351,2026-09-14T12:56:53.041Z
15352,https://birth-navi.mhlw.go.jp/facilities/15352,2026-09-14T14:06:39.662Z
15353,https://birth-navi.mhlw.go.jp/facilities/15353,2026-09-14T14:06:39.972Z
15354,https://birth-navi.mhlw.go.jp/facilities/15354,2026-09-14T12:56:53.041Z
15355,https://birth-navi.mhlw.go.jp/facilities/15355,2026-09-14T12:56:53.041Z
15356,https://birth-navi.mhlw.go.jp/facilities/15356,2026-09-14T14:06:40.281Z
15357,https://birth-navi.mhlw.go.jp/facilities/15357,2026-09-14T12:56:53.041Z
15358,https://birth-navi.mhlw.go.jp/facilities/15358,2026-09-14T12:56:53.041Z
15359,https://birth-navi.mhlw.go.jp/facilities/15359,2026-09-14T14:06:40.596Z
15360,https://birth-navi.mhlw.go.jp/facilities/15360,2026-09-14T14:06:40.906Z
15361,https://birth-navi.mhlw.go.jp/facilities/15361,2026-09-14T14:06:41.211Z
15362,https://birth-navi.mhlw.go.jp/facilities/15362,2026-09-14T12:56:53.041Z
15363,https://birth-navi.mhlw.go.jp/facilities/15363,2026-09-14T14:06:41.510Z
15364,https://birth-navi.mhlw.go.jp/facilities/15364,2026-09-14T14:06:41.820Z
15365,https://birth-navi.mhlw.go.jp/facilities/15365,2026-09-14T14:06:42.140Z
15366,https://birth-navi.mhlw.go.jp/facilities/15366,2026-09-14T12:56:53.041Z
15367,https://birth-navi.mhlw.go.jp/facilities/15367,2026-09-14T12:56:53.041Z
15368,https://birth-navi.mhlw.go.jp/facilities/15368,2026-09-14T12:56:53.041Z
15369,https://birth-navi.mhlw.go.jp/facilities/15369,2026-09-14T12:56:53.041Z
15370,https://birth-navi.mhlw.go.jp/facilities/15370,2026-09-14T12:56:53.041Z
15371,https://birth-navi.mhlw.go.jp/facilities/15371,2026-09-14T12:56:53.041Z
15372,https://birth-navi.mhlw.go.jp/facilities/15372,2026-09-14T12:56:53.041Z
15373,https://birth-navi.mhlw.go.jp/facilities/15373,2026-09-14T12:56:53.041Z
15374,https://birth-navi.mhlw.go.jp/facilities/15374,2026-09-14T12:56:53.041Z
15375,https://birth-navi.mhlw.go.jp/facilities/15375,2026-09-14T12:56:53.041Z
15376,https://birth-navi.mhlw.go.jp/facilities/15376,2026-09-14T12:56:53.041Z
15377,https://birth-navi.mhlw.go.jp/facilities/15377,2026-09-14T12:56:53.041Z
15378,https://birth-navi.mhlw.go.jp/facilities/15378,2026-09-14T12:56:53.041Z
15379,https://birth-navi.mhlw.go.jp/facilities/15379,2026-09-14T12:56:53.041Z
15380,https://birth-navi.mhlw.go.jp/facilities/15380,2026-09-14T12:56:53.041Z
15381,https://birth-navi.mhlw.go.jp/facilities/15381,2026-09-14T12:56:53.041Z
15382,https://birth-navi.mhlw.go.jp/facilities/15382,2026-09-14T12:56:53.041Z
15383,https://birth-navi.mhlw.go.jp/facilities/15383,2026-09-14T12:56:53.041Z
15384,https://birth-navi.mhlw.go.jp/facilities/15384,2026-09-14T12:56:53.041Z
15385,https://birth-navi.mhlw.go.jp/facilities/15385,2026-09-14T12:56:53.041Z
15386,https://birth-navi.mhlw.go.jp/facilities/15386,2026-09-14T12:56:53.041Z
15387,https://birth-navi.mhlw.go.jp/facilities/15387,2026-09-14T12:56:53.041Z
15388,https://birth-navi.mhlw.go.jp/facilities/15388,2026-09-14T12:56:53.041Z
15389,https://birth-navi.mhlw.go.jp/facilities/15389,2026-09-14T12:56:53.041Z
15390,https://birth-navi.mhlw.go.jp/facilities/15390,2026-09-14T12:56:53.041Z
15391,https://birth-navi.mhlw.go.jp/facilities/15391,2026-09-14T12:56:53.041Z
15392,https://birth-navi.mhlw.go.jp/facilities/15392,2026-09-14T12:56:53.041Z
15393,https://birth-navi.mhlw.go.jp/facilities/15393,2026-09-14T12:56:53.041Z
15394,https://birth-navi.mhlw.go.jp/facilities/15394,2026-09-14T12:56:53.041Z
15395,https://birth-navi.mhlw.go.jp/facilities/15395,2026-09-14T12:56:53.041Z
15396,https://birth-navi.mhlw.go.jp/facilities/15396,2026-09-14T12:56:53.041Z
15397,https://birth-navi.mhlw.go.jp/facilities/15397,2026-09-14T12:56:53.041Z
15398,https://birth-navi.mhlw.go.jp/facilities/15398,2026-09-14T12:56:53.041Z
15399,https://birth-navi.mhlw.go.jp/facilities/15399,2026-09-14T14:06:42.400Z
15400,https://birth-navi.mhlw.go.jp/facilities/15400,2026-09-14T14:06:42.717Z
15401,https://birth-navi.mhlw.go.jp/facilities/15401,2026-09-14T14:06:43.018Z
15402,https://birth-navi.mhlw.go.jp/facilities/15402,2026-09-14T14:06:43.342Z
15403,https://birth-navi.mhlw.go.jp/facilities/15403,2026-09-14T14:06:43.630Z
15404,https://birth-navi.mhlw.go.jp/facilities/15404,2026-09-14T14:06:43.922Z
15405,https://birth-navi.mhlw.go.jp/facilities/15405,2026-09-14T14:06:44.223Z
15406,https://birth-navi.mhlw.go.jp/facilities/15406,2026-09-14T14:06:44.547Z
15407,https://birth-navi.mhlw.go.jp/facilities/15407,2026-09-14T14:06:44.856Z
15408,https://birth-navi.mhlw.go.jp/facilities/15408,2026-09-14T14:06:45.168Z
15409,https://birth-navi.mhlw.go.jp/facilities/15409,2026-09-14T14:06:45.498Z
15410,https://birth-navi.mhlw.go.jp/facilities/15410,2026-09-14T14:06:45.837Z
15411,https://birth-navi.mhlw.go.jp/facilities/15411,2026-09-14T14:06:46.148Z
15412,https://birth-navi.mhlw.go.jp/facilities/15412,2026-09-14T14:06:46.520Z
15413,https://birth-navi.mhlw.go.jp/facilities/15413,2026-09-14T14:06:46.908Z
15414,https://birth-navi.mhlw.go.jp/facilities/15414,2026-09-14T14:06:47.253Z
15415,https://birth-navi.mhlw.go.jp/facilities/15415,2026-09-14T14:06:47.605Z
15416,https://birth-navi.mhlw.go.jp/facilities/15416,2026-09-14T14:06:47.910Z
15417,https://birth-navi.mhlw.go.jp/facilities/15417,2026-09-14T14:06:48.226Z
15418,https://birth-navi.mhlw.go.jp/facilities/15418,2026-09-14T14:06:48.551Z
15419,https://birth-navi.mhlw.go.jp/facilities/15419,2026-09-14T13:27:05.021Z
15420,https://birth-navi.mhlw.go.jp/facilities/15420,2026-09-14T14:06:48.873Z
15421,https://birth-navi.mhlw.go.jp/facilities/15421,2026-09-14T14:06:49.176Z
15422,https://birth-navi.mhlw.go.jp/facilities/15422,2026-09-14T14:06:49.487Z
15423,https://birth-navi.mhlw.go.jp/facilities/15423,2026-09-14T14:06:49.821Z
15424,https://birth-navi.mhlw.go.jp/facilities/15424,2026-09-14T13:27:08.241Z
15425,https://birth-navi.mhlw.go.jp/facilities/15425,2026-09-14T22:40:13.452Z
15426,https://birth-navi.mhlw.go.jp/facilities/15426,2026-09-14T14:06:50.151Z
15427,https://birth-navi.mhlw.go.jp/facilities/15427,2026-09-14T14:06:50.470Z
15428,https://birth-navi.mhlw.go.jp/facilities/15428,2026-09-14T14:06:50.726Z
15429,https://birth-navi.mhlw.go.jp/facilities/15429,2026-09-14T14:06:51.047Z
15430,https://birth-navi.mhlw.go.jp/facilities/15430,2026-09-14T14:06:51.362Z
15431,https://birth-navi.mhlw.go.jp/facilities/15431,2026-09-14T14:06:51.689Z
15432,https://birth-navi.mhlw.go.jp/facilities/15432,2026-09-14T13:27:11.950Z
15433,https://birth-navi.mhlw.go.jp/facilities/15433,2026-09-14T14:06:52.013Z
15434,https://birth-navi.mhlw.go.jp/facilities/15434,2026-09-14T14:06:52.346Z
15435,https://birth-navi.mhlw.go.jp/facilities/15435,2026-09-14T14:06:52.661Z
15436,https://birth-navi.mhlw.go.jp/facilities/15436,2026-09-14T14:06:52.970Z
15437,https://birth-navi.mhlw.go.jp/facilities/15437,2026-09-14T14:06:53.280Z
15438,https://birth-navi.mhlw.go.jp/facilities/15438,2026-09-14T13:27:30.411Z
15439,https://birth-navi.mhlw.go.jp/facilities/15439,2026-09-14T14:06:53.580Z
15440,https://birth-navi.mhlw.go.jp/facilities/15440,2026-09-14T13:27:30.848Z
15441,https://birth-navi.mhlw.go.jp/facilities/15441,2026-09-14T13:27:31.639Z
15442,https://birth-navi.mhlw.go.jp/facilities/15442,2026-09-14T14:06:53.898Z
15443,https://birth-navi.mhlw.go.jp/facilities/15443,2026-09-14T14:06:54.160Z
15444,https://birth-navi.mhlw.go.jp/facilities/15444,2026-09-14T13:27:31.949Z
15445,https://birth-navi.mhlw.go.jp/facilities/15445,2026-09-14T14:06:54.465Z
15446,https://birth-navi.mhlw.go.jp/facilities/15446,2026-09-14T14:06:54.762Z
15447,https://birth-navi.mhlw.go.jp/facilities/15447,2026-09-14T14:06:55.100Z
15448,https://birth-navi.mhlw.go.jp/facilities/15448,2026-09-14T14:06:55.418Z
15449,https://birth-navi.mhlw.go.jp/facilities/15449,2026-09-14T14:06:55.761Z
15450,https://birth-navi.mhlw.go.jp/facilities/15450,2026-09-14T14:06:56.099Z
15451,https://birth-navi.mhlw.go.jp/facilities/15451,2026-09-14T14:06:56.361Z
15452,https://birth-navi.mhlw.go.jp/facilities/15452,2026-09-14T13:27:33.255Z
15453,https://birth-navi.mhlw.go.jp/facilities/15453,2026-09-14T14:06:56.681Z
15454,https://birth-navi.mhlw.go.jp/facilities/15454,2026-09-14T14:06:56.995Z
15455,https://birth-navi.mhlw.go.jp/facilities/15455,2026-09-14T14:06:57.305Z
15456,https://birth-navi.mhlw.go.jp/facilities/15456,2026-09-14T13:27:33.917Z
15457,https://birth-navi.mhlw.go.jp/facilities/15457,2026-09-14T13:27:34.839Z
15458,https://birth-navi.mhlw.go.jp/facilities/15458,2026-09-14T13:27:34.908Z
15459,https://birth-navi.mhlw.go.jp/facilities/15459,2026-09-14T14:06:57.631Z
15460,https://birth-navi.mhlw.go.jp/facilities/15460,2026-09-14T14:06:57.994Z
15461,https://birth-navi.mhlw.go.jp/facilities/15461,2026-09-14T13:27:35.121Z
15462,https://birth-navi.mhlw.go.jp/facilities/15462,2026-09-14T13:27:35.143Z
15463,https://birth-navi.mhlw.go.jp/facilities/15463,2026-09-14T13:27:35.211Z
15464,https://birth-navi.mhlw.go.jp/facilities/15464,2026-09-14T14:06:58.294Z
15465,https://birth-navi.mhlw.go.jp/facilities/15465,2026-09-14T14:06:58.603Z
15466,https://birth-navi.mhlw.go.jp/facilities/15466,2026-09-14T13:27:36.716Z
15467,https://birth-navi.mhlw.go.jp/facilities/15467,2026-09-14T13:27:36.810Z
15468,https://birth-navi.mhlw.go.jp/facilities/15468,2026-09-14T14:06:58.947Z
15469,https://birth-navi.mhlw.go.jp/facilities/15469,2026-09-14T14:06:59.267Z
15470,https://birth-navi.mhlw.go.jp/facilities/15470,2026-09-14T14:06:59.595Z
15471,https://birth-navi.mhlw.go.jp/facilities/15471,2026-09-14T14:06:59.928Z
15472,https://birth-navi.mhlw.go.jp/facilities/15472,2026-09-14T14:07:00.255Z
15473,https://birth-navi.mhlw.go.jp/facilities/15473,2026-09-14T14:07:00.633Z
15474,https://birth-navi.mhlw.go.jp/facilities/15474,2026-09-14T14:07:00.940Z
15475,https://birth-navi.mhlw.go.jp/facilities/15475,2026-09-14T13:27:38.047Z
15476,https://birth-navi.mhlw.go.jp/facilities/15476,2026-09-14T13:27:38.089Z
15477,https://birth-navi.mhlw.go.jp/facilities/15477,2026-09-14T13:27:38.115Z
15478,https://birth-navi.mhlw.go.jp/facilities/15478,2026-09-14T14:07:01.306Z
15479,https://birth-navi.mhlw.go.jp/facilities/15479,2026-09-14T14:07:01.649Z
15480,https://birth-navi.mhlw.go.jp/facilities/15480,2026-09-14T14:07:01.997Z
15481,https://birth-navi.mhlw.go.jp/facilities/15481,2026-09-14T14:07:02.364Z
15482,https://birth-navi.mhlw.go.jp/facilities/15482,2026-09-14T14:07:02.689Z
15483,https://birth-navi.mhlw.go.jp/facilities/15483,2026-09-14T14:07:03.022Z
15484,https://birth-navi.mhlw.go.jp/facilities/15484,2026-09-14T14:07:03.347Z
15485,https://birth-navi.mhlw.go.jp/facilities/15485,2026-09-14T14:07:03.685Z
15486,https://birth-navi.mhlw.go.jp/facilities/15486,2026-09-14T14:07:04.011Z
15487,https://birth-navi.mhlw.go.jp/facilities/15487,2026-09-14T13:27:40.807Z
15488,https://birth-navi.mhlw.go.jp/facilities/15488,2026-09-14T13:27:40.830Z
15489,https://birth-navi.mhlw.go.jp/facilities/15489,2026-09-14T13:27:40.909Z
15490,https://birth-navi.mhlw.go.jp/facilities/15490,2026-09-14T13:27:40.950Z
15491,https://birth-navi.mhlw.go.jp/facilities/15491,2026-09-14T13:27:41.040Z
15492,https://birth-navi.mhlw.go.jp/facilities/15492,2026-09-14T13:27:41.110Z
15493,https://birth-navi.mhlw.go.jp/facilities/15493,2026-09-14T13:27:41.135Z
15494,https://birth-navi.mhlw.go.jp/facilities/15494,2026-09-14T22:40:49.846Z
15495,https://birth-navi.mhlw.go.jp/facilities/15495,2026-09-14T14:07:04.332Z
15496,https://birth-navi.mhlw.go.jp/facilities/15496,2026-09-14T14:07:04.642Z
15497,https://birth-navi.mhlw.go.jp/facilities/15497,2026-09-14T14:07:04.958Z
15498,https://birth-navi.mhlw.go.jp/facilities/15498,2026-09-14T14:07:05.290Z
15499,https://birth-navi.mhlw.go.jp/facilities/15499,2026-09-14T14:07:05.718Z
15500,https://birth-navi.mhlw.go.jp/facilities/15500,2026-09-14T13:27:43.041Z
15501,https://birth-navi.mhlw.go.jp/facilities/15501,2026-09-14T13:27:43.112Z
15502,https://birth-navi.mhlw.go.jp/facilities/15502,2026-09-14T13:27:43.133Z
15503,https://birth-navi.mhlw.go.jp/facilities/15503,2026-09-14T13:27:43.316Z
15504,https://birth-navi.mhlw.go.jp/facilities/15504,2026-09-14T14:07:06.047Z
15505,https://birth-navi.mhlw.go.jp/facilities/15505,2026-09-14T14:07:06.368Z
15506,https://birth-navi.mhlw.go.jp/facilities/15506,2026-09-14T13:27:44.360Z
15507,https://birth-navi.mhlw.go.jp/facilities/15507,2026-09-14T13:27:44.416Z
15508,https://birth-navi.mhlw.go.jp/facilities/15508,2026-09-14T14:07:06.779Z
15509,https://birth-navi.mhlw.go.jp/facilities/15509,2026-09-14T14:07:07.112Z
15510,https://birth-navi.mhlw.go.jp/facilities/15510,2026-09-14T14:07:07.446Z
15511,https://birth-navi.mhlw.go.jp/facilities/15511,2026-09-14T14:07:07.762Z
15512,https://birth-navi.mhlw.go.jp/facilities/15512,2026-09-14T14:07:08.077Z
15513,https://birth-navi.mhlw.go.jp/facilities/15513,2026-09-14T14:07:08.388Z
15514,https://birth-navi.mhlw.go.jp/facilities/15514,2026-09-14T14:07:08.716Z
15515,https://birth-navi.mhlw.go.jp/facilities/15515,2026-09-14T14:07:09.073Z
15516,https://birth-navi.mhlw.go.jp/facilities/15516,2026-09-14T14:07:09.418Z
15517,https://birth-navi.mhlw.go.jp/facilities/15517,2026-09-14T14:07:09.736Z
15518,https://birth-navi.mhlw.go.jp/facilities/15518,2026-09-14T14:07:10.064Z
15519,https://birth-navi.mhlw.go.jp/facilities/15519,2026-09-14T14:07:10.394Z
15520,https://birth-navi.mhlw.go.jp/facilities/15520,2026-09-14T13:27:45.634Z
15521,https://birth-navi.mhlw.go.jp/facilities/15521,2026-09-14T13:27:45.701Z
15522,https://birth-navi.mhlw.go.jp/facilities/15522,2026-09-14T13:27:45.722Z
15523,https://birth-navi.mhlw.go.jp/facilities/15523,2026-09-14T13:27:45.745Z
15524,https://birth-navi.mhlw.go.jp/facilities/15524,2026-09-14T13:27:45.809Z
15525,https://birth-navi.mhlw.go.jp/facilities/15525,2026-09-14T13:27:45.831Z
15526,https://birth-navi.mhlw.go.jp/facilities/15526,2026-09-14T13:27:45.852Z
15527,https://birth-navi.mhlw.go.jp/facilities/15527,2026-09-14T13:27:45.916Z
15528,https://birth-navi.mhlw.go.jp/facilities/15528,2026-09-14T13:27:45.938Z
15529,https://birth-navi.mhlw.go.jp/facilities/15529,2026-09-14T13:27:46.018Z
15530,https://birth-navi.mhlw.go.jp/facilities/15530,2026-09-14T13:27:46.040Z
15531,https://birth-navi.mhlw.go.jp/facilities/15531,2026-09-14T13:27:46.101Z
15532,https://birth-navi.mhlw.go.jp/facilities/15532,2026-09-14T13:27:46.121Z
15533,https://birth-navi.mhlw.go.jp/facilities/15533,2026-09-14T13:27:46.145Z
15534,https://birth-navi.mhlw.go.jp/facilities/15534,2026-09-14T13:27:46.214Z
15535,https://birth-navi.mhlw.go.jp/facilities/15535,2026-09-14T13:27:46.237Z
15536,https://birth-navi.mhlw.go.jp/facilities/15536,2026-09-14T13:27:46.307Z
15537,https://birth-navi.mhlw.go.jp/facilities/15537,2026-09-14T13:27:46.332Z
15538,https://birth-navi.mhlw.go.jp/facilities/15538,2026-09-14T13:27:46.353Z
15539,https://birth-navi.mhlw.go.jp/facilities/15539,2026-09-14T13:27:46.415Z
15540,https://birth-navi.mhlw.go.jp/facilities/15540,2026-09-14T13:27:46.438Z
15541,https://birth-navi.mhlw.go.jp/facilities/15541,2026-09-14T13:27:46.520Z
15542,https://birth-navi.mhlw.go.jp/facilities/15542,2026-09-14T13:27:46.540Z
15543,https://birth-navi.mhlw.go.jp/facilities/15543,2026-09-14T13:27:46.606Z
15544,https://birth-navi.mhlw.go.jp/facilities/15544,2026-09-14T13:27:46.627Z
15545,https://birth-navi.mhlw.go.jp/facilities/15545,2026-09-14T13:27:46.648Z
15546,https://birth-navi.mhlw.go.jp/facilities/15546,2026-09-14T13:27:46.735Z
15547,https://birth-navi.mhlw.go.jp/facilities/15547,2026-09-14T13:27:46.829Z
15548,https://birth-navi.mhlw.go.jp/facilities/15548,2026-09-14T14:07:10.756Z
15549,https://birth-navi.mhlw.go.jp/facilities/15549,2026-09-14T22:40:13.452Z
15550,https://birth-navi.mhlw.go.jp/facilities/15550,2026-09-14T14:07:11.058Z
15551,https://birth-navi.mhlw.go.jp/facilities/15551,2026-09-14T13:27:48.717Z
15552,https://birth-navi.mhlw.go.jp/facilities/15552,2026-09-14T14:07:11.365Z
15553,https://birth-navi.mhlw.go.jp/facilities/15553,2026-09-14T13:27:48.818Z
15554,https://birth-navi.mhlw.go.jp/facilities/15554,2026-09-14T13:27:48.838Z
15555,https://birth-navi.mhlw.go.jp/facilities/15555,2026-09-14T13:27:48.897Z
15556,https://birth-navi.mhlw.go.jp/facilities/15556,2026-09-14T14:07:11.702Z
15557,https://birth-navi.mhlw.go.jp/facilities/15557,2026-09-14T14:07:12.032Z
15558,https://birth-navi.mhlw.go.jp/facilities/15558,2026-09-14T14:07:12.286Z
15559,https://birth-navi.mhlw.go.jp/facilities/15559,2026-09-14T14:07:12.610Z
15560,https://birth-navi.mhlw.go.jp/facilities/15560,2026-09-14T14:07:12.975Z
15561,https://birth-navi.mhlw.go.jp/facilities/15561,2026-09-14T14:07:13.291Z
15562,https://birth-navi.mhlw.go.jp/facilities/15562,2026-09-14T14:07:13.609Z
15563,https://birth-navi.mhlw.go.jp/facilities/15563,2026-09-14T14:07:13.927Z
15564,https://birth-navi.mhlw.go.jp/facilities/15564,2026-09-14T14:07:14.234Z
15565,https://birth-navi.mhlw.go.jp/facilities/15565,2026-09-14T14:07:14.551Z
15566,https://birth-navi.mhlw.go.jp/facilities/15566,2026-09-14T13:27:50.318Z
15567,https://birth-navi.mhlw.go.jp/facilities/15567,2026-09-14T14:07:14.862Z
15568,https://birth-navi.mhlw.go.jp/facilities/15568,2026-09-14T13:27:50.407Z
15569,https://birth-navi.mhlw.go.jp/facilities/15569,2026-09-14T13:27:50.429Z
15570,https://birth-navi.mhlw.go.jp/facilities/15570,2026-09-14T14:07:15.190Z
15571,https://birth-navi.mhlw.go.jp/facilities/15571,2026-09-14T13:27:50.707Z
15572,https://birth-navi.mhlw.go.jp/facilities/15572,2026-09-14T14:07:15.530Z
15573,https://birth-navi.mhlw.go.jp/facilities/15573,2026-09-14T14:07:15.841Z
15574,https://birth-navi.mhlw.go.jp/facilities/15574,2026-09-14T14:07:16.155Z
15575,https://birth-navi.mhlw.go.jp/facilities/15575,2026-09-14T14:07:16.481Z
15576,https://birth-navi.mhlw.go.jp/facilities/15576,2026-09-14T14:07:16.793Z
15577,https://birth-navi.mhlw.go.jp/facilities/15577,2026-09-14T14:07:17.112Z
15578,https://birth-navi.mhlw.go.jp/facilities/15578,2026-09-14T13:27:53.913Z
15579,https://birth-navi.mhlw.go.jp/facilities/15579,2026-09-14T13:27:53.937Z
15580,https://birth-navi.mhlw.go.jp/facilities/15580,2026-09-14T14:07:17.446Z
15581,https://birth-navi.mhlw.go.jp/facilities/15581,2026-09-14T14:07:17.789Z
15582,https://birth-navi.mhlw.go.jp/facilities/15582,2026-09-14T14:07:18.123Z
15583,https://birth-navi.mhlw.go.jp/facilities/15583,2026-09-14T14:07:18.434Z
15584,https://birth-navi.mhlw.go.jp/facilities/15584,2026-09-14T13:27:55.044Z
15585,https://birth-navi.mhlw.go.jp/facilities/15585,2026-09-14T13:27:55.116Z
15586,https://birth-navi.mhlw.go.jp/facilities/15586,2026-09-14T13:27:55.136Z
15587,https://birth-navi.mhlw.go.jp/facilities/15587,2026-09-14T14:07:18.738Z
15588,https://birth-navi.mhlw.go.jp/facilities/15588,2026-09-14T14:07:19.046Z
15589,https://birth-navi.mhlw.go.jp/facilities/15589,2026-09-14T14:07:19.350Z
15590,https://birth-navi.mhlw.go.jp/facilities/15590,2026-09-14T13:27:56.934Z
15591,https://birth-navi.mhlw.go.jp/facilities/15591,2026-09-14T13:27:57.297Z
15592,https://birth-navi.mhlw.go.jp/facilities/15592,2026-09-14T13:27:57.321Z
15593,https://birth-navi.mhlw.go.jp/facilities/15593,2026-09-14T14:07:19.699Z
15594,https://birth-navi.mhlw.go.jp/facilities/15594,2026-09-14T13:27:57.410Z
15595,https://birth-navi.mhlw.go.jp/facilities/15595,2026-09-14T13:27:57.431Z
15596,https://birth-navi.mhlw.go.jp/facilities/15596,2026-09-14T13:27:57.452Z
15597,https://birth-navi.mhlw.go.jp/facilities/15597,2026-09-14T13:27:57.539Z
15598,https://birth-navi.mhlw.go.jp/facilities/15598,2026-09-14T13:27:57.605Z
15599,https://birth-navi.mhlw.go.jp/facilities/15599,2026-09-14T13:27:57.627Z
15600,https://birth-navi.mhlw.go.jp/facilities/15600,2026-09-14T13:27:57.646Z
15601,https://birth-navi.mhlw.go.jp/facilities/15601,2026-09-14T13:27:57.716Z
15602,https://birth-navi.mhlw.go.jp/facilities/15602,2026-09-14T13:27:57.737Z
15603,https://birth-navi.mhlw.go.jp/facilities/15603,2026-09-14T14:07:20.028Z
15604,https://birth-navi.mhlw.go.jp/facilities/15604,2026-09-14T14:07:20.352Z
15605,https://birth-navi.mhlw.go.jp/facilities/15605,2026-09-14T13:27:58.325Z
15606,https://birth-navi.mhlw.go.jp/facilities/15606,2026-09-14T14:07:20.667Z
15607,https://birth-navi.mhlw.go.jp/facilities/15607,2026-09-14T13:27:58.415Z
15608,https://birth-navi.mhlw.go.jp/facilities/15608,2026-09-14T14:07:20.982Z
15609,https://birth-navi.mhlw.go.jp/facilities/15609,2026-09-14T14:07:21.313Z
15610,https://birth-navi.mhlw.go.jp/facilities/15610,2026-09-14T14:07:21.628Z
15611,https://birth-navi.mhlw.go.jp/facilities/15611,2026-09-14T13:27:59.696Z
15612,https://birth-navi.mhlw.go.jp/facilities/15612,2026-09-14T13:28:00.421Z
15613,https://birth-navi.mhlw.go.jp/facilities/15613,2026-09-14T14:07:21.975Z
15614,https://birth-navi.mhlw.go.jp/facilities/15614,2026-09-14T14:07:22.282Z
15615,https://birth-navi.mhlw.go.jp/facilities/15615,2026-09-14T14:07:22.579Z
15616,https://birth-navi.mhlw.go.jp/facilities/15616,2026-09-14T14:07:22.904Z
15617,https://birth-navi.mhlw.go.jp/facilities/15617,2026-09-14T14:07:23.195Z
15618,https://birth-navi.mhlw.go.jp/facilities/15618,2026-09-14T13:28:03.231Z
15619,https://birth-navi.mhlw.go.jp/facilities/15619,2026-09-14T14:07:23.510Z
15620,https://birth-navi.mhlw.go.jp/facilities/15620,2026-09-14T14:07:23.772Z
15621,https://birth-navi.mhlw.go.jp/facilities/15621,2026-09-14T14:07:24.094Z
15622,https://birth-navi.mhlw.go.jp/facilities/15622,2026-09-14T14:07:24.353Z
15623,https://birth-navi.mhlw.go.jp/facilities/15623,2026-09-14T13:28:03.935Z
15624,https://birth-navi.mhlw.go.jp/facilities/15624,2026-09-14T13:28:04.813Z
15625,https://birth-navi.mhlw.go.jp/facilities/15625,2026-09-14T14:07:24.661Z
15626,https://birth-navi.mhlw.go.jp/facilities/15626,2026-09-14T14:07:24.989Z
15627,https://birth-navi.mhlw.go.jp/facilities/15627,2026-09-14T14:07:25.298Z
15628,https://birth-navi.mhlw.go.jp/facilities/15628,2026-09-14T14:07:25.599Z
15629,https://birth-navi.mhlw.go.jp/facilities/15629,2026-09-14T14:07:25.915Z
15630,https://birth-navi.mhlw.go.jp/facilities/15630,2026-09-14T14:07:26.274Z
15631,https://birth-navi.mhlw.go.jp/facilities/15631,2026-09-14T14:07:26.575Z
15632,https://birth-navi.mhlw.go.jp/facilities/15632,2026-09-14T14:07:26.894Z
15633,https://birth-navi.mhlw.go.jp/facilities/15633,2026-09-14T14:07:27.218Z
15634,https://birth-navi.mhlw.go.jp/facilities/15634,2026-09-14T13:28:12.137Z
15635,https://birth-navi.mhlw.go.jp/facilities/15635,2026-09-14T14:07:27.579Z
15636,https://birth-navi.mhlw.go.jp/facilities/15636,2026-09-14T14:07:27.909Z
15637,https://birth-navi.mhlw.go.jp/facilities/15637,2026-09-14T14:07:28.210Z
15638,https://birth-navi.mhlw.go.jp/facilities/15638,2026-09-14T13:28:13.735Z
15639,https://birth-navi.mhlw.go.jp/facilities/15639,2026-09-14T14:07:28.536Z
15640,https://birth-navi.mhlw.go.jp/facilities/15640,2026-09-14T14:07:28.850Z
15641,https://birth-navi.mhlw.go.jp/facilities/15641,2026-09-14T14:07:29.199Z
15642,https://birth-navi.mhlw.go.jp/facilities/15642,2026-09-14T14:07:29.510Z
15643,https://birth-navi.mhlw.go.jp/facilities/15643,2026-09-14T14:07:29.820Z
15644,https://birth-navi.mhlw.go.jp/facilities/15644,2026-09-14T14:07:30.118Z
15645,https://birth-navi.mhlw.go.jp/facilities/15645,2026-09-14T14:07:30.435Z
15646,https://birth-navi.mhlw.go.jp/facilities/15646,2026-09-14T13:28:14.235Z
15647,https://birth-navi.mhlw.go.jp/facilities/15647,2026-09-14T13:28:14.332Z
15648,https://birth-navi.mhlw.go.jp/facilities/15648,2026-09-14T13:28:14.436Z
15649,https://birth-navi.mhlw.go.jp/facilities/15649,2026-09-14T14:07:30.742Z
15650,https://birth-navi.mhlw.go.jp/facilities/15650,2026-09-14T14:07:31.110Z
15651,https://birth-navi.mhlw.go.jp/facilities/15651,2026-09-14T13:28:23.402Z
15652,https://birth-navi.mhlw.go.jp/facilities/15652,2026-09-14T13:28:23.507Z
15653,https://birth-navi.mhlw.go.jp/facilities/15653,2026-09-14T13:28:23.531Z
15654,https://birth-navi.mhlw.go.jp/facilities/15654,2026-09-14T13:28:23.553Z
15655,https://birth-navi.mhlw.go.jp/facilities/15655,2026-09-14T13:28:23.617Z
15656,https://birth-navi.mhlw.go.jp/facilities/15656,2026-09-14T13:28:23.638Z
15657,https://birth-navi.mhlw.go.jp/facilities/15657,2026-09-14T13:28:26.731Z
15658,https://birth-navi.mhlw.go.jp/facilities/15658,2026-09-14T13:28:41.149Z
15659,https://birth-navi.mhlw.go.jp/facilities/15659,2026-09-14T14:07:31.430Z
15660,https://birth-navi.mhlw.go.jp/facilities/15660,2026-09-14T14:07:31.733Z
15661,https://birth-navi.mhlw.go.jp/facilities/15661,2026-09-14T14:07:32.023Z
15662,https://birth-navi.mhlw.go.jp/facilities/15662,2026-09-14T13:28:52.731Z
15663,https://birth-navi.mhlw.go.jp/facilities/15663,2026-09-14T14:07:32.348Z
15664,https://birth-navi.mhlw.go.jp/facilities/15664,2026-09-14T14:07:32.656Z
15665,https://birth-navi.mhlw.go.jp/facilities/15665,2026-09-14T14:07:32.957Z
15666,https://birth-navi.mhlw.go.jp/facilities/15666,2026-09-14T14:07:33.256Z
15667,https://birth-navi.mhlw.go.jp/facilities/15667,2026-09-14T14:07:33.550Z
15668,https://birth-navi.mhlw.go.jp/facilities/15668,2026-09-14T14:07:33.856Z
15669,https://birth-navi.mhlw.go.jp/facilities/15669,2026-09-14T13:29:17.349Z
15670,https://birth-navi.mhlw.go.jp/facilities/15670,2026-09-14T13:29:17.416Z
15671,https://birth-navi.mhlw.go.jp/facilities/15671,2026-09-14T14:07:34.179Z
15672,https://birth-navi.mhlw.go.jp/facilities/15672,2026-09-14T14:07:34.493Z
15673,https://birth-navi.mhlw.go.jp/facilities/15673,2026-09-14T14:07:34.839Z
15674,https://birth-navi.mhlw.go.jp/facilities/15674,2026-09-14T13:29:17.650Z
15675,https://birth-navi.mhlw.go.jp/facilities/15675,2026-09-14T13:29:17.734Z
15676,https://birth-navi.mhlw.go.jp/facilities/15676,2026-09-14T13:29:17.807Z
15677,https://birth-navi.mhlw.go.jp/facilities/15677,2026-09-14T13:29:17.855Z
15678,https://birth-navi.mhlw.go.jp/facilities/15678,2026-09-14T13:29:17.916Z
15679,https://birth-navi.mhlw.go.jp/facilities/15679,2026-09-14T14:07:35.150Z
15680,https://birth-navi.mhlw.go.jp/facilities/15680,2026-09-14T13:29:18.352Z
15681,https://birth-navi.mhlw.go.jp/facilities/15681,2026-09-14T14:07:35.497Z
15682,https://birth-navi.mhlw.go.jp/facilities/15682,2026-09-14T14:07:35.802Z
15683,https://birth-navi.mhlw.go.jp/facilities/15683,2026-09-14T13:29:19.228Z
15684,https://birth-navi.mhlw.go.jp/facilities/15684,2026-09-14T13:29:19.253Z
15685,https://birth-navi.mhlw.go.jp/facilities/15685,2026-09-14T13:29:19.333Z
15686,https://birth-navi.mhlw.go.jp/facilities/15686,2026-09-14T14:07:36.170Z
15687,https://birth-navi.mhlw.go.jp/facilities/15687,2026-09-14T14:07:36.510Z
15688,https://birth-navi.mhlw.go.jp/facilities/15688,2026-09-14T14:07:36.837Z
15689,https://birth-navi.mhlw.go.jp/facilities/15689,2026-09-14T14:07:37.165Z
15690,https://birth-navi.mhlw.go.jp/facilities/15690,2026-09-14T14:07:37.424Z
15691,https://birth-navi.mhlw.go.jp/facilities/15691,2026-09-14T14:07:37.751Z
15692,https://birth-navi.mhlw.go.jp/facilities/15692,2026-09-14T13:29:23.437Z
15693,https://birth-navi.mhlw.go.jp/facilities/15693,2026-09-14T22:40:49.846Z
15694,https://birth-navi.mhlw.go.jp/facilities/15694,2026-09-14T22:40:13.452Z
15695,https://birth-navi.mhlw.go.jp/facilities/15695,2026-09-14T22:40:13.452Z
15696,https://birth-navi.mhlw.go.jp/facilities/15696,2026-09-14T13:29:23.751Z
15697,https://birth-navi.mhlw.go.jp/facilities/15697,2026-09-14T22:40:13.452Z
15698,https://birth-navi.mhlw.go.jp/facilities/15698,2026-09-14T13:29:23.842Z
15699,https://birth-navi.mhlw.go.jp/facilities/15699,2026-09-14T22:40:13.452Z
15700,https://birth-navi.mhlw.go.jp/facilities/15700,2026-09-14T13:29:23.929Z
15701,https://birth-navi.mhlw.go.jp/facilities/15701,2026-09-14T14:07:38.058Z
15702,https://birth-navi.mhlw.go.jp/facilities/15702,2026-09-14T14:07:38.405Z
15703,https://birth-navi.mhlw.go.jp/facilities/15703,2026-09-14T14:07:38.715Z
15704,https://birth-navi.mhlw.go.jp/facilities/15704,2026-09-14T14:07:39.037Z
15705,https://birth-navi.mhlw.go.jp/facilities/15705,2026-09-14T13:29:26.897Z
15706,https://birth-navi.mhlw.go.jp/facilities/15706,2026-09-14T13:29:26.938Z
15707,https://birth-navi.mhlw.go.jp/facilities/15707,2026-09-14T13:29:27.010Z
15708,https://birth-navi.mhlw.go.jp/facilities/15708,2026-09-14T13:29:27.051Z
15709,https://birth-navi.mhlw.go.jp/facilities/15709,2026-09-14T14:07:39.351Z
15710,https://birth-navi.mhlw.go.jp/facilities/15710,2026-09-14T14:07:39.688Z
15711,https://birth-navi.mhlw.go.jp/facilities/15711,2026-09-14T14:07:40.025Z
15712,https://birth-navi.mhlw.go.jp/facilities/15712,2026-09-14T14:07:40.391Z
15713,https://birth-navi.mhlw.go.jp/facilities/15713,2026-09-14T14:07:40.716Z
15714,https://birth-navi.mhlw.go.jp/facilities/15714,2026-09-14T14:07:41.016Z
15715,https://birth-navi.mhlw.go.jp/facilities/15715,2026-09-14T13:29:27.860Z
15716,https://birth-navi.mhlw.go.jp/facilities/15716,2026-09-14T14:07:41.314Z
15717,https://birth-navi.mhlw.go.jp/facilities/15717,2026-09-14T13:29:28.118Z
15718,https://birth-navi.mhlw.go.jp/facilities/15718,2026-09-14T13:29:28.323Z
15719,https://birth-navi.mhlw.go.jp/facilities/15719,2026-09-14T14:07:41.616Z
15720,https://birth-navi.mhlw.go.jp/facilities/15720,2026-09-14T13:29:28.531Z
15721,https://birth-navi.mhlw.go.jp/facilities/15721,2026-09-14T14:07:41.929Z
15722,https://birth-navi.mhlw.go.jp/facilities/15722,2026-09-14T14:07:42.266Z
15723,https://birth-navi.mhlw.go.jp/facilities/15723,2026-09-14T14:07:42.582Z
15724,https://birth-navi.mhlw.go.jp/facilities/15724,2026-09-14T13:29:29.151Z
15725,https://birth-navi.mhlw.go.jp/facilities/15725,2026-09-14T13:29:29.218Z
15726,https://birth-navi.mhlw.go.jp/facilities/15726,2026-09-14T13:29:29.303Z
15727,https://birth-navi.mhlw.go.jp/facilities/15727,2026-09-14T13:29:29.540Z
15728,https://birth-navi.mhlw.go.jp/facilities/15728,2026-09-14T13:29:29.730Z
15729,https://birth-navi.mhlw.go.jp/facilities/15729,2026-09-14T14:07:42.896Z
15730,https://birth-navi.mhlw.go.jp/facilities/15730,2026-09-14T13:29:30.745Z
15731,https://birth-navi.mhlw.go.jp/facilities/15731,2026-09-14T13:29:30.832Z
15732,https://birth-navi.mhlw.go.jp/facilities/15732,2026-09-14T13:29:30.912Z
15733,https://birth-navi.mhlw.go.jp/facilities/15733,2026-09-14T13:29:32.256Z
15734,https://birth-navi.mhlw.go.jp/facilities/15734,2026-09-14T14:07:43.213Z
15735,https://birth-navi.mhlw.go.jp/facilities/15735,2026-09-14T14:07:43.557Z
15736,https://birth-navi.mhlw.go.jp/facilities/15736,2026-09-14T14:07:43.909Z
15737,https://birth-navi.mhlw.go.jp/facilities/15737,2026-09-14T14:07:44.197Z
15738,https://birth-navi.mhlw.go.jp/facilities/15738,2026-09-14T13:29:36.550Z
15739,https://birth-navi.mhlw.go.jp/facilities/15739,2026-09-14T13:29:36.619Z
15740,https://birth-navi.mhlw.go.jp/facilities/15740,2026-09-14T14:07:44.506Z
15741,https://birth-navi.mhlw.go.jp/facilities/15741,2026-09-14T14:07:44.807Z
15742,https://birth-navi.mhlw.go.jp/facilities/15742,2026-09-14T13:29:38.717Z
15743,https://birth-navi.mhlw.go.jp/facilities/15743,2026-09-14T14:07:45.168Z
15744,https://birth-navi.mhlw.go.jp/facilities/15744,2026-09-14T13:29:42.211Z
15745,https://birth-navi.mhlw.go.jp/facilities/15745,2026-09-14T13:29:42.339Z
15746,https://birth-navi.mhlw.go.jp/facilities/15746,2026-09-14T13:29:42.415Z
15747,https://birth-navi.mhlw.go.jp/facilities/15747,2026-09-14T14:07:45.525Z
15748,https://birth-navi.mhlw.go.jp/facilities/15748,2026-09-14T14:07:45.866Z
15749,https://birth-navi.mhlw.go.jp/facilities/15749,2026-09-14T22:40:13.452Z
15750,https://birth-navi.mhlw.go.jp/facilities/15750,2026-09-14T14:07:46.162Z
15751,https://birth-navi.mhlw.go.jp/facilities/15751,2026-09-14T13:29:43.132Z
15752,https://birth-navi.mhlw.go.jp/facilities/15752,2026-09-14T13:29:43.232Z
15753,https://birth-navi.mhlw.go.jp/facilities/15753,2026-09-14T13:29:43.453Z
15754,https://birth-navi.mhlw.go.jp/facilities/15754,2026-09-14T14:07:46.468Z
15755,https://birth-navi.mhlw.go.jp/facilities/15755,2026-09-14T14:07:46.722Z
15756,https://birth-navi.mhlw.go.jp/facilities/15756,2026-09-14T13:30:30.440Z
15757,https://birth-navi.mhlw.go.jp/facilities/15757,2026-09-14T13:30:30.647Z
15758,https://birth-navi.mhlw.go.jp/facilities/15758,2026-09-14T22:40:49.846Z
15759,https://birth-navi.mhlw.go.jp/facilities/15759,2026-09-14T14:07:47.010Z
15760,https://birth-navi.mhlw.go.jp/facilities/15760,2026-09-14T14:07:47.322Z
15761,https://birth-navi.mhlw.go.jp/facilities/15761,2026-09-14T14:07:47.581Z
15762,https://birth-navi.mhlw.go.jp/facilities/15762,2026-09-14T14:07:47.887Z
15763,https://birth-navi.mhlw.go.jp/facilities/15763,2026-09-14T14:07:48.212Z
15764,https://birth-navi.mhlw.go.jp/facilities/15764,2026-09-14T14:07:48.527Z
15765,https://birth-navi.mhlw.go.jp/facilities/15765,2026-09-14T13:30:43.319Z
15766,https://birth-navi.mhlw.go.jp/facilities/15766,2026-09-14T14:07:48.784Z
15767,https://birth-navi.mhlw.go.jp/facilities/15767,2026-09-14T14:07:49.078Z
15768,https://birth-navi.mhlw.go.jp/facilities/15768,2026-09-14T14:07:49.390Z
15769,https://birth-navi.mhlw.go.jp/facilities/15769,2026-09-14T14:07:49.720Z
15770,https://birth-navi.mhlw.go.jp/facilities/15770,2026-09-14T14:07:50.033Z
15771,https://birth-navi.mhlw.go.jp/facilities/15771,2026-09-14T14:07:50.367Z
15772,https://birth-navi.mhlw.go.jp/facilities/15772,2026-09-14T14:07:50.718Z
15773,https://birth-navi.mhlw.go.jp/facilities/15773,2026-09-14T14:07:51.064Z
15774,https://birth-navi.mhlw.go.jp/facilities/15774,2026-09-14T14:07:51.660Z
15775,https://birth-navi.mhlw.go.jp/facilities/15775,2026-09-14T14:07:51.976Z
15776,https://birth-navi.mhlw.go.jp/facilities/15776,2026-09-14T14:07:52.330Z
15777,https://birth-navi.mhlw.go.jp/facilities/15777,2026-09-14T14:07:52.670Z
15778,https://birth-navi.mhlw.go.jp/facilities/15778,2026-09-14T14:07:52.993Z
15779,https://birth-navi.mhlw.go.jp/facilities/15779,2026-09-14T14:07:53.295Z
15780,https://birth-navi.mhlw.go.jp/facilities/15780,2026-09-14T14:07:53.594Z
15781,https://birth-navi.mhlw.go.jp/facilities/15781,2026-09-14T14:07:53.908Z
15782,https://birth-navi.mhlw.go.jp/facilities/15782,2026-09-14T14:07:54.214Z
15783,https://birth-navi.mhlw.go.jp/facilities/15783,2026-09-14T14:07:54.518Z
15784,https://birth-navi.mhlw.go.jp/facilities/15784,2026-09-14T14:07:54.817Z
15785,https://birth-navi.mhlw.go.jp/facilities/15785,2026-09-14T14:07:55.141Z
