birth_navi_id,postnatal_care_type_code,postnatal_care_type
10002,1,短期入所（ショートステイ）型
10002,2,通所（デイサービス）型（個別）
10003,1,短期入所（ショートステイ）型
10003,2,通所（デイサービス）型（個別）
10005,1,短期入所（ショートステイ）型
10005,2,通所（デイサービス）型（個別）
10006,1,短期入所（ショートステイ）型
10006,2,通所（デイサービス）型（個別）
10007,1,短期入所（ショートステイ）型
10007,2,通所（デイサービス）型（個別）
10009,1,短期入所（ショートステイ）型
10009,2,通所（デイサービス）型（個別）
10010,1,短期入所（ショートステイ）型
10011,1,短期入所（ショートステイ）型
10011,2,通所（デイサービス）型（個別）
10012,1,短期入所（ショートステイ）型
10012,2,通所（デイサービス）型（個別）
10013,1,短期入所（ショートステイ）型
10013,2,通所（デイサービス）型（個別）
10014,1,短期入所（ショートステイ）型
10014,2,通所（デイサービス）型（個別）
10017,1,短期入所（ショートステイ）型
10017,2,通所（デイサービス）型（個別）
10020,1,短期入所（ショートステイ）型
10020,2,通所（デイサービス）型（個別）
10021,1,短期入所（ショートステイ）型
10021,2,通所（デイサービス）型（個別）
10022,1,短期入所（ショートステイ）型
10023,1,短期入所（ショートステイ）型
10023,2,通所（デイサービス）型（個別）
10024,1,短期入所（ショートステイ）型
10024,2,通所（デイサービス）型（個別）
10026,1,短期入所（ショートステイ）型
10030,1,短期入所（ショートステイ）型
10030,2,通所（デイサービス）型（個別）
10031,1,短期入所（ショートステイ）型
10031,2,通所（デイサービス）型（個別）
10032,1,短期入所（ショートステイ）型
10032,2,通所（デイサービス）型（個別）
10034,1,短期入所（ショートステイ）型
10036,2,通所（デイサービス）型（個別）
10037,1,短期入所（ショートステイ）型
10037,2,通所（デイサービス）型（個別）
10038,1,短期入所（ショートステイ）型
10040,1,短期入所（ショートステイ）型
10040,2,通所（デイサービス）型（個別）
10041,1,短期入所（ショートステイ）型
10041,2,通所（デイサービス）型（個別）
10042,1,短期入所（ショートステイ）型
10042,2,通所（デイサービス）型（個別）
10044,1,短期入所（ショートステイ）型
10044,2,通所（デイサービス）型（個別）
10045,1,短期入所（ショートステイ）型
10047,2,通所（デイサービス）型（個別）
10051,1,短期入所（ショートステイ）型
10052,1,短期入所（ショートステイ）型
10052,2,通所（デイサービス）型（個別）
10052,3,通所（デイサービス）型（集団）
10053,1,短期入所（ショートステイ）型
10053,2,通所（デイサービス）型（個別）
10054,1,短期入所（ショートステイ）型
10054,2,通所（デイサービス）型（個別）
10055,1,短期入所（ショートステイ）型
10055,2,通所（デイサービス）型（個別）
10056,1,短期入所（ショートステイ）型
10056,2,通所（デイサービス）型（個別）
10057,1,短期入所（ショートステイ）型
10057,2,通所（デイサービス）型（個別）
10058,1,短期入所（ショートステイ）型
10058,2,通所（デイサービス）型（個別）
10058,3,通所（デイサービス）型（集団）
10058,4,居宅訪問（アウトリーチ）型
10059,1,短期入所（ショートステイ）型
10059,2,通所（デイサービス）型（個別）
10060,1,短期入所（ショートステイ）型
10060,2,通所（デイサービス）型（個別）
10061,1,短期入所（ショートステイ）型
10061,2,通所（デイサービス）型（個別）
10062,1,短期入所（ショートステイ）型
10062,2,通所（デイサービス）型（個別）
10063,2,通所（デイサービス）型（個別）
10063,3,通所（デイサービス）型（集団）
10064,1,短期入所（ショートステイ）型
10064,2,通所（デイサービス）型（個別）
10066,1,短期入所（ショートステイ）型
10066,2,通所（デイサービス）型（個別）
10067,1,短期入所（ショートステイ）型
10067,2,通所（デイサービス）型（個別）
10068,1,短期入所（ショートステイ）型
10068,2,通所（デイサービス）型（個別）
10069,1,短期入所（ショートステイ）型
10069,2,通所（デイサービス）型（個別）
10070,1,短期入所（ショートステイ）型
10073,2,通所（デイサービス）型（個別）
10074,1,短期入所（ショートステイ）型
10074,2,通所（デイサービス）型（個別）
10076,1,短期入所（ショートステイ）型
10076,2,通所（デイサービス）型（個別）
10078,1,短期入所（ショートステイ）型
10078,2,通所（デイサービス）型（個別）
10080,1,短期入所（ショートステイ）型
10080,2,通所（デイサービス）型（個別）
10081,1,短期入所（ショートステイ）型
10081,2,通所（デイサービス）型（個別）
10085,1,短期入所（ショートステイ）型
10086,1,短期入所（ショートステイ）型
10086,2,通所（デイサービス）型（個別）
10088,1,短期入所（ショートステイ）型
10090,1,短期入所（ショートステイ）型
10090,2,通所（デイサービス）型（個別）
10091,1,短期入所（ショートステイ）型
10091,2,通所（デイサービス）型（個別）
10091,3,通所（デイサービス）型（集団）
10092,1,短期入所（ショートステイ）型
10092,2,通所（デイサービス）型（個別）
10093,1,短期入所（ショートステイ）型
10093,2,通所（デイサービス）型（個別）
10094,1,短期入所（ショートステイ）型
10094,2,通所（デイサービス）型（個別）
10094,3,通所（デイサービス）型（集団）
10094,4,居宅訪問（アウトリーチ）型
10095,1,短期入所（ショートステイ）型
10095,2,通所（デイサービス）型（個別）
10096,1,短期入所（ショートステイ）型
10096,2,通所（デイサービス）型（個別）
10097,1,短期入所（ショートステイ）型
10097,2,通所（デイサービス）型（個別）
10099,1,短期入所（ショートステイ）型
10099,2,通所（デイサービス）型（個別）
10099,3,通所（デイサービス）型（集団）
10101,1,短期入所（ショートステイ）型
10101,2,通所（デイサービス）型（個別）
10103,1,短期入所（ショートステイ）型
10103,2,通所（デイサービス）型（個別）
10104,1,短期入所（ショートステイ）型
10104,2,通所（デイサービス）型（個別）
10106,1,短期入所（ショートステイ）型
10106,2,通所（デイサービス）型（個別）
10109,1,短期入所（ショートステイ）型
10109,2,通所（デイサービス）型（個別）
10110,1,短期入所（ショートステイ）型
10110,2,通所（デイサービス）型（個別）
10110,4,居宅訪問（アウトリーチ）型
10111,1,短期入所（ショートステイ）型
10114,1,短期入所（ショートステイ）型
10115,1,短期入所（ショートステイ）型
10116,1,短期入所（ショートステイ）型
10116,2,通所（デイサービス）型（個別）
10117,1,短期入所（ショートステイ）型
10117,2,通所（デイサービス）型（個別）
10122,1,短期入所（ショートステイ）型
10122,2,通所（デイサービス）型（個別）
10122,4,居宅訪問（アウトリーチ）型
10123,1,短期入所（ショートステイ）型
10123,2,通所（デイサービス）型（個別）
10124,1,短期入所（ショートステイ）型
10124,2,通所（デイサービス）型（個別）
10125,1,短期入所（ショートステイ）型
10125,2,通所（デイサービス）型（個別）
10126,1,短期入所（ショートステイ）型
10126,2,通所（デイサービス）型（個別）
10127,1,短期入所（ショートステイ）型
10127,2,通所（デイサービス）型（個別）
10129,2,通所（デイサービス）型（個別）
10130,1,短期入所（ショートステイ）型
10130,2,通所（デイサービス）型（個別）
10130,4,居宅訪問（アウトリーチ）型
10131,1,短期入所（ショートステイ）型
10131,2,通所（デイサービス）型（個別）
10132,1,短期入所（ショートステイ）型
10132,2,通所（デイサービス）型（個別）
10133,1,短期入所（ショートステイ）型
10133,2,通所（デイサービス）型（個別）
10134,1,短期入所（ショートステイ）型
10136,1,短期入所（ショートステイ）型
10136,2,通所（デイサービス）型（個別）
10138,1,短期入所（ショートステイ）型
10138,2,通所（デイサービス）型（個別）
10139,1,短期入所（ショートステイ）型
10139,2,通所（デイサービス）型（個別）
10140,1,短期入所（ショートステイ）型
10143,1,短期入所（ショートステイ）型
10143,2,通所（デイサービス）型（個別）
10145,1,短期入所（ショートステイ）型
10146,1,短期入所（ショートステイ）型
10146,2,通所（デイサービス）型（個別）
10149,1,短期入所（ショートステイ）型
10150,1,短期入所（ショートステイ）型
10151,1,短期入所（ショートステイ）型
10151,2,通所（デイサービス）型（個別）
10152,1,短期入所（ショートステイ）型
10153,1,短期入所（ショートステイ）型
10153,2,通所（デイサービス）型（個別）
10154,1,短期入所（ショートステイ）型
10154,2,通所（デイサービス）型（個別）
10155,4,居宅訪問（アウトリーチ）型
10157,1,短期入所（ショートステイ）型
10157,2,通所（デイサービス）型（個別）
10158,1,短期入所（ショートステイ）型
10159,1,短期入所（ショートステイ）型
10160,1,短期入所（ショートステイ）型
10160,2,通所（デイサービス）型（個別）
10162,1,短期入所（ショートステイ）型
10163,1,短期入所（ショートステイ）型
10163,2,通所（デイサービス）型（個別）
10164,1,短期入所（ショートステイ）型
10164,2,通所（デイサービス）型（個別）
10167,1,短期入所（ショートステイ）型
10167,2,通所（デイサービス）型（個別）
10169,1,短期入所（ショートステイ）型
10169,2,通所（デイサービス）型（個別）
10170,1,短期入所（ショートステイ）型
10170,2,通所（デイサービス）型（個別）
10173,1,短期入所（ショートステイ）型
10175,1,短期入所（ショートステイ）型
10175,2,通所（デイサービス）型（個別）
10179,1,短期入所（ショートステイ）型
10180,2,通所（デイサービス）型（個別）
10180,4,居宅訪問（アウトリーチ）型
10181,1,短期入所（ショートステイ）型
10181,2,通所（デイサービス）型（個別）
10182,1,短期入所（ショートステイ）型
10182,2,通所（デイサービス）型（個別）
10182,4,居宅訪問（アウトリーチ）型
10185,1,短期入所（ショートステイ）型
10185,2,通所（デイサービス）型（個別）
10186,1,短期入所（ショートステイ）型
10186,2,通所（デイサービス）型（個別）
10187,1,短期入所（ショートステイ）型
10187,2,通所（デイサービス）型（個別）
10187,3,通所（デイサービス）型（集団）
10190,1,短期入所（ショートステイ）型
10191,1,短期入所（ショートステイ）型
10191,2,通所（デイサービス）型（個別）
10193,1,短期入所（ショートステイ）型
10193,2,通所（デイサービス）型（個別）
10194,1,短期入所（ショートステイ）型
10194,2,通所（デイサービス）型（個別）
10194,3,通所（デイサービス）型（集団）
10195,1,短期入所（ショートステイ）型
10195,3,通所（デイサービス）型（集団）
10197,1,短期入所（ショートステイ）型
10197,2,通所（デイサービス）型（個別）
10199,1,短期入所（ショートステイ）型
10199,2,通所（デイサービス）型（個別）
10201,1,短期入所（ショートステイ）型
10201,2,通所（デイサービス）型（個別）
10201,4,居宅訪問（アウトリーチ）型
10205,1,短期入所（ショートステイ）型
10207,1,短期入所（ショートステイ）型
10207,2,通所（デイサービス）型（個別）
10207,4,居宅訪問（アウトリーチ）型
10208,1,短期入所（ショートステイ）型
10208,2,通所（デイサービス）型（個別）
10210,1,短期入所（ショートステイ）型
10210,2,通所（デイサービス）型（個別）
10211,1,短期入所（ショートステイ）型
10211,2,通所（デイサービス）型（個別）
10211,4,居宅訪問（アウトリーチ）型
10212,1,短期入所（ショートステイ）型
10212,2,通所（デイサービス）型（個別）
10213,2,通所（デイサービス）型（個別）
10213,3,通所（デイサービス）型（集団）
10214,1,短期入所（ショートステイ）型
10214,2,通所（デイサービス）型（個別）
10221,1,短期入所（ショートステイ）型
10221,2,通所（デイサービス）型（個別）
10222,1,短期入所（ショートステイ）型
10222,2,通所（デイサービス）型（個別）
10226,1,短期入所（ショートステイ）型
10226,2,通所（デイサービス）型（個別）
10226,3,通所（デイサービス）型（集団）
10227,1,短期入所（ショートステイ）型
10229,1,短期入所（ショートステイ）型
10229,2,通所（デイサービス）型（個別）
10231,1,短期入所（ショートステイ）型
10231,2,通所（デイサービス）型（個別）
10232,1,短期入所（ショートステイ）型
10232,2,通所（デイサービス）型（個別）
10235,2,通所（デイサービス）型（個別）
10236,1,短期入所（ショートステイ）型
10236,2,通所（デイサービス）型（個別）
10237,1,短期入所（ショートステイ）型
10237,2,通所（デイサービス）型（個別）
10238,1,短期入所（ショートステイ）型
10238,2,通所（デイサービス）型（個別）
10238,4,居宅訪問（アウトリーチ）型
10239,1,短期入所（ショートステイ）型
10239,4,居宅訪問（アウトリーチ）型
10240,1,短期入所（ショートステイ）型
10243,1,短期入所（ショートステイ）型
10245,1,短期入所（ショートステイ）型
10246,1,短期入所（ショートステイ）型
10246,2,通所（デイサービス）型（個別）
10247,2,通所（デイサービス）型（個別）
10247,4,居宅訪問（アウトリーチ）型
10250,1,短期入所（ショートステイ）型
10250,2,通所（デイサービス）型（個別）
10251,1,短期入所（ショートステイ）型
10251,2,通所（デイサービス）型（個別）
10252,1,短期入所（ショートステイ）型
10252,2,通所（デイサービス）型（個別）
10252,4,居宅訪問（アウトリーチ）型
10253,1,短期入所（ショートステイ）型
10254,4,居宅訪問（アウトリーチ）型
10258,2,通所（デイサービス）型（個別）
10259,1,短期入所（ショートステイ）型
10260,2,通所（デイサービス）型（個別）
10261,1,短期入所（ショートステイ）型
10261,2,通所（デイサービス）型（個別）
10261,4,居宅訪問（アウトリーチ）型
10263,1,短期入所（ショートステイ）型
10264,2,通所（デイサービス）型（個別）
10265,1,短期入所（ショートステイ）型
10267,1,短期入所（ショートステイ）型
10267,2,通所（デイサービス）型（個別）
10268,1,短期入所（ショートステイ）型
10268,2,通所（デイサービス）型（個別）
10269,1,短期入所（ショートステイ）型
10269,2,通所（デイサービス）型（個別）
10269,3,通所（デイサービス）型（集団）
10269,4,居宅訪問（アウトリーチ）型
10274,1,短期入所（ショートステイ）型
10278,1,短期入所（ショートステイ）型
10281,2,通所（デイサービス）型（個別）
10282,1,短期入所（ショートステイ）型
10282,2,通所（デイサービス）型（個別）
10283,1,短期入所（ショートステイ）型
10283,2,通所（デイサービス）型（個別）
10286,1,短期入所（ショートステイ）型
10287,1,短期入所（ショートステイ）型
10287,2,通所（デイサービス）型（個別）
10287,4,居宅訪問（アウトリーチ）型
10289,2,通所（デイサービス）型（個別）
10290,1,短期入所（ショートステイ）型
10291,2,通所（デイサービス）型（個別）
10293,1,短期入所（ショートステイ）型
10293,2,通所（デイサービス）型（個別）
10294,1,短期入所（ショートステイ）型
10295,1,短期入所（ショートステイ）型
10295,2,通所（デイサービス）型（個別）
10296,1,短期入所（ショートステイ）型
10298,1,短期入所（ショートステイ）型
10298,2,通所（デイサービス）型（個別）
10299,1,短期入所（ショートステイ）型
10299,2,通所（デイサービス）型（個別）
10299,4,居宅訪問（アウトリーチ）型
10301,1,短期入所（ショートステイ）型
10304,1,短期入所（ショートステイ）型
10304,2,通所（デイサービス）型（個別）
10305,1,短期入所（ショートステイ）型
10305,2,通所（デイサービス）型（個別）
10308,1,短期入所（ショートステイ）型
10310,2,通所（デイサービス）型（個別）
10311,1,短期入所（ショートステイ）型
10311,2,通所（デイサービス）型（個別）
10312,1,短期入所（ショートステイ）型
10314,1,短期入所（ショートステイ）型
10314,4,居宅訪問（アウトリーチ）型
10316,1,短期入所（ショートステイ）型
10319,1,短期入所（ショートステイ）型
10321,1,短期入所（ショートステイ）型
10322,1,短期入所（ショートステイ）型
10322,2,通所（デイサービス）型（個別）
10323,1,短期入所（ショートステイ）型
10329,2,通所（デイサービス）型（個別）
10330,1,短期入所（ショートステイ）型
10331,1,短期入所（ショートステイ）型
10331,2,通所（デイサービス）型（個別）
10332,1,短期入所（ショートステイ）型
10332,2,通所（デイサービス）型（個別）
10333,1,短期入所（ショートステイ）型
10333,2,通所（デイサービス）型（個別）
10335,1,短期入所（ショートステイ）型
10335,2,通所（デイサービス）型（個別）
10337,1,短期入所（ショートステイ）型
10337,2,通所（デイサービス）型（個別）
10339,1,短期入所（ショートステイ）型
10339,2,通所（デイサービス）型（個別）
10340,1,短期入所（ショートステイ）型
10340,2,通所（デイサービス）型（個別）
10341,2,通所（デイサービス）型（個別）
10344,2,通所（デイサービス）型（個別）
10345,1,短期入所（ショートステイ）型
10345,2,通所（デイサービス）型（個別）
10346,1,短期入所（ショートステイ）型
10347,1,短期入所（ショートステイ）型
10348,1,短期入所（ショートステイ）型
10349,1,短期入所（ショートステイ）型
10349,2,通所（デイサービス）型（個別）
10349,4,居宅訪問（アウトリーチ）型
10352,1,短期入所（ショートステイ）型
10353,1,短期入所（ショートステイ）型
10355,1,短期入所（ショートステイ）型
10355,2,通所（デイサービス）型（個別）
10358,1,短期入所（ショートステイ）型
10358,2,通所（デイサービス）型（個別）
10358,4,居宅訪問（アウトリーチ）型
10359,1,短期入所（ショートステイ）型
10359,2,通所（デイサービス）型（個別）
10360,1,短期入所（ショートステイ）型
10360,2,通所（デイサービス）型（個別）
10360,4,居宅訪問（アウトリーチ）型
10361,1,短期入所（ショートステイ）型
10361,2,通所（デイサービス）型（個別）
10363,1,短期入所（ショートステイ）型
10363,2,通所（デイサービス）型（個別）
10364,1,短期入所（ショートステイ）型
10364,2,通所（デイサービス）型（個別）
10366,1,短期入所（ショートステイ）型
10366,2,通所（デイサービス）型（個別）
10367,1,短期入所（ショートステイ）型
10367,2,通所（デイサービス）型（個別）
10368,1,短期入所（ショートステイ）型
10369,1,短期入所（ショートステイ）型
10369,2,通所（デイサービス）型（個別）
10370,1,短期入所（ショートステイ）型
10370,2,通所（デイサービス）型（個別）
10374,1,短期入所（ショートステイ）型
10376,1,短期入所（ショートステイ）型
10376,2,通所（デイサービス）型（個別）
10378,2,通所（デイサービス）型（個別）
10380,1,短期入所（ショートステイ）型
10382,1,短期入所（ショートステイ）型
10382,2,通所（デイサービス）型（個別）
10384,1,短期入所（ショートステイ）型
10384,2,通所（デイサービス）型（個別）
10385,1,短期入所（ショートステイ）型
10385,2,通所（デイサービス）型（個別）
10386,1,短期入所（ショートステイ）型
10386,2,通所（デイサービス）型（個別）
10388,1,短期入所（ショートステイ）型
10390,1,短期入所（ショートステイ）型
10390,2,通所（デイサービス）型（個別）
10391,1,短期入所（ショートステイ）型
10391,2,通所（デイサービス）型（個別）
10392,1,短期入所（ショートステイ）型
10392,2,通所（デイサービス）型（個別）
10392,4,居宅訪問（アウトリーチ）型
10393,1,短期入所（ショートステイ）型
10393,2,通所（デイサービス）型（個別）
10395,1,短期入所（ショートステイ）型
10395,2,通所（デイサービス）型（個別）
10398,1,短期入所（ショートステイ）型
10399,1,短期入所（ショートステイ）型
10399,2,通所（デイサービス）型（個別）
10400,1,短期入所（ショートステイ）型
10401,1,短期入所（ショートステイ）型
10401,2,通所（デイサービス）型（個別）
10402,1,短期入所（ショートステイ）型
10402,2,通所（デイサービス）型（個別）
10405,1,短期入所（ショートステイ）型
10405,2,通所（デイサービス）型（個別）
10408,1,短期入所（ショートステイ）型
10408,2,通所（デイサービス）型（個別）
10409,1,短期入所（ショートステイ）型
10410,2,通所（デイサービス）型（個別）
10415,1,短期入所（ショートステイ）型
10416,1,短期入所（ショートステイ）型
10416,2,通所（デイサービス）型（個別）
10416,4,居宅訪問（アウトリーチ）型
10418,1,短期入所（ショートステイ）型
10418,2,通所（デイサービス）型（個別）
10419,2,通所（デイサービス）型（個別）
10420,2,通所（デイサービス）型（個別）
10421,1,短期入所（ショートステイ）型
10421,2,通所（デイサービス）型（個別）
10423,1,短期入所（ショートステイ）型
10423,2,通所（デイサービス）型（個別）
10424,2,通所（デイサービス）型（個別）
10425,1,短期入所（ショートステイ）型
10426,1,短期入所（ショートステイ）型
10427,1,短期入所（ショートステイ）型
10427,2,通所（デイサービス）型（個別）
10428,1,短期入所（ショートステイ）型
10428,2,通所（デイサービス）型（個別）
10429,1,短期入所（ショートステイ）型
10429,2,通所（デイサービス）型（個別）
10429,3,通所（デイサービス）型（集団）
10430,1,短期入所（ショートステイ）型
10430,2,通所（デイサービス）型（個別）
10431,1,短期入所（ショートステイ）型
10431,2,通所（デイサービス）型（個別）
10432,1,短期入所（ショートステイ）型
10432,2,通所（デイサービス）型（個別）
10435,1,短期入所（ショートステイ）型
10435,2,通所（デイサービス）型（個別）
10435,3,通所（デイサービス）型（集団）
10436,1,短期入所（ショートステイ）型
10439,1,短期入所（ショートステイ）型
10439,2,通所（デイサービス）型（個別）
10439,4,居宅訪問（アウトリーチ）型
10440,1,短期入所（ショートステイ）型
10440,2,通所（デイサービス）型（個別）
10440,4,居宅訪問（アウトリーチ）型
10441,1,短期入所（ショートステイ）型
10442,1,短期入所（ショートステイ）型
10442,2,通所（デイサービス）型（個別）
10442,3,通所（デイサービス）型（集団）
10445,1,短期入所（ショートステイ）型
10446,2,通所（デイサービス）型（個別）
10447,1,短期入所（ショートステイ）型
10449,1,短期入所（ショートステイ）型
10449,2,通所（デイサービス）型（個別）
10449,4,居宅訪問（アウトリーチ）型
10450,1,短期入所（ショートステイ）型
10450,2,通所（デイサービス）型（個別）
10451,2,通所（デイサービス）型（個別）
10455,1,短期入所（ショートステイ）型
10455,2,通所（デイサービス）型（個別）
10457,1,短期入所（ショートステイ）型
10458,1,短期入所（ショートステイ）型
10458,2,通所（デイサービス）型（個別）
10458,3,通所（デイサービス）型（集団）
10458,4,居宅訪問（アウトリーチ）型
10459,1,短期入所（ショートステイ）型
10459,2,通所（デイサービス）型（個別）
10460,1,短期入所（ショートステイ）型
10460,2,通所（デイサービス）型（個別）
10462,1,短期入所（ショートステイ）型
10462,2,通所（デイサービス）型（個別）
10463,1,短期入所（ショートステイ）型
10463,2,通所（デイサービス）型（個別）
10466,1,短期入所（ショートステイ）型
10466,2,通所（デイサービス）型（個別）
10467,1,短期入所（ショートステイ）型
10467,2,通所（デイサービス）型（個別）
10468,1,短期入所（ショートステイ）型
10468,2,通所（デイサービス）型（個別）
10472,1,短期入所（ショートステイ）型
10474,1,短期入所（ショートステイ）型
10474,2,通所（デイサービス）型（個別）
10475,1,短期入所（ショートステイ）型
10475,2,通所（デイサービス）型（個別）
10476,1,短期入所（ショートステイ）型
10477,2,通所（デイサービス）型（個別）
10478,1,短期入所（ショートステイ）型
10478,4,居宅訪問（アウトリーチ）型
10479,1,短期入所（ショートステイ）型
10480,1,短期入所（ショートステイ）型
10480,2,通所（デイサービス）型（個別）
10482,1,短期入所（ショートステイ）型
10482,2,通所（デイサービス）型（個別）
10482,4,居宅訪問（アウトリーチ）型
10484,1,短期入所（ショートステイ）型
10484,2,通所（デイサービス）型（個別）
10484,4,居宅訪問（アウトリーチ）型
10485,1,短期入所（ショートステイ）型
10485,2,通所（デイサービス）型（個別）
10487,1,短期入所（ショートステイ）型
10488,1,短期入所（ショートステイ）型
10488,2,通所（デイサービス）型（個別）
10489,1,短期入所（ショートステイ）型
10489,4,居宅訪問（アウトリーチ）型
10490,1,短期入所（ショートステイ）型
10490,2,通所（デイサービス）型（個別）
10491,1,短期入所（ショートステイ）型
10492,1,短期入所（ショートステイ）型
10493,1,短期入所（ショートステイ）型
10493,2,通所（デイサービス）型（個別）
10494,1,短期入所（ショートステイ）型
10495,1,短期入所（ショートステイ）型
10495,4,居宅訪問（アウトリーチ）型
10496,1,短期入所（ショートステイ）型
10499,1,短期入所（ショートステイ）型
10499,2,通所（デイサービス）型（個別）
10502,1,短期入所（ショートステイ）型
10502,2,通所（デイサービス）型（個別）
10504,1,短期入所（ショートステイ）型
10505,1,短期入所（ショートステイ）型
10507,1,短期入所（ショートステイ）型
10510,1,短期入所（ショートステイ）型
10510,2,通所（デイサービス）型（個別）
10512,1,短期入所（ショートステイ）型
10513,1,短期入所（ショートステイ）型
10513,2,通所（デイサービス）型（個別）
10515,1,短期入所（ショートステイ）型
10515,2,通所（デイサービス）型（個別）
10516,1,短期入所（ショートステイ）型
10516,2,通所（デイサービス）型（個別）
10517,1,短期入所（ショートステイ）型
10517,2,通所（デイサービス）型（個別）
10518,1,短期入所（ショートステイ）型
10518,2,通所（デイサービス）型（個別）
10521,1,短期入所（ショートステイ）型
10521,2,通所（デイサービス）型（個別）
10521,3,通所（デイサービス）型（集団）
10521,4,居宅訪問（アウトリーチ）型
10524,1,短期入所（ショートステイ）型
10524,2,通所（デイサービス）型（個別）
10526,1,短期入所（ショートステイ）型
10529,1,短期入所（ショートステイ）型
10529,2,通所（デイサービス）型（個別）
10532,2,通所（デイサービス）型（個別）
10533,2,通所（デイサービス）型（個別）
10534,1,短期入所（ショートステイ）型
10534,2,通所（デイサービス）型（個別）
10534,4,居宅訪問（アウトリーチ）型
10537,1,短期入所（ショートステイ）型
10537,2,通所（デイサービス）型（個別）
10537,4,居宅訪問（アウトリーチ）型
10539,1,短期入所（ショートステイ）型
10540,2,通所（デイサービス）型（個別）
10541,1,短期入所（ショートステイ）型
10541,2,通所（デイサービス）型（個別）
10542,1,短期入所（ショートステイ）型
10544,1,短期入所（ショートステイ）型
10544,2,通所（デイサービス）型（個別）
10545,1,短期入所（ショートステイ）型
10547,1,短期入所（ショートステイ）型
10547,2,通所（デイサービス）型（個別）
10547,3,通所（デイサービス）型（集団）
10547,4,居宅訪問（アウトリーチ）型
10549,1,短期入所（ショートステイ）型
10549,2,通所（デイサービス）型（個別）
10551,1,短期入所（ショートステイ）型
10552,1,短期入所（ショートステイ）型
10552,2,通所（デイサービス）型（個別）
10552,4,居宅訪問（アウトリーチ）型
10554,1,短期入所（ショートステイ）型
10554,2,通所（デイサービス）型（個別）
10557,1,短期入所（ショートステイ）型
10557,2,通所（デイサービス）型（個別）
10558,1,短期入所（ショートステイ）型
10558,2,通所（デイサービス）型（個別）
10559,1,短期入所（ショートステイ）型
10559,2,通所（デイサービス）型（個別）
10562,2,通所（デイサービス）型（個別）
10564,1,短期入所（ショートステイ）型
10564,2,通所（デイサービス）型（個別）
10565,1,短期入所（ショートステイ）型
10565,2,通所（デイサービス）型（個別）
10566,1,短期入所（ショートステイ）型
10567,1,短期入所（ショートステイ）型
10569,1,短期入所（ショートステイ）型
10569,2,通所（デイサービス）型（個別）
10569,4,居宅訪問（アウトリーチ）型
10570,2,通所（デイサービス）型（個別）
10571,1,短期入所（ショートステイ）型
10572,1,短期入所（ショートステイ）型
10572,4,居宅訪問（アウトリーチ）型
10573,1,短期入所（ショートステイ）型
10575,1,短期入所（ショートステイ）型
10575,2,通所（デイサービス）型（個別）
10576,1,短期入所（ショートステイ）型
10576,2,通所（デイサービス）型（個別）
10576,4,居宅訪問（アウトリーチ）型
10577,1,短期入所（ショートステイ）型
10577,2,通所（デイサービス）型（個別）
10579,1,短期入所（ショートステイ）型
10580,1,短期入所（ショートステイ）型
10580,2,通所（デイサービス）型（個別）
10581,1,短期入所（ショートステイ）型
10581,2,通所（デイサービス）型（個別）
10582,1,短期入所（ショートステイ）型
10582,2,通所（デイサービス）型（個別）
10583,1,短期入所（ショートステイ）型
10583,2,通所（デイサービス）型（個別）
10584,1,短期入所（ショートステイ）型
10584,2,通所（デイサービス）型（個別）
10586,1,短期入所（ショートステイ）型
10587,1,短期入所（ショートステイ）型
10592,1,短期入所（ショートステイ）型
10592,2,通所（デイサービス）型（個別）
10593,2,通所（デイサービス）型（個別）
10595,1,短期入所（ショートステイ）型
10597,1,短期入所（ショートステイ）型
10599,2,通所（デイサービス）型（個別）
10603,1,短期入所（ショートステイ）型
10607,2,通所（デイサービス）型（個別）
10610,1,短期入所（ショートステイ）型
10612,4,居宅訪問（アウトリーチ）型
10613,1,短期入所（ショートステイ）型
10617,2,通所（デイサービス）型（個別）
10618,1,短期入所（ショートステイ）型
10618,2,通所（デイサービス）型（個別）
10620,1,短期入所（ショートステイ）型
10620,2,通所（デイサービス）型（個別）
10621,1,短期入所（ショートステイ）型
10621,2,通所（デイサービス）型（個別）
10623,1,短期入所（ショートステイ）型
10623,2,通所（デイサービス）型（個別）
10624,2,通所（デイサービス）型（個別）
10625,1,短期入所（ショートステイ）型
10626,1,短期入所（ショートステイ）型
10626,2,通所（デイサービス）型（個別）
10628,1,短期入所（ショートステイ）型
10628,2,通所（デイサービス）型（個別）
10630,1,短期入所（ショートステイ）型
10631,1,短期入所（ショートステイ）型
10632,1,短期入所（ショートステイ）型
10636,1,短期入所（ショートステイ）型
10636,2,通所（デイサービス）型（個別）
10637,1,短期入所（ショートステイ）型
10638,1,短期入所（ショートステイ）型
10638,2,通所（デイサービス）型（個別）
10639,2,通所（デイサービス）型（個別）
10640,1,短期入所（ショートステイ）型
10642,1,短期入所（ショートステイ）型
10643,1,短期入所（ショートステイ）型
10643,2,通所（デイサービス）型（個別）
10643,4,居宅訪問（アウトリーチ）型
10644,1,短期入所（ショートステイ）型
10644,2,通所（デイサービス）型（個別）
10645,1,短期入所（ショートステイ）型
10645,2,通所（デイサービス）型（個別）
10647,1,短期入所（ショートステイ）型
10647,2,通所（デイサービス）型（個別）
10648,1,短期入所（ショートステイ）型
10648,2,通所（デイサービス）型（個別）
10649,1,短期入所（ショートステイ）型
10649,2,通所（デイサービス）型（個別）
10652,1,短期入所（ショートステイ）型
10652,3,通所（デイサービス）型（集団）
10653,1,短期入所（ショートステイ）型
10654,1,短期入所（ショートステイ）型
10655,1,短期入所（ショートステイ）型
10656,1,短期入所（ショートステイ）型
10656,2,通所（デイサービス）型（個別）
10658,1,短期入所（ショートステイ）型
10658,2,通所（デイサービス）型（個別）
10659,4,居宅訪問（アウトリーチ）型
10661,1,短期入所（ショートステイ）型
10662,1,短期入所（ショートステイ）型
10662,2,通所（デイサービス）型（個別）
10665,1,短期入所（ショートステイ）型
10666,1,短期入所（ショートステイ）型
10667,1,短期入所（ショートステイ）型
10670,1,短期入所（ショートステイ）型
10671,1,短期入所（ショートステイ）型
10671,2,通所（デイサービス）型（個別）
10674,2,通所（デイサービス）型（個別）
10679,1,短期入所（ショートステイ）型
10679,2,通所（デイサービス）型（個別）
10683,1,短期入所（ショートステイ）型
10683,2,通所（デイサービス）型（個別）
10684,1,短期入所（ショートステイ）型
10684,2,通所（デイサービス）型（個別）
10685,1,短期入所（ショートステイ）型
10686,1,短期入所（ショートステイ）型
10686,2,通所（デイサービス）型（個別）
10687,1,短期入所（ショートステイ）型
10687,2,通所（デイサービス）型（個別）
10688,1,短期入所（ショートステイ）型
10689,1,短期入所（ショートステイ）型
10692,1,短期入所（ショートステイ）型
10695,1,短期入所（ショートステイ）型
10695,2,通所（デイサービス）型（個別）
10696,1,短期入所（ショートステイ）型
10698,1,短期入所（ショートステイ）型
10699,1,短期入所（ショートステイ）型
10700,1,短期入所（ショートステイ）型
10701,1,短期入所（ショートステイ）型
10701,2,通所（デイサービス）型（個別）
10701,3,通所（デイサービス）型（集団）
10703,1,短期入所（ショートステイ）型
10705,1,短期入所（ショートステイ）型
10705,2,通所（デイサービス）型（個別）
10706,1,短期入所（ショートステイ）型
10706,2,通所（デイサービス）型（個別）
10707,1,短期入所（ショートステイ）型
10707,2,通所（デイサービス）型（個別）
10708,1,短期入所（ショートステイ）型
10708,2,通所（デイサービス）型（個別）
10710,1,短期入所（ショートステイ）型
10710,2,通所（デイサービス）型（個別）
10711,1,短期入所（ショートステイ）型
10718,1,短期入所（ショートステイ）型
10718,2,通所（デイサービス）型（個別）
10719,1,短期入所（ショートステイ）型
10719,4,居宅訪問（アウトリーチ）型
10721,1,短期入所（ショートステイ）型
10721,2,通所（デイサービス）型（個別）
10721,4,居宅訪問（アウトリーチ）型
10722,1,短期入所（ショートステイ）型
10723,1,短期入所（ショートステイ）型
10723,2,通所（デイサービス）型（個別）
10724,1,短期入所（ショートステイ）型
10727,1,短期入所（ショートステイ）型
10731,1,短期入所（ショートステイ）型
10733,2,通所（デイサービス）型（個別）
10735,1,短期入所（ショートステイ）型
10735,2,通所（デイサービス）型（個別）
10739,1,短期入所（ショートステイ）型
10739,2,通所（デイサービス）型（個別）
10740,1,短期入所（ショートステイ）型
10740,2,通所（デイサービス）型（個別）
10740,3,通所（デイサービス）型（集団）
10741,1,短期入所（ショートステイ）型
10742,1,短期入所（ショートステイ）型
10743,1,短期入所（ショートステイ）型
10745,1,短期入所（ショートステイ）型
10745,2,通所（デイサービス）型（個別）
10746,1,短期入所（ショートステイ）型
10747,1,短期入所（ショートステイ）型
10747,2,通所（デイサービス）型（個別）
10747,4,居宅訪問（アウトリーチ）型
10750,1,短期入所（ショートステイ）型
10750,2,通所（デイサービス）型（個別）
10754,1,短期入所（ショートステイ）型
10754,2,通所（デイサービス）型（個別）
10755,1,短期入所（ショートステイ）型
10755,2,通所（デイサービス）型（個別）
10756,1,短期入所（ショートステイ）型
10756,2,通所（デイサービス）型（個別）
10757,2,通所（デイサービス）型（個別）
10758,1,短期入所（ショートステイ）型
10759,1,短期入所（ショートステイ）型
10760,1,短期入所（ショートステイ）型
10760,2,通所（デイサービス）型（個別）
10761,1,短期入所（ショートステイ）型
10761,2,通所（デイサービス）型（個別）
10762,2,通所（デイサービス）型（個別）
10763,1,短期入所（ショートステイ）型
10763,2,通所（デイサービス）型（個別）
10763,4,居宅訪問（アウトリーチ）型
10765,1,短期入所（ショートステイ）型
10766,1,短期入所（ショートステイ）型
10767,1,短期入所（ショートステイ）型
10767,2,通所（デイサービス）型（個別）
10770,2,通所（デイサービス）型（個別）
10773,1,短期入所（ショートステイ）型
10773,2,通所（デイサービス）型（個別）
10774,1,短期入所（ショートステイ）型
10774,2,通所（デイサービス）型（個別）
10775,1,短期入所（ショートステイ）型
10779,1,短期入所（ショートステイ）型
10780,1,短期入所（ショートステイ）型
10780,2,通所（デイサービス）型（個別）
10782,1,短期入所（ショートステイ）型
10782,2,通所（デイサービス）型（個別）
10785,2,通所（デイサービス）型（個別）
10786,1,短期入所（ショートステイ）型
10787,1,短期入所（ショートステイ）型
10787,2,通所（デイサービス）型（個別）
10789,2,通所（デイサービス）型（個別）
10791,1,短期入所（ショートステイ）型
10791,2,通所（デイサービス）型（個別）
10793,1,短期入所（ショートステイ）型
10793,2,通所（デイサービス）型（個別）
10796,2,通所（デイサービス）型（個別）
10798,1,短期入所（ショートステイ）型
10798,2,通所（デイサービス）型（個別）
10798,4,居宅訪問（アウトリーチ）型
10799,2,通所（デイサービス）型（個別）
10801,1,短期入所（ショートステイ）型
10801,2,通所（デイサービス）型（個別）
10803,1,短期入所（ショートステイ）型
10803,2,通所（デイサービス）型（個別）
10803,3,通所（デイサービス）型（集団）
10803,4,居宅訪問（アウトリーチ）型
10806,1,短期入所（ショートステイ）型
10806,2,通所（デイサービス）型（個別）
10807,1,短期入所（ショートステイ）型
10808,1,短期入所（ショートステイ）型
10808,2,通所（デイサービス）型（個別）
10809,1,短期入所（ショートステイ）型
10809,2,通所（デイサービス）型（個別）
10811,1,短期入所（ショートステイ）型
10811,2,通所（デイサービス）型（個別）
10814,1,短期入所（ショートステイ）型
10814,2,通所（デイサービス）型（個別）
10815,1,短期入所（ショートステイ）型
10815,2,通所（デイサービス）型（個別）
10816,1,短期入所（ショートステイ）型
10816,2,通所（デイサービス）型（個別）
10818,1,短期入所（ショートステイ）型
10818,2,通所（デイサービス）型（個別）
10819,1,短期入所（ショートステイ）型
10819,2,通所（デイサービス）型（個別）
10820,1,短期入所（ショートステイ）型
10820,2,通所（デイサービス）型（個別）
10822,1,短期入所（ショートステイ）型
10823,1,短期入所（ショートステイ）型
10823,2,通所（デイサービス）型（個別）
10826,1,短期入所（ショートステイ）型
10827,1,短期入所（ショートステイ）型
10827,2,通所（デイサービス）型（個別）
10829,1,短期入所（ショートステイ）型
10829,2,通所（デイサービス）型（個別）
10831,1,短期入所（ショートステイ）型
10831,2,通所（デイサービス）型（個別）
10834,1,短期入所（ショートステイ）型
10835,1,短期入所（ショートステイ）型
10836,1,短期入所（ショートステイ）型
10837,1,短期入所（ショートステイ）型
10837,2,通所（デイサービス）型（個別）
10839,1,短期入所（ショートステイ）型
10840,1,短期入所（ショートステイ）型
10840,2,通所（デイサービス）型（個別）
10840,3,通所（デイサービス）型（集団）
10840,4,居宅訪問（アウトリーチ）型
10843,1,短期入所（ショートステイ）型
10843,2,通所（デイサービス）型（個別）
10847,1,短期入所（ショートステイ）型
10847,2,通所（デイサービス）型（個別）
10849,2,通所（デイサービス）型（個別）
10850,1,短期入所（ショートステイ）型
10852,1,短期入所（ショートステイ）型
10852,2,通所（デイサービス）型（個別）
10854,2,通所（デイサービス）型（個別）
10857,1,短期入所（ショートステイ）型
10858,1,短期入所（ショートステイ）型
10860,1,短期入所（ショートステイ）型
10860,2,通所（デイサービス）型（個別）
10861,1,短期入所（ショートステイ）型
10861,2,通所（デイサービス）型（個別）
10861,4,居宅訪問（アウトリーチ）型
10862,1,短期入所（ショートステイ）型
10862,2,通所（デイサービス）型（個別）
10863,1,短期入所（ショートステイ）型
10863,2,通所（デイサービス）型（個別）
10863,4,居宅訪問（アウトリーチ）型
10866,1,短期入所（ショートステイ）型
10866,2,通所（デイサービス）型（個別）
10866,4,居宅訪問（アウトリーチ）型
10867,2,通所（デイサービス）型（個別）
10868,1,短期入所（ショートステイ）型
10869,1,短期入所（ショートステイ）型
10869,2,通所（デイサービス）型（個別）
10870,1,短期入所（ショートステイ）型
10870,2,通所（デイサービス）型（個別）
10871,1,短期入所（ショートステイ）型
10875,1,短期入所（ショートステイ）型
10877,1,短期入所（ショートステイ）型
10878,1,短期入所（ショートステイ）型
10881,1,短期入所（ショートステイ）型
10881,2,通所（デイサービス）型（個別）
10882,1,短期入所（ショートステイ）型
10882,2,通所（デイサービス）型（個別）
10882,4,居宅訪問（アウトリーチ）型
10883,1,短期入所（ショートステイ）型
10884,1,短期入所（ショートステイ）型
10884,2,通所（デイサービス）型（個別）
10887,1,短期入所（ショートステイ）型
10887,2,通所（デイサービス）型（個別）
10892,1,短期入所（ショートステイ）型
10892,2,通所（デイサービス）型（個別）
10893,1,短期入所（ショートステイ）型
10893,2,通所（デイサービス）型（個別）
10894,1,短期入所（ショートステイ）型
10894,2,通所（デイサービス）型（個別）
10895,1,短期入所（ショートステイ）型
10895,2,通所（デイサービス）型（個別）
10895,4,居宅訪問（アウトリーチ）型
10897,1,短期入所（ショートステイ）型
10897,2,通所（デイサービス）型（個別）
10898,1,短期入所（ショートステイ）型
10898,2,通所（デイサービス）型（個別）
10899,1,短期入所（ショートステイ）型
10899,2,通所（デイサービス）型（個別）
10900,1,短期入所（ショートステイ）型
10900,2,通所（デイサービス）型（個別）
10902,1,短期入所（ショートステイ）型
10902,2,通所（デイサービス）型（個別）
10903,1,短期入所（ショートステイ）型
10903,2,通所（デイサービス）型（個別）
10903,4,居宅訪問（アウトリーチ）型
10904,1,短期入所（ショートステイ）型
10904,2,通所（デイサービス）型（個別）
10907,1,短期入所（ショートステイ）型
10907,2,通所（デイサービス）型（個別）
10908,1,短期入所（ショートステイ）型
10908,2,通所（デイサービス）型（個別）
10910,1,短期入所（ショートステイ）型
10910,2,通所（デイサービス）型（個別）
10911,1,短期入所（ショートステイ）型
10911,2,通所（デイサービス）型（個別）
10913,1,短期入所（ショートステイ）型
10913,2,通所（デイサービス）型（個別）
10914,1,短期入所（ショートステイ）型
10914,2,通所（デイサービス）型（個別）
10916,1,短期入所（ショートステイ）型
10916,2,通所（デイサービス）型（個別）
10917,1,短期入所（ショートステイ）型
10917,2,通所（デイサービス）型（個別）
10918,1,短期入所（ショートステイ）型
10918,2,通所（デイサービス）型（個別）
10919,1,短期入所（ショートステイ）型
10919,2,通所（デイサービス）型（個別）
10920,1,短期入所（ショートステイ）型
10920,2,通所（デイサービス）型（個別）
10921,1,短期入所（ショートステイ）型
10921,2,通所（デイサービス）型（個別）
10923,1,短期入所（ショートステイ）型
10923,2,通所（デイサービス）型（個別）
10925,1,短期入所（ショートステイ）型
10925,2,通所（デイサービス）型（個別）
10926,1,短期入所（ショートステイ）型
10926,2,通所（デイサービス）型（個別）
10926,4,居宅訪問（アウトリーチ）型
10929,1,短期入所（ショートステイ）型
10929,2,通所（デイサービス）型（個別）
10930,1,短期入所（ショートステイ）型
10930,2,通所（デイサービス）型（個別）
10932,1,短期入所（ショートステイ）型
10932,2,通所（デイサービス）型（個別）
10933,1,短期入所（ショートステイ）型
10933,2,通所（デイサービス）型（個別）
10935,1,短期入所（ショートステイ）型
10935,2,通所（デイサービス）型（個別）
10939,1,短期入所（ショートステイ）型
10939,2,通所（デイサービス）型（個別）
10940,1,短期入所（ショートステイ）型
10941,1,短期入所（ショートステイ）型
10941,2,通所（デイサービス）型（個別）
10942,1,短期入所（ショートステイ）型
10942,2,通所（デイサービス）型（個別）
10943,1,短期入所（ショートステイ）型
10943,2,通所（デイサービス）型（個別）
10944,1,短期入所（ショートステイ）型
10944,2,通所（デイサービス）型（個別）
10946,1,短期入所（ショートステイ）型
10946,2,通所（デイサービス）型（個別）
10946,3,通所（デイサービス）型（集団）
10947,1,短期入所（ショートステイ）型
10948,1,短期入所（ショートステイ）型
10948,2,通所（デイサービス）型（個別）
10952,1,短期入所（ショートステイ）型
10952,2,通所（デイサービス）型（個別）
10955,1,短期入所（ショートステイ）型
10955,2,通所（デイサービス）型（個別）
10956,1,短期入所（ショートステイ）型
10956,2,通所（デイサービス）型（個別）
10957,1,短期入所（ショートステイ）型
10958,1,短期入所（ショートステイ）型
10958,2,通所（デイサービス）型（個別）
10959,1,短期入所（ショートステイ）型
10959,2,通所（デイサービス）型（個別）
10960,1,短期入所（ショートステイ）型
10960,2,通所（デイサービス）型（個別）
10961,2,通所（デイサービス）型（個別）
10962,1,短期入所（ショートステイ）型
10962,2,通所（デイサービス）型（個別）
10963,1,短期入所（ショートステイ）型
10963,2,通所（デイサービス）型（個別）
10965,1,短期入所（ショートステイ）型
10965,2,通所（デイサービス）型（個別）
10968,1,短期入所（ショートステイ）型
10968,2,通所（デイサービス）型（個別）
10969,1,短期入所（ショートステイ）型
10969,2,通所（デイサービス）型（個別）
10970,1,短期入所（ショートステイ）型
10970,2,通所（デイサービス）型（個別）
10971,1,短期入所（ショートステイ）型
10971,2,通所（デイサービス）型（個別）
10972,1,短期入所（ショートステイ）型
10972,2,通所（デイサービス）型（個別）
10975,1,短期入所（ショートステイ）型
10975,2,通所（デイサービス）型（個別）
10976,1,短期入所（ショートステイ）型
10976,2,通所（デイサービス）型（個別）
10980,1,短期入所（ショートステイ）型
10980,2,通所（デイサービス）型（個別）
10981,1,短期入所（ショートステイ）型
10982,1,短期入所（ショートステイ）型
10982,2,通所（デイサービス）型（個別）
10986,1,短期入所（ショートステイ）型
10987,1,短期入所（ショートステイ）型
10989,1,短期入所（ショートステイ）型
10989,2,通所（デイサービス）型（個別）
10989,4,居宅訪問（アウトリーチ）型
10990,1,短期入所（ショートステイ）型
10990,2,通所（デイサービス）型（個別）
10993,1,短期入所（ショートステイ）型
10993,2,通所（デイサービス）型（個別）
10995,1,短期入所（ショートステイ）型
10995,2,通所（デイサービス）型（個別）
10997,1,短期入所（ショートステイ）型
10997,2,通所（デイサービス）型（個別）
10998,1,短期入所（ショートステイ）型
10998,2,通所（デイサービス）型（個別）
10998,4,居宅訪問（アウトリーチ）型
11000,1,短期入所（ショートステイ）型
11001,1,短期入所（ショートステイ）型
11001,2,通所（デイサービス）型（個別）
11003,1,短期入所（ショートステイ）型
11003,2,通所（デイサービス）型（個別）
11003,4,居宅訪問（アウトリーチ）型
11004,1,短期入所（ショートステイ）型
11004,2,通所（デイサービス）型（個別）
11005,1,短期入所（ショートステイ）型
11005,2,通所（デイサービス）型（個別）
11006,1,短期入所（ショートステイ）型
11006,2,通所（デイサービス）型（個別）
11008,1,短期入所（ショートステイ）型
11008,2,通所（デイサービス）型（個別）
11009,1,短期入所（ショートステイ）型
11009,2,通所（デイサービス）型（個別）
11010,1,短期入所（ショートステイ）型
11010,2,通所（デイサービス）型（個別）
11012,1,短期入所（ショートステイ）型
11012,2,通所（デイサービス）型（個別）
11014,1,短期入所（ショートステイ）型
11014,2,通所（デイサービス）型（個別）
11015,1,短期入所（ショートステイ）型
11016,1,短期入所（ショートステイ）型
11016,2,通所（デイサービス）型（個別）
11018,1,短期入所（ショートステイ）型
11018,2,通所（デイサービス）型（個別）
11018,4,居宅訪問（アウトリーチ）型
11019,1,短期入所（ショートステイ）型
11019,2,通所（デイサービス）型（個別）
11020,1,短期入所（ショートステイ）型
11020,2,通所（デイサービス）型（個別）
11020,4,居宅訪問（アウトリーチ）型
11021,1,短期入所（ショートステイ）型
11021,2,通所（デイサービス）型（個別）
11022,1,短期入所（ショートステイ）型
11022,2,通所（デイサービス）型（個別）
11023,1,短期入所（ショートステイ）型
11023,2,通所（デイサービス）型（個別）
11024,1,短期入所（ショートステイ）型
11024,2,通所（デイサービス）型（個別）
11025,1,短期入所（ショートステイ）型
11025,2,通所（デイサービス）型（個別）
11026,1,短期入所（ショートステイ）型
11030,1,短期入所（ショートステイ）型
11030,2,通所（デイサービス）型（個別）
11031,1,短期入所（ショートステイ）型
11031,2,通所（デイサービス）型（個別）
11032,1,短期入所（ショートステイ）型
11032,2,通所（デイサービス）型（個別）
11033,1,短期入所（ショートステイ）型
11033,2,通所（デイサービス）型（個別）
11035,1,短期入所（ショートステイ）型
11038,1,短期入所（ショートステイ）型
11038,2,通所（デイサービス）型（個別）
11040,2,通所（デイサービス）型（個別）
11041,1,短期入所（ショートステイ）型
11041,2,通所（デイサービス）型（個別）
11042,1,短期入所（ショートステイ）型
11042,2,通所（デイサービス）型（個別）
11042,4,居宅訪問（アウトリーチ）型
11044,1,短期入所（ショートステイ）型
11044,2,通所（デイサービス）型（個別）
11046,1,短期入所（ショートステイ）型
11046,2,通所（デイサービス）型（個別）
11047,1,短期入所（ショートステイ）型
11047,2,通所（デイサービス）型（個別）
11048,1,短期入所（ショートステイ）型
11048,2,通所（デイサービス）型（個別）
11048,4,居宅訪問（アウトリーチ）型
11049,1,短期入所（ショートステイ）型
11049,2,通所（デイサービス）型（個別）
11049,4,居宅訪問（アウトリーチ）型
11051,1,短期入所（ショートステイ）型
11051,2,通所（デイサービス）型（個別）
11051,3,通所（デイサービス）型（集団）
11052,1,短期入所（ショートステイ）型
11052,2,通所（デイサービス）型（個別）
11052,4,居宅訪問（アウトリーチ）型
11053,1,短期入所（ショートステイ）型
11053,2,通所（デイサービス）型（個別）
11059,1,短期入所（ショートステイ）型
11059,2,通所（デイサービス）型（個別）
11060,1,短期入所（ショートステイ）型
11060,2,通所（デイサービス）型（個別）
11060,4,居宅訪問（アウトリーチ）型
11061,1,短期入所（ショートステイ）型
11062,1,短期入所（ショートステイ）型
11062,2,通所（デイサービス）型（個別）
11063,1,短期入所（ショートステイ）型
11068,1,短期入所（ショートステイ）型
11068,2,通所（デイサービス）型（個別）
11069,1,短期入所（ショートステイ）型
11069,2,通所（デイサービス）型（個別）
11070,1,短期入所（ショートステイ）型
11070,2,通所（デイサービス）型（個別）
11071,1,短期入所（ショートステイ）型
11071,2,通所（デイサービス）型（個別）
11072,2,通所（デイサービス）型（個別）
11075,1,短期入所（ショートステイ）型
11075,2,通所（デイサービス）型（個別）
11077,1,短期入所（ショートステイ）型
11077,2,通所（デイサービス）型（個別）
11079,1,短期入所（ショートステイ）型
11079,2,通所（デイサービス）型（個別）
11081,1,短期入所（ショートステイ）型
11081,2,通所（デイサービス）型（個別）
11082,1,短期入所（ショートステイ）型
11082,2,通所（デイサービス）型（個別）
11083,1,短期入所（ショートステイ）型
11083,2,通所（デイサービス）型（個別）
11083,4,居宅訪問（アウトリーチ）型
11084,1,短期入所（ショートステイ）型
11084,2,通所（デイサービス）型（個別）
11084,4,居宅訪問（アウトリーチ）型
11085,1,短期入所（ショートステイ）型
11085,2,通所（デイサービス）型（個別）
11088,1,短期入所（ショートステイ）型
11088,2,通所（デイサービス）型（個別）
11090,1,短期入所（ショートステイ）型
11092,2,通所（デイサービス）型（個別）
11093,1,短期入所（ショートステイ）型
11093,2,通所（デイサービス）型（個別）
11093,4,居宅訪問（アウトリーチ）型
11096,1,短期入所（ショートステイ）型
11096,2,通所（デイサービス）型（個別）
11097,1,短期入所（ショートステイ）型
11097,2,通所（デイサービス）型（個別）
11098,1,短期入所（ショートステイ）型
11098,2,通所（デイサービス）型（個別）
11098,4,居宅訪問（アウトリーチ）型
11099,1,短期入所（ショートステイ）型
11099,2,通所（デイサービス）型（個別）
11101,2,通所（デイサービス）型（個別）
11102,1,短期入所（ショートステイ）型
11102,2,通所（デイサービス）型（個別）
11103,1,短期入所（ショートステイ）型
11103,2,通所（デイサービス）型（個別）
11103,4,居宅訪問（アウトリーチ）型
11104,1,短期入所（ショートステイ）型
11104,2,通所（デイサービス）型（個別）
11105,1,短期入所（ショートステイ）型
11105,2,通所（デイサービス）型（個別）
11105,4,居宅訪問（アウトリーチ）型
11106,1,短期入所（ショートステイ）型
11106,2,通所（デイサービス）型（個別）
11107,1,短期入所（ショートステイ）型
11108,1,短期入所（ショートステイ）型
11108,2,通所（デイサービス）型（個別）
11109,1,短期入所（ショートステイ）型
11109,2,通所（デイサービス）型（個別）
11110,1,短期入所（ショートステイ）型
11111,1,短期入所（ショートステイ）型
11111,2,通所（デイサービス）型（個別）
11112,1,短期入所（ショートステイ）型
11112,2,通所（デイサービス）型（個別）
11115,1,短期入所（ショートステイ）型
11115,2,通所（デイサービス）型（個別）
11116,1,短期入所（ショートステイ）型
11116,2,通所（デイサービス）型（個別）
11117,1,短期入所（ショートステイ）型
11117,2,通所（デイサービス）型（個別）
11118,1,短期入所（ショートステイ）型
11118,2,通所（デイサービス）型（個別）
11121,1,短期入所（ショートステイ）型
11121,2,通所（デイサービス）型（個別）
11124,1,短期入所（ショートステイ）型
11124,2,通所（デイサービス）型（個別）
11124,3,通所（デイサービス）型（集団）
11125,1,短期入所（ショートステイ）型
11125,2,通所（デイサービス）型（個別）
11127,1,短期入所（ショートステイ）型
11127,2,通所（デイサービス）型（個別）
11128,1,短期入所（ショートステイ）型
11128,2,通所（デイサービス）型（個別）
11131,1,短期入所（ショートステイ）型
11131,2,通所（デイサービス）型（個別）
11131,4,居宅訪問（アウトリーチ）型
11133,1,短期入所（ショートステイ）型
11133,2,通所（デイサービス）型（個別）
11133,4,居宅訪問（アウトリーチ）型
11134,1,短期入所（ショートステイ）型
11134,2,通所（デイサービス）型（個別）
11134,3,通所（デイサービス）型（集団）
11136,1,短期入所（ショートステイ）型
11136,2,通所（デイサービス）型（個別）
11137,1,短期入所（ショートステイ）型
11137,2,通所（デイサービス）型（個別）
11138,1,短期入所（ショートステイ）型
11138,2,通所（デイサービス）型（個別）
11138,3,通所（デイサービス）型（集団）
11138,4,居宅訪問（アウトリーチ）型
11139,1,短期入所（ショートステイ）型
11139,2,通所（デイサービス）型（個別）
11140,1,短期入所（ショートステイ）型
11140,2,通所（デイサービス）型（個別）
11142,1,短期入所（ショートステイ）型
11142,2,通所（デイサービス）型（個別）
11142,4,居宅訪問（アウトリーチ）型
11143,1,短期入所（ショートステイ）型
11145,1,短期入所（ショートステイ）型
11145,2,通所（デイサービス）型（個別）
11148,2,通所（デイサービス）型（個別）
11149,1,短期入所（ショートステイ）型
11149,2,通所（デイサービス）型（個別）
11152,1,短期入所（ショートステイ）型
11152,2,通所（デイサービス）型（個別）
11153,1,短期入所（ショートステイ）型
11154,1,短期入所（ショートステイ）型
11154,2,通所（デイサービス）型（個別）
11155,1,短期入所（ショートステイ）型
11155,2,通所（デイサービス）型（個別）
11155,4,居宅訪問（アウトリーチ）型
11156,1,短期入所（ショートステイ）型
11156,2,通所（デイサービス）型（個別）
11158,1,短期入所（ショートステイ）型
11161,1,短期入所（ショートステイ）型
11161,2,通所（デイサービス）型（個別）
11164,1,短期入所（ショートステイ）型
11164,2,通所（デイサービス）型（個別）
11165,1,短期入所（ショートステイ）型
11165,2,通所（デイサービス）型（個別）
11165,4,居宅訪問（アウトリーチ）型
11166,1,短期入所（ショートステイ）型
11166,2,通所（デイサービス）型（個別）
11168,1,短期入所（ショートステイ）型
11168,2,通所（デイサービス）型（個別）
11171,1,短期入所（ショートステイ）型
11171,2,通所（デイサービス）型（個別）
11172,1,短期入所（ショートステイ）型
11172,2,通所（デイサービス）型（個別）
11172,3,通所（デイサービス）型（集団）
11176,1,短期入所（ショートステイ）型
11176,2,通所（デイサービス）型（個別）
11180,1,短期入所（ショートステイ）型
11180,2,通所（デイサービス）型（個別）
11181,1,短期入所（ショートステイ）型
11181,2,通所（デイサービス）型（個別）
11182,1,短期入所（ショートステイ）型
11182,2,通所（デイサービス）型（個別）
11183,1,短期入所（ショートステイ）型
11184,1,短期入所（ショートステイ）型
11184,2,通所（デイサービス）型（個別）
11185,1,短期入所（ショートステイ）型
11191,1,短期入所（ショートステイ）型
11191,2,通所（デイサービス）型（個別）
11192,1,短期入所（ショートステイ）型
11192,2,通所（デイサービス）型（個別）
11192,4,居宅訪問（アウトリーチ）型
11195,2,通所（デイサービス）型（個別）
11196,1,短期入所（ショートステイ）型
11198,1,短期入所（ショートステイ）型
11198,2,通所（デイサービス）型（個別）
11198,3,通所（デイサービス）型（集団）
11200,1,短期入所（ショートステイ）型
11200,2,通所（デイサービス）型（個別）
11202,1,短期入所（ショートステイ）型
11202,2,通所（デイサービス）型（個別）
11203,1,短期入所（ショートステイ）型
11205,1,短期入所（ショートステイ）型
11205,2,通所（デイサービス）型（個別）
11206,1,短期入所（ショートステイ）型
11206,2,通所（デイサービス）型（個別）
11207,1,短期入所（ショートステイ）型
11207,2,通所（デイサービス）型（個別）
11208,1,短期入所（ショートステイ）型
11208,3,通所（デイサービス）型（集団）
11210,1,短期入所（ショートステイ）型
11210,2,通所（デイサービス）型（個別）
11210,4,居宅訪問（アウトリーチ）型
11211,1,短期入所（ショートステイ）型
11211,2,通所（デイサービス）型（個別）
11216,1,短期入所（ショートステイ）型
11216,2,通所（デイサービス）型（個別）
11217,1,短期入所（ショートステイ）型
11217,2,通所（デイサービス）型（個別）
11218,1,短期入所（ショートステイ）型
11218,2,通所（デイサービス）型（個別）
11219,1,短期入所（ショートステイ）型
11219,2,通所（デイサービス）型（個別）
11220,1,短期入所（ショートステイ）型
11220,2,通所（デイサービス）型（個別）
11225,1,短期入所（ショートステイ）型
11225,2,通所（デイサービス）型（個別）
11225,3,通所（デイサービス）型（集団）
11225,4,居宅訪問（アウトリーチ）型
11227,1,短期入所（ショートステイ）型
11228,1,短期入所（ショートステイ）型
11230,1,短期入所（ショートステイ）型
11230,2,通所（デイサービス）型（個別）
11231,1,短期入所（ショートステイ）型
11231,2,通所（デイサービス）型（個別）
11231,4,居宅訪問（アウトリーチ）型
11233,1,短期入所（ショートステイ）型
11233,2,通所（デイサービス）型（個別）
11234,2,通所（デイサービス）型（個別）
11235,1,短期入所（ショートステイ）型
11235,2,通所（デイサービス）型（個別）
11236,1,短期入所（ショートステイ）型
11236,2,通所（デイサービス）型（個別）
11236,4,居宅訪問（アウトリーチ）型
11237,1,短期入所（ショートステイ）型
11237,2,通所（デイサービス）型（個別）
11238,1,短期入所（ショートステイ）型
11238,2,通所（デイサービス）型（個別）
11239,1,短期入所（ショートステイ）型
11239,2,通所（デイサービス）型（個別）
11239,3,通所（デイサービス）型（集団）
11239,4,居宅訪問（アウトリーチ）型
11240,1,短期入所（ショートステイ）型
11240,2,通所（デイサービス）型（個別）
11241,1,短期入所（ショートステイ）型
11241,2,通所（デイサービス）型（個別）
11242,1,短期入所（ショートステイ）型
11242,2,通所（デイサービス）型（個別）
11243,1,短期入所（ショートステイ）型
11243,2,通所（デイサービス）型（個別）
11245,1,短期入所（ショートステイ）型
11245,2,通所（デイサービス）型（個別）
11245,3,通所（デイサービス）型（集団）
11246,1,短期入所（ショートステイ）型
11246,2,通所（デイサービス）型（個別）
11248,1,短期入所（ショートステイ）型
11248,2,通所（デイサービス）型（個別）
11249,1,短期入所（ショートステイ）型
11249,2,通所（デイサービス）型（個別）
11250,1,短期入所（ショートステイ）型
11250,2,通所（デイサービス）型（個別）
11250,4,居宅訪問（アウトリーチ）型
11251,1,短期入所（ショートステイ）型
11251,2,通所（デイサービス）型（個別）
11251,3,通所（デイサービス）型（集団）
11251,4,居宅訪問（アウトリーチ）型
11254,1,短期入所（ショートステイ）型
11254,2,通所（デイサービス）型（個別）
11254,3,通所（デイサービス）型（集団）
11255,1,短期入所（ショートステイ）型
11255,2,通所（デイサービス）型（個別）
11255,4,居宅訪問（アウトリーチ）型
11257,1,短期入所（ショートステイ）型
11257,2,通所（デイサービス）型（個別）
11257,4,居宅訪問（アウトリーチ）型
11260,1,短期入所（ショートステイ）型
11260,2,通所（デイサービス）型（個別）
11261,1,短期入所（ショートステイ）型
11262,1,短期入所（ショートステイ）型
11262,2,通所（デイサービス）型（個別）
11263,1,短期入所（ショートステイ）型
11263,2,通所（デイサービス）型（個別）
11264,1,短期入所（ショートステイ）型
11264,2,通所（デイサービス）型（個別）
11265,1,短期入所（ショートステイ）型
11265,2,通所（デイサービス）型（個別）
11265,4,居宅訪問（アウトリーチ）型
11266,1,短期入所（ショートステイ）型
11266,2,通所（デイサービス）型（個別）
11267,1,短期入所（ショートステイ）型
11267,2,通所（デイサービス）型（個別）
11268,1,短期入所（ショートステイ）型
11268,2,通所（デイサービス）型（個別）
11269,1,短期入所（ショートステイ）型
11269,2,通所（デイサービス）型（個別）
11269,4,居宅訪問（アウトリーチ）型
11270,1,短期入所（ショートステイ）型
11270,2,通所（デイサービス）型（個別）
11272,1,短期入所（ショートステイ）型
11272,2,通所（デイサービス）型（個別）
11276,1,短期入所（ショートステイ）型
11277,1,短期入所（ショートステイ）型
11277,2,通所（デイサービス）型（個別）
11278,1,短期入所（ショートステイ）型
11278,2,通所（デイサービス）型（個別）
11279,1,短期入所（ショートステイ）型
11279,2,通所（デイサービス）型（個別）
11279,3,通所（デイサービス）型（集団）
11280,1,短期入所（ショートステイ）型
11280,2,通所（デイサービス）型（個別）
11281,1,短期入所（ショートステイ）型
11281,2,通所（デイサービス）型（個別）
11282,1,短期入所（ショートステイ）型
11282,2,通所（デイサービス）型（個別）
11283,2,通所（デイサービス）型（個別）
11285,2,通所（デイサービス）型（個別）
11286,1,短期入所（ショートステイ）型
11286,2,通所（デイサービス）型（個別）
11287,1,短期入所（ショートステイ）型
11287,2,通所（デイサービス）型（個別）
11288,1,短期入所（ショートステイ）型
11288,2,通所（デイサービス）型（個別）
11288,3,通所（デイサービス）型（集団）
11288,4,居宅訪問（アウトリーチ）型
11289,1,短期入所（ショートステイ）型
11289,2,通所（デイサービス）型（個別）
11290,1,短期入所（ショートステイ）型
11290,2,通所（デイサービス）型（個別）
11290,4,居宅訪問（アウトリーチ）型
11293,1,短期入所（ショートステイ）型
11294,1,短期入所（ショートステイ）型
11294,2,通所（デイサービス）型（個別）
11296,1,短期入所（ショートステイ）型
11296,2,通所（デイサービス）型（個別）
11297,1,短期入所（ショートステイ）型
11297,2,通所（デイサービス）型（個別）
11299,1,短期入所（ショートステイ）型
11299,2,通所（デイサービス）型（個別）
11300,1,短期入所（ショートステイ）型
11300,2,通所（デイサービス）型（個別）
11301,1,短期入所（ショートステイ）型
11301,2,通所（デイサービス）型（個別）
11302,1,短期入所（ショートステイ）型
11302,2,通所（デイサービス）型（個別）
11304,1,短期入所（ショートステイ）型
11304,2,通所（デイサービス）型（個別）
11305,1,短期入所（ショートステイ）型
11305,2,通所（デイサービス）型（個別）
11308,1,短期入所（ショートステイ）型
11308,2,通所（デイサービス）型（個別）
11309,1,短期入所（ショートステイ）型
11309,2,通所（デイサービス）型（個別）
11311,1,短期入所（ショートステイ）型
11311,2,通所（デイサービス）型（個別）
11311,3,通所（デイサービス）型（集団）
11312,1,短期入所（ショートステイ）型
11312,2,通所（デイサービス）型（個別）
11313,1,短期入所（ショートステイ）型
11313,2,通所（デイサービス）型（個別）
11314,2,通所（デイサービス）型（個別）
11315,2,通所（デイサービス）型（個別）
11318,1,短期入所（ショートステイ）型
11318,2,通所（デイサービス）型（個別）
11319,1,短期入所（ショートステイ）型
11319,2,通所（デイサービス）型（個別）
11320,1,短期入所（ショートステイ）型
11323,1,短期入所（ショートステイ）型
11323,2,通所（デイサービス）型（個別）
11324,1,短期入所（ショートステイ）型
11324,2,通所（デイサービス）型（個別）
11325,1,短期入所（ショートステイ）型
11325,2,通所（デイサービス）型（個別）
11326,1,短期入所（ショートステイ）型
11328,1,短期入所（ショートステイ）型
11328,2,通所（デイサービス）型（個別）
11329,1,短期入所（ショートステイ）型
11329,2,通所（デイサービス）型（個別）
11330,1,短期入所（ショートステイ）型
11330,2,通所（デイサービス）型（個別）
11332,1,短期入所（ショートステイ）型
11332,2,通所（デイサービス）型（個別）
11333,1,短期入所（ショートステイ）型
11333,2,通所（デイサービス）型（個別）
11334,2,通所（デイサービス）型（個別）
11335,2,通所（デイサービス）型（個別）
11337,2,通所（デイサービス）型（個別）
11338,1,短期入所（ショートステイ）型
11338,2,通所（デイサービス）型（個別）
11339,1,短期入所（ショートステイ）型
11339,2,通所（デイサービス）型（個別）
11340,1,短期入所（ショートステイ）型
11340,2,通所（デイサービス）型（個別）
11340,4,居宅訪問（アウトリーチ）型
11341,1,短期入所（ショートステイ）型
11341,2,通所（デイサービス）型（個別）
11342,1,短期入所（ショートステイ）型
11342,2,通所（デイサービス）型（個別）
11343,1,短期入所（ショートステイ）型
11343,2,通所（デイサービス）型（個別）
11345,1,短期入所（ショートステイ）型
11345,2,通所（デイサービス）型（個別）
11346,1,短期入所（ショートステイ）型
11346,2,通所（デイサービス）型（個別）
11347,1,短期入所（ショートステイ）型
11347,2,通所（デイサービス）型（個別）
11348,1,短期入所（ショートステイ）型
11349,1,短期入所（ショートステイ）型
11349,2,通所（デイサービス）型（個別）
11350,1,短期入所（ショートステイ）型
11350,2,通所（デイサービス）型（個別）
11351,1,短期入所（ショートステイ）型
11351,2,通所（デイサービス）型（個別）
11351,4,居宅訪問（アウトリーチ）型
11352,1,短期入所（ショートステイ）型
11352,2,通所（デイサービス）型（個別）
11353,1,短期入所（ショートステイ）型
11354,1,短期入所（ショートステイ）型
11354,2,通所（デイサービス）型（個別）
11355,1,短期入所（ショートステイ）型
11355,2,通所（デイサービス）型（個別）
11355,3,通所（デイサービス）型（集団）
11356,1,短期入所（ショートステイ）型
11356,2,通所（デイサービス）型（個別）
11357,1,短期入所（ショートステイ）型
11357,2,通所（デイサービス）型（個別）
11357,3,通所（デイサービス）型（集団）
11359,1,短期入所（ショートステイ）型
11359,2,通所（デイサービス）型（個別）
11362,1,短期入所（ショートステイ）型
11362,2,通所（デイサービス）型（個別）
11363,1,短期入所（ショートステイ）型
11363,2,通所（デイサービス）型（個別）
11364,1,短期入所（ショートステイ）型
11364,2,通所（デイサービス）型（個別）
11366,1,短期入所（ショートステイ）型
11366,2,通所（デイサービス）型（個別）
11367,1,短期入所（ショートステイ）型
11367,2,通所（デイサービス）型（個別）
11369,2,通所（デイサービス）型（個別）
11371,1,短期入所（ショートステイ）型
11371,2,通所（デイサービス）型（個別）
11372,1,短期入所（ショートステイ）型
11372,2,通所（デイサービス）型（個別）
11374,1,短期入所（ショートステイ）型
11374,2,通所（デイサービス）型（個別）
11374,3,通所（デイサービス）型（集団）
11375,2,通所（デイサービス）型（個別）
11376,1,短期入所（ショートステイ）型
11376,2,通所（デイサービス）型（個別）
11376,4,居宅訪問（アウトリーチ）型
11377,1,短期入所（ショートステイ）型
11377,2,通所（デイサービス）型（個別）
11378,1,短期入所（ショートステイ）型
11378,2,通所（デイサービス）型（個別）
11379,1,短期入所（ショートステイ）型
11379,2,通所（デイサービス）型（個別）
11380,1,短期入所（ショートステイ）型
11380,2,通所（デイサービス）型（個別）
11381,1,短期入所（ショートステイ）型
11381,2,通所（デイサービス）型（個別）
11382,2,通所（デイサービス）型（個別）
11384,2,通所（デイサービス）型（個別）
11385,1,短期入所（ショートステイ）型
11385,2,通所（デイサービス）型（個別）
11387,1,短期入所（ショートステイ）型
11387,2,通所（デイサービス）型（個別）
11388,1,短期入所（ショートステイ）型
11388,2,通所（デイサービス）型（個別）
11389,1,短期入所（ショートステイ）型
11389,2,通所（デイサービス）型（個別）
11390,1,短期入所（ショートステイ）型
11391,1,短期入所（ショートステイ）型
11391,2,通所（デイサービス）型（個別）
11392,1,短期入所（ショートステイ）型
11393,1,短期入所（ショートステイ）型
11394,1,短期入所（ショートステイ）型
11394,2,通所（デイサービス）型（個別）
11396,1,短期入所（ショートステイ）型
11396,2,通所（デイサービス）型（個別）
11396,4,居宅訪問（アウトリーチ）型
11397,1,短期入所（ショートステイ）型
11397,2,通所（デイサービス）型（個別）
11398,1,短期入所（ショートステイ）型
11398,2,通所（デイサービス）型（個別）
11399,1,短期入所（ショートステイ）型
11399,2,通所（デイサービス）型（個別）
11399,4,居宅訪問（アウトリーチ）型
11400,1,短期入所（ショートステイ）型
11400,2,通所（デイサービス）型（個別）
11401,1,短期入所（ショートステイ）型
11401,2,通所（デイサービス）型（個別）
11402,1,短期入所（ショートステイ）型
11402,2,通所（デイサービス）型（個別）
11403,1,短期入所（ショートステイ）型
11403,2,通所（デイサービス）型（個別）
11404,1,短期入所（ショートステイ）型
11404,2,通所（デイサービス）型（個別）
11405,2,通所（デイサービス）型（個別）
11406,1,短期入所（ショートステイ）型
11406,2,通所（デイサービス）型（個別）
11409,1,短期入所（ショートステイ）型
11409,2,通所（デイサービス）型（個別）
11410,1,短期入所（ショートステイ）型
11410,2,通所（デイサービス）型（個別）
11411,1,短期入所（ショートステイ）型
11411,2,通所（デイサービス）型（個別）
11412,1,短期入所（ショートステイ）型
11412,2,通所（デイサービス）型（個別）
11413,1,短期入所（ショートステイ）型
11413,2,通所（デイサービス）型（個別）
11414,1,短期入所（ショートステイ）型
11414,2,通所（デイサービス）型（個別）
11416,1,短期入所（ショートステイ）型
11416,2,通所（デイサービス）型（個別）
11417,1,短期入所（ショートステイ）型
11417,2,通所（デイサービス）型（個別）
11418,1,短期入所（ショートステイ）型
11418,2,通所（デイサービス）型（個別）
11418,4,居宅訪問（アウトリーチ）型
11421,1,短期入所（ショートステイ）型
11423,1,短期入所（ショートステイ）型
11423,2,通所（デイサービス）型（個別）
11425,1,短期入所（ショートステイ）型
11425,2,通所（デイサービス）型（個別）
11426,1,短期入所（ショートステイ）型
11426,2,通所（デイサービス）型（個別）
11427,1,短期入所（ショートステイ）型
11427,2,通所（デイサービス）型（個別）
11428,1,短期入所（ショートステイ）型
11428,2,通所（デイサービス）型（個別）
11429,1,短期入所（ショートステイ）型
11429,2,通所（デイサービス）型（個別）
11430,1,短期入所（ショートステイ）型
11430,2,通所（デイサービス）型（個別）
11430,4,居宅訪問（アウトリーチ）型
11431,1,短期入所（ショートステイ）型
11431,2,通所（デイサービス）型（個別）
11433,1,短期入所（ショートステイ）型
11433,2,通所（デイサービス）型（個別）
11435,1,短期入所（ショートステイ）型
11435,2,通所（デイサービス）型（個別）
11438,1,短期入所（ショートステイ）型
11438,2,通所（デイサービス）型（個別）
11439,1,短期入所（ショートステイ）型
11439,2,通所（デイサービス）型（個別）
11440,1,短期入所（ショートステイ）型
11440,2,通所（デイサービス）型（個別）
11441,1,短期入所（ショートステイ）型
11441,2,通所（デイサービス）型（個別）
11441,4,居宅訪問（アウトリーチ）型
11442,1,短期入所（ショートステイ）型
11442,2,通所（デイサービス）型（個別）
11443,1,短期入所（ショートステイ）型
11443,4,居宅訪問（アウトリーチ）型
11444,1,短期入所（ショートステイ）型
11444,2,通所（デイサービス）型（個別）
11446,1,短期入所（ショートステイ）型
11446,2,通所（デイサービス）型（個別）
11446,4,居宅訪問（アウトリーチ）型
11447,1,短期入所（ショートステイ）型
11447,2,通所（デイサービス）型（個別）
11447,3,通所（デイサービス）型（集団）
11448,1,短期入所（ショートステイ）型
11451,1,短期入所（ショートステイ）型
11451,2,通所（デイサービス）型（個別）
11451,3,通所（デイサービス）型（集団）
11452,1,短期入所（ショートステイ）型
11452,2,通所（デイサービス）型（個別）
11453,1,短期入所（ショートステイ）型
11453,2,通所（デイサービス）型（個別）
11455,1,短期入所（ショートステイ）型
11455,2,通所（デイサービス）型（個別）
11455,3,通所（デイサービス）型（集団）
11456,1,短期入所（ショートステイ）型
11456,2,通所（デイサービス）型（個別）
11456,3,通所（デイサービス）型（集団）
11458,1,短期入所（ショートステイ）型
11458,2,通所（デイサービス）型（個別）
11459,1,短期入所（ショートステイ）型
11459,2,通所（デイサービス）型（個別）
11461,1,短期入所（ショートステイ）型
11461,2,通所（デイサービス）型（個別）
11462,1,短期入所（ショートステイ）型
11462,2,通所（デイサービス）型（個別）
11463,1,短期入所（ショートステイ）型
11463,2,通所（デイサービス）型（個別）
11464,1,短期入所（ショートステイ）型
11464,2,通所（デイサービス）型（個別）
11467,1,短期入所（ショートステイ）型
11467,2,通所（デイサービス）型（個別）
11467,4,居宅訪問（アウトリーチ）型
11468,1,短期入所（ショートステイ）型
11468,2,通所（デイサービス）型（個別）
11471,1,短期入所（ショートステイ）型
11471,2,通所（デイサービス）型（個別）
11473,1,短期入所（ショートステイ）型
11473,2,通所（デイサービス）型（個別）
11474,1,短期入所（ショートステイ）型
11474,2,通所（デイサービス）型（個別）
11474,4,居宅訪問（アウトリーチ）型
11477,1,短期入所（ショートステイ）型
11477,2,通所（デイサービス）型（個別）
11478,1,短期入所（ショートステイ）型
11482,1,短期入所（ショートステイ）型
11482,2,通所（デイサービス）型（個別）
11483,1,短期入所（ショートステイ）型
11485,1,短期入所（ショートステイ）型
11485,2,通所（デイサービス）型（個別）
11487,1,短期入所（ショートステイ）型
11487,2,通所（デイサービス）型（個別）
11487,4,居宅訪問（アウトリーチ）型
11488,1,短期入所（ショートステイ）型
11488,2,通所（デイサービス）型（個別）
11490,1,短期入所（ショートステイ）型
11490,2,通所（デイサービス）型（個別）
11490,4,居宅訪問（アウトリーチ）型
11491,1,短期入所（ショートステイ）型
11493,1,短期入所（ショートステイ）型
11493,2,通所（デイサービス）型（個別）
11495,1,短期入所（ショートステイ）型
11495,2,通所（デイサービス）型（個別）
11495,3,通所（デイサービス）型（集団）
11496,1,短期入所（ショートステイ）型
11496,2,通所（デイサービス）型（個別）
11496,4,居宅訪問（アウトリーチ）型
11497,1,短期入所（ショートステイ）型
11497,2,通所（デイサービス）型（個別）
11497,4,居宅訪問（アウトリーチ）型
11498,1,短期入所（ショートステイ）型
11498,2,通所（デイサービス）型（個別）
11499,1,短期入所（ショートステイ）型
11499,2,通所（デイサービス）型（個別）
11501,1,短期入所（ショートステイ）型
11501,2,通所（デイサービス）型（個別）
11502,1,短期入所（ショートステイ）型
11502,2,通所（デイサービス）型（個別）
11502,4,居宅訪問（アウトリーチ）型
11503,1,短期入所（ショートステイ）型
11503,2,通所（デイサービス）型（個別）
11503,3,通所（デイサービス）型（集団）
11503,4,居宅訪問（アウトリーチ）型
11505,1,短期入所（ショートステイ）型
11505,2,通所（デイサービス）型（個別）
11506,1,短期入所（ショートステイ）型
11506,2,通所（デイサービス）型（個別）
11508,1,短期入所（ショートステイ）型
11508,2,通所（デイサービス）型（個別）
11510,1,短期入所（ショートステイ）型
11510,2,通所（デイサービス）型（個別）
11510,4,居宅訪問（アウトリーチ）型
11511,1,短期入所（ショートステイ）型
11511,2,通所（デイサービス）型（個別）
11512,1,短期入所（ショートステイ）型
11513,1,短期入所（ショートステイ）型
11514,1,短期入所（ショートステイ）型
11514,2,通所（デイサービス）型（個別）
11514,3,通所（デイサービス）型（集団）
11515,1,短期入所（ショートステイ）型
11515,2,通所（デイサービス）型（個別）
11516,1,短期入所（ショートステイ）型
11516,2,通所（デイサービス）型（個別）
11517,1,短期入所（ショートステイ）型
11517,2,通所（デイサービス）型（個別）
11518,1,短期入所（ショートステイ）型
11518,2,通所（デイサービス）型（個別）
11518,3,通所（デイサービス）型（集団）
11519,1,短期入所（ショートステイ）型
11519,2,通所（デイサービス）型（個別）
11520,1,短期入所（ショートステイ）型
11520,2,通所（デイサービス）型（個別）
11521,1,短期入所（ショートステイ）型
11521,2,通所（デイサービス）型（個別）
11522,1,短期入所（ショートステイ）型
11522,2,通所（デイサービス）型（個別）
11523,1,短期入所（ショートステイ）型
11523,2,通所（デイサービス）型（個別）
11524,1,短期入所（ショートステイ）型
11524,2,通所（デイサービス）型（個別）
11525,1,短期入所（ショートステイ）型
11525,2,通所（デイサービス）型（個別）
11525,4,居宅訪問（アウトリーチ）型
11526,1,短期入所（ショートステイ）型
11526,2,通所（デイサービス）型（個別）
11526,3,通所（デイサービス）型（集団）
11527,1,短期入所（ショートステイ）型
11527,2,通所（デイサービス）型（個別）
11528,1,短期入所（ショートステイ）型
11528,2,通所（デイサービス）型（個別）
11530,1,短期入所（ショートステイ）型
11530,2,通所（デイサービス）型（個別）
11530,3,通所（デイサービス）型（集団）
11531,1,短期入所（ショートステイ）型
11531,2,通所（デイサービス）型（個別）
11534,1,短期入所（ショートステイ）型
11534,2,通所（デイサービス）型（個別）
11535,1,短期入所（ショートステイ）型
11536,1,短期入所（ショートステイ）型
11536,2,通所（デイサービス）型（個別）
11537,1,短期入所（ショートステイ）型
11537,2,通所（デイサービス）型（個別）
11539,1,短期入所（ショートステイ）型
11539,2,通所（デイサービス）型（個別）
11540,1,短期入所（ショートステイ）型
11540,2,通所（デイサービス）型（個別）
11541,1,短期入所（ショートステイ）型
11541,2,通所（デイサービス）型（個別）
11542,1,短期入所（ショートステイ）型
11543,1,短期入所（ショートステイ）型
11543,2,通所（デイサービス）型（個別）
11546,1,短期入所（ショートステイ）型
11547,1,短期入所（ショートステイ）型
11547,2,通所（デイサービス）型（個別）
11548,1,短期入所（ショートステイ）型
11548,2,通所（デイサービス）型（個別）
11549,1,短期入所（ショートステイ）型
11549,2,通所（デイサービス）型（個別）
11550,1,短期入所（ショートステイ）型
11550,2,通所（デイサービス）型（個別）
11552,1,短期入所（ショートステイ）型
11552,2,通所（デイサービス）型（個別）
11553,1,短期入所（ショートステイ）型
11555,1,短期入所（ショートステイ）型
11555,3,通所（デイサービス）型（集団）
11557,1,短期入所（ショートステイ）型
11557,2,通所（デイサービス）型（個別）
11558,1,短期入所（ショートステイ）型
11558,2,通所（デイサービス）型（個別）
11559,1,短期入所（ショートステイ）型
11560,1,短期入所（ショートステイ）型
11560,2,通所（デイサービス）型（個別）
11560,3,通所（デイサービス）型（集団）
11561,1,短期入所（ショートステイ）型
11561,2,通所（デイサービス）型（個別）
11561,3,通所（デイサービス）型（集団）
11561,4,居宅訪問（アウトリーチ）型
11562,1,短期入所（ショートステイ）型
11562,2,通所（デイサービス）型（個別）
11564,1,短期入所（ショートステイ）型
11564,2,通所（デイサービス）型（個別）
11565,1,短期入所（ショートステイ）型
11565,2,通所（デイサービス）型（個別）
11565,3,通所（デイサービス）型（集団）
11566,1,短期入所（ショートステイ）型
11566,2,通所（デイサービス）型（個別）
11567,1,短期入所（ショートステイ）型
11567,2,通所（デイサービス）型（個別）
11568,1,短期入所（ショートステイ）型
11568,2,通所（デイサービス）型（個別）
11569,2,通所（デイサービス）型（個別）
11570,1,短期入所（ショートステイ）型
11570,2,通所（デイサービス）型（個別）
11574,1,短期入所（ショートステイ）型
11574,2,通所（デイサービス）型（個別）
11575,1,短期入所（ショートステイ）型
11575,2,通所（デイサービス）型（個別）
11581,1,短期入所（ショートステイ）型
11581,2,通所（デイサービス）型（個別）
11581,4,居宅訪問（アウトリーチ）型
11582,1,短期入所（ショートステイ）型
11582,3,通所（デイサービス）型（集団）
11582,4,居宅訪問（アウトリーチ）型
11585,1,短期入所（ショートステイ）型
11585,2,通所（デイサービス）型（個別）
11586,1,短期入所（ショートステイ）型
11586,2,通所（デイサービス）型（個別）
11587,1,短期入所（ショートステイ）型
11589,1,短期入所（ショートステイ）型
11589,2,通所（デイサービス）型（個別）
11590,1,短期入所（ショートステイ）型
11590,2,通所（デイサービス）型（個別）
11592,2,通所（デイサービス）型（個別）
11592,4,居宅訪問（アウトリーチ）型
11593,2,通所（デイサービス）型（個別）
11594,1,短期入所（ショートステイ）型
11594,2,通所（デイサービス）型（個別）
11597,1,短期入所（ショートステイ）型
11597,2,通所（デイサービス）型（個別）
11597,4,居宅訪問（アウトリーチ）型
11600,1,短期入所（ショートステイ）型
11601,1,短期入所（ショートステイ）型
11601,2,通所（デイサービス）型（個別）
11601,3,通所（デイサービス）型（集団）
11602,1,短期入所（ショートステイ）型
11603,1,短期入所（ショートステイ）型
11603,2,通所（デイサービス）型（個別）
11603,4,居宅訪問（アウトリーチ）型
11604,1,短期入所（ショートステイ）型
11604,2,通所（デイサービス）型（個別）
11604,4,居宅訪問（アウトリーチ）型
11605,1,短期入所（ショートステイ）型
11605,2,通所（デイサービス）型（個別）
11606,1,短期入所（ショートステイ）型
11606,2,通所（デイサービス）型（個別）
11607,1,短期入所（ショートステイ）型
11607,2,通所（デイサービス）型（個別）
11608,1,短期入所（ショートステイ）型
11608,2,通所（デイサービス）型（個別）
11610,1,短期入所（ショートステイ）型
11610,2,通所（デイサービス）型（個別）
11611,1,短期入所（ショートステイ）型
11611,2,通所（デイサービス）型（個別）
11611,3,通所（デイサービス）型（集団）
11611,4,居宅訪問（アウトリーチ）型
11612,1,短期入所（ショートステイ）型
11612,2,通所（デイサービス）型（個別）
11614,1,短期入所（ショートステイ）型
11614,2,通所（デイサービス）型（個別）
11616,1,短期入所（ショートステイ）型
11616,2,通所（デイサービス）型（個別）
11618,2,通所（デイサービス）型（個別）
11620,2,通所（デイサービス）型（個別）
11621,1,短期入所（ショートステイ）型
11621,2,通所（デイサービス）型（個別）
11621,3,通所（デイサービス）型（集団）
11621,4,居宅訪問（アウトリーチ）型
11622,1,短期入所（ショートステイ）型
11624,2,通所（デイサービス）型（個別）
11626,1,短期入所（ショートステイ）型
11626,2,通所（デイサービス）型（個別）
11628,1,短期入所（ショートステイ）型
11628,2,通所（デイサービス）型（個別）
11629,1,短期入所（ショートステイ）型
11629,2,通所（デイサービス）型（個別）
11631,1,短期入所（ショートステイ）型
11631,2,通所（デイサービス）型（個別）
11632,2,通所（デイサービス）型（個別）
11635,1,短期入所（ショートステイ）型
11635,2,通所（デイサービス）型（個別）
11636,1,短期入所（ショートステイ）型
11636,2,通所（デイサービス）型（個別）
11637,1,短期入所（ショートステイ）型
11637,2,通所（デイサービス）型（個別）
11638,1,短期入所（ショートステイ）型
11638,2,通所（デイサービス）型（個別）
11639,1,短期入所（ショートステイ）型
11639,2,通所（デイサービス）型（個別）
11639,4,居宅訪問（アウトリーチ）型
11640,1,短期入所（ショートステイ）型
11641,1,短期入所（ショートステイ）型
11642,1,短期入所（ショートステイ）型
11642,2,通所（デイサービス）型（個別）
11643,1,短期入所（ショートステイ）型
11643,2,通所（デイサービス）型（個別）
11646,1,短期入所（ショートステイ）型
11646,2,通所（デイサービス）型（個別）
11648,1,短期入所（ショートステイ）型
11648,2,通所（デイサービス）型（個別）
11649,1,短期入所（ショートステイ）型
11649,2,通所（デイサービス）型（個別）
11650,1,短期入所（ショートステイ）型
11650,2,通所（デイサービス）型（個別）
11653,1,短期入所（ショートステイ）型
11653,2,通所（デイサービス）型（個別）
11654,1,短期入所（ショートステイ）型
11654,2,通所（デイサービス）型（個別）
11655,1,短期入所（ショートステイ）型
11655,2,通所（デイサービス）型（個別）
11656,1,短期入所（ショートステイ）型
11656,2,通所（デイサービス）型（個別）
11657,1,短期入所（ショートステイ）型
11657,2,通所（デイサービス）型（個別）
11659,1,短期入所（ショートステイ）型
11659,2,通所（デイサービス）型（個別）
11660,2,通所（デイサービス）型（個別）
11661,1,短期入所（ショートステイ）型
11661,2,通所（デイサービス）型（個別）
11662,1,短期入所（ショートステイ）型
11662,2,通所（デイサービス）型（個別）
11663,1,短期入所（ショートステイ）型
11663,2,通所（デイサービス）型（個別）
11664,1,短期入所（ショートステイ）型
11664,2,通所（デイサービス）型（個別）
11665,1,短期入所（ショートステイ）型
11665,2,通所（デイサービス）型（個別）
11667,1,短期入所（ショートステイ）型
11667,2,通所（デイサービス）型（個別）
11667,4,居宅訪問（アウトリーチ）型
11669,1,短期入所（ショートステイ）型
11669,2,通所（デイサービス）型（個別）
11671,1,短期入所（ショートステイ）型
11671,2,通所（デイサービス）型（個別）
11672,1,短期入所（ショートステイ）型
11672,2,通所（デイサービス）型（個別）
11673,1,短期入所（ショートステイ）型
11673,2,通所（デイサービス）型（個別）
11674,1,短期入所（ショートステイ）型
11674,2,通所（デイサービス）型（個別）
11675,1,短期入所（ショートステイ）型
11675,2,通所（デイサービス）型（個別）
11676,1,短期入所（ショートステイ）型
11676,2,通所（デイサービス）型（個別）
11679,1,短期入所（ショートステイ）型
11679,2,通所（デイサービス）型（個別）
11681,1,短期入所（ショートステイ）型
11681,2,通所（デイサービス）型（個別）
11682,2,通所（デイサービス）型（個別）
11683,1,短期入所（ショートステイ）型
11683,2,通所（デイサービス）型（個別）
11684,1,短期入所（ショートステイ）型
11684,2,通所（デイサービス）型（個別）
11691,1,短期入所（ショートステイ）型
11691,2,通所（デイサービス）型（個別）
11691,4,居宅訪問（アウトリーチ）型
11692,1,短期入所（ショートステイ）型
11692,2,通所（デイサービス）型（個別）
11692,3,通所（デイサービス）型（集団）
11692,4,居宅訪問（アウトリーチ）型
11694,1,短期入所（ショートステイ）型
11694,2,通所（デイサービス）型（個別）
11694,3,通所（デイサービス）型（集団）
11694,4,居宅訪問（アウトリーチ）型
11695,1,短期入所（ショートステイ）型
11695,2,通所（デイサービス）型（個別）
11695,3,通所（デイサービス）型（集団）
11695,4,居宅訪問（アウトリーチ）型
11696,1,短期入所（ショートステイ）型
11696,2,通所（デイサービス）型（個別）
11696,4,居宅訪問（アウトリーチ）型
11697,1,短期入所（ショートステイ）型
11697,2,通所（デイサービス）型（個別）
11698,1,短期入所（ショートステイ）型
11698,2,通所（デイサービス）型（個別）
11698,4,居宅訪問（アウトリーチ）型
11699,1,短期入所（ショートステイ）型
11699,2,通所（デイサービス）型（個別）
11699,4,居宅訪問（アウトリーチ）型
11701,1,短期入所（ショートステイ）型
11701,2,通所（デイサービス）型（個別）
11701,4,居宅訪問（アウトリーチ）型
11702,1,短期入所（ショートステイ）型
11702,2,通所（デイサービス）型（個別）
11702,4,居宅訪問（アウトリーチ）型
11703,1,短期入所（ショートステイ）型
11703,2,通所（デイサービス）型（個別）
11703,4,居宅訪問（アウトリーチ）型
11704,1,短期入所（ショートステイ）型
11704,2,通所（デイサービス）型（個別）
11704,4,居宅訪問（アウトリーチ）型
11705,1,短期入所（ショートステイ）型
11705,2,通所（デイサービス）型（個別）
11705,3,通所（デイサービス）型（集団）
11705,4,居宅訪問（アウトリーチ）型
11706,1,短期入所（ショートステイ）型
11706,2,通所（デイサービス）型（個別）
11706,4,居宅訪問（アウトリーチ）型
11707,1,短期入所（ショートステイ）型
11707,2,通所（デイサービス）型（個別）
11708,1,短期入所（ショートステイ）型
11708,2,通所（デイサービス）型（個別）
11708,4,居宅訪問（アウトリーチ）型
11709,1,短期入所（ショートステイ）型
11709,2,通所（デイサービス）型（個別）
11710,1,短期入所（ショートステイ）型
11710,2,通所（デイサービス）型（個別）
11711,1,短期入所（ショートステイ）型
11711,2,通所（デイサービス）型（個別）
11711,4,居宅訪問（アウトリーチ）型
11712,1,短期入所（ショートステイ）型
11712,2,通所（デイサービス）型（個別）
11712,4,居宅訪問（アウトリーチ）型
11713,1,短期入所（ショートステイ）型
11713,2,通所（デイサービス）型（個別）
11713,4,居宅訪問（アウトリーチ）型
11714,1,短期入所（ショートステイ）型
11714,2,通所（デイサービス）型（個別）
11714,4,居宅訪問（アウトリーチ）型
11715,1,短期入所（ショートステイ）型
11715,2,通所（デイサービス）型（個別）
11715,4,居宅訪問（アウトリーチ）型
11716,1,短期入所（ショートステイ）型
11716,2,通所（デイサービス）型（個別）
11716,4,居宅訪問（アウトリーチ）型
11717,1,短期入所（ショートステイ）型
11717,2,通所（デイサービス）型（個別）
11717,4,居宅訪問（アウトリーチ）型
11718,1,短期入所（ショートステイ）型
11718,2,通所（デイサービス）型（個別）
11719,1,短期入所（ショートステイ）型
11719,2,通所（デイサービス）型（個別）
11719,4,居宅訪問（アウトリーチ）型
11720,1,短期入所（ショートステイ）型
11720,2,通所（デイサービス）型（個別）
11721,1,短期入所（ショートステイ）型
11721,2,通所（デイサービス）型（個別）
11722,1,短期入所（ショートステイ）型
11722,2,通所（デイサービス）型（個別）
11722,4,居宅訪問（アウトリーチ）型
11723,1,短期入所（ショートステイ）型
11723,2,通所（デイサービス）型（個別）
11724,1,短期入所（ショートステイ）型
11724,2,通所（デイサービス）型（個別）
11724,4,居宅訪問（アウトリーチ）型
11725,1,短期入所（ショートステイ）型
11725,2,通所（デイサービス）型（個別）
11725,4,居宅訪問（アウトリーチ）型
11726,1,短期入所（ショートステイ）型
11726,2,通所（デイサービス）型（個別）
11726,3,通所（デイサービス）型（集団）
11726,4,居宅訪問（アウトリーチ）型
11727,1,短期入所（ショートステイ）型
11727,2,通所（デイサービス）型（個別）
11727,4,居宅訪問（アウトリーチ）型
11728,1,短期入所（ショートステイ）型
11728,2,通所（デイサービス）型（個別）
11728,3,通所（デイサービス）型（集団）
11728,4,居宅訪問（アウトリーチ）型
11729,1,短期入所（ショートステイ）型
11729,2,通所（デイサービス）型（個別）
11729,4,居宅訪問（アウトリーチ）型
11731,1,短期入所（ショートステイ）型
11731,2,通所（デイサービス）型（個別）
11731,4,居宅訪問（アウトリーチ）型
11733,1,短期入所（ショートステイ）型
11733,2,通所（デイサービス）型（個別）
11733,4,居宅訪問（アウトリーチ）型
11734,1,短期入所（ショートステイ）型
11734,2,通所（デイサービス）型（個別）
11734,4,居宅訪問（アウトリーチ）型
11735,1,短期入所（ショートステイ）型
11735,2,通所（デイサービス）型（個別）
11735,4,居宅訪問（アウトリーチ）型
11736,1,短期入所（ショートステイ）型
11736,2,通所（デイサービス）型（個別）
11736,4,居宅訪問（アウトリーチ）型
11737,1,短期入所（ショートステイ）型
11737,2,通所（デイサービス）型（個別）
11737,4,居宅訪問（アウトリーチ）型
11738,1,短期入所（ショートステイ）型
11738,2,通所（デイサービス）型（個別）
11738,4,居宅訪問（アウトリーチ）型
11740,2,通所（デイサービス）型（個別）
11740,4,居宅訪問（アウトリーチ）型
11741,1,短期入所（ショートステイ）型
11741,2,通所（デイサービス）型（個別）
11741,4,居宅訪問（アウトリーチ）型
11742,1,短期入所（ショートステイ）型
11742,2,通所（デイサービス）型（個別）
11742,4,居宅訪問（アウトリーチ）型
11743,4,居宅訪問（アウトリーチ）型
11744,1,短期入所（ショートステイ）型
11744,2,通所（デイサービス）型（個別）
11744,3,通所（デイサービス）型（集団）
11744,4,居宅訪問（アウトリーチ）型
11746,1,短期入所（ショートステイ）型
11746,2,通所（デイサービス）型（個別）
11746,4,居宅訪問（アウトリーチ）型
11747,1,短期入所（ショートステイ）型
11747,2,通所（デイサービス）型（個別）
11749,1,短期入所（ショートステイ）型
11749,2,通所（デイサービス）型（個別）
11751,1,短期入所（ショートステイ）型
11751,2,通所（デイサービス）型（個別）
11751,4,居宅訪問（アウトリーチ）型
11752,1,短期入所（ショートステイ）型
11752,2,通所（デイサービス）型（個別）
11752,4,居宅訪問（アウトリーチ）型
11753,1,短期入所（ショートステイ）型
11753,2,通所（デイサービス）型（個別）
11753,3,通所（デイサービス）型（集団）
11753,4,居宅訪問（アウトリーチ）型
11754,1,短期入所（ショートステイ）型
11754,2,通所（デイサービス）型（個別）
11754,4,居宅訪問（アウトリーチ）型
11755,1,短期入所（ショートステイ）型
11755,2,通所（デイサービス）型（個別）
11757,1,短期入所（ショートステイ）型
11757,2,通所（デイサービス）型（個別）
11757,4,居宅訪問（アウトリーチ）型
11759,1,短期入所（ショートステイ）型
11759,2,通所（デイサービス）型（個別）
11759,4,居宅訪問（アウトリーチ）型
11760,1,短期入所（ショートステイ）型
11760,2,通所（デイサービス）型（個別）
11761,1,短期入所（ショートステイ）型
11761,2,通所（デイサービス）型（個別）
11761,4,居宅訪問（アウトリーチ）型
11762,1,短期入所（ショートステイ）型
11762,2,通所（デイサービス）型（個別）
11764,1,短期入所（ショートステイ）型
11764,2,通所（デイサービス）型（個別）
11764,4,居宅訪問（アウトリーチ）型
11765,1,短期入所（ショートステイ）型
11765,2,通所（デイサービス）型（個別）
11765,3,通所（デイサービス）型（集団）
11765,4,居宅訪問（アウトリーチ）型
11766,1,短期入所（ショートステイ）型
11766,2,通所（デイサービス）型（個別）
11766,4,居宅訪問（アウトリーチ）型
11768,4,居宅訪問（アウトリーチ）型
11769,1,短期入所（ショートステイ）型
11769,2,通所（デイサービス）型（個別）
11770,1,短期入所（ショートステイ）型
11770,2,通所（デイサービス）型（個別）
11770,4,居宅訪問（アウトリーチ）型
11772,1,短期入所（ショートステイ）型
11772,2,通所（デイサービス）型（個別）
11772,4,居宅訪問（アウトリーチ）型
11773,1,短期入所（ショートステイ）型
11773,2,通所（デイサービス）型（個別）
11773,4,居宅訪問（アウトリーチ）型
11774,1,短期入所（ショートステイ）型
11774,2,通所（デイサービス）型（個別）
11774,4,居宅訪問（アウトリーチ）型
11775,1,短期入所（ショートステイ）型
11775,2,通所（デイサービス）型（個別）
11775,4,居宅訪問（アウトリーチ）型
11776,4,居宅訪問（アウトリーチ）型
11777,1,短期入所（ショートステイ）型
11777,2,通所（デイサービス）型（個別）
11777,4,居宅訪問（アウトリーチ）型
11778,1,短期入所（ショートステイ）型
11778,2,通所（デイサービス）型（個別）
11779,1,短期入所（ショートステイ）型
11779,2,通所（デイサービス）型（個別）
11780,1,短期入所（ショートステイ）型
11780,2,通所（デイサービス）型（個別）
11781,1,短期入所（ショートステイ）型
11781,2,通所（デイサービス）型（個別）
11782,1,短期入所（ショートステイ）型
11782,2,通所（デイサービス）型（個別）
11783,1,短期入所（ショートステイ）型
11783,2,通所（デイサービス）型（個別）
11783,3,通所（デイサービス）型（集団）
11783,4,居宅訪問（アウトリーチ）型
11784,1,短期入所（ショートステイ）型
11784,2,通所（デイサービス）型（個別）
11784,3,通所（デイサービス）型（集団）
11784,4,居宅訪問（アウトリーチ）型
11785,1,短期入所（ショートステイ）型
11785,2,通所（デイサービス）型（個別）
11785,4,居宅訪問（アウトリーチ）型
11786,1,短期入所（ショートステイ）型
11786,2,通所（デイサービス）型（個別）
11786,4,居宅訪問（アウトリーチ）型
11789,1,短期入所（ショートステイ）型
11789,2,通所（デイサービス）型（個別）
11790,1,短期入所（ショートステイ）型
11790,2,通所（デイサービス）型（個別）
11790,4,居宅訪問（アウトリーチ）型
11791,1,短期入所（ショートステイ）型
11791,2,通所（デイサービス）型（個別）
11792,1,短期入所（ショートステイ）型
11792,2,通所（デイサービス）型（個別）
11792,4,居宅訪問（アウトリーチ）型
11793,4,居宅訪問（アウトリーチ）型
11794,4,居宅訪問（アウトリーチ）型
11795,1,短期入所（ショートステイ）型
11795,2,通所（デイサービス）型（個別）
11795,4,居宅訪問（アウトリーチ）型
11796,1,短期入所（ショートステイ）型
11796,2,通所（デイサービス）型（個別）
11797,1,短期入所（ショートステイ）型
11797,2,通所（デイサービス）型（個別）
11797,3,通所（デイサービス）型（集団）
11797,4,居宅訪問（アウトリーチ）型
11798,1,短期入所（ショートステイ）型
11798,2,通所（デイサービス）型（個別）
11798,4,居宅訪問（アウトリーチ）型
11799,1,短期入所（ショートステイ）型
11799,2,通所（デイサービス）型（個別）
11799,4,居宅訪問（アウトリーチ）型
11800,1,短期入所（ショートステイ）型
11800,2,通所（デイサービス）型（個別）
11800,4,居宅訪問（アウトリーチ）型
11801,1,短期入所（ショートステイ）型
11801,2,通所（デイサービス）型（個別）
11801,4,居宅訪問（アウトリーチ）型
11802,1,短期入所（ショートステイ）型
11802,2,通所（デイサービス）型（個別）
11802,3,通所（デイサービス）型（集団）
11802,4,居宅訪問（アウトリーチ）型
11803,1,短期入所（ショートステイ）型
11803,2,通所（デイサービス）型（個別）
11803,4,居宅訪問（アウトリーチ）型
11804,1,短期入所（ショートステイ）型
11804,2,通所（デイサービス）型（個別）
11804,4,居宅訪問（アウトリーチ）型
11805,1,短期入所（ショートステイ）型
11805,2,通所（デイサービス）型（個別）
11805,4,居宅訪問（アウトリーチ）型
11808,1,短期入所（ショートステイ）型
11808,2,通所（デイサービス）型（個別）
11809,1,短期入所（ショートステイ）型
11809,2,通所（デイサービス）型（個別）
11809,3,通所（デイサービス）型（集団）
11809,4,居宅訪問（アウトリーチ）型
11810,1,短期入所（ショートステイ）型
11810,2,通所（デイサービス）型（個別）
11811,1,短期入所（ショートステイ）型
11811,2,通所（デイサービス）型（個別）
11812,1,短期入所（ショートステイ）型
11812,2,通所（デイサービス）型（個別）
11812,4,居宅訪問（アウトリーチ）型
11813,1,短期入所（ショートステイ）型
11813,2,通所（デイサービス）型（個別）
11813,4,居宅訪問（アウトリーチ）型
11814,2,通所（デイサービス）型（個別）
11814,4,居宅訪問（アウトリーチ）型
11815,1,短期入所（ショートステイ）型
11815,2,通所（デイサービス）型（個別）
11815,4,居宅訪問（アウトリーチ）型
11816,1,短期入所（ショートステイ）型
11816,2,通所（デイサービス）型（個別）
11816,4,居宅訪問（アウトリーチ）型
11817,1,短期入所（ショートステイ）型
11817,2,通所（デイサービス）型（個別）
11818,4,居宅訪問（アウトリーチ）型
11819,1,短期入所（ショートステイ）型
11819,2,通所（デイサービス）型（個別）
11821,1,短期入所（ショートステイ）型
11821,2,通所（デイサービス）型（個別）
11821,4,居宅訪問（アウトリーチ）型
11822,1,短期入所（ショートステイ）型
11822,2,通所（デイサービス）型（個別）
11822,3,通所（デイサービス）型（集団）
11822,4,居宅訪問（アウトリーチ）型
11823,1,短期入所（ショートステイ）型
11823,2,通所（デイサービス）型（個別）
11823,4,居宅訪問（アウトリーチ）型
11824,1,短期入所（ショートステイ）型
11824,2,通所（デイサービス）型（個別）
11824,4,居宅訪問（アウトリーチ）型
11826,2,通所（デイサービス）型（個別）
11826,4,居宅訪問（アウトリーチ）型
11828,2,通所（デイサービス）型（個別）
11829,1,短期入所（ショートステイ）型
11829,2,通所（デイサービス）型（個別）
11829,4,居宅訪問（アウトリーチ）型
11830,1,短期入所（ショートステイ）型
11830,2,通所（デイサービス）型（個別）
11831,1,短期入所（ショートステイ）型
11831,2,通所（デイサービス）型（個別）
11831,4,居宅訪問（アウトリーチ）型
11832,4,居宅訪問（アウトリーチ）型
11833,1,短期入所（ショートステイ）型
11833,2,通所（デイサービス）型（個別）
11833,3,通所（デイサービス）型（集団）
11833,4,居宅訪問（アウトリーチ）型
11834,1,短期入所（ショートステイ）型
11834,2,通所（デイサービス）型（個別）
11834,4,居宅訪問（アウトリーチ）型
11835,4,居宅訪問（アウトリーチ）型
11837,1,短期入所（ショートステイ）型
11837,2,通所（デイサービス）型（個別）
11838,1,短期入所（ショートステイ）型
11838,2,通所（デイサービス）型（個別）
11841,4,居宅訪問（アウトリーチ）型
11842,1,短期入所（ショートステイ）型
11842,2,通所（デイサービス）型（個別）
11842,4,居宅訪問（アウトリーチ）型
11843,1,短期入所（ショートステイ）型
11843,2,通所（デイサービス）型（個別）
11843,4,居宅訪問（アウトリーチ）型
11844,2,通所（デイサービス）型（個別）
11844,4,居宅訪問（アウトリーチ）型
11845,4,居宅訪問（アウトリーチ）型
11846,1,短期入所（ショートステイ）型
11846,2,通所（デイサービス）型（個別）
11847,2,通所（デイサービス）型（個別）
11848,1,短期入所（ショートステイ）型
11848,2,通所（デイサービス）型（個別）
11848,4,居宅訪問（アウトリーチ）型
11849,1,短期入所（ショートステイ）型
11849,2,通所（デイサービス）型（個別）
11849,3,通所（デイサービス）型（集団）
11849,4,居宅訪問（アウトリーチ）型
11852,1,短期入所（ショートステイ）型
11852,2,通所（デイサービス）型（個別）
11852,4,居宅訪問（アウトリーチ）型
11853,2,通所（デイサービス）型（個別）
11855,1,短期入所（ショートステイ）型
11855,2,通所（デイサービス）型（個別）
11855,4,居宅訪問（アウトリーチ）型
11857,4,居宅訪問（アウトリーチ）型
11858,1,短期入所（ショートステイ）型
11858,2,通所（デイサービス）型（個別）
11858,4,居宅訪問（アウトリーチ）型
11860,1,短期入所（ショートステイ）型
11860,2,通所（デイサービス）型（個別）
11860,4,居宅訪問（アウトリーチ）型
11863,1,短期入所（ショートステイ）型
11863,2,通所（デイサービス）型（個別）
11863,4,居宅訪問（アウトリーチ）型
11864,1,短期入所（ショートステイ）型
11864,2,通所（デイサービス）型（個別）
11864,4,居宅訪問（アウトリーチ）型
11865,2,通所（デイサービス）型（個別）
11865,4,居宅訪問（アウトリーチ）型
11868,1,短期入所（ショートステイ）型
11868,2,通所（デイサービス）型（個別）
11868,4,居宅訪問（アウトリーチ）型
11869,2,通所（デイサービス）型（個別）
11869,4,居宅訪問（アウトリーチ）型
11870,1,短期入所（ショートステイ）型
11870,2,通所（デイサービス）型（個別）
11870,4,居宅訪問（アウトリーチ）型
11871,1,短期入所（ショートステイ）型
11871,2,通所（デイサービス）型（個別）
11871,4,居宅訪問（アウトリーチ）型
11873,2,通所（デイサービス）型（個別）
11873,4,居宅訪問（アウトリーチ）型
11874,1,短期入所（ショートステイ）型
11874,2,通所（デイサービス）型（個別）
11874,4,居宅訪問（アウトリーチ）型
11875,1,短期入所（ショートステイ）型
11875,2,通所（デイサービス）型（個別）
11875,4,居宅訪問（アウトリーチ）型
11876,1,短期入所（ショートステイ）型
11876,2,通所（デイサービス）型（個別）
11877,1,短期入所（ショートステイ）型
11877,2,通所（デイサービス）型（個別）
11877,4,居宅訪問（アウトリーチ）型
11879,2,通所（デイサービス）型（個別）
11879,4,居宅訪問（アウトリーチ）型
11880,1,短期入所（ショートステイ）型
11880,2,通所（デイサービス）型（個別）
11880,4,居宅訪問（アウトリーチ）型
11881,1,短期入所（ショートステイ）型
11881,2,通所（デイサービス）型（個別）
11882,1,短期入所（ショートステイ）型
11882,2,通所（デイサービス）型（個別）
11882,4,居宅訪問（アウトリーチ）型
11883,1,短期入所（ショートステイ）型
11883,2,通所（デイサービス）型（個別）
11883,3,通所（デイサービス）型（集団）
11883,4,居宅訪問（アウトリーチ）型
11884,1,短期入所（ショートステイ）型
11884,2,通所（デイサービス）型（個別）
11884,4,居宅訪問（アウトリーチ）型
11885,2,通所（デイサービス）型（個別）
11885,4,居宅訪問（アウトリーチ）型
11886,1,短期入所（ショートステイ）型
11886,2,通所（デイサービス）型（個別）
11886,4,居宅訪問（アウトリーチ）型
11887,1,短期入所（ショートステイ）型
11887,2,通所（デイサービス）型（個別）
11887,4,居宅訪問（アウトリーチ）型
11888,1,短期入所（ショートステイ）型
11888,2,通所（デイサービス）型（個別）
11888,4,居宅訪問（アウトリーチ）型
11889,4,居宅訪問（アウトリーチ）型
11890,1,短期入所（ショートステイ）型
11890,2,通所（デイサービス）型（個別）
11890,4,居宅訪問（アウトリーチ）型
11893,4,居宅訪問（アウトリーチ）型
11895,1,短期入所（ショートステイ）型
11895,2,通所（デイサービス）型（個別）
11895,4,居宅訪問（アウトリーチ）型
11896,1,短期入所（ショートステイ）型
11896,2,通所（デイサービス）型（個別）
11896,4,居宅訪問（アウトリーチ）型
11897,2,通所（デイサービス）型（個別）
11898,1,短期入所（ショートステイ）型
11898,2,通所（デイサービス）型（個別）
11898,4,居宅訪問（アウトリーチ）型
11900,4,居宅訪問（アウトリーチ）型
11903,2,通所（デイサービス）型（個別）
11903,4,居宅訪問（アウトリーチ）型
11905,1,短期入所（ショートステイ）型
11905,2,通所（デイサービス）型（個別）
11905,4,居宅訪問（アウトリーチ）型
11906,1,短期入所（ショートステイ）型
11906,2,通所（デイサービス）型（個別）
11907,1,短期入所（ショートステイ）型
11907,2,通所（デイサービス）型（個別）
11907,4,居宅訪問（アウトリーチ）型
11909,1,短期入所（ショートステイ）型
11909,2,通所（デイサービス）型（個別）
11909,4,居宅訪問（アウトリーチ）型
11910,1,短期入所（ショートステイ）型
11910,2,通所（デイサービス）型（個別）
11911,1,短期入所（ショートステイ）型
11911,2,通所（デイサービス）型（個別）
11912,1,短期入所（ショートステイ）型
11912,2,通所（デイサービス）型（個別）
11912,4,居宅訪問（アウトリーチ）型
11913,1,短期入所（ショートステイ）型
11913,2,通所（デイサービス）型（個別）
11913,4,居宅訪問（アウトリーチ）型
11914,1,短期入所（ショートステイ）型
11914,2,通所（デイサービス）型（個別）
11914,4,居宅訪問（アウトリーチ）型
11916,1,短期入所（ショートステイ）型
11916,2,通所（デイサービス）型（個別）
11916,4,居宅訪問（アウトリーチ）型
11917,1,短期入所（ショートステイ）型
11917,2,通所（デイサービス）型（個別）
11917,4,居宅訪問（アウトリーチ）型
11918,1,短期入所（ショートステイ）型
11918,2,通所（デイサービス）型（個別）
11918,3,通所（デイサービス）型（集団）
11918,4,居宅訪問（アウトリーチ）型
11919,1,短期入所（ショートステイ）型
11919,2,通所（デイサービス）型（個別）
11919,4,居宅訪問（アウトリーチ）型
11920,1,短期入所（ショートステイ）型
11920,2,通所（デイサービス）型（個別）
11921,1,短期入所（ショートステイ）型
11921,2,通所（デイサービス）型（個別）
11921,4,居宅訪問（アウトリーチ）型
11923,1,短期入所（ショートステイ）型
11923,2,通所（デイサービス）型（個別）
11923,3,通所（デイサービス）型（集団）
11923,4,居宅訪問（アウトリーチ）型
11924,4,居宅訪問（アウトリーチ）型
11926,1,短期入所（ショートステイ）型
11926,2,通所（デイサービス）型（個別）
11926,4,居宅訪問（アウトリーチ）型
11927,1,短期入所（ショートステイ）型
11927,2,通所（デイサービス）型（個別）
11927,4,居宅訪問（アウトリーチ）型
11928,4,居宅訪問（アウトリーチ）型
11929,1,短期入所（ショートステイ）型
11929,2,通所（デイサービス）型（個別）
11929,4,居宅訪問（アウトリーチ）型
11931,1,短期入所（ショートステイ）型
11931,2,通所（デイサービス）型（個別）
11932,1,短期入所（ショートステイ）型
11932,2,通所（デイサービス）型（個別）
11932,4,居宅訪問（アウトリーチ）型
11934,4,居宅訪問（アウトリーチ）型
11935,1,短期入所（ショートステイ）型
11935,2,通所（デイサービス）型（個別）
11935,3,通所（デイサービス）型（集団）
11935,4,居宅訪問（アウトリーチ）型
11938,1,短期入所（ショートステイ）型
11938,2,通所（デイサービス）型（個別）
11938,4,居宅訪問（アウトリーチ）型
11939,1,短期入所（ショートステイ）型
11939,2,通所（デイサービス）型（個別）
11939,3,通所（デイサービス）型（集団）
11940,1,短期入所（ショートステイ）型
11940,2,通所（デイサービス）型（個別）
11941,1,短期入所（ショートステイ）型
11941,2,通所（デイサービス）型（個別）
11941,4,居宅訪問（アウトリーチ）型
11942,1,短期入所（ショートステイ）型
11942,2,通所（デイサービス）型（個別）
11942,4,居宅訪問（アウトリーチ）型
11945,1,短期入所（ショートステイ）型
11945,2,通所（デイサービス）型（個別）
11946,1,短期入所（ショートステイ）型
11946,2,通所（デイサービス）型（個別）
11946,4,居宅訪問（アウトリーチ）型
11948,1,短期入所（ショートステイ）型
11948,2,通所（デイサービス）型（個別）
11948,4,居宅訪問（アウトリーチ）型
11950,1,短期入所（ショートステイ）型
11950,2,通所（デイサービス）型（個別）
11950,4,居宅訪問（アウトリーチ）型
11951,1,短期入所（ショートステイ）型
11951,2,通所（デイサービス）型（個別）
11951,4,居宅訪問（アウトリーチ）型
11955,1,短期入所（ショートステイ）型
11955,2,通所（デイサービス）型（個別）
11955,4,居宅訪問（アウトリーチ）型
11956,1,短期入所（ショートステイ）型
11956,2,通所（デイサービス）型（個別）
11956,4,居宅訪問（アウトリーチ）型
11957,1,短期入所（ショートステイ）型
11959,2,通所（デイサービス）型（個別）
11960,1,短期入所（ショートステイ）型
11960,2,通所（デイサービス）型（個別）
11960,4,居宅訪問（アウトリーチ）型
11962,1,短期入所（ショートステイ）型
11962,2,通所（デイサービス）型（個別）
11964,1,短期入所（ショートステイ）型
11964,2,通所（デイサービス）型（個別）
11966,2,通所（デイサービス）型（個別）
11967,1,短期入所（ショートステイ）型
11967,2,通所（デイサービス）型（個別）
11969,1,短期入所（ショートステイ）型
11970,1,短期入所（ショートステイ）型
11972,1,短期入所（ショートステイ）型
11972,2,通所（デイサービス）型（個別）
11973,1,短期入所（ショートステイ）型
11973,2,通所（デイサービス）型（個別）
11974,1,短期入所（ショートステイ）型
11974,2,通所（デイサービス）型（個別）
11975,1,短期入所（ショートステイ）型
11976,1,短期入所（ショートステイ）型
11976,2,通所（デイサービス）型（個別）
11984,1,短期入所（ショートステイ）型
11984,2,通所（デイサービス）型（個別）
11986,1,短期入所（ショートステイ）型
11986,2,通所（デイサービス）型（個別）
11988,1,短期入所（ショートステイ）型
11988,2,通所（デイサービス）型（個別）
11990,1,短期入所（ショートステイ）型
11990,2,通所（デイサービス）型（個別）
11991,1,短期入所（ショートステイ）型
11991,2,通所（デイサービス）型（個別）
11991,4,居宅訪問（アウトリーチ）型
11992,1,短期入所（ショートステイ）型
11992,2,通所（デイサービス）型（個別）
11993,1,短期入所（ショートステイ）型
11993,2,通所（デイサービス）型（個別）
11995,2,通所（デイサービス）型（個別）
11996,1,短期入所（ショートステイ）型
11996,2,通所（デイサービス）型（個別）
11997,1,短期入所（ショートステイ）型
11997,2,通所（デイサービス）型（個別）
11998,1,短期入所（ショートステイ）型
11998,2,通所（デイサービス）型（個別）
11999,1,短期入所（ショートステイ）型
12000,1,短期入所（ショートステイ）型
12001,1,短期入所（ショートステイ）型
12001,2,通所（デイサービス）型（個別）
12002,1,短期入所（ショートステイ）型
12002,2,通所（デイサービス）型（個別）
12003,1,短期入所（ショートステイ）型
12003,2,通所（デイサービス）型（個別）
12004,1,短期入所（ショートステイ）型
12005,1,短期入所（ショートステイ）型
12005,2,通所（デイサービス）型（個別）
12005,4,居宅訪問（アウトリーチ）型
12006,1,短期入所（ショートステイ）型
12006,2,通所（デイサービス）型（個別）
12007,2,通所（デイサービス）型（個別）
12008,1,短期入所（ショートステイ）型
12008,2,通所（デイサービス）型（個別）
12009,1,短期入所（ショートステイ）型
12009,2,通所（デイサービス）型（個別）
12010,1,短期入所（ショートステイ）型
12010,2,通所（デイサービス）型（個別）
12018,1,短期入所（ショートステイ）型
12018,2,通所（デイサービス）型（個別）
12019,1,短期入所（ショートステイ）型
12019,2,通所（デイサービス）型（個別）
12020,1,短期入所（ショートステイ）型
12022,2,通所（デイサービス）型（個別）
12025,1,短期入所（ショートステイ）型
12025,2,通所（デイサービス）型（個別）
12026,1,短期入所（ショートステイ）型
12026,2,通所（デイサービス）型（個別）
12027,1,短期入所（ショートステイ）型
12027,2,通所（デイサービス）型（個別）
12028,1,短期入所（ショートステイ）型
12028,2,通所（デイサービス）型（個別）
12029,1,短期入所（ショートステイ）型
12029,2,通所（デイサービス）型（個別）
12030,1,短期入所（ショートステイ）型
12032,1,短期入所（ショートステイ）型
12032,2,通所（デイサービス）型（個別）
12034,1,短期入所（ショートステイ）型
12034,2,通所（デイサービス）型（個別）
12035,1,短期入所（ショートステイ）型
12036,1,短期入所（ショートステイ）型
12036,2,通所（デイサービス）型（個別）
12038,1,短期入所（ショートステイ）型
12038,2,通所（デイサービス）型（個別）
12038,4,居宅訪問（アウトリーチ）型
12042,1,短期入所（ショートステイ）型
12042,2,通所（デイサービス）型（個別）
12042,4,居宅訪問（アウトリーチ）型
12043,1,短期入所（ショートステイ）型
12043,2,通所（デイサービス）型（個別）
12045,1,短期入所（ショートステイ）型
12045,2,通所（デイサービス）型（個別）
12045,4,居宅訪問（アウトリーチ）型
12046,1,短期入所（ショートステイ）型
12046,2,通所（デイサービス）型（個別）
12046,4,居宅訪問（アウトリーチ）型
12048,1,短期入所（ショートステイ）型
12048,2,通所（デイサービス）型（個別）
12050,1,短期入所（ショートステイ）型
12050,2,通所（デイサービス）型（個別）
12053,1,短期入所（ショートステイ）型
12053,2,通所（デイサービス）型（個別）
12057,1,短期入所（ショートステイ）型
12057,2,通所（デイサービス）型（個別）
12064,1,短期入所（ショートステイ）型
12064,2,通所（デイサービス）型（個別）
12065,2,通所（デイサービス）型（個別）
12065,4,居宅訪問（アウトリーチ）型
12066,1,短期入所（ショートステイ）型
12066,2,通所（デイサービス）型（個別）
12066,4,居宅訪問（アウトリーチ）型
12068,1,短期入所（ショートステイ）型
12068,2,通所（デイサービス）型（個別）
12068,4,居宅訪問（アウトリーチ）型
12071,1,短期入所（ショートステイ）型
12071,2,通所（デイサービス）型（個別）
12071,4,居宅訪問（アウトリーチ）型
12074,1,短期入所（ショートステイ）型
12074,2,通所（デイサービス）型（個別）
12074,4,居宅訪問（アウトリーチ）型
12082,1,短期入所（ショートステイ）型
12082,2,通所（デイサービス）型（個別）
12082,4,居宅訪問（アウトリーチ）型
12084,2,通所（デイサービス）型（個別）
12084,4,居宅訪問（アウトリーチ）型
12088,1,短期入所（ショートステイ）型
12088,2,通所（デイサービス）型（個別）
12088,4,居宅訪問（アウトリーチ）型
12089,1,短期入所（ショートステイ）型
12089,2,通所（デイサービス）型（個別）
12091,1,短期入所（ショートステイ）型
12091,2,通所（デイサービス）型（個別）
12092,1,短期入所（ショートステイ）型
12092,2,通所（デイサービス）型（個別）
12093,1,短期入所（ショートステイ）型
12093,2,通所（デイサービス）型（個別）
12093,3,通所（デイサービス）型（集団）
12095,1,短期入所（ショートステイ）型
12095,2,通所（デイサービス）型（個別）
12095,3,通所（デイサービス）型（集団）
12095,4,居宅訪問（アウトリーチ）型
12096,1,短期入所（ショートステイ）型
12096,2,通所（デイサービス）型（個別）
12097,1,短期入所（ショートステイ）型
12097,4,居宅訪問（アウトリーチ）型
12098,1,短期入所（ショートステイ）型
12098,2,通所（デイサービス）型（個別）
12100,1,短期入所（ショートステイ）型
12100,2,通所（デイサービス）型（個別）
12101,1,短期入所（ショートステイ）型
12101,2,通所（デイサービス）型（個別）
12102,1,短期入所（ショートステイ）型
12103,1,短期入所（ショートステイ）型
12107,1,短期入所（ショートステイ）型
12107,2,通所（デイサービス）型（個別）
12108,1,短期入所（ショートステイ）型
12108,2,通所（デイサービス）型（個別）
12110,1,短期入所（ショートステイ）型
12110,2,通所（デイサービス）型（個別）
12111,1,短期入所（ショートステイ）型
12114,1,短期入所（ショートステイ）型
12114,2,通所（デイサービス）型（個別）
12121,1,短期入所（ショートステイ）型
12122,1,短期入所（ショートステイ）型
12122,2,通所（デイサービス）型（個別）
12122,4,居宅訪問（アウトリーチ）型
12123,1,短期入所（ショートステイ）型
12123,2,通所（デイサービス）型（個別）
12125,1,短期入所（ショートステイ）型
12125,2,通所（デイサービス）型（個別）
12126,1,短期入所（ショートステイ）型
12126,2,通所（デイサービス）型（個別）
12127,1,短期入所（ショートステイ）型
12127,2,通所（デイサービス）型（個別）
12128,1,短期入所（ショートステイ）型
12128,2,通所（デイサービス）型（個別）
12129,1,短期入所（ショートステイ）型
12129,2,通所（デイサービス）型（個別）
12131,1,短期入所（ショートステイ）型
12131,2,通所（デイサービス）型（個別）
12132,1,短期入所（ショートステイ）型
12134,1,短期入所（ショートステイ）型
12134,2,通所（デイサービス）型（個別）
12136,1,短期入所（ショートステイ）型
12136,2,通所（デイサービス）型（個別）
12137,1,短期入所（ショートステイ）型
12137,2,通所（デイサービス）型（個別）
12137,3,通所（デイサービス）型（集団）
12138,1,短期入所（ショートステイ）型
12138,2,通所（デイサービス）型（個別）
12139,1,短期入所（ショートステイ）型
12139,2,通所（デイサービス）型（個別）
12140,1,短期入所（ショートステイ）型
12140,2,通所（デイサービス）型（個別）
12141,1,短期入所（ショートステイ）型
12141,2,通所（デイサービス）型（個別）
12142,1,短期入所（ショートステイ）型
12142,2,通所（デイサービス）型（個別）
12143,1,短期入所（ショートステイ）型
12145,2,通所（デイサービス）型（個別）
12146,1,短期入所（ショートステイ）型
12146,2,通所（デイサービス）型（個別）
12147,1,短期入所（ショートステイ）型
12147,2,通所（デイサービス）型（個別）
12148,1,短期入所（ショートステイ）型
12150,1,短期入所（ショートステイ）型
12150,2,通所（デイサービス）型（個別）
12151,1,短期入所（ショートステイ）型
12152,1,短期入所（ショートステイ）型
12152,2,通所（デイサービス）型（個別）
12153,1,短期入所（ショートステイ）型
12153,2,通所（デイサービス）型（個別）
12154,1,短期入所（ショートステイ）型
12154,2,通所（デイサービス）型（個別）
12155,1,短期入所（ショートステイ）型
12155,2,通所（デイサービス）型（個別）
12155,3,通所（デイサービス）型（集団）
12156,1,短期入所（ショートステイ）型
12157,2,通所（デイサービス）型（個別）
12158,1,短期入所（ショートステイ）型
12158,2,通所（デイサービス）型（個別）
12159,2,通所（デイサービス）型（個別）
12161,1,短期入所（ショートステイ）型
12161,2,通所（デイサービス）型（個別）
12162,1,短期入所（ショートステイ）型
12162,2,通所（デイサービス）型（個別）
12163,1,短期入所（ショートステイ）型
12163,2,通所（デイサービス）型（個別）
12164,1,短期入所（ショートステイ）型
12164,2,通所（デイサービス）型（個別）
12165,1,短期入所（ショートステイ）型
12165,2,通所（デイサービス）型（個別）
12165,4,居宅訪問（アウトリーチ）型
12168,1,短期入所（ショートステイ）型
12168,4,居宅訪問（アウトリーチ）型
12171,2,通所（デイサービス）型（個別）
12171,4,居宅訪問（アウトリーチ）型
12172,1,短期入所（ショートステイ）型
12172,2,通所（デイサービス）型（個別）
12175,1,短期入所（ショートステイ）型
12175,2,通所（デイサービス）型（個別）
12175,4,居宅訪問（アウトリーチ）型
12179,1,短期入所（ショートステイ）型
12179,2,通所（デイサービス）型（個別）
12180,1,短期入所（ショートステイ）型
12180,2,通所（デイサービス）型（個別）
12181,1,短期入所（ショートステイ）型
12181,2,通所（デイサービス）型（個別）
12182,1,短期入所（ショートステイ）型
12182,2,通所（デイサービス）型（個別）
12182,4,居宅訪問（アウトリーチ）型
12183,1,短期入所（ショートステイ）型
12183,2,通所（デイサービス）型（個別）
12183,4,居宅訪問（アウトリーチ）型
12184,1,短期入所（ショートステイ）型
12184,2,通所（デイサービス）型（個別）
12184,3,通所（デイサービス）型（集団）
12186,1,短期入所（ショートステイ）型
12186,2,通所（デイサービス）型（個別）
12188,1,短期入所（ショートステイ）型
12189,2,通所（デイサービス）型（個別）
12189,4,居宅訪問（アウトリーチ）型
12190,2,通所（デイサービス）型（個別）
12190,4,居宅訪問（アウトリーチ）型
12193,1,短期入所（ショートステイ）型
12194,1,短期入所（ショートステイ）型
12194,2,通所（デイサービス）型（個別）
12195,2,通所（デイサービス）型（個別）
12197,1,短期入所（ショートステイ）型
12200,1,短期入所（ショートステイ）型
12200,4,居宅訪問（アウトリーチ）型
12202,2,通所（デイサービス）型（個別）
12202,4,居宅訪問（アウトリーチ）型
12205,1,短期入所（ショートステイ）型
12205,2,通所（デイサービス）型（個別）
12205,4,居宅訪問（アウトリーチ）型
12206,1,短期入所（ショートステイ）型
12206,2,通所（デイサービス）型（個別）
12206,4,居宅訪問（アウトリーチ）型
12207,1,短期入所（ショートステイ）型
12207,2,通所（デイサービス）型（個別）
12209,1,短期入所（ショートステイ）型
12209,2,通所（デイサービス）型（個別）
12210,1,短期入所（ショートステイ）型
12210,2,通所（デイサービス）型（個別）
12211,4,居宅訪問（アウトリーチ）型
12212,1,短期入所（ショートステイ）型
12213,4,居宅訪問（アウトリーチ）型
12214,1,短期入所（ショートステイ）型
12214,2,通所（デイサービス）型（個別）
12214,3,通所（デイサービス）型（集団）
12215,1,短期入所（ショートステイ）型
12215,2,通所（デイサービス）型（個別）
12216,1,短期入所（ショートステイ）型
12216,2,通所（デイサービス）型（個別）
12216,4,居宅訪問（アウトリーチ）型
12217,1,短期入所（ショートステイ）型
12217,2,通所（デイサービス）型（個別）
12217,4,居宅訪問（アウトリーチ）型
12218,4,居宅訪問（アウトリーチ）型
12219,1,短期入所（ショートステイ）型
12219,2,通所（デイサービス）型（個別）
12220,2,通所（デイサービス）型（個別）
12223,1,短期入所（ショートステイ）型
12223,2,通所（デイサービス）型（個別）
12224,1,短期入所（ショートステイ）型
12224,2,通所（デイサービス）型（個別）
12224,4,居宅訪問（アウトリーチ）型
12225,1,短期入所（ショートステイ）型
12225,2,通所（デイサービス）型（個別）
12225,4,居宅訪問（アウトリーチ）型
12233,2,通所（デイサービス）型（個別）
12242,1,短期入所（ショートステイ）型
12249,2,通所（デイサービス）型（個別）
12250,2,通所（デイサービス）型（個別）
12258,4,居宅訪問（アウトリーチ）型
12260,1,短期入所（ショートステイ）型
12260,2,通所（デイサービス）型（個別）
12260,4,居宅訪問（アウトリーチ）型
12261,2,通所（デイサービス）型（個別）
12261,4,居宅訪問（アウトリーチ）型
12296,1,短期入所（ショートステイ）型
12296,2,通所（デイサービス）型（個別）
12305,2,通所（デイサービス）型（個別）
12309,2,通所（デイサービス）型（個別）
12317,2,通所（デイサービス）型（個別）
12317,3,通所（デイサービス）型（集団）
12351,1,短期入所（ショートステイ）型
12351,2,通所（デイサービス）型（個別）
12356,2,通所（デイサービス）型（個別）
12389,2,通所（デイサービス）型（個別）
12427,2,通所（デイサービス）型（個別）
12435,2,通所（デイサービス）型（個別）
12481,1,短期入所（ショートステイ）型
12481,2,通所（デイサービス）型（個別）
12529,2,通所（デイサービス）型（個別）
12544,2,通所（デイサービス）型（個別）
12567,1,短期入所（ショートステイ）型
12567,2,通所（デイサービス）型（個別）
12579,2,通所（デイサービス）型（個別）
12579,4,居宅訪問（アウトリーチ）型
12599,1,短期入所（ショートステイ）型
12599,2,通所（デイサービス）型（個別）
12603,2,通所（デイサービス）型（個別）
12604,2,通所（デイサービス）型（個別）
12604,4,居宅訪問（アウトリーチ）型
12605,2,通所（デイサービス）型（個別）
12606,2,通所（デイサービス）型（個別）
12607,1,短期入所（ショートステイ）型
12607,2,通所（デイサービス）型（個別）
12607,4,居宅訪問（アウトリーチ）型
12608,1,短期入所（ショートステイ）型
12608,2,通所（デイサービス）型（個別）
12608,4,居宅訪問（アウトリーチ）型
12609,2,通所（デイサービス）型（個別）
12610,2,通所（デイサービス）型（個別）
12610,4,居宅訪問（アウトリーチ）型
12611,2,通所（デイサービス）型（個別）
12612,1,短期入所（ショートステイ）型
12612,2,通所（デイサービス）型（個別）
12612,4,居宅訪問（アウトリーチ）型
12613,4,居宅訪問（アウトリーチ）型
12614,4,居宅訪問（アウトリーチ）型
12615,4,居宅訪問（アウトリーチ）型
12616,2,通所（デイサービス）型（個別）
12616,4,居宅訪問（アウトリーチ）型
12617,2,通所（デイサービス）型（個別）
12618,4,居宅訪問（アウトリーチ）型
12619,2,通所（デイサービス）型（個別）
12619,4,居宅訪問（アウトリーチ）型
12620,4,居宅訪問（アウトリーチ）型
12621,4,居宅訪問（アウトリーチ）型
12622,1,短期入所（ショートステイ）型
12622,2,通所（デイサービス）型（個別）
12622,4,居宅訪問（アウトリーチ）型
12623,2,通所（デイサービス）型（個別）
12624,4,居宅訪問（アウトリーチ）型
12625,4,居宅訪問（アウトリーチ）型
12626,4,居宅訪問（アウトリーチ）型
12627,4,居宅訪問（アウトリーチ）型
12628,4,居宅訪問（アウトリーチ）型
12629,4,居宅訪問（アウトリーチ）型
12630,4,居宅訪問（アウトリーチ）型
12631,2,通所（デイサービス）型（個別）
12631,4,居宅訪問（アウトリーチ）型
12632,1,短期入所（ショートステイ）型
12632,2,通所（デイサービス）型（個別）
12632,4,居宅訪問（アウトリーチ）型
12633,1,短期入所（ショートステイ）型
12633,2,通所（デイサービス）型（個別）
12633,4,居宅訪問（アウトリーチ）型
12634,4,居宅訪問（アウトリーチ）型
12635,1,短期入所（ショートステイ）型
12636,1,短期入所（ショートステイ）型
12637,1,短期入所（ショートステイ）型
12638,2,通所（デイサービス）型（個別）
12639,2,通所（デイサービス）型（個別）
12639,4,居宅訪問（アウトリーチ）型
12640,4,居宅訪問（アウトリーチ）型
12641,2,通所（デイサービス）型（個別）
12642,2,通所（デイサービス）型（個別）
12643,4,居宅訪問（アウトリーチ）型
12644,4,居宅訪問（アウトリーチ）型
12645,4,居宅訪問（アウトリーチ）型
12646,1,短期入所（ショートステイ）型
12646,2,通所（デイサービス）型（個別）
12646,3,通所（デイサービス）型（集団）
12646,4,居宅訪問（アウトリーチ）型
12647,1,短期入所（ショートステイ）型
12647,2,通所（デイサービス）型（個別）
12647,4,居宅訪問（アウトリーチ）型
12648,2,通所（デイサービス）型（個別）
12648,4,居宅訪問（アウトリーチ）型
12649,2,通所（デイサービス）型（個別）
12649,4,居宅訪問（アウトリーチ）型
12650,3,通所（デイサービス）型（集団）
12650,4,居宅訪問（アウトリーチ）型
12651,2,通所（デイサービス）型（個別）
12651,4,居宅訪問（アウトリーチ）型
12652,2,通所（デイサービス）型（個別）
12652,4,居宅訪問（アウトリーチ）型
12653,2,通所（デイサービス）型（個別）
12654,4,居宅訪問（アウトリーチ）型
12655,3,通所（デイサービス）型（集団）
12656,1,短期入所（ショートステイ）型
12656,2,通所（デイサービス）型（個別）
12656,4,居宅訪問（アウトリーチ）型
12657,1,短期入所（ショートステイ）型
12657,2,通所（デイサービス）型（個別）
12657,4,居宅訪問（アウトリーチ）型
12658,2,通所（デイサービス）型（個別）
12659,2,通所（デイサービス）型（個別）
12660,2,通所（デイサービス）型（個別）
12660,4,居宅訪問（アウトリーチ）型
12661,4,居宅訪問（アウトリーチ）型
12662,2,通所（デイサービス）型（個別）
12662,4,居宅訪問（アウトリーチ）型
12663,2,通所（デイサービス）型（個別）
12663,3,通所（デイサービス）型（集団）
12663,4,居宅訪問（アウトリーチ）型
12664,1,短期入所（ショートステイ）型
12664,2,通所（デイサービス）型（個別）
12664,4,居宅訪問（アウトリーチ）型
12665,1,短期入所（ショートステイ）型
12665,2,通所（デイサービス）型（個別）
12665,4,居宅訪問（アウトリーチ）型
12666,1,短期入所（ショートステイ）型
12666,2,通所（デイサービス）型（個別）
12666,4,居宅訪問（アウトリーチ）型
12667,2,通所（デイサービス）型（個別）
12667,4,居宅訪問（アウトリーチ）型
12668,2,通所（デイサービス）型（個別）
12668,4,居宅訪問（アウトリーチ）型
12669,2,通所（デイサービス）型（個別）
12670,4,居宅訪問（アウトリーチ）型
12671,4,居宅訪問（アウトリーチ）型
12672,2,通所（デイサービス）型（個別）
12672,4,居宅訪問（アウトリーチ）型
12673,4,居宅訪問（アウトリーチ）型
12674,4,居宅訪問（アウトリーチ）型
12675,1,短期入所（ショートステイ）型
12675,2,通所（デイサービス）型（個別）
12675,4,居宅訪問（アウトリーチ）型
12676,2,通所（デイサービス）型（個別）
12677,2,通所（デイサービス）型（個別）
12678,2,通所（デイサービス）型（個別）
12678,4,居宅訪問（アウトリーチ）型
12679,4,居宅訪問（アウトリーチ）型
12680,1,短期入所（ショートステイ）型
12681,3,通所（デイサービス）型（集団）
12682,4,居宅訪問（アウトリーチ）型
12683,4,居宅訪問（アウトリーチ）型
12684,1,短期入所（ショートステイ）型
12685,1,短期入所（ショートステイ）型
12685,2,通所（デイサービス）型（個別）
12685,3,通所（デイサービス）型（集団）
12685,4,居宅訪問（アウトリーチ）型
12686,2,通所（デイサービス）型（個別）
12687,4,居宅訪問（アウトリーチ）型
12688,4,居宅訪問（アウトリーチ）型
12689,2,通所（デイサービス）型（個別）
12690,2,通所（デイサービス）型（個別）
12691,4,居宅訪問（アウトリーチ）型
12692,4,居宅訪問（アウトリーチ）型
12693,4,居宅訪問（アウトリーチ）型
12694,3,通所（デイサービス）型（集団）
12695,2,通所（デイサービス）型（個別）
12696,4,居宅訪問（アウトリーチ）型
12697,3,通所（デイサービス）型（集団）
12698,2,通所（デイサービス）型（個別）
12699,2,通所（デイサービス）型（個別）
12699,4,居宅訪問（アウトリーチ）型
12700,4,居宅訪問（アウトリーチ）型
12701,2,通所（デイサービス）型（個別）
12701,4,居宅訪問（アウトリーチ）型
12702,2,通所（デイサービス）型（個別）
12703,2,通所（デイサービス）型（個別）
12704,2,通所（デイサービス）型（個別）
12704,4,居宅訪問（アウトリーチ）型
12705,2,通所（デイサービス）型（個別）
12705,3,通所（デイサービス）型（集団）
12705,4,居宅訪問（アウトリーチ）型
12706,2,通所（デイサービス）型（個別）
12706,4,居宅訪問（アウトリーチ）型
12707,4,居宅訪問（アウトリーチ）型
12708,4,居宅訪問（アウトリーチ）型
12709,2,通所（デイサービス）型（個別）
12710,4,居宅訪問（アウトリーチ）型
12711,2,通所（デイサービス）型（個別）
12712,2,通所（デイサービス）型（個別）
12712,3,通所（デイサービス）型（集団）
12712,4,居宅訪問（アウトリーチ）型
12713,2,通所（デイサービス）型（個別）
12714,2,通所（デイサービス）型（個別）
12714,3,通所（デイサービス）型（集団）
12714,4,居宅訪問（アウトリーチ）型
12715,4,居宅訪問（アウトリーチ）型
12716,2,通所（デイサービス）型（個別）
12716,4,居宅訪問（アウトリーチ）型
12717,4,居宅訪問（アウトリーチ）型
12718,2,通所（デイサービス）型（個別）
12719,4,居宅訪問（アウトリーチ）型
12720,2,通所（デイサービス）型（個別）
12720,3,通所（デイサービス）型（集団）
12721,4,居宅訪問（アウトリーチ）型
12722,4,居宅訪問（アウトリーチ）型
12723,2,通所（デイサービス）型（個別）
12724,4,居宅訪問（アウトリーチ）型
12725,4,居宅訪問（アウトリーチ）型
12726,4,居宅訪問（アウトリーチ）型
12727,4,居宅訪問（アウトリーチ）型
12728,4,居宅訪問（アウトリーチ）型
12729,4,居宅訪問（アウトリーチ）型
12730,4,居宅訪問（アウトリーチ）型
12731,2,通所（デイサービス）型（個別）
12731,4,居宅訪問（アウトリーチ）型
12732,1,短期入所（ショートステイ）型
12732,2,通所（デイサービス）型（個別）
12732,4,居宅訪問（アウトリーチ）型
12733,1,短期入所（ショートステイ）型
12733,2,通所（デイサービス）型（個別）
12733,4,居宅訪問（アウトリーチ）型
12734,4,居宅訪問（アウトリーチ）型
12735,2,通所（デイサービス）型（個別）
12736,1,短期入所（ショートステイ）型
12737,2,通所（デイサービス）型（個別）
12737,4,居宅訪問（アウトリーチ）型
12738,4,居宅訪問（アウトリーチ）型
12739,4,居宅訪問（アウトリーチ）型
12740,1,短期入所（ショートステイ）型
12740,2,通所（デイサービス）型（個別）
12741,1,短期入所（ショートステイ）型
12741,2,通所（デイサービス）型（個別）
12742,1,短期入所（ショートステイ）型
12743,1,短期入所（ショートステイ）型
12743,2,通所（デイサービス）型（個別）
12744,4,居宅訪問（アウトリーチ）型
12745,2,通所（デイサービス）型（個別）
12745,4,居宅訪問（アウトリーチ）型
12746,4,居宅訪問（アウトリーチ）型
12747,2,通所（デイサービス）型（個別）
12748,2,通所（デイサービス）型（個別）
12748,4,居宅訪問（アウトリーチ）型
12749,2,通所（デイサービス）型（個別）
12749,4,居宅訪問（アウトリーチ）型
12750,2,通所（デイサービス）型（個別）
12750,4,居宅訪問（アウトリーチ）型
12751,2,通所（デイサービス）型（個別）
12751,4,居宅訪問（アウトリーチ）型
12752,2,通所（デイサービス）型（個別）
12752,3,通所（デイサービス）型（集団）
12752,4,居宅訪問（アウトリーチ）型
12753,2,通所（デイサービス）型（個別）
12754,1,短期入所（ショートステイ）型
12754,2,通所（デイサービス）型（個別）
12755,2,通所（デイサービス）型（個別）
12755,4,居宅訪問（アウトリーチ）型
12756,1,短期入所（ショートステイ）型
12756,2,通所（デイサービス）型（個別）
12757,4,居宅訪問（アウトリーチ）型
12758,4,居宅訪問（アウトリーチ）型
12759,4,居宅訪問（アウトリーチ）型
12760,4,居宅訪問（アウトリーチ）型
12761,4,居宅訪問（アウトリーチ）型
12762,4,居宅訪問（アウトリーチ）型
12763,2,通所（デイサービス）型（個別）
12763,4,居宅訪問（アウトリーチ）型
12764,2,通所（デイサービス）型（個別）
12764,4,居宅訪問（アウトリーチ）型
12765,2,通所（デイサービス）型（個別）
12765,4,居宅訪問（アウトリーチ）型
12766,4,居宅訪問（アウトリーチ）型
12767,4,居宅訪問（アウトリーチ）型
12768,4,居宅訪問（アウトリーチ）型
12769,2,通所（デイサービス）型（個別）
12770,4,居宅訪問（アウトリーチ）型
12771,2,通所（デイサービス）型（個別）
12772,2,通所（デイサービス）型（個別）
12772,4,居宅訪問（アウトリーチ）型
12773,2,通所（デイサービス）型（個別）
12773,4,居宅訪問（アウトリーチ）型
12774,4,居宅訪問（アウトリーチ）型
12775,2,通所（デイサービス）型（個別）
12776,2,通所（デイサービス）型（個別）
12776,4,居宅訪問（アウトリーチ）型
12777,2,通所（デイサービス）型（個別）
12777,4,居宅訪問（アウトリーチ）型
12778,4,居宅訪問（アウトリーチ）型
12779,3,通所（デイサービス）型（集団）
12779,4,居宅訪問（アウトリーチ）型
12780,2,通所（デイサービス）型（個別）
12781,2,通所（デイサービス）型（個別）
12781,4,居宅訪問（アウトリーチ）型
12782,4,居宅訪問（アウトリーチ）型
12783,2,通所（デイサービス）型（個別）
12783,4,居宅訪問（アウトリーチ）型
12784,1,短期入所（ショートステイ）型
12784,2,通所（デイサービス）型（個別）
12785,4,居宅訪問（アウトリーチ）型
12786,4,居宅訪問（アウトリーチ）型
12787,2,通所（デイサービス）型（個別）
12787,4,居宅訪問（アウトリーチ）型
12788,4,居宅訪問（アウトリーチ）型
12789,4,居宅訪問（アウトリーチ）型
12790,2,通所（デイサービス）型（個別）
12791,4,居宅訪問（アウトリーチ）型
12792,2,通所（デイサービス）型（個別）
12793,2,通所（デイサービス）型（個別）
12794,4,居宅訪問（アウトリーチ）型
12795,4,居宅訪問（アウトリーチ）型
12796,4,居宅訪問（アウトリーチ）型
12797,4,居宅訪問（アウトリーチ）型
12798,4,居宅訪問（アウトリーチ）型
12799,4,居宅訪問（アウトリーチ）型
12800,4,居宅訪問（アウトリーチ）型
12801,4,居宅訪問（アウトリーチ）型
12802,4,居宅訪問（アウトリーチ）型
12803,1,短期入所（ショートステイ）型
12803,2,通所（デイサービス）型（個別）
12803,3,通所（デイサービス）型（集団）
12803,4,居宅訪問（アウトリーチ）型
12804,1,短期入所（ショートステイ）型
12804,2,通所（デイサービス）型（個別）
12804,3,通所（デイサービス）型（集団）
12804,4,居宅訪問（アウトリーチ）型
12805,1,短期入所（ショートステイ）型
12805,2,通所（デイサービス）型（個別）
12805,3,通所（デイサービス）型（集団）
12805,4,居宅訪問（アウトリーチ）型
12806,1,短期入所（ショートステイ）型
12806,2,通所（デイサービス）型（個別）
12806,3,通所（デイサービス）型（集団）
12806,4,居宅訪問（アウトリーチ）型
12807,1,短期入所（ショートステイ）型
12807,2,通所（デイサービス）型（個別）
12807,3,通所（デイサービス）型（集団）
12807,4,居宅訪問（アウトリーチ）型
12808,1,短期入所（ショートステイ）型
12808,2,通所（デイサービス）型（個別）
12808,3,通所（デイサービス）型（集団）
12808,4,居宅訪問（アウトリーチ）型
12809,1,短期入所（ショートステイ）型
12809,2,通所（デイサービス）型（個別）
12809,3,通所（デイサービス）型（集団）
12809,4,居宅訪問（アウトリーチ）型
12810,1,短期入所（ショートステイ）型
12810,2,通所（デイサービス）型（個別）
12810,3,通所（デイサービス）型（集団）
12810,4,居宅訪問（アウトリーチ）型
12811,1,短期入所（ショートステイ）型
12811,2,通所（デイサービス）型（個別）
12811,3,通所（デイサービス）型（集団）
12811,4,居宅訪問（アウトリーチ）型
12812,1,短期入所（ショートステイ）型
12812,2,通所（デイサービス）型（個別）
12812,3,通所（デイサービス）型（集団）
12812,4,居宅訪問（アウトリーチ）型
12813,1,短期入所（ショートステイ）型
12813,2,通所（デイサービス）型（個別）
12813,3,通所（デイサービス）型（集団）
12813,4,居宅訪問（アウトリーチ）型
12814,1,短期入所（ショートステイ）型
12814,2,通所（デイサービス）型（個別）
12814,3,通所（デイサービス）型（集団）
12814,4,居宅訪問（アウトリーチ）型
12815,1,短期入所（ショートステイ）型
12815,2,通所（デイサービス）型（個別）
12815,3,通所（デイサービス）型（集団）
12815,4,居宅訪問（アウトリーチ）型
12816,1,短期入所（ショートステイ）型
12816,2,通所（デイサービス）型（個別）
12816,3,通所（デイサービス）型（集団）
12816,4,居宅訪問（アウトリーチ）型
12817,1,短期入所（ショートステイ）型
12817,2,通所（デイサービス）型（個別）
12817,3,通所（デイサービス）型（集団）
12817,4,居宅訪問（アウトリーチ）型
12818,1,短期入所（ショートステイ）型
12818,2,通所（デイサービス）型（個別）
12818,3,通所（デイサービス）型（集団）
12818,4,居宅訪問（アウトリーチ）型
12819,1,短期入所（ショートステイ）型
12819,2,通所（デイサービス）型（個別）
12819,3,通所（デイサービス）型（集団）
12819,4,居宅訪問（アウトリーチ）型
12820,1,短期入所（ショートステイ）型
12820,2,通所（デイサービス）型（個別）
12820,3,通所（デイサービス）型（集団）
12820,4,居宅訪問（アウトリーチ）型
12821,1,短期入所（ショートステイ）型
12821,2,通所（デイサービス）型（個別）
12821,3,通所（デイサービス）型（集団）
12821,4,居宅訪問（アウトリーチ）型
12822,1,短期入所（ショートステイ）型
12822,2,通所（デイサービス）型（個別）
12822,3,通所（デイサービス）型（集団）
12822,4,居宅訪問（アウトリーチ）型
12823,1,短期入所（ショートステイ）型
12823,2,通所（デイサービス）型（個別）
12823,3,通所（デイサービス）型（集団）
12823,4,居宅訪問（アウトリーチ）型
12824,1,短期入所（ショートステイ）型
12824,2,通所（デイサービス）型（個別）
12824,3,通所（デイサービス）型（集団）
12824,4,居宅訪問（アウトリーチ）型
12825,1,短期入所（ショートステイ）型
12825,2,通所（デイサービス）型（個別）
12825,3,通所（デイサービス）型（集団）
12825,4,居宅訪問（アウトリーチ）型
12826,1,短期入所（ショートステイ）型
12826,2,通所（デイサービス）型（個別）
12826,3,通所（デイサービス）型（集団）
12826,4,居宅訪問（アウトリーチ）型
12827,1,短期入所（ショートステイ）型
12827,2,通所（デイサービス）型（個別）
12827,3,通所（デイサービス）型（集団）
12827,4,居宅訪問（アウトリーチ）型
12828,1,短期入所（ショートステイ）型
12828,2,通所（デイサービス）型（個別）
12828,3,通所（デイサービス）型（集団）
12828,4,居宅訪問（アウトリーチ）型
12829,1,短期入所（ショートステイ）型
12829,2,通所（デイサービス）型（個別）
12829,3,通所（デイサービス）型（集団）
12829,4,居宅訪問（アウトリーチ）型
12830,1,短期入所（ショートステイ）型
12830,2,通所（デイサービス）型（個別）
12830,3,通所（デイサービス）型（集団）
12830,4,居宅訪問（アウトリーチ）型
12831,1,短期入所（ショートステイ）型
12831,2,通所（デイサービス）型（個別）
12831,3,通所（デイサービス）型（集団）
12831,4,居宅訪問（アウトリーチ）型
12832,1,短期入所（ショートステイ）型
12832,2,通所（デイサービス）型（個別）
12832,3,通所（デイサービス）型（集団）
12832,4,居宅訪問（アウトリーチ）型
12833,1,短期入所（ショートステイ）型
12833,2,通所（デイサービス）型（個別）
12833,3,通所（デイサービス）型（集団）
12833,4,居宅訪問（アウトリーチ）型
12834,1,短期入所（ショートステイ）型
12834,2,通所（デイサービス）型（個別）
12834,3,通所（デイサービス）型（集団）
12834,4,居宅訪問（アウトリーチ）型
12835,1,短期入所（ショートステイ）型
12835,2,通所（デイサービス）型（個別）
12835,3,通所（デイサービス）型（集団）
12835,4,居宅訪問（アウトリーチ）型
12836,1,短期入所（ショートステイ）型
12836,2,通所（デイサービス）型（個別）
12836,3,通所（デイサービス）型（集団）
12836,4,居宅訪問（アウトリーチ）型
12837,1,短期入所（ショートステイ）型
12837,2,通所（デイサービス）型（個別）
12837,3,通所（デイサービス）型（集団）
12837,4,居宅訪問（アウトリーチ）型
12838,1,短期入所（ショートステイ）型
12838,2,通所（デイサービス）型（個別）
12838,3,通所（デイサービス）型（集団）
12838,4,居宅訪問（アウトリーチ）型
12839,1,短期入所（ショートステイ）型
12839,2,通所（デイサービス）型（個別）
12839,3,通所（デイサービス）型（集団）
12839,4,居宅訪問（アウトリーチ）型
12840,1,短期入所（ショートステイ）型
12840,2,通所（デイサービス）型（個別）
12840,3,通所（デイサービス）型（集団）
12840,4,居宅訪問（アウトリーチ）型
12841,1,短期入所（ショートステイ）型
12841,2,通所（デイサービス）型（個別）
12841,3,通所（デイサービス）型（集団）
12841,4,居宅訪問（アウトリーチ）型
12842,1,短期入所（ショートステイ）型
12842,2,通所（デイサービス）型（個別）
12842,3,通所（デイサービス）型（集団）
12842,4,居宅訪問（アウトリーチ）型
12843,1,短期入所（ショートステイ）型
12843,2,通所（デイサービス）型（個別）
12843,3,通所（デイサービス）型（集団）
12843,4,居宅訪問（アウトリーチ）型
12844,1,短期入所（ショートステイ）型
12844,2,通所（デイサービス）型（個別）
12844,3,通所（デイサービス）型（集団）
12844,4,居宅訪問（アウトリーチ）型
12845,1,短期入所（ショートステイ）型
12845,2,通所（デイサービス）型（個別）
12845,3,通所（デイサービス）型（集団）
12845,4,居宅訪問（アウトリーチ）型
12846,1,短期入所（ショートステイ）型
12846,2,通所（デイサービス）型（個別）
12846,3,通所（デイサービス）型（集団）
12846,4,居宅訪問（アウトリーチ）型
12847,1,短期入所（ショートステイ）型
12847,2,通所（デイサービス）型（個別）
12847,3,通所（デイサービス）型（集団）
12847,4,居宅訪問（アウトリーチ）型
12848,1,短期入所（ショートステイ）型
12848,2,通所（デイサービス）型（個別）
12848,3,通所（デイサービス）型（集団）
12848,4,居宅訪問（アウトリーチ）型
12849,1,短期入所（ショートステイ）型
12849,2,通所（デイサービス）型（個別）
12849,3,通所（デイサービス）型（集団）
12849,4,居宅訪問（アウトリーチ）型
12850,1,短期入所（ショートステイ）型
12850,2,通所（デイサービス）型（個別）
12850,3,通所（デイサービス）型（集団）
12850,4,居宅訪問（アウトリーチ）型
12851,2,通所（デイサービス）型（個別）
12852,2,通所（デイサービス）型（個別）
12853,2,通所（デイサービス）型（個別）
12854,1,短期入所（ショートステイ）型
12854,2,通所（デイサービス）型（個別）
12854,3,通所（デイサービス）型（集団）
12854,4,居宅訪問（アウトリーチ）型
12855,4,居宅訪問（アウトリーチ）型
12856,1,短期入所（ショートステイ）型
12856,2,通所（デイサービス）型（個別）
12856,4,居宅訪問（アウトリーチ）型
12857,4,居宅訪問（アウトリーチ）型
12858,2,通所（デイサービス）型（個別）
12858,3,通所（デイサービス）型（集団）
12859,4,居宅訪問（アウトリーチ）型
12860,1,短期入所（ショートステイ）型
12861,1,短期入所（ショートステイ）型
12861,2,通所（デイサービス）型（個別）
12862,1,短期入所（ショートステイ）型
12862,2,通所（デイサービス）型（個別）
12863,1,短期入所（ショートステイ）型
12864,2,通所（デイサービス）型（個別）
12865,2,通所（デイサービス）型（個別）
12866,1,短期入所（ショートステイ）型
12866,2,通所（デイサービス）型（個別）
12867,4,居宅訪問（アウトリーチ）型
12868,2,通所（デイサービス）型（個別）
12868,4,居宅訪問（アウトリーチ）型
12869,4,居宅訪問（アウトリーチ）型
12870,4,居宅訪問（アウトリーチ）型
12871,1,短期入所（ショートステイ）型
12872,2,通所（デイサービス）型（個別）
12873,2,通所（デイサービス）型（個別）
12874,2,通所（デイサービス）型（個別）
12875,4,居宅訪問（アウトリーチ）型
12876,4,居宅訪問（アウトリーチ）型
12877,2,通所（デイサービス）型（個別）
12878,4,居宅訪問（アウトリーチ）型
12879,2,通所（デイサービス）型（個別）
12880,3,通所（デイサービス）型（集団）
12880,4,居宅訪問（アウトリーチ）型
12881,2,通所（デイサービス）型（個別）
12881,4,居宅訪問（アウトリーチ）型
12882,1,短期入所（ショートステイ）型
12882,2,通所（デイサービス）型（個別）
12883,2,通所（デイサービス）型（個別）
12883,4,居宅訪問（アウトリーチ）型
12884,2,通所（デイサービス）型（個別）
12884,4,居宅訪問（アウトリーチ）型
12885,2,通所（デイサービス）型（個別）
12885,4,居宅訪問（アウトリーチ）型
12886,4,居宅訪問（アウトリーチ）型
12887,4,居宅訪問（アウトリーチ）型
12888,4,居宅訪問（アウトリーチ）型
12889,4,居宅訪問（アウトリーチ）型
12890,2,通所（デイサービス）型（個別）
12890,4,居宅訪問（アウトリーチ）型
12891,2,通所（デイサービス）型（個別）
12891,4,居宅訪問（アウトリーチ）型
12892,2,通所（デイサービス）型（個別）
12892,4,居宅訪問（アウトリーチ）型
12893,2,通所（デイサービス）型（個別）
12893,4,居宅訪問（アウトリーチ）型
12894,4,居宅訪問（アウトリーチ）型
12895,3,通所（デイサービス）型（集団）
12896,4,居宅訪問（アウトリーチ）型
12897,4,居宅訪問（アウトリーチ）型
12898,2,通所（デイサービス）型（個別）
12898,4,居宅訪問（アウトリーチ）型
12899,1,短期入所（ショートステイ）型
12899,2,通所（デイサービス）型（個別）
12900,4,居宅訪問（アウトリーチ）型
12901,2,通所（デイサービス）型（個別）
12901,4,居宅訪問（アウトリーチ）型
12902,4,居宅訪問（アウトリーチ）型
12903,2,通所（デイサービス）型（個別）
12903,4,居宅訪問（アウトリーチ）型
12904,4,居宅訪問（アウトリーチ）型
12905,4,居宅訪問（アウトリーチ）型
12906,4,居宅訪問（アウトリーチ）型
12907,4,居宅訪問（アウトリーチ）型
12908,4,居宅訪問（アウトリーチ）型
12909,1,短期入所（ショートステイ）型
12909,2,通所（デイサービス）型（個別）
12910,4,居宅訪問（アウトリーチ）型
12911,4,居宅訪問（アウトリーチ）型
12912,4,居宅訪問（アウトリーチ）型
12913,2,通所（デイサービス）型（個別）
12915,2,通所（デイサービス）型（個別）
12915,4,居宅訪問（アウトリーチ）型
12916,1,短期入所（ショートステイ）型
12916,2,通所（デイサービス）型（個別）
12916,4,居宅訪問（アウトリーチ）型
12917,1,短期入所（ショートステイ）型
12917,2,通所（デイサービス）型（個別）
12917,4,居宅訪問（アウトリーチ）型
12918,1,短期入所（ショートステイ）型
12918,2,通所（デイサービス）型（個別）
12918,4,居宅訪問（アウトリーチ）型
12919,2,通所（デイサービス）型（個別）
12919,4,居宅訪問（アウトリーチ）型
12920,4,居宅訪問（アウトリーチ）型
12921,1,短期入所（ショートステイ）型
12921,2,通所（デイサービス）型（個別）
12921,3,通所（デイサービス）型（集団）
12921,4,居宅訪問（アウトリーチ）型
12922,1,短期入所（ショートステイ）型
12922,2,通所（デイサービス）型（個別）
12922,4,居宅訪問（アウトリーチ）型
12923,1,短期入所（ショートステイ）型
12923,2,通所（デイサービス）型（個別）
12923,4,居宅訪問（アウトリーチ）型
12924,1,短期入所（ショートステイ）型
12924,2,通所（デイサービス）型（個別）
12924,4,居宅訪問（アウトリーチ）型
12925,2,通所（デイサービス）型（個別）
12925,4,居宅訪問（アウトリーチ）型
12926,1,短期入所（ショートステイ）型
12926,2,通所（デイサービス）型（個別）
12926,4,居宅訪問（アウトリーチ）型
12927,1,短期入所（ショートステイ）型
12927,2,通所（デイサービス）型（個別）
12927,4,居宅訪問（アウトリーチ）型
12928,1,短期入所（ショートステイ）型
12928,2,通所（デイサービス）型（個別）
12929,1,短期入所（ショートステイ）型
12929,2,通所（デイサービス）型（個別）
12929,4,居宅訪問（アウトリーチ）型
12930,1,短期入所（ショートステイ）型
12930,2,通所（デイサービス）型（個別）
12930,4,居宅訪問（アウトリーチ）型
12931,2,通所（デイサービス）型（個別）
12932,1,短期入所（ショートステイ）型
12932,2,通所（デイサービス）型（個別）
12932,4,居宅訪問（アウトリーチ）型
12933,1,短期入所（ショートステイ）型
12933,2,通所（デイサービス）型（個別）
12934,1,短期入所（ショートステイ）型
12934,2,通所（デイサービス）型（個別）
12934,4,居宅訪問（アウトリーチ）型
12935,1,短期入所（ショートステイ）型
12935,2,通所（デイサービス）型（個別）
12935,4,居宅訪問（アウトリーチ）型
12936,4,居宅訪問（アウトリーチ）型
12937,4,居宅訪問（アウトリーチ）型
12938,4,居宅訪問（アウトリーチ）型
12939,2,通所（デイサービス）型（個別）
12940,1,短期入所（ショートステイ）型
12940,2,通所（デイサービス）型（個別）
12941,2,通所（デイサービス）型（個別）
12942,4,居宅訪問（アウトリーチ）型
12943,1,短期入所（ショートステイ）型
12943,4,居宅訪問（アウトリーチ）型
12944,1,短期入所（ショートステイ）型
12944,2,通所（デイサービス）型（個別）
12944,4,居宅訪問（アウトリーチ）型
12945,2,通所（デイサービス）型（個別）
12945,4,居宅訪問（アウトリーチ）型
12946,2,通所（デイサービス）型（個別）
12947,1,短期入所（ショートステイ）型
12947,2,通所（デイサービス）型（個別）
12948,4,居宅訪問（アウトリーチ）型
12949,4,居宅訪問（アウトリーチ）型
12950,4,居宅訪問（アウトリーチ）型
12951,4,居宅訪問（アウトリーチ）型
12952,4,居宅訪問（アウトリーチ）型
12953,4,居宅訪問（アウトリーチ）型
12954,4,居宅訪問（アウトリーチ）型
12955,2,通所（デイサービス）型（個別）
12956,2,通所（デイサービス）型（個別）
12957,2,通所（デイサービス）型（個別）
12957,4,居宅訪問（アウトリーチ）型
12958,2,通所（デイサービス）型（個別）
12958,4,居宅訪問（アウトリーチ）型
12959,4,居宅訪問（アウトリーチ）型
12960,2,通所（デイサービス）型（個別）
12961,2,通所（デイサービス）型（個別）
12962,1,短期入所（ショートステイ）型
12963,4,居宅訪問（アウトリーチ）型
12964,4,居宅訪問（アウトリーチ）型
12965,4,居宅訪問（アウトリーチ）型
12966,4,居宅訪問（アウトリーチ）型
12968,1,短期入所（ショートステイ）型
12968,2,通所（デイサービス）型（個別）
12969,1,短期入所（ショートステイ）型
12969,2,通所（デイサービス）型（個別）
12969,3,通所（デイサービス）型（集団）
12969,4,居宅訪問（アウトリーチ）型
12970,4,居宅訪問（アウトリーチ）型
12971,2,通所（デイサービス）型（個別）
12971,4,居宅訪問（アウトリーチ）型
12972,4,居宅訪問（アウトリーチ）型
12973,4,居宅訪問（アウトリーチ）型
12974,1,短期入所（ショートステイ）型
12975,2,通所（デイサービス）型（個別）
12976,4,居宅訪問（アウトリーチ）型
12977,4,居宅訪問（アウトリーチ）型
12978,4,居宅訪問（アウトリーチ）型
12979,4,居宅訪問（アウトリーチ）型
12980,4,居宅訪問（アウトリーチ）型
12981,4,居宅訪問（アウトリーチ）型
12982,2,通所（デイサービス）型（個別）
12982,3,通所（デイサービス）型（集団）
12983,2,通所（デイサービス）型（個別）
12983,3,通所（デイサービス）型（集団）
12983,4,居宅訪問（アウトリーチ）型
12984,4,居宅訪問（アウトリーチ）型
12985,4,居宅訪問（アウトリーチ）型
12986,4,居宅訪問（アウトリーチ）型
12987,4,居宅訪問（アウトリーチ）型
12988,1,短期入所（ショートステイ）型
12989,2,通所（デイサービス）型（個別）
12989,4,居宅訪問（アウトリーチ）型
12990,4,居宅訪問（アウトリーチ）型
12991,4,居宅訪問（アウトリーチ）型
12992,4,居宅訪問（アウトリーチ）型
12993,2,通所（デイサービス）型（個別）
12994,1,短期入所（ショートステイ）型
12995,4,居宅訪問（アウトリーチ）型
12996,4,居宅訪問（アウトリーチ）型
12997,4,居宅訪問（アウトリーチ）型
13000,4,居宅訪問（アウトリーチ）型
13001,4,居宅訪問（アウトリーチ）型
13002,2,通所（デイサービス）型（個別）
13003,2,通所（デイサービス）型（個別）
13004,1,短期入所（ショートステイ）型
13004,2,通所（デイサービス）型（個別）
13004,4,居宅訪問（アウトリーチ）型
13005,2,通所（デイサービス）型（個別）
13006,4,居宅訪問（アウトリーチ）型
13007,2,通所（デイサービス）型（個別）
13008,4,居宅訪問（アウトリーチ）型
13009,2,通所（デイサービス）型（個別）
13010,2,通所（デイサービス）型（個別）
13011,1,短期入所（ショートステイ）型
13011,2,通所（デイサービス）型（個別）
13012,2,通所（デイサービス）型（個別）
13012,4,居宅訪問（アウトリーチ）型
13013,1,短期入所（ショートステイ）型
13013,2,通所（デイサービス）型（個別）
13013,4,居宅訪問（アウトリーチ）型
13014,1,短期入所（ショートステイ）型
13014,2,通所（デイサービス）型（個別）
13014,4,居宅訪問（アウトリーチ）型
13015,1,短期入所（ショートステイ）型
13015,2,通所（デイサービス）型（個別）
13016,4,居宅訪問（アウトリーチ）型
13017,4,居宅訪問（アウトリーチ）型
13018,4,居宅訪問（アウトリーチ）型
13019,4,居宅訪問（アウトリーチ）型
13020,1,短期入所（ショートステイ）型
13020,2,通所（デイサービス）型（個別）
13021,4,居宅訪問（アウトリーチ）型
13022,4,居宅訪問（アウトリーチ）型
13023,4,居宅訪問（アウトリーチ）型
13024,4,居宅訪問（アウトリーチ）型
13025,4,居宅訪問（アウトリーチ）型
13026,4,居宅訪問（アウトリーチ）型
13027,2,通所（デイサービス）型（個別）
13027,4,居宅訪問（アウトリーチ）型
13028,1,短期入所（ショートステイ）型
13028,2,通所（デイサービス）型（個別）
13029,1,短期入所（ショートステイ）型
13029,2,通所（デイサービス）型（個別）
13030,2,通所（デイサービス）型（個別）
13031,2,通所（デイサービス）型（個別）
13031,4,居宅訪問（アウトリーチ）型
13032,2,通所（デイサービス）型（個別）
13032,4,居宅訪問（アウトリーチ）型
13034,1,短期入所（ショートステイ）型
13034,2,通所（デイサービス）型（個別）
13035,1,短期入所（ショートステイ）型
13036,1,短期入所（ショートステイ）型
13036,2,通所（デイサービス）型（個別）
13037,4,居宅訪問（アウトリーチ）型
13038,4,居宅訪問（アウトリーチ）型
13039,4,居宅訪問（アウトリーチ）型
13040,4,居宅訪問（アウトリーチ）型
13041,1,短期入所（ショートステイ）型
13041,2,通所（デイサービス）型（個別）
13042,1,短期入所（ショートステイ）型
13043,4,居宅訪問（アウトリーチ）型
13044,4,居宅訪問（アウトリーチ）型
13045,4,居宅訪問（アウトリーチ）型
13046,1,短期入所（ショートステイ）型
13046,2,通所（デイサービス）型（個別）
13047,1,短期入所（ショートステイ）型
13047,2,通所（デイサービス）型（個別）
13048,2,通所（デイサービス）型（個別）
13049,2,通所（デイサービス）型（個別）
13050,2,通所（デイサービス）型（個別）
13050,4,居宅訪問（アウトリーチ）型
13051,1,短期入所（ショートステイ）型
13051,2,通所（デイサービス）型（個別）
13052,4,居宅訪問（アウトリーチ）型
13053,2,通所（デイサービス）型（個別）
13054,1,短期入所（ショートステイ）型
13054,2,通所（デイサービス）型（個別）
13054,3,通所（デイサービス）型（集団）
13054,4,居宅訪問（アウトリーチ）型
13055,2,通所（デイサービス）型（個別）
13056,2,通所（デイサービス）型（個別）
13057,2,通所（デイサービス）型（個別）
13058,2,通所（デイサービス）型（個別）
13059,2,通所（デイサービス）型（個別）
13060,4,居宅訪問（アウトリーチ）型
13061,1,短期入所（ショートステイ）型
13061,2,通所（デイサービス）型（個別）
13062,1,短期入所（ショートステイ）型
13062,2,通所（デイサービス）型（個別）
13063,2,通所（デイサービス）型（個別）
13064,2,通所（デイサービス）型（個別）
13065,1,短期入所（ショートステイ）型
13065,2,通所（デイサービス）型（個別）
13066,1,短期入所（ショートステイ）型
13067,1,短期入所（ショートステイ）型
13067,2,通所（デイサービス）型（個別）
13068,2,通所（デイサービス）型（個別）
13069,4,居宅訪問（アウトリーチ）型
13070,2,通所（デイサービス）型（個別）
13071,2,通所（デイサービス）型（個別）
13071,4,居宅訪問（アウトリーチ）型
13072,2,通所（デイサービス）型（個別）
13074,4,居宅訪問（アウトリーチ）型
13075,2,通所（デイサービス）型（個別）
13076,1,短期入所（ショートステイ）型
13076,2,通所（デイサービス）型（個別）
13076,4,居宅訪問（アウトリーチ）型
13077,2,通所（デイサービス）型（個別）
13077,4,居宅訪問（アウトリーチ）型
13078,1,短期入所（ショートステイ）型
13078,2,通所（デイサービス）型（個別）
13079,2,通所（デイサービス）型（個別）
13080,2,通所（デイサービス）型（個別）
13081,2,通所（デイサービス）型（個別）
13082,1,短期入所（ショートステイ）型
13082,2,通所（デイサービス）型（個別）
13083,1,短期入所（ショートステイ）型
13083,2,通所（デイサービス）型（個別）
13084,1,短期入所（ショートステイ）型
13084,2,通所（デイサービス）型（個別）
13085,1,短期入所（ショートステイ）型
13085,2,通所（デイサービス）型（個別）
13086,2,通所（デイサービス）型（個別）
13086,4,居宅訪問（アウトリーチ）型
13087,1,短期入所（ショートステイ）型
13087,2,通所（デイサービス）型（個別）
13088,1,短期入所（ショートステイ）型
13088,2,通所（デイサービス）型（個別）
13089,1,短期入所（ショートステイ）型
13089,2,通所（デイサービス）型（個別）
13090,1,短期入所（ショートステイ）型
13090,2,通所（デイサービス）型（個別）
13091,1,短期入所（ショートステイ）型
13091,2,通所（デイサービス）型（個別）
13092,1,短期入所（ショートステイ）型
13092,2,通所（デイサービス）型（個別）
13093,1,短期入所（ショートステイ）型
13093,2,通所（デイサービス）型（個別）
13094,4,居宅訪問（アウトリーチ）型
13095,1,短期入所（ショートステイ）型
13095,2,通所（デイサービス）型（個別）
13095,4,居宅訪問（アウトリーチ）型
13096,2,通所（デイサービス）型（個別）
13096,4,居宅訪問（アウトリーチ）型
13097,2,通所（デイサービス）型（個別）
13097,4,居宅訪問（アウトリーチ）型
13098,1,短期入所（ショートステイ）型
13098,2,通所（デイサービス）型（個別）
13098,4,居宅訪問（アウトリーチ）型
13099,1,短期入所（ショートステイ）型
13099,2,通所（デイサービス）型（個別）
13099,3,通所（デイサービス）型（集団）
13099,4,居宅訪問（アウトリーチ）型
13100,2,通所（デイサービス）型（個別）
13100,4,居宅訪問（アウトリーチ）型
13102,1,短期入所（ショートステイ）型
13102,2,通所（デイサービス）型（個別）
13103,1,短期入所（ショートステイ）型
13103,2,通所（デイサービス）型（個別）
13104,4,居宅訪問（アウトリーチ）型
13105,2,通所（デイサービス）型（個別）
13105,4,居宅訪問（アウトリーチ）型
13106,2,通所（デイサービス）型（個別）
13106,4,居宅訪問（アウトリーチ）型
13107,4,居宅訪問（アウトリーチ）型
13108,1,短期入所（ショートステイ）型
13108,2,通所（デイサービス）型（個別）
13109,2,通所（デイサービス）型（個別）
13109,4,居宅訪問（アウトリーチ）型
13110,4,居宅訪問（アウトリーチ）型
13111,2,通所（デイサービス）型（個別）
13112,4,居宅訪問（アウトリーチ）型
13113,1,短期入所（ショートステイ）型
13113,2,通所（デイサービス）型（個別）
13114,2,通所（デイサービス）型（個別）
13114,4,居宅訪問（アウトリーチ）型
13115,4,居宅訪問（アウトリーチ）型
13116,1,短期入所（ショートステイ）型
13116,2,通所（デイサービス）型（個別）
13116,4,居宅訪問（アウトリーチ）型
13117,1,短期入所（ショートステイ）型
13117,2,通所（デイサービス）型（個別）
13118,1,短期入所（ショートステイ）型
13118,2,通所（デイサービス）型（個別）
13119,1,短期入所（ショートステイ）型
13119,2,通所（デイサービス）型（個別）
13120,4,居宅訪問（アウトリーチ）型
13121,4,居宅訪問（アウトリーチ）型
13122,1,短期入所（ショートステイ）型
13123,4,居宅訪問（アウトリーチ）型
13124,1,短期入所（ショートステイ）型
13124,2,通所（デイサービス）型（個別）
13125,4,居宅訪問（アウトリーチ）型
13126,4,居宅訪問（アウトリーチ）型
13127,1,短期入所（ショートステイ）型
13127,2,通所（デイサービス）型（個別）
13128,4,居宅訪問（アウトリーチ）型
13129,2,通所（デイサービス）型（個別）
13129,4,居宅訪問（アウトリーチ）型
13130,4,居宅訪問（アウトリーチ）型
13131,4,居宅訪問（アウトリーチ）型
13132,4,居宅訪問（アウトリーチ）型
13133,4,居宅訪問（アウトリーチ）型
13134,2,通所（デイサービス）型（個別）
13135,4,居宅訪問（アウトリーチ）型
13136,4,居宅訪問（アウトリーチ）型
13137,4,居宅訪問（アウトリーチ）型
13138,2,通所（デイサービス）型（個別）
13139,2,通所（デイサービス）型（個別）
13139,4,居宅訪問（アウトリーチ）型
13140,1,短期入所（ショートステイ）型
13141,2,通所（デイサービス）型（個別）
13142,4,居宅訪問（アウトリーチ）型
13143,4,居宅訪問（アウトリーチ）型
13144,4,居宅訪問（アウトリーチ）型
13145,4,居宅訪問（アウトリーチ）型
13146,4,居宅訪問（アウトリーチ）型
13147,4,居宅訪問（アウトリーチ）型
13148,2,通所（デイサービス）型（個別）
13148,4,居宅訪問（アウトリーチ）型
13149,2,通所（デイサービス）型（個別）
13149,4,居宅訪問（アウトリーチ）型
13150,4,居宅訪問（アウトリーチ）型
13151,4,居宅訪問（アウトリーチ）型
13152,4,居宅訪問（アウトリーチ）型
13154,4,居宅訪問（アウトリーチ）型
13155,3,通所（デイサービス）型（集団）
13156,1,短期入所（ショートステイ）型
13156,2,通所（デイサービス）型（個別）
13157,1,短期入所（ショートステイ）型
13157,2,通所（デイサービス）型（個別）
13158,3,通所（デイサービス）型（集団）
13159,4,居宅訪問（アウトリーチ）型
13160,2,通所（デイサービス）型（個別）
13161,2,通所（デイサービス）型（個別）
13161,4,居宅訪問（アウトリーチ）型
13162,2,通所（デイサービス）型（個別）
13162,4,居宅訪問（アウトリーチ）型
13163,4,居宅訪問（アウトリーチ）型
13164,4,居宅訪問（アウトリーチ）型
13165,4,居宅訪問（アウトリーチ）型
13166,2,通所（デイサービス）型（個別）
13167,2,通所（デイサービス）型（個別）
13167,4,居宅訪問（アウトリーチ）型
13169,4,居宅訪問（アウトリーチ）型
13170,1,短期入所（ショートステイ）型
13170,2,通所（デイサービス）型（個別）
13170,4,居宅訪問（アウトリーチ）型
13171,1,短期入所（ショートステイ）型
13171,2,通所（デイサービス）型（個別）
13171,4,居宅訪問（アウトリーチ）型
13172,4,居宅訪問（アウトリーチ）型
13173,4,居宅訪問（アウトリーチ）型
13174,4,居宅訪問（アウトリーチ）型
13175,1,短期入所（ショートステイ）型
13175,2,通所（デイサービス）型（個別）
13175,4,居宅訪問（アウトリーチ）型
13176,1,短期入所（ショートステイ）型
13176,2,通所（デイサービス）型（個別）
13177,2,通所（デイサービス）型（個別）
13178,4,居宅訪問（アウトリーチ）型
13179,1,短期入所（ショートステイ）型
13179,2,通所（デイサービス）型（個別）
13180,1,短期入所（ショートステイ）型
13180,2,通所（デイサービス）型（個別）
13181,1,短期入所（ショートステイ）型
13181,2,通所（デイサービス）型（個別）
13182,2,通所（デイサービス）型（個別）
13183,2,通所（デイサービス）型（個別）
13184,2,通所（デイサービス）型（個別）
13185,1,短期入所（ショートステイ）型
13185,2,通所（デイサービス）型（個別）
13186,2,通所（デイサービス）型（個別）
13187,4,居宅訪問（アウトリーチ）型
13188,4,居宅訪問（アウトリーチ）型
13189,4,居宅訪問（アウトリーチ）型
13190,4,居宅訪問（アウトリーチ）型
13191,4,居宅訪問（アウトリーチ）型
13192,4,居宅訪問（アウトリーチ）型
13193,4,居宅訪問（アウトリーチ）型
13194,2,通所（デイサービス）型（個別）
13194,4,居宅訪問（アウトリーチ）型
13195,4,居宅訪問（アウトリーチ）型
13196,2,通所（デイサービス）型（個別）
13196,4,居宅訪問（アウトリーチ）型
13197,2,通所（デイサービス）型（個別）
13197,3,通所（デイサービス）型（集団）
13197,4,居宅訪問（アウトリーチ）型
13198,4,居宅訪問（アウトリーチ）型
13199,4,居宅訪問（アウトリーチ）型
13200,2,通所（デイサービス）型（個別）
13201,2,通所（デイサービス）型（個別）
13201,4,居宅訪問（アウトリーチ）型
13202,4,居宅訪問（アウトリーチ）型
13203,4,居宅訪問（アウトリーチ）型
13204,2,通所（デイサービス）型（個別）
13204,3,通所（デイサービス）型（集団）
13205,4,居宅訪問（アウトリーチ）型
13206,2,通所（デイサービス）型（個別）
13206,3,通所（デイサービス）型（集団）
13207,2,通所（デイサービス）型（個別）
13208,2,通所（デイサービス）型（個別）
13209,4,居宅訪問（アウトリーチ）型
13210,1,短期入所（ショートステイ）型
13210,2,通所（デイサービス）型（個別）
13210,3,通所（デイサービス）型（集団）
13211,1,短期入所（ショートステイ）型
13211,2,通所（デイサービス）型（個別）
13212,1,短期入所（ショートステイ）型
13213,2,通所（デイサービス）型（個別）
13213,3,通所（デイサービス）型（集団）
13214,2,通所（デイサービス）型（個別）
13215,1,短期入所（ショートステイ）型
13215,2,通所（デイサービス）型（個別）
13216,1,短期入所（ショートステイ）型
13216,2,通所（デイサービス）型（個別）
13217,2,通所（デイサービス）型（個別）
13218,2,通所（デイサービス）型（個別）
13219,2,通所（デイサービス）型（個別）
13220,2,通所（デイサービス）型（個別）
13220,3,通所（デイサービス）型（集団）
13221,4,居宅訪問（アウトリーチ）型
13222,4,居宅訪問（アウトリーチ）型
13223,4,居宅訪問（アウトリーチ）型
13224,4,居宅訪問（アウトリーチ）型
13225,2,通所（デイサービス）型（個別）
13225,4,居宅訪問（アウトリーチ）型
13226,1,短期入所（ショートステイ）型
13226,2,通所（デイサービス）型（個別）
13228,4,居宅訪問（アウトリーチ）型
13229,3,通所（デイサービス）型（集団）
13230,2,通所（デイサービス）型（個別）
13230,4,居宅訪問（アウトリーチ）型
13231,1,短期入所（ショートステイ）型
13231,3,通所（デイサービス）型（集団）
13232,4,居宅訪問（アウトリーチ）型
13233,1,短期入所（ショートステイ）型
13233,2,通所（デイサービス）型（個別）
13233,4,居宅訪問（アウトリーチ）型
13234,4,居宅訪問（アウトリーチ）型
13235,4,居宅訪問（アウトリーチ）型
13236,1,短期入所（ショートステイ）型
13236,2,通所（デイサービス）型（個別）
13237,1,短期入所（ショートステイ）型
13237,2,通所（デイサービス）型（個別）
13238,1,短期入所（ショートステイ）型
13238,2,通所（デイサービス）型（個別）
13239,1,短期入所（ショートステイ）型
13239,2,通所（デイサービス）型（個別）
13241,4,居宅訪問（アウトリーチ）型
13242,1,短期入所（ショートステイ）型
13242,2,通所（デイサービス）型（個別）
13243,4,居宅訪問（アウトリーチ）型
13244,1,短期入所（ショートステイ）型
13244,2,通所（デイサービス）型（個別）
13245,4,居宅訪問（アウトリーチ）型
13246,4,居宅訪問（アウトリーチ）型
13247,2,通所（デイサービス）型（個別）
13248,2,通所（デイサービス）型（個別）
13248,4,居宅訪問（アウトリーチ）型
13249,2,通所（デイサービス）型（個別）
13249,4,居宅訪問（アウトリーチ）型
13250,4,居宅訪問（アウトリーチ）型
13251,1,短期入所（ショートステイ）型
13251,3,通所（デイサービス）型（集団）
13252,1,短期入所（ショートステイ）型
13252,2,通所（デイサービス）型（個別）
13253,1,短期入所（ショートステイ）型
13253,2,通所（デイサービス）型（個別）
13254,1,短期入所（ショートステイ）型
13254,2,通所（デイサービス）型（個別）
13255,1,短期入所（ショートステイ）型
13255,2,通所（デイサービス）型（個別）
13256,2,通所（デイサービス）型（個別）
13256,3,通所（デイサービス）型（集団）
13256,4,居宅訪問（アウトリーチ）型
13257,2,通所（デイサービス）型（個別）
13258,4,居宅訪問（アウトリーチ）型
13259,4,居宅訪問（アウトリーチ）型
13260,4,居宅訪問（アウトリーチ）型
13261,4,居宅訪問（アウトリーチ）型
13262,4,居宅訪問（アウトリーチ）型
13263,4,居宅訪問（アウトリーチ）型
13264,4,居宅訪問（アウトリーチ）型
13265,4,居宅訪問（アウトリーチ）型
13266,4,居宅訪問（アウトリーチ）型
13267,4,居宅訪問（アウトリーチ）型
13268,4,居宅訪問（アウトリーチ）型
13269,4,居宅訪問（アウトリーチ）型
13270,4,居宅訪問（アウトリーチ）型
13271,1,短期入所（ショートステイ）型
13272,1,短期入所（ショートステイ）型
13273,2,通所（デイサービス）型（個別）
13273,4,居宅訪問（アウトリーチ）型
13274,3,通所（デイサービス）型（集団）
13274,4,居宅訪問（アウトリーチ）型
13275,3,通所（デイサービス）型（集団）
13276,1,短期入所（ショートステイ）型
13276,2,通所（デイサービス）型（個別）
13277,2,通所（デイサービス）型（個別）
13278,2,通所（デイサービス）型（個別）
13279,1,短期入所（ショートステイ）型
13280,3,通所（デイサービス）型（集団）
13281,4,居宅訪問（アウトリーチ）型
13282,4,居宅訪問（アウトリーチ）型
13283,1,短期入所（ショートステイ）型
13283,2,通所（デイサービス）型（個別）
13283,4,居宅訪問（アウトリーチ）型
13284,2,通所（デイサービス）型（個別）
13285,4,居宅訪問（アウトリーチ）型
13286,1,短期入所（ショートステイ）型
13286,2,通所（デイサービス）型（個別）
13287,2,通所（デイサービス）型（個別）
13288,2,通所（デイサービス）型（個別）
13289,2,通所（デイサービス）型（個別）
13290,2,通所（デイサービス）型（個別）
13291,2,通所（デイサービス）型（個別）
13292,2,通所（デイサービス）型（個別）
13293,2,通所（デイサービス）型（個別）
13293,3,通所（デイサービス）型（集団）
13294,2,通所（デイサービス）型（個別）
13294,4,居宅訪問（アウトリーチ）型
13295,2,通所（デイサービス）型（個別）
13296,4,居宅訪問（アウトリーチ）型
13297,3,通所（デイサービス）型（集団）
13298,2,通所（デイサービス）型（個別）
13298,3,通所（デイサービス）型（集団）
13299,2,通所（デイサービス）型（個別）
13299,3,通所（デイサービス）型（集団）
13300,1,短期入所（ショートステイ）型
13300,2,通所（デイサービス）型（個別）
13301,1,短期入所（ショートステイ）型
13301,2,通所（デイサービス）型（個別）
13302,2,通所（デイサービス）型（個別）
13303,2,通所（デイサービス）型（個別）
13303,3,通所（デイサービス）型（集団）
13304,2,通所（デイサービス）型（個別）
13305,2,通所（デイサービス）型（個別）
13306,2,通所（デイサービス）型（個別）
13307,4,居宅訪問（アウトリーチ）型
13308,4,居宅訪問（アウトリーチ）型
13309,4,居宅訪問（アウトリーチ）型
13310,4,居宅訪問（アウトリーチ）型
13311,4,居宅訪問（アウトリーチ）型
13312,2,通所（デイサービス）型（個別）
13312,4,居宅訪問（アウトリーチ）型
13313,2,通所（デイサービス）型（個別）
13314,2,通所（デイサービス）型（個別）
13315,1,短期入所（ショートステイ）型
13315,2,通所（デイサービス）型（個別）
13316,4,居宅訪問（アウトリーチ）型
13317,2,通所（デイサービス）型（個別）
13318,2,通所（デイサービス）型（個別）
13319,2,通所（デイサービス）型（個別）
13320,4,居宅訪問（アウトリーチ）型
13321,2,通所（デイサービス）型（個別）
13321,4,居宅訪問（アウトリーチ）型
13322,4,居宅訪問（アウトリーチ）型
13323,2,通所（デイサービス）型（個別）
13324,2,通所（デイサービス）型（個別）
13324,3,通所（デイサービス）型（集団）
13325,1,短期入所（ショートステイ）型
13325,2,通所（デイサービス）型（個別）
13326,2,通所（デイサービス）型（個別）
13327,2,通所（デイサービス）型（個別）
13328,1,短期入所（ショートステイ）型
13328,2,通所（デイサービス）型（個別）
13328,4,居宅訪問（アウトリーチ）型
13329,2,通所（デイサービス）型（個別）
13329,4,居宅訪問（アウトリーチ）型
13330,2,通所（デイサービス）型（個別）
13330,3,通所（デイサービス）型（集団）
13331,4,居宅訪問（アウトリーチ）型
13332,4,居宅訪問（アウトリーチ）型
13333,2,通所（デイサービス）型（個別）
13333,4,居宅訪問（アウトリーチ）型
13334,2,通所（デイサービス）型（個別）
13334,4,居宅訪問（アウトリーチ）型
13335,4,居宅訪問（アウトリーチ）型
13336,4,居宅訪問（アウトリーチ）型
13337,4,居宅訪問（アウトリーチ）型
13338,4,居宅訪問（アウトリーチ）型
13339,2,通所（デイサービス）型（個別）
13339,4,居宅訪問（アウトリーチ）型
13340,4,居宅訪問（アウトリーチ）型
13341,4,居宅訪問（アウトリーチ）型
13342,4,居宅訪問（アウトリーチ）型
13343,4,居宅訪問（アウトリーチ）型
13344,4,居宅訪問（アウトリーチ）型
13345,4,居宅訪問（アウトリーチ）型
13346,4,居宅訪問（アウトリーチ）型
13347,2,通所（デイサービス）型（個別）
13348,2,通所（デイサービス）型（個別）
13348,4,居宅訪問（アウトリーチ）型
13349,2,通所（デイサービス）型（個別）
13350,1,短期入所（ショートステイ）型
13350,2,通所（デイサービス）型（個別）
13351,1,短期入所（ショートステイ）型
13351,2,通所（デイサービス）型（個別）
13352,4,居宅訪問（アウトリーチ）型
13353,2,通所（デイサービス）型（個別）
13354,4,居宅訪問（アウトリーチ）型
13355,4,居宅訪問（アウトリーチ）型
13356,2,通所（デイサービス）型（個別）
13356,4,居宅訪問（アウトリーチ）型
13357,2,通所（デイサービス）型（個別）
13358,4,居宅訪問（アウトリーチ）型
13359,2,通所（デイサービス）型（個別）
13359,4,居宅訪問（アウトリーチ）型
13360,2,通所（デイサービス）型（個別）
13361,1,短期入所（ショートステイ）型
13361,2,通所（デイサービス）型（個別）
13362,4,居宅訪問（アウトリーチ）型
13363,1,短期入所（ショートステイ）型
13364,1,短期入所（ショートステイ）型
13364,2,通所（デイサービス）型（個別）
13365,2,通所（デイサービス）型（個別）
13365,4,居宅訪問（アウトリーチ）型
13366,2,通所（デイサービス）型（個別）
13367,2,通所（デイサービス）型（個別）
13368,2,通所（デイサービス）型（個別）
13369,2,通所（デイサービス）型（個別）
13369,4,居宅訪問（アウトリーチ）型
13370,2,通所（デイサービス）型（個別）
13371,2,通所（デイサービス）型（個別）
13371,4,居宅訪問（アウトリーチ）型
13372,2,通所（デイサービス）型（個別）
13372,4,居宅訪問（アウトリーチ）型
13373,4,居宅訪問（アウトリーチ）型
13374,4,居宅訪問（アウトリーチ）型
13375,4,居宅訪問（アウトリーチ）型
13376,4,居宅訪問（アウトリーチ）型
13377,4,居宅訪問（アウトリーチ）型
13378,4,居宅訪問（アウトリーチ）型
13379,1,短期入所（ショートステイ）型
13380,2,通所（デイサービス）型（個別）
13380,4,居宅訪問（アウトリーチ）型
13381,2,通所（デイサービス）型（個別）
13381,4,居宅訪問（アウトリーチ）型
13382,2,通所（デイサービス）型（個別）
13383,4,居宅訪問（アウトリーチ）型
13384,1,短期入所（ショートステイ）型
13385,1,短期入所（ショートステイ）型
13385,2,通所（デイサービス）型（個別）
13386,2,通所（デイサービス）型（個別）
13387,1,短期入所（ショートステイ）型
13388,1,短期入所（ショートステイ）型
13388,2,通所（デイサービス）型（個別）
13388,4,居宅訪問（アウトリーチ）型
13389,4,居宅訪問（アウトリーチ）型
13390,2,通所（デイサービス）型（個別）
13390,4,居宅訪問（アウトリーチ）型
13391,4,居宅訪問（アウトリーチ）型
13392,2,通所（デイサービス）型（個別）
13392,4,居宅訪問（アウトリーチ）型
13393,4,居宅訪問（アウトリーチ）型
13394,1,短期入所（ショートステイ）型
13394,2,通所（デイサービス）型（個別）
13395,3,通所（デイサービス）型（集団）
13396,1,短期入所（ショートステイ）型
13396,2,通所（デイサービス）型（個別）
13396,4,居宅訪問（アウトリーチ）型
13397,2,通所（デイサービス）型（個別）
13397,4,居宅訪問（アウトリーチ）型
13398,4,居宅訪問（アウトリーチ）型
13399,4,居宅訪問（アウトリーチ）型
13400,4,居宅訪問（アウトリーチ）型
13401,4,居宅訪問（アウトリーチ）型
13402,4,居宅訪問（アウトリーチ）型
13403,4,居宅訪問（アウトリーチ）型
13404,1,短期入所（ショートステイ）型
13404,2,通所（デイサービス）型（個別）
13405,2,通所（デイサービス）型（個別）
13406,1,短期入所（ショートステイ）型
13406,2,通所（デイサービス）型（個別）
13406,4,居宅訪問（アウトリーチ）型
13407,4,居宅訪問（アウトリーチ）型
13408,4,居宅訪問（アウトリーチ）型
13409,4,居宅訪問（アウトリーチ）型
13410,4,居宅訪問（アウトリーチ）型
13411,4,居宅訪問（アウトリーチ）型
13412,4,居宅訪問（アウトリーチ）型
13413,4,居宅訪問（アウトリーチ）型
13414,4,居宅訪問（アウトリーチ）型
13415,4,居宅訪問（アウトリーチ）型
13416,4,居宅訪問（アウトリーチ）型
13417,2,通所（デイサービス）型（個別）
13417,4,居宅訪問（アウトリーチ）型
13418,1,短期入所（ショートステイ）型
13418,2,通所（デイサービス）型（個別）
13419,1,短期入所（ショートステイ）型
13419,2,通所（デイサービス）型（個別）
13420,1,短期入所（ショートステイ）型
13420,2,通所（デイサービス）型（個別）
13421,2,通所（デイサービス）型（個別）
13422,2,通所（デイサービス）型（個別）
13423,1,短期入所（ショートステイ）型
13423,2,通所（デイサービス）型（個別）
13424,1,短期入所（ショートステイ）型
13424,2,通所（デイサービス）型（個別）
13425,3,通所（デイサービス）型（集団）
13426,2,通所（デイサービス）型（個別）
13426,4,居宅訪問（アウトリーチ）型
13427,1,短期入所（ショートステイ）型
13427,2,通所（デイサービス）型（個別）
13428,2,通所（デイサービス）型（個別）
13429,4,居宅訪問（アウトリーチ）型
13430,2,通所（デイサービス）型（個別）
13431,2,通所（デイサービス）型（個別）
13432,4,居宅訪問（アウトリーチ）型
13433,4,居宅訪問（アウトリーチ）型
13434,4,居宅訪問（アウトリーチ）型
13435,4,居宅訪問（アウトリーチ）型
13436,2,通所（デイサービス）型（個別）
13436,4,居宅訪問（アウトリーチ）型
13437,4,居宅訪問（アウトリーチ）型
13438,4,居宅訪問（アウトリーチ）型
13439,4,居宅訪問（アウトリーチ）型
13440,4,居宅訪問（アウトリーチ）型
13441,4,居宅訪問（アウトリーチ）型
13442,4,居宅訪問（アウトリーチ）型
13443,4,居宅訪問（アウトリーチ）型
13444,4,居宅訪問（アウトリーチ）型
13445,4,居宅訪問（アウトリーチ）型
13446,4,居宅訪問（アウトリーチ）型
13447,4,居宅訪問（アウトリーチ）型
13448,4,居宅訪問（アウトリーチ）型
13449,4,居宅訪問（アウトリーチ）型
13450,4,居宅訪問（アウトリーチ）型
13451,1,短期入所（ショートステイ）型
13451,2,通所（デイサービス）型（個別）
13451,4,居宅訪問（アウトリーチ）型
13452,4,居宅訪問（アウトリーチ）型
13453,4,居宅訪問（アウトリーチ）型
13454,4,居宅訪問（アウトリーチ）型
13455,4,居宅訪問（アウトリーチ）型
13456,4,居宅訪問（アウトリーチ）型
13457,4,居宅訪問（アウトリーチ）型
13458,4,居宅訪問（アウトリーチ）型
13459,4,居宅訪問（アウトリーチ）型
13460,4,居宅訪問（アウトリーチ）型
13461,4,居宅訪問（アウトリーチ）型
13462,4,居宅訪問（アウトリーチ）型
13463,4,居宅訪問（アウトリーチ）型
13464,4,居宅訪問（アウトリーチ）型
13465,4,居宅訪問（アウトリーチ）型
13466,4,居宅訪問（アウトリーチ）型
13467,2,通所（デイサービス）型（個別）
13467,4,居宅訪問（アウトリーチ）型
13468,4,居宅訪問（アウトリーチ）型
13469,4,居宅訪問（アウトリーチ）型
13470,4,居宅訪問（アウトリーチ）型
13471,4,居宅訪問（アウトリーチ）型
13472,4,居宅訪問（アウトリーチ）型
13473,4,居宅訪問（アウトリーチ）型
13474,2,通所（デイサービス）型（個別）
13474,4,居宅訪問（アウトリーチ）型
13475,2,通所（デイサービス）型（個別）
13475,4,居宅訪問（アウトリーチ）型
13476,4,居宅訪問（アウトリーチ）型
13477,1,短期入所（ショートステイ）型
13477,2,通所（デイサービス）型（個別）
13477,4,居宅訪問（アウトリーチ）型
13478,4,居宅訪問（アウトリーチ）型
13479,2,通所（デイサービス）型（個別）
13479,4,居宅訪問（アウトリーチ）型
13480,2,通所（デイサービス）型（個別）
13481,2,通所（デイサービス）型（個別）
13481,4,居宅訪問（アウトリーチ）型
13482,4,居宅訪問（アウトリーチ）型
13483,2,通所（デイサービス）型（個別）
13483,4,居宅訪問（アウトリーチ）型
13484,4,居宅訪問（アウトリーチ）型
13485,2,通所（デイサービス）型（個別）
13485,4,居宅訪問（アウトリーチ）型
13486,4,居宅訪問（アウトリーチ）型
13487,4,居宅訪問（アウトリーチ）型
13488,2,通所（デイサービス）型（個別）
13488,4,居宅訪問（アウトリーチ）型
13489,4,居宅訪問（アウトリーチ）型
13490,2,通所（デイサービス）型（個別）
13490,4,居宅訪問（アウトリーチ）型
13491,1,短期入所（ショートステイ）型
13491,2,通所（デイサービス）型（個別）
13492,2,通所（デイサービス）型（個別）
13493,1,短期入所（ショートステイ）型
13493,2,通所（デイサービス）型（個別）
13493,4,居宅訪問（アウトリーチ）型
13494,4,居宅訪問（アウトリーチ）型
13495,4,居宅訪問（アウトリーチ）型
13496,2,通所（デイサービス）型（個別）
13496,4,居宅訪問（アウトリーチ）型
13497,2,通所（デイサービス）型（個別）
13497,4,居宅訪問（アウトリーチ）型
13498,4,居宅訪問（アウトリーチ）型
13499,2,通所（デイサービス）型（個別）
13499,4,居宅訪問（アウトリーチ）型
13500,1,短期入所（ショートステイ）型
13500,2,通所（デイサービス）型（個別）
13500,4,居宅訪問（アウトリーチ）型
13501,4,居宅訪問（アウトリーチ）型
13502,4,居宅訪問（アウトリーチ）型
13503,1,短期入所（ショートステイ）型
13503,2,通所（デイサービス）型（個別）
13503,4,居宅訪問（アウトリーチ）型
13504,2,通所（デイサービス）型（個別）
13504,4,居宅訪問（アウトリーチ）型
13505,2,通所（デイサービス）型（個別）
13505,4,居宅訪問（アウトリーチ）型
13506,1,短期入所（ショートステイ）型
13507,1,短期入所（ショートステイ）型
13507,2,通所（デイサービス）型（個別）
13507,4,居宅訪問（アウトリーチ）型
13509,4,居宅訪問（アウトリーチ）型
13510,4,居宅訪問（アウトリーチ）型
13511,4,居宅訪問（アウトリーチ）型
13512,1,短期入所（ショートステイ）型
13512,2,通所（デイサービス）型（個別）
13513,1,短期入所（ショートステイ）型
13513,2,通所（デイサービス）型（個別）
13514,2,通所（デイサービス）型（個別）
13515,4,居宅訪問（アウトリーチ）型
13516,2,通所（デイサービス）型（個別）
13516,4,居宅訪問（アウトリーチ）型
13517,2,通所（デイサービス）型（個別）
13517,4,居宅訪問（アウトリーチ）型
13518,2,通所（デイサービス）型（個別）
13518,4,居宅訪問（アウトリーチ）型
13519,2,通所（デイサービス）型（個別）
13519,4,居宅訪問（アウトリーチ）型
13520,4,居宅訪問（アウトリーチ）型
13521,2,通所（デイサービス）型（個別）
13521,4,居宅訪問（アウトリーチ）型
13522,1,短期入所（ショートステイ）型
13522,2,通所（デイサービス）型（個別）
13522,4,居宅訪問（アウトリーチ）型
13523,2,通所（デイサービス）型（個別）
13523,4,居宅訪問（アウトリーチ）型
13524,4,居宅訪問（アウトリーチ）型
13525,2,通所（デイサービス）型（個別）
13525,4,居宅訪問（アウトリーチ）型
13526,4,居宅訪問（アウトリーチ）型
13527,1,短期入所（ショートステイ）型
13528,2,通所（デイサービス）型（個別）
13528,4,居宅訪問（アウトリーチ）型
13529,4,居宅訪問（アウトリーチ）型
13530,4,居宅訪問（アウトリーチ）型
13531,4,居宅訪問（アウトリーチ）型
13532,4,居宅訪問（アウトリーチ）型
13533,2,通所（デイサービス）型（個別）
13534,4,居宅訪問（アウトリーチ）型
13535,4,居宅訪問（アウトリーチ）型
13536,4,居宅訪問（アウトリーチ）型
13537,3,通所（デイサービス）型（集団）
13537,4,居宅訪問（アウトリーチ）型
13538,4,居宅訪問（アウトリーチ）型
13539,2,通所（デイサービス）型（個別）
13540,4,居宅訪問（アウトリーチ）型
13541,4,居宅訪問（アウトリーチ）型
13542,4,居宅訪問（アウトリーチ）型
13543,4,居宅訪問（アウトリーチ）型
13544,4,居宅訪問（アウトリーチ）型
13545,4,居宅訪問（アウトリーチ）型
13546,4,居宅訪問（アウトリーチ）型
13547,4,居宅訪問（アウトリーチ）型
13548,1,短期入所（ショートステイ）型
13548,2,通所（デイサービス）型（個別）
13549,4,居宅訪問（アウトリーチ）型
13550,4,居宅訪問（アウトリーチ）型
13551,1,短期入所（ショートステイ）型
13551,2,通所（デイサービス）型（個別）
13552,4,居宅訪問（アウトリーチ）型
13553,4,居宅訪問（アウトリーチ）型
13554,2,通所（デイサービス）型（個別）
13554,3,通所（デイサービス）型（集団）
13555,4,居宅訪問（アウトリーチ）型
13556,4,居宅訪問（アウトリーチ）型
13557,1,短期入所（ショートステイ）型
13557,2,通所（デイサービス）型（個別）
13557,4,居宅訪問（アウトリーチ）型
13558,3,通所（デイサービス）型（集団）
13559,3,通所（デイサービス）型（集団）
13559,4,居宅訪問（アウトリーチ）型
13560,4,居宅訪問（アウトリーチ）型
13561,1,短期入所（ショートステイ）型
13561,2,通所（デイサービス）型（個別）
13562,2,通所（デイサービス）型（個別）
13563,1,短期入所（ショートステイ）型
13563,2,通所（デイサービス）型（個別）
13563,4,居宅訪問（アウトリーチ）型
13564,2,通所（デイサービス）型（個別）
13564,4,居宅訪問（アウトリーチ）型
13565,2,通所（デイサービス）型（個別）
13566,2,通所（デイサービス）型（個別）
13566,4,居宅訪問（アウトリーチ）型
13567,2,通所（デイサービス）型（個別）
13567,4,居宅訪問（アウトリーチ）型
13568,2,通所（デイサービス）型（個別）
13568,4,居宅訪問（アウトリーチ）型
13569,2,通所（デイサービス）型（個別）
13569,4,居宅訪問（アウトリーチ）型
13570,2,通所（デイサービス）型（個別）
13570,4,居宅訪問（アウトリーチ）型
13571,2,通所（デイサービス）型（個別）
13571,4,居宅訪問（アウトリーチ）型
13572,2,通所（デイサービス）型（個別）
13572,4,居宅訪問（アウトリーチ）型
13573,4,居宅訪問（アウトリーチ）型
13574,4,居宅訪問（アウトリーチ）型
13575,4,居宅訪問（アウトリーチ）型
13576,4,居宅訪問（アウトリーチ）型
13577,4,居宅訪問（アウトリーチ）型
13578,4,居宅訪問（アウトリーチ）型
13579,4,居宅訪問（アウトリーチ）型
13580,4,居宅訪問（アウトリーチ）型
13581,4,居宅訪問（アウトリーチ）型
13582,4,居宅訪問（アウトリーチ）型
13583,4,居宅訪問（アウトリーチ）型
13584,4,居宅訪問（アウトリーチ）型
13585,4,居宅訪問（アウトリーチ）型
13586,4,居宅訪問（アウトリーチ）型
13587,4,居宅訪問（アウトリーチ）型
13588,4,居宅訪問（アウトリーチ）型
13589,4,居宅訪問（アウトリーチ）型
13590,2,通所（デイサービス）型（個別）
13590,4,居宅訪問（アウトリーチ）型
13591,1,短期入所（ショートステイ）型
13591,2,通所（デイサービス）型（個別）
13591,4,居宅訪問（アウトリーチ）型
13592,4,居宅訪問（アウトリーチ）型
13593,4,居宅訪問（アウトリーチ）型
13594,1,短期入所（ショートステイ）型
13594,2,通所（デイサービス）型（個別）
13594,4,居宅訪問（アウトリーチ）型
13595,4,居宅訪問（アウトリーチ）型
13596,2,通所（デイサービス）型（個別）
13596,4,居宅訪問（アウトリーチ）型
13597,2,通所（デイサービス）型（個別）
13598,4,居宅訪問（アウトリーチ）型
13599,2,通所（デイサービス）型（個別）
13599,4,居宅訪問（アウトリーチ）型
13600,4,居宅訪問（アウトリーチ）型
13601,4,居宅訪問（アウトリーチ）型
13602,4,居宅訪問（アウトリーチ）型
13603,1,短期入所（ショートステイ）型
13603,2,通所（デイサービス）型（個別）
13603,4,居宅訪問（アウトリーチ）型
13604,3,通所（デイサービス）型（集団）
13604,4,居宅訪問（アウトリーチ）型
13606,2,通所（デイサービス）型（個別）
13606,4,居宅訪問（アウトリーチ）型
13607,4,居宅訪問（アウトリーチ）型
13608,4,居宅訪問（アウトリーチ）型
13609,2,通所（デイサービス）型（個別）
13609,4,居宅訪問（アウトリーチ）型
13610,2,通所（デイサービス）型（個別）
13610,4,居宅訪問（アウトリーチ）型
13611,2,通所（デイサービス）型（個別）
13612,4,居宅訪問（アウトリーチ）型
13613,2,通所（デイサービス）型（個別）
13614,4,居宅訪問（アウトリーチ）型
13615,4,居宅訪問（アウトリーチ）型
13616,4,居宅訪問（アウトリーチ）型
13617,1,短期入所（ショートステイ）型
13617,2,通所（デイサービス）型（個別）
13617,3,通所（デイサービス）型（集団）
13618,2,通所（デイサービス）型（個別）
13618,4,居宅訪問（アウトリーチ）型
13619,4,居宅訪問（アウトリーチ）型
13620,2,通所（デイサービス）型（個別）
13620,4,居宅訪問（アウトリーチ）型
13621,1,短期入所（ショートステイ）型
13621,2,通所（デイサービス）型（個別）
13621,4,居宅訪問（アウトリーチ）型
13622,2,通所（デイサービス）型（個別）
13622,4,居宅訪問（アウトリーチ）型
13623,2,通所（デイサービス）型（個別）
13623,4,居宅訪問（アウトリーチ）型
13624,4,居宅訪問（アウトリーチ）型
13625,4,居宅訪問（アウトリーチ）型
13626,4,居宅訪問（アウトリーチ）型
13627,2,通所（デイサービス）型（個別）
13628,4,居宅訪問（アウトリーチ）型
13629,4,居宅訪問（アウトリーチ）型
13630,4,居宅訪問（アウトリーチ）型
13631,2,通所（デイサービス）型（個別）
13631,4,居宅訪問（アウトリーチ）型
13632,2,通所（デイサービス）型（個別）
13633,2,通所（デイサービス）型（個別）
13633,4,居宅訪問（アウトリーチ）型
13634,2,通所（デイサービス）型（個別）
13634,4,居宅訪問（アウトリーチ）型
13635,2,通所（デイサービス）型（個別）
13635,4,居宅訪問（アウトリーチ）型
13636,2,通所（デイサービス）型（個別）
13636,4,居宅訪問（アウトリーチ）型
13637,4,居宅訪問（アウトリーチ）型
13638,4,居宅訪問（アウトリーチ）型
13639,2,通所（デイサービス）型（個別）
13639,4,居宅訪問（アウトリーチ）型
13640,2,通所（デイサービス）型（個別）
13641,4,居宅訪問（アウトリーチ）型
13642,2,通所（デイサービス）型（個別）
13642,4,居宅訪問（アウトリーチ）型
13643,4,居宅訪問（アウトリーチ）型
13644,2,通所（デイサービス）型（個別）
13644,4,居宅訪問（アウトリーチ）型
13645,2,通所（デイサービス）型（個別）
13646,1,短期入所（ショートステイ）型
13646,2,通所（デイサービス）型（個別）
13647,2,通所（デイサービス）型（個別）
13647,4,居宅訪問（アウトリーチ）型
13648,4,居宅訪問（アウトリーチ）型
13649,4,居宅訪問（アウトリーチ）型
13650,4,居宅訪問（アウトリーチ）型
13651,4,居宅訪問（アウトリーチ）型
13652,4,居宅訪問（アウトリーチ）型
13653,4,居宅訪問（アウトリーチ）型
13654,4,居宅訪問（アウトリーチ）型
13655,4,居宅訪問（アウトリーチ）型
13656,4,居宅訪問（アウトリーチ）型
13657,4,居宅訪問（アウトリーチ）型
13658,2,通所（デイサービス）型（個別）
13658,4,居宅訪問（アウトリーチ）型
13659,2,通所（デイサービス）型（個別）
13660,2,通所（デイサービス）型（個別）
13661,2,通所（デイサービス）型（個別）
13662,2,通所（デイサービス）型（個別）
13663,4,居宅訪問（アウトリーチ）型
13664,4,居宅訪問（アウトリーチ）型
13665,1,短期入所（ショートステイ）型
13665,2,通所（デイサービス）型（個別）
13666,1,短期入所（ショートステイ）型
13666,2,通所（デイサービス）型（個別）
13667,1,短期入所（ショートステイ）型
13667,2,通所（デイサービス）型（個別）
13668,1,短期入所（ショートステイ）型
13668,2,通所（デイサービス）型（個別）
13669,1,短期入所（ショートステイ）型
13669,2,通所（デイサービス）型（個別）
13670,2,通所（デイサービス）型（個別）
13671,2,通所（デイサービス）型（個別）
13672,2,通所（デイサービス）型（個別）
13673,2,通所（デイサービス）型（個別）
13674,1,短期入所（ショートステイ）型
13674,2,通所（デイサービス）型（個別）
13675,1,短期入所（ショートステイ）型
13675,2,通所（デイサービス）型（個別）
13676,2,通所（デイサービス）型（個別）
13677,4,居宅訪問（アウトリーチ）型
13678,2,通所（デイサービス）型（個別）
13678,4,居宅訪問（アウトリーチ）型
13679,2,通所（デイサービス）型（個別）
13679,3,通所（デイサービス）型（集団）
13679,4,居宅訪問（アウトリーチ）型
13680,2,通所（デイサービス）型（個別）
13681,1,短期入所（ショートステイ）型
13681,2,通所（デイサービス）型（個別）
13681,4,居宅訪問（アウトリーチ）型
13682,1,短期入所（ショートステイ）型
13682,2,通所（デイサービス）型（個別）
13682,4,居宅訪問（アウトリーチ）型
13683,2,通所（デイサービス）型（個別）
13683,3,通所（デイサービス）型（集団）
13683,4,居宅訪問（アウトリーチ）型
13684,2,通所（デイサービス）型（個別）
13684,4,居宅訪問（アウトリーチ）型
13685,2,通所（デイサービス）型（個別）
13685,4,居宅訪問（アウトリーチ）型
13686,2,通所（デイサービス）型（個別）
13686,4,居宅訪問（アウトリーチ）型
13687,2,通所（デイサービス）型（個別）
13687,4,居宅訪問（アウトリーチ）型
13688,2,通所（デイサービス）型（個別）
13688,4,居宅訪問（アウトリーチ）型
13689,4,居宅訪問（アウトリーチ）型
13690,2,通所（デイサービス）型（個別）
13690,4,居宅訪問（アウトリーチ）型
13691,4,居宅訪問（アウトリーチ）型
13692,4,居宅訪問（アウトリーチ）型
13693,4,居宅訪問（アウトリーチ）型
13694,4,居宅訪問（アウトリーチ）型
13695,3,通所（デイサービス）型（集団）
13696,2,通所（デイサービス）型（個別）
13696,4,居宅訪問（アウトリーチ）型
13697,4,居宅訪問（アウトリーチ）型
13698,1,短期入所（ショートステイ）型
13698,2,通所（デイサービス）型（個別）
13699,2,通所（デイサービス）型（個別）
13699,4,居宅訪問（アウトリーチ）型
13700,1,短期入所（ショートステイ）型
13700,2,通所（デイサービス）型（個別）
13700,4,居宅訪問（アウトリーチ）型
13701,2,通所（デイサービス）型（個別）
13701,4,居宅訪問（アウトリーチ）型
13702,4,居宅訪問（アウトリーチ）型
13703,4,居宅訪問（アウトリーチ）型
13704,4,居宅訪問（アウトリーチ）型
13705,4,居宅訪問（アウトリーチ）型
13706,4,居宅訪問（アウトリーチ）型
13707,4,居宅訪問（アウトリーチ）型
13708,4,居宅訪問（アウトリーチ）型
13709,4,居宅訪問（アウトリーチ）型
13710,4,居宅訪問（アウトリーチ）型
13711,2,通所（デイサービス）型（個別）
13711,4,居宅訪問（アウトリーチ）型
13712,4,居宅訪問（アウトリーチ）型
13713,2,通所（デイサービス）型（個別）
13713,4,居宅訪問（アウトリーチ）型
13714,1,短期入所（ショートステイ）型
13714,2,通所（デイサービス）型（個別）
13715,2,通所（デイサービス）型（個別）
13715,4,居宅訪問（アウトリーチ）型
13716,4,居宅訪問（アウトリーチ）型
13717,3,通所（デイサービス）型（集団）
13717,4,居宅訪問（アウトリーチ）型
13718,2,通所（デイサービス）型（個別）
13719,2,通所（デイサービス）型（個別）
13720,3,通所（デイサービス）型（集団）
13721,1,短期入所（ショートステイ）型
13721,2,通所（デイサービス）型（個別）
13721,3,通所（デイサービス）型（集団）
13722,2,通所（デイサービス）型（個別）
13723,4,居宅訪問（アウトリーチ）型
13724,2,通所（デイサービス）型（個別）
13724,3,通所（デイサービス）型（集団）
13725,4,居宅訪問（アウトリーチ）型
13726,2,通所（デイサービス）型（個別）
13727,4,居宅訪問（アウトリーチ）型
13728,4,居宅訪問（アウトリーチ）型
13729,4,居宅訪問（アウトリーチ）型
13730,2,通所（デイサービス）型（個別）
13730,3,通所（デイサービス）型（集団）
13731,2,通所（デイサービス）型（個別）
13732,1,短期入所（ショートステイ）型
13733,1,短期入所（ショートステイ）型
13733,2,通所（デイサービス）型（個別）
13734,1,短期入所（ショートステイ）型
13734,2,通所（デイサービス）型（個別）
13734,4,居宅訪問（アウトリーチ）型
13735,2,通所（デイサービス）型（個別）
13735,4,居宅訪問（アウトリーチ）型
13736,2,通所（デイサービス）型（個別）
13737,2,通所（デイサービス）型（個別）
13738,2,通所（デイサービス）型（個別）
13739,2,通所（デイサービス）型（個別）
13740,2,通所（デイサービス）型（個別）
13741,2,通所（デイサービス）型（個別）
13742,2,通所（デイサービス）型（個別）
13743,2,通所（デイサービス）型（個別）
13743,3,通所（デイサービス）型（集団）
13743,4,居宅訪問（アウトリーチ）型
13744,3,通所（デイサービス）型（集団）
13745,2,通所（デイサービス）型（個別）
13745,4,居宅訪問（アウトリーチ）型
13746,2,通所（デイサービス）型（個別）
13747,2,通所（デイサービス）型（個別）
13747,3,通所（デイサービス）型（集団）
13747,4,居宅訪問（アウトリーチ）型
13748,3,通所（デイサービス）型（集団）
13749,4,居宅訪問（アウトリーチ）型
13750,4,居宅訪問（アウトリーチ）型
13751,4,居宅訪問（アウトリーチ）型
13752,2,通所（デイサービス）型（個別）
13752,3,通所（デイサービス）型（集団）
13752,4,居宅訪問（アウトリーチ）型
13753,3,通所（デイサービス）型（集団）
13754,1,短期入所（ショートステイ）型
13754,2,通所（デイサービス）型（個別）
13755,2,通所（デイサービス）型（個別）
13755,4,居宅訪問（アウトリーチ）型
13756,2,通所（デイサービス）型（個別）
13757,2,通所（デイサービス）型（個別）
13757,4,居宅訪問（アウトリーチ）型
13758,2,通所（デイサービス）型（個別）
13758,4,居宅訪問（アウトリーチ）型
13759,1,短期入所（ショートステイ）型
13759,2,通所（デイサービス）型（個別）
13759,4,居宅訪問（アウトリーチ）型
13760,2,通所（デイサービス）型（個別）
13760,4,居宅訪問（アウトリーチ）型
13761,2,通所（デイサービス）型（個別）
13761,4,居宅訪問（アウトリーチ）型
13762,2,通所（デイサービス）型（個別）
13762,4,居宅訪問（アウトリーチ）型
13763,2,通所（デイサービス）型（個別）
13763,4,居宅訪問（アウトリーチ）型
13764,2,通所（デイサービス）型（個別）
13764,4,居宅訪問（アウトリーチ）型
13765,2,通所（デイサービス）型（個別）
13765,4,居宅訪問（アウトリーチ）型
13766,2,通所（デイサービス）型（個別）
13766,4,居宅訪問（アウトリーチ）型
13767,2,通所（デイサービス）型（個別）
13767,4,居宅訪問（アウトリーチ）型
13768,2,通所（デイサービス）型（個別）
13768,4,居宅訪問（アウトリーチ）型
13769,2,通所（デイサービス）型（個別）
13769,4,居宅訪問（アウトリーチ）型
13770,1,短期入所（ショートステイ）型
13770,2,通所（デイサービス）型（個別）
13770,4,居宅訪問（アウトリーチ）型
13771,4,居宅訪問（アウトリーチ）型
13772,1,短期入所（ショートステイ）型
13772,2,通所（デイサービス）型（個別）
13773,2,通所（デイサービス）型（個別）
13773,4,居宅訪問（アウトリーチ）型
13774,4,居宅訪問（アウトリーチ）型
13775,4,居宅訪問（アウトリーチ）型
13776,1,短期入所（ショートステイ）型
13776,2,通所（デイサービス）型（個別）
13776,4,居宅訪問（アウトリーチ）型
13777,1,短期入所（ショートステイ）型
13778,1,短期入所（ショートステイ）型
13778,2,通所（デイサービス）型（個別）
13779,1,短期入所（ショートステイ）型
13779,2,通所（デイサービス）型（個別）
13780,1,短期入所（ショートステイ）型
13780,2,通所（デイサービス）型（個別）
13781,1,短期入所（ショートステイ）型
13781,2,通所（デイサービス）型（個別）
13782,1,短期入所（ショートステイ）型
13783,1,短期入所（ショートステイ）型
13784,1,短期入所（ショートステイ）型
13784,2,通所（デイサービス）型（個別）
13785,1,短期入所（ショートステイ）型
13785,2,通所（デイサービス）型（個別）
13786,1,短期入所（ショートステイ）型
13787,2,通所（デイサービス）型（個別）
13788,4,居宅訪問（アウトリーチ）型
13789,4,居宅訪問（アウトリーチ）型
13790,2,通所（デイサービス）型（個別）
13791,2,通所（デイサービス）型（個別）
13792,2,通所（デイサービス）型（個別）
13792,4,居宅訪問（アウトリーチ）型
13793,2,通所（デイサービス）型（個別）
13794,2,通所（デイサービス）型（個別）
13794,4,居宅訪問（アウトリーチ）型
13795,2,通所（デイサービス）型（個別）
13795,4,居宅訪問（アウトリーチ）型
13796,2,通所（デイサービス）型（個別）
13797,2,通所（デイサービス）型（個別）
13798,1,短期入所（ショートステイ）型
13798,2,通所（デイサービス）型（個別）
13799,4,居宅訪問（アウトリーチ）型
13800,1,短期入所（ショートステイ）型
13800,2,通所（デイサービス）型（個別）
13800,4,居宅訪問（アウトリーチ）型
13801,2,通所（デイサービス）型（個別）
13801,3,通所（デイサービス）型（集団）
13801,4,居宅訪問（アウトリーチ）型
13802,4,居宅訪問（アウトリーチ）型
13803,2,通所（デイサービス）型（個別）
13804,2,通所（デイサービス）型（個別）
13805,2,通所（デイサービス）型（個別）
13806,2,通所（デイサービス）型（個別）
13807,2,通所（デイサービス）型（個別）
13807,4,居宅訪問（アウトリーチ）型
13808,2,通所（デイサービス）型（個別）
13809,2,通所（デイサービス）型（個別）
13810,2,通所（デイサービス）型（個別）
13810,4,居宅訪問（アウトリーチ）型
13811,2,通所（デイサービス）型（個別）
13812,2,通所（デイサービス）型（個別）
13812,4,居宅訪問（アウトリーチ）型
13813,2,通所（デイサービス）型（個別）
13814,1,短期入所（ショートステイ）型
13815,2,通所（デイサービス）型（個別）
13815,4,居宅訪問（アウトリーチ）型
13816,4,居宅訪問（アウトリーチ）型
13817,4,居宅訪問（アウトリーチ）型
13818,4,居宅訪問（アウトリーチ）型
13819,4,居宅訪問（アウトリーチ）型
13820,4,居宅訪問（アウトリーチ）型
13821,1,短期入所（ショートステイ）型
13821,2,通所（デイサービス）型（個別）
13821,4,居宅訪問（アウトリーチ）型
13822,1,短期入所（ショートステイ）型
13823,2,通所（デイサービス）型（個別）
13824,4,居宅訪問（アウトリーチ）型
13825,1,短期入所（ショートステイ）型
13825,2,通所（デイサービス）型（個別）
13825,4,居宅訪問（アウトリーチ）型
13826,1,短期入所（ショートステイ）型
13826,2,通所（デイサービス）型（個別）
13826,4,居宅訪問（アウトリーチ）型
13827,2,通所（デイサービス）型（個別）
13827,4,居宅訪問（アウトリーチ）型
13828,2,通所（デイサービス）型（個別）
13829,2,通所（デイサービス）型（個別）
13829,4,居宅訪問（アウトリーチ）型
13830,2,通所（デイサービス）型（個別）
13830,4,居宅訪問（アウトリーチ）型
13831,2,通所（デイサービス）型（個別）
13831,4,居宅訪問（アウトリーチ）型
13832,1,短期入所（ショートステイ）型
13833,2,通所（デイサービス）型（個別）
13833,4,居宅訪問（アウトリーチ）型
13834,1,短期入所（ショートステイ）型
13834,2,通所（デイサービス）型（個別）
13834,4,居宅訪問（アウトリーチ）型
13835,2,通所（デイサービス）型（個別）
13835,4,居宅訪問（アウトリーチ）型
13836,2,通所（デイサービス）型（個別）
13837,2,通所（デイサービス）型（個別）
13837,4,居宅訪問（アウトリーチ）型
13838,2,通所（デイサービス）型（個別）
13838,3,通所（デイサービス）型（集団）
13838,4,居宅訪問（アウトリーチ）型
13839,1,短期入所（ショートステイ）型
13839,2,通所（デイサービス）型（個別）
13839,4,居宅訪問（アウトリーチ）型
13840,1,短期入所（ショートステイ）型
13840,2,通所（デイサービス）型（個別）
13840,4,居宅訪問（アウトリーチ）型
13841,1,短期入所（ショートステイ）型
13841,2,通所（デイサービス）型（個別）
13841,4,居宅訪問（アウトリーチ）型
13842,2,通所（デイサービス）型（個別）
13842,4,居宅訪問（アウトリーチ）型
13843,1,短期入所（ショートステイ）型
13843,2,通所（デイサービス）型（個別）
13843,4,居宅訪問（アウトリーチ）型
13844,1,短期入所（ショートステイ）型
13844,2,通所（デイサービス）型（個別）
13844,4,居宅訪問（アウトリーチ）型
13845,1,短期入所（ショートステイ）型
13845,2,通所（デイサービス）型（個別）
13845,4,居宅訪問（アウトリーチ）型
13846,1,短期入所（ショートステイ）型
13846,2,通所（デイサービス）型（個別）
13846,4,居宅訪問（アウトリーチ）型
13847,1,短期入所（ショートステイ）型
13847,2,通所（デイサービス）型（個別）
13847,4,居宅訪問（アウトリーチ）型
13848,2,通所（デイサービス）型（個別）
13848,4,居宅訪問（アウトリーチ）型
13849,2,通所（デイサービス）型（個別）
13849,4,居宅訪問（アウトリーチ）型
13850,1,短期入所（ショートステイ）型
13850,2,通所（デイサービス）型（個別）
13851,2,通所（デイサービス）型（個別）
13852,2,通所（デイサービス）型（個別）
13853,2,通所（デイサービス）型（個別）
13853,4,居宅訪問（アウトリーチ）型
13854,2,通所（デイサービス）型（個別）
13855,2,通所（デイサービス）型（個別）
13856,1,短期入所（ショートステイ）型
13856,2,通所（デイサービス）型（個別）
13857,1,短期入所（ショートステイ）型
13857,2,通所（デイサービス）型（個別）
13857,4,居宅訪問（アウトリーチ）型
13858,2,通所（デイサービス）型（個別）
13858,4,居宅訪問（アウトリーチ）型
13859,2,通所（デイサービス）型（個別）
13859,4,居宅訪問（アウトリーチ）型
13860,1,短期入所（ショートステイ）型
13861,1,短期入所（ショートステイ）型
13861,2,通所（デイサービス）型（個別）
13861,4,居宅訪問（アウトリーチ）型
13862,2,通所（デイサービス）型（個別）
13863,1,短期入所（ショートステイ）型
13863,2,通所（デイサービス）型（個別）
13864,1,短期入所（ショートステイ）型
13864,2,通所（デイサービス）型（個別）
13864,4,居宅訪問（アウトリーチ）型
13865,2,通所（デイサービス）型（個別）
13865,4,居宅訪問（アウトリーチ）型
13866,2,通所（デイサービス）型（個別）
13866,3,通所（デイサービス）型（集団）
13866,4,居宅訪問（アウトリーチ）型
13867,4,居宅訪問（アウトリーチ）型
13868,2,通所（デイサービス）型（個別）
13869,4,居宅訪問（アウトリーチ）型
13870,1,短期入所（ショートステイ）型
13870,2,通所（デイサービス）型（個別）
13871,2,通所（デイサービス）型（個別）
13872,2,通所（デイサービス）型（個別）
13872,4,居宅訪問（アウトリーチ）型
13873,1,短期入所（ショートステイ）型
13873,2,通所（デイサービス）型（個別）
13874,1,短期入所（ショートステイ）型
13875,1,短期入所（ショートステイ）型
13875,2,通所（デイサービス）型（個別）
13875,4,居宅訪問（アウトリーチ）型
13876,1,短期入所（ショートステイ）型
13876,2,通所（デイサービス）型（個別）
13877,1,短期入所（ショートステイ）型
13877,2,通所（デイサービス）型（個別）
13877,4,居宅訪問（アウトリーチ）型
13878,2,通所（デイサービス）型（個別）
13879,4,居宅訪問（アウトリーチ）型
13880,4,居宅訪問（アウトリーチ）型
13881,1,短期入所（ショートステイ）型
13881,2,通所（デイサービス）型（個別）
13882,2,通所（デイサービス）型（個別）
13883,4,居宅訪問（アウトリーチ）型
13884,1,短期入所（ショートステイ）型
13884,2,通所（デイサービス）型（個別）
13885,2,通所（デイサービス）型（個別）
13886,4,居宅訪問（アウトリーチ）型
13887,2,通所（デイサービス）型（個別）
13888,2,通所（デイサービス）型（個別）
13888,4,居宅訪問（アウトリーチ）型
13889,1,短期入所（ショートステイ）型
13889,2,通所（デイサービス）型（個別）
13890,1,短期入所（ショートステイ）型
13890,2,通所（デイサービス）型（個別）
13891,4,居宅訪問（アウトリーチ）型
13892,4,居宅訪問（アウトリーチ）型
13893,4,居宅訪問（アウトリーチ）型
13894,4,居宅訪問（アウトリーチ）型
13895,4,居宅訪問（アウトリーチ）型
13896,4,居宅訪問（アウトリーチ）型
13897,4,居宅訪問（アウトリーチ）型
13898,4,居宅訪問（アウトリーチ）型
13899,1,短期入所（ショートステイ）型
13899,2,通所（デイサービス）型（個別）
13900,4,居宅訪問（アウトリーチ）型
13901,4,居宅訪問（アウトリーチ）型
13903,4,居宅訪問（アウトリーチ）型
13904,4,居宅訪問（アウトリーチ）型
13905,4,居宅訪問（アウトリーチ）型
13906,2,通所（デイサービス）型（個別）
13906,4,居宅訪問（アウトリーチ）型
13907,4,居宅訪問（アウトリーチ）型
13908,4,居宅訪問（アウトリーチ）型
13909,2,通所（デイサービス）型（個別）
13909,4,居宅訪問（アウトリーチ）型
13910,1,短期入所（ショートステイ）型
13910,2,通所（デイサービス）型（個別）
13910,4,居宅訪問（アウトリーチ）型
13911,1,短期入所（ショートステイ）型
13911,2,通所（デイサービス）型（個別）
13911,4,居宅訪問（アウトリーチ）型
13912,2,通所（デイサービス）型（個別）
13912,4,居宅訪問（アウトリーチ）型
13913,2,通所（デイサービス）型（個別）
13913,4,居宅訪問（アウトリーチ）型
13914,2,通所（デイサービス）型（個別）
13914,4,居宅訪問（アウトリーチ）型
13915,1,短期入所（ショートステイ）型
13915,2,通所（デイサービス）型（個別）
13915,4,居宅訪問（アウトリーチ）型
13916,2,通所（デイサービス）型（個別）
13916,4,居宅訪問（アウトリーチ）型
13917,2,通所（デイサービス）型（個別）
13917,4,居宅訪問（アウトリーチ）型
13918,2,通所（デイサービス）型（個別）
13919,2,通所（デイサービス）型（個別）
13919,4,居宅訪問（アウトリーチ）型
13920,2,通所（デイサービス）型（個別）
13920,4,居宅訪問（アウトリーチ）型
13921,2,通所（デイサービス）型（個別）
13921,4,居宅訪問（アウトリーチ）型
13922,2,通所（デイサービス）型（個別）
13922,4,居宅訪問（アウトリーチ）型
13923,2,通所（デイサービス）型（個別）
13924,4,居宅訪問（アウトリーチ）型
13925,4,居宅訪問（アウトリーチ）型
13926,4,居宅訪問（アウトリーチ）型
13927,4,居宅訪問（アウトリーチ）型
13928,4,居宅訪問（アウトリーチ）型
13929,4,居宅訪問（アウトリーチ）型
13930,4,居宅訪問（アウトリーチ）型
13931,4,居宅訪問（アウトリーチ）型
13932,4,居宅訪問（アウトリーチ）型
13933,4,居宅訪問（アウトリーチ）型
13934,4,居宅訪問（アウトリーチ）型
13935,2,通所（デイサービス）型（個別）
13935,4,居宅訪問（アウトリーチ）型
13936,1,短期入所（ショートステイ）型
13936,2,通所（デイサービス）型（個別）
13937,4,居宅訪問（アウトリーチ）型
13938,2,通所（デイサービス）型（個別）
13938,4,居宅訪問（アウトリーチ）型
13939,4,居宅訪問（アウトリーチ）型
13940,3,通所（デイサービス）型（集団）
13941,2,通所（デイサービス）型（個別）
13941,4,居宅訪問（アウトリーチ）型
13942,4,居宅訪問（アウトリーチ）型
13943,2,通所（デイサービス）型（個別）
13943,4,居宅訪問（アウトリーチ）型
13944,2,通所（デイサービス）型（個別）
13945,4,居宅訪問（アウトリーチ）型
13946,2,通所（デイサービス）型（個別）
13946,4,居宅訪問（アウトリーチ）型
13947,4,居宅訪問（アウトリーチ）型
13948,2,通所（デイサービス）型（個別）
13949,2,通所（デイサービス）型（個別）
13949,4,居宅訪問（アウトリーチ）型
13950,4,居宅訪問（アウトリーチ）型
13951,4,居宅訪問（アウトリーチ）型
13952,4,居宅訪問（アウトリーチ）型
13953,4,居宅訪問（アウトリーチ）型
13954,4,居宅訪問（アウトリーチ）型
13956,2,通所（デイサービス）型（個別）
13956,4,居宅訪問（アウトリーチ）型
13957,1,短期入所（ショートステイ）型
13957,2,通所（デイサービス）型（個別）
13957,4,居宅訪問（アウトリーチ）型
13958,1,短期入所（ショートステイ）型
13958,2,通所（デイサービス）型（個別）
13958,4,居宅訪問（アウトリーチ）型
13959,2,通所（デイサービス）型（個別）
13959,4,居宅訪問（アウトリーチ）型
13960,1,短期入所（ショートステイ）型
13960,2,通所（デイサービス）型（個別）
13960,4,居宅訪問（アウトリーチ）型
13961,1,短期入所（ショートステイ）型
13961,2,通所（デイサービス）型（個別）
13961,4,居宅訪問（アウトリーチ）型
13962,2,通所（デイサービス）型（個別）
13962,4,居宅訪問（アウトリーチ）型
13963,1,短期入所（ショートステイ）型
13963,2,通所（デイサービス）型（個別）
13964,4,居宅訪問（アウトリーチ）型
13965,2,通所（デイサービス）型（個別）
13965,4,居宅訪問（アウトリーチ）型
13966,2,通所（デイサービス）型（個別）
13967,1,短期入所（ショートステイ）型
13967,2,通所（デイサービス）型（個別）
13968,4,居宅訪問（アウトリーチ）型
13969,2,通所（デイサービス）型（個別）
13969,3,通所（デイサービス）型（集団）
13969,4,居宅訪問（アウトリーチ）型
13970,2,通所（デイサービス）型（個別）
13970,4,居宅訪問（アウトリーチ）型
13971,4,居宅訪問（アウトリーチ）型
13972,2,通所（デイサービス）型（個別）
13972,4,居宅訪問（アウトリーチ）型
13973,4,居宅訪問（アウトリーチ）型
13974,1,短期入所（ショートステイ）型
13974,2,通所（デイサービス）型（個別）
13974,4,居宅訪問（アウトリーチ）型
13975,4,居宅訪問（アウトリーチ）型
13976,1,短期入所（ショートステイ）型
13976,2,通所（デイサービス）型（個別）
13977,1,短期入所（ショートステイ）型
13977,2,通所（デイサービス）型（個別）
13978,1,短期入所（ショートステイ）型
13978,2,通所（デイサービス）型（個別）
13979,1,短期入所（ショートステイ）型
13980,1,短期入所（ショートステイ）型
13980,2,通所（デイサービス）型（個別）
13980,3,通所（デイサービス）型（集団）
13981,2,通所（デイサービス）型（個別）
13981,4,居宅訪問（アウトリーチ）型
13982,2,通所（デイサービス）型（個別）
13982,4,居宅訪問（アウトリーチ）型
13983,4,居宅訪問（アウトリーチ）型
13984,4,居宅訪問（アウトリーチ）型
13985,1,短期入所（ショートステイ）型
13986,1,短期入所（ショートステイ）型
13986,2,通所（デイサービス）型（個別）
13986,4,居宅訪問（アウトリーチ）型
13987,1,短期入所（ショートステイ）型
13987,2,通所（デイサービス）型（個別）
13988,1,短期入所（ショートステイ）型
13988,2,通所（デイサービス）型（個別）
13988,4,居宅訪問（アウトリーチ）型
13989,1,短期入所（ショートステイ）型
13989,2,通所（デイサービス）型（個別）
13989,4,居宅訪問（アウトリーチ）型
13990,3,通所（デイサービス）型（集団）
13991,1,短期入所（ショートステイ）型
13991,2,通所（デイサービス）型（個別）
13991,4,居宅訪問（アウトリーチ）型
13992,1,短期入所（ショートステイ）型
13992,2,通所（デイサービス）型（個別）
13992,4,居宅訪問（アウトリーチ）型
13993,1,短期入所（ショートステイ）型
13993,2,通所（デイサービス）型（個別）
13993,4,居宅訪問（アウトリーチ）型
13994,1,短期入所（ショートステイ）型
13994,2,通所（デイサービス）型（個別）
13995,4,居宅訪問（アウトリーチ）型
13996,1,短期入所（ショートステイ）型
13996,2,通所（デイサービス）型（個別）
13996,4,居宅訪問（アウトリーチ）型
13997,2,通所（デイサービス）型（個別）
13997,4,居宅訪問（アウトリーチ）型
13998,4,居宅訪問（アウトリーチ）型
13999,2,通所（デイサービス）型（個別）
13999,4,居宅訪問（アウトリーチ）型
14000,4,居宅訪問（アウトリーチ）型
14001,4,居宅訪問（アウトリーチ）型
14003,4,居宅訪問（アウトリーチ）型
14004,4,居宅訪問（アウトリーチ）型
14005,1,短期入所（ショートステイ）型
14005,2,通所（デイサービス）型（個別）
14005,4,居宅訪問（アウトリーチ）型
14006,1,短期入所（ショートステイ）型
14006,2,通所（デイサービス）型（個別）
14007,4,居宅訪問（アウトリーチ）型
14008,4,居宅訪問（アウトリーチ）型
14009,4,居宅訪問（アウトリーチ）型
14010,4,居宅訪問（アウトリーチ）型
14011,1,短期入所（ショートステイ）型
14011,2,通所（デイサービス）型（個別）
14011,4,居宅訪問（アウトリーチ）型
14012,4,居宅訪問（アウトリーチ）型
14013,2,通所（デイサービス）型（個別）
14014,4,居宅訪問（アウトリーチ）型
14015,4,居宅訪問（アウトリーチ）型
14016,4,居宅訪問（アウトリーチ）型
14017,2,通所（デイサービス）型（個別）
14017,4,居宅訪問（アウトリーチ）型
14018,2,通所（デイサービス）型（個別）
14018,4,居宅訪問（アウトリーチ）型
14019,2,通所（デイサービス）型（個別）
14020,4,居宅訪問（アウトリーチ）型
14021,4,居宅訪問（アウトリーチ）型
14022,1,短期入所（ショートステイ）型
14022,2,通所（デイサービス）型（個別）
14022,4,居宅訪問（アウトリーチ）型
14023,4,居宅訪問（アウトリーチ）型
14024,4,居宅訪問（アウトリーチ）型
14025,4,居宅訪問（アウトリーチ）型
14026,4,居宅訪問（アウトリーチ）型
14027,1,短期入所（ショートステイ）型
14027,2,通所（デイサービス）型（個別）
14027,4,居宅訪問（アウトリーチ）型
14028,4,居宅訪問（アウトリーチ）型
14029,4,居宅訪問（アウトリーチ）型
14030,1,短期入所（ショートステイ）型
14030,2,通所（デイサービス）型（個別）
14030,4,居宅訪問（アウトリーチ）型
14031,4,居宅訪問（アウトリーチ）型
14032,4,居宅訪問（アウトリーチ）型
14033,1,短期入所（ショートステイ）型
14033,2,通所（デイサービス）型（個別）
14033,4,居宅訪問（アウトリーチ）型
14034,4,居宅訪問（アウトリーチ）型
14035,4,居宅訪問（アウトリーチ）型
14036,1,短期入所（ショートステイ）型
14036,2,通所（デイサービス）型（個別）
14037,2,通所（デイサービス）型（個別）
14037,4,居宅訪問（アウトリーチ）型
14038,2,通所（デイサービス）型（個別）
14038,3,通所（デイサービス）型（集団）
14039,2,通所（デイサービス）型（個別）
14039,3,通所（デイサービス）型（集団）
14039,4,居宅訪問（アウトリーチ）型
14040,4,居宅訪問（アウトリーチ）型
14041,4,居宅訪問（アウトリーチ）型
14042,4,居宅訪問（アウトリーチ）型
14043,1,短期入所（ショートステイ）型
14043,2,通所（デイサービス）型（個別）
14043,4,居宅訪問（アウトリーチ）型
14044,2,通所（デイサービス）型（個別）
14044,4,居宅訪問（アウトリーチ）型
14045,4,居宅訪問（アウトリーチ）型
14046,4,居宅訪問（アウトリーチ）型
14047,4,居宅訪問（アウトリーチ）型
14048,1,短期入所（ショートステイ）型
14048,2,通所（デイサービス）型（個別）
14048,4,居宅訪問（アウトリーチ）型
14049,1,短期入所（ショートステイ）型
14049,2,通所（デイサービス）型（個別）
14049,4,居宅訪問（アウトリーチ）型
14050,1,短期入所（ショートステイ）型
14050,2,通所（デイサービス）型（個別）
14050,3,通所（デイサービス）型（集団）
14050,4,居宅訪問（アウトリーチ）型
14051,2,通所（デイサービス）型（個別）
14052,2,通所（デイサービス）型（個別）
14052,4,居宅訪問（アウトリーチ）型
14053,4,居宅訪問（アウトリーチ）型
14054,4,居宅訪問（アウトリーチ）型
14055,4,居宅訪問（アウトリーチ）型
14056,4,居宅訪問（アウトリーチ）型
14057,4,居宅訪問（アウトリーチ）型
14058,4,居宅訪問（アウトリーチ）型
14059,1,短期入所（ショートステイ）型
14059,2,通所（デイサービス）型（個別）
14059,4,居宅訪問（アウトリーチ）型
14060,4,居宅訪問（アウトリーチ）型
14061,4,居宅訪問（アウトリーチ）型
14062,1,短期入所（ショートステイ）型
14062,2,通所（デイサービス）型（個別）
14062,4,居宅訪問（アウトリーチ）型
14063,4,居宅訪問（アウトリーチ）型
14064,4,居宅訪問（アウトリーチ）型
14065,4,居宅訪問（アウトリーチ）型
14066,4,居宅訪問（アウトリーチ）型
14067,2,通所（デイサービス）型（個別）
14067,4,居宅訪問（アウトリーチ）型
14068,2,通所（デイサービス）型（個別）
14068,4,居宅訪問（アウトリーチ）型
14069,2,通所（デイサービス）型（個別）
14069,4,居宅訪問（アウトリーチ）型
14070,4,居宅訪問（アウトリーチ）型
14071,4,居宅訪問（アウトリーチ）型
14073,2,通所（デイサービス）型（個別）
14074,4,居宅訪問（アウトリーチ）型
14075,4,居宅訪問（アウトリーチ）型
14076,1,短期入所（ショートステイ）型
14076,4,居宅訪問（アウトリーチ）型
14077,1,短期入所（ショートステイ）型
14077,2,通所（デイサービス）型（個別）
14077,4,居宅訪問（アウトリーチ）型
14078,1,短期入所（ショートステイ）型
14078,2,通所（デイサービス）型（個別）
14078,4,居宅訪問（アウトリーチ）型
14079,1,短期入所（ショートステイ）型
14079,2,通所（デイサービス）型（個別）
14080,1,短期入所（ショートステイ）型
14080,2,通所（デイサービス）型（個別）
14081,4,居宅訪問（アウトリーチ）型
14082,4,居宅訪問（アウトリーチ）型
14083,4,居宅訪問（アウトリーチ）型
14084,4,居宅訪問（アウトリーチ）型
14085,4,居宅訪問（アウトリーチ）型
14086,2,通所（デイサービス）型（個別）
14086,3,通所（デイサービス）型（集団）
14086,4,居宅訪問（アウトリーチ）型
14087,4,居宅訪問（アウトリーチ）型
14088,4,居宅訪問（アウトリーチ）型
14089,2,通所（デイサービス）型（個別）
14090,1,短期入所（ショートステイ）型
14090,2,通所（デイサービス）型（個別）
14091,2,通所（デイサービス）型（個別）
14092,4,居宅訪問（アウトリーチ）型
14093,4,居宅訪問（アウトリーチ）型
14094,1,短期入所（ショートステイ）型
14095,4,居宅訪問（アウトリーチ）型
14096,1,短期入所（ショートステイ）型
14096,2,通所（デイサービス）型（個別）
14097,1,短期入所（ショートステイ）型
14097,2,通所（デイサービス）型（個別）
14098,3,通所（デイサービス）型（集団）
14099,1,短期入所（ショートステイ）型
14099,2,通所（デイサービス）型（個別）
14100,2,通所（デイサービス）型（個別）
14100,4,居宅訪問（アウトリーチ）型
14101,4,居宅訪問（アウトリーチ）型
14102,4,居宅訪問（アウトリーチ）型
14103,2,通所（デイサービス）型（個別）
14103,4,居宅訪問（アウトリーチ）型
14104,1,短期入所（ショートステイ）型
14104,2,通所（デイサービス）型（個別）
14105,4,居宅訪問（アウトリーチ）型
14106,4,居宅訪問（アウトリーチ）型
14107,4,居宅訪問（アウトリーチ）型
14108,1,短期入所（ショートステイ）型
14108,2,通所（デイサービス）型（個別）
14109,2,通所（デイサービス）型（個別）
14109,4,居宅訪問（アウトリーチ）型
14110,2,通所（デイサービス）型（個別）
14110,4,居宅訪問（アウトリーチ）型
14111,2,通所（デイサービス）型（個別）
14111,4,居宅訪問（アウトリーチ）型
14112,2,通所（デイサービス）型（個別）
14112,4,居宅訪問（アウトリーチ）型
14113,2,通所（デイサービス）型（個別）
14113,4,居宅訪問（アウトリーチ）型
14114,4,居宅訪問（アウトリーチ）型
14115,2,通所（デイサービス）型（個別）
14115,4,居宅訪問（アウトリーチ）型
14116,2,通所（デイサービス）型（個別）
14116,4,居宅訪問（アウトリーチ）型
14117,2,通所（デイサービス）型（個別）
14117,3,通所（デイサービス）型（集団）
14117,4,居宅訪問（アウトリーチ）型
14118,1,短期入所（ショートステイ）型
14118,2,通所（デイサービス）型（個別）
14118,4,居宅訪問（アウトリーチ）型
14119,1,短期入所（ショートステイ）型
14119,2,通所（デイサービス）型（個別）
14119,4,居宅訪問（アウトリーチ）型
14120,2,通所（デイサービス）型（個別）
14120,4,居宅訪問（アウトリーチ）型
14121,1,短期入所（ショートステイ）型
14121,2,通所（デイサービス）型（個別）
14121,4,居宅訪問（アウトリーチ）型
14122,2,通所（デイサービス）型（個別）
14122,4,居宅訪問（アウトリーチ）型
14123,1,短期入所（ショートステイ）型
14123,2,通所（デイサービス）型（個別）
14123,4,居宅訪問（アウトリーチ）型
14124,2,通所（デイサービス）型（個別）
14125,2,通所（デイサービス）型（個別）
14126,1,短期入所（ショートステイ）型
14126,2,通所（デイサービス）型（個別）
14127,4,居宅訪問（アウトリーチ）型
14128,4,居宅訪問（アウトリーチ）型
14129,4,居宅訪問（アウトリーチ）型
14130,4,居宅訪問（アウトリーチ）型
14131,4,居宅訪問（アウトリーチ）型
14132,4,居宅訪問（アウトリーチ）型
14133,4,居宅訪問（アウトリーチ）型
14134,2,通所（デイサービス）型（個別）
14134,4,居宅訪問（アウトリーチ）型
14135,4,居宅訪問（アウトリーチ）型
14136,4,居宅訪問（アウトリーチ）型
14137,4,居宅訪問（アウトリーチ）型
14138,4,居宅訪問（アウトリーチ）型
14139,4,居宅訪問（アウトリーチ）型
14140,4,居宅訪問（アウトリーチ）型
14141,4,居宅訪問（アウトリーチ）型
14142,4,居宅訪問（アウトリーチ）型
14143,4,居宅訪問（アウトリーチ）型
14144,2,通所（デイサービス）型（個別）
14144,4,居宅訪問（アウトリーチ）型
14145,4,居宅訪問（アウトリーチ）型
14146,4,居宅訪問（アウトリーチ）型
14147,4,居宅訪問（アウトリーチ）型
14148,4,居宅訪問（アウトリーチ）型
14149,4,居宅訪問（アウトリーチ）型
14150,1,短期入所（ショートステイ）型
14150,2,通所（デイサービス）型（個別）
14150,4,居宅訪問（アウトリーチ）型
14151,2,通所（デイサービス）型（個別）
14152,4,居宅訪問（アウトリーチ）型
14153,1,短期入所（ショートステイ）型
14153,2,通所（デイサービス）型（個別）
14154,1,短期入所（ショートステイ）型
14154,2,通所（デイサービス）型（個別）
14155,1,短期入所（ショートステイ）型
14155,2,通所（デイサービス）型（個別）
14156,1,短期入所（ショートステイ）型
14156,2,通所（デイサービス）型（個別）
14156,4,居宅訪問（アウトリーチ）型
14157,2,通所（デイサービス）型（個別）
14158,1,短期入所（ショートステイ）型
14158,2,通所（デイサービス）型（個別）
14158,4,居宅訪問（アウトリーチ）型
14159,1,短期入所（ショートステイ）型
14159,2,通所（デイサービス）型（個別）
14160,2,通所（デイサービス）型（個別）
14161,1,短期入所（ショートステイ）型
14161,2,通所（デイサービス）型（個別）
14161,3,通所（デイサービス）型（集団）
14161,4,居宅訪問（アウトリーチ）型
14162,4,居宅訪問（アウトリーチ）型
14163,4,居宅訪問（アウトリーチ）型
14164,1,短期入所（ショートステイ）型
14165,1,短期入所（ショートステイ）型
14165,2,通所（デイサービス）型（個別）
14166,1,短期入所（ショートステイ）型
14166,2,通所（デイサービス）型（個別）
14168,1,短期入所（ショートステイ）型
14168,2,通所（デイサービス）型（個別）
14168,3,通所（デイサービス）型（集団）
14168,4,居宅訪問（アウトリーチ）型
14169,1,短期入所（ショートステイ）型
14169,2,通所（デイサービス）型（個別）
14170,1,短期入所（ショートステイ）型
14170,2,通所（デイサービス）型（個別）
14170,4,居宅訪問（アウトリーチ）型
14171,1,短期入所（ショートステイ）型
14172,1,短期入所（ショートステイ）型
14172,2,通所（デイサービス）型（個別）
14173,2,通所（デイサービス）型（個別）
14175,1,短期入所（ショートステイ）型
14177,1,短期入所（ショートステイ）型
14177,2,通所（デイサービス）型（個別）
14178,2,通所（デイサービス）型（個別）
14178,4,居宅訪問（アウトリーチ）型
14179,1,短期入所（ショートステイ）型
14179,2,通所（デイサービス）型（個別）
14179,4,居宅訪問（アウトリーチ）型
14180,3,通所（デイサービス）型（集団）
14181,1,短期入所（ショートステイ）型
14181,2,通所（デイサービス）型（個別）
14181,3,通所（デイサービス）型（集団）
14181,4,居宅訪問（アウトリーチ）型
14182,1,短期入所（ショートステイ）型
14183,3,通所（デイサービス）型（集団）
14183,4,居宅訪問（アウトリーチ）型
14184,3,通所（デイサービス）型（集団）
14184,4,居宅訪問（アウトリーチ）型
14185,3,通所（デイサービス）型（集団）
14185,4,居宅訪問（アウトリーチ）型
14186,3,通所（デイサービス）型（集団）
14187,3,通所（デイサービス）型（集団）
14187,4,居宅訪問（アウトリーチ）型
14188,3,通所（デイサービス）型（集団）
14188,4,居宅訪問（アウトリーチ）型
14189,3,通所（デイサービス）型（集団）
14189,4,居宅訪問（アウトリーチ）型
14190,3,通所（デイサービス）型（集団）
14190,4,居宅訪問（アウトリーチ）型
14191,1,短期入所（ショートステイ）型
14191,2,通所（デイサービス）型（個別）
14192,4,居宅訪問（アウトリーチ）型
14193,4,居宅訪問（アウトリーチ）型
14194,4,居宅訪問（アウトリーチ）型
14195,2,通所（デイサービス）型（個別）
14195,4,居宅訪問（アウトリーチ）型
14197,4,居宅訪問（アウトリーチ）型
14198,4,居宅訪問（アウトリーチ）型
14199,1,短期入所（ショートステイ）型
14199,2,通所（デイサービス）型（個別）
14199,3,通所（デイサービス）型（集団）
14199,4,居宅訪問（アウトリーチ）型
14200,4,居宅訪問（アウトリーチ）型
14201,2,通所（デイサービス）型（個別）
14202,4,居宅訪問（アウトリーチ）型
14203,3,通所（デイサービス）型（集団）
14204,1,短期入所（ショートステイ）型
14204,2,通所（デイサービス）型（個別）
14205,1,短期入所（ショートステイ）型
14205,2,通所（デイサービス）型（個別）
14205,4,居宅訪問（アウトリーチ）型
14206,1,短期入所（ショートステイ）型
14206,2,通所（デイサービス）型（個別）
14208,2,通所（デイサービス）型（個別）
14208,4,居宅訪問（アウトリーチ）型
14209,4,居宅訪問（アウトリーチ）型
14210,4,居宅訪問（アウトリーチ）型
14213,4,居宅訪問（アウトリーチ）型
14214,4,居宅訪問（アウトリーチ）型
14215,4,居宅訪問（アウトリーチ）型
14216,4,居宅訪問（アウトリーチ）型
14217,4,居宅訪問（アウトリーチ）型
14219,4,居宅訪問（アウトリーチ）型
14220,1,短期入所（ショートステイ）型
14220,2,通所（デイサービス）型（個別）
14221,2,通所（デイサービス）型（個別）
14222,1,短期入所（ショートステイ）型
14223,2,通所（デイサービス）型（個別）
14224,2,通所（デイサービス）型（個別）
14225,2,通所（デイサービス）型（個別）
14226,1,短期入所（ショートステイ）型
14226,2,通所（デイサービス）型（個別）
14227,1,短期入所（ショートステイ）型
14227,2,通所（デイサービス）型（個別）
14228,1,短期入所（ショートステイ）型
14228,2,通所（デイサービス）型（個別）
14229,1,短期入所（ショートステイ）型
14229,2,通所（デイサービス）型（個別）
14230,1,短期入所（ショートステイ）型
14230,2,通所（デイサービス）型（個別）
14231,1,短期入所（ショートステイ）型
14231,2,通所（デイサービス）型（個別）
14232,2,通所（デイサービス）型（個別）
14233,1,短期入所（ショートステイ）型
14233,2,通所（デイサービス）型（個別）
14234,2,通所（デイサービス）型（個別）
14235,1,短期入所（ショートステイ）型
14235,2,通所（デイサービス）型（個別）
14236,2,通所（デイサービス）型（個別）
14237,1,短期入所（ショートステイ）型
14238,2,通所（デイサービス）型（個別）
14239,1,短期入所（ショートステイ）型
14239,2,通所（デイサービス）型（個別）
14240,1,短期入所（ショートステイ）型
14240,2,通所（デイサービス）型（個別）
14241,2,通所（デイサービス）型（個別）
14242,2,通所（デイサービス）型（個別）
14243,1,短期入所（ショートステイ）型
14244,1,短期入所（ショートステイ）型
14245,1,短期入所（ショートステイ）型
14246,1,短期入所（ショートステイ）型
14247,2,通所（デイサービス）型（個別）
14248,1,短期入所（ショートステイ）型
14248,2,通所（デイサービス）型（個別）
14249,1,短期入所（ショートステイ）型
14249,2,通所（デイサービス）型（個別）
14250,2,通所（デイサービス）型（個別）
14251,2,通所（デイサービス）型（個別）
14252,2,通所（デイサービス）型（個別）
14253,2,通所（デイサービス）型（個別）
14254,2,通所（デイサービス）型（個別）
14255,1,短期入所（ショートステイ）型
14255,2,通所（デイサービス）型（個別）
14256,2,通所（デイサービス）型（個別）
14257,2,通所（デイサービス）型（個別）
14258,2,通所（デイサービス）型（個別）
14259,1,短期入所（ショートステイ）型
14259,2,通所（デイサービス）型（個別）
14260,2,通所（デイサービス）型（個別）
14261,1,短期入所（ショートステイ）型
14261,2,通所（デイサービス）型（個別）
14262,1,短期入所（ショートステイ）型
14262,2,通所（デイサービス）型（個別）
14263,2,通所（デイサービス）型（個別）
14264,1,短期入所（ショートステイ）型
14265,2,通所（デイサービス）型（個別）
14266,1,短期入所（ショートステイ）型
14266,2,通所（デイサービス）型（個別）
14266,4,居宅訪問（アウトリーチ）型
14267,1,短期入所（ショートステイ）型
14267,2,通所（デイサービス）型（個別）
14268,2,通所（デイサービス）型（個別）
14269,2,通所（デイサービス）型（個別）
14270,1,短期入所（ショートステイ）型
14271,2,通所（デイサービス）型（個別）
14272,1,短期入所（ショートステイ）型
14272,2,通所（デイサービス）型（個別）
14273,4,居宅訪問（アウトリーチ）型
14274,4,居宅訪問（アウトリーチ）型
14275,4,居宅訪問（アウトリーチ）型
14276,4,居宅訪問（アウトリーチ）型
14277,4,居宅訪問（アウトリーチ）型
14278,2,通所（デイサービス）型（個別）
14279,2,通所（デイサービス）型（個別）
14279,4,居宅訪問（アウトリーチ）型
14280,4,居宅訪問（アウトリーチ）型
14281,4,居宅訪問（アウトリーチ）型
14282,4,居宅訪問（アウトリーチ）型
14283,2,通所（デイサービス）型（個別）
14283,4,居宅訪問（アウトリーチ）型
14284,4,居宅訪問（アウトリーチ）型
14285,1,短期入所（ショートステイ）型
14285,2,通所（デイサービス）型（個別）
14285,4,居宅訪問（アウトリーチ）型
14286,2,通所（デイサービス）型（個別）
14287,1,短期入所（ショートステイ）型
14287,2,通所（デイサービス）型（個別）
14288,2,通所（デイサービス）型（個別）
14289,1,短期入所（ショートステイ）型
14289,2,通所（デイサービス）型（個別）
14289,4,居宅訪問（アウトリーチ）型
14290,1,短期入所（ショートステイ）型
14290,2,通所（デイサービス）型（個別）
14290,3,通所（デイサービス）型（集団）
14291,2,通所（デイサービス）型（個別）
14292,1,短期入所（ショートステイ）型
14292,2,通所（デイサービス）型（個別）
14293,2,通所（デイサービス）型（個別）
14294,2,通所（デイサービス）型（個別）
14295,1,短期入所（ショートステイ）型
14295,2,通所（デイサービス）型（個別）
14295,4,居宅訪問（アウトリーチ）型
14296,4,居宅訪問（アウトリーチ）型
14297,4,居宅訪問（アウトリーチ）型
14298,1,短期入所（ショートステイ）型
14298,2,通所（デイサービス）型（個別）
14298,3,通所（デイサービス）型（集団）
14298,4,居宅訪問（アウトリーチ）型
14299,1,短期入所（ショートステイ）型
14299,2,通所（デイサービス）型（個別）
14300,4,居宅訪問（アウトリーチ）型
14301,4,居宅訪問（アウトリーチ）型
14302,1,短期入所（ショートステイ）型
14302,2,通所（デイサービス）型（個別）
14303,1,短期入所（ショートステイ）型
14303,2,通所（デイサービス）型（個別）
14304,1,短期入所（ショートステイ）型
14304,2,通所（デイサービス）型（個別）
14305,4,居宅訪問（アウトリーチ）型
14306,2,通所（デイサービス）型（個別）
14306,3,通所（デイサービス）型（集団）
14307,2,通所（デイサービス）型（個別）
14308,2,通所（デイサービス）型（個別）
14309,2,通所（デイサービス）型（個別）
14310,4,居宅訪問（アウトリーチ）型
14311,4,居宅訪問（アウトリーチ）型
14312,1,短期入所（ショートステイ）型
14312,2,通所（デイサービス）型（個別）
14313,1,短期入所（ショートステイ）型
14313,2,通所（デイサービス）型（個別）
14314,1,短期入所（ショートステイ）型
14314,2,通所（デイサービス）型（個別）
14315,1,短期入所（ショートステイ）型
14316,1,短期入所（ショートステイ）型
14316,2,通所（デイサービス）型（個別）
14317,1,短期入所（ショートステイ）型
14317,2,通所（デイサービス）型（個別）
14318,1,短期入所（ショートステイ）型
14318,2,通所（デイサービス）型（個別）
14319,4,居宅訪問（アウトリーチ）型
14320,4,居宅訪問（アウトリーチ）型
14321,4,居宅訪問（アウトリーチ）型
14322,4,居宅訪問（アウトリーチ）型
14323,4,居宅訪問（アウトリーチ）型
14324,4,居宅訪問（アウトリーチ）型
14325,4,居宅訪問（アウトリーチ）型
14326,1,短期入所（ショートステイ）型
14326,2,通所（デイサービス）型（個別）
14327,1,短期入所（ショートステイ）型
14328,2,通所（デイサービス）型（個別）
14328,4,居宅訪問（アウトリーチ）型
14329,2,通所（デイサービス）型（個別）
14330,4,居宅訪問（アウトリーチ）型
14332,1,短期入所（ショートステイ）型
14332,2,通所（デイサービス）型（個別）
14334,1,短期入所（ショートステイ）型
14335,1,短期入所（ショートステイ）型
14335,2,通所（デイサービス）型（個別）
14336,2,通所（デイサービス）型（個別）
14336,4,居宅訪問（アウトリーチ）型
14337,2,通所（デイサービス）型（個別）
14337,4,居宅訪問（アウトリーチ）型
14338,2,通所（デイサービス）型（個別）
14339,2,通所（デイサービス）型（個別）
14340,2,通所（デイサービス）型（個別）
14340,4,居宅訪問（アウトリーチ）型
14341,2,通所（デイサービス）型（個別）
14342,2,通所（デイサービス）型（個別）
14343,1,短期入所（ショートステイ）型
14343,2,通所（デイサービス）型（個別）
14343,4,居宅訪問（アウトリーチ）型
14344,2,通所（デイサービス）型（個別）
14344,4,居宅訪問（アウトリーチ）型
14345,1,短期入所（ショートステイ）型
14345,2,通所（デイサービス）型（個別）
14345,4,居宅訪問（アウトリーチ）型
14346,1,短期入所（ショートステイ）型
14346,2,通所（デイサービス）型（個別）
14346,4,居宅訪問（アウトリーチ）型
14347,4,居宅訪問（アウトリーチ）型
14348,2,通所（デイサービス）型（個別）
14348,4,居宅訪問（アウトリーチ）型
14349,2,通所（デイサービス）型（個別）
14350,2,通所（デイサービス）型（個別）
14351,1,短期入所（ショートステイ）型
14351,2,通所（デイサービス）型（個別）
14351,4,居宅訪問（アウトリーチ）型
14352,2,通所（デイサービス）型（個別）
14352,4,居宅訪問（アウトリーチ）型
14353,1,短期入所（ショートステイ）型
14353,2,通所（デイサービス）型（個別）
14353,4,居宅訪問（アウトリーチ）型
14354,2,通所（デイサービス）型（個別）
14355,2,通所（デイサービス）型（個別）
14355,4,居宅訪問（アウトリーチ）型
14356,1,短期入所（ショートステイ）型
14356,2,通所（デイサービス）型（個別）
14356,3,通所（デイサービス）型（集団）
14357,2,通所（デイサービス）型（個別）
14357,3,通所（デイサービス）型（集団）
14358,2,通所（デイサービス）型（個別）
14358,4,居宅訪問（アウトリーチ）型
14359,4,居宅訪問（アウトリーチ）型
14360,4,居宅訪問（アウトリーチ）型
14361,4,居宅訪問（アウトリーチ）型
14362,1,短期入所（ショートステイ）型
14362,2,通所（デイサービス）型（個別）
14362,4,居宅訪問（アウトリーチ）型
14363,3,通所（デイサービス）型（集団）
14364,4,居宅訪問（アウトリーチ）型
14365,2,通所（デイサービス）型（個別）
14365,4,居宅訪問（アウトリーチ）型
14366,4,居宅訪問（アウトリーチ）型
14367,1,短期入所（ショートステイ）型
14367,2,通所（デイサービス）型（個別）
14368,4,居宅訪問（アウトリーチ）型
14369,4,居宅訪問（アウトリーチ）型
14370,1,短期入所（ショートステイ）型
14370,2,通所（デイサービス）型（個別）
14371,1,短期入所（ショートステイ）型
14372,1,短期入所（ショートステイ）型
14372,2,通所（デイサービス）型（個別）
14373,1,短期入所（ショートステイ）型
14373,2,通所（デイサービス）型（個別）
14374,1,短期入所（ショートステイ）型
14374,2,通所（デイサービス）型（個別）
14375,2,通所（デイサービス）型（個別）
14376,2,通所（デイサービス）型（個別）
14376,3,通所（デイサービス）型（集団）
14377,1,短期入所（ショートステイ）型
14377,2,通所（デイサービス）型（個別）
14377,3,通所（デイサービス）型（集団）
14377,4,居宅訪問（アウトリーチ）型
14378,1,短期入所（ショートステイ）型
14378,2,通所（デイサービス）型（個別）
14379,4,居宅訪問（アウトリーチ）型
14380,2,通所（デイサービス）型（個別）
14380,3,通所（デイサービス）型（集団）
14380,4,居宅訪問（アウトリーチ）型
14381,1,短期入所（ショートステイ）型
14381,2,通所（デイサービス）型（個別）
14381,4,居宅訪問（アウトリーチ）型
14382,1,短期入所（ショートステイ）型
14382,2,通所（デイサービス）型（個別）
14382,4,居宅訪問（アウトリーチ）型
14383,2,通所（デイサービス）型（個別）
14383,4,居宅訪問（アウトリーチ）型
14384,2,通所（デイサービス）型（個別）
14384,4,居宅訪問（アウトリーチ）型
14385,4,居宅訪問（アウトリーチ）型
14386,1,短期入所（ショートステイ）型
14386,2,通所（デイサービス）型（個別）
14387,4,居宅訪問（アウトリーチ）型
14388,4,居宅訪問（アウトリーチ）型
14389,4,居宅訪問（アウトリーチ）型
14390,4,居宅訪問（アウトリーチ）型
14391,4,居宅訪問（アウトリーチ）型
14392,4,居宅訪問（アウトリーチ）型
14393,2,通所（デイサービス）型（個別）
14393,4,居宅訪問（アウトリーチ）型
14394,2,通所（デイサービス）型（個別）
14395,4,居宅訪問（アウトリーチ）型
14396,1,短期入所（ショートステイ）型
14396,2,通所（デイサービス）型（個別）
14397,4,居宅訪問（アウトリーチ）型
14398,4,居宅訪問（アウトリーチ）型
14399,4,居宅訪問（アウトリーチ）型
14400,4,居宅訪問（アウトリーチ）型
14401,4,居宅訪問（アウトリーチ）型
14402,1,短期入所（ショートステイ）型
14402,2,通所（デイサービス）型（個別）
14403,2,通所（デイサービス）型（個別）
14404,4,居宅訪問（アウトリーチ）型
14405,4,居宅訪問（アウトリーチ）型
14406,4,居宅訪問（アウトリーチ）型
14407,1,短期入所（ショートステイ）型
14407,2,通所（デイサービス）型（個別）
14407,3,通所（デイサービス）型（集団）
14407,4,居宅訪問（アウトリーチ）型
14408,2,通所（デイサービス）型（個別）
14408,3,通所（デイサービス）型（集団）
14408,4,居宅訪問（アウトリーチ）型
14409,2,通所（デイサービス）型（個別）
14409,4,居宅訪問（アウトリーチ）型
14410,1,短期入所（ショートステイ）型
14410,2,通所（デイサービス）型（個別）
14410,3,通所（デイサービス）型（集団）
14410,4,居宅訪問（アウトリーチ）型
14411,4,居宅訪問（アウトリーチ）型
14412,4,居宅訪問（アウトリーチ）型
14413,2,通所（デイサービス）型（個別）
14413,3,通所（デイサービス）型（集団）
14413,4,居宅訪問（アウトリーチ）型
14414,4,居宅訪問（アウトリーチ）型
14415,4,居宅訪問（アウトリーチ）型
14417,4,居宅訪問（アウトリーチ）型
14418,4,居宅訪問（アウトリーチ）型
14419,2,通所（デイサービス）型（個別）
14419,4,居宅訪問（アウトリーチ）型
14420,1,短期入所（ショートステイ）型
14420,2,通所（デイサービス）型（個別）
14421,2,通所（デイサービス）型（個別）
14422,2,通所（デイサービス）型（個別）
14422,4,居宅訪問（アウトリーチ）型
14423,1,短期入所（ショートステイ）型
14423,2,通所（デイサービス）型（個別）
14423,3,通所（デイサービス）型（集団）
14423,4,居宅訪問（アウトリーチ）型
14424,4,居宅訪問（アウトリーチ）型
14425,2,通所（デイサービス）型（個別）
14425,4,居宅訪問（アウトリーチ）型
14426,4,居宅訪問（アウトリーチ）型
14427,2,通所（デイサービス）型（個別）
14427,3,通所（デイサービス）型（集団）
14428,1,短期入所（ショートステイ）型
14428,2,通所（デイサービス）型（個別）
14429,4,居宅訪問（アウトリーチ）型
14430,4,居宅訪問（アウトリーチ）型
14431,4,居宅訪問（アウトリーチ）型
14432,4,居宅訪問（アウトリーチ）型
14433,1,短期入所（ショートステイ）型
14434,1,短期入所（ショートステイ）型
14434,2,通所（デイサービス）型（個別）
14434,4,居宅訪問（アウトリーチ）型
14435,2,通所（デイサービス）型（個別）
14435,4,居宅訪問（アウトリーチ）型
14436,4,居宅訪問（アウトリーチ）型
14437,1,短期入所（ショートステイ）型
14437,2,通所（デイサービス）型（個別）
14438,2,通所（デイサービス）型（個別）
14438,3,通所（デイサービス）型（集団）
14438,4,居宅訪問（アウトリーチ）型
14439,1,短期入所（ショートステイ）型
14439,2,通所（デイサービス）型（個別）
14439,4,居宅訪問（アウトリーチ）型
14440,2,通所（デイサービス）型（個別）
14440,3,通所（デイサービス）型（集団）
14440,4,居宅訪問（アウトリーチ）型
14441,4,居宅訪問（アウトリーチ）型
14442,4,居宅訪問（アウトリーチ）型
14443,1,短期入所（ショートステイ）型
14443,2,通所（デイサービス）型（個別）
14444,1,短期入所（ショートステイ）型
14445,1,短期入所（ショートステイ）型
14445,2,通所（デイサービス）型（個別）
14446,1,短期入所（ショートステイ）型
14446,2,通所（デイサービス）型（個別）
14447,1,短期入所（ショートステイ）型
14447,2,通所（デイサービス）型（個別）
14447,4,居宅訪問（アウトリーチ）型
14448,1,短期入所（ショートステイ）型
14448,2,通所（デイサービス）型（個別）
14448,4,居宅訪問（アウトリーチ）型
14449,1,短期入所（ショートステイ）型
14449,2,通所（デイサービス）型（個別）
14450,1,短期入所（ショートステイ）型
14450,2,通所（デイサービス）型（個別）
14450,4,居宅訪問（アウトリーチ）型
14451,1,短期入所（ショートステイ）型
14451,2,通所（デイサービス）型（個別）
14452,2,通所（デイサービス）型（個別）
14453,2,通所（デイサービス）型（個別）
14453,4,居宅訪問（アウトリーチ）型
14454,4,居宅訪問（アウトリーチ）型
14455,4,居宅訪問（アウトリーチ）型
14456,4,居宅訪問（アウトリーチ）型
14457,1,短期入所（ショートステイ）型
14457,2,通所（デイサービス）型（個別）
14458,1,短期入所（ショートステイ）型
14458,2,通所（デイサービス）型（個別）
14459,2,通所（デイサービス）型（個別）
14459,4,居宅訪問（アウトリーチ）型
14460,1,短期入所（ショートステイ）型
14460,2,通所（デイサービス）型（個別）
14460,4,居宅訪問（アウトリーチ）型
14461,2,通所（デイサービス）型（個別）
14462,2,通所（デイサービス）型（個別）
14463,1,短期入所（ショートステイ）型
14463,2,通所（デイサービス）型（個別）
14463,4,居宅訪問（アウトリーチ）型
14464,4,居宅訪問（アウトリーチ）型
14465,1,短期入所（ショートステイ）型
14465,2,通所（デイサービス）型（個別）
14465,4,居宅訪問（アウトリーチ）型
14466,1,短期入所（ショートステイ）型
14466,2,通所（デイサービス）型（個別）
14467,2,通所（デイサービス）型（個別）
14468,1,短期入所（ショートステイ）型
14468,2,通所（デイサービス）型（個別）
14468,4,居宅訪問（アウトリーチ）型
14469,1,短期入所（ショートステイ）型
14469,2,通所（デイサービス）型（個別）
14470,2,通所（デイサービス）型（個別）
14470,4,居宅訪問（アウトリーチ）型
14471,4,居宅訪問（アウトリーチ）型
14472,4,居宅訪問（アウトリーチ）型
14473,1,短期入所（ショートステイ）型
14473,2,通所（デイサービス）型（個別）
14473,4,居宅訪問（アウトリーチ）型
14474,2,通所（デイサービス）型（個別）
14474,4,居宅訪問（アウトリーチ）型
14475,4,居宅訪問（アウトリーチ）型
14476,4,居宅訪問（アウトリーチ）型
14477,1,短期入所（ショートステイ）型
14477,2,通所（デイサービス）型（個別）
14478,1,短期入所（ショートステイ）型
14478,2,通所（デイサービス）型（個別）
14479,4,居宅訪問（アウトリーチ）型
14480,4,居宅訪問（アウトリーチ）型
14481,4,居宅訪問（アウトリーチ）型
14482,2,通所（デイサービス）型（個別）
14483,1,短期入所（ショートステイ）型
14483,2,通所（デイサービス）型（個別）
14484,2,通所（デイサービス）型（個別）
14485,2,通所（デイサービス）型（個別）
14485,4,居宅訪問（アウトリーチ）型
14486,3,通所（デイサービス）型（集団）
14487,2,通所（デイサービス）型（個別）
14487,4,居宅訪問（アウトリーチ）型
14488,2,通所（デイサービス）型（個別）
14488,4,居宅訪問（アウトリーチ）型
14489,1,短期入所（ショートステイ）型
14489,2,通所（デイサービス）型（個別）
14489,4,居宅訪問（アウトリーチ）型
14490,1,短期入所（ショートステイ）型
14490,2,通所（デイサービス）型（個別）
14491,2,通所（デイサービス）型（個別）
14492,2,通所（デイサービス）型（個別）
14492,4,居宅訪問（アウトリーチ）型
14493,2,通所（デイサービス）型（個別）
14493,4,居宅訪問（アウトリーチ）型
14494,2,通所（デイサービス）型（個別）
14494,4,居宅訪問（アウトリーチ）型
14495,2,通所（デイサービス）型（個別）
14496,4,居宅訪問（アウトリーチ）型
14497,2,通所（デイサービス）型（個別）
14498,2,通所（デイサービス）型（個別）
14498,4,居宅訪問（アウトリーチ）型
14499,4,居宅訪問（アウトリーチ）型
14500,2,通所（デイサービス）型（個別）
14500,4,居宅訪問（アウトリーチ）型
14501,4,居宅訪問（アウトリーチ）型
14502,2,通所（デイサービス）型（個別）
14502,4,居宅訪問（アウトリーチ）型
14503,1,短期入所（ショートステイ）型
14503,2,通所（デイサービス）型（個別）
14504,1,短期入所（ショートステイ）型
14504,2,通所（デイサービス）型（個別）
14505,2,通所（デイサービス）型（個別）
14506,2,通所（デイサービス）型（個別）
14506,4,居宅訪問（アウトリーチ）型
14507,2,通所（デイサービス）型（個別）
14507,4,居宅訪問（アウトリーチ）型
14508,4,居宅訪問（アウトリーチ）型
14509,1,短期入所（ショートステイ）型
14509,2,通所（デイサービス）型（個別）
14509,4,居宅訪問（アウトリーチ）型
14510,4,居宅訪問（アウトリーチ）型
14511,1,短期入所（ショートステイ）型
14511,2,通所（デイサービス）型（個別）
14511,4,居宅訪問（アウトリーチ）型
14512,1,短期入所（ショートステイ）型
14512,2,通所（デイサービス）型（個別）
14512,4,居宅訪問（アウトリーチ）型
14513,4,居宅訪問（アウトリーチ）型
14514,4,居宅訪問（アウトリーチ）型
14515,4,居宅訪問（アウトリーチ）型
14516,4,居宅訪問（アウトリーチ）型
14517,1,短期入所（ショートステイ）型
14517,2,通所（デイサービス）型（個別）
14517,4,居宅訪問（アウトリーチ）型
14518,1,短期入所（ショートステイ）型
14518,2,通所（デイサービス）型（個別）
14518,4,居宅訪問（アウトリーチ）型
14519,1,短期入所（ショートステイ）型
14519,2,通所（デイサービス）型（個別）
14520,1,短期入所（ショートステイ）型
14521,2,通所（デイサービス）型（個別）
14521,4,居宅訪問（アウトリーチ）型
14522,1,短期入所（ショートステイ）型
14522,2,通所（デイサービス）型（個別）
14522,4,居宅訪問（アウトリーチ）型
14523,2,通所（デイサービス）型（個別）
14523,4,居宅訪問（アウトリーチ）型
14524,2,通所（デイサービス）型（個別）
14525,1,短期入所（ショートステイ）型
14526,1,短期入所（ショートステイ）型
14526,2,通所（デイサービス）型（個別）
14527,1,短期入所（ショートステイ）型
14527,2,通所（デイサービス）型（個別）
14528,1,短期入所（ショートステイ）型
14528,2,通所（デイサービス）型（個別）
14528,4,居宅訪問（アウトリーチ）型
14529,4,居宅訪問（アウトリーチ）型
14530,2,通所（デイサービス）型（個別）
14530,4,居宅訪問（アウトリーチ）型
14531,4,居宅訪問（アウトリーチ）型
14532,1,短期入所（ショートステイ）型
14532,2,通所（デイサービス）型（個別）
14533,4,居宅訪問（アウトリーチ）型
14534,4,居宅訪問（アウトリーチ）型
14535,1,短期入所（ショートステイ）型
14535,2,通所（デイサービス）型（個別）
14535,4,居宅訪問（アウトリーチ）型
14536,1,短期入所（ショートステイ）型
14536,2,通所（デイサービス）型（個別）
14537,4,居宅訪問（アウトリーチ）型
14538,1,短期入所（ショートステイ）型
14538,2,通所（デイサービス）型（個別）
14539,1,短期入所（ショートステイ）型
14539,2,通所（デイサービス）型（個別）
14540,2,通所（デイサービス）型（個別）
14540,4,居宅訪問（アウトリーチ）型
14541,2,通所（デイサービス）型（個別）
14541,4,居宅訪問（アウトリーチ）型
14542,1,短期入所（ショートステイ）型
14542,2,通所（デイサービス）型（個別）
14542,4,居宅訪問（アウトリーチ）型
14543,4,居宅訪問（アウトリーチ）型
14544,2,通所（デイサービス）型（個別）
14544,4,居宅訪問（アウトリーチ）型
14545,4,居宅訪問（アウトリーチ）型
14546,4,居宅訪問（アウトリーチ）型
14547,1,短期入所（ショートステイ）型
14547,2,通所（デイサービス）型（個別）
14548,1,短期入所（ショートステイ）型
14548,2,通所（デイサービス）型（個別）
14548,4,居宅訪問（アウトリーチ）型
14549,4,居宅訪問（アウトリーチ）型
14550,4,居宅訪問（アウトリーチ）型
14551,1,短期入所（ショートステイ）型
14551,2,通所（デイサービス）型（個別）
14551,4,居宅訪問（アウトリーチ）型
14552,2,通所（デイサービス）型（個別）
14552,4,居宅訪問（アウトリーチ）型
14553,1,短期入所（ショートステイ）型
14553,2,通所（デイサービス）型（個別）
14553,4,居宅訪問（アウトリーチ）型
14554,2,通所（デイサービス）型（個別）
14554,4,居宅訪問（アウトリーチ）型
14555,4,居宅訪問（アウトリーチ）型
14556,4,居宅訪問（アウトリーチ）型
14557,4,居宅訪問（アウトリーチ）型
14558,1,短期入所（ショートステイ）型
14559,1,短期入所（ショートステイ）型
14559,2,通所（デイサービス）型（個別）
14559,4,居宅訪問（アウトリーチ）型
14560,2,通所（デイサービス）型（個別）
14560,4,居宅訪問（アウトリーチ）型
14561,2,通所（デイサービス）型（個別）
14562,2,通所（デイサービス）型（個別）
14562,4,居宅訪問（アウトリーチ）型
14563,4,居宅訪問（アウトリーチ）型
14564,2,通所（デイサービス）型（個別）
14564,4,居宅訪問（アウトリーチ）型
14565,2,通所（デイサービス）型（個別）
14565,4,居宅訪問（アウトリーチ）型
14566,2,通所（デイサービス）型（個別）
14566,4,居宅訪問（アウトリーチ）型
14567,4,居宅訪問（アウトリーチ）型
14568,1,短期入所（ショートステイ）型
14568,2,通所（デイサービス）型（個別）
14570,2,通所（デイサービス）型（個別）
14570,4,居宅訪問（アウトリーチ）型
14571,2,通所（デイサービス）型（個別）
14572,1,短期入所（ショートステイ）型
14573,1,短期入所（ショートステイ）型
14573,2,通所（デイサービス）型（個別）
14574,1,短期入所（ショートステイ）型
14574,2,通所（デイサービス）型（個別）
14576,2,通所（デイサービス）型（個別）
14576,4,居宅訪問（アウトリーチ）型
14578,1,短期入所（ショートステイ）型
14578,4,居宅訪問（アウトリーチ）型
14579,4,居宅訪問（アウトリーチ）型
14580,2,通所（デイサービス）型（個別）
14580,4,居宅訪問（アウトリーチ）型
14581,2,通所（デイサービス）型（個別）
14581,4,居宅訪問（アウトリーチ）型
14582,1,短期入所（ショートステイ）型
14582,2,通所（デイサービス）型（個別）
14582,4,居宅訪問（アウトリーチ）型
14583,4,居宅訪問（アウトリーチ）型
14584,4,居宅訪問（アウトリーチ）型
14585,4,居宅訪問（アウトリーチ）型
14586,2,通所（デイサービス）型（個別）
14586,4,居宅訪問（アウトリーチ）型
14587,2,通所（デイサービス）型（個別）
14587,4,居宅訪問（アウトリーチ）型
14588,2,通所（デイサービス）型（個別）
14589,1,短期入所（ショートステイ）型
14589,2,通所（デイサービス）型（個別）
14591,4,居宅訪問（アウトリーチ）型
14592,2,通所（デイサービス）型（個別）
14592,4,居宅訪問（アウトリーチ）型
14593,1,短期入所（ショートステイ）型
14593,2,通所（デイサービス）型（個別）
14594,1,短期入所（ショートステイ）型
14594,2,通所（デイサービス）型（個別）
14594,4,居宅訪問（アウトリーチ）型
14596,4,居宅訪問（アウトリーチ）型
14597,2,通所（デイサービス）型（個別）
14597,4,居宅訪問（アウトリーチ）型
14599,2,通所（デイサービス）型（個別）
14599,4,居宅訪問（アウトリーチ）型
14600,2,通所（デイサービス）型（個別）
14600,4,居宅訪問（アウトリーチ）型
14601,4,居宅訪問（アウトリーチ）型
14602,3,通所（デイサービス）型（集団）
14602,4,居宅訪問（アウトリーチ）型
14604,2,通所（デイサービス）型（個別）
14604,4,居宅訪問（アウトリーチ）型
14605,2,通所（デイサービス）型（個別）
14605,4,居宅訪問（アウトリーチ）型
14606,2,通所（デイサービス）型（個別）
14608,2,通所（デイサービス）型（個別）
14608,4,居宅訪問（アウトリーチ）型
14610,1,短期入所（ショートステイ）型
14610,2,通所（デイサービス）型（個別）
14610,4,居宅訪問（アウトリーチ）型
14612,1,短期入所（ショートステイ）型
14612,2,通所（デイサービス）型（個別）
14612,3,通所（デイサービス）型（集団）
14612,4,居宅訪問（アウトリーチ）型
14613,2,通所（デイサービス）型（個別）
14613,4,居宅訪問（アウトリーチ）型
14614,2,通所（デイサービス）型（個別）
14614,3,通所（デイサービス）型（集団）
14615,4,居宅訪問（アウトリーチ）型
14617,1,短期入所（ショートステイ）型
14617,2,通所（デイサービス）型（個別）
14618,4,居宅訪問（アウトリーチ）型
14619,4,居宅訪問（アウトリーチ）型
14620,1,短期入所（ショートステイ）型
14620,2,通所（デイサービス）型（個別）
14621,2,通所（デイサービス）型（個別）
14622,1,短期入所（ショートステイ）型
14622,2,通所（デイサービス）型（個別）
14623,1,短期入所（ショートステイ）型
14623,2,通所（デイサービス）型（個別）
14624,1,短期入所（ショートステイ）型
14624,2,通所（デイサービス）型（個別）
14625,1,短期入所（ショートステイ）型
14626,1,短期入所（ショートステイ）型
14626,2,通所（デイサービス）型（個別）
14627,1,短期入所（ショートステイ）型
14627,2,通所（デイサービス）型（個別）
14628,1,短期入所（ショートステイ）型
14628,2,通所（デイサービス）型（個別）
14629,4,居宅訪問（アウトリーチ）型
14630,4,居宅訪問（アウトリーチ）型
14631,4,居宅訪問（アウトリーチ）型
14632,1,短期入所（ショートステイ）型
14632,2,通所（デイサービス）型（個別）
14633,1,短期入所（ショートステイ）型
14633,2,通所（デイサービス）型（個別）
14634,1,短期入所（ショートステイ）型
14634,2,通所（デイサービス）型（個別）
14635,1,短期入所（ショートステイ）型
14635,2,通所（デイサービス）型（個別）
14636,4,居宅訪問（アウトリーチ）型
14637,1,短期入所（ショートステイ）型
14637,2,通所（デイサービス）型（個別）
14638,2,通所（デイサービス）型（個別）
14639,2,通所（デイサービス）型（個別）
14640,2,通所（デイサービス）型（個別）
14640,4,居宅訪問（アウトリーチ）型
14641,2,通所（デイサービス）型（個別）
14642,4,居宅訪問（アウトリーチ）型
14643,4,居宅訪問（アウトリーチ）型
14644,4,居宅訪問（アウトリーチ）型
14645,2,通所（デイサービス）型（個別）
14645,4,居宅訪問（アウトリーチ）型
14646,4,居宅訪問（アウトリーチ）型
14647,4,居宅訪問（アウトリーチ）型
14648,1,短期入所（ショートステイ）型
14649,2,通所（デイサービス）型（個別）
14650,4,居宅訪問（アウトリーチ）型
14651,4,居宅訪問（アウトリーチ）型
14652,4,居宅訪問（アウトリーチ）型
14653,1,短期入所（ショートステイ）型
14653,2,通所（デイサービス）型（個別）
14654,4,居宅訪問（アウトリーチ）型
14655,1,短期入所（ショートステイ）型
14656,1,短期入所（ショートステイ）型
14656,2,通所（デイサービス）型（個別）
14657,2,通所（デイサービス）型（個別）
14658,4,居宅訪問（アウトリーチ）型
14659,4,居宅訪問（アウトリーチ）型
14660,4,居宅訪問（アウトリーチ）型
14661,4,居宅訪問（アウトリーチ）型
14662,4,居宅訪問（アウトリーチ）型
14663,4,居宅訪問（アウトリーチ）型
14664,2,通所（デイサービス）型（個別）
14664,4,居宅訪問（アウトリーチ）型
14665,1,短期入所（ショートステイ）型
14665,2,通所（デイサービス）型（個別）
14665,4,居宅訪問（アウトリーチ）型
14666,1,短期入所（ショートステイ）型
14666,2,通所（デイサービス）型（個別）
14666,4,居宅訪問（アウトリーチ）型
14667,2,通所（デイサービス）型（個別）
14667,4,居宅訪問（アウトリーチ）型
14668,1,短期入所（ショートステイ）型
14669,2,通所（デイサービス）型（個別）
14669,4,居宅訪問（アウトリーチ）型
14670,2,通所（デイサービス）型（個別）
14670,4,居宅訪問（アウトリーチ）型
14671,2,通所（デイサービス）型（個別）
14671,4,居宅訪問（アウトリーチ）型
14672,4,居宅訪問（アウトリーチ）型
14673,2,通所（デイサービス）型（個別）
14673,4,居宅訪問（アウトリーチ）型
14674,4,居宅訪問（アウトリーチ）型
14675,2,通所（デイサービス）型（個別）
14676,2,通所（デイサービス）型（個別）
14676,4,居宅訪問（アウトリーチ）型
14677,1,短期入所（ショートステイ）型
14678,4,居宅訪問（アウトリーチ）型
14679,2,通所（デイサービス）型（個別）
14680,2,通所（デイサービス）型（個別）
14681,2,通所（デイサービス）型（個別）
14682,4,居宅訪問（アウトリーチ）型
14683,4,居宅訪問（アウトリーチ）型
14684,4,居宅訪問（アウトリーチ）型
14685,4,居宅訪問（アウトリーチ）型
14686,4,居宅訪問（アウトリーチ）型
14687,4,居宅訪問（アウトリーチ）型
14688,2,通所（デイサービス）型（個別）
14688,4,居宅訪問（アウトリーチ）型
14689,4,居宅訪問（アウトリーチ）型
14690,4,居宅訪問（アウトリーチ）型
14691,2,通所（デイサービス）型（個別）
14691,4,居宅訪問（アウトリーチ）型
14692,2,通所（デイサービス）型（個別）
14692,4,居宅訪問（アウトリーチ）型
14693,2,通所（デイサービス）型（個別）
14693,4,居宅訪問（アウトリーチ）型
14694,4,居宅訪問（アウトリーチ）型
14695,2,通所（デイサービス）型（個別）
14695,4,居宅訪問（アウトリーチ）型
14696,2,通所（デイサービス）型（個別）
14697,1,短期入所（ショートステイ）型
14697,2,通所（デイサービス）型（個別）
14698,2,通所（デイサービス）型（個別）
14698,4,居宅訪問（アウトリーチ）型
14699,4,居宅訪問（アウトリーチ）型
14700,4,居宅訪問（アウトリーチ）型
14701,2,通所（デイサービス）型（個別）
14701,4,居宅訪問（アウトリーチ）型
14702,4,居宅訪問（アウトリーチ）型
14703,2,通所（デイサービス）型（個別）
14703,4,居宅訪問（アウトリーチ）型
14704,4,居宅訪問（アウトリーチ）型
14705,4,居宅訪問（アウトリーチ）型
14706,4,居宅訪問（アウトリーチ）型
14707,2,通所（デイサービス）型（個別）
14707,4,居宅訪問（アウトリーチ）型
14708,4,居宅訪問（アウトリーチ）型
14709,2,通所（デイサービス）型（個別）
14709,3,通所（デイサービス）型（集団）
14709,4,居宅訪問（アウトリーチ）型
14710,4,居宅訪問（アウトリーチ）型
14711,4,居宅訪問（アウトリーチ）型
14712,1,短期入所（ショートステイ）型
14712,2,通所（デイサービス）型（個別）
14713,1,短期入所（ショートステイ）型
14713,2,通所（デイサービス）型（個別）
14713,3,通所（デイサービス）型（集団）
14714,1,短期入所（ショートステイ）型
14714,2,通所（デイサービス）型（個別）
14714,4,居宅訪問（アウトリーチ）型
14715,2,通所（デイサービス）型（個別）
14715,4,居宅訪問（アウトリーチ）型
14716,2,通所（デイサービス）型（個別）
14716,4,居宅訪問（アウトリーチ）型
14717,2,通所（デイサービス）型（個別）
14718,1,短期入所（ショートステイ）型
14718,2,通所（デイサービス）型（個別）
14718,3,通所（デイサービス）型（集団）
14719,2,通所（デイサービス）型（個別）
14720,2,通所（デイサービス）型（個別）
14721,3,通所（デイサービス）型（集団）
14721,4,居宅訪問（アウトリーチ）型
14722,4,居宅訪問（アウトリーチ）型
14723,4,居宅訪問（アウトリーチ）型
14724,1,短期入所（ショートステイ）型
14724,2,通所（デイサービス）型（個別）
14725,1,短期入所（ショートステイ）型
14725,2,通所（デイサービス）型（個別）
14725,3,通所（デイサービス）型（集団）
14725,4,居宅訪問（アウトリーチ）型
14726,2,通所（デイサービス）型（個別）
14726,4,居宅訪問（アウトリーチ）型
14727,2,通所（デイサービス）型（個別）
14727,4,居宅訪問（アウトリーチ）型
14728,4,居宅訪問（アウトリーチ）型
14729,4,居宅訪問（アウトリーチ）型
14730,2,通所（デイサービス）型（個別）
14731,2,通所（デイサービス）型（個別）
14732,4,居宅訪問（アウトリーチ）型
14733,4,居宅訪問（アウトリーチ）型
14734,3,通所（デイサービス）型（集団）
14734,4,居宅訪問（アウトリーチ）型
14735,4,居宅訪問（アウトリーチ）型
14736,1,短期入所（ショートステイ）型
14736,2,通所（デイサービス）型（個別）
14736,3,通所（デイサービス）型（集団）
14736,4,居宅訪問（アウトリーチ）型
14737,2,通所（デイサービス）型（個別）
14737,4,居宅訪問（アウトリーチ）型
14738,2,通所（デイサービス）型（個別）
14738,3,通所（デイサービス）型（集団）
14738,4,居宅訪問（アウトリーチ）型
14739,4,居宅訪問（アウトリーチ）型
14740,4,居宅訪問（アウトリーチ）型
14741,4,居宅訪問（アウトリーチ）型
14742,4,居宅訪問（アウトリーチ）型
14743,4,居宅訪問（アウトリーチ）型
14744,4,居宅訪問（アウトリーチ）型
14745,1,短期入所（ショートステイ）型
14745,2,通所（デイサービス）型（個別）
14745,4,居宅訪問（アウトリーチ）型
14746,2,通所（デイサービス）型（個別）
14746,4,居宅訪問（アウトリーチ）型
14747,2,通所（デイサービス）型（個別）
14747,4,居宅訪問（アウトリーチ）型
14748,2,通所（デイサービス）型（個別）
14748,4,居宅訪問（アウトリーチ）型
14749,2,通所（デイサービス）型（個別）
14750,4,居宅訪問（アウトリーチ）型
14751,2,通所（デイサービス）型（個別）
14752,1,短期入所（ショートステイ）型
14752,2,通所（デイサービス）型（個別）
14753,1,短期入所（ショートステイ）型
14753,2,通所（デイサービス）型（個別）
14753,4,居宅訪問（アウトリーチ）型
14754,1,短期入所（ショートステイ）型
14754,2,通所（デイサービス）型（個別）
14755,1,短期入所（ショートステイ）型
14755,2,通所（デイサービス）型（個別）
14756,1,短期入所（ショートステイ）型
14756,2,通所（デイサービス）型（個別）
14757,2,通所（デイサービス）型（個別）
14757,4,居宅訪問（アウトリーチ）型
14758,2,通所（デイサービス）型（個別）
14758,4,居宅訪問（アウトリーチ）型
14759,1,短期入所（ショートステイ）型
14759,2,通所（デイサービス）型（個別）
14760,1,短期入所（ショートステイ）型
14760,2,通所（デイサービス）型（個別）
14760,4,居宅訪問（アウトリーチ）型
14761,1,短期入所（ショートステイ）型
14761,2,通所（デイサービス）型（個別）
14761,3,通所（デイサービス）型（集団）
14761,4,居宅訪問（アウトリーチ）型
14762,2,通所（デイサービス）型（個別）
14762,4,居宅訪問（アウトリーチ）型
14763,1,短期入所（ショートステイ）型
14763,2,通所（デイサービス）型（個別）
14763,4,居宅訪問（アウトリーチ）型
14764,2,通所（デイサービス）型（個別）
14764,4,居宅訪問（アウトリーチ）型
14765,4,居宅訪問（アウトリーチ）型
14766,2,通所（デイサービス）型（個別）
14766,4,居宅訪問（アウトリーチ）型
14767,4,居宅訪問（アウトリーチ）型
14768,4,居宅訪問（アウトリーチ）型
14769,4,居宅訪問（アウトリーチ）型
14770,2,通所（デイサービス）型（個別）
14770,4,居宅訪問（アウトリーチ）型
14771,2,通所（デイサービス）型（個別）
14771,4,居宅訪問（アウトリーチ）型
14772,4,居宅訪問（アウトリーチ）型
14773,4,居宅訪問（アウトリーチ）型
14774,4,居宅訪問（アウトリーチ）型
14775,4,居宅訪問（アウトリーチ）型
14776,4,居宅訪問（アウトリーチ）型
14777,4,居宅訪問（アウトリーチ）型
14778,4,居宅訪問（アウトリーチ）型
14779,4,居宅訪問（アウトリーチ）型
14780,2,通所（デイサービス）型（個別）
14780,4,居宅訪問（アウトリーチ）型
14781,2,通所（デイサービス）型（個別）
14781,4,居宅訪問（アウトリーチ）型
14782,2,通所（デイサービス）型（個別）
14782,4,居宅訪問（アウトリーチ）型
14783,1,短期入所（ショートステイ）型
14783,2,通所（デイサービス）型（個別）
14783,4,居宅訪問（アウトリーチ）型
14784,4,居宅訪問（アウトリーチ）型
14785,2,通所（デイサービス）型（個別）
14785,4,居宅訪問（アウトリーチ）型
14786,4,居宅訪問（アウトリーチ）型
14787,4,居宅訪問（アウトリーチ）型
14788,2,通所（デイサービス）型（個別）
14788,4,居宅訪問（アウトリーチ）型
14789,4,居宅訪問（アウトリーチ）型
14790,2,通所（デイサービス）型（個別）
14790,4,居宅訪問（アウトリーチ）型
14791,4,居宅訪問（アウトリーチ）型
14792,2,通所（デイサービス）型（個別）
14792,4,居宅訪問（アウトリーチ）型
14793,2,通所（デイサービス）型（個別）
14793,4,居宅訪問（アウトリーチ）型
14794,2,通所（デイサービス）型（個別）
14794,4,居宅訪問（アウトリーチ）型
14795,2,通所（デイサービス）型（個別）
14795,4,居宅訪問（アウトリーチ）型
14796,4,居宅訪問（アウトリーチ）型
14797,4,居宅訪問（アウトリーチ）型
14798,1,短期入所（ショートステイ）型
14798,2,通所（デイサービス）型（個別）
14798,4,居宅訪問（アウトリーチ）型
14799,2,通所（デイサービス）型（個別）
14800,1,短期入所（ショートステイ）型
14800,2,通所（デイサービス）型（個別）
14800,4,居宅訪問（アウトリーチ）型
14801,2,通所（デイサービス）型（個別）
14801,4,居宅訪問（アウトリーチ）型
14802,4,居宅訪問（アウトリーチ）型
14803,4,居宅訪問（アウトリーチ）型
14804,4,居宅訪問（アウトリーチ）型
14805,4,居宅訪問（アウトリーチ）型
14806,4,居宅訪問（アウトリーチ）型
14807,4,居宅訪問（アウトリーチ）型
14808,4,居宅訪問（アウトリーチ）型
14809,2,通所（デイサービス）型（個別）
14810,4,居宅訪問（アウトリーチ）型
14811,4,居宅訪問（アウトリーチ）型
14812,4,居宅訪問（アウトリーチ）型
14813,4,居宅訪問（アウトリーチ）型
14814,4,居宅訪問（アウトリーチ）型
14815,4,居宅訪問（アウトリーチ）型
14816,4,居宅訪問（アウトリーチ）型
14817,4,居宅訪問（アウトリーチ）型
14818,4,居宅訪問（アウトリーチ）型
14819,2,通所（デイサービス）型（個別）
14820,2,通所（デイサービス）型（個別）
14820,4,居宅訪問（アウトリーチ）型
14821,2,通所（デイサービス）型（個別）
14821,4,居宅訪問（アウトリーチ）型
14822,2,通所（デイサービス）型（個別）
14822,4,居宅訪問（アウトリーチ）型
14823,2,通所（デイサービス）型（個別）
14824,1,短期入所（ショートステイ）型
14824,2,通所（デイサービス）型（個別）
14825,4,居宅訪問（アウトリーチ）型
14826,4,居宅訪問（アウトリーチ）型
14827,4,居宅訪問（アウトリーチ）型
14828,4,居宅訪問（アウトリーチ）型
14829,4,居宅訪問（アウトリーチ）型
14830,4,居宅訪問（アウトリーチ）型
14831,4,居宅訪問（アウトリーチ）型
14832,4,居宅訪問（アウトリーチ）型
14833,2,通所（デイサービス）型（個別）
14833,4,居宅訪問（アウトリーチ）型
14834,4,居宅訪問（アウトリーチ）型
14835,4,居宅訪問（アウトリーチ）型
14836,4,居宅訪問（アウトリーチ）型
14837,4,居宅訪問（アウトリーチ）型
14838,2,通所（デイサービス）型（個別）
14838,4,居宅訪問（アウトリーチ）型
14839,2,通所（デイサービス）型（個別）
14839,4,居宅訪問（アウトリーチ）型
14840,4,居宅訪問（アウトリーチ）型
14841,4,居宅訪問（アウトリーチ）型
14842,1,短期入所（ショートステイ）型
14842,2,通所（デイサービス）型（個別）
14842,4,居宅訪問（アウトリーチ）型
14843,4,居宅訪問（アウトリーチ）型
14845,4,居宅訪問（アウトリーチ）型
14846,4,居宅訪問（アウトリーチ）型
14849,4,居宅訪問（アウトリーチ）型
14850,4,居宅訪問（アウトリーチ）型
14851,4,居宅訪問（アウトリーチ）型
14852,4,居宅訪問（アウトリーチ）型
14853,1,短期入所（ショートステイ）型
14853,4,居宅訪問（アウトリーチ）型
14854,4,居宅訪問（アウトリーチ）型
14855,4,居宅訪問（アウトリーチ）型
14856,2,通所（デイサービス）型（個別）
14857,1,短期入所（ショートステイ）型
14857,2,通所（デイサービス）型（個別）
14858,4,居宅訪問（アウトリーチ）型
14859,4,居宅訪問（アウトリーチ）型
14860,4,居宅訪問（アウトリーチ）型
14861,1,短期入所（ショートステイ）型
14861,2,通所（デイサービス）型（個別）
14861,4,居宅訪問（アウトリーチ）型
14862,2,通所（デイサービス）型（個別）
14862,4,居宅訪問（アウトリーチ）型
14863,4,居宅訪問（アウトリーチ）型
14864,1,短期入所（ショートステイ）型
14864,2,通所（デイサービス）型（個別）
14865,2,通所（デイサービス）型（個別）
14865,3,通所（デイサービス）型（集団）
14865,4,居宅訪問（アウトリーチ）型
14866,4,居宅訪問（アウトリーチ）型
14867,4,居宅訪問（アウトリーチ）型
14868,4,居宅訪問（アウトリーチ）型
14869,2,通所（デイサービス）型（個別）
14869,4,居宅訪問（アウトリーチ）型
14870,2,通所（デイサービス）型（個別）
14871,4,居宅訪問（アウトリーチ）型
14872,4,居宅訪問（アウトリーチ）型
14873,4,居宅訪問（アウトリーチ）型
14874,4,居宅訪問（アウトリーチ）型
14875,4,居宅訪問（アウトリーチ）型
14876,4,居宅訪問（アウトリーチ）型
14877,4,居宅訪問（アウトリーチ）型
14878,4,居宅訪問（アウトリーチ）型
14879,4,居宅訪問（アウトリーチ）型
14880,4,居宅訪問（アウトリーチ）型
14881,4,居宅訪問（アウトリーチ）型
14882,4,居宅訪問（アウトリーチ）型
14883,4,居宅訪問（アウトリーチ）型
14884,4,居宅訪問（アウトリーチ）型
14885,2,通所（デイサービス）型（個別）
14885,4,居宅訪問（アウトリーチ）型
14886,2,通所（デイサービス）型（個別）
14886,4,居宅訪問（アウトリーチ）型
14887,4,居宅訪問（アウトリーチ）型
14888,1,短期入所（ショートステイ）型
14888,4,居宅訪問（アウトリーチ）型
14890,2,通所（デイサービス）型（個別）
14890,4,居宅訪問（アウトリーチ）型
14891,2,通所（デイサービス）型（個別）
14891,4,居宅訪問（アウトリーチ）型
14892,2,通所（デイサービス）型（個別）
14892,4,居宅訪問（アウトリーチ）型
14893,4,居宅訪問（アウトリーチ）型
14894,4,居宅訪問（アウトリーチ）型
14895,4,居宅訪問（アウトリーチ）型
14896,2,通所（デイサービス）型（個別）
14896,4,居宅訪問（アウトリーチ）型
14897,4,居宅訪問（アウトリーチ）型
14898,4,居宅訪問（アウトリーチ）型
14899,4,居宅訪問（アウトリーチ）型
14900,4,居宅訪問（アウトリーチ）型
14901,4,居宅訪問（アウトリーチ）型
14902,2,通所（デイサービス）型（個別）
14902,4,居宅訪問（アウトリーチ）型
14903,4,居宅訪問（アウトリーチ）型
14904,4,居宅訪問（アウトリーチ）型
14905,2,通所（デイサービス）型（個別）
14906,4,居宅訪問（アウトリーチ）型
14907,1,短期入所（ショートステイ）型
14907,2,通所（デイサービス）型（個別）
14907,4,居宅訪問（アウトリーチ）型
14908,1,短期入所（ショートステイ）型
14908,2,通所（デイサービス）型（個別）
14909,1,短期入所（ショートステイ）型
14909,2,通所（デイサービス）型（個別）
14909,4,居宅訪問（アウトリーチ）型
14910,4,居宅訪問（アウトリーチ）型
14911,1,短期入所（ショートステイ）型
14911,2,通所（デイサービス）型（個別）
14911,4,居宅訪問（アウトリーチ）型
14912,4,居宅訪問（アウトリーチ）型
14913,1,短期入所（ショートステイ）型
14913,2,通所（デイサービス）型（個別）
14913,4,居宅訪問（アウトリーチ）型
14914,4,居宅訪問（アウトリーチ）型
14915,1,短期入所（ショートステイ）型
14915,2,通所（デイサービス）型（個別）
14915,4,居宅訪問（アウトリーチ）型
14916,1,短期入所（ショートステイ）型
14916,2,通所（デイサービス）型（個別）
14916,4,居宅訪問（アウトリーチ）型
14917,4,居宅訪問（アウトリーチ）型
14918,2,通所（デイサービス）型（個別）
14918,4,居宅訪問（アウトリーチ）型
14919,1,短期入所（ショートステイ）型
14919,2,通所（デイサービス）型（個別）
14920,1,短期入所（ショートステイ）型
14920,2,通所（デイサービス）型（個別）
14920,4,居宅訪問（アウトリーチ）型
14921,1,短期入所（ショートステイ）型
14921,2,通所（デイサービス）型（個別）
14921,3,通所（デイサービス）型（集団）
14921,4,居宅訪問（アウトリーチ）型
14922,1,短期入所（ショートステイ）型
14922,2,通所（デイサービス）型（個別）
14922,3,通所（デイサービス）型（集団）
14922,4,居宅訪問（アウトリーチ）型
14923,1,短期入所（ショートステイ）型
14923,2,通所（デイサービス）型（個別）
14923,4,居宅訪問（アウトリーチ）型
14924,4,居宅訪問（アウトリーチ）型
14925,4,居宅訪問（アウトリーチ）型
14926,3,通所（デイサービス）型（集団）
14927,1,短期入所（ショートステイ）型
14927,2,通所（デイサービス）型（個別）
14927,4,居宅訪問（アウトリーチ）型
14928,1,短期入所（ショートステイ）型
14928,2,通所（デイサービス）型（個別）
14928,4,居宅訪問（アウトリーチ）型
14929,1,短期入所（ショートステイ）型
14929,2,通所（デイサービス）型（個別）
14929,4,居宅訪問（アウトリーチ）型
14930,2,通所（デイサービス）型（個別）
14931,1,短期入所（ショートステイ）型
14931,2,通所（デイサービス）型（個別）
14931,4,居宅訪問（アウトリーチ）型
14932,2,通所（デイサービス）型（個別）
14933,1,短期入所（ショートステイ）型
14933,2,通所（デイサービス）型（個別）
14933,4,居宅訪問（アウトリーチ）型
14934,1,短期入所（ショートステイ）型
14934,2,通所（デイサービス）型（個別）
14934,4,居宅訪問（アウトリーチ）型
14935,1,短期入所（ショートステイ）型
14935,2,通所（デイサービス）型（個別）
14935,4,居宅訪問（アウトリーチ）型
14936,1,短期入所（ショートステイ）型
14936,2,通所（デイサービス）型（個別）
14936,4,居宅訪問（アウトリーチ）型
14937,1,短期入所（ショートステイ）型
14937,2,通所（デイサービス）型（個別）
14937,4,居宅訪問（アウトリーチ）型
14938,1,短期入所（ショートステイ）型
14938,2,通所（デイサービス）型（個別）
14938,4,居宅訪問（アウトリーチ）型
14939,1,短期入所（ショートステイ）型
14939,2,通所（デイサービス）型（個別）
14939,4,居宅訪問（アウトリーチ）型
14940,1,短期入所（ショートステイ）型
14940,2,通所（デイサービス）型（個別）
14940,4,居宅訪問（アウトリーチ）型
14941,2,通所（デイサービス）型（個別）
14942,2,通所（デイサービス）型（個別）
14943,2,通所（デイサービス）型（個別）
14944,2,通所（デイサービス）型（個別）
14945,1,短期入所（ショートステイ）型
14945,2,通所（デイサービス）型（個別）
14945,4,居宅訪問（アウトリーチ）型
14946,3,通所（デイサービス）型（集団）
14947,2,通所（デイサービス）型（個別）
14947,4,居宅訪問（アウトリーチ）型
14948,2,通所（デイサービス）型（個別）
14949,2,通所（デイサービス）型（個別）
14950,2,通所（デイサービス）型（個別）
14950,4,居宅訪問（アウトリーチ）型
14951,2,通所（デイサービス）型（個別）
14952,2,通所（デイサービス）型（個別）
14952,4,居宅訪問（アウトリーチ）型
14953,2,通所（デイサービス）型（個別）
14953,4,居宅訪問（アウトリーチ）型
14954,2,通所（デイサービス）型（個別）
14954,4,居宅訪問（アウトリーチ）型
14955,2,通所（デイサービス）型（個別）
14955,4,居宅訪問（アウトリーチ）型
14956,2,通所（デイサービス）型（個別）
14956,4,居宅訪問（アウトリーチ）型
14957,2,通所（デイサービス）型（個別）
14958,1,短期入所（ショートステイ）型
14958,2,通所（デイサービス）型（個別）
14959,2,通所（デイサービス）型（個別）
14960,1,短期入所（ショートステイ）型
14960,2,通所（デイサービス）型（個別）
14960,4,居宅訪問（アウトリーチ）型
14961,1,短期入所（ショートステイ）型
14961,2,通所（デイサービス）型（個別）
14961,4,居宅訪問（アウトリーチ）型
14962,2,通所（デイサービス）型（個別）
14962,4,居宅訪問（アウトリーチ）型
14963,2,通所（デイサービス）型（個別）
14963,4,居宅訪問（アウトリーチ）型
14964,2,通所（デイサービス）型（個別）
14964,4,居宅訪問（アウトリーチ）型
14965,2,通所（デイサービス）型（個別）
14965,4,居宅訪問（アウトリーチ）型
14966,2,通所（デイサービス）型（個別）
14966,4,居宅訪問（アウトリーチ）型
14967,2,通所（デイサービス）型（個別）
14967,4,居宅訪問（アウトリーチ）型
14968,1,短期入所（ショートステイ）型
14968,2,通所（デイサービス）型（個別）
14968,4,居宅訪問（アウトリーチ）型
14969,2,通所（デイサービス）型（個別）
14969,4,居宅訪問（アウトリーチ）型
14970,2,通所（デイサービス）型（個別）
14971,2,通所（デイサービス）型（個別）
14971,3,通所（デイサービス）型（集団）
14971,4,居宅訪問（アウトリーチ）型
14972,2,通所（デイサービス）型（個別）
14972,4,居宅訪問（アウトリーチ）型
14973,2,通所（デイサービス）型（個別）
14973,4,居宅訪問（アウトリーチ）型
14974,2,通所（デイサービス）型（個別）
14974,4,居宅訪問（アウトリーチ）型
14975,1,短期入所（ショートステイ）型
14975,2,通所（デイサービス）型（個別）
14975,4,居宅訪問（アウトリーチ）型
14976,2,通所（デイサービス）型（個別）
14976,4,居宅訪問（アウトリーチ）型
14977,2,通所（デイサービス）型（個別）
14977,4,居宅訪問（アウトリーチ）型
14978,2,通所（デイサービス）型（個別）
14978,4,居宅訪問（アウトリーチ）型
14979,2,通所（デイサービス）型（個別）
14979,4,居宅訪問（アウトリーチ）型
14980,2,通所（デイサービス）型（個別）
14980,4,居宅訪問（アウトリーチ）型
14981,2,通所（デイサービス）型（個別）
14981,4,居宅訪問（アウトリーチ）型
14982,2,通所（デイサービス）型（個別）
14982,4,居宅訪問（アウトリーチ）型
14983,4,居宅訪問（アウトリーチ）型
14984,4,居宅訪問（アウトリーチ）型
14985,2,通所（デイサービス）型（個別）
14985,4,居宅訪問（アウトリーチ）型
14986,4,居宅訪問（アウトリーチ）型
14987,2,通所（デイサービス）型（個別）
14987,4,居宅訪問（アウトリーチ）型
14988,2,通所（デイサービス）型（個別）
14988,4,居宅訪問（アウトリーチ）型
14989,4,居宅訪問（アウトリーチ）型
14990,4,居宅訪問（アウトリーチ）型
14991,4,居宅訪問（アウトリーチ）型
14992,4,居宅訪問（アウトリーチ）型
14993,2,通所（デイサービス）型（個別）
14993,4,居宅訪問（アウトリーチ）型
14994,1,短期入所（ショートステイ）型
14994,2,通所（デイサービス）型（個別）
14995,2,通所（デイサービス）型（個別）
14995,4,居宅訪問（アウトリーチ）型
14996,2,通所（デイサービス）型（個別）
14996,4,居宅訪問（アウトリーチ）型
14997,2,通所（デイサービス）型（個別）
14997,3,通所（デイサービス）型（集団）
14997,4,居宅訪問（アウトリーチ）型
14998,2,通所（デイサービス）型（個別）
14998,4,居宅訪問（アウトリーチ）型
14999,4,居宅訪問（アウトリーチ）型
15000,4,居宅訪問（アウトリーチ）型
15001,4,居宅訪問（アウトリーチ）型
15002,2,通所（デイサービス）型（個別）
15002,4,居宅訪問（アウトリーチ）型
15003,2,通所（デイサービス）型（個別）
15003,4,居宅訪問（アウトリーチ）型
15004,2,通所（デイサービス）型（個別）
15004,4,居宅訪問（アウトリーチ）型
15005,2,通所（デイサービス）型（個別）
15005,4,居宅訪問（アウトリーチ）型
15006,2,通所（デイサービス）型（個別）
15006,4,居宅訪問（アウトリーチ）型
15007,1,短期入所（ショートステイ）型
15007,2,通所（デイサービス）型（個別）
15007,4,居宅訪問（アウトリーチ）型
15008,2,通所（デイサービス）型（個別）
15009,2,通所（デイサービス）型（個別）
15009,4,居宅訪問（アウトリーチ）型
15010,2,通所（デイサービス）型（個別）
15010,3,通所（デイサービス）型（集団）
15010,4,居宅訪問（アウトリーチ）型
15011,2,通所（デイサービス）型（個別）
15011,4,居宅訪問（アウトリーチ）型
15012,2,通所（デイサービス）型（個別）
15012,4,居宅訪問（アウトリーチ）型
15013,2,通所（デイサービス）型（個別）
15013,4,居宅訪問（アウトリーチ）型
15014,1,短期入所（ショートステイ）型
15014,2,通所（デイサービス）型（個別）
15015,2,通所（デイサービス）型（個別）
15017,1,短期入所（ショートステイ）型
15017,2,通所（デイサービス）型（個別）
15018,1,短期入所（ショートステイ）型
15018,2,通所（デイサービス）型（個別）
15019,1,短期入所（ショートステイ）型
15019,2,通所（デイサービス）型（個別）
15020,3,通所（デイサービス）型（集団）
15020,4,居宅訪問（アウトリーチ）型
15021,3,通所（デイサービス）型（集団）
15022,2,通所（デイサービス）型（個別）
15022,4,居宅訪問（アウトリーチ）型
15024,1,短期入所（ショートステイ）型
15024,2,通所（デイサービス）型（個別）
15025,1,短期入所（ショートステイ）型
15025,2,通所（デイサービス）型（個別）
15025,4,居宅訪問（アウトリーチ）型
15027,1,短期入所（ショートステイ）型
15027,2,通所（デイサービス）型（個別）
15028,2,通所（デイサービス）型（個別）
15029,2,通所（デイサービス）型（個別）
15029,4,居宅訪問（アウトリーチ）型
15030,2,通所（デイサービス）型（個別）
15031,1,短期入所（ショートステイ）型
15031,2,通所（デイサービス）型（個別）
15032,1,短期入所（ショートステイ）型
15032,2,通所（デイサービス）型（個別）
15033,1,短期入所（ショートステイ）型
15034,2,通所（デイサービス）型（個別）
15034,4,居宅訪問（アウトリーチ）型
15035,2,通所（デイサービス）型（個別）
15035,4,居宅訪問（アウトリーチ）型
15036,2,通所（デイサービス）型（個別）
15036,4,居宅訪問（アウトリーチ）型
15038,2,通所（デイサービス）型（個別）
15038,3,通所（デイサービス）型（集団）
15038,4,居宅訪問（アウトリーチ）型
15039,3,通所（デイサービス）型（集団）
15039,4,居宅訪問（アウトリーチ）型
15040,3,通所（デイサービス）型（集団）
15040,4,居宅訪問（アウトリーチ）型
15041,2,通所（デイサービス）型（個別）
15041,4,居宅訪問（アウトリーチ）型
15042,2,通所（デイサービス）型（個別）
15042,4,居宅訪問（アウトリーチ）型
15043,3,通所（デイサービス）型（集団）
15043,4,居宅訪問（アウトリーチ）型
15044,1,短期入所（ショートステイ）型
15044,2,通所（デイサービス）型（個別）
15044,4,居宅訪問（アウトリーチ）型
15045,1,短期入所（ショートステイ）型
15045,2,通所（デイサービス）型（個別）
15045,4,居宅訪問（アウトリーチ）型
15046,2,通所（デイサービス）型（個別）
15046,4,居宅訪問（アウトリーチ）型
15047,1,短期入所（ショートステイ）型
15047,2,通所（デイサービス）型（個別）
15047,4,居宅訪問（アウトリーチ）型
15048,1,短期入所（ショートステイ）型
15048,2,通所（デイサービス）型（個別）
15048,4,居宅訪問（アウトリーチ）型
15049,1,短期入所（ショートステイ）型
15049,2,通所（デイサービス）型（個別）
15049,4,居宅訪問（アウトリーチ）型
15050,1,短期入所（ショートステイ）型
15050,2,通所（デイサービス）型（個別）
15050,4,居宅訪問（アウトリーチ）型
15051,1,短期入所（ショートステイ）型
15051,2,通所（デイサービス）型（個別）
15051,4,居宅訪問（アウトリーチ）型
15052,1,短期入所（ショートステイ）型
15052,2,通所（デイサービス）型（個別）
15052,4,居宅訪問（アウトリーチ）型
15053,4,居宅訪問（アウトリーチ）型
15054,4,居宅訪問（アウトリーチ）型
15055,4,居宅訪問（アウトリーチ）型
15056,4,居宅訪問（アウトリーチ）型
15057,4,居宅訪問（アウトリーチ）型
15058,2,通所（デイサービス）型（個別）
15058,3,通所（デイサービス）型（集団）
15058,4,居宅訪問（アウトリーチ）型
15059,2,通所（デイサービス）型（個別）
15059,4,居宅訪問（アウトリーチ）型
15060,2,通所（デイサービス）型（個別）
15060,4,居宅訪問（アウトリーチ）型
15061,4,居宅訪問（アウトリーチ）型
15062,2,通所（デイサービス）型（個別）
15062,4,居宅訪問（アウトリーチ）型
15063,2,通所（デイサービス）型（個別）
15063,4,居宅訪問（アウトリーチ）型
15064,2,通所（デイサービス）型（個別）
15064,4,居宅訪問（アウトリーチ）型
15065,2,通所（デイサービス）型（個別）
15065,4,居宅訪問（アウトリーチ）型
15066,1,短期入所（ショートステイ）型
15066,2,通所（デイサービス）型（個別）
15066,4,居宅訪問（アウトリーチ）型
15067,2,通所（デイサービス）型（個別）
15067,4,居宅訪問（アウトリーチ）型
15068,1,短期入所（ショートステイ）型
15068,2,通所（デイサービス）型（個別）
15069,2,通所（デイサービス）型（個別）
15069,4,居宅訪問（アウトリーチ）型
15070,2,通所（デイサービス）型（個別）
15070,4,居宅訪問（アウトリーチ）型
15071,2,通所（デイサービス）型（個別）
15071,4,居宅訪問（アウトリーチ）型
15072,2,通所（デイサービス）型（個別）
15072,4,居宅訪問（アウトリーチ）型
15073,4,居宅訪問（アウトリーチ）型
15074,4,居宅訪問（アウトリーチ）型
15075,2,通所（デイサービス）型（個別）
15076,1,短期入所（ショートステイ）型
15076,2,通所（デイサービス）型（個別）
15076,3,通所（デイサービス）型（集団）
15076,4,居宅訪問（アウトリーチ）型
15077,1,短期入所（ショートステイ）型
15077,2,通所（デイサービス）型（個別）
15077,3,通所（デイサービス）型（集団）
15077,4,居宅訪問（アウトリーチ）型
15078,1,短期入所（ショートステイ）型
15078,2,通所（デイサービス）型（個別）
15078,3,通所（デイサービス）型（集団）
15078,4,居宅訪問（アウトリーチ）型
15079,2,通所（デイサービス）型（個別）
15079,3,通所（デイサービス）型（集団）
15079,4,居宅訪問（アウトリーチ）型
15080,2,通所（デイサービス）型（個別）
15080,3,通所（デイサービス）型（集団）
15080,4,居宅訪問（アウトリーチ）型
15081,2,通所（デイサービス）型（個別）
15081,4,居宅訪問（アウトリーチ）型
15082,4,居宅訪問（アウトリーチ）型
15083,2,通所（デイサービス）型（個別）
15083,4,居宅訪問（アウトリーチ）型
15084,2,通所（デイサービス）型（個別）
15084,4,居宅訪問（アウトリーチ）型
15085,4,居宅訪問（アウトリーチ）型
15086,4,居宅訪問（アウトリーチ）型
15087,1,短期入所（ショートステイ）型
15087,2,通所（デイサービス）型（個別）
15089,2,通所（デイサービス）型（個別）
15090,2,通所（デイサービス）型（個別）
15090,4,居宅訪問（アウトリーチ）型
15091,2,通所（デイサービス）型（個別）
15092,4,居宅訪問（アウトリーチ）型
15093,2,通所（デイサービス）型（個別）
15093,4,居宅訪問（アウトリーチ）型
15094,2,通所（デイサービス）型（個別）
15094,4,居宅訪問（アウトリーチ）型
15095,4,居宅訪問（アウトリーチ）型
15096,4,居宅訪問（アウトリーチ）型
15097,1,短期入所（ショートステイ）型
15097,2,通所（デイサービス）型（個別）
15097,4,居宅訪問（アウトリーチ）型
15098,3,通所（デイサービス）型（集団）
15098,4,居宅訪問（アウトリーチ）型
15099,3,通所（デイサービス）型（集団）
15100,4,居宅訪問（アウトリーチ）型
15101,2,通所（デイサービス）型（個別）
15101,3,通所（デイサービス）型（集団）
15101,4,居宅訪問（アウトリーチ）型
15102,2,通所（デイサービス）型（個別）
15103,1,短期入所（ショートステイ）型
15103,2,通所（デイサービス）型（個別）
15103,4,居宅訪問（アウトリーチ）型
15104,1,短期入所（ショートステイ）型
15104,2,通所（デイサービス）型（個別）
15104,4,居宅訪問（アウトリーチ）型
15105,1,短期入所（ショートステイ）型
15105,2,通所（デイサービス）型（個別）
15105,4,居宅訪問（アウトリーチ）型
15106,1,短期入所（ショートステイ）型
15106,2,通所（デイサービス）型（個別）
15106,4,居宅訪問（アウトリーチ）型
15107,4,居宅訪問（アウトリーチ）型
15108,1,短期入所（ショートステイ）型
15108,2,通所（デイサービス）型（個別）
15108,4,居宅訪問（アウトリーチ）型
15109,2,通所（デイサービス）型（個別）
15109,4,居宅訪問（アウトリーチ）型
15110,4,居宅訪問（アウトリーチ）型
15111,2,通所（デイサービス）型（個別）
15111,4,居宅訪問（アウトリーチ）型
15112,2,通所（デイサービス）型（個別）
15112,4,居宅訪問（アウトリーチ）型
15113,4,居宅訪問（アウトリーチ）型
15114,4,居宅訪問（アウトリーチ）型
15115,2,通所（デイサービス）型（個別）
15115,4,居宅訪問（アウトリーチ）型
15116,1,短期入所（ショートステイ）型
15116,2,通所（デイサービス）型（個別）
15116,4,居宅訪問（アウトリーチ）型
15117,1,短期入所（ショートステイ）型
15117,2,通所（デイサービス）型（個別）
15117,4,居宅訪問（アウトリーチ）型
15118,4,居宅訪問（アウトリーチ）型
15119,4,居宅訪問（アウトリーチ）型
15120,4,居宅訪問（アウトリーチ）型
15121,4,居宅訪問（アウトリーチ）型
15122,4,居宅訪問（アウトリーチ）型
15123,2,通所（デイサービス）型（個別）
15123,4,居宅訪問（アウトリーチ）型
15124,4,居宅訪問（アウトリーチ）型
15125,2,通所（デイサービス）型（個別）
15125,4,居宅訪問（アウトリーチ）型
15126,4,居宅訪問（アウトリーチ）型
15127,2,通所（デイサービス）型（個別）
15127,4,居宅訪問（アウトリーチ）型
15128,2,通所（デイサービス）型（個別）
15128,4,居宅訪問（アウトリーチ）型
15129,2,通所（デイサービス）型（個別）
15129,4,居宅訪問（アウトリーチ）型
15130,4,居宅訪問（アウトリーチ）型
15131,2,通所（デイサービス）型（個別）
15131,4,居宅訪問（アウトリーチ）型
15132,4,居宅訪問（アウトリーチ）型
15133,1,短期入所（ショートステイ）型
15133,2,通所（デイサービス）型（個別）
15133,4,居宅訪問（アウトリーチ）型
15134,4,居宅訪問（アウトリーチ）型
15135,4,居宅訪問（アウトリーチ）型
15136,4,居宅訪問（アウトリーチ）型
15137,4,居宅訪問（アウトリーチ）型
15138,4,居宅訪問（アウトリーチ）型
15139,4,居宅訪問（アウトリーチ）型
15140,4,居宅訪問（アウトリーチ）型
15141,4,居宅訪問（アウトリーチ）型
15143,2,通所（デイサービス）型（個別）
15144,4,居宅訪問（アウトリーチ）型
15145,1,短期入所（ショートステイ）型
15146,4,居宅訪問（アウトリーチ）型
15147,4,居宅訪問（アウトリーチ）型
15148,3,通所（デイサービス）型（集団）
15148,4,居宅訪問（アウトリーチ）型
15149,4,居宅訪問（アウトリーチ）型
15150,4,居宅訪問（アウトリーチ）型
15151,4,居宅訪問（アウトリーチ）型
15152,4,居宅訪問（アウトリーチ）型
15153,4,居宅訪問（アウトリーチ）型
15154,4,居宅訪問（アウトリーチ）型
15155,2,通所（デイサービス）型（個別）
15155,3,通所（デイサービス）型（集団）
15155,4,居宅訪問（アウトリーチ）型
15156,4,居宅訪問（アウトリーチ）型
15157,2,通所（デイサービス）型（個別）
15157,4,居宅訪問（アウトリーチ）型
15158,2,通所（デイサービス）型（個別）
15158,4,居宅訪問（アウトリーチ）型
15159,1,短期入所（ショートステイ）型
15159,2,通所（デイサービス）型（個別）
15159,4,居宅訪問（アウトリーチ）型
15160,1,短期入所（ショートステイ）型
15160,2,通所（デイサービス）型（個別）
15161,2,通所（デイサービス）型（個別）
15161,4,居宅訪問（アウトリーチ）型
15162,2,通所（デイサービス）型（個別）
15163,1,短期入所（ショートステイ）型
15163,2,通所（デイサービス）型（個別）
15164,1,短期入所（ショートステイ）型
15164,2,通所（デイサービス）型（個別）
15164,4,居宅訪問（アウトリーチ）型
15165,1,短期入所（ショートステイ）型
15165,2,通所（デイサービス）型（個別）
15165,4,居宅訪問（アウトリーチ）型
15166,2,通所（デイサービス）型（個別）
15166,4,居宅訪問（アウトリーチ）型
15167,1,短期入所（ショートステイ）型
15167,2,通所（デイサービス）型（個別）
15167,3,通所（デイサービス）型（集団）
15167,4,居宅訪問（アウトリーチ）型
15168,1,短期入所（ショートステイ）型
15168,2,通所（デイサービス）型（個別）
15169,4,居宅訪問（アウトリーチ）型
15170,2,通所（デイサービス）型（個別）
15170,4,居宅訪問（アウトリーチ）型
15171,2,通所（デイサービス）型（個別）
15172,1,短期入所（ショートステイ）型
15172,2,通所（デイサービス）型（個別）
15172,3,通所（デイサービス）型（集団）
15172,4,居宅訪問（アウトリーチ）型
15173,1,短期入所（ショートステイ）型
15173,2,通所（デイサービス）型（個別）
15173,4,居宅訪問（アウトリーチ）型
15174,2,通所（デイサービス）型（個別）
15174,3,通所（デイサービス）型（集団）
15174,4,居宅訪問（アウトリーチ）型
15175,2,通所（デイサービス）型（個別）
15175,4,居宅訪問（アウトリーチ）型
15176,2,通所（デイサービス）型（個別）
15176,4,居宅訪問（アウトリーチ）型
15177,4,居宅訪問（アウトリーチ）型
15178,2,通所（デイサービス）型（個別）
15179,4,居宅訪問（アウトリーチ）型
15180,4,居宅訪問（アウトリーチ）型
15181,2,通所（デイサービス）型（個別）
15181,4,居宅訪問（アウトリーチ）型
15182,2,通所（デイサービス）型（個別）
15182,4,居宅訪問（アウトリーチ）型
15183,2,通所（デイサービス）型（個別）
15183,4,居宅訪問（アウトリーチ）型
15184,2,通所（デイサービス）型（個別）
15184,4,居宅訪問（アウトリーチ）型
15185,2,通所（デイサービス）型（個別）
15185,4,居宅訪問（アウトリーチ）型
15186,1,短期入所（ショートステイ）型
15187,2,通所（デイサービス）型（個別）
15187,4,居宅訪問（アウトリーチ）型
15188,1,短期入所（ショートステイ）型
15188,2,通所（デイサービス）型（個別）
15188,4,居宅訪問（アウトリーチ）型
15189,1,短期入所（ショートステイ）型
15189,2,通所（デイサービス）型（個別）
15189,3,通所（デイサービス）型（集団）
15189,4,居宅訪問（アウトリーチ）型
15190,1,短期入所（ショートステイ）型
15190,2,通所（デイサービス）型（個別）
15190,4,居宅訪問（アウトリーチ）型
15191,2,通所（デイサービス）型（個別）
15191,4,居宅訪問（アウトリーチ）型
15192,2,通所（デイサービス）型（個別）
15192,4,居宅訪問（アウトリーチ）型
15193,4,居宅訪問（アウトリーチ）型
15194,2,通所（デイサービス）型（個別）
15195,4,居宅訪問（アウトリーチ）型
15196,4,居宅訪問（アウトリーチ）型
15197,1,短期入所（ショートステイ）型
15197,2,通所（デイサービス）型（個別）
15197,4,居宅訪問（アウトリーチ）型
15198,2,通所（デイサービス）型（個別）
15199,2,通所（デイサービス）型（個別）
15199,4,居宅訪問（アウトリーチ）型
15200,2,通所（デイサービス）型（個別）
15201,4,居宅訪問（アウトリーチ）型
15202,2,通所（デイサービス）型（個別）
15202,3,通所（デイサービス）型（集団）
15203,4,居宅訪問（アウトリーチ）型
15204,4,居宅訪問（アウトリーチ）型
15205,2,通所（デイサービス）型（個別）
15205,4,居宅訪問（アウトリーチ）型
15206,1,短期入所（ショートステイ）型
15206,2,通所（デイサービス）型（個別）
15206,4,居宅訪問（アウトリーチ）型
15207,2,通所（デイサービス）型（個別）
15207,4,居宅訪問（アウトリーチ）型
15208,1,短期入所（ショートステイ）型
15208,2,通所（デイサービス）型（個別）
15208,4,居宅訪問（アウトリーチ）型
15209,1,短期入所（ショートステイ）型
15209,2,通所（デイサービス）型（個別）
15209,4,居宅訪問（アウトリーチ）型
15210,4,居宅訪問（アウトリーチ）型
15211,2,通所（デイサービス）型（個別）
15211,4,居宅訪問（アウトリーチ）型
15212,2,通所（デイサービス）型（個別）
15212,4,居宅訪問（アウトリーチ）型
15213,4,居宅訪問（アウトリーチ）型
15214,4,居宅訪問（アウトリーチ）型
15215,2,通所（デイサービス）型（個別）
15215,4,居宅訪問（アウトリーチ）型
15216,2,通所（デイサービス）型（個別）
15216,4,居宅訪問（アウトリーチ）型
15217,2,通所（デイサービス）型（個別）
15217,4,居宅訪問（アウトリーチ）型
15218,4,居宅訪問（アウトリーチ）型
15219,4,居宅訪問（アウトリーチ）型
15220,1,短期入所（ショートステイ）型
15220,2,通所（デイサービス）型（個別）
15220,4,居宅訪問（アウトリーチ）型
15221,1,短期入所（ショートステイ）型
15221,2,通所（デイサービス）型（個別）
15221,4,居宅訪問（アウトリーチ）型
15222,2,通所（デイサービス）型（個別）
15222,4,居宅訪問（アウトリーチ）型
15223,1,短期入所（ショートステイ）型
15223,2,通所（デイサービス）型（個別）
15224,4,居宅訪問（アウトリーチ）型
15225,2,通所（デイサービス）型（個別）
15225,4,居宅訪問（アウトリーチ）型
15226,2,通所（デイサービス）型（個別）
15227,2,通所（デイサービス）型（個別）
15227,4,居宅訪問（アウトリーチ）型
15228,1,短期入所（ショートステイ）型
15228,2,通所（デイサービス）型（個別）
15228,4,居宅訪問（アウトリーチ）型
15229,2,通所（デイサービス）型（個別）
15229,4,居宅訪問（アウトリーチ）型
15230,4,居宅訪問（アウトリーチ）型
15231,4,居宅訪問（アウトリーチ）型
15232,2,通所（デイサービス）型（個別）
15233,2,通所（デイサービス）型（個別）
15233,4,居宅訪問（アウトリーチ）型
15234,4,居宅訪問（アウトリーチ）型
15235,2,通所（デイサービス）型（個別）
15236,2,通所（デイサービス）型（個別）
15236,4,居宅訪問（アウトリーチ）型
15237,4,居宅訪問（アウトリーチ）型
15238,4,居宅訪問（アウトリーチ）型
15239,4,居宅訪問（アウトリーチ）型
15240,4,居宅訪問（アウトリーチ）型
15241,1,短期入所（ショートステイ）型
15241,2,通所（デイサービス）型（個別）
15241,4,居宅訪問（アウトリーチ）型
15242,1,短期入所（ショートステイ）型
15242,2,通所（デイサービス）型（個別）
15243,4,居宅訪問（アウトリーチ）型
15244,1,短期入所（ショートステイ）型
15244,2,通所（デイサービス）型（個別）
15244,4,居宅訪問（アウトリーチ）型
15245,4,居宅訪問（アウトリーチ）型
15246,2,通所（デイサービス）型（個別）
15246,4,居宅訪問（アウトリーチ）型
15247,4,居宅訪問（アウトリーチ）型
15248,4,居宅訪問（アウトリーチ）型
15249,2,通所（デイサービス）型（個別）
15249,4,居宅訪問（アウトリーチ）型
15250,4,居宅訪問（アウトリーチ）型
15251,4,居宅訪問（アウトリーチ）型
15252,4,居宅訪問（アウトリーチ）型
15253,4,居宅訪問（アウトリーチ）型
15254,1,短期入所（ショートステイ）型
15254,2,通所（デイサービス）型（個別）
15254,4,居宅訪問（アウトリーチ）型
15255,2,通所（デイサービス）型（個別）
15255,4,居宅訪問（アウトリーチ）型
15256,4,居宅訪問（アウトリーチ）型
15257,4,居宅訪問（アウトリーチ）型
15258,4,居宅訪問（アウトリーチ）型
15259,4,居宅訪問（アウトリーチ）型
15260,1,短期入所（ショートステイ）型
15260,4,居宅訪問（アウトリーチ）型
15261,2,通所（デイサービス）型（個別）
15261,4,居宅訪問（アウトリーチ）型
15262,4,居宅訪問（アウトリーチ）型
15263,4,居宅訪問（アウトリーチ）型
15264,4,居宅訪問（アウトリーチ）型
15265,4,居宅訪問（アウトリーチ）型
15266,4,居宅訪問（アウトリーチ）型
15267,4,居宅訪問（アウトリーチ）型
15268,4,居宅訪問（アウトリーチ）型
15269,2,通所（デイサービス）型（個別）
15269,4,居宅訪問（アウトリーチ）型
15271,1,短期入所（ショートステイ）型
15271,2,通所（デイサービス）型（個別）
15271,3,通所（デイサービス）型（集団）
15272,2,通所（デイサービス）型（個別）
15272,4,居宅訪問（アウトリーチ）型
15273,2,通所（デイサービス）型（個別）
15274,1,短期入所（ショートステイ）型
15274,2,通所（デイサービス）型（個別）
15274,4,居宅訪問（アウトリーチ）型
15275,2,通所（デイサービス）型（個別）
15275,3,通所（デイサービス）型（集団）
15275,4,居宅訪問（アウトリーチ）型
15276,2,通所（デイサービス）型（個別）
15276,4,居宅訪問（アウトリーチ）型
15277,4,居宅訪問（アウトリーチ）型
15278,4,居宅訪問（アウトリーチ）型
15279,2,通所（デイサービス）型（個別）
15279,4,居宅訪問（アウトリーチ）型
15280,4,居宅訪問（アウトリーチ）型
15281,2,通所（デイサービス）型（個別）
15281,4,居宅訪問（アウトリーチ）型
15282,4,居宅訪問（アウトリーチ）型
15283,4,居宅訪問（アウトリーチ）型
15284,2,通所（デイサービス）型（個別）
15285,4,居宅訪問（アウトリーチ）型
15286,4,居宅訪問（アウトリーチ）型
15287,4,居宅訪問（アウトリーチ）型
15288,4,居宅訪問（アウトリーチ）型
15289,4,居宅訪問（アウトリーチ）型
15290,2,通所（デイサービス）型（個別）
15290,3,通所（デイサービス）型（集団）
15290,4,居宅訪問（アウトリーチ）型
15291,4,居宅訪問（アウトリーチ）型
15292,4,居宅訪問（アウトリーチ）型
15293,4,居宅訪問（アウトリーチ）型
15294,4,居宅訪問（アウトリーチ）型
15295,4,居宅訪問（アウトリーチ）型
15296,4,居宅訪問（アウトリーチ）型
15297,4,居宅訪問（アウトリーチ）型
15298,4,居宅訪問（アウトリーチ）型
15299,4,居宅訪問（アウトリーチ）型
15300,2,通所（デイサービス）型（個別）
15300,3,通所（デイサービス）型（集団）
15301,4,居宅訪問（アウトリーチ）型
15302,1,短期入所（ショートステイ）型
15302,2,通所（デイサービス）型（個別）
15303,2,通所（デイサービス）型（個別）
15304,1,短期入所（ショートステイ）型
15304,2,通所（デイサービス）型（個別）
15305,4,居宅訪問（アウトリーチ）型
15306,4,居宅訪問（アウトリーチ）型
15308,4,居宅訪問（アウトリーチ）型
15309,4,居宅訪問（アウトリーチ）型
15310,4,居宅訪問（アウトリーチ）型
15311,4,居宅訪問（アウトリーチ）型
15312,4,居宅訪問（アウトリーチ）型
15313,2,通所（デイサービス）型（個別）
15314,2,通所（デイサービス）型（個別）
15314,4,居宅訪問（アウトリーチ）型
15315,4,居宅訪問（アウトリーチ）型
15316,4,居宅訪問（アウトリーチ）型
15317,2,通所（デイサービス）型（個別）
15317,4,居宅訪問（アウトリーチ）型
15318,2,通所（デイサービス）型（個別）
15318,4,居宅訪問（アウトリーチ）型
15319,4,居宅訪問（アウトリーチ）型
15320,4,居宅訪問（アウトリーチ）型
15321,1,短期入所（ショートステイ）型
15321,2,通所（デイサービス）型（個別）
15322,1,短期入所（ショートステイ）型
15322,2,通所（デイサービス）型（個別）
15322,4,居宅訪問（アウトリーチ）型
15323,2,通所（デイサービス）型（個別）
15323,4,居宅訪問（アウトリーチ）型
15324,2,通所（デイサービス）型（個別）
15324,4,居宅訪問（アウトリーチ）型
15325,4,居宅訪問（アウトリーチ）型
15326,2,通所（デイサービス）型（個別）
15326,4,居宅訪問（アウトリーチ）型
15328,4,居宅訪問（アウトリーチ）型
15329,4,居宅訪問（アウトリーチ）型
15330,4,居宅訪問（アウトリーチ）型
15331,4,居宅訪問（アウトリーチ）型
15332,2,通所（デイサービス）型（個別）
15332,4,居宅訪問（アウトリーチ）型
15333,4,居宅訪問（アウトリーチ）型
15334,4,居宅訪問（アウトリーチ）型
15335,2,通所（デイサービス）型（個別）
15335,4,居宅訪問（アウトリーチ）型
15336,4,居宅訪問（アウトリーチ）型
15337,4,居宅訪問（アウトリーチ）型
15338,2,通所（デイサービス）型（個別）
15338,4,居宅訪問（アウトリーチ）型
15339,2,通所（デイサービス）型（個別）
15339,4,居宅訪問（アウトリーチ）型
15340,4,居宅訪問（アウトリーチ）型
15342,4,居宅訪問（アウトリーチ）型
15343,1,短期入所（ショートステイ）型
15343,2,通所（デイサービス）型（個別）
15343,4,居宅訪問（アウトリーチ）型
15344,4,居宅訪問（アウトリーチ）型
15345,2,通所（デイサービス）型（個別）
15345,4,居宅訪問（アウトリーチ）型
15346,4,居宅訪問（アウトリーチ）型
15347,4,居宅訪問（アウトリーチ）型
15348,4,居宅訪問（アウトリーチ）型
15349,4,居宅訪問（アウトリーチ）型
15350,4,居宅訪問（アウトリーチ）型
15351,4,居宅訪問（アウトリーチ）型
15352,2,通所（デイサービス）型（個別）
15352,4,居宅訪問（アウトリーチ）型
15353,2,通所（デイサービス）型（個別）
15353,4,居宅訪問（アウトリーチ）型
15354,4,居宅訪問（アウトリーチ）型
15355,4,居宅訪問（アウトリーチ）型
15356,2,通所（デイサービス）型（個別）
15356,4,居宅訪問（アウトリーチ）型
15357,4,居宅訪問（アウトリーチ）型
15358,4,居宅訪問（アウトリーチ）型
15359,2,通所（デイサービス）型（個別）
15360,2,通所（デイサービス）型（個別）
15360,4,居宅訪問（アウトリーチ）型
15361,2,通所（デイサービス）型（個別）
15361,4,居宅訪問（アウトリーチ）型
15362,4,居宅訪問（アウトリーチ）型
15363,2,通所（デイサービス）型（個別）
15364,1,短期入所（ショートステイ）型
15364,2,通所（デイサービス）型（個別）
15364,4,居宅訪問（アウトリーチ）型
15365,1,短期入所（ショートステイ）型
15365,2,通所（デイサービス）型（個別）
15365,4,居宅訪問（アウトリーチ）型
15366,2,通所（デイサービス）型（個別）
15366,4,居宅訪問（アウトリーチ）型
15367,4,居宅訪問（アウトリーチ）型
15368,1,短期入所（ショートステイ）型
15368,2,通所（デイサービス）型（個別）
15368,4,居宅訪問（アウトリーチ）型
15369,1,短期入所（ショートステイ）型
15369,2,通所（デイサービス）型（個別）
15369,4,居宅訪問（アウトリーチ）型
15370,2,通所（デイサービス）型（個別）
15370,4,居宅訪問（アウトリーチ）型
15371,4,居宅訪問（アウトリーチ）型
15372,2,通所（デイサービス）型（個別）
15372,4,居宅訪問（アウトリーチ）型
15373,2,通所（デイサービス）型（個別）
15373,4,居宅訪問（アウトリーチ）型
15374,1,短期入所（ショートステイ）型
15374,2,通所（デイサービス）型（個別）
15374,4,居宅訪問（アウトリーチ）型
15375,2,通所（デイサービス）型（個別）
15375,4,居宅訪問（アウトリーチ）型
15376,2,通所（デイサービス）型（個別）
15376,4,居宅訪問（アウトリーチ）型
15377,4,居宅訪問（アウトリーチ）型
15378,4,居宅訪問（アウトリーチ）型
15379,1,短期入所（ショートステイ）型
15379,2,通所（デイサービス）型（個別）
15379,4,居宅訪問（アウトリーチ）型
15380,2,通所（デイサービス）型（個別）
15380,4,居宅訪問（アウトリーチ）型
15381,4,居宅訪問（アウトリーチ）型
15382,2,通所（デイサービス）型（個別）
15382,4,居宅訪問（アウトリーチ）型
15383,1,短期入所（ショートステイ）型
15383,2,通所（デイサービス）型（個別）
15384,2,通所（デイサービス）型（個別）
15385,2,通所（デイサービス）型（個別）
15386,2,通所（デイサービス）型（個別）
15387,2,通所（デイサービス）型（個別）
15387,4,居宅訪問（アウトリーチ）型
15388,4,居宅訪問（アウトリーチ）型
15389,4,居宅訪問（アウトリーチ）型
15390,4,居宅訪問（アウトリーチ）型
15391,4,居宅訪問（アウトリーチ）型
15392,4,居宅訪問（アウトリーチ）型
15393,4,居宅訪問（アウトリーチ）型
15394,4,居宅訪問（アウトリーチ）型
15395,4,居宅訪問（アウトリーチ）型
15396,4,居宅訪問（アウトリーチ）型
15397,4,居宅訪問（アウトリーチ）型
15398,4,居宅訪問（アウトリーチ）型
15399,4,居宅訪問（アウトリーチ）型
15400,1,短期入所（ショートステイ）型
15400,2,通所（デイサービス）型（個別）
15400,4,居宅訪問（アウトリーチ）型
15401,1,短期入所（ショートステイ）型
15401,2,通所（デイサービス）型（個別）
15401,4,居宅訪問（アウトリーチ）型
15402,1,短期入所（ショートステイ）型
15402,2,通所（デイサービス）型（個別）
15402,4,居宅訪問（アウトリーチ）型
15403,2,通所（デイサービス）型（個別）
15404,2,通所（デイサービス）型（個別）
15404,4,居宅訪問（アウトリーチ）型
15405,1,短期入所（ショートステイ）型
15405,2,通所（デイサービス）型（個別）
15405,4,居宅訪問（アウトリーチ）型
15406,1,短期入所（ショートステイ）型
15406,2,通所（デイサービス）型（個別）
15406,4,居宅訪問（アウトリーチ）型
15407,1,短期入所（ショートステイ）型
15407,2,通所（デイサービス）型（個別）
15407,4,居宅訪問（アウトリーチ）型
15408,2,通所（デイサービス）型（個別）
15408,4,居宅訪問（アウトリーチ）型
15409,1,短期入所（ショートステイ）型
15409,2,通所（デイサービス）型（個別）
15409,4,居宅訪問（アウトリーチ）型
15410,4,居宅訪問（アウトリーチ）型
15411,2,通所（デイサービス）型（個別）
15411,4,居宅訪問（アウトリーチ）型
15415,1,短期入所（ショートステイ）型
15415,2,通所（デイサービス）型（個別）
15416,2,通所（デイサービス）型（個別）
15416,4,居宅訪問（アウトリーチ）型
15417,2,通所（デイサービス）型（個別）
15418,4,居宅訪問（アウトリーチ）型
15419,4,居宅訪問（アウトリーチ）型
15420,2,通所（デイサービス）型（個別）
15421,2,通所（デイサービス）型（個別）
15422,1,短期入所（ショートステイ）型
15422,2,通所（デイサービス）型（個別）
15423,1,短期入所（ショートステイ）型
15423,2,通所（デイサービス）型（個別）
15424,4,居宅訪問（アウトリーチ）型
15425,2,通所（デイサービス）型（個別）
15426,2,通所（デイサービス）型（個別）
15426,4,居宅訪問（アウトリーチ）型
15427,4,居宅訪問（アウトリーチ）型
15428,2,通所（デイサービス）型（個別）
15428,4,居宅訪問（アウトリーチ）型
15429,2,通所（デイサービス）型（個別）
15430,2,通所（デイサービス）型（個別）
15431,1,短期入所（ショートステイ）型
15431,2,通所（デイサービス）型（個別）
15431,4,居宅訪問（アウトリーチ）型
15432,4,居宅訪問（アウトリーチ）型
15433,1,短期入所（ショートステイ）型
15433,2,通所（デイサービス）型（個別）
15433,4,居宅訪問（アウトリーチ）型
15434,1,短期入所（ショートステイ）型
15434,2,通所（デイサービス）型（個別）
15434,3,通所（デイサービス）型（集団）
15434,4,居宅訪問（アウトリーチ）型
15435,2,通所（デイサービス）型（個別）
15435,4,居宅訪問（アウトリーチ）型
15436,1,短期入所（ショートステイ）型
15436,2,通所（デイサービス）型（個別）
15437,4,居宅訪問（アウトリーチ）型
15438,4,居宅訪問（アウトリーチ）型
15439,1,短期入所（ショートステイ）型
15439,2,通所（デイサービス）型（個別）
15440,4,居宅訪問（アウトリーチ）型
15441,4,居宅訪問（アウトリーチ）型
15442,1,短期入所（ショートステイ）型
15442,2,通所（デイサービス）型（個別）
15442,4,居宅訪問（アウトリーチ）型
15443,1,短期入所（ショートステイ）型
15443,2,通所（デイサービス）型（個別）
15443,4,居宅訪問（アウトリーチ）型
15444,4,居宅訪問（アウトリーチ）型
15445,2,通所（デイサービス）型（個別）
15445,4,居宅訪問（アウトリーチ）型
15446,2,通所（デイサービス）型（個別）
15446,4,居宅訪問（アウトリーチ）型
15447,1,短期入所（ショートステイ）型
15447,2,通所（デイサービス）型（個別）
15448,2,通所（デイサービス）型（個別）
15448,4,居宅訪問（アウトリーチ）型
15449,2,通所（デイサービス）型（個別）
15449,4,居宅訪問（アウトリーチ）型
15450,2,通所（デイサービス）型（個別）
15450,4,居宅訪問（アウトリーチ）型
15451,2,通所（デイサービス）型（個別）
15451,4,居宅訪問（アウトリーチ）型
15452,2,通所（デイサービス）型（個別）
15453,1,短期入所（ショートステイ）型
15453,2,通所（デイサービス）型（個別）
15454,2,通所（デイサービス）型（個別）
15455,2,通所（デイサービス）型（個別）
15456,4,居宅訪問（アウトリーチ）型
15457,4,居宅訪問（アウトリーチ）型
15458,4,居宅訪問（アウトリーチ）型
15459,2,通所（デイサービス）型（個別）
15460,1,短期入所（ショートステイ）型
15461,4,居宅訪問（アウトリーチ）型
15462,4,居宅訪問（アウトリーチ）型
15463,4,居宅訪問（アウトリーチ）型
15464,4,居宅訪問（アウトリーチ）型
15465,4,居宅訪問（アウトリーチ）型
15466,2,通所（デイサービス）型（個別）
15467,4,居宅訪問（アウトリーチ）型
15468,2,通所（デイサービス）型（個別）
15469,1,短期入所（ショートステイ）型
15469,2,通所（デイサービス）型（個別）
15470,2,通所（デイサービス）型（個別）
15470,4,居宅訪問（アウトリーチ）型
15471,1,短期入所（ショートステイ）型
15471,2,通所（デイサービス）型（個別）
15472,2,通所（デイサービス）型（個別）
15472,3,通所（デイサービス）型（集団）
15473,2,通所（デイサービス）型（個別）
15474,3,通所（デイサービス）型（集団）
15475,2,通所（デイサービス）型（個別）
15476,2,通所（デイサービス）型（個別）
15477,4,居宅訪問（アウトリーチ）型
15478,2,通所（デイサービス）型（個別）
15478,4,居宅訪問（アウトリーチ）型
15479,2,通所（デイサービス）型（個別）
15480,2,通所（デイサービス）型（個別）
15481,4,居宅訪問（アウトリーチ）型
15482,4,居宅訪問（アウトリーチ）型
15483,4,居宅訪問（アウトリーチ）型
15484,2,通所（デイサービス）型（個別）
15485,2,通所（デイサービス）型（個別）
15485,4,居宅訪問（アウトリーチ）型
15486,2,通所（デイサービス）型（個別）
15487,4,居宅訪問（アウトリーチ）型
15488,4,居宅訪問（アウトリーチ）型
15489,4,居宅訪問（アウトリーチ）型
15490,4,居宅訪問（アウトリーチ）型
15491,4,居宅訪問（アウトリーチ）型
15492,4,居宅訪問（アウトリーチ）型
15493,4,居宅訪問（アウトリーチ）型
15494,2,通所（デイサービス）型（個別）
15495,2,通所（デイサービス）型（個別）
15496,4,居宅訪問（アウトリーチ）型
15497,1,短期入所（ショートステイ）型
15498,4,居宅訪問（アウトリーチ）型
15499,3,通所（デイサービス）型（集団）
15500,4,居宅訪問（アウトリーチ）型
15501,4,居宅訪問（アウトリーチ）型
15502,4,居宅訪問（アウトリーチ）型
15503,4,居宅訪問（アウトリーチ）型
15504,1,短期入所（ショートステイ）型
15504,2,通所（デイサービス）型（個別）
15504,4,居宅訪問（アウトリーチ）型
15505,1,短期入所（ショートステイ）型
15506,4,居宅訪問（アウトリーチ）型
15507,4,居宅訪問（アウトリーチ）型
15508,2,通所（デイサービス）型（個別）
15509,4,居宅訪問（アウトリーチ）型
15510,4,居宅訪問（アウトリーチ）型
15511,4,居宅訪問（アウトリーチ）型
15512,1,短期入所（ショートステイ）型
15512,2,通所（デイサービス）型（個別）
15512,4,居宅訪問（アウトリーチ）型
15513,2,通所（デイサービス）型（個別）
15513,4,居宅訪問（アウトリーチ）型
15514,2,通所（デイサービス）型（個別）
15514,4,居宅訪問（アウトリーチ）型
15515,4,居宅訪問（アウトリーチ）型
15516,2,通所（デイサービス）型（個別）
15517,2,通所（デイサービス）型（個別）
15517,4,居宅訪問（アウトリーチ）型
15518,2,通所（デイサービス）型（個別）
15518,4,居宅訪問（アウトリーチ）型
15519,2,通所（デイサービス）型（個別）
15519,4,居宅訪問（アウトリーチ）型
15520,4,居宅訪問（アウトリーチ）型
15521,4,居宅訪問（アウトリーチ）型
15522,4,居宅訪問（アウトリーチ）型
15523,4,居宅訪問（アウトリーチ）型
15524,4,居宅訪問（アウトリーチ）型
15525,4,居宅訪問（アウトリーチ）型
15526,4,居宅訪問（アウトリーチ）型
15527,4,居宅訪問（アウトリーチ）型
15528,4,居宅訪問（アウトリーチ）型
15529,4,居宅訪問（アウトリーチ）型
15530,4,居宅訪問（アウトリーチ）型
15531,4,居宅訪問（アウトリーチ）型
15532,4,居宅訪問（アウトリーチ）型
15533,4,居宅訪問（アウトリーチ）型
15534,4,居宅訪問（アウトリーチ）型
15535,4,居宅訪問（アウトリーチ）型
15536,4,居宅訪問（アウトリーチ）型
15537,4,居宅訪問（アウトリーチ）型
15538,4,居宅訪問（アウトリーチ）型
15539,4,居宅訪問（アウトリーチ）型
15540,4,居宅訪問（アウトリーチ）型
15541,4,居宅訪問（アウトリーチ）型
15542,4,居宅訪問（アウトリーチ）型
15543,4,居宅訪問（アウトリーチ）型
15544,4,居宅訪問（アウトリーチ）型
15545,4,居宅訪問（アウトリーチ）型
15546,4,居宅訪問（アウトリーチ）型
15547,4,居宅訪問（アウトリーチ）型
15548,4,居宅訪問（アウトリーチ）型
15549,4,居宅訪問（アウトリーチ）型
15550,3,通所（デイサービス）型（集団）
15551,4,居宅訪問（アウトリーチ）型
15552,2,通所（デイサービス）型（個別）
15552,4,居宅訪問（アウトリーチ）型
15553,4,居宅訪問（アウトリーチ）型
15554,4,居宅訪問（アウトリーチ）型
15555,1,短期入所（ショートステイ）型
15555,2,通所（デイサービス）型（個別）
15555,4,居宅訪問（アウトリーチ）型
15556,2,通所（デイサービス）型（個別）
15557,2,通所（デイサービス）型（個別）
15558,2,通所（デイサービス）型（個別）
15558,4,居宅訪問（アウトリーチ）型
15559,3,通所（デイサービス）型（集団）
15560,2,通所（デイサービス）型（個別）
15560,4,居宅訪問（アウトリーチ）型
15561,2,通所（デイサービス）型（個別）
15561,4,居宅訪問（アウトリーチ）型
15562,1,短期入所（ショートステイ）型
15562,2,通所（デイサービス）型（個別）
15563,2,通所（デイサービス）型（個別）
15563,4,居宅訪問（アウトリーチ）型
15564,2,通所（デイサービス）型（個別）
15564,4,居宅訪問（アウトリーチ）型
15565,4,居宅訪問（アウトリーチ）型
15566,4,居宅訪問（アウトリーチ）型
15567,4,居宅訪問（アウトリーチ）型
15568,4,居宅訪問（アウトリーチ）型
15569,4,居宅訪問（アウトリーチ）型
15570,2,通所（デイサービス）型（個別）
15570,3,通所（デイサービス）型（集団）
15571,2,通所（デイサービス）型（個別）
15572,2,通所（デイサービス）型（個別）
15572,4,居宅訪問（アウトリーチ）型
15573,2,通所（デイサービス）型（個別）
15573,4,居宅訪問（アウトリーチ）型
15574,1,短期入所（ショートステイ）型
15574,2,通所（デイサービス）型（個別）
15575,2,通所（デイサービス）型（個別）
15576,4,居宅訪問（アウトリーチ）型
15577,2,通所（デイサービス）型（個別）
15577,4,居宅訪問（アウトリーチ）型
15578,2,通所（デイサービス）型（個別）
15578,4,居宅訪問（アウトリーチ）型
15579,4,居宅訪問（アウトリーチ）型
15580,2,通所（デイサービス）型（個別）
15581,1,短期入所（ショートステイ）型
15581,2,通所（デイサービス）型（個別）
15581,4,居宅訪問（アウトリーチ）型
15582,4,居宅訪問（アウトリーチ）型
15583,4,居宅訪問（アウトリーチ）型
15584,4,居宅訪問（アウトリーチ）型
15585,4,居宅訪問（アウトリーチ）型
15586,4,居宅訪問（アウトリーチ）型
15587,4,居宅訪問（アウトリーチ）型
15588,2,通所（デイサービス）型（個別）
15588,4,居宅訪問（アウトリーチ）型
15589,2,通所（デイサービス）型（個別）
15589,4,居宅訪問（アウトリーチ）型
15590,4,居宅訪問（アウトリーチ）型
15591,4,居宅訪問（アウトリーチ）型
15592,4,居宅訪問（アウトリーチ）型
15593,1,短期入所（ショートステイ）型
15593,2,通所（デイサービス）型（個別）
15593,4,居宅訪問（アウトリーチ）型
15594,4,居宅訪問（アウトリーチ）型
15595,4,居宅訪問（アウトリーチ）型
15596,4,居宅訪問（アウトリーチ）型
15597,4,居宅訪問（アウトリーチ）型
15598,4,居宅訪問（アウトリーチ）型
15599,4,居宅訪問（アウトリーチ）型
15600,4,居宅訪問（アウトリーチ）型
15601,4,居宅訪問（アウトリーチ）型
15602,4,居宅訪問（アウトリーチ）型
15603,1,短期入所（ショートステイ）型
15603,2,通所（デイサービス）型（個別）
15604,4,居宅訪問（アウトリーチ）型
15605,4,居宅訪問（アウトリーチ）型
15606,4,居宅訪問（アウトリーチ）型
15607,4,居宅訪問（アウトリーチ）型
15608,1,短期入所（ショートステイ）型
15608,2,通所（デイサービス）型（個別）
15608,4,居宅訪問（アウトリーチ）型
15609,4,居宅訪問（アウトリーチ）型
15610,2,通所（デイサービス）型（個別）
15610,4,居宅訪問（アウトリーチ）型
15611,4,居宅訪問（アウトリーチ）型
15612,4,居宅訪問（アウトリーチ）型
15613,2,通所（デイサービス）型（個別）
15613,4,居宅訪問（アウトリーチ）型
15614,1,短期入所（ショートステイ）型
15614,2,通所（デイサービス）型（個別）
15615,1,短期入所（ショートステイ）型
15615,2,通所（デイサービス）型（個別）
15615,4,居宅訪問（アウトリーチ）型
15616,1,短期入所（ショートステイ）型
15616,2,通所（デイサービス）型（個別）
15617,1,短期入所（ショートステイ）型
15618,4,居宅訪問（アウトリーチ）型
15619,2,通所（デイサービス）型（個別）
15619,3,通所（デイサービス）型（集団）
15619,4,居宅訪問（アウトリーチ）型
15620,1,短期入所（ショートステイ）型
15620,2,通所（デイサービス）型（個別）
15620,4,居宅訪問（アウトリーチ）型
15621,1,短期入所（ショートステイ）型
15621,2,通所（デイサービス）型（個別）
15622,4,居宅訪問（アウトリーチ）型
15623,4,居宅訪問（アウトリーチ）型
15624,4,居宅訪問（アウトリーチ）型
15625,4,居宅訪問（アウトリーチ）型
15626,4,居宅訪問（アウトリーチ）型
15627,4,居宅訪問（アウトリーチ）型
15628,3,通所（デイサービス）型（集団）
15629,4,居宅訪問（アウトリーチ）型
15630,1,短期入所（ショートステイ）型
15630,2,通所（デイサービス）型（個別）
15630,4,居宅訪問（アウトリーチ）型
15631,2,通所（デイサービス）型（個別）
15632,2,通所（デイサービス）型（個別）
15633,4,居宅訪問（アウトリーチ）型
15634,4,居宅訪問（アウトリーチ）型
15635,2,通所（デイサービス）型（個別）
15636,2,通所（デイサービス）型（個別）
15637,2,通所（デイサービス）型（個別）
15637,4,居宅訪問（アウトリーチ）型
15638,4,居宅訪問（アウトリーチ）型
15639,1,短期入所（ショートステイ）型
15639,2,通所（デイサービス）型（個別）
15640,2,通所（デイサービス）型（個別）
15640,4,居宅訪問（アウトリーチ）型
15641,2,通所（デイサービス）型（個別）
15641,4,居宅訪問（アウトリーチ）型
15642,2,通所（デイサービス）型（個別）
15643,1,短期入所（ショートステイ）型
15643,2,通所（デイサービス）型（個別）
15643,4,居宅訪問（アウトリーチ）型
15644,2,通所（デイサービス）型（個別）
15644,4,居宅訪問（アウトリーチ）型
15645,1,短期入所（ショートステイ）型
15645,2,通所（デイサービス）型（個別）
15645,4,居宅訪問（アウトリーチ）型
15646,4,居宅訪問（アウトリーチ）型
15647,4,居宅訪問（アウトリーチ）型
15648,4,居宅訪問（アウトリーチ）型
15649,1,短期入所（ショートステイ）型
15649,2,通所（デイサービス）型（個別）
15650,1,短期入所（ショートステイ）型
15650,2,通所（デイサービス）型（個別）
15651,4,居宅訪問（アウトリーチ）型
15652,4,居宅訪問（アウトリーチ）型
15653,4,居宅訪問（アウトリーチ）型
15654,4,居宅訪問（アウトリーチ）型
15655,4,居宅訪問（アウトリーチ）型
15656,4,居宅訪問（アウトリーチ）型
15657,2,通所（デイサービス）型（個別）
15657,4,居宅訪問（アウトリーチ）型
15658,4,居宅訪問（アウトリーチ）型
15659,4,居宅訪問（アウトリーチ）型
15660,1,短期入所（ショートステイ）型
15660,2,通所（デイサービス）型（個別）
15661,1,短期入所（ショートステイ）型
15661,2,通所（デイサービス）型（個別）
15662,4,居宅訪問（アウトリーチ）型
15663,2,通所（デイサービス）型（個別）
15663,3,通所（デイサービス）型（集団）
15664,4,居宅訪問（アウトリーチ）型
15665,1,短期入所（ショートステイ）型
15665,2,通所（デイサービス）型（個別）
15666,1,短期入所（ショートステイ）型
15666,2,通所（デイサービス）型（個別）
15666,4,居宅訪問（アウトリーチ）型
15667,1,短期入所（ショートステイ）型
15667,2,通所（デイサービス）型（個別）
15667,4,居宅訪問（アウトリーチ）型
15668,2,通所（デイサービス）型（個別）
15669,4,居宅訪問（アウトリーチ）型
15670,4,居宅訪問（アウトリーチ）型
15671,2,通所（デイサービス）型（個別）
15672,1,短期入所（ショートステイ）型
15672,2,通所（デイサービス）型（個別）
15673,2,通所（デイサービス）型（個別）
15673,4,居宅訪問（アウトリーチ）型
15674,2,通所（デイサービス）型（個別）
15675,4,居宅訪問（アウトリーチ）型
15676,4,居宅訪問（アウトリーチ）型
15677,4,居宅訪問（アウトリーチ）型
15678,2,通所（デイサービス）型（個別）
15679,2,通所（デイサービス）型（個別）
15680,4,居宅訪問（アウトリーチ）型
15681,2,通所（デイサービス）型（個別）
15681,4,居宅訪問（アウトリーチ）型
15682,2,通所（デイサービス）型（個別）
15683,4,居宅訪問（アウトリーチ）型
15684,4,居宅訪問（アウトリーチ）型
15685,4,居宅訪問（アウトリーチ）型
15686,2,通所（デイサービス）型（個別）
15686,3,通所（デイサービス）型（集団）
15687,2,通所（デイサービス）型（個別）
15688,1,短期入所（ショートステイ）型
15689,2,通所（デイサービス）型（個別）
15690,2,通所（デイサービス）型（個別）
15691,2,通所（デイサービス）型（個別）
15692,4,居宅訪問（アウトリーチ）型
15693,4,居宅訪問（アウトリーチ）型
15694,4,居宅訪問（アウトリーチ）型
15695,4,居宅訪問（アウトリーチ）型
15696,4,居宅訪問（アウトリーチ）型
15697,4,居宅訪問（アウトリーチ）型
15698,4,居宅訪問（アウトリーチ）型
15699,4,居宅訪問（アウトリーチ）型
15700,4,居宅訪問（アウトリーチ）型
15701,1,短期入所（ショートステイ）型
15701,2,通所（デイサービス）型（個別）
15702,2,通所（デイサービス）型（個別）
15703,2,通所（デイサービス）型（個別）
15703,4,居宅訪問（アウトリーチ）型
15704,2,通所（デイサービス）型（個別）
15705,4,居宅訪問（アウトリーチ）型
15706,4,居宅訪問（アウトリーチ）型
15707,4,居宅訪問（アウトリーチ）型
15708,4,居宅訪問（アウトリーチ）型
15709,4,居宅訪問（アウトリーチ）型
15710,4,居宅訪問（アウトリーチ）型
15711,1,短期入所（ショートステイ）型
15711,2,通所（デイサービス）型（個別）
15712,1,短期入所（ショートステイ）型
15712,2,通所（デイサービス）型（個別）
15713,4,居宅訪問（アウトリーチ）型
15714,2,通所（デイサービス）型（個別）
15714,3,通所（デイサービス）型（集団）
15715,4,居宅訪問（アウトリーチ）型
15716,4,居宅訪問（アウトリーチ）型
15717,1,短期入所（ショートステイ）型
15717,3,通所（デイサービス）型（集団）
15717,4,居宅訪問（アウトリーチ）型
15718,4,居宅訪問（アウトリーチ）型
15719,2,通所（デイサービス）型（個別）
15719,4,居宅訪問（アウトリーチ）型
15720,4,居宅訪問（アウトリーチ）型
15721,2,通所（デイサービス）型（個別）
15721,4,居宅訪問（アウトリーチ）型
15722,1,短期入所（ショートステイ）型
15722,2,通所（デイサービス）型（個別）
15723,2,通所（デイサービス）型（個別）
15723,4,居宅訪問（アウトリーチ）型
15724,2,通所（デイサービス）型（個別）
15724,4,居宅訪問（アウトリーチ）型
15725,4,居宅訪問（アウトリーチ）型
15726,4,居宅訪問（アウトリーチ）型
15727,4,居宅訪問（アウトリーチ）型
15728,4,居宅訪問（アウトリーチ）型
15729,4,居宅訪問（アウトリーチ）型
15730,4,居宅訪問（アウトリーチ）型
15731,4,居宅訪問（アウトリーチ）型
15732,4,居宅訪問（アウトリーチ）型
15733,4,居宅訪問（アウトリーチ）型
15734,1,短期入所（ショートステイ）型
15735,2,通所（デイサービス）型（個別）
15736,2,通所（デイサービス）型（個別）
15737,1,短期入所（ショートステイ）型
15737,2,通所（デイサービス）型（個別）
15738,4,居宅訪問（アウトリーチ）型
15739,4,居宅訪問（アウトリーチ）型
15740,1,短期入所（ショートステイ）型
15740,2,通所（デイサービス）型（個別）
15741,2,通所（デイサービス）型（個別）
15742,4,居宅訪問（アウトリーチ）型
15743,1,短期入所（ショートステイ）型
15743,2,通所（デイサービス）型（個別）
15743,4,居宅訪問（アウトリーチ）型
15744,1,短期入所（ショートステイ）型
15744,2,通所（デイサービス）型（個別）
15744,4,居宅訪問（アウトリーチ）型
15745,1,短期入所（ショートステイ）型
15745,2,通所（デイサービス）型（個別）
15745,4,居宅訪問（アウトリーチ）型
15746,1,短期入所（ショートステイ）型
15746,2,通所（デイサービス）型（個別）
15746,4,居宅訪問（アウトリーチ）型
15747,1,短期入所（ショートステイ）型
15747,2,通所（デイサービス）型（個別）
15747,4,居宅訪問（アウトリーチ）型
15748,1,短期入所（ショートステイ）型
15748,2,通所（デイサービス）型（個別）
15748,4,居宅訪問（アウトリーチ）型
15749,1,短期入所（ショートステイ）型
15749,2,通所（デイサービス）型（個別）
15749,4,居宅訪問（アウトリーチ）型
15750,1,短期入所（ショートステイ）型
15750,2,通所（デイサービス）型（個別）
15750,4,居宅訪問（アウトリーチ）型
15751,1,短期入所（ショートステイ）型
15751,2,通所（デイサービス）型（個別）
15751,4,居宅訪問（アウトリーチ）型
15752,1,短期入所（ショートステイ）型
15752,2,通所（デイサービス）型（個別）
15752,4,居宅訪問（アウトリーチ）型
15753,1,短期入所（ショートステイ）型
15753,2,通所（デイサービス）型（個別）
15753,4,居宅訪問（アウトリーチ）型
15754,4,居宅訪問（アウトリーチ）型
15755,4,居宅訪問（アウトリーチ）型
15756,4,居宅訪問（アウトリーチ）型
15757,4,居宅訪問（アウトリーチ）型
15758,4,居宅訪問（アウトリーチ）型
15759,4,居宅訪問（アウトリーチ）型
15760,1,短期入所（ショートステイ）型
15760,2,通所（デイサービス）型（個別）
15761,2,通所（デイサービス）型（個別）
15761,4,居宅訪問（アウトリーチ）型
15762,2,通所（デイサービス）型（個別）
15762,4,居宅訪問（アウトリーチ）型
15763,3,通所（デイサービス）型（集団）
15763,4,居宅訪問（アウトリーチ）型
15764,1,短期入所（ショートステイ）型
15764,2,通所（デイサービス）型（個別）
15765,4,居宅訪問（アウトリーチ）型
15766,2,通所（デイサービス）型（個別）
15767,2,通所（デイサービス）型（個別）
15768,2,通所（デイサービス）型（個別）
15768,4,居宅訪問（アウトリーチ）型
15769,3,通所（デイサービス）型（集団）
15770,2,通所（デイサービス）型（個別）
15770,4,居宅訪問（アウトリーチ）型
15771,2,通所（デイサービス）型（個別）
15771,4,居宅訪問（アウトリーチ）型
15772,2,通所（デイサービス）型（個別）
15772,4,居宅訪問（アウトリーチ）型
15773,2,通所（デイサービス）型（個別）
15773,4,居宅訪問（アウトリーチ）型
15774,2,通所（デイサービス）型（個別）
15775,4,居宅訪問（アウトリーチ）型
15776,2,通所（デイサービス）型（個別）
15776,4,居宅訪問（アウトリーチ）型
15777,4,居宅訪問（アウトリーチ）型
15778,2,通所（デイサービス）型（個別）
15778,4,居宅訪問（アウトリーチ）型
15779,2,通所（デイサービス）型（個別）
15779,4,居宅訪問（アウトリーチ）型
15780,2,通所（デイサービス）型（個別）
15780,4,居宅訪問（アウトリーチ）型
15781,4,居宅訪問（アウトリーチ）型
15782,2,通所（デイサービス）型（個別）
15783,2,通所（デイサービス）型（個別）
15783,4,居宅訪問（アウトリーチ）型
15784,2,通所（デイサービス）型（個別）
15784,4,居宅訪問（アウトリーチ）型
15785,2,通所（デイサービス）型（個別）
