birth_navi_id,can_prenatal_checkup,can_pregnancy_checkup,prenatal_type_codes,prenatal_type_labels,prenatal_total_cost_text,prenatal_total_cost_yen
10001,True,True,1;2,自施設で分娩予定の方の妊娠健康診査対応可能;他施設で分娩予定の方の妊娠健康診査対応可能,"119,330円",119330
10002,True,True,2;1,他施設で分娩予定の方の妊娠健康診査対応可能;自施設で分娩予定の方の妊娠健康診査対応可能,159750,159750
10003,True,True,1;2,自施設で分娩予定の方の妊娠健康診査対応可能;他施設で分娩予定の方の妊娠健康診査対応可能,148700,148700
10005,,,,,,
10006,True,True,1;2,自施設で分娩予定の方の妊娠健康診査対応可能;他施設で分娩予定の方の妊娠健康診査対応可能,0円,0
10007,True,True,1;2,自施設で分娩予定の方の妊娠健康診査対応可能;他施設で分娩予定の方の妊娠健康診査対応可能,,
10008,,,,,,
10009,True,True,1;2,自施設で分娩予定の方の妊娠健康診査対応可能;他施設で分娩予定の方の妊娠健康診査対応可能,"134,210円",134210
10010,True,True,1;2,自施設で分娩予定の方の妊娠健康診査対応可能;他施設で分娩予定の方の妊娠健康診査対応可能,"125,160円",125160
10011,,,,,,
10012,,,,,,
10013,True,False,1;2,自施設で分娩予定の方の妊娠健康診査対応可能;他施設で分娩予定の方の妊娠健康診査対応可能,102800,102800
10014,True,True,1;2,自施設で分娩予定の方の妊娠健康診査対応可能;他施設で分娩予定の方の妊娠健康診査対応可能,"116,820円",116820
10015,True,True,1;2,自施設で分娩予定の方の妊娠健康診査対応可能;他施設で分娩予定の方の妊娠健康診査対応可能,,
10016,,,,,,
10017,,,,,,
10018,True,True,2,他施設で分娩予定の方の妊娠健康診査対応可能,"138,500円",138500
10020,True,True,1,自施設で分娩予定の方の妊娠健康診査対応可能,"108,400円",108400
10021,True,True,1;2,自施設で分娩予定の方の妊娠健康診査対応可能;他施設で分娩予定の方の妊娠健康診査対応可能,,
10022,True,False,1;2,自施設で分娩予定の方の妊娠健康診査対応可能;他施設で分娩予定の方の妊娠健康診査対応可能,"314,500円",314500
10023,True,True,1;2,自施設で分娩予定の方の妊娠健康診査対応可能;他施設で分娩予定の方の妊娠健康診査対応可能,"172,400円",172400
10024,True,True,1;2,自施設で分娩予定の方の妊娠健康診査対応可能;他施設で分娩予定の方の妊娠健康診査対応可能,"110,560円",110560
10025,True,True,1;2,自施設で分娩予定の方の妊娠健康診査対応可能;他施設で分娩予定の方の妊娠健康診査対応可能,21000,21000
10026,True,True,2,他施設で分娩予定の方の妊娠健康診査対応可能,"112,100円",112100
10027,True,True,,,"104,660円",104660
10028,True,True,1;2,自施設で分娩予定の方の妊娠健康診査対応可能;他施設で分娩予定の方の妊娠健康診査対応可能,"128,940円",128940
10029,True,True,1;2,自施設で分娩予定の方の妊娠健康診査対応可能;他施設で分娩予定の方の妊娠健康診査対応可能,"131,940円",131940
10030,True,True,1,自施設で分娩予定の方の妊娠健康診査対応可能,"135,340円",135340
10031,True,True,1;2,自施設で分娩予定の方の妊娠健康診査対応可能;他施設で分娩予定の方の妊娠健康診査対応可能,"103,940円",103940
10032,,,,,,
10033,True,True,1,自施設で分娩予定の方の妊娠健康診査対応可能,,
10034,True,True,1;2,自施設で分娩予定の方の妊娠健康診査対応可能;他施設で分娩予定の方の妊娠健康診査対応可能,,
10035,,,,,,
10036,,,,,,
10037,True,True,1;2,自施設で分娩予定の方の妊娠健康診査対応可能;他施設で分娩予定の方の妊娠健康診査対応可能,"127,000円",127000
10038,False,True,,,,
10039,True,True,1,自施設で分娩予定の方の妊娠健康診査対応可能,"137,360円",137360
10040,True,False,1,自施設で分娩予定の方の妊娠健康診査対応可能,,
10041,True,True,1;2,自施設で分娩予定の方の妊娠健康診査対応可能;他施設で分娩予定の方の妊娠健康診査対応可能,"141,600円",141600
10042,True,True,1;2,自施設で分娩予定の方の妊娠健康診査対応可能;他施設で分娩予定の方の妊娠健康診査対応可能,,
10043,,,,,,
10044,True,True,1;2,自施設で分娩予定の方の妊娠健康診査対応可能;他施設で分娩予定の方の妊娠健康診査対応可能,"107,000円",107000
10045,,,,,,
10047,True,False,1;2,自施設で分娩予定の方の妊娠健康診査対応可能;他施設で分娩予定の方の妊娠健康診査対応可能,"99,320円",99320
10048,True,False,1;2,自施設で分娩予定の方の妊娠健康診査対応可能;他施設で分娩予定の方の妊娠健康診査対応可能,,
10050,True,False,1;2,自施設で分娩予定の方の妊娠健康診査対応可能;他施設で分娩予定の方の妊娠健康診査対応可能,"146,000円",146000
10051,,,,,,
10052,,,,,,
10053,True,True,1;2,自施設で分娩予定の方の妊娠健康診査対応可能;他施設で分娩予定の方の妊娠健康診査対応可能,"140,000円",140000
10054,True,True,1;2,自施設で分娩予定の方の妊娠健康診査対応可能;他施設で分娩予定の方の妊娠健康診査対応可能,"176,590円",176590
10055,,,,,,
10056,True,True,1,自施設で分娩予定の方の妊娠健康診査対応可能,"131,438円",131438
10057,True,True,,,"65,300円",65300
10058,True,True,1;2,自施設で分娩予定の方の妊娠健康診査対応可能;他施設で分娩予定の方の妊娠健康診査対応可能,147972,147972
10059,True,True,1,自施設で分娩予定の方の妊娠健康診査対応可能,,
10060,True,False,1,自施設で分娩予定の方の妊娠健康診査対応可能,,
10061,False,True,,,"140,505円",140505
10062,True,True,1;2,自施設で分娩予定の方の妊娠健康診査対応可能;他施設で分娩予定の方の妊娠健康診査対応可能,"124,100円",124100
10063,,,,,,
10064,True,True,1;2,自施設で分娩予定の方の妊娠健康診査対応可能;他施設で分娩予定の方の妊娠健康診査対応可能,"159,350円",159350
10065,True,False,1;2,自施設で分娩予定の方の妊娠健康診査対応可能;他施設で分娩予定の方の妊娠健康診査対応可能,"131,720円",131720
10066,True,True,,,,
10067,True,True,1;2,自施設で分娩予定の方の妊娠健康診査対応可能;他施設で分娩予定の方の妊娠健康診査対応可能,"122,920円",122920
10068,True,False,1;2,自施設で分娩予定の方の妊娠健康診査対応可能;他施設で分娩予定の方の妊娠健康診査対応可能,"99,210円",99210
10069,True,True,1;2,自施設で分娩予定の方の妊娠健康診査対応可能;他施設で分娩予定の方の妊娠健康診査対応可能,45370,45370
10070,True,True,1;2,自施設で分娩予定の方の妊娠健康診査対応可能;他施設で分娩予定の方の妊娠健康診査対応可能,120450,120450
10071,True,True,1;2,自施設で分娩予定の方の妊娠健康診査対応可能;他施設で分娩予定の方の妊娠健康診査対応可能,"115,990円",115990
10072,True,True,1;2,自施設で分娩予定の方の妊娠健康診査対応可能;他施設で分娩予定の方の妊娠健康診査対応可能,"172,112円",172112
10073,,,,,,
10074,True,True,1,自施設で分娩予定の方の妊娠健康診査対応可能,"73,500円",73500
10076,True,True,1;2,自施設で分娩予定の方の妊娠健康診査対応可能;他施設で分娩予定の方の妊娠健康診査対応可能,"42,700円",42700
10077,True,True,1;2,自施設で分娩予定の方の妊娠健康診査対応可能;他施設で分娩予定の方の妊娠健康診査対応可能,"143,700円",143700
10078,True,True,1;2,自施設で分娩予定の方の妊娠健康診査対応可能;他施設で分娩予定の方の妊娠健康診査対応可能,"109,330円",109330
10080,True,True,1,自施設で分娩予定の方の妊娠健康診査対応可能,"126,000円",126000
10081,,,,,,
10082,True,False,1;2,自施設で分娩予定の方の妊娠健康診査対応可能;他施設で分娩予定の方の妊娠健康診査対応可能,"15,000円",15000
10083,,,,,,
10084,True,True,1;2,自施設で分娩予定の方の妊娠健康診査対応可能;他施設で分娩予定の方の妊娠健康診査対応可能,"129,430円",129430
10085,True,False,1,自施設で分娩予定の方の妊娠健康診査対応可能,143910,143910
10086,,,,,,
10087,True,True,1;2,自施設で分娩予定の方の妊娠健康診査対応可能;他施設で分娩予定の方の妊娠健康診査対応可能,,
10088,True,True,1,自施設で分娩予定の方の妊娠健康診査対応可能,"107,750円",107750
10089,True,True,1,自施設で分娩予定の方の妊娠健康診査対応可能,,
10090,True,True,1;2,自施設で分娩予定の方の妊娠健康診査対応可能;他施設で分娩予定の方の妊娠健康診査対応可能,"116,720円",116720
10091,True,True,1;2,自施設で分娩予定の方の妊娠健康診査対応可能;他施設で分娩予定の方の妊娠健康診査対応可能,,
10092,True,True,2,他施設で分娩予定の方の妊娠健康診査対応可能,133450,133450
10093,,,,,,
10094,,,,,,
10095,True,True,1;2,自施設で分娩予定の方の妊娠健康診査対応可能;他施設で分娩予定の方の妊娠健康診査対応可能,"122,070円",122070
10096,True,True,1;2,自施設で分娩予定の方の妊娠健康診査対応可能;他施設で分娩予定の方の妊娠健康診査対応可能,"69,940円",69940
10097,True,True,1;2,自施設で分娩予定の方の妊娠健康診査対応可能;他施設で分娩予定の方の妊娠健康診査対応可能,"136,580円",136580
10098,True,True,1;2,自施設で分娩予定の方の妊娠健康診査対応可能;他施設で分娩予定の方の妊娠健康診査対応可能,"250,000円",250000
10099,True,False,,,,
10100,True,True,1;2,自施設で分娩予定の方の妊娠健康診査対応可能;他施設で分娩予定の方の妊娠健康診査対応可能,,
10101,True,True,1;2,自施設で分娩予定の方の妊娠健康診査対応可能;他施設で分娩予定の方の妊娠健康診査対応可能,,
10102,True,False,1,自施設で分娩予定の方の妊娠健康診査対応可能,102590,102590
10103,,,,,,
10104,,,,,,
10105,True,True,1;2,自施設で分娩予定の方の妊娠健康診査対応可能;他施設で分娩予定の方の妊娠健康診査対応可能,"82,790円",82790
10106,True,False,1,自施設で分娩予定の方の妊娠健康診査対応可能,"133,060円",133060
10107,,,,,,
10108,,,,,,
10109,True,True,1;2,自施設で分娩予定の方の妊娠健康診査対応可能;他施設で分娩予定の方の妊娠健康診査対応可能,"116,810円",116810
10110,True,True,1;2,自施設で分娩予定の方の妊娠健康診査対応可能;他施設で分娩予定の方の妊娠健康診査対応可能,"121,940円",121940
10111,True,True,1;2,自施設で分娩予定の方の妊娠健康診査対応可能;他施設で分娩予定の方の妊娠健康診査対応可能,"139,410円",139410
10112,True,True,1;2,自施設で分娩予定の方の妊娠健康診査対応可能;他施設で分娩予定の方の妊娠健康診査対応可能,"155,900円",155900
10113,,,,,,
10114,True,True,1;2,自施設で分娩予定の方の妊娠健康診査対応可能;他施設で分娩予定の方の妊娠健康診査対応可能,,
10115,,,,,,
10116,,,,,,
10117,True,True,1;2,自施設で分娩予定の方の妊娠健康診査対応可能;他施設で分娩予定の方の妊娠健康診査対応可能,,
10118,,,,,,
10119,True,True,1,自施設で分娩予定の方の妊娠健康診査対応可能,"108,680円",108680
10120,,,,,,
10121,,,,,,
10122,True,True,1;2,自施設で分娩予定の方の妊娠健康診査対応可能;他施設で分娩予定の方の妊娠健康診査対応可能,"97,040円",97040
10123,True,True,1,自施設で分娩予定の方の妊娠健康診査対応可能,"122,410円",122410
10124,True,True,1;2,自施設で分娩予定の方の妊娠健康診査対応可能;他施設で分娩予定の方の妊娠健康診査対応可能,"117,020円",117020
10125,True,True,1;2,自施設で分娩予定の方の妊娠健康診査対応可能;他施設で分娩予定の方の妊娠健康診査対応可能,142450,142450
10126,True,True,2,他施設で分娩予定の方の妊娠健康診査対応可能,"130,020円",130020
10127,,,,,,
10128,True,True,1;2,自施設で分娩予定の方の妊娠健康診査対応可能;他施設で分娩予定の方の妊娠健康診査対応可能,"201,700円",201700
10129,,,,,,
10130,True,True,1;2,自施設で分娩予定の方の妊娠健康診査対応可能;他施設で分娩予定の方の妊娠健康診査対応可能,"110,400円",110400
10131,True,True,1,自施設で分娩予定の方の妊娠健康診査対応可能,6715,6715
10132,True,True,1;2,自施設で分娩予定の方の妊娠健康診査対応可能;他施設で分娩予定の方の妊娠健康診査対応可能,,
10133,True,True,1;2,自施設で分娩予定の方の妊娠健康診査対応可能;他施設で分娩予定の方の妊娠健康診査対応可能,,
10134,True,False,1;2,自施設で分娩予定の方の妊娠健康診査対応可能;他施設で分娩予定の方の妊娠健康診査対応可能,129640,129640
10135,True,True,1;2,自施設で分娩予定の方の妊娠健康診査対応可能;他施設で分娩予定の方の妊娠健康診査対応可能,211600,211600
10136,False,True,,,"127,050円",127050
10137,True,True,,,"111,770円",111770
10138,True,True,1,自施設で分娩予定の方の妊娠健康診査対応可能,0円,0
10139,True,True,1;2,自施設で分娩予定の方の妊娠健康診査対応可能;他施設で分娩予定の方の妊娠健康診査対応可能,"126,030円",126030
10140,True,True,1;2,自施設で分娩予定の方の妊娠健康診査対応可能;他施設で分娩予定の方の妊娠健康診査対応可能,116530,116530
10141,,,,,,
10142,True,True,1,自施設で分娩予定の方の妊娠健康診査対応可能,"119,370円",119370
10143,,,,,,
10144,,,,,,
10145,True,False,1;2,自施設で分娩予定の方の妊娠健康診査対応可能;他施設で分娩予定の方の妊娠健康診査対応可能,,
10146,,,,,,
10147,True,False,,,"135,982円",135982
10149,True,True,2,他施設で分娩予定の方の妊娠健康診査対応可能,"120,860円",120860
10150,,,,,,
10151,True,False,1;2,自施設で分娩予定の方の妊娠健康診査対応可能;他施設で分娩予定の方の妊娠健康診査対応可能,,
10152,True,True,1;2,自施設で分娩予定の方の妊娠健康診査対応可能;他施設で分娩予定の方の妊娠健康診査対応可能,"126,770円",126770
10153,True,True,1;2,自施設で分娩予定の方の妊娠健康診査対応可能;他施設で分娩予定の方の妊娠健康診査対応可能,"99,100円",99100
10154,True,True,1;2,自施設で分娩予定の方の妊娠健康診査対応可能;他施設で分娩予定の方の妊娠健康診査対応可能,"132,300円",132300
10155,True,True,1;2,自施設で分娩予定の方の妊娠健康診査対応可能;他施設で分娩予定の方の妊娠健康診査対応可能,"139,020円",139020
10157,True,True,1;2,自施設で分娩予定の方の妊娠健康診査対応可能;他施設で分娩予定の方の妊娠健康診査対応可能,"160,750円",160750
10158,,,,,,
10159,True,False,1,自施設で分娩予定の方の妊娠健康診査対応可能,,
10160,True,True,1;2,自施設で分娩予定の方の妊娠健康診査対応可能;他施設で分娩予定の方の妊娠健康診査対応可能,"158,440円",158440
10161,True,False,1,自施設で分娩予定の方の妊娠健康診査対応可能,,
10162,True,True,1;2,自施設で分娩予定の方の妊娠健康診査対応可能;他施設で分娩予定の方の妊娠健康診査対応可能,"16,000円前後",16000
10163,,,,,,
10164,True,True,1,自施設で分娩予定の方の妊娠健康診査対応可能,"168,000円",168000
10165,True,True,1,自施設で分娩予定の方の妊娠健康診査対応可能,"130,440円",130440
10166,True,False,1;2,自施設で分娩予定の方の妊娠健康診査対応可能;他施設で分娩予定の方の妊娠健康診査対応可能,,
10167,True,True,1;2,自施設で分娩予定の方の妊娠健康診査対応可能;他施設で分娩予定の方の妊娠健康診査対応可能,"114,550円",114550
10168,True,True,1,自施設で分娩予定の方の妊娠健康診査対応可能,,
10169,True,False,1;2,自施設で分娩予定の方の妊娠健康診査対応可能;他施設で分娩予定の方の妊娠健康診査対応可能,"140,110円",140110
10170,,,,,,
10171,,,,,,
10172,True,True,1,自施設で分娩予定の方の妊娠健康診査対応可能,115810,115810
10173,True,True,1;2,自施設で分娩予定の方の妊娠健康診査対応可能;他施設で分娩予定の方の妊娠健康診査対応可能,"143,900円",143900
10174,True,True,1;2,自施設で分娩予定の方の妊娠健康診査対応可能;他施設で分娩予定の方の妊娠健康診査対応可能,160530,160530
10175,True,True,,,"8,100円",8100
10176,True,True,1;2,自施設で分娩予定の方の妊娠健康診査対応可能;他施設で分娩予定の方の妊娠健康診査対応可能,29000,29000
10177,,,,,,
10178,True,False,1;2,自施設で分娩予定の方の妊娠健康診査対応可能;他施設で分娩予定の方の妊娠健康診査対応可能,,
10179,False,False,,,,
10180,,,,,,
10181,True,True,1,自施設で分娩予定の方の妊娠健康診査対応可能,,
10182,True,True,1;2,自施設で分娩予定の方の妊娠健康診査対応可能;他施設で分娩予定の方の妊娠健康診査対応可能,"147,410円",147410
10184,True,True,1;2,自施設で分娩予定の方の妊娠健康診査対応可能;他施設で分娩予定の方の妊娠健康診査対応可能,"13,560円",13560
10185,True,True,,,"129,000円",129000
10186,True,True,1;2,自施設で分娩予定の方の妊娠健康診査対応可能;他施設で分娩予定の方の妊娠健康診査対応可能,144930,144930
10187,True,True,1;2,自施設で分娩予定の方の妊娠健康診査対応可能;他施設で分娩予定の方の妊娠健康診査対応可能,"119,530円",119530
10188,,,,,,
10189,True,False,1,自施設で分娩予定の方の妊娠健康診査対応可能,"150,000から170,000円",150000
10190,True,True,1;2,自施設で分娩予定の方の妊娠健康診査対応可能;他施設で分娩予定の方の妊娠健康診査対応可能,141540,141540
10191,True,True,1,自施設で分娩予定の方の妊娠健康診査対応可能,"116,400円",116400
10192,True,True,2,他施設で分娩予定の方の妊娠健康診査対応可能,"113,400円",113400
10193,True,True,1,自施設で分娩予定の方の妊娠健康診査対応可能,"8,571円",8571
10194,True,True,1;2,自施設で分娩予定の方の妊娠健康診査対応可能;他施設で分娩予定の方の妊娠健康診査対応可能,"163,880円",163880
10195,True,True,1;2,自施設で分娩予定の方の妊娠健康診査対応可能;他施設で分娩予定の方の妊娠健康診査対応可能,"131,500円",131500
10196,True,True,1;2,自施設で分娩予定の方の妊娠健康診査対応可能;他施設で分娩予定の方の妊娠健康診査対応可能,82690,82690
10197,True,True,1;2,自施設で分娩予定の方の妊娠健康診査対応可能;他施設で分娩予定の方の妊娠健康診査対応可能,183100,183100
10198,True,True,1;2,自施設で分娩予定の方の妊娠健康診査対応可能;他施設で分娩予定の方の妊娠健康診査対応可能,"195,890円",195890
10199,True,True,1;2,自施設で分娩予定の方の妊娠健康診査対応可能;他施設で分娩予定の方の妊娠健康診査対応可能,,
10200,True,True,1;2,自施設で分娩予定の方の妊娠健康診査対応可能;他施設で分娩予定の方の妊娠健康診査対応可能,"110,600円",110600
10201,,,,,,
10202,True,False,1;2,自施設で分娩予定の方の妊娠健康診査対応可能;他施設で分娩予定の方の妊娠健康診査対応可能,,
10203,True,False,1;2,自施設で分娩予定の方の妊娠健康診査対応可能;他施設で分娩予定の方の妊娠健康診査対応可能,"118,070円",118070
10205,True,True,1;2,自施設で分娩予定の方の妊娠健康診査対応可能;他施設で分娩予定の方の妊娠健康診査対応可能,"152,630円",152630
10206,,,,,,
10207,True,True,1;2,自施設で分娩予定の方の妊娠健康診査対応可能;他施設で分娩予定の方の妊娠健康診査対応可能,102300,102300
10208,True,True,1;2,自施設で分娩予定の方の妊娠健康診査対応可能;他施設で分娩予定の方の妊娠健康診査対応可能,142670,142670
10209,True,True,1,自施設で分娩予定の方の妊娠健康診査対応可能,"101,760円",101760
10210,True,False,1;2,自施設で分娩予定の方の妊娠健康診査対応可能;他施設で分娩予定の方の妊娠健康診査対応可能,"初回妊婦健診7,000円、以降妊婦健診毎4,000円",7000
10211,True,True,1;2,自施設で分娩予定の方の妊娠健康診査対応可能;他施設で分娩予定の方の妊娠健康診査対応可能,,
10212,True,True,1;2,自施設で分娩予定の方の妊娠健康診査対応可能;他施設で分娩予定の方の妊娠健康診査対応可能,"144,490円",144490
10213,True,True,1;2,自施設で分娩予定の方の妊娠健康診査対応可能;他施設で分娩予定の方の妊娠健康診査対応可能,86380,86380
10214,True,True,1;2,自施設で分娩予定の方の妊娠健康診査対応可能;他施設で分娩予定の方の妊娠健康診査対応可能,,
10215,True,False,1;2,自施設で分娩予定の方の妊娠健康診査対応可能;他施設で分娩予定の方の妊娠健康診査対応可能,"132,170円",132170
10216,True,True,1;2,自施設で分娩予定の方の妊娠健康診査対応可能;他施設で分娩予定の方の妊娠健康診査対応可能,"117,760円",117760
10217,True,True,1;2,自施設で分娩予定の方の妊娠健康診査対応可能;他施設で分娩予定の方の妊娠健康診査対応可能,97950,97950
10219,True,True,1,自施設で分娩予定の方の妊娠健康診査対応可能,119460,119460
10220,,,,,,
10221,True,True,1;2,自施設で分娩予定の方の妊娠健康診査対応可能;他施設で分娩予定の方の妊娠健康診査対応可能,,
10222,True,True,1;2,自施設で分娩予定の方の妊娠健康診査対応可能;他施設で分娩予定の方の妊娠健康診査対応可能,,
10223,,,,,,
10224,True,True,1;2,自施設で分娩予定の方の妊娠健康診査対応可能;他施設で分娩予定の方の妊娠健康診査対応可能,113000,113000
10225,,,,,,
10226,True,False,1;2,自施設で分娩予定の方の妊娠健康診査対応可能;他施設で分娩予定の方の妊娠健康診査対応可能,"108,920円",108920
10227,True,True,1;2,自施設で分娩予定の方の妊娠健康診査対応可能;他施設で分娩予定の方の妊娠健康診査対応可能,"100,800円",100800
10228,True,True,1;2,自施設で分娩予定の方の妊娠健康診査対応可能;他施設で分娩予定の方の妊娠健康診査対応可能,109430,109430
10229,True,True,1;2,自施設で分娩予定の方の妊娠健康診査対応可能;他施設で分娩予定の方の妊娠健康診査対応可能,"147,100円",147100
10230,,,,,,
10231,True,True,1;2,自施設で分娩予定の方の妊娠健康診査対応可能;他施設で分娩予定の方の妊娠健康診査対応可能,"126,020円",126020
10232,True,True,1;2,自施設で分娩予定の方の妊娠健康診査対応可能;他施設で分娩予定の方の妊娠健康診査対応可能,"114,450円",114450
10233,,,,,,
10234,,,,,,
10235,True,True,1;2,自施設で分娩予定の方の妊娠健康診査対応可能;他施設で分娩予定の方の妊娠健康診査対応可能,"101,470円",101470
10236,,,,,,
10237,True,True,1;2,自施設で分娩予定の方の妊娠健康診査対応可能;他施設で分娩予定の方の妊娠健康診査対応可能,"110,350円",110350
10238,True,True,2,他施設で分娩予定の方の妊娠健康診査対応可能,"292,000円",292000
10239,True,True,1;2,自施設で分娩予定の方の妊娠健康診査対応可能;他施設で分娩予定の方の妊娠健康診査対応可能,"81,120円",81120
10240,True,True,1;2,自施設で分娩予定の方の妊娠健康診査対応可能;他施設で分娩予定の方の妊娠健康診査対応可能,,
10242,True,False,1,自施設で分娩予定の方の妊娠健康診査対応可能,,
10243,,,,,,
10244,,,,,,
10245,True,True,1;2,自施設で分娩予定の方の妊娠健康診査対応可能;他施設で分娩予定の方の妊娠健康診査対応可能,"126,310円",126310
10246,True,True,1;2,自施設で分娩予定の方の妊娠健康診査対応可能;他施設で分娩予定の方の妊娠健康診査対応可能,122590,122590
10247,True,True,1;2,自施設で分娩予定の方の妊娠健康診査対応可能;他施設で分娩予定の方の妊娠健康診査対応可能,,
10248,,,,,,
10249,True,True,1;2,自施設で分娩予定の方の妊娠健康診査対応可能;他施設で分娩予定の方の妊娠健康診査対応可能,"171,000円",171000
10250,,,,,,
10251,,,,,,
10252,True,True,1;2,自施設で分娩予定の方の妊娠健康診査対応可能;他施設で分娩予定の方の妊娠健康診査対応可能,"118,290円",118290
10253,,,,,,
10254,,,,,,
10255,True,False,1,自施設で分娩予定の方の妊娠健康診査対応可能,,
10256,True,False,1,自施設で分娩予定の方の妊娠健康診査対応可能,,
10257,True,False,1;2,自施設で分娩予定の方の妊娠健康診査対応可能;他施設で分娩予定の方の妊娠健康診査対応可能,"113,850円",113850
10258,,,,,,
10259,,,,,,
10260,True,True,1;2,自施設で分娩予定の方の妊娠健康診査対応可能;他施設で分娩予定の方の妊娠健康診査対応可能,"113,730円",113730
10261,,,,,,
10262,True,False,,,"111,280円",111280
10263,True,False,1;2,自施設で分娩予定の方の妊娠健康診査対応可能;他施設で分娩予定の方の妊娠健康診査対応可能,,
10264,True,False,,,138240,138240
10265,True,True,1;2,自施設で分娩予定の方の妊娠健康診査対応可能;他施設で分娩予定の方の妊娠健康診査対応可能,134620,134620
10266,True,False,,,,
10267,,,,,,
10268,True,True,1;2,自施設で分娩予定の方の妊娠健康診査対応可能;他施設で分娩予定の方の妊娠健康診査対応可能,"129,270円",129270
10269,True,True,1;2,自施設で分娩予定の方の妊娠健康診査対応可能;他施設で分娩予定の方の妊娠健康診査対応可能,"131,180円",131180
10270,True,True,1;2,自施設で分娩予定の方の妊娠健康診査対応可能;他施設で分娩予定の方の妊娠健康診査対応可能,"132,160円",132160
10271,True,True,1,自施設で分娩予定の方の妊娠健康診査対応可能,"125,110円",125110
10272,True,True,1,自施設で分娩予定の方の妊娠健康診査対応可能,107860,107860
10273,True,True,1;2,自施設で分娩予定の方の妊娠健康診査対応可能;他施設で分娩予定の方の妊娠健康診査対応可能,,
10274,True,False,1,自施設で分娩予定の方の妊娠健康診査対応可能,,
10275,True,True,1;2,自施設で分娩予定の方の妊娠健康診査対応可能;他施設で分娩予定の方の妊娠健康診査対応可能,,
10276,True,False,1,自施設で分娩予定の方の妊娠健康診査対応可能,"127,680円",127680
10277,True,True,1,自施設で分娩予定の方の妊娠健康診査対応可能,,
10278,True,True,1;2,自施設で分娩予定の方の妊娠健康診査対応可能;他施設で分娩予定の方の妊娠健康診査対応可能,"104,210円",104210
10279,True,True,1;2,自施設で分娩予定の方の妊娠健康診査対応可能;他施設で分娩予定の方の妊娠健康診査対応可能,"108,840円",108840
10280,True,True,1;2,自施設で分娩予定の方の妊娠健康診査対応可能;他施設で分娩予定の方の妊娠健康診査対応可能,"120,000円",120000
10281,True,False,1,自施設で分娩予定の方の妊娠健康診査対応可能,"98,920円",98920
10282,True,True,1;2,自施設で分娩予定の方の妊娠健康診査対応可能;他施設で分娩予定の方の妊娠健康診査対応可能,"132,180円",132180
10283,True,True,1;2,自施設で分娩予定の方の妊娠健康診査対応可能;他施設で分娩予定の方の妊娠健康診査対応可能,"126,100円",126100
10284,True,False,1;2,自施設で分娩予定の方の妊娠健康診査対応可能;他施設で分娩予定の方の妊娠健康診査対応可能,,
10285,,,,,,
10286,,,,,,
10287,,,,,,
10288,,,,,,
10289,,,,,,
10290,True,True,1;2,自施設で分娩予定の方の妊娠健康診査対応可能;他施設で分娩予定の方の妊娠健康診査対応可能,140590,140590
10291,True,True,1,自施設で分娩予定の方の妊娠健康診査対応可能,,
10292,True,False,1;2,自施設で分娩予定の方の妊娠健康診査対応可能;他施設で分娩予定の方の妊娠健康診査対応可能,"144,190円",144190
10293,True,True,1,自施設で分娩予定の方の妊娠健康診査対応可能,106820,106820
10294,True,True,1;2,自施設で分娩予定の方の妊娠健康診査対応可能;他施設で分娩予定の方の妊娠健康診査対応可能,"78,000円",78000
10295,True,True,1;2,自施設で分娩予定の方の妊娠健康診査対応可能;他施設で分娩予定の方の妊娠健康診査対応可能,122020,122020
10296,True,True,2,他施設で分娩予定の方の妊娠健康診査対応可能,"108,910円",108910
10297,,,,,,
10298,True,False,1,自施設で分娩予定の方の妊娠健康診査対応可能,"168,950円",168950
10299,False,False,,,,
10300,,,,,,
10301,,,,,,
10302,True,True,1;2,自施設で分娩予定の方の妊娠健康診査対応可能;他施設で分娩予定の方の妊娠健康診査対応可能,,
10303,,,,,,
10304,True,True,1,自施設で分娩予定の方の妊娠健康診査対応可能,"27,500円",27500
10305,True,True,1;2,自施設で分娩予定の方の妊娠健康診査対応可能;他施設で分娩予定の方の妊娠健康診査対応可能,"99,000円",99000
10307,True,True,1;2,自施設で分娩予定の方の妊娠健康診査対応可能;他施設で分娩予定の方の妊娠健康診査対応可能,"142,140円",142140
10308,True,True,1;2,自施設で分娩予定の方の妊娠健康診査対応可能;他施設で分娩予定の方の妊娠健康診査対応可能,"120,020円",120020
10309,True,True,1;2,自施設で分娩予定の方の妊娠健康診査対応可能;他施設で分娩予定の方の妊娠健康診査対応可能,124700,124700
10310,True,True,1;2,自施設で分娩予定の方の妊娠健康診査対応可能;他施設で分娩予定の方の妊娠健康診査対応可能,,
10311,,,,,,
10312,True,True,1;2,自施設で分娩予定の方の妊娠健康診査対応可能;他施設で分娩予定の方の妊娠健康診査対応可能,139640,139640
10313,True,False,1,自施設で分娩予定の方の妊娠健康診査対応可能,"128,640円",128640
10314,True,True,1;2,自施設で分娩予定の方の妊娠健康診査対応可能;他施設で分娩予定の方の妊娠健康診査対応可能,"104,520円",104520
10315,True,False,1;2,自施設で分娩予定の方の妊娠健康診査対応可能;他施設で分娩予定の方の妊娠健康診査対応可能,"133,500円",133500
10316,,,,,,
10317,True,True,1,自施設で分娩予定の方の妊娠健康診査対応可能,34570,34570
10318,,,,,,
10319,True,True,1;2,自施設で分娩予定の方の妊娠健康診査対応可能;他施設で分娩予定の方の妊娠健康診査対応可能,"130,000円",130000
10320,,,,,,
10321,True,True,1;2,自施設で分娩予定の方の妊娠健康診査対応可能;他施設で分娩予定の方の妊娠健康診査対応可能,"140,400円",140400
10322,,,,,,
10323,,,,,,
10324,True,False,,,,
10325,,,,,,
10326,True,True,1;2,自施設で分娩予定の方の妊娠健康診査対応可能;他施設で分娩予定の方の妊娠健康診査対応可能,,
10327,,,,,,
10329,True,True,1;2,自施設で分娩予定の方の妊娠健康診査対応可能;他施設で分娩予定の方の妊娠健康診査対応可能,,
10330,False,True,,,,
10331,True,True,1;2,自施設で分娩予定の方の妊娠健康診査対応可能;他施設で分娩予定の方の妊娠健康診査対応可能,"123,010円",123010
10332,True,False,1;2,自施設で分娩予定の方の妊娠健康診査対応可能;他施設で分娩予定の方の妊娠健康診査対応可能,,
10333,,,,,,
10334,True,True,1;2,自施設で分娩予定の方の妊娠健康診査対応可能;他施設で分娩予定の方の妊娠健康診査対応可能,,
10335,,,,,,
10336,True,False,,,"145,580円",145580
10337,True,False,1,自施設で分娩予定の方の妊娠健康診査対応可能,"121,500円",121500
10338,True,True,1,自施設で分娩予定の方の妊娠健康診査対応可能,"117,310円",117310
10339,,,,,,
10340,True,True,1;2,自施設で分娩予定の方の妊娠健康診査対応可能;他施設で分娩予定の方の妊娠健康診査対応可能,"119,420円",119420
10341,,,,,,
10342,True,True,1;2,自施設で分娩予定の方の妊娠健康診査対応可能;他施設で分娩予定の方の妊娠健康診査対応可能,"43,070円",43070
10343,,,,,,
10344,,,,,,
10345,True,True,1;2,自施設で分娩予定の方の妊娠健康診査対応可能;他施設で分娩予定の方の妊娠健康診査対応可能,,
10346,True,True,1,自施設で分娩予定の方の妊娠健康診査対応可能,,
10347,,,,,,
10348,True,False,1,自施設で分娩予定の方の妊娠健康診査対応可能,"124,966円",124966
10349,,,,,,
10350,True,True,1,自施設で分娩予定の方の妊娠健康診査対応可能,"202,920円",202920
10351,,,,,,
10352,True,True,1;2,自施設で分娩予定の方の妊娠健康診査対応可能;他施設で分娩予定の方の妊娠健康診査対応可能,"164,950円",164950
10353,True,True,1,自施設で分娩予定の方の妊娠健康診査対応可能,"119,420円",119420
10355,True,True,1;2,自施設で分娩予定の方の妊娠健康診査対応可能;他施設で分娩予定の方の妊娠健康診査対応可能,"81,840円",81840
10357,True,True,1;2,自施設で分娩予定の方の妊娠健康診査対応可能;他施設で分娩予定の方の妊娠健康診査対応可能,"118,830円",118830
10358,,,,,,
10359,True,True,1;2,自施設で分娩予定の方の妊娠健康診査対応可能;他施設で分娩予定の方の妊娠健康診査対応可能,"125,670円",125670
10360,False,True,,,,
10361,,,,,,
10362,True,True,1;2,自施設で分娩予定の方の妊娠健康診査対応可能;他施設で分娩予定の方の妊娠健康診査対応可能,117300,117300
10363,True,False,1,自施設で分娩予定の方の妊娠健康診査対応可能,,
10364,,,,,,
10365,True,True,,,,
10366,True,True,1;2,自施設で分娩予定の方の妊娠健康診査対応可能;他施設で分娩予定の方の妊娠健康診査対応可能,"140,000円程度",140000
10367,True,True,1;2,自施設で分娩予定の方の妊娠健康診査対応可能;他施設で分娩予定の方の妊娠健康診査対応可能,"112,640円",112640
10368,True,False,1,自施設で分娩予定の方の妊娠健康診査対応可能,"154,420円",154420
10369,True,True,1;2,自施設で分娩予定の方の妊娠健康診査対応可能;他施設で分娩予定の方の妊娠健康診査対応可能,"61,490円",61490
10370,,,,,,
10371,True,False,1,自施設で分娩予定の方の妊娠健康診査対応可能,,
10372,True,True,1,自施設で分娩予定の方の妊娠健康診査対応可能,"144,030円",144030
10373,True,True,1;2,自施設で分娩予定の方の妊娠健康診査対応可能;他施設で分娩予定の方の妊娠健康診査対応可能,83400,83400
10374,True,True,1;2,自施設で分娩予定の方の妊娠健康診査対応可能;他施設で分娩予定の方の妊娠健康診査対応可能,"クラミジアあり　90,550円
クラミジアなし　88,510円",90550
10375,,,,,,
10376,False,False,,,,
10377,False,False,,,,
10378,True,True,1;2,自施設で分娩予定の方の妊娠健康診査対応可能;他施設で分娩予定の方の妊娠健康診査対応可能,"16,910円",16910
10379,True,True,1,自施設で分娩予定の方の妊娠健康診査対応可能,,
10380,True,True,1;2,自施設で分娩予定の方の妊娠健康診査対応可能;他施設で分娩予定の方の妊娠健康診査対応可能,112310,112310
10382,True,True,1;2,自施設で分娩予定の方の妊娠健康診査対応可能;他施設で分娩予定の方の妊娠健康診査対応可能,111820,111820
10383,True,False,1;2,自施設で分娩予定の方の妊娠健康診査対応可能;他施設で分娩予定の方の妊娠健康診査対応可能,"131,090円",131090
10384,,,,,,
10385,True,True,1;2,自施設で分娩予定の方の妊娠健康診査対応可能;他施設で分娩予定の方の妊娠健康診査対応可能,"99,120円",99120
10386,True,True,1;2,自施設で分娩予定の方の妊娠健康診査対応可能;他施設で分娩予定の方の妊娠健康診査対応可能,,
10387,True,True,1,自施設で分娩予定の方の妊娠健康診査対応可能,138230,138230
10388,,,,,,
10389,True,True,1;2,自施設で分娩予定の方の妊娠健康診査対応可能;他施設で分娩予定の方の妊娠健康診査対応可能,"142,100円",142100
10390,True,True,1,自施設で分娩予定の方の妊娠健康診査対応可能,"153,780円",153780
10391,True,True,1;2,自施設で分娩予定の方の妊娠健康診査対応可能;他施設で分娩予定の方の妊娠健康診査対応可能,"妊婦健診(初診):6,000円、妊婦健診(再診):5,000円
胎児スクリーニング超音波検査(20週頃、30週頃、36週頃):1,500円/回",6000
10392,True,True,2,他施設で分娩予定の方の妊娠健康診査対応可能,"110,050円",110050
10393,True,True,1;2,自施設で分娩予定の方の妊娠健康診査対応可能;他施設で分娩予定の方の妊娠健康診査対応可能,"104,930円",104930
10394,True,True,1;2,自施設で分娩予定の方の妊娠健康診査対応可能;他施設で分娩予定の方の妊娠健康診査対応可能,"130,520円",130520
10395,True,True,1;2,自施設で分娩予定の方の妊娠健康診査対応可能;他施設で分娩予定の方の妊娠健康診査対応可能,113000,113000
10396,True,True,1,自施設で分娩予定の方の妊娠健康診査対応可能,"120,300円",120300
10397,True,True,1;2,自施設で分娩予定の方の妊娠健康診査対応可能;他施設で分娩予定の方の妊娠健康診査対応可能,"106,670円",106670
10398,False,False,,,,
10399,True,True,1;2,自施設で分娩予定の方の妊娠健康診査対応可能;他施設で分娩予定の方の妊娠健康診査対応可能,"120,500円(妊娠12週~妊娠40週)",120500
10400,True,True,1,自施設で分娩予定の方の妊娠健康診査対応可能,"120,180円",120180
10401,True,True,1;2,自施設で分娩予定の方の妊娠健康診査対応可能;他施設で分娩予定の方の妊娠健康診査対応可能,"148,570円",148570
10402,True,True,1;2,自施設で分娩予定の方の妊娠健康診査対応可能;他施設で分娩予定の方の妊娠健康診査対応可能,"130,640円",130640
10403,,,,,,
10404,,,,,,
10405,True,True,1;2,自施設で分娩予定の方の妊娠健康診査対応可能;他施設で分娩予定の方の妊娠健康診査対応可能,"127,470円",127470
10406,,,,,,
10407,True,False,1;2,自施設で分娩予定の方の妊娠健康診査対応可能;他施設で分娩予定の方の妊娠健康診査対応可能,"123,340円",123340
10408,True,True,1,自施設で分娩予定の方の妊娠健康診査対応可能,"110,050円",110050
10409,,,,,,
10410,,,,,,
10411,True,False,1;2,自施設で分娩予定の方の妊娠健康診査対応可能;他施設で分娩予定の方の妊娠健康診査対応可能,149500,149500
10412,True,False,1;2,自施設で分娩予定の方の妊娠健康診査対応可能;他施設で分娩予定の方の妊娠健康診査対応可能,,
10413,True,True,1,自施設で分娩予定の方の妊娠健康診査対応可能,,
10415,True,True,1,自施設で分娩予定の方の妊娠健康診査対応可能,157130,157130
10416,False,False,,,,
10417,,,,,,
10418,True,True,1;2,自施設で分娩予定の方の妊娠健康診査対応可能;他施設で分娩予定の方の妊娠健康診査対応可能,,
10419,True,True,1;2,自施設で分娩予定の方の妊娠健康診査対応可能;他施設で分娩予定の方の妊娠健康診査対応可能,"139,450円",139450
10420,True,True,1;2,自施設で分娩予定の方の妊娠健康診査対応可能;他施設で分娩予定の方の妊娠健康診査対応可能,152410,152410
10421,True,True,1;2,自施設で分娩予定の方の妊娠健康診査対応可能;他施設で分娩予定の方の妊娠健康診査対応可能,"109,700円",109700
10422,True,True,2,他施設で分娩予定の方の妊娠健康診査対応可能,121375,121375
10423,True,True,1;2,自施設で分娩予定の方の妊娠健康診査対応可能;他施設で分娩予定の方の妊娠健康診査対応可能,"151,230円",151230
10424,True,True,1;2,自施設で分娩予定の方の妊娠健康診査対応可能;他施設で分娩予定の方の妊娠健康診査対応可能,"75,420円",75420
10425,True,True,1,自施設で分娩予定の方の妊娠健康診査対応可能,118820,118820
10426,True,True,1;2,自施設で分娩予定の方の妊娠健康診査対応可能;他施設で分娩予定の方の妊娠健康診査対応可能,93500,93500
10427,True,True,1;2,自施設で分娩予定の方の妊娠健康診査対応可能;他施設で分娩予定の方の妊娠健康診査対応可能,"53,000円",53000
10428,True,True,1;2,自施設で分娩予定の方の妊娠健康診査対応可能;他施設で分娩予定の方の妊娠健康診査対応可能,"160,500円",160500
10429,True,True,1;2,自施設で分娩予定の方の妊娠健康診査対応可能;他施設で分娩予定の方の妊娠健康診査対応可能,"128,760円",128760
10430,,,,,,
10431,True,True,1;2,自施設で分娩予定の方の妊娠健康診査対応可能;他施設で分娩予定の方の妊娠健康診査対応可能,"87,220円",87220
10432,True,True,1;2,自施設で分娩予定の方の妊娠健康診査対応可能;他施設で分娩予定の方の妊娠健康診査対応可能,156110,156110
10433,True,False,1,自施設で分娩予定の方の妊娠健康診査対応可能,"125,915円",125915
10434,True,False,1;2,自施設で分娩予定の方の妊娠健康診査対応可能;他施設で分娩予定の方の妊娠健康診査対応可能,"119,730円",119730
10435,True,True,1;2,自施設で分娩予定の方の妊娠健康診査対応可能;他施設で分娩予定の方の妊娠健康診査対応可能,92870,92870
10436,True,False,1,自施設で分娩予定の方の妊娠健康診査対応可能,"379,860円",379860
10437,True,True,1;2,自施設で分娩予定の方の妊娠健康診査対応可能;他施設で分娩予定の方の妊娠健康診査対応可能,"155,740円",155740
10438,True,True,1;2,自施設で分娩予定の方の妊娠健康診査対応可能;他施設で分娩予定の方の妊娠健康診査対応可能,,
10439,True,True,1;2,自施設で分娩予定の方の妊娠健康診査対応可能;他施設で分娩予定の方の妊娠健康診査対応可能,,
10440,True,True,1;2,自施設で分娩予定の方の妊娠健康診査対応可能;他施設で分娩予定の方の妊娠健康診査対応可能,"114,460円",114460
10441,True,True,1;2,自施設で分娩予定の方の妊娠健康診査対応可能;他施設で分娩予定の方の妊娠健康診査対応可能,112560,112560
10442,,,,,,
10444,True,True,1;2,自施設で分娩予定の方の妊娠健康診査対応可能;他施設で分娩予定の方の妊娠健康診査対応可能,"113,290円",113290
10445,True,True,1;2,自施設で分娩予定の方の妊娠健康診査対応可能;他施設で分娩予定の方の妊娠健康診査対応可能,"119,000円",119000
10446,,,,,,
10447,True,True,1;2,自施設で分娩予定の方の妊娠健康診査対応可能;他施設で分娩予定の方の妊娠健康診査対応可能,,
10448,,,,,,
10449,True,True,1;2,自施設で分娩予定の方の妊娠健康診査対応可能;他施設で分娩予定の方の妊娠健康診査対応可能,,
10450,True,False,1;2,自施設で分娩予定の方の妊娠健康診査対応可能;他施設で分娩予定の方の妊娠健康診査対応可能,110750,110750
10451,True,False,1,自施設で分娩予定の方の妊娠健康診査対応可能,,
10452,True,True,1;2,自施設で分娩予定の方の妊娠健康診査対応可能;他施設で分娩予定の方の妊娠健康診査対応可能,"121,300円",121300
10453,True,False,1;2,自施設で分娩予定の方の妊娠健康診査対応可能;他施設で分娩予定の方の妊娠健康診査対応可能,"102,140円",102140
10454,False,False,,,,
10455,True,True,1,自施設で分娩予定の方の妊娠健康診査対応可能,"139,680円",139680
10456,,,,,,
10457,True,True,1;2,自施設で分娩予定の方の妊娠健康診査対応可能;他施設で分娩予定の方の妊娠健康診査対応可能,"149,690円",149690
10458,True,True,1;2,自施設で分娩予定の方の妊娠健康診査対応可能;他施設で分娩予定の方の妊娠健康診査対応可能,"1回8,500円：14回の受診で合計（初診時も含む）123,000円",1
10459,True,True,1;2,自施設で分娩予定の方の妊娠健康診査対応可能;他施設で分娩予定の方の妊娠健康診査対応可能,,
10460,,,,,,
10461,True,True,1,自施設で分娩予定の方の妊娠健康診査対応可能,"105,617円",105617
10462,,,,,,
10463,,,,,,
10464,,,,,,
10465,True,True,1;2,自施設で分娩予定の方の妊娠健康診査対応可能;他施設で分娩予定の方の妊娠健康診査対応可能,"115,000円",115000
10466,True,False,1;2,自施設で分娩予定の方の妊娠健康診査対応可能;他施設で分娩予定の方の妊娠健康診査対応可能,"217,500円",217500
10467,True,False,,,,
10468,True,True,1;2,自施設で分娩予定の方の妊娠健康診査対応可能;他施設で分娩予定の方の妊娠健康診査対応可能,134710,134710
10469,True,True,1;2,自施設で分娩予定の方の妊娠健康診査対応可能;他施設で分娩予定の方の妊娠健康診査対応可能,"137,600円",137600
10470,True,True,1,自施設で分娩予定の方の妊娠健康診査対応可能,137790,137790
10471,True,True,1;2,自施設で分娩予定の方の妊娠健康診査対応可能;他施設で分娩予定の方の妊娠健康診査対応可能,"122,330円",122330
10472,True,True,1;2,自施設で分娩予定の方の妊娠健康診査対応可能;他施設で分娩予定の方の妊娠健康診査対応可能,"101,500円",101500
10473,,,,,,
10474,,,,,,
10475,True,True,1,自施設で分娩予定の方の妊娠健康診査対応可能,"108,840円",108840
10476,True,True,2,他施設で分娩予定の方の妊娠健康診査対応可能,,
10477,True,True,1;2,自施設で分娩予定の方の妊娠健康診査対応可能;他施設で分娩予定の方の妊娠健康診査対応可能,"91,500円",91500
10478,True,True,1;2,自施設で分娩予定の方の妊娠健康診査対応可能;他施設で分娩予定の方の妊娠健康診査対応可能,,
10479,True,True,1;2,自施設で分娩予定の方の妊娠健康診査対応可能;他施設で分娩予定の方の妊娠健康診査対応可能,,
10480,,,,,,
10481,True,True,,,103010,103010
10482,,,,,,
10483,True,False,1;2,自施設で分娩予定の方の妊娠健康診査対応可能;他施設で分娩予定の方の妊娠健康診査対応可能,"140,300円",140300
10484,True,True,1;2,自施設で分娩予定の方の妊娠健康診査対応可能;他施設で分娩予定の方の妊娠健康診査対応可能,"112,350円",112350
10485,,,,,,
10486,False,False,,,,
10487,True,True,1,自施設で分娩予定の方の妊娠健康診査対応可能,"128,940円",128940
10488,True,True,1,自施設で分娩予定の方の妊娠健康診査対応可能,"163,600円",163600
10489,True,True,1;2,自施設で分娩予定の方の妊娠健康診査対応可能;他施設で分娩予定の方の妊娠健康診査対応可能,"97,960円",97960
10490,True,True,1;2,自施設で分娩予定の方の妊娠健康診査対応可能;他施設で分娩予定の方の妊娠健康診査対応可能,120000,120000
10491,True,True,1;2,自施設で分娩予定の方の妊娠健康診査対応可能;他施設で分娩予定の方の妊娠健康診査対応可能,"64,660円",64660
10492,True,False,1;2,自施設で分娩予定の方の妊娠健康診査対応可能;他施設で分娩予定の方の妊娠健康診査対応可能,132172,132172
10493,True,True,1;2,自施設で分娩予定の方の妊娠健康診査対応可能;他施設で分娩予定の方の妊娠健康診査対応可能,"139,930円",139930
10494,True,True,1;2,自施設で分娩予定の方の妊娠健康診査対応可能;他施設で分娩予定の方の妊娠健康診査対応可能,,
10495,,,,,,
10496,True,True,1;2,自施設で分娩予定の方の妊娠健康診査対応可能;他施設で分娩予定の方の妊娠健康診査対応可能,"101,250円",101250
10497,True,True,1,自施設で分娩予定の方の妊娠健康診査対応可能,"119,900円",119900
10499,True,True,1;2,自施設で分娩予定の方の妊娠健康診査対応可能;他施設で分娩予定の方の妊娠健康診査対応可能,156290,156290
10500,True,True,1;2,自施設で分娩予定の方の妊娠健康診査対応可能;他施設で分娩予定の方の妊娠健康診査対応可能,"121,205円",121205
10501,,,,,,
10502,,,,,,
10504,True,False,1;2,自施設で分娩予定の方の妊娠健康診査対応可能;他施設で分娩予定の方の妊娠健康診査対応可能,"50,000円",50000
10505,,,,,,
10506,True,True,1;2,自施設で分娩予定の方の妊娠健康診査対応可能;他施設で分娩予定の方の妊娠健康診査対応可能,"112,350円",112350
10507,True,True,1;2,自施設で分娩予定の方の妊娠健康診査対応可能;他施設で分娩予定の方の妊娠健康診査対応可能,"140,400円",140400
10508,True,True,2,他施設で分娩予定の方の妊娠健康診査対応可能,"130,240円",130240
10510,,,,,,
10511,True,True,1,自施設で分娩予定の方の妊娠健康診査対応可能,"110,480円",110480
10512,,,,,,
10513,True,True,1;2,自施設で分娩予定の方の妊娠健康診査対応可能;他施設で分娩予定の方の妊娠健康診査対応可能,,
10514,True,True,1,自施設で分娩予定の方の妊娠健康診査対応可能,,
10515,True,True,1;2,自施設で分娩予定の方の妊娠健康診査対応可能;他施設で分娩予定の方の妊娠健康診査対応可能,"129,470円",129470
10516,True,True,1,自施設で分娩予定の方の妊娠健康診査対応可能,,
10517,True,False,,,,
10518,True,False,1,自施設で分娩予定の方の妊娠健康診査対応可能,115200,115200
10519,,,,,,
10520,True,True,1;2,自施設で分娩予定の方の妊娠健康診査対応可能;他施設で分娩予定の方の妊娠健康診査対応可能,"21,500円",21500
10521,True,True,1;2,自施設で分娩予定の方の妊娠健康診査対応可能;他施設で分娩予定の方の妊娠健康診査対応可能,"124,100円",124100
10522,True,True,1,自施設で分娩予定の方の妊娠健康診査対応可能,"123,000円",123000
10523,True,True,1;2,自施設で分娩予定の方の妊娠健康診査対応可能;他施設で分娩予定の方の妊娠健康診査対応可能,,
10524,True,False,1;2,自施設で分娩予定の方の妊娠健康診査対応可能;他施設で分娩予定の方の妊娠健康診査対応可能,,
10525,True,True,1;2,自施設で分娩予定の方の妊娠健康診査対応可能;他施設で分娩予定の方の妊娠健康診査対応可能,"144,190円",144190
10526,True,False,1,自施設で分娩予定の方の妊娠健康診査対応可能,"143,760円",143760
10527,True,True,1;2,自施設で分娩予定の方の妊娠健康診査対応可能;他施設で分娩予定の方の妊娠健康診査対応可能,"61,010円",61010
10528,True,True,1;2,自施設で分娩予定の方の妊娠健康診査対応可能;他施設で分娩予定の方の妊娠健康診査対応可能,"119,840円",119840
10529,True,True,1;2,自施設で分娩予定の方の妊娠健康診査対応可能;他施設で分娩予定の方の妊娠健康診査対応可能,"89,450円",89450
10530,True,True,1;2,自施設で分娩予定の方の妊娠健康診査対応可能;他施設で分娩予定の方の妊娠健康診査対応可能,"99,470円",99470
10531,True,True,1,自施設で分娩予定の方の妊娠健康診査対応可能,150000,150000
10532,True,True,1;2,自施設で分娩予定の方の妊娠健康診査対応可能;他施設で分娩予定の方の妊娠健康診査対応可能,"92,000円",92000
10533,True,True,1;2,自施設で分娩予定の方の妊娠健康診査対応可能;他施設で分娩予定の方の妊娠健康診査対応可能,155770,155770
10534,True,False,1,自施設で分娩予定の方の妊娠健康診査対応可能,"171,480円",171480
10535,True,False,1,自施設で分娩予定の方の妊娠健康診査対応可能,"113,250円",113250
10536,True,True,1;2,自施設で分娩予定の方の妊娠健康診査対応可能;他施設で分娩予定の方の妊娠健康診査対応可能,"153,140円",153140
10537,True,True,1;2,自施設で分娩予定の方の妊娠健康診査対応可能;他施設で分娩予定の方の妊娠健康診査対応可能,111010,111010
10538,True,True,1,自施設で分娩予定の方の妊娠健康診査対応可能,,
10539,True,True,1,自施設で分娩予定の方の妊娠健康診査対応可能,"約134,500円~138,500円",134500
10540,,,,,,
10541,True,True,1;2,自施設で分娩予定の方の妊娠健康診査対応可能;他施設で分娩予定の方の妊娠健康診査対応可能,"110,480円",110480
10542,True,True,1;2,自施設で分娩予定の方の妊娠健康診査対応可能;他施設で分娩予定の方の妊娠健康診査対応可能,"156,665円",156665
10543,True,True,1;2,自施設で分娩予定の方の妊娠健康診査対応可能;他施設で分娩予定の方の妊娠健康診査対応可能,"113,860円",113860
10544,True,True,1;2,自施設で分娩予定の方の妊娠健康診査対応可能;他施設で分娩予定の方の妊娠健康診査対応可能,"83,900円",83900
10545,True,True,1;2,自施設で分娩予定の方の妊娠健康診査対応可能;他施設で分娩予定の方の妊娠健康診査対応可能,"118,430円",118430
10546,,,,,,
10547,,,,,,
10548,True,True,1;2,自施設で分娩予定の方の妊娠健康診査対応可能;他施設で分娩予定の方の妊娠健康診査対応可能,"144,190円",144190
10549,True,True,1,自施設で分娩予定の方の妊娠健康診査対応可能,"137,400円",137400
10550,True,False,,,11950,11950
10551,,,,,,
10552,True,True,1;2,自施設で分娩予定の方の妊娠健康診査対応可能;他施設で分娩予定の方の妊娠健康診査対応可能,"136,440円",136440
10553,True,False,,,123282,123282
10554,,,,,,
10555,True,True,1,自施設で分娩予定の方の妊娠健康診査対応可能,"144,190円",144190
10556,,,,,,
10557,True,True,1;2,自施設で分娩予定の方の妊娠健康診査対応可能;他施設で分娩予定の方の妊娠健康診査対応可能,"150,000円",150000
10558,True,True,1;2,自施設で分娩予定の方の妊娠健康診査対応可能;他施設で分娩予定の方の妊娠健康診査対応可能,121010,121010
10559,,,,,,
10560,True,True,1;2,自施設で分娩予定の方の妊娠健康診査対応可能;他施設で分娩予定の方の妊娠健康診査対応可能,114210,114210
10561,True,True,1,自施設で分娩予定の方の妊娠健康診査対応可能,"105,590円",105590
10562,True,True,1;2,自施設で分娩予定の方の妊娠健康診査対応可能;他施設で分娩予定の方の妊娠健康診査対応可能,,
10563,,,,,,
10564,,,,,,
10565,False,True,,,,
10566,,,,,,
10567,True,True,1;2,自施設で分娩予定の方の妊娠健康診査対応可能;他施設で分娩予定の方の妊娠健康診査対応可能,受診券利用者のみ対応の為算出不可。,
10568,True,False,1;2,自施設で分娩予定の方の妊娠健康診査対応可能;他施設で分娩予定の方の妊娠健康診査対応可能,"112,350円",112350
10569,,,,,,
10570,False,False,,,,
10571,True,True,1,自施設で分娩予定の方の妊娠健康診査対応可能,"126,970円",126970
10572,,,,,,
10573,True,True,1,自施設で分娩予定の方の妊娠健康診査対応可能,,
10574,,,,,,
10575,,,,,,
10576,True,True,1;2,自施設で分娩予定の方の妊娠健康診査対応可能;他施設で分娩予定の方の妊娠健康診査対応可能,"99,970円",99970
10577,True,True,1;2,自施設で分娩予定の方の妊娠健康診査対応可能;他施設で分娩予定の方の妊娠健康診査対応可能,"94,570円",94570
10578,True,True,1;2,自施設で分娩予定の方の妊娠健康診査対応可能;他施設で分娩予定の方の妊娠健康診査対応可能,"110,100円",110100
10579,True,True,1;2,自施設で分娩予定の方の妊娠健康診査対応可能;他施設で分娩予定の方の妊娠健康診査対応可能,"116,370円",116370
10580,True,True,1;2,自施設で分娩予定の方の妊娠健康診査対応可能;他施設で分娩予定の方の妊娠健康診査対応可能,117250,117250
10581,True,True,1;2,自施設で分娩予定の方の妊娠健康診査対応可能;他施設で分娩予定の方の妊娠健康診査対応可能,,
10582,,,,,,
10583,,,,,,
10584,True,True,1;2,自施設で分娩予定の方の妊娠健康診査対応可能;他施設で分娩予定の方の妊娠健康診査対応可能,"125,870円",125870
10585,True,True,1;2,自施設で分娩予定の方の妊娠健康診査対応可能;他施設で分娩予定の方の妊娠健康診査対応可能,"82,040円",82040
10586,True,True,1,自施設で分娩予定の方の妊娠健康診査対応可能,,
10587,True,True,1,自施設で分娩予定の方の妊娠健康診査対応可能,"97,000円",97000
10588,True,True,1,自施設で分娩予定の方の妊娠健康診査対応可能,"170,000円",170000
10589,,,,,,
10590,True,True,1;2,自施設で分娩予定の方の妊娠健康診査対応可能;他施設で分娩予定の方の妊娠健康診査対応可能,"132,580円",132580
10591,True,True,1;2,自施設で分娩予定の方の妊娠健康診査対応可能;他施設で分娩予定の方の妊娠健康診査対応可能,,
10592,,,,,,
10593,,,,,,
10594,,,,,,
10595,True,True,1,自施設で分娩予定の方の妊娠健康診査対応可能,110580,110580
10596,True,False,1,自施設で分娩予定の方の妊娠健康診査対応可能,164910,164910
10597,True,True,1;2,自施設で分娩予定の方の妊娠健康診査対応可能;他施設で分娩予定の方の妊娠健康診査対応可能,"178,500円",178500
10598,True,False,,,,
10599,True,False,1;2,自施設で分娩予定の方の妊娠健康診査対応可能;他施設で分娩予定の方の妊娠健康診査対応可能,,
10600,True,False,1,自施設で分娩予定の方の妊娠健康診査対応可能,"119,420円",119420
10601,,,,,,
10602,,,,,,
10603,True,True,1;2,自施設で分娩予定の方の妊娠健康診査対応可能;他施設で分娩予定の方の妊娠健康診査対応可能,,
10604,,,,,,
10605,True,True,1;2,自施設で分娩予定の方の妊娠健康診査対応可能;他施設で分娩予定の方の妊娠健康診査対応可能,"141,598円",141598
10606,True,True,1;2,自施設で分娩予定の方の妊娠健康診査対応可能;他施設で分娩予定の方の妊娠健康診査対応可能,"120,320円",120320
10607,,,,,,
10608,True,True,1;2,自施設で分娩予定の方の妊娠健康診査対応可能;他施設で分娩予定の方の妊娠健康診査対応可能,141000,141000
10609,,,,,,
10610,True,True,2,他施設で分娩予定の方の妊娠健康診査対応可能,,
10611,True,True,1;2,自施設で分娩予定の方の妊娠健康診査対応可能;他施設で分娩予定の方の妊娠健康診査対応可能,"120,000円~140,000円",120000
10612,False,False,,,"99,170円",99170
10613,,,,,,
10614,True,True,1,自施設で分娩予定の方の妊娠健康診査対応可能,,
10615,,,,,,
10616,True,False,1;2,自施設で分娩予定の方の妊娠健康診査対応可能;他施設で分娩予定の方の妊娠健康診査対応可能,"110,000円~140,000円",110000
10617,True,True,1;2,自施設で分娩予定の方の妊娠健康診査対応可能;他施設で分娩予定の方の妊娠健康診査対応可能,"99,800円",99800
10618,,,,,,
10619,True,True,1,自施設で分娩予定の方の妊娠健康診査対応可能,,
10620,,,,,,
10621,True,True,1,自施設で分娩予定の方の妊娠健康診査対応可能,"82,020円",82020
10622,True,True,1;2,自施設で分娩予定の方の妊娠健康診査対応可能;他施設で分娩予定の方の妊娠健康診査対応可能,113740,113740
10623,True,True,1,自施設で分娩予定の方の妊娠健康診査対応可能,134520,134520
10624,True,True,1,自施設で分娩予定の方の妊娠健康診査対応可能,0円(薬など処方された場合には保険診療)  双胎、合併症のあるかたにおいては状況をみて2週間ごとの妊婦健診、その場合には保険診療としている,0
10625,True,True,1,自施設で分娩予定の方の妊娠健康診査対応可能,"60,160円",60160
10626,,,,,,
10627,True,True,1;2,自施設で分娩予定の方の妊娠健康診査対応可能;他施設で分娩予定の方の妊娠健康診査対応可能,"75,100円",75100
10628,True,True,1;2,自施設で分娩予定の方の妊娠健康診査対応可能;他施設で分娩予定の方の妊娠健康診査対応可能,108400,108400
10629,,,,,,
10630,,,,,,
10631,True,True,2,他施設で分娩予定の方の妊娠健康診査対応可能,"113,130円",113130
10632,True,False,1,自施設で分娩予定の方の妊娠健康診査対応可能,"68,400円",68400
10633,,,,,,
10634,,,,,,
10635,True,False,1;2,自施設で分娩予定の方の妊娠健康診査対応可能;他施設で分娩予定の方の妊娠健康診査対応可能,,
10636,True,True,1;2,自施設で分娩予定の方の妊娠健康診査対応可能;他施設で分娩予定の方の妊娠健康診査対応可能,"87,220円",87220
10637,True,True,2;1,他施設で分娩予定の方の妊娠健康診査対応可能;自施設で分娩予定の方の妊娠健康診査対応可能,"145,970円",145970
10638,True,True,1;2,自施設で分娩予定の方の妊娠健康診査対応可能;他施設で分娩予定の方の妊娠健康診査対応可能,78340,78340
10639,True,True,1;2,自施設で分娩予定の方の妊娠健康診査対応可能;他施設で分娩予定の方の妊娠健康診査対応可能,109800,109800
10640,True,True,1,自施設で分娩予定の方の妊娠健康診査対応可能,98020,98020
10641,True,True,1,自施設で分娩予定の方の妊娠健康診査対応可能,"122,210円",122210
10642,False,False,,,123250,123250
10643,,,,,,
10644,True,False,1;2,自施設で分娩予定の方の妊娠健康診査対応可能;他施設で分娩予定の方の妊娠健康診査対応可能,132590,132590
10645,True,False,1;2,自施設で分娩予定の方の妊娠健康診査対応可能;他施設で分娩予定の方の妊娠健康診査対応可能,"121,070円",121070
10647,,,,,,
10648,True,True,1;2,自施設で分娩予定の方の妊娠健康診査対応可能;他施設で分娩予定の方の妊娠健康診査対応可能,144910,144910
10649,True,True,1;2,自施設で分娩予定の方の妊娠健康診査対応可能;他施設で分娩予定の方の妊娠健康診査対応可能,"67,400円",67400
10650,True,True,1;2,自施設で分娩予定の方の妊娠健康診査対応可能;他施設で分娩予定の方の妊娠健康診査対応可能,"114,030円",114030
10651,True,True,1;2,自施設で分娩予定の方の妊娠健康診査対応可能;他施設で分娩予定の方の妊娠健康診査対応可能,"142,170円",142170
10652,True,True,1;2,自施設で分娩予定の方の妊娠健康診査対応可能;他施設で分娩予定の方の妊娠健康診査対応可能,,
10653,True,True,1;2,自施設で分娩予定の方の妊娠健康診査対応可能;他施設で分娩予定の方の妊娠健康診査対応可能,56230,56230
10654,,,,,,
10655,True,False,1,自施設で分娩予定の方の妊娠健康診査対応可能,112000,112000
10656,True,True,1;2,自施設で分娩予定の方の妊娠健康診査対応可能;他施設で分娩予定の方の妊娠健康診査対応可能,"1,260円",1260
10657,,,,,,
10658,True,True,1,自施設で分娩予定の方の妊娠健康診査対応可能,"146,000円",146000
10659,True,True,1;2,自施設で分娩予定の方の妊娠健康診査対応可能;他施設で分娩予定の方の妊娠健康診査対応可能,103950,103950
10660,True,False,1,自施設で分娩予定の方の妊娠健康診査対応可能,"107,080円",107080
10661,True,True,1;2,自施設で分娩予定の方の妊娠健康診査対応可能;他施設で分娩予定の方の妊娠健康診査対応可能,,
10662,True,True,1;2,自施設で分娩予定の方の妊娠健康診査対応可能;他施設で分娩予定の方の妊娠健康診査対応可能,107370,107370
10663,,,,,,
10664,True,False,1,自施設で分娩予定の方の妊娠健康診査対応可能,"119,420円",119420
10665,True,True,1;2,自施設で分娩予定の方の妊娠健康診査対応可能;他施設で分娩予定の方の妊娠健康診査対応可能,"103,070円",103070
10666,True,True,1;2,自施設で分娩予定の方の妊娠健康診査対応可能;他施設で分娩予定の方の妊娠健康診査対応可能,,
10667,,,,,,
10668,,,,,,
10669,True,True,1;2,自施設で分娩予定の方の妊娠健康診査対応可能;他施設で分娩予定の方の妊娠健康診査対応可能,"93,950円",93950
10670,True,True,1,自施設で分娩予定の方の妊娠健康診査対応可能,,
10671,True,True,1;2,自施設で分娩予定の方の妊娠健康診査対応可能;他施設で分娩予定の方の妊娠健康診査対応可能,"おおむね160,000円前後",160000
10672,True,True,1;2,自施設で分娩予定の方の妊娠健康診査対応可能;他施設で分娩予定の方の妊娠健康診査対応可能,"191,380円",191380
10673,True,True,1,自施設で分娩予定の方の妊娠健康診査対応可能,"131,390円",131390
10674,True,True,1;2,自施設で分娩予定の方の妊娠健康診査対応可能;他施設で分娩予定の方の妊娠健康診査対応可能,"108,760円",108760
10675,True,True,1,自施設で分娩予定の方の妊娠健康診査対応可能,"139,600円",139600
10677,True,False,1;2,自施設で分娩予定の方の妊娠健康診査対応可能;他施設で分娩予定の方の妊娠健康診査対応可能,"105,400円",105400
10678,True,False,1,自施設で分娩予定の方の妊娠健康診査対応可能,,
10679,True,True,2,他施設で分娩予定の方の妊娠健康診査対応可能,"63,780円",63780
10680,,,,,,
10681,False,False,,,,
10682,,,,,,
10683,,,,,,
10684,,,,,,
10685,,,,,,
10686,,,,,,
10687,,,,,,
10688,True,True,1,自施設で分娩予定の方の妊娠健康診査対応可能,"111,750円~",111750
10689,,,,,,
10690,,,,,,
10691,True,True,1;2,自施設で分娩予定の方の妊娠健康診査対応可能;他施設で分娩予定の方の妊娠健康診査対応可能,,
10692,True,True,1,自施設で分娩予定の方の妊娠健康診査対応可能,"96,670円",96670
10693,True,False,1,自施設で分娩予定の方の妊娠健康診査対応可能,,
10694,,,,,,
10695,True,True,1,自施設で分娩予定の方の妊娠健康診査対応可能,123770,123770
10696,,,,,,
10697,True,True,1;2,自施設で分娩予定の方の妊娠健康診査対応可能;他施設で分娩予定の方の妊娠健康診査対応可能,126900,126900
10698,True,False,1,自施設で分娩予定の方の妊娠健康診査対応可能,"197,480円",197480
10699,,,,,,
10700,True,True,1;2,自施設で分娩予定の方の妊娠健康診査対応可能;他施設で分娩予定の方の妊娠健康診査対応可能,"99,430円",99430
10701,True,False,1;2,自施設で分娩予定の方の妊娠健康診査対応可能;他施設で分娩予定の方の妊娠健康診査対応可能,,
10702,True,True,1;2,自施設で分娩予定の方の妊娠健康診査対応可能;他施設で分娩予定の方の妊娠健康診査対応可能,"105,400円",105400
10703,True,False,1,自施設で分娩予定の方の妊娠健康診査対応可能,,
10704,False,False,,,,
10705,,,,,,
10706,True,False,1;2,自施設で分娩予定の方の妊娠健康診査対応可能;他施設で分娩予定の方の妊娠健康診査対応可能,,
10707,True,True,1;2,自施設で分娩予定の方の妊娠健康診査対応可能;他施設で分娩予定の方の妊娠健康診査対応可能,"59,050円",59050
10708,,,,,,
10709,,,,,,
10710,,,,,,
10711,True,True,1,自施設で分娩予定の方の妊娠健康診査対応可能,"127,510円",127510
10712,True,False,,,,
10713,,,,,,
10714,True,True,1;2,自施設で分娩予定の方の妊娠健康診査対応可能;他施設で分娩予定の方の妊娠健康診査対応可能,,
10715,True,True,1;2,自施設で分娩予定の方の妊娠健康診査対応可能;他施設で分娩予定の方の妊娠健康診査対応可能,"143,680円",143680
10716,True,True,1;2,自施設で分娩予定の方の妊娠健康診査対応可能;他施設で分娩予定の方の妊娠健康診査対応可能,"85,940円",85940
10717,,,,,,
10718,False,False,,,,
10719,True,True,1;2,自施設で分娩予定の方の妊娠健康診査対応可能;他施設で分娩予定の方の妊娠健康診査対応可能,"123,340円",123340
10720,,,,,,
10721,,,,,,
10722,True,False,1;2,自施設で分娩予定の方の妊娠健康診査対応可能;他施設で分娩予定の方の妊娠健康診査対応可能,"125,320円",125320
10723,,,,,,
10724,True,True,1;2,自施設で分娩予定の方の妊娠健康診査対応可能;他施設で分娩予定の方の妊娠健康診査対応可能,"123,450円",123450
10725,True,True,1,自施設で分娩予定の方の妊娠健康診査対応可能,"125,000円",125000
10727,,,,,,
10728,True,True,1;2,自施設で分娩予定の方の妊娠健康診査対応可能;他施設で分娩予定の方の妊娠健康診査対応可能,"81,818円",81818
10729,,,,,,
10730,True,True,1;2,自施設で分娩予定の方の妊娠健康診査対応可能;他施設で分娩予定の方の妊娠健康診査対応可能,"137,030（血液型検査行わない場合）
140,050（血液型検査を行った場合）",137030
10731,True,True,2,他施設で分娩予定の方の妊娠健康診査対応可能,,
10732,True,True,1;2,自施設で分娩予定の方の妊娠健康診査対応可能;他施設で分娩予定の方の妊娠健康診査対応可能,"96,320円",96320
10733,True,True,1;2,自施設で分娩予定の方の妊娠健康診査対応可能;他施設で分娩予定の方の妊娠健康診査対応可能,"98,550円",98550
10734,,,,,,
10735,True,True,1;2,自施設で分娩予定の方の妊娠健康診査対応可能;他施設で分娩予定の方の妊娠健康診査対応可能,26634,26634
10736,True,True,1,自施設で分娩予定の方の妊娠健康診査対応可能,109430,109430
10738,,,,,,
10739,True,True,1,自施設で分娩予定の方の妊娠健康診査対応可能,125300,125300
10740,True,True,1,自施設で分娩予定の方の妊娠健康診査対応可能,"5,780円",5780
10741,True,True,1,自施設で分娩予定の方の妊娠健康診査対応可能,"77,970円",77970
10742,True,True,1;2,自施設で分娩予定の方の妊娠健康診査対応可能;他施設で分娩予定の方の妊娠健康診査対応可能,"126,820円",126820
10743,True,True,1;2,自施設で分娩予定の方の妊娠健康診査対応可能;他施設で分娩予定の方の妊娠健康診査対応可能,,
10744,,,,,,
10745,True,True,1;2,自施設で分娩予定の方の妊娠健康診査対応可能;他施設で分娩予定の方の妊娠健康診査対応可能,"113,500円",113500
10746,,,,,,
10747,True,True,1;2,自施設で分娩予定の方の妊娠健康診査対応可能;他施設で分娩予定の方の妊娠健康診査対応可能,126310,126310
10748,True,True,1,自施設で分娩予定の方の妊娠健康診査対応可能,147270,147270
10749,,,,,,
10750,True,True,1;2,自施設で分娩予定の方の妊娠健康診査対応可能;他施設で分娩予定の方の妊娠健康診査対応可能,"138,920円",138920
10751,,,,,,
10752,True,True,1;2,自施設で分娩予定の方の妊娠健康診査対応可能;他施設で分娩予定の方の妊娠健康診査対応可能,"158,120円",158120
10753,True,False,1,自施設で分娩予定の方の妊娠健康診査対応可能,,
10754,True,True,1;2,自施設で分娩予定の方の妊娠健康診査対応可能;他施設で分娩予定の方の妊娠健康診査対応可能,"142,990円",142990
10755,True,True,1;2,自施設で分娩予定の方の妊娠健康診査対応可能;他施設で分娩予定の方の妊娠健康診査対応可能,"112,700円",112700
10756,True,True,1;2,自施設で分娩予定の方の妊娠健康診査対応可能;他施設で分娩予定の方の妊娠健康診査対応可能,"137,150円",137150
10757,True,False,2,他施設で分娩予定の方の妊娠健康診査対応可能,"113,130円",113130
10758,True,False,1;2,自施設で分娩予定の方の妊娠健康診査対応可能;他施設で分娩予定の方の妊娠健康診査対応可能,"122,710円",122710
10759,,,,,,
10760,True,True,1;2,自施設で分娩予定の方の妊娠健康診査対応可能;他施設で分娩予定の方の妊娠健康診査対応可能,"129,300円",129300
10761,True,True,1;2,自施設で分娩予定の方の妊娠健康診査対応可能;他施設で分娩予定の方の妊娠健康診査対応可能,"108,234円",108234
10762,True,True,1;2,自施設で分娩予定の方の妊娠健康診査対応可能;他施設で分娩予定の方の妊娠健康診査対応可能,5000,5000
10763,True,True,1;2,自施設で分娩予定の方の妊娠健康診査対応可能;他施設で分娩予定の方の妊娠健康診査対応可能,"111,350円",111350
10764,True,True,1,自施設で分娩予定の方の妊娠健康診査対応可能,"妊婦健康診査 初診の場合 8,000円、再診の場合 6,000円",8000
10765,True,True,1;2,自施設で分娩予定の方の妊娠健康診査対応可能;他施設で分娩予定の方の妊娠健康診査対応可能,"57,260円",57260
10766,True,True,1,自施設で分娩予定の方の妊娠健康診査対応可能,"115,790円",115790
10767,True,True,1,自施設で分娩予定の方の妊娠健康診査対応可能,"94,000円",94000
10768,True,True,1;2,自施設で分娩予定の方の妊娠健康診査対応可能;他施設で分娩予定の方の妊娠健康診査対応可能,"119,420円",119420
10769,,,,,,
10770,,,,,,
10771,True,True,1;2,自施設で分娩予定の方の妊娠健康診査対応可能;他施設で分娩予定の方の妊娠健康診査対応可能,"87,450円",87450
10772,True,False,,,,
10773,True,True,1,自施設で分娩予定の方の妊娠健康診査対応可能,"115,150円",115150
10774,True,True,1;2,自施設で分娩予定の方の妊娠健康診査対応可能;他施設で分娩予定の方の妊娠健康診査対応可能,78830,78830
10775,True,True,1;2,自施設で分娩予定の方の妊娠健康診査対応可能;他施設で分娩予定の方の妊娠健康診査対応可能,"111,410円",111410
10777,True,True,1;2,自施設で分娩予定の方の妊娠健康診査対応可能;他施設で分娩予定の方の妊娠健康診査対応可能,"105,400円",105400
10778,,,,,,
10779,,,,,,
10780,True,True,1;2,自施設で分娩予定の方の妊娠健康診査対応可能;他施設で分娩予定の方の妊娠健康診査対応可能,124670,124670
10781,,,,,,
10782,True,True,,,"173,310円",173310
10783,True,True,1,自施設で分娩予定の方の妊娠健康診査対応可能,"111,603円",111603
10785,True,False,,,"106,100円",106100
10786,,,,,,
10787,True,True,1;2,自施設で分娩予定の方の妊娠健康診査対応可能;他施設で分娩予定の方の妊娠健康診査対応可能,"124,750円",124750
10788,True,True,1;2,自施設で分娩予定の方の妊娠健康診査対応可能;他施設で分娩予定の方の妊娠健康診査対応可能,,
10789,True,True,1;2,自施設で分娩予定の方の妊娠健康診査対応可能;他施設で分娩予定の方の妊娠健康診査対応可能,"47,620円",47620
10790,True,True,1;2,自施設で分娩予定の方の妊娠健康診査対応可能;他施設で分娩予定の方の妊娠健康診査対応可能,"120,000円",120000
10791,True,True,1;2,自施設で分娩予定の方の妊娠健康診査対応可能;他施設で分娩予定の方の妊娠健康診査対応可能,"95,000円",95000
10792,True,False,1;2,自施設で分娩予定の方の妊娠健康診査対応可能;他施設で分娩予定の方の妊娠健康診査対応可能,113430,113430
10793,,,,,,
10794,True,True,1,自施設で分娩予定の方の妊娠健康診査対応可能,,
10795,True,True,1;2,自施設で分娩予定の方の妊娠健康診査対応可能;他施設で分娩予定の方の妊娠健康診査対応可能,"109,810円",109810
10796,True,True,1;2,自施設で分娩予定の方の妊娠健康診査対応可能;他施設で分娩予定の方の妊娠健康診査対応可能,,
10797,True,True,1;2,自施設で分娩予定の方の妊娠健康診査対応可能;他施設で分娩予定の方の妊娠健康診査対応可能,42550,42550
10798,True,True,1;2,自施設で分娩予定の方の妊娠健康診査対応可能;他施設で分娩予定の方の妊娠健康診査対応可能,,
10799,True,True,1,自施設で分娩予定の方の妊娠健康診査対応可能,,
10800,True,True,1;2,自施設で分娩予定の方の妊娠健康診査対応可能;他施設で分娩予定の方の妊娠健康診査対応可能,"71,500円",71500
10801,True,False,1,自施設で分娩予定の方の妊娠健康診査対応可能,,
10802,True,True,1;2,自施設で分娩予定の方の妊娠健康診査対応可能;他施設で分娩予定の方の妊娠健康診査対応可能,"162,300円",162300
10803,True,True,1;2,自施設で分娩予定の方の妊娠健康診査対応可能;他施設で分娩予定の方の妊娠健康診査対応可能,"約120,000円(個人差あり)",120000
10804,True,False,1,自施設で分娩予定の方の妊娠健康診査対応可能,98620,98620
10805,,,,,,
10806,True,True,1;2,自施設で分娩予定の方の妊娠健康診査対応可能;他施設で分娩予定の方の妊娠健康診査対応可能,"110,000円",110000
10807,True,True,1;2,自施設で分娩予定の方の妊娠健康診査対応可能;他施設で分娩予定の方の妊娠健康診査対応可能,"129,420円",129420
10808,True,True,1;2,自施設で分娩予定の方の妊娠健康診査対応可能;他施設で分娩予定の方の妊娠健康診査対応可能,105860,105860
10809,True,True,1;2,自施設で分娩予定の方の妊娠健康診査対応可能;他施設で分娩予定の方の妊娠健康診査対応可能,121935,121935
10811,True,True,1;2,自施設で分娩予定の方の妊娠健康診査対応可能;他施設で分娩予定の方の妊娠健康診査対応可能,"129,240円",129240
10812,False,True,1,自施設で分娩予定の方の妊娠健康診査対応可能,,
10813,True,True,1;2,自施設で分娩予定の方の妊娠健康診査対応可能;他施設で分娩予定の方の妊娠健康診査対応可能,"91,780円",91780
10814,True,True,1,自施設で分娩予定の方の妊娠健康診査対応可能,"96,200円",96200
10815,True,False,1;2,自施設で分娩予定の方の妊娠健康診査対応可能;他施設で分娩予定の方の妊娠健康診査対応可能,"90,000円",90000
10816,,,,,,
10817,True,False,1;2,自施設で分娩予定の方の妊娠健康診査対応可能;他施設で分娩予定の方の妊娠健康診査対応可能,"128,500円(税込)",128500
10818,True,True,1;2,自施設で分娩予定の方の妊娠健康診査対応可能;他施設で分娩予定の方の妊娠健康診査対応可能,"95,000円",95000
10819,True,True,1;2,自施設で分娩予定の方の妊娠健康診査対応可能;他施設で分娩予定の方の妊娠健康診査対応可能,,
10820,True,False,,,"114,850円",114850
10821,True,True,1;2,自施設で分娩予定の方の妊娠健康診査対応可能;他施設で分娩予定の方の妊娠健康診査対応可能,136450,136450
10822,True,True,1;2,自施設で分娩予定の方の妊娠健康診査対応可能;他施設で分娩予定の方の妊娠健康診査対応可能,"167,140円",167140
10823,True,True,,,"109,350円",109350
10824,True,True,1;2,自施設で分娩予定の方の妊娠健康診査対応可能;他施設で分娩予定の方の妊娠健康診査対応可能,126851,126851
10826,,,,,,
10827,True,False,1;2,自施設で分娩予定の方の妊娠健康診査対応可能;他施設で分娩予定の方の妊娠健康診査対応可能,"130,020円",130020
10828,True,True,2,他施設で分娩予定の方の妊娠健康診査対応可能,"119,770円",119770
10829,True,True,1;2,自施設で分娩予定の方の妊娠健康診査対応可能;他施設で分娩予定の方の妊娠健康診査対応可能,"142,190円",142190
10830,True,True,1;2,自施設で分娩予定の方の妊娠健康診査対応可能;他施設で分娩予定の方の妊娠健康診査対応可能,"134,020円",134020
10831,True,True,1,自施設で分娩予定の方の妊娠健康診査対応可能,"138,000円",138000
10832,True,True,1;2,自施設で分娩予定の方の妊娠健康診査対応可能;他施設で分娩予定の方の妊娠健康診査対応可能,"105,150円",105150
10833,True,True,1,自施設で分娩予定の方の妊娠健康診査対応可能,107630,107630
10834,,,,,,
10835,,,,,,
10836,True,True,1;2,自施設で分娩予定の方の妊娠健康診査対応可能;他施設で分娩予定の方の妊娠健康診査対応可能,147250,147250
10837,True,False,,,,
10838,True,True,1;2,自施設で分娩予定の方の妊娠健康診査対応可能;他施設で分娩予定の方の妊娠健康診査対応可能,"17,600円",17600
10839,True,True,1,自施設で分娩予定の方の妊娠健康診査対応可能,"62,010円",62010
10840,True,True,1;2,自施設で分娩予定の方の妊娠健康診査対応可能;他施設で分娩予定の方の妊娠健康診査対応可能,"117,570円",117570
10841,,,,,,
10842,True,False,,,,
10843,True,True,1;2,自施設で分娩予定の方の妊娠健康診査対応可能;他施設で分娩予定の方の妊娠健康診査対応可能,130970,130970
10844,,,,,,
10845,True,False,1;2,自施設で分娩予定の方の妊娠健康診査対応可能;他施設で分娩予定の方の妊娠健康診査対応可能,"149,300円",149300
10847,True,True,1;2,自施設で分娩予定の方の妊娠健康診査対応可能;他施設で分娩予定の方の妊娠健康診査対応可能,111950,111950
10848,,,,,,
10849,True,True,1;2,自施設で分娩予定の方の妊娠健康診査対応可能;他施設で分娩予定の方の妊娠健康診査対応可能,"124,590円",124590
10850,True,True,1;2,自施設で分娩予定の方の妊娠健康診査対応可能;他施設で分娩予定の方の妊娠健康診査対応可能,"111,570円",111570
10851,,,,,,
10852,True,True,1;2,自施設で分娩予定の方の妊娠健康診査対応可能;他施設で分娩予定の方の妊娠健康診査対応可能,126900,126900
10854,,,,,,
10855,True,True,1,自施設で分娩予定の方の妊娠健康診査対応可能,,
10856,,,,,,
10857,True,True,1;2,自施設で分娩予定の方の妊娠健康診査対応可能;他施設で分娩予定の方の妊娠健康診査対応可能,"165,530円",165530
10858,,,,,,
10859,True,True,1;2,自施設で分娩予定の方の妊娠健康診査対応可能;他施設で分娩予定の方の妊娠健康診査対応可能,,
10860,True,True,1;2,自施設で分娩予定の方の妊娠健康診査対応可能;他施設で分娩予定の方の妊娠健康診査対応可能,"概ね 140,000円前後",140000
10861,True,True,1;2,自施設で分娩予定の方の妊娠健康診査対応可能;他施設で分娩予定の方の妊娠健康診査対応可能,"93,312円",93312
10862,,,,,,
10863,True,True,1;2,自施設で分娩予定の方の妊娠健康診査対応可能;他施設で分娩予定の方の妊娠健康診査対応可能,136450,136450
10864,,,,,,
10865,True,True,1;2,自施設で分娩予定の方の妊娠健康診査対応可能;他施設で分娩予定の方の妊娠健康診査対応可能,"100,770円",100770
10866,,,,,,
10867,True,True,,,,
10868,,,,,,
10869,True,True,1;2,自施設で分娩予定の方の妊娠健康診査対応可能;他施設で分娩予定の方の妊娠健康診査対応可能,70000,70000
10870,,,,,,
10871,True,False,1,自施設で分娩予定の方の妊娠健康診査対応可能,"141,290円",141290
10872,,,,,,
10873,,,,,,
10874,True,True,1,自施設で分娩予定の方の妊娠健康診査対応可能,,
10875,,,,,,
10876,True,False,,,146420,146420
10877,,,,,,
10878,True,True,1;2,自施設で分娩予定の方の妊娠健康診査対応可能;他施設で分娩予定の方の妊娠健康診査対応可能,,
10879,True,True,1;2,自施設で分娩予定の方の妊娠健康診査対応可能;他施設で分娩予定の方の妊娠健康診査対応可能,"96,320円",96320
10880,True,True,1;2,自施設で分娩予定の方の妊娠健康診査対応可能;他施設で分娩予定の方の妊娠健康診査対応可能,"142,890円",142890
10881,True,True,1;2,自施設で分娩予定の方の妊娠健康診査対応可能;他施設で分娩予定の方の妊娠健康診査対応可能,"96,000円",96000
10882,,,,,,
10883,,,,,,
10884,,,,,,
10885,True,True,1;2,自施設で分娩予定の方の妊娠健康診査対応可能;他施設で分娩予定の方の妊娠健康診査対応可能,"29,030円",29030
10886,True,True,1;2,自施設で分娩予定の方の妊娠健康診査対応可能;他施設で分娩予定の方の妊娠健康診査対応可能,133420,133420
10887,,,,,,
10888,,,,,,
10889,True,True,1;2,自施設で分娩予定の方の妊娠健康診査対応可能;他施設で分娩予定の方の妊娠健康診査対応可能,"89,670円",89670
10890,True,True,1;2,自施設で分娩予定の方の妊娠健康診査対応可能;他施設で分娩予定の方の妊娠健康診査対応可能,"99,000円",99000
10892,False,False,,,"95,300円",95300
10893,True,True,1;2,自施設で分娩予定の方の妊娠健康診査対応可能;他施設で分娩予定の方の妊娠健康診査対応可能,"150,630円",150630
10894,,,,,,
10895,True,True,1;2,自施設で分娩予定の方の妊娠健康診査対応可能;他施設で分娩予定の方の妊娠健康診査対応可能,132420,132420
10896,,,,,,
10897,True,True,1;2,自施設で分娩予定の方の妊娠健康診査対応可能;他施設で分娩予定の方の妊娠健康診査対応可能,127980,127980
10898,True,True,1;2,自施設で分娩予定の方の妊娠健康診査対応可能;他施設で分娩予定の方の妊娠健康診査対応可能,,
10899,,,,,,
10900,,,,,,
10901,True,True,1;2,自施設で分娩予定の方の妊娠健康診査対応可能;他施設で分娩予定の方の妊娠健康診査対応可能,"118,550円",118550
10902,True,True,1;2,自施設で分娩予定の方の妊娠健康診査対応可能;他施設で分娩予定の方の妊娠健康診査対応可能,,
10903,True,True,2,他施設で分娩予定の方の妊娠健康診査対応可能,"120,000円",120000
10904,,,,,,
10905,True,True,1;2,自施設で分娩予定の方の妊娠健康診査対応可能;他施設で分娩予定の方の妊娠健康診査対応可能,"129,580円",129580
10906,True,True,1;2,自施設で分娩予定の方の妊娠健康診査対応可能;他施設で分娩予定の方の妊娠健康診査対応可能,114000,114000
10907,True,True,1;2,自施設で分娩予定の方の妊娠健康診査対応可能;他施設で分娩予定の方の妊娠健康診査対応可能,138120,138120
10908,True,True,1;2,自施設で分娩予定の方の妊娠健康診査対応可能;他施設で分娩予定の方の妊娠健康診査対応可能,116488,116488
10910,,,,,,
10911,,,,,,
10912,True,True,1;2,自施設で分娩予定の方の妊娠健康診査対応可能;他施設で分娩予定の方の妊娠健康診査対応可能,"119,000円",119000
10913,,,,,,
10914,,,,,,
10915,True,False,1;2,自施設で分娩予定の方の妊娠健康診査対応可能;他施設で分娩予定の方の妊娠健康診査対応可能,"120,660円",120660
10916,True,True,,,"119,350円",119350
10917,True,True,1;2,自施設で分娩予定の方の妊娠健康診査対応可能;他施設で分娩予定の方の妊娠健康診査対応可能,"117,510円",117510
10918,True,True,1;2,自施設で分娩予定の方の妊娠健康診査対応可能;他施設で分娩予定の方の妊娠健康診査対応可能,"131,140円",131140
10919,,,,,,
10920,True,True,1;2,自施設で分娩予定の方の妊娠健康診査対応可能;他施設で分娩予定の方の妊娠健康診査対応可能,,
10921,True,True,1;2,自施設で分娩予定の方の妊娠健康診査対応可能;他施設で分娩予定の方の妊娠健康診査対応可能,"87,000円",87000
10922,True,True,1;2,自施設で分娩予定の方の妊娠健康診査対応可能;他施設で分娩予定の方の妊娠健康診査対応可能,"165,000円",165000
10923,True,True,1;2,自施設で分娩予定の方の妊娠健康診査対応可能;他施設で分娩予定の方の妊娠健康診査対応可能,"128,800円",128800
10924,True,False,1;2,自施設で分娩予定の方の妊娠健康診査対応可能;他施設で分娩予定の方の妊娠健康診査対応可能,"118,160円",118160
10925,,,,,,
10926,,,,,,
10927,True,True,,,"134,120円",134120
10928,True,True,1;2,自施設で分娩予定の方の妊娠健康診査対応可能;他施設で分娩予定の方の妊娠健康診査対応可能,"121,040円",121040
10929,True,True,1;2,自施設で分娩予定の方の妊娠健康診査対応可能;他施設で分娩予定の方の妊娠健康診査対応可能,"33,890円",33890
10930,True,True,1;2,自施設で分娩予定の方の妊娠健康診査対応可能;他施設で分娩予定の方の妊娠健康診査対応可能,131390,131390
10931,,,,,,
10932,False,False,,,,
10933,True,True,1;2,自施設で分娩予定の方の妊娠健康診査対応可能;他施設で分娩予定の方の妊娠健康診査対応可能,127300,127300
10934,,,,,,
10935,True,True,1;2,自施設で分娩予定の方の妊娠健康診査対応可能;他施設で分娩予定の方の妊娠健康診査対応可能,,
10936,,,,,,
10937,True,False,1;2,自施設で分娩予定の方の妊娠健康診査対応可能;他施設で分娩予定の方の妊娠健康診査対応可能,97590,97590
10938,True,True,1;2,自施設で分娩予定の方の妊娠健康診査対応可能;他施設で分娩予定の方の妊娠健康診査対応可能,42000,42000
10939,,,,,,
10940,True,True,1,自施設で分娩予定の方の妊娠健康診査対応可能,178000,178000
10941,True,True,1;2,自施設で分娩予定の方の妊娠健康診査対応可能;他施設で分娩予定の方の妊娠健康診査対応可能,98230,98230
10942,True,True,2,他施設で分娩予定の方の妊娠健康診査対応可能,"114,050円",114050
10943,True,True,1,自施設で分娩予定の方の妊娠健康診査対応可能,"130,193円",130193
10944,True,True,1;2,自施設で分娩予定の方の妊娠健康診査対応可能;他施設で分娩予定の方の妊娠健康診査対応可能,,
10945,,,,,,
10946,True,True,1;2,自施設で分娩予定の方の妊娠健康診査対応可能;他施設で分娩予定の方の妊娠健康診査対応可能,"116,810円",116810
10947,True,True,1;2,自施設で分娩予定の方の妊娠健康診査対応可能;他施設で分娩予定の方の妊娠健康診査対応可能,202000,202000
10948,True,True,1;2,自施設で分娩予定の方の妊娠健康診査対応可能;他施設で分娩予定の方の妊娠健康診査対応可能,,
10949,False,False,,,,
10950,True,True,1;2,自施設で分娩予定の方の妊娠健康診査対応可能;他施設で分娩予定の方の妊娠健康診査対応可能,"136,920円",136920
10952,True,True,1;2,自施設で分娩予定の方の妊娠健康診査対応可能;他施設で分娩予定の方の妊娠健康診査対応可能,"115,280円",115280
10954,True,False,,,,
10955,,,,,,
10956,True,True,1;2,自施設で分娩予定の方の妊娠健康診査対応可能;他施設で分娩予定の方の妊娠健康診査対応可能,"130,640円",130640
10957,True,False,1;2,自施設で分娩予定の方の妊娠健康診査対応可能;他施設で分娩予定の方の妊娠健康診査対応可能,"136,950円",136950
10958,True,True,1;2,自施設で分娩予定の方の妊娠健康診査対応可能;他施設で分娩予定の方の妊娠健康診査対応可能,"124,600円",124600
10959,True,True,1;2,自施設で分娩予定の方の妊娠健康診査対応可能;他施設で分娩予定の方の妊娠健康診査対応可能,,
10960,True,True,1;2,自施設で分娩予定の方の妊娠健康診査対応可能;他施設で分娩予定の方の妊娠健康診査対応可能,"129,260円",129260
10961,True,True,1;2,自施設で分娩予定の方の妊娠健康診査対応可能;他施設で分娩予定の方の妊娠健康診査対応可能,"122,130円",122130
10962,True,True,1,自施設で分娩予定の方の妊娠健康診査対応可能,,
10963,,,,,,
10964,,,,,,
10965,True,True,1,自施設で分娩予定の方の妊娠健康診査対応可能,144680,144680
10966,True,True,,,"20,200円",20200
10968,,,,,,
10969,True,True,1;2,自施設で分娩予定の方の妊娠健康診査対応可能;他施設で分娩予定の方の妊娠健康診査対応可能,"131,690円",131690
10970,,,,,,
10971,,,,,,
10972,,,,,,
10973,True,False,,,"75,800円",75800
10974,True,True,1;2,自施設で分娩予定の方の妊娠健康診査対応可能;他施設で分娩予定の方の妊娠健康診査対応可能,,
10975,True,True,1;2,自施設で分娩予定の方の妊娠健康診査対応可能;他施設で分娩予定の方の妊娠健康診査対応可能,"112,000円",112000
10976,True,True,1;2,自施設で分娩予定の方の妊娠健康診査対応可能;他施設で分娩予定の方の妊娠健康診査対応可能,,
10978,True,True,1;2,自施設で分娩予定の方の妊娠健康診査対応可能;他施設で分娩予定の方の妊娠健康診査対応可能,"25,850円",25850
10980,True,True,1,自施設で分娩予定の方の妊娠健康診査対応可能,146130,146130
10981,,,,,,
10982,,,,,,
10983,True,True,,,"88,220円",88220
10984,,,,,,
10986,True,True,1;2,自施設で分娩予定の方の妊娠健康診査対応可能;他施設で分娩予定の方の妊娠健康診査対応可能,30500,30500
10987,True,True,1;2,自施設で分娩予定の方の妊娠健康診査対応可能;他施設で分娩予定の方の妊娠健康診査対応可能,"149,440円",149440
10989,True,True,1;2,自施設で分娩予定の方の妊娠健康診査対応可能;他施設で分娩予定の方の妊娠健康診査対応可能,"4,150円",4150
10990,True,False,1;2,自施設で分娩予定の方の妊娠健康診査対応可能;他施設で分娩予定の方の妊娠健康診査対応可能,,
10991,True,True,1;2,自施設で分娩予定の方の妊娠健康診査対応可能;他施設で分娩予定の方の妊娠健康診査対応可能,"143,970円",143970
10992,,,,,,
10993,True,True,1;2,自施設で分娩予定の方の妊娠健康診査対応可能;他施設で分娩予定の方の妊娠健康診査対応可能,140300,140300
10994,False,False,,,,
10995,True,True,1;2,自施設で分娩予定の方の妊娠健康診査対応可能;他施設で分娩予定の方の妊娠健康診査対応可能,"140,100円",140100
10997,True,True,1;2,自施設で分娩予定の方の妊娠健康診査対応可能;他施設で分娩予定の方の妊娠健康診査対応可能,"101,910円",101910
10998,,,,,,
11000,True,True,1;2,自施設で分娩予定の方の妊娠健康診査対応可能;他施設で分娩予定の方の妊娠健康診査対応可能,"101,720円",101720
11001,True,False,1,自施設で分娩予定の方の妊娠健康診査対応可能,"113,130円",113130
11003,,,,,,
11004,True,True,1;2,自施設で分娩予定の方の妊娠健康診査対応可能;他施設で分娩予定の方の妊娠健康診査対応可能,"125,300円",125300
11005,True,True,1;2,自施設で分娩予定の方の妊娠健康診査対応可能;他施設で分娩予定の方の妊娠健康診査対応可能,"108,000円",108000
11006,,,,,,
11007,True,False,1;2,自施設で分娩予定の方の妊娠健康診査対応可能;他施設で分娩予定の方の妊娠健康診査対応可能,,
11008,True,True,1;2,自施設で分娩予定の方の妊娠健康診査対応可能;他施設で分娩予定の方の妊娠健康診査対応可能,"142,240円",142240
11009,True,True,2,他施設で分娩予定の方の妊娠健康診査対応可能,0円,0
11010,True,True,1;2,自施設で分娩予定の方の妊娠健康診査対応可能;他施設で分娩予定の方の妊娠健康診査対応可能,24920,24920
11011,,,,,,
11012,True,True,1;2,自施設で分娩予定の方の妊娠健康診査対応可能;他施設で分娩予定の方の妊娠健康診査対応可能,"160,000円",160000
11013,True,True,1;2,自施設で分娩予定の方の妊娠健康診査対応可能;他施設で分娩予定の方の妊娠健康診査対応可能,,
11014,,,,,,
11015,True,True,1;2,自施設で分娩予定の方の妊娠健康診査対応可能;他施設で分娩予定の方の妊娠健康診査対応可能,37300,37300
11016,,,,,,
11017,True,True,1,自施設で分娩予定の方の妊娠健康診査対応可能,,
11018,,,,,,
11019,True,True,1;2,自施設で分娩予定の方の妊娠健康診査対応可能;他施設で分娩予定の方の妊娠健康診査対応可能,"82,070円",82070
11020,,,,,,
11021,True,False,,,,
11022,True,True,1;2,自施設で分娩予定の方の妊娠健康診査対応可能;他施設で分娩予定の方の妊娠健康診査対応可能,152950,152950
11023,True,True,1;2,自施設で分娩予定の方の妊娠健康診査対応可能;他施設で分娩予定の方の妊娠健康診査対応可能,"120,400円",120400
11024,True,True,1,自施設で分娩予定の方の妊娠健康診査対応可能,"153,760円",153760
11025,True,True,1;2,自施設で分娩予定の方の妊娠健康診査対応可能;他施設で分娩予定の方の妊娠健康診査対応可能,"2,000円",2000
11026,True,True,1;2,自施設で分娩予定の方の妊娠健康診査対応可能;他施設で分娩予定の方の妊娠健康診査対応可能,"136,500円",136500
11027,,,,,,
11028,True,False,,,,
11029,True,True,1,自施設で分娩予定の方の妊娠健康診査対応可能,"128,100円",128100
11030,True,True,1;2,自施設で分娩予定の方の妊娠健康診査対応可能;他施設で分娩予定の方の妊娠健康診査対応可能,"110,650円",110650
11031,,,,,,
11032,True,True,,,,
11033,True,True,1;2,自施設で分娩予定の方の妊娠健康診査対応可能;他施設で分娩予定の方の妊娠健康診査対応可能,111400,111400
11034,True,True,1;2,自施設で分娩予定の方の妊娠健康診査対応可能;他施設で分娩予定の方の妊娠健康診査対応可能,"168,300円",168300
11035,True,True,1;2,自施設で分娩予定の方の妊娠健康診査対応可能;他施設で分娩予定の方の妊娠健康診査対応可能,"122,920円",122920
11036,,,,,,
11037,,,,,,
11038,True,True,1;2,自施設で分娩予定の方の妊娠健康診査対応可能;他施設で分娩予定の方の妊娠健康診査対応可能,,
11040,True,True,1;2,自施設で分娩予定の方の妊娠健康診査対応可能;他施設で分娩予定の方の妊娠健康診査対応可能,14850,14850
11041,True,True,1;2,自施設で分娩予定の方の妊娠健康診査対応可能;他施設で分娩予定の方の妊娠健康診査対応可能,"129,610円",129610
11042,True,True,1;2,自施設で分娩予定の方の妊娠健康診査対応可能;他施設で分娩予定の方の妊娠健康診査対応可能,"141,350円",141350
11043,True,True,1;2,自施設で分娩予定の方の妊娠健康診査対応可能;他施設で分娩予定の方の妊娠健康診査対応可能,127580,127580
11044,True,True,1;2,自施設で分娩予定の方の妊娠健康診査対応可能;他施設で分娩予定の方の妊娠健康診査対応可能,"129,260円",129260
11045,True,True,1;2,自施設で分娩予定の方の妊娠健康診査対応可能;他施設で分娩予定の方の妊娠健康診査対応可能,"149,390円",149390
11046,,,,,,
11047,True,True,1;2,自施設で分娩予定の方の妊娠健康診査対応可能;他施設で分娩予定の方の妊娠健康診査対応可能,"113,910円",113910
11048,,,,,,
11049,True,True,1;2,自施設で分娩予定の方の妊娠健康診査対応可能;他施設で分娩予定の方の妊娠健康診査対応可能,,
11051,,,,,,
11052,True,True,1;2,自施設で分娩予定の方の妊娠健康診査対応可能;他施設で分娩予定の方の妊娠健康診査対応可能,"127,920円",127920
11053,True,True,1,自施設で分娩予定の方の妊娠健康診査対応可能,,
11054,True,True,1,自施設で分娩予定の方の妊娠健康診査対応可能,"116,110円",116110
11055,True,True,1;2,自施設で分娩予定の方の妊娠健康診査対応可能;他施設で分娩予定の方の妊娠健康診査対応可能,,
11056,,,,,,
11057,True,True,1,自施設で分娩予定の方の妊娠健康診査対応可能,"2,630円",2630
11058,,,,,,
11059,True,True,1,自施設で分娩予定の方の妊娠健康診査対応可能,"118,000円",118000
11060,,,,,,
11061,True,True,,,"140,530円",140530
11062,True,True,1;2,自施設で分娩予定の方の妊娠健康診査対応可能;他施設で分娩予定の方の妊娠健康診査対応可能,"146,100円",146100
11063,True,True,1,自施設で分娩予定の方の妊娠健康診査対応可能,"21,440円",21440
11064,True,False,2,他施設で分娩予定の方の妊娠健康診査対応可能,,
11065,,,,,,
11066,,,,,,
11067,True,True,1;2,自施設で分娩予定の方の妊娠健康診査対応可能;他施設で分娩予定の方の妊娠健康診査対応可能,108290,108290
11068,True,True,1;2,自施設で分娩予定の方の妊娠健康診査対応可能;他施設で分娩予定の方の妊娠健康診査対応可能,"131,400円",131400
11069,True,True,1;2,自施設で分娩予定の方の妊娠健康診査対応可能;他施設で分娩予定の方の妊娠健康診査対応可能,"約160,000円",160000
11070,True,True,1;2,自施設で分娩予定の方の妊娠健康診査対応可能;他施設で分娩予定の方の妊娠健康診査対応可能,"118,340円",118340
11071,True,True,1;2,自施設で分娩予定の方の妊娠健康診査対応可能;他施設で分娩予定の方の妊娠健康診査対応可能,"110,000円",110000
11072,True,False,2,他施設で分娩予定の方の妊娠健康診査対応可能,"122,320円",122320
11073,,,,,,
11074,,,,,,
11075,True,False,1,自施設で分娩予定の方の妊娠健康診査対応可能,"125,180円",125180
11076,False,False,,,"2,000円",2000
11077,,,,,,
11078,,,,,,
11079,True,True,1;2,自施設で分娩予定の方の妊娠健康診査対応可能;他施設で分娩予定の方の妊娠健康診査対応可能,,
11080,True,True,1;2,自施設で分娩予定の方の妊娠健康診査対応可能;他施設で分娩予定の方の妊娠健康診査対応可能,167100,167100
11081,,,,,,
11082,,,,,,
11083,,,,,,
11084,,,,,,
11085,True,True,1;2,自施設で分娩予定の方の妊娠健康診査対応可能;他施設で分娩予定の方の妊娠健康診査対応可能,19200,19200
11086,True,True,1;2,自施設で分娩予定の方の妊娠健康診査対応可能;他施設で分娩予定の方の妊娠健康診査対応可能,"190,170円",190170
11087,True,True,1;2,自施設で分娩予定の方の妊娠健康診査対応可能;他施設で分娩予定の方の妊娠健康診査対応可能,,
11088,True,False,1;2,自施設で分娩予定の方の妊娠健康診査対応可能;他施設で分娩予定の方の妊娠健康診査対応可能,,
11090,True,True,1;2,自施設で分娩予定の方の妊娠健康診査対応可能;他施設で分娩予定の方の妊娠健康診査対応可能,"130,730円",130730
11091,,,,,,
11092,,,,,,
11093,True,True,1;2,自施設で分娩予定の方の妊娠健康診査対応可能;他施設で分娩予定の方の妊娠健康診査対応可能,"113,900円",113900
11094,,,,,,
11096,True,True,1;2,自施設で分娩予定の方の妊娠健康診査対応可能;他施設で分娩予定の方の妊娠健康診査対応可能,"117,010円",117010
11097,True,True,1;2,自施設で分娩予定の方の妊娠健康診査対応可能;他施設で分娩予定の方の妊娠健康診査対応可能,120210,120210
11098,True,False,1,自施設で分娩予定の方の妊娠健康診査対応可能,,
11099,,,,,,
11100,True,True,1;2,自施設で分娩予定の方の妊娠健康診査対応可能;他施設で分娩予定の方の妊娠健康診査対応可能,"131,160円",131160
11101,,,,,,
11102,True,False,1;2,自施設で分娩予定の方の妊娠健康診査対応可能;他施設で分娩予定の方の妊娠健康診査対応可能,,
11103,True,True,1;2,自施設で分娩予定の方の妊娠健康診査対応可能;他施設で分娩予定の方の妊娠健康診査対応可能,"104,860円",104860
11104,,,,,,
11105,True,True,1;2,自施設で分娩予定の方の妊娠健康診査対応可能;他施設で分娩予定の方の妊娠健康診査対応可能,"134,350円",134350
11106,True,True,1;2,自施設で分娩予定の方の妊娠健康診査対応可能;他施設で分娩予定の方の妊娠健康診査対応可能,"87,000円",87000
11107,True,True,1,自施設で分娩予定の方の妊娠健康診査対応可能,,
11108,,,,,,
11109,True,True,1;2,自施設で分娩予定の方の妊娠健康診査対応可能;他施設で分娩予定の方の妊娠健康診査対応可能,131990,131990
11110,True,True,1,自施設で分娩予定の方の妊娠健康診査対応可能,"175,460円",175460
11111,,,,,,
11112,True,True,1;2,自施設で分娩予定の方の妊娠健康診査対応可能;他施設で分娩予定の方の妊娠健康診査対応可能,"122,280円",122280
11113,,,,,,
11114,True,True,1;2,自施設で分娩予定の方の妊娠健康診査対応可能;他施設で分娩予定の方の妊娠健康診査対応可能,,
11115,,,,,,
11116,True,True,1;2,自施設で分娩予定の方の妊娠健康診査対応可能;他施設で分娩予定の方の妊娠健康診査対応可能,154590,154590
11117,True,True,1;2,自施設で分娩予定の方の妊娠健康診査対応可能;他施設で分娩予定の方の妊娠健康診査対応可能,"174,900円",174900
11118,True,True,1,自施設で分娩予定の方の妊娠健康診査対応可能,"120,500円",120500
11120,True,True,1;2,自施設で分娩予定の方の妊娠健康診査対応可能;他施設で分娩予定の方の妊娠健康診査対応可能,,
11121,,,,,,
11122,True,False,1;2,自施設で分娩予定の方の妊娠健康診査対応可能;他施設で分娩予定の方の妊娠健康診査対応可能,"10,000円",10000
11123,True,True,,,"111,070円",111070
11124,True,True,2,他施設で分娩予定の方の妊娠健康診査対応可能,,
11125,True,True,1;2,自施設で分娩予定の方の妊娠健康診査対応可能;他施設で分娩予定の方の妊娠健康診査対応可能,48020,48020
11126,True,True,1;2,自施設で分娩予定の方の妊娠健康診査対応可能;他施設で分娩予定の方の妊娠健康診査対応可能,"118,990円",118990
11127,True,True,1;2,自施設で分娩予定の方の妊娠健康診査対応可能;他施設で分娩予定の方の妊娠健康診査対応可能,"111,100円",111100
11128,True,True,1;2,自施設で分娩予定の方の妊娠健康診査対応可能;他施設で分娩予定の方の妊娠健康診査対応可能,600,600
11129,True,True,1;2,自施設で分娩予定の方の妊娠健康診査対応可能;他施設で分娩予定の方の妊娠健康診査対応可能,"274,380円",274380
11130,,,,,,
11131,True,True,1;2,自施設で分娩予定の方の妊娠健康診査対応可能;他施設で分娩予定の方の妊娠健康診査対応可能,"170,530円",170530
11132,,,,,,
11133,True,True,1;2,自施設で分娩予定の方の妊娠健康診査対応可能;他施設で分娩予定の方の妊娠健康診査対応可能,,
11134,True,True,1;2,自施設で分娩予定の方の妊娠健康診査対応可能;他施設で分娩予定の方の妊娠健康診査対応可能,"119,100円",119100
11135,True,False,1,自施設で分娩予定の方の妊娠健康診査対応可能,"196,000円",196000
11136,,,,,,
11137,True,True,1;2,自施設で分娩予定の方の妊娠健康診査対応可能;他施設で分娩予定の方の妊娠健康診査対応可能,"95,000円",95000
11138,True,False,1;2,自施設で分娩予定の方の妊娠健康診査対応可能;他施設で分娩予定の方の妊娠健康診査対応可能,"118,290円",118290
11139,,,,,,
11140,True,True,1;2,自施設で分娩予定の方の妊娠健康診査対応可能;他施設で分娩予定の方の妊娠健康診査対応可能,"116,810円",116810
11141,True,True,1;2,自施設で分娩予定の方の妊娠健康診査対応可能;他施設で分娩予定の方の妊娠健康診査対応可能,"113,500円",113500
11142,True,False,1;2,自施設で分娩予定の方の妊娠健康診査対応可能;他施設で分娩予定の方の妊娠健康診査対応可能,"150,000から170,000円",150000
11143,True,True,1,自施設で分娩予定の方の妊娠健康診査対応可能,"124,500円",124500
11145,True,True,1;2,自施設で分娩予定の方の妊娠健康診査対応可能;他施設で分娩予定の方の妊娠健康診査対応可能,"110,650円",110650
11146,,,,,,
11147,,,,,,
11148,True,True,2,他施設で分娩予定の方の妊娠健康診査対応可能,,
11149,,,,,,
11152,True,True,1;2,自施設で分娩予定の方の妊娠健康診査対応可能;他施設で分娩予定の方の妊娠健康診査対応可能,"146,640円",146640
11153,,,,,,
11154,True,True,1;2,自施設で分娩予定の方の妊娠健康診査対応可能;他施設で分娩予定の方の妊娠健康診査対応可能,58060,58060
11155,True,True,1,自施設で分娩予定の方の妊娠健康診査対応可能,"185,000円",185000
11156,,,,,,
11157,,,,,,
11158,,,,,,
11159,True,True,,,"128,500円",128500
11161,,,,,,
11163,True,True,2,他施設で分娩予定の方の妊娠健康診査対応可能,"100,140円",100140
11164,True,True,1;2,自施設で分娩予定の方の妊娠健康診査対応可能;他施設で分娩予定の方の妊娠健康診査対応可能,,
11165,,,,,,
11166,True,True,1;2,自施設で分娩予定の方の妊娠健康診査対応可能;他施設で分娩予定の方の妊娠健康診査対応可能,,
11167,True,True,1,自施設で分娩予定の方の妊娠健康診査対応可能,"169,660円",169660
11168,True,True,1;2,自施設で分娩予定の方の妊娠健康診査対応可能;他施設で分娩予定の方の妊娠健康診査対応可能,"111,230円",111230
11170,True,True,1;2,自施設で分娩予定の方の妊娠健康診査対応可能;他施設で分娩予定の方の妊娠健康診査対応可能,"110,160円",110160
11171,True,False,1;2,自施設で分娩予定の方の妊娠健康診査対応可能;他施設で分娩予定の方の妊娠健康診査対応可能,,
11172,,,,,,
11173,,,,,,
11176,True,True,1,自施設で分娩予定の方の妊娠健康診査対応可能,,
11177,True,True,1,自施設で分娩予定の方の妊娠健康診査対応可能,7030,7030
11178,True,True,1;2,自施設で分娩予定の方の妊娠健康診査対応可能;他施設で分娩予定の方の妊娠健康診査対応可能,"110,160円",110160
11179,,,,,,
11180,False,True,,,,
11181,True,False,,,,
11182,True,True,1;2,自施設で分娩予定の方の妊娠健康診査対応可能;他施設で分娩予定の方の妊娠健康診査対応可能,"4,320円",4320
11183,,,,,,
11184,,,,,,
11185,,,,,,
11187,,,,,,
11188,True,True,1;2,自施設で分娩予定の方の妊娠健康診査対応可能;他施設で分娩予定の方の妊娠健康診査対応可能,138540,138540
11189,True,False,1,自施設で分娩予定の方の妊娠健康診査対応可能,"237,900円",237900
11190,,,,,,
11191,True,True,1;2,自施設で分娩予定の方の妊娠健康診査対応可能;他施設で分娩予定の方の妊娠健康診査対応可能,128820,128820
11192,,,,,,
11193,True,True,2,他施設で分娩予定の方の妊娠健康診査対応可能,"175,000円",175000
11194,True,True,1;2,自施設で分娩予定の方の妊娠健康診査対応可能;他施設で分娩予定の方の妊娠健康診査対応可能,"13,000円",13000
11195,False,True,2,他施設で分娩予定の方の妊娠健康診査対応可能,,
11196,,,,,,
11197,True,True,1,自施設で分娩予定の方の妊娠健康診査対応可能,,
11198,True,True,1;2,自施設で分娩予定の方の妊娠健康診査対応可能;他施設で分娩予定の方の妊娠健康診査対応可能,"128,590円",128590
11199,True,True,1;2,自施設で分娩予定の方の妊娠健康診査対応可能;他施設で分娩予定の方の妊娠健康診査対応可能,"168,380円",168380
11200,True,True,1;2,自施設で分娩予定の方の妊娠健康診査対応可能;他施設で分娩予定の方の妊娠健康診査対応可能,,
11201,,,,,,
11202,,,,,,
11203,,,,,,
11204,True,True,1;2,自施設で分娩予定の方の妊娠健康診査対応可能;他施設で分娩予定の方の妊娠健康診査対応可能,,
11205,True,True,1;2,自施設で分娩予定の方の妊娠健康診査対応可能;他施設で分娩予定の方の妊娠健康診査対応可能,"151,000円",151000
11206,,,,,,
11207,,,,,,
11208,True,True,1;2,自施設で分娩予定の方の妊娠健康診査対応可能;他施設で分娩予定の方の妊娠健康診査対応可能,,
11209,,,,,,
11210,,,,,,
11211,True,True,1,自施設で分娩予定の方の妊娠健康診査対応可能,139950,139950
11212,True,True,1,自施設で分娩予定の方の妊娠健康診査対応可能,"160,200円",160200
11214,,,,,,
11215,True,True,1,自施設で分娩予定の方の妊娠健康診査対応可能,"131,670円",131670
11216,True,True,2,他施設で分娩予定の方の妊娠健康診査対応可能,"111,450円",111450
11217,,,,,,
11218,True,True,1;2,自施設で分娩予定の方の妊娠健康診査対応可能;他施設で分娩予定の方の妊娠健康診査対応可能,"113,130円",113130
11219,,,,,,
11220,,,,,,
11221,,,,,,
11225,True,True,1;2,自施設で分娩予定の方の妊娠健康診査対応可能;他施設で分娩予定の方の妊娠健康診査対応可能,"145,690円",145690
11226,,,,,,
11227,True,True,1;2,自施設で分娩予定の方の妊娠健康診査対応可能;他施設で分娩予定の方の妊娠健康診査対応可能,"131,100円",131100
11228,True,True,1;2,自施設で分娩予定の方の妊娠健康診査対応可能;他施設で分娩予定の方の妊娠健康診査対応可能,,
11230,True,True,1;2,自施設で分娩予定の方の妊娠健康診査対応可能;他施設で分娩予定の方の妊娠健康診査対応可能,141010,141010
11231,True,True,1;2,自施設で分娩予定の方の妊娠健康診査対応可能;他施設で分娩予定の方の妊娠健康診査対応可能,"88,700円",88700
11232,True,True,1;2,自施設で分娩予定の方の妊娠健康診査対応可能;他施設で分娩予定の方の妊娠健康診査対応可能,"122,540円",122540
11233,True,True,1;2,自施設で分娩予定の方の妊娠健康診査対応可能;他施設で分娩予定の方の妊娠健康診査対応可能,"130,440円",130440
11234,,,,,,
11235,True,True,1;2,自施設で分娩予定の方の妊娠健康診査対応可能;他施設で分娩予定の方の妊娠健康診査対応可能,"117,700円",117700
11236,True,True,1;2,自施設で分娩予定の方の妊娠健康診査対応可能;他施設で分娩予定の方の妊娠健康診査対応可能,"133,590円",133590
11237,,,,,,
11238,True,True,1;2,自施設で分娩予定の方の妊娠健康診査対応可能;他施設で分娩予定の方の妊娠健康診査対応可能,"111,250円",111250
11239,,,,,,
11240,True,True,2,他施設で分娩予定の方の妊娠健康診査対応可能,"128,290円",128290
11241,True,False,,,"4,000円",4000
11242,,,,,,
11243,True,False,1;2,自施設で分娩予定の方の妊娠健康診査対応可能;他施設で分娩予定の方の妊娠健康診査対応可能,"179,810円",179810
11244,,,,,,
11245,True,True,1,自施設で分娩予定の方の妊娠健康診査対応可能,,
11246,True,True,1;2,自施設で分娩予定の方の妊娠健康診査対応可能;他施設で分娩予定の方の妊娠健康診査対応可能,,
11247,True,False,,,,
11248,True,True,1;2,自施設で分娩予定の方の妊娠健康診査対応可能;他施設で分娩予定の方の妊娠健康診査対応可能,"122,430円~137,430円",122430
11249,True,True,,,"133,460円",133460
11250,True,True,1;2,自施設で分娩予定の方の妊娠健康診査対応可能;他施設で分娩予定の方の妊娠健康診査対応可能,133050,133050
11251,,,,,,
11252,,,,,,
11253,True,True,1;2,自施設で分娩予定の方の妊娠健康診査対応可能;他施設で分娩予定の方の妊娠健康診査対応可能,"112,000円",112000
11254,True,True,1;2,自施設で分娩予定の方の妊娠健康診査対応可能;他施設で分娩予定の方の妊娠健康診査対応可能,"128,000円",128000
11255,True,False,,,"144,550円",144550
11256,,,,,,
11257,False,False,,,,
11258,False,True,,,"125,850円",125850
11260,True,False,1;2,自施設で分娩予定の方の妊娠健康診査対応可能;他施設で分娩予定の方の妊娠健康診査対応可能,,
11261,,,,,,
11262,,,,,,
11263,True,True,1;2,自施設で分娩予定の方の妊娠健康診査対応可能;他施設で分娩予定の方の妊娠健康診査対応可能,130440,130440
11264,,,,,,
11265,True,False,2,他施設で分娩予定の方の妊娠健康診査対応可能,,
11266,True,True,1;2,自施設で分娩予定の方の妊娠健康診査対応可能;他施設で分娩予定の方の妊娠健康診査対応可能,,
11267,True,True,1;2,自施設で分娩予定の方の妊娠健康診査対応可能;他施設で分娩予定の方の妊娠健康診査対応可能,,
11268,True,True,1;2,自施設で分娩予定の方の妊娠健康診査対応可能;他施設で分娩予定の方の妊娠健康診査対応可能,,
11269,,,,,,
11270,True,True,1;2,自施設で分娩予定の方の妊娠健康診査対応可能;他施設で分娩予定の方の妊娠健康診査対応可能,,
11271,,,,,,
11272,True,True,1;2,自施設で分娩予定の方の妊娠健康診査対応可能;他施設で分娩予定の方の妊娠健康診査対応可能,"78,890円",78890
11274,True,True,1,自施設で分娩予定の方の妊娠健康診査対応可能,121090,121090
11276,,,,,,
11277,True,True,1,自施設で分娩予定の方の妊娠健康診査対応可能,113207,113207
11278,True,True,1;2,自施設で分娩予定の方の妊娠健康診査対応可能;他施設で分娩予定の方の妊娠健康診査対応可能,"113,800円",113800
11279,,,,,,
11280,True,True,1;2,自施設で分娩予定の方の妊娠健康診査対応可能;他施設で分娩予定の方の妊娠健康診査対応可能,"132,590円",132590
11281,True,True,1,自施設で分娩予定の方の妊娠健康診査対応可能,"123,940円",123940
11282,True,True,1,自施設で分娩予定の方の妊娠健康診査対応可能,134410,134410
11283,True,True,1;2,自施設で分娩予定の方の妊娠健康診査対応可能;他施設で分娩予定の方の妊娠健康診査対応可能,,
11285,True,True,1,自施設で分娩予定の方の妊娠健康診査対応可能,19870,19870
11286,True,False,1;2,自施設で分娩予定の方の妊娠健康診査対応可能;他施設で分娩予定の方の妊娠健康診査対応可能,,
11287,True,True,1;2,自施設で分娩予定の方の妊娠健康診査対応可能;他施設で分娩予定の方の妊娠健康診査対応可能,,
11288,,,,,,
11289,True,True,2,他施設で分娩予定の方の妊娠健康診査対応可能,"142,210円",142210
11290,True,True,1;2,自施設で分娩予定の方の妊娠健康診査対応可能;他施設で分娩予定の方の妊娠健康診査対応可能,"30,000円",30000
11292,,,,,,
11293,,,,,,
11294,True,True,1,自施設で分娩予定の方の妊娠健康診査対応可能,"152,590円",152590
11296,True,True,1;2,自施設で分娩予定の方の妊娠健康診査対応可能;他施設で分娩予定の方の妊娠健康診査対応可能,,
11297,True,True,1;2,自施設で分娩予定の方の妊娠健康診査対応可能;他施設で分娩予定の方の妊娠健康診査対応可能,,
11298,True,True,1;2,自施設で分娩予定の方の妊娠健康診査対応可能;他施設で分娩予定の方の妊娠健康診査対応可能,"2,200円",2200
11299,False,False,,,,
11300,True,True,1,自施設で分娩予定の方の妊娠健康診査対応可能,,
11301,,,,,,
11302,,,,,,
11303,,,,,,
11304,,,,,,
11305,,,,,,
11306,True,True,1;2,自施設で分娩予定の方の妊娠健康診査対応可能;他施設で分娩予定の方の妊娠健康診査対応可能,"122,500円",122500
11307,True,True,1;2,自施設で分娩予定の方の妊娠健康診査対応可能;他施設で分娩予定の方の妊娠健康診査対応可能,"126,030円",126030
11308,True,True,1;2,自施設で分娩予定の方の妊娠健康診査対応可能;他施設で分娩予定の方の妊娠健康診査対応可能,"140,960円",140960
11309,True,True,1;2,自施設で分娩予定の方の妊娠健康診査対応可能;他施設で分娩予定の方の妊娠健康診査対応可能,126970,126970
11310,,,,,,
11311,True,True,1;2,自施設で分娩予定の方の妊娠健康診査対応可能;他施設で分娩予定の方の妊娠健康診査対応可能,0円,0
11312,True,True,1;2,自施設で分娩予定の方の妊娠健康診査対応可能;他施設で分娩予定の方の妊娠健康診査対応可能,105400,105400
11313,True,True,1;2,自施設で分娩予定の方の妊娠健康診査対応可能;他施設で分娩予定の方の妊娠健康診査対応可能,117250,117250
11314,True,False,,,,
11315,,,,,,
11317,True,False,2;1,他施設で分娩予定の方の妊娠健康診査対応可能;自施設で分娩予定の方の妊娠健康診査対応可能,,
11318,,,,,,
11319,True,True,1;2,自施設で分娩予定の方の妊娠健康診査対応可能;他施設で分娩予定の方の妊娠健康診査対応可能,,
11320,True,True,1;2,自施設で分娩予定の方の妊娠健康診査対応可能;他施設で分娩予定の方の妊娠健康診査対応可能,127500,127500
11322,,,,,,
11323,True,True,1;2,自施設で分娩予定の方の妊娠健康診査対応可能;他施設で分娩予定の方の妊娠健康診査対応可能,"134,440円",134440
11324,True,True,1,自施設で分娩予定の方の妊娠健康診査対応可能,"117,430円",117430
11325,True,False,1;2,自施設で分娩予定の方の妊娠健康診査対応可能;他施設で分娩予定の方の妊娠健康診査対応可能,,
11326,True,False,1,自施設で分娩予定の方の妊娠健康診査対応可能,"17,000円",17000
11327,,,,,,
11328,True,True,1,自施設で分娩予定の方の妊娠健康診査対応可能,"128,380円",128380
11329,,,,,,
11330,True,True,1;2,自施設で分娩予定の方の妊娠健康診査対応可能;他施設で分娩予定の方の妊娠健康診査対応可能,,
11331,,,,,,
11332,True,True,1,自施設で分娩予定の方の妊娠健康診査対応可能,14650,14650
11333,,,,,,
11334,True,True,1;2,自施設で分娩予定の方の妊娠健康診査対応可能;他施設で分娩予定の方の妊娠健康診査対応可能,147600,147600
11335,True,True,1;2,自施設で分娩予定の方の妊娠健康診査対応可能;他施設で分娩予定の方の妊娠健康診査対応可能,,
11336,,,,,,
11337,True,True,1;2,自施設で分娩予定の方の妊娠健康診査対応可能;他施設で分娩予定の方の妊娠健康診査対応可能,,
11338,False,False,,,,
11339,,,,,,
11340,True,True,1;2,自施設で分娩予定の方の妊娠健康診査対応可能;他施設で分娩予定の方の妊娠健康診査対応可能,"108,330円",108330
11341,True,True,1;2,自施設で分娩予定の方の妊娠健康診査対応可能;他施設で分娩予定の方の妊娠健康診査対応可能,,
11342,,,,,,
11343,True,True,1;2,自施設で分娩予定の方の妊娠健康診査対応可能;他施設で分娩予定の方の妊娠健康診査対応可能,,
11344,True,True,1,自施設で分娩予定の方の妊娠健康診査対応可能,"125,480円",125480
11345,True,True,1,自施設で分娩予定の方の妊娠健康診査対応可能,"97,000円",97000
11346,,,,,,
11347,,,,,,
11348,,,,,,
11349,True,True,1;2,自施設で分娩予定の方の妊娠健康診査対応可能;他施設で分娩予定の方の妊娠健康診査対応可能,"119,820円",119820
11350,,,,,,
11351,,,,,,
11352,,,,,,
11353,,,,,,
11354,,,,,,
11355,True,True,2,他施設で分娩予定の方の妊娠健康診査対応可能,93120,93120
11356,True,True,1;2,自施設で分娩予定の方の妊娠健康診査対応可能;他施設で分娩予定の方の妊娠健康診査対応可能,"115,130円",115130
11357,,,,,,
11358,,,,,,
11359,True,True,1;2,自施設で分娩予定の方の妊娠健康診査対応可能;他施設で分娩予定の方の妊娠健康診査対応可能,,
11360,,,,,,
11361,True,True,1;2,自施設で分娩予定の方の妊娠健康診査対応可能;他施設で分娩予定の方の妊娠健康診査対応可能,"141,000円",141000
11362,True,True,1;2,自施設で分娩予定の方の妊娠健康診査対応可能;他施設で分娩予定の方の妊娠健康診査対応可能,,
11363,,,,,,
11364,True,True,1;2,自施設で分娩予定の方の妊娠健康診査対応可能;他施設で分娩予定の方の妊娠健康診査対応可能,"139,460円",139460
11365,,,,,,
11366,True,False,1;2,自施設で分娩予定の方の妊娠健康診査対応可能;他施設で分娩予定の方の妊娠健康診査対応可能,"119,600円",119600
11367,,,,,,
11368,,,,,,
11369,False,False,,,,
11370,True,True,1;2,自施設で分娩予定の方の妊娠健康診査対応可能;他施設で分娩予定の方の妊娠健康診査対応可能,107620,107620
11371,,,,,,
11372,True,False,1;2,自施設で分娩予定の方の妊娠健康診査対応可能;他施設で分娩予定の方の妊娠健康診査対応可能,"108,870円",108870
11373,,,,,,
11374,,,,,,
11375,True,True,1;2,自施設で分娩予定の方の妊娠健康診査対応可能;他施設で分娩予定の方の妊娠健康診査対応可能,,
11376,True,True,1;2,自施設で分娩予定の方の妊娠健康診査対応可能;他施設で分娩予定の方の妊娠健康診査対応可能,"88,610円",88610
11377,,,,,,
11378,,,,,,
11379,,,,,,
11380,True,True,1;2,自施設で分娩予定の方の妊娠健康診査対応可能;他施設で分娩予定の方の妊娠健康診査対応可能,,
11381,,,,,,
11382,True,True,1;2,自施設で分娩予定の方の妊娠健康診査対応可能;他施設で分娩予定の方の妊娠健康診査対応可能,86170,86170
11383,,,,,,
11384,True,True,2,他施設で分娩予定の方の妊娠健康診査対応可能,"119,100円",119100
11385,True,True,1;2,自施設で分娩予定の方の妊娠健康診査対応可能;他施設で分娩予定の方の妊娠健康診査対応可能,"124,110円",124110
11387,,,,,,
11388,,,,,,
11389,,,,,,
11390,,,,,,
11391,True,False,1;2,自施設で分娩予定の方の妊娠健康診査対応可能;他施設で分娩予定の方の妊娠健康診査対応可能,,
11392,,,,,,
11393,,,,,,
11394,True,True,1;2,自施設で分娩予定の方の妊娠健康診査対応可能;他施設で分娩予定の方の妊娠健康診査対応可能,,
11395,True,True,1;2,自施設で分娩予定の方の妊娠健康診査対応可能;他施設で分娩予定の方の妊娠健康診査対応可能,111000,111000
11396,True,True,1;2,自施設で分娩予定の方の妊娠健康診査対応可能;他施設で分娩予定の方の妊娠健康診査対応可能,,
11397,True,False,1,自施設で分娩予定の方の妊娠健康診査対応可能,,
11398,True,False,1;2,自施設で分娩予定の方の妊娠健康診査対応可能;他施設で分娩予定の方の妊娠健康診査対応可能,"14,490円",14490
11399,True,True,1;2,自施設で分娩予定の方の妊娠健康診査対応可能;他施設で分娩予定の方の妊娠健康診査対応可能,,
11400,,,,,,
11401,True,True,1;2,自施設で分娩予定の方の妊娠健康診査対応可能;他施設で分娩予定の方の妊娠健康診査対応可能,1800,1800
11402,True,True,1;2,自施設で分娩予定の方の妊娠健康診査対応可能;他施設で分娩予定の方の妊娠健康診査対応可能,,
11403,True,True,1;2,自施設で分娩予定の方の妊娠健康診査対応可能;他施設で分娩予定の方の妊娠健康診査対応可能,,
11404,,,,,,
11405,True,True,1;2,自施設で分娩予定の方の妊娠健康診査対応可能;他施設で分娩予定の方の妊娠健康診査対応可能,"147,500円",147500
11406,,,,,,
11407,,,,,,
11408,,,,,,
11409,,,,,,
11410,,,,,,
11411,True,True,1;2,自施設で分娩予定の方の妊娠健康診査対応可能;他施設で分娩予定の方の妊娠健康診査対応可能,"119,400円",119400
11412,True,True,1;2,自施設で分娩予定の方の妊娠健康診査対応可能;他施設で分娩予定の方の妊娠健康診査対応可能,"166,160円",166160
11413,True,True,1;2,自施設で分娩予定の方の妊娠健康診査対応可能;他施設で分娩予定の方の妊娠健康診査対応可能,38800,38800
11414,,,,,,
11416,True,True,1;2,自施設で分娩予定の方の妊娠健康診査対応可能;他施設で分娩予定の方の妊娠健康診査対応可能,"151,230円",151230
11417,True,True,1,自施設で分娩予定の方の妊娠健康診査対応可能,,
11418,,,,,,
11419,True,True,1;2,自施設で分娩予定の方の妊娠健康診査対応可能;他施設で分娩予定の方の妊娠健康診査対応可能,116000,116000
11420,True,True,1;2,自施設で分娩予定の方の妊娠健康診査対応可能;他施設で分娩予定の方の妊娠健康診査対応可能,,
11421,,,,,,
11422,,,,,,
11423,,,,,,
11424,True,True,1;2,自施設で分娩予定の方の妊娠健康診査対応可能;他施設で分娩予定の方の妊娠健康診査対応可能,"110,100円",110100
11425,,,,,,
11426,True,True,1;2,自施設で分娩予定の方の妊娠健康診査対応可能;他施設で分娩予定の方の妊娠健康診査対応可能,"145,600円",145600
11427,True,True,1;2,自施設で分娩予定の方の妊娠健康診査対応可能;他施設で分娩予定の方の妊娠健康診査対応可能,"125,500円",125500
11428,True,False,1;2,自施設で分娩予定の方の妊娠健康診査対応可能;他施設で分娩予定の方の妊娠健康診査対応可能,114980,114980
11429,True,True,1;2,自施設で分娩予定の方の妊娠健康診査対応可能;他施設で分娩予定の方の妊娠健康診査対応可能,,
11430,True,True,1;2,自施設で分娩予定の方の妊娠健康診査対応可能;他施設で分娩予定の方の妊娠健康診査対応可能,"151,500円",151500
11431,True,True,1;2,自施設で分娩予定の方の妊娠健康診査対応可能;他施設で分娩予定の方の妊娠健康診査対応可能,"138,400円",138400
11432,,,,,,
11433,,,,,,
11434,,,,,,
11435,True,True,1;2,自施設で分娩予定の方の妊娠健康診査対応可能;他施設で分娩予定の方の妊娠健康診査対応可能,"162,490円",162490
11436,True,True,1;2,自施設で分娩予定の方の妊娠健康診査対応可能;他施設で分娩予定の方の妊娠健康診査対応可能,"29,000円",29000
11438,True,True,1,自施設で分娩予定の方の妊娠健康診査対応可能,136270,136270
11439,True,True,1;2,自施設で分娩予定の方の妊娠健康診査対応可能;他施設で分娩予定の方の妊娠健康診査対応可能,124230,124230
11440,True,False,2,他施設で分娩予定の方の妊娠健康診査対応可能,"22,500円",22500
11441,,,,,,
11442,,,,,,
11443,True,True,1;2,自施設で分娩予定の方の妊娠健康診査対応可能;他施設で分娩予定の方の妊娠健康診査対応可能,106730,106730
11444,True,True,1;2,自施設で分娩予定の方の妊娠健康診査対応可能;他施設で分娩予定の方の妊娠健康診査対応可能,"10,170円",10170
11446,True,True,1;2,自施設で分娩予定の方の妊娠健康診査対応可能;他施設で分娩予定の方の妊娠健康診査対応可能,"105,400円",105400
11447,,,,,,
11448,True,True,1;2,自施設で分娩予定の方の妊娠健康診査対応可能;他施設で分娩予定の方の妊娠健康診査対応可能,"128,500円",128500
11449,,,,,,
11450,,,,,,
11451,True,True,1;2,自施設で分娩予定の方の妊娠健康診査対応可能;他施設で分娩予定の方の妊娠健康診査対応可能,"132,860円",132860
11452,,,,,,
11453,True,True,1;2,自施設で分娩予定の方の妊娠健康診査対応可能;他施設で分娩予定の方の妊娠健康診査対応可能,146800,146800
11454,,,,,,
11455,,,,,,
11456,True,True,1;2,自施設で分娩予定の方の妊娠健康診査対応可能;他施設で分娩予定の方の妊娠健康診査対応可能,"131,460円",131460
11457,True,True,1;2,自施設で分娩予定の方の妊娠健康診査対応可能;他施設で分娩予定の方の妊娠健康診査対応可能,"134,710円",134710
11458,True,True,1;2,自施設で分娩予定の方の妊娠健康診査対応可能;他施設で分娩予定の方の妊娠健康診査対応可能,"100,000円",100000
11459,,,,,,
11460,True,True,1;2,自施設で分娩予定の方の妊娠健康診査対応可能;他施設で分娩予定の方の妊娠健康診査対応可能,"135,850円",135850
11461,True,True,1;2,自施設で分娩予定の方の妊娠健康診査対応可能;他施設で分娩予定の方の妊娠健康診査対応可能,"121,310円",121310
11462,True,True,1;2,自施設で分娩予定の方の妊娠健康診査対応可能;他施設で分娩予定の方の妊娠健康診査対応可能,"136,850円",136850
11463,,,,,,
11464,,,,,,
11465,True,True,1;2,自施設で分娩予定の方の妊娠健康診査対応可能;他施設で分娩予定の方の妊娠健康診査対応可能,110750,110750
11466,True,True,1;2,自施設で分娩予定の方の妊娠健康診査対応可能;他施設で分娩予定の方の妊娠健康診査対応可能,,
11467,True,True,1;2,自施設で分娩予定の方の妊娠健康診査対応可能;他施設で分娩予定の方の妊娠健康診査対応可能,32760,32760
11468,,,,,,
11469,,,,,,
11470,True,True,1;2,自施設で分娩予定の方の妊娠健康診査対応可能;他施設で分娩予定の方の妊娠健康診査対応可能,129060,129060
11471,True,True,1;2,自施設で分娩予定の方の妊娠健康診査対応可能;他施設で分娩予定の方の妊娠健康診査対応可能,113100,113100
11472,True,True,1;2,自施設で分娩予定の方の妊娠健康診査対応可能;他施設で分娩予定の方の妊娠健康診査対応可能,,
11473,True,True,1;2,自施設で分娩予定の方の妊娠健康診査対応可能;他施設で分娩予定の方の妊娠健康診査対応可能,"28,130円",28130
11474,True,True,2,他施設で分娩予定の方の妊娠健康診査対応可能,,
11475,True,True,1;2,自施設で分娩予定の方の妊娠健康診査対応可能;他施設で分娩予定の方の妊娠健康診査対応可能,"150,700円",150700
11476,,,,,,
11477,True,True,2,他施設で分娩予定の方の妊娠健康診査対応可能,,
11478,True,False,2,他施設で分娩予定の方の妊娠健康診査対応可能,"176,000円",176000
11479,True,True,1;2,自施設で分娩予定の方の妊娠健康診査対応可能;他施設で分娩予定の方の妊娠健康診査対応可能,,
11480,True,True,1;2,自施設で分娩予定の方の妊娠健康診査対応可能;他施設で分娩予定の方の妊娠健康診査対応可能,"138,000円",138000
11482,,,,,,
11483,True,True,1;2,自施設で分娩予定の方の妊娠健康診査対応可能;他施設で分娩予定の方の妊娠健康診査対応可能,"118,500円",118500
11484,True,True,1;2,自施設で分娩予定の方の妊娠健康診査対応可能;他施設で分娩予定の方の妊娠健康診査対応可能,152920,152920
11485,,,,,,
11486,True,True,1;2,自施設で分娩予定の方の妊娠健康診査対応可能;他施設で分娩予定の方の妊娠健康診査対応可能,"17,400円",17400
11487,True,True,1;2,自施設で分娩予定の方の妊娠健康診査対応可能;他施設で分娩予定の方の妊娠健康診査対応可能,,
11488,True,True,1,自施設で分娩予定の方の妊娠健康診査対応可能,"119,420円",119420
11489,True,True,1,自施設で分娩予定の方の妊娠健康診査対応可能,"116,690円",116690
11490,True,True,1;2,自施設で分娩予定の方の妊娠健康診査対応可能;他施設で分娩予定の方の妊娠健康診査対応可能,,
11491,True,True,1;2,自施設で分娩予定の方の妊娠健康診査対応可能;他施設で分娩予定の方の妊娠健康診査対応可能,137200,137200
11492,True,True,1;2,自施設で分娩予定の方の妊娠健康診査対応可能;他施設で分娩予定の方の妊娠健康診査対応可能,,
11493,True,True,1;2,自施設で分娩予定の方の妊娠健康診査対応可能;他施設で分娩予定の方の妊娠健康診査対応可能,"154,450円",154450
11495,,,,,,
11496,,,,,,
11497,True,True,1;2,自施設で分娩予定の方の妊娠健康診査対応可能;他施設で分娩予定の方の妊娠健康診査対応可能,18000,18000
11498,True,True,1;2,自施設で分娩予定の方の妊娠健康診査対応可能;他施設で分娩予定の方の妊娠健康診査対応可能,117350,117350
11499,True,True,1;2,自施設で分娩予定の方の妊娠健康診査対応可能;他施設で分娩予定の方の妊娠健康診査対応可能,,
11500,,,,,,
11501,True,False,1;2,自施設で分娩予定の方の妊娠健康診査対応可能;他施設で分娩予定の方の妊娠健康診査対応可能,"115,160円",115160
11502,,,,,,
11503,True,True,1;2,自施設で分娩予定の方の妊娠健康診査対応可能;他施設で分娩予定の方の妊娠健康診査対応可能,,
11504,True,True,1;2,自施設で分娩予定の方の妊娠健康診査対応可能;他施設で分娩予定の方の妊娠健康診査対応可能,"142,300円",142300
11505,True,False,2,他施設で分娩予定の方の妊娠健康診査対応可能,,
11506,True,True,1;2,自施設で分娩予定の方の妊娠健康診査対応可能;他施設で分娩予定の方の妊娠健康診査対応可能,"151,896円",151896
11507,True,True,1;2,自施設で分娩予定の方の妊娠健康診査対応可能;他施設で分娩予定の方の妊娠健康診査対応可能,"144,600円",144600
11508,,,,,,
11509,True,False,1;2,自施設で分娩予定の方の妊娠健康診査対応可能;他施設で分娩予定の方の妊娠健康診査対応可能,"166,050円",166050
11510,True,True,1;2,自施設で分娩予定の方の妊娠健康診査対応可能;他施設で分娩予定の方の妊娠健康診査対応可能,"12,500円",12500
11511,True,True,1;2,自施設で分娩予定の方の妊娠健康診査対応可能;他施設で分娩予定の方の妊娠健康診査対応可能,"140,680円",140680
11512,,,,,,
11513,True,False,1;2,自施設で分娩予定の方の妊娠健康診査対応可能;他施設で分娩予定の方の妊娠健康診査対応可能,"178,150円",178150
11514,True,True,1,自施設で分娩予定の方の妊娠健康診査対応可能,"131,630円",131630
11515,True,True,1;2,自施設で分娩予定の方の妊娠健康診査対応可能;他施設で分娩予定の方の妊娠健康診査対応可能,,
11516,True,True,1;2,自施設で分娩予定の方の妊娠健康診査対応可能;他施設で分娩予定の方の妊娠健康診査対応可能,"225,900円",225900
11517,True,True,1;2,自施設で分娩予定の方の妊娠健康診査対応可能;他施設で分娩予定の方の妊娠健康診査対応可能,,
11518,False,True,1;2,自施設で分娩予定の方の妊娠健康診査対応可能;他施設で分娩予定の方の妊娠健康診査対応可能,145140,145140
11519,True,True,1;2,自施設で分娩予定の方の妊娠健康診査対応可能;他施設で分娩予定の方の妊娠健康診査対応可能,,
11520,True,True,1;2,自施設で分娩予定の方の妊娠健康診査対応可能;他施設で分娩予定の方の妊娠健康診査対応可能,,
11521,True,True,1;2,自施設で分娩予定の方の妊娠健康診査対応可能;他施設で分娩予定の方の妊娠健康診査対応可能,,
11522,True,True,1;2,自施設で分娩予定の方の妊娠健康診査対応可能;他施設で分娩予定の方の妊娠健康診査対応可能,"109,020円",109020
11523,True,False,1,自施設で分娩予定の方の妊娠健康診査対応可能,,
11524,True,True,1;2,自施設で分娩予定の方の妊娠健康診査対応可能;他施設で分娩予定の方の妊娠健康診査対応可能,,
11525,True,True,1;2,自施設で分娩予定の方の妊娠健康診査対応可能;他施設で分娩予定の方の妊娠健康診査対応可能,111280,111280
11526,True,True,1;2,自施設で分娩予定の方の妊娠健康診査対応可能;他施設で分娩予定の方の妊娠健康診査対応可能,,
11527,True,True,1;2,自施設で分娩予定の方の妊娠健康診査対応可能;他施設で分娩予定の方の妊娠健康診査対応可能,,
11528,True,True,1;2,自施設で分娩予定の方の妊娠健康診査対応可能;他施設で分娩予定の方の妊娠健康診査対応可能,,
11529,,,,,,
11530,,,,,,
11531,True,True,1;2,自施設で分娩予定の方の妊娠健康診査対応可能;他施設で分娩予定の方の妊娠健康診査対応可能,,
11532,True,True,1;2,自施設で分娩予定の方の妊娠健康診査対応可能;他施設で分娩予定の方の妊娠健康診査対応可能,"107,250円",107250
11533,True,False,,,,
11534,True,True,1;2,自施設で分娩予定の方の妊娠健康診査対応可能;他施設で分娩予定の方の妊娠健康診査対応可能,,
11535,True,True,1;2,自施設で分娩予定の方の妊娠健康診査対応可能;他施設で分娩予定の方の妊娠健康診査対応可能,,
11536,True,True,1;2,自施設で分娩予定の方の妊娠健康診査対応可能;他施設で分娩予定の方の妊娠健康診査対応可能,,
11537,True,True,1;2,自施設で分娩予定の方の妊娠健康診査対応可能;他施設で分娩予定の方の妊娠健康診査対応可能,,
11538,,,,,,
11539,True,True,1;2,自施設で分娩予定の方の妊娠健康診査対応可能;他施設で分娩予定の方の妊娠健康診査対応可能,,
11540,True,True,1;2,自施設で分娩予定の方の妊娠健康診査対応可能;他施設で分娩予定の方の妊娠健康診査対応可能,,
11541,True,True,1;2,自施設で分娩予定の方の妊娠健康診査対応可能;他施設で分娩予定の方の妊娠健康診査対応可能,"136,160円",136160
11542,True,True,1;2,自施設で分娩予定の方の妊娠健康診査対応可能;他施設で分娩予定の方の妊娠健康診査対応可能,,
11543,,,,,,
11544,True,True,1;2,自施設で分娩予定の方の妊娠健康診査対応可能;他施設で分娩予定の方の妊娠健康診査対応可能,,
11545,True,True,1;2,自施設で分娩予定の方の妊娠健康診査対応可能;他施設で分娩予定の方の妊娠健康診査対応可能,"151,200円",151200
11546,True,True,1;2,自施設で分娩予定の方の妊娠健康診査対応可能;他施設で分娩予定の方の妊娠健康診査対応可能,120190,120190
11547,,,,,,
11548,,,,,,
11549,True,True,1;2,自施設で分娩予定の方の妊娠健康診査対応可能;他施設で分娩予定の方の妊娠健康診査対応可能,,
11550,True,False,1;2,自施設で分娩予定の方の妊娠健康診査対応可能;他施設で分娩予定の方の妊娠健康診査対応可能,"134,350円",134350
11551,True,True,2,他施設で分娩予定の方の妊娠健康診査対応可能,"県外 181,310円+109,000円が妊婦健診受診券未使用の場合となります",181310
11552,True,True,1;2,自施設で分娩予定の方の妊娠健康診査対応可能;他施設で分娩予定の方の妊娠健康診査対応可能,,
11553,True,True,1;2,自施設で分娩予定の方の妊娠健康診査対応可能;他施設で分娩予定の方の妊娠健康診査対応可能,115000,115000
11554,,,,,,
11555,True,True,2;1,他施設で分娩予定の方の妊娠健康診査対応可能;自施設で分娩予定の方の妊娠健康診査対応可能,123500,123500
11556,True,True,1,自施設で分娩予定の方の妊娠健康診査対応可能,"114,630円",114630
11557,True,True,1;2,自施設で分娩予定の方の妊娠健康診査対応可能;他施設で分娩予定の方の妊娠健康診査対応可能,"81,000円",81000
11558,True,True,1;2,自施設で分娩予定の方の妊娠健康診査対応可能;他施設で分娩予定の方の妊娠健康診査対応可能,"26,700円",26700
11559,,,,,,
11560,True,True,1;2,自施設で分娩予定の方の妊娠健康診査対応可能;他施設で分娩予定の方の妊娠健康診査対応可能,,
11561,True,False,1,自施設で分娩予定の方の妊娠健康診査対応可能,45500,45500
11562,True,True,1,自施設で分娩予定の方の妊娠健康診査対応可能,,
11563,True,True,1,自施設で分娩予定の方の妊娠健康診査対応可能,"137,000円",137000
11564,True,True,,,137940,137940
11565,,,,,,
11566,True,True,1;2,自施設で分娩予定の方の妊娠健康診査対応可能;他施設で分娩予定の方の妊娠健康診査対応可能,117990,117990
11567,True,True,,,"87,240円",87240
11568,True,True,1;2,自施設で分娩予定の方の妊娠健康診査対応可能;他施設で分娩予定の方の妊娠健康診査対応可能,"185,240円",185240
11569,True,True,,,"100,000円",100000
11570,,,,,,
11571,True,True,1;2,自施設で分娩予定の方の妊娠健康診査対応可能;他施設で分娩予定の方の妊娠健康診査対応可能,143480,143480
11572,,,,,,
11573,True,True,1;2,自施設で分娩予定の方の妊娠健康診査対応可能;他施設で分娩予定の方の妊娠健康診査対応可能,"120,700円",120700
11574,True,True,1;2,自施設で分娩予定の方の妊娠健康診査対応可能;他施設で分娩予定の方の妊娠健康診査対応可能,121700,121700
11575,True,True,1;2,自施設で分娩予定の方の妊娠健康診査対応可能;他施設で分娩予定の方の妊娠健康診査対応可能,125180,125180
11577,True,True,1;2,自施設で分娩予定の方の妊娠健康診査対応可能;他施設で分娩予定の方の妊娠健康診査対応可能,"132,030円",132030
11578,True,True,1;2,自施設で分娩予定の方の妊娠健康診査対応可能;他施設で分娩予定の方の妊娠健康診査対応可能,,
11579,True,True,1;2,自施設で分娩予定の方の妊娠健康診査対応可能;他施設で分娩予定の方の妊娠健康診査対応可能,"188,100円",188100
11580,True,True,1;2,自施設で分娩予定の方の妊娠健康診査対応可能;他施設で分娩予定の方の妊娠健康診査対応可能,0円,0
11581,,,,,,
11582,True,True,1;2,自施設で分娩予定の方の妊娠健康診査対応可能;他施設で分娩予定の方の妊娠健康診査対応可能,,
11583,True,True,1;2,自施設で分娩予定の方の妊娠健康診査対応可能;他施設で分娩予定の方の妊娠健康診査対応可能,19200,19200
11584,,,,,,
11585,True,True,1;2,自施設で分娩予定の方の妊娠健康診査対応可能;他施設で分娩予定の方の妊娠健康診査対応可能,46000,46000
11586,True,True,1;2,自施設で分娩予定の方の妊娠健康診査対応可能;他施設で分娩予定の方の妊娠健康診査対応可能,"125,650円",125650
11587,,,,,,
11588,True,True,1;2,自施設で分娩予定の方の妊娠健康診査対応可能;他施設で分娩予定の方の妊娠健康診査対応可能,"172,400円",172400
11589,,,,,,
11590,True,True,1;2,自施設で分娩予定の方の妊娠健康診査対応可能;他施設で分娩予定の方の妊娠健康診査対応可能,"131,020円",131020
11591,True,True,1;2,自施設で分娩予定の方の妊娠健康診査対応可能;他施設で分娩予定の方の妊娠健康診査対応可能,138000,138000
11592,True,True,1;2,自施設で分娩予定の方の妊娠健康診査対応可能;他施設で分娩予定の方の妊娠健康診査対応可能,"92,000円",92000
11593,,,,,,
11594,,,,,,
11596,,,,,,
11597,True,True,1;2,自施設で分娩予定の方の妊娠健康診査対応可能;他施設で分娩予定の方の妊娠健康診査対応可能,,
11598,True,True,1;2,自施設で分娩予定の方の妊娠健康診査対応可能;他施設で分娩予定の方の妊娠健康診査対応可能,"144,720円",144720
11599,,,,,,
11600,,,,,,
11601,True,True,1;2,自施設で分娩予定の方の妊娠健康診査対応可能;他施設で分娩予定の方の妊娠健康診査対応可能,"152,860円",152860
11602,True,False,1;2,自施設で分娩予定の方の妊娠健康診査対応可能;他施設で分娩予定の方の妊娠健康診査対応可能,"169,970円",169970
11603,True,False,1,自施設で分娩予定の方の妊娠健康診査対応可能,154300,154300
11604,True,False,1;2,自施設で分娩予定の方の妊娠健康診査対応可能;他施設で分娩予定の方の妊娠健康診査対応可能,146480,146480
11605,True,True,2,他施設で分娩予定の方の妊娠健康診査対応可能,,
11606,True,False,1;2,自施設で分娩予定の方の妊娠健康診査対応可能;他施設で分娩予定の方の妊娠健康診査対応可能,,
11607,,,,,,
11608,True,False,,,,
11609,,,,,,
11610,,,,,,
11611,True,False,1,自施設で分娩予定の方の妊娠健康診査対応可能,,
11612,,,,,,
11613,,,,,,
11614,,,,,,
11615,,,,,,
11616,True,True,1;2,自施設で分娩予定の方の妊娠健康診査対応可能;他施設で分娩予定の方の妊娠健康診査対応可能,"139,660円",139660
11618,True,True,1,自施設で分娩予定の方の妊娠健康診査対応可能,"155,440円",155440
11619,True,True,1;2,自施設で分娩予定の方の妊娠健康診査対応可能;他施設で分娩予定の方の妊娠健康診査対応可能,,
11620,,,,,,
11621,True,True,1;2,自施設で分娩予定の方の妊娠健康診査対応可能;他施設で分娩予定の方の妊娠健康診査対応可能,"139,900円",139900
11622,True,True,2,他施設で分娩予定の方の妊娠健康診査対応可能,,
11623,True,True,,,"116,800円",116800
11624,,,,,,
11625,,,,,,
11626,True,False,,,,
11628,True,True,1;2,自施設で分娩予定の方の妊娠健康診査対応可能;他施設で分娩予定の方の妊娠健康診査対応可能,"9,000円",9000
11629,True,True,1;2,自施設で分娩予定の方の妊娠健康診査対応可能;他施設で分娩予定の方の妊娠健康診査対応可能,"134,050円",134050
11630,False,False,,,,
11631,True,True,1;2,自施設で分娩予定の方の妊娠健康診査対応可能;他施設で分娩予定の方の妊娠健康診査対応可能,,
11632,True,True,1;2,自施設で分娩予定の方の妊娠健康診査対応可能;他施設で分娩予定の方の妊娠健康診査対応可能,"106,730円",106730
11633,True,True,1;2,自施設で分娩予定の方の妊娠健康診査対応可能;他施設で分娩予定の方の妊娠健康診査対応可能,"162,570円",162570
11634,True,True,1;2,自施設で分娩予定の方の妊娠健康診査対応可能;他施設で分娩予定の方の妊娠健康診査対応可能,175980,175980
11635,True,False,,,,
11636,True,True,1;2,自施設で分娩予定の方の妊娠健康診査対応可能;他施設で分娩予定の方の妊娠健康診査対応可能,10930,10930
11637,,,,,,
11638,,,,,,
11639,,,,,,
11640,True,False,,,,
11641,True,True,1;2,自施設で分娩予定の方の妊娠健康診査対応可能;他施設で分娩予定の方の妊娠健康診査対応可能,"121,800円",121800
11642,True,True,2,他施設で分娩予定の方の妊娠健康診査対応可能,"118,850円",118850
11643,,,,,,
11645,,,,,,
11646,True,True,1;2,自施設で分娩予定の方の妊娠健康診査対応可能;他施設で分娩予定の方の妊娠健康診査対応可能,"113,590円",113590
11648,True,True,1,自施設で分娩予定の方の妊娠健康診査対応可能,,
11649,,,,,,
11650,True,True,1;2,自施設で分娩予定の方の妊娠健康診査対応可能;他施設で分娩予定の方の妊娠健康診査対応可能,"130,660円",130660
11651,True,True,1;2,自施設で分娩予定の方の妊娠健康診査対応可能;他施設で分娩予定の方の妊娠健康診査対応可能,"156,700円",156700
11652,True,True,1;2,自施設で分娩予定の方の妊娠健康診査対応可能;他施設で分娩予定の方の妊娠健康診査対応可能,"156,700円",156700
11653,,,,,,
11654,True,True,2,他施設で分娩予定の方の妊娠健康診査対応可能,137650,137650
11655,True,True,1,自施設で分娩予定の方の妊娠健康診査対応可能,126190,126190
11656,,,,,,
11657,True,True,1;2,自施設で分娩予定の方の妊娠健康診査対応可能;他施設で分娩予定の方の妊娠健康診査対応可能,,
11658,,,,,,
11659,,,,,,
11660,,,,,,
11661,,,,,,
11662,True,True,1;2,自施設で分娩予定の方の妊娠健康診査対応可能;他施設で分娩予定の方の妊娠健康診査対応可能,"18,840円",18840
11663,,,,,,
11664,,,,,,
11665,False,False,,,,
11666,,,,,,
11667,False,True,1,自施設で分娩予定の方の妊娠健康診査対応可能,,
11668,,,,,,
11669,,,,,,
11670,,,,,,
11671,,,,,,
11672,,,,,,
11673,,,,,,
11674,,,,,,
11675,,,,,,
11676,,,,,,
11677,,,,,,
11678,,,,,,
11679,,,,,,
11681,,,,,,
11682,,,,,,
11683,,,,,,
11684,,,,,,
11685,True,True,1;2,自施設で分娩予定の方の妊娠健康診査対応可能;他施設で分娩予定の方の妊娠健康診査対応可能,"129,800円",129800
11686,,,,,,
11687,True,False,,,"118,860円",118860
11689,,,,,,
11690,False,False,,,,
11691,True,False,1,自施設で分娩予定の方の妊娠健康診査対応可能,0円,0
11692,,,,,,
11694,True,False,1,自施設で分娩予定の方の妊娠健康診査対応可能,,
11695,True,False,1,自施設で分娩予定の方の妊娠健康診査対応可能,,
11696,True,False,1,自施設で分娩予定の方の妊娠健康診査対応可能,,
11697,True,False,1,自施設で分娩予定の方の妊娠健康診査対応可能,"133,650円",133650
11698,,,,,,
11699,,,,,,
11700,,,,,,
11701,True,False,1;2,自施設で分娩予定の方の妊娠健康診査対応可能;他施設で分娩予定の方の妊娠健康診査対応可能,"209,000円",209000
11702,True,False,1,自施設で分娩予定の方の妊娠健康診査対応可能,"69,000円",69000
11703,True,False,,,受診券使用時 0円,0
11704,True,False,1;2,自施設で分娩予定の方の妊娠健康診査対応可能;他施設で分娩予定の方の妊娠健康診査対応可能,,
11705,True,False,1,自施設で分娩予定の方の妊娠健康診査対応可能,"1,500円",1500
11706,False,False,,,,
11707,True,False,1;2,自施設で分娩予定の方の妊娠健康診査対応可能;他施設で分娩予定の方の妊娠健康診査対応可能,"116,500円",116500
11708,True,False,1;2,自施設で分娩予定の方の妊娠健康診査対応可能;他施設で分娩予定の方の妊娠健康診査対応可能,"118,050円",118050
11709,True,False,1;2,自施設で分娩予定の方の妊娠健康診査対応可能;他施設で分娩予定の方の妊娠健康診査対応可能,"78,000円",78000
11710,True,True,1,自施設で分娩予定の方の妊娠健康診査対応可能,"60,450円",60450
11711,True,False,1,自施設で分娩予定の方の妊娠健康診査対応可能,"116,050円",116050
11712,True,False,1;2,自施設で分娩予定の方の妊娠健康診査対応可能;他施設で分娩予定の方の妊娠健康診査対応可能,"72,000円",72000
11713,True,False,1;2,自施設で分娩予定の方の妊娠健康診査対応可能;他施設で分娩予定の方の妊娠健康診査対応可能,"107,120円",107120
11714,True,False,1;2,自施設で分娩予定の方の妊娠健康診査対応可能;他施設で分娩予定の方の妊娠健康診査対応可能,"40,000円",40000
11715,True,False,1,自施設で分娩予定の方の妊娠健康診査対応可能,当院の妊婦健診は基本5000円（腹部超音波費用含む）　妊娠34週以降はNST検査（費用は1000円）を定期的に全例実施している。血液検査などは嘱託医療機関にて実施。,5000
11716,True,False,1,自施設で分娩予定の方の妊娠健康診査対応可能,"156,800円",156800
11717,,,,,,
11718,True,False,1,自施設で分娩予定の方の妊娠健康診査対応可能,"144,500円",144500
11719,True,True,1,自施設で分娩予定の方の妊娠健康診査対応可能,"42,000円",42000
11720,,,,,,
11721,,,,,,
11722,True,False,1,自施設で分娩予定の方の妊娠健康診査対応可能,"91,000円",91000
11723,,,,,,
11724,,,,,,
11725,True,True,1;2,自施設で分娩予定の方の妊娠健康診査対応可能;他施設で分娩予定の方の妊娠健康診査対応可能,金額は妊婦健康診査受診表を使用した場合の公費負担額が基本になっています。第1回目、第4回目、第8回目、第10回目、第12回目は、病院、診療所にお願いして受診してもらっていす。また、病院、診療所ではこの検査内容以外にも必要な場合は追加で検査項目が増えることがあります。,1
11726,,,,,,
11727,True,False,1;2,自施設で分娩予定の方の妊娠健康診査対応可能;他施設で分娩予定の方の妊娠健康診査対応可能,"51,000円",51000
11728,,,,,,
11729,True,False,1;2,自施設で分娩予定の方の妊娠健康診査対応可能;他施設で分娩予定の方の妊娠健康診査対応可能,111000,111000
11730,,,,,,
11731,True,True,1;2,自施設で分娩予定の方の妊娠健康診査対応可能;他施設で分娩予定の方の妊娠健康診査対応可能,,
11732,True,False,1;2,自施設で分娩予定の方の妊娠健康診査対応可能;他施設で分娩予定の方の妊娠健康診査対応可能,"68,000円",68000
11733,True,False,1,自施設で分娩予定の方の妊娠健康診査対応可能,,
11734,True,True,1;2,自施設で分娩予定の方の妊娠健康診査対応可能;他施設で分娩予定の方の妊娠健康診査対応可能,"100,750円",100750
11735,True,False,1,自施設で分娩予定の方の妊娠健康診査対応可能,"113,870円",113870
11736,True,False,1;2,自施設で分娩予定の方の妊娠健康診査対応可能;他施設で分娩予定の方の妊娠健康診査対応可能,"113,650円",113650
11737,,,,,,
11738,,,,,,
11739,,,,,,
11740,True,False,1;2,自施設で分娩予定の方の妊娠健康診査対応可能;他施設で分娩予定の方の妊娠健康診査対応可能,,
11741,True,False,1,自施設で分娩予定の方の妊娠健康診査対応可能,"2,500円",2500
11742,,,,,,
11743,,,,,,
11744,True,False,1;2,自施設で分娩予定の方の妊娠健康診査対応可能;他施設で分娩予定の方の妊娠健康診査対応可能,"121,000円",121000
11745,,,,,,
11746,True,True,1;2,自施設で分娩予定の方の妊娠健康診査対応可能;他施設で分娩予定の方の妊娠健康診査対応可能,"101,000円",101000
11747,False,False,,,,
11748,,,,,,
11749,True,False,1;2,自施設で分娩予定の方の妊娠健康診査対応可能;他施設で分娩予定の方の妊娠健康診査対応可能,,
11750,,,,,,
11751,True,False,1;2,自施設で分娩予定の方の妊娠健康診査対応可能;他施設で分娩予定の方の妊娠健康診査対応可能,60000,60000
11752,True,False,1;2,自施設で分娩予定の方の妊娠健康診査対応可能;他施設で分娩予定の方の妊娠健康診査対応可能,"98,500円",98500
11753,True,False,1;2,自施設で分娩予定の方の妊娠健康診査対応可能;他施設で分娩予定の方の妊娠健康診査対応可能,"超音波実施日以外で希望された場合は1回2,000円",1
11754,True,False,1,自施設で分娩予定の方の妊娠健康診査対応可能,24000,24000
11755,,,,,,
11756,True,False,1;2,自施設で分娩予定の方の妊娠健康診査対応可能;他施設で分娩予定の方の妊娠健康診査対応可能,,
11757,False,False,,,,
11758,,,,,,
11759,,,,,,
11760,,,,,,
11761,,,,,,
11762,True,False,1,自施設で分娩予定の方の妊娠健康診査対応可能,"45,000円",45000
11763,False,False,1;2,自施設で分娩予定の方の妊娠健康診査対応可能;他施設で分娩予定の方の妊娠健康診査対応可能,"6,000円×14回=84,000円(チケット無しの場合)初診のみ初診料+1,000円",6000
11764,,,,,,
11765,True,True,1,自施設で分娩予定の方の妊娠健康診査対応可能,46467,46467
11766,,,,,,
11767,,,,,,
11768,True,False,1;2,自施設で分娩予定の方の妊娠健康診査対応可能;他施設で分娩予定の方の妊娠健康診査対応可能,"45,000円",45000
11769,True,False,1;2,自施設で分娩予定の方の妊娠健康診査対応可能;他施設で分娩予定の方の妊娠健康診査対応可能,,
11770,True,False,1,自施設で分娩予定の方の妊娠健康診査対応可能,"123,380円",123380
11772,True,True,1;2,自施設で分娩予定の方の妊娠健康診査対応可能;他施設で分娩予定の方の妊娠健康診査対応可能,37500,37500
11773,True,False,1;2,自施設で分娩予定の方の妊娠健康診査対応可能;他施設で分娩予定の方の妊娠健康診査対応可能,0円,0
11774,True,False,1,自施設で分娩予定の方の妊娠健康診査対応可能,"47,000円",47000
11775,,,,,,
11776,True,False,1,自施設で分娩予定の方の妊娠健康診査対応可能,"94,215円",94215
11777,True,True,1;2,自施設で分娩予定の方の妊娠健康診査対応可能;他施設で分娩予定の方の妊娠健康診査対応可能,,
11778,True,False,1,自施設で分娩予定の方の妊娠健康診査対応可能,"124,700円",124700
11779,True,False,1;2,自施設で分娩予定の方の妊娠健康診査対応可能;他施設で分娩予定の方の妊娠健康診査対応可能,"9,000円",9000
11780,True,True,1;2,自施設で分娩予定の方の妊娠健康診査対応可能;他施設で分娩予定の方の妊娠健康診査対応可能,"119,000円",119000
11781,True,False,1,自施設で分娩予定の方の妊娠健康診査対応可能,"103,640円",103640
11782,True,True,1;2,自施設で分娩予定の方の妊娠健康診査対応可能;他施設で分娩予定の方の妊娠健康診査対応可能,"2,000円",2000
11783,True,False,1,自施設で分娩予定の方の妊娠健康診査対応可能,,
11784,,,,,,
11785,True,True,1;2,自施設で分娩予定の方の妊娠健康診査対応可能;他施設で分娩予定の方の妊娠健康診査対応可能,,
11786,True,False,1,自施設で分娩予定の方の妊娠健康診査対応可能,"54,000円",54000
11787,,,,,,
11789,True,False,1;2,自施設で分娩予定の方の妊娠健康診査対応可能;他施設で分娩予定の方の妊娠健康診査対応可能,,
11790,True,False,1,自施設で分娩予定の方の妊娠健康診査対応可能,125840,125840
11791,,,,,,
11792,True,False,1,自施設で分娩予定の方の妊娠健康診査対応可能,,
11793,True,False,1;2,自施設で分娩予定の方の妊娠健康診査対応可能;他施設で分娩予定の方の妊娠健康診査対応可能,,
11794,True,False,1,自施設で分娩予定の方の妊娠健康診査対応可能,"54,020円",54020
11795,,,,,,
11796,True,False,1;2,自施設で分娩予定の方の妊娠健康診査対応可能;他施設で分娩予定の方の妊娠健康診査対応可能,162140,162140
11797,True,False,1;2,自施設で分娩予定の方の妊娠健康診査対応可能;他施設で分娩予定の方の妊娠健康診査対応可能,"39,000円",39000
11798,,,,,,
11799,True,False,,,,
11800,True,False,1;2,自施設で分娩予定の方の妊娠健康診査対応可能;他施設で分娩予定の方の妊娠健康診査対応可能,"61,000円",61000
11801,True,False,1,自施設で分娩予定の方の妊娠健康診査対応可能,,
11802,True,False,1;2,自施設で分娩予定の方の妊娠健康診査対応可能;他施設で分娩予定の方の妊娠健康診査対応可能,"100,000円",100000
11803,,,,,,
11804,,,,,,
11805,,,,,,
11806,,,,,,
11807,True,False,1;2,自施設で分娩予定の方の妊娠健康診査対応可能;他施設で分娩予定の方の妊娠健康診査対応可能,,
11808,,,,,,
11809,True,False,1,自施設で分娩予定の方の妊娠健康診査対応可能,"123,960円",123960
11810,True,False,1,自施設で分娩予定の方の妊娠健康診査対応可能,43680,43680
11811,,,,,,
11812,True,False,1;2,自施設で分娩予定の方の妊娠健康診査対応可能;他施設で分娩予定の方の妊娠健康診査対応可能,"120,000円",120000
11813,,,,,,
11814,True,False,1;2,自施設で分娩予定の方の妊娠健康診査対応可能;他施設で分娩予定の方の妊娠健康診査対応可能,"119,350円",119350
11815,True,False,1;2,自施設で分娩予定の方の妊娠健康診査対応可能;他施設で分娩予定の方の妊娠健康診査対応可能,"129,180円",129180
11816,,,,,,
11817,True,False,1,自施設で分娩予定の方の妊娠健康診査対応可能,"123,500円",123500
11818,True,False,1,自施設で分娩予定の方の妊娠健康診査対応可能,"182,930円",182930
11819,True,True,1;2,自施設で分娩予定の方の妊娠健康診査対応可能;他施設で分娩予定の方の妊娠健康診査対応可能,"110,320円",110320
11820,,,,,,
11821,,,,,,
11822,True,False,1;2,自施設で分娩予定の方の妊娠健康診査対応可能;他施設で分娩予定の方の妊娠健康診査対応可能,,
11823,True,False,,,"45,000円",45000
11824,,,,,,
11826,True,False,1,自施設で分娩予定の方の妊娠健康診査対応可能,0円,0
11827,True,False,1,自施設で分娩予定の方の妊娠健康診査対応可能,"75,400円",75400
11828,,,,,,
11829,True,False,1;2,自施設で分娩予定の方の妊娠健康診査対応可能;他施設で分娩予定の方の妊娠健康診査対応可能,"84,000円",84000
11830,True,False,1,自施設で分娩予定の方の妊娠健康診査対応可能,,
11831,,,,,,
11832,True,False,1,自施設で分娩予定の方の妊娠健康診査対応可能,"119,410円",119410
11833,,,,,,
11834,,,,,,
11835,,,,,,
11836,True,False,1;2,自施設で分娩予定の方の妊娠健康診査対応可能;他施設で分娩予定の方の妊娠健康診査対応可能,"111,580円",111580
11837,,,,,,
11838,True,False,,,"48,000円",48000
11839,True,False,1,自施設で分娩予定の方の妊娠健康診査対応可能,,
11840,,,,,,
11841,,,,,,
11842,,,,,,
11843,,,,,,
11844,True,False,1,自施設で分娩予定の方の妊娠健康診査対応可能,,
11845,True,False,1;2,自施設で分娩予定の方の妊娠健康診査対応可能;他施設で分娩予定の方の妊娠健康診査対応可能,,
11846,True,False,1;2,自施設で分娩予定の方の妊娠健康診査対応可能;他施設で分娩予定の方の妊娠健康診査対応可能,"149,300円",149300
11847,True,False,1;2,自施設で分娩予定の方の妊娠健康診査対応可能;他施設で分娩予定の方の妊娠健康診査対応可能,"162,490円",162490
11848,True,False,1,自施設で分娩予定の方の妊娠健康診査対応可能,23500,23500
11849,True,False,1,自施設で分娩予定の方の妊娠健康診査対応可能,"基本的に第2、3、5、7、9、11、13、14回目が助産院で使用可能 (当助産院では検査等は行わない為、受診券料金と同等)
それ以外の「検査項目」の含まれるものは、嘱託医療機関にて使用となる為、利用料金は不明",2
11851,True,False,1,自施設で分娩予定の方の妊娠健康診査対応可能,,
11852,True,False,1,自施設で分娩予定の方の妊娠健康診査対応可能,"140,530円",140530
11853,True,False,1;2,自施設で分娩予定の方の妊娠健康診査対応可能;他施設で分娩予定の方の妊娠健康診査対応可能,0円,0
11854,,,,,,
11855,,,,,,
11856,,,,,,
11857,True,False,1,自施設で分娩予定の方の妊娠健康診査対応可能,"115,220円",115220
11858,,,,,,
11859,,,,,,
11860,,,,,,
11861,,,,,,
11862,,,,,,
11863,True,False,1,自施設で分娩予定の方の妊娠健康診査対応可能,,
11864,,,,,,
11865,True,False,1,自施設で分娩予定の方の妊娠健康診査対応可能,,
11866,,,,,,
11867,,,,,,
11868,False,False,,,,
11869,True,False,1;2,自施設で分娩予定の方の妊娠健康診査対応可能;他施設で分娩予定の方の妊娠健康診査対応可能,"111,690円",111690
11870,,,,,,
11871,,,,,,
11872,,,,,,
11873,True,False,1;2,自施設で分娩予定の方の妊娠健康診査対応可能;他施設で分娩予定の方の妊娠健康診査対応可能,"113,940円",113940
11874,,,,,,
11875,True,False,1,自施設で分娩予定の方の妊娠健康診査対応可能,,
11876,,,,,,
11877,True,False,1;2,自施設で分娩予定の方の妊娠健康診査対応可能;他施設で分娩予定の方の妊娠健康診査対応可能,27410,27410
11878,,,,,,
11879,,,,,,
11880,True,False,1,自施設で分娩予定の方の妊娠健康診査対応可能,,
11881,True,False,1;2,自施設で分娩予定の方の妊娠健康診査対応可能;他施設で分娩予定の方の妊娠健康診査対応可能,"127,000円",127000
11882,True,False,1;2,自施設で分娩予定の方の妊娠健康診査対応可能;他施設で分娩予定の方の妊娠健康診査対応可能,81000,81000
11883,,,,,,
11884,True,True,1;2,自施設で分娩予定の方の妊娠健康診査対応可能;他施設で分娩予定の方の妊娠健康診査対応可能,"40,000円",40000
11885,,,,,,
11886,True,False,1;2,自施設で分娩予定の方の妊娠健康診査対応可能;他施設で分娩予定の方の妊娠健康診査対応可能,"107,400円",107400
11887,True,False,1,自施設で分娩予定の方の妊娠健康診査対応可能,"106,740円",106740
11888,,,,,,
11889,,,,,,
11890,True,False,1,自施設で分娩予定の方の妊娠健康診査対応可能,,
11892,,,,,,
11893,True,False,2,他施設で分娩予定の方の妊娠健康診査対応可能,,
11895,,,,,,
11896,True,False,1,自施設で分娩予定の方の妊娠健康診査対応可能,"117,900円",117900
11897,,,,,,
11898,True,False,1,自施設で分娩予定の方の妊娠健康診査対応可能,,
11899,True,False,1;2,自施設で分娩予定の方の妊娠健康診査対応可能;他施設で分娩予定の方の妊娠健康診査対応可能,,
11900,False,False,,,"32,970円",32970
11901,,,,,,
11902,,,,,,
11903,,,,,,
11904,,,,,,
11905,,,,,,
11906,,,,,,
11907,,,,,,
11908,,,,,,
11909,True,False,1,自施設で分娩予定の方の妊娠健康診査対応可能,,
11910,,,,,,
11911,True,False,1;2,自施設で分娩予定の方の妊娠健康診査対応可能;他施設で分娩予定の方の妊娠健康診査対応可能,"120,000円",120000
11912,,,,,,
11913,True,False,1;2,自施設で分娩予定の方の妊娠健康診査対応可能;他施設で分娩予定の方の妊娠健康診査対応可能,"46,000円",46000
11914,True,False,1,自施設で分娩予定の方の妊娠健康診査対応可能,"137,920円",137920
11915,True,False,1;2,自施設で分娩予定の方の妊娠健康診査対応可能;他施設で分娩予定の方の妊娠健康診査対応可能,,
11916,True,False,1;2,自施設で分娩予定の方の妊娠健康診査対応可能;他施設で分娩予定の方の妊娠健康診査対応可能,"128,000円",128000
11917,True,False,1,自施設で分娩予定の方の妊娠健康診査対応可能,"99,000円",99000
11918,True,False,1;2,自施設で分娩予定の方の妊娠健康診査対応可能;他施設で分娩予定の方の妊娠健康診査対応可能,"104,410円",104410
11919,True,False,1;2,自施設で分娩予定の方の妊娠健康診査対応可能;他施設で分娩予定の方の妊娠健康診査対応可能,"127,460円",127460
11920,True,False,1;2,自施設で分娩予定の方の妊娠健康診査対応可能;他施設で分娩予定の方の妊娠健康診査対応可能,"107,560円",107560
11921,True,False,1;2,自施設で分娩予定の方の妊娠健康診査対応可能;他施設で分娩予定の方の妊娠健康診査対応可能,"60,170円",60170
11922,True,True,1;2,自施設で分娩予定の方の妊娠健康診査対応可能;他施設で分娩予定の方の妊娠健康診査対応可能,70000,70000
11923,True,False,1,自施設で分娩予定の方の妊娠健康診査対応可能,105460,105460
11924,True,False,1;2,自施設で分娩予定の方の妊娠健康診査対応可能;他施設で分娩予定の方の妊娠健康診査対応可能,"42,000円",42000
11925,,,,,,
11926,True,False,1;2,自施設で分娩予定の方の妊娠健康診査対応可能;他施設で分娩予定の方の妊娠健康診査対応可能,"95,000円",95000
11927,True,True,1;2,自施設で分娩予定の方の妊娠健康診査対応可能;他施設で分娩予定の方の妊娠健康診査対応可能,102140,102140
11928,True,False,1;2,自施設で分娩予定の方の妊娠健康診査対応可能;他施設で分娩予定の方の妊娠健康診査対応可能,"31,500円",31500
11929,True,False,1,自施設で分娩予定の方の妊娠健康診査対応可能,"135,050円",135050
11930,,,,,,
11931,True,False,1;2,自施設で分娩予定の方の妊娠健康診査対応可能;他施設で分娩予定の方の妊娠健康診査対応可能,"115,800円",115800
11932,False,False,,,"117,000円",117000
11933,,,,,,
11934,True,False,,,"48,000円",48000
11935,True,True,1;2,自施設で分娩予定の方の妊娠健康診査対応可能;他施設で分娩予定の方の妊娠健康診査対応可能,,
11936,,,,,,
11937,,,,,,
11938,,,,,,
11939,,,,,,
11940,True,False,1,自施設で分娩予定の方の妊娠健康診査対応可能,,
11941,,,,,,
11942,True,False,1,自施設で分娩予定の方の妊娠健康診査対応可能,,
11944,,,,,,
11945,,,,,,
11946,,,,,,
11947,,,,,,
11948,,,,,,
11949,,,,,,
11950,True,False,1,自施設で分娩予定の方の妊娠健康診査対応可能,0円,0
11951,True,False,1,自施設で分娩予定の方の妊娠健康診査対応可能,"61,000円",61000
11952,,,,,,
11954,,,,,,
11955,True,False,1;2,自施設で分娩予定の方の妊娠健康診査対応可能;他施設で分娩予定の方の妊娠健康診査対応可能,,
11956,True,True,1;2,自施設で分娩予定の方の妊娠健康診査対応可能;他施設で分娩予定の方の妊娠健康診査対応可能,"87,450円",87450
11957,False,True,,,,
11958,True,False,1,自施設で分娩予定の方の妊娠健康診査対応可能,,
11959,,,,,,
11960,True,True,1;2,自施設で分娩予定の方の妊娠健康診査対応可能;他施設で分娩予定の方の妊娠健康診査対応可能,"105,010円",105010
11962,,,,,,
11964,True,True,1;2,自施設で分娩予定の方の妊娠健康診査対応可能;他施設で分娩予定の方の妊娠健康診査対応可能,,
11966,,,,,,
11967,True,False,1;2,自施設で分娩予定の方の妊娠健康診査対応可能;他施設で分娩予定の方の妊娠健康診査対応可能,"98,110円",98110
11969,,,,,,
11970,True,True,1;2,自施設で分娩予定の方の妊娠健康診査対応可能;他施設で分娩予定の方の妊娠健康診査対応可能,"137,900円",137900
11972,True,True,1;2,自施設で分娩予定の方の妊娠健康診査対応可能;他施設で分娩予定の方の妊娠健康診査対応可能,154700,154700
11973,True,False,1;2,自施設で分娩予定の方の妊娠健康診査対応可能;他施設で分娩予定の方の妊娠健康診査対応可能,,
11974,,,,,,
11975,True,True,1;2,自施設で分娩予定の方の妊娠健康診査対応可能;他施設で分娩予定の方の妊娠健康診査対応可能,"116,970円",116970
11976,,,,,,
11979,,,,,,
11980,,,,,,
11981,,,,,,
11982,,,,,,
11983,,,,,,
11984,,,,,,
11985,,,,,,
11986,False,False,,,,
11988,True,True,1;2,自施設で分娩予定の方の妊娠健康診査対応可能;他施設で分娩予定の方の妊娠健康診査対応可能,,
11989,,,,,,
11990,,,,,,
11991,,,,,,
11992,,,,,,
11993,,,,,,
11995,True,True,1;2,自施設で分娩予定の方の妊娠健康診査対応可能;他施設で分娩予定の方の妊娠健康診査対応可能,120900,120900
11996,,,,,,
11997,,,,,,
11998,,,,,,
11999,True,True,1;2,自施設で分娩予定の方の妊娠健康診査対応可能;他施設で分娩予定の方の妊娠健康診査対応可能,,
12000,True,True,1;2,自施設で分娩予定の方の妊娠健康診査対応可能;他施設で分娩予定の方の妊娠健康診査対応可能,"151,000円",151000
12001,True,True,1;2,自施設で分娩予定の方の妊娠健康診査対応可能;他施設で分娩予定の方の妊娠健康診査対応可能,194870,194870
12002,True,True,1;2,自施設で分娩予定の方の妊娠健康診査対応可能;他施設で分娩予定の方の妊娠健康診査対応可能,"135,830円",135830
12003,True,True,1,自施設で分娩予定の方の妊娠健康診査対応可能,"154,160円",154160
12004,,,,,,
12005,,,,,,
12006,True,True,1;2,自施設で分娩予定の方の妊娠健康診査対応可能;他施設で分娩予定の方の妊娠健康診査対応可能,"139,140円",139140
12007,,,,,,
12008,True,True,1;2,自施設で分娩予定の方の妊娠健康診査対応可能;他施設で分娩予定の方の妊娠健康診査対応可能,"137,940円",137940
12009,True,False,,,,
12010,True,True,1;2,自施設で分娩予定の方の妊娠健康診査対応可能;他施設で分娩予定の方の妊娠健康診査対応可能,26000,26000
12012,False,False,,,,
12013,True,True,1;2,自施設で分娩予定の方の妊娠健康診査対応可能;他施設で分娩予定の方の妊娠健康診査対応可能,"153,500円",153500
12014,True,True,1;2,自施設で分娩予定の方の妊娠健康診査対応可能;他施設で分娩予定の方の妊娠健康診査対応可能,"126,100円",126100
12015,,,,,,
12016,,,,,,
12017,True,True,1;2,自施設で分娩予定の方の妊娠健康診査対応可能;他施設で分娩予定の方の妊娠健康診査対応可能,130500,130500
12018,True,True,,,"123,000円",123000
12019,,,,,,
12020,True,True,1;2,自施設で分娩予定の方の妊娠健康診査対応可能;他施設で分娩予定の方の妊娠健康診査対応可能,125200,125200
12021,,,,,,
12022,True,True,1;2,自施設で分娩予定の方の妊娠健康診査対応可能;他施設で分娩予定の方の妊娠健康診査対応可能,,
12023,True,True,1,自施設で分娩予定の方の妊娠健康診査対応可能,"173,000円",173000
12024,,,,,,
12025,True,False,1,自施設で分娩予定の方の妊娠健康診査対応可能,,
12026,True,True,1;2,自施設で分娩予定の方の妊娠健康診査対応可能;他施設で分娩予定の方の妊娠健康診査対応可能,,
12027,True,True,1;2,自施設で分娩予定の方の妊娠健康診査対応可能;他施設で分娩予定の方の妊娠健康診査対応可能,142350,142350
12028,True,True,2,他施設で分娩予定の方の妊娠健康診査対応可能,"12,000円",12000
12029,True,True,1;2,自施設で分娩予定の方の妊娠健康診査対応可能;他施設で分娩予定の方の妊娠健康診査対応可能,"15,000円",15000
12030,True,False,,,,
12031,,,,,,
12032,True,True,1;2,自施設で分娩予定の方の妊娠健康診査対応可能;他施設で分娩予定の方の妊娠健康診査対応可能,"143,360円",143360
12034,True,True,1;2,自施設で分娩予定の方の妊娠健康診査対応可能;他施設で分娩予定の方の妊娠健康診査対応可能,"130,740円",130740
12035,True,True,1,自施設で分娩予定の方の妊娠健康診査対応可能,"117,090円",117090
12036,,,,,,
12037,,,,,,
12038,True,True,1;2,自施設で分娩予定の方の妊娠健康診査対応可能;他施設で分娩予定の方の妊娠健康診査対応可能,"42,000円",42000
12039,True,False,,,,
12042,True,True,1;2,自施設で分娩予定の方の妊娠健康診査対応可能;他施設で分娩予定の方の妊娠健康診査対応可能,"122,350円",122350
12043,,,,,,
12044,True,True,2,他施設で分娩予定の方の妊娠健康診査対応可能,"138,670円",138670
12045,,,,,,
12046,,,,,,
12048,,,,,,
12049,True,False,,,,
12050,,,,,,
12051,,,,,,
12053,,,,,,
12057,True,True,1;2,自施設で分娩予定の方の妊娠健康診査対応可能;他施設で分娩予定の方の妊娠健康診査対応可能,,
12064,,,,,,
12065,,,,,,
12066,,,,,,
12068,,,,,,
12070,,,,,,
12071,,,,,,
12074,,,,,,
12082,True,False,1;2,自施設で分娩予定の方の妊娠健康診査対応可能;他施設で分娩予定の方の妊娠健康診査対応可能,99000,99000
12084,,,,,,
12088,,,,,,
12089,True,True,1;2,自施設で分娩予定の方の妊娠健康診査対応可能;他施設で分娩予定の方の妊娠健康診査対応可能,,
12090,True,True,1;2,自施設で分娩予定の方の妊娠健康診査対応可能;他施設で分娩予定の方の妊娠健康診査対応可能,"127,320円",127320
12091,,,,,,
12092,True,True,1;2,自施設で分娩予定の方の妊娠健康診査対応可能;他施設で分娩予定の方の妊娠健康診査対応可能,"132,600円",132600
12093,True,True,1;2,自施設で分娩予定の方の妊娠健康診査対応可能;他施設で分娩予定の方の妊娠健康診査対応可能,"125,600円",125600
12094,True,True,2,他施設で分娩予定の方の妊娠健康診査対応可能,,
12095,True,True,1;2,自施設で分娩予定の方の妊娠健康診査対応可能;他施設で分娩予定の方の妊娠健康診査対応可能,"141,690円",141690
12096,True,True,,,"105,400円",105400
12097,True,True,1;2,自施設で分娩予定の方の妊娠健康診査対応可能;他施設で分娩予定の方の妊娠健康診査対応可能,"135,100円",135100
12098,True,True,1;2,自施設で分娩予定の方の妊娠健康診査対応可能;他施設で分娩予定の方の妊娠健康診査対応可能,"98,920円",98920
12099,True,True,1;2,自施設で分娩予定の方の妊娠健康診査対応可能;他施設で分娩予定の方の妊娠健康診査対応可能,136580,136580
12100,True,True,1;2,自施設で分娩予定の方の妊娠健康診査対応可能;他施設で分娩予定の方の妊娠健康診査対応可能,,
12101,,,,,,
12102,True,False,1;2,自施設で分娩予定の方の妊娠健康診査対応可能;他施設で分娩予定の方の妊娠健康診査対応可能,140000,140000
12103,True,True,1;2,自施設で分娩予定の方の妊娠健康診査対応可能;他施設で分娩予定の方の妊娠健康診査対応可能,"115,600円",115600
12107,True,True,1;2,自施設で分娩予定の方の妊娠健康診査対応可能;他施設で分娩予定の方の妊娠健康診査対応可能,"156,010円",156010
12108,True,True,1;2,自施設で分娩予定の方の妊娠健康診査対応可能;他施設で分娩予定の方の妊娠健康診査対応可能,"150,000円前後",150000
12109,,,,,,
12110,,,,,,
12111,True,True,,,,
12113,True,False,1;2,自施設で分娩予定の方の妊娠健康診査対応可能;他施設で分娩予定の方の妊娠健康診査対応可能,"121,870円 嘱託医での健診料金は自治体による受診券の委託料を記載している。嘱託医で追加検査の実施有無及びその費用は不明。",121870
12114,True,True,1;2,自施設で分娩予定の方の妊娠健康診査対応可能;他施設で分娩予定の方の妊娠健康診査対応可能,"127,600円",127600
12115,True,False,1;2,自施設で分娩予定の方の妊娠健康診査対応可能;他施設で分娩予定の方の妊娠健康診査対応可能,"131,000円",131000
12116,True,True,1;2,自施設で分娩予定の方の妊娠健康診査対応可能;他施設で分娩予定の方の妊娠健康診査対応可能,,
12117,True,True,2,他施設で分娩予定の方の妊娠健康診査対応可能,"123,170円",123170
12119,True,True,1;2,自施設で分娩予定の方の妊娠健康診査対応可能;他施設で分娩予定の方の妊娠健康診査対応可能,"27,400円",27400
12120,True,True,1;2,自施設で分娩予定の方の妊娠健康診査対応可能;他施設で分娩予定の方の妊娠健康診査対応可能,,
12121,True,True,1,自施設で分娩予定の方の妊娠健康診査対応可能,,
12122,True,True,1;2,自施設で分娩予定の方の妊娠健康診査対応可能;他施設で分娩予定の方の妊娠健康診査対応可能,88830,88830
12123,,,,,,
12125,True,True,1;2,自施設で分娩予定の方の妊娠健康診査対応可能;他施設で分娩予定の方の妊娠健康診査対応可能,"128,900円",128900
12126,True,True,1;2,自施設で分娩予定の方の妊娠健康診査対応可能;他施設で分娩予定の方の妊娠健康診査対応可能,"124,300円",124300
12127,True,True,1;2,自施設で分娩予定の方の妊娠健康診査対応可能;他施設で分娩予定の方の妊娠健康診査対応可能,120010,120010
12128,True,True,1,自施設で分娩予定の方の妊娠健康診査対応可能,"89,090円",89090
12129,,,,,,
12131,False,False,,,"155,500円",155500
12132,True,True,1;2,自施設で分娩予定の方の妊娠健康診査対応可能;他施設で分娩予定の方の妊娠健康診査対応可能,165840,165840
12133,,,,,,
12134,True,True,1;2,自施設で分娩予定の方の妊娠健康診査対応可能;他施設で分娩予定の方の妊娠健康診査対応可能,"11,600円",11600
12135,False,False,,,,
12136,True,True,1;2,自施設で分娩予定の方の妊娠健康診査対応可能;他施設で分娩予定の方の妊娠健康診査対応可能,"165,060円",165060
12137,,,,,,
12138,True,False,1;2,自施設で分娩予定の方の妊娠健康診査対応可能;他施設で分娩予定の方の妊娠健康診査対応可能,"62,000円",62000
12139,True,True,2,他施設で分娩予定の方の妊娠健康診査対応可能,"150,720円",150720
12140,True,True,1;2,自施設で分娩予定の方の妊娠健康診査対応可能;他施設で分娩予定の方の妊娠健康診査対応可能,,
12141,True,True,1;2,自施設で分娩予定の方の妊娠健康診査対応可能;他施設で分娩予定の方の妊娠健康診査対応可能,,
12142,,,,,,
12143,,,,,,
12144,True,True,,,,
12145,True,False,1;2,自施設で分娩予定の方の妊娠健康診査対応可能;他施設で分娩予定の方の妊娠健康診査対応可能,"132,310円",132310
12146,False,False,,,,
12147,,,,,,
12148,True,True,1;2,自施設で分娩予定の方の妊娠健康診査対応可能;他施設で分娩予定の方の妊娠健康診査対応可能,"96,920円",96920
12149,True,True,1;2,自施設で分娩予定の方の妊娠健康診査対応可能;他施設で分娩予定の方の妊娠健康診査対応可能,,
12150,True,True,1;2,自施設で分娩予定の方の妊娠健康診査対応可能;他施設で分娩予定の方の妊娠健康診査対応可能,"110,160円",110160
12151,True,True,1;2,自施設で分娩予定の方の妊娠健康診査対応可能;他施設で分娩予定の方の妊娠健康診査対応可能,"137,000円",137000
12152,True,True,1;2,自施設で分娩予定の方の妊娠健康診査対応可能;他施設で分娩予定の方の妊娠健康診査対応可能,,
12153,,,,,,
12154,,,,,,
12155,True,True,1;2,自施設で分娩予定の方の妊娠健康診査対応可能;他施設で分娩予定の方の妊娠健康診査対応可能,,
12156,,,,,,
12157,,,,,,
12158,True,True,1,自施設で分娩予定の方の妊娠健康診査対応可能,"120,700円",120700
12159,,,,,,
12160,,,,,,
12161,,,,,,
12162,,,,,,
12163,,,,,,
12164,,,,,,
12165,True,False,1,自施設で分娩予定の方の妊娠健康診査対応可能,"10,550円",10550
12166,False,False,,,"114,250円",114250
12167,True,False,1;2,自施設で分娩予定の方の妊娠健康診査対応可能;他施設で分娩予定の方の妊娠健康診査対応可能,,
12168,True,True,1;2,自施設で分娩予定の方の妊娠健康診査対応可能;他施設で分娩予定の方の妊娠健康診査対応可能,"145,700円",145700
12169,,,,,,
12170,True,True,1;2,自施設で分娩予定の方の妊娠健康診査対応可能;他施設で分娩予定の方の妊娠健康診査対応可能,,
12171,True,False,1;2,自施設で分娩予定の方の妊娠健康診査対応可能;他施設で分娩予定の方の妊娠健康診査対応可能,"118,940円",118940
12172,,,,,,
12174,,,,,,
12175,,,,,,
12178,True,True,1;2,自施設で分娩予定の方の妊娠健康診査対応可能;他施設で分娩予定の方の妊娠健康診査対応可能,"112,320円",112320
12179,,,,,,
12180,,,,,,
12181,True,True,1;2,自施設で分娩予定の方の妊娠健康診査対応可能;他施設で分娩予定の方の妊娠健康診査対応可能,"120,990円",120990
12182,,,,,,
12183,,,,,,
12184,,,,,,
12185,True,False,1;2,自施設で分娩予定の方の妊娠健康診査対応可能;他施設で分娩予定の方の妊娠健康診査対応可能,"79,000円",79000
12186,True,True,1;2,自施設で分娩予定の方の妊娠健康診査対応可能;他施設で分娩予定の方の妊娠健康診査対応可能,120000,120000
12188,True,True,1,自施設で分娩予定の方の妊娠健康診査対応可能,,
12189,True,False,1,自施設で分娩予定の方の妊娠健康診査対応可能,143590,143590
12190,True,True,1;2,自施設で分娩予定の方の妊娠健康診査対応可能;他施設で分娩予定の方の妊娠健康診査対応可能,,
12192,,,,,,
12193,,,,,,
12194,,,,,,
12195,True,True,1;2,自施設で分娩予定の方の妊娠健康診査対応可能;他施設で分娩予定の方の妊娠健康診査対応可能,,
12196,True,True,1;2,自施設で分娩予定の方の妊娠健康診査対応可能;他施設で分娩予定の方の妊娠健康診査対応可能,"205,220円",205220
12197,,,,,,
12198,,,,,,
12199,,,,,,
12200,True,False,1;2,自施設で分娩予定の方の妊娠健康診査対応可能;他施設で分娩予定の方の妊娠健康診査対応可能,9000,9000
12201,,,,,,
12202,,,,,,
12203,True,True,1;2,自施設で分娩予定の方の妊娠健康診査対応可能;他施設で分娩予定の方の妊娠健康診査対応可能,153000,153000
12204,,,,,,
12205,,,,,,
12206,,,,,,
12207,,,,,,
12208,,,,,,
12209,,,,,,
12210,,,,,,
12211,,,,,,
12212,,,,,,
12213,True,False,1;2,自施設で分娩予定の方の妊娠健康診査対応可能;他施設で分娩予定の方の妊娠健康診査対応可能,,
12214,,,,,,
12215,,,,,,
12216,,,,,,
12217,,,,,,
12218,,,,,,
12219,,,,,,
12220,,,,,,
12221,,,,,,
12222,,,,,,
12223,,,,,,
12224,,,,,,
12225,,,,,,
12226,,,,,,
12227,True,True,1;2,自施設で分娩予定の方の妊娠健康診査対応可能;他施設で分娩予定の方の妊娠健康診査対応可能,,
12228,False,True,,,,
12229,False,False,,,,
12230,False,False,,,,
12231,False,True,,,,
12232,False,False,,,,
12233,True,True,2,他施設で分娩予定の方の妊娠健康診査対応可能,"114,200円",114200
12234,False,False,,,,
12235,False,False,,,,
12236,False,False,,,,
12237,True,True,2,他施設で分娩予定の方の妊娠健康診査対応可能,0円,0
12238,True,False,2,他施設で分娩予定の方の妊娠健康診査対応可能,,
12239,True,False,2,他施設で分娩予定の方の妊娠健康診査対応可能,,
12240,False,False,2,他施設で分娩予定の方の妊娠健康診査対応可能,,
12241,False,False,,,,
12242,True,True,1;2,自施設で分娩予定の方の妊娠健康診査対応可能;他施設で分娩予定の方の妊娠健康診査対応可能,"101,160円",101160
12243,False,False,,,,
12244,False,False,,,,
12245,True,True,1;2,自施設で分娩予定の方の妊娠健康診査対応可能;他施設で分娩予定の方の妊娠健康診査対応可能,"75,600円",75600
12246,True,True,2,他施設で分娩予定の方の妊娠健康診査対応可能,"45,020円",45020
12247,False,False,,,,
12248,False,False,,,,
12249,False,False,,,,
12250,True,True,2,他施設で分娩予定の方の妊娠健康診査対応可能,"79,406円",79406
12251,False,False,,,,
12252,True,True,1;2,自施設で分娩予定の方の妊娠健康診査対応可能;他施設で分娩予定の方の妊娠健康診査対応可能,,
12253,True,True,2,他施設で分娩予定の方の妊娠健康診査対応可能,,
12254,True,True,2,他施設で分娩予定の方の妊娠健康診査対応可能,"80,660円",80660
12255,True,True,2,他施設で分娩予定の方の妊娠健康診査対応可能,,
12256,True,True,2,他施設で分娩予定の方の妊娠健康診査対応可能,,
12257,True,True,2,他施設で分娩予定の方の妊娠健康診査対応可能,"69,140円",69140
12258,False,False,,,,
12259,False,False,,,,
12260,True,True,2,他施設で分娩予定の方の妊娠健康診査対応可能,"112,350円",112350
12261,True,True,2,他施設で分娩予定の方の妊娠健康診査対応可能,,
12262,False,False,,,,
12263,True,True,2,他施設で分娩予定の方の妊娠健康診査対応可能,,
12264,True,True,2,他施設で分娩予定の方の妊娠健康診査対応可能,"31,100円",31100
12265,False,True,,,,
12266,True,True,2,他施設で分娩予定の方の妊娠健康診査対応可能,"62,724円",62724
12267,True,True,2,他施設で分娩予定の方の妊娠健康診査対応可能,"87,450円",87450
12268,True,True,2,他施設で分娩予定の方の妊娠健康診査対応可能,"61,656円",61656
12269,True,True,2,他施設で分娩予定の方の妊娠健康診査対応可能,"82,460円",82460
12270,False,True,,,,
12271,False,False,,,,
12272,False,False,,,,
12273,False,True,,,,
12274,True,True,1;2,自施設で分娩予定の方の妊娠健康診査対応可能;他施設で分娩予定の方の妊娠健康診査対応可能,0円,0
12275,False,True,,,,
12276,True,True,2,他施設で分娩予定の方の妊娠健康診査対応可能,,
12277,True,True,2,他施設で分娩予定の方の妊娠健康診査対応可能,"78,260円",78260
12278,True,False,2,他施設で分娩予定の方の妊娠健康診査対応可能,,
12279,False,False,,,,
12280,True,True,2,他施設で分娩予定の方の妊娠健康診査対応可能,"77,790円",77790
12281,True,True,,,,
12282,True,True,2,他施設で分娩予定の方の妊娠健康診査対応可能,,
12283,True,True,2,他施設で分娩予定の方の妊娠健康診査対応可能,0円,0
12284,True,True,2,他施設で分娩予定の方の妊娠健康診査対応可能,"97,800円",97800
12285,True,True,2,他施設で分娩予定の方の妊娠健康診査対応可能,"80,900円",80900
12286,False,True,,,,
12287,True,True,2,他施設で分娩予定の方の妊娠健康診査対応可能,"75,800円",75800
12288,True,True,2,他施設で分娩予定の方の妊娠健康診査対応可能,"95,500円",95500
12289,True,False,,,0円,0
12290,False,False,,,,
12291,True,True,2,他施設で分娩予定の方の妊娠健康診査対応可能,,
12292,False,False,,,,
12293,True,True,,,,
12294,True,True,2,他施設で分娩予定の方の妊娠健康診査対応可能,,
12295,False,True,,,,
12296,True,True,2,他施設で分娩予定の方の妊娠健康診査対応可能,"108,500円",108500
12297,False,True,,,,
12298,True,True,2,他施設で分娩予定の方の妊娠健康診査対応可能,,
12299,False,False,,,,
12300,True,True,1;2,自施設で分娩予定の方の妊娠健康診査対応可能;他施設で分娩予定の方の妊娠健康診査対応可能,,
12301,True,True,2,他施設で分娩予定の方の妊娠健康診査対応可能,,
12302,False,False,,,,
12303,True,True,2,他施設で分娩予定の方の妊娠健康診査対応可能,"25,370円",25370
12304,True,False,2,他施設で分娩予定の方の妊娠健康診査対応可能,"134,830円",134830
12305,True,True,2,他施設で分娩予定の方の妊娠健康診査対応可能,"92,250円",92250
12306,False,False,,,,
12307,True,True,2,他施設で分娩予定の方の妊娠健康診査対応可能,"62,400円",62400
12308,True,True,2,他施設で分娩予定の方の妊娠健康診査対応可能,"76,520円",76520
12309,True,True,2,他施設で分娩予定の方の妊娠健康診査対応可能,"102,860円",102860
12310,True,True,2,他施設で分娩予定の方の妊娠健康診査対応可能,"76,000円",76000
12311,True,False,2,他施設で分娩予定の方の妊娠健康診査対応可能,"76,250円",76250
12312,True,True,2,他施設で分娩予定の方の妊娠健康診査対応可能,,
12313,True,True,2,他施設で分娩予定の方の妊娠健康診査対応可能,"46,920円",46920
12314,True,True,2,他施設で分娩予定の方の妊娠健康診査対応可能,,
12315,False,False,,,,
12316,False,True,,,,
12317,True,True,2,他施設で分娩予定の方の妊娠健康診査対応可能,,
12318,False,False,,,,
12319,True,False,1;2,自施設で分娩予定の方の妊娠健康診査対応可能;他施設で分娩予定の方の妊娠健康診査対応可能,,
12320,True,True,2,他施設で分娩予定の方の妊娠健康診査対応可能,"82,080円",82080
12321,False,False,,,,
12322,False,False,,,,
12323,True,True,2,他施設で分娩予定の方の妊娠健康診査対応可能,"114,000円",114000
12324,True,True,2,他施設で分娩予定の方の妊娠健康診査対応可能,"114,000円",114000
12325,True,True,2,他施設で分娩予定の方の妊娠健康診査対応可能,,
12326,False,True,,,,
12327,True,True,2,他施設で分娩予定の方の妊娠健康診査対応可能,"99,800円",99800
12328,True,False,2,他施設で分娩予定の方の妊娠健康診査対応可能,,
12329,True,True,2,他施設で分娩予定の方の妊娠健康診査対応可能,"121,220円",121220
12330,False,True,,,,
12331,False,True,,,,
12332,True,True,,,,
12333,True,True,2,他施設で分娩予定の方の妊娠健康診査対応可能,,
12334,False,False,2,他施設で分娩予定の方の妊娠健康診査対応可能,,
12335,True,True,2,他施設で分娩予定の方の妊娠健康診査対応可能,,
12336,True,True,2,他施設で分娩予定の方の妊娠健康診査対応可能,,
12337,False,False,,,,
12338,True,True,1,自施設で分娩予定の方の妊娠健康診査対応可能,"初期検査と中期検査をのぞく一般妊婦健診は3,200円+5,400円=8,600円×14 だが当院は32週で紹介するので約8回となる",3200
12339,True,True,2,他施設で分娩予定の方の妊娠健康診査対応可能,"115,000円",115000
12340,True,True,2,他施設で分娩予定の方の妊娠健康診査対応可能,"123,200円",123200
12341,True,False,2,他施設で分娩予定の方の妊娠健康診査対応可能,"42,200円",42200
12342,True,True,2,他施設で分娩予定の方の妊娠健康診査対応可能,,
12343,True,False,,,,
12344,True,True,2,他施設で分娩予定の方の妊娠健康診査対応可能,"35,500円",35500
12345,True,True,2,他施設で分娩予定の方の妊娠健康診査対応可能,"134,800円(当院では基本的に32週までの健診実施)",134800
12346,True,True,2,他施設で分娩予定の方の妊娠健康診査対応可能,"125,000円",125000
12347,False,True,,,,
12348,False,False,,,,
12349,True,False,2,他施設で分娩予定の方の妊娠健康診査対応可能,,
12350,False,True,,,,
12351,True,True,2,他施設で分娩予定の方の妊娠健康診査対応可能,"173,140円",173140
12352,False,False,,,,
12353,True,True,2,他施設で分娩予定の方の妊娠健康診査対応可能,,
12354,True,False,1;2,自施設で分娩予定の方の妊娠健康診査対応可能;他施設で分娩予定の方の妊娠健康診査対応可能,"112,600円",112600
12355,True,True,2,他施設で分娩予定の方の妊娠健康診査対応可能,"107,830円",107830
12356,True,True,1;2,自施設で分娩予定の方の妊娠健康診査対応可能;他施設で分娩予定の方の妊娠健康診査対応可能,"160,000円",160000
12357,False,False,,,,
12358,True,True,2,他施設で分娩予定の方の妊娠健康診査対応可能,"143,770円",143770
12359,True,True,2,他施設で分娩予定の方の妊娠健康診査対応可能,"55,000円",55000
12360,True,True,2,他施設で分娩予定の方の妊娠健康診査対応可能,"23,690円",23690
12361,True,True,2,他施設で分娩予定の方の妊娠健康診査対応可能,"129,260円",129260
12362,False,True,,,,
12363,False,False,,,,
12364,True,False,2,他施設で分娩予定の方の妊娠健康診査対応可能,"108,390円",108390
12365,False,False,,,,
12366,True,True,2,他施設で分娩予定の方の妊娠健康診査対応可能,,
12367,False,True,,,,
12368,True,True,2,他施設で分娩予定の方の妊娠健康診査対応可能,,
12369,True,False,,,,
12370,True,False,2,他施設で分娩予定の方の妊娠健康診査対応可能,,
12371,False,True,,,,
12372,False,True,,,,
12373,True,True,2,他施設で分娩予定の方の妊娠健康診査対応可能,"139,200円",139200
12374,False,True,,,,
12375,True,True,2,他施設で分娩予定の方の妊娠健康診査対応可能,"20,700円",20700
12376,True,True,2,他施設で分娩予定の方の妊娠健康診査対応可能,"39,100円",39100
12377,True,True,2,他施設で分娩予定の方の妊娠健康診査対応可能,"73,660円",73660
12378,True,True,2,他施設で分娩予定の方の妊娠健康診査対応可能,"60,000円",60000
12379,True,True,2,他施設で分娩予定の方の妊娠健康診査対応可能,"55,000円",55000
12380,True,True,2,他施設で分娩予定の方の妊娠健康診査対応可能,"81,500円",81500
12381,True,True,2,他施設で分娩予定の方の妊娠健康診査対応可能,,
12382,True,True,1,自施設で分娩予定の方の妊娠健康診査対応可能,"20,000円",20000
12383,True,True,2,他施設で分娩予定の方の妊娠健康診査対応可能,"39,780円",39780
12384,True,False,,,,
12385,False,True,,,,
12386,True,True,2,他施設で分娩予定の方の妊娠健康診査対応可能,"83,300円",83300
12387,False,True,,,,
12388,True,True,1;2,自施設で分娩予定の方の妊娠健康診査対応可能;他施設で分娩予定の方の妊娠健康診査対応可能,,
12389,True,True,2,他施設で分娩予定の方の妊娠健康診査対応可能,"102,500円",102500
12390,True,True,2,他施設で分娩予定の方の妊娠健康診査対応可能,"100,760円",100760
12391,True,True,2,他施設で分娩予定の方の妊娠健康診査対応可能,"16,500円",16500
12392,True,True,2,他施設で分娩予定の方の妊娠健康診査対応可能,"146,850円",146850
12393,True,False,2,他施設で分娩予定の方の妊娠健康診査対応可能,"45,000円",45000
12394,True,True,2,他施設で分娩予定の方の妊娠健康診査対応可能,"76,000円",76000
12395,True,False,,,,
12396,True,False,2,他施設で分娩予定の方の妊娠健康診査対応可能,,
12397,True,False,2,他施設で分娩予定の方の妊娠健康診査対応可能,,
12398,True,True,2,他施設で分娩予定の方の妊娠健康診査対応可能,"129,300円",129300
12399,False,True,,,,
12400,True,False,,,,
12401,False,False,,,,
12402,True,True,2,他施設で分娩予定の方の妊娠健康診査対応可能,,
12403,True,True,2,他施設で分娩予定の方の妊娠健康診査対応可能,"89,200円",89200
12404,False,False,,,,
12405,False,False,,,,
12406,True,True,2,他施設で分娩予定の方の妊娠健康診査対応可能,"91,300円",91300
12407,True,False,2,他施設で分娩予定の方の妊娠健康診査対応可能,"105,200円",105200
12408,True,True,2,他施設で分娩予定の方の妊娠健康診査対応可能,"8回目まで 計80,000円~100,000円",8
12409,True,True,2,他施設で分娩予定の方の妊娠健康診査対応可能,"84,000円",84000
12410,True,True,2,他施設で分娩予定の方の妊娠健康診査対応可能,,
12411,True,False,2,他施設で分娩予定の方の妊娠健康診査対応可能,,
12412,True,True,2,他施設で分娩予定の方の妊娠健康診査対応可能,"134,640円",134640
12413,True,True,2,他施設で分娩予定の方の妊娠健康診査対応可能,"34,400円",34400
12414,True,True,2,他施設で分娩予定の方の妊娠健康診査対応可能,"54,960円",54960
12415,True,True,2,他施設で分娩予定の方の妊娠健康診査対応可能,"98,400円",98400
12416,False,False,,,,
12417,True,True,2,他施設で分娩予定の方の妊娠健康診査対応可能,"111,100円",111100
12418,True,True,2,他施設で分娩予定の方の妊娠健康診査対応可能,,
12419,False,True,,,,
12420,True,True,2,他施設で分娩予定の方の妊娠健康診査対応可能,"78,500円",78500
12421,False,True,,,,
12422,True,True,2,他施設で分娩予定の方の妊娠健康診査対応可能,,
12423,True,False,2,他施設で分娩予定の方の妊娠健康診査対応可能,,
12424,True,True,2,他施設で分娩予定の方の妊娠健康診査対応可能,"61,160円",61160
12425,True,True,2,他施設で分娩予定の方の妊娠健康診査対応可能,,
12426,False,False,,,,
12427,False,False,,,,
12428,False,False,,,,
12429,True,False,2,他施設で分娩予定の方の妊娠健康診査対応可能,,
12430,True,False,2,他施設で分娩予定の方の妊娠健康診査対応可能,,
12431,True,True,2,他施設で分娩予定の方の妊娠健康診査対応可能,"94,480円",94480
12432,True,False,,,,
12433,False,True,,,,
12434,False,True,,,,
12435,True,True,2,他施設で分娩予定の方の妊娠健康診査対応可能,"10,000円",10000
12436,False,False,,,,
12437,False,True,,,,
12438,False,False,,,,
12439,True,True,2,他施設で分娩予定の方の妊娠健康診査対応可能,"52,330円",52330
12440,True,True,2,他施設で分娩予定の方の妊娠健康診査対応可能,"97,710円",97710
12441,True,True,2,他施設で分娩予定の方の妊娠健康診査対応可能,,
12442,False,True,,,,
12443,True,True,,,"8,800円",8800
12444,True,True,2,他施設で分娩予定の方の妊娠健康診査対応可能,"72,890円",72890
12445,True,True,2,他施設で分娩予定の方の妊娠健康診査対応可能,"75,990円",75990
12446,True,True,2,他施設で分娩予定の方の妊娠健康診査対応可能,"158,200円",158200
12447,True,True,2,他施設で分娩予定の方の妊娠健康診査対応可能,,
12448,True,True,2,他施設で分娩予定の方の妊娠健康診査対応可能,"127,600円",127600
12449,False,False,,,,
12450,True,True,2,他施設で分娩予定の方の妊娠健康診査対応可能,"111,770円",111770
12451,True,True,2,他施設で分娩予定の方の妊娠健康診査対応可能,"47,850円",47850
12452,True,True,2,他施設で分娩予定の方の妊娠健康診査対応可能,"6,000円",6000
12453,True,True,2,他施設で分娩予定の方の妊娠健康診査対応可能,"16,000円",16000
12454,False,True,,,,
12455,True,True,2,他施設で分娩予定の方の妊娠健康診査対応可能,"48,200円",48200
12456,True,True,2,他施設で分娩予定の方の妊娠健康診査対応可能,"27,800円",27800
12457,True,True,2,他施設で分娩予定の方の妊娠健康診査対応可能,"79,360円",79360
12458,False,False,,,,
12459,True,True,,,,
12460,False,False,,,,
12461,False,False,,,,
12462,True,True,2,他施設で分娩予定の方の妊娠健康診査対応可能,"76,120円",76120
12463,False,False,,,,
12464,True,True,,,,
12465,True,True,2,他施設で分娩予定の方の妊娠健康診査対応可能,"111,770円",111770
12466,True,True,2,他施設で分娩予定の方の妊娠健康診査対応可能,,
12467,True,True,2,他施設で分娩予定の方の妊娠健康診査対応可能,"54,000円",54000
12468,True,True,2,他施設で分娩予定の方の妊娠健康診査対応可能,"17,500円",17500
12469,True,True,2,他施設で分娩予定の方の妊娠健康診査対応可能,"113,400円",113400
12470,False,True,,,,
12471,True,True,2,他施設で分娩予定の方の妊娠健康診査対応可能,,
12472,True,True,2,他施設で分娩予定の方の妊娠健康診査対応可能,"82,110円",82110
12473,False,True,,,,
12474,False,True,,,,
12475,False,True,,,,
12476,False,False,,,,
12477,False,False,,,,
12478,True,True,2,他施設で分娩予定の方の妊娠健康診査対応可能,"95,460円",95460
12479,True,True,2,他施設で分娩予定の方の妊娠健康診査対応可能,,
12480,True,True,2,他施設で分娩予定の方の妊娠健康診査対応可能,,
12481,True,True,1;2,自施設で分娩予定の方の妊娠健康診査対応可能;他施設で分娩予定の方の妊娠健康診査対応可能,,
12482,False,False,,,,
12483,False,False,,,,
12484,True,False,2,他施設で分娩予定の方の妊娠健康診査対応可能,,
12485,False,True,,,,
12486,True,True,,,"145,850円",145850
12487,True,True,2,他施設で分娩予定の方の妊娠健康診査対応可能,,
12488,True,True,2,他施設で分娩予定の方の妊娠健康診査対応可能,"50,950円((当院は32週まで健診をしている為)1回~9回目まで当院で妊婦健康診査をした場合)",50950
12489,True,False,2,他施設で分娩予定の方の妊娠健康診査対応可能,,
12490,True,False,2,他施設で分娩予定の方の妊娠健康診査対応可能,,
12491,True,False,2,他施設で分娩予定の方の妊娠健康診査対応可能,"90,600円",90600
12492,True,True,2,他施設で分娩予定の方の妊娠健康診査対応可能,,
12493,False,False,,,,
12494,True,False,2,他施設で分娩予定の方の妊娠健康診査対応可能,"87,250円",87250
12495,True,True,2,他施設で分娩予定の方の妊娠健康診査対応可能,,
12496,True,True,2,他施設で分娩予定の方の妊娠健康診査対応可能,"70,940円",70940
12497,True,True,2,他施設で分娩予定の方の妊娠健康診査対応可能,,
12498,False,False,,,,
12499,True,True,2,他施設で分娩予定の方の妊娠健康診査対応可能,,
12500,True,True,2,他施設で分娩予定の方の妊娠健康診査対応可能,"119,100円",119100
12501,True,False,2,他施設で分娩予定の方の妊娠健康診査対応可能,,
12502,False,True,,,"33,740円",33740
12503,False,True,1;2,自施設で分娩予定の方の妊娠健康診査対応可能;他施設で分娩予定の方の妊娠健康診査対応可能,,
12504,True,True,1;2,自施設で分娩予定の方の妊娠健康診査対応可能;他施設で分娩予定の方の妊娠健康診査対応可能,"22,550円",22550
12505,True,True,1;2,自施設で分娩予定の方の妊娠健康診査対応可能;他施設で分娩予定の方の妊娠健康診査対応可能,"129,240円",129240
12506,True,True,2,他施設で分娩予定の方の妊娠健康診査対応可能,"95,500円",95500
12507,True,True,2,他施設で分娩予定の方の妊娠健康診査対応可能,,
12508,True,True,2,他施設で分娩予定の方の妊娠健康診査対応可能,0円,0
12509,False,False,,,,
12510,True,False,,,,
12511,True,True,2,他施設で分娩予定の方の妊娠健康診査対応可能,"100,000円",100000
12512,True,True,2,他施設で分娩予定の方の妊娠健康診査対応可能,,
12513,True,False,,,"145,850円",145850
12514,True,True,1;2,自施設で分娩予定の方の妊娠健康診査対応可能;他施設で分娩予定の方の妊娠健康診査対応可能,,
12515,True,True,2,他施設で分娩予定の方の妊娠健康診査対応可能,"97,800円",97800
12516,False,False,,,,
12517,True,True,2,他施設で分娩予定の方の妊娠健康診査対応可能,"113,500円",113500
12518,True,True,,,,
12519,True,False,,,"108,350円",108350
12520,False,True,,,,
12521,False,False,,,,
12522,False,False,,,,
12523,False,False,,,,
12524,True,False,2,他施設で分娩予定の方の妊娠健康診査対応可能,,
12525,True,True,2,他施設で分娩予定の方の妊娠健康診査対応可能,"72,000円",72000
12526,True,True,2,他施設で分娩予定の方の妊娠健康診査対応可能,"55,000円",55000
12527,True,True,2,他施設で分娩予定の方の妊娠健康診査対応可能,"60,000円",60000
12528,True,True,2,他施設で分娩予定の方の妊娠健康診査対応可能,"78,000円",78000
12529,True,True,2,他施設で分娩予定の方の妊娠健康診査対応可能,"115,000円",115000
12530,False,True,,,,
12531,True,True,2,他施設で分娩予定の方の妊娠健康診査対応可能,,
12532,True,True,1;2,自施設で分娩予定の方の妊娠健康診査対応可能;他施設で分娩予定の方の妊娠健康診査対応可能,,
12533,True,True,2,他施設で分娩予定の方の妊娠健康診査対応可能,"72,500円",72500
12534,True,True,,,,
12535,False,False,,,,
12536,False,True,,,,
12537,True,True,2,他施設で分娩予定の方の妊娠健康診査対応可能,"110,000円",110000
12538,True,False,2,他施設で分娩予定の方の妊娠健康診査対応可能,"122,090円",122090
12539,False,True,2,他施設で分娩予定の方の妊娠健康診査対応可能,"母子手帳取得までは2週間ごと初診時3,490円~3,600円、再診時1,680円~1,840円",2
12540,True,True,2,他施設で分娩予定の方の妊娠健康診査対応可能,,
12541,False,True,,,,
12542,True,True,2,他施設で分娩予定の方の妊娠健康診査対応可能,,
12543,False,True,,,,
12544,True,True,2,他施設で分娩予定の方の妊娠健康診査対応可能,"194,807円",194807
12545,False,False,,,,
12546,True,True,1;2,自施設で分娩予定の方の妊娠健康診査対応可能;他施設で分娩予定の方の妊娠健康診査対応可能,,
12547,True,True,2,他施設で分娩予定の方の妊娠健康診査対応可能,"48,000円",48000
12548,True,True,2,他施設で分娩予定の方の妊娠健康診査対応可能,500円,500
12549,False,False,,,,
12550,True,True,2,他施設で分娩予定の方の妊娠健康診査対応可能,,
12551,False,True,,,,
12552,True,True,2,他施設で分娩予定の方の妊娠健康診査対応可能,"3,530円",3530
12553,False,True,,,,
12554,True,True,2,他施設で分娩予定の方の妊娠健康診査対応可能,,
12555,False,False,,,,
12556,False,True,,,,
12557,True,True,2,他施設で分娩予定の方の妊娠健康診査対応可能,"38,140円",38140
12558,False,True,,,,
12559,True,True,2,他施設で分娩予定の方の妊娠健康診査対応可能,"37,530円",37530
12560,True,True,2,他施設で分娩予定の方の妊娠健康診査対応可能,,
12561,True,True,2,他施設で分娩予定の方の妊娠健康診査対応可能,"14,400円",14400
12562,True,True,2,他施設で分娩予定の方の妊娠健康診査対応可能,"1,200円",1200
12563,False,True,,,,
12564,False,True,2,他施設で分娩予定の方の妊娠健康診査対応可能,0円,0
12565,True,True,2,他施設で分娩予定の方の妊娠健康診査対応可能,"32,310円",32310
12566,True,True,2,他施設で分娩予定の方の妊娠健康診査対応可能,"69,140円",69140
12567,True,True,1;2,自施設で分娩予定の方の妊娠健康診査対応可能;他施設で分娩予定の方の妊娠健康診査対応可能,"150,000円",150000
12568,False,True,,,,
12569,True,True,2,他施設で分娩予定の方の妊娠健康診査対応可能,,
12570,True,True,1;2,自施設で分娩予定の方の妊娠健康診査対応可能;他施設で分娩予定の方の妊娠健康診査対応可能,,
12571,False,False,,,,
12572,True,True,2,他施設で分娩予定の方の妊娠健康診査対応可能,"93,240円",93240
12573,True,True,2,他施設で分娩予定の方の妊娠健康診査対応可能,,
12574,True,True,2,他施設で分娩予定の方の妊娠健康診査対応可能,"81,740円",81740
12575,True,True,2,他施設で分娩予定の方の妊娠健康診査対応可能,,
12576,True,True,2,他施設で分娩予定の方の妊娠健康診査対応可能,,
12577,True,True,2,他施設で分娩予定の方の妊娠健康診査対応可能,"8,000円",8000
12578,True,True,2,他施設で分娩予定の方の妊娠健康診査対応可能,"15,820円",15820
12579,True,True,2,他施設で分娩予定の方の妊娠健康診査対応可能,,
12580,True,True,2,他施設で分娩予定の方の妊娠健康診査対応可能,,
12581,True,True,2,他施設で分娩予定の方の妊娠健康診査対応可能,,
12582,False,False,,,,
12583,True,True,2,他施設で分娩予定の方の妊娠健康診査対応可能,,
12584,False,False,,,,
12585,True,True,,,,
12586,False,False,,,,
12587,True,True,2,他施設で分娩予定の方の妊娠健康診査対応可能,,
12588,True,True,2,他施設で分娩予定の方の妊娠健康診査対応可能,"112,240円",112240
12589,True,True,2,他施設で分娩予定の方の妊娠健康診査対応可能,,
12590,True,False,2,他施設で分娩予定の方の妊娠健康診査対応可能,"31,820円",31820
12591,False,False,,,,
12592,False,False,,,,
12593,True,True,2,他施設で分娩予定の方の妊娠健康診査対応可能,,
12594,True,True,2,他施設で分娩予定の方の妊娠健康診査対応可能,"29,420円",29420
12595,False,True,,,,
12596,False,False,,,,
12597,True,True,1;2,自施設で分娩予定の方の妊娠健康診査対応可能;他施設で分娩予定の方の妊娠健康診査対応可能,,
12598,True,True,,,,
12599,True,False,1,自施設で分娩予定の方の妊娠健康診査対応可能,"75,000円",75000
12600,True,False,1,自施設で分娩予定の方の妊娠健康診査対応可能,,
12601,True,True,1;2,自施設で分娩予定の方の妊娠健康診査対応可能;他施設で分娩予定の方の妊娠健康診査対応可能,,
12602,True,False,1;2,自施設で分娩予定の方の妊娠健康診査対応可能;他施設で分娩予定の方の妊娠健康診査対応可能,,
12603,,,,,,
12604,,,,,,
12605,,,,,,
12606,,,,,,
12607,,,,,,
12608,,,,,,
12609,,,,,,
12610,,,,,,
12611,,,,,,
12612,,,,,,
12613,,,,,,
12614,,,,,,
12615,,,,,,
12616,,,,,,
12617,,,,,,
12618,,,,,,
12619,,,,,,
12620,,,,,,
12621,,,,,,
12622,,,,,,
12623,,,,,,
12624,,,,,,
12625,,,,,,
12626,,,,,,
12627,,,,,,
12628,,,,,,
12629,,,,,,
12630,,,,,,
12631,,,,,,
12632,,,,,,
12633,,,,,,
12634,,,,,,
12635,,,,,,
12636,,,,,,
12637,,,,,,
12638,,,,,,
12639,,,,,,
12640,,,,,,
12641,,,,,,
12642,,,,,,
12643,,,,,,
12644,,,,,,
12645,,,,,,
12646,,,,,,
12647,,,,,,
12648,,,,,,
12649,,,,,,
12650,,,,,,
12651,,,,,,
12652,,,,,,
12653,,,,,,
12654,,,,,,
12655,,,,,,
12656,,,,,,
12657,,,,,,
12658,,,,,,
12659,,,,,,
12660,,,,,,
12661,,,,,,
12662,,,,,,
12663,,,,,,
12664,,,,,,
12665,,,,,,
12666,,,,,,
12667,,,,,,
12668,,,,,,
12669,,,,,,
12670,,,,,,
12671,,,,,,
12672,,,,,,
12673,,,,,,
12674,,,,,,
12675,,,,,,
12676,,,,,,
12677,,,,,,
12678,,,,,,
12679,,,,,,
12680,,,,,,
12681,,,,,,
12682,,,,,,
12683,,,,,,
12684,,,,,,
12685,,,,,,
12686,,,,,,
12687,,,,,,
12688,,,,,,
12689,,,,,,
12690,,,,,,
12691,,,,,,
12692,,,,,,
12693,,,,,,
12694,,,,,,
12695,,,,,,
12696,,,,,,
12697,,,,,,
12698,,,,,,
12699,,,,,,
12700,,,,,,
12701,,,,,,
12702,,,,,,
12703,,,,,,
12704,,,,,,
12705,,,,,,
12706,,,,,,
12707,,,,,,
12708,,,,,,
12709,,,,,,
12710,,,,,,
12711,,,,,,
12712,,,,,,
12713,,,,,,
12714,,,,,,
12715,,,,,,
12716,,,,,,
12717,,,,,,
12718,,,,,,
12719,,,,,,
12720,,,,,,
12721,,,,,,
12722,,,,,,
12723,,,,,,
12724,,,,,,
12725,,,,,,
12726,,,,,,
12727,,,,,,
12728,,,,,,
12729,,,,,,
12730,,,,,,
12731,,,,,,
12732,,,,,,
12733,,,,,,
12734,,,,,,
12735,,,,,,
12736,,,,,,
12737,,,,,,
12738,,,,,,
12739,,,,,,
12740,,,,,,
12741,,,,,,
12742,,,,,,
12743,,,,,,
12744,,,,,,
12745,,,,,,
12746,,,,,,
12747,,,,,,
12748,,,,,,
12749,,,,,,
12750,,,,,,
12751,,,,,,
12752,,,,,,
12753,,,,,,
12754,,,,,,
12755,,,,,,
12756,,,,,,
12757,,,,,,
12758,,,,,,
12759,,,,,,
12760,,,,,,
12761,,,,,,
12762,,,,,,
12763,,,,,,
12764,,,,,,
12765,,,,,,
12766,,,,,,
12767,,,,,,
12768,,,,,,
12769,,,,,,
12770,,,,,,
12771,,,,,,
12772,,,,,,
12773,,,,,,
12774,,,,,,
12775,,,,,,
12776,,,,,,
12777,,,,,,
12778,,,,,,
12779,,,,,,
12780,,,,,,
12781,,,,,,
12782,,,,,,
12783,,,,,,
12784,,,,,,
12785,,,,,,
12786,,,,,,
12787,,,,,,
12788,,,,,,
12789,,,,,,
12790,,,,,,
12791,,,,,,
12792,,,,,,
12793,,,,,,
12794,,,,,,
12795,,,,,,
12796,,,,,,
12797,,,,,,
12798,,,,,,
12799,,,,,,
12800,,,,,,
12801,,,,,,
12802,,,,,,
12803,,,,,,
12804,,,,,,
12805,,,,,,
12806,,,,,,
12807,,,,,,
12808,,,,,,
12809,,,,,,
12810,,,,,,
12811,,,,,,
12812,,,,,,
12813,,,,,,
12814,,,,,,
12815,,,,,,
12816,,,,,,
12817,,,,,,
12818,,,,,,
12819,,,,,,
12820,,,,,,
12821,,,,,,
12822,,,,,,
12823,,,,,,
12824,,,,,,
12825,,,,,,
12826,,,,,,
12827,,,,,,
12828,,,,,,
12829,,,,,,
12830,,,,,,
12831,,,,,,
12832,,,,,,
12833,,,,,,
12834,,,,,,
12835,,,,,,
12836,,,,,,
12837,,,,,,
12838,,,,,,
12839,,,,,,
12840,,,,,,
12841,,,,,,
12842,,,,,,
12843,,,,,,
12844,,,,,,
12845,,,,,,
12846,,,,,,
12847,,,,,,
12848,,,,,,
12849,,,,,,
12850,,,,,,
12851,,,,,,
12852,,,,,,
12853,,,,,,
12854,,,,,,
12855,,,,,,
12856,,,,,,
12857,,,,,,
12858,,,,,,
12859,,,,,,
12860,,,,,,
12861,,,,,,
12862,,,,,,
12863,,,,,,
12864,,,,,,
12865,,,,,,
12866,,,,,,
12867,,,,,,
12868,,,,,,
12869,,,,,,
12870,,,,,,
12871,,,,,,
12872,,,,,,
12873,,,,,,
12874,,,,,,
12875,,,,,,
12876,,,,,,
12877,,,,,,
12878,,,,,,
12879,,,,,,
12880,,,,,,
12881,,,,,,
12882,,,,,,
12883,,,,,,
12884,,,,,,
12885,,,,,,
12886,,,,,,
12887,,,,,,
12888,,,,,,
12889,,,,,,
12890,,,,,,
12891,,,,,,
12892,,,,,,
12893,,,,,,
12894,,,,,,
12895,,,,,,
12896,,,,,,
12897,,,,,,
12898,,,,,,
12899,,,,,,
12900,,,,,,
12901,,,,,,
12902,,,,,,
12903,,,,,,
12904,,,,,,
12905,,,,,,
12906,,,,,,
12907,,,,,,
12908,,,,,,
12909,,,,,,
12910,,,,,,
12911,,,,,,
12912,,,,,,
12913,,,,,,
12914,,,,,,
12915,,,,,,
12916,,,,,,
12917,,,,,,
12918,,,,,,
12919,,,,,,
12920,,,,,,
12921,,,,,,
12922,,,,,,
12923,,,,,,
12924,,,,,,
12925,,,,,,
12926,,,,,,
12927,,,,,,
12928,,,,,,
12929,,,,,,
12930,,,,,,
12931,,,,,,
12932,,,,,,
12933,,,,,,
12934,,,,,,
12935,,,,,,
12936,,,,,,
12937,,,,,,
12938,,,,,,
12939,,,,,,
12940,,,,,,
12941,,,,,,
12942,,,,,,
12943,,,,,,
12944,,,,,,
12945,,,,,,
12946,,,,,,
12947,,,,,,
12948,,,,,,
12949,,,,,,
12950,,,,,,
12951,,,,,,
12952,,,,,,
12953,,,,,,
12954,,,,,,
12955,,,,,,
12956,,,,,,
12957,,,,,,
12958,,,,,,
12959,,,,,,
12960,,,,,,
12961,,,,,,
12962,,,,,,
12963,,,,,,
12964,,,,,,
12965,,,,,,
12966,,,,,,
12967,,,,,,
12968,,,,,,
12969,,,,,,
12970,,,,,,
12971,,,,,,
12972,,,,,,
12973,,,,,,
12974,,,,,,
12975,,,,,,
12976,,,,,,
12977,,,,,,
12978,,,,,,
12979,,,,,,
12980,,,,,,
12981,,,,,,
12982,,,,,,
12983,,,,,,
12984,,,,,,
12985,,,,,,
12986,,,,,,
12987,,,,,,
12988,,,,,,
12989,,,,,,
12990,,,,,,
12991,,,,,,
12992,,,,,,
12993,,,,,,
12994,,,,,,
12995,,,,,,
12996,,,,,,
12997,,,,,,
12998,,,,,,
12999,,,,,,
13000,,,,,,
13001,,,,,,
13002,,,,,,
13003,,,,,,
13004,,,,,,
13005,,,,,,
13006,,,,,,
13007,,,,,,
13008,,,,,,
13009,,,,,,
13010,,,,,,
13011,,,,,,
13012,,,,,,
13013,,,,,,
13014,,,,,,
13015,,,,,,
13016,,,,,,
13017,,,,,,
13018,,,,,,
13019,,,,,,
13020,,,,,,
13021,,,,,,
13022,,,,,,
13023,,,,,,
13024,,,,,,
13025,,,,,,
13026,,,,,,
13027,,,,,,
13028,,,,,,
13029,,,,,,
13030,,,,,,
13031,,,,,,
13032,,,,,,
13033,,,,,,
13034,,,,,,
13035,,,,,,
13036,,,,,,
13037,,,,,,
13038,,,,,,
13039,,,,,,
13040,,,,,,
13041,,,,,,
13042,,,,,,
13043,,,,,,
13044,,,,,,
13045,,,,,,
13046,,,,,,
13047,,,,,,
13048,,,,,,
13049,,,,,,
13050,,,,,,
13051,,,,,,
13052,,,,,,
13053,,,,,,
13054,,,,,,
13055,,,,,,
13056,,,,,,
13057,,,,,,
13058,,,,,,
13059,,,,,,
13060,,,,,,
13061,,,,,,
13062,,,,,,
13063,,,,,,
13064,,,,,,
13065,,,,,,
13066,,,,,,
13067,,,,,,
13068,,,,,,
13069,,,,,,
13070,,,,,,
13071,,,,,,
13072,,,,,,
13073,,,,,,
13074,,,,,,
13075,,,,,,
13076,,,,,,
13077,,,,,,
13078,,,,,,
13079,,,,,,
13080,,,,,,
13081,,,,,,
13082,,,,,,
13083,,,,,,
13084,,,,,,
13085,,,,,,
13086,,,,,,
13087,,,,,,
13088,,,,,,
13089,,,,,,
13090,,,,,,
13091,,,,,,
13092,,,,,,
13093,,,,,,
13094,,,,,,
13095,,,,,,
13096,,,,,,
13097,,,,,,
13098,,,,,,
13099,,,,,,
13100,,,,,,
13101,,,,,,
13102,,,,,,
13103,,,,,,
13104,,,,,,
13105,,,,,,
13106,,,,,,
13107,,,,,,
13108,,,,,,
13109,,,,,,
13110,,,,,,
13111,,,,,,
13112,,,,,,
13113,,,,,,
13114,,,,,,
13115,,,,,,
13116,,,,,,
13117,,,,,,
13118,,,,,,
13119,,,,,,
13120,,,,,,
13121,,,,,,
13122,,,,,,
13123,,,,,,
13124,,,,,,
13125,,,,,,
13126,,,,,,
13127,,,,,,
13128,,,,,,
13129,,,,,,
13130,,,,,,
13131,,,,,,
13132,,,,,,
13133,,,,,,
13134,,,,,,
13135,,,,,,
13136,,,,,,
13137,,,,,,
13138,,,,,,
13139,,,,,,
13140,,,,,,
13141,,,,,,
13142,,,,,,
13143,,,,,,
13144,,,,,,
13145,,,,,,
13146,,,,,,
13147,,,,,,
13148,,,,,,
13149,,,,,,
13150,,,,,,
13151,,,,,,
13152,,,,,,
13153,,,,,,
13154,,,,,,
13155,,,,,,
13156,,,,,,
13157,,,,,,
13158,,,,,,
13159,,,,,,
13160,,,,,,
13161,,,,,,
13162,,,,,,
13163,,,,,,
13164,,,,,,
13165,,,,,,
13166,,,,,,
13167,,,,,,
13168,,,,,,
13169,,,,,,
13170,,,,,,
13171,,,,,,
13172,,,,,,
13173,,,,,,
13174,,,,,,
13175,,,,,,
13176,,,,,,
13177,,,,,,
13178,,,,,,
13179,,,,,,
13180,,,,,,
13181,,,,,,
13182,,,,,,
13183,,,,,,
13184,,,,,,
13185,,,,,,
13186,,,,,,
13187,,,,,,
13188,,,,,,
13189,,,,,,
13190,,,,,,
13191,,,,,,
13192,,,,,,
13193,,,,,,
13194,,,,,,
13195,,,,,,
13196,,,,,,
13197,,,,,,
13198,,,,,,
13199,,,,,,
13200,,,,,,
13201,,,,,,
13202,,,,,,
13203,,,,,,
13204,,,,,,
13205,,,,,,
13206,,,,,,
13207,,,,,,
13208,,,,,,
13209,,,,,,
13210,,,,,,
13211,,,,,,
13212,,,,,,
13213,,,,,,
13214,,,,,,
13215,,,,,,
13216,,,,,,
13217,,,,,,
13218,,,,,,
13219,,,,,,
13220,,,,,,
13221,,,,,,
13222,,,,,,
13223,,,,,,
13224,,,,,,
13225,,,,,,
13226,,,,,,
13227,,,,,,
13228,,,,,,
13229,,,,,,
13230,,,,,,
13231,,,,,,
13232,,,,,,
13233,,,,,,
13234,,,,,,
13235,,,,,,
13236,,,,,,
13237,,,,,,
13238,,,,,,
13239,,,,,,
13240,,,,,,
13241,,,,,,
13242,,,,,,
13243,,,,,,
13244,,,,,,
13245,,,,,,
13246,,,,,,
13247,,,,,,
13248,,,,,,
13249,,,,,,
13250,,,,,,
13251,,,,,,
13252,,,,,,
13253,,,,,,
13254,,,,,,
13255,,,,,,
13256,,,,,,
13257,,,,,,
13258,,,,,,
13259,,,,,,
13260,,,,,,
13261,,,,,,
13262,,,,,,
13263,,,,,,
13264,,,,,,
13265,,,,,,
13266,,,,,,
13267,,,,,,
13268,,,,,,
13269,,,,,,
13270,,,,,,
13271,,,,,,
13272,,,,,,
13273,,,,,,
13274,,,,,,
13275,,,,,,
13276,,,,,,
13277,,,,,,
13278,,,,,,
13279,,,,,,
13280,,,,,,
13281,,,,,,
13282,,,,,,
13283,,,,,,
13284,,,,,,
13285,,,,,,
13286,,,,,,
13287,,,,,,
13288,,,,,,
13289,,,,,,
13290,,,,,,
13291,,,,,,
13292,,,,,,
13293,,,,,,
13294,,,,,,
13295,,,,,,
13296,,,,,,
13297,,,,,,
13298,,,,,,
13299,,,,,,
13300,,,,,,
13301,,,,,,
13302,,,,,,
13303,,,,,,
13304,,,,,,
13305,,,,,,
13306,,,,,,
13307,,,,,,
13308,,,,,,
13309,,,,,,
13310,,,,,,
13311,,,,,,
13312,,,,,,
13313,,,,,,
13314,,,,,,
13315,,,,,,
13316,,,,,,
13317,,,,,,
13318,,,,,,
13319,,,,,,
13320,,,,,,
13321,,,,,,
13322,,,,,,
13323,,,,,,
13324,,,,,,
13325,,,,,,
13326,,,,,,
13327,,,,,,
13328,,,,,,
13329,,,,,,
13330,,,,,,
13331,,,,,,
13332,,,,,,
13333,,,,,,
13334,,,,,,
13335,,,,,,
13336,,,,,,
13337,,,,,,
13338,,,,,,
13339,,,,,,
13340,,,,,,
13341,,,,,,
13342,,,,,,
13343,,,,,,
13344,,,,,,
13345,,,,,,
13346,,,,,,
13347,,,,,,
13348,,,,,,
13349,,,,,,
13350,,,,,,
13351,,,,,,
13352,,,,,,
13353,,,,,,
13354,,,,,,
13355,,,,,,
13356,,,,,,
13357,,,,,,
13358,,,,,,
13359,,,,,,
13360,,,,,,
13361,,,,,,
13362,,,,,,
13363,,,,,,
13364,,,,,,
13365,,,,,,
13366,,,,,,
13367,,,,,,
13368,,,,,,
13369,,,,,,
13370,,,,,,
13371,,,,,,
13372,,,,,,
13373,,,,,,
13374,,,,,,
13375,,,,,,
13376,,,,,,
13377,,,,,,
13378,,,,,,
13379,,,,,,
13380,,,,,,
13381,,,,,,
13382,,,,,,
13383,,,,,,
13384,,,,,,
13385,,,,,,
13386,,,,,,
13387,,,,,,
13388,,,,,,
13389,,,,,,
13390,,,,,,
13391,,,,,,
13392,,,,,,
13393,,,,,,
13394,,,,,,
13395,,,,,,
13396,,,,,,
13397,,,,,,
13398,,,,,,
13399,,,,,,
13400,,,,,,
13401,,,,,,
13402,,,,,,
13403,,,,,,
13404,,,,,,
13405,,,,,,
13406,,,,,,
13407,,,,,,
13408,,,,,,
13409,,,,,,
13410,,,,,,
13411,,,,,,
13412,,,,,,
13413,,,,,,
13414,,,,,,
13415,,,,,,
13416,,,,,,
13417,,,,,,
13418,,,,,,
13419,,,,,,
13420,,,,,,
13421,,,,,,
13422,,,,,,
13423,,,,,,
13424,,,,,,
13425,,,,,,
13426,,,,,,
13427,,,,,,
13428,,,,,,
13429,,,,,,
13430,,,,,,
13431,,,,,,
13432,,,,,,
13433,,,,,,
13434,,,,,,
13435,,,,,,
13436,,,,,,
13437,,,,,,
13438,,,,,,
13439,,,,,,
13440,,,,,,
13441,,,,,,
13442,,,,,,
13443,,,,,,
13444,,,,,,
13445,,,,,,
13446,,,,,,
13447,,,,,,
13448,,,,,,
13449,,,,,,
13450,,,,,,
13451,,,,,,
13452,,,,,,
13453,,,,,,
13454,,,,,,
13455,,,,,,
13456,,,,,,
13457,,,,,,
13458,,,,,,
13459,,,,,,
13460,,,,,,
13461,,,,,,
13462,,,,,,
13463,,,,,,
13464,,,,,,
13465,,,,,,
13466,,,,,,
13467,,,,,,
13468,,,,,,
13469,,,,,,
13470,,,,,,
13471,,,,,,
13472,,,,,,
13473,,,,,,
13474,,,,,,
13475,,,,,,
13476,,,,,,
13477,,,,,,
13478,,,,,,
13479,,,,,,
13480,,,,,,
13481,,,,,,
13482,,,,,,
13483,,,,,,
13484,,,,,,
13485,,,,,,
13486,,,,,,
13487,,,,,,
13488,,,,,,
13489,,,,,,
13490,,,,,,
13491,,,,,,
13492,,,,,,
13493,,,,,,
13494,,,,,,
13495,,,,,,
13496,,,,,,
13497,,,,,,
13498,,,,,,
13499,,,,,,
13500,,,,,,
13501,,,,,,
13502,,,,,,
13503,,,,,,
13504,,,,,,
13505,,,,,,
13506,,,,,,
13507,,,,,,
13508,,,,,,
13509,,,,,,
13510,,,,,,
13511,,,,,,
13512,,,,,,
13513,,,,,,
13514,,,,,,
13515,,,,,,
13516,,,,,,
13517,,,,,,
13518,,,,,,
13519,,,,,,
13520,,,,,,
13521,,,,,,
13522,,,,,,
13523,,,,,,
13524,,,,,,
13525,,,,,,
13526,,,,,,
13527,,,,,,
13528,,,,,,
13529,,,,,,
13530,,,,,,
13531,,,,,,
13532,,,,,,
13533,,,,,,
13534,,,,,,
13535,,,,,,
13536,,,,,,
13537,,,,,,
13538,,,,,,
13539,,,,,,
13540,,,,,,
13541,,,,,,
13542,,,,,,
13543,,,,,,
13544,,,,,,
13545,,,,,,
13546,,,,,,
13547,,,,,,
13548,,,,,,
13549,,,,,,
13550,,,,,,
13551,,,,,,
13552,,,,,,
13553,,,,,,
13554,,,,,,
13555,,,,,,
13556,,,,,,
13557,,,,,,
13558,,,,,,
13559,,,,,,
13560,,,,,,
13561,,,,,,
13562,,,,,,
13563,,,,,,
13564,,,,,,
13565,,,,,,
13566,,,,,,
13567,,,,,,
13568,,,,,,
13569,,,,,,
13570,,,,,,
13571,,,,,,
13572,,,,,,
13573,,,,,,
13574,,,,,,
13575,,,,,,
13576,,,,,,
13577,,,,,,
13578,,,,,,
13579,,,,,,
13580,,,,,,
13581,,,,,,
13582,,,,,,
13583,,,,,,
13584,,,,,,
13585,,,,,,
13586,,,,,,
13587,,,,,,
13588,,,,,,
13589,,,,,,
13590,,,,,,
13591,,,,,,
13592,,,,,,
13593,,,,,,
13594,,,,,,
13595,,,,,,
13596,,,,,,
13597,,,,,,
13598,,,,,,
13599,,,,,,
13600,,,,,,
13601,,,,,,
13602,,,,,,
13603,,,,,,
13604,,,,,,
13605,,,,,,
13606,,,,,,
13607,,,,,,
13608,,,,,,
13609,,,,,,
13610,,,,,,
13611,,,,,,
13612,,,,,,
13613,,,,,,
13614,,,,,,
13615,,,,,,
13616,,,,,,
13617,,,,,,
13618,,,,,,
13619,,,,,,
13620,,,,,,
13621,,,,,,
13622,,,,,,
13623,,,,,,
13624,,,,,,
13625,,,,,,
13626,,,,,,
13627,,,,,,
13628,,,,,,
13629,,,,,,
13630,,,,,,
13631,,,,,,
13632,,,,,,
13633,,,,,,
13634,,,,,,
13635,,,,,,
13636,,,,,,
13637,,,,,,
13638,,,,,,
13639,,,,,,
13640,,,,,,
13641,,,,,,
13642,,,,,,
13643,,,,,,
13644,,,,,,
13645,,,,,,
13646,,,,,,
13647,,,,,,
13648,,,,,,
13649,,,,,,
13650,,,,,,
13651,,,,,,
13652,,,,,,
13653,,,,,,
13654,,,,,,
13655,,,,,,
13656,,,,,,
13657,,,,,,
13658,,,,,,
13659,,,,,,
13660,,,,,,
13661,,,,,,
13662,,,,,,
13663,,,,,,
13664,,,,,,
13665,,,,,,
13666,,,,,,
13667,,,,,,
13668,,,,,,
13669,,,,,,
13670,,,,,,
13671,,,,,,
13672,,,,,,
13673,,,,,,
13674,,,,,,
13675,,,,,,
13676,,,,,,
13677,,,,,,
13678,,,,,,
13679,,,,,,
13680,,,,,,
13681,,,,,,
13682,,,,,,
13683,,,,,,
13684,,,,,,
13685,,,,,,
13686,,,,,,
13687,,,,,,
13688,,,,,,
13689,,,,,,
13690,,,,,,
13691,,,,,,
13692,,,,,,
13693,,,,,,
13694,,,,,,
13695,,,,,,
13696,,,,,,
13697,,,,,,
13698,,,,,,
13699,,,,,,
13700,,,,,,
13701,,,,,,
13702,,,,,,
13703,,,,,,
13704,,,,,,
13705,,,,,,
13706,,,,,,
13707,,,,,,
13708,,,,,,
13709,,,,,,
13710,,,,,,
13711,,,,,,
13712,,,,,,
13713,,,,,,
13714,,,,,,
13715,,,,,,
13716,,,,,,
13717,,,,,,
13718,,,,,,
13719,,,,,,
13720,,,,,,
13721,,,,,,
13722,,,,,,
13723,,,,,,
13724,,,,,,
13725,,,,,,
13726,,,,,,
13727,,,,,,
13728,,,,,,
13729,,,,,,
13730,,,,,,
13731,,,,,,
13732,,,,,,
13733,,,,,,
13734,,,,,,
13735,,,,,,
13736,,,,,,
13737,,,,,,
13738,,,,,,
13739,,,,,,
13740,,,,,,
13741,,,,,,
13742,,,,,,
13743,,,,,,
13744,,,,,,
13745,,,,,,
13746,,,,,,
13747,,,,,,
13748,,,,,,
13749,,,,,,
13750,,,,,,
13751,,,,,,
13752,,,,,,
13753,,,,,,
13754,,,,,,
13755,,,,,,
13756,,,,,,
13757,,,,,,
13758,,,,,,
13759,,,,,,
13760,,,,,,
13761,,,,,,
13762,,,,,,
13763,,,,,,
13764,,,,,,
13765,,,,,,
13766,,,,,,
13767,,,,,,
13768,,,,,,
13769,,,,,,
13770,,,,,,
13771,,,,,,
13772,,,,,,
13773,,,,,,
13774,,,,,,
13775,,,,,,
13776,,,,,,
13777,,,,,,
13778,,,,,,
13779,,,,,,
13780,,,,,,
13781,,,,,,
13782,,,,,,
13783,,,,,,
13784,,,,,,
13785,,,,,,
13786,,,,,,
13787,,,,,,
13788,,,,,,
13789,,,,,,
13790,,,,,,
13791,,,,,,
13792,,,,,,
13793,,,,,,
13794,,,,,,
13795,,,,,,
13796,,,,,,
13797,,,,,,
13798,,,,,,
13799,,,,,,
13800,,,,,,
13801,,,,,,
13802,,,,,,
13803,,,,,,
13804,,,,,,
13805,,,,,,
13806,,,,,,
13807,,,,,,
13808,,,,,,
13809,,,,,,
13810,,,,,,
13811,,,,,,
13812,,,,,,
13813,,,,,,
13814,,,,,,
13815,,,,,,
13816,,,,,,
13817,,,,,,
13818,,,,,,
13819,,,,,,
13820,,,,,,
13821,,,,,,
13822,,,,,,
13823,,,,,,
13824,,,,,,
13825,,,,,,
13826,,,,,,
13827,,,,,,
13828,,,,,,
13829,,,,,,
13830,,,,,,
13831,,,,,,
13832,,,,,,
13833,,,,,,
13834,,,,,,
13835,,,,,,
13836,,,,,,
13837,,,,,,
13838,,,,,,
13839,,,,,,
13840,,,,,,
13841,,,,,,
13842,,,,,,
13843,,,,,,
13844,,,,,,
13845,,,,,,
13846,,,,,,
13847,,,,,,
13848,,,,,,
13849,,,,,,
13850,,,,,,
13851,,,,,,
13852,,,,,,
13853,,,,,,
13854,,,,,,
13855,,,,,,
13856,,,,,,
13857,,,,,,
13858,,,,,,
13859,,,,,,
13860,,,,,,
13861,,,,,,
13862,,,,,,
13863,,,,,,
13864,,,,,,
13865,,,,,,
13866,,,,,,
13867,,,,,,
13868,,,,,,
13869,,,,,,
13870,,,,,,
13871,,,,,,
13872,,,,,,
13873,,,,,,
13874,,,,,,
13875,,,,,,
13876,,,,,,
13877,,,,,,
13878,,,,,,
13879,,,,,,
13880,,,,,,
13881,,,,,,
13882,,,,,,
13883,,,,,,
13884,,,,,,
13885,,,,,,
13886,,,,,,
13887,,,,,,
13888,,,,,,
13889,,,,,,
13890,,,,,,
13891,,,,,,
13892,,,,,,
13893,,,,,,
13894,,,,,,
13895,,,,,,
13896,,,,,,
13897,,,,,,
13898,,,,,,
13899,,,,,,
13900,,,,,,
13901,,,,,,
13902,,,,,,
13903,,,,,,
13904,,,,,,
13905,,,,,,
13906,,,,,,
13907,,,,,,
13908,,,,,,
13909,,,,,,
13910,,,,,,
13911,,,,,,
13912,,,,,,
13913,,,,,,
13914,,,,,,
13915,,,,,,
13916,,,,,,
13917,,,,,,
13918,,,,,,
13919,,,,,,
13920,,,,,,
13921,,,,,,
13922,,,,,,
13923,,,,,,
13924,,,,,,
13925,,,,,,
13926,,,,,,
13927,,,,,,
13928,,,,,,
13929,,,,,,
13930,,,,,,
13931,,,,,,
13932,,,,,,
13933,,,,,,
13934,,,,,,
13935,,,,,,
13936,,,,,,
13937,,,,,,
13938,,,,,,
13939,,,,,,
13940,,,,,,
13941,,,,,,
13942,,,,,,
13943,,,,,,
13944,,,,,,
13945,,,,,,
13946,,,,,,
13947,,,,,,
13948,,,,,,
13949,,,,,,
13950,,,,,,
13951,,,,,,
13952,,,,,,
13953,,,,,,
13954,,,,,,
13955,,,,,,
13956,,,,,,
13957,,,,,,
13958,,,,,,
13959,,,,,,
13960,,,,,,
13961,,,,,,
13962,,,,,,
13963,,,,,,
13964,,,,,,
13965,,,,,,
13966,,,,,,
13967,,,,,,
13968,,,,,,
13969,,,,,,
13970,,,,,,
13971,,,,,,
13972,,,,,,
13973,,,,,,
13974,,,,,,
13975,,,,,,
13976,,,,,,
13977,,,,,,
13978,,,,,,
13979,,,,,,
13980,,,,,,
13981,,,,,,
13982,,,,,,
13983,,,,,,
13984,,,,,,
13985,,,,,,
13986,,,,,,
13987,,,,,,
13988,,,,,,
13989,,,,,,
13990,,,,,,
13991,,,,,,
13992,,,,,,
13993,,,,,,
13994,,,,,,
13995,,,,,,
13996,,,,,,
13997,,,,,,
13998,,,,,,
13999,,,,,,
14000,,,,,,
14001,,,,,,
14002,,,,,,
14003,,,,,,
14004,,,,,,
14005,,,,,,
14006,,,,,,
14007,,,,,,
14008,,,,,,
14009,,,,,,
14010,,,,,,
14011,,,,,,
14012,,,,,,
14013,,,,,,
14014,,,,,,
14015,,,,,,
14016,,,,,,
14017,,,,,,
14018,,,,,,
14019,,,,,,
14020,,,,,,
14021,,,,,,
14022,,,,,,
14023,,,,,,
14024,,,,,,
14025,,,,,,
14026,,,,,,
14027,,,,,,
14028,,,,,,
14029,,,,,,
14030,,,,,,
14031,,,,,,
14032,,,,,,
14033,,,,,,
14034,,,,,,
14035,,,,,,
14036,,,,,,
14037,,,,,,
14038,,,,,,
14039,,,,,,
14040,,,,,,
14041,,,,,,
14042,,,,,,
14043,,,,,,
14044,,,,,,
14045,,,,,,
14046,,,,,,
14047,,,,,,
14048,,,,,,
14049,,,,,,
14050,,,,,,
14051,,,,,,
14052,,,,,,
14053,,,,,,
14054,,,,,,
14055,,,,,,
14056,,,,,,
14057,,,,,,
14058,,,,,,
14059,,,,,,
14060,,,,,,
14061,,,,,,
14062,,,,,,
14063,,,,,,
14064,,,,,,
14065,,,,,,
14066,,,,,,
14067,,,,,,
14068,,,,,,
14069,,,,,,
14070,,,,,,
14071,,,,,,
14072,,,,,,
14073,,,,,,
14074,,,,,,
14075,,,,,,
14076,,,,,,
14077,,,,,,
14078,,,,,,
14079,,,,,,
14080,,,,,,
14081,,,,,,
14082,,,,,,
14083,,,,,,
14084,,,,,,
14085,,,,,,
14086,,,,,,
14087,,,,,,
14088,,,,,,
14089,,,,,,
14090,,,,,,
14091,,,,,,
14092,,,,,,
14093,,,,,,
14094,,,,,,
14095,,,,,,
14096,,,,,,
14097,,,,,,
14098,,,,,,
14099,,,,,,
14100,,,,,,
14101,,,,,,
14102,,,,,,
14103,,,,,,
14104,,,,,,
14105,,,,,,
14106,,,,,,
14107,,,,,,
14108,,,,,,
14109,,,,,,
14110,,,,,,
14111,,,,,,
14112,,,,,,
14113,,,,,,
14114,,,,,,
14115,,,,,,
14116,,,,,,
14117,,,,,,
14118,,,,,,
14119,,,,,,
14120,,,,,,
14121,,,,,,
14122,,,,,,
14123,,,,,,
14124,,,,,,
14125,,,,,,
14126,,,,,,
14127,,,,,,
14128,,,,,,
14129,,,,,,
14130,,,,,,
14131,,,,,,
14132,,,,,,
14133,,,,,,
14134,,,,,,
14135,,,,,,
14136,,,,,,
14137,,,,,,
14138,,,,,,
14139,,,,,,
14140,,,,,,
14141,,,,,,
14142,,,,,,
14143,,,,,,
14144,,,,,,
14145,,,,,,
14146,,,,,,
14147,,,,,,
14148,,,,,,
14149,,,,,,
14150,,,,,,
14151,,,,,,
14152,,,,,,
14153,,,,,,
14154,,,,,,
14155,,,,,,
14156,,,,,,
14157,,,,,,
14158,,,,,,
14159,,,,,,
14160,,,,,,
14161,,,,,,
14162,,,,,,
14163,,,,,,
14164,,,,,,
14165,,,,,,
14166,,,,,,
14167,,,,,,
14168,,,,,,
14169,,,,,,
14170,,,,,,
14171,,,,,,
14172,,,,,,
14173,,,,,,
14174,,,,,,
14175,,,,,,
14176,,,,,,
14177,,,,,,
14178,,,,,,
14179,,,,,,
14180,,,,,,
14181,,,,,,
14182,,,,,,
14183,,,,,,
14184,,,,,,
14185,,,,,,
14186,,,,,,
14187,,,,,,
14188,,,,,,
14189,,,,,,
14190,,,,,,
14191,,,,,,
14192,,,,,,
14193,,,,,,
14194,,,,,,
14195,,,,,,
14196,,,,,,
14197,,,,,,
14198,,,,,,
14199,,,,,,
14200,,,,,,
14201,,,,,,
14202,,,,,,
14203,,,,,,
14204,,,,,,
14205,,,,,,
14206,,,,,,
14207,,,,,,
14208,,,,,,
14209,,,,,,
14210,,,,,,
14211,,,,,,
14212,,,,,,
14213,,,,,,
14214,,,,,,
14215,,,,,,
14216,,,,,,
14217,,,,,,
14218,,,,,,
14219,,,,,,
14220,,,,,,
14221,,,,,,
14222,,,,,,
14223,,,,,,
14224,,,,,,
14225,,,,,,
14226,,,,,,
14227,,,,,,
14228,,,,,,
14229,,,,,,
14230,,,,,,
14231,,,,,,
14232,,,,,,
14233,,,,,,
14234,,,,,,
14235,,,,,,
14236,,,,,,
14237,,,,,,
14238,,,,,,
14239,,,,,,
14240,,,,,,
14241,,,,,,
14242,,,,,,
14243,,,,,,
14244,,,,,,
14245,,,,,,
14246,,,,,,
14247,,,,,,
14248,,,,,,
14249,,,,,,
14250,,,,,,
14251,,,,,,
14252,,,,,,
14253,,,,,,
14254,,,,,,
14255,,,,,,
14256,,,,,,
14257,,,,,,
14258,,,,,,
14259,,,,,,
14260,,,,,,
14261,,,,,,
14262,,,,,,
14263,,,,,,
14264,,,,,,
14265,,,,,,
14266,,,,,,
14267,,,,,,
14268,,,,,,
14269,,,,,,
14270,,,,,,
14271,,,,,,
14272,,,,,,
14273,,,,,,
14274,,,,,,
14275,,,,,,
14276,,,,,,
14277,,,,,,
14278,,,,,,
14279,,,,,,
14280,,,,,,
14281,,,,,,
14282,,,,,,
14283,,,,,,
14284,,,,,,
14285,,,,,,
14286,,,,,,
14287,,,,,,
14288,,,,,,
14289,,,,,,
14290,,,,,,
14291,,,,,,
14292,,,,,,
14293,,,,,,
14294,,,,,,
14295,,,,,,
14296,,,,,,
14297,,,,,,
14298,,,,,,
14299,,,,,,
14300,,,,,,
14301,,,,,,
14302,,,,,,
14303,,,,,,
14304,,,,,,
14305,,,,,,
14306,,,,,,
14307,,,,,,
14308,,,,,,
14309,,,,,,
14310,,,,,,
14311,,,,,,
14312,,,,,,
14313,,,,,,
14314,,,,,,
14315,,,,,,
14316,,,,,,
14317,,,,,,
14318,,,,,,
14319,,,,,,
14320,,,,,,
14321,,,,,,
14322,,,,,,
14323,,,,,,
14324,,,,,,
14325,,,,,,
14326,,,,,,
14327,,,,,,
14328,,,,,,
14329,,,,,,
14330,,,,,,
14331,,,,,,
14332,,,,,,
14333,,,,,,
14334,,,,,,
14335,,,,,,
14336,,,,,,
14337,,,,,,
14338,,,,,,
14339,,,,,,
14340,,,,,,
14341,,,,,,
14342,,,,,,
14343,,,,,,
14344,,,,,,
14345,,,,,,
14346,,,,,,
14347,,,,,,
14348,,,,,,
14349,,,,,,
14350,,,,,,
14351,,,,,,
14352,,,,,,
14353,,,,,,
14354,,,,,,
14355,,,,,,
14356,,,,,,
14357,,,,,,
14358,,,,,,
14359,,,,,,
14360,,,,,,
14361,,,,,,
14362,,,,,,
14363,,,,,,
14364,,,,,,
14365,,,,,,
14366,,,,,,
14367,,,,,,
14368,,,,,,
14369,,,,,,
14370,,,,,,
14371,,,,,,
14372,,,,,,
14373,,,,,,
14374,,,,,,
14375,,,,,,
14376,,,,,,
14377,,,,,,
14378,,,,,,
14379,,,,,,
14380,,,,,,
14381,,,,,,
14382,,,,,,
14383,,,,,,
14384,,,,,,
14385,,,,,,
14386,,,,,,
14387,,,,,,
14388,,,,,,
14389,,,,,,
14390,,,,,,
14391,,,,,,
14392,,,,,,
14393,,,,,,
14394,,,,,,
14395,,,,,,
14396,,,,,,
14397,,,,,,
14398,,,,,,
14399,,,,,,
14400,,,,,,
14401,,,,,,
14402,,,,,,
14403,,,,,,
14404,,,,,,
14405,,,,,,
14406,,,,,,
14407,,,,,,
14408,,,,,,
14409,,,,,,
14410,,,,,,
14411,,,,,,
14412,,,,,,
14413,,,,,,
14414,,,,,,
14415,,,,,,
14416,,,,,,
14417,,,,,,
14418,,,,,,
14419,,,,,,
14420,,,,,,
14421,,,,,,
14422,,,,,,
14423,,,,,,
14424,,,,,,
14425,,,,,,
14426,,,,,,
14427,,,,,,
14428,,,,,,
14429,,,,,,
14430,,,,,,
14431,,,,,,
14432,,,,,,
14433,,,,,,
14434,,,,,,
14435,,,,,,
14436,,,,,,
14437,,,,,,
14438,,,,,,
14439,,,,,,
14440,,,,,,
14441,,,,,,
14442,,,,,,
14443,,,,,,
14444,,,,,,
14445,,,,,,
14446,,,,,,
14447,,,,,,
14448,,,,,,
14449,,,,,,
14450,,,,,,
14451,,,,,,
14452,,,,,,
14453,,,,,,
14454,,,,,,
14455,,,,,,
14456,,,,,,
14457,,,,,,
14458,,,,,,
14459,,,,,,
14460,,,,,,
14461,,,,,,
14462,,,,,,
14463,,,,,,
14464,,,,,,
14465,,,,,,
14466,,,,,,
14467,,,,,,
14468,,,,,,
14469,,,,,,
14470,,,,,,
14471,,,,,,
14472,,,,,,
14473,,,,,,
14474,,,,,,
14475,,,,,,
14476,,,,,,
14477,,,,,,
14478,,,,,,
14479,,,,,,
14480,,,,,,
14481,,,,,,
14482,,,,,,
14483,,,,,,
14484,,,,,,
14485,,,,,,
14486,,,,,,
14487,,,,,,
14488,,,,,,
14489,,,,,,
14490,,,,,,
14491,,,,,,
14492,,,,,,
14493,,,,,,
14494,,,,,,
14495,,,,,,
14496,,,,,,
14497,,,,,,
14498,,,,,,
14499,,,,,,
14500,,,,,,
14501,,,,,,
14502,,,,,,
14503,,,,,,
14504,,,,,,
14505,,,,,,
14506,,,,,,
14507,,,,,,
14508,,,,,,
14509,,,,,,
14510,,,,,,
14511,,,,,,
14512,,,,,,
14513,,,,,,
14514,,,,,,
14515,,,,,,
14516,,,,,,
14517,,,,,,
14518,,,,,,
14519,,,,,,
14520,,,,,,
14521,,,,,,
14522,,,,,,
14523,,,,,,
14524,,,,,,
14525,,,,,,
14526,,,,,,
14527,,,,,,
14528,,,,,,
14529,,,,,,
14530,,,,,,
14531,,,,,,
14532,,,,,,
14533,,,,,,
14534,,,,,,
14535,,,,,,
14536,,,,,,
14537,,,,,,
14538,,,,,,
14539,,,,,,
14540,,,,,,
14541,,,,,,
14542,,,,,,
14543,,,,,,
14544,,,,,,
14545,,,,,,
14546,,,,,,
14547,,,,,,
14548,,,,,,
14549,,,,,,
14550,,,,,,
14551,,,,,,
14552,,,,,,
14553,,,,,,
14554,,,,,,
14555,,,,,,
14556,,,,,,
14557,,,,,,
14558,,,,,,
14559,,,,,,
14560,,,,,,
14561,,,,,,
14562,,,,,,
14563,,,,,,
14564,,,,,,
14565,,,,,,
14566,,,,,,
14567,,,,,,
14568,,,,,,
14569,,,,,,
14570,,,,,,
14571,,,,,,
14572,,,,,,
14573,,,,,,
14574,,,,,,
14575,,,,,,
14576,,,,,,
14578,,,,,,
14579,,,,,,
14580,,,,,,
14581,,,,,,
14582,,,,,,
14583,,,,,,
14584,,,,,,
14585,,,,,,
14586,,,,,,
14587,,,,,,
14588,,,,,,
14589,,,,,,
14590,,,,,,
14591,,,,,,
14592,,,,,,
14593,,,,,,
14594,,,,,,
14595,,,,,,
14596,,,,,,
14597,,,,,,
14598,,,,,,
14599,,,,,,
14600,,,,,,
14601,,,,,,
14602,,,,,,
14603,,,,,,
14604,,,,,,
14605,,,,,,
14606,,,,,,
14608,,,,,,
14609,,,,,,
14610,,,,,,
14611,,,,,,
14612,,,,,,
14613,,,,,,
14614,,,,,,
14615,,,,,,
14616,,,,,,
14617,,,,,,
14618,,,,,,
14619,,,,,,
14620,,,,,,
14621,,,,,,
14622,,,,,,
14623,,,,,,
14624,,,,,,
14625,,,,,,
14626,,,,,,
14627,,,,,,
14628,,,,,,
14629,,,,,,
14630,,,,,,
14631,,,,,,
14632,,,,,,
14633,,,,,,
14634,,,,,,
14635,,,,,,
14636,,,,,,
14637,,,,,,
14638,,,,,,
14639,,,,,,
14640,,,,,,
14641,,,,,,
14642,,,,,,
14643,,,,,,
14644,,,,,,
14645,,,,,,
14646,,,,,,
14647,,,,,,
14648,,,,,,
14649,,,,,,
14650,,,,,,
14651,,,,,,
14652,,,,,,
14653,,,,,,
14654,,,,,,
14655,,,,,,
14656,,,,,,
14657,,,,,,
14658,,,,,,
14659,,,,,,
14660,,,,,,
14661,,,,,,
14662,,,,,,
14663,,,,,,
14664,,,,,,
14665,,,,,,
14666,,,,,,
14667,,,,,,
14668,,,,,,
14669,,,,,,
14670,,,,,,
14671,,,,,,
14672,,,,,,
14673,,,,,,
14674,,,,,,
14675,,,,,,
14676,,,,,,
14677,,,,,,
14678,,,,,,
14679,,,,,,
14680,,,,,,
14681,,,,,,
14682,,,,,,
14683,,,,,,
14684,,,,,,
14685,,,,,,
14686,,,,,,
14687,,,,,,
14688,,,,,,
14689,,,,,,
14690,,,,,,
14691,,,,,,
14692,,,,,,
14693,,,,,,
14694,,,,,,
14695,,,,,,
14696,,,,,,
14697,,,,,,
14698,,,,,,
14699,,,,,,
14700,,,,,,
14701,,,,,,
14702,,,,,,
14703,,,,,,
14704,,,,,,
14705,,,,,,
14706,,,,,,
14707,,,,,,
14708,,,,,,
14709,,,,,,
14710,,,,,,
14711,,,,,,
14712,,,,,,
14713,,,,,,
14714,,,,,,
14715,,,,,,
14716,,,,,,
14717,,,,,,
14718,,,,,,
14719,,,,,,
14720,,,,,,
14721,,,,,,
14722,,,,,,
14723,,,,,,
14724,,,,,,
14725,,,,,,
14726,,,,,,
14727,,,,,,
14728,,,,,,
14729,,,,,,
14730,,,,,,
14731,,,,,,
14732,,,,,,
14733,,,,,,
14734,,,,,,
14735,,,,,,
14736,,,,,,
14737,,,,,,
14738,,,,,,
14739,,,,,,
14740,,,,,,
14741,,,,,,
14742,,,,,,
14743,,,,,,
14744,,,,,,
14745,,,,,,
14746,,,,,,
14747,,,,,,
14748,,,,,,
14749,,,,,,
14750,,,,,,
14751,,,,,,
14752,,,,,,
14753,,,,,,
14754,,,,,,
14755,,,,,,
14756,,,,,,
14757,,,,,,
14758,,,,,,
14759,,,,,,
14760,,,,,,
14761,,,,,,
14762,,,,,,
14763,,,,,,
14764,,,,,,
14765,,,,,,
14766,,,,,,
14767,,,,,,
14768,,,,,,
14769,,,,,,
14770,,,,,,
14771,,,,,,
14772,,,,,,
14773,,,,,,
14774,,,,,,
14775,,,,,,
14776,,,,,,
14777,,,,,,
14778,,,,,,
14779,,,,,,
14780,,,,,,
14781,,,,,,
14782,,,,,,
14783,,,,,,
14784,,,,,,
14785,,,,,,
14786,,,,,,
14787,,,,,,
14788,,,,,,
14789,,,,,,
14790,,,,,,
14791,,,,,,
14792,,,,,,
14793,,,,,,
14794,,,,,,
14795,,,,,,
14796,,,,,,
14797,,,,,,
14798,,,,,,
14799,,,,,,
14800,,,,,,
14801,,,,,,
14802,,,,,,
14803,,,,,,
14804,,,,,,
14805,,,,,,
14806,,,,,,
14807,,,,,,
14808,,,,,,
14809,,,,,,
14810,,,,,,
14811,,,,,,
14812,,,,,,
14813,,,,,,
14814,,,,,,
14815,,,,,,
14816,,,,,,
14817,,,,,,
14818,,,,,,
14819,,,,,,
14820,,,,,,
14821,,,,,,
14822,,,,,,
14823,,,,,,
14824,,,,,,
14825,,,,,,
14826,,,,,,
14827,,,,,,
14828,,,,,,
14829,,,,,,
14830,,,,,,
14831,,,,,,
14832,,,,,,
14833,,,,,,
14834,,,,,,
14835,,,,,,
14836,,,,,,
14837,,,,,,
14838,,,,,,
14839,,,,,,
14840,,,,,,
14841,,,,,,
14842,,,,,,
14843,,,,,,
14844,,,,,,
14845,,,,,,
14846,,,,,,
14847,,,,,,
14848,,,,,,
14849,,,,,,
14850,,,,,,
14851,,,,,,
14852,,,,,,
14853,,,,,,
14854,,,,,,
14855,,,,,,
14856,,,,,,
14857,,,,,,
14858,,,,,,
14859,,,,,,
14860,,,,,,
14861,,,,,,
14862,,,,,,
14863,,,,,,
14864,,,,,,
14865,,,,,,
14866,,,,,,
14867,,,,,,
14868,,,,,,
14869,,,,,,
14870,,,,,,
14871,,,,,,
14872,,,,,,
14873,,,,,,
14874,,,,,,
14875,,,,,,
14876,,,,,,
14877,,,,,,
14878,,,,,,
14879,,,,,,
14880,,,,,,
14881,,,,,,
14882,,,,,,
14883,,,,,,
14884,,,,,,
14885,,,,,,
14886,,,,,,
14887,,,,,,
14888,,,,,,
14889,,,,,,
14890,,,,,,
14891,,,,,,
14892,,,,,,
14893,,,,,,
14894,,,,,,
14895,,,,,,
14896,,,,,,
14897,,,,,,
14898,,,,,,
14899,,,,,,
14900,,,,,,
14901,,,,,,
14902,,,,,,
14903,,,,,,
14904,,,,,,
14905,,,,,,
14906,,,,,,
14907,,,,,,
14908,,,,,,
14909,,,,,,
14910,,,,,,
14911,,,,,,
14912,,,,,,
14913,,,,,,
14914,,,,,,
14915,,,,,,
14916,,,,,,
14917,,,,,,
14918,,,,,,
14919,,,,,,
14920,,,,,,
14921,,,,,,
14922,,,,,,
14923,,,,,,
14924,,,,,,
14925,,,,,,
14926,,,,,,
14927,,,,,,
14928,,,,,,
14929,,,,,,
14930,,,,,,
14931,,,,,,
14932,,,,,,
14933,,,,,,
14934,,,,,,
14935,,,,,,
14936,,,,,,
14937,,,,,,
14938,,,,,,
14939,,,,,,
14940,,,,,,
14941,,,,,,
14942,,,,,,
14943,,,,,,
14944,,,,,,
14945,,,,,,
14946,,,,,,
14947,,,,,,
14948,,,,,,
14949,,,,,,
14950,,,,,,
14951,,,,,,
14952,,,,,,
14953,,,,,,
14954,,,,,,
14955,,,,,,
14956,,,,,,
14957,,,,,,
14958,,,,,,
14959,,,,,,
14960,,,,,,
14961,,,,,,
14962,,,,,,
14963,,,,,,
14964,,,,,,
14965,,,,,,
14966,,,,,,
14967,,,,,,
14968,,,,,,
14969,,,,,,
14970,,,,,,
14971,,,,,,
14972,,,,,,
14973,,,,,,
14974,,,,,,
14975,,,,,,
14976,,,,,,
14977,,,,,,
14978,,,,,,
14979,,,,,,
14980,,,,,,
14981,,,,,,
14982,,,,,,
14983,,,,,,
14984,,,,,,
14985,,,,,,
14986,,,,,,
14987,,,,,,
14988,,,,,,
14989,,,,,,
14990,,,,,,
14991,,,,,,
14992,,,,,,
14993,,,,,,
14994,,,,,,
14995,,,,,,
14996,,,,,,
14997,,,,,,
14998,,,,,,
14999,,,,,,
15000,,,,,,
15001,,,,,,
15002,,,,,,
15003,,,,,,
15004,,,,,,
15005,,,,,,
15006,,,,,,
15007,,,,,,
15008,,,,,,
15009,,,,,,
15010,,,,,,
15011,,,,,,
15012,,,,,,
15013,,,,,,
15014,,,,,,
15015,,,,,,
15016,,,,,,
15017,,,,,,
15018,,,,,,
15019,,,,,,
15020,,,,,,
15021,,,,,,
15022,,,,,,
15023,,,,,,
15024,,,,,,
15025,,,,,,
15026,,,,,,
15027,,,,,,
15028,,,,,,
15029,,,,,,
15030,,,,,,
15031,,,,,,
15032,,,,,,
15033,,,,,,
15034,,,,,,
15035,,,,,,
15036,,,,,,
15037,,,,,,
15038,,,,,,
15039,,,,,,
15040,,,,,,
15041,,,,,,
15042,,,,,,
15043,,,,,,
15044,,,,,,
15045,,,,,,
15046,,,,,,
15047,,,,,,
15048,,,,,,
15049,,,,,,
15050,,,,,,
15051,,,,,,
15052,,,,,,
15053,,,,,,
15054,,,,,,
15055,,,,,,
15056,,,,,,
15057,,,,,,
15058,,,,,,
15059,,,,,,
15060,,,,,,
15061,,,,,,
15062,,,,,,
15063,,,,,,
15064,,,,,,
15065,,,,,,
15066,,,,,,
15067,,,,,,
15068,,,,,,
15069,,,,,,
15070,,,,,,
15071,,,,,,
15072,,,,,,
15073,,,,,,
15074,,,,,,
15075,,,,,,
15076,,,,,,
15077,,,,,,
15078,,,,,,
15079,,,,,,
15080,,,,,,
15081,,,,,,
15082,,,,,,
15083,,,,,,
15084,,,,,,
15085,,,,,,
15086,,,,,,
15087,,,,,,
15088,,,,,,
15089,,,,,,
15090,,,,,,
15091,,,,,,
15092,,,,,,
15093,,,,,,
15094,,,,,,
15095,,,,,,
15096,,,,,,
15097,,,,,,
15098,,,,,,
15099,,,,,,
15100,,,,,,
15101,,,,,,
15102,,,,,,
15103,,,,,,
15104,,,,,,
15105,,,,,,
15106,,,,,,
15107,,,,,,
15108,,,,,,
15109,,,,,,
15110,,,,,,
15111,,,,,,
15112,,,,,,
15113,,,,,,
15114,,,,,,
15115,,,,,,
15116,,,,,,
15117,,,,,,
15118,,,,,,
15119,,,,,,
15120,,,,,,
15121,,,,,,
15122,,,,,,
15123,,,,,,
15124,,,,,,
15125,,,,,,
15126,,,,,,
15127,,,,,,
15128,,,,,,
15129,,,,,,
15130,,,,,,
15131,,,,,,
15132,,,,,,
15133,,,,,,
15134,,,,,,
15135,,,,,,
15136,,,,,,
15137,,,,,,
15138,,,,,,
15139,,,,,,
15140,,,,,,
15141,,,,,,
15142,,,,,,
15143,,,,,,
15144,,,,,,
15145,,,,,,
15146,,,,,,
15147,,,,,,
15148,,,,,,
15149,,,,,,
15150,,,,,,
15151,,,,,,
15152,,,,,,
15153,,,,,,
15154,,,,,,
15155,,,,,,
15156,,,,,,
15157,,,,,,
15158,,,,,,
15159,,,,,,
15160,,,,,,
15161,,,,,,
15162,,,,,,
15163,,,,,,
15164,,,,,,
15165,,,,,,
15166,,,,,,
15167,,,,,,
15168,,,,,,
15169,,,,,,
15170,,,,,,
15171,,,,,,
15172,,,,,,
15173,,,,,,
15174,,,,,,
15175,,,,,,
15176,,,,,,
15177,,,,,,
15178,,,,,,
15179,,,,,,
15180,,,,,,
15181,,,,,,
15182,,,,,,
15183,,,,,,
15184,,,,,,
15185,,,,,,
15186,,,,,,
15187,,,,,,
15188,,,,,,
15189,,,,,,
15190,,,,,,
15191,,,,,,
15192,,,,,,
15193,,,,,,
15194,,,,,,
15195,,,,,,
15196,,,,,,
15197,,,,,,
15198,,,,,,
15199,,,,,,
15200,,,,,,
15201,,,,,,
15202,,,,,,
15203,,,,,,
15204,,,,,,
15205,,,,,,
15206,,,,,,
15207,,,,,,
15208,,,,,,
15209,,,,,,
15210,,,,,,
15211,,,,,,
15212,,,,,,
15213,,,,,,
15214,,,,,,
15215,,,,,,
15216,,,,,,
15217,,,,,,
15218,,,,,,
15219,,,,,,
15220,,,,,,
15221,,,,,,
15222,,,,,,
15223,,,,,,
15224,,,,,,
15225,,,,,,
15226,,,,,,
15227,,,,,,
15228,,,,,,
15229,,,,,,
15230,,,,,,
15231,,,,,,
15232,,,,,,
15233,,,,,,
15234,,,,,,
15235,,,,,,
15236,,,,,,
15237,,,,,,
15238,,,,,,
15239,,,,,,
15240,,,,,,
15241,,,,,,
15242,,,,,,
15243,,,,,,
15244,,,,,,
15245,,,,,,
15246,,,,,,
15247,,,,,,
15248,,,,,,
15249,,,,,,
15250,,,,,,
15251,,,,,,
15252,,,,,,
15253,,,,,,
15254,,,,,,
15255,,,,,,
15256,,,,,,
15257,,,,,,
15258,,,,,,
15259,,,,,,
15260,,,,,,
15261,,,,,,
15262,,,,,,
15263,,,,,,
15264,,,,,,
15265,,,,,,
15266,,,,,,
15267,,,,,,
15268,,,,,,
15269,,,,,,
15270,,,,,,
15271,,,,,,
15272,,,,,,
15273,,,,,,
15274,,,,,,
15275,,,,,,
15276,,,,,,
15277,,,,,,
15278,,,,,,
15279,,,,,,
15280,,,,,,
15281,,,,,,
15282,,,,,,
15283,,,,,,
15284,,,,,,
15285,,,,,,
15286,,,,,,
15287,,,,,,
15288,,,,,,
15289,,,,,,
15290,,,,,,
15291,,,,,,
15292,,,,,,
15293,,,,,,
15294,,,,,,
15295,True,False,1;2,自施設で分娩予定の方の妊娠健康診査対応可能;他施設で分娩予定の方の妊娠健康診査対応可能,,
15296,,,,,,
15297,,,,,,
15298,,,,,,
15299,,,,,,
15300,,,,,,
15301,,,,,,
15302,,,,,,
15303,,,,,,
15304,,,,,,
15305,,,,,,
15306,,,,,,
15307,,,,,,
15308,,,,,,
15309,,,,,,
15310,,,,,,
15311,,,,,,
15312,,,,,,
15313,,,,,,
15314,,,,,,
15315,,,,,,
15316,,,,,,
15317,,,,,,
15318,,,,,,
15319,,,,,,
15320,,,,,,
15321,,,,,,
15322,,,,,,
15323,,,,,,
15324,,,,,,
15325,,,,,,
15326,,,,,,
15327,,,,,,
15328,,,,,,
15329,,,,,,
15330,,,,,,
15331,,,,,,
15332,,,,,,
15333,,,,,,
15334,,,,,,
15335,,,,,,
15336,,,,,,
15337,,,,,,
15338,,,,,,
15339,,,,,,
15340,,,,,,
15341,,,,,,
15342,,,,,,
15343,,,,,,
15344,,,,,,
15345,,,,,,
15346,,,,,,
15347,,,,,,
15348,,,,,,
15349,,,,,,
15350,,,,,,
15351,,,,,,
15352,,,,,,
15353,,,,,,
15354,,,,,,
15355,,,,,,
15356,,,,,,
15357,,,,,,
15358,,,,,,
15359,,,,,,
15360,,,,,,
15361,,,,,,
15362,,,,,,
15363,,,,,,
15364,,,,,,
15365,,,,,,
15366,,,,,,
15367,,,,,,
15368,,,,,,
15369,,,,,,
15370,,,,,,
15371,,,,,,
15372,,,,,,
15373,,,,,,
15374,,,,,,
15375,,,,,,
15376,,,,,,
15377,,,,,,
15378,,,,,,
15379,,,,,,
15380,,,,,,
15381,,,,,,
15382,,,,,,
15383,,,,,,
15384,,,,,,
15385,,,,,,
15386,,,,,,
15387,,,,,,
15388,,,,,,
15389,,,,,,
15390,,,,,,
15391,,,,,,
15392,,,,,,
15393,,,,,,
15394,,,,,,
15395,,,,,,
15396,,,,,,
15397,,,,,,
15398,,,,,,
15399,,,,,,
15400,,,,,,
15401,,,,,,
15402,,,,,,
15403,,,,,,
15404,,,,,,
15405,,,,,,
15406,,,,,,
15407,,,,,,
15408,,,,,,
15409,,,,,,
15410,,,,,,
15411,,,,,,
15412,True,True,1;2,自施設で分娩予定の方の妊娠健康診査対応可能;他施設で分娩予定の方の妊娠健康診査対応可能,144680,144680
15413,True,True,1;2,自施設で分娩予定の方の妊娠健康診査対応可能;他施設で分娩予定の方の妊娠健康診査対応可能,,
15414,True,True,1;2,自施設で分娩予定の方の妊娠健康診査対応可能;他施設で分娩予定の方の妊娠健康診査対応可能,140310,140310
15415,,,,,,
15416,,,,,,
15417,,,,,,
15418,,,,,,
15419,,,,,,
15420,,,,,,
15421,,,,,,
15422,,,,,,
15423,,,,,,
15424,,,,,,
15425,,,,,,
15426,,,,,,
15427,,,,,,
15428,,,,,,
15429,,,,,,
15430,,,,,,
15431,,,,,,
15432,,,,,,
15433,,,,,,
15434,,,,,,
15435,,,,,,
15436,,,,,,
15437,,,,,,
15438,,,,,,
15439,,,,,,
15440,,,,,,
15441,,,,,,
15442,,,,,,
15443,,,,,,
15444,,,,,,
15445,,,,,,
15446,,,,,,
15447,,,,,,
15448,,,,,,
15449,,,,,,
15450,,,,,,
15451,,,,,,
15452,,,,,,
15453,,,,,,
15454,,,,,,
15455,,,,,,
15456,,,,,,
15457,,,,,,
15458,,,,,,
15459,,,,,,
15460,,,,,,
15461,,,,,,
15462,,,,,,
15463,,,,,,
15464,,,,,,
15465,,,,,,
15466,,,,,,
15467,,,,,,
15468,,,,,,
15469,,,,,,
15470,,,,,,
15471,,,,,,
15472,,,,,,
15473,,,,,,
15474,,,,,,
15475,,,,,,
15476,,,,,,
15477,,,,,,
15478,,,,,,
15479,,,,,,
15480,,,,,,
15481,,,,,,
15482,,,,,,
15483,,,,,,
15484,,,,,,
15485,,,,,,
15486,,,,,,
15487,,,,,,
15488,,,,,,
15489,,,,,,
15490,,,,,,
15491,,,,,,
15492,,,,,,
15493,,,,,,
15494,,,,,,
15495,,,,,,
15496,,,,,,
15497,,,,,,
15498,,,,,,
15499,,,,,,
15500,,,,,,
15501,,,,,,
15502,,,,,,
15503,,,,,,
15504,,,,,,
15505,,,,,,
15506,,,,,,
15507,,,,,,
15508,,,,,,
15509,,,,,,
15510,,,,,,
15511,,,,,,
15512,,,,,,
15513,,,,,,
15514,,,,,,
15515,,,,,,
15516,,,,,,
15517,,,,,,
15518,,,,,,
15519,,,,,,
15520,,,,,,
15521,,,,,,
15522,,,,,,
15523,,,,,,
15524,,,,,,
15525,,,,,,
15526,,,,,,
15527,,,,,,
15528,,,,,,
15529,,,,,,
15530,,,,,,
15531,,,,,,
15532,,,,,,
15533,,,,,,
15534,,,,,,
15535,,,,,,
15536,,,,,,
15537,,,,,,
15538,,,,,,
15539,,,,,,
15540,,,,,,
15541,,,,,,
15542,,,,,,
15543,,,,,,
15544,,,,,,
15545,,,,,,
15546,,,,,,
15547,,,,,,
15548,,,,,,
15549,,,,,,
15550,,,,,,
15551,,,,,,
15552,,,,,,
15553,,,,,,
15554,,,,,,
15555,,,,,,
15556,,,,,,
15557,,,,,,
15558,,,,,,
15559,,,,,,
15560,,,,,,
15561,,,,,,
15562,,,,,,
15563,,,,,,
15564,,,,,,
15565,,,,,,
15566,,,,,,
15567,,,,,,
15568,,,,,,
15569,,,,,,
15570,,,,,,
15571,,,,,,
15572,,,,,,
15573,,,,,,
15574,,,,,,
15575,,,,,,
15576,,,,,,
15577,,,,,,
15578,,,,,,
15579,,,,,,
15580,,,,,,
15581,,,,,,
15582,,,,,,
15583,,,,,,
15584,,,,,,
15585,,,,,,
15586,,,,,,
15587,,,,,,
15588,,,,,,
15589,,,,,,
15590,,,,,,
15591,,,,,,
15592,,,,,,
15593,,,,,,
15594,,,,,,
15595,,,,,,
15596,,,,,,
15597,,,,,,
15598,,,,,,
15599,,,,,,
15600,,,,,,
15601,,,,,,
15602,,,,,,
15603,,,,,,
15604,,,,,,
15605,,,,,,
15606,,,,,,
15607,,,,,,
15608,,,,,,
15609,,,,,,
15610,,,,,,
15611,,,,,,
15612,,,,,,
15613,,,,,,
15614,,,,,,
15615,,,,,,
15616,,,,,,
15617,,,,,,
15618,,,,,,
15619,,,,,,
15620,,,,,,
15621,,,,,,
15622,,,,,,
15623,,,,,,
15624,,,,,,
15625,,,,,,
15626,,,,,,
15627,,,,,,
15628,,,,,,
15629,,,,,,
15630,,,,,,
15631,,,,,,
15632,,,,,,
15633,,,,,,
15634,,,,,,
15635,,,,,,
15636,,,,,,
15637,,,,,,
15638,,,,,,
15639,,,,,,
15640,,,,,,
15641,,,,,,
15642,,,,,,
15643,,,,,,
15644,,,,,,
15645,,,,,,
15646,,,,,,
15647,,,,,,
15648,,,,,,
15649,,,,,,
15650,,,,,,
15651,,,,,,
15652,,,,,,
15653,,,,,,
15654,,,,,,
15655,,,,,,
15656,,,,,,
15657,,,,,,
15658,,,,,,
15659,,,,,,
15660,,,,,,
15661,,,,,,
15662,,,,,,
15663,,,,,,
15664,,,,,,
15665,,,,,,
15666,,,,,,
15667,,,,,,
15668,,,,,,
15669,,,,,,
15670,,,,,,
15671,,,,,,
15672,,,,,,
15673,,,,,,
15674,,,,,,
15675,,,,,,
15676,,,,,,
15677,,,,,,
15678,,,,,,
15679,,,,,,
15680,,,,,,
15681,,,,,,
15682,,,,,,
15683,,,,,,
15684,,,,,,
15685,,,,,,
15686,,,,,,
15687,,,,,,
15688,,,,,,
15689,,,,,,
15690,,,,,,
15691,,,,,,
15692,,,,,,
15693,,,,,,
15694,,,,,,
15695,,,,,,
15696,,,,,,
15697,,,,,,
15698,,,,,,
15699,,,,,,
15700,,,,,,
15701,,,,,,
15702,,,,,,
15703,,,,,,
15704,,,,,,
15705,,,,,,
15706,,,,,,
15707,,,,,,
15708,,,,,,
15709,,,,,,
15710,,,,,,
15711,,,,,,
15712,,,,,,
15713,,,,,,
15714,,,,,,
15715,,,,,,
15716,,,,,,
15717,,,,,,
15718,,,,,,
15719,,,,,,
15720,,,,,,
15721,,,,,,
15722,,,,,,
15723,,,,,,
15724,,,,,,
15725,,,,,,
15726,,,,,,
15727,,,,,,
15728,,,,,,
15729,,,,,,
15730,,,,,,
15731,,,,,,
15732,,,,,,
15733,,,,,,
15734,,,,,,
15735,,,,,,
15736,,,,,,
15737,,,,,,
15738,,,,,,
15739,,,,,,
15740,,,,,,
15741,,,,,,
15742,,,,,,
15743,,,,,,
15744,,,,,,
15745,,,,,,
15746,,,,,,
15747,,,,,,
15748,,,,,,
15749,,,,,,
15750,,,,,,
15751,,,,,,
15752,,,,,,
15753,,,,,,
15754,,,,,,
15755,,,,,,
15756,,,,,,
15757,,,,,,
15758,,,,,,
15759,,,,,,
15760,,,,,,
15761,,,,,,
15762,,,,,,
15763,,,,,,
15764,,,,,,
15765,,,,,,
15766,,,,,,
15767,,,,,,
15768,,,,,,
15769,,,,,,
15770,,,,,,
15771,,,,,,
15772,,,,,,
15773,,,,,,
15774,,,,,,
15775,,,,,,
15776,,,,,,
15777,,,,,,
15778,,,,,,
15779,,,,,,
15780,,,,,,
15781,,,,,,
15782,,,,,,
15783,,,,,,
15784,,,,,,
15785,,,,,,
