birth_navi_id,period,standard_checkup_codes,additional_checkup_codes,additional_checkup_other,cost_text,cost_yen
10001,1,1;2;3;4;5;6;7;8;9;10;11;12;13;14,2;4,初期にもGBS検査しています。トキソプラズマ、サイトメガロウィルスは希望者のみ（自費）,"30,490円",30490
10001,10,,8;9,,"14,660円",14660
10001,11,10;13;15,1;2;3;8,凝固は計画無痛・予定帝王切開のみ,"5,100円",5100
10001,12,,1;8;9;11,助産師外来,"5,100円",5100
10001,13,,1;8;9,,"5,100円",5100
10001,14,,1;8;9,,"5,100円",5100
10001,2,13,,,"6,700円",6700
10001,3,,9;11,助産師外来,"4,700円",4700
10001,4,,9,,"6,700円",6700
10001,5,13,,助産師外来,"4,700円",4700
10001,6,9;10,9;11,,"12,880円",12880
10001,7,,8;9,,"6,700円",6700
10001,8,,8;9,,"6,700円",6700
10001,9,,8;9;11,助産師外来・鼻腔MRSA（病院負担）,"4,700円",4700
10002,1,1;2;3;4;5;6;7;8;9;10;11;12;13,5;6,,38670,38670
10002,10,,8,,7760,7760
10002,11,10;13;15,1;3;11;6,トキソプラズマ検査は初期に陰性や未検の方のみ,18760,18760
10002,12,,8,,7760,7760
10002,13,,8,,7760,7760
10002,14,,8,,7760,7760
10002,2,,8,,7760,7760
10002,3,13;14,11,,11760,11760
10002,4,,8,,7760,7760
10002,5,,8,,7760,7760
10002,6,10;13,2;4,,12960,12960
10002,7,,8;11,,7760,7760
10002,8,,8,,7760,7760
10002,9,,8,,7760,7760
10003,1,1;2;3;4;5;6;7;8;9;10;12;11;13,6;8,,26100,26100
10003,10,15,8;3,,8000,8000
10003,11,10;13;15,3,,11300,11300
10003,12,,1;8,,10100,10100
10003,13,,1;8,,10100,10100
10003,14,,1;8,,10100,10100
10003,2,13,8,,8000,8000
10003,3,,8;11,栄養相談,11000,11000
10003,4,13;14,,,9000,9000
10003,5,9;10;11,4;8,,12000,12000
10003,6,,8,,8000,8000
10003,7,13,,,9000,9000
10003,8,,8,,8000,8000
10003,9,,8,,8000,8000
10006,1,1;2;3;4;5;6;7;8;9;10;11,5;6;8;10,,,
10006,10,,2;8;10,,,
10006,11,15,1;8;10,,,
10006,12,13,1;10,,,
10006,13,,1;8;10,,,
10006,14,,1;8;10,,0円,0
10006,2,13,10,,,
10006,3,,8;10,,,
10006,4,13,10,,,
10006,5,13;14,10,細胞診,,
10006,6,,8;10,,,
10006,7,,8;10,,,
10006,8,,8;10,,,
10006,9,,8;10,,,
10007,1,1;2;3;4;5;6;7;8;9;10;11;12;13,,,,
10007,10,15,8;9,不規則抗体(＋)、Rh(－)の場合は間接クームス,,
10007,11,13,1;9,,,
10007,12,,9,NST(希望者及び医師より指示があった時),,
10007,13,,9,NST(希望者及び医師より指示があった時),,
10007,14,,9,NST(希望者及び医師より指示があった時),,
10007,2,,8;9,不規則抗体(＋)、Rh(－)の場合は間接クームス,,
10007,3,,8;9,,,
10007,4,13,9,,,
10007,5,9;10,8;9,不規則抗体(＋)、Rh(－)の場合は間接クームス,,
10007,6,,8;9,,,
10007,7,14,8;9,,,
10007,8,13;14,9,,,
10007,9,,8;9,,,
10009,1,1;2;3;4;5;6;7;8;9;10;11;12;13;14,,,"24,680円",24680
10009,10,,,,"6,590円",6590
10009,11,10;13;15,,,"16,840円",16840
10009,12,,,,"6,590円",6590
10009,13,,,,"6,590円",6590
10009,14,,,,"6,590円",6590
10009,2,,,,"6,590円",6590
10009,3,13,,,"11,890円",11890
10009,4,,,,"6,590円",6590
10009,5,9;10,,,"9,600円",9600
10009,6,13,,,"11,890円",11890
10009,7,,,,"6,590円",6590
10009,8,,,,"6,590円",6590
10009,9,,,,"6,590円",6590
10010,1,1;2;4;5;6;7;8;9;10;11;12;13;14,,"・一般細菌検査
・coombs試験
・糖負荷試験、医師の判断により実施
・トキソプラズマ抗体検査、希望者に実施","32,080円",32080
10010,10,,,,"6,080円",6080
10010,11,10;13;15,1;2;3,,"13,520円",13520
10010,12,,1,,"7,080円",7080
10010,13,,1,,"7,080円",7080
10010,14,,1,,"7,080円",7080
10010,2,,,,"6,080円",6080
10010,3,13,,,"6,080円",6080
10010,4,,9,,"6,080円",6080
10010,5,9;10,,,"9,680円",9680
10010,6,13,9,・糖負荷試験、医師の判断により実施,"6,080円",6080
10010,7,,,,"6,080円",6080
10010,8,,,,"6,080円",6080
10010,9,,9,,"6,080円",6080
10013,1,1;2;3;4;5;6;7;8;9;10;11;12;13,,,16550,16550
10013,10,,,,6490,6490
10013,11,10;15,1,,8370,8370
10013,12,13,1,,6490,6490
10013,13,,1,,6490,6490
10013,14,,1,,6490,6490
10013,2,,4,前日の血糖検査結果の判断で糖負荷試験（75g）を施行している,6490,6490
10013,3,,,,6490,6490
10013,4,13,,,6490,6490
10013,5,,,,6490,6490
10013,6,13,,,6490,6490
10013,7,9;10;14,,,6490,6490
10013,8,,4,前日の血糖検査結果の判断で糖負荷試験（75g）を施行している,6490,6490
10013,9,,,,6490,6490
10014,1,1;2;3;4;5;6;7;8;9;10;11;12,6,ヘモグロビンA1C,"26,870円",26870
10014,10,,,,"5,500円",5500
10014,11,10;15,1,,"13,020円",13020
10014,12,13,,,"5,500円",5500
10014,13,,,,"5,500円",5500
10014,14,,,,"5,500円",5500
10014,2,13,,,"5,500円",5500
10014,3,,,,"5,500円",5500
10014,4,13,,,"5,500円",5500
10014,5,9;10,,,"11,910円",11910
10014,6,,,,"5,500円",5500
10014,7,,,,"5,500円",5500
10014,8,14,,,"10,020円",10020
10014,9,13,,,"5,500円",5500
10018,1,1;2;3;4;5;6;7;8;9;10;11;12,,,"30,800円",30800
10018,10,,,,"5,500円",5500
10018,11,10;15,,"36週頃、
ABO血液型検査、Rｈ血液型検査、不規則抗体検査を行っています。","13,500円",13500
10018,12,13,,,"10,800円",10800
10018,13,,,,"5,500円",5500
10018,14,,,,"5,500円",5500
10018,2,13,,,"10,800円",10800
10018,3,,,,"5,500円",5500
10018,4,13,,,"10,800円",10800
10018,5,,,,"5,500円",5500
10018,6,9;10;14,,,"12,500円",12500
10018,7,,,,"5,500円",5500
10018,8,,,,"5,500円",5500
10018,9,13,,,"10,800円",10800
10020,1,1;2;3;4;5;6;7;8;9;10;11,,,"21,000円",21000
10020,10,15,,,"9,000円",9000
10020,11,13,,,"6,000円",6000
10020,12,,,,"6,000円",6000
10020,13,,1,,"7,200円",7200
10020,14,,1,,"7,200円",7200
10020,2,13,,,"6,000円",6000
10020,3,,,,"6,000円",6000
10020,4,13,10,,"6,000円",6000
10020,5,14,,,"6,000円",6000
10020,6,,,,"6,000円",6000
10020,7,,,,"10,000円",10000
10020,8,13,10,,"6,000円",6000
10020,9,,,,"6,000円",6000
10021,1,1;2;3;4;5;6;7;8;9;10;11;12;13,8;9;10;11,,,
10021,10,13,8;9;10,,,
10021,11,10;13;15,8;9;10;11,,,
10021,12,13,8;9;10,,,
10021,13,13,1;8;9;10,,,
10021,14,13,1;8;9;10,,,
10021,2,13,8;9;10,,,
10021,3,13,8;9;10,,,
10021,4,13,8;9;10,,,
10021,5,10;13,4;8;9;10,,,
10021,6,13,8;9;10,,,
10021,7,13;14,8;9;10,,,
10021,8,13,8;9;10,,,
10021,9,10;13,8;9;10,,,
10022,1,1;2;3;4;5;6;7;8;9;10;11;12;13,,,,
10022,11,15,,,,
10022,3,14,,,,
10022,4,13,9,,,
10022,5,9;10,,,,
10022,8,13,9,,,
10023,1,1;2;3;4;5;6;7;8;9;12;13;14,5;6,,"39,800円",39800
10023,10,15,3;8,当院では10回目に血算実施,"15,000円",15000
10023,11,13,1,,"10,000円",10000
10023,12,,8,,"8,000円",8000
10023,13,,8,,"8,000円",8000
10023,14,,1;8,,"10,000円",10000
10023,2,13,,,"8,000円",8000
10023,3,,8,,"8,000円",8000
10023,4,,8,,"12,500円",12500
10023,5,13,,,"8,000円",8000
10023,6,9;10;11,2;8,心電図,"17,600円",17600
10023,7,,8,,"11,500円",11500
10023,8,,8,,"8,000円",8000
10023,9,,8,,"8,000円",8000
10024,1,1;2;3;4;5;6;7;8;9;10;12;14,,,"27,230円",27230
10024,10,,,,"3,780円",3780
10024,11,13;15,1,,"16,930円",16930
10024,12,,1,,"3,780円",3780
10024,13,,1,,"3,780円",3780
10024,14,,1,,"3,780円",3780
10024,2,13,,,"11,080円",11080
10024,3,,,,"3,780円",3780
10024,4,13,,,"3,780円",3780
10024,5,11,,,"17,520円",17520
10024,6,,,,"3,780円",3780
10024,7,13,,,"3,780円",3780
10024,8,,,,"3,780円",3780
10024,9,,,,"3,780円",3780
10025,1,13,8,,0,0
10025,10,13,8,,1500,1500
10025,11,10;15,1;8;11,,3000,3000
10025,12,,1;8,,3000,3000
10025,13,,1;8,,3000,3000
10025,14,13,1;8,,3000,3000
10025,2,1;2;3;4;5;6;7;8;9;10;11;12;14;13,8,,1500,1500
10025,3,13,8;11,,1500,1500
10025,4,13,8,,0,0
10025,5,13,4;11;8,,0,0
10025,6,,8,,1500,1500
10025,7,,8,,1500,1500
10025,8,10;13,,,0,0
10025,9,,8,,1500,1500
10026,10,,,,"5,000円",5000
10026,11,10;13;15,1,,"14,530円",14530
10026,12,,1,,"7,100円",7100
10026,13,,1,,"7,100円",7100
10026,14,,1,,"7,100円",7100
10026,2,1;2;3;4;5;6;7;8;9;10;11;12;13;14,6,随時血糖異常時HbA1c追加検査する。尿検査（＋）時尿培養追加検査する。,"30,100円",30100
10026,3,,,,"5,000円",5000
10026,4,13,9,,"6,980円",6980
10026,5,10,4,,"7,210円",7210
10026,6,,,50gGCT異常時75gOGTT検査する。,"5,000円",5000
10026,7,,,,"5,000円",5000
10026,8,13,9,,"6,980円",6980
10026,9,,,,"5,000円",5000
10027,1,1;2;3;4;5;6;7;8;9;10;12;13,6,間接Coobs試験,"23,140円",23140
10027,10,,8,,"4,000円",4000
10027,11,10;13,,,"4,000円",4000
10027,12,,1;8,,"4,000円",4000
10027,13,,1;8,,"4,000円",4000
10027,14,,1;8,,"4,000円",4000
10027,2,13,,,"4,000円",4000
10027,3,,8,,"4,000円",4000
10027,4,14,8,,"11,780円",11780
10027,5,13,,,"4,000円",4000
10027,6,10;11,4;8,,"13,500円",13500
10027,7,,8,,"8,000円",8000
10027,8,,8,,"4,000円",4000
10027,9,15,8,○,"12,240円",12240
10028,1,1;2;3;4;5;6;7;9;10;11;13;14,2;6;11,,"28,260円",28260
10028,10,,8,,"7,010円",7010
10028,11,13;15,,,"8,110円",8110
10028,12,10,1;8,,"9,110円",9110
10028,13,,1;8,,"8,510円",8510
10028,14,,1;8,,"8,510円",8510
10028,2,13,,,"7,010円",7010
10028,3,,8,,"7,010円",7010
10028,4,,8;11,,"7,010円",7010
10028,5,13,,,"7,560円",7560
10028,6,9;10,4;8,,"7,710円",7710
10028,7,,8,,"7,010円",7010
10028,8,,8,,"7,010円",7010
10028,9,,8;11,,"9,110円",9110
10029,1,1;2;3;4;5;6;7;8;9;10;11;12;13;14,,,"30,590円",30590
10029,10,12,,,"10,300円",10300
10029,11,10;13;15,1,血算検査のコストは基本健診料に含む。,"16,770円",16770
10029,12,,1,,"7,000円",7000
10029,13,,1,,"7,000円",7000
10029,14,,1,,"7,000円",7000
10029,2,,,,"5,000円",5000
10029,3,,,,"5,000円",5000
10029,4,13,,,"10,300円",10300
10029,5,9,,血算検査を行っている（コストは基本健診料に含む）,"5,420円",5420
10029,6,,,,"5,000円",5000
10029,7,,,,"5,000円",5000
10029,8,10;13,,,"12,560円",12560
10029,9,,,,"5,000円",5000
10030,1,1;2;3;4;5;6;7;8;10;13;14,2;6,尿一般、膣内細菌検査、HbA1c,"25,120円",25120
10030,10,,9,尿一般,"5,000円",5000
10030,11,10;13;15,1;4,尿一般、末梢血液一般、Dダイマー、B像、CRP、B肝、C肝、血液型、Rh型,"22,800円",22800
10030,12,,1,尿一般,"7,100円",7100
10030,13,,1;8,尿一般,"8,600円",8600
10030,14,,1,尿一般,"7,100円",7100
10030,2,13,,尿一般,"6,500円",6500
10030,3,,8,尿一般,"6,500円",6500
10030,4,,8,尿一般,"6,500円",6500
10030,5,11;13,4;9,尿一般,"11,360円",11360
10030,6,10,9,尿一般,"6,650円",6650
10030,7,,8;9,尿一般、膣培養検査,"10,610円",10610
10030,8,,9,尿一般,"5,000円",5000
10030,9,,8;9,尿一般,"6,500円",6500
10031,1,1;2;3;4;5;6;7;8;9;10;12;13,,,"17,720円",17720
10031,10,,8,,"5,880円",5880
10031,11,15,8,,"8,670円",8670
10031,12,10;13,1;3,"胸部レントゲン
当院ではABO血液型検査（2回目）は37週頃に実施している","11,770円",11770
10031,13,,8,,"5,880円",5880
10031,14,,1,,"2,490円",2490
10031,2,,8,,"5,880円",5880
10031,3,,8,,"5,880円",5880
10031,4,13,,,"5,880円",5880
10031,5,,8,,"5,880円",5880
10031,6,9;10;11;13;14,,,"10,370円",10370
10031,7,,8,,"5,880円",5880
10031,8,,8,,"5,880円",5880
10031,9,,8,,"5,880円",5880
10033,1,1;2;3;4;5;6;7;8;9;10;11;12,,,,
10033,10,,1,,,
10033,11,15,1,,,
10033,12,,1,,,
10033,13,,1,,,
10033,14,,1,,,
10033,4,,1,お腹の張りなど主張があれば1.NST検査実施,,
10033,7,13,,,,
10033,9,,1,妊娠糖尿病患者で1.NST開始の場合あり,,
10037,1,1;2;3;4;5;6;7;8;9;10;11;12;13;14,2;5;6,,"37,000円",37000
10037,10,10;15,2;3;9;11,,"21,000円",21000
10037,11,,1,,"5,000円",5000
10037,12,,1,,"5,000円",5000
10037,13,,1,,"5,000円",5000
10037,14,,1,,"5,000円",5000
10037,2,13,,,"5,000円",5000
10037,3,,11,,"5,000円",5000
10037,4,13,9,,"7,000円",7000
10037,5,,,,"5,000円",5000
10037,6,10;13,4;9;11,,"12,000円",12000
10037,7,,,,"5,000円",5000
10037,8,,,,"5,000円",5000
10037,9,,,,"5,000円",5000
10038,1,1;2;3;4;5;6;7;8;9;10;11;12;13;14,6,,,
10038,11,10;13;15,1,,,
10038,2,13,,,,
10038,4,,9,,,
10038,5,13,,,,
10038,7,9;10,2,,,
10038,8,,9,,,
10039,1,1;2;3;4;5;6;7;8;9;10;12;13,,,"29,300円",29300
10039,10,10,,,"9,830円",9830
10039,11,15,1,,"7,000円",7000
10039,12,,,,"6,000円",6000
10039,13,,,,"6,000円",6000
10039,14,,1,,"7,000円",7000
10039,2,,,,"6,000円",6000
10039,3,13;14,,,"12,200円",12200
10039,4,,9,,"8,000円",8000
10039,5,,,,"6,000円",6000
10039,6,10;11;13,4,,"18,200円",18200
10039,7,,,,"6,000円",6000
10039,8,,,,"6,000円",6000
10039,9,,,,"9,830円",9830
10041,1,1;2;3;4;5;6;7;8;9;10;12;13;14,,,"29,500円",29500
10041,10,,,,"5,500円",5500
10041,11,15,,,"12,000円",12000
10041,12,,,,"5,500円",5500
10041,13,13,,,"10,000円",10000
10041,14,,,,"5,500円",5500
10041,2,,8,,"10,000円",10000
10041,3,,4,,"5,500円",5500
10041,4,13,,,"10,000円",10000
10041,5,,4,,"5,500円",5500
10041,6,10;11,4,,"13,800円",13800
10041,7,13,,,"10,000円",10000
10041,8,,,,"5,500円",5500
10041,9,9;10,,,"13,300円",13300
10042,1,1;2;3;4;5;6;7;8;9;10;12;13,,,,
10042,11,10;13;15,,,,
10042,4,13;14,,,,
10042,5,9;10;11,,,,
10042,7,13,,,,
10044,1,1;2;3;4;5;6;7;8;9;10;11;12;13,2,,"16,000円",16000
10044,10,,8,,"7,000円",7000
10044,11,15,1;8,,"7,000円",7000
10044,12,10,1;3;8,,"7,000円",7000
10044,13,,1;8,,"7,000円",7000
10044,14,,1;8,,"7,000円",7000
10044,2,13,,,"7,000円",7000
10044,3,13,,,"7,000円",7000
10044,4,13,9,血算検査,"7,000円",7000
10044,5,,8,,"7,000円",7000
10044,6,9;10;14,8,不規則抗体検査,"7,000円",7000
10044,7,,8,,"7,000円",7000
10044,8,,8,,"7,000円",7000
10044,9,,8,,"7,000円",7000
10047,1,1;2;3;4;5;6;7;8;9;10;11;12;13;14,5;6,,,
10047,10,15,8,,,
10047,11,13,,,,
10047,12,,1;8,,,
10047,13,,1;8,,,
10047,14,,1;8,,,
10047,2,13,,,,
10047,3,,8,,,
10047,4,,8,,,
10047,5,13,4,,,
10047,6,,8,,,
10047,7,,8,,,
10047,8,,8,,,
10047,9,,8,,,
10048,1,1;2;3;4;5;6;7;8;9;10;11;12;13,2;9;10;11,,,
10048,10,15,10;11,,,
10048,11,10;13,2;3;9;10,,,
10048,12,,8;11,,,
10048,13,,1;8,,,
10048,14,,1;8;11,,,
10048,2,,10,,,
10048,3,,10,,,
10048,4,13,9;10;11,,,
10048,5,9,10,,,
10048,6,,10;11,,,
10048,7,14,10,,,
10048,8,10;13,9;10;11,,,
10048,9,,10,,,
10050,1,1;2;3;4;5;6;7;8;9;10;11;12;13,,,"25,000円",25000
10050,10,,,,"5,000円",5000
10050,11,7;10;15,3;9;10,,"10,000円",10000
10050,12,,,,"12,000円",12000
10050,13,,,,"18,000円",18000
10050,14,,1;8,,"20,000円",20000
10050,2,13,,,"5,000円",5000
10050,3,,9,,"8,000円",8000
10050,4,13,9;10,,"10,000円",10000
10050,5,10;14,4,,"8,000円",8000
10050,6,,,,"5,000円",5000
10050,7,,9;10,,"10,000円",10000
10050,8,,,,"5,000円",5000
10050,9,,,,"5,000円",5000
10053,1,1;2;3;4;5;6;7;8;9;10;11;12;13,6,,"29,000円",29000
10053,10,,8,,"6,500円",6500
10053,11,10;13;15,,,"10,300円",10300
10053,12,,8,,"6,500円",6500
10053,13,,1;8,,"8,700円",8700
10053,14,,1;8,,"8,700円",8700
10053,2,,8,,"6,500円",6500
10053,3,13,,,"6,500円",6500
10053,4,,9,,"8,600円",8600
10053,5,9;10;14,8,,"14,500円",14500
10053,6,,8,,"6,500円",6500
10053,7,,8,,"6,500円",6500
10053,8,13,2,当院ではGBS検査、血算検査、不規則抗体検査を妊娠30週頃にも行っている。,"14,700円",14700
10053,9,,8,,"6,500円",6500
10054,1,1;2;3;4;5;6;7;8;9;10;11;12;13;14,6,,"36,510円",36510
10054,10,10;15,7,,"16,990円",16990
10054,11,13,1,,"13,980円",13980
10054,12,,1,,"10,270円",10270
10054,13,,1,,"10,270円",10270
10054,14,,1,,"10,270円",10270
10054,2,,,,"8,270円",8270
10054,3,,,,"8,270円",8270
10054,4,13,,,"11,980円",11980
10054,5,,,,"8,270円",8270
10054,6,,,,"8,270円",8270
10054,7,9;10,,,"12,990円",12990
10054,8,13,,,"11,980円",11980
10054,9,,,,"8,270円",8270
10056,1,1;2;3;4;5;6;7;8;9;10;11;12;13,,,"29,900円",29900
10056,10,,,・当院ではABO血液型検査、Rh血液型検査、不規則抗体検査、血算検査を妊娠34週頃に実施している。,"10,580円",10580
10056,11,15,8;9;10,,"15,920円",15920
10056,12,,,,"5,000円",5000
10056,13,,,,"5,000円",5000
10056,14,,,・当院ではNSTは40週以降に実施している。,"5,000円",5000
10056,2,,,,"5,000円",5000
10056,3,,,,"5,000円",5000
10056,4,13,9;10,,"10,724円",10724
10056,5,13;14,,・この回の超音波検査は子宮頸管長測定。,"12,424円",12424
10056,6,10,4,,"6,166円",6166
10056,7,,8;9;10,・当院では４回目の超音波検査を妊娠28週頃実地している。,"10,724円",10724
10056,8,,,,"5,000円",5000
10056,9,,,,"5,000円",5000
10057,1,1;2;3;4;6;7;8;9;10;11;12;13;14,5,,"13,300円",13300
10057,10,15,9;11,胎盤早期剥離について、胎動チェック,"4,000円",4000
10057,11,,1;9,,"4,000円",4000
10057,12,,1;9,,"4,000円",4000
10057,13,,1;9,,"4,000円",4000
10057,14,,1;9,,"4,000円",4000
10057,2,,9,,"4,000円",4000
10057,3,,9,,"4,000円",4000
10057,4,,9;11,乳房チェック,"4,000円",4000
10057,5,,9,,"4,000円",4000
10057,6,,9,,"4,000円",4000
10057,7,,9,,"4,000円",4000
10057,8,,9,,"4,000円",4000
10057,9,,9,,"4,000円",4000
10058,1,1;2;3;4;5;6;7;8;9;10;11;12;13;14,,,38372,38372
10058,10,,8,,6500,6500
10058,11,10;13;15,1,,10100,10100
10058,12,,1;8,,8500,8500
10058,13,,1;8,,8500,8500
10058,14,,1;8,,8500,8500
10058,2,13,,,6500,6500
10058,3,,8,,6500,6500
10058,4,,8;9,,13500,13500
10058,5,9;10;13,,,7500,7500
10058,6,,8,,6500,6500
10058,7,,8;9,,13500,13500
10058,8,,8,血算検査,7000,7000
10058,9,,8,,6500,6500
10059,1,1;2;3;4;5;6;7;8;9;10;11;12;13;14,2,,,
10059,10,,9,,,
10059,11,15,9,,,
10059,12,10,2;9,当院の血液型・不規則抗体なければ検査する,,
10059,13,,9,,,
10059,14,,1;9,40週以降NCT実施,,
10059,2,13,,,,
10059,3,,9,,,
10059,4,,9,,,
10059,5,,9,,,
10059,6,,9,,,
10059,7,9;10;13,9,,,
10059,8,,9,,,
10059,9,,9,,,
10060,1,1;2;3;4;5;6;7;8;11;12;13;14,6,尿一般（尿糖、蛋白）実施,,
10060,10,9;10;15,8,尿一般（尿糖、蛋白）実施,,
10060,11,,8,尿一般（尿糖、蛋白）実施,,
10060,12,10;13,,尿一般（尿糖、蛋白）実施,,
10060,13,,8,尿一般（尿糖、蛋白）実施,,
10060,14,,8,尿一般（尿糖、蛋白）実施,,
10060,2,,8,尿一般（尿糖、蛋白）実施,,
10060,3,,8,尿一般（尿糖、蛋白）実施,,
10060,4,13,,尿一般（尿糖、蛋白）実施,,
10060,5,,8,尿一般（尿糖、蛋白）実施,,
10060,6,13,,尿一般（尿糖、蛋白）実施,,
10060,7,,8,尿一般（尿糖、蛋白）実施,,
10060,8,,8,尿一般（尿糖、蛋白）実施,,
10060,9,,8,尿一般（尿糖、蛋白）実施,,
10061,1,1;2;3;4;5;6;7;8;9;10;11;12;13,5;6,,"32,525円",32525
10061,10,,2;3;8,,"18,895円",18895
10061,11,15,11,,"8,200円",8200
10061,12,,1;8,,"9,550円",9550
10061,13,,1;11,,"6,250円",6250
10061,14,,1;8,,"9,550円",9550
10061,2,13;14,11,,"11,770円",11770
10061,3,,11,,"3,100円",3100
10061,4,13,,,"6,400円",6400
10061,5,,11,,"3,100円",3100
10061,6,9;10;13,,,"18,565円",18565
10061,7,,11,,"3,100円",3100
10061,8,,8,,"6,400円",6400
10061,9,,11,,"3,100円",3100
10062,1,1;2;3;4;5;6;7;8;9;10;11;13,2;6,水痘帯状疱疹ウィルスグロブリンクラス別抗体価,"20,650円",20650
10062,10,,8,,"6,590円",6590
10062,11,10;13;15,1;3,間接クームス検査,"13,460円",13460
10062,12,,1;8,,"7,590円",7590
10062,13,,1;8,,"7,590円",7590
10062,14,,1;8,,"7,590円",7590
10062,2,,8,,"6,590円",6590
10062,3,14,8,腟分泌物細菌培養検査,"8,620円",8620
10062,4,13,,,"6,590円",6590
10062,5,,9,,"10,000円",10000
10062,6,10;13,4,,"9,060円",9060
10062,7,,8,,"6,590円",6590
10062,8,,8,,"6,590円",6590
10062,9,,8,,"6,590円",6590
10064,1,1;2;3;4;5;6;7;8;9;10;12;13,2;5;6,,"29,650円",29650
10064,10,,8,,"7,000円",7000
10064,11,10,3;8,,"9,550円",9550
10064,12,,1;8,,"9,000円",9000
10064,13,,1;8,,"9,000円",9000
10064,14,,1;8,,"9,000円",9000
10064,2,13,,,"10,000円",10000
10064,3,13,,,"10,000円",10000
10064,4,13,,,"10,000円",10000
10064,5,14,8,,"10,000円",10000
10064,6,,8,,"12,000円",12000
10064,7,9;10;11,8,,"15,650円",15650
10064,8,,8,,"7,000円",7000
10064,9,15,8,〇　エラスターゼ,"11,500円",11500
10065,1,1;2;3;4;5;6;7;8;9;10;11;12;13;14,,,,
10065,10,,10,,,
10065,11,10;13;15,,,,
10065,12,,1;8,,,
10065,13,,1;8,,,
10065,14,,1;8,,,
10065,2,,8,,,
10065,3,13,,当院では毎回超音波検査を実施しているが、16週以降は4D機を使用し状況により切替ている,,
10065,4,,10,,,
10065,5,9;10;13,,,,
10065,6,,8,当院では不規則抗体検査を26週頃までに2回実施,,
10065,7,,10,,,
10065,8,,8,,,
10065,9,,8,,,
10066,10,15,,,,
10066,11,10,8,,,
10066,12,,1,,,
10066,13,13,,,,
10066,14,,1,,,
10066,2,1;2;3;6;7;8;10;12,8,,,
10066,3,13,,,,
10066,4,14,9,,,
10066,5,13,,,,
10066,7,10;11,4;8;9,,,
10066,9,13,,,,
10067,1,1;2;3;4;5;6;7;8;9;10;11;12;13,8,,"27,230円",27230
10067,10,15,8;10,,"5,000円",5000
10067,11,10;13,8;10,,"5,000円",5000
10067,12,,8;10;11,,"15,510円",15510
10067,13,,8;10,,"5,000円",5000
10067,14,,8;10,,"5,000円",5000
10067,2,,8;10,,"5,000円",5000
10067,3,13,8;10,,"5,000円",5000
10067,4,,8;9;10;11,,"13,000円",13000
10067,5,9;10,8;10,,"5,000円",5000
10067,6,13,8;10,,"5,000円",5000
10067,7,14,8;9;10,,"5,000円",5000
10067,8,,8;10;11,,"17,180円",17180
10067,9,,8;10,,"5,000円",5000
10068,1,1;2;3;4;5;6;7;8;9;10;11;12;13;14,,,"25,510円",25510
10068,10,13,,,"4,910円",4910
10068,11,,8,,"4,910円",4910
10068,12,10,8,,"7,170円",7170
10068,13,,8,,"4,910円",4910
10068,14,13,,,"4,910円",4910
10068,2,,8,,"4,910円",4910
10068,3,,8,,"4,910円",4910
10068,4,13,,,"4,910円",4910
10068,5,,8,,"4,910円",4910
10068,6,,8,,"4,910円",4910
10068,7,,8,,"4,910円",4910
10068,8,9;10,8,,"8,720円",8720
10068,9,15,8,,"8,710円",8710
10069,1,1;2;3;4;5;6;7;8;9;10;12;13,6;8,4D超音波は患者希望時,2000,2000
10069,10,15,8,,3000,3000
10069,11,10;13;15,1;3;8,,5570,5570
10069,12,,8,"初産婦はXP実施(3,680)",3000,3000
10069,13,,1;8,,3000,3000
10069,14,,8,,3000,3000
10069,2,,8,,3000,3000
10069,3,,8,,3000,3000
10069,4,13;14,8;9,,3000,3000
10069,5,9;10;11,4;8,,4800,4800
10069,6,,8,,3000,3000
10069,7,,8,,3000,3000
10069,8,13;11,8;9,血算,3000,3000
10069,9,,8,,3000,3000
10070,1,1;2;3;4;5;6;7;8;9;10;11;12;14,8,,"21,480円",21480
10070,10,15,8,,"7,440円",7440
10070,11,13,,,"8,370円",8370
10070,12,,8,,"8,370円",8370
10070,13,10,1;8,,"7,890円",7890
10070,14,,1;8,,"5,860円",5860
10070,2,,8,,"8,370円",8370
10070,3,13,,,"8,370円",8370
10070,4,13,,,"8,370円",8370
10070,5,,4;8,,"8,370円",8370
10070,6,13,,,"10,690円",10690
10070,7,10,8,,"7,850円",7850
10070,8,,8,,"8,370円",8370
10070,9,,8,,"8,370円",8370
10071,1,1;2;3;4;5;6;7;8;9;10;11;12;13,2,,,
10071,10,15,8,,,
10071,11,,2;3;5;8,,,
10071,12,13,1,,,
10071,13,,1;8,,,
10071,14,,1;8,,,
10071,2,,8,,,
10071,3,,8,,,
10071,4,13;14,9,,,
10071,5,,4;8,,,
10071,6,,8,,,
10071,7,,8,,,
10071,8,13,,,,
10071,9,,8,,,
10072,1,1;2;3;4;5;6;7;8;9;10;11;12;13;14,9,,"28,920円",28920
10072,10,,9,,"11,212円",11212
10072,11,10;13;15,3;9,ABO血液型検査、Rh血液型検査、不規則抗体検査,"20,944円",20944
10072,12,,9,,"8,012円",8012
10072,13,,9,,"8,012円",8012
10072,14,,9,,"8,012円",8012
10072,2,,9,,"8,012円",8012
10072,3,,9,,"8,012円",8012
10072,4,13,9,,"13,312円",13312
10072,5,,4;9,血算検査,"18,084円",18084
10072,6,,9,,"8,012円",8012
10072,7,,9,,"8,012円",8012
10072,8,10;13,9,,"15,544円",15544
10072,9,,9,,"8,012円",8012
10074,1,1;2;3;4;5;6;7;8;9;10;11;12;13,2;6;8;9;11,,"5,250円",5250
10074,10,,8;9;10,,"5,250円",5250
10074,11,10;13;14,1;8;9;10;11,,"5,250円",5250
10074,12,,8;9;10,,"5,250円",5250
10074,13,,9;10,,"5,250円",5250
10074,14,,1;9;10,GBS検査40週で再検（検査有効期限５週間の為）,"5,250円",5250
10074,2,,8;9;10,,"5,250円",5250
10074,3,13;14,8;9;10,,"5,250円",5250
10074,4,,8;9;10;11,,"5,250円",5250
10074,5,3;10;13,2;4;8;9;10,中期検査時、間接クームスも実施している（初期で不規則抗体陰性でも）,"5,250円",5250
10074,6,,8;9;10,,"5,250円",5250
10074,7,,8;9;10,,"5,250円",5250
10074,8,,8;9;10,,"5,250円",5250
10074,9,,8;9;10;11,,"5,250円",5250
10076,1,1;2;3;4;5;6;7;8;9;10,11,,"3,000円",3000
10076,10,,8,,"3,000円",3000
10076,11,10;15,3;8;11,無痛のみ凝固検査,"3,000円",3000
10076,12,,1;8,,"3,000円",3000
10076,13,,1,,"4,000円",4000
10076,14,,1,,"4,000円",4000
10076,2,12;13,11,,0円,0
10076,3,13;14,,,0円,0
10076,4,13,9;11,,"7,700円",7700
10076,5,13,,,0円,0
10076,6,10,4;8;11,,"6,000円",6000
10076,7,,8,,"3,000円",3000
10076,8,,8,,"3,000円",3000
10076,9,11,8;11,,"3,000円",3000
10077,1,1;2;3;4;5;6;7;8;9;10;11;12;13,6,HbA1C,"27,210円",27210
10077,10,15,,,"7,070円",7070
10077,11,10;13,2;3,HBs抗原　梅毒,"15,520円",15520
10077,12,,1,,"9,170円",9170
10077,13,,,,"7,070円",7070
10077,14,,,,"7,070円",7070
10077,2,,,,"7,070円",7070
10077,3,,,,"7,070円",7070
10077,4,13,9,,"12,570円",12570
10077,5,9;10;13;14,4,,"14,850円",14850
10077,6,,,,"7,070円",7070
10077,7,,,,"7,820円",7820
10077,8,,,,"7,070円",7070
10077,9,,,,"7,070円",7070
10078,1,1;2;3;4;5;6;7;8;9;10;11;12;13;14,,,"5,430円",5430
10078,10,,8,,"5,430円",5430
10078,11,10;15,1;2;3;11,"血糖検査
バースプラン確認","14,550円",14550
10078,12,,8,,"5,430円",5430
10078,13,,8,,"5,430円",5430
10078,14,,1;8,,"5,680円",5680
10078,2,13,2,,"25,040円",25040
10078,3,,8,,"5,430円",5430
10078,4,,8;11,助産師面談,"5,430円",5430
10078,5,13,,,"5,430円",5430
10078,6,9;10,2;8,,"9,760円",9760
10078,7,,8;11,中期母親教室（20W～30W）,"5,430円",5430
10078,8,,8,,"5,430円",5430
10078,9,,8;11,"胎動チェック表説明
後期母親教室（32W～36W）","5,430円",5430
10080,1,1;2;3;4;5;6;7;8;9;10;11;12;13,,,"24,000円",24000
10080,10,,8,,"7,000円",7000
10080,11,15,8,,"10,000円",10000
10080,12,,8,,"7,000円",7000
10080,13,,1;8,,"8,000円",8000
10080,14,,1;8,,"8,000円",8000
10080,2,13,,,"7,000円",7000
10080,3,13,,,"7,000円",7000
10080,4,13,9,,"7,000円",7000
10080,5,,8,,"7,000円",7000
10080,6,14,4;8,,"13,000円",13000
10080,7,,8,,"7,000円",7000
10080,8,,8;9,,"7,000円",7000
10080,9,,8,,"7,000円",7000
10082,1,1;2;3;4;5;6;7;8;9;10;11;12;13,9;10,,,
10082,10,,8;9;10,,,
10082,11,13,9;10,,,
10082,12,,1;8;9;10,,,
10082,13,,8;9;10,,,
10082,14,,8;9;10,,,
10082,2,,8;9;10,,,
10082,3,,8;9;10,,,
10082,4,13,9;10,,,
10082,5,,4;8;9;10,,,
10082,6,,8;9;10,,,
10082,7,13,9;10,,,
10082,8,14,8;9;10,,,
10082,9,,8;9;10,,,
10084,1,1;2;3;4;5;6;7;8;9;10;12;13,10,,"31,340円",31340
10084,10,,8;10,,"5,990円",5990
10084,11,10;13;15,1;3;10,当院では無痛分娩希望の方は凝固検査を実施している。,"14,820円",14820
10084,12,,8;10,,"5,990円",5990
10084,13,,8;10,,"5,990円",5990
10084,14,,1;8;10,,"5,990円",5990
10084,2,13,10,,"5,990円",5990
10084,3,,8;10,,"5,990円",5990
10084,4,,8;9;10,,"5,990円",5990
10084,5,9;10;11;13;14,10,,"17,380円",17380
10084,6,,8;10,,"5,990円",5990
10084,7,,8;10,,"5,990円",5990
10084,8,,8;9;10,,"5,990円",5990
10084,9,,8;10,,"5,990円",5990
10085,1,1;2;3;4;5;6;7;8;9;10;12;13,6;10,トキソプラズマは希望者,25330,25330
10085,10,,8,,9000,9000
10085,11,13;15,,,13060,13060
10085,12,,1,,9000,9000
10085,13,,8,,9000,9000
10085,2,13,10,,9000,9000
10085,3,,8,,9000,9000
10085,4,,8,,9000,9000
10085,5,13,,,9000,9000
10085,6,14,8,,12000,12000
10085,7,,8,,9000,9000
10085,8,9;10;11,8,,12520,12520
10085,9,,8,,9000,9000
10087,1,1;2;3;4;5;6;7;8;9;10;12;13,6;7,,,
10087,10,15,,,,
10087,11,10;13,,,,
10087,4,13,,,,
10087,5,9;10;11;14,,,,
10087,8,13,,,,
10088,1,1;2;3;4;5;6;7;8;11;13,6,,"23,510円",23510
10088,10,,,,"5,000円",5000
10088,11,10;13;15,3,,"9,830円",9830
10088,12,,1,,"9,000円",9000
10088,13,,,,"5,000円",5000
10088,14,,,,"5,000円",5000
10088,2,12,9,,"5,000円",5000
10088,3,14,9,,"8,500円",8500
10088,4,13,,,"5,000円",5000
10088,5,,4,,"7,000円",7000
10088,6,,,,"5,000円",5000
10088,7,13,,,"5,000円",5000
10088,8,10,9,"胸部X線

※胎児超音波検査は、医師によって回数は異なります","9,910円",9910
10088,9,,,,"5,000円",5000
10090,1,1;2;3;4;5;6;7;8;9;11;12;13;14,,淋,"12,560円",12560
10090,10,,1,"凝固
(PT・APTT)","6,500円",6500
10090,11,13,1,NST,"7,240円",7240
10090,12,,1,NST,"12,020円",12020
10090,13,,1,"エコー
ＮＳＴ","9,440円",9440
10090,14,,1,"エコー
ＮＳＴ","9,440円",9440
10090,2,13,,,"9,820円",9820
10090,3,,,エコー,"9,290円",9290
10090,4,,,"ＧＢＳ
","6,140円",6140
10090,5,13,4,50gＧＣＴ,"6,550円",6550
10090,6,,,エコー,"7,240円",7240
10090,7,,,エコー,"7,240円",7240
10090,8,,,,"6,000円",6000
10090,9,,1,エコー,"7,240円",7240
10091,1,1;2;3;4;5;6;7;8;9;10;11;12;14,3;6,,,
10091,10,,8;11,,,
10091,11,10;15,8,,,
10091,12,,8,,,
10091,13,,1;8,,,
10091,14,,1;8,,,
10091,2,13,,,,
10091,3,13,,,,
10091,4,,9,,,
10091,5,10,8,,,
10091,6,13,4,,,
10091,7,,8,,,
10091,8,,9,,,
10091,9,,8,血算検査,,
10092,1,1;2;3;4;5;6;7;8;9;10;11;12;13,,,26660,26660
10092,10,,8;9,,5780,5780
10092,11,10;15,3;8;9,,11440,11440
10092,12,13,1,,11560,11560
10092,13,,1;8;9,,6780,6780
10092,14,,1;8;9,,6780,6780
10092,2,,8;9,,5780,5780
10092,3,,8;9,,5780,5780
10092,4,13,11,当院では血算検査を20週頃にも実施している,12420,12420
10092,5,,8;9,,5780,5780
10092,6,10,4;8;9,,9190,9190
10092,7,,8;9,,5780,5780
10092,8,13;14,,,13940,13940
10092,9,,8;9,,5780,5780
10095,1,8;9;10;12,6;8,,"15,950円",15950
10095,10,,8;10,,"5,780円",5780
10095,11,10;13;15,,当院では36週頃にも不規則抗体検査を実施している,"14,870円",14870
10095,12,,8,,"5,780円",5780
10095,13,,8,,"5,780円",5780
10095,14,,1;8,当院では40週でNSTを施行している,"7,880円",7880
10095,2,1;2;3;4;5;6;7;11;13,,,"16,070円",16070
10095,3,,8,,"5,780円",5780
10095,4,13,9;10,,"5,780円",5780
10095,5,,8;10,,"5,780円",5780
10095,6,,8;10,,"5,780円",5780
10095,7,9;10,8;10,当院では梅毒血清反応検査は28週頃にも行っている,"11,500円",11500
10095,8,13;14,10,,"9,560円",9560
10095,9,,8;10,,"5,780円",5780
10096,1,1;2;3;4;5;6;7;8;9;10;11;12;13;14,6,,"18,220円",18220
10096,10,,,,0円,0
10096,11,10;13;15,,GBS検査,"10,920円",10920
10096,12,,1;8,,"5,020円",5020
10096,13,,8,,"2,920円",2920
10096,14,,8,,"2,920円",2920
10096,2,,8,,"2,920円",2920
10096,3,13,,,"2,920円",2920
10096,4,,9,"※9
簡易スクリーニング超音波","5,420円",5420
10096,5,9;10;13,4,貧血検査,"9,920円",9920
10096,6,,8,,0円,0
10096,7,,8,,"2,920円",2920
10096,8,,8,"※8
簡易超音波検査","2,920円",2920
10096,9,,8,,"2,920円",2920
10097,1,1;2;3;4;5;6;7;8;9;10;11;12;13,6,HbA1C,"24,980円",24980
10097,10,,8,,"7,000円",7000
10097,11,10;15,1;8,,"12,600円",12600
10097,12,,8,内診,"8,000円",8000
10097,13,,8,内診,"8,000円",8000
10097,14,,8,内診,"8,000円",8000
10097,2,13,,,"7,000円",7000
10097,3,,8,,"7,000円",7000
10097,4,13;14,,,"12,000円",12000
10097,5,,4;8,,"9,500円",9500
10097,6,,8,,"7,000円",7000
10097,7,10;13,2;9,,"11,500円",11500
10097,8,,8,,"7,000円",7000
10097,9,,8,,"7,000円",7000
10098,1,1;2;3;4;5;6;7;8;9;10;11;12;13,2;9;11,,,
10098,10,,9;11,,,
10098,11,15,9;11,,,
10098,12,,1;9;11,助産師外来,,
10098,13,,9;11,,,
10098,14,,1;9;11,,,
10098,2,,9;11,,,
10098,3,,9;11,助産師外来,,
10098,4,,9;11,,,
10098,5,13;14,9;11,,,
10098,6,,9;11,助産師外来,,
10098,7,,9;11,,,
10098,8,,9;11,,,
10098,9,,9;11,,,
10100,1,1;2;3;4;5;6;7;8;9;10;11;12;13,2;6;7,NSTは羊水が多い、児が小さいなど必要時実施,,
10100,11,13;15,3,,,
10100,2,13,11,,,
10100,4,14,11,,,
10100,5,13,4,,,
10100,9,,11,,,
10101,1,1;2;3;4;5;6;7;8;9;10;12;13,5;6,,,
10101,10,,8,,,
10101,11,10;13;15,2;6,,,
10101,12,,1;8,,,
10101,13,,1;8,,,
10101,14,,1;8,,,
10101,2,,8,,,
10101,3,,8,,,
10101,4,13,,,,
10101,5,,4;6;8,,,
10101,6,,8,,,
10101,7,,8,,,
10101,8,10;11;13;14,,,,
10101,9,,8,,,
10102,1,1;2;4;5;6;7;8;9;10;11;12;13,,,24680,24680
10102,10,,8,,5000,5000
10102,11,10;13,,,5000,5000
10102,12,,8,,5000,5000
10102,13,,8,,5000,5000
10102,14,,8,,5000,5000
10102,2,13,,,5000,5000
10102,3,,,,6310,6310
10102,4,,8,,5000,5000
10102,5,9;10;13,,,4940,4940
10102,6,,8,,5000,5000
10102,7,14,,,10090,10090
10102,8,,8,,5000,5000
10102,9,15,,,11570,11570
10105,1,1;2;3;4;5;6;8;9;11;12;13,,,"22,620円",22620
10105,10,,,,"4,500円",4500
10105,11,,,,"4,500円",4500
10105,12,,,,"4,500円",4500
10105,13,,,,"4,500円",4500
10105,14,,,,"2,000円",2000
10105,2,,,,"4,500円",4500
10105,3,,,,"4,500円",4500
10105,4,,,,"4,500円",4500
10105,5,,,,"4,500円",4500
10105,6,,,,"4,500円",4500
10105,7,,,,"4,500円",4500
10105,8,14,,,"6,770円",6770
10105,9,15,,,"6,400円",6400
10106,1,1;2;3;4;5;6;7;8;9;10;11;12;13,2,,,
10106,11,,1,,"1,500円",1500
10106,12,,1,,"2,500円",2500
10106,13,,1,,"1,500円",1500
10106,14,,1,,"1,500円",1500
10106,2,,10,,"4,000円",4000
10106,5,10;14,,,400円,400
10106,6,9,,,400円,400
10106,8,,10,,"4,400円",4400
10106,9,15,,,"1,000円",1000
10109,1,1;2;3;4;5;6;7;8;9;10;11;13,9,,"21,080円",21080
10109,10,,9,,"5,100円",5100
10109,11,15,1;9,,"8,300円",8300
10109,12,10,1;9,,"6,690円",6690
10109,13,,1;9,,"5,100円",5100
10109,14,,1;9,,"5,100円",5100
10109,2,12,9,,"8,660円",8660
10109,3,,9,,"5,100円",5100
10109,4,13,9,,"9,880円",9880
10109,5,9;10;13,9;11,,"13,020円",13020
10109,6,,9,,"5,100円",5100
10109,7,14,9,,"8,700円",8700
10109,8,13,9,,"9,880円",9880
10109,9,,9,,"5,100円",5100
10110,1,1;2;3;4;5;6;7;8;9;10;11;12;14,6,,"26,910円",26910
10110,10,,8,,"10,960円",10960
10110,11,13,,,"6,090円",6090
10110,12,10,8,,"8,140円",8140
10110,13,,8,,"6,090円",6090
10110,14,,8,,"6,090円",6090
10110,2,13,,,"6,090円",6090
10110,3,,8,,"6,090円",6090
10110,4,13,,,"6,090円",6090
10110,5,,8,,"6,090円",6090
10110,6,10;13,,,"9,950円",9950
10110,7,,4;8,,"6,090円",6090
10110,8,,8,,"6,090円",6090
10110,9,,8,32週頃血算・不規則抗体検査施行,"11,170円",11170
10111,1,1;2;3;4;5;6;7;8;9;10;11;12;13,9;11,,"42,380円",42380
10111,10,,8;9,,"6,060円",6060
10111,11,10;13;15,9;11,,"8,320円",8320
10111,12,,8;9,,"6,060円",6060
10111,13,,1;8;9,,"8,160円",8160
10111,14,,1;8;9,,"8,160円",8160
10111,2,13,9,,"6,060円",6060
10111,3,14,8;9;11,B群溶血性レンサ球菌（GBS）検査,"13,240円",13240
10111,4,,8;9,,"6,060円",6060
10111,5,13,9,,"6,060円",6060
10111,6,9;10,8;9;11,,"10,670円",10670
10111,7,,8;9,,"6,060円",6060
10111,8,,8;9;11,,"6,060円",6060
10111,9,,8;9,,"6,060円",6060
10112,1,1;2;3;4;5;6;7;8;9;10;12;13,5,,"30,000円",30000
10112,10,,2;3;8,,"11,900円",11900
10112,11,10;13;15,,,"15,200円",15200
10112,12,,1;8,,"8,000円",8000
10112,13,,8,,"8,000円",8000
10112,14,,1;8,,"8,000円",8000
10112,2,13,,,"8,000円",8000
10112,3,,8,,"8,000円",8000
10112,4,14,8;9,,"8,000円",8000
10112,5,13,,,"8,000円",8000
10112,6,9;10;11,8,,"21,800円",21800
10112,7,,8;9,,"8,000円",8000
10112,8,,8,,"5,000円",5000
10112,9,,8,,"8,000円",8000
10114,1,1;2;3;4;5;6;7;8;9;10;12;14,6,,,
10114,10,15,8,,,
10114,11,10,8,,,
10114,12,,8,,,
10114,13,,1;8,,,
10114,14,,8,,,
10114,2,13,,,,
10114,3,13,,,,
10114,4,,,超音波検査,,
10114,6,13,,,,
10114,7,9;10;11,4;8,不規則抗体検査,,
10114,8,,8,当院ではHTLV-1抗体検査を30週までに2回実施している,,
10114,9,,8,,,
10119,1,1;2;3;4;5;6;7;8;9;10;12;13;14,8,,"25,350円",25350
10119,10,,8,,"3,780円",3780
10119,11,10;15,1;8,,"16,930円",16930
10119,12,,1;8,,"3,780円",3780
10119,13,,1;8,,"3,780円",3780
10119,14,,1;8,,"3,780円",3780
10119,2,,8,,"11,080円",11080
10119,3,,8,,"3,780円",3780
10119,4,,8,,"3,780円",3780
10119,5,,8,,"3,780円",3780
10119,6,9;10,8,,"17,520円",17520
10119,7,,8,,"3,780円",3780
10119,8,10;11,8,,"3,780円",3780
10119,9,,8,,"3,780円",3780
10122,1,1;2;3;4;5;6;7;8;9;10;11;12,,,"19,760円",19760
10122,10,15,,,"6,040円",6040
10122,11,10,2,,"7,880円",7880
10122,12,13,1,,"6,020円",6020
10122,13,,1;8,,"6,020円",6020
10122,14,,1;8,,"6,020円",6020
10122,2,13,,,"5,020円",5020
10122,3,13,,,"5,020円",5020
10122,4,,,,"5,020円",5020
10122,5,13,,,"5,020円",5020
10122,6,14,,,"8,400円",8400
10122,7,,8,,"5,020円",5020
10122,8,9;10,,,"6,780円",6780
10122,9,,8,,"5,020円",5020
10123,1,1;2;3;4;5;6;7;8;9;10;11;12;13;14,,,"33,220円",33220
10123,10,,1,,"6,180円",6180
10123,11,13,1,,"8,610円",8610
10123,12,,1,,"6,180円",6180
10123,13,,1,,"6,180円",6180
10123,14,,1,,"6,180円",6180
10123,2,,,,"5,180円",5180
10123,3,,,,"5,180円",5180
10123,4,,,,"5,180円",5180
10123,5,,,,"5,180円",5180
10123,6,9;10;13,,HbAIC,"11,510円",11510
10123,7,,,,"5,180円",5180
10123,8,,,,"5,180円",5180
10123,9,10;13;15,,,"13,270円",13270
10124,1,1;2;3;4;5;6;7;8;9;10;11;12;13;14,2;6,,,
10124,10,,8,,,
10124,11,10;13;15,1;2;3,・B群溶血性レンサ球菌（GBS）検査は1回目で陽性の場合は実施しない,,
10124,12,,8,,,
10124,13,,1;8,,,
10124,14,,8,,,
10124,2,,8,,,
10124,3,13,,,,
10124,4,,8,"・B群溶血性レンサ球菌（GBS）検査
・妊娠中期膣内帯下スクリーニング",,
10124,5,,4;8,,,
10124,6,,8,,,
10124,7,9;10,8,HbA1c,,
10124,8,13,,,,
10124,9,,8,,,
10125,1,1;2;3;4;5;6;7;8;9;10;12;13,9,,29230,29230
10125,10,15,9,血算検査（妊娠34週頃）にしている,9400,9400
10125,11,13,1;9,,7000,7000
10125,12,,1;9,,7000,7000
10125,13,,1;9,,7000,7000
10125,14,,1;9,,7000,7000
10125,2,,9,,6000,6000
10125,3,,9,,6000,6000
10125,4,13,9,中期スクリーニング,14800,14800
10125,5,,9,,6000,6000
10125,6,14,9,,9780,9780
10125,7,9;10;11;13,9,後期スクリーニング,21240,21240
10125,8,,9,,6000,6000
10125,9,,9,,6000,6000
10126,1,1;2;3;4;5;6;7;8;9;10,6;9,,"30,440円",30440
10126,10,,8,,"5,280円",5280
10126,11,10;13;15,2;3,,"16,300円",16300
10126,12,,1;8,,"6,280円",6280
10126,13,,1;8,,"6,280円",6280
10126,14,,1;8,,"6,280円",6280
10126,2,13,,,"6,980円",6980
10126,3,13,,,"6,780円",6780
10126,4,,9,,"6,780円",6780
10126,5,,11,,"5,000円",5000
10126,6,9;10;11;14,8,,"14,780円",14780
10126,7,13,,,"6,780円",6780
10126,8,,8,,"6,780円",6780
10126,9,,8,,"5,280円",5280
10128,1,1;2;3;4;5;6;7;8;9;10;11;12;13,5;6;7;9,当院では初回検査の頃にもGBS検査を実施している。,"40,750円",40750
10128,10,,8;9,,"10,880円",10880
10128,11,10;15,8;9,当院では間接ｸｰﾑｽ検査を35～38週にも実施している。,"19,300円",19300
10128,12,,8;9,,"10,880円",10880
10128,13,,1;8;9,,"13,080円",13080
10128,14,,8;9,,"10,880円",10880
10128,2,13,9,,"11,180円",11180
10128,3,13;14,9,,"15,360円",15360
10128,4,13,9,,"11,180円",11180
10128,5,9;10,8;9,,"14,690円",14690
10128,6,,8;9,,"10,880円",10880
10128,7,,8;9,,"10,880円",10880
10128,8,,8;9,,"10,880円",10880
10128,9,,8;9,,"10,880円",10880
10130,1,1;2;3;4;5;6;7;8;9;10;11;12;13,10,,"20,710円",20710
10130,10,15,8;10,バースプラン後期,"7,480円",7480
10130,11,10;13,10,,"10,070円",10070
10130,12,,1;8;10,,"6,580円",6580
10130,13,,1;8;10,,"6,580円",6580
10130,14,,1;8;10,,"6,580円",6580
10130,2,,8;10,,"5,080円",5080
10130,3,,8;10,,"5,080円",5080
10130,4,13,10,バースプラン前期,"9,860円",9860
10130,5,,8;10,,"5,080円",5080
10130,6,14,8;10,,"6,960円",6960
10130,7,,8;10,,"5,080円",5080
10130,8,9;10;13,10,,"10,180円",10180
10130,9,,8;10,,"5,080円",5080
10131,1,1;2;3;4;5;6;7;8;9;10;11;12,,,"15,960円",15960
10131,10,10;15,2;3,"心電図有
帝王切開時のみ各検査実施12655円
経腟3400円","3,400円",3400
10131,11,10;13,2;3,"帝王切開時のみ超音波検査検査実施6400円
心電図、経腟15655円","15,655円",15655
10131,12,,,診察のみ,"3,400円",3400
10131,13,,8,,"6,400円",6400
10131,14,,8,,"6,400円",6400
10131,2,13,,,"6,400円",6400
10131,3,,,,"3,400円",3400
10131,4,,10,18～20週までに4D実施,"9,800円",9800
10131,5,10;13;14,4,24～26週の期間で検査実施,"13,030円",13030
10131,6,,2;8,末梢血液一般検査施行,6715,6715
10131,7,,,診察のみ,"3,400円",3400
10131,8,10;13,10,28～30週までに4D実施,"13,115円",13115
10131,9,,,診察のみ,"3,400円",3400
10134,1,1;2;3;4;5;6;7;8;9;10;11,,,17040,17040
10134,10,,,,5900,5900
10134,11,10;13;15,,,15940,15940
10134,12,,,,5900,5900
10134,13,,,,5900,5900
10134,14,,,,5900,5900
10134,2,12;13,,,14330,14330
10134,3,,9,,5900,5900
10134,4,13;14,4,,14660,14660
10134,5,9;10,,,8790,8790
10134,6,,9,,5900,5900
10134,7,,,,5900,5900
10134,8,13,,,10680,10680
10134,9,,1,,6900,6900
10135,1,12;14,10;11,,"18,380円",18380
10135,10,,10,,"10,220円",10220
10135,11,10;13;15,2;3;10,,"20,630円",20630
10135,12,,1;10,,"12,380円",12380
10135,13,,10,,"10,220円",10220
10135,14,,1;10,,"12,380円",12380
10135,2,1;2;3;4;5;6;7;8;9;10;11;13,5;10,,"26,090円",26090
10135,3,,10,,"10,220円",10220
10135,4,13,9;10,,"15,520円",15520
10135,5,,10,心電図,"11,620円",11620
10135,6,,10,,"10,220円",10220
10135,7,10;13,4;10;11,,"15,500円",15500
10135,8,,10,経膣超音波検査,"15,940円",15940
10135,9,,10,,"10,220円",10220
10136,1,1;2;3;4;5;6;7;8;9;10;12;13,6;7;9,,"24,180円",24180
10136,10,,,,"5,500円",5500
10136,11,13;15,3,,"14,270円",14270
10136,12,,1;2,,"7,000円",7000
10136,13,,1,,"7,000円",7000
10136,14,,1,,"7,000円",7000
10136,2,,9,,"5,500円",5500
10136,3,,,,"5,500円",5500
10136,4,11;13;14,,,"5,500円",5500
10136,5,,9;10,,"16,090円",16090
10136,6,,4;9;10,,"7,710円",7710
10136,7,,9;10,,"5,500円",5500
10136,8,13,,,"10,800円",10800
10136,9,,,,"5,500円",5500
10137,1,1;2;3;4;5;6;7;8;9;10;11;12;13;14,,,"19,820円",19820
10137,10,15,,ECG,"8,830円",8830
10137,11,13,,,"10,330円",10330
10137,12,10,1,,"5,030円",5030
10137,13,,,,"5,030円",5030
10137,14,,,,"5,030円",5030
10137,2,,,,"5,030円",5030
10137,3,,,,"5,030円",5030
10137,4,13,,,"10,330円",10330
10137,5,,,,"5,030円",5030
10137,6,13,,,"10,330円",10330
10137,7,9;10;11,,,"9,610円",9610
10137,8,14,,,"7,310円",7310
10137,9,,,,"5,030円",5030
10138,1,1;2;4;5;6;7;8;9;10;11;13,5,,,
10138,10,15,8,不規則抗体検査,,
10138,11,10;13,1,,,
10138,12,,8,,,
10138,13,,8,,,
10138,14,,8,,,
10138,2,13,,,,
10138,3,,8,,,
10138,4,,8,,,
10138,5,10;13;14,4,,,
10138,6,,8;9;10,,,
10138,7,,8,,,
10138,8,,8,,,
10138,9,,8,,,
10139,1,1;2;3;4;5;6;7;8;9;10;11;12;13;14,,,"26,880円",26880
10139,10,,,,"5,780円",5780
10139,11,13,,,"14,360円",14360
10139,12,10,1,,"7,640円",7640
10139,13,,1,,"5,780円",5780
10139,14,,1,,"5,780円",5780
10139,2,,,,"6,380円",6380
10139,3,,,,"5,780円",5780
10139,4,13,,,"10,560円",10560
10139,5,,,,"5,780円",5780
10139,6,,,,"5,780円",5780
10139,7,,,,"5,780円",5780
10139,8,9;10;13,,,"13,970円",13970
10139,9,,,,"5,780円",5780
10140,1,1;2;3;4;5;6;7;8;9;10;11;12;14,8;9;10,,23670,23670
10140,10,15,8;9;10,,8280,8280
10140,11,10,1;8;9;10,,6890,6890
10140,12,13,9;10,,9520,9520
10140,13,,8;9;10,,5220,5220
10140,14,,8;9;10,,5220,5220
10140,2,,8;9;10,,5220,5220
10140,3,13,9;10,,9520,9520
10140,4,13,9;10,,9520,9520
10140,5,,8;9;10,,5220,5220
10140,6,13,9;10,,9520,9520
10140,7,,8;9;10,,5220,5220
10140,8,9;10,8;9;10,,8290,8290
10140,9,,8;9;10,,5220,5220
10142,1,1;2;3;4;5;6;7;8;9;10;11;12;13,,,"25,160円",25160
10142,10,,8,,"5,780円",5780
10142,11,10;13;15,,,"12,910円",12910
10142,12,,1;8,,"6,780円",6780
10142,13,,1;8,,"6,780円",6780
10142,14,,1;8,,"6,780円",6780
10142,2,,8,,"5,780円",5780
10142,3,,8,,"5,780円",5780
10142,4,13,,血算検査を20週頃に実施している。,"9,110円",9110
10142,5,,8,,"5,780円",5780
10142,6,,8,,"5,780円",5780
10142,7,9;10;13;14,,間接クームス検査を28週頃に実施している。,"11,390円",11390
10142,8,,8,,"5,780円",5780
10142,9,,8,,"5,780円",5780
10145,1,1;2;3;4;5;6;7;8;9;10;12,3,,,
10145,11,10;13;15,,,,
10145,13,,9,,,
10145,2,13,,,,
10145,3,13,,,,
10145,4,14,,,,
10145,5,7;10;11,4;9,,,
10145,7,13,,,,
10145,9,,9,,,
10147,1,1;2;3;4;5;6;7;8;9;10;11;12;13;14,5;6;9,当院では、B群溶血性レンサ球菌検査を第1週にも実施している。,,
10147,10,,8;9,,,
10147,11,13;15,1;9;11,,,
10147,12,,1;8;9,,,
10147,13,,1;8;9,,,
10147,14,,1;8;9,,,
10147,2,13,9;11,,,
10147,3,,8;9,,,
10147,4,,8;9,,,
10147,5,13,9,,,
10147,6,,8;9,,,
10147,7,,8;9,,,
10147,8,,8;9;11,,,
10147,9,,8;9,,,
10149,1,1;2;3;4;5;6;7;8;9;10;11;12;13,6,,"26,480円",26480
10149,10,,8,,"6,000円",6000
10149,11,15,8,,"10,470円",10470
10149,12,10,1;8,,"9,260円",9260
10149,13,,8,,"6,000円",6000
10149,14,,8,,"6,000円",6000
10149,2,13,,,"6,000円",6000
10149,3,13,,,"6,000円",6000
10149,4,13;14,9;10,,"10,180円",10180
10149,5,,8,,"6,000円",6000
10149,6,10,4;8,,"10,470円",10470
10149,7,,8,,"6,000円",6000
10149,8,,8;9,,"6,000円",6000
10149,9,,8,,"6,000円",6000
10151,1,1;2;3;4;5;6;7;8;9;10;12;13,2,,,
10151,10,15,8,,,
10151,11,10;13,3,,,
10151,12,,8,,,
10151,13,,8,,,
10151,14,,1;8,,,
10151,2,,8,,,
10151,3,,8,,,
10151,4,13,,,,
10151,5,9;11;14,8,血算検査,,
10151,6,,8,,,
10151,7,,8,,,
10151,8,13,,血算検査,,
10151,9,,8,,,
10152,1,1;2;3;4;5;6;7;8;9;10;11;12;14,8,,"25,060円",25060
10152,10,15,8,,"11,270円",11270
10152,11,13,,,"6,800円",6800
10152,12,,8,,"6,800円",6800
10152,13,10,1;8,,"10,060円",10060
10152,14,,1;8,,"7,800円",7800
10152,2,,8,,"6,800円",6800
10152,3,13,,,"6,800円",6800
10152,4,13,,,"6,800円",6800
10152,5,,8,,"6,800円",6800
10152,6,,3;8,,"9,010円",9010
10152,7,10,8,本県自治体発行受診票で28～31週に不規則抗体検査の記載あり実施している,"9,170円",9170
10152,8,13,,,"6,800円",6800
10152,9,,8,,"6,800円",6800
10153,1,1;2;3;4;5;6;7;8;9;10;11;12;13;14,,,,
10153,10,,9;10,,0円,0
10153,11,10;13;15,1;10,,"1,500円",1500
10153,12,,1;9;10,,"1,500円",1500
10153,13,,1;9;10,,"1,500円",1500
10153,14,,1;9;10,,"1,500円",1500
10153,2,,9;10,妊婦検診の超音波検査、３D/4D超音波検査は基本無料で行っております。,0円,0
10153,3,,9;10,症状や異常がある場合などの超音波検査は保険診療となる場合があります。,0円,0
10153,4,13,10,3D/4D超音波検査は行わない場合があります。,0円,0
10153,5,,9;10,,0円,0
10153,6,,9;10,,0円,0
10153,7,,9;10,,0円,0
10153,8,9;10;13,10,,0円,0
10153,9,,9;10,,0円,0
10154,1,1;2;3;4;5;6;7;8;9;10;12;13,6,,"28,300円",28300
10154,10,,,,"6,000円",6000
10154,11,10;13;15,3,,"12,500円",12500
10154,12,,,,"6,000円",6000
10154,13,,1,,"8,000円",8000
10154,14,,1,,"8,000円",8000
10154,2,,,,"6,000円",6000
10154,3,,,,"6,000円",6000
10154,4,13,9,,"9,000円",9000
10154,5,10;11;13,4,貧血,"18,500円",18500
10154,6,,,,"6,000円",6000
10154,7,,,,"6,000円",6000
10154,8,,,,"6,000円",6000
10154,9,,,,"6,000円",6000
10155,1,1;2;3;4;5;6;7;8;9;10;11;12;13,5;6,,"28,900円",28900
10155,10,10,3;8,不規則抗体検査実施,"13,950円",13950
10155,11,,1;8,当院では、S-M(膣分泌物)、S-培養同定(膣分泌物)を実施している。,"14,780円",14780
10155,12,,,,"5,780円",5780
10155,13,,,,"5,780円",5780
10155,2,,,,"5,780円",5780
10155,3,,,,"5,780円",5780
10155,4,13,,,"9,280円",9280
10155,5,13;14,4,,"16,410円",16410
10155,6,,,,"5,780円",5780
10155,7,,,,"5,780円",5780
10155,8,9;10;13,2;3,当院ではAT-Ⅲの検査を実施している。,"15,240円",15240
10155,9,,,,"5,780円",5780
10157,1,1;2;3;4;5;6;7;8;9;10;11;12;13;14,,,"32,230円",32230
10157,10,,8,当院では、超音波検査は健診時毎回実施している。,"9,870円",9870
10157,11,10;13;15,2,,"17,630円",17630
10157,12,,1;8,当院では、超音波検査は健診時毎回実施している。,"8,490円",8490
10157,13,,1;8,当院では、超音波検査は健診時毎回実施している。,"8,490円",8490
10157,14,,1;8,当院では、超音波検査は健診時毎回実施している。,"8,490円",8490
10157,2,,8,当院では、超音波検査は健診時毎回実施している。,"9,490円",9490
10157,3,,8,当院では、超音波検査は健診時毎回実施している。,"10,270円",10270
10157,4,13,,,"8,970円",8970
10157,5,9;10;13,4,,"11,140円",11140
10157,6,,8,当院では、超音波検査は健診時毎回実施している。,"7,490円",7490
10157,7,,8,当院では、超音波検査は健診時毎回実施している。,"9,870円",9870
10157,8,,8,当院では、決算検査を３０週頃にも実施している。,"10,830円",10830
10157,9,,8,当院では、超音波検査は健診時毎回実施している。,"7,490円",7490
10160,1,1;2;3;4;5;6;7;8;9;10;12,9,,"24,040円",24040
10160,10,,,,"7,800円",7800
10160,11,10;15,,,"15,010円",15010
10160,12,13,1,,"14,600円",14600
10160,13,,1,,"10,300円",10300
10160,14,,1,,"10,300円",10300
10160,2,14,9,,"11,580円",11580
10160,3,,9,,"7,800円",7800
10160,4,13,,,"9,800円",9800
10160,5,,,,"7,800円",7800
10160,6,9;11,,,"14,010円",14010
10160,7,13,,,"9,800円",9800
10160,8,,,,"7,800円",7800
10160,9,,,,"7,800円",7800
10162,1,1;2;3;4;5;6;7;8;9;10;11;12;13;14,9,,,
10162,10,,9,,,
10162,11,10;15,3;9,当院では不規則抗体の検査を36週にも実施している,,
10162,12,,1;9,,,
10162,13,,1;9,,,
10162,14,,1;9,,,
10162,2,13,9,,,
10162,3,,9,,,
10162,4,,9,,,
10162,5,,9,,,
10162,6,,9,,,
10162,7,10,4;9,,,
10162,8,,9,,,
10162,9,,9,,,
10164,1,1;2;3;4;5;6;7;8;9;10;11;12;13,5,,"29,000円",29000
10164,10,,8,,"10,000円",10000
10164,11,10;15,1;2;3,"血液型2回目
感染症一式","24,000円",24000
10164,12,13,,,"10,000円",10000
10164,13,,1,,"7,000円",7000
10164,14,,8,,"10,000円",10000
10164,2,13,,,"10,000円",10000
10164,3,,8,,"10,000円",10000
10164,4,14,8,,"14,000円",14000
10164,5,13,4,,"14,000円",14000
10164,6,,8,,"10,000円",10000
10164,7,,,,"5,000円",5000
10164,8,,8,,"10,000円",10000
10164,9,,,,"5,000円",5000
10165,1,,,,"5,780円",5780
10165,10,,8,,"5,780円",5780
10165,11,10;13;15,,,"16,340円",16340
10165,12,,1;8,,"5,780円",5780
10165,13,,8,内診,"5,780円",5780
10165,14,,8,,"5,780円",5780
10165,2,1;2;3;4;5;6;7;8;9;10;12;13,,,"25,180円",25180
10165,3,,,,"5,780円",5780
10165,4,13,8,,"11,080円",11080
10165,5,,4,必要時甲状腺疾患の方は採血あり,"5,780円",5780
10165,6,,8,,"5,780円",5780
10165,7,,8,,"5,780円",5780
10165,8,9;10;11;13;14,8,"8回目（30週～）甲状腺FGR,GDM,HDP切迫はNST","20,040円",20040
10165,9,,8,,"5,780円",5780
10166,1,1;2;3;4;5;6;7;8;9;10;11,8;9;10,,,
10166,10,,8;9;10,,,
10166,11,15,1;8;9;10,,,
10166,12,,1;8;9;10,,,
10166,13,,1;8;9;10,,,
10166,14,,1;8;9;10,,,
10166,2,12,8;9;10,,,
10166,3,14,8;9;10,,,
10166,4,,8;9;10,,,
10166,5,,8;9;10,,,
10166,6,,8;9;10,,,
10166,7,,8;9;10,,,
10166,8,,8;9;10,,,
10166,9,,8;9;10,,,
10167,1,1;2;3;4;5;6;7;8;9;10;11;12;13,6;7,尿中一般物質定性半定量、梅毒トレポネーマ抗体定性、トキソプラズマIgM抗体,"25,380円",25380
10167,10,,8;10,GBS（細胞培養同定検査）,"9,900円",9900
10167,11,,8;10,,"6,100円",6100
10167,12,10,8,,"8,360円",8360
10167,13,,8,,"6,100円",6100
10167,14,,8,,"6,100円",6100
10167,2,13,,,"6,100円",6100
10167,3,13,10,,"6,100円",6100
10167,4,13,10,,"6,100円",6100
10167,5,,8;10,,"6,100円",6100
10167,6,,8;10,,"6,100円",6100
10167,7,,8;10,,"6,100円",6100
10167,8,10,8;10,心電図,"9,910円",9910
10167,9,,8;10,,"6,100円",6100
10168,1,1;2;3;4;5;6;7;8;9;10;12;13,,,,
10168,11,13;15,,,,
10168,4,14,,,,
10168,8,13,,,,
10169,1,1;2;3;4;5;6;7;8;9;10;11;12;13,5;9,,"27,190円",27190
10169,10,,3;9,帝王切開予定の場合２の生化学検査を行う。,"10,360円",10360
10169,11,,9,,"6,760円",6760
10169,12,,1;9,,"8,760円",8760
10169,13,,1;9,,"8,760円",8760
10169,14,,1;9,,"8,760円",8760
10169,2,,9,,"6,760円",6760
10169,3,,9,,"6,760円",6760
10169,4,13,9,,"12,360円",12360
10169,5,14,4;9,,"11,000円",11000
10169,6,,9,,"6,760円",6760
10169,7,,9,,"6,760円",6760
10169,8,13,9,,"12,360円",12360
10169,9,15,9,,"6,760円",6760
10172,1,1;2;3;4;5;6;7;8;9;10;11;12;13,6,,17810,17810
10172,10,,8,当院では　超音波検査は毎回実施している。,6500,6500
10172,11,10;15,1;8,当院では　超音波検査は毎回実施している。,12420,12420
10172,12,,1;8,当院では　超音波検査は毎回実施している。,6500,6500
10172,13,,1;8,当院では　超音波検査は毎回実施している。,6500,6500
10172,14,,1;8,当院では　超音波検査は毎回実施している。,6500,6500
10172,2,13,,,6500,6500
10172,3,13,,,6500,6500
10172,4,13,,当院では　血糖検査は20週頃にも実施している。,8710,8710
10172,5,,8,当院では　超音波検査は毎回実施している。,6500,6500
10172,6,,8,当院では　超音波検査は毎回実施している。,6500,6500
10172,7,10;14,8,当院では　超音波検査は毎回実施している。,11870,11870
10172,8,,8,当院では　超音波検査は毎回実施している。,6500,6500
10172,9,,8,当院では　超音波検査は毎回実施している。,6500,6500
10173,1,1;2;3;4;5;6;7;8;9;10;12;13,5;6,,"34,400円",34400
10173,10,,,,"5,000円",5000
10173,11,13;15,,,"13,000円",13000
10173,12,10,3,,"8,000円",8000
10173,13,,1,,"8,000円",8000
10173,14,,1,,"8,000円",8000
10173,2,,,,"5,000円",5000
10173,3,,,,"5,000円",5000
10173,4,13;14,,,"14,000円",14000
10173,5,,4,,"7,500円",7500
10173,6,,8,当院では26週ごろに2回目の超音波検査を実施している。,"11,000円",11000
10173,7,9;10;11,,,"9,000円",9000
10173,8,13,,,"11,000円",11000
10173,9,,,,"5,000円",5000
10174,1,1;2;3;4;5;6;7;8;9;10;11;12,6;8,腟細菌検査（ﾗｸﾄﾊﾞﾁﾙｽ/Nｽｺｱ）,28860,28860
10174,10,,8,,9070,9070
10174,11,10;15,1;8,（8．超音波検査は当院では保険適用になります）,15400,15400
10174,12,,8,（8．超音波検査は当院では保険適用になります）,9070,9070
10174,13,,8,（8．超音波検査は当院では保険適用になります）,9070,9070
10174,14,,8,（8．超音波検査は当院では保険適用になります）,9070,9070
10174,2,,8,（8．超音波検査は当院では保険適用になります）,9070,9070
10174,3,,8,,9070,9070
10174,4,,8;9,（8．超音波検査は当院では保険適用になります）,9070,9070
10174,5,,8,,9070,9070
10174,6,,4;8,（8．超音波検査は当院では保険適用になります）,11280,11280
10174,7,,8,,9070,9070
10174,8,10;14,8,（8．超音波検査は当院では保険適用になります）,14290,14290
10174,9,,8,（8．超音波検査は当院では保険適用になります）,9070,9070
10175,1,1;2;3;4;5;6;7;8;9;10;12;13,,,0円,0
10175,10,,,,0円,0
10175,11,15,1,,"1,100円",1100
10175,12,13,1;2,,"4,800円",4800
10175,13,,1,,"1,100円",1100
10175,14,,1,,"1,100円",1100
10175,2,,,,0円,0
10175,3,,,,0円,0
10175,4,14,,,0円,0
10175,5,,,,0円,0
10175,6,,,,0円,0
10175,7,,,,0円,0
10175,8,11;13,,,0円,0
10175,9,,,,0円,0
10176,1,1;2;3;4;5;6;7;8;9;10;11;12;13,,,23000,23000
10176,2,13,,,6000,6000
10181,1,1;2;3;4;5;6;7;8;10;11;12,,,,
10181,11,15,,,,
10181,12,13,,,,
10181,4,13,,,,
10181,7,14,,,,
10181,8,9,,,,
10182,1,13,,,"6,300円",6300
10182,10,,8,,"8,000円",8000
10182,11,10;15,8;9,不規則抗体検査（2回目）,"14,700円",14700
10182,12,,1;8,NSTベルト（480円）,"8,480円",8480
10182,13,,1;8,,"8,000円",8000
10182,14,,1;8,,"8,000円",8000
10182,2,1;2;3;4;5;6;7;8;9;10;11;12;14,6;8,,"29,230円",29230
10182,3,,8,,"8,000円",8000
10182,4,13,9,頚管長測定,"10,000円",10000
10182,5,9;13,,"頚管長測定
心電図","11,000円",11000
10182,6,,8,,"8,000円",8000
10182,7,,8;9,,"8,000円",8000
10182,8,10;13,,長崎県では超音波検査４回目は妊娠30頃とされている。,"11,700円",11700
10182,9,,8,,"8,000円",8000
10184,1,1;2;3;4;5;6;7;8;9;10;11;12;13,6,,0円,0
10184,10,,8;10,,"1,000円",1000
10184,11,10;15,8;10,,"1,560円",1560
10184,12,13,10,,"1,000円",1000
10184,13,,1;8;10,,"4,000円",4000
10184,14,,8;10,,"1,000円",1000
10184,2,,8;10,,"1,000円",1000
10184,3,13,10,,0円,0
10184,4,,8;10,,"1,000円",1000
10184,5,9;10;13;14,10,,0円,0
10184,6,,8;10,,"1,000円",1000
10184,7,,8;9;10,,0円,0
10184,8,,8;10,,"1,000円",1000
10184,9,,8;10,血算○,"1,000円",1000
10185,1,1;2;3;4;5;6;7;8;9;10;11;12;14,2;6,毎回、超音波検査（無料）を実施,,
10185,11,13;15,,,,
10185,12,,1,,,
10185,13,,1,,,
10185,14,,1,,,
10185,2,,,上記1～11必要に応じて実施,,
10185,3,,,指導3回無料にて実施,,
10185,4,,9,,,
10185,7,9;10,,血算・血糖Fe検査を35週目までに計3回実施,,
10186,1,1;2;3;4;5;6;7;8;9;10;11;12;13;14,6;7,,32950,32950
10186,10,15,8,,10360,10360
10186,11,15,8;1,当院では血算検査は36週頃にも実施している。,9760,9760
10186,12,13,1,当院では血算検査は３６週頃にも実施している。,11160,11160
10186,13,,1;8,,9060,9060
10186,14,,1;8;11,BISHOP（子宮口確認）を３９週頃に実施している。,10060,10060
10186,2,,8,,8060,8060
10186,3,,8,,8060,8060
10186,4,13,10,,7060,7060
10186,5,,8,,7060,7060
10186,6,,8;10,当院では血糖・血算検査は２６週頃にも実施している。,10160,10160
10186,7,,8,,7060,7060
10186,8,,8;10,,7060,7060
10186,9,13,,,7060,7060
10187,1,1;2;3;4;5;6;7;8;9;10;12;13,,,"25,970円",25970
10187,10,15,,,"7,580円",7580
10187,11,,,,"5,780円",5780
10187,12,10;13,,,"10,420円",10420
10187,13,,1,,"5,880円",5880
10187,14,,,,"3,780円",3780
10187,2,,,,"5,780円",5780
10187,3,,,,"5,780円",5780
10187,4,13,,,"10,560円",10560
10187,5,,,,"5,780円",5780
10187,6,14,,,"5,660円",5660
10187,7,,,,"5,780円",5780
10187,8,9;10;11;13,,,"15,000円",15000
10187,9,,,,"5,780円",5780
10189,1,1;2;3;4;5;6;7;8;9;10;11;12;13;14,2;6;7,紹介患者がほとんどなので妊娠初期検査は前医で施行されている,,
10189,10,,1,,,
10189,11,10;13;15,1;2;3,,,
10189,12,,1,,,
10189,13,,1,,,
10189,14,,1,,,
10189,2,,8,,,
10189,4,13,,,,
10189,7,9;10;13,,,,
10190,1,1;2;3;4;5;6;7;8;9;10;11;12;13;14,9,,30020,30020
10190,10,,8,,5790,5790
10190,11,10;13;15,,,15830,15830
10190,12,,1;8,,7290,7290
10190,13,,1;8,,7290,7290
10190,14,,1;8,,7290,7290
10190,2,,8,,5270,5270
10190,3,,8,,5790,5790
10190,4,13;14,9,,17350,17350
10190,5,9;10;13,8,,8680,8680
10190,6,,8,,5790,5790
10190,7,9;10,8,,5790,5790
10190,8,13,9,,13570,13570
10190,9,,8;9,,5790,5790
10191,1,1;2;3;4;5;6;7;8;9;10;12;13,5,,"25,630円",25630
10191,10,15,8,,"8,450円",8450
10191,11,,8,,"4,460円",4460
10191,12,10;13,,,"11,120円",11120
10191,13,,8,,"4,460円",4460
10191,14,,1;8,,"5,960円",5960
10191,2,,8,,"4,460円",4460
10191,3,,8,,"4,460円",4460
10191,4,13,9,,"9,240円",9240
10191,5,,8,,"4,460円",4460
10191,6,,8,,"4,460円",4460
10191,7,,8,"　　  〇
（血算検査）","4,960円",4960
10191,8,13;14,,,"19,820円",19820
10191,9,,8,,"4,460円",4460
10192,1,1;2;3;4;5;6;7;8;9;10;12;13,,,"24,630円",24630
10192,10,15,8,,"8,450円",8450
10192,11,,1;8,,"4,460円",4460
10192,12,13,1,,"11,120円",11120
10192,13,,1;8,,"4,460円",4460
10192,14,,8,,"4,460円",4460
10192,2,,8,,"4,460円",4460
10192,3,,8,,"4,460円",4460
10192,4,13,2,,"9,240円",9240
10192,5,,8,,"4,460円",4460
10192,6,,8,,"4,460円",4460
10192,7,,8,,"4,460円",4460
10192,8,11;13;14,1,,"19,820円",19820
10192,9,,8,,"4,460円",4460
10193,1,,9,,,
10193,10,,1;2;3;9,上記２と3については帝王切開時のみ実施,,
10193,11,10;13;15,9,不規則抗体検査,,
10193,12,,1;9,,,
10193,13,,1;9,,,
10193,14,,1;9,,,
10193,2,1;2;3;4;5;6;7;8;9;10;11;12;13,6;9,,,
10193,3,,9,,,
10193,4,13,9,,,
10193,5,9;10;14,4;9,,,
10193,6,,9,,,
10193,7,,9,,,
10193,8,13,9,,,
10193,9,,9,,,
10194,1,1;2;3;4;5;6;7;8;9;10;11;12;14,,,"23,760円",23760
10194,10,,8,,"8,080円",8080
10194,11,10;13;15,2,フェリチン,"15,940円",15940
10194,12,,9,助産師外来,"9,500円",9500
10194,13,,1;8,,"11,080円",11080
10194,14,,8,,"8,080円",8080
10194,2,13,,,"8,080円",8080
10194,3,13,,"乳房触診
胸部聴診","11,080円",11080
10194,4,,2;9,"助産師外来
貧血検査","14,300円",14300
10194,5,13,,好気性検査,"10,120円",10120
10194,6,10,4;8,,"10,340円",10340
10194,7,,9,助産師外来,"9,500円",9500
10194,8,,2;8,"フェリチン
血算
不規則抗体","15,940円",15940
10194,9,,8,,"8,080円",8080
10195,1,1;2;3;4;5;6;7;8;9;10;11;12;14,,,"23,330円",23330
10195,10,,,,"5,000円",5000
10195,11,13;15,,,"13,700円",13700
10195,12,10,1;3,,"13,880円",13880
10195,13,,1,,"7,100円",7100
10195,14,,1,,"7,100円",7100
10195,2,13,,,"10,300円",10300
10195,3,,,,"5,000円",5000
10195,4,13,,,"10,300円",10300
10195,5,,,,"5,000円",5000
10195,6,9;10;13,2,当院では梅毒血清反応検査を妊娠26週頃にも実施している,"15,790円",15790
10195,7,,,,"5,000円",5000
10195,8,,,,"5,000円",5000
10195,9,,,,"5,000円",5000
10196,1,1;2;3;4;5;6;7;8;9;10;11;12;13;14,6,13. 超音波検査について、高知県では全体で7回まで助成がある,7180,7180
10196,10,,,,4900,4900
10196,11,10;13;15,1;3,１.ABO血液型検査について高知県は36週前後でも検査実施あり（助成有）,4900,4900
10196,12,,1,,4900,4900
10196,13,,1,,4900,4900
10196,14,,1,,4900,4900
10196,2,,,,4900,4900
10196,3,,8,,4900,4900
10196,4,13,,,7060,7060
10196,5,13,4;9,,10980,10980
10196,6,,,,4900,4900
10196,7,,,,4900,4900
10196,8,,9,,4900,4900
10196,9,,,,8470,8470
10197,1,1;2;3;4;5;6;7;8;9;10;12,8,,34800,34800
10197,10,15,8,,12000,12000
10197,11,10;13,8,,12400,12400
10197,12,,1;8,,10000,10000
10197,13,,1;8,,10000,10000
10197,14,,1;8,,10000,10000
10197,2,13,8,,11000,11000
10197,3,14;13,8,,11000,11000
10197,4,13;14,10,,14000,14000
10197,5,9;10;11;13,10,,16900,16900
10197,6,,8,,11000,11000
10197,7,13,10;8,,10000,10000
10197,8,,8,,10000,10000
10197,9,13,10;8,,10000,10000
10198,1,1;2;3;4;5;6;7;8;9;10;11;13,,14.性器クラミジア検査を1回目に保険で行う。,"26,110円",26110
10198,10,15,8,超音波５回目。岩手県産婦人科医会早産予防対策委員会が推奨する時期に則り実施。,"15,560円",15560
10198,11,10,1;8,15.B群溶血性レンサ球菌(GBS)検査が10回目でGBSとならなかった時、11回目で採取している。,"19,310円",19310
10198,12,,1;8,,"13,190円",13190
10198,13,,1;8,,"13,190円",13190
10198,14,,1;8,,"13,190円",13190
10198,2,,8,,"11,090円",11090
10198,3,13,,,"11,090円",11090
10198,4,,8,,"11,090円",11090
10198,5,13,,,"11,090円",11090
10198,6,9,8,,"13,440円",13440
10198,7,,8,超音波４回目。岩手県産婦人科医会早産予防対策委員会が推奨する時期に則り実施。,"11,090円",11090
10198,8,10;14,8,,"15,360円",15360
10198,9,,8,,"11,090円",11090
10199,1,1;2;3;4;5;6;7;8;9;10;11;12;13,6;9;11,助産師外来,,
10199,10,,9;11,"助産師外来
（妊娠32週頃～36週頃のうち1回）",,
10199,11,10;13;15,9;11,"助産師外来
（妊娠32週頃～36週頃のうち1回）",,
10199,12,,9,,,
10199,13,,1;9,,,
10199,14,,1;9,,,
10199,2,14,9,,,
10199,3,,9,,,
10199,4,,9,,,
10199,5,9;10;13,9;10,3D/4D超音波検査は妊娠24週頃から妊娠30週頃のうち1回,,
10199,6,,9;10,3D/4D超音波検査は妊娠24週頃から妊娠30週頃のうち1回,,
10199,7,,9;10;11,"助産師外来

3D/4D超音波検査は妊娠24週頃から妊娠30週頃のうち1回

",,
10199,8,,9;10,3D/4D超音波検査は妊娠24週頃から妊娠30週頃のうち1回,,
10199,9,,9;11,"助産師外来
（妊娠32週頃～36週頃のうち1回）",,
10200,1,1;2;3;4;5;6;7;8;9;10;11;12;13,6;10,,,
10200,10,15,8;10,当院では血算検査を34週頃にも実施している,,
10200,11,13,1;10,,,
10200,12,,1;8,,,
10200,13,,1;8,,,
10200,14,,1;8,,,
10200,2,13,8;10,,,
10200,3,,8;10,,,
10200,4,13,8;9;10,,,
10200,5,9;10;13;14,8;10,,,
10200,6,,8;10,,,
10200,7,,8;10,,,
10200,8,13,8;9;10,,,
10200,9,,8;10,,,
10203,1,1;2;3;4;5;6;7;8;9;10;12,2;6;7,,"22,360円",22360
10203,10,,,,"5,780円",5780
10203,11,10;13,,,"9,110円",9110
10203,12,,,,"5,780円",5780
10203,13,,1,,"5,780円",5780
10203,14,,,,"5,780円",5780
10203,2,13,3;4,,"7,280円",7280
10203,3,,10,,"5,780円",5780
10203,4,11;13,5,,"10,280円",10280
10203,5,10,,,"7,610円",7610
10203,6,13,,,"7,280円",7280
10203,7,9;14,,,"9,890円",9890
10203,8,,,,"5,780円",5780
10203,9,15,,,"9,580円",9580
10205,1,1;2;3;4;5;6;7;8;9;10;11;12;13;14,,,"35,725円",35725
10205,10,,,,"5,500円",5500
10205,11,10;13;15,8,,"17,140円",17140
10205,12,,,,"5,500円",5500
10205,13,,8,,"8,500円",8500
10205,14,,,,"5,500円",5500
10205,2,,8,,"8,500円",8500
10205,3,,8,,"8,500円",8500
10205,4,13,,,"8,500円",8500
10205,5,,8,,"8,500円",8500
10205,6,,4,,"8,500円",8500
10205,7,13,,,"8,500円",8500
10205,8,10,2;9,,"15,265円",15265
10205,9,,8,,"8,500円",8500
10207,1,1;2;3;4;5;6;7;8;9;10;11;12;13,6;11,,13700,13700
10207,10,15,8;11,,6000,6000
10207,11,10;13,1;11,GBS検査は概ね35週以降で実施,8430,8430
10207,12,,1;8,,7600,7600
10207,13,,1;8,,7600,7600
10207,14,,1;8;11,,7600,7600
10207,2,,8;11,,6000,6000
10207,3,,8,,6000,6000
10207,4,13,11,,6000,6000
10207,5,9;10;14,8;11;4,,9370,9370
10207,6,13,9,胎児超音波検査は希望者のみ,6000,6000
10207,7,,8,,6000,6000
10207,8,,8,,6000,6000
10207,9,,8,,6000,6000
10208,1,1;2;3;4;5;6;7;8;9;10;12;13,11,,22200,22200
10208,10,,8;11,,7460,7460
10208,11,13;15,,ＣＢＣ,12450,12450
10208,12,10,3;8,胸部・骨盤レントゲン,12760,12760
10208,13,,8,,7460,7460
10208,14,,8,,7460,7460
10208,2,,8,,7460,7460
10208,3,,8,,7460,7460
10208,4,13,,ＣＢＣ,8460,8460
10208,5,11,8,ＣＢＣ,13200,13200
10208,6,13,,,7460,7460
10208,7,9;14,8,ＣＢＣ,11420,11420
10208,8,10,8,心電図検査,9960,9960
10208,9,,8,,7460,7460
10209,1,1;2;3;4;5;6;7;8;9;10;12;13,6,,"18,490円",18490
10209,10,10;15,8,,"11,510円",11510
10209,11,,8,,"5,000円",5000
10209,12,,1;8,,"6,080円",6080
10209,13,,8,,"5,000円",5000
10209,14,,8,,"5,000円",5000
10209,2,13,,,"5,000円",5000
10209,3,13,,,"5,000円",5000
10209,4,13,,,"5,000円",5000
10209,5,10;11,4;8,,"15,680円",15680
10209,6,,8,,"5,000円",5000
10209,7,,8,,"5,000円",5000
10209,8,,8,,"5,000円",5000
10209,9,,8,,"5,000円",5000
10210,1,1;2;3;4;5;6;7;8;9;10;11;12;14,8,,,
10210,10,15,8,,,
10210,11,13,,,,
10210,12,10,1;8,,,
10210,13,,1;8,,,
10210,14,,1;8,,,
10210,2,,8,,,
10210,3,13,,,,
10210,4,13,,,,
10210,5,,8,,,
10210,6,,8,,,
10210,7,13,4,,,
10210,8,10,8,当院では母子手帳交付後第1回と第30週に不規則抗体検査を実施している,,
10210,9,,8,,,
10211,1,1;2;3;4;5;6;7;8;9;10;11;12;13,6,,,
10211,10,15,,,,
10211,11,10;13,,,,
10211,13,,1,,,
10211,4,13,,,,
10211,6,14,,,,
10211,8,9;10;13,,,,
10212,1,1;2;3;4;5;6;7;8;9;10;11;12;13;14,,B群溶血性レンサ球菌(GBS)検査,"28,680円",28680
10212,10,,1;8,,"9,860円",9860
10212,11,10;13;15,1,,"10,880円",10880
10212,12,,1;8,,"9,860円",9860
10212,13,,1;8,,"9,860円",9860
10212,14,,1;8,,"9,860円",9860
10212,2,13,,,"7,760円",7760
10212,3,,8,,"7,760円",7760
10212,4,,8,,"7,760円",7760
10212,5,13,,,"7,760円",7760
10212,6,9;10,8,,"11,170円",11170
10212,7,,8,,"7,760円",7760
10212,8,,8,,"7,760円",7760
10212,9,,8,,"7,760円",7760
10213,1,1;2;3;4;5;6;7;8;9;10;11;12;13;14,5;6,ＢＶスコア,27670,27670
10213,10,,8,,3800,3800
10213,11,10;15,1;8,,11480,11480
10213,12,13,1,,3120,3120
10213,13,,1;8,,3120,3120
10213,14,,1;8,,3120,3120
10213,2,,8,,3800,3800
10213,3,,8,,3800,3800
10213,4,13,,,3800,3800
10213,5,,4;8,血算,7470,7470
10213,6,,8,,3800,3800
10213,7,,8,,3800,3800
10213,8,13,,,3800,3800
10213,9,,8,,3800,3800
10214,1,1;2;3;4;5;6;7;8;9;10;11;12;13;14,3;6,,,
10214,10,15,8,,,
10214,11,13,1,,,
10214,12,10,8,,,
10214,13,,8,,,
10214,14,,8,,,
10214,2,,8,,,
10214,3,13,,,,
10214,4,,8,,,
10214,5,,4;8,,,
10214,6,9;10;13,9,,,
10214,7,,8;10,,,
10214,8,,8,,,
10214,9,,8,,,
10215,1,1;2;3;4;5;6;7;8;9;10;11;12;13;14,2;9,,"27,020円",27020
10215,10,,9,,"6,180円",6180
10215,11,10;13;15,1;9,,"12,080円",12080
10215,12,,9,,"6,180円",6180
10215,13,,9,,"6,180円",6180
10215,14,,1;9,,"8,280円",8280
10215,2,,9,,"6,180円",6180
10215,3,,9,,"6,180円",6180
10215,4,13,9;10,胎児スクリーニング超音波検査実施,"11,480円",11480
10215,5,,9,,"6,180円",6180
10215,6,,9,,"6,180円",6180
10215,7,9;10;13,2;9,血液型　Rh型の２回目採血を施行,"12,390円",12390
10215,8,,9;10,胎児スクリーニング超音波検査実施,"11,480円",11480
10215,9,,9,,"6,180円",6180
10216,1,1;2;3;4;5;6;7;8;9;10;11;12;13;14,6,,"29,320円",29320
10216,10,15,,,"9,470円",9470
10216,11,,,,"5,000円",5000
10216,12,10,1,,"9,560円",9560
10216,13,,1,,"7,300円",7300
10216,14,,1,,"7,300円",7300
10216,2,,,,"5,000円",5000
10216,3,,,,"5,000円",5000
10216,4,13,,,"8,000円",8000
10216,5,,,,"5,000円",5000
10216,6,9;10,,,"8,810円",8810
10216,7,,,,"5,000円",5000
10216,8,13,,,"8,000円",8000
10216,9,,,,"5,000円",5000
10217,1,1;2;3;4;5;6;7;8;9;10;11;12;14,6,15. B群溶血性レンサ球菌(GBS)検査,28220,28220
10217,10,13,1,,6100,6100
10217,11,10;15,,,9660,9660
10217,12,13,1,,6100,6100
10217,13,,1;8,,6100,6100
10217,14,,1;8,,6100,6100
10217,2,13,,,4000,4000
10217,3,,,,4000,4000
10217,4,13,,,4000,4000
10217,5,10,4,,7670,7670
10217,6,13,,,4000,4000
10217,7,,,,4000,4000
10217,8,,,,4000,4000
10217,9,,,,4000,4000
10219,1,1;2;3;4;5;6;7;8;9;10;11;12;13,6,"ヘモグロビンA1c
尿検査",23330,23330
10219,10,,,"胎児心拍ドップラー
尿検査",5000,5000
10219,11,10;13;15,1,尿検査,19750,19750
10219,12,,,"胎児心拍ドップラー
尿検査",5000,5000
10219,13,,,"胎児心拍ドップラー
尿検査",5000,5000
10219,14,,,"胎児心拍ドップラー
尿検査",5000,5000
10219,2,13,,尿検査,8000,8000
10219,3,,,"胎児心拍ドップラー
尿検査",5000,5000
10219,4,14,8,血算検査,11780,11780
10219,5,,,"胎児心拍ドップラー
尿検査",5000,5000
10219,6,,,"胎児心拍ドップラー
尿検査",5000,5000
10219,7,,,"胎児心拍ドップラー
尿検査",5000,5000
10219,8,9;10;13,,尿検査,11600,11600
10219,9,,,"胎児心拍ドップラー
尿検査",5000,5000
10221,1,1;2;3;4;5;6;7;8;9;10;11;12;14,6,,,
10221,11,10;13;15,,,,
10221,12,,1,,,
10221,13,,1,,,
10221,14,,1,,,
10221,2,13,,,,
10221,4,13,,,,
10221,5,9;10;13,,,,
10224,1,1;2;3;4;5;6;7;8;9;10;11;12,6;9,,23170,23170
10224,10,,,,6910,6910
10224,11,,1;2,,6910,6910
10224,12,,,,6910,6910
10224,13,,,,6910,6910
10224,14,,,,6910,6910
10224,2,,,,6910,6910
10224,3,,,,6910,6910
10224,4,14,,,6910,6910
10224,5,,,,6910,6910
10224,6,,,,6910,6910
10224,7,,,,6910,6910
10224,8,,,,6910,6910
10224,9,15,,,6910,6910
10226,1,1;2;3;4;5;6;7;8;9;10;11;12;13,6,,"23,500円",23500
10226,10,13;15,,,"10,630円",10630
10226,11,,1;8,,"6,000円",6000
10226,12,,1;8,,"6,000円",6000
10226,13,,1;8,,"6,000円",6000
10226,14,,1;8,,"6,000円",6000
10226,2,,8,,"5,500円",5500
10226,3,,8,,"5,500円",5500
10226,4,13,,,"5,500円",5500
10226,5,9;10,8,,"8,910円",8910
10226,6,,8,,"5,500円",5500
10226,7,13;14,,保険診療にて貧血検査（血清鉄・ﾌｪﾘﾁﾝ・TIBC）,"8,880円",8880
10226,8,,8,,"5,500円",5500
10226,9,,8,,"5,500円",5500
10227,1,1;3;4;5;6;7;8;12;13;14,,,"30,400円",30400
10227,10,,,,"6,600円",6600
10227,11,,,,"5,100円",5100
10227,12,13,,,"8,500円",8500
10227,13,,,,"3,200円",3200
10227,14,,,,"3,200円",3200
10227,2,,,,"3,200円",3200
10227,3,,,,"3,200円",3200
10227,4,13,,,"8,500円",8500
10227,5,11,,,"8,900円",8900
10227,6,,,,"3,200円",3200
10227,7,,,,"3,200円",3200
10227,8,13,,,"10,400円",10400
10227,9,,,,"3,200円",3200
10228,1,1;2;3;4;5;6;7;8;9;10;12;13;14,11,,25120,25120
10228,10,13,11,,8570,8570
10228,11,15,11,,7590,7590
10228,12,10,11,,7650,7650
10228,13,13,11,,8570,8570
10228,14,,11,,3790,3790
10228,2,,11,,6390,6390
10228,3,,11,,3790,3790
10228,4,13,11,,8570,8570
10228,5,,11,,5790,5790
10228,6,,11,,3790,3790
10228,7,9;10;11,11,,10230,10230
10228,8,,11,,3790,3790
10228,9,,11,,5790,5790
10229,1,1;2;3;4;5;6;7;8;9;10;11;12;13,6,,"33,100円",33100
10229,10,15,,前後の来院日調整して35週に実施,"12,600円",12600
10229,11,10;13,1,,"8,900円",8900
10229,12,,1,,"8,900円",8900
10229,13,,1,,"8,900円",8900
10229,14,,1,,"8,900円",8900
10229,2,13,,,"6,600円",6600
10229,3,,,,"6,600円",6600
10229,4,,9,,"13,600円",13600
10229,5,9;10;13;14,,,"12,600円",12600
10229,6,,,,"6,600円",6600
10229,7,,,,"6,600円",6600
10229,8,,,,"6,600円",6600
10229,9,,,,"6,600円",6600
10231,1,1;2;3;4;5;6;7;8;9;10;11;12;13;14,11,"GBS
心電図","27,840円",27840
10231,10,15,8,,"8,970円",8970
10231,11,10;13,2;3;11,BNP,"11,390円",11390
10231,12,,8,E3,"8,140円",8140
10231,13,,8,"E3
GBS","12,210円",12210
10231,14,,8,E3,"8,140円",8140
10231,2,,8,,"4,500円",4500
10231,3,13,,,"4,500円",4500
10231,4,,8;9,,"7,500円",7500
10231,5,9;10,2;4,BNP,"8,230円",8230
10231,6,13,8,,"4,500円",4500
10231,7,,8;9,,"7,500円",7500
10231,8,,2;8;11,"血算検査
BNP","8,100円",8100
10231,9,,8,,"4,500円",4500
10232,1,1;2;3;4;5;6;7;8;9;10;11;12;14,,,"22,360円",22360
10232,10,15,,,"7,820円",7820
10232,11,10,1,,"7,750円",7750
10232,12,13,,,"8,990円",8990
10232,13,,,,"5,060円",5060
10232,14,,,,"5,060円",5060
10232,2,,,,"5,060円",5060
10232,3,13,,,"8,990円",8990
10232,4,13,,,"8,990円",8990
10232,5,,,,"5,060円",5060
10232,6,13,4,,"11,190円",11190
10232,7,,,,"5,060円",5060
10232,8,9;10,,,"8,000円",8000
10232,9,,,,"5,060円",5060
10235,1,1;2;3;4;5;6;7;8;9;10;11;12;13;14,,,"27,400円",27400
10235,10,,8,,"5,000円",5000
10235,11,13;15,,,"9,000円",9000
10235,12,10,8,,"6,760円",6760
10235,13,,8,,"5,000円",5000
10235,14,,8,,"5,000円",5000
10235,2,,8,,"5,000円",5000
10235,3,,8,,"5,000円",5000
10235,4,13,9,,"5,000円",5000
10235,5,9;10,8,,"8,310円",8310
10235,6,,8,,"5,000円",5000
10235,7,,8,,"5,000円",5000
10235,8,13,9,,"5,000円",5000
10235,9,,8,,"5,000円",5000
10237,1,1;2;3;4;5;6;7;8;9;10;11;12;13,,,"22,400円",22400
10237,10,,8,,"6,590円",6590
10237,11,10;13,2,,"6,590円",6590
10237,12,,8,,"6,590円",6590
10237,13,,8,,"6,590円",6590
10237,14,,8,,"6,590円",6590
10237,2,,8,,"6,590円",6590
10237,3,14,8,"血算
BVスコア","8,870円",8870
10237,4,13,,血算,"6,590円",6590
10237,5,9;10,8,血算,"6,590円",6590
10237,6,,8,,"6,590円",6590
10237,7,,8,血算,"6,590円",6590
10237,8,13,,,"6,590円",6590
10237,9,,8,血算,"6,590円",6590
10238,1,1;2;3;4;5;6;7;8;9;10;12;13,,,"19,000円",19000
10238,10,,9,,"21,000円",21000
10238,11,10;13;15,,,"19,000円",19000
10238,12,,9,,"21,000円",21000
10238,13,,1;9,,"24,000円",24000
10238,14,,1,,"24,000円",24000
10238,2,,9,,"21,000円",21000
10238,3,,9,,"21,000円",21000
10238,4,13,,血算,"19,000円",19000
10238,5,,9,,"21,000円",21000
10238,6,,9,血算,"21,000円",21000
10238,7,9;10;11;13,,,"19,000円",19000
10238,8,14,9,血算,"21,000円",21000
10238,9,,9,,"21,000円",21000
10239,1,1;2;3;4;5;6;7;8;9;10;11;12;13;14,6,,"24,790円",24790
10239,10,,8,,"3,500円",3500
10239,11,10;13;15,,,"9,160円",9160
10239,12,,1;8,,"4,000円",4000
10239,13,,1;8,,"4,000円",4000
10239,14,,1;8,,"4,000円",4000
10239,2,,8,,"3,500円",3500
10239,3,,8,,"3,500円",3500
10239,4,13,,,"3,500円",3500
10239,5,10;13,4,,"7,170円",7170
10239,6,,8,,"3,500円",3500
10239,7,,8,,"3,500円",3500
10239,8,,8,,"3,500円",3500
10239,9,,8,,"3,500円",3500
10242,1,1;2;3;4;5;6;7;8;9;10;11;12;13;14,2;5;6;7,,,
10242,10,,3;8,,,
10242,11,10;13;15,,,,
10242,12,,1;8,,,
10242,4,13,9,,,
10242,5,9;10,8,,,
10242,7,13,,,,
10242,8,,8,,,
10245,1,1;2;3;4;5;6;7;8;9;10;11;12;13;14,,,,
10245,10,,8,,,
10245,11,13;15,,,,
10245,12,10,1;8,,,
10245,13,,8,,,
10245,14,,1;8,,,
10245,2,13,,,,
10245,3,,8,,,
10245,4,,8,,,
10245,5,9;13,4,,,
10245,6,,8,,,
10245,7,10,8,,,
10245,8,,8,,,
10245,9,,8,,,
10246,1,1;2;3;4;5;6;7;8;9;10;11;12;13,8;10;6,"当院では
4D超音波検査は毎回実施している",26420,26420
10246,10,15,8;10,,8300,8300
10246,11,10;13,1;10;11;8,助産師サポート,9880,9880
10246,12,13,8;10,,6690,6690
10246,13,,8;10,,5100,5100
10246,14,,1;8;10,,5100,5100
10246,2,13,10;11;8,当院では助産師による個別指導(助産師サポート)を3回行っています,5100,5100
10246,3,13,8;10,,9880,9880
10246,4,13;14,10;8,,8700,8700
10246,5,,8;10;9,胎児スクリーニング,9100,9100
10246,6,9;10;13,10;8,,13020,13020
10246,7,,8;10;11,,5100,5100
10246,8,13,8;10,助産師サポート,5100,5100
10246,9,,8;10,,5100,5100
10247,1,1;2;3;4;5;6;7;8;9;10;12;13;14,2,,,
10247,10,15,8,,,
10247,11,10,2;3;8,,,
10247,12,,8,,,
10247,13,,8,,,
10247,14,,1;8,,,
10247,2,13,,,,
10247,3,13,8,,,
10247,4,13,8,,,
10247,5,,8,,,
10247,6,9;10;11,8,,,
10247,7,,8,,,
10247,8,,8,,,
10247,9,,8,,,
10249,1,1;2;3;4;5;6;7;8;9;10;11;12;13,3;5;6;11,,,
10249,10,,8;11,,,
10249,11,10;13;15,3;11,,,
10249,12,,8;11,,,
10249,13,,8;11,,,
10249,14,,1;8;11,,,
10249,2,,8;11,,,
10249,3,,8;11,,,
10249,4,13;14,5;11,10. 血算検査,,
10249,5,9;10,4;8;11,,,
10249,6,,8;11,,,
10249,7,,8;11,,,
10249,8,13,2;3;11,"1. ABO血液型検査
2. Rh血液型検査
3. 不規則抗体検査
10. 血算検査",,
10249,9,,8;11,,,
10252,1,1;2;3;4;5;6;7;8;9;10;11;12;13,,,"25,430円",25430
10252,10,15,,,"8,760円",8760
10252,11,10;13,,,"11,670円",11670
10252,12,,,,"5,060円",5060
10252,13,,,,"5,060円",5060
10252,14,,,,"5,060円",5060
10252,2,,,,"5,060円",5060
10252,3,,,,"5,060円",5060
10252,4,13,,,"9,840円",9840
10252,5,,,,"5,060円",5060
10252,6,,,,"5,060円",5060
10252,7,9;10;13;14,,,"17,050円",17050
10252,8,,,,"5,060円",5060
10252,9,,,,"5,060円",5060
10257,1,1;2;3;4;5;6;7;8;9;10;11;12;13;14,6,,,
10257,10,,8,,,
10257,11,10;15,1;8,,,
10257,12,,1;8,,,
10257,13,,1;8,,,
10257,14,,1;8,,,
10257,2,13,,,,
10257,3,13,,,,
10257,4,13,,,,
10257,5,10,4;8,,,
10257,6,,8,,,
10257,7,,8,,,
10257,8,,8,,,
10257,9,,8,,,
10260,1,1;2;3;4;5;6;7;8;9;10;13;14,5;6;9;11,その他の指導は助産師指導になります。,"23,230円",23230
10260,10,,9,,"8,140円",8140
10260,11,15,1;9;11,その他の指導は助産師指導になります。,"5,030円",5030
10260,12,10,3;9,,"10,240円",10240
10260,13,,9,,"5,030円",5030
10260,14,,9,,"5,030円",5030
10260,2,,9,,"5,030円",5030
10260,3,,9,,"5,030円",5030
10260,4,,9,,"9,820円",9820
10260,5,,4;9;10,,"5,030円",5030
10260,6,,9,,"5,030円",5030
10260,7,10;11,2;9;11,その他の指導は助産師指導になります。,"5,030円",5030
10260,8,,9,,"17,030円",17030
10260,9,,9,,"5,030円",5030
10262,1,13,,,"6,310円",6310
10262,10,15,8,,"9,480円",9480
10262,11,10;13,,,"8,170円",8170
10262,12,,8,,"5,780円",5780
10262,13,,8,,"5,780円",5780
10262,14,,8,,"5,780円",5780
10262,2,1;2;3;4;5;6;7;8;9;10;11;12;13;14,,,"23,460円",23460
10262,3,,8,,"6,310円",6310
10262,4,,8,,"6,310円",6310
10262,5,13,,,"6,310円",6310
10262,6,,8,,"5,780円",5780
10262,7,,8,,"6,310円",6310
10262,8,9;10,8,,"9,190円",9190
10262,9,,8,,"6,310円",6310
10263,1,1;2;3;4;5;6;7;8;9;10;11;12;13;14,6,,,
10263,11,13;15,1,,,
10263,12,10,1,,,
10263,13,,1,,,
10263,14,,1,,,
10263,4,13,,,,
10263,8,9;10;13,,,,
10264,1,1;2;3;4;5;6;7;8;9;10;12;13,,,22300,22300
10264,10,,,,7000,7000
10264,11,15,,,10800,10800
10264,12,10;13,,,9260,9260
10264,13,,1,,8000,8000
10264,14,,1,,8000,8000
10264,2,,,,7000,7000
10264,3,13,,,7000,7000
10264,4,,9,,10300,10300
10264,5,,,,7000,7000
10264,6,,,,7000,7000
10264,7,9;10;11;13;14,,,17280,17280
10264,8,,9,,10300,10300
10264,9,,,,7000,7000
10265,1,1;2;3;4;5;6;7;8;9;10;12;13,2,,23510,23510
10265,10,15,8,当院ではB群溶血性レンサ球菌（GBS）検査は３５週以降に実施している。,10810,10810
10265,11,,8,,6820,6820
10265,12,10;13,1,,10700,10700
10265,13,,1;8,,8820,8820
10265,14,,1;8,,8820,8820
10265,2,,8,,6820,6820
10265,3,,8,,6820,6820
10265,4,13,,,6820,6820
10265,5,,8,,6820,6820
10265,6,,8,,6820,6820
10265,7,,8,,6820,6820
10265,8,9;10;11;13;14,,,17400,17400
10265,9,,8,,6820,6820
10268,1,1;2;3;4;5;6;7;8;9;10;12;13,,,"22,080円",22080
10268,10,,,,"5,750円",5750
10268,11,10;13;15,,,"17,110円",17110
10268,12,,,,"5,750円",5750
10268,13,,,,"5,750円",5750
10268,14,,,,"5,750円",5750
10268,2,,,,"5,750円",5750
10268,3,,,,"5,750円",5750
10268,4,14,,,"14,590円",14590
10268,5,,,,"5,750円",5750
10268,6,7;9;10;11,4,HTLV-1抗体検査は29週に実施。徳島県は、梅毒検査2回目実施指定あり。,"12,690円",12690
10268,7,,,,"5,750円",5750
10268,8,13,,,"11,050円",11050
10268,9,,,,"5,750円",5750
10269,1,1;2;3;4;5;6;7;8;10;11;12;13;14,6,,"27,790円",27790
10269,10,15,1;10,,"8,600円",8600
10269,11,13,1;10,,"8,500円",8500
10269,12,,1;10,,"8,500円",8500
10269,13,,1;10,,"8,500円",8500
10269,14,,1;10,,"8,500円",8500
10269,2,,8;11, B群溶血性レンサ球菌(GBS)検査,"7,700円",7700
10269,3,13,,,"6,500円",6500
10269,4,,8,,"6,500円",6500
10269,5,13,11,顆粒球ｴﾗｽﾀｰｾﾞ定性,"10,100円",10100
10269,6,10,8,,"6,500円",6500
10269,7,,10,,"6,500円",6500
10269,8,9,10;11,後期血液検査（血算・ＰＴ・APTT・ﾌｨﾌﾞﾘﾉｰｹﾞﾝ・FDP）,"10,490円",10490
10269,9,,10,,"6,500円",6500
10270,1,1;2;3;4;5;6;7;8;9;10;11;12;13,5;6;7;9,,"32,740円",32740
10270,10,,8;11,,"9,980円",9980
10270,11,10;13;15,,,"9,980円",9980
10270,12,,1;8,,"9,840円",9840
10270,13,,1;8,,,
10270,14,,1;8,,"8,380円",8380
10270,2,,8,,"6,380円",6380
10270,3,,8,,"6,380円",6380
10270,4,13,9,,"9,930円",9930
10270,5,9;10,2;8,,"6,380円",6380
10270,6,,8,,"6,380円",6380
10270,7,13,,,"8,380円",8380
10270,8,,8;9,,"11,030円",11030
10270,9,,8,,"6,380円",6380
10271,1,1;2;3;4;5;6;7;8;9;10;11;12;13,,超音波検査は毎回の妊婦健診時に実施,"24,830円",24830
10271,10,15,8,,"12,050円",12050
10271,11,10,1;8,血算検査は、実際は10回目の時（36週）に実施,"8,490円",8490
10271,12,13,,,"6,410円",6410
10271,13,,8,,"6,410円",6410
10271,14,,1;8,,"8,490円",8490
10271,2,,8,,"6,410円",6410
10271,3,14,8,,"10,170円",10170
10271,4,13,,,"6,410円",6410
10271,5,,8,,"6,410円",6410
10271,6,9;10,8,,"9,800円",9800
10271,7,,8,,"6,410円",6410
10271,8,13,,,"6,410円",6410
10271,9,,8,,"6,410円",6410
10272,1,1;2;3;4;5;6;7;8;9;10;11;12;13,2;5;6,,17000,17000
10272,10,,9,,5460,5460
10272,11,10;13;15,1;2;3;9,,22000,22000
10272,12,,9,,5460,5460
10272,13,,9,,5460,5460
10272,14,,1;9,,5460,5460
10272,2,,9,,5460,5460
10272,3,,9,,5460,5460
10272,4,13,9,,5460,5460
10272,5,9;10;14,9,,8800,8800
10272,6,,9,,5460,5460
10272,7,,9,,5460,5460
10272,8,13,9,,5460,5460
10272,9,,9,,5460,5460
10273,1,1;2;3;4;5;6;7;8;9;10;12;14,,,,
10273,10,13,,,,
10273,11,10;15,,,,
10273,12,,1,,,
10273,13,,1,,,
10273,14,,1,,,
10273,4,13,,,,
10273,5,10;11,4,,,
10273,7,13,,,,
10275,10,,8,,,
10275,11,13;15,1;3,,,
10275,12,,1;8,,,
10275,13,,1;8,,,
10275,14,,1;8,,,
10275,2,1;2;3;4;5;6;7;8;9;10;11;12;13,2,上記（望ましい基準内の項目）については1回目（母子手帳交付後初回）と同義,,
10275,3,13,,上記（望ましい基準内の項目 13.超音波検査）についてはすべての週で該当,,
10275,4,,8,,,
10275,5,13;14,4,,,
10275,6,,8,,,
10275,7,,8,,,
10275,8,,8,,,
10275,9,,8,,,
10276,1,1;2;3;4;5;6;7;8;9;10;11;12;14,9;10,,"30,950円",30950
10276,10,,9;10,,"6,510円",6510
10276,11,10;13;15,9;10,,"13,260円",13260
10276,12,,1;9;10,,"6,510円",6510
10276,13,,1;9;10,,"6,510円",6510
10276,14,,1;9;10,,"6,510円",6510
10276,2,13,9;10,,"6,510円",6510
10276,3,,9;10,,"6,510円",6510
10276,4,13,9;10,,"6,510円",6510
10276,5,,9;10,,"6,510円",6510
10276,6,9;10,9;10,,"11,860円",11860
10276,7,,9;10,,"6,510円",6510
10276,8,13,9;10,,"6,510円",6510
10276,9,,9;10,,"6,510円",6510
10277,1,1;2;3;4;5;6;7;8;9;10;12,8,,,
10277,11,10,8,,,
10277,12,,1,,,
10277,13,,1,,,
10277,14,,1,,,
10277,6,9;10;11;14,8,,,
10277,8,,8,,,
10278,1,1;2;3;4;5;6;7;8;9;10;11;12;13,,,"21,010円",21010
10278,10,15,8,,"9,200円",9200
10278,11,10;13,,,"9,200円",9200
10278,12,,8,,"5,000円",5000
10278,13,,8,,"5,000円",5000
10278,14,,8,,"5,000円",5000
10278,2,13,,,"5,000円",5000
10278,3,,8,,"5,000円",5000
10278,4,,8,,"5,000円",5000
10278,5,13,4,,"7,210円",7210
10278,6,,8,,"5,000円",5000
10278,7,9;10;14,8,,"12,590円",12590
10278,8,,8,,"5,000円",5000
10278,9,,8,,"5,000円",5000
10279,1,,,,"24,660円",24660
10279,10,,9,助産師外来,"8,560円",8560
10279,11,13;15,1,,"7,580円",7580
10279,12,,9,助産師外来,"7,640円",7640
10279,13,,9,院内助産分娩予定は助産師外来,"8,560円",8560
10279,14,,9,院内助産分娩予定は助産師外来,"3,780円",3780
10279,2,1;2;3;4;5;6;7;8;9;10;12;13;14,,,"6,380円",6380
10279,3,,9,14週は助産師外来,"3,780円",3780
10279,4,13,,助産師外来,"8,560円",8560
10279,5,,9,,"5,780円",5780
10279,6,,9,助産師外来,"3,780円",3780
10279,7,11;13,,,"10,220円",10220
10279,8,,9,助産師外来,"3,780円",3780
10279,9,,9,,"5,780円",5780
10280,1,1;2;4;5;6;7;8;10;11;13,,心電図,"20,000円",20000
10280,10,,,,"6,000円",6000
10280,11,10;13,,,"12,000円",12000
10280,12,,,,"6,000円",6000
10280,13,,,,"6,000円",6000
10280,14,,,,"6,000円",6000
10280,2,,,,"6,000円",6000
10280,3,,,,"6,000円",6000
10280,4,14,,,"12,000円",12000
10280,5,,,,"6,000円",6000
10280,6,10;13,,カンジダ培養B型肝炎抗原検査　　　　B群溶血性レンサ球菌(GBS)検査,"16,000円",16000
10280,7,,,,"6,000円",6000
10280,8,,,,"6,000円",6000
10280,9,,,,"6,000円",6000
10281,1,1;2;3;4;5;6;7;8;9;10;11;12;14,,,"20,740円",20740
10281,10,15,,B群溶血性レンサ球菌検査は人により色々で、10回目に統一してあります,"4,980円",4980
10281,11,10,,,"4,980円",4980
10281,12,13,,,"10,030円",10030
10281,13,,,,"4,980円",4980
10281,14,,,,"4,980円",4980
10281,2,13,,超音波検査は人により色々で、1・2・6・12回で統一してあります,"4,780円",4780
10281,3,13,,,"6,330円",6330
10281,4,,,,"3,980円",3980
10281,5,9;10,,血糖及び血算検査は人により色々で、5回に統一してあります,"3,980円",3980
10281,6,13,,,"7,980円",7980
10281,7,,,,"4,980円",4980
10281,8,,,,"8,030円",8030
10281,9,,,,"8,170円",8170
10282,1,1;2;3;4;5;6;7;8;9;10;12,,,"34,680円",34680
10282,10,,,,"4,000円",4000
10282,11,15,10,,"11,300円",11300
10282,12,,,血算,"6,100円",6100
10282,13,,,,"6,400円",6400
10282,14,,,,"4,000円",4000
10282,2,,,,"4,000円",4000
10282,3,13;14,,,"11,300円",11300
10282,4,13,10,,"7,500円",7500
10282,5,13,4;10,,"10,000円",10000
10282,6,,5,,"8,000円",8000
10282,7,13,10,,"7,500円",7500
10282,8,11,,血算,"9,900円",9900
10282,9,,10,,"7,500円",7500
10283,1,1;2;3;4;5;6;7;8;9;10;11;12;13,2;6,,"24,000円",24000
10283,10,,8,,"6,000円",6000
10283,11,13;15,11,,"15,500円",15500
10283,12,,1;8,,"8,000円",8000
10283,13,,1;8,,"8,000円",8000
10283,14,,1;8,,"8,000円",8000
10283,2,13,11,,"6,000円",6000
10283,3,14,8;9,,"7,600円",7600
10283,4,,8,,"6,000円",6000
10283,5,13,9,,"6,000円",6000
10283,6,,8,,"6,000円",6000
10283,7,,2;8;11,,"13,000円",13000
10283,8,,8,,"6,000円",6000
10283,9,,8,,"6,000円",6000
10284,1,,9,,,
10284,10,,9,,,
10284,11,10;15,9,,,
10284,12,,9,,,
10284,13,,1;9,,,
10284,14,,1;9,,,
10284,2,1;2;3;4;5;6;7;8;9;10;12,4;9,,,
10284,3,,9,,,
10284,4,,9,,,
10284,5,,9,,,
10284,6,,9,,,
10284,7,9;10;11;14,4;9,,,
10284,8,,9,,,
10284,9,,9,,,
10290,1,1;2;3;4;6;7;8;9;10;11;12;13,5;11,＊保健指導 ＊BV検査,27550,27550
10290,10,,2;3;8;11,＊保健指導　　＊生化学はC/Ｓ予定の方　腹部エコー,12180,12180
10290,11,13;15,8,*C/Sの方はNST,10550,10550
10290,12,,1;8,＊計画分娩は入院説明　　　腹部エコー,8080,8080
10290,13,,8,腹部エコー,6080,6080
10290,14,,8,腹部エコー,6080,6080
10290,2,,,*75gOGTT 経腟エコー,6080,6080
10290,3,,,腹部エコー,6080,6080
10290,4,13;14,,＊淋菌検査,10550,10550
10290,5,13,4;11,＊保健指導,16020,16020
10290,6,,8,*75gOGTT　　　　腹部エコー,6080,6080
10290,7,,8;9,腹部エコー,8580,8580
10290,8,,8,＊無痛希望者は32週までに無痛教室参加　　腹部エコー,10600,10600
10290,9,,8,＊母親学級1回参加　　腹部エコー,6080,6080
10292,1,1;2;3;4;5;6;7;8;9;10;11;12;13,,,"33,670円",33670
10292,10,,,,"5,490円",5490
10292,11,,8,,"9,870円",9870
10292,12,,,,"5,490円",5490
10292,13,,,,"5,090円",5090
10292,14,,,,"5,090円",5090
10292,2,13,,当院では超音波検査を20週までに4回実施している。,"8,970円",8970
10292,3,,,当院では血糖検査、血算検査を16週頃にも実施している。,"10,940円",10940
10292,4,,,当院では血算検査を20週頃にも実施している。,"10,830円",10830
10292,5,10,8,当院ではB群溶血性連鎖球菌（GBS)検査、GOT検査、GPT検査は24週に実施している。,"17,630円",17630
10292,6,,,,"5,490円",5490
10292,7,,8,,"10,270円",10270
10292,8,,,,"5,490円",5490
10292,9,,8,,"9,870円",9870
10293,1,1;2;3;4;5;6;7;8;9;10;12;13;14,2;3;6;7;11,,29390,29390
10293,10,15,,,2670,2670
10293,11,10;13,8,,6070,6070
10293,12,,8;11,,11090,11090
10293,13,,,,770,770
10293,14,,1;8,,5540,5540
10293,2,13,,,6070,6070
10293,3,,8,,6070,6070
10293,4,,8;9,,7970,7970
10293,5,11;13,11,,11900,11900
10293,6,9;10,7,7.サイトメガロウイルス抗体検査は全員ではない,770,770
10293,7,,8,,6070,6070
10293,8,,2;11,,6370,6370
10293,9,,8,,6070,6070
10294,1,1;2;3;4;5;6;7;8;9;10;11;12;13;14,,,,
10294,10,15,1,,,
10294,11,,1,,,
10294,12,10;13,,,,
10294,13,,1,,,
10294,14,,1,,,
10294,4,13,,,,
10294,8,9;10;13,2,,,
10295,1,1;2;3;4;5;6;7;8;9;10;12;13,,,24940,24940
10295,10,,8,,3780,3780
10295,11,13;15;10,2;3,,14220,14220
10295,12,,8,,3780,3780
10295,13,,8,,3780,3780
10295,14,,8,,3780,3780
10295,2,,8,,8560,8560
10295,3,,8,,8560,8560
10295,4,13,,,8560,8560
10295,5,,8,,8560,8560
10295,6,,8,,8560,8560
10295,7,9;10;11;13;14,,,17380,17380
10295,8,,8,,3780,3780
10295,9,,8,,3780,3780
10296,1,1;2;3;4;5;6;7;8;9;10;11;12;13,5;6;9,Hb1AC,"24,560円",24560
10296,10,,2;9,,"8,590円",8590
10296,11,13,9,,"6,300円",6300
10296,12,,1;9,,"7,000円",7000
10296,13,,1;9,,"7,000円",7000
10296,14,,1;9,,"7,000円",7000
10296,2,13,9,,"5,000円",5000
10296,3,,9,,"5,000円",5000
10296,4,,9;10,,"5,000円",5000
10296,5,13,9;10,,"5,000円",5000
10296,6,14,2;9;10,淋菌,"13,460円",13460
10296,7,,9;10,,"5,000円",5000
10296,8,,9;10,,"5,000円",5000
10296,9,,9,,"5,000円",5000
10298,1,1;2;3;4;5;6;7;8;9;10;11;12,5;6;9,前医との兼ね合いの事情でエコー保険になる場合は料金変動あり,"28,920円",28920
10298,10,,9,妊婦健診,"9,300円",9300
10298,11,13;15,,妊婦健診,"12,500円",12500
10298,12,10,1;3;9,妊婦健診,"14,180円",14180
10298,13,,1;9,妊婦健診,"11,300円",11300
10298,14,,1;9,妊婦健診,"11,300円",11300
10298,2,,9,妊婦健診,"7,300円",7300
10298,3,13;14,,妊婦健診,"13,240円",13240
10298,4,13,,妊婦健診,"9,800円",9800
10298,5,,9,妊婦健診,"9,300円",9300
10298,6,,4;9,妊婦健診,"11,300円",11300
10298,7,,9,妊婦健診,"9,300円",9300
10298,8,10;13,,妊婦健診,"11,910円",11910
10298,9,,9,妊婦健診,"9,300円",9300
10304,1,1;2;3;4;5;6;7;8;9;10;11;12;13;14,5;6;7,,"4,500円",4500
10304,10,,8;11,,"3,000円",3000
10304,11,10;15,8,,"3,000円",3000
10304,12,,1;8,,"3,000円",3000
10304,13,,1;8,,"3,000円",3000
10304,14,,1;8,,"3,000円",3000
10304,2,13,,,,
10304,3,13,11,,,
10304,4,13,,,,
10304,5,9;10,8,,,
10304,6,,9,,"2,000円",2000
10304,7,,8;11,,,
10304,8,,8,,"3,000円",3000
10304,9,,8,,"3,000円",3000
10305,1,1;2;3;4;5;6;7;8;9;10;11;12;13,6,,"26,000円",26000
10305,10,15,8,,"5,000円",5000
10305,11,10;13,,血糖検査,"10,000円",10000
10305,12,,1,,"6,000円",6000
10305,13,,1;8,,"6,000円",6000
10305,14,,1;8,,"6,000円",6000
10305,2,,8,,"5,000円",5000
10305,3,,8,,"5,000円",5000
10305,4,13,,,"5,000円",5000
10305,5,9;10,8,,"5,000円",5000
10305,6,,8,,"5,000円",5000
10305,7,,8,,"5,000円",5000
10305,8,14,8,,"5,000円",5000
10305,9,13,,,"5,000円",5000
10307,1,1;2;3;4;5;6;7;8;9;10;11;12;13;14,11,血糖値100以上、BMI25以上、GDM歴あり、DM家族歴あり、巨大児既往歴ありの場合はOGTTを施行,"24,370円",24370
10307,10,15,11,,"11,660円",11660
10307,11,13,11,,"10,120円",10120
10307,12,,11,,"7,860円",7860
10307,13,,11,,"7,860円",7860
10307,14,,11,NSTについて40週～実施,"7,860円",7860
10307,2,,11,,"7,860円",7860
10307,3,,11,,"7,860円",7860
10307,4,13,6;7;9;11,,"11,240円",11240
10307,5,,11,,"7,860円",7860
10307,6,,11,,"7,860円",7860
10307,7,13,4;11,無痛分娩、帝王切開予定の場合、凝固検査を実施。,"14,010円",14010
10307,8,,1;2;3;11,,"7,860円",7860
10307,9,,11,,"7,860円",7860
10308,1,1;2;3;4;5;6;7;8;9;10;11;12;13,,,"26,190円",26190
10308,10,15,,,"8,880円",8880
10308,11,10;13,1,,"11,720円",11720
10308,12,,,,"5,080円",5080
10308,13,,,,"5,080円",5080
10308,14,,,,"5,080円",5080
10308,2,,,,"5,080円",5080
10308,3,,,,"5,080円",5080
10308,4,,,,"9,860円",9860
10308,5,,,,"5,080円",5080
10308,6,,,,"5,080円",5080
10308,7,9;10;14,,,"17,650円",17650
10308,8,,,,"5,080円",5080
10308,9,,,,"5,080円",5080
10309,1,1;2;3;4;5;6;7;8;9;10;11;12;13,,ヘモグロビンA1c,27350,27350
10309,10,15,,,9200,9200
10309,11,,,,5000,5000
10309,12,10;13,,,12560,12560
10309,13,,,,5000,5000
10309,14,,,,5000,5000
10309,2,,,,5000,5000
10309,3,,,,5000,5000
10309,4,13,,,10300,10300
10309,5,,,,5000,5000
10309,6,,,,5000,5000
10309,7,9;10;13;14,,"ヘモグロビンA1c
Cooms試験",20290,20290
10309,8,,,,5000,5000
10309,9,,,,5000,5000
10310,1,1;2;3;4;5;6;7;8;9;10;11;12,5;6;8;11,,,
10310,10,,8,,,
10310,11,1;2;3;10;13;15,11,"当院ではABO血液型検査,Rh血液検査、不規則抗体検査は36週頃にも実施している",,
10310,12,,1;8,,,
10310,13,,8,,,
10310,14,,8,,,
10310,2,13,,,,
10310,3,14,8,,,
10310,4,13,11,,,
10310,5,,8,,,
10310,6,9;10,2;8,,,
10310,7,13,,,,
10310,8,,8;11,,,
10310,9,,8,,,
10312,1,1;2;3;4;5;6;7;8;9;10;11;13,,不規則抗体検査,22930,22930
10312,10,,8,,7300,7300
10312,11,10;13;15,,"不規則抗体検査
血液型不適合ABO抗体検査（小形のみ）",19990,19990
10312,12,,8,,7300,7300
10312,13,,8,,7300,7300
10312,14,,8,,7300,7300
10312,2,13,,,7300,7300
10312,3,,8,,7300,7300
10312,4,,8,,7300,7300
10312,5,10;13;14,4,淋菌検査,16420,16420
10312,6,,8,,7300,7300
10312,7,,8,,7300,7300
10312,8,,8,,7300,7300
10312,9,,8,,7300,7300
10313,1,13,,,"1,810円",1810
10313,10,,8,,"12,300円",12300
10313,11,10;13;15,,,"6,030円",6030
10313,12,,8,,"6,030円",6030
10313,13,,8,,"6,030円",6030
10313,14,,8,,"6,030円",6030
10313,2,1;2;3;4;5;6;7;8;9;10;11;12,6;8,,"23,350円",23350
10313,3,14,8,,"11,800円",11800
10313,4,13,,,"7,930円",7930
10313,5,9;10,8,,"6,030円",6030
10313,6,,8,,"16,890円",16890
10313,7,,8,,"6,030円",6030
10313,8,13,2,,"12,350円",12350
10313,9,,8,,"6,030円",6030
10314,1,1;2;3;4;5;6;7;8;9;10;11;12;13,,,"23,100円",23100
10314,10,,8,,"5,500円",5500
10314,11,,8,,"5,500円",5500
10314,12,,8,,"5,500円",5500
10314,13,,8,,"5,500円",5500
10314,14,,1;8,,"5,500円
NSTあり
(7,000円)",5500
10314,2,13,,,"5,500円",5500
10314,3,13,,,"5,500円",5500
10314,4,13,,,"5,500円",5500
10314,5,14,8,,"9,100円",9100
10314,6,,8,,"5,500円",5500
10314,7,9;10,8,,"9,280円",9280
10314,8,,8,,"5,500円",5500
10314,9,15,8,"・ABO血液型検査
・Rh血液型検査
・不規則抗体検査","13,540円",13540
10315,1,1;2;3;4;5;6;7;8;9;10;11;12;13;14,2;6;7;9,,"31,000円",31000
10315,10,,8;9,,"6,000円",6000
10315,11,10;13;15,1;3;6;7;9,サイトメガロウイルス検査は妊娠初期にサイトメガロIgG陰性の場合のみ実施,"18,000円",18000
10315,12,,1;8;9,,"8,000円",8000
10315,13,,1;8;9,,"8,000円",8000
10315,14,,1;8;9,,"8,000円",8000
10315,2,13,9,,"6,000円",6000
10315,3,,8;9,,"6,000円",6000
10315,4,,8;9,,"6,000円",6000
10315,5,13,9,,"6,000円",6000
10315,6,10,4;8;9,,"12,500円",12500
10315,7,,8;9,,"6,000円",6000
10315,8,,8;9,,"6,000円",6000
10315,9,,8;9,,"6,000円",6000
10317,1,1;2;3;4;5;6;7;8;9;10;11;12;13;14,6,費用はあくまで目安となります。必要に応じて受診、検査等が必要になる場合があります。,10520,10520
10317,10,,8,,7600,7600
10317,11,10;13;15,,,2930,2930
10317,12,,8,,0,0
10317,13,,1;8,,2000,2000
10317,14,,1;8,,2000,2000
10317,2,13,,,0,0
10317,3,,8,,0,0
10317,4,,8,,0,0
10317,5,9;10;13,2;4,,9520,9520
10317,6,,8,,0,0
10317,7,,8,,0,0
10317,8,,8,,0,0
10317,9,,8,,0,0
10319,1,1;2;4;5;6;7;8;9;10;11;12;13;14,2;5;6,,"30,000円",30000
10319,10,15,8,,"10,000円",10000
10319,11,13,1;2;3,,"15,000円",15000
10319,12,,1;8,,"6,000円",6000
10319,13,,1;8,,"6,000円",6000
10319,14,,1;8,,"6,000円",6000
10319,2,13,,,"6,000円",6000
10319,3,,8,,"6,000円",6000
10319,4,,8,,"6,000円",6000
10319,5,,2;4;8,不規則抗体検査,"15,000円",15000
10319,6,13,,,"6,000円",6000
10319,7,,8,,"6,000円",6000
10319,8,,8,,"6,000円",6000
10319,9,,8,,"6,000円",6000
10321,1,1;2;3;4;5;6;7;8;9;10;11;12;13;14,2;3;7;11,助産師外来にて、希望者の病棟案内そ実施,"38,400円",38400
10321,10,,8;11,,"8,000円",8000
10321,11,13;15,,,"8,000円",8000
10321,12,10,1,,"6,000円",6000
10321,13,,,,"6,000円",6000
10321,14,,1;11,,"6,000円",6000
10321,2,,4;8,随時血糖100ｍｇ/di以上の場合のみ75ｇＯＧＴＴ施行,"8,000円",8000
10321,3,,8;11,,"8,000円",8000
10321,4,13,,,"8,000円",8000
10321,5,,8,,"8,000円",8000
10321,6,,8;11,,"10,000円",10000
10321,7,9;10;13,4,随時血糖100ｍｇ/di以上の場合のみ75ｇＯＧＴＴ施行,"8,000円",8000
10321,8,,8,,"8,000円",8000
10321,9,,8,,"10,000円",10000
10326,1,1;2;3;4;5;6;7;8;9;10;12;13,,,,
10326,10,,8,,,
10326,11,15,1,,,
10326,12,10;13,1;8,,,
10326,13,,1;8,,,
10326,14,,1;8,,,
10326,2,13,,,,
10326,3,,8,,,
10326,4,,8,,,
10326,5,9;10;13,,,,
10326,6,11;14,8,,,
10326,7,,8,,,
10326,8,,8,,,
10326,9,,8,,,
10329,1,1;2;3;4;5;6;7;8;9;10;11;12;13,2;9,,,
10329,10,,9;10,,,
10329,11,15,1;9;10,,,
10329,12,,1;9;10,,,
10329,13,,1;9;10,,,
10329,14,,1;9;10,,,
10329,2,13,9,,,
10329,3,13,9,,,
10329,4,13;14,9,,,
10329,5,,4;9;10,,,
10329,6,,9;10,,,
10329,7,,9;10,,,
10329,8,,9;10,,,
10329,9,,9;10,,,
10331,1,1;2;3;4;5;6;7;8;9;10;11;12;13;14,6,"尿一般検査

梅毒トレポネーマ抗体定性","25,150円",25150
10331,10,,8,尿一般検査,"6,350円",6350
10331,11,13;15,,"尿一般検査

簡易培養","10,750円",10750
10331,12,,1;8,尿一般検査,"8,450円",8450
10331,13,,1;8,尿一般検査,"8,450円",8450
10331,14,,1;8,尿一般検査,"8,450円",8450
10331,2,,8,尿一般検査,"6,350円",6350
10331,3,,8,尿一般検査,"6,350円",6350
10331,4,13,,"尿一般検査

当院では血糖検査は20週頃実施している","8,700円",8700
10331,5,,8,尿一般検査,"6,350円",6350
10331,6,,8,尿一般検査,"6,350円",6350
10331,7,10;13,,尿一般検査,"8,610円",8610
10331,8,,8,尿一般検査,"6,350円",6350
10331,9,,8,尿一般検査,"6,350円",6350
10332,1,1;2;3;4;5;6;7;8;9;10;11;12;13;14,,,,
10332,11,10;15,,,,
10332,12,,1,,,
10332,13,,1,,,
10332,14,,1,,,
10332,4,13,,,,
10332,5,13,,"10．血算検査について
血糖検査（糖不可試験）",,
10332,9,10,,,,
10334,1,1;2;3;4;5;6;7;8;9;10;11;12;13;14,,,,
10334,10,13,,,,
10334,11,10;15,,,,
10334,14,13,,,,
10334,4,13,9,,,
10334,5,10,,,,
10334,6,,4,,,
10334,7,,9,,,
10336,1,1;2;3;4;5;6;7;8;9;10;11;12,9,,"28,340円",28340
10336,10,,9;11,妊婦指導料,"8,380円",8380
10336,11,,9,,"9,880円",9880
10336,12,,1;9;11,妊婦指導料,"16,540円",16540
10336,13,,9;11,妊婦指導料,"8,380円",8380
10336,14,,1;9;11,妊婦指導料,"8,180円",8180
10336,2,,9;11,妊婦指導料,"6,080円",6080
10336,3,,9;11,妊婦指導料,"8,380円",8380
10336,4,,9,,"8,380円",8380
10336,5,9;14,4;9,,"12,070円",12070
10336,6,,9;11,妊婦指導料,"8,380円",8380
10336,7,,9,,"6,080円",6080
10336,8,10,9;11,妊婦指導料,"10,430円",10430
10336,9,,9,,"6,080円",6080
10337,1,1;2;3;4;5;6;7;8;9;10;11;12,6;7,,"17,290円",17290
10337,10,15,,,"9,800円",9800
10337,11,10;13,3,,"13,820円",13820
10337,12,,,保険診療としてＮＳＴを実施している,"6,000円",6000
10337,13,,,保険診療としてＮＳＴを実施、ただし週2回目の場合は健診扱い,"6,000円",6000
10337,14,,,保険診療としてＮＳＴを実施、ただし週2回目の場合は健診扱い,"6,000円",6000
10337,2,14,,,"3,360円",3360
10337,3,,,,"6,000円",6000
10337,4,13,,,"11,300円",11300
10337,5,,,,"6,000円",6000
10337,6,,,,"6,000円",6000
10337,7,,,,"6,000円",6000
10337,8,9;10;13,,当院では不規則抗体検査は中期採血時にも実施している,"17,930円",17930
10337,9,,,,"6,000円",6000
10338,1,1;2;3;4;5;6;7;8;9;10;11;12;14,5,,,
10338,11,15,1,,,
10338,12,13,1,,,
10338,13,10,1,,,
10338,14,,1,,,
10338,2,13,,,,
10338,3,13,,,,
10338,4,,,血算検査,,
10338,5,,8,,,
10338,7,13,,,,
10338,8,10,8,"３０週で間接クームス２回目検査を実施
",,
10338,9,,8,,,
10340,1,1;2;3;4;5;6;7;8;9;10;11;12;13,,,"26,190円",26190
10340,10,15,,,"8,880円",8880
10340,11,10;13,1,,"11,720円",11720
10340,12,,,,"5,080円",5080
10340,13,,,,"5,080円",5080
10340,14,,,,"5,080円",5080
10340,2,,,,"5,080円",5080
10340,3,,,,"5,080円",5080
10340,4,13,9,,"9,860円",9860
10340,5,,,,"5,080円",5080
10340,6,9;10,,,"5,080円",5080
10340,7,13;14,,,"17,050円",17050
10340,8,,,,"5,080円",5080
10340,9,,,,"5,080円",5080
10342,1,1;2;3;4;5;6;7;8;9;10;12;13;14,,,"2,880円",2880
10342,10,,8,,"3,800円",3800
10342,11,10;13;15,,,"3,800円",3800
10342,12,,1;8,,"3,800円",3800
10342,13,,1;8,,"3,800円",3800
10342,14,,1;8,,"3,800円",3800
10342,2,13,,,730円,730
10342,3,,8,,730円,730
10342,4,,8,,730円,730
10342,5,9;11;13,,,"3,800円",3800
10342,6,,8,,"3,800円",3800
10342,7,,8,,"3,800円",3800
10342,8,,8,,"3,800円",3800
10342,9,10,8,,"3,800円",3800
10345,1,1;2;3;4;5;6;7;8;9;10;12;13,,,,
10345,11,3;10;13;15,1,不規則抗体検査（当院では2回実施している）,,
10345,4,13;14,,,,
10345,5,9;10;11,,,,
10345,6,9;10;11,4,,,
10345,7,13,,,,
10346,1,1;2;3;4;5;6;7;8;9;10;11;12;13;14;15,2;5;6,,,
10346,10,,8,,,
10346,11,10;15,2;8,,,
10346,12,,1;8,,,
10346,13,,1;8,,,
10346,14,,1;8,,,
10346,2,13,,,,
10346,3,13,,,,
10346,4,13,9,,,
10346,5,9;10,4;8,,,
10346,6,,8,,,
10346,7,,8,,,
10346,8,,8;9,,,
10346,9,,8,,,
10348,1,1;2;3;4;5;6;7;8;9;10;11;12;13;14,,,"35,556円",35556
10348,10,10,8,,"8,390円",8390
10348,11,15,1;8,当院ではB群溶血性レンサ球菌（GBS）検査は35週頃に実施している,"14,305円",14305
10348,12,,1;8,,"7,000円",7000
10348,13,,1;8,,"7,000円",7000
10348,14,,1;8,,"7,000円",7000
10348,2,13,,,"5,000円",5000
10348,3,13,,,"5,000円",5000
10348,4,13,,,"5,000円",5000
10348,5,,8,,"5,000円",5000
10348,6,,8,,"5,000円",5000
10348,7,9;10,8,当院では血糖検査・血算検査は26週頃～30週頃に実施している,"10,715円",10715
10348,8,,8,,"5,000円",5000
10348,9,,8,,"5,000円",5000
10350,1,1;2;3;4;5;6;7;8;9;10;11;12;13,2;6;7,,"36,320円",36320
10350,10,,8,,"10,690円",10690
10350,11,15,2;3;8,"梅毒・B型肝炎・C型肝炎
後期再検（36週）","26,620円",26620
10350,12,,1;8,,"15,890円",15890
10350,13,,8,,"10,690円",10690
10350,14,,8,,"10,690円",10690
10350,2,13,,,"5,800円",5800
10350,3,13,,,"10,690円",10690
10350,4,13,9,,"10,690円",10690
10350,5,,8,,"10,690円",10690
10350,6,9;10;14,8,不規則抗体再検（26週）,"22,080円",22080
10350,7,,8,,"10,690円",10690
10350,8,,8;9,,"10,690円",10690
10350,9,,8,,"10,690円",10690
10352,1,1;2;3;4;5;6;7;8;9;10;11;12;13,5;6,,"30,192円",30192
10352,10,,8,,"8,150円",8150
10352,11,10;13;15,2;3;11,"心電図
無痛分娩希望者は胸X－P(3,150円)","16,050円",16050
10352,12,,1;8,胎児心拍モニタリング,"11,150円",11150
10352,13,,1;8,,"11,150円",11150
10352,14,,1;8,,"11,150円",11150
10352,2,,8;11,,"8,500円",8500
10352,3,,8,,"8,150円",8150
10352,4,13;14,9,経腟超音波検査,"13,600円",13600
10352,5,9;10,4;8,,"13,313円",13313
10352,6,,8;11,,"8,150円",8150
10352,7,13,,,"8,150円",8150
10352,8,,8,血算検査,"9,095円",9095
10352,9,,8,,"8,150円",8150
10353,1,1;2;3;4;5;6;7;8;9;10;11;12;13,,,"26,190円",26190
10353,10,15,,,"8,880円",8880
10353,11,10;13,,,"11,720円",11720
10353,12,,,,"5,080円",5080
10353,13,,,,"5,080円",5080
10353,14,,,,"5,080円",5080
10353,2,,,,"5,080円",5080
10353,3,,,,"5,080円",5080
10353,4,13,,,"9,860円",9860
10353,5,,,,"5,080円",5080
10353,6,,,,"5,080円",5080
10353,7,9;10;13;14,,,"17,050円",17050
10353,8,,,,"5,080円",5080
10353,9,,,,"5,080円",5080
10355,1,1;2;3;4;5;6;7;8;9;10;12;13;14,,,"9,000円",9000
10355,10,15,,,"5,000円",5000
10355,11,,,,"5,000円",5000
10355,12,10;13,1,NSTは病名があれば、保険請求し、同様に妊娠40週にも施行します。,"7,000円",7000
10355,13,,,,"5,000円",5000
10355,14,,,,"5,000円",5000
10355,2,,,,"5,000円",5000
10355,3,,,,"5,000円",5000
10355,4,13,,4D超音波は望ましい基準内の超音波の中で患者サービスとして施行しています。,"7,000円",7000
10355,5,,,,"5,000円",5000
10355,6,,,,"5,000円",5000
10355,7,,,,"5,000円",5000
10355,8,9;10;11;13,3,凝固検査は無痛分娩を希望とする方を対象に施行します。,"8,840円",8840
10355,9,,,,"5,000円",5000
10357,1,1;2;3;4;5;6;7;8;9;10;11;12;13;14,,,"17,000円",17000
10357,10,15,9,,"9,980円",9980
10357,11,,9,,"6,190円",6190
10357,12,10,1;9,,"10,430円",10430
10357,13,,9,,"6,190円",6190
10357,14,,1;9,,"8,280円",8280
10357,2,13,,,"6,190円",6190
10357,3,13,,,"6,190円",6190
10357,4,13,,,"6,190円",6190
10357,5,,4;9,,"8,290円",8290
10357,6,,9,,"6,190円",6190
10357,7,,9,,"6,190円",6190
10357,8,,2;3;9,不規則抗体検査、B型肝炎抗原検査、C型肝炎抗体検査、梅毒血清反応検査,"15,330円",15330
10357,9,,9,,"6,190円",6190
10359,1,1;2;3;4;5;6;7;8;9;10;11;12;13,2,①5870（初回基本健診）②5270（２回目以降基本健診）③3270（同月2回目以降基本健診）,"28,920円",28920
10359,10,15,8,血算　　　　心電図            血液型・不規則抗体検査（里帰り出産の方）   ,"8,970円",8970
10359,11,,8,,"5,270円",5270
10359,12,13,1,,"10,570円",10570
10359,13,,8,,"5,270円",5270
10359,14,,1;8,,"5,270円",5270
10359,2,,8,,"5,270円",5270
10359,3,,8,,"5,270円",5270
10359,4,13;14,,B群溶血性レンサ球菌（ＧＢＳ）検査,"12,450円",12450
10359,5,9;10,4;8,,"8,650円",8650
10359,6,,8,,"5,270円",5270
10359,7,,8,,"5,270円",5270
10359,8,13,,,"13,950円",13950
10359,9,,8,,"5,270円",5270
10362,1,1;2;3;4;5;6;7;8;9;10;11;12;13;14,6,,28000,28000
10362,10,,9,,6000,6000
10362,11,13;15,10,,9600,9600
10362,12,10,9,,8200,8200
10362,13,,9,,6000,6000
10362,14,,1;9,,6000,6000
10362,2,13,,,6000,6000
10362,3,,9,,6000,6000
10362,4,,9,,6000,6000
10362,5,,4;9;10,,8300,8300
10362,6,,9,,6000,6000
10362,7,,9,,6000,6000
10362,8,10;13,10,不規則抗体検査（2回目）,9200,9200
10362,9,,9,,6000,6000
10366,1,1;2;3;4;5;6;7;8;9;10;12;13;14,,,,
10366,11,15,3,間接クームス,,
10366,12,,1,,,
10366,14,,1,,,
10366,4,13,,,,
10366,6,10;11,4,,,
10367,1,1;2;3;4;5;6;7;8;9;10;12;13,,,"21,060円",21060
10367,10,,8,,"6,000円",6000
10367,11,10;13;15,,,"11,010円",11010
10367,12,,1;8,,"6,000円",6000
10367,13,,1;8,,"6,000円",6000
10367,14,,1;8,,"6,000円",6000
10367,2,,8,,"6,000円",6000
10367,3,,8,,"6,000円",6000
10367,4,,8,,"6,000円",6000
10367,5,,8;9,,"6,000円",6000
10367,6,9;10;11;13;14,,,"14,570円",14570
10367,7,,8,,"6,000円",6000
10367,8,13,9,,"6,000円",6000
10367,9,,8,,"6,000円",6000
10368,1,1;2;3;4;5;6;7;8;9;10;11;12;14,6;8,"膣分泌物細菌培養検査
HbA1c","29,630円",29630
10368,10,,8,,"6,500円",6500
10368,11,10;13;15,1,"不規則抗体検査
無痛分娩希望者では凝固検査を追加","16,930円",16930
10368,12,,8,,"6,500円",6500
10368,13,,8,,"6,500円",6500
10368,14,,8,,"6,500円",6500
10368,2,13,9,,"16,500円",16500
10368,3,,8,,"6,500円",6500
10368,4,13,9,,"21,500円",21500
10368,5,13,,,"7,500円",7500
10368,6,10,4;8,,"10,360円",10360
10368,7,,8,,"6,500円",6500
10368,8,,8,,"6,500円",6500
10368,9,,8,,"6,500円",6500
10369,1,1;2;3;4;5;6;7;8;9;10;11;12;14,8,乳腺エコー,"4,500円",4500
10369,10,13;15,8,,"4,000円",4000
10369,11,10;13,1;8,不規則　　　　抗体血型　（２回目）,"8,990円",8990
10369,12,13,1;8,,"4,000円",4000
10369,13,13,1;8,,"4,000円",4000
10369,14,13,1;8,,"4,000円",4000
10369,2,,8,,"4,000円",4000
10369,3,,8,,"4,000円",4000
10369,4,,8,,"4,000円",4000
10369,5,13,8,,"4,000円",4000
10369,6,9;10;13,8,,"4,000円",4000
10369,7,13,8,,"4,000円",4000
10369,8,13,8,,"4,000円",4000
10369,9,13,8,,"4,000円",4000
10372,1,1;2;3;4;5;6;7;8;9;10;12;13;14,,尿一般検査、当院では淋病・クラミジア検査を初回に実施,,
10372,10,,2;3;8,"尿一般検査、ABO血液型検査、Rh血液型検査、不規則抗体検査、梅毒血清反応検査、血糖検査、血算検査、膣細菌培養検査、
クラミジア検査",,
10372,11,,8,尿一般検査、胸部xp,,
10372,12,,1,尿一般検査,,
10372,13,,1,尿一般検査,,
10372,14,,1,尿一般検査,,
10372,2,13,,尿一般検査,,
10372,3,13,,尿一般検査,,
10372,4,13,,尿一般検査,,
10372,5,9;10;11,8,尿一般検査,,
10372,6,,9,尿一般検査,,
10372,7,,8,尿一般検査,,
10372,8,,8,尿一般検査,,
10372,9,,8,尿一般検査,,
10373,1,1;2;3;4;5;6;7;8;9;10;11;12;14;13,6,細菌培養同定,23600,23600
10373,10,,8,,3800,3800
10373,11,10;15;13,,,10130,10130
10373,12,,8,,3800,3800
10373,13,,8,,3800,3800
10373,14,,8,,3800,3800
10373,2,13,,,3800,3800
10373,3,,8,,3800,3800
10373,4,,8,,3800,3800
10373,5,9;10;13,4,,7870,7870
10373,6,,8,,3800,3800
10373,7,,8,,3800,3800
10373,8,,8,,3800,3800
10373,9,,8,,3800,3800
10374,1,1;2;3;4;5;6;7;8;9;10;11;12;13;14,2;3;5;6,,"クラミジアあり　18,660円
クラミジアなし　16,620円",18660
10374,10,,9,,5230,5230
10374,11,,9,CTG（胎児心拍数陣痛図）,6000,6000
10374,12,,,CTG（胎児心拍数陣痛図）,6000,6000
10374,13,,,CTG（胎児心拍数陣痛図）,6000,6000
10374,14,,,CTG（胎児心拍数陣痛図）,6000,6000
10374,2,,9,,5000,5000
10374,3,,9,,5000,5000
10374,4,,9,,5000,5000
10374,5,,9,,5000,5000
10374,6,,9,,5000,5000
10374,7,,9,,5000,5000
10374,8,,9,,5350,5350
10374,9,,9,,7310,7310
10378,1,1;2;3;4;5;6;7;8;9;10;11;12;13;14,,,0円,0
10378,10,,,,"2,000円",2000
10378,11,10;15,3,,"2,700円",2700
10378,12,,,,"2,000円",2000
10378,13,,,,"2,000円",2000
10378,14,,,,"2,000円",2000
10378,6,9;10,4;9,,"2,210円",2210
10378,8,,,,"2,000円",2000
10378,9,,,,"2,000円",2000
10379,1,1;2;3;4;5;6;7;8;9;10;11;12;13,2,,,
10379,11,10;13;15,3,,,
10379,14,,1,,,
10379,3,13,,,,
10379,4,,9,,,
10379,5,10;14,4,,,
10379,7,13,,,,
10379,8,,9,,,
10380,1,1;2;3;4;5;6;7;8;9;10;11;12;13,,,22440,22440
10380,10,15,8,,5900,5900
10380,11,13,,,5000,5000
10380,12,,1;8,,9000,9000
10380,13,,1;8,B群溶血性レンサ球菌（GBS）検査,9900,9900
10380,14,,1;8,,9000,9000
10380,2,13,,,5000,5000
10380,3,,8,,5000,5000
10380,4,,8,,5000,5000
10380,5,13;14,,,10670,10670
10380,6,,8,,5000,5000
10380,7,9;10,8,,10400,10400
10380,8,,8,,5000,5000
10380,9,,8,,5000,5000
10382,1,1;2;3;4;5;6;7;8;9;10;11;12;13;14,2;5;6,,30760,30760
10382,10,,1;8,,8420,8420
10382,11,10;13;15,,,9950,9950
10382,12,,1;8,,8420,8420
10382,13,,1;8,,8420,8420
10382,14,,1;8,,8420,8420
10382,2,13,,当院では12週と36週にGBS検査を実施している,6320,6320
10382,3,,8,,3520,3520
10382,4,,8,,3520,3520
10382,5,9;10;13,,,7190,7190
10382,6,,8,,6320,6320
10382,7,,8,,3520,3520
10382,8,,8,,3520,3520
10382,9,,8,,3520,3520
10383,1,1;2;3;4;5;6;7;8;9;10;12,6,,"22,650円",22650
10383,10,,,,"6,000円",6000
10383,11,10;13;15,1,必要時ABO血液型、不規則抗体の採血実施,"19,630円",19630
10383,12,,,,"6,000円",6000
10383,13,,,,"6,000円",6000
10383,14,,,,"6,000円",6000
10383,2,14,,心電図検査（保険診療\390）,"10,180円",10180
10383,3,,,,"6,000円",6000
10383,4,13,,,"9,000円",9000
10383,5,,,,"6,000円",6000
10383,6,9;10;11,,,"12,630円",12630
10383,7,,,,"6,000円",6000
10383,8,13,,,"9,000円",9000
10383,9,,,,"6,000円",6000
10385,1,1;2;3;4;5;6;7;8;9;10;12;13,,,,
10385,10,15,8,,,
10385,11,13,,,,
10385,12,10,1;8,,,
10385,13,,1;8,,,
10385,14,,1;8,,,
10385,2,13,,,,
10385,3,,8,,,
10385,4,,8,,,
10385,5,13,,,,
10385,6,,8,,,
10385,7,9;10;11;14,8,,,
10385,8,,8,,,
10385,9,,8,,,
10386,1,1;2;3;4;5;6;7;8;9;10;12;13,,,,
10386,11,10;15,,,,
10386,4,9;10;11;14,,,,
10387,1,1;2;3;4;5;6;7;8;9;10;11;12;13,2,,18170,18170
10387,10,,8,,8060,8060
10387,11,10;13;15,9,,16490,16490
10387,12,,8,,8060,8060
10387,13,,8,,4880,4880
10387,14,,8;9,,10160,10160
10387,2,13,4,,7140,7140
10387,3,14,8,,11840,11840
10387,4,,8,,8060,8060
10387,5,9;13,4,,10200,10200
10387,6,,8,,8060,8060
10387,7,10,8,,10990,10990
10387,8,,8,,8060,8060
10387,9,,8,,8060,8060
10389,1,1;2;3;4;5;6;7;8;9;10;12,2;3;5;6;7,当院では、B群溶血性レンサ球菌（GBS）検査は、母子手帳交付後初回に実施している。,"32,450円",32450
10389,10,,10,,"5,780円",5780
10389,11,10;15,2;3;10,当院では、ABO血液型検査・Rh血液型検査・不規則抗体検査・血糖検査は、36週頃に実施している。,"18,280円",18280
10389,12,,1;10,,"5,880円",5880
10389,13,,1;10,,"5,880円",5880
10389,14,,1;10,,"5,880円",5880
10389,2,,,,"5,780円",5780
10389,3,,,,"5,780円",5780
10389,4,14,,,"13,240円",13240
10389,5,,10,,"5,780円",5780
10389,6,11,2;4;5;6;7;10,,"20,030円",20030
10389,7,,10,,"5,780円",5780
10389,8,,10,,"5,780円",5780
10389,9,,10,,"5,780円",5780
10390,1,1;2;3;4;5;6;7;8;9;10;11;12;13,,,"26,660円",26660
10390,10,,8,,"8,780円",8780
10390,11,13;15,,,"12,580円",12580
10390,12,,1;8,,"9,860円",9860
10390,13,,1;8,,"9,860円",9860
10390,14,,1;8,,"9,860円",9860
10390,2,,8,,"8,780円",8780
10390,3,,8,,"8,780円",8780
10390,4,13,,,"8,780円",8780
10390,5,10;14,4;8,,"12,890円",12890
10390,6,,8,,"8,780円",8780
10390,7,,8,,"8,780円",8780
10390,8,13,,,"8,780円",8780
10390,9,,8,"当院では血算検査は32週頃にしている。
無痛分娩希望者は32週頃に凝固検査をしている。","10,610円",10610
10391,1,,8,,,
10391,10,,8,,,
10391,11,13;15,1;9,,,
10391,12,,8,,,
10391,13,,1;8,,,
10391,14,,8,,,
10391,2,1;2;3;4;5;6;7;8;9;10;12;13;14,2;6,,,
10391,3,,8,,,
10391,4,13,9,,,
10391,5,,8,,,
10391,6,11,2;4,,,
10391,7,,8,,,
10391,8,13,9,,,
10391,9,,8,,,
10392,1,1;2;3;4;5;6;7;8;9;12;13,6;7,HbA1ｃ、細菌培養同定,"21,280円",21280
10392,10,,,,"8,450円",8450
10392,11,,,,"4,460円",4460
10392,12,,,無痛分娩の場合にPT、APTT（2520円）通常分娩の場合は0円,"11,120円",11120
10392,13,,,,"4,460円",4460
10392,14,,,,"4,460円",4460
10392,2,,,,"4,460円",4460
10392,3,,,,"4,460円",4460
10392,4,,,,"9,240円",9240
10392,5,,,,"4,460円",4460
10392,6,,,,"4,460円",4460
10392,7,,,,"4,460円",4460
10392,8,11;14,,HbA1c、腎機能採血,"19,820円",19820
10392,9,,,,"4,460円",4460
10393,1,1;2;3;4;5;6;7;8;9;10;11;12;13;14,2;5;6,細菌性腟症検査,"29,870円",29870
10393,10,,1;8,,"6,000円",6000
10393,11,10;13;15,,,"9,560円",9560
10393,12,,1;8,,"6,000円",6000
10393,13,,1;8,,"6,000円",6000
10393,14,,1;8,,"6,000円",6000
10393,2,13,,,"3,900円",3900
10393,3,,8,,"3,900円",3900
10393,4,,8,,"5,800円",5800
10393,5,10,2;4;8,,"8,400円",8400
10393,6,13,,,"3,900円",3900
10393,7,,8,心電図検査　　,"7,800円",7800
10393,8,,8,,"3,900円",3900
10393,9,,8,,"3,900円",3900
10394,1,1;2;3;4;5;6;7;8;9;10;12;13,,,"23,910円",23910
10394,10,,8,,"6,580円",6580
10394,11,10;13;15,,,"13,270円",13270
10394,12,,1;8,,"7,080円",7080
10394,13,,1;8,,"7,080円",7080
10394,14,,1;8,,"7,080円",7080
10394,2,,8,,"6,680円",6680
10394,3,,8,,"6,680円",6680
10394,4,,8,,"6,680円",6680
10394,5,,8,,"6,680円",6680
10394,6,9;10;11;13;14,,,"17,830円",17830
10394,7,,8,,"6,680円",6680
10394,8,13,,,"7,610円",7610
10394,9,,8,,"6,680円",6680
10395,1,1;2;3;4;5;6;7;8;9;10;12;13;14,,,30800,30800
10395,10,15,8,,8300,8300
10395,11,,8,,9800,9800
10395,12,10,8,,6400,6400
10395,13,13,,,9800,9800
10395,14,,1;8,当院ではGBS検査は39週頃にも実施している。,4500,4500
10395,2,,,当院では1回目と2回目が同じタイミングのため、空欄とした。,,
10395,3,,8,,4500,4500
10395,4,13,,,9800,9800
10395,5,,8,,4500,4500
10395,6,,8,,4500,4500
10395,7,9;10;11;13,,,11100,11100
10395,8,,8,,4500,4500
10395,9,,8,,4500,4500
10396,1,1;2;3;4;5;6;7;8;9;10;12;13,6;7,,"29,210円",29210
10396,10,,8,,"5,910円",5910
10396,11,13;15,,,"9,710円",9710
10396,12,,8,,"5,910円",5910
10396,13,,8,,"5,910円",5910
10396,14,,1;8,,"5,910円",5910
10396,2,,8,,"5,910円",5910
10396,3,,8,,"5,910円",5910
10396,4,13;14,,,"9,690円",9690
10396,5,,8,,"5,910円",5910
10396,6,,8,,"5,910円",5910
10396,7,9;11;13,4,,"12,590円",12590
10396,8,,8,,"5,910円",5910
10396,9,,8,,"5,910円",5910
10397,1,1;2;3;4;5;6;7;8;9;10;11;12;13;14,6,,"23,550円",23550
10397,10,,,,"5,500円",5500
10397,11,15,,,"9,850円",9850
10397,12,10,1;2,,"7,110円",7110
10397,13,,,,"5,010円",5010
10397,14,13,,,"7,610円",7610
10397,2,,,,"5,500円",5500
10397,3,,,,"5,500円",5500
10397,4,13,,,"5,500円",5500
10397,5,,,,"5,500円",5500
10397,6,9;10,,,"9,540円",9540
10397,7,,,,"5,500円",5500
10397,8,13,,,"5,500円",5500
10397,9,,,,"5,500円",5500
10399,1,1;2;8;9;12;13,,当院では、初期検査としてBVスコアを実施している。,,
10399,10,,11,,,
10399,11,10;15,,当院ではABO血液型検査と不規則抗体検査は３６週頃にも実施している。,,
10399,12,,1,,,
10399,2,3;4;5;6;7;10;11;14,2;6,当院では、12週に心電図、淋菌、ﾌｪﾘﾁﾝを実施している。,,
10399,4,13,,,,
10399,5,,4,,,
10399,8,10;13,,当院では、ＧＢＳ検査を３０週にも実施している。,,
10400,1,1;2;3;4;5;6;7;8;9;10;12,2;5;11,,"19,230円",19230
10400,10,,8,,"6,300円",6300
10400,11,10;13;15,3,,"13,300円",13300
10400,12,,1;8,,"8,300円",8300
10400,13,,1;8,,"8,300円",8300
10400,14,,1;8,,"8,300円",8300
10400,2,13,,,"6,300円",6300
10400,3,,11,,"6,300円",6300
10400,4,14,11,,"8,400円",8400
10400,5,9;10;11,11,,"10,670円",10670
10400,6,,4,,"6,300円",6300
10400,7,13,,,"6,300円",6300
10400,8,,8,血算検査を実施,"7,880円",7880
10400,9,,8;11,,"4,300円",4300
10401,1,13;14;15,,,"13,090円",13090
10401,10,15,8,,"9,800円",9800
10401,11,9;10;13,1;2;3,,"14,150円",14150
10401,12,13,1,,"8,100円",8100
10401,13,13,1,,"8,100円",8100
10401,14,13,1,,"8,100円",8100
10401,2,1;2;3;4;5;6;7;8;9;10;11;13,6,,"21,190円",21190
10401,3,,2;5;8,心電図,"15,410円",15410
10401,4,,8;9,,"11,000円",11000
10401,5,9;13,,,"6,000円",6000
10401,6,10,4;8,,"14,410円",14410
10401,7,,8,,"6,000円",6000
10401,8,,9,,"7,220円",7220
10401,9,,8,,"6,000円",6000
10402,1,12;14,,,,
10402,10,,11,,,
10402,11,10;13;15,1;3;11,,,
10402,12,,8;11,,,
10402,13,,1;11,,,
10402,14,,8;11,,,
10402,2,1;2;3;4;5;6;7;8;9;10;11;13,6;11,,,
10402,3,,8;11,,,
10402,4,13,11,,,
10402,5,9,11,,,
10402,6,,11,,,
10402,7,13,11,,,
10402,8,10,11,,,
10402,9,,11,,,
10405,1,1;2;3;4;5;6;7;8;9;10;12;13,,,"21,110円",21110
10405,10,15,8,,"10,970円",10970
10405,11,10;13,,,"8,910円",8910
10405,12,,1;8,,"8,000円",8000
10405,13,,8,,"6,500円",6500
10405,14,,1;8,,"8,000円",8000
10405,2,,8,,"6,500円",6500
10405,3,,8,,"6,500円",6500
10405,4,13,9,,"11,800円",11800
10405,5,9;11,8,,"11,880円",11880
10405,6,13,,,"6,500円",6500
10405,7,,8,,"6,500円",6500
10405,8,10;14,8,心電図,"7,800円",7800
10405,9,,8,,"6,500円",6500
10407,1,1;2;3;4;5;6;7;8;9;10;11;12;14,2;6;9;11,,"20,110円",20110
10407,10,,9,,"5,780円",5780
10407,11,10;15,2;9,,"11,440円",11440
10407,12,13,1,,"10,560円",10560
10407,13,,1;9,,"5,780円",5780
10407,14,,1;9,,"5,780円",5780
10407,2,13,,,"10,560円",10560
10407,3,,9,,"5,780円",5780
10407,4,13,,,"10,560円",10560
10407,5,9;10,2;9,,"9,190円",9190
10407,6,,9,,"5,680円",5680
10407,7,,9,,"5,780円",5780
10407,8,13,,,"10,560円",10560
10407,9,,9,,"5,780円",5780
10408,1,1;2;3;4;5;6;7;8;9;10;12;13,,,"21,280円",21280
10408,10,,,,"4,460円",4460
10408,11,15,,,"8,450円",8450
10408,12,13,,,"11,120円",11120
10408,13,,,,"4,460円",4460
10408,14,,,,"4,460円",4460
10408,2,,,,"4,460円",4460
10408,3,,,,"4,460円",4460
10408,4,13,,,"9,240円",9240
10408,5,,,,"4,460円",4460
10408,6,9;10;11,,,"4,460円",4460
10408,7,,,,"4,460円",4460
10408,8,13;14,,,"19,820円",19820
10408,9,,,,"4,460円",4460
10411,1,1;2;3;4;5;6;7;8;9;10;11;12;13;14,6;9,,29300,29300
10411,10,15,9,"GBSは34-35週（36週にしたいが、さいたま市の
補助券が使えなくなる）
GBS検査後34-35週で陰性だった場合再検している",11000,11000
10411,11,10,1;2;9,生化学はUAのみ。当院で初期検査をしていない人は血液型も。３６Wで再度B型肝炎・C型肝炎・梅毒検査,20000,20000
10411,12,,9,,7500,7500
10411,13,,9,初期と３４週の腟培養でGBSーの人のみGBS再検,7500,7500
10411,14,,9,,7500,7500
10411,2,,9,,初回に含まれる,
10411,3,,9,,7500,7500
10411,4,,9,,7500,7500
10411,5,10,4;9,尿酸あり,18900,18900
10411,6,,9,,7500,7500
10411,7,,2;9,"クレアチニン
グルコース
２６W血算検査",10300,10300
10411,8,,9,,7500,7500
10411,9,,9,,7500,7500
10412,1,1;2;3;4;5;6;7;8;9;10;11;12;13;14,,,,
10412,11,10;13;15,1,,,
10412,5,9;10;13,,,,
10413,1,1;2;3;4;6;7;8;10;12;13,11,,"21,500円",21500
10413,10,,8,,"5,900円",5900
10413,11,13;15,1;11,,"15,755円",15755
10413,12,10,8;11,,"8,975円",8975
10413,13,,,,"3,900円",3900
10413,14,,1;8,,"9,050円",9050
10413,2,,8;11,,"5,900円",5900
10413,3,,8,,"5,900円",5900
10413,4,13;14,9,,"11,570円",11570
10413,5,11,8,,"11,645円",11645
10413,6,,8,,"5,900円",5900
10413,7,9;10;13,9;11,バースクラス,"11,300円",11300
10413,8,,8,,"5,900円",5900
10413,9,,8,,"5,900円",5900
10415,1,1;2;3;4;5;6;7;8;9;10;11;12,5;6,クームス試験,29860,29860
10415,10,10,,当院ではABO血液型、RH血液型、不規則抗体検査、B型・C型肝炎抗原・抗体検査、梅毒血清反応検査、HTLV-1抗体検査、細菌顕微鏡・培養同定検査を実施している。,22540,22540
10415,11,,1,,9110,9110
10415,12,,,,8110,8110
10415,13,,1,,9110,9110
10415,14,,,,8110,8110
10415,2,,,,8110,8110
10415,3,,,,8110,8110
10415,4,13,,,13410,13410
10415,5,9;14,4,当院では不規則抗体検査を24週に実施している。,19140,19140
10415,6,,11,助産師外来を実施している,0,0
10415,7,13,,,13410,13410
10415,8,,11,助産師外来を実施している,0,0
10415,9,,,,8110,8110
10418,1,,6,,,
10418,10,,8,,,
10418,11,15,8,,,
10418,12,13,1,,,
10418,13,,8,,,
10418,14,,1,,,
10418,2,1;2;3;4;5;6;7;8;9;10;11;12;13,,麻疹抗体　水痘抗体　クラミジアIgG　IgA　膣細菌検査,,
10418,3,,8,,,
10418,4,13,,,,
10418,5,,8;9,,,
10418,6,10,4;8,,,
10418,7,,8,,,
10418,8,13;14,,,,
10418,9,,8,,,
10419,1,1;2;3;4;5;6;7;8;9;10;11;13,9,"当院では妊娠１２週頃実施
・場合によっては3D/4D超音波検査を実施","21,280円",21280
10419,10,15,9,"当院では妊娠36週頃実施
・場合によっては3D/4D超音波検査を実施","10,300円",10300
10419,11,,1;9,"当院では妊娠37週頃実施
・帝王切開になる方生化学検査、凝固検査、心電図、レントゲン、出血時間実施
・場合によっては3D/4D超音波検査を実施","10,100円",10100
10419,12,,9,"当院では妊娠38週頃実施
・場合によっては3D/4D超音波検査を実施","7,100円",7100
10419,13,,9,"当院では妊娠39週頃実施
・場合によっては3D/4D超音波検査を実施","7,100円",7100
10419,14,,9,"当院では妊娠40週頃実施
・場合によっては3D/4D超音波検査を実施","7,100円",7100
10419,2,13,9,"当院では妊娠１6週頃実施
・場合によっては3D/4D超音波検査を実施","9,880円",9880
10419,3,14,9,"当院では妊娠20週頃実施
・場合によっては3D/4D超音波検査を実施","13,700円",13700
10419,4,,9,"当院では妊娠24週頃実施
・当院では超音波検査は24週頃に実施
・場合によっては3D/4D超音波検査を実施","9,880円",9880
10419,5,,9,"当院では妊娠26週頃実施
・場合によっては3D/4D超音波検査を実施","7,100円",7100
10419,6,10;13,9,"当院では妊娠28週頃実施
・場合によっては3D/4D超音波検査を実施","13,020円",13020
10419,7,,9,"当院では妊娠30週頃実施
・場合によっては3D/4D超音波検査を実施","7,100円",7100
10419,8,,4;9,"当院では妊娠32週頃実施
・場合によっては3D/4D超音波検査を実施
・当院では血算検査は３２週頃実施","8,690円",8690
10419,9,,9,"当院では妊娠34週頃実施
・場合によっては3D/4D超音波検査を実施","7,100円",7100
10420,1,1;2;3;4;5;6;7;8;9;10;11;12;14,8,,30330,30330
10420,10,15,8,,8470,8470
10420,11,10;13;15,,,14530,14530
10420,12,,8,,8470,8470
10420,13,,1;8,,10570,10570
10420,14,,8,,8470,8470
10420,2,13,,,8470,8470
10420,3,,8,,8470,8470
10420,4,13,,,8470,8470
10420,5,,8,,8470,8470
10420,6,9;10,8,,12280,12280
10420,7,,8,,8470,8470
10420,8,13,,,8470,8470
10420,9,,8,,8470,8470
10421,1,1;2;3;4;5;6;7;8;9;10;12;13,2;6,,"32,200円",32200
10421,10,15,9,,"6,000円",6000
10421,11,,9,,"5,000円",5000
10421,12,10;13,,,"7,000円",7000
10421,13,,9,,"5,000円",5000
10421,14,,9,,"6,000円",6000
10421,2,,9;11,心電図,"6,500円",6500
10421,3,,9,,"5,000円",5000
10421,4,13,11,,"5,000円",5000
10421,5,,9,,"5,000円",5000
10421,6,,9,,"5,000円",5000
10421,7,,9,,"5,000円",5000
10421,8,9;10;11;13;14,,,"12,000円",12000
10421,9,,9;11,,"5,000円",5000
10422,1,1;2;3;4;5;6;7;8;9;10;11;12;14,6,,32260,32260
10422,10,,1;8,,7100,7100
10422,11,10;15,8;1,,16650,16650
10422,12,13,1,,7100,7100
10422,13,,1;8,,7100,7100
10422,14,,1;8,,7100,7100
10422,2,13,,,5000,5000
10422,3,13,,,5000,5000
10422,4,,8,,5000,5000
10422,5,9;10,4;8,,9065,9065
10422,6,13,,,5000,5000
10422,7,,8,,5000,5000
10422,8,,8,,5000,5000
10422,9,,8,,5000,5000
10423,1,1;2;3;4;5;6;7;8;9;10;11;12;13;14,8;11,"心電図


※超音波検査は毎回実施。","25,850円",25850
10423,10,13,8;9;10;11,,"8,580円",8580
10423,11,10;13;15,8;9;10;11,,"14,030円",14030
10423,12,13,8;9;10;11,,"8,580円",8580
10423,13,13,1;8;9;10;11,,"10,680円",10680
10423,14,13,1;8;9;10;11,,"10,680円",10680
10423,2,13,8;11,,"8,580円",8580
10423,3,13,8;10;11,,"8,580円",8580
10423,4,13,8;9;10;11,,"8,580円",8580
10423,5,13,8;9;10;11,,"8,580円",8580
10423,6,9;10;13,8;9;10;11,　　 ○,"12,770円",12770
10423,7,13,8;9;10;11,,"8,580円",8580
10423,8,13,8;9;10;11,,"8,580円",8580
10423,9,13,8;9;10;11,,"8,580円",8580
10424,1,1;2;3;4;5;6;7;8;9;10;11;12;13;14,,,"3,030円",3030
10424,10,,8,,"6,030円",6030
10424,11,,8,,"6,030円",6030
10424,12,10,8,,"6,030円",6030
10424,13,,8,,"6,030円",6030
10424,14,,1;8,,"6,030円",6030
10424,2,13,,,"3,030円",3030
10424,3,13,,,"3,030円",3030
10424,4,13,,,"6,030円",6030
10424,5,,8,,"6,030円",6030
10424,6,,8,,"6,030円",6030
10424,7,,8,,"6,030円",6030
10424,8,9;10,8,,"6,030円",6030
10424,9,15,8,,"6,030円",6030
10425,1,1;2;3;4;5;6;7;8;9;10;12;13,,塗抹鏡検,14610,14610
10425,10,,8,,8000,8000
10425,11,13;15,1,血糖検査,9000,9000
10425,12,,8,,9800,9800
10425,13,,1;8,,6500,6500
10425,14,,8,,5500,5500
10425,2,,8,,8200,8200
10425,3,,8,,8200,8200
10425,4,,8,,8200,8200
10425,5,9;10;11;13;14,,塗抹鏡検,8810,8810
10425,6,,8,,8000,8000
10425,7,13,,,8000,8000
10425,8,,8,,8000,8000
10425,9,,8,,8000,8000
10426,1,1;2;3;4;5;6;7;8;9;10;11;12,5;6;8;10,,34400,34400
10426,10,,8;10,,2000,2000
10426,11,10;13;15,10,,11300,11300
10426,12,,1;8;10,,4100,4100
10426,13,,1;8;10,,4100,4100
10426,14,,1;8;10,,4100,4100
10426,2,13,10,,5300,5300
10426,3,,8;10,,2000,2000
10426,4,13;14,9;10,血算,8300,8300
10426,5,,4;8;10,,3600,3600
10426,6,13,10,,5300,5300
10426,7,,8;10,,2000,2000
10426,8,10,8;9;10;11,無痛分娩希望の方は凝固検査,5000,5000
10426,9,,8;10,,2000,2000
10427,11,10;13;15,,,"13,160円",13160
10427,13,,1,,"1,000円",1000
10427,14,,1,,"1,000円",1000
10427,2,3;4;5;6;7;8;9;12;13,,,"16,770円",16770
10427,4,13,9,,"5,500円",5500
10427,7,10;11;13;14,4,,"15,570円",15570
10428,1,1;2;3;4;5;6;7;8;9;10;12,4,,"34,500円",34500
10428,10,,,,"6,000円",6000
10428,11,,,,"6,000円",6000
10428,12,,1,,"7,000円",7000
10428,13,,1;2;3,,"23,000円",23000
10428,14,,1,,"7,000円",7000
10428,2,,,,"6,000円",6000
10428,3,,,,"6,000円",6000
10428,4,13;14,,,"20,500円",20500
10428,5,9;10;11,4,,"15,000円",15000
10428,6,,,,"6,000円",6000
10428,7,,,,"6,000円",6000
10428,8,13,,,"11,500円",11500
10428,9,,,,"6,000円",6000
10429,1,1;2;3;4;5;6;7;8;9;12;13,2;3;6;7,,"28,260円",28260
10429,10,,8,,"4,870円",4870
10429,11,11;15,2;3;7;8,"3.不規則抗体
4.B型肝炎
5.C型肝炎
6.HIV
7.梅毒","27,800円",27800
10429,12,,8,,"4,870円",4870
10429,13,,8,,"4,870円",4870
10429,14,,1;8,,"4,870円",4870
10429,2,13,,,"4,870円",4870
10429,3,13,,,"4,870円",4870
10429,4,13,,,"4,870円",4870
10429,5,,9,,"7,370円",7370
10429,6,10;11;14,4;8,,"16,630円",16630
10429,7,,8,,"4,870円",4870
10429,8,,8,,"4,870円",4870
10429,9,,8,,"4,870円",4870
10431,1,1;2;3;4;5;6;7;8;9;10;11;12;13;14,10,,"23,650円",23650
10431,10,15,10,,"5,500円",5500
10431,11,10;13,10,,"6,260円",6260
10431,12,,10,,"4,000円",4000
10431,13,,1;10,,"6,000円",6000
10431,14,,1;10,,"6,000円",6000
10431,2,,10,,"4,000円",4000
10431,3,,10,,"4,000円",4000
10431,4,13,10,,"4,000円",4000
10431,5,,10,,"4,000円",4000
10431,6,9;10,10,,"7,810円",7810
10431,7,,10,,"4,000円",4000
10431,8,13,10,,"4,000円",4000
10431,9,,10,,"4,000円",4000
10432,1,1;2;3;4;5;6;7;8;9;10;12;13;14,5,当院では性器クラミジア検査は初期検査時に実施しています。,44010,44010
10432,10,,8,,6500,6500
10432,11,10;13;15,1,,16800,16800
10432,12,,1;8,,8500,8500
10432,13,,1;8,,8500,8500
10432,14,,1;8,,8500,8500
10432,2,,8,,6500,6500
10432,3,,8,,6500,6500
10432,4,13,,貧血検査20週ごろ1回,11300,11300
10432,5,,8,,6500,6500
10432,6,,8,,6500,6500
10432,7,9;10;11;13,,,13000,13000
10432,8,,8,,6500,6500
10432,9,,8,,6500,6500
10433,1,1;2;3;4;5;6;7;8;9;10;11;12;13,7,,"32,530円",32530
10433,10,,8,,"5,500円",5500
10433,11,13;15,3,初期のサイトメガロウイルス抗体が陰性だった方は36週頃の他の採血に合わせて陽転化していないかどうかを確認します。,"15,700円",15700
10433,12,,8,,"5,500円",5500
10433,13,,8,,"5,500円",5500
10433,14,,8,NSTは40週以降は毎回やります。,"5,500円",5500
10433,2,,8,初期のサイトメガロウイルス抗体が陽性だった方は，IgG/IgMを両方検査します。,"5,500円",5500
10433,3,,8,,"5,500円",5500
10433,4,13;14,,,"11,170円",11170
10433,5,9;10,8,,"11,515円",11515
10433,6,,8,,"5,500円",5500
10433,7,13,,,"5,500円",5500
10433,8,,8,,"5,500円",5500
10433,9,,8,,"5,500円",5500
10434,1,1;2;3;8;9;10;13,11,,"26,840円",26840
10434,10,13,11,当院では34週で血算検査を行っている,"7,000円",7000
10434,11,13;15,,,"5,800円",5800
10434,12,,9,,"5,000円",5000
10434,13,,1;9,,"7,100円",7100
10434,14,,1;9,,"7,100円",7100
10434,2,4;5;6;7;11;12;14,9;11,,"21,890円",21890
10434,3,,9,,"5,000円",5000
10434,4,13,11,,"5,000円",5000
10434,5,,9,,"5,000円",5000
10434,6,,9,,"5,000円",5000
10434,7,9;10,9,,"9,000円",9000
10434,8,,9,,"5,000円",5000
10434,9,,9,,"5,000円",5000
10435,1,1;2;3;4;5;6;7;8;9;11;12;13;10,11,,21800,21800
10435,10,,11,,3500,3500
10435,11,15,11,,9170,9170
10435,12,13,11,,5100,5100
10435,13,,11,,3500,3500
10435,14,,11,,3500,3500
10435,2,,11,,3500,3500
10435,3,,11,,3500,3500
10435,4,13,11,,5100,5100
10435,5,,11,,3500,3500
10435,6,10,11,,7110,7110
10435,7,14,11,,8480,8480
10435,8,9;10;13,11,当院では福岡県の妊婦健診検査項目に沿って血算検査を実施しているため、30週頃に実施している。,11610,11610
10435,9,,11,,3500,3500
10436,1,1;2;3;4;5;6;7;8;9;10;12;13;14,3;6,当院では初期採血としてＣＲＰも実施,"49,860円",49860
10436,10,,1;8,当院では超音波検査実施,"150,000円",150000
10436,11,13;15,1,,"15,000円",15000
10436,12,,1;8,当院では超音波検査実施,"15,000円",15000
10436,13,,1;8,当院では超音波検査実施,"15,000円",15000
10436,14,,1;8,当院では超音波検査実施,"15,000円",15000
10436,2,13,,,"7,000円",7000
10436,3,,8,当院では超音波検査実施,"7,000円",7000
10436,4,11,2;3;8;9,当院では中期採血として血算・ＣＲＰ検査も実施,"39,040円",39040
10436,5,13,,,"7,000円",7000
10436,6,,8,当院では超音波検査実施,"7,000円",7000
10436,7,,8,当院では超音波検査実施,"7,000円",7000
10436,8,9;10,1;2;3;9,当院では後期採血として1～7，9，10の項目を2回目実施。ＣＲＰも実施。,"30,960円",30960
10436,9,,1;8,当院では超音波検査実施,"15,000円",15000
10437,1,1;2;3;4;5;6;7;8;9;10;12;13,6,,"37,700円",37700
10437,10,,8,"血算
梅毒
B肝・C肝・HIV
不規則抗体
クラミジア","22,180円",22180
10437,11,13,,細菌培養,"10,080円",10080
10437,12,,,,"5,280円",5280
10437,13,,,,"5,280円",5280
10437,14,,,,"5,280円",5280
10437,2,13,,,"5,280円",5280
10437,3,,8,,"8,280円",8280
10437,4,,,,"5,280円",5280
10437,5,13,,細菌培養,"12,380円",12380
10437,6,,,血算,"5,280円",5280
10437,7,10;11,8,,"17,580円",17580
10437,8,,8,,"10,580円",10580
10437,9,,,,"5,280円",5280
10438,1,8;9;13;14,,,,
10438,10,10;13;15,,,,
10438,11,13,,,,
10438,12,13,1,,,
10438,13,13,1,,,
10438,14,13,1,,,
10438,2,1;2;3;4;5;6;7;10;11;12;13,,,,
10438,3,13,,,,
10438,4,13,,,,
10438,5,13,,,,
10438,6,9;10;13,,,,
10438,7,13,,,,
10438,8,13,,,,
10438,9,13,,,,
10440,1,1;2;3;4;5;6;7;8;9;10;11;12;13,2;3;6,,"26,730円",26730
10440,10,10;13,,,"14,070円",14070
10440,11,,1;9,,"5,000円",5000
10440,12,,1;9,,"5,000円",5000
10440,13,,1;9,,"5,000円",5000
10440,14,,1;9,,"5,000円",5000
10440,2,,9,,"5,000円",5000
10440,3,,9,,"5,000円",5000
10440,4,13,,,"8,630円",8630
10440,5,9;10,9,,"7,440円",7440
10440,6,,9,,"5,000円",5000
10440,7,13;14,,,"12,590円",12590
10440,8,,9,,"5,000円",5000
10440,9,,9,,"5,000円",5000
10441,1,,,,6000,6000
10441,10,,8,,6000,6000
10441,11,13;15,11,,9800,9800
10441,12,10,8,,7860,7860
10441,13,,8,,6000,6000
10441,14,,8,NSTは40週以降、週2回実施します。,6000,6000
10441,2,1;2;3;4;5;6;7;8;9;10;11;12;13,11,,21710,21710
10441,3,13,,,6000,6000
10441,4,,8;9;11,胎児スクリーニングエコーを行います。,6000,6000
10441,5,13,,,6000,6000
10441,6,,8,,6000,6000
10441,7,9;10;14,8;11,,13190,13190
10441,8,,8,,6000,6000
10441,9,,8;11,,6000,6000
10444,1,1;2;3;4;5;6;7;8;9;10;11;12;13,2;3;5,,"27,700円",27700
10444,10,,,,"5,500円",5500
10444,11,10;13;15,,,"10,050円",10050
10444,12,,1,,"6,500円",6500
10444,13,,,,"5,500円",5500
10444,14,,,,"5,500円",5500
10444,2,,,,"5,500円",5500
10444,3,,,,"5,500円",5500
10444,4,13,,,"5,500円",5500
10444,5,,,,"5,500円",5500
10444,6,9;10;13,,クームス試験,"10,900円",10900
10444,7,,,,"5,500円",5500
10444,8,14,,,"8,640円",8640
10444,9,,,,"5,500円",5500
10445,1,1;2;3;5;6;7;8;9;10;11;12,6,紹介受診で検査済みの項目がある場合は実施しない。,"19,000円",19000
10445,10,15,,,"10,000円",10000
10445,11,10,1,超音波は必要に応じて実施,"9,000円",9000
10445,12,,1,,"7,000円",7000
10445,13,,1,,"7,000円",7000
10445,14,,1,,"7,000円",7000
10445,2,,,,"5,000円",5000
10445,3,,,,"5,000円",5000
10445,4,13;14,,,"15,000円",15000
10445,5,,,,"5,000円",5000
10445,6,,,,"5,000円",5000
10445,7,9;10,2,,"12,000円",12000
10445,8,13,,,"8,000円",8000
10445,9,,1,,"5,000円",5000
10447,1,1;2;3;4;5;6;7;8;9;10;11;12;13,,超音波検査は毎回実施,,
10447,10,,8,超音波検査は毎回実施,,
10447,11,13;15,,超音波検査は毎回実施,,
10447,12,10,1;8,超音波検査は毎回実施,,
10447,13,,1;8,超音波検査は毎回実施,,
10447,14,,1;8,超音波検査は毎回実施,,
10447,2,13,,超音波検査は毎回実施,,
10447,3,,8,超音波検査は毎回実施,,
10447,4,,8;9,超音波検査は毎回実施,,
10447,5,13,,超音波検査は毎回実施,,
10447,6,,8,超音波検査は毎回実施,,
10447,7,9;10;14,8,超音波検査は毎回実施,,
10447,8,,8;9,超音波検査は毎回実施,,
10447,9,,8,超音波検査は毎回実施,,
10449,1,1;2;3;4;5;6;7;8;9;10;11;12;13;14,,,,
10449,11,10,,,,
10449,4,13,,,,
10449,5,9;10;13,,,,
10450,1,1;2;3;4;5;6;7;8;9;10;11;12;13,6;7,,18000,18000
10450,10,,8,,5830,5830
10450,11,10;15,1;8,,12020,12020
10450,12,,1;8,,5830,5830
10450,13,,1;8,,5830,5830
10450,14,,1;8,,5830,5830
10450,2,13,,,6360,6360
10450,3,13,,,6360,6360
10450,4,9;13,,,8310,8310
10450,5,,8,,6360,6360
10450,6,,8,,6360,6360
10450,7,10;14,8,,11470,11470
10450,8,,8,,5830,5830
10450,9,,8,,6360,6360
10452,1,1;2;3;4;5;6;7;8;9;10;11;13,6,,"18,200円",18200
10452,10,15,8;11,,"5,990円",5990
10452,11,13,1;2;3,"血算
梅毒
B型肝炎抗原
C型肝炎抗体","19,530円",19530
10452,12,,8,,"3,000円",3000
10452,13,,8,,"4,090円",4090
10452,14,,1;8,,"4,090円",4090
10452,2,12;13,,一般培養,"17,060円",17060
10452,3,,8,,"4,090円",4090
10452,4,14,8;9,,"14,870円",14870
10452,5,13,,,"4,090円",4090
10452,6,,2;8,"血糖
血算","14,020円",14020
10452,7,,8,,"4,090円",4090
10452,8,,8,,"4,090円",4090
10452,9,,8,,"4,090円",4090
10453,1,1;2;3;4;5;6;7;8;9;10;11;12;13;14,,,"24,230円",24230
10453,10,,,,"5,000円",5000
10453,11,10;13;15,,,"11,570円",11570
10453,12,,,,"5,000円",5000
10453,13,,,,"5,000円",5000
10453,14,,,,"5,000円",5000
10453,2,13,,,"5,000円",5000
10453,3,,,,"5,000円",5000
10453,4,,,,"6,310円",6310
10453,5,,,,"4,940円",4940
10453,6,,,,"5,000円",5000
10453,7,9;10;13,,,"10,090円",10090
10453,8,,,,"5,000円",5000
10453,9,,,,"5,000円",5000
10455,1,1;2;3;4;5;6;7;8;9;10;11;12;13;14,,,"28,500円",28500
10455,10,,8,,"7,000円",7000
10455,11,10;13;15,8,,"16,450円",16450
10455,12,,1;8,,"9,000円",9000
10455,13,,8,,"7,000円",7000
10455,14,,8,,"7,000円",7000
10455,2,13,,,"7,000円",7000
10455,3,,,,"7,000円",7000
10455,4,,,,"7,000円",7000
10455,5,13,8,,"7,000円",7000
10455,6,9;10,3;4;8,"血糖、血算、GCT
当院では28週
頃実施","11,850円",11850
10455,7,,8,,"7,000円",7000
10455,8,,8,,"10,880円",10880
10455,9,,8,,"7,000円",7000
10457,1,1;2;3;4;5;6;7;8;9;10;11;12;13,,,"34,160円",34160
10457,10,,,,"6,000円",6000
10457,11,10;15,8,,"13,500円",13500
10457,12,,1;8,,"8,500円",8500
10457,13,,1,,"8,500円",8500
10457,14,,1,,"8,500円",8500
10457,2,,11,初期指導,"6,000円",6000
10457,3,13,,,"11,000円",11000
10457,4,13;14,9,,"13,000円",13000
10457,5,9;10;13,,,"11,320円",11320
10457,6,,,,"6,000円",6000
10457,7,,11,尿漏れ問診・サポート体制の面談・内服薬確認など,"6,000円",6000
10457,8,,9,,"6,000円",6000
10457,9,,8,血算（貧血チェック）,"11,210円",11210
10458,1,1;2;8;9;13,,,"12,500円",12500
10458,10,15,9;11,,,
10458,11,10;13,2;3,,,
10458,12,,9;11,,,
10458,13,,1;9,,,
10458,14,,1;9,,,
10458,2,3;4;5;6;7;10;11;12;14,2;3;9;11,,,
10458,4,13,11,,,
10458,5,9;10,2,,,
10458,7,13,,,,
10461,1,1;2;3;4;5;6;7;8;9;10;12;13,2;6,,"23,597円",23597
10461,10,,8,,"4,580円",4580
10461,11,10;13;15,2;3,,"13,510円",13510
10461,12,,8,,"4,580円",4580
10461,13,,8,,"4,580円",4580
10461,14,,1;8,,"6,680円",6680
10461,2,,8,,"4,580円",4580
10461,3,,8,,"4,580円",4580
10461,4,13,,,"4,380円",4380
10461,5,,8,,"4,580円",4580
10461,6,,8,,"4,580円",4580
10461,7,9;10;11;13;14,,心電図,"16,230円",16230
10461,8,,8,,"4,580円",4580
10461,9,,8,,"4,580円",4580
10465,1,1;2;3;4;5;6;7;8;9;10;11;12;13,6,当院では初回の検診でクラミジア検査とGBS検査を実施している。,,
10465,10,,9,当院では定期健診の14回、超音波検査を実施している。,,
10465,11,15,9,当院では妊娠後期の検診でクラミジア検査を実施している。,,
10465,12,,9,当院では定期健診の14回、超音波検査を実施している。,,
10465,13,,9,当院では定期健診の14回、超音波検査を実施している。,,
10465,14,,9,当院では定期健診の14回、超音波検査を実施している。,,
10465,2,13,,,,
10465,3,13,,,,
10465,4,13,,,,
10465,5,,9,当院では定期健診の14回、超音波検査を実施している。,,
10465,6,,9,当院では定期健診の14回、超音波検査を実施している。,,
10465,7,14,9,当院では妊娠中期の検診でGBS検査を実施している。,,
10465,8,,9,当院では定期健診の14回、超音波検査を実施している。,,
10465,9,,9,当院では定期健診の14回、超音波検査を実施している。,,
10466,1,1;2;3;4;5;6;7;8;9;10;11;12;13;14,,,"27,000円",27000
10466,10,,8,,"5,300円",5300
10466,11,10;13;15,,,"7,100円",7100
10466,12,,8,,"5,300円",5300
10466,13,,8,,"5,300円",5300
10466,14,,8,,"5,300円",5300
10466,2,,8;9,,"16,300円",16300
10466,3,,8,,"5,300円",5300
10466,4,13,9,,"10,800円",10800
10466,5,,8,,"5,300円",5300
10466,6,9;10,8,,"5,900円",5900
10466,7,,8,,"5,300円",5300
10466,8,13,9,,"108,000円",108000
10466,9,,8,,"5,300円",5300
10468,1,1;2;3;4;5;6;7;8;9;10;11;12;13,,,25480,25480
10468,10,15,8,,11110,11110
10468,11,10;13,1,,10270,10270
10468,12,,1;8,,8410,8410
10468,13,,1;8,,8410,8410
10468,14,,1;8,,8410,8410
10468,2,,8,,7310,7310
10468,3,,8,,7310,7310
10468,4,13,,,7310,7310
10468,5,,8,,7310,7310
10468,6,9;10,8,,9170,9170
10468,7,,8,,7310,7310
10468,8,13;14,,,9590,9590
10468,9,,8,,7310,7310
10469,1,1;2;3;4;5;6;7;8;9;10;11;12;14,,"微生物学的検査
ラクトバチルス（Nスコア）","25,610円",25610
10469,10,,1;3,,"8,560円",8560
10469,11,15,,,"8,440円",8440
10469,12,10,1,,"9,670円",9670
10469,13,13,1,,"13,160円",13160
10469,14,,1,,"7,860円",7860
10469,2,13,,,"11,060円",11060
10469,3,,,,"5,760円",5760
10469,4,13,,,"10,540円",10540
10469,5,,,,"5,760円",5760
10469,6,,,,"5,760円",5760
10469,7,,,,"5,760円",5760
10469,8,9;10,4,,"8,600円",8600
10469,9,13,,,"11,060円",11060
10470,1,1;2;3;4;5;6;7;8;9;10;11;12;13,6,,25700,25700
10470,10,,8,,7510,7510
10470,11,13;15;10,1,,14810,14810
10470,12,10,1;8,,7510,7510
10470,13,,1;8,,7510,7510
10470,14,,1;8,,7510,7510
10470,2,1;2;3;4;5;6;7;8;9;10;11;12;13,6;8,,7510,7510
10470,3,,8,,7510,7510
10470,4,13;14,,,11290,11290
10470,5,10,4;8,,10890,10890
10470,6,,8,,7510,7510
10470,7,,8,,7510,7510
10470,8,10;13,,,7510,7510
10470,9,,8,,7510,7510
10471,1,1;2;3;4;5;6;7;8;9;10;11;12;13;14,,,"22,860円",22860
10471,10,15,8,,"10,150円",10150
10471,11,13,1,,"8,450円",8450
10471,12,10,1;8,当院では血液像検査を37週に実施している。,"9,210円",9210
10471,13,,1;8,,"8,450円",8450
10471,14,,1;8,,"8,450円",8450
10471,2,13,,,"6,350円",6350
10471,3,,8,,"6,350円",6350
10471,4,,8,,"6,350円",6350
10471,5,13,,,"6,350円",6350
10471,6,9;10,8,,"10,310円",10310
10471,7,,8,,"6,350円",6350
10471,8,,8,,"6,350円",6350
10471,9,,8,,"6,350円",6350
10472,1,1;2;3;4;5;6;7;8;9;10;11;12;13,6;9,,"20,000円",20000
10472,10,,8;9,血球,"10,000円",10000
10472,11,10;15,1;8;9,,"5,000円",5000
10472,12,,8;9,,"5,000円",5000
10472,13,,8;9,,"5,000円",5000
10472,14,,1;8;9,"※予定日超過している場合に実施

","5,000円",5000
10472,2,13,9,,"5,000円",5000
10472,3,13,9,"培養同定
（膣分泌）","7,000円",7000
10472,4,13,2;9,"赤血球
AST
ASL
HTLV-1抗体検査","7,000円",7000
10472,5,,8;9,,"5,000円",5000
10472,6,9;10;14,4;8;9,HTLV-1抗体検査,"12,500円",12500
10472,7,,8;9,,"5,000円",5000
10472,8,,8;9,,"5,000円",5000
10472,9,,8;9,,"5,000円",5000
10475,1,1;2;3;4;5;6;7;8;9;10;11;12;13,6,,"22,470円",22470
10475,10,,8,,"5,000円",5000
10475,11,10;13;15,,,"12,920円",12920
10475,12,,1;8,,"7,000円",7000
10475,13,,1;8,,"7,000円",7000
10475,14,,1;8,,"7,000円",7000
10475,2,13,,,"5,000円",5000
10475,3,,8,,"5,000円",5000
10475,4,,8,,"5,000円",5000
10475,5,13,,,"5,000円",5000
10475,6,,8,,"5,000円",5000
10475,7,,8,,"5,000円",5000
10475,8,10;14,4;8,,"12,450円",12450
10475,9,,8,,"5,000円",5000
10477,1,1;2;3;4;5;6;7;8;9;10;11;12;13;14,,,"23,390円",23390
10477,10,,8,,"5,000円",5000
10477,11,10;15,1;3,,"10,310円",10310
10477,12,13,,,"3,000円",3000
10477,13,,,,"3,000円",3000
10477,14,,8,,"3,000円",3000
10477,2,,8,,"5,320円",5320
10477,3,13,,,"5,000円",5000
10477,4,,8,,"5,000円",5000
10477,5,,8,,"5,000円",5000
10477,6,9;10,4;8,,"8,480円",8480
10477,7,13,,,"5,000円",5000
10477,8,,8,,"5,000円",5000
10477,9,,8,,"5,000円",5000
10478,1,1;2;3;4;5;6;7;8;9;11;12;15,6,,,
10478,11,13;15,,,,
10478,12,,1;8,,,
10478,13,,1,,,
10478,14,,1,,,
10478,2,13,,,,
10478,4,13;14,,,,
10478,5,,4,,,
10478,7,13,,,,
10478,9,,8,,,
10479,1,1;2;3;4;5;6;7;8;9;10;11;12;13,,,,
10479,10,15,,,,
10479,11,10;13,1,,,
10479,12,,1,,,
10479,13,,1,,,
10479,14,,1,,,
10479,5,9;10;13,,,,
10479,8,14,,,,
10481,1,1;2;3;4;5;6;7;8;9;10;11;12;13;14,5;6;11,CLチェック・麻しん抗体・帯下培養,31110,31110
10481,10,,8;11,,4500,4500
10481,11,10;13;15,1;11,ABO血液型判定・Rh血液型検査・不規則抗体検査,7900,7900
10481,12,,1;8,,6500,6500
10481,13,,1;8,,6500,6500
10481,14,,1;8,,6500,6500
10481,2,13,11,,6000,6000
10481,3,,8,,4500,4500
10481,4,,8,CLチェック,4500,4500
10481,5,10;13,4,血算検査・糖負荷試験は5回目または6回目で行う。,4500,4500
10481,6,,8;11,,7000,7000
10481,7,,8,,4500,4500
10481,8,,8,CLチェック,4500,4500
10481,9,,8,,4500,4500
10483,1,12;13,,,"8,200円",8200
10483,10,,8;11,助産師指導,"7,000円",7000
10483,11,10;13;15,1,,"13,000円",13000
10483,12,,1;8,,"9,000円",9000
10483,13,,1;8,,"9,000円",9000
10483,14,,1;8,,"9,000円",9000
10483,2,1;2;3;4;5;6;7;8;9;10;11,8,,"29,000円",29000
10483,3,13;14,,,"8,100円",8100
10483,4,,8,,"12,000円",12000
10483,5,13,11,助産師指導,"7,000円",7000
10483,6,9;10,8,,"8,000円",8000
10483,7,,8,,"7,000円",7000
10483,8,,8,,"7,000円",7000
10483,9,,8,,"7,000円",7000
10484,1,13,,,"6,300円",6300
10484,10,,,,"5,000円",5000
10484,11,10;15,,,"10,000円",10000
10484,12,,,,"5,000円",5000
10484,13,,,,"5,000円",5000
10484,14,,,,"5,000円",5000
10484,2,1;2;3;4;5;6;7;8;10;12;14,,,"24,350円",24350
10484,3,,,,"5,000円",5000
10484,4,13,,,"10,000円",10000
10484,5,13,4,,"10,000円",10000
10484,6,,,,"5,000円",5000
10484,7,,,,"5,000円",5000
10484,8,10;13,,,"11,700円",11700
10484,9,,,,"5,000円",5000
10487,1,1;2;3;4;5;6;7;8;9;10;11;12;14,8,S-M(腟),"33,480円",33480
10487,10,,8,,"12,000円",12000
10487,11,10;13;15,1;3,無痛分娩希望者には、凝固検査を実施します。,"16,450円（無痛分娩は+2,772円）",16450
10487,12,,8,,"6,000円",6000
10487,13,,,,"6,000円",6000
10487,14,,1,,"8,000円",8000
10487,2,13,,,"12,000円",12000
10487,3,,8,,"6,000円",6000
10487,4,13,,,"12,000円",12000
10487,5,,8,,"6,000円",6000
10487,6,,8,,"6,000円",6000
10487,7,10;13,4,,"14,860円",14860
10487,8,,8,,600円,600
10487,9,,8,,"6,000円",6000
10488,1,13,,,"11,000円",11000
10488,10,,8,,"8,800円",8800
10488,11,10;13;15,3,,"13,200円",13200
10488,12,,1;8,助産師外来,"14,000円",14000
10488,13,,1;8,,"9,000円",9000
10488,14,,1;8,,"9,000円",9000
10488,2,1;2;3;4;5;6;7;8;9;10;11;12;13;14,5;6,,"26,100円",26100
10488,3,,8,,"7,000円",7000
10488,4,,8;9,助産師外来,"17,000円",17000
10488,5,13,,,"7,000円",7000
10488,6,,8,,"7,000円",7000
10488,7,10,2;3;4;8;9,,"20,500円",20500
10488,8,,8,,"7,000円",7000
10488,9,,8,,"7,000円",7000
10489,1,1;2;3;4;5;6;7;8;9;10;11;12;14,9;10,,"24,340円",24340
10489,10,9;10;15,9;10,,"9,810円",9810
10489,11,,9;10,,"5,000円",5000
10489,12,,9;10,,"5,000円",5000
10489,13,,9;10,,"5,000円",5000
10489,14,,9;10,,"5,000円",5000
10489,2,,9;10,,"5,000円",5000
10489,3,,9;10,,"5,000円",5000
10489,4,,9;10,,"5,000円",5000
10489,5,,9;10,"血算
血糖","8,810円",8810
10489,6,,9;10,,"5,000円",5000
10489,7,,9;10,,"5,000円",5000
10489,8,,9;10,,"5,000円",5000
10489,9,,9;10,,"5,000円",5000
10490,1,1;2;3;7;8;10;12;13;14;9,2;6,,20000,20000
10490,10,15,8;11,血算検査,12700,12700
10490,11,10;13,,,6000,6000
10490,12,,1;8,,5000,5000
10490,13,,8,,6000,6000
10490,14,,1;8,,5000,5000
10490,2,4;5;6;9;11;13,8,,13500,13500
10490,3,,8;11,,9000,9000
10490,4,13,8,,6000,6000
10490,5,10;13,8;11,,9800,9800
10490,6,9;10;13,8,,6000,6000
10490,7,,8,,9000,9000
10490,8,,8,,6000,6000
10490,9,,8,,6000,6000
10491,1,1;2;3;4;5;6;7;8;9;10;13,6;11,"聞き取り、母親学級・緊急受診の案内
初回は12週頃に実施","5,950円",5950
10491,10,,8;11,入院までの流れの説明,"4,500円",4500
10491,11,13;15,1;11,分娩誘発の説明,"4,500円",4500
10491,12,,1;8,,"4,500円",4500
10491,13,,1;8,,"4,500円",4500
10491,14,,1;8,,"4,500円",4500
10491,2,12,8;11,食事・栄養指導,"4,500円",4500
10491,3,,8,,"4,500円",4500
10491,4,13,,,"4,500円",4500
10491,5,,8;11,バースプランの説明,"4,500円",4500
10491,6,,4;8;11,乳頭マッサージの指導,"4,710円",4710
10491,7,13;14,,,"4,500円",4500
10491,8,11,8,,"4,500円",4500
10491,9,,8,,"4,500円",4500
10492,1,1;2;3;4;5;6;7;8;9;10;11;12;13;14,2;6;7,5370円（必須）+1880円（任意）,30312,30312
10492,10,,8,0円,5760,5760
10492,11,10;13;15,2,0円,14340,14340
10492,12,,1;8,2000円,7760,7760
10492,13,,1;8,2000円,9520,9520
10492,14,,1;8,2000円,7760,7760
10492,2,,8,0円,5760,5760
10492,3,,8,0円,5760,5760
10492,4,,8,0円,5760,5760
10492,5,9;10,8,0円,9170,9170
10492,6,13,,0円,8210,8210
10492,7,,8,0円,5760,5760
10492,8,,,0円,10540,10540
10492,9,,8,0円,5760,5760
10493,1,1;2;3;4;5;6;7;8;9;10;11;12;13,2;6,,"29,210円",29210
10493,10,15,8,,"11,470円",11470
10493,11,10;13,2,,"9,260円",9260
10493,12,,1,,"10,000円",10000
10493,13,,8,,"6,000円",6000
10493,14,,,,"7,000円",7000
10493,2,14,8,,"11,180円",11180
10493,3,,8,,"6,000円",6000
10493,4,13,9;10,,"12,000円",12000
10493,5,,8,,"6,000円",6000
10493,6,9;10,8;10,,"12,810円",12810
10493,7,,8,,"6,000円",6000
10493,8,13,10,,"7,000円",7000
10493,9,,8,,"6,000円",6000
10494,1,1;2;3;4;5;6;7;8;9;10;11;12;13,6,,,
10494,11,10;13;15,11,乳房指導,,
10494,12,,11,NST,,
10494,2,13,,,,
10494,3,,8,,,
10494,4,,8;11,乳房指導,,
10494,5,13;14,,,,
10494,7,9;10,8,,,
10494,8,,8,,,
10496,1,1;2;3;4;5;6;7;8;9;10;11;12;13;14,,,"25,480円",25480
10496,10,,8,,"5,000円",5000
10496,11,13;15,,,"8,800円",8800
10496,12,10,1;8,,"5,500円",5500
10496,13,,1;8,,"5,500円",5500
10496,14,,1;8,,"5,500円",5500
10496,2,13,,,"5,000円",5000
10496,3,,8,,"5,000円",5000
10496,4,,8,,"5,000円",5000
10496,5,13,4,,"7,210円",7210
10496,6,,8,,"5,000円",5000
10496,7,,8,,"5,000円",5000
10496,8,10,8,当院では30週頃までに不規則抗体検査2回実施,"8,260円",8260
10496,9,,8,,"5,000円",5000
10497,1,1;2;3;4;5;6;7;8;9;10;11;12;13,,,"24,730円",24730
10497,10,15,,,"8,300円",8300
10497,11,,,,"5,100円",5100
10497,12,13,1,,"10,880円",10880
10497,13,,1,,"6,100円",6100
10497,14,,1,,"6,100円",6100
10497,2,,,,"5,100円",5100
10497,3,13,,,"9,880円",9880
10497,4,14,,,"8,700円",8700
10497,5,,,,"5,100円",5100
10497,6,10,,,"6,690円",6690
10497,7,,,,"5,100円",5100
10497,8,9;10;13,,,"13,020円",13020
10497,9,,,,"5,100円",5100
10499,1,1;2;3;4;5;6;7;8;9;10;12;13;14,3,,40370,40370
10499,10,15,8,当院ではABO/Rh血液型検査、血算検査は34週ごろにも実施している,10460,10460
10499,11,10;13,2;3,当院ではsFlt-1/PIGF比検査を36週ごろに実施している,15760,15760
10499,12,,8,,6960,6960
10499,13,,1;8,,6960,6960
10499,14,,1;8,,6960,6960
10499,2,13,,,6960,6960
10499,3,,8,,6960,6960
10499,4,,8,,6960,6960
10499,5,,9,,9300,9300
10499,6,9;10;11;13,,,17760,17760
10499,7,,8,,6960,6960
10499,8,,8,,6960,6960
10499,9,,8,,6960,6960
10500,1,1;2;3;4;5;6;7;8;9;10;12;13,,,"29,550円",29550
10500,10,,8,,"5,250円",5250
10500,11,10;13;15,,,"14,430円",14430
10500,12,,1;8,,"7,250円",7250
10500,13,,8,,"5,250円",5250
10500,14,,8,,"5,250円",5250
10500,2,,8,,"5,250円",5250
10500,3,13,,,"5,250円",5250
10500,4,,8,,"5,250円",5250
10500,5,9;10;11;13;14,,,"17,475円",17475
10500,6,,8,,"5,250円",5250
10500,7,,8,,"5,250円",5250
10500,8,,8,,"5,250円",5250
10500,9,,8,,"5,250円",5250
10504,1,1;2;3;4;5;6;7;8;9;10;11;12;13,,,,
10504,10,15,8;9,,,
10504,11,13,1;8;9,,,
10504,12,,8;9,,,
10504,13,,8;9,,,
10504,14,,8;9,,,
10504,2,13,,,,
10504,4,14,,,,
10504,5,13,4;8;9,,,
10504,6,,8;9,,,
10504,7,,8;9,,,
10504,8,,8;9,,,
10504,9,,8;9,,,
10506,1,13,,,"6,300円",6300
10506,10,,8,,"5,000円",5000
10506,11,10;15,1;8,,"10,000円",10000
10506,12,,1;8,,"5,000円",5000
10506,13,,1;8,,"5,000円",5000
10506,14,,1;8,,"5,000円",5000
10506,2,1;2;3;4;5;6;7;8;9;10;11;12;13;14,,,"24,350円",24350
10506,3,13,,,"5,000円",5000
10506,4,13,,,"10,000円",10000
10506,5,10,4;8,,"10,000円",10000
10506,6,,8,,"5,000円",5000
10506,7,,8,,"5,000円",5000
10506,8,,8,,"11,700円",11700
10506,9,,8,,"5,000円",5000
10507,1,1;2;3;4;5;6;7;8;9;10;11;12;13,10,,"27,040円",27040
10507,10,,10,,"7,280円",7280
10507,11,10;15,1;3;10,,"15,910円",15910
10507,12,13,10,,"7,280円",7280
10507,13,,1;10,,"9,380円",9380
10507,14,,10,,"7,280円",7280
10507,2,,10,,"7,280円",7280
10507,3,,10,,"7,280円",7280
10507,4,13,9;10,,"7,280円",7280
10507,5,9;10,10,,"11,090円",11090
10507,6,,10,,"7,280円",7280
10507,7,,10,,"7,280円",7280
10507,8,13;14,9;10,,"11,460円",11460
10507,9,,10,,"7,280円",7280
10508,1,13,,"週数によって変動あり
ハイリスク対象患者（院内規定）は下記金額+2500","6,500円",6500
10508,10,,8,ハイリスク対象患者（院内規定）は下記金額+2500,"6,500円",6500
10508,11,10;13,11,ハイリスク対象患者（院内規定）は下記金額+2500,"13,310円",13310
10508,12,,1;8,ハイリスク対象患者（院内規定）は下記金額+2500,"9,500円",9500
10508,13,,1;8,ハイリスク対象患者（院内規定）は下記金額+2500,"9,500円",9500
10508,14,,1;8,ハイリスク対象患者（院内規定）は下記金額+2500,"9,500円",9500
10508,2,1;2;3;4;5;6;7;8;9;10;11;12;13;14,11,ハイリスク対象患者（院内規定）は下記金額+2500,"26,000円",26000
10508,3,,8,ハイリスク対象患者（院内規定）は下記金額+2500,"6,500円",6500
10508,4,,8,ハイリスク対象患者（院内規定）は下記金額+2500,"6,500円",6500
10508,5,,8,ハイリスク対象患者（院内規定）は下記金額+2500,"6,500円",6500
10508,6,9;10;13,,ハイリスク対象患者（院内規定）は下記金額+2500,"6,500円",6500
10508,7,,8;11,ハイリスク対象患者（院内規定）は下記金額+2500,"10,430円",10430
10508,8,,8,ハイリスク対象患者（院内規定）は下記金額+2500,"6,500円",6500
10508,9,,8,ハイリスク対象患者（院内規定）は下記金額+2500,"6,500円",6500
10511,1,1;2;3;4;5;6;7;8;9;10;11;12;13;14,2;5;11,,"29,590円",29590
10511,10,,8,,"5,000円",5000
10511,11,10;15,1;2;3;11,,"14,410円",14410
10511,12,13,1,,"6,000円",6000
10511,13,,1;8,,"5,000円",5000
10511,14,,1,,"5,000円",5000
10511,2,,8,,"5,000円",5000
10511,3,,,,"5,000円",5000
10511,4,13,,,"6,000円",6000
10511,5,,8;11,,"5,000円",5000
10511,6,9;10,2,,"8,480円",8480
10511,7,,8,,"5,000円",5000
10511,8,13,11,,"6,000円",6000
10511,9,,,,"5,000円",5000
10513,1,1;2;3;4;5;6;7;8;9;10;11;12;13,6;9;10;11,,,
10513,10,,8;9;10,,,
10513,11,10;13;15,1;9;10;11,,,
10513,12,,1;8;9;10,,,
10513,13,,1;8;9;10,,,
10513,14,,1;8;9;10,,,
10513,2,13,9;10,,,
10513,3,,8;9;10,,,
10513,4,,8;9;10,"・当院では9.血糖検査を20週頃に実施している
・当院では10.血算検査を20週頃に実施している",,
10513,5,,8;9;10,,,
10513,6,13,9;10,,,
10513,7,14,8;9;10,,,
10513,8,,8;9;10,,,
10513,9,,8;9;10,,,
10515,1,1;2;3;4;5;6;7;8;9;10;11;12,8;11,助産師外来,"20,110円",20110
10515,10,15,8,,"9,450円",9450
10515,11,10,1;8;11,"助産師外来
B型肝炎抗原検査・梅毒血清反応検査を実施","7,560円",7560
10515,12,13,1,,"11,150円",11150
10515,13,,1;8,,"5,850円",5850
10515,14,,1;8,,"5,850円",5850
10515,2,,8;11,助産師外来,"5,850円",5850
10515,3,13,9;11,助産師外来,"11,150円",11150
10515,4,13,9,,"11,150円",11150
10515,5,,8,,"5,850円",5850
10515,6,14,8,,"9,390円",9390
10515,7,9;10,8,,"9,110円",9110
10515,8,13,9;11,助産師外来,"11,150円",11150
10515,9,,8,,"5,850円",5850
10516,1,1;2;3;4;5;6;7;8;9;10;11;12;13,2;3;6;7,,,
10516,10,,8,,,
10516,11,10;13;15,1;2;3,,,
10516,12,,1;8,,,
10516,13,,1;8,,,
10516,14,,1;8,,,
10516,2,,8,,,
10516,3,,8,,,
10516,4,13;14,,,,
10516,5,13,4,,,
10516,6,,8,,,
10516,7,10,8,,,
10516,8,,8,,,
10516,9,,8,,,
10518,1,1;2;3;4;5;6;7;8;9;10;11;12;14,,"初診料 2,000円　紹介状 3,000円",31090,31090
10518,10,,8,,5060,5060
10518,11,15,8,,11380,11380
10518,12,,1;8,,7160,7160
10518,13,10,8,,8160,8160
10518,14,,8,,5060,5060
10518,2,13,,,5060,5060
10518,3,13,4,,8060,8060
10518,4,13,8,,5060,5060
10518,5,13,,,5060,5060
10518,6,,8,,5060,5060
10518,7,,8,,5060,5060
10518,8,,8,,5060,5060
10518,9,9;10,8,,8870,8870
10520,1,1;2;3;4;5;6;7;8;9;10;11;12;13;14;15,2;5;6,,,
10520,10,,8;11,,"3,250円",3250
10520,11,10;15,1;8,,"3,250円",3250
10520,12,,8,,"3,250円",3250
10520,13,,1;8,,"3,250円",3250
10520,14,,1;8,,"3,250円",3250
10520,2,13,,,,
10520,3,13,11,,"2,000円",2000
10520,4,13,,,,
10520,5,,8,,,
10520,6,9;10,8,,,
10520,7,,8,,,
10520,8,,8,,,
10520,9,,8,,"3,250円",3250
10521,1,1;2;3;4;5;6;7;8;9;10;11;12;13;14,,,"28,350円",28350
10521,10,,8,,"6,500円",6500
10521,11,10;13;15,,,"11,950円",11950
10521,12,,8,,"6,500円",6500
10521,13,,1;8,,"7,600円",7600
10521,14,,1;8,,"7,600円",7600
10521,2,13,,,"6,500円",6500
10521,3,,8,,"6,500円",6500
10521,4,,8,,"6,500円",6500
10521,5,13,,,"6,500円",6500
10521,6,9;10,8,,"10,100円",10100
10521,7,,8,,"6,500円",6500
10521,8,,8,,"6,500円",6500
10521,9,,8,,"6,500円",6500
10522,1,1;2;3;4;5;6;7;8;9;10;11;12;13,6,,"24,000円",24000
10522,10,,8,,"7,000円",7000
10522,11,15,2;3;8,,"11,000円",11000
10522,12,,8,,"5,000円",5000
10522,13,,1,,"7,000円",7000
10522,14,,8,,"5,000円",5000
10522,2,13,,,"7,000円",7000
10522,3,13,,,"7,000円",7000
10522,4,,9,,"7,000円",7000
10522,5,13,,,"7,000円",7000
10522,6,10,4;8,,"15,000円",15000
10522,7,,8,,"7,000円",7000
10522,8,,9,,"7,000円",7000
10522,9,,8,,"7,000円",7000
10523,1,1;2;3;4;5;6;7;8;9;10;11;12;13,,必要時糖負荷試験,,
10523,11,15,1,,,
10523,12,10,1,,,
10523,13,,1,,,
10523,14,,1,,,
10523,4,14,11,,,
10523,5,9;10;13,,必要時糖負荷試験,,
10523,8,,11,"超音波検査
血算検査（必要時）",,
10525,1,1;2;3;4;5;6;7;8;9;10;11;12;13;14,2;8;9,,,
10525,10,,9,,,
10525,11,10;13;15,2;8;9,,,
10525,12,,9,,,
10525,13,,1;9,,,
10525,14,,1;9,,,
10525,2,13,8;9,,,
10525,3,,8;9,,,
10525,4,,8;9,,,
10525,5,9;10;13,8;9,,,
10525,6,,9,,,
10525,7,,8;9,,,
10525,8,,9,,,
10525,9,,8;9,,,
10526,1,1;2;3;4;5;6;7;8;9;10;11;12;13;14,,,"29,890円",29890
10526,10,,11,,"7,440円",7440
10526,11,15,3,,"16,530円",16530
10526,12,13,1,,"12,240円",12240
10526,13,,1,,"6,940円",6940
10526,14,,1,,"6,940円",6940
10526,2,13,11,,"12,480円",12480
10526,3,,,,"9,880円",9880
10526,4,,11,,"12,740円",12740
10526,5,,4,,"8,860円",8860
10526,6,,,,"4,840円",4840
10526,8,13,,,"10,140円",10140
10526,9,,,,"4,840円",4840
10527,1,1;2;3;4;5;6;7;8;9;10;11;12;13;14,2;6,,"31,724円(公費助成前)",31724
10527,10,15,,,"5,912円",5912
10527,11,10;13,1,,"後期検査費用 13,508円(公費助成前)",13508
10527,12,,1;8,,"6,542円",6542
10527,13,,1;8,,"6,542円",6542
10527,14,,1;8,,"6,542円",6542
10527,2,,,,"5,912円",5912
10527,3,,,,"5,912円",5912
10527,4,13,9,超音波技師による胎児超音波検査,"5,912円",5912
10527,6,10,4,,"中期検査費用 10,544円(公費助成前)",10544
10527,7,,,,"5,912円",5912
10527,8,13,9,超音波技師による胎児超音波検査,"5,912円",5912
10527,9,,,,"5,912円",5912
10528,1,1;2;3;4;5;6;7;8;9;10;11;12;13;14,6,Dダイマー、鉄、フェリチン、UIBC、IgG、IgM,"23,140円",23140
10528,10,,8,,"5,000円",5000
10528,11,13;15,3,"ATⅢ
Dダイマー","11,480円",11480
10528,12,,1;8,,"9,000円",9000
10528,13,,1;8,,"9,000円",9000
10528,14,,1;8,,"9,000円",9000
10528,2,13,,,"5,000円",5000
10528,3,,8,,"5,000円",5000
10528,4,,8,超音波検査（経腟）,"10,300円",10300
10528,5,13,,,"5,000円",5000
10528,6,,8,超音波検査（経腟）,"10,300円",10300
10528,7,9;10,2;8,Dダイマー,"7,620円",7620
10528,8,,8,,"5,000円",5000
10528,9,,8,,"5,000円",5000
10529,1,1;2;3;4;5;6;7;8;9;10;12;13,,,"26,720円",26720
10529,10,13,,,"5,030円",5030
10529,11,,,11回目以降の妊健はセミオープン先の病院で実施。,,
10529,2,13,,,"5,030円",5030
10529,3,13,,,"5,030円",5030
10529,4,10;13,,,"10,330円",10330
10529,5,13,,,"5,030円",5030
10529,6,10;13,,,"10,330円",10330
10529,7,9;10;11;13,,,"9,610円",9610
10529,8,10;13;14,,,"7,310円",7310
10529,9,13,,,"5,030円",5030
10530,1,1;2;3;4;5;6;7;8;9;10;11;12;13,,,"21,020円",21020
10530,10,,8,,"5,000円",5000
10530,11,10;13;15,,,"10,660円",10660
10530,12,,8,,"5,000円",5000
10530,13,,8,,"5,000円",5000
10530,14,,8,,"5,000円",5000
10530,2,,8,,"5,000円",5000
10530,3,,8,,"5,000円",5000
10530,4,13,9,,"5,000円",5000
10530,5,9;10,8,当院では血糖の値が100を超えた場合，血糖負荷試験を実施している,"9,010円",9010
10530,6,,8,,"5,000円",5000
10530,7,13;14,9,,"8,780円",8780
10530,8,,8,,"5,000円",5000
10530,9,,8,,"5,000円",5000
10531,1,,,,42000,42000
10531,10,,8,,12000,12000
10531,11,13;15,1,,8500,8500
10531,12,,1;8,,8500,8500
10531,13,,1;8,,8500,8500
10531,14,,8,,8500,8500
10531,2,1;2;3;4;5;6;7;8;9;10;11;12;13,,,6500,6500
10531,3,13,,,6500,6500
10531,4,,8,,6500,6500
10531,5,,8,,6500,6500
10531,6,9;10,8,,11500,11500
10531,7,,1;8,,6500,6500
10531,8,13,,,6500,6500
10531,9,,8,,11500,11500
10532,1,1;2;3;4;5;6;7;8;9;10;13,6,,"15,000円",15000
10532,10,,8,,"4,700円",4700
10532,11,10;13;15,1,当院ではABO血液型検査は34週頃にも実施している。,"12,000円",12000
10532,13,,8,,"4,700円",4700
10532,14,,8,,"4,700円",4700
10532,2,13,,,"4,700円",4700
10532,3,,8,,"4,700円",4700
10532,4,,8,,"4,700円",4700
10532,5,13,,,"4,700円",4700
10532,6,,8,,"4,700円",4700
10532,7,9;10;11;14,8,,"18,000円",18000
10532,8,,8,,"4,700円",4700
10532,9,,8,,"4,700円",4700
10533,1,1;2;3;4;5;6;7;8;9;10;11;12;13,6,間接クームスの実施あり,31060,31060
10533,10,,8,,8870,8870
10533,11,10;15,8,,15050,15050
10533,12,,1;8,,10820,10820
10533,13,,1;8,,10820,10820
10533,14,,1;8,,10820,10820
10533,2,13,,,3770,3770
10533,3,13,,,8870,8870
10533,4,13,,,8870,8870
10533,5,,8,,8870,8870
10533,6,9,8,,6120,6120
10533,7,,8,,8870,8870
10533,8,10;14,8,,14090,14090
10533,9,,8,,8870,8870
10534,1,1;2;3;4;5;6;7;8;9;10;11;12;13,6;11,"・尿検査（たんぱく、糖、ケトン体など）
・超音波検査は３D","24,560円",24560
10534,10,15,8;11,"・尿検査（たんぱく、糖、ケトン体など）
・超音波検査は３D","11,800円",11800
10534,11,,1;2;8;11,"・尿検査（たんぱく、糖、ケトン体など）
・不規則抗体検査
・超音波検査は３D","15,840円",15840
10534,12,,1;8;11,"・尿検査（たんぱく、糖、ケトン体など）
・超音波検査は３D","10,100円",10100
10534,13,,1;8;11,"・尿検査（たんぱく、糖、ケトン体など）
・超音波検査は３D","10,100円",10100
10534,14,,1;8;11,"・尿検査（たんぱく、糖、ケトン体など）
・超音波検査は３D","10,100円",10100
10534,2,13,11,"・尿検査（たんぱく、糖、ケトン体など）
・超音波検査は３D","8,000円",8000
10534,3,,8;11,"・尿検査（たんぱく、糖、ケトン体など）
・超音波検査は３D","8,000円",8000
10534,4,14,2;8;9;10;11,"・尿検査（たんぱく、糖、ケトン体など）
・超音波検査は３D","22,630円",22630
10534,5,,8;11,"・尿検査（たんぱく、糖、ケトン体など）
・超音波検査は３D","8,000円",8000
10534,6,,4;8;11,"・尿検査（たんぱく、糖、ケトン体など）
・超音波検査は３D","9,500円",9500
10534,7,,8;11,"・尿検査（たんぱく、糖、ケトン体など）
・超音波検査は３D","8,000円",8000
10534,8,,8;9;11,"・尿検査（たんぱく、糖、ケトン体など）
・超音波検査は３D","16,850円",16850
10534,9,,8;11,"・尿検査（たんぱく、糖、ケトン体など）
・超音波検査は３D","8,000円",8000
10535,1,1;2;3;4;5;6;7;8;9;10;11;12;14,,,"22,360円",22360
10535,10,15,,,"7,820円",7820
10535,11,10,,,"6,750円",6750
10535,12,13,,,"8,990円",8990
10535,13,,,,"5,060円",5060
10535,14,,,,"7,060円",7060
10535,2,,,,"5,060円",5060
10535,3,13,,,"8,990円",8990
10535,4,13,,,"8,990円",8990
10535,5,,,,"5,060円",5060
10535,6,13,,,"8,990円",8990
10535,7,,,,"5,060円",5060
10535,8,9;10,4,,"8,000円",8000
10535,9,,,,"5,060円",5060
10536,1,1;2;3;4;5;6;7;8;9;10;12;13,,,"23,140円",23140
10536,10,3;10,2;8,,"14,910円",14910
10536,11,15,8,,"11,970円",11970
10536,12,,1;8,,"9,500円",9500
10536,13,,1;8,,"7,500円",7500
10536,14,,1;8,,"7,500円",7500
10536,2,13,,,"9,500円",9500
10536,3,13,,,"7,500円",7500
10536,4,14,9,,"13,280円",13280
10536,5,13,,,"9,500円",9500
10536,6,9;10;11,8,,"14,340円",14340
10536,7,,8,,"7,500円",7500
10536,8,,9,,"9,500円",9500
10536,9,,8,,"7,500円",7500
10537,1,13,8,,2500,2500
10537,10,,8,,6000,6000
10537,11,10;15,8,,7960,7960
10537,12,13,1;8,,7000,7000
10537,13,,1;8,,7000,7000
10537,14,,1;8,,7000,7000
10537,2,1;2;3;4;5;6;7;8;9;10;11;12;13;14,8,水痘・麻疹・ムンプスウイルス抗体,30980,30980
10537,3,13,8,,6000,6000
10537,4,13,8,,6000,6000
10537,5,9;10,8,,6570,6570
10537,6,,8,,6000,6000
10537,7,,8,,6000,6000
10537,8,13,8,,6000,6000
10537,9,,8,,6000,6000
10538,10,15,2;8,血算検査3回目を34週頃実施,,
10538,11,13,1,,,
10538,12,,1;8,,,
10538,13,10,1;2;8,,,
10538,14,,1;8,,,
10538,2,1;2;3;4;5;6;7;8;9;10;11;12;13,,,,
10538,3,13,,,,
10538,4,,8,,,
10538,5,9;10;13,,,,
10538,6,,8,,,
10538,7,14,8,,,
10538,8,,8,,,
10538,9,,8,,,
10539,1,1;2;3;4;5;6;7;8;9;10;11;12;13;14,3;6;11,,"約23,000円",23000
10539,10,,8;11,,"6,000円",6000
10539,11,10;13;15,,,"約15,000円",15000
10539,12,,1;8,,"8,500円",8500
10539,13,,8,,"6,000円",6000
10539,14,,1;8,,"8,500円",8500
10539,2,13,,,"6,000円",6000
10539,3,,8,,"6,000円",6000
10539,4,,8;9,,"約14,000円(単胎)
約18,000円(多胎)",14000
10539,5,13,,,"約10,000円",10000
10539,6,,4;8,,"約10,000円",10000
10539,7,,8,,"6,000円",6000
10539,8,10,3,,"約9,500円",9500
10539,9,,8,,"6,000円",6000
10541,1,1;2;3;4;5;6;7;8;9;10;11;12;13;14,,HbA1c,"25,970円",25970
10541,10,,8,,"5,300円",5300
10541,11,15,1;8,,"11,610円",11610
10541,12,10;13,3,,"8,930円",8930
10541,13,,1;8,,"6,800円",6800
10541,14,,8,,"5,300円",5300
10541,2,,8,,"5,300円",5300
10541,3,13,,,"5,300円",5300
10541,4,,8,,"5,300円",5300
10541,5,9;10;13,,"HbA1c
不規則抗体","9,470円",9470
10541,6,,8,,"5,300円",5300
10541,7,,8,,"5,300円",5300
10541,8,,8,,"5,300円",5300
10541,9,,8,,"5,300円",5300
10542,1,13,,,"9,000円",9000
10542,10,15,8,,"11,140円",11140
10542,11,10;13,3,,"9,830円",9830
10542,12,,1;8,,"9,000円",9000
10542,13,,1;8,,"9,000円",9000
10542,14,,1;8,,"9,000円",9000
10542,2,1;2;3;4;5;6;7;8;9;10;12,8,,"27,385円",27385
10542,3,,8,,"7,000円",7000
10542,4,13;14,9,,"16,360円",16360
10542,5,,8,,"7,000円",7000
10542,6,,8,,"7,000円",7000
10542,7,9;10;11;13,,,"15,650円",15650
10542,8,,8;9,,"12,300円",12300
10542,9,,8,,"7,000円",7000
10543,1,1;2;3;4;5;6;7;8;9;10;13,2,,"24,990円",24990
10543,10,,,,0円,0
10543,11,10;15,,,"11,820円",11820
10543,12,13,,,"8,580円",8580
10543,13,,1,,"5,380円",5380
10543,14,,1;8,,"10,680円",10680
10543,2,,8,,"8,580円",8580
10543,3,,8,,"8,580円",8580
10543,4,13,,,"8,580円",8580
10543,5,,,,0円,0
10543,6,14,,,"8,710円",8710
10543,7,9;10;11,,,"9,380円",9380
10543,8,13,,,"8,580円",8580
10543,9,,,,0円,0
10544,1,1;2;3;4;5;6;7;8;9;10;12;13,,,,
10544,10,,8,,,
10544,11,10,8,,,
10544,12,,8,,,
10544,13,,8,初産婦グッドマン,,
10544,14,,1;8,,,
10544,2,13,,,,
10544,3,13,,,,
10544,4,13,,,,
10544,5,,8,,,
10544,6,,8,,,
10544,7,9;10;11;14,8,,,
10544,8,,8,,,
10544,9,,8,,,
10545,1,3;4;5;6;7;8;9;10;11;12;13;14,,,"29,440円",29440
10545,10,15,,,"7,580円",7580
10545,11,,1,,"5,780円",5780
10545,12,10;13,1,,"10,420円",10420
10545,13,,1,,"5,000円",5000
10545,14,,1,,"5,000円",5000
10545,2,,,,"5,780円",5780
10545,3,,,,"5,780円",5780
10545,4,13,,,"10,560円",10560
10545,5,,,,"5,780円",5780
10545,6,,,,"3,780円",3780
10545,7,,,,"5,780円",5780
10545,8,9;10;13,,,"11,970円",11970
10545,9,,,,"5,780円",5780
10548,1,1;2;3;4;5;6;7;8;9;10;12;13;14,,,,
10548,10,15,2,末梢血液一般検査（血算検査）は２９～３３週にも１回、３４週以降にも１回実施している。,,
10548,11,13,1,,,
10548,12,,1,,,
10548,13,,1,,,
10548,14,,1,,,
10548,2,,8,,,
10548,3,,8,,,
10548,4,13,,,,
10548,5,9;10;11;13,,,,
10548,7,,8,,,
10548,8,,,末梢血液一般検査（血算検査）は２９～３３週にも１回、３４週以降にも１回実施している。,,
10548,9,,8,,,
10549,1,1;2;3;4;5;6;7;8;9;10;12;13;14,4;5,,"33,700円",33700
10549,10,15,,,"8,500円",8500
10549,11,13,1;2,当院ではABO血液型検査・不規則は36週頃にも実施している。,"14,200円",14200
10549,12,,1,,"8,500円",8500
10549,13,,1,,"8,500円",8500
10549,14,,1,,"8,500円",8500
10549,2,,,,"6,000円",6000
10549,3,,,,"6,000円",6000
10549,4,,,,"6,000円",6000
10549,5,,,,"6,000円",6000
10549,6,,,,"13,500円",13500
10549,7,11;13,,,"6,000円",6000
10549,8,,,,"6,000円",6000
10549,9,,,,"6,000円",6000
10550,1,1;2;3;4;5;6;7;8;9;10;11;12;13,7,HbA1c　　　　尿検査,2890,2890
10550,10,,8,尿検査,0円,0
10550,11,10;15,1;8,心電図　　　尿検査,5170,5170
10550,12,,1;8,尿検査,1000,1000
10550,13,,1;8,尿検査,1000,1000
10550,14,,1;8,尿検査,1000,1000
10550,2,13,,尿検査,0円,0
10550,3,,8,尿検査,0円,0
10550,4,,8;9,尿検査,0円,0
10550,5,,8,尿検査,0円,0
10550,6,9;10;14,8,HbA1c　　　尿検査,890,890
10550,7,,8,尿検査,0円,0
10550,8,,8;9,尿検査,0円,0
10550,9,,8,尿検査,0円,0
10552,1,1;2;3;4;5;6;7;8;9;10;12;13,9,,"25,180円",25180
10552,10,,9,,"5,780円",5780
10552,11,15,9,,"16,340円",16340
10552,12,,1;9,,"7,780円",7780
10552,13,,1;9,,"7,780円",7780
10552,14,,1;9,,"7,780円",7780
10552,2,,9,,"5,780円",5780
10552,3,,9,,"5,780円",5780
10552,4,,9,,"11,080円",11080
10552,5,,9,,"5,780円",5780
10552,6,,9,,"5,780円",5780
10552,7,11;14,4;9,,"20,040円",20040
10552,8,,9,,"5,780円",5780
10552,9,,9,,"5,780円",5780
10553,1,1;2;3;4;5;6;7;8;9;10;11;12;13,,,25420,25420
10553,10,15,,,8300,8300
10553,11,10;13,1;2;3,,9382,9382
10553,12,13,1,,10880,10880
10553,13,,1,,6100,6100
10553,14,,1,,6100,6100
10553,2,,,,5100,5100
10553,3,13;14,,,8700,8700
10553,4,,9,"9.胎児超音波検査費用は請求していない（1,590）",5100,5100
10553,5,9;10,,,13020,13020
10553,6,13,,,9880,9880
10553,7,,,,5100,5100
10553,8,,9,"9.胎児超音波検査費用は請求していない（1,590）",5100,5100
10553,9,,,,5100,5100
10555,1,1;2;3;4;5;6;7;8;9;10;12;13,9;11,当院ではルーチンOGTTなし。BS高値のみOGTT対象。,"30,640円",30640
10555,10,10,2;8;9;11,34-35週頃GBS採取とともにエコー実施,"9,870円",9870
10555,11,13,9;11,,"17,630円",17630
10555,12,,8;9;11,,"5,490円",5490
10555,13,,8;9;11,,"5,090円",5090
10555,14,,8;9;11,"正常妊婦のNSTは40週～実施。
NSTの定期実施なし","5,090円",5090
10555,2,,9;11,,"5,490円",5490
10555,3,13,9;11,,"10,270円",10270
10555,4,,8;9;10;11,,"8,970円",8970
10555,5,9;10;11;13,9;10;11,,"13,970円",13970
10555,6,,8;9;10;11,,"5,490円",5490
10555,7,,8;9;10;11,"Rh(-)妊婦
クームス試験実施","9,870円",9870
10555,8,10,8;9;10;11,,"10,830円",10830
10555,9,,8;9;11,,"5,490円",5490
10557,1,1;2;3;4;5;7;8;9;10;12;13,,,"20,930円",20930
10557,10,,8,,"7,500円",7500
10557,11,10;13;15,,,"12,910円",12910
10557,12,,8,,"7,500円",7500
10557,13,,8,,"7,500円",7500
10557,14,,8,,"7,500円",7500
10557,2,13,,,"7,500円",7500
10557,3,,8,,"7,500円",7500
10557,4,,9,,"7,500円",7500
10557,5,13,,,"7,500円",7500
10557,6,9;10;11;14,8,,"13,750円",13750
10557,7,,8,,"7,500円",7500
10557,8,,8,,"7,500円",7500
10557,9,,8,,"7,500円",7500
10558,1,1;2;3;4;5;6;7;8;9;10;11;12;13,,,26650,26650
10558,10,15,8,,8890,8890
10558,11,10;13,1,,12730,12730
10558,12,,8,,5090,5090
10558,13,,8,,5090,5090
10558,14,,8,,5090,5090
10558,2,,8,,5090,5090
10558,3,,8,,5090,5090
10558,4,13,,,9870,9870
10558,5,,8,,5090,5090
10558,6,,8,,5090,5090
10558,7,9;10;13;14,,,17060,17060
10558,8,,8,,5090,5090
10558,9,,8,,5090,5090
10560,1,1;2;3;4;5;6;7;8;9;10;11;12;13,,,20290,20290
10560,10,15,8,"細菌培養同定検査(GBS)は10回又は11回で実施。10回目でGBS無の場合、10,570円",12470,12470
10560,11,10;15,8,"細菌培養同定検査(GBS)は10回又は11回で実施。11回目でGBS有の場合、7,900円",6000,6000
10560,12,,8,,5790,5790
10560,13,,8,,5790,5790
10560,14,,1;8,,5790,5790
10560,2,13,4;8,,5790,5790
10560,3,13,8,,10570,10570
10560,4,13,,,5790,5790
10560,5,,8,,5790,5790
10560,6,9,8,,5900,5900
10560,7,,8,,10570,10570
10560,8,10;14,8,,7880,7880
10560,9,,8,,5790,5790
10561,1,1;2;3;4;5;6;7;8;9;10;11;12;13,5;6,,"25,330円",25330
10561,10,,1;8,,"8,410円",8410
10561,11,10;15,1,,"9,370円",9370
10561,12,13,1;8,,"8,410円",8410
10561,13,,1;8,,"8,410円",8410
10561,14,,1;8,,"8,410円",8410
10561,2,13;14,,風疹ウイルス抗体値検査,"9,470円",9470
10561,3,,8,,"3,010円",3010
10561,4,,8,,"3,010円",3010
10561,5,9;10,4;8,,"6,420円",6420
10561,6,13,,,"6,310円",6310
10561,7,,8,,"3,010円",3010
10561,8,,8,,"3,010円",3010
10561,9,,8,,"3,010円",3010
10562,1,1;2;3;4;5;6;7;8;9;10;12;13,,,,
10562,11,13;15,1,,,
10562,12,,1,,,
10562,13,,1,,,
10562,14,,1,,,
10562,3,13;14,,,,
10562,4,13;14,,,,
10562,5,10;11;13,,,,
10562,7,10;11;13,4,,,
10565,1,1;2;3;4;5;6;7;8;9;10;11;12;13,1;4;9,,,
10565,2,13,,,,
10565,6,13;14;15,,,,
10567,1,1;2;3;4;5;6;7;8;9;10;11;12;13;14,,,,
10567,10,15,,,,
10567,11,13;10,2;3;8;1,,,
10567,12,,1;8,,,
10567,13,,1;8,,,
10567,14,,1;8,,,
10567,2,,8,,,
10567,3,,8,,,
10567,4,13,,,,
10567,5,9;10,8,,,
10567,6,,8,,,
10567,7,,8,,,
10567,8,13,,,,
10567,9,,8,,,
10568,1,13,,,"6,300円",6300
10568,10,,,,"5,000円",5000
10568,11,10;15,,,"10,000円",10000
10568,12,,,,"5,000円",5000
10568,13,,,,"5,000円",5000
10568,14,,,,"5,000円",5000
10568,2,1;2;3;4;5;6;7;8;9;10;11;12;14,,,"24,350円",24350
10568,3,,,,"5,000円",5000
10568,4,13,,,"10,000円",10000
10568,5,9;13,,,"10,000円",10000
10568,6,,,,"5,000円",5000
10568,7,,,,"5,000円",5000
10568,8,10;13,,,"11,700円",11700
10568,9,,,,"5,000円",5000
10571,1,1;2;3;4;5;6;7;8;9;10;12;13,11,"助産師による保健指導
ヘモグロビンA1ｃ
","20,770円",20770
10571,10,,8;11,,"5,340円",5340
10571,11,15,8;11,助産師による保健指導,"9,810円",9810
10571,12,,1;8;11,,"7,440円",7440
10571,13,10,8;11,,"7,390円",7390
10571,14,,1;8;11,,"5,340円",5340
10571,2,13,11,,"8,640円",8640
10571,3,13;14,11,,"9,520円",9520
10571,4,13,11,,"5,340円",5340
10571,5,,8;11,,"8,640円",8640
10571,6,11,4;8;11,,"16,120円",16120
10571,7,,8;11,,"8,640円",8640
10571,8,,8;11,,"8,640円",8640
10571,9,,8;11,,"5,340円",5340
10573,1,1;2;3;4;5;6;7;8;9;10;11;12;13;14,,,,
10573,10,15,8,,,
10573,11,,8,,,
10573,12,10,1;8,,,
10573,13,,8,,,
10573,14,,1;8,,,
10573,2,13,,,,
10573,3,13,,,,
10573,4,13,,,,
10573,5,13,4,,,
10573,6,10,8,,,
10573,7,,8,,,
10573,8,3,8,,,
10573,9,,8,,,
10576,1,1;2;3;4;5;6;7;8;9;10;11;12;13;14,10,,"20,740円",20740
10576,10,15,8;9;10,,"4,980円",4980
10576,11,,2;3;8;9;10,生化学検査、凝固検査は予定帝王切開の症例のみ,"4,980円",4980
10576,12,,8;9;10,,"10,030円",10030
10576,13,,8;9;10,,"4,980円",4980
10576,14,,1;8;9;10,,"4,980円",4980
10576,2,13,10,,"4,780円",4780
10576,3,13,10,,"6,380円",6380
10576,4,13,9;10;11,妊娠期、母親学級、分娩について等個別指導,"3,980円",3980
10576,5,,8;9;10,,"7,980円",7980
10576,6,,4;8;9;10,"糖負荷試験は、26週から28週の期間で1回実施
","4,980円",4980
10576,7,,4;8;9;10,,"4,980円",4980
10576,8,,8;9;10,,"8,030円",8030
10576,9,,8;9;10,,"8,170円",8170
10577,1,1;2;3;4;5;6;7;8;9;10;11;12;13,5;6,,"24,000円",24000
10577,10,,8;10,,"4,700円",4700
10577,11,10;13;15,2;10;11,,"6,480円",6480
10577,12,,1,,"5,700円",5700
10577,13,,10,,"4,700円",4700
10577,14,,,,"5,700円",5700
10577,2,13,11,,"4,700円",4700
10577,3,14,8;11,,"4,700円",4700
10577,4,,10,,"4,700円",4700
10577,5,,10,,"4,700円",4700
10577,6,9;10,8;10;11,,"10,390円",10390
10577,7,13,10,,"4,700円",4700
10577,8,,8;10,,"4,700円",4700
10577,9,,8;10,,"4,700円",4700
10578,1,1;2;3;4;5;6;7;8;9;10;12;13;14,2;3;5;6;9,,"18,440円",18440
10578,10,,8;9,,"8,600円",8600
10578,11,10;13;15,1;9,,"14,060円",14060
10578,12,,9,,"4,000円",4000
10578,13,,1;9,,"6,100円",6100
10578,14,,1;9,,"6,100円",6100
10578,2,,9,,"4,000円",4000
10578,3,,9,,"4,000円",4000
10578,4,13,9,,"6,500円",6500
10578,5,,9,,"4,000円",4000
10578,6,,9,,"4,000円",4000
10578,7,9;10;11;13,9,（必須不規則抗体検査）、（当院未検の場合）ABO/Rh血液型検査,"13,100円",13100
10578,8,,8;9,,"8,600円",8600
10578,9,,8;9,,"8,600円",8600
10579,1,1;2;3;4;5;6;7;8;9;10;12;13,2,,"27,600円",27600
10579,10,,,,"8,450円",8450
10579,11,,,,"4,460円",4460
10579,12,10;13,,,"11,120円",11120
10579,13,,,,"4,460円",4460
10579,14,,,,"4,460円",4460
10579,2,,,,"4,460円",4460
10579,3,,,,"4,460円",4460
10579,4,13,,,"9,240円",9240
10579,5,,,,"4,460円",4460
10579,6,,,,"4,460円",4460
10579,7,,,,"4,460円",4460
10579,8,9;10;11;13;14,,,"19,820円",19820
10579,9,15,,,"4,460円",4460
10580,1,1;2;3;4;5;6;7;8;9;10;11;12;13,2;6;11,Nスコア,22130,22130
10580,10,,8,,10570,10570
10580,11,10;13;15,,,8300,8300
10580,12,,1;11,,5790,5790
10580,13,,1,,5790,5790
10580,14,,1;11,,5790,5790
10580,2,,8,,5790,5790
10580,3,13,,,10570,10570
10580,4,,8,,5790,5790
10580,5,13,9;11,,5790,5790
10580,6,9,8,,6300,6300
10580,7,,8;9,,10570,10570
10580,8,10;14,8,,8280,8280
10580,9,,8;11,,5790,5790
10581,1,1;2;3;4;5;6;7;8;9;10;11;12;13;14,,,,
10581,10,,9,,,
10581,11,10;13;15,,,,
10581,12,,1;9,,,
10581,13,,1;9,,,
10581,14,,1;9,,,
10581,2,13,,,,
10581,3,,9,,,
10581,4,,9;10,,,
10581,5,9;10;13,,,,
10581,6,,9,,,
10581,7,,9,,,
10581,8,,9,,,
10581,9,,9,,,
10584,1,1;2;3;4;5;6;7;8;9;10;14,2;6,,"24,510円",24510
10584,10,,,,"7,750円",7750
10584,11,10;13;15,2,,"10,000円",10000
10584,12,,,,"7,000円",7000
10584,13,,,,"7,000円",7000
10584,14,,,,"7,000円",7000
10584,2,,,,"7,000円",7000
10584,3,,,,"7,000円",7000
10584,4,13,,心電図,"8,500円",8500
10584,5,,,,"7,000円",7000
10584,6,9;10;11,2,,"12,110円",12110
10584,7,13,,,"7,000円",7000
10584,8,,,,"7,000円",7000
10584,9,,,,"7,000円",7000
10585,1,1;2;3;4;5;6;7;8;9;10;11;12;13;14,,,"30,320円",30320
10585,10,,9,,"3,170円",3170
10585,11,10;13;15,,,"12,060円",12060
10585,12,,9,,"3,170円",3170
10585,13,,9,,"2,740円",2740
10585,14,,9,,"5,170円",5170
10585,2,,9,,"3,170円",3170
10585,3,,9,,"3,170円",3170
10585,4,13,,,"3,170円",3170
10585,5,,9,,"3,170円",3170
10585,6,9;10;13,,,"3,220円",3220
10585,7,,9,,"3,170円",3170
10585,8,,9,,"3,170円",3170
10585,9,,9,,"3,170円",3170
10587,1,1;2;3;4;5;6;7;8;9;10;11;12;13;14;15,5;6,,,
10587,10,,8,当院ではGBS検査を２回行っている。,,
10587,11,10,3;8,,,
10587,12,,1;8,,,
10587,13,,1;8,,,
10587,14,,1;8,,,
10587,5,,8,,,
10587,6,,8,,,
10587,7,,8,,,
10587,8,9;10,8,当院ではB型肝炎、C型肝炎検査を２回行っている。,,
10587,9,,8,,,
10588,1,1;2;3;4;5;6;7;8;9;10;11;13,6;11,子宮頸がん検診（細胞診）は、他施設等で未実施の場合にのみ実施,,
10588,10,,9;11,,,
10588,11,13;15,,,,
10588,12,10,9,,,
10588,13,,9,,,
10588,14,,9,,,
10588,2,,9;11,,,
10588,3,,9,,,
10588,4,13,11,血算検査,,
10588,5,,9,,,
10588,6,13;14,,,,
10588,7,,9,,,
10588,8,9;10,9,,,
10588,9,,9,,,
10590,1,1;2;3;4;5;6;7;8;9;10;11;12;13,2;6,,"25,330円",25330
10590,10,15,8,,"10,550円",10550
10590,11,10;13,,,"8,130円",8130
10590,12,,1;8,,"8,180円",8180
10590,13,,1;8,,"8,180円",8180
10590,14,,1;8,,"8,180円",8180
10590,2,14,8,当院では腟分泌物培養（BVスコア）も施行しています。,"13,650円",13650
10590,3,,8,,"6,080円",6080
10590,4,13,,,"6,080円",6080
10590,5,,8,,"6,080円",6080
10590,6,9;10;13,2,,"11,850円",11850
10590,7,,8,,"6,080円",6080
10590,8,,8;11,当院では血算検査は30週頃にも実施している,"8,130円",8130
10590,9,,8,,"6,080円",6080
10595,1,1;2;3;4;5;6;7;8;9;10;12;13,,,20740,20740
10595,10,,,,4680,4680
10595,11,13;15,,B型肝炎抗原検査,13740,13740
10595,12,,,,4680,4680
10595,13,,,,4680,4680
10595,14,,,,4680,4680
10595,2,,,,4680,4680
10595,3,,,,4680,4680
10595,4,13;14,,,13360,13360
10595,5,,,,4680,4680
10595,6,9;10;11,,梅毒血清反応検査,10720,10720
10595,7,,,,4680,4680
10595,8,13,,,9900,9900
10595,9,,,,4680,4680
10596,1,1;2;3;4;5;6;7;8;9;10;11;12;13;14,6,,23080,23080
10596,10,,8,,15870,15870
10596,11,10;13;15,,,8300,8300
10596,12,,8,,11090,11090
10596,13,,8,,11090,11090
10596,14,,1;8,,13190,13190
10596,2,,,,5790,5790
10596,3,13,,,10570,10570
10596,4,,,,5790,5790
10596,5,13,4,,8000,8000
10596,6,9,8,,11600,11600
10596,7,,8,,15870,15870
10596,8,10,8,,13580,13580
10596,9,,8,,11090,11090
10597,1,1;2;3;4;5;6;7;8;9;10;11;12;13;14,6;7,,"51,500円",51500
10597,10,,,,"8,000円",8000
10597,11,10;13;15,7,血液型、不規則抗体,"20,500円",20500
10597,12,,,,"8,000円",8000
10597,13,,,,"8,000円",8000
10597,14,,,,"8,000円",8000
10597,2,,8,,"11,000円",11000
10597,3,,,,"8,000円",8000
10597,4,13,,,"11,000円",11000
10597,5,,,,"8,000円",8000
10597,6,9;10,,,"9,500円",9500
10597,7,,,,"8,000円",8000
10597,8,13,,,"11,000円",11000
10597,9,,,,"8,000円",8000
10598,1,1;2;3;4;5;6;7;8;9;10;11;12;13;14,6;7,,"28,000円",28000
10598,10,,,,"6,600円",6600
10598,11,10;15,2;3,,"12,000円",12000
10598,12,,1,,"8,700円",8700
10598,13,13,9,,"11,900円",11900
10598,14,,,,"6,600円",6600
10598,3,,,,"6,600円",6600
10598,4,13,9,,"11,900円",11900
10598,5,,4,,"6,600円",6600
10598,6,,,,"16,000円",16000
10598,7,,,,"6,600円",6600
10598,8,13,9,,"11,900円",11900
10598,9,10,,,"8,650円",8650
10599,1,1;2;3;4;5;6;7;8;9;11;12;13;14,,GBS検査,,
10599,10,10;13;15,9,,,
10599,11,,9,,,
10599,12,,9,,,
10599,13,,9,,,
10599,14,,9,,,
10599,2,,8;9,,,
10599,3,,8;9,,,
10599,4,,8;9,,,
10599,5,9;13,9,,,
10599,6,,8;9,,,
10599,7,,8;9,,,
10599,8,13,9,,,
10599,9,,8;9,,,
10600,1,1;2;3;4;5;6;7;8;9;10;11;12;13,,,"26,190円",26190
10600,10,15,8,,"8,880円",8880
10600,11,10;13,,,"11,720円",11720
10600,12,,8,,"5,080円",5080
10600,13,,8,,"5,080円",5080
10600,14,,8,,"5,080円",5080
10600,2,13,,,"5,080円",5080
10600,3,,8,,"5,080円",5080
10600,4,,8,,"9,860円",9860
10600,5,13,,,"5,080円",5080
10600,6,,8,,"5,080円",5080
10600,7,9;10;14,8,,"17,050円",17050
10600,8,,8,,"5,080円",5080
10600,9,,8,,"5,080円",5080
10603,1,1;2;3;4;5;7;8;9;10;11;12;13;14,9,,,
10603,10,,8;9;10,,,
10603,11,10;13;15,3;9;10,,,
10603,12,,8;9;10,,,
10603,13,,8;9;10,,,
10603,14,,1;8;9;10,,,
10603,2,,8;9;10,,,
10603,3,13,9;10,,,
10603,4,,8;9;10,,,
10603,5,,8;9;10,,,
10603,6,9;10;13,4;9;10,,,
10603,7,,8;9;10,,,
10603,8,,8;9;10,,,
10603,9,,8;9;10,,,
10605,1,1;2;3;4;5;6;7;8;9;10;11;12;13;14,,"トキソプラズマ：自費
当院は１回目初期健診が12週からスタート
母親テキスト：自費","31,858円",31858
10605,10,13;15,,妊娠36週,"7,570円",7570
10605,11,10,,妊娠37週,"7,020円",7020
10605,12,,1,妊娠38週,"7,100円",7100
10605,13,,,妊娠39週,"5,000円",5000
10605,14,,1;8,"妊娠40週
エコーはコストフリーで算定。","7,100円",7100
10605,2,13,,妊娠16週,"10,300円",10300
10605,3,,8,"妊娠20週
エコーはコストフリーで算定。","5,000円",5000
10605,4,,8,妊娠24週,"10,300円",10300
10605,5,,8,妊娠26週,"10,300円",10300
10605,6,9;10,8,"妊娠28週
エコーはコストフリーで算定。","9,150円",9150
10605,7,13,,妊娠30週,"10,300円",10300
10605,8,,8,妊娠32週,"10,300円",10300
10605,9,,8,妊娠34週,"10,300円",10300
10606,1,1;2;3;4;5;6;7;8;9;10;11;12;14,,,"16,450円",16450
10606,10,15,,,"7,440円",7440
10606,11,10,1,,"7,890円",7890
10606,12,,,,"8,370円",8370
10606,13,,,,"8,370円",8370
10606,14,,1,,"5,860円",5860
10606,2,,,,"5,030円",5030
10606,3,13,,,"8,370円",8370
10606,4,13,,,"8,370円",8370
10606,5,13,4,,"8,370円",8370
10606,6,,,,"10,690円",10690
10606,7,,,,"8,370円",8370
10606,8,10,,,"8,370円",8370
10606,9,,,,"8,370円",8370
10608,1,1;2;3;4;5;6;7;8;9;10;11;12;13,5,,38000,38000
10608,10,,,,4000,4000
10608,11,10;13;15,,,18000,18000
10608,12,,1,,7000,7000
10608,13,,8,,6000,6000
10608,14,,1,,6000,6000
10608,2,,8,,6000,6000
10608,3,,8,,6000,6000
10608,4,13;14,,,13000,13000
10608,5,13,,,6000,6000
10608,6,10,4,,13000,13000
10608,7,,8,,6000,6000
10608,8,,,心電図検査,6000,6000
10608,9,,8,,6000,6000
10610,1,1;2;3;4;5;6;7;8;9;10;11;12;13;14,,,,
10610,10,,1;9,,,
10610,11,13;15,,,,
10610,12,10,9,,,
10610,13,,9,,,
10610,14,,9,,,
10610,2,13,,,,
10610,3,,9,,,
10610,4,,9,,,
10610,5,13,,,,
10610,6,,9,,,
10610,7,,9,,,
10610,8,9;10,9,,,
10610,9,,9,,,
10611,1,1;2;3;4;5;6;7;8;9;10;11;12;13,,,,
10611,10,,8,,,
10611,11,13;15,,,,
10611,12,10,1;8,,,
10611,13,,1;8,,,
10611,14,,1;8,,,
10611,2,13,,,,
10611,3,,8,,,
10611,4,14,8,,,
10611,5,13,,,,
10611,6,,8,,,
10611,7,9;10,8,,,
10611,8,,8,,,
10611,9,,8,,,
10612,1,1;3;4;5;6;7;8;9;10;11;12;13;14,,,"22,850円",22850
10612,10,10;13,,,"12,860円",12860
10612,11,3;13,,,"11,320円",11320
10612,12,13,,,"5,000円",5000
10612,13,13,,,"5,000円",5000
10612,14,13,,,"5,000円他",5000
10612,2,13,,,"1,500円",1500
10612,3,13,,,"5,000円",5000
10612,4,13,,,"5,000円",5000
10612,5,13,,,"5,000円",5000
10612,6,9;10;13,,,"10,640円",10640
10612,7,13,,,"5,000円",5000
10612,8,13,,,"5,000円",5000
10612,9,13,,,"5,000円",5000
10614,1,1;2;3;4;5;6;7;9;10;11,9,,,
10616,1,1;2;3;4;5;6;7;8;9;10;12;13,,,,
10616,10,,8,,,
10616,11,13,,,,
10616,12,10,8,,,
10616,13,,8,,,
10616,14,,8,,,
10616,2,,8,,,
10616,3,,8,,,
10616,4,13,9,,,
10616,5,9;10;11,8,,,
10616,6,,8,,,
10616,7,,8,,,
10616,8,13;14,9,,,
10616,9,,8,,,
10617,1,1;2;3;4;5;6;7;8;9;10;12;13,9,,"15,260円",15260
10617,10,,8;9;11,,"5,500円",5500
10617,11,10;13;15,9,,"7,100円",7100
10617,12,,1;8;9,,"7,500円",7500
10617,13,,1;8;9,,"7,500円",7500
10617,14,,1;8;9,,"7,500円",7500
10617,2,,8;9,,"5,500円",5500
10617,3,,8;9;11,,"5,500円",5500
10617,4,,8;9,,"5,500円",5500
10617,5,13,9,,"5,500円",5500
10617,6,9;10;11;14,8;9,,"9,940円",9940
10617,7,,8;9,,"5,500円",5500
10617,8,13,9,,"6,500円",6500
10617,9,,8;9,,"5,500円",5500
10619,1,1;2;3;4;5;6;7;8;9;10;11;12;13;14,5;6;11,,,
10619,10,,11,性器クラミジア検査を３４週にも実施,,
10619,11,10;13;15,1;3;11,,,
10619,4,13,9;11,血算は２０週にも実施,,
10619,5,9,4,,,
10619,8,10;13,11,B型肝炎抗原検査と梅毒血清反応検査を３０周にも実施,,
10621,1,1;2;3;4;5;6;7;8;9;10;11;12;13,,,"20,400円",20400
10621,10,15,,,"5,600円",5600
10621,11,,1,,"6,000円",6000
10621,12,10;13,,,"5,560円",5560
10621,13,,,,"4,000円",4000
10621,14,,,,"4,000円",4000
10621,2,,,,"4,000円",4000
10621,3,13,,,"5,000円",5000
10621,4,,,,"4,000円",4000
10621,5,,,,"4,000円",4000
10621,6,9;10;13,,,"5,860円",5860
10621,7,,,,"4,000円",4000
10621,8,14,,,"5,600円",5600
10621,9,,,,"4,000円",4000
10622,1,1;2;3;4;5;6;7;8;9;10;11;12;13;14;15,3;6,当院ではB群溶血性レンサ球菌（GBS）検査は母子手帳交付後初回にも実施している。,23910,23910
10622,10,15,,,6910,6910
10622,11,10;15,1;2;3,里帰り等は血型、感染症検査を自費で追加施行,6910,6910
10622,12,,1,,6910,6910
10622,13,,1,,6910,6910
10622,14,,1,,6910,6910
10622,2,,,必要なら精密胎児超音波,6910,6910
10622,3,,,,6910,6910
10622,4,,9,,6910,6910
10622,5,10,2;4,,6910,6910
10622,6,,,,6910,6910
10622,7,,,,6910,6910
10622,8,,9,必要なら精密胎児超音波,6910,6910
10622,9,,,,6910,6910
10623,1,1;2;3;4;5;6;7;8;9;10;11;12;14,5;6,,32680,32680
10623,10,,,当院では血算検査は34週頃実施,6780,6780
10623,11,15,8,,10580,10580
10623,12,,1,,7280,7280
10623,13,13,,,10580,10580
10623,14,,1,,7280,7280
10623,2,,,,5280,5280
10623,3,,,,5280,5280
10623,4,13,,,10580,10580
10623,5,10;9,4,,11780,11780
10623,6,,,,5280,5280
10623,7,,,,5280,5280
10623,8,13,,,10580,10580
10623,9,,,,5280,5280
10624,1,1;2;3;4;5;6;7;8;9;10;11;12;13;14;15,6;9;11,トキソプラズマ検査は自費,0円,0
10624,10,,8;9;11,"B群溶血性レンサ球菌(GBS)検査
希望者には　　４D超音波実施(現在無料） 　　　９．胎児超音波検査　　　　　　　　",0円,0
10624,11,10,1;8;9;11,希望者には　　４D超音波実施(現在無料） 　　　９．胎児超音波検査　　　　　　　　,0円,0
10624,12,,1;8;9,希望者には　　４D超音波実施(現在無料） 　　　９．胎児超音波検査　　　　　　　　,0円,0
10624,13,,1;8;9,希望者には　　４D超音波実施(現在無料） 　　　９．胎児超音波検査　　　　　　　　,0円,0
10624,14,,1;8;9,希望者には　　４D超音波実施(現在無料） 　　　９．胎児超音波検査　　　　　　　　,0円,0
10624,2,13,9,,0円,0
10624,3,13,9,,0円,0
10624,4,13,9;11,,0円,0
10624,5,9;10,4;8;9,希望者には　　４D超音波実施(現在無料） 　　　９．胎児超音波検査　　　　　　　　,0円,0
10624,6,,8;9,希望者には　　４D超音波実施(現在無料） 　　　９．胎児超音波検査　　　　　　　　,0円,0
10624,7,,8;9;11,希望者には　　４D超音波実施(現在無料） 　　　９．胎児超音波検査　　　　　　　　,0円,0
10624,8,,8;9,希望者には　　４D超音波実施(現在無料） 　　　９．胎児超音波検査　　　　　　　　,0円,0
10624,9,,8;9;11,希望者には　　４D超音波実施(現在無料） 　　　９．胎児超音波検査　　　　　　　　,0円,0
10625,1,1;2;3;4;5;6;7;8;9;10;11;12;13;14,2;6;9,"（胎児超音波について）
条件がよいときは3D/4Dを何回でも実施しています","7,500円",7500
10625,10,,9,,"4,000円",4000
10625,11,13;15,1;9,,"4,000円",4000
10625,12,10,1;9,,"4,000円",4000
10625,13,,1;9,,"4,000円",4000
10625,14,,1;9,,"4,000円",4000
10625,2,,9,,"4,000円",4000
10625,3,,9,,"4,000円",4000
10625,4,13,9,,"4,000円",4000
10625,5,,9,,"4,000円",4000
10625,6,9,4;9,50ｇＧＣＴを26～27週で実施している,"4,660円",4660
10625,7,,9,,"4,000円",4000
10625,8,10;13,9,,"4,000円",4000
10625,9,,9,,"4,000円",4000
10627,1,1;2;3;4;5;6;7;8;9;10;12;14,,他院からの紹介患者で初期採血等での不足分があればその都度実施,"27,000円",27000
10627,10,,,,"4,000円",4000
10627,11,15,3,,"4,000円",4000
10627,12,,1,,"2,700円",2700
10627,13,,1,,"2,700円",2700
10627,14,,1,,"2,700円",2700
10627,2,,,,"4,000円",4000
10627,3,,,,"4,000円",4000
10627,4,,,,"4,000円",4000
10627,5,,4;10,,"4,000円",4000
10627,6,,10,,"4,000円",4000
10627,7,,,,"4,000円",4000
10627,8,,,,"4,000円",4000
10627,9,,,,"4,000円",4000
10628,1,1;2;3;4;5;6;7;8;9;10;12;13,5;6,淋菌,25000,25000
10628,10,,,,6000,6000
10628,11,10;13;15,2,EKG,14200,14200
10628,12,,1,,,
10628,13,,1,,,
10628,14,,1,,,
10628,2,13,,,6000,6000
10628,3,,,,6000,6000
10628,4,,9,,8500,8500
10628,5,9;10;11;13,2,,14000,14000
10628,6,,,,6000,6000
10628,7,,9,,6500,6500
10628,8,14,,,10200,10200
10628,9,,,,6000,6000
10631,1,1;2;3;4;5;6;7;8;9;12;13,,,"20,880円",20880
10631,10,,8,"9.血糖検査：○
15.B群溶血性レンサ球菌（GBS）検査：○","6,010円",6010
10631,11,13,,15.B群溶血性レンサ球菌（GBS）検査：○,"7,870円",7870
10631,12,,8,15.B群溶血性レンサ球菌（GBS）検査：○,"6,010円",6010
10631,13,,8,15.B群溶血性レンサ球菌（GBS）検査：○,"6,010円",6010
10631,14,,8,,"6,010円",6010
10631,2,13,,9.血糖検査：○,"6,010円",6010
10631,3,,8,,"6,010円",6010
10631,4,,8,,"6,010円",6010
10631,5,9;13,,,"6,010円",6010
10631,6,11,8,9.血糖検査：○,"12,450円",12450
10631,7,,8,9.血糖検査：○,"6,010円",6010
10631,8,14,8,9.血糖検査：○,"11,830円",11830
10631,9,15,8,9.血糖検査：○,"6,010円",6010
10632,1,1;2;3;4;5;6;7;8;9;10;11;12;13,2;3;5;6;8,,"30,000円",30000
10632,11,10;13;15,2;3,,"14,840円",14840
10632,12,,1,,"2,880円",2880
10632,3,14,,,"4,140円",4140
10632,4,13,,,"6,080円",6080
10632,5,9;10,,,"4,380円",4380
10632,8,13,,,"6,080円",6080
10636,1,1;2;3;4;5;6;7;8;9;10;11;12;13;14,,HbA1C,"22,770円",22770
10636,10,15,8,性器クラミジア検査,"9,180円",9180
10636,11,10,8,,"5,360円",5360
10636,12,,1;8,,"4,000円",4000
10636,13,,1;8,,"4,000円",4000
10636,14,,1;8,,"4,000円",4000
10636,2,13,,,"4,000円",4000
10636,3,13,,,"4,000円",4000
10636,4,13,,,"4,000円",4000
10636,5,,4;8;9,必要な方のみ24～28週に75ｇOGTT,"6,000円",6000
10636,6,,4;8,,"4,000円",4000
10636,7,,4;8,,"3,500円",3500
10636,8,9;10,8;9,,"8,910円",8910
10636,9,,8,,"3,500円",3500
10637,1,1;2;3;4;5;6;7;8;9;10;11;12;13;14,,当院ではGBS検査は初期と36週に実施,"27,110円",27110
10637,10,,8,,"7,280円",7280
10637,11,10;15,1;8,当院では不規則抗体は初期以外に36週でも実施している,"13,390円",13390
10637,12,,8,,"7,280円",7280
10637,13,,8,,"7,280円",7280
10637,14,,8,,"72,870円",72870
10637,2,13,,,"7,280円",7280
10637,3,13,,,"12,580円",12580
10637,4,13,9,,"12,580円",12580
10637,5,,8,,"12,580円",12580
10637,6,10,4;8,,"9,490円",9490
10637,7,,8,,"7,280円",7280
10637,8,,8,,"7,280円",7280
10637,9,,8,,"7,280円",7280
10638,1,1;2;3;4;5;6;7;8;9;10;11;12;13;14,,,20060,20060
10638,10,,8,,3000,3000
10638,11,10;13;15,,,8960,8960
10638,12,,8,,3000,3000
10638,13,,8,,3000,3000
10638,14,,1;8,,5100,5100
10638,2,,8,,3000,3000
10638,3,,8,,3000,3000
10638,4,13,,,8300,8300
10638,5,,8,,3000,3000
10638,6,9;10;13,,,8920,8920
10638,7,,8,,3000,3000
10638,8,,8,,3000,3000
10638,9,,8,,3000,3000
10639,1,1;2;3;4;5;6;7;8;9;10;12;13,6,,,
10639,10,13;15,,,,
10639,5,9;10;11;13;14,2;3,当院では、超音波検査は24週頃に実施している。,,
10640,1,1;2;3;4;5;6;7;8;9;10;11;12;13;14,,,17120,17120
10640,10,15,8,,8070,8070
10640,11,10;13,,,5710,5710
10640,12,,1;8,,7600,7600
10640,13,,1;8,,7600,7600
10640,14,,1;8,,7600,7600
10640,2,,8,,5500,5500
10640,3,,8,,5500,5500
10640,4,13,,,5500,5500
10640,5,13,,,5500,5500
10640,6,,8,,5500,5500
10640,7,,8,,5500,5500
10640,8,9;10,8,,5820,5820
10640,9,,8,,5500,5500
10641,1,1;2;3;4;5;6;7;8;9;10;11;12;13;14,2,妊婦健診料金内訳（31行目料金のうち妊婦が払う自費）：720円,"9,720円",9720
10641,10,13,,健診料妊婦自費分：0円,"9,870円",9870
10641,11,10;15,2;3,"不規則抗体も追加している。
健診料妊婦自費分：1500円","7,500円",7500
10641,12,,1,健診料妊婦自費分：5000円,"10,490円",10490
10641,13,,1,健診料妊婦自費分：5000円,"10,090円",10090
10641,14,13,1,健診料妊婦自費分：5000円,"10,090円",10090
10641,2,,,健診料妊婦自費分：3000円,"8,490円",8490
10641,3,,,健診料妊婦自費分：0円,"10,270円",10270
10641,4,13,,健診料妊婦自費分：1340円,"6,340円",6340
10641,5,9;10,,健診料妊婦自費分：500円,"6,500円",6500
10641,6,,,健診料妊婦自費分：3000円,"8,490円",8490
10641,7,,,健診料妊婦自費分：0円,"9,870円",9870
10641,8,,,健診料妊婦自費分：0円,"6,000円",6000
10641,9,,,健診料妊婦自費分：3000円,"8,490円",8490
10642,1,1;2;3;4;5;6;7;8;9;10;11;12;13;14,2;3;6;7,助産院分娩の方はクラミジア検査まで行う,"36,600円
（助産院分娩の場合43,200円）",36600
10642,10,,,,6600,6600
10642,11,10;13;15,,当院では、血液型検査を36周にもう一度行います。,13200,13200
10642,12,,1,,9000,9000
10642,13,,1,,9000,9000
10642,14,,1,,9000,9000
10642,2,13,,,6600,6600
10642,3,14,,,13200,13200
10642,4,,9,,12100,12100
10642,5,9;10;13,4,,12650,12650
10642,6,,,,6600,6600
10642,7,,,,6600,6600
10642,8,,9,,12100,12100
10642,9,,,,6600,6600
10644,1,1;2;3;4;5;6;7;8;9;10;11;12;13,8,GBS検査は初期、35週頃2回行っている。,26660,26660
10644,10,15,8,,5780,5780
10644,11,10;13;15,1;8,,12440,12440
10644,12,,1;8,,11560,11560
10644,13,,1;8,,6780,6780
10644,14,,1;8,超音波検査は毎回行っている。,6780,6780
10644,2,13,8,,5780,5780
10644,3,,8,,5780,5780
10644,4,,8,,10560,10560
10644,5,13,8,,5780,5780
10644,6,9;10,8,,9190,9190
10644,7,,8,,5780,5780
10644,8,14,8,,13940,13940
10644,9,,8,,5780,5780
10645,1,1;2;3;4;5;6;7;8;9;10;11;12;13,,,"21,420円",21420
10645,10,9;10;15,10,,"9,590円",9590
10645,11,,1;8;11,"助産師外来
（無料）","8,590円",8590
10645,12,,1;8,,"8,590円",8590
10645,13,,1;8,,"8,590円",8590
10645,14,,1;8,,"8,590円",8590
10645,2,13,,,"6,490円",6490
10645,3,13,,,"6,490円",6490
10645,4,13,,,"6,490円",6490
10645,5,9;10;14,8;11,"助産師外来
（無料）","10,270円",10270
10645,6,,10,,"6,490円",6490
10645,7,,8,,"6,490円",6490
10645,8,,8;11,"助産師外来
（無料）","6,490円",6490
10645,9,,8,,"6,490円",6490
10648,1,1;2;3;4;5;6;7;8;9;10;12;13,2,,27480,27480
10648,10,,8,,5540,5540
10648,11,13;15,,,12540,12540
10648,12,10,1;8,,14690,14690
10648,13,,1;8,,7640,7640
10648,14,,1;8,,7640,7640
10648,2,,8,,5540,5540
10648,3,,8,,5540,5540
10648,4,13,,,9900,9900
10648,5,,8,,5540,5540
10648,6,,8,,5540,5540
10648,7,,8,,5540,5540
10648,8,9;10;11;13;14,,,26240,26240
10648,9,,8,,5540,5540
10649,1,1;2;3;4;5;6;7;8;9;10;11;12;14,,,"3,300円",3300
10649,10,15,,,"3,300円",3300
10649,11,10;13,,,"8,600円",8600
10649,12,,,,"3,300円",3300
10649,13,,,,"3,300円",3300
10649,14,,,,"3,300円",3300
10649,2,13,,,"8,600円",8600
10649,3,,,,"3,300円",3300
10649,4,13,,,"8,600円",8600
10649,5,9;10,,,"3,300円",3300
10649,6,,,,"3,300円",3300
10649,7,,,,"3,300円",3300
10649,8,13,,,"8,600円",8600
10649,9,,,,"3,300円",3300
10650,1,1;2;3;4;5;6;7;8;9;10;11;12;14,6;10,,"21,880円",21880
10650,10,,10,,"4,760円",4760
10650,11,10;15,2;3;10,"無痛分娩を希望の方は凝固検査を実施。
生化学検査は肝機能検査のみ。","15,720円",15720
10650,12,,1;10,NST検査は妊婦健康診査料とは別に4000円,"4,760円",4760
10650,13,,10,,"4,760円",4760
10650,14,,10,,"4,760円",4760
10650,2,,10,,"4,760円",4760
10650,3,,10,,"10,060円",10060
10650,4,,10,,"4,760円",4760
10650,5,,10,,"4,760円",4760
10650,6,9;10,4;10,,"13,470円",13470
10650,7,,10,,"4,760円",4760
10650,8,,10,,"4,760円",4760
10650,9,,10,,"10,060円",10060
10651,1,1;2;3;4;5;6;7;8;9;10;11;13;14;15,,,"37,590円",37590
10651,10,15,2,,"18,150円",18150
10651,11,,,,"4,540円",4540
10651,12,,1;2,,"8,650円",8650
10651,13,,1,,"6,640円",6640
10651,14,,1,,"6,640円",6640
10651,2,,,,"4,540円",4540
10651,3,,,,"4,540円",4540
10651,4,,2;10,,"12,250円",12250
10651,5,,,,"4,540円",4540
10651,6,,2;10,,"15,170円",15170
10651,7,,,,"4,540円",4540
10651,8,,,,"4,540円",4540
10651,9,,10,,"9,840円",9840
10652,1,1;2;3;4;6;7;8;9;10;11;12;13;14,,,,
10653,1,1;2;3;4;5;6;7;8;9;10;11;12;13;14,2;5;6,,25240,25240
10653,10,,1;8,,3120,3120
10653,11,10;13;15,,,6680,6680
10653,12,,1;8,,3120,3120
10653,13,,1;8,,3120,3120
10653,14,,1;8,,3120,3120
10653,2,,8,,1020,1020
10653,3,,8,,1020,1020
10653,4,13,,,1020,1020
10653,5,9;10,4;8,,4690,4690
10653,6,,8,,1020,1020
10653,7,,8;9,,1020,1020
10653,8,,8,,1020,1020
10653,9,13,,,1020,1020
10655,1,1;2;3;4;5;6;7;8;9;10;12;13;14,,,23000,23000
10655,10,,11,,9000,9000
10655,11,10;13,,,9000,9000
10655,12,15,1;8,,5000,5000
10655,13,,8,,5000,5000
10655,14,,1,,9000,9000
10655,2,13,,,5000,5000
10655,3,,8,,9000,9000
10655,4,,8,,9000,9000
10655,5,13,4,,5000,5000
10655,6,,11,,5000,5000
10655,7,,8,,9000,9000
10655,8,10;11,8,,5000,5000
10655,9,,8,,5000,5000
10656,1,1;2;3;4;5;6;7;8;9;10;11;12;13,,,,
10656,10,,8,,,
10656,11,10;15,,,,
10656,12,,1,当院では12回目以降の検診時に毎回NSTを実施します。,420円,420
10656,13,,1,,420円,420
10656,14,,1,,420円,420
10656,2,13,,,,
10656,4,13,,,,
10656,5,9;10;13,,,,
10656,7,14,,,,
10658,1,13,,超音波検査は毎回実施,"10,000円",10000
10658,10,15,8,B群溶連菌は33週前後に実施,"12,000円",12000
10658,11,1;2;3;10,8,血液型検査・不規則抗体は36週前後にも実施,"14,000円",14000
10658,12,,1;8,,"12,000円",12000
10658,13,,8,,"10,000円",10000
10658,14,,1;8,,"12,000円",12000
10658,2,1;2;3;4;5;6;7;8;9;10;12;13;14,2;6,,"33,300円",33300
10658,3,13,,トキソプラズマ抗原を16週前後に実施,"12,000円",12000
10658,4,13,,,"10,000円",10000
10658,5,9;10;11,8,,"14,000円",14000
10658,6,,8,,"10,000円",10000
10658,7,,8,,"10,000円",10000
10658,8,,8,,"10,000円",10000
10658,9,,8,,"10,000円",10000
10659,1,1;2;3;4;5;6;7;8;9;10;11;12;14,,,26470,26470
10659,10,13;15,,,9860,9860
10659,11,,1,,5060,5060
10659,12,10;13,,,8360,8360
10659,13,,,,5060,5060
10659,14,,,,5060,5060
10659,2,,,,5060,5060
10659,3,13,,,5060,5060
10659,4,13,,,5060,5060
10659,5,,,,5060,5060
10659,6,9;10;13,,,8660,8660
10659,7,,,,5060,5060
10659,8,,,,5060,5060
10659,9,,,,5060,5060
10660,1,1;2;3;4;5;6;7;8;9;10;11;13;14,,,"24,900円",24900
10660,10,,8,,"7,100円",7100
10660,11,10;13;15,1,"S-M
S-培養同定

不規則抗体","16,300円",16300
10660,12,,,,"5,000円",5000
10660,13,,,,"5,000円",5000
10660,14,,,,"5,000円",5000
10660,2,,8,,"5,000円",5000
10660,3,13,,,"5,000円",5000
10660,4,,8,,"5,000円",5000
10660,5,9;10;13,,,"8,780円",8780
10660,6,,8,,"5,000円",5000
10660,7,,8,,"5,000円",5000
10660,8,,8,,"5,000円",5000
10660,9,,8,,"5,000円",5000
10661,1,1;2;3;4;5;6;7;8;9;10;12;13,,,,
10661,11,13;15,9,,,
10661,12,10,,,,
10661,14,,1;9,,,
10661,2,13;14,,,,
10661,3,11,8,,,
10661,4,,9,,,
10661,5,13,,,,
10661,6,11,11,助産師外来・分娩予約,,
10661,7,9;10,9,,,
10661,9,,9,,,
10662,1,1;2;3;4;5;6;7;8;9;10;12;13,6;10,,23770,23770
10662,10,,8;10,,5600,5600
10662,11,10;13;15,10,,9440,9440
10662,12,,8;10,,5600,5600
10662,13,,8;10,,5600,5600
10662,14,,8;10,,5600,5600
10662,2,13,10,,5600,5600
10662,3,,8;10,,5600,5600
10662,4,,8;10,,5600,5600
10662,5,13,10,,5600,5600
10662,6,,8;10,,5600,5600
10662,7,9;10;11;14,8;10,,12560,12560
10662,8,,8;10,,5600,5600
10662,9,,8;10,,5600,5600
10664,1,1;2;3;4;5;6;7;8;9;10;11;12;13,2,,"26,190円",26190
10664,10,15,,,"8,880円",8880
10664,11,10;13,,,"11,720円",11720
10664,12,,,,"5,080円",5080
10664,13,,,,"5,080円",5080
10664,14,,,,"5,080円",5080
10664,2,,,,"5,080円",5080
10664,3,,,,"5,080円",5080
10664,4,13,,,"9,860円",9860
10664,5,,,,"5,080円",5080
10664,6,,,,"5,080円",5080
10664,7,9;10;13;14,2,,"17,050円",17050
10664,8,,,,"5,080円",5080
10664,9,,,,"5,080円",5080
10665,1,1;2;3;4;5;6;7;8;9;10;11;12;13,6,,,
10665,11,10;13;15,,,,
10665,2,13,,,,
10665,5,9;10;13,4,,,
10665,7,14,,,,
10666,1,,,当院では12週以降妊婦健診として診察している。,,
10666,10,,9,,,
10666,11,10;15,1;3;9,当院では不規則抗体検査を36週頃にも実施している。,,
10666,12,,9,,,
10666,13,,9,,,
10666,14,,9,,,
10666,2,1;2;3;4;5;6;7;8;9;10;11;12,9,,,
10666,3,,9,,,
10666,4,,9,,,
10666,5,13;14,9,,,
10666,6,9;10,9,,,
10666,7,,9,,,
10666,8,,9,,,
10666,9,,9,,,
10669,1,1;2;3;4;5;6;7;8;9;10;11;12;14,,,"27,610円",27610
10669,10,15,,,"5,990円",5990
10669,11,10;13,3,,"5,950円",5950
10669,12,,1,,"6,090円",6090
10669,13,,1,,"6,090円",6090
10669,14,,1,,"6,090円",6090
10669,2,13,,,"4,090円",4090
10669,3,,,,"4,090円",4090
10669,4,13,,,"4,090円",4090
10669,5,,,,"4,090円",4090
10669,6,13,,,"4,090円",4090
10669,7,9;10,,,"7,500円",7500
10669,8,,,,"4,090円",4090
10669,9,,,,"4,090円",4090
10670,1,1;2;3;4;5;6;7;8;9;10;11;12;14,5;6,FT4検査（甲状腺機能異常の有無を調べる検査）,"30,500円",30500
10670,10,,,超音波検査（健診2回目以降全回実施）,"5,000円",5000
10670,11,10;15,3,超音波検査（健診2回目以降全回実施）,"11,800円",11800
10670,12,13,1,,"7,100円",7100
10670,13,,1,超音波検査（2回目以降全回実施）,"7,100円",7100
10670,14,,1,超音波検査（2回目以降全回実施）,"7,100円",7100
10670,2,13,,,"5,000円",5000
10670,3,,8,,"5,000円",5000
10670,4,13,,,"5,000円",5000
10670,5,10,4;8,,"16,620円",16620
10670,6,,8,,"5,000円",5000
10670,7,,8,,"5,000円",5000
10670,8,13,,,"5,000円",5000
10670,9,,8,,"5,000円",5000
10671,1,13,,,,
10671,10,15,11,,,
10671,11,10;13,1,,,
10671,12,,8,,,
10671,13,,8,,,
10671,14,,1;8,,,
10671,2,1;2;3;4;5;6;7;8;9;10;11;12;13;14,6,,,
10671,4,,9,,,
10671,5,,11,,,
10671,6,9;10;13,2,細菌培養同定,,
10671,8,,9,,,
10672,1,1;2;3;4;5;6;7;8;9;10;12;13;14,,,"29,250円",29250
10672,10,13,,,"10,300円",10300
10672,11,15,1;8,,"16,970円",16970
10672,12,10,1;8,,"13,110円",13110
10672,13,13,1,,"12,400円",12400
10672,14,,1;8,,"12,400円",12400
10672,2,,8,,"10,300円",10300
10672,3,,8,,"10,300円",10300
10672,4,13,,,"10,300円",10300
10672,5,,4;8,,"12,510円",12510
10672,6,,8,,"10,300円",10300
10672,7,9;10;11,8,,"22,640円",22640
10672,8,,8,,"10,300円",10300
10672,9,,8,,"10,300円",10300
10673,1,1;2;3;4;5;6;7;8;9;10;11;12,1,,"20,900円",20900
10673,10,15,1,,"9,680円",9680
10673,11,10,1,,"7,740円",7740
10673,12,13,1,,"11,180円",11180
10673,13,,1,,"5,880円",5880
10673,14,,1,,"5,880円",5880
10673,2,13,1,,"11,180円",11180
10673,3,,1,,"5,880円",5880
10673,4,13,1,,"11,180円",11180
10673,5,,1,,"5,880円",5880
10673,6,14,1,,"9,660円",9660
10673,7,9;10,1,,"9,290円",9290
10673,8,13,1,,"11,180円",11180
10673,9,,1,,"5,880円",5880
10674,1,1;2;3;4;5;6;7;8;9;10;11;12;13;14,6,"GBS検査は初回と34週頃にも実施している。
トキソプラズマ検査は患者の同意を得て実施する。（自費930円）","25,720円",25720
10674,10,15,,,"7,810円",7810
10674,11,10,,,"6,750円",6750
10674,12,13,,,"7,530円",7530
10674,13,,,,"5,060円",5060
10674,14,,,,"5,060円",5060
10674,2,,,,"5,060円",5060
10674,3,13,,,"7,530円",7530
10674,4,,8,,"7,530円",7530
10674,5,,,,"5,060円",5060
10674,6,13,,,"7,530円",7530
10674,7,,,,"5,060円",5060
10674,8,9;10,,,"8,000円",8000
10674,9,,,,"5,060円",5060
10675,1,1;2;3;4;5;6;7;8;9;10;11;12;13,,,"30,000円",30000
10675,10,,8;11,,"12,030円",12030
10675,11,13;15,,,"9,400円",9400
10675,12,,8,,"8,000円",8000
10675,13,,8,,"8,000円",8000
10675,14,,8,,"8,000円",8000
10675,2,13,,,"6,000円",6000
10675,3,,8;11,,"6,000円",6000
10675,4,,9,,"13,000円",13000
10675,5,13;14,,,"10,000円",10000
10675,6,10,4;8;11,,"11,170円",11170
10675,7,,8,,"6,000円",6000
10675,8,,8,,"6,000円",6000
10675,9,,8,,"6,000円",6000
10677,1,1;2;3;4;5;6;7;8;9;10;11;12;13,6,,"20,710円",20710
10677,10,15,,,"6,980円",6980
10677,11,10;13,,,"10,070円",10070
10677,12,,,,"5,080円",5080
10677,13,,,,"5,080円",5080
10677,14,,,,"5,080円",5080
10677,2,,,,"5,080円",5080
10677,3,,,,"5,080円",5080
10677,4,13,,,"9,860円",9860
10677,5,,,,"5,080円",5080
10677,6,14,,,"6,960円",6960
10677,7,,,,"5,080円",5080
10677,8,9;10;13,,,"10,180円",10180
10677,9,,,,"5,080円",5080
10679,1,1;2;3;4;5;6;7;8;9;10;12;13,,,"23,560円",23560
10679,11,10;13;15,,血液型検査と不規則抗体検査（2回目）,"9,630円",9630
10679,3,,,,"5,500円",5500
10679,4,11;13;14,,血算検査と胎児スクリーニング検査（前期）,"12,810円",12810
10679,7,9;10,,,"6,780円",6780
10679,8,13,,胎児スクリーニング検査（後期）,"5,500円",5500
10688,1,1;2;3;4;5;6;7;8;9;10;11;12;13,6,超音波検査は毎回の妊婦検診にて実施している,,
10688,10,,8,,,
10688,11,13;15,1;3,GBS検査は14-16週および35.36週の2回実施している,,
10688,12,,8,,,
10688,13,,8,,,
10688,14,,8,,,
10688,2,13,,,,
10688,3,14,8,,,
10688,4,,8;9,,,
10688,5,13,,,,
10688,6,,2;4;5;8,,,
10688,7,,8,,,
10688,8,,8;9,,,
10688,9,,8,,,
10691,1,1;2;3;4;5;6;7;8;9;10;13;14,,,,
10691,10,,8,,,
10691,2,13,,,,
10691,3,,8,,,
10691,4,11,8,10.血算検査を実施。,,
10691,5,13,,,,
10691,6,,8,,,
10691,7,9;10,8,,,
10691,8,,8,,,
10691,9,,8,,,
10692,1,1;2;3;4;5;6;7;8;9;10;11;12;13;14,1;2;3;5;6;7;9,,,
10692,11,10;15,,,,
10692,5,9,,,,
10692,7,10,,,,
10695,1,1;2;3;4;5;6;7;8;9;10;11;12;13;14,2;3;9,,32320,32320
10695,10,,9,,5000,5000
10695,11,15,9,,12670,12670
10695,12,,9,,9770,9770
10695,13,,9,,5000,5000
10695,14,,1;9,,5000,5000
10695,2,,9,,5000,5000
10695,3,,9,,9770,9770
10695,4,,9,,5000,5000
10695,5,,9,,5000,5000
10695,6,,4;9,,9470,9470
10695,7,,9,,5000,5000
10695,8,,9,,9770,9770
10695,9,,9,,5000,5000
10697,1,1;2;3;4;5;6;7;8;9;10;12;13,2;5;6;9;11,,30500,30500
10697,10,9,8;9;11,,7300,7300
10697,11,13;15,9;11,,7800,7800
10697,12,,3;8;9;11,,6800,6800
10697,13,,8;9;11,,6800,6800
10697,14,,1;8;9;11,,6800,6800
10697,2,13,9;11,,6800,6800
10697,3,,8;9;11,,6800,6800
10697,4,,8;9;11,,6800,6800
10697,5,10;11;13;14,4;9;11,,13300,13300
10697,6,,8;9;11,,6800,6800
10697,7,,8;9;11,,6800,6800
10697,8,,8;9;11,,6800,6800
10697,9,,8;9;11,,6800,6800
10698,1,1;2;3;4;5;6;7;8;9;10;11;12;13,2;5;6,,"34,820円",34820
10698,10,,9,,"10,300円",10300
10698,11,10;15,3;9,,"17,290円",17290
10698,12,,1;9,,"12,300円",12300
10698,13,,1;9,,"12,300円",12300
10698,14,,1;9,,"12,300円",12300
10698,2,13,,,"10,300円",10300
10698,3,13,,,"10,300円",10300
10698,4,13,,,"10,300円",10300
10698,5,14,4;9,,"23,860円",23860
10698,6,,9,,"10,300円",10300
10698,7,,9,,"10,300円",10300
10698,8,10,9,,"12,510円",12510
10698,9,,9,,"10,300円",10300
10700,1,1;2;3;4;5;6;7;8;9;10;11;12;13;14,8,"クラミジア・トラコマチス核酸細胞診（婦人科材料等）、風疹ウィルス抗体価、HTLV-1.2抗体定性、HBS抗原、HCV抗体定性・定量、STS定性、梅毒トレポネーマ抗体定性、血算Ⅰ、ABO、Rh、不規則抗体　自費金額17,540円","自己負担金
23,130円",23130
10700,10,,8,,"自己負担金
5,000円",5000
10700,11,13;15,8,"培養同定
自費金額3,800円","自己負担金
8,800円",8800
10700,12,10,1;8,"血算Ⅰ
自費金額1,500円","自己負担金
7,130円",7130
10700,13,,1;8,,"自己負担金
5,630円",5630
10700,14,,1;8,,"自己負担金
5,630円",5630
10700,2,,8,,"自己負担金
5,000円",5000
10700,3,,8,,"自己負担金
5,000円",5000
10700,4,13,8,,"自己負担金
5,000円",5000
10700,5,,4;8,,"自己負担金
7,210円",7210
10700,6,,8,,"自己負担金
5,000円",5000
10700,7,13,8,,"自己負担金
5,000円",5000
10700,8,10,8,"不規則抗体自費金額1,900円","自己負担金
6,900円",6900
10700,9,,8,,"自己負担金
5,000円",5000
10702,1,1;2;3;4;5;6;7;8;9;10;11;12;13,6,,"20,710円",20710
10702,10,15,,基準外だが「超音波検査」を毎回行っている。,"6,980円",6980
10702,11,10;13,,,"10,070円",10070
10702,12,,,基準外だが「超音波検査」を毎回行っている。,"5,080円",5080
10702,13,,,基準外だが「超音波検査」を毎回行っている。,"5,080円",5080
10702,14,,1,基準外だが「超音波検査」を毎回行っている。,"5,080円",5080
10702,2,13,,,"5,080円",5080
10702,3,,,基準外だが「超音波検査」を毎回行っている。,"5,080円",5080
10702,4,,,基準外だが「超音波検査」を毎回行っている。,"9,860円",9860
10702,5,13,,,"5,080円",5080
10702,6,14,,基準外だが「超音波検査」を毎回行っている。,"6,960円",6960
10702,7,,,基準外だが「超音波検査」を毎回行っている。,"5,080円",5080
10702,8,9;10,,基準外だが「超音波検査」を毎回行っている。,"10,180円",10180
10702,9,,,基準外だが「超音波検査」を毎回行っている。,"5,080円",5080
10703,1,1;2;3;4;5;6;7;8;9;10;12,3;5;6,,,
10703,11,10;13;15,,,,
10703,13,,1,,,
10703,14,,1,,,
10703,3,14,,,,
10703,4,10;11;13,,,,
10703,5,13,4,,,
10703,8,10;13,,,,
10707,1,1;2;3;4;5;6;7;8;9;10;12;13,,,"5,000円",5000
10707,10,,8,,"4,000円",4000
10707,11,10;13;15,,,"4,000円",4000
10707,12,,8,,"4,000円",4000
10707,13,,1;8,,"5,000円",5000
10707,14,,8,,"4,000円",4000
10707,2,,8,,"4,000円",4000
10707,3,13,,,"4,000円",4000
10707,4,,8;9,中期胎児エコー,"4,000円",4000
10707,5,9;13,4,,"5,050円",5050
10707,6,,8,,"4,000円",4000
10707,7,10;11;14,8,,"4,000円",4000
10707,8,,8,,"4,000円",4000
10707,9,,8,,"4,000円",4000
10711,1,1;2;3;4;5;6;7;8;9;10;11;12;13,6,,"22,410円",22410
10711,10,,,,"6,150円",6150
10711,11,10;13;15,1;2,,"17,350円",17350
10711,12,,,,"6,150円",6150
10711,13,,,,"6,150円",6150
10711,14,,,,"6,150円",6150
10711,2,,,,"7,950円",7950
10711,3,,,,"6,150円",6150
10711,4,13,,,"7,950円",7950
10711,5,14,3,,"11,980円",11980
10711,6,,,,"6,150円",6150
10711,7,9;10;13,,,"10,670円",10670
10711,8,,,,"6,150円",6150
10711,9,,,,"6,150円",6150
10715,1,1;2;3;4;5;6;7;8;9;10;11;12;13;14,6,,"34,150円",34150
10715,10,,8,,"9,840円",9840
10715,11,10;13;15,1,,"12,180円",12180
10715,12,,8,,"9,840円",9840
10715,13,,8,,"9,840円",9840
10715,14,,8,,"9,840円",9840
10715,2,,8,,"6,890円",6890
10715,3,,8,,"6,890円",6890
10715,4,13,,,"6,890円",6890
10715,5,9;10,4;8,,"9,760円",9760
10715,6,,8,,"6,890円",6890
10715,7,,8,,"6,890円",6890
10715,8,13,,,"6,890円",6890
10715,9,,8,,"6,890円",6890
10716,1,1;2;3;4;5;6;7;8;9;10;12;13,9,3D/4Dは適宜施行,"15,860円",15860
10716,10,,8;9,,"3,000円",3000
10716,11,10;13;15,1;9,,"13,020円",13020
10716,12,,1;8;9,,"5,100円",5100
10716,13,,1;8;9,,"5,100円",5100
10716,14,,1;8;9,,"5,100円",5100
10716,2,,8;9,,"3,000円",3000
10716,3,,8;9,,"3,000円",3000
10716,4,,8;9,,"3,000円",3000
10716,5,,8;9,,"3,000円",3000
10716,6,9;10;11;13;14,9,,"12,460円",12460
10716,7,,8;9,,"3,000円",3000
10716,8,13,9,,"8,300円",8300
10716,9,,8;9,,"3,000円",3000
10719,1,1;2;3;4;5;6;7;8;9;10;11;12;14,,,"28,160円",28160
10719,10,15,,,"14,450円",14450
10719,11,10;13,,,"8,140円",8140
10719,12,,8,,"6,090円",6090
10719,13,,8,,"6,090円",6090
10719,14,,1;8,,"8,090円",8090
10719,2,13,,,"6,090円",6090
10719,3,,,,"6,090円",6090
10719,4,13,,,"6,090円",6090
10719,5,,,,"6,090円",6090
10719,6,9;13,,,"9,690円",9690
10719,7,,,,"6,090円",6090
10719,8,,,,"6,090円",6090
10719,9,,,,"6,090円",6090
10722,1,1;2;3;4;5;6;7;8;9;10;11;12;13;14,,,"27,310円",27310
10722,10,,,,"5,800円",5800
10722,11,10;13;15,1,,"15,080円",15080
10722,12,,1,,"6,800円",6800
10722,13,,1,,"6,800円",6800
10722,14,,1,,"6,800円",6800
10722,2,,,,"5,800円",5800
10722,3,13,,,"9,400円",9400
10722,4,,,,"5,800円",5800
10722,5,,,,"5,800円",5800
10722,6,,,,"5,800円",5800
10722,7,9;10;13,,,"12,530円",12530
10722,8,,,,"5,800円",5800
10722,9,,,,"5,800円",5800
10724,1,1;2;3;4;5;6;7;8;9;10;12;13,,,"19,350円",19350
10724,10,15,8,※和痛分娩の方のみ、凝固・肝機能などを含めた術前検査実施,"12,300円",12300
10724,11,10,5,,"6,500円",6500
10724,12,13,1,,"10,800円",10800
10724,13,,1;8,,"10,800円",10800
10724,14,,1;8,,"10,800円",10800
10724,2,,8,,"5,500円",5500
10724,3,14,,,"7,100円",7100
10724,4,13,9,,"10,300円",10300
10724,5,9;10;11,4;11,助産師外来,"9,200円",9200
10724,6,,,,"3,500円",3500
10724,7,,,,"3,500円",3500
10724,8,13,,,"8,800円",8800
10724,9,,9;11,助産師外来,"5,000円",5000
10725,1,1;2;3;4;5;6;7;8;9;10;11;12;13;14,,,,
10725,11,10;13;15,,,,
10725,4,13,,,,
10725,6,9;10,,,,
10725,8,13,,,,
10728,1,1;2;3;4;5;6;7;8;9;10;11;12;13;14,6,,"25,960円",25960
10728,10,,1;9;10,,"4,990円",4990
10728,11,10;15,9;10,,"8,350円",8350
10728,12,,1;9;10,,"4,990円",4990
10728,13,,1;9;10,,"4,990円",4990
10728,14,,1;9;10,,"4,990円",4990
10728,2,,9;10,,"2,990円",2990
10728,3,,9;10,,"2,990円",2990
10728,4,13,9;10,,"2,990円",2990
10728,5,9;10,4;9;10,,"6,618円",6618
10728,6,,9;10,,"2,990円",2990
10728,7,,9;10,,"2,990円",2990
10728,8,13,9;10,,"2,990円",2990
10728,9,,9;10,,"2,990円",2990
10730,1,1;2;3;4;5;6;7;8;9;10;11;12;13;14,,腟分泌物培養検査,35270,35270
10730,10,,8,,5790,5790
10730,11,10;13;15,,他院から紹介の場合は、当院でも血液型検査を行っている,"15,830
(血液型検査行った場合18,850)",15830
10730,12,,8,,5790,5790
10730,13,,8,,5790,5790
10730,14,,8,,5790,5790
10730,2,,8,,5270,5270
10730,3,,8,,5790,5790
10730,4,13,9,,10570,10570
10730,5,9;10,4;8,間接クームス検査,13200,13200
10730,6,,8,,5790,5790
10730,7,,8,,5790,5790
10730,8,13,,,10570,10570
10730,9,,8,,5790,5790
10732,1,1;2;3;4;5;6;7;8;9;10;11;12;13;14,,,"19,910円",19910
10732,10,,8,,"4,500円",4500
10732,11,10;13;15,3,,"10,910円",10910
10732,12,,1;8,,"6,600円",6600
10732,13,,1;8,,"6,600円",6600
10732,14,,1;8,,"6,600円",6600
10732,2,,8,,"4,500円",4500
10732,3,,8,,"4,500円",4500
10732,4,13,,,"4,500円",4500
10732,5,9;10,4;8,,"9,700円",9700
10732,6,,8,,"4,500円",4500
10732,7,,8,,"4,500円",4500
10732,8,13,,,"4,500円",4500
10732,9,,8,,"4,500円",4500
10733,1,1;2;3;4;5;6;7;8;9;10;11;12;13;14,,尿中一般物質定性半定量検査,"36,580円",36580
10733,10,,1;8,尿中一般物質定性半定量検査,"5,530円",5530
10733,11,10;15,8,尿中一般物質定性半定量検査,"9,800円",9800
10733,12,,1;8,尿中一般物質定性半定量検査,"5,530円",5530
10733,13,,1;8,尿中一般物質定性半定量検査,"5,530円",5530
10733,14,,1;8,尿中一般物質定性半定量検査,"5,530円",5530
10733,2,13,,尿中一般物質定性半定量検査,"3,010円",3010
10733,3,13,,尿中一般物質定性半定量検査,"3,010円",3010
10733,4,13,,尿中一般物質定性半定量検査,"3,010円",3010
10733,5,9;10,8,尿中一般物質定性半定量検査,"7,420円",7420
10733,6,,8,尿中一般物質定性半定量検査,"3,010円",3010
10733,7,,8,尿中一般物質定性半定量検査,"3,010円",3010
10733,8,,8,"尿中一般物質定性半定量検査
※心電図を実施する場合あり","4,570円",4570
10733,9,,8,尿中一般物質定性半定量検査,"3,010円",3010
10735,1,1;2;3;4;5;6;7;8;9;12;13,5,,"22,522円",22522
10735,10,,9,,"5,780円",5780
10735,11,13;15,,,13317,13317
10735,12,,9,,"5,780円",5780
10735,13,,9,,"5,780円",5780
10735,14,,9,,"5,780円",5780
10735,2,,9,,"5,780円",5780
10735,3,,9,,"5,780円",5780
10735,4,13,,,"5,780円",5780
10735,5,,9,,"5,780円",5780
10735,6,9;11;14,9,,13317,13317
10735,7,13,,,"5,780円",5780
10735,8,,9,,"5,780円",5780
10735,9,,9,,"5,780円",5780
10736,1,1;2;3;4;5;6;7;8;9;10;12;13;14,,,25120,25120
10736,10,13,,,8570,8570
10736,11,15,,,7590,7590
10736,12,10,1,,7650,7650
10736,13,13,1,,8570,8570
10736,14,,1,,3790,3790
10736,2,,,,6390,6390
10736,3,,,,3790,3790
10736,4,13,,,8570,8570
10736,5,,,,5790,5790
10736,6,,,,3790,3790
10736,7,9;10;11,,,10230,10230
10736,8,,,,3790,3790
10736,9,,,,5790,5790
10739,1,1;2;3;4;5;6;7;8;9;10;11;12;13;14,6;7,,31580,31580
10739,10,,9,,6150,6150
10739,11,13;15,2,当院ではABO血液型検査、Rh血液型検査、不規則抗体検査、血液検査は3６週頃にも実施している。,16260,16260
10739,12,,1;9,,5950,5950
10739,13,,9,,6150,6150
10739,14,,9,,6150,6150
10739,2,,9,,6150,6150
10739,3,,9,,6150,6150
10739,4,13,,,6150,6150
10739,5,,9,,6150,6150
10739,6,,9,,6150,6150
10739,7,9,4;9,,10010,10010
10739,8,13,9,,6150,6150
10739,9,,9,,6150,6150
10740,1,1;2;3;4;5;6;7;8;9;10;11;12;13;14,6;9,,"1,350円",1350
10740,10,15,1;11,,"2,160円",2160
10740,12,,11,,,
10740,4,,9,,,
10740,5,,11,,,
10740,6,,9,,,
10740,7,,9,,,
10740,8,9;10,,,,
10741,1,,,１回目は紹介元で実施する。,,
10741,10,,1;8;11,NST（ノンストレステスト）は、34週以降に必要に応じて実施している。,"4,410円",4410
10741,11,10;15,1;3;8;11,,"9,300円",9300
10741,12,,1;8;11,,"4,410円",4410
10741,13,,1;8;11,,"4,410円",4410
10741,14,,1;8;11,,"4,410円",4410
10741,2,1;2;3;4;5;6;7;8;9;10;12;13,11,,"11,180円",11180
10741,3,13,11,,"4,410円",4410
10741,4,13;14,11,,"5,510円",5510
10741,5,10;11;13,2;4;11,,"6,850円",6850
10741,6,,8;11,,"9,850円",9850
10741,7,,8;11,糖負荷試験（50gGCT）で陽性の場合は、糖負荷試験（75gGCT）を実施します。,"4,410円",4410
10741,8,,8;11,,"4,410円",4410
10741,9,,8;11,,"4,410円",4410
10742,1,1;2;3;4;5;6;7;8;9;10;11;12;13;14,2;6,,"25,450円",25450
10742,10,15,,,"8,800円",8800
10742,11,10;13,1,,"13,660円",13660
10742,12,,1;8,,"8,300円",8300
10742,13,,1;8,,"8,300円",8300
10742,14,,1;8,,"8,300円",8300
10742,2,,9;10,,"5,000円",5000
10742,3,,,,"5,000円",5000
10742,4,13,9;10,,"10,300円",10300
10742,5,10,,,"8,410円",8410
10742,6,,9;10,,"5,000円",5000
10742,7,,,,"5,000円",5000
10742,8,13,9;10,,"10,300円",10300
10742,9,,,,"5,000円",5000
10743,1,1;2;3;4;5;6;7;8;9;10;11,2;6,,,
10743,11,15,1;3,,,
10743,12,,1,,,
10743,13,,1,,,
10743,14,,1,,,
10743,4,13,,,,
10743,6,,4,,,
10743,8,13,,,,
10745,1,1;2;4;5;6;7;8;10;11;12;14;15,2;8,,"26,000円",26000
10745,10,,8,,"5,000円",5000
10745,11,10;13;14,,,"9,500円",9500
10745,12,,8,,"5,000円",5000
10745,13,,1;8,,"8,500円",8500
10745,14,,1;8,,"8,500円",8500
10745,2,13,,,"5,000円",5000
10745,3,,,,"8,000円",8000
10745,4,,9;11,,"5,000円",5000
10745,5,,8,,"5,000円",5000
10745,6,,8,,"5,000円",5000
10745,7,3;9;10;13;14,11,,"13,000円",13000
10745,8,,8,,"5,000円",5000
10745,9,13,,,"5,000円",5000
10747,1,1;2;3;4;5;6;7;8;9;10;11;12;13,,,24640,24640
10747,10,,8,,6100,6100
10747,11,15,1;8,,10300,10300
10747,12,,8;1,,7100,7100
10747,13,,1;8,,7100,7100
10747,14,,8;1,,7100,7100
10747,2,,8,,6100,6100
10747,3,,4;8,ABO血液型検査,6100,6100
10747,4,14,8,,9880,9880
10747,5,13,,,5100,5100
10747,6,9;10;13,4;8,"ABO血液型検査

血算検査",13020,13020
10747,7,13,8,,9880,9880
10747,8,,8,,6100,6100
10747,9,10,8,不規則抗体検査,7790,7790
10748,1,1;2;3;4;5;6;7;8;9;10;11;12;13,5;6,,22200,22200
10748,10,,,,8500,8500
10748,11,10;13;15,,ABO血液型検査、Rｈ血液型検査、不規則抗体検査を36周頃にも実施している,13800,13800
10748,12,,,,8500,8500
10748,13,,,,8500,8500
10748,14,,,,8500,8500
10748,2,,,,8500,8500
10748,3,,,,8500,8500
10748,4,,9,,8500,8500
10748,5,,4;8,血算検査を24週頃にも実施している,8500,8500
10748,6,,,,10920,10920
10748,7,,,,8500,8500
10748,8,9;10;13;14,2;3;8,B型肝炎抗原検査、C型肝炎抗体検査、梅毒血清反応検査、血算検査を30週頃にも実施している,15350,15350
10748,9,,,,8500,8500
10750,1,1;2;3;4;5;6;7;8;9;10;11;12;13;14,2;3;5;6;11,妊婦健診、マタニティクラスの説明、各種書類の説明,"39,280円",39280
10750,10,15,9;10,,"7,140円",7140
10750,11,10;13,10,,"7,140円",7140
10750,12,,1;8;10,,"9,340円",9340
10750,13,,1;8;10,,"9,340円",9340
10750,14,,1;8;10,,"9,340円",9340
10750,2,,8,,"7,140円",7140
10750,3,13,10,BVスコア,"7,360円",7360
10750,4,,8;10,,"7,140円",7140
10750,5,,9;10,,"7,140円",7140
10750,6,9;10;13,10,,"7,140円",7140
10750,7,,8;10,,"7,140円",7140
10750,8,,8;10,,"7,140円",7140
10750,9,,8;10;11,入院説明,"7,140円",7140
10752,1,1;2;3;4;5;6;7;8;9;10;11;12;13,2;6,"妊婦健診料（初回）￥5410
生化学検査１判断料　￥1440
免疫学的検査判断料　￥1440
血液学的検査判断料　￥1250
検体検査管理加算　￥400
血液採取　￥400","23,280円",23280
10752,10,,8,妊婦健診料（2回目以降）￥3260,"8,560円",8560
10752,11,10;13;15,2,"妊婦健診料（2回目以降）￥3260
生化学検査１判断料　￥1440
血液学的検査判断料　￥1250
検体検査管理加算　￥400
血液採取　￥400","16,690円",16690
10752,12,,1;8,妊婦健診料（2回目以降）￥3260,"10,660円",10660
10752,13,,1,妊婦健診料（2回目以降）￥3260,"5,360円",5360
10752,14,,1;8,妊婦健診料（2回目以降）￥3260,"5,360円",5360
10752,2,,8;9,妊婦健診料（2回目以降）￥3260,"11,560円",11560
10752,3,,8,"妊婦健診料（2回目以降）￥3260
","8,560円",8560
10752,4,13;14,2,"妊婦健診料（2回目以降）￥3260
生化学検査１判断料　￥1440
血液学的検査判断料　￥1250
検体検査管理加算　￥400
血液採取　￥400","15,170円",15170
10752,5,,8,妊婦健診料（2回目以降）￥3260,"8,560円",8560
10752,6,13,,妊婦健診料（2回目以降）￥3260,"8,560円",8560
10752,7,,8,妊婦健診料（2回目以降）￥3260,"8,560円",8560
10752,8,9;10,2;3;8,"妊婦健診料（2回目以降）￥3260
生化学検査１判断料　￥1440
免疫学的検査判断料　￥1440
血液学的検査判断料　￥1250
検体検査管理加算　￥400
血液採取　￥400","18,680円",18680
10752,9,,8,妊婦健診料（2回目以降）￥3260,"8,560円",8560
10754,1,12,,,"8,390円",8390
10754,10,15,,"当院では血算検査は26週と34週で施行
当院では早産ハイリスクが多いため34週と38週でGBS検査施行","12,230円",12230
10754,11,13,,,"11,620円",11620
10754,12,,,,"6,320円",6320
10754,13,10,,当院では早産ハイリスクが多いため34週と38週でGBS検査施行,"9,850円",9850
10754,14,,,NSTは40週以降に施行,"6,320円",6320
10754,2,1;2;3;4;5;6;7;8;9;10;11,,,"19,020円",19020
10754,3,13,,14週で施行,"11,620円",11620
10754,4,13;14,,18週で施行,"9,210円",9210
10754,5,,9,22週で施行,"11,620円",11620
10754,6,9;10;13,4,当院では血算検査は26週と34週で施行,"17,830円",17830
10754,7,,,,"6,320円",6320
10754,8,,,,"6,320円",6320
10754,9,,,,"6,320円",6320
10755,1,1;2;3;4;5;6;7;8;9;10;11;12;13,2;3;6;8,,"25,500円",25500
10755,10,,,,"5,000円",5000
10755,11,10;13;15,,,"12,100円",12100
10755,12,,,,"5,000円",5000
10755,13,,,,"5,000円",5000
10755,14,,,,"5,000円",5000
10755,2,,8,,"5,000円",5000
10755,3,,8,,"5,000円",5000
10755,4,13,,,"7,000円",7000
10755,5,,8,,"7,000円",7000
10755,6,,,,"5,000円",5000
10755,7,10;14,4;8,,"14,100円",14100
10755,8,13,,,"7,000円",7000
10755,9,,,,"5,000円",5000
10756,1,13,,経腟超音波,"初診料：
3,630円
経腟超音波：
4,780円",3630
10756,10,,10;8,超音波（券なし）3800円,"再診・健診料：3,870円
腹部超音波：3,800円",3870
10756,11,10;13;15,8;10,,"再診・健診料：3,870円
腹部超音波：3,800円",3870
10756,12,,8;10,超音波（券なし）3800円,"再診・健診料：3,870円",3870
10756,13,,8;10,超音波（券なし）3800円,"再診・健診料：3,870円
腹部超音波：3,800円",3870
10756,14,,8;10,"超音波（券なし）3800円
","再診・健診料：3,870円",3870
10756,2,1;2;3;4;5;6;7;8;9;10;11;12;13;14,6;10,4Dはかわいらしい画像が撮れた際にデータでお渡しします。,"再診・検診料：3,870円
腹部超音波：3,800円",3870
10756,3,,8;10,超音波（券なし）3800円,"再診・検診料：3,870円
腹部超音波：3,800円",3870
10756,4,13,9;10;8,,"再診・健診料：3,870円
腹部超音波：3,800円",3870
10756,5,13,8;10,経腟超音波,"再診・健診料：3,870円
腹部超音波：3,800円",3870
10756,6,,8;10,超音波（券なし）3800円,"再診・健診料：3,870円
腹部超音波：3,800円",3870
10756,7,9;10;13,9;10;8,※胎児超音波検査は初診時＋上記の○印のタイミングで行う（追加コストなし）,"再診・健診料：3,870円
腹部超音波：3,800円",3870
10756,8,,8;10,超音波（券なし）3800円,"再診・健診料：3,870円
腹部超音波：3,800円",3870
10756,9,,8;10;9,里帰りの方は初診時に胎児超音波を行います,"再診・健診料：3,870円
腹部超音波：3,800円",3870
10757,1,1;2;3;4;5;6;7;8;9;10;12,,"・望ましい基準外の2,3,5は必要時。　・４は血糖検査で100以上の場合。","20,880円",20880
10757,10,,11,,"6,010円",6010
10757,11,10;15,8,・当院で血型を検査していない場合、36週採血で妊婦の同意を得て採血するようにしている。,"7,870円",7870
10757,12,,1,,"6,010円",6010
10757,13,,8,,"6,010円",6010
10757,14,,1,,"6,010円",6010
10757,2,13,,・望ましい基準外の6，7は希望者または感染疑い者,"6,010円",6010
10757,3,,11,・望ましい基準外の９は医師が必要と判断した時、胎児心エコーを小児科医に依頼している。,"6,010円",6010
10757,4,13,,,"6,010円",6010
10757,5,13,11,,"6,010円",6010
10757,6,9;10;11,,,"12,450円",12450
10757,7,13;14,,,"6,010円",6010
10757,8,,8,,"11,830円",11830
10757,9,,8,,"6,010円",6010
10758,1,1;2;3;4;5;6;7;8;9;10;11;12;13,6,,"23,030円",23030
10758,10,,8,,"6,180円",6180
10758,11,10;15,1;8,,"11,680円",11680
10758,12,,1;8,,"7,180円",7180
10758,13,,1;8,,"7,180円",7180
10758,14,,1;8,,"7,180円",7180
10758,2,13,,,"6,180円",6180
10758,3,10;13,,,"7,930円",7930
10758,4,13,,,"6,180円",6180
10758,5,9;10;14,8,間接クームステスト,"15,270円",15270
10758,6,,8,,"6,180円",6180
10758,7,,8,,"6,180円",6180
10758,8,,8,,"6,180円",6180
10758,9,,8,,"6,180円",6180
10760,1,1;2;3;4;5;6;7;8;9;10;11;12;13;14,6,,"25,380円",25380
10760,10,,8;11,,"6,000円",6000
10760,11,13;15,1,,"10,800円",10800
10760,12,10,8,梅毒、B型肝炎ウィルス検査、C型肝炎ウィルス検査を行っている,"7,700円",7700
10760,13,,8,,"6,000円",6000
10760,14,,8,40週にNSTを行っている,"6,000円",6000
10760,2,,8;9,,"6,000円",6000
10760,3,,8;11,,"14,000円",14000
10760,4,13,9,膣内細菌培養検査を行っている,"11,800円",11800
10760,5,9;10,2;4;8,,"11,620円",11620
10760,6,,8,,"6,000円",6000
10760,7,13,9,,"6,000円",6000
10760,8,,8,,"6,000円",6000
10760,9,,8,,"6,000円",6000
10761,1,1;2;3;4;5;6;7;8;9;10;12;13,2;5;6,"HbA1c
B-V
加算","25,264円",25264
10761,10,,,,"4,000円",4000
10761,11,10;13;15,1;2,"HbA1c
B-V
加算
STS
梅毒定性
膣分泌
HBs","22,670円",22670
10761,12,,,,"4,000円",4000
10761,13,,,,"4,000円",4000
10761,14,,1,,"6,000円",6000
10761,2,,,,"4,000円",4000
10761,3,,,,"4,000円",4000
10761,4,14,9,,"10,280円",10280
10761,5,,,,"4,000円",4000
10761,6,10;11;13,2;4,"B-V
加算","14,020円",14020
10761,7,,,,"4,000円",4000
10761,8,,,,"4,000円",4000
10761,9,,,,"4,000円",4000
10762,1,1;2;3;4;5;6;7;8;9;10;11;12;13;14,,助産師の初期指導,,
10762,11,13;15,1,助産師の10ヶ月指導,1000,1000
10762,12,10,1,,1000,1000
10762,13,,1,,1000,1000
10762,14,,1,,1000,1000
10762,4,13,,助産師の5か月指導,,
10762,8,9;10;13,1,助産師の8ヶ月の指導,1000,1000
10763,1,1;2;3;4;5;6;7;8;9;10;11;12;13,5;6,,"21,070円",21070
10763,10,15,9,,"9,620円",9620
10763,11,10,9;11,36週頃に不規則抗体検査,"11,230円",11230
10763,12,,9,,"5,150円",5150
10763,13,,1;9,,"6,150円",6150
10763,14,,1;9,,"6,150円",6150
10763,2,,9;11,,"6,150円",6150
10763,3,,9,,"5,150円",5150
10763,4,,9,,"5,150円",5150
10763,5,13;14,9;11,,"10,330円",10330
10763,6,9;10,9,,"8,750円",8750
10763,7,,9,,"5,150円",5150
10763,8,,9;11,,"6,150円",6150
10763,9,,9,GDMは32週~NST実施（+1000円）,"5,150円",5150
10764,1,1;2;3;4;5;6;7;8;9;10;11;12;13,,,,
10764,11,15,,,,
10764,12,,1,,,
10764,13,,1,,,
10764,14,,1,,,
10764,4,13;14,9,,,
10764,6,9;10,,,,
10764,8,,9,,,
10765,1,1;2;3;4;5;6;7;8;9;10;11;12;14,6;8,,"4,090円",4090
10765,10,,8,,"4,090円",4090
10765,11,10;13,,,"4,090円",4090
10765,12,15,8,,"4,090円",4090
10765,13,,8,,"4,090円",4090
10765,14,,8,,"4,090円",4090
10765,2,13,,,"4,090円",4090
10765,3,,8,,"4,090円",4090
10765,4,13,,,"4,090円",4090
10765,5,9;10;13,,,"4,090円",4090
10765,6,,8,,"4,090円",4090
10765,7,,8,,"4,090円",4090
10765,8,,8,,"4,090円",4090
10765,9,,8,,"4,090円",4090
10766,1,1;2;3;4;5;6;7;8;9;10;12;13,6;7,,"22,220円",22220
10766,10,15,8,,"9,670円",9670
10766,11,10,3;8,,"10,730円",10730
10766,12,,1;8,,"7,510円",7510
10766,13,,8,,"5,200円",5200
10766,14,,8,,"5,200円",5200
10766,2,13,,,"5,200円",5200
10766,3,13;14,,,"8,980円",8980
10766,4,13,,,"5,200円",5200
10766,5,9;10,8,,"9,530円",9530
10766,6,,8,,"5,200円",5200
10766,7,,8,,"5,200円",5200
10766,8,11,4;8,,"10,750円",10750
10766,9,,8,,"5,200円",5200
10767,1,1;2;3;4;5;6;7;8;9;10;11;12;13;14,9,,,
10767,11,13;15,1;11,,,
10767,12,10,1,,,
10767,13,,1,,,
10767,14,,1,,,
10767,2,,11,,,
10767,3,13,,,,
10767,5,9;10,,,,
10767,7,13,11,,,
10768,1,1;2;3;4;5;6;7;8;9;10;11;12;13,,,"26,190円",26190
10768,10,15,,,"8,880円",8880
10768,11,10;13,,,"11,720円",11720
10768,12,,,,"5,080円",5080
10768,13,,,,"5,080円",5080
10768,14,,,,"5,080円",5080
10768,2,,,,"5,080円",5080
10768,3,,,,"5,080円",5080
10768,4,13,,,"9,860円",9860
10768,5,,,,"5,080円",5080
10768,6,,,,"5,080円",5080
10768,7,9;10;13;14,,,"17,050円",17050
10768,8,,,,"5,080円",5080
10768,9,,,,"5,080円",5080
10771,1,1;2;3;4;5;6;7;8;9;10;11;12;14,6,尿中一般,"24,790円",24790
10771,10,,1,"尿中一般
超音波検査34週に実施","8,410円",8410
10771,11,10;15,,尿中一般,"6,670円",6670
10771,12,,1,尿中一般,"3,110円",3110
10771,13,,1,尿中一般,"3,110円",3110
10771,14,,1,尿中一般,"3,110円",3110
10771,2,,,尿中一般,"1,010円",1010
10771,3,,,尿中一般,"1,010円",1010
10771,4,13,,尿中一般,"6,310円",6310
10771,5,10,4,尿中一般,"4,680円",4680
10771,6,13,,尿中一般,"6,310円",6310
10771,7,13,,尿中一般,"6,310円",6310
10771,8,13,,尿中一般,"6,310円",6310
10771,9,,,"尿中一般
超音波検査32週に実施","6,310円",6310
10772,1,1;2;3;4;5;6;7;8;9;10;11;12;13,2;5,,,
10772,11,13,,,,
10772,12,10,1,,,
10772,2,,8,,,
10772,3,,8,,,
10772,4,13,8,,,
10772,6,,4,,,
10772,8,9;10;13,,,,
10773,1,1;2;3;4;5;6;7;8;9;10;11;12;14,2;3;4;5;6;7;9;11,,"38,000円",38000
10773,10,,9;11,,"5,000円",5000
10773,11,,9;11,,"5,000円",5000
10773,12,,9;11,,"5,000円",5000
10773,13,,9;11,,"5,000円",5000
10773,14,,9;11,,"5,000円",5000
10773,2,,9;11,,"5,000円",5000
10773,3,,9;10;11,,"5,000円",5000
10773,4,,9;11,,"5,000円",5000
10773,5,,9;11,,"5,000円",5000
10773,6,9,9;11,,"11,450円",11450
10773,7,,9;11,,"5,000円",5000
10773,8,,1;9;11,,"5,000円",5000
10773,9,15,9;11,,"10,700円",10700
10774,1,1;2;3;4;5;6;7;8;9;10;12;13;14,2;6,,23080,23080
10774,10,,8,※当院では妊婦健診日、超音波検査実施,3300,3300
10774,11,10;13;15,,※当院では血算検査３回目を妊娠３６週頃に実施,7370,7370
10774,12,,8,※当院では妊婦健診日、超音波検査実施,3300,3300
10774,13,,8,※当院では妊婦健診日、超音波検査実施,3300,3300
10774,14,,8,※当院では妊婦健診日、超音波検査実施,3300,3300
10774,2,,8,※当院では妊婦健診日、超音波検査実施,3300,3300
10774,3,,8,※当院では妊婦健診日、超音波検査実施,3300,3300
10774,4,13,,※当院では血算検査を妊娠２０週頃に実施,5450,5450
10774,5,,8,※当院では妊婦健診日、超音波検査実施,3300,3300
10774,6,,8,※当院では妊婦健診日、超音波検査実施,3300,3300
10774,7,9;10;11;13,,※当院では血算検査２回目を妊娠２８週頃に実施,9930,9930
10774,8,,8,※当院では妊婦健診日、超音波検査実施,3300,3300
10774,9,,8,※当院では妊婦健診日、超音波検査実施,3300,3300
10775,1,1;2;3;4;5;6;7;8;9;10;12;13,,,"24,630円",24630
10775,10,15,9,,"11,120円",11120
10775,11,,9,,"4,460円",4460
10775,12,13,1,,"6,460円",6460
10775,13,,9,,"4,460円",4460
10775,14,,9,,"4,460円",4460
10775,2,,9,,"4,460円",4460
10775,3,,9,,"4,460円",4460
10775,4,13,,,"9,240円",9240
10775,5,,9,,"4,460円",4460
10775,6,,9,,"4,460円",4460
10775,7,,9,,"4,460円",4460
10775,8,11;13;14,,,"19,820円",19820
10775,9,,9,,"4,460円",4460
10777,1,1;2;3;4;5;6;7;8;9;10;12;13,,,,
10777,10,10;15,8,,,
10777,11,10;13,1,必要と判断した場合NSTを行う,,
10777,12,,1;8,必要と判断した場合NSTを行う,,
10777,13,,1;8,必要と判断した場合NSTを行う,,
10777,14,,1;8,必要と判断した場合NSTを行う,,
10777,2,,8,,,
10777,3,,8,,,
10777,4,13,,,,
10777,5,,8,,,
10777,6,10;13,,,,
10777,7,9;10;11,8,,,
10777,8,10;14,8,,,
10777,9,,8,,,
10780,1,1;2;3;4;5;6;7;8;9;10;11;12;13;14,2;5;6,,37100,37100
10780,10,,8,,5000,5000
10780,11,10;13;15,2,,15660,15660
10780,12,,1;8,,6500,6500
10780,13,,1;8,,6500,6500
10780,14,,1;8,,6500,6500
10780,2,,8,,5000,5000
10780,3,,8,,5000,5000
10780,4,13,8,,5000,5000
10780,5,,8,,5000,5000
10780,6,13,8,,7000,7000
10780,7,9;10;13,,,10410,10410
10780,8,,8,,5000,5000
10780,9,,8,,5000,5000
10782,1,1;2;3;4;5;6;7;8;9;10;12;13,,,"25,100円",25100
10782,10,,8,,"10,300円",10300
10782,11,13;15,,,"14,500円",14500
10782,12,,8,,"10,300円",10300
10782,13,,1;8,,"12,400円",12400
10782,14,,8,,"10,300円",10300
10782,2,13,,,"10,300円",10300
10782,3,,8,,"10,300円",10300
10782,4,11,8,,"14,130円",14130
10782,5,13,,,"10,300円",10300
10782,6,,8,,"10,300円",10300
10782,7,14,8,,"14,480円",14480
10782,8,,8,,"10,300円",10300
10782,9,,8,,"10,300円",10300
10783,1,8;12;13;14,5;6,当院ではB群溶血性レンサ球菌(GBS)検査を初回にも実施している,"28,850円",28850
10783,10,,8,,"4,000円",4000
10783,11,,8,,"4,000円",4000
10783,12,10;13;15,,,"6,350円",6350
10783,13,,1;8,,"6,000円",6000
10783,14,,1;8,,"6,000円",6000
10783,2,1;2;3;4;5;6;7;9;10;11;13,,,"22,600円",22600
10783,3,,8,,"4,000円",4000
10783,4,,8,,"4,000円",4000
10783,5,13,4,,"8,303円",8303
10783,6,,8,,"4,000円",4000
10783,7,10,8,,"5,500円",5500
10783,8,,8,,"4,000円",4000
10783,9,,8,,"4,000円",4000
10785,1,1;2;3;4;5;6;7;8;9;10;11;12;13;14;15,5;6;7;9,,"30,000円",30000
10785,10,,9,,"5,000円",5000
10785,11,10,7;9,サイトメガロウイルス抗体検査が初期で院生の場合は再検,"11,300円",11300
10785,12,,1;9,,"6,000円",6000
10785,13,,1,,"6,000円",6000
10785,14,,1;9,,"6,000円",6000
10785,2,,9,,"5,000円",5000
10785,3,,9,,"5,000円",5000
10785,4,,9,,"5,000円",5000
10785,5,,4;9,,"6,800円",6800
10785,6,10,9,,"5,000円",5000
10785,7,,9,,"5,000円",5000
10785,8,,9,,"5,000円",5000
10785,9,,9,,"5,000円",5000
10787,1,1;2;3;4;5;6;7;8;9;10;11;12;13,5;6;9,麻疹ウイルス抗体検査・フェリチン半定量・膣分泌物検査・Hbaic,"33,010円",33010
10787,10,,9,,"5,780円",5780
10787,11,10;13;15,9,間接クームス,"9,790円",9790
10787,12,,1;9,,"7,780円",7780
10787,13,,9,,"5,780円",5780
10787,14,,9,,"5,780円",5780
10787,2,13,9,,"5,780円",5780
10787,3,,9,,"5,780円",5780
10787,4,,9,,"5,780円",5780
10787,5,,9,,"5,780円",5780
10787,6,10;13,4;9,,"9,590円",9590
10787,7,,9,,"5,780円",5780
10787,8,9;14,2;9,淋菌検査・Hba1c,"12,560円",12560
10787,9,,9,,"5,780円",5780
10788,1,13,,,,
10788,11,9,,,,
10788,2,1;2;3;4;5;6;7;8;9;10;14,,,,
10788,4,13,,,,
10788,5,13,4,,,
10788,8,11;13,,,,
10789,1,1;2;3;4;5;6;7;8;9;10;11;12;13;14,,,,
10789,11,13;15,,,,
10789,2,13,,,,
10789,5,10;13,8,,,
10789,8,9,,"血算検査
HTLV-1抗体検査
超音波検査",,
10790,1,1;2;3;4;5;6;7;8;9;10;11;12;13;14,5,症状に応じて生化、糖負荷を実施,,
10790,10,15,9,"スメア検査
保健指導",,
10790,11,10;13,9,保健指導,,
10790,12,,9,,,
10790,13,,9,,,
10790,14,,1;9,,,
10790,2,13,,,,
10790,3,,9,,,
10790,4,,9,母親教室,,
10790,5,9;13,9,保健指導,,
10790,6,,9,助産外来,,
10790,7,,9,,,
10790,8,10,9,,,
10790,9,,9,母親教室,,
10791,1,,,,"5,000円",5000
10791,10,15,,,"5,000円",5000
10791,11,,,,"5,000円",5000
10791,12,,1,,"6,000円",6000
10791,13,,1,,"6,000円",6000
10791,14,,1,,"6,000円",6000
10791,2,1;2;3;4;5;6;7;8;9;10;12;13,5;6,,"15,000円",15000
10791,3,13,,,"5,000円",5000
10791,4,,,,"5,000円",5000
10791,5,9;13,4,,"8,000円",8000
10791,6,,,,"5,000円",5000
10791,7,,,,"5,000円",5000
10791,8,10;11;14,3,,"14,000円",14000
10791,9,,,,"5,000円",5000
10792,1,1;2;3;4;5;6;7;8;9;10;11;12;13;14,,"12週頃

福島県は、妊娠12週頃に初回検査実施。",21270,21270
10792,10,15,,"36週頃

福島県は、血算検査、超音波検査(4回目)を実施。",13650,13650
10792,11,,,37週頃,5000,5000
10792,12,,,38週頃,5000,5000
10792,13,,,39週頃,5000,5000
10792,14,,,40週頃,5000,5000
10792,2,,,16週頃,5000,5000
10792,3,13,,20週頃,10300,10300
10792,4,,,24週頃,5000,5000
10792,5,,,26週頃,5000,5000
10792,6,,,28週頃,5000,5000
10792,7,9;10;13,,"30週頃

福島県は、HTLV-1抗体検査・性器クラミジア検査の2回目を実施。",18210,18210
10792,8,,,32週頃,5000,5000
10792,9,,,34週頃,5000,5000
10794,1,12,8;11,,,
10794,10,,8,,,
10794,11,10;13;15,1;11,,,
10794,12,,1;8,,,
10794,13,,1;8,,,
10794,14,,1;8,,,
10794,2,1;2;3;4;5;6;7;8;9;10;13;14,5;11,,,
10794,3,,8,,,
10794,4,13,,,,
10794,5,9;10,5;8;11,,,
10794,6,,8,,,
10794,7,,8,,,
10794,8,11;13,,,,
10794,9,,8,,,
10795,1,1;2;3;4;5;6;7;8;9;10;11;12;13;14,6,"細菌性膣症
○","25,730円",25730
10795,10,,1,,"5,900円",5900
10795,11,10;15,,,"9,920円",9920
10795,12,13,1,,"11,200円",11200
10795,13,,1,,"5,900円",5900
10795,14,,1,,"5,900円",5900
10795,2,,,,"3,800円",3800
10795,3,,,,"3,800円",3800
10795,4,13,,,"9,100円",9100
10795,5,9;10,,,"8,060円",8060
10795,6,,,,"3,800円",3800
10795,7,,,,"3,800円",3800
10795,8,13,,,"9,100円",9100
10795,9,,,,"3,800円",3800
10796,1,1;2;3;4;5;6;7;8;9;10;11;12,8,,,
10796,10,,8,,,
10796,11,10;13;15,,,,
10796,12,,1;8,,,
10796,13,,1;8,,,
10796,14,,1;8,,,
10796,2,13,,,,
10796,3,,8,,,
10796,4,13,,当院では血糖検査を妊娠20週頃にも実施している,,
10796,5,,8,,,
10796,6,,8,,,
10796,7,9;10;13;14,,当院では腟分泌物培養検査を妊娠28週頃にも実施している,,
10796,8,,8,,,
10796,9,,8,,,
10797,1,1;2;3;4;5;6;7;8;9;10;11;12;13;14,6,項目1～5.7に関しては必要時に実施。,22470,22470
10797,10,,8,項目1～5.7に関しては必要時に実施。,"5,000円",5000
10797,11,10;13;15,11,項目1～5.7に関しては必要時に実施。,10890,10890
10797,12,,,項目1～5.7に関しては必要時に実施。,"3,000円",3000
10797,13,,8,項目1～5.7に関しては必要時に実施。,"5,000円",5000
10797,14,,,項目1～5.7に関しては必要時に実施。,"3,000円",3000
10797,2,13,11,項目1～5.7に関しては必要時に実施。,"5,000円",5000
10797,3,,8,項目1～5.7に関しては必要時に実施。,"5,000円",5000
10797,4,,8,項目1～5.7に関しては必要時に実施。,"5,000円",5000
10797,5,9;10;13,,項目1～5.7に関しては必要時に実施。,9190,9190
10797,6,,8;11,項目1～5.7に関しては必要時に実施。,"5,000円",5000
10797,7,,8,項目1～5.7に関しては必要時に実施。,"5,000円",5000
10797,8,,8,項目1～5.7に関しては必要時に実施。,"5,000円",5000
10797,9,,8,項目1～5.7に関しては必要時に実施。,"5,000円",5000
10798,1,1;2;3;4;5;6;7;8;9;10;11;12;13,,,,
10798,10,,1;8;10,,,
10798,11,10;15,1;8;10,,,
10798,12,13,1;10,,,
10798,13,,1;8;10,,,
10798,14,,1;8;10,,,
10798,2,,8;10,,,
10798,3,13,10,,,
10798,4,,8;9;10,,,
10798,5,,8;10,,,
10798,6,10;14,8;10,,,
10798,7,13,10,,,
10798,8,,8;9;10,,,
10798,9,,1;8;10,,,
10799,1,1;2;3;4;5;6;7;8;9;10;12,2,,,
10799,11,15,2,,,
10799,12,,1,,,
10799,13,,1,,,
10799,14,,1,,,
10799,2,13,,,,
10799,6,9;11;13;14,2;4,,,
10800,1,1;2;3;4;5;6;7;8;9;10;11;12;13,6,当院ではB型溶結性レンサ球菌検査を行っている,"24,000円",24000
10800,10,,1;8,,"2,500円",2500
10800,11,13;15,1,,"6,000円",6000
10800,12,10,1;8,,"4,500円",4500
10800,13,,1;8,,"2,500円",2500
10800,14,,1;8,,"2,500円",2500
10800,2,13;14,,,"4,000円",4000
10800,3,,8,,"2,500円",2500
10800,4,,8,当院では２０Wごろ血清検査を行っている,"4,500円",4500
10800,5,,8,,"2,500円",2500
10800,6,13,,,"2,500円",2500
10800,7,,8,,"2,500円",2500
10800,8,,1;8,当院では梅毒、風疹の件さを行っている,"8,500円",8500
10800,9,,1;8,,"2,500円",2500
10802,1,1;2;3;4;5;6;7;8;9;10;11;12;13;14,2;11,助産師指導を初回で実施している（妊娠中に起こりえる症状・トラブルへの対応方法指導）,"31,000円",31000
10802,10,,8,,"8,000円",8000
10802,11,10;13;15,2;3;11,"ABO血液型検査、Rh血液型検査、不規則抗体検査、B型肝炎抗原検査、C型肝炎抗体検査、HIV抗体検査、梅毒血清反応検査は、妊娠36週頃に実施している。
助産師指導を妊娠36週頃に実施している（出産前教育指導）","23,000円",23000
10802,12,,8,,"8,000円",8000
10802,13,,1;8,,"10,000円",10000
10802,14,,8,,"8,000円",8000
10802,2,13,,,"8,000円",8000
10802,3,,8,,"8,000円",8000
10802,4,,8;9,,"13,300円",13300
10802,5,13,,,"8,000円",8000
10802,6,10,4;8;11,助産師指導を妊娠26週頃に実施している（中期指導）,"13,000円",13000
10802,7,,8,,"8,000円",8000
10802,8,,8,,"8,000円",8000
10802,9,,8,,"8,000円",8000
10803,1,1;2;3;4;5;6;7;8;9;10;11;12;13;14,,,,
10803,10,,8,,,
10803,11,10;15,8,,,
10803,12,,8,,,
10803,13,,8,,,
10803,14,,8,,,
10803,2,13,,,,
10803,3,13,,,,
10803,4,13,,,,
10803,5,9;10,8,,,
10803,6,,8,,,
10803,7,,8,,,
10803,8,,8,,,
10803,9,,8,,,
10804,1,8;9;13,9,,12220,12220
10804,10,,8;9;11,,5000,5000
10804,11,10;13;15,9,,8090,8090
10804,12,,1;8;9;11,,5000,5000
10804,13,,1;8;9,,5000,5000
10804,14,,1;8;9,,5000,5000
10804,2,1;2;3;4;5;6;7;10;11;12;13;14,9;11,,21480,21480
10804,3,,8;9,,5000,5000
10804,4,,8;9,,5000,5000
10804,5,,8;9,,5000,5000
10804,6,,8;9,,5000,5000
10804,7,9;10;13,9;11,妊娠28週に間接クームス検査施行,6830,6830
10804,8,,8;9,,5000,5000
10804,9,,8;9,選択帝王切開予定の方は、妊娠34週に術前検査（採血+レントゲン+心電図）,5000,5000
10806,1,1;2;3;4;5;6;7;8;9;10;11;13,6;11,毎回の検診で助産師が問診と保健指導を行います。毎回助産師との個別相談が可能です。,"20,500円",20500
10806,10,13,11,,"5,000円",5000
10806,11,4;5;7;10;13;15,11,,"16,000円",16000
10806,12,,11,,"5,000円",5000
10806,13,,1;11,,"5,000円",5000
10806,14,,1;11,,"5,000円",5000
10806,2,13;14,11,,"8,500円",8500
10806,3,13,11,,"5,000円",5000
10806,4,13,11,,"5,000円",5000
10806,5,13,4;11,,"10,000円",10000
10806,6,13,11,,"5,000円",5000
10806,7,13,11,,"10,000円",10000
10806,8,13,9;11,,"5,000円",5000
10806,9,13,11,,"5,000円",5000
10807,1,1;2;3;4;5;6;7;8;9;10;11;12;13,6,,"26,660円",26660
10807,10,,9,,"5,780円",5780
10807,11,15,9,,"11,440円",11440
10807,12,10;13,,,"10,800円",10800
10807,13,,9,,"5,780円",5780
10807,14,,9,,"5,780円",5780
10807,2,,9,,"5,780円",5780
10807,3,,9,,"5,780円",5780
10807,4,13,,,"10,560円",10560
10807,5,,9,,"5,780円",5780
10807,6,10,4;9,,"9,780円",9780
10807,7,,9,,"5,780円",5780
10807,8,13;14,,,"13,940円",13940
10807,9,,9,,"5,780円",5780
10808,1,1;2;3;4;5;6;7;8;9;10;11;12;13;14,5;6;9;10,,33870,33870
10808,10,13,1;9;10;11,,6120,6120
10808,11,10;13;15,9;10;8,当院では貧血検査、B群溶血レンサ球菌(GBS)を36週頃にも実施している,9680,9680
10808,12,13,1;9;10;8,,6120,6120
10808,13,13,1;9;10,,6120,6120
10808,14,13,1;9;10;8,,6120,6120
10808,2,13,9;10;11;8,,4020,4020
10808,3,13,9;10;8,,4020,4020
10808,4,13,9;10,,6020,6020
10808,5,10;13,4;9;10;8,当院では貧血検査を24週頃にも実施している。,7690,7690
10808,6,13,9;10;11;8,,4020,4020
10808,7,13,9;10;8,,4020,4020
10808,8,13,9;10;8,,4020,4020
10808,9,13,9;10;8,,4020,4020
10809,1,1;2;3;4;5;6;7;8;9;10;11;12;13,8;11,,29415,29415
10809,10,,8,,4090,4090
10809,11,13;15;10,1;2;3;9;11,,13380,13380
10809,12,,1;8,,5090,5090
10809,13,,1;8,,5090,5090
10809,14,,1;8,,5090,5090
10809,2,14,8,膣分泌物培養,19045,19045
10809,3,13;14;15,11,,4090,4090
10809,4,13,8;9;11,,7090,7090
10809,5,13,,,4090,4090
10809,6,10;13,4,,13195,13195
10809,7,13,,,4090,4090
10809,8,,8;9,,4090,4090
10809,9,,8,,4090,4090
10811,1,1;2;3;4;5;6;7;8;9;10;11;12;13;14,2;5,,"40,440円",40440
10811,10,,,,"4,500円",4500
10811,11,10;13;15,1;2;9,,"20,200円",20200
10811,12,,,,"4,500円",4500
10811,13,,,,"4,500円",4500
10811,14,,,,"4,500円",4500
10811,2,,,,"4,500円",4500
10811,3,,9,,"6,000円",6000
10811,4,13,,,"6,000円",6000
10811,5,,9,,"6,000円",6000
10811,6,10,2;4,,"11,600円",11600
10811,7,13,,,"6,000円",6000
10811,8,,,,"4,500円",4500
10811,9,,9,,"6,000円",6000
10812,1,1;2;3;4;5;6;7;8;9;10;12;13;14,2,,,
10812,10,,8,,,
10812,11,10;13;15,2,不規則抗体検査,,
10812,12,,1;8,,,
10812,13,,1;8,,,
10812,14,,1;8,,,
10812,2,,8,,,
10812,3,,8,,,
10812,4,13,8,,,
10812,5,9;11,2;4,,,
10812,6,,8,,,
10812,7,,8,,,
10812,8,10;13,2,"B型肝炎抗原検査
C型肝炎抗原検査
梅毒血清反応検査",,
10812,9,,8,,,
10813,1,1;2;3;4;5;6;7;8;9;10;12;13,2,HbA1c,"25,820円",25820
10813,11,15,,,"8,650円",8650
10813,12,10;13,1,,"10,720円",10720
10813,13,,1,,"7,000円",7000
10813,14,,1,,"7,000円",7000
10813,4,13,9,,"7,000円",7000
10813,5,,8,,"7,000円",7000
10813,8,9;10;11;13;14,9,不規則抗体検査,"18,590円",18590
10814,1,1;2;3;4;5;6;7;8;9;10;12;13;14,6,,"17,200円",17200
10814,10,,8,,"5,000円",5000
10814,11,10;13;15,,,"10,800円",10800
10814,12,,8,,"5,000円",5000
10814,13,,8,,"5,000円",5000
10814,14,,8,,"5,000円",5000
10814,2,13,,,"5,000円",5000
10814,3,,8,,"5,000円",5000
10814,4,,8,,"5,000円",5000
10814,5,13,,,"5,000円",5000
10814,6,9;10;11,8,,"13,200円",13200
10814,7,,8,,"5,000円",5000
10814,8,,8,,"5,000円",5000
10814,9,,8,,"5,000円",5000
10815,1,1;2;3;4;5;6;7;8;9;10;11;12,6;7;9,,,
10815,10,,9,,,
10815,11,10;15,1;9;11,,,
10815,13,,1;9,,,
10815,2,,9;11,,,
10815,3,14,9,,,
10815,4,,9,,,
10815,5,10,4;9;11,,,
10815,6,,9,,,
10815,7,,9,,,
10815,8,,9,,,
10815,9,,9,,,
10817,1,1;2;3;4;5;6;7;8;9;10;11;12;14,2;5;6;8;11,,,
10817,10,15,11,,,
10817,11,10;13,11,,,
10817,12,,1;11,,,
10817,13,,1;11,,,
10817,14,,1;8;11,,,
10817,2,13,11,双胎は29週まで2週間毎健診（超音波検査毎回）30週から33週まで毎週健診,,
10817,3,,8;11,,,
10817,4,13,9;11,,,
10817,5,,8;11,,,
10817,6,,11,,,
10817,7,9;10;13,8;11,※ABO血液型（自費）,,
10817,8,,11,,,
10817,9,,8;11,,,
10818,1,1;2;3;4;5;6;7;8;9;10;11;12;13,2,尿糖・尿蛋白,"20,000円",20000
10818,10,,,尿糖・尿蛋白,"5,000円",5000
10818,11,10;13,,尿糖・尿蛋白,"9,000円",9000
10818,12,,,尿糖・尿蛋白,"5,000円",5000
10818,13,,,尿糖・尿蛋白,"5,000円",5000
10818,14,,,尿糖・尿蛋白,"5,000円",5000
10818,2,,,尿糖・尿蛋白,"5,000円",5000
10818,3,,,尿糖・尿蛋白,"5,000円",5000
10818,4,13,,尿糖・尿蛋白,"5,000円",5000
10818,5,,,尿糖・尿蛋白,"5,000円",5000
10818,6,,4,尿糖・尿蛋白,"5,000円",5000
10818,7,,,尿糖・尿蛋白,"5,000円",5000
10818,8,9;10;13;14;15,,尿糖・尿蛋白,"11,000円",11000
10818,9,,,尿糖・尿蛋白,"5,000円",5000
10819,1,1;2;3;4;5;6;7;8;9;10;11;12,8,間接クームステスト,,
10819,10,15,3;8,ESBL,,
10819,11,10;13,,,,
10819,12,,8,,,
10819,13,,1;8,,,
10819,14,,1;8,,,
10819,2,13,,初期血糖検査で耐糖能以上あれば75gOGTT検査,,
10819,3,,8,,,
10819,4,13,,,,
10819,5,9;10,8,,,
10819,6,,8,中期血糖検査で耐糖能異常あれば75gOGTT検査,,
10819,7,,8,,,
10819,8,13;14,,,,
10819,9,,8,,,
10820,1,13,9,,"15,160円",15160
10820,10,10;13,2;3;9,生化学検査(腎機能、肝機能等)及び凝固検査は帝王切開術予定者のみ,"5,760円",5760
10820,11,15,9,,"5,240円",5240
10820,12,,1;9,,"7,570円",7570
10820,13,,1;9,,"5,760円",5760
10820,14,13,1;9,,"5,760円",5760
10820,2,1;2;3;4;5;6;7;8;9;10;11;12;14,9,,"11,060円",11060
10820,3,,9,,"11,060円",11060
10820,4,13,9,,"10,540円",10540
10820,5,,9,,"11,060円",11060
10820,6,,9,,"5,760円",5760
10820,7,9,9,,"5,760円",5760
10820,8,,9,,"8,600円",8600
10820,9,,9,,"5,760円",5760
10821,10,,9,,7350,7350
10821,11,15,8,,10550,10550
10821,12,10;13,1,,12350,12350
10821,13,,1,,5760,5760
10821,14,,1;9,"当院では妊娠39週頃の健診後、妊娠40週、41週頃に基本的な妊婦健診とNSTをそれぞれ実施している(1回5,760円)。",18870,18870
10821,2,1;2;3;4;5;6;7;8;9;10;11;12;14;13,8,ラクトバチルス（Nスコア）,30910,30910
10821,3,,9,,7350,7350
10821,4,13,,血算検査,10540,10540
10821,5,,9,,7350,7350
10821,6,,,,5760,5760
10821,7,9;10;13,,不規則抗体検査,13900,13900
10821,8,,8,,5760,5760
10822,1,1;2;3;4;5;6;7;8;9;10;12,5;6;7,,"36,270円",36270
10822,10,,,,"7,260円",7260
10822,11,10;13;15,,,"14,110円",14110
10822,12,,1,,"8,260円",8260
10822,13,,,,"7,260円",7260
10822,14,,,,"7,260円",7260
10822,2,13,,,"12,260円",12260
10822,3,,,,"7,260円",7260
10822,4,13;14,,,"19,040円",19040
10822,5,9;10;11,,,"14,120円",14120
10822,6,,,,"7,260円",7260
10822,7,13,,,"12,260円",12260
10822,8,,,,"7,260円",7260
10822,9,,,,"7,260円",7260
10823,1,1;2;3;4;5;6;7;8;9;10;11;13,,,"21,080円",21080
10823,10,,,,"5,100円",5100
10823,11,13;15,1,,"10,400円",10400
10823,12,,,,"5,100円",5100
10823,13,,,,"5,100円",5100
10823,14,,,,"5,100円",5100
10823,2,12;13;14,,,"12,260円",12260
10823,3,,,,"5,100円",5100
10823,4,,,,"5,100円",5100
10823,5,9;10;13,,,"13,020円",13020
10823,6,,,,"5,100円",5100
10823,7,,,,"5,100円",5100
10823,8,,,,"5,100円",5100
10823,9,10,,,"6,690円",6690
10824,1,1;2;3;4;5;6;7;8;9;10;11;12;13;14,,当院では母子手帳交付前の初診時にクラミジア検査を実施し、妊娠12週頃を母子手帳交付後初回としている。,27082,27082
10824,10,,,当院10回(妊娠36週),7760,7760
10824,11,,1,当院11回(妊娠37週),7860,7860
10824,12,,1,当院12回(妊娠38週),7860,7860
10824,13,,1,当院13回(妊娠39週),7860,7860
10824,14,,1;8,当院14回(妊娠40週)超音波検査5回目、NST5回目は保険診療です。,7980,7980
10824,2,,,当院では妊娠16週頃を2回目としているため、調査票回答欄の週数と回数にズレが生じているのでご注意ください,5760,5760
10824,3,13,,当院3回目(妊娠20週)超音波検査を実施しているがシステム上エラー表示されるため上記に○は無い。,7760,7760
10824,4,,,"当院4回目(妊娠24週)血算検査と血糖検査を実施しているがシステム上エラー表示されるため上記に○は無い。
妊娠糖尿病検査を必要に応じて実施。",6696,6696
10824,5,13,,当院5回目(妊娠27週),7760,7760
10824,6,,,当院6回目(妊娠29週)膣細菌培養検査を保険診療にて実施。,7100,7100
10824,7,13,,当院7回目(妊娠31週)超音波検査を実施しているがシステム上エラー表示されるため上記に○は無い。,7760,7760
10824,8,10,,当院8回目(妊娠33週),6553,6553
10824,9,15,1,"当院9回目(妊娠35週)
GBS検査を実施。",11060,11060
10827,1,1;2;3;4;5;6;7;8;9;10;11;12;13;14,2;6,,,
10827,10,10;13;15,2,,,
10827,12,13,,,,
10827,5,9;10;13,,,,
10828,1,13,,,,
10828,10,,,,"6,180円",6180
10828,11,10;13;15,2;3,,"17,620円",17620
10828,12,,1;11,,"6,180円",6180
10828,13,,,,"8,340円",8340
10828,14,,1,,"6,180円",6180
10828,2,1;2;3;4;5;6;7;8;9;10;11;12;13,2;6,"膣分泌物
B-Vスコア
HbA1C","27,160円",27160
10828,3,,,,"6,180円",6180
10828,4,,11,,"4,180円",4180
10828,5,9;10;13;14,,,"15,030円",15030
10828,6,,,,"6,180円",6180
10828,7,,,,"6,180円",6180
10828,8,,11,,"4,180円",4180
10828,9,,,,"6,180円",6180
10829,1,1;2;3;4;5;6;7;8;9;10;11;12;13;14,2;3;11,,,
10829,10,,8,,,
10829,11,10;13;15,1;11,,,
10829,12,,8,,,
10829,13,,8,,,
10829,14,,8,,,
10829,2,13,,,,
10829,3,,8,,,
10829,4,,8;9;11,,,
10829,5,10;13,4,,,
10829,6,,8,,,
10829,7,,8,,,
10829,8,,8,,,
10829,9,,8,,,
10830,1,1;2;3;4;5;6;7;8;9;10;12;13,,,"24,940円",24940
10830,10,,8,,"5,780円",5780
10830,11,10;13;15,,"ABO血液型
Rh血液型
不規則抗体
","14,220円",14220
10830,12,,1;8,,"8,560円",8560
10830,13,,1;8,,"5,780円",5780
10830,14,,1;8,,"5,780円",5780
10830,2,,8,,"8,560円",8560
10830,3,,8,,"5,780円",5780
10830,4,13,9,,"8,560円",8560
10830,5,,8,,"8,560円",8560
10830,6,9;10;11;13;14,10,,"17,380円",17380
10830,7,,8;10,,"8,560円",8560
10830,8,,8;9,,"5,780円",5780
10830,9,,8,,"5,780円",5780
10831,1,1;2;3;4;5;6;7;8;9;10;11;12;13;14,,,"27,000円",27000
10831,10,,9,,"12,000円",12000
10831,11,10;13;15,1,,"10,000円",10000
10831,12,,9,,"7,000円",7000
10831,13,,9,,"7,000円",7000
10831,14,,1;9,,"7,000円",7000
10831,2,,9,,"7,000円",7000
10831,3,,9,,"7,000円",7000
10831,4,13,10,,"11,000円",11000
10831,5,,9,,"7,000円",7000
10831,6,9;10,2;9,,"7,000円",7000
10831,7,,9,,"7,000円",7000
10831,8,13,10,,"15,000円",15000
10831,9,,9,,"7,000円",7000
10832,1,1;2;3;4;5;6;7;8;9;10;11,5,,,
10832,11,15,,血算検査、不規則抗体検査,,
10832,4,14,,,,
10832,5,9;10;13,4,,,
10832,8,10;13,,,,
10833,1,1;2;3;4;5;6;7;8;9;10;11;12;14;13,,,,
10833,11,15;13,,,,
10833,2,13,9,,,
10833,4,13,9,,,
10833,5,,4,,,
10833,6,,4,,,
10833,7,13,9,,,
10833,8,10,,,,
10836,1,1;2;3;4;5;6;7;8;9;10;11;12;13;14,2;3;10;11,,30650,30650
10836,10,,8;10;11,,17250,17250
10836,11,10;13;15,1;2;3;10,,8150,8150
10836,12,,1;8;10,,8150,8150
10836,13,,1;8;10,,8150,8150
10836,14,,1;8;10,,8150,8150
10836,2,,8;10,,8150,8150
10836,3,,8;10,,8150,8150
10836,4,13,6;9;10,,5000,5000
10836,5,10,4;8;10;11,,9850,9850
10836,6,,8;10,,8150,8150
10836,7,,8;10,,8150,8150
10836,8,13,9;10,,8150,8150
10836,9,,8;10,,11150,11150
10838,1,1;2;3;4;5;6;7;8;9;10;12;13,,,"6,500円",6500
10838,10,15,,,"2,700円",2700
10838,12,10;13,,,"1,400円",1400
10838,13,,,,"1,000円",1000
10838,14,,,,"1,000円",1000
10838,4,13,,,,
10838,6,,,,"1,000円",1000
10838,8,9;10;11;13;14,,,"4,000円",4000
10839,1,1;2;3;4;5;6;7;8;9;10;11;12;13,2;5;6,,"14,830円",14830
10839,11,15,1,,"2,570円",2570
10839,12,10,1;2,,"4,400円",4400
10839,13,,1,,"7,500円",7500
10839,14,,1,,"7,500円",7500
10839,5,14,,,"9,040円",9040
10839,6,,9,,"5,500円",5500
10839,7,9;10,,,"3,870円",3870
10839,9,,,心電図,"6,800円",6800
10840,1,1;2;3;4;5;6;7;8;9;10;11;12;13;14,6,,"21,330円",21330
10840,10,,8,,"8,770円",8770
10840,11,13,,,"8,500円",8500
10840,12,,1;8,,"8,500円",8500
10840,13,,1;8,,"8,500円",8500
10840,14,,1;8,,"8,500円",8500
10840,2,13,,,"6,500円",6500
10840,3,,8,,"6,500円",6500
10840,4,,8,,"6,500円",6500
10840,5,13,,,"6,700円",6700
10840,6,,8,頸管長測定,"6,500円",6500
10840,7,,8,,"6,770円",6770
10840,8,,4;8,頸管長測定,"6,500円",6500
10840,9,,8,,"7,500円",7500
10843,1,1;2;3;4;5;6;7;8;9;10;11;12;13;14,2;3,,22290,22290
10843,10,10,8,"性器クラミジア検査。
血算検査を34週頃に実施している。",10830,10830
10843,11,13;15,9,性器クラミジア検査,10400,10400
10843,12,,8,性器クラミジア検査,9100,9100
10843,13,,8,性器クラミジア検査,7000,7000
10843,14,,8,性器クラミジア検査,7000,7000
10843,2,,8,性器クラミジア検査,7000,7000
10843,3,,8,性器クラミジア検査,7000,7000
10843,4,13,9,性器クラミジア検査,10000,10000
10843,5,,8,性器クラミジア検査,7000,7000
10843,6,9;10,8;10,性器クラミジア検査,9350,9350
10843,7,,8,性器クラミジア検査,7000,7000
10843,8,13,,性器クラミジア検査,10000,10000
10843,9,,8,性器クラミジア検査,7000,7000
10845,1,1;2;3;4;5;6;7;8;9;10;12;13,6,,"20,170円",20170
10845,10,,11,,"5,100円",5100
10845,11,15,8,無痛分娩予定患者は凝固も,"14,610円",14610
10845,12,,1,,"7,200円",7200
10845,13,,8,,"8,700円",8700
10845,14,,8,,"5,100円",5100
10845,2,13,,,"10,400円",10400
10845,3,13,11,,"8,700円",8700
10845,4,,9,,"18,100円",18100
10845,5,13;14,,,"15,160円",15160
10845,6,10;11,4;11,,"9,960円",9960
10845,7,,9,,"12,300円",12300
10845,8,,11,,"5,100円",5100
10845,9,,8,,"8,700円",8700
10847,1,1;2;3;4;5;6;7;8;9;10;11;12;13,11,基本健診,20800,20800
10847,10,,8;11,基本健診,5100,5100
10847,11,15,8;11,基本健診,8300,8300
10847,12,10;13,11,基本健診,9800,9800
10847,13,,8;11,基本健診,5100,5100
10847,14,,8;11,基本健診,5100,5100
10847,2,,8;11,基本健診,5100,5100
10847,3,,8;11,基本健診,5100,5100
10847,4,13;14,11,基本健診,9800,9800
10847,5,,4;8;11,基本健診,5100,5100
10847,6,,8;11,"基本健診
貧血",6550,6550
10847,7,,8;11,基本健診,8200,8200
10847,8,10;13,11,"基本健診
貧血",12800,12800
10847,9,,8;11,基本健診,5100,5100
10849,1,1;2;3;4;5;6;7;8;9;10;12;13,,,"17,150円",17150
10849,10,9;13;15,,,"7,110円",7110
10849,11,,1;8,,"9,000円",9000
10849,12,,1;8,,"9,000円",9000
10849,13,,1;8,,"9,000円",9000
10849,14,13,1,,"9,000円",9000
10849,2,,8,,"7,000円",7000
10849,3,,8;10,,"8,500円",8500
10849,4,,8,,"7,000円",7000
10849,5,9;10;11;13,8;10,,"10,410円",10410
10849,6,14,9,,"10,420円",10420
10849,7,,8,,"7,000円",7000
10849,8,,8,,"7,000円",7000
10849,9,,8,,"7,000円",7000
10850,1,1;2;3;4;5;6;7;8;10;12;13;14,,,"23,780円",23780
10850,10,,8,,"5,180円",5180
10850,11,13;15,,ABO血液型検査・Rh血液型検査・不規則抗体検査・血糖検査は３６週頃（後期）にも実施している,"9,260円",9260
10850,12,,8,,"5,180円",5180
10850,13,,8,,"5,180円",5180
10850,14,,1;8,,"5,180円",5180
10850,2,,8,,"5,180円",5180
10850,3,,4;8,,"5,180円",5180
10850,4,13,,超音波スクリーニング実施,"7,830円",7830
10850,5,9;10;11;13,,,"16,250円",16250
10850,6,,4;8,糖負荷試験はGCT140以上の場合２回目実施,"5,180円",5180
10850,7,,8,超音波スクリーニング実施,"7,830円",7830
10850,8,,8,,"5,180円",5180
10850,9,,8,,"5,180円",5180
10852,1,1;2;3;4;5;6;7;8;9;10;11;12;13,,,25390,25390
10852,10,,,,6420,6420
10852,11,10;15,,,14300,14300
10852,12,,,,7420,7420
10852,13,,,,7420,7420
10852,14,,,,7420,7420
10852,2,,,,6420,6420
10852,3,,,,6420,6420
10852,4,14,10,,9780,9780
10852,5,10,,,10230,10230
10852,6,,,,6420,6420
10852,7,,,,6420,6420
10852,8,,10,,6420,6420
10852,9,,,,6420,6420
10855,1,1;2;3;4;5;6;7;8;9;10;11;12;13;14,6,,,
10855,11,10;15,1,,,
10855,12,13,,,,
10855,4,13,,,,
10855,5,10,4,,,
10855,8,13,,,,
10857,1,1;2;3;4;5;6;7;8;9;10;11;12;13,6;7;9;10,,"31,530円",31530
10857,10,,,,"9,380円",9380
10857,11,10;15,,,"13,950円",13950
10857,12,,,,"9,380円",9380
10857,13,,,,"9,380円",9380
10857,14,,,,"9,380円",9380
10857,2,,,,"9,380円",9380
10857,3,,,,"9,380円",9380
10857,4,13;14,,,"13,070円",13070
10857,5,,,,"9,380円",9380
10857,6,,,,"9,380円",9380
10857,7,9;10;13,,,"13,180円",13180
10857,8,,,,"9,380円",9380
10857,9,,,,"9,380円",9380
10859,1,1;2;3;4;5;6;7;8;9;10;11;12,,,,
10859,11,13;15,,,,
10859,12,,1,,,
10859,13,,1,,,
10859,14,,1,,,
10859,2,13,,,,
10859,4,13;14,,,,
10859,5,,4,,,
10859,8,13,2;3,,,
10860,1,1;2;3;4;5;6;7;8;9;10;11;12;13;14,6,,,
10860,10,15,,"不規則抗体
超音波
",,
10860,12,,1,,,
10860,13,,1,,,
10860,14,,1,,,
10860,5,9;10;13,,,,
10860,8,,,"超音波
HTLV-1採血",,
10861,1,1;2;3;4;5;6;7;8;9;10;11;12;13,11,,"15,000円",15000
10861,10,15,2;3;8;9,,"7,452円",7452
10861,11,,9;11,,"4,128円",4128
10861,12,13,8;9,,"10,488円",10488
10861,13,,1;8;9,,"6,648円",6648
10861,14,,1;8;9,,"4,128円",4128
10861,2,,8,,"4,128円",4128
10861,3,14,8;9,中期GBS採取,"9,588円",9588
10861,4,13,9,,"4,128円",4128
10861,5,,8;9;11,,"4,128円",4128
10861,6,,4;8;9,,"11,112円",11112
10861,7,13,9,,"4,128円",4128
10861,8,,8;9,,"4,128円",4128
10861,9,,8;9;11,,"4,128円",4128
10863,1,1;2;3;4;6;7;8;9;10;12;13;14;5;11,2;5;6;9,,33500,33500
10863,10,,2;9,血算検査,12000,12000
10863,11,10;13;15,2;11;9,後期助産師指導,10500,10500
10863,12,,1;9,希望で胎児超音波検査追加,4700,4700
10863,13,,8;9,,6700,6700
10863,14,,1;9,,10000,10000
10863,2,,9,初回助産師指導,6500,6500
10863,3,13,8;9;11,,6700,6700
10863,4,13,9,血算検査,8900,8900
10863,5,,8;9;11,中期助産師指導,6700,6700
10863,6,,9,,6700,6700
10863,7,9;10;11;13,2;9,,10150,10150
10863,8,,8;9,,6700,6700
10863,9,13,9,里帰り戻りの方は初回助産師指導,6700,6700
10865,1,1;2;3;4;5;6;7;8;9;10;12;13,,,"20,020円",20020
10865,10,,8,,"8,080円",8080
10865,11,15,,,"3,080円",3080
10865,12,,,,"3,090円",3090
10865,13,,8,,"8,090円",8090
10865,14,,1,,"3,500円",3500
10865,2,13,,,"6,190円",6190
10865,3,14,,,"3,080円",3080
10865,4,13,,,"8,080円",8080
10865,5,11,,,"7,330円",7330
10865,6,13,4,,"7,350円",7350
10865,7,,8,,"8,080円",8080
10865,8,,,,"4,670円",4670
10865,9,,,,"10,130円",10130
10867,1,1;2;3;4;5;6;7;8;9;10;12;13,,,,
10867,10,15,,,,
10867,11,10;13,,,,
10867,3,11;14,,,,
10867,4,13,,,,
10867,5,9;10;13,,,,
10869,1,1;2;3;4;5;6;7;8;9;10;12;13,,,5000,5000
10869,10,,8;9,,5000,5000
10869,11,10;15;13,,,5000,5000
10869,12,,8;9,,5000,5000
10869,13,,1;8;9,,5000,5000
10869,14,,1;8;9,,5000,5000
10869,2,,9;8,,5000,5000
10869,3,,9;8,,5000,5000
10869,4,13,9;8,,5000,5000
10869,5,,8;9,,5000,5000
10869,6,,8;9,,5000,5000
10869,7,10;11;14;13,,,5000,5000
10869,8,,8;9,,5000,5000
10869,9,,8;9,,5000,5000
10871,1,1;2;3;4;5;6;7;8;9;10;11;12;13;14,,,"25,750円",25750
10871,10,15,8,,"10,130円",10130
10871,11,10;13,,,"12,520円",12520
10871,12,,8,,"7,630円",7630
10871,13,,8,,"7,630円",7630
10871,14,,1;8,,"9,730円",9730
10871,2,13,,,"7,630円",7630
10871,3,,8;9,,"8,630円",8630
10871,4,,8,,"7,630円",7630
10871,5,,8,,"7,630円",7630
10871,6,9;10;13,,,"11,440円",11440
10871,7,,8,,"7,630円",7630
10871,8,,8;11,,"9,680円",9680
10871,9,,8,,"7,630円",7630
10874,1,1;2;3;4;5;6;7;8;9;10;11;12;13,6,,,
10874,10,,9;10,,,
10874,11,10;15,9;10,,,
10874,13,,1,,,
10874,14,,9,,,
10874,2,,9;10,,,
10874,3,,9;10,,,
10874,4,13,,,,
10874,5,,9;10,,,
10874,6,9,9;10,,,
10874,7,13,,,,
10874,8,10;14,9;10,,,
10874,9,,9;10,,,
10876,1,1;2;3;4;5;6;7;8;9;10;11;12;13,,,18930,18930
10876,10,,8,,8350,8350
10876,11,,8,,10450,10450
10876,12,,8,,10450,10450
10876,13,,8,,10450,10450
10876,14,,8,,10450,10450
10876,2,13,,,6550,6550
10876,3,,8,,8350,8350
10876,4,14,8;9,,12130,12130
10876,5,9;10,8;11,プレママ（助産師指導）を20週～26週頃に実施している。,12440,12440
10876,6,,8,,8350,8350
10876,7,,8,,8350,8350
10876,8,,8,,8350,8350
10876,9,15,8,,12820,12820
10878,1,1;2;3;4;5;6;7;8;9;10;12;13,2;3;5;6;7,,,
10878,10,15,8;10;11,,,
10878,11,,1;2;3;8,,,
10878,12,10;13,,,,
10878,13,,8,,,
10878,14,,1;8,,,
10878,2,,8,,,
10878,3,,8;11,,,
10878,4,13,4,,,
10878,5,,8;10,,,
10878,6,,8;10,,,
10878,7,,2;8;11,,,
10878,8,9;10;11;13;14,,,,
10878,9,,8,,,
10879,1,13,,,"4,480円",4480
10879,10,,,,"5,000円",5000
10879,11,15,,,"8,300円",8300
10879,12,,,,"5,000円",5000
10879,13,,,,"5,000円",5000
10879,14,,,,"5,000円",5000
10879,2,1;2;3;4;5;6;7;8;9;10;11;12,,,"20,720円",20720
10879,3,,,,"5,000円",5000
10879,4,,,,"5,000円",5000
10879,5,,,,"5,000円",5000
10879,6,,,,"5,000円",5000
10879,7,14,,,"8,840円",8840
10879,8,9;10,,,"8,980円",8980
10879,9,,,,"5,000円",5000
10880,1,1;2;3;4;5;6;7;8;9;10;11;12,,,"20,900円",20900
10880,10,15,,,"9,680円",9680
10880,11,10,2,,"10,910円",10910
10880,12,13,1,,"12,680円",12680
10880,13,,1,,"7,380円",7380
10880,14,,1,,"7,380円",7380
10880,2,13,,,"11,180円",11180
10880,3,,,,"5,880円",5880
10880,4,13,,,"11,180円",11180
10880,5,,,,"5,880円",5880
10880,6,14,,,"9,660円",9660
10880,7,9;10,,,"9,290円",9290
10880,8,13,,不規則抗体検査,"15,010円",15010
10880,9,,,,"5,880円",5880
10881,10,10;13;15,9,,,
10881,11,,9,,,
10881,12,,9,,,
10881,13,,9,,,
10881,14,,1;9,,,
10881,2,1;2;3;4;5;6;7;8;9;12;13,6,,,
10881,3,,8,,,
10881,4,13,,,,
10881,5,,8,,,
10881,6,,8;10,,,
10881,7,9;10;11;13;14,4;10,,,
10881,8,,8,,,
10881,9,,8,,,
10885,1,1;2;3;4;5;6;7;8;9;10;12,5;8,,"6,730円",6730
10885,10,15,8,,"2,400円",2400
10885,11,,8,,"2,400円",2400
10885,12,,8,,"2,400円",2400
10885,13,,8,,"2,400円",2400
10885,14,,8,,"2,400円",2400
10885,2,,8,,"2,400円",2400
10885,3,13,,,0円,0
10885,4,14,8,,"2,400円",2400
10885,5,9;10;11,8,,"2,400円",2400
10885,6,13,,,0円,0
10885,7,13,,,0円,0
10885,8,7;10,8,ガイドラインにそって妊娠後期に自費で梅毒検査を実施,"3,100円",3100
10885,9,13,,,0円,0
10886,1,1;2;3;4;5;6;7;8;9;10;12;13,10;6;8,,24940,24940
10886,10,,8;10,,4980,4980
10886,11,10;13;15,1;10;8,,17720,17720
10886,12,,8;10,,4980,4980
10886,13,,8;10,,4980,4980
10886,14,,8;10,,4980,4980
10886,2,13,10;8,,8560,8560
10886,3,,8;10,,8560,8560
10886,4,,8;10,,8560,8560
10886,5,9;10;11;13;14,10;8,,18080,18080
10886,6,,8;10,,8560,8560
10886,7,,8;10,,8560,8560
10886,8,,8;10,,4980,4980
10886,9,,8;10,,4980,4980
10889,1,1;2;3;4;5;6;7;8;9;10;11,,,"17,600円",17600
10889,10,,10,,"6,500円",6500
10889,11,10;13,10,,"4,000円",4000
10889,12,15,10,,"4,000円",4000
10889,13,,1;10,,"4,000円",4000
10889,14,,1;10,,"4,000円",4000
10889,2,,8,,"1,500円",1500
10889,3,,10,,"1,500円",1500
10889,4,13,10,,"4,000円",4000
10889,5,,10,,"1,500円",1500
10889,6,,10,,"4,000円",4000
10889,7,9;10;13,10,,"4,000円",4000
10889,8,,10,,"1,500円",1500
10889,9,,10,,"1,500円",1500
10890,1,1;2;3;4;5;6;7;8;9;10;12;13,,,"18,000円",18000
10890,10,,8;10,,"6,000円",6000
10890,11,10;13;15,2;10,,"6,000円",6000
10890,12,,8;10,,"6,000円",6000
10890,13,,1;8;10,,"6,000円",6000
10890,14,,1;8;10,,"6,000円",6000
10890,2,,8,,"6,000円",6000
10890,3,,8;10,,"6,000円",6000
10890,4,13;14,10,血算検査,"6,000円",6000
10890,5,,8;10,,"6,000円",6000
10890,6,,8;10,,"6,000円",6000
10890,7,10;11;13,4;9;10,,"9,000円",9000
10890,8,,8;10,,"6,000円",6000
10890,9,,8;10,,"6,000円",6000
10892,1,1;2;3;4;5;6;7;8;9;10;11;12;13;14;15,6,,"21,300円",21300
10892,10,13,,,"5,000円",5000
10892,11,10;13;15,1,,"10,000円",10000
10892,12,13,1,,"5,000円",5000
10892,13,13,1,,"5,000円",5000
10892,14,13,1,,"5,000円",5000
10892,2,13,,,"5,000円",5000
10892,3,13,,,"5,000円",5000
10892,4,13,,,"5,000円",5000
10892,5,13,,,"5,000円",5000
10892,6,13,,,"5,000円",5000
10892,7,9;10;13;15,,,"9,000円",9000
10892,8,13,,,"5,000円",5000
10892,9,13,,,"5,000円",5000
10893,1,1;2;3;4;5;6;7;8;9;10;12;13;14,5;6;11,,"30,000円",30000
10893,10,15,3;8;10,,"25,000円",25000
10893,11,10,1;8;10;11,,"10,000円",10000
10893,12,,1;8;10,,"10,000円",10000
10893,13,13,1;8;10,,"10,000円",10000
10893,14,,1;8;10,,"10,000円",10000
10893,2,,10,,"6,090円",6090
10893,3,,10,,"6,090円",6090
10893,4,13,10,,"6,090円",6090
10893,5,10;11,4;9;10,,"13,000円",13000
10893,6,,8;10,,"6,090円",6090
10893,7,,8;10,,"6,090円",6090
10893,8,9,8;10;11,,"6,090円",6090
10893,9,13,8;10,,"6,090円",6090
10895,1,1;2;3;4;5;6;7;8;9;10;12;13,3,アンチトロンビン活性,27680,27680
10895,10,,8,,6000,6000
10895,11,10;13;15,1,,12100,12100
10895,12,,1;8,,8200,8200
10895,13,,1;8,,8200,8200
10895,14,,1;8,,8200,8200
10895,2,,8,,6000,6000
10895,3,,8,,6000,6000
10895,4,13,,,6000,6000
10895,5,,8,,6000,6000
10895,6,,8,,6000,6000
10895,7,9;10;11;13;14,,,20040,20040
10895,8,,8,,6000,6000
10895,9,,8,,6000,6000
10897,1,1;2;3;4;5;6;7;8;9;10;11;12;13,5,,28650,28650
10897,10,15,1;10,,9890,9890
10897,11,10;13,10,,11730,11730
10897,12,,1;10,,6090,6090
10897,13,,1;10,,6090,6090
10897,14,,1;10,,6090,6090
10897,2,,10,,5090,5090
10897,3,,3;10,,6590,6590
10897,4,13,10,,9870,9870
10897,5,,10,,5090,5090
10897,6,,10,,5090,5090
10897,7,9;10;13;14,3;10,,17530,17530
10897,8,,10,,5090,5090
10897,9,,10,,5090,5090
10901,1,1;2;3;4;5;6;7;8;9;10;11;12;14,8,,"24,580円",24580
10901,10,10;13,,,"8,220円",8220
10901,11,15,8,,"9,260円",9260
10901,12,,8,,"6,760円",6760
10901,13,,8,,"6,760円",6760
10901,14,,8,,"6,760円",6760
10901,3,13,,,"6,760円",6760
10901,4,,8,,"6,760円",6760
10901,5,13,9,,"9,260円",9260
10901,6,,8,,"6,760円",6760
10901,7,9;10,8,,"9,770円",9770
10901,8,13,,,"10,140円",10140
10901,9,,8,,"6,760円",6760
10902,1,1;2;3;4;5;6;7;8;9;10;12;13,2;9;11,,,
10902,10,,9;10;11,,,
10902,11,10;15,1;9;10;11,無痛分娩希望者は心電図と凝固系検査,,
10902,12,,1;9;10;11,,,
10902,13,,1;9;10;11,,,
10902,14,,1;9;10;11,,,
10902,2,,9;11,,,
10902,3,,9;11,,,
10902,4,,9;10;11,,,
10902,5,,9;10;11,,,
10902,6,9;10;11;13;14,9;10;11,,,
10902,7,,9;10;11,,,
10902,8,,9;10;11,,,
10902,9,,9;10;11,,,
10903,1,1;2;3;4;5;6;7;8;9;10;11;12;13;14,,,"33,000円",33000
10903,10,15,2;10,,"17,000円",17000
10903,11,,1,,"5,000円",5000
10903,12,,10,,"5,000円",5000
10903,13,,1,,"5,000円",5000
10903,14,,10,,"5,000円",5000
10903,2,,10,,"5,000円",5000
10903,3,,10,,"5,000円",5000
10903,4,,10,,"5,000円",5000
10903,5,,9;10,,"10,000円",10000
10903,6,,10,,"5,000円",5000
10903,7,,10,,"5,000円",5000
10903,8,,9;10,,"10,000円",10000
10903,9,,10,,"5,000円",5000
10905,1,1;2;3;4;5;6;7;8;9;10;11;12;13,,,"24,360円",24360
10905,10,10,3,,"8,720円",8720
10905,11,13;15,1,,"13,560円",13560
10905,12,,1,,"6,860円",6860
10905,13,,1;8,,"9,720円",9720
10905,14,,1,,"6,860円",6860
10905,2,,,,"8,620円",8620
10905,3,,,,"8,620円",8620
10905,4,13;14,,,"13,960円",13960
10905,5,,,,"8,620円",8620
10905,6,,4,,"7,960円",7960
10905,7,13,9,,"1,550円",1550
10905,8,,,,"1,550円",1550
10905,9,,8,,"8,620円",8620
10906,1,1;2;3;4;5;6;7;9;10;11;12;13,,,26500,26500
10906,10,,,,5500,5500
10906,11,10;13;15,1,,16500,16500
10906,12,,,,5500,5500
10906,13,,,,5500,5500
10906,14,,1,,5500,5500
10906,2,,,,5500,5500
10906,3,,,,5500,5500
10906,4,13,,,5500,5500
10906,5,13,,,5500,5500
10906,6,9;14,,,10500,10500
10906,7,,,,5500,5500
10906,8,,,,5500,5500
10906,9,,,,5500,5500
10907,1,1;2;3;4;5;6;7;8;9;10;11;12;13;14,5;6,GBS検査,29450,29450
10907,10,15,2;8,血算検査，梅毒血清反応検査,9820,9820
10907,11,13,1,B群溶血性レンサ球菌(GBS)検査,7560,7560
10907,12,,1;8,,5460,5460
10907,13,,8,,5460,5460
10907,14,,1;8,GBS検査,11920,11920
10907,2,,8,,5460,5460
10907,3,,8,,5460,5460
10907,4,13;14,,,9240,9240
10907,5,10,8;4,,9320,9320
10907,6,13,4;10,血算検査,8760,8760
10907,7,,8;10,,5460,5460
10907,8,,8,"GBS検査
ECG",11120,11120
10907,9,15,8;2,フェリチン定量,13630,13630
10908,1,1;2;3;4;5;6;7;8;9;10;11;12;13;14,10,HbA1c,20799,20799
10908,10,,1;10,,6910,6910
10908,11,10;13;15,1;8;10,,6380,6380
10908,12,,1;10,,15070,15070
10908,13,,1;10,,6380,6380
10908,14,,1;10,,6380,6380
10908,2,13,10,,6310,6310
10908,3,,8;10,,6310,6310
10908,4,,8;10,,6310,6310
10908,5,13,10,,6310,6310
10908,6,,1;10,,6310,6310
10908,7,9;10,1;8;10,,5780,5780
10908,8,,1;10,HbA1c,10329,10329
10908,9,,1;8;10,,6910,6910
10912,1,1;2;3;4;5;6;7;8;9;10;11;12,6;8,,"26,000円",26000
10912,10,,8,,"6,000円",6000
10912,11,10;13;15,1,,"11,000円",11000
10912,12,,8,,"6,000円",6000
10912,13,,8,,"6,000円",6000
10912,14,,1;8,,"6,000円",6000
10912,2,13,,,"6,000円",6000
10912,3,,8,,"6,000円",6000
10912,4,13,,,"6,000円",6000
10912,5,,8,,"6,000円",6000
10912,6,,8,,"6,000円",6000
10912,7,9;10;14,2;8,,"14,000円",14000
10912,8,13,,,"8,000円",8000
10912,9,,8,,"6,000円",6000
10915,1,1;2;3;4;5;6;7;8;9;12;13,6;9;10,,"33,000円",33000
10915,10,10;13,9;10,B群溶血性レンサ球菌（GBS）検査実施,"10,380円",10380
10915,11,,8;9;10,,"5,500円",5500
10915,12,13,9;10,,"5,500円",5500
10915,13,,8;9;10,,"5,500円",5500
10915,14,,8;9;10,,"5,500円",5500
10915,2,,8;9;10,,"5,500円",5500
10915,3,14;15,8;9;10,,"11,690円",11690
10915,4,,8;9;10,,"5,500円",5500
10915,5,9;10;11;13,9;10,,"10,590円",10590
10915,6,,8;9;10,,"5,500円",5500
10915,7,,8;9;10,,"5,500円",5500
10915,8,,8;9;10,,"5,500円",5500
10915,9,,8;9;10,,"5,500円",5500
10916,1,1;2;3;4;5;6;7;8;9;10;11;12;13;14,,,"23,290円",23290
10916,10,,9,,"7,000円",7000
10916,11,15,1;9,,"13,170円",13170
10916,12,13,1,,"6,100円",6100
10916,13,,1;9,,"9,100円",9100
10916,14,,1,,"6,100円",6100
10916,3,,9,,"7,000円",7000
10916,4,13,9,,"7,000円",7000
10916,5,,9,,"12,000円",12000
10916,6,,9,,"7,000円",7000
10916,7,10,9,,"7,590円",7590
10916,8,13,9,,"7,000円",7000
10916,9,,9,,"7,000円",7000
10917,1,1;2;3;4;5;6;7;8;9;12;13,6,,"21,810円",21810
10917,10,,10,,"6,100円",6100
10917,11,10;15,1;10,,"12,370円",12370
10917,12,,10,,"6,100円",6100
10917,13,,10,,"6,100円",6100
10917,14,,10,,"6,100円",6100
10917,2,,10,,"6,100円",6100
10917,3,,10,,"6,100円",6100
10917,4,13,10,,"6,100円",6100
10917,5,,10,,"6,100円",6100
10917,6,9;10;11;13;14,10,,"16,230円",16230
10917,7,,10,,"6,100円",6100
10917,8,,10,,"6,100円",6100
10917,9,,10,,"6,100円",6100
10918,1,1;2;4;5;6;7;8;9;10;11;12;13;14,11,,"22,480円",22480
10918,10,13;15,9;10,,"8,370円",8370
10918,11,,1;9;10;11,,"8,440円",8440
10918,12,9,1;9;10,,"8,370円",8370
10918,13,13,1;9;10,,"6,860円",6860
10918,14,,1;9;10,,"6,860円",6860
10918,2,13,,,"8,370円",8370
10918,3,,9;10,,"8,370円",8370
10918,4,,9;10,,"8,370円",8370
10918,5,,9;10,,"8,370円",8370
10918,6,,4;9;10;11,,"10,690円",10690
10918,7,10,2;9;10,GOT/GPTを調べています,"8,850円",8850
10918,8,,9;10,,"8,370円",8370
10918,9,,9;10,,"8,370円",8370
10920,1,1;2;3;4;5;6;7;8;9;10;11;12;13,,,,
10920,10,15,,,,
10920,11,10;13,,,,
10920,13,,1,,,
10920,14,,1,,,
10920,4,13,,,,
10920,7,9;10;13;14,,,,
10921,1,1;2;3;4;5;6;7;8;9;10;11;12;13;14,2;5;6;7;8;9;10;11,,,
10921,11,10;15,2;9;10,,,
10921,12,,1,,,
10921,13,,1,,,
10921,14,,1,,,
10921,4,,9;10;11,,,
10921,7,9;10;13,2;9;10;11,,,
10921,9,13,9;10,,,
10922,1,1;2;3;4;5;6;7;8;9;10;11;12,6;10,,"37,000円",37000
10922,10,9;10;15,3;10,,"9,000円",9000
10922,11,,1;10,,"9,000円",9000
10922,12,,1;10,,"9,000円",9000
10922,13,,1;10,,"9,000円",9000
10922,14,,1;10,,"9,000円",9000
10922,2,,4;10,,"6,000円",6000
10922,3,,10,,"6,000円",6000
10922,4,,9,,"12,500円",12500
10922,5,9;10;14,5;10,,"18,500円",18500
10922,6,,10,,"6,000円",6000
10922,7,,10,,"6,000円",6000
10922,8,,9,,"12,500円",12500
10922,9,,10,,"15,500円",15500
10923,1,1;2;3;4;5;6;7;8;9;10;11;12;13;14,3,,"24,640円",24640
10923,10,15,8,,"10,100円",10100
10923,11,13,1;11,,"8,100円",8100
10923,12,,1;8,,"7,100円",7100
10923,13,,1;8,,"7,100円",7100
10923,14,,1;8,当院では39w時にも血算を行っている,"7,100円",7100
10923,2,,8;11,,"6,900円",6900
10923,3,,8,,"6,900円",6900
10923,4,13,11,,"6,900円",6900
10923,5,9;10,4;11,,"13,020円",13020
10923,6,,8,,"6,900円",6900
10923,7,,8;11,,"6,900円",6900
10923,8,,2,当院では30w時にも血算を行っている,"10,240円",10240
10923,9,,8,,"6,900円",6900
10924,1,1;2;4;5;6;7;8;9;10;11;12;13;14,,,"17,410円",17410
10924,10,,8,,"5,830円",5830
10924,11,10;13;15,1,,"14,020円",14020
10924,12,,1;8,,"7,830円",7830
10924,13,,1;8,,"7,830円",7830
10924,14,,1;8,,"7,830円",7830
10924,2,,8,,"6,360円",6360
10924,3,,8,,"6,360円",6360
10924,4,13,,血糖検査,"8,310円",8310
10924,5,,8,,"6,360円",6360
10924,6,,8,,"6,360円",6360
10924,7,10;13,,,"11,470円",11470
10924,8,,8,,"5,830円",5830
10924,9,,8,,"6,360円",6360
10927,1,1;2;3;4;5;6;7;8;9;10;12;13,6,,,
10927,10,,8,,,
10927,11,15,8,,,
10927,12,,1;8,,,
10927,13,,1;8,,,
10927,14,,1;8,,,
10927,2,13,,,,
10927,3,13,,,,
10927,4,14,8,,,
10927,7,11;13,,,,
10927,8,,8,,,
10928,1,1;2;3;4;5;6;7;8;9;10;11;12;13;14,6,,"13,440円",13440
10928,10,13,,,"7,000円",7000
10928,11,10;13;15,1;3,,"12,440円",12440
10928,12,13,,,"7,000円",7000
10928,13,13,,,"7,000円",7000
10928,14,13,,,"7,000円",7000
10928,2,13,,,"8,300円",8300
10928,3,13,,,"7,000円",7000
10928,4,13,,,"12,000円",12000
10928,5,13,,,"7,000円",7000
10928,6,9;10;13,4,,"11,860円",11860
10928,7,13,,,"7,000円",7000
10928,8,13,,,"7,000円",7000
10928,9,13,,,"7,000円",7000
10929,1,1;2;3;4;5;6;7;8;9;10;11,6,,,
10929,11,15,,,,
10929,12,13,1,,,
10929,13,,1,,,
10929,14,,1,,,
10929,2,13,,,,
10929,4,13;14,,,,
10929,6,13,4,,,
10930,1,1;2;3;4;5;6;7;8;9;10;11;12,6;7;8,,20900,20900
10930,10,15,,,9680,9680
10930,11,10,,,7740,7740
10930,12,13,,,11180,11180
10930,13,,8,,5880,5880
10930,14,,,,5880,5880
10930,2,13,,,11180,11180
10930,3,,8,,5880,5880
10930,4,13,,,11180,11180
10930,5,,8,,5880,5880
10930,6,14,,,9660,9660
10930,7,9;10,8,,9290,9290
10930,8,13,,,11180,11180
10930,9,,1,,5880,5880
10933,1,1;2;3;4;5;6;7;8;9;10;11;12;13,,麻疹抗体価（1回目）,22860,22860
10933,10,,,,6100,6100
10933,11,13;15,,,9300,9300
10933,12,10,,,9960,9960
10933,13,,,,6100,6100
10933,14,,,,6100,6100
10933,2,13,,,9880,9880
10933,3,,,,9880,9880
10933,4,14,,,9700,9700
10933,5,13,,,6100,6100
10933,6,,,,6100,6100
10933,7,9;10,,,13020,13020
10933,8,,,,6100,6100
10933,9,,,,6100,6100
10937,1,,,必要に応じて上記の検査を実施,,
10937,10,15,,,11570,11570
10937,11,13,,,5000,5000
10937,12,,,,5000,5000
10937,13,,,,5000,5000
10937,14,,,,5000,5000
10937,2,1;2;3;4;5;6;7;8;9;10;11;12;13,,,24680,24680
10937,3,13,,,5000,5000
10937,4,,,,6310,6310
10937,5,9;10;13,,,4940,4940
10937,6,,,,5000,5000
10937,7,14,,,10090,10090
10937,8,,,,5000,5000
10937,9,,,,5000,5000
10938,1,1;2;3;4;5;6;7;8;9;10;11;12;13,10,心電図　　　　麻疹抗体,7500,7500
10938,10,,10,,2000,2000
10938,11,10;13;15,1;10,不規則抗体,3500,3500
10938,12,,10,,2000,2000
10938,13,,10,,2000,2000
10938,14,,10,,2000,2000
10938,2,13;14,10,淋菌　　　　膣分泌物培養,6500,6500
10938,3,,10,,2000,2000
10938,4,,10,,2000,2000
10938,5,9;10;13,10,,2000,2000
10938,6,,10,,2000,2000
10938,7,,10,,2000,2000
10938,8,,2;10,,4500,4500
10938,9,,10,,2000,2000
10940,1,1;2;3;4;5;6;7;8;9;10;11;12;13,2;5;6,,42000,42000
10940,10,,8;10,,9000,9000
10940,11,15;10;13,3;8;11;10,,15500,15500
10940,12,,1;8;10,,12000,12000
10940,13,,8;10,,9000,9000
10940,14,,1;8;10,,12000,12000
10940,2,13,11;10,,12000,12000
10940,3,13;14,10,,9500,9500
10940,4,13,8;9;10,,9000,9000
10940,5,9;10;13,4;8;10,,12000,12000
10940,6,,8;10,,9000,9000
10940,7,,8;10,,9000,9000
10940,8,,8;10,,9000,9000
10940,9,,8;10,,9000,9000
10941,1,1;2;3;4;5;6;7;8;9;10;11;12;13;14,2;5;6;7;9,リンゴ病検査も希望者には実施,24230,24230
10941,10,,9;10,帝王切開予定の方はこの週数で術前検査,5050,5050
10941,11,3;9;10;13;15,9;10,不規則抗体検査、血糖検査、血算検査,6620,6620
10941,12,,1;9;10,,7520,7520
10941,13,,9;10,,5050,5050
10941,14,,9;10,,5050,5050
10941,2,,9;10,心電図,5050,5050
10941,3,,9;10,,7520,7520
10941,4,9;10;13,9;10,乳房指導、血糖検査、血算検査,血糖検査、血算検査,
10941,5,,9;10,,5050,5050
10941,6,,9;10,,7520,7520
10941,7,13,9;10,,4000,4000
10941,8,9;10,9;10,血糖検査、血算検査,7870,7870
10941,9,,9;10,,7700,7700
10942,1,12,,BVスコア500円,"9,670円",9670
10942,10,,,,"5,020円",5020
10942,11,15,1,,"9,500円",9500
10942,12,10;13,1,,"12,900円",12900
10942,13,,1,,"6,520円",6520
10942,14,,1,,"6,520円",6520
10942,2,1;2;3;4;5;6;7;8;9;10;11;13,,,"16,330円",16330
10942,3,,,,"5,020円",5020
10942,4,13;14,,,"8,540円",8540
10942,5,,4,50gGCT＋血算検査1000円,"6,020円",6020
10942,6,,,,"5,020円",5020
10942,7,,,,"5,020円",5020
10942,8,9;10;13,,,"12,950円",12950
10942,9,,,,"5,020円",5020
10943,1,1;2;3;4;5;6;7;8;9;10;11;12;13;14,6;8;10,,"25,740円",25740
10943,10,,8;10,,"11,170円",11170
10943,11,13;15,1;10,,"7,980円",7980
10943,12,,1;8;10,,"7,980円",7980
10943,13,,1;8;10,,"7,980円",7980
10943,14,,1;8;10,,"6,980円",6980
10943,2,,10,,"7,780円",7780
10943,3,,8;10,,"9,330円",9330
10943,4,13,10,,"10,030円",10030
10943,5,,4;8;10,,"6,980円",6980
10943,6,,8;10,,"10,980円",10980
10943,7,13,10,,"7,980円",7980
10943,8,,8;10,,"7,980円",7980
10943,9,,8;10,,"1,303円",1303
10944,1,1;2;3;4;5;6;7;8;9;10;11;12,2;6;8,パルボウィルス,,
10944,10,15,8,,,
10944,11,13,8,,,
10944,12,,1;8,,,
10944,13,,1;8,,,
10944,14,,1;8,,,
10944,2,13,8,,,
10944,3,13,8,,,
10944,4,,8,,,
10944,5,,8,,,
10944,6,13,8,,,
10944,7,,8,,,
10944,8,,8,,,
10944,9,,8,,,
10946,1,1;2;4;5;6;7;8;9;10;11;12;13,,,,
10946,10,15,8,,,
10946,11,10;13,,,,
10946,12,,8,,,
10946,13,,8,,,
10946,14,,1;8,,,
10946,2,13,,,,
10946,3,14,8,,,
10946,4,,8,,,
10946,5,13,,,,
10946,7,9;10,8,,,
10946,8,,8,,,
10946,9,,8,,,
10947,1,1;2;4;5;6;7;8;9;10;12;13;3,,,39000,39000
10947,10,10,2;3;8,当院では34wに後期採血をしている,18000,18000
10947,11,15;10;13,8,,17000,17000
10947,12,,1;8,,11000,11000
10947,13,,8,,8000,8000
10947,14,,1;8,,8000,8000
10947,2,13,,,8000,8000
10947,3,,9;8,当院では検診時に毎回超音波検査をしている,8000,8000
10947,4,11;14,8,子宮頸管長検査あり,20000,20000
10947,5,9;10;11;13,4;8;9,当院では24wで中期採血をしている,17000,17000
10947,6,,8;11;9,助産師外来,18000,18000
10947,7,,8;11,助産師外来,14000,14000
10947,8,,8,,8000,8000
10947,9,,8,助産師外来,8000,8000
10950,1,1;2;3;4;5;6;7;8;9;10;12;13,5;6,,"22,420円",22420
10950,10,,10,,"14,000円",14000
10950,11,15,2;3;10,,"9,000円",9000
10950,12,,1;10,,"7,000円",7000
10950,13,,1;10,,"7,000円",7000
10950,14,,1,,"7,000円",7000
10950,2,,10,,"11,500円",11500
10950,3,,10,,"6,000円",6000
10950,4,14,9;10,,"13,500円",13500
10950,5,9;11,10,,"10,000円",10000
10950,6,,10,,"6,000円",6000
10950,7,,10,,"11,500円",11500
10950,8,,9;10,,"6,000円",6000
10950,9,,10,,"6,000円",6000
10952,1,1;2;3;4;5;6;7;8;9;10;11;12;13;14,,,"23,460円",23460
10952,10,,,,"5,780円",5780
10952,11,10;13;15,1,,"12,870円",12870
10952,12,,1,,"6,780円",6780
10952,13,,1,,"6,780円",6780
10952,14,,1,,"6,780円",6780
10952,2,,,,"6,310円",6310
10952,3,,,,"6,310円",6310
10952,4,13,,,"6,310円",6310
10952,5,,,,"6,310円",6310
10952,6,9;10,,,"9,190円",9190
10952,7,13,,,"5,780円",5780
10952,8,,,,"6,310円",6310
10952,9,,,,"6,310円",6310
10956,1,1;2;3;4;5;6;7;8;9;10;11;12;13;14,2;6,,"30,530円",30530
10956,10,,,,"5,760円",5760
10956,11,15,1;11,,"16,240円",16240
10956,12,,,,"5,760円",5760
10956,13,,,,"5,760円",5760
10956,14,,,,"5,760円",5760
10956,2,,11,,"5,760円",5760
10956,3,,,,"5,760円",5760
10956,4,,10,,"5,760円",5760
10956,5,,4;8;9,,"13,920円",13920
10956,6,,,,"5,760円",5760
10956,7,,,,"5,760円",5760
10956,8,,11,,"10,540円",10540
10956,9,,9,,"5,760円",5760
10957,1,1;2;3;4;5;6;7;8;9;10;12;13;14,5;6,,"23,000円",23000
10957,10,,,,"7,500円",7500
10957,11,13,1;3,,"16,030円",16030
10957,12,,1,,"7,500円",7500
10957,13,,1,,"7,500円",7500
10957,14,,1,,"7,500円",7500
10957,2,13,,,"7,500円",7500
10957,3,,,,"7,500円",7500
10957,4,,,,"7,500円",7500
10957,5,13,,,"7,500円",7500
10957,6,11,,,"15,420円",15420
10957,7,,,,"7,500円",7500
10957,8,,,,"7,500円",7500
10957,9,,,,"7,500円",7500
10958,1,1;2;3;4;5;6;7;8;9;10;11;12;13;14,6,,"25,700円",25700
10958,10,,,,"7,200円",7200
10958,11,10;13;15,1,,"9,500円",9500
10958,12,,1;8,,"10,800円",10800
10958,13,,1,,"5,500円",5500
10958,14,,1,,"5,500円",5500
10958,2,,8,,"10,300円",10300
10958,3,,,,"5,000円",5000
10958,4,13,,,"10,300円",10300
10958,5,,,,"5,000円",5000
10958,6,9;10,4,,"5,000円",5000
10958,7,,8,,"9,500円",9500
10958,8,13,,,"10,300円",10300
10958,9,,,,"5,000円",5000
10960,1,1;2;3;4;5;6;7;8;9;10;11;12;13,6,GBS     　      ﾄｷｿﾌﾟﾗｽﾞﾏ　￥3500　　　　　　,"29,690円",29690
10960,10,15,,エコー無料,"8,080円",8080
10960,11,10;13,1;8;11,助産師指導　無料,"11,720円",11720
10960,12,,1;8,エコー無料,"5,080円",5080
10960,13,,1;8,エコー無料,"5,080円",5080
10960,14,,1;8,エコー無料,"5,080円",5080
10960,2,,8;10,3D4Dエコー　￥1000　　保険指導料￥200,"6,220円",6220
10960,3,,8;11,助産師指導　テキスト配布　￥3000,"8,080円",8080
10960,4,13,,エコー無料,"9,860円",9860
10960,5,,8,エコー無料,"5,080円",5080
10960,6,,8;11,助産師指導　無料　　　　エコー無料,"5,080円",5080
10960,7,9;10;13;14,2;6,頚管長を　　エコーにて　検査　　　GOT 　GPT　　　　血清鉄　　　合計￥3000,"20,050円",20050
10960,8,,8,エコー無料,"5,080円",5080
10960,9,,8,エコー無料,"5,080円",5080
10961,1,1;2;3;4;5;6;7;8;9;12;13,6,,"21,880円",21880
10961,10,,10,,"6,010円",6010
10961,11,,1;10,,"8,010円",8010
10961,12,,1;10,,"8,010円",8010
10961,13,,1;10,,"8,010円",8010
10961,14,,1;10,,"8,010円",8010
10961,2,,10,,"6,010円",6010
10961,3,14,10,,"11,830円",11830
10961,4,11,10,当院では、血糖、血算の検査は、23週から26週で実施している。,"12,450円",12450
10961,5,,10,,"6,010円",6010
10961,6,,10,,"6,010円",6010
10961,7,,10,,"6,010円",6010
10961,8,,10,,"6,010円",6010
10961,9,15,10,当院では、血算33週から35週で実施している。,"7,870円",7870
10962,1,1;2;3;4;5;6;7;8;9;10;11;13;14,2;6,,,
10962,10,,9;10,,,
10962,11,,9;10,,,
10962,12,,1;9;10,,,
10962,13,,1;9;10,,,
10962,14,,1;9;10,,,
10962,2,,9;10,,,
10962,3,,9;10,,,
10962,4,13,9;10,,,
10962,5,,2;9;10,,,
10962,6,,9;10,,,
10962,7,,9;10,,,
10962,8,,9;10,,,
10962,9,,2;3;9;10,,,
10965,1,1;2;3;4;5;6;7;8;9;10;11;12;13,6;11,,28210,28210
10965,10,,8,3４週以降は、基本的に分娩施設での妊婦健診を推奨,14110,14110
10965,11,10;13;15,3;11,,9000,9000
10965,12,,1;8,,9000,9000
10965,13,,1;8,,9000,9000
10965,14,,1;8,,9000,9000
10965,2,,8,,7410,7410
10965,3,,8,,7410,7410
10965,4,13,11,,7410,7410
10965,5,,8,,7410,7410
10965,6,9;10;14,8,,14490,14490
10965,7,,8,,7410,7410
10965,8,13,8,,7410,7410
10965,9,13,8,,7410,7410
10966,1,1;2;3;4;5;6;7;8;9;10;11;12,2;6,,"8,000円",8000
10966,10,,1,,,
10966,11,10;15,1,,"3,700円",3700
10966,12,,1,,"2,000円",2000
10966,13,,1,,"2,000円",2000
10966,14,,1,,"2,000円",2000
10966,5,9;10,,,100円,100
10966,7,14,,,700円,700
10966,9,10,3,,"1,700円",1700
10969,1,1;2;3;4;5;6;7;8;9;10;11;12;13;14,2,,"24,120円",24120
10969,10,,1;8,,"8,500円",8500
10969,11,10;13;15,1;3;10,,"8,500円",8500
10969,12,,1;8,,"14,160円",14160
10969,13,,1;8,,"8,500円",8500
10969,14,,1;8,,"8,500円",8500
10969,2,,8,,"7,000円",7000
10969,3,,8,,"7,000円",7000
10969,4,13,10,,"7,000円",7000
10969,5,9;10,4;8,,"10,410円",10410
10969,6,,8,,"7,000円",7000
10969,7,13,10,,"7,000円",7000
10969,8,,8,,"7,000円",7000
10969,9,,8,,"7,000円",7000
10973,1,1;2;3;4;5;6;7;8;9;10;12,6,当院は毎回超音波検査します。頚管長等も診ていきます。,,
10973,11,10,1,,,
10973,4,11,,血糖及び血算検査は20週以降24週頃までに施行します,,
10973,7,14,,GBS検査は妊娠28週から30週頃施行。治療もします,,
10974,10,,8,,,
10974,11,,8,,,
10974,13,,8,,,
10974,14,,8,,,
10974,2,,8,,,
10974,4,,8,,,
10974,5,,8,,,
10974,6,,8,,,
10974,7,,8,,,
10974,8,,8,,,
10975,1,1;2;3;4;5;6;7;8;9;10;11;12;13;14,6;9;10,,,
10975,10,13;15,9;10,,,
10975,11,,1;9;10,,,
10975,12,,1;9;10,,,
10975,13,,1;9;10,,,
10975,14,,1;9;10,,,
10975,2,,9;10,,,
10975,3,,9;10,,,
10975,4,,9;10,,,
10975,5,,9;10,,,
10975,6,9;10;13,2;9;10,,,
10975,7,,9;10,,,
10975,8,,9;10,,,
10975,9,,9;10,,,
10976,1,1;2;3;4;5;6;7;8;9;10;11;12;13;14,,,,
10976,10,,8;10,,,
10976,11,13;15,3;10,,,
10976,12,,1;8;10,,,
10976,13,,8,,,
10976,14,,8,,,
10976,2,,8;10,,,
10976,3,13,10,,,
10976,4,,8;10,,,
10976,5,10;13,4;10,,,
10976,6,,8;10,,,
10976,7,,8;10,,,
10976,8,9;10,8;10,,,
10976,9,,8;10,,,
10978,1,1;2;4;5;6;7;8;9;10;11;12;13;14,6,,"13,850円",13850
10978,10,,10,,"1,000円",1000
10978,11,10;13;15,10,,0円,0
10978,12,,1;10,,"2,000円",2000
10978,13,,1;10,,"2,000円",2000
10978,14,,1;10,,"2,000円",2000
10978,2,13,,,0円,0
10978,3,,10,,0円,0
10978,4,,10,,"1,000円",1000
10978,5,9;10;13,10,,0円,0
10978,6,,10,,"1,000円",1000
10978,7,,10,,"1,000円",1000
10978,8,,10,,"1,000円",1000
10978,9,,10,,"1,000円",1000
10980,1,1;2;3;4;5;6;7;8;9;10;11;12;13;14,,"マイコプラズマ検査、
淋菌PCR",38880,38880
10980,10,,,,5780,5780
10980,11,13;15,,,14360,14360
10980,12,10,1,,10740,10740
10980,13,,,レントゲン検査（初産婦）,10780,10780
10980,14,,,,5780,5780
10980,2,,,,6380,6380
10980,3,,,,5780,5780
10980,4,13,,,10560,10560
10980,5,,,,5780,5780
10980,6,,,,5780,5780
10980,7,,,,5780,5780
10980,8,9;10;13,,,13970,13970
10980,9,,,,5780,5780
10983,1,1;2;3;4;5;6;7;8;9;10;11;12;13,,,"11,740円",11740
10983,10,15,8,,"11,310円",11310
10983,11,10,,,"4,720円",4720
10983,12,,1,,"5,030円",5030
10983,13,,,,"5,030円",5030
10983,14,,,,"5,030円",5030
10983,2,,,,"5,030円",5030
10983,3,13,,,"4,510円",4510
10983,4,,,,"5,030円",5030
10983,5,13,,,"4,510円",4510
10983,6,9,,,"4,620円",4620
10983,7,13,,,"9,810円",9810
10983,8,10;14,,,"6,820円",6820
10983,9,,,,"5,030円",5030
10986,1,1;2;3;4;5;6;7;8;9;10;12;13,9,,"21,780円",21780
10986,10,15,8;9;10,,9500,9500
10986,11,10;13,9;10,,8500,8500
10986,12,,1;8;9;10,,"8,000円",8000
10986,13,,1;8;9;10,,"8,000円",8000
10986,14,,1;8;9;10,,"8,000円",8000
10986,2,,8;9,,"6,000円",6000
10986,3,,8;9;10,,"6,000円",6000
10986,4,13;14,9;10,,"8,500円",8500
10986,5,9;10;11,4;8;9;10,,12500,12500
10986,6,,8;9;10,,"6,000円",6000
10986,7,,8;9;10,,"6,000円",6000
10986,8,13,9;10,,"6,000円",6000
10986,9,,8;9;10,,"6,000円",6000
10987,1,1;2;3;4;5;6;7;8;9;10;12,,甲状腺機能,"30,400円",30400
10987,10,15,8,,"9,280円",9280
10987,11,,1;8,,"5,280円",5280
10987,12,,,,"9,280円",9280
10987,13,,1;8,,"7,380円",7380
10987,14,,1;8,,"7,380円",7380
10987,2,13,11,,"12,580円",12580
10987,3,13,,,"10,580円",10580
10987,4,13;14,9,,"10,580円",10580
10987,5,13,,,"10,580円",10580
10987,6,11,11,,"8,780円",8780
10987,7,,8,,"9,280円",9280
10987,8,,8,,"9,280円",9280
10987,9,9;10,11,,"8,780円",8780
10989,1,1;2;3;4;5;6;7;8;9;10;11;12;13;14,11,1から11検査項目は希望者は検査可,0円,0
10989,10,15,11,,0円,0
10989,11,10;13,1,,"1,000円",1000
10989,12,,1,,"1,000円",1000
10989,13,,1,,"1,000円",1000
10989,14,,1,,"1,000円",1000
10989,2,,,,0円,0
10989,3,,,,0円,0
10989,4,13,11,,0円,0
10989,5,9;10;13,4,,150円,150
10989,6,,,,0円,0
10989,7,,,,0円,0
10989,8,13,11,,0円,0
10989,9,,,,0円,0
10991,1,1;2;3;4;5;6;7;8;9;10;11;12;13;14,,,,
10991,10,,8,当院では10.血算検査を10回目でもしています。,,
10991,11,10;13;15,1,,"2,000円",2000
10991,12,,1;8,,"2,000円",2000
10991,13,,1;8,,"2,000円",2000
10991,14,,1;8,,"2,000円",2000
10991,2,,8,,,
10991,3,,8,,,
10991,4,13,,,,
10991,5,,8,,,
10991,6,13,,,,
10991,7,9;10,8,,,
10991,8,,8,,,
10991,9,,8,,,
10993,1,1;2;3;4;5;6;7;8;9;10;11;12,6,糖負荷試験は該当者のみ,,
10993,10,15,,,,
10993,11,10;13,,,,
10993,12,,1,,,
10993,13,,1,,,
10993,14,,1,,,
10993,2,,,サイトメガロウイルスは希望者のみ,,
10993,3,13,,,,
10993,4,13,,,,
10993,6,13,,,,
10993,8,9;10,,,,
10995,1,1;2;3;4;5;6;7;8;9;10;11;12;13;14,5;6,,"32,000円",32000
10995,10,,8,,"7,000円",7000
10995,11,10;13;15,1,,"13,800円",13800
10995,12,,1;8,,"9,100円",9100
10995,13,,1;8,,"9,100円",9100
10995,14,,1;8,,"9,100円",9100
10995,2,13,,,"7,000円",7000
10995,3,,8,,"7,000円",7000
10995,4,,8,,"7,000円",7000
10995,5,13,,,"7,000円",7000
10995,6,,8,,"7,000円",7000
10995,7,9;10,8,,"11,000円",11000
10995,8,,8,,"7,000円",7000
10995,9,,8,,"7,000円",7000
10997,1,1;2;3;5;6;7;8;9;10;11;12;13;14,10,,"24,150円",24150
10997,10,,8;10,,"5,000円",5000
10997,11,13,1;10,,"7,000円",7000
10997,12,10,1;8;10,,"8,000円",8000
10997,13,,1;8;10,,"7,000円",7000
10997,14,,1;8;10,,"7,000円",7000
10997,2,,8;10,,"5,000円",5000
10997,3,,8;10,,"5,000円",5000
10997,4,13,2;10,,"6,270円",6270
10997,5,13,10,,"7,000円",7000
10997,6,,8;10,,"5,000円",5000
10997,7,,8;10,,"5,000円",5000
10997,8,9;10,2;8;10,,"5,490円",5490
10997,9,,8;10,,"5,000円",5000
11000,1,1;2;3;4;5;6;7;8;9;10;11;12;13;14,6,,"23,000円",23000
11000,10,,8,,"5,000円",5000
11000,11,13;15,1,,"12,910円",12910
11000,12,,8,,"5,000円",5000
11000,13,,8,,"5,000円",5000
11000,14,,8,,"5,000円",5000
11000,2,,8,,"5,000円",5000
11000,3,,8,,"5,000円",5000
11000,4,13,,,"5,000円",5000
11000,5,13,9,,"5,000円",5000
11000,6,,8,,"5,000円",5000
11000,7,,8,,"5,000円",5000
11000,8,,2;8,,"10,810円",10810
11000,9,,8,,"5,000円",5000
11001,1,1;2;3;4;5;6;7;8;9;10;12;13,6,,"20,880円",20880
11001,10,,10,,"6,010円",6010
11001,11,10;13,10,,"7,870円",7870
11001,12,15,1,,"6,010円",6010
11001,13,,10,,"6,010円",6010
11001,14,,1,,"6,010円",6010
11001,2,,,,"6,010円",6010
11001,3,,,,"6,010円",6010
11001,4,13,10,,"6,010円",6010
11001,5,,10,,"6,010円",6010
11001,6,10;11,10,,"12,450円",12450
11001,7,13,10,,"6,010円",6010
11001,8,14,10,,"22,830円",22830
11001,9,,10,,"6,010円",6010
11004,1,1;2;3;4;5;6;7;8;9;10;12;13;14;15,9;10;11,,"24,300円",24300
11004,10,15,9;10,,"6,400円",6400
11004,11,13,1;9;10,,"10,770円",10770
11004,12,,1;9;10,,"7,000円",7000
11004,13,,1;9;10,,"7,000円",7000
11004,14,,1;9;10,,"7,000円",7000
11004,2,,9;10,,"5,000円",5000
11004,3,13,9;10,,"12,770円",12770
11004,4,,9;10,,"5,000円",5000
11004,5,9;10;11;13,4;9;10,,"10,290円",10290
11004,6,12,9;10,,"12,770円",12770
11004,7,,9;10;11,,"6,000円",6000
11004,8,,9;10,,"5,000円",5000
11004,9,,9;10;11,,"6,000円",6000
11005,1,1;2;3;4;5;6;7;8;9;10;11,6;10,,"16,330円",16330
11005,10,15,10,,"8,000円",8000
11005,11,10;13,1;10,,"13,500円",13500
11005,12,,10,,"5,020円",5020
11005,13,,10,,"5,020円",5020
11005,14,,1;10,,"7,120円",7120
11005,2,,10,,"5,020円",5020
11005,3,14,10,BVスコア,"8,940円",8940
11005,4,,10,,"5,020円",5020
11005,5,9;10;13,4;10,,"13,950円",13950
11005,6,,10,,"5,020円",5020
11005,7,,10,,"5,020円",5020
11005,8,,10,,"5,020円",5020
11005,9,,10,,"5,020円",5020
11008,1,1;2;3;4;5;6;7;8;9;10;12;14,2;6;8;10,当院では　　B群溶血性レンサ球菌検査を、初回と34週頃実施している。,"29,690円",29690
11008,10,15,1;8,当院では　　性器クラミジア検査は、初回と34週で実施している。,"14,950円",14950
11008,11,10,8,,"8,960円",8960
11008,12,13,,,"7,100円",7100
11008,13,,8,,"7,100円",7100
11008,14,,8,,"7,100円",7100
11008,2,13,,当院では　　腹部超音波検査は、毎回実施。,"7,100円",7100
11008,3,,8,,"7,100円",7100
11008,4,13,,当院では　　20週で腹部・経腟超音波両方実施。,"7,100円",7100
11008,5,11,4;8,当院では　　24週で血算検査も実施。,"13,760円",13760
11008,6,,8,,"7,100円",7100
11008,7,,8,,"7,100円",7100
11008,8,9;10;13,3,,"10,980円",10980
11008,9,,8,,"7,100円",7100
11009,1,1;2;3;4;5;6;7;8;9;10;12;13,,トキソプラズマ・サイトメガロウイルス抗体価検査,"健診費:5,500円
採血費:14,720円",5500
11009,10,,10,,"健診費:5,500円",5500
11009,11,10;13;15,,,"健診費:5,500円
血液検査:1,830円
膣培養3,300円",5500
11009,12,,10,,"健診費:5,500円",5500
11009,13,,1;8,,"健診費:5,500円",5500
11009,14,,1;8,,"健診費:5,500円",5500
11009,2,,10,,"健診費:5,500円",5500
11009,3,13,,,"健診費:5,500円",5500
11009,4,14,9;10,胎児スクリーニング検査（超音波検査）,"健診費:5,500円(スクリーニング込)
検査費:4,160円",5500
11009,5,,8,,"健診費:5,500円",5500
11009,6,9;10;11,10,,"健診費:5,500円
検査費:7,080円",5500
11009,7,,9;10,胎児心エコー検査,"健診費:5,500円
(胎児心エコー込)",5500
11009,8,,10,,"健診費:5,500円",5500
11009,9,13,,,"健診費:5,500円",5500
11010,1,1;2;3;4;5;6;7;8;9;10;11;12;13,6;7,梅毒トレポネーマ抗体定性（TPHA）,24920,24920
11010,10,,8,,"6,700円",6700
11010,11,10;13;15,1;3,,"13,560円",13560
11010,12,,1;8,,"7,200円",7200
11010,13,,1;8,,"7,200円",7200
11010,14,,1;8,,"7,200円",7200
11010,2,13,,,"6,700円",6700
11010,3,,8,,"6,700円",6700
11010,4,,8,血糖検査,"8,310円",8310
11010,5,13,,,"6,700円",6700
11010,6,,8,,"6,700円",6700
11010,7,10;14,8,,"12,340円",12340
11010,8,,8,,"6,700円",6700
11010,9,,8,,"6,700円",6700
11012,1,1;2;3;4;5;6;7;8;9;10;11;12;13;14,,,,
11012,10,15,,,,
11012,11,10,,,,
11012,12,13,,,,
11012,3,13,,,,
11012,6,13,,,,
11012,8,9;10,,,,
11013,1,1;2;3;4;5;6;7;8;9;10;11;12;13;14;15,6;8,,,
11013,10,13,8,,,
11013,11,13;15,8,,,
11013,12,13,1;8,,,
11013,13,13,1;8,,,
11013,14,13,1;8,,,
11013,2,13,8;9,,,
11013,3,13,8,,,
11013,4,13,8,,,
11013,5,13,8;9,,,
11013,6,13,8,,,
11013,7,13,8;9,,,
11013,8,13,3;8,,,
11013,9,13,8,,,
11015,1,1;2;3;4;5;6;7;8;9;10;11;12;13,,,5000,5000
11015,10,,8,,2000,2000
11015,11,10;15,8,,4000,4000
11015,12,13,1,,2100,2100
11015,13,,1;8,,4100,4100
11015,14,,1;8,,4100,4100
11015,2,,8,,2000,2000
11015,3,,8,,2000,2000
11015,4,13;14,,膣培養検査,2000,2000
11015,5,,8,,2000,2000
11015,6,9;10,4;8,,4000,4000
11015,7,,8,,2000,2000
11015,8,13,,,0,0
11015,9,,8,,2000,2000
11019,1,1;2;3;4;5;6;7;8;9;10;11;13,,子宮がん検診は基本母子手帳交付前に行っている　　採血は12週頃行っている,"16,760円",16760
11019,10,,8,,"4,000円",4000
11019,11,10;15,1;8,,"11,430円",11430
11019,12,13,,,"4,000円",4000
11019,13,,8,,"4,000円",4000
11019,14,,8,40週以降はNSTが入る,"4,000円",4000
11019,2,,8,,"4,000円",4000
11019,3,,8,,"4,000円",4000
11019,4,13;14,,,"7,380円",7380
11019,5,10,4;8,,"6,500円",6500
11019,6,,8,,"4,000円",4000
11019,7,,8,,"4,000円",4000
11019,8,13,,,"4,000円",4000
11019,9,,8,,"4,000円",4000
11022,1,1;2;3;4;5;6;7;8;9;10;11;12;14,6;7;8,BVスコア フェリチン,44790,44790
11022,10,15,,超音波検査,9790,9790
11022,11,10,2;10,フェリチン,11250,11250
11022,12,,1,,6590,6590
11022,13,,10,,6590,6590
11022,14,,10,,6590,6590
11022,2,13,,,9300,9300
11022,3,,10,,6590,6590
11022,4,13,,,9300,9300
11022,5,,10,,6590,6590
11022,6,10;13,4,フェリチン　心音図検査,15800,15800
11022,7,,10,,6590,6590
11022,8,,10,,6590,6590
11022,9,,10,,6590,6590
11023,1,1;2;3;4;5;6;7;8;9;12;13,,,"24,630円",24630
11023,10,15,,,"8,450円",8450
11023,11,,1,,"5,460円",5460
11023,12,10;13,1,,"12,120円",12120
11023,13,,1,,"5,460円",5460
11023,14,,1,,"5,460円",5460
11023,2,,,,"4,460円",4460
11023,3,,,,"4,460円",4460
11023,4,13,,血算,"11,240円",11240
11023,5,14,,超音波検査,"5,460円",5460
11023,6,,,,"4,460円",4460
11023,7,,,,"4,460円",4460
11023,8,9;10;13,,,"19,820円",19820
11023,9,,,,"4,460円",4460
11024,1,1;2;3;4;5;6;7;8;9;10;12;13,6;11,HbA1C,"29,630円",29630
11024,10,,,,"6,960円",6960
11024,11,13;15,11,,"15,110円",15110
11024,12,,,,"6,960円",6960
11024,13,,,,"6,960円",6960
11024,14,,,,"6,960円",6960
11024,2,,,,"6,960円",6960
11024,3,,,,"6,960円",6960
11024,4,13,9,,"9,240円",9240
11024,5,14,,,"7,460円",7460
11024,6,,,,"6,960円",6960
11024,7,9;10;11,11,,"16,820円",16820
11024,8,13,9,,"19,820円",19820
11024,9,,,,"6,960円",6960
11025,1,1;2;3;4;5;6;7;8;9;10;11;13,9;10,,,
11025,10,,9;10,,,
11025,11,10;15,1;9;10,,"2,000円",2000
11025,12,,9;10,,,
11025,13,,9;10,,,
11025,14,,9;10,,,
11025,2,,9;10,,,
11025,3,,9;10,,,
11025,4,14,9;10,,,
11025,5,9;10,9;10,,,
11025,6,,9;10,,,
11025,7,,9;10,,,
11025,8,,9;10,,,
11025,9,,9;10,,,
11026,1,1;2;3;4;5;6;7;8;9;10;11;13,5;6;7;11,,"28,000円",28000
11026,10,,7;8,,"9,500円",9500
11026,11,15,1;8,,"12,500円",12500
11026,12,,1,,"6,500円",6500
11026,13,,1;8,,"8,500円",8500
11026,14,,1,,"6,500円",6500
11026,2,13,,,"6,500円",6500
11026,3,13,,,"6,500円",6500
11026,4,13,,,"6,500円",6500
11026,5,,8,,"6,500円",6500
11026,6,,4;8,,"9,000円",9000
11026,7,,8,,"6,500円",6500
11026,8,10;14;15,8,,"17,000円",17000
11026,9,,8,,"6,500円",6500
11029,1,1;2;3;4;5;6;7;8;9;10;12;13,5;6;11,,"33,940円",33940
11029,10,,10,,"5,000円",5000
11029,11,10;13;15,10;11,,"14,220円",14220
11029,12,,10,,"5,000円",5000
11029,13,,1;10,,"7,000円",7000
11029,14,,1;10,,"7,000円",7000
11029,2,13,10,,"5,000円",5000
11029,3,,10,,"5,000円",5000
11029,4,,10,,"5,000円",5000
11029,5,9;11;13;14,10;11,,"17,380円",17380
11029,6,,10,,"5,000円",5000
11029,7,,10,,"5,000円",5000
11029,8,10,10;11,心電図,"8,560円",8560
11029,9,,10,,"5,000円",5000
11030,1,1;2;3;4;5;6;7;8;10;12;13;14,7,,"30,250円",30250
11030,10,15,8,,"6,600円",6600
11030,11,10;13,,,"10,400円",10400
11030,12,13,,,"8,200円",8200
11030,13,13,,,"8,200円",8200
11030,14,,8,,"3,200円",3200
11030,2,13,,,"8,500円",8500
11030,3,,8,,"3,200円",3200
11030,4,,8,,"3,200円",3200
11030,5,9,8,,"6,600円",6600
11030,6,,8,,"3,200円",3200
11030,7,,8,,"3,200円",3200
11030,8,11;13,,,"12,700円",12700
11030,9,,8,,"3,200円",3200
11033,1,1;2;3;4;5;6;7;8;9;10;11;12;13,6,,20710,20710
11033,10,15,8,,6980,6980
11033,11,10;13,1;9,,11070,11070
11033,12,,1;8,,6080,6080
11033,13,,1;8,,6080,6080
11033,14,,1;8,,6080,6080
11033,2,,8,,5080,5080
11033,3,,8,,5080,5080
11033,4,13,9,,9860,9860
11033,5,10,4;8,,6080,6080
11033,6,14,8,,6960,6960
11033,7,,8,,5080,5080
11033,8,13,9,,10180,10180
11033,9,,8,心電図,6080,6080
11034,1,1;2;3;4;5;6;7;8;9;10;11;12;13;14,2;3,当院ではクラミジア検査は1回目に実施,"31,030円",31030
11034,10,15,10,当院ではGBS検査は34Wに実施,"11,600円",11600
11034,11,10,1;10,当院では末血検査は36Wに実施,"11,460円",11460
11034,12,,1;10,,"11,600円",11600
11034,13,,1;10,,"11,600円",11600
11034,14,,1;10,,"11,600円",11600
11034,2,13,,,"9,500円",9500
11034,3,,10,,"9,500円",9500
11034,4,,10,,"9,500円",9500
11034,5,,10,,"9,500円",9500
11034,6,,10,,"9,500円",9500
11034,7,,10,,"9,500円",9500
11034,8,9;10,10,当院では末血、グルコースは30Wに実施,"12,910円",12910
11034,9,,10,,"9,500円",9500
11035,1,1;2;3;4;5;6;7;8;9;10;11;12;13,,,,
11035,10,,8,,,
11035,11,10;13;15,1,,,
11035,12,,8,,,
11035,13,,8,,,
11035,14,,8,,,
11035,2,13,,,,
11035,3,,8,,,
11035,4,,8,,,
11035,5,13,,,,
11035,6,,8,心電図,,
11035,7,9;10;14,8,,,
11035,8,,8,,,
11035,9,,8,,,
11038,1,1;2;3;4;5;6;7;8;9;10;12;13,9,,,
11038,10,,9;10,,,
11038,11,10;13;15,9;10,,,
11038,12,,9;10,,,
11038,13,,9;10,,,
11038,14,,1;9;10,,,
11038,2,,9,,,
11038,3,,9;10,,,
11038,4,13;14,9;10,,,
11038,5,,9;10,,,
11038,6,,9;10,,,
11038,7,13,9;10,,,
11038,8,9;10;11,4;9;10,,,
11038,9,,9;10,,,
11040,1,1;2;3;4;5;6;7;8;9;10;11;12;13;14,6;5;7;10,,4050,4050
11040,10,,10,,1000,1000
11040,11,10;13;15,1;10,,1000,1000
11040,12,,10,,1000,1000
11040,13,,10,,1000,1000
11040,14,,10,,1000,1000
11040,2,13,,,0,0
11040,3,,10,,1000,1000
11040,4,13,,,0,0
11040,5,13,,,0,0
11040,6,,10,,1000,1000
11040,7,,10,,1000,1000
11040,8,9;10;13;15,10;7,,1800,1800
11040,9,,10,,1000,1000
11041,1,1;2;3;4;5;6;7;8;9;10;11,6;9,,"22,880円",22880
11041,10,,9;10,3D/4Dechoは医学的適応所見の無い場合には料金を徴取せず。,"5,100円",5100
11041,11,10;15,9;11,乳房チェック及び個別母親学級,"8,300円",8300
11041,12,13,9,,"9,880円",9880
11041,13,,9,,"5,100円",5100
11041,14,,1;9;11,乳房チェック及びマッサージ,"7,100円",7100
11041,2,12,9,,"8,660円",8660
11041,3,,9;10,3D/4Dechoは医学的適応所見の無い場合には料金を徴取せず。,"5,100円",5100
11041,4,13,9,,"9,880円",9880
11041,5,,9;11,乳房チェック,"5,100円",5100
11041,6,10,9;10,3D/4Dechoは医学的適応所見の無い場合には料金を徴取せず。,"6,690円",6690
11041,7,14,9,,"8,700円",8700
11041,8,9,9,,"13,020円",13020
11041,9,,9,,"5,100円",5100
11042,1,13,,,"6,300円",6300
11042,10,,8,,"8,000円",8000
11042,11,10;15,8,,"10,000円",10000
11042,12,,1;8,,"8,000円",8000
11042,13,,8,,"8,000円",8000
11042,14,,8,,"8,000円",8000
11042,2,1;2;3;4;5;6;7;8;9;10;11;12;14,6;7;8,,"27,350円",27350
11042,3,,8,,"8,000円",8000
11042,4,13,,,"10,000円",10000
11042,5,9;13,4,,"10,000円",10000
11042,6,,8,,"8,000円",8000
11042,7,,8,,"8,000円",8000
11042,8,10;13,,,"11,700円",11700
11042,9,,1;8,,"10,000円",10000
11043,1,1;2;3;4;5;6;7;8;9;10;12;13;14,5;6,,23000,23000
11043,10,9;15,8;9,"後期超音波検査（中期+後期検査11,000円）",11290,11290
11043,11,10;13,2;3;11,血糖検査,12640,12640
11043,12,,1;8,,8100,8100
11043,13,,1;8,,8100,8100
11043,14,,1;8,,8100,8100
11043,2,13,,,6000,6000
11043,3,,8,,6000,6000
11043,4,,8,,6000,6000
11043,5,13,9,"中期超音波検査（中期+後期検査11,000円）",6000,6000
11043,6,,8,,6000,6000
11043,7,10;11,4;8,,13050,13050
11043,8,,8,,6000,6000
11043,9,,8,心電図,7300,7300
11044,1,1;2;3;4;5;6;7;8;9;10;11;12;13,6,,"26,040円",26040
11044,10,,1;8,,"11,570円",11570
11044,11,10;15,1,心電図,"9,200円",9200
11044,12,,1,,"6,790円",6790
11044,13,,1,,"6,790円",6790
11044,14,,1,,"6,790円",6790
11044,2,,,,"5,790円",5790
11044,3,13,,,"10,570円",10570
11044,4,,,,"5,790円",5790
11044,5,13,,,"5,790円",5790
11044,6,9,1,,"6,900円",6900
11044,7,13,1,,"11,570円",11570
11044,8,10;14,1,,"8,880円",8880
11044,9,,1,,"6,790円",6790
11045,1,1;2;3;4;5;6;7;8;9;10;11;12;13,2;5;6,,"25,710円",25710
11045,10,,9,,"7,200円",7200
11045,11,13,2;3;7,,"17,610円",17610
11045,12,,1;9,,"9,300円",9300
11045,13,,1;9,,"9,300円",9300
11045,14,,1;9,,"9,300円",9300
11045,2,,9,,"7,200円",7200
11045,3,,9,,"7,200円",7200
11045,4,9;13;14,2,,"20,570円",20570
11045,5,,9,,"7,200円",7200
11045,6,,9,,"7,200円",7200
11045,7,13,,,"7,200円",7200
11045,8,,,,"7,200円",7200
11045,9,,9,,"7,200円",7200
11047,1,1;2;3;4;5;6;7;8;9;10;13,,,"21,280円",21280
11047,10,15,8;10,,"4,460円",4460
11047,11,,8;10,,"4,460円",4460
11047,12,10;13,1;10,,"12,620円",12620
11047,13,,1;8;10,,"5,960円",5960
11047,14,,1;8;10,,"5,960円",5960
11047,2,12,8,,"7,810円",7810
11047,3,,8;10,,"4,460円",4460
11047,4,13,10,,"9,240円",9240
11047,5,,8;10,,"4,460円",4460
11047,6,,8;10,,"4,460円",4460
11047,7,,8;10,,"4,460円",4460
11047,8,9;10;11;13;14,10,,"19,820円",19820
11047,9,,8;10,胎動計測,"4,460円",4460
11052,1,1;2;3;4;5;6;7;8;9;10;12;13,6;7,,"24,610円",24610
11052,10,,8,,"6,000円",6000
11052,11,10;13;15,1;11,,"13,970円",13970
11052,12,,8,,"6,000円",6000
11052,13,,1;8,,"8,500円",8500
11052,14,,8,,"6,000円",6000
11052,2,,8,,"6,000円",6000
11052,3,,8;11,,"6,000円",6000
11052,4,13,,,"6,000円",6000
11052,5,,8,,"6,000円",6000
11052,6,9;10;11;13;14,11,,"18,530円",18530
11052,7,,8,,"6,000円",6000
11052,8,,8;11,,"8,310円",8310
11052,9,,8,,"6,000円",6000
11053,1,1;2;3;4;5;6;7;8;9;10;11;12;13;14,5;6,,,
11053,10,,3;8,,,
11053,11,10;13;15,,血糖検査,,
11053,12,,8,,,
11053,13,,8,,,
11053,14,,8,,,
11053,2,,8,,,
11053,3,13,,,,
11053,4,,8,,,
11053,5,9;10;13,4,,,
11053,6,,8,,,
11053,7,,8,,,
11053,8,,8,"血糖検査
血算検査",,
11053,9,,8,,,
11054,1,1;2;3;4;5;6;7;8;9;10;11;12;13;14,6,,"24,460円",24460
11054,10,,8,,"6,310円",6310
11054,11,10;13;15,,,"11,870円",11870
11054,12,,1;8,,"6,880円",6880
11054,13,,1;8,,"6,880円",6880
11054,14,,1;8,,"6,880円",6880
11054,2,13,,,"6,310円",6310
11054,3,,8,超音波検査については、費用負担なしで５回目以降も実施している。,"6,310円",6310
11054,4,,8,,"6,310円",6310
11054,5,13,,,"6,310円",6310
11054,6,,8,,"5,780円",5780
11054,7,,8,,"6,310円",6310
11054,8,9;10,8,,"9,190円",9190
11054,9,,8,,"6,310円",6310
11055,1,12,8;10;11,3D4Dは条件の良い時のみ,,
11055,10,15,8;10,4Dは可能な時のみ,,
11055,11,13,11,4Dは可能な時のみ,,
11055,12,,1;8,,,
11055,13,,1;8,,,
11055,14,,1;8,,,
11055,2,1;2;3;4;5;6;7;8;9;10;11;13;14,10;7;8;11,3D4Dは条件の良い時のみ,,
11055,3,,8;10;9,3D4Dは条件の良い時のみ,,
11055,4,10;13,10;8,3D4Dは条件の良い時のみ,,
11055,5,,8;10;9,"3D4Dは条件の良い時のみ
糖尿病リスクは75gGTT  で検査",,
11055,6,,8;10;9,3D4Dは条件の良い時のみ,,
11055,7,13,10;8,3D4Dは条件の良い時のみ,,
11055,8,,8;10;11;9,3D4Dは条件の良い時のみ,,
11055,9,,8;10;9,3D4Dは条件の良い時のみ,,
11057,1,1;2;3;4;5;6;7;8;9;10;11;12;13;14,6,,"1,000円",1000
11057,10,13,,,0円,0
11057,11,10;13;15,,,0円,0
11057,12,13,1,,630円,630
11057,13,13,,,0円,0
11057,14,13,,,0円,0
11057,2,13,,,0円,0
11057,3,13,,,0円,0
11057,4,10;13,2,,"1,000円",1000
11057,5,13,,,0円,0
11057,6,13,,,0円,0
11057,7,13,,,0円,0
11057,8,10;13,,,0円,0
11057,9,13,,,0円,0
11059,1,1;2;3;4;5;6;7;8;9;10;11;12;13,5;6,,"20,000円",20000
11059,10,15,,,"6,000円",6000
11059,11,,,,"6,000円",6000
11059,12,13,1,,"9,000円",9000
11059,13,,1,,"7,000円",7000
11059,14,,1,,"7,000円",7000
11059,2,,,,"6,000円",6000
11059,3,,,,"6,000円",6000
11059,4,13,,,"6,000円",6000
11059,5,,2,,"9,000円",9000
11059,6,,,,"6,000円",6000
11059,7,13;14,,心電図,"11,000円",11000
11059,8,,,,"6,000円",6000
11059,9,,3,,"13,000円",13000
11061,1,1;2;3;4;5;6;7;8;9;10;11;12;13;14,6,,"31,290円",31290
11061,10,,8,,"6,990円",6990
11061,11,10;15,1;8,,"14,350円",14350
11061,12,,1;8,,"9,090円",9090
11061,13,,1;8,,"9,090円",9090
11061,14,,1;8,,"9,090円",9090
11061,2,13,,,"6,990円",6990
11061,3,13,,,"6,990円",6990
11061,4,13,,,"6,990円",6990
11061,5,9;10,8,,"11,700円",11700
11061,6,,8,,"6,990円",6990
11061,7,,8,,"6,990円",6990
11061,8,,8,,"6,990円",6990
11061,9,,8,,"6,990円",6990
11062,1,1;2;3;4;5;6;7;8;9;10;12;13,6;7;9,,,
11062,10,,9;10,,,
11062,11,10;13;15,1;2;3;9;10,,,
11062,12,,1;9;10,,,
11062,13,,1;9;10,,,
11062,14,,9;10,,,
11062,2,,9;10,,,
11062,3,,9;10,,,
11062,4,13,9;10,,,
11062,5,,9;10,,,
11062,6,,9;10,,,
11062,7,,9;10,,,
11062,8,9;10;11;13;14,9;10,,,
11062,9,,9;10,,,
11063,1,1;2;3;4;5;6;7;8;9;10;11;12;14,5;8;9,経膣超音波,"5,500円",5500
11063,10,,8;9,経腹超音波,"1,500円",1500
11063,11,10;13;15,1;9,,610円,610
11063,12,,1;8;9,経腹超音波,"2,110円",2110
11063,13,,1;8;9,経腹超音波,"2,110円",2110
11063,14,,1;8;9,経腹超音波,"2,110円",2110
11063,2,13,9,,0円,0
11063,3,13,9,,0円,0
11063,4,,8;9,経腹超音波,"1,500円",1500
11063,5,,8;9,経腹超音波,"1,500円",1500
11063,6,,8;9,経腹超音波,"1,500円",1500
11063,7,10;13,9,,0円,0
11063,8,,8;9,経腹超音波,"1,500円",1500
11063,9,,8;9,経腹超音波,"1,500円",1500
11064,1,1;2;4;5;6;7;8;9;10;11;12;13;14,2;5;6,,,
11064,10,9;15,9,,,
11064,11,13,9,,,
11064,12,,1;9,,,
11064,13,,1;9,,,
11064,14,,1;9,,,
11064,2,,9,,,
11064,3,,9,,,
11064,4,,9,,,
11064,5,10;13,4;9,,,
11064,6,,9,,,
11064,7,,9,,,
11064,8,,9,,,
11064,9,,9,,,
11067,1,1;2;3;4;5;6;7;8;9;10;11;12;13,6,BVスコア,27880,27880
11067,10,,,,5000,5000
11067,11,13;15,,,11570,11570
11067,12,,,,5000,5000
11067,13,,1,,5000,5000
11067,14,,1,,5000,5000
11067,2,,,,5000,5000
11067,3,13,11,,6310,6310
11067,4,,,,5000,5000
11067,5,9;10,8,,7440,7440
11067,6,,,,5000,5000
11067,7,13;14,,,10090,10090
11067,8,,,,5000,5000
11067,9,,,,5000,5000
11068,1,1;2;3;4;5;6;7;8;9;10;11;12;13;14,3;6,,"33,190円",33190
11068,10,15,3;10;11,当院では心電図も実施。,"11,080円",11080
11068,11,10;13,1,,"12,220円",12220
11068,12,,1;10,,"5,500円",5500
11068,13,,1;10,,"5,500円",5500
11068,14,,1;10,,"5,500円",5500
11068,2,,10,,"5,000円",5000
11068,3,,10,,"5,000円",5000
11068,4,13,,,"11,360円",11360
11068,5,,10,,"5,000円",5000
11068,6,,10,,"5,000円",5000
11068,7,9;10;13,,当院では性器クラミジア検査も実施。,"17,050円",17050
11068,8,,10,,"5,000円",5000
11068,9,,10,,"5,000円",5000
11069,1,1;2;3;4;5;6;7;8;9;10;11;12;13;14,2;5,,,
11069,10,,8,,,
11069,11,10;15,1;8,,,
11069,12,,1;8,,,
11069,13,,1;8,,,
11069,14,,1;8,,,
11069,2,13,,,,
11069,3,13,,,,
11069,4,13,,,,
11069,5,,8,,,
11069,6,9;10,8,,,
11069,7,,8,,,
11069,8,,8,,,
11069,9,,8,,,
11070,1,1;2;3;4;5;6;7;8;9;10;11;12;13;14,6;10,,"30,500円",30500
11070,10,,8,,"6,000円",6000
11070,11,15,1;2,,"13,170円",13170
11070,12,13,1;8,,"7,000円",7000
11070,13,,1,,"4,000円",4000
11070,14,,1,,"4,000円",4000
11070,2,13,,,"6,000円",6000
11070,3,,4;8,,"6,000円",6000
11070,4,,8,Ｂ群溶血性レンサ球菌検査,"7,500円",7500
11070,5,13,4,,"6,000円",6000
11070,6,,8,,"6,000円",6000
11070,7,,8,,"6,000円",6000
11070,8,,2;8,,"12,170円",12170
11070,9,,1,,"4,000円",4000
11071,1,1;2;3;4;5;6;7;8;9;10;11;12;13,6;7,当院では11～12週頃で初期採血を実施している,"25,000円",25000
11071,10,,2;8,当院では34週頃に3回目の血算、2回目の不規則抗体検査を実施している,"9,400円",9400
11071,11,13;15,1,,"8,700円",8700
11071,12,,8,,"5,000円",5000
11071,13,,8,,"5,000円",5000
11071,14,,1;8,,"6,200円",6200
11071,2,13,,,"5,000円",5000
11071,3,,8,,"5,000円",5000
11071,4,,8,当院では20週頃に胎児心臓スクリーニング検査を実施している,"7,500円",7500
11071,5,13,,,"5,000円",5000
11071,6,,8,,"5,000円",5000
11071,7,9;10;14,2;4;8,当院では28週頃にもGBS検査を実施している,"12,700円",12700
11071,8,,8,当院では30週頃に心電図検査を実施している,"5,500円",5500
11071,9,,8,,"5,000円",5000
11072,1,1;2;3;4;5;6;7;9;10;12,,,"17,680円",17680
11072,10,15,,,"5,280円",5280
11072,11,10,1;3,,"7,780円",7780
11072,12,,,,"5,280円",5280
11072,13,,1,,"7,280円",7280
11072,14,,,,"5,280円",5280
11072,2,,,,"7,280円",7280
11072,3,13,,,"10,580円",10580
11072,4,13;14,,,"10,580円",10580
11072,5,9;10;11;13,,,"11,580円",11580
11072,6,,,,"5,280円",5280
11072,7,,,,"10,580円",10580
11072,8,,,,"10,580円",10580
11072,9,,,,"7,280円",7280
11075,1,1;2;3;4;5;6;7;8;9;10;11;12;13;14,,,"23,960円",23960
11075,10,15,1,,"10,980円",10980
11075,11,10;13,1,,"10,170円",10170
11075,12,,1,,"7,780円",7780
11075,13,,1,,"7,780円",7780
11075,14,,1,,"7,780円",7780
11075,2,,,,"6,310円",6310
11075,3,,,,"6,310円",6310
11075,4,13,,,"6,310円",6310
11075,5,,,,"6,310円",6310
11075,6,,,,"5,780円",5780
11075,7,,,,"6,310円",6310
11075,8,9;10;13,,不規則抗体検査、梅毒血清検査を後期に2回目を実施,"13,090円",13090
11075,9,,,,"6,310円",6310
11076,1,1;2;3;4;5;6;7;8;9;10;11;13,,"全ての検診において受診券が5,000円に満たない場合差額をいただいています",,
11076,11,10;13;15,1;11,不規則抗体再検,"2,000円",2000
11076,12,,1,,,
11076,13,,1,,,
11076,14,,1,,,
11076,2,12,,,,
11076,4,9;13,,,,
11076,7,10;13;14,,,,
11080,1,1;2;3;4;5;6;7;8;9;10;11;12;13;14,5,,43900,43900
11080,10,15,1;8,,12500,12500
11080,11,,1;8,,10000,10000
11080,12,10,1;8,,11000,11000
11080,13,,1;8,,10000,10000
11080,14,,1;8,,10000,10000
11080,2,13,,,8000,8000
11080,3,13,,,8000,8000
11080,4,13,9,,9000,9000
11080,5,9,8,,8700,8700
11080,6,,8,,8000,8000
11080,7,,8;9,,9000,9000
11080,8,,8,,8000,8000
11080,9,10,8,不規則抗体,11000,11000
11085,1,1;2;3;4;5;6;7;8;9;10;11;12;13,6,,3000,3000
11085,10,,2;3;8,,3200,3200
11085,11,15,1;8,,2000,2000
11085,12,,1;8,,2000,2000
11085,13,,1;8,,2000,2000
11085,14,,1;8,,2000,2000
11085,2,,8;9,,0,0
11085,3,,8,,1000,1000
11085,4,13,9,,0,0
11085,5,14,8,,2000,2000
11085,6,13,,,0,0
11085,7,,8;9,"妊婦の超音波検査には、胎児超音波検査と通常超音波検査がございます。
産婦人科ガイドラインでは、胎児超音波検査に関しては、妊娠初期、中期、後期に行うことになっております。
であるがゆえに、このように検査を行っております。",0,0
11085,8,,8,,1000,1000
11085,9,,8,,1000,1000
11086,1,1;2;3;4;5;6;7;8;9;10;11;12,9;10,子宮頸がん検診は過去半年以内に施行ありの場合は実施せず,"33,900円",33900
11086,10,,9;10,,"10,890円",10890
11086,11,10;13;15,1;9;10,,"23,890円",23890
11086,12,,1;9;10,,"7,690円",7690
11086,13,,1;9;10,,"7,690円",7690
11086,14,,1;9;10,,"7,690円",7690
11086,2,13,9;10,,"10,890円",10890
11086,3,,9;10,,"10,890円",10890
11086,4,13;14,9;10,,"19,090円",19090
11086,5,,9;10,,"10,890円",10890
11086,6,9;10,4;9;10,,"13,990円",13990
11086,7,,9;10,,"10,890円",10890
11086,8,13,9;10,,"10,890円",10890
11086,9,,9;10,,"10,890円",10890
11090,1,1;2;3;4;5;6;7;8;9;10;11;12;13,6,,"30,580円",30580
11090,10,15,8,,"9,350円",9350
11090,11,10;13,,,"9,900円",9900
11090,12,,1;8,,"8,800円",8800
11090,13,,1;8,,"8,800円",8800
11090,14,,1;8,,"8,800円",8800
11090,2,13,,,"5,500円",5500
11090,3,,8,,"5,500円",5500
11090,4,,8,,"5,500円",5500
11090,5,13,,,"5,500円",5500
11090,6,,8,,"5,500円",5500
11090,7,9;10;14,4;8,,"16,500円",16500
11090,8,,8,,"5,000円",5000
11090,9,,8,,"5,500円",5500
11093,1,1;2;3;4;5;6;7;8;9;10;11;12;13,6;7;9,,"20,710円",20710
11093,10,15,9;10,,"6,980円",6980
11093,11,10;13,1;9;10,,"10,070円",10070
11093,12,,1;8;9;10,,"5,080円",5080
11093,13,,1;8;9;10,,"5,080円",5080
11093,14,,1;8;9;10,,"5,080円",5080
11093,2,,9,,"5,080円",5080
11093,3,,9;10,,"5,080円",5080
11093,4,13,9;10,,"9,860円",9860
11093,5,,9;10,,"5,080円",5080
11093,6,14,9;10,,"6,960円",6960
11093,7,,9;10,,"5,080円",5080
11093,8,9;10;13,9;10,,"10,180円",10180
11093,9,,9;10,,"5,080円",5080
11096,1,1;2;3;4;5;6;7;8;9;10;11;12;13,9,,"24,640円",24640
11096,10,,9;10,,"5,100円",5100
11096,11,15,9;10,,"8,300円",8300
11096,12,13,9;10,,"9,880円",9880
11096,13,10,9;10,,"6,890円",6890
11096,14,,1;9;10,,"5,100円",5100
11096,2,,9;10,,"5,100円",5100
11096,3,,9;10,,"5,100円",5100
11096,4,13,9;10,,"9,880円",9880
11096,5,9;10;13,9;10,,"13,020円",13020
11096,6,,9;10,,"5,100円",5100
11096,7,,9;10,,"5,100円",5100
11096,8,14,9;10,,"8,700円",8700
11096,9,,9;10,,"5,100円",5100
11097,1,1;2;3;4;5;6;7;8;9;10;11;12;13,6,超音波検査は基本毎回公費23100＋自己負担3000,26100,26100
11097,10,15,8,34週頃に血算検査、公費10530＋自己負担2000,12530,12530
11097,11,13,1,NSTは36-37週から（2000円/回）,6180,6180
11097,12,,1;8,,6180,6180
11097,13,,1;8,,6180,6180
11097,14,,1;8,,6180,6180
11097,2,,8,,6180,6180
11097,3,,8,,6180,6180
11097,4,13,9;10,4D超音波検査は見える時に適宜（無料）,6180,6180
11097,5,,8,,6180,6180
11097,6,9;10;14,8,公費11600＋自己負担2000,13600,13600
11097,7,,8,,6180,6180
11097,8,13,9;10,,6180,6180
11097,9,,8,,6180,6180
11100,1,1;2;3;4;5;6;7;8;9;10;11;12;13,,,"27,650円",27650
11100,10,,,,"5,800円",5800
11100,11,10;13,,,"12,980円",12980
11100,12,,,,"5,800円",5800
11100,13,,,,"5,800円",5800
11100,14,,1,,"7,800円",7800
11100,2,,,,"5,800円",5800
11100,3,,,,"5,800円",5800
11100,4,13,,,"11,100円",11100
11100,5,,,,"5,800円",5800
11100,6,,,,"5,800円",5800
11100,7,,,,"5,800円",5800
11100,8,9;10;13;14,,Ｂ群溶結性連鎖球菌（GBS）検査,"19,430円",19430
11100,9,,,,"5,800円",5800
11103,1,1;2;3;4;5;6;7;8;9;10;11;12;13,6,胎児発育評価検査,"20,170円",20170
11103,10,15,9,,"6,980円",6980
11103,11,10;13,,胎児発育評価検査,"10,070円",10070
11103,12,,9,,"5,080円",5080
11103,13,,9,,"5,080円",5080
11103,14,,9,,"5,080円",5080
11103,2,,9,,"5,080円",5080
11103,3,,9,,"5,080円",5080
11103,4,13,,胎児発育評価検査,"9,860円",9860
11103,5,,9,,"5,080円",5080
11103,6,14,9,,"6,960円",6960
11103,7,,9,,"5,080円",5080
11103,8,9;10;13,,胎児発育評価検査,"10,180円",10180
11103,9,,9,,"5,080円",5080
11105,1,13,10,,"6,300円",6300
11105,10,,8;10,,"7,000円",7000
11105,11,10;15,8;10,,"11,500円",11500
11105,12,,8;10,,"6,500円",6500
11105,13,,1;8;10,,"7,000円",7000
11105,14,,1;8;10,,"7,000円",7000
11105,2,1;2;3;4;5;6;7;8;9;10;11;12;14,8;10,,"27,850円",27850
11105,3,,8;10,,"8,500円",8500
11105,4,13,9;10,,"10,000円",10000
11105,5,13,4;9;10,,"10,000円",10000
11105,6,,8;10,,"7,000円",7000
11105,7,,1;8;10,,"7,000円",7000
11105,8,10;13,9;10,,"11,700円",11700
11105,9,,8;10,,"7,000円",7000
11106,1,1;2;3;4;5;6;7;8;9;10;11;12;13;14,,,"17,000円",17000
11106,10,,,,"5,000円",5000
11106,11,10;13;15,,,"8,000円",8000
11106,12,,,,"5,000円",5000
11106,13,,,,"5,000円",5000
11106,14,,,,"5,000円",5000
11106,2,13,,,"5,000円",5000
11106,3,,,,"5,000円",5000
11106,4,13,,,"5,000円",5000
11106,5,9;10,,,"5,000円",5000
11106,6,9;10;13,,,"7,000円",7000
11106,7,,,,"5,000円",5000
11106,8,13,,,"5,000円",5000
11106,9,,,,"5,000円",5000
11107,1,1;2;3;4;5;6;7;8;9;10;11;12;13,,,,
11107,10,,8;10,,,
11107,11,10;13;15,,,,
11107,12,,1;8,,,
11107,13,,1;8,,,
11107,14,,1;8,,,
11107,2,13,,,,
11107,3,,8;10,,,
11107,4,,8;10,,,
11107,5,,8;10,,,
11107,6,9;10;13;14,,,,
11107,7,,8;10,,,
11107,8,,8;10,,,
11107,9,,8;10,,,
11109,1,1;2;3;4;5;6;7;8;9;10;11;12;13,,,25420,25420
11109,10,,8;1;9,,6300,6300
11109,11,15,1;9,,10100,10100
11109,12,13,1;8,,10480,10480
11109,13,10,1;8;9,,8490,8490
11109,14,,1;8;9,,6900,6900
11109,2,,8;9,,6300,6300
11109,3,,8;9,,6300,6300
11109,4,13,,,9880,9880
11109,5,,8;9,,6300,6300
11109,6,,8;9,,6300,6300
11109,7,14,8;9,,9900,9900
11109,8,9;10;13,,,13020,13020
11109,9,,8;9,,6300,6300
11110,1,1;2;3;4;5;6;7;8;9;10;11;12;14,6,,"32,140円",32140
11110,10,,11,,"8,640円",8640
11110,11,9;10;13;15,2;3,,"16,640円",16640
11110,12,,,,"8,640円",8640
11110,13,,1,,"10,640円",10640
11110,14,,,,"8,640円",8640
11110,2,,,,"8,640円",8640
11110,3,,11,,"8,640円",8640
11110,4,13,9,,"16,640円",16640
11110,5,,,,"8,640円",8640
11110,6,9;10;13,,,"15,140円",15140
11110,7,,,,"8,640円",8640
11110,8,13,9,,"15,140円",15140
11110,9,,,,"8,640円",8640
11112,1,12;13;14,9;10;11,,"9,510円",9510
11112,10,,8;9;10;11,,"5,780円",5780
11112,11,10;13,1;9;10;11,,"14,070円",14070
11112,12,,1;8;9;10;11,,"7,980円",7980
11112,13,,1;8;9;10;11,,"7,980円",7980
11112,14,,1;8;9;10;11,,"7,980円",7980
11112,2,1;2;3;4;5;6;7;8;9;10;11,8;9;10;11,,"20,260円",20260
11112,3,,8;9;10;11,,"6,310円",6310
11112,4,13,9;10;11,,"6,310円",6310
11112,5,9;10;13,9;10;11,,"7,410円",7410
11112,6,,8;9;10;11,,"5,780円",5780
11112,7,,8;9;10;11,,"6,310円",6310
11112,8,,9;10;11,,"10,290円",10290
11112,9,,8;9;10;11,,"6,310円",6310
11116,1,1;2;3;4;5;6;7;8;9;10;11;12;14,5;6,,33020,33020
11116,10,,8,,7000,7000
11116,11,10;15;13,2;3;8,,17900,17900
11116,12,,1;8,,8500,8500
11116,13,,1;8,,8500,8500
11116,14,,1;8,,8500,8500
11116,2,13,,,7000,7000
11116,3,13,,,7000,7000
11116,4,13,,,7000,7000
11116,5,9;10;13,4;5,EKG,19170,19170
11116,6,,8,,7000,7000
11116,7,,2;8,,10000,10000
11116,8,,8,,7000,7000
11116,9,,8,,7000,7000
11117,1,1;2;3;4;5;6;7;8;9;10;12,6;8,,"31,900円",31900
11117,10,,8,,"10,800円",10800
11117,11,13;15,1,,"13,700円",13700
11117,12,,8,,"10,500円",10500
11117,13,,8,,"9,000円",9000
11117,14,,8,,"9,000円",9000
11117,2,13,,,"9,000円",9000
11117,3,13,,,"10,500円",10500
11117,4,14,8,,"14,500円",14500
11117,5,9;10;13,4,,"12,000円",12000
11117,6,,8,,"10,500円",10500
11117,7,11,8,,"14,000円",14000
11117,8,,8,,"9,000円",9000
11117,9,,8,,"10,500円",10500
11118,1,1;2;3;4;5;6;7;8;9;10;11;12;13;14,6;8,,"22,500円",22500
11118,10,,8;10,,"6,500円",6500
11118,11,10;13;15,1;2;8;10,,"12,500円",12500
11118,12,,1;8;10,,"7,500円",7500
11118,13,,1;8;10,,"7,500円",7500
11118,14,,1;8;10,,"7,500円",7500
11118,2,,8,,"6,500円",6500
11118,3,,8;10,,"6,500円",6500
11118,4,13,8;10,,"6,500円",6500
11118,5,,8;10,,"6,500円",6500
11118,6,,8;10,,"6,500円",6500
11118,7,9;10;13,8;10,,"11,000円",11000
11118,8,,8;10,,"6,500円",6500
11118,9,,8;10,,"6,500円",6500
11120,1,1;2;3;4;5;6;7;8;9;10;11;12;13;14,8,,,
11120,10,13;15,8;10,,,
11120,11,10;13,8;10,,,
11120,12,13,1;8;10,,,
11120,13,13,8;10,,,
11120,14,13,8;10,,,
11120,2,13,8;10,,,
11120,3,13,8;10,,,
11120,4,13,8;10,,,
11120,5,13,8;10,,,
11120,6,9;10;13,8;10,,,
11120,7,13,8;10,,,
11120,8,13,8;10,,,
11120,9,13,8;10,,,
11122,1,1;2;3;4;5;6;7;8;9;10;11;12;13,6;7,,"10,000円",10000
11122,10,,,,0円,0
11122,11,10;15,,,0円,0
11122,12,13,,,0円,0
11122,13,,,,0円,0
11122,14,,,,0円,0
11122,2,,,,0円,0
11122,3,,,,0円,0
11122,4,13,,,0円,0
11122,5,,,,0円,0
11122,6,9;10,,,0円,0
11122,7,,,,0円,0
11122,8,13;14,,,0円,0
11122,9,,,,0円,0
11123,1,1;2;3;4;5;6;7;8;9;10;11;12;13,6;7,状況により4Dを追加,"22,400円",22400
11123,10,,1;9,超音波検査、状況により4Dを施行する、CBCをする,"6,590円",6590
11123,11,15,1;9,超音波検査、状況により4Dを施行する,"6,590円",6590
11123,12,13,1,状況により4Dを追加,"6,590円",6590
11123,13,10,1;9,超音波検査、状況により4Dを施行する,"6,590円",6590
11123,14,,1;9,超音波検査、状況により4Dを施行する,"6,590円",6590
11123,2,,9,超音波検査、状況により4Dを施行する,"6,590円",6590
11123,3,,9,超音波検査、状況により4Dを施行する,"6,590円",6590
11123,4,13,,状況により4Dを追加、CBC,"6,590円",6590
11123,5,14,9,超音波検査、状況により4Dを施行する,"9,590円",9590
11123,6,9,9,超音波検査、状況により4Dを施行する,"6,590円",6590
11123,7,10,9,超音波検査、状況により4Dを施行する,"6,590円",6590
11123,8,,1;9,超音波検査、状況により4Dを施行する．,"6,590円",6590
11123,9,13,1,状況により4Dを追加,"6,590円",6590
11124,1,1;2;3;4;5;6;7;8;9;10;11;12;13;14,2;5;6;7;11,クラミジアの検査とあわせてGBS検査,,
11124,10,15,8;11,,,
11124,11,13,1;11,,,
11124,12,,1;8;11,,,
11124,13,,1;8;11,,,
11124,14,,1;8;11,,,
11124,2,13,11,,,
11124,3,,8;11,,,
11124,4,,8;11,,,
11124,5,13,11,,,
11124,6,,8;11,,,
11124,7,,8;9;11,,,
11124,8,,8;11,,,
11124,9,,8;11,,,
11125,1,1;2;3;4;5;6;7;8;9;10;12,8;9;10;11,,3000,3000
11125,10,15,1;8;9;10;11,,3000,3000
11125,11,10;13,1;9;10,,3000,3000
11125,12,,1;8;9;10;11,,3000,3000
11125,13,,1;8;9;10;11,,5500,5500
11125,14,,1;8;9;10,,5500,5500
11125,2,13,9;10,,4020,4020
11125,3,,8;9;10,,3000,3000
11125,4,13,9;10;11,,3000,3000
11125,5,,8;9;10,,3000,3000
11125,6,13,1;9;10,,3000,3000
11125,7,,1;8;9;10,,3000,3000
11125,8,9;10;11,1;8;9;10,,3000,3000
11125,9,,1;8;9;10,当院では性器クラミジヤ検査は31頃に実施している,3000,3000
11126,1,1;2;3;4;5;6;7;8;9;10;11;12;13;14,,,"34,650円",34650
11126,10,15,8;10,埼玉県の助成券はエコー検査が助成券に含まれているため実施している,"8,810円",8810
11126,11,,10,,"5,000円",5000
11126,12,13,1,埼玉県の助成券はエコー検査が助成券に含まれているため実施している,"7,100円",7100
11126,13,,1,,"7,100円",7100
11126,14,,1,,"7,100円",7100
11126,2,,10,,"5,000円",5000
11126,3,13,10,,"8,010円",8010
11126,4,,10,,"5,000円",5000
11126,5,,10,,"5,000円",5000
11126,6,9;10;13,10,当院では妊娠２６週頃に血算を実施している,"8,110円",8110
11126,7,,10,,"5,000円",5000
11126,8,,10,,"5,000円",5000
11126,9,10,10,当院では妊娠３３週頃に血算を実施している,"8,110円",8110
11127,1,1;2;3;4;5;6;7;8;9;10;11;12;13,2;10,,"20,000円",20000
11127,10,,8;10,,"9,000円",9000
11127,11,13;15,10,,"7,800円",7800
11127,12,,1;8;10,,"7,800円",7800
11127,13,,8;10,,"5,700円",5700
11127,14,,1;8;10,,"7,800円",7800
11127,2,13,10,,"5,700円",5700
11127,3,14,8;10,,"9,500円",9500
11127,4,,8;10,,"5,700円",5700
11127,5,13,10,,"9,300円",9300
11127,6,,8;10,,"5,700円",5700
11127,7,,8;10,,"5,700円",5700
11127,8,,8;10,,"5,700円",5700
11127,9,,8;10,,"5,700円",5700
11128,1,1;2;3;4;5;6;7;8;9;10;12;13,,,,
11128,10,15,9,,,
11128,11,13,,,,
11128,12,,9,,,
11128,13,,9,,,
11128,14,,9,,,
11128,2,13,,,,
11128,3,,9;10,,,
11128,4,,9;10,,,
11128,5,13,10,当院では血糖検査を24週頃実施している。,600,600
11128,6,,9;10,,,
11128,7,,9;10,,,
11128,8,9;10;11;14,9;10,,,
11128,9,,9,,,
11129,1,1;2;3;4;5;6;7;8;9;10;11;12;13,5;6;7;10,,,
11129,10,,8;10,,,
11129,11,10;13,1;3;8;10,,,
11129,12,15,1;8;10,,,
11129,13,,1;3;8;10,血算検査（4回目）,,
11129,14,,1;8;10,,,
11129,2,13,10,,,
11129,3,,10,,,
11129,4,,9,,,
11129,5,13;14,4;8;10,HTLV-1抗体検査（2回目）,,
11129,6,,8;10,,,
11129,7,,8;9,,,
11129,8,10,2;3;7;8;10,麻酔科診察・ABO血液型検査（2回目）・Rh血液型検査（2回目）,,
11129,9,,8;10,,,
11131,1,1;2;3;4;5;6;7;8;9;10;11;12;13;14,5,,"29,360円",29360
11131,10,15,8,,"12,250円",12250
11131,11,,8,,"8,260円",8260
11131,12,13,1;8,,"14,320円",14320
11131,13,,1;8,,"11,460円",11460
11131,14,,1;8,,"11,460円",11460
11131,2,,,,"8,260円",8260
11131,3,13,,,"8,260円",8260
11131,4,,,当院ではECG検査20週頃に実施している,"10,840円",10840
11131,5,,,,"8,260円",8260
11131,6,,8,,"8,260円",8260
11131,7,,8,,"8,260円",8260
11131,8,9;13,8,,"19,820円",19820
11131,9,,1;8,,"11,460円",11460
11133,1,12;13;14,,,,
11133,10,,9,,,
11133,11,13;15,1;11,,,
11133,12,,9,,,
11133,13,,9,,,
11133,14,,9,,,
11133,2,1;2;3;4;5;6;7;8;9;10;11,6;7;9,,,
11133,3,,9;11,,,
11133,4,13,,,,
11133,5,,4;9;11,,,
11133,6,,9,,,
11133,7,,9,,,
11133,8,13,11,,,
11133,9,,9,,,
11134,1,1;2;3;4;5;6;7;8;9;10;11;12;13,6,,"23,600円",23600
11134,10,,8,,"6,000円",6000
11134,11,10;13;15,1,,"13,800円",13800
11134,12,,1;8,,"6,000円",6000
11134,13,,1;8,,"6,000円",6000
11134,14,,1;8,,"6,000円",6000
11134,2,,8,,"6,000円",6000
11134,3,13,,,"6,000円",6000
11134,4,,8,,"6,000円",6000
11134,5,,8,,"6,000円",6000
11134,6,,8,,"6,000円",6000
11134,7,9;10;13;14,,,"15,700円",15700
11134,8,,8,,"6,000円",6000
11134,9,,8,,"6,000円",6000
11135,1,1;2;3;4;5;6;7;8;9;10;11;12;13,2;5;6;7,,"33,000円",33000
11135,10,15,8,,"16,300円",16300
11135,11,,8,,"8,000円",8000
11135,12,10,1;2;3;8,,"15,600円",15600
11135,13,,1;8,,"10,100円",10100
11135,14,,1;8,,"10,100円",10100
11135,2,13,,,"8,000円",8000
11135,3,13;14,,"淋菌
心電図","13,800円",13800
11135,4,13,9,,"17,000円",17000
11135,5,,8,,"8,000円",8000
11135,6,10,2;4;8,"ムンプス
麻疹
水痘","21,000円",21000
11135,7,,8;9,,"17,000円",17000
11135,8,,1;8,,"10,100円",10100
11135,9,,8,,"8,000円",8000
11137,1,1;2;3;4;5;6;7;8;9;10;11;12;13,6,,,
11137,10,,8,,,
11137,11,10;13;15,10;11,,,
11137,12,,1;8,,,
11137,13,,1;8,,,
11137,14,,1;8,,,
11137,2,13,11,,,
11137,3,,8,,,
11137,4,,8;10,,,
11137,5,,8,,,
11137,6,,8,,,
11137,7,9;10;13;14,10;11,,,
11137,8,,8,,,
11137,9,,8,,,
11138,1,1;2;3;4;5;6;7;8;9;10;11;12;13;14,10,,"25,790円",25790
11138,10,15,8;10,,"6,500円",6500
11138,11,,1;8;10,,"8,500円",8500
11138,12,13,1;10,,"8,500円",8500
11138,13,,1;8;10,,"8,500円",8500
11138,14,,1;8;10,,"8,500円",8500
11138,2,,8;10,,"6,500円",6500
11138,3,,8;10,,"6,500円",6500
11138,4,13,10,,"6,500円",6500
11138,5,,8;10,,"6,500円",6500
11138,6,,8;10,,"6,500円",6500
11138,7,,8;10,,"6,500円",6500
11138,8,10;13,10,,"6,500円",6500
11138,9,,8;10,,"6,500円",6500
11140,1,1;2;3;4;5;6;7;8;9;10;11;12;13,,,"24,640円",24640
11140,10,,8,,"5,100円",5100
11140,11,15,8,,"8,300円",8300
11140,12,,1;8,,"5,100円",5100
11140,13,,1;8,,"5,100円",5100
11140,14,,1;8,,"5,100円",5100
11140,2,13,,,"9,880円",9880
11140,3,14,8,,"8,700円",8700
11140,4,,8,,"9,880円",9880
11140,5,9;10,8,,"13,020円",13020
11140,6,13,,,"5,100円",5100
11140,7,,8,,"5,100円",5100
11140,8,,8,,"5,100円",5100
11140,9,10;13,,,"6,690円",6690
11141,1,,8,,"8,000円",8000
11141,10,,8,,"5,000円",5000
11141,11,15,8,,"14,000円",14000
11141,12,13,1,,"8,000円",8000
11141,13,,8,,"5,000円",5000
11141,14,,8,,"5,000円",5000
11141,2,1;2;3;4;5;6;7;8;9;10;11;12;13,2;6,,"23,500円",23500
11141,3,,8,,"5,000円",5000
11141,4,13;14,9,,"12,000円",12000
11141,5,,8,,"5,000円",5000
11141,6,9;10,8,,"8,000円",8000
11141,7,,8,,"5,000円",5000
11141,8,13,9,,"5,000円",5000
11141,9,,8,,"5,000円",5000
11142,1,1;2;3;4;5;6;7;8;9;10;11,,当院では12週で初回を行うため各項目の週数にずれがあります。,"26,310円",26310
11142,10,15,,当院での超音波検査は35週頃に実施している,"11,290円",11290
11142,11,10,,,"7,690円",7690
11142,12,,,,"7,090円",7090
11142,13,,,,"7,090円",7090
11142,14,,1,,"9,090円",9090
11142,2,13,,,"9,390円",9390
11142,3,14,,,"8,590円",8590
11142,4,13,,,"9,390円",9390
11142,5,9;10,,,"8,450円",8450
11142,6,13,,,"9,390円",9390
11142,7,,,,"7,090円",7090
11142,8,,,,"7,090円",7090
11142,9,,,,"7,090円",7090
11143,1,1;2;3;4;5;6;7;8;9;10;11;12;13;14,6;7;10;11,,,
11143,10,,10,,,
11143,11,,10,,,
11143,12,,10,,,
11143,13,,10,,,
11143,14,,10,,,
11143,2,13;14;15,10,異常値あれば採血指導あり,,
11143,3,,10,,,
11143,4,,10,,,
11143,5,,10,,,
11143,6,9;10,10,,,
11143,7,,10,,,
11143,8,,10,,,
11143,9,,10,,,
11145,1,1;2;3;4;5;6;7;8;9;10;11;12;13;14,6,,"27,880円",27880
11145,10,,8,,"5,700円",5700
11145,11,13;15,,,"9,100円",9100
11145,12,10,1;8,,"7,560円",7560
11145,13,,8,,"5,700円",5700
11145,14,,8,,"5,700円",5700
11145,2,13,,,"5,700円",5700
11145,3,,8,,"5,700円",5700
11145,4,,8,,"5,700円",5700
11145,5,13,,,"5,700円",5700
11145,6,,8,,"5,700円",5700
11145,7,,8,,"5,700円",5700
11145,8,9;10,8,,"9,110円",9110
11145,9,,8,,"5,700円",5700
11148,1,1;2;3;4;5;6;7;8;9;10;12;13;14,2;6;7,当院では初回にGBS検査実施,12860,12860
11148,2,13,,,3500,3500
11148,3,,10,,3500,3500
11148,4,,10,,0,0
11148,5,,10,,4000,4000
11148,6,,10,,4000,4000
11148,7,,10,,4000,4000
11148,8,,10,,4000,4000
11152,1,1;2;3;4;5;6;7;8;9;10;11;12;13,6,,"28,630円",28630
11152,10,,11,,"5,500円",5500
11152,11,9;10;13;15,1,,"20,470円",20470
11152,12,,1,,"5,500円",5500
11152,13,,1,,"5,500円",5500
11152,14,,1,,"5,500円",5500
11152,2,13,,,"15,210円",15210
11152,3,,,,"5,500円",5500
11152,4,9;10,,,"13,840円",13840
11152,5,,,,"5,500円",5500
11152,6,,,,"5,500円",5500
11152,7,10;13;14,,,"18,990円",18990
11152,8,,,,"5,500円",5500
11152,9,,,,"5,500円",5500
11154,1,13,,,5300,5300
11154,10,,,,3500,3500
11154,11,13;15,,,3500,3500
11154,12,,,,3500,3500
11154,13,,1,,5000,5000
11154,14,,1,,5000,5000
11154,2,1;2;3;4;5;6;7;8;9;10;11;12;13,6,,7760,7760
11154,3,,,,3500,3500
11154,4,,,,3500,3500
11154,5,13,,,3500,3500
11154,6,9;10,,,3500,3500
11154,7,14,,,3500,3500
11154,8,,,,3500,3500
11154,9,,,,3500,3500
11155,1,1;2;3;4;5;6;7;8;9;10;11;12;13;14,2;5;6,,"30,000円",30000
11155,10,15,1;8,,"15,000円",15000
11155,11,13,1;8,,"13,000円",13000
11155,12,,1;8,,"13,000円",13000
11155,13,,1;8,,"13,000円",13000
11155,14,,1;8,,"13,000円",13000
11155,2,13,9,,"9,000円",9000
11155,3,,8,,"9,000円",9000
11155,4,,8,,"9,000円",9000
11155,5,9;10;13,2;3;4;8;9,,"23,000円",23000
11155,6,,8,,"9,000円",9000
11155,7,,8,,"9,000円",9000
11155,8,,8;9,,"9,000円",9000
11155,9,,2;8,,"11,000円",11000
11159,1,1;2;3;4;5;6;7;8;9;10;11;12,2;10,,"23,630円",23630
11159,10,,10,,"5,760円",5760
11159,11,13;15,10,,"13,740円",13740
11159,12,10,10,,"7,570円",7570
11159,13,,1;10,,"5,760円",5760
11159,14,,1;10,,"5,760円",5760
11159,2,13,10,,"11,060円",11060
11159,3,13,10,,"11,060円",11060
11159,4,14,10,,"7,220円",7220
11159,5,,10,,"5,760円",5760
11159,6,,10,,"5,760円",5760
11159,7,13,10,,"11,060円",11060
11159,8,9;10,10,,"8,600円",8600
11159,9,,10,,"5,760円",5760
11163,1,1;2;3;4;5;6;7;8;9;10;11;12;13,6,,"25,230円",25230
11163,10,,10,,"5,000円",5000
11163,11,10;13;15,1;10,,"12,570円",12570
11163,12,,,,"5,000円",5000
11163,13,,,,"5,000円",5000
11163,2,,10,,"5,000円",5000
11163,3,,10,,"5,000円",5000
11163,4,13,10,,"6,310円",6310
11163,5,9;10,10,,"4,940円",4940
11163,6,,10,,"5,000円",5000
11163,7,13;14,10,心電図検査,"11,090円",11090
11163,8,,10,,"5,000円",5000
11163,9,,10,,"5,000円",5000
11164,1,12;14,,,,
11164,10,,8,当ｸﾘﾆｯｸではABO血液検査は34週頃にも実施している。,,
11164,11,10;13,1;2;3;8,,,
11164,12,,1;8,,,
11164,13,,1;8,,,
11164,14,,1;8,,,
11164,2,1;2;3;4;5;6;7;8;9;10;13,6;8;11,,,
11164,3,,8,,,
11164,4,13,8,,,
11164,5,9;10;11,4;8,当ｸﾘﾆｯｸでは超音波検査は30週までに5回実施します。,,
11164,6,,8,超音波検査30週以降出産になるまで毎回実施します。,,
11164,7,,8;11,当ｸﾘﾆｯｸでは決算検査は表に記した回数以外必要に応じ実施します,,
11164,8,13,8,当ｸﾘﾆｯｸではHTLVー1抗体検査は30週までに2回実施します。,,
11164,9,,8,,,
11166,1,1;2;3;4;5;6;7;8;9;10;11;12;13,2,,,
11166,10,,8,,,
11166,11,15,8,,,
11166,12,10;13,1;2,,,
11166,13,,1;8,,,
11166,14,,1;8,,,
11166,2,,8,,,
11166,3,13;14,9;10,,,
11166,4,,8,,,
11166,5,,8,,,
11166,7,9;10;13,2;9,,,
11166,8,,8,,,
11166,9,,8,,,
11167,1,1;2;4;5;6;7;8;9;10;11;12;13;14,6,間接クームス,"34,860円",34860
11167,10,,8;9;10;11,,"13,600円",13600
11167,11,10;13;15,1;11,,"17,600円",17600
11167,12,,1;8;11,,"9,600円",9600
11167,13,,1;8;11,,"9,600円",9600
11167,14,,1;8;11,,"9,600円",9600
11167,2,,8;11,,"7,600円",7600
11167,3,,8;11,,"7,600円",7600
11167,4,13,9;10;11,,"12,800円",12800
11167,5,9;10,8;11,,"10,400円",10400
11167,6,,8;9;10;11,,"13,600円",13600
11167,7,,8;11,,"7,600円",7600
11167,8,13,11,,"7,600円",7600
11167,9,,8;11,,"7,600円",7600
11168,1,1;2;3;4;5;6;7;8;9;10;12;13,6;9,,"16,560円",16560
11168,10,,8;9;10,,"6,500円",6500
11168,11,10;13;15,9;10,,"6,500円",6500
11168,12,,1;8;9;10,,"8,500円",8500
11168,13,,8;9;10,,"6,500円",6500
11168,14,,8;9;10,,"6,500円",6500
11168,2,,8;9,,"6,500円",6500
11168,3,,8;9;10,,"6,500円",6500
11168,4,13,9;10,,"6,500円",6500
11168,5,,8;9;10,,"6,500円",6500
11168,6,9;10;11;13;14,2;9;10,,"14,670円",14670
11168,7,,8;9;10,,"6,500円",6500
11168,8,,8;9;10,,"6,500円",6500
11168,9,,8;9;10,,"6,500円",6500
11170,1,1;2;3;4;5;6;7;8;9;10;11;12;13,6;7;10,,"17,410円",17410
11170,10,,8;10,,"5,830円",5830
11170,11,10;13;15,8;10;11,分娩について、聴覚検査について、先天性代謝異常検査について,"12,020円",12020
11170,12,,1;8;10,,"5,830円",5830
11170,13,,1;8;10,,"5,830円",5830
11170,14,,1;8;10,,"5,830円",5830
11170,2,13,10,,"6,360円",6360
11170,3,,8;10,,"6,360円",6360
11170,4,,9;10,,"8,310円",8310
11170,5,9,8;10,,"6,360円",6360
11170,6,,8;10;11,胎動チェック、胎盤早期剥離について、入院準備について,"6,360円",6360
11170,7,14,8;10,,"11,470円",11470
11170,8,13,9;10,,"5,830円",5830
11170,9,,8;10,,"6,360円",6360
11177,1,1;2;4;5;6;7;8;9;10;11;12;13,,,,
11177,10,15,,,,
11177,11,10;13,1,,1000,1000
11177,12,,1,,1000,1000
11177,13,,1,,1000,1000
11177,14,,1,,1000,1000
11177,3,13,,,,
11177,5,9;10;13;14,,,,
11177,7,,,当院では不規則抗体検査は28週頃に実施している。,3030,3030
11178,1,1;2;3;4;5;6;7;8;9;10;11;12;13,,,"17,410円",17410
11178,10,,8,,"5,830円",5830
11178,11,10;13;15,,,"12,020円",12020
11178,12,,8,,"5,830円",5830
11178,13,,8,,"5,830円",5830
11178,14,,8,,"5,830円",5830
11178,2,13,,,"6,360円",6360
11178,3,,8,,"6,360円",6360
11178,4,,8;9,,"8,310円",8310
11178,5,9;13,,,"6,360円",6360
11178,6,,8,,"6,360円",6360
11178,7,10;14,8,,"11,470円",11470
11178,8,,8,,"5,830円",5830
11178,9,,8,,"6,360円",6360
11182,1,1;2;3;4;5;6;7;8;9;10;11;12;13;14,6;10,,"1,800円",1800
11182,10,,8;10,,0円,0
11182,11,10;13;15,1;10,,630円,630
11182,12,,1;8;10,,630円,630
11182,13,,1;8;10,,630円,630
11182,14,,1;8;10,,630円,630
11182,2,,8;10,,0円,0
11182,3,,8;10,,0円,0
11182,4,13,10,,0円,0
11182,5,9;10;13,10,,0円,0
11182,6,,8;10,,0円,0
11182,7,,8;10,,0円,0
11182,8,,8;10,,0円,0
11182,9,10,8;10,,0円,0
11188,1,1;2;3;4;5;6;7;8;9;10;11;12;13;14,2;6,細菌培養同定検査,34830,34830
11188,10,13,10,,6150,6150
11188,11,10;15;13,8;10;11,性器クラミジア検査,19560,19560
11188,12,,1;8;10,,8250,8250
11188,13,,1;8;10,,8250,8250
11188,14,,1;8;10,,8250,8250
11188,2,13,11,,6150,6150
11188,3,,8;10,,6150,6150
11188,4,,8;10,,6150,6150
11188,5,10,4;8;10;11,,10200,10200
11188,6,,8;10,,6150,6150
11188,7,,8;10,,6150,6150
11188,8,,8;10,,6150,6150
11188,9,,8;10,,6150,6150
11189,1,1;2;3;4;5;6;7;8;9;10;12;14,2;5;6,,"42,940円",42940
11189,10,,,,"15,280円",15280
11189,11,10;13;15,1;2;3,34週～36週の間に血液型及び不規則抗体検査を行う,"19,420円",19420
11189,12,,1,,"15,280円",15280
11189,13,,1,,"15,280円",15280
11189,14,,1,,"15,280円",15280
11189,2,,,,"5,280円",5280
11189,3,,,,"5,280円",5280
11189,4,13,,,"22,280円",22280
11189,5,9;10;11,2;4,,"25,460円",25460
11189,6,,,,"5,280円",5280
11189,7,,,,"5,280円",5280
11189,8,13,,,"30,280円",30280
11189,9,,,,"15,280円",15280
11191,1,1;2;3;4;5;6;7;8;9;10;12;13,,,25430,25430
11191,10,,1;8,,5790,5790
11191,11,10;13,1,,15830,15830
11191,12,,1;8,,6050,6050
11191,13,,1;8,,6050,6050
11191,14,,1;8,,6050,6050
11191,2,14,8,,9050,9050
11191,3,13,11,血算検査,11090,11090
11191,4,,8,,5270,5270
11191,5,,8,,8680,8680
11191,6,,8,,5790,5790
11191,7,9;10;11;13,3,,12680,12680
11191,8,,8,,5270,5270
11191,9,15,8,,5790,5790
11193,1,1;2;3;4;5;6;7;9;10;11;12;13;14,2;3;5;6,,"34,500円",34500
11193,10,9,2;3;8;10,B群溶血性レンサ球菌(GBS)検査,"18,500円",18500
11193,11,,8;10,,"9,500円",9500
11193,12,,8;10,,"9,500円",9500
11193,13,,8;10,,"9,500円",9500
11193,14,,8;10,,"9,500円",9500
11193,2,8;13,,,"9,500円",9500
11193,3,13,10,,"9,500円",9500
11193,4,13,4;10,,"12,500円",12500
11193,5,,8;10,,"9,500円",9500
11193,6,10,8;10,,"14,500円",14500
11193,7,15,8;10,,"9,500円",9500
11193,8,,8;10,,"9,500円",9500
11193,9,,8;10,,"9,500円",9500
11194,1,1;2;3;4;5;7;8;9;10;11;12;13,,,"1,000円",1000
11194,10,13,,,"1,500円",1500
11194,11,10;13;15,,,0円,0
11194,12,13,,,0円,0
11194,13,13,,,"1,500円",1500
11194,14,13,,,"1,500円",1500
11194,2,13,,,"1,500円",1500
11194,3,13,,,"1,500円",1500
11194,4,9;13,,,"1,500円",1500
11194,5,13,,,"1,500円",1500
11194,6,13,,,0円,0
11194,7,10;13;14,,,0円,0
11194,8,13,,,"1,500円",1500
11194,9,13,,,0円,0
11195,1,1;2;3;4;5;6;7;8;9;10;12;13;14,,,,
11195,2,13,,,,
11197,1,1;2;3;4;5;6;7;8;9;10;11;12;13,,,,
11197,10,13,,,,
11197,11,10,,,,
11197,13,13,,,,
11197,2,14,,,,
11197,4,13,,,,
11197,7,9;10;13,,,,
11197,9,15,,,,
11198,1,1;2;3;4;5;6;7;8;9;10;11;12;13;14,6,,"26,660円",26660
11198,10,9;15,1;2,"肝機能検査
貧血検査","5,780円",5780
11198,11,,1,,"11,440円",11440
11198,12,13,1,,"10,560円",10560
11198,13,,1,,"5,780円",5780
11198,14,,1,,"5,780円",5780
11198,2,,,,"5,780円",5780
11198,3,,,,"5,780円",5780
11198,4,13,,"血糖検査
血算検査","10,560円",10560
11198,5,,,,"5,780円",5780
11198,6,,,,"9,190円",9190
11198,7,,,,"5,780円",5780
11198,8,13,,貧血検査　（再検）,"13,940円",13940
11198,9,,,,"5,780円",5780
11199,1,1;2;3;4;5;6;7;8;9;10;12;13,2;6;11,,,
11199,10,15,9;10;11,,,
11199,11,10;13,2;9;10,,,
11199,12,,9;10,,,
11199,13,,9;10,,,
11199,14,,9;10,,,
11199,2,,9,,,
11199,3,,9;10,,,
11199,4,13,9;10,,,
11199,5,,9;10,,,
11199,6,11,9;10;11,,,
11199,7,13;14,9;10,,,
11199,8,9;10,9;10;11,,,
11199,9,,9;10,,,
11200,1,1;2;3;4;5;6;7;8;9;10;11;12;13,3;6;9;10,性器クラミジア検査、B群溶血性レンサ球菌(GBS)検査,,
11200,10,,9,心電図、血糖検査、血算検査,,
11200,11,15,9,,,
11200,12,13,9,,,
11200,13,,1;9,,,
11200,14,,9,,,
11200,2,,9,,,
11200,3,,9,,,
11200,4,13,9,,,
11200,5,9;10,9,,,
11200,6,,9,,,
11200,7,,9,,,
11200,8,13;14,3;9,血糖検査、血算検査,,
11200,9,,9,,,
11204,1,1;2;3;4;5;6;7;8;9;10;12;13,,,,
11204,10,15,,,,
11204,11,,1,,,
11204,12,10;13,1,,,
11204,13,,1,,,
11204,4,13,,,,
11204,8,9;10;11;13;14,,,,
11205,1,1;2;3;4;5;6;7;8;9;10;11;12,6;9;11,,"27,500円",27500
11205,10,15,9,,"7,500円",7500
11205,11,10;13,9;11,,"7,500円",7500
11205,12,,1;9,,"9,500円",9500
11205,13,,1;9,,"9,500円",9500
11205,14,,1;9,,"9,500円",9500
11205,2,,8;9,,"12,500円",12500
11205,3,13,9,,"9,500円",9500
11205,4,13,9,当院では血算血糖検査を20週でも施行している,"9,500円",9500
11205,5,,9,,"9,500円",9500
11205,6,,9,,"9,500円",9500
11205,7,,9;11,,"7,500円",7500
11205,8,13;14,9,,"14,000円",14000
11205,9,9;10,9,,"8,000円",8000
11211,1,1;2;3;4;5;6;7;8;9;10;11;12;13,,,25660,25660
11211,10,,10,,7780,7780
11211,11,10;13;15,10,,13740,13740
11211,12,,10,,7780,7780
11211,13,,10,,7780,7780
11211,14,,10,,7780,7780
11211,2,,,,7780,7780
11211,3,13,,,7780,7780
11211,4,,,,7780,7780
11211,5,13,10,,7780,7780
11211,6,9;10;14,10,,14970,14970
11211,7,,10,,7780,7780
11211,8,,10,,7780,7780
11211,9,,10,,7780,7780
11212,1,1;2;3;4;5;6;7;8;9;10;12,3;5;6,,"44,900円",44900
11212,10,15,,,"8,000円",8000
11212,11,13,,,"10,300円",10300
11212,12,,,,"5,000円",5000
11212,13,,,,"5,000円",5000
11212,14,,,,"5,000円",5000
11212,2,13,,,"10,300円",10300
11212,3,,,,"5,000円",5000
11212,4,13,,,"10,300円",10300
11212,5,14,,,"15,300円",15300
11212,6,9;10;11,3;6,,"15,500円",15500
11212,7,,8,,"10,300円",10300
11212,8,,,,"5,000円",5000
11212,9,13,,,"10,300円",10300
11215,1,1;2;3;4;5;6;7;8;9;10;11;12;13,6,,"27,590円",27590
11215,10,15,,,"9,400円",9400
11215,11,,,,"6,000円",6000
11215,12,10;13,1,,"11,590円",11590
11215,13,,1,,"8,100円",8100
11215,14,,1,,"8,100円",8100
11215,2,,,,"6,000円",6000
11215,3,,,,"6,000円",6000
11215,4,13;14,,淋菌検査,"13,190円",13190
11215,5,10,,,"7,900円",7900
11215,6,,4,,"8,210円",8210
11215,7,,,,"7,590円",7590
11215,8,13,,,"6,000円",6000
11215,9,,,,"6,000円",6000
11216,1,1;2;3;4;5;6;7;8;9;10;11;12;14,8,,0,0
11216,10,,8,,0,0
11216,11,15;13,8,,0,0
11216,12,13,,,0,0
11216,13,10,1;8,当院ではＮＳＴは38週以降毎回実施（妊婦健診受診票あり）,0,0
11216,14,,1;8,,0,0
11216,2,,8,,0,0
11216,3,13,,,0,0
11216,4,13,,,0,0
11216,5,,8,,0,0
11216,6,,4;8,糖負荷試験は秋田県では必須項目となっています（妊婦健診受診票あり）,0,0
11216,7,13,8,,0,0
11216,8,3;10,8,,0,0
11216,9,13,,,0,0
11218,1,1;2;3;4;5;6;7;8;9;10;12,8;11;9,,"20,880円",20880
11218,10,13,9,,"6,010円",6010
11218,11,10;15,8;9,,"7,870円",7870
11218,12,13,1;9,,"6,010円",6010
11218,13,,8;9,,"6,010円",6010
11218,14,,1;8;9,7,"6,010円",6010
11218,2,13,11;9,,"6,010円",6010
11218,3,,8;9,,"6,010円",6010
11218,4,13,9,,"6,010円",6010
11218,5,,8;9,,"6,010円",6010
11218,6,9;10;11,8;9,,"12,450円",12450
11218,7,9;10;11,8;11;9,,"6,010円",6010
11218,8,14,9,,"11,830円",11830
11218,9,,8;11;9,,"6,010円",6010
11225,1,8;9,8;11,,"6,500円",6500
11225,10,15,8;10;11,,"14,500円",14500
11225,11,10;13,10,,"8,500円",8500
11225,12,,1;8;10,,"8,500円",8500
11225,13,,1;8;10,,"8,500円",8500
11225,14,,1;8;10,,"8,500円",8500
11225,2,1;2;3;4;5;6;7;10;11;12;13;14,10;11,,"40,990円",40990
11225,3,,8;10,,"6,500円",6500
11225,4,13,9;10,,"6,500円",6500
11225,5,9;10,8;10;11,,"10,700円",10700
11225,6,,8;10,,"6,500円",6500
11225,7,,8;10,,"6,500円",6500
11225,8,13,9;10,,"6,500円",6500
11225,9,,8;10,,"6,500円",6500
11227,1,1;2;3;4;5;6;7;8;9;10;11;12;13;14,2;5;6;7,,"30,800円",30800
11227,10,,,,"5,500円",5500
11227,11,10;13;15,1;3,,"15,800円",15800
11227,12,,1,,"7,500円",7500
11227,13,,1,,"7,500円",7500
11227,14,,,,"5,500円",5500
11227,2,,8,,"5,500円",5500
11227,3,13,,,"8,500円",8500
11227,4,,,,"5,500円",5500
11227,5,9;13,4,,"15,400円",15400
11227,6,,,,"5,500円",5500
11227,7,,,,"5,500円",5500
11227,8,10,8,,"7,100円",7100
11227,9,,,,"5,500円",5500
11228,1,1;2;3;4;5;6;7;8;9;10;11;12;13;14,6,腟分泌物培養検査,,
11228,10,,8,,,
11228,11,13;15,1,,,
11228,12,,1;8,,,
11228,13,,1;8,,,
11228,14,,1;8,,,
11228,3,13,,,,
11228,4,,8,,,
11228,5,10,4;8,,,
11228,6,13,,腟分泌物培養検査,,
11228,7,,8,,,
11228,8,,8,,,
11228,9,,8,,,
11230,1,1;2;3;4;5;6;7;8;9;10;11;12;13;14,2;6,,30010,30010
11230,10,13,8,,7000,7000
11230,11,15;13,1;8,,11000,11000
11230,12,13,1;8,,10000,10000
11230,13,13,1;8,,10000,10000
11230,14,13,1;8,,10000,10000
11230,2,13,,,6000,6000
11230,3,13,,,6000,6000
11230,4,13,9,,10000,10000
11230,5,13,8;9,,10000,10000
11230,6,13,8,,7000,7000
11230,7,9;10;13,8,,10000,10000
11230,8,13,8,,7000,7000
11230,9,13,8,,7000,7000
11231,1,13,10,,"8,000円",8000
11231,10,,,,"6,000円",6000
11231,11,10;13;15,1,,"8,700円",8700
11231,12,,1,,"6,000円",6000
11231,13,,1,,"6,000円",6000
11231,14,,1,,"6,000円",6000
11231,2,1;2;3;4;5;6;7;8;9;10;11;12;14,,,"6,000円",6000
11231,3,,,,"6,000円",6000
11231,4,13,10,,"6,000円",6000
11231,5,9,,,"6,000円",6000
11231,6,,,,"6,000円",6000
11231,7,,,,"6,000円",6000
11231,8,10;13,10,,"6,000円",6000
11231,9,,,,"6,000円",6000
11232,1,1;2;3;4;5;6;7;8;9;10;11;12;13;14,6;8,当院初回にもGBS検査を実施している。,,
11232,10,15,8,,,
11232,11,,1;8,,,
11232,12,10;13,1,,,
11232,13,,1;8,,,
11232,14,,1;8,,,
11232,2,,8,,,
11232,3,,8,,,
11232,4,13,,,,
11232,5,,8,,,
11232,6,10,8,,,
11232,7,,8,,,
11232,8,9;13,4,,,
11232,9,,8,,,
11233,1,1;2;3;4;5;6;7;8;9;10;12;13,9;11,,"25,180円",25180
11233,10,15,9;11,,"5,780円",5780
11233,11,10;13,9,,"16,340円",16340
11233,12,,9,,"5,780円",5780
11233,13,,1;9,,"5,780円",5780
11233,14,,1;9,,"5,780円",5780
11233,2,,9,,"5,780円",5780
11233,3,,9,,"5,780円",5780
11233,4,13,9,,"11,080円",11080
11233,5,,9,,"5,780円",5780
11233,6,,9,,"5,780円",5780
11233,7,9;10;11;13;14,9,,"20,040円",20040
11233,8,,9,,"5,780円",5780
11233,9,,9,,"5,780円",5780
11235,1,1;2;3;4;5;6;7;8;9;10;11;12;13,9,,"17,450円",17450
11235,10,,9,,"5,830円",5830
11235,11,10;13;15,1;9,,"13,520円",13520
11235,12,,1;9,,"7,330円",7330
11235,13,,1;9,,"7,330円",7330
11235,14,,1;9,,"7,330円",7330
11235,2,,9,,"6,360円",6360
11235,3,,9,,"6,360円",6360
11235,4,9;13,9,,"8,310円",8310
11235,5,,9,,"6,360円",6360
11235,6,,9,,"6,360円",6360
11235,7,10;13;14,9,,"11,470円",11470
11235,8,,9,,"5,830円",5830
11235,9,,1;9,,"7,860円",7860
11236,1,1;2;3;4;5;6;7;8;9;10,9,,"22,860円",22860
11236,10,,10;11,,"7,000円",7000
11236,11,10;13;15,1;10,,"13,150円",13150
11236,12,,1;10,,"8,000円",8000
11236,13,,1;10,,"8,000円",8000
11236,14,,1;10,,"8,000円",8000
11236,2,13,10,,"9,390円",9390
11236,3,,10,,"7,000円",7000
11236,4,13,10,,"9,390円",9390
11236,5,,10,,"7,000円",7000
11236,6,9;10;11;13,10,,"12,800円",12800
11236,7,,10,,"7,000円",7000
11236,8,,10,,"7,000円",7000
11236,9,,10,,"7,000円",7000
11238,1,1;2;3;4;5;6;7;8;9;10;11;12;14,,,"22,360円",22360
11238,10,15,10,,"7,820円",7820
11238,11,10,1;10,,"6,750円",6750
11238,12,13,,,"8,990円",8990
11238,13,,10,,"5,060円",5060
11238,14,,10,,"5,060円",5060
11238,2,,,,"5,060円",5060
11238,3,13,,,"8,990円",8990
11238,4,13,,,"8,990円",8990
11238,5,,10,,"5,060円",5060
11238,6,13,,,"8,990円",8990
11238,7,,10,,"5,060円",5060
11238,8,9;10,10,,"8,000円",8000
11238,9,,10,,"5,060円",5060
11240,1,1;2;3;4;5;6;7;8;9;10;11;12;13,2;7,風疹・トキソプラズマ検査・子宮頸がん検査は母子手帳交付前,"26,170円",26170
11240,10,,,,"5,000円",5000
11240,11,10,1;2;8;9;11,,"11,510円",11510
11240,12,,1;11,,"5,000円",5000
11240,13,13,1,,"10,300円",10300
11240,14,,1,,"5,000円",5000
11240,2,,9;11,,"5,000円",5000
11240,3,,11,,"5,000円",5000
11240,4,13,9;10,,"10,300円",10300
11240,5,,11,,"5,000円",5000
11240,6,,4,,"11,300円",11300
11240,7,10,11,,"5,760円",5760
11240,8,,11,,"5,000円",5000
11240,9,13;15,9,B群溶連菌とクラミジア検査と心電図検査は32週頃に実施,"17,950円",17950
11241,1,1;2;3;4;5;6;7;8;9;10;11,,スメア:初診時　　　　　BV:GS確認後,,
11241,11,15,,,,
11241,12,10,1,,"2,000円",2000
11241,14,,1,,"2,000円",2000
11241,4,14,,,,
11241,5,9,,,,
11241,8,10,,,,
11243,1,12;13;14,,,"14,280円",14280
11243,10,,,,"8,800円",8800
11243,11,10;15,3,,"16,500円",16500
11243,12,,,,"8,800円",8800
11243,13,,1,,"11,950円",11950
11243,14,,,,"8,800円",8800
11243,2,1;2;3;4;5;6;7;8;9;10;11;13,2,,"29,260円",29260
11243,3,13,,,"13,500円",13500
11243,4,,,,"8,800円",8800
11243,5,,9,妊娠24週前後で超音波精査外来を行っています,"18,800円",18800
11243,6,9;10;13,,,"13,920円",13920
11243,7,,,,"8,800円",8800
11243,8,,,,"8,800円",8800
11243,9,,,,"8,800円",8800
11246,1,1;2;3;4;5;6;7;8;9;10;11;12;13,,,"26,190円",26190
11246,10,15,9;10,,"8,880円",8880
11246,11,13,,,"11,720円",11720
11246,12,10,1;9;10,,"6,580円",6580
11246,13,,9;10,,"5,080円",5080
11246,14,,1;9;10,,"6,580円",6580
11246,2,,9,,"5,080円",5080
11246,3,,9,,"5,080円",5080
11246,4,13,,,"5,080円",5080
11246,5,,9;10,,"5,080円",5080
11246,6,,9;10,,"5,080円",5080
11246,7,9;10;13;14,,,"17,050円",17050
11246,8,,9;10,,"5,080円",5080
11246,9,,9;10,,"5,080円",5080
11247,1,1;2;3;4;5;6;7;8;9;10;11;12;13;14,6;9,,,
11247,10,,1;9;10,,,
11247,11,10;13,1;9;10,,,
11247,12,,1;9;10,,,
11247,13,,1;9;10,,,
11247,14,,1;9;10,,,
11247,2,13,9;10,,,
11247,3,,9;10,,,
11247,4,,9;10,,,
11247,5,,9;10,,,
11247,6,13,9;10,,,
11247,7,9;10,9;10,,,
11247,8,,9;10,,,
11247,9,15,1;9;10,,,
11248,1,1;2;3;4;5;6;7;8;9;10;13,6,,"18,280円",18280
11248,10,,8;10,,"6,000円~7500円",6000
11248,11,10;13;15,1;10,性器クラミジア検査,"16,010円",16010
11248,12,,8;10,,"6,000円~7500円",6000
11248,13,,8;10,,"6,000円~7500円",6000
11248,14,,1;8;10,,"6,000円~7500円",6000
11248,2,12;14,8,GBS検査,"15,600円",15600
11248,3,,8;10,,"6,000円~7500円",6000
11248,4,13,10,,"6,000円~7500円",6000
11248,5,,8;10,,"6,000円~7500円",6000
11248,6,,8;10,,"6,000円~7500円",6000
11248,7,9;10;11;13,10,,"12,540円",12540
11248,8,,8;10,,"6,000円~7500円",6000
11248,9,,8;10,,"6,000円~7500円",6000
11249,1,1;2;3;4;5;6;7;8;9;10;11;12;13,6,,"27,420円",27420
11249,10,,,,"5,780円",5780
11249,11,10;15,,当院では36週頃に梅毒血性反応を再度実施,"13,620円",13620
11249,12,13,1,,"12,060円",12060
11249,13,,,,"5,780円",5780
11249,14,,,,"5,780円",5780
11249,2,,,,"5,780円",5780
11249,3,,,,"5,780円",5780
11249,4,13,,,"10,560円",10560
11249,5,,,,"5,780円",5780
11249,6,10,4,,"9,450円",9450
11249,7,,,,"5,780円",5780
11249,8,13;14,,,"14,110円",14110
11249,9,,,,"5,780円",5780
11250,1,1;2;3;4;5;6;7;8;9;10;12;13,9;10,,25160,25160
11250,10,,9;10,,5760,5760
11250,11,10;13;15,1;9;10,,16190,16190
11250,12,,1;9;10,,6760,6760
11250,13,,1;9;10,,6760,6760
11250,14,,1;9;10,,6760,6760
11250,2,,9;10,,5760,5760
11250,3,,9;10,,5760,5760
11250,4,13,9;10,,11060,11060
11250,5,,9;10,,5760,5760
11250,6,,9;10,,5760,5760
11250,7,9;10;11;13;14,9;10,,20040,20040
11250,8,9;10;11,9;10,,5760,5760
11250,9,,9;10,,5760,5760
11253,1,12;13;14;15,,,"15,000円",15000
11253,10,,8;10,,"5,000円",5000
11253,11,9;10;13,1;2;4;8;10,,"12,000円",12000
11253,12,13;15,8;10,,"9,000円",9000
11253,13,,8;10,,"5,000円",5000
11253,14,,1;8;10,,"5,000円",5000
11253,2,1;2;3;4;5;6;7;8;9;10;11;13,2;3;4;5;6;8;9;10,,"23,000円",23000
11253,3,,8;10;11,,"5,000円",5000
11253,4,,8;10,,"5,000円",5000
11253,5,,8;10,,"5,000円",5000
11253,6,9;10;13,2;4;8;10,,"8,000円",8000
11253,7,,8;10,,"5,000円",5000
11253,8,,8;10,,"5,000円",5000
11253,9,,8;10;11,,"5,000円",5000
11254,1,1;2;3;4;5;6;7;8;9;10;13,6;10,,,
11254,10,,10;11,,,
11254,11,10;15,10,,,
11254,12,,1;10,,,
11254,13,,10,,,
11254,14,,10,,,
11254,2,14,10;11,,,
11254,3,,10,,,
11254,4,13,9;10;11,,,
11254,5,,10,,,
11254,6,10;11,4;10;11,,,
11254,7,13,10,,,
11254,8,,9;10,,,
11254,9,13,10,,,
11255,1,1;2;3;4;5;6;7;8;9;10;12;13,11,,"21,280円",21280
11255,10,15,8;11,,"11,450円",11450
11255,11,,8;11,,"7,460円",7460
11255,12,10;13,1;11,,"13,220円",13220
11255,13,,8;11,,"7,460円",7460
11255,14,,8;11,,"7,460円",7460
11255,2,,8;11,,"7,460円",7460
11255,3,,2;8;11,,"7,460円",7460
11255,4,13,11,,"9,240円",9240
11255,5,,8;11,,"7,460円",7460
11255,6,,8;11,,"7,460円",7460
11255,7,,8;11,,"7,460円",7460
11255,8,9;10;11;13;14,11,淋菌,"22,220円",22220
11255,9,,8;11,,"7,460円",7460
11258,1,1;2;3;4;5;6;7;8;9;10;11;12;13,6;8,淋菌,,
11258,10,,8,後期母親学級,,
11258,11,10;13;15,1;8;11,,,
11258,12,,1;8,,,
11258,13,,1;8,,,
11258,14,,1;8,,,
11258,2,,8;9,,,
11258,3,,8,,,
11258,4,13,8,膣内細菌培養,,
11258,5,9;10,2;4;8,,,
11258,6,13,8;9;11,,,
11258,7,14,8,,,
11258,8,,8,,,
11258,9,,8,,,
11263,1,,8,,5780,5780
11263,10,,8,,5780,5780
11263,11,10;13;15,,,16340,16340
11263,12,,1;8,,5780,5780
11263,13,,8,,5780,5780
11263,14,,8,,5780,5780
11263,2,1;2;3;4;5;6;7;8;9;10;12;13,,麻疹,25180,25180
11263,3,,8,,5780,5780
11263,4,13,,,11080,11080
11263,5,,8,,5780,5780
11263,6,,8,,5780,5780
11263,7,,8,,5780,5780
11263,8,9;10;11;13;14,,,20040,20040
11263,9,,8,,5780,5780
11266,1,1;2;3;4;5;6;7;8;9;10;12;13;14,6;10,,,
11266,10,,8;10,,,
11266,11,15,1;8;10,,,
11266,12,10;13,1;2;3;10,,,
11266,13,,1;8;10,,,
11266,14,,1;8;10,,,
11266,2,,8;10,,,
11266,3,,8;10,,,
11266,4,13,10,,,
11266,5,,8;10,,,
11266,6,,8;10,,,
11266,7,9;10;11,8;10,,,
11266,8,13;9;10;11;14,10,,,
11266,9,,8;10,,,
11268,1,,9,,,
11268,10,15,9;10;11,,,
11268,11,10,9;10;11,,,
11268,12,,9;10;11,,,
11268,13,,1;9;10,,,
11268,14,,1;9;10,,,
11268,2,1;2;3;4;5;6;7;8;9;10;12;14,6;9;10,,,
11268,3,,9;10,,,
11268,4,,9;10,,,
11268,5,,9;10,,,
11268,6,,9;10,,,
11268,7,9;10;11,9;10,,,
11268,8,,9;10,,,
11268,9,,9;10,,,
11270,1,1;2;3;4;5;6;7;8;9;10;12,2;6;7;10,,,
11270,10,,10,,,
11270,11,13;15,9;10,,,
11270,12,,1;10,,,
11270,13,,1;10,,,
11270,14,,1;10,,,
11270,2,13,9;10,,,
11270,3,,10,,,
11270,4,13;14,9;10,,,
11270,5,11,10,,,
11270,6,,9;10,,,
11270,7,13,10,,,
11270,8,,10,,,
11270,9,,10,,,
11272,1,1;2;3;4;5;6;7;9;10;11;12;13;14,2;3;5;6;7,,"29,040円",29040
11272,10,,,,"7,700円",7700
11272,11,15,,,"13,000円",13000
11272,12,10;13,,貧血、血糖、Hb A・C実施,"15,130円",15130
11272,13,,,,"7,700円",7700
11272,14,,,,"7,700円",7700
11272,2,,,,"7,000円",7000
11272,3,,,,"7,000円",7000
11272,4,13,,当院は20Wの時、胎児スクリーニング検査を実施,"15,560円",15560
11272,5,,,,"7,000円",7000
11272,6,9,,"希望者：梅毒検査500円
抗体価低値の方：風疹、麻疹、サイトロメガロ、水痘　各900円","13,290円",13290
11272,7,,,,"7,000円",7000
11272,8,10;13,,当院では尿の一般細菌培養検査を30W頃に実施,"14,000円",14000
11272,9,,,,"7,700円",7700
11274,1,1;2;3;4;5;6;7;8;9;10;11;12;13;14,,,31120,31120
11274,10,10;15,8,血算（後期血液検査）を34週で実施,10660,10660
11274,11,,8,,5000,5000
11274,12,13,,,10300,10300
11274,13,,1;8,,5000,5000
11274,14,,1;8,,5000,5000
11274,2,,8,,5000,5000
11274,3,,8,,5000,5000
11274,4,13,,,10300,10300
11274,5,,8,,5000,5000
11274,6,9;10,9,,8410,8410
11274,7,,8,,5000,5000
11274,8,13,,,10300,10300
11274,9,,8,,5000,5000
11277,1,1;2;3;4;5;6;7;8;9;10;12;13;14,6;7;10,,29027,29027
11277,10,13,,,8560,8560
11277,11,15,8;9,,7580,7580
11277,12,10,8;9,,7640,7640
11277,13,13,8,,8560,8560
11277,14,,8;1;9,,3780,3780
11277,2,13,9,,6380,6380
11277,3,13,9,,3780,3780
11277,4,13,,,8560,8560
11277,5,,9,,5780,5780
11277,6,,9,,3780,3780
11277,7,9;10;11,8;9,,10220,10220
11277,8,,9,,3780,3780
11277,9,,1;8;10;9,NST,5780,5780
11278,1,1;2;3;4;5;6;7;8;9;10;11;12;13,6;10,,"23,100円",23100
11278,10,15,8;10,,"8,600円",8600
11278,11,10,8;10,,"8,100円",8100
11278,12,13,1;10,,"7,100円",7100
11278,13,,1;8;10,,"7,100円",7100
11278,14,,1;8;10,,"7,100円",7100
11278,2,14,8;10,,"8,100円",8100
11278,3,,8;10,,"6,100円",6100
11278,4,13,10,,"6,100円",6100
11278,5,,4;8;10,,"8,000円",8000
11278,6,,8;10,,"6,100円",6100
11278,7,,8;10,,"6,100円",6100
11278,8,9;10;13,10,,"6,100円",6100
11278,9,,8;10,,"6,100円",6100
11280,1,1;2;3;4;5;6;7;8;9;10;12;13,2;7,,"28,280円",28280
11280,10,,,,"5,080円",5080
11280,11,10;13;15,1;2;3,,"18,940円",18940
11280,12,,1,,"7,580円",7580
11280,13,,1,,"7,580円",7580
11280,14,,1,,"7,580円",7580
11280,2,,,,"5,180円",5180
11280,3,,,,"5,180円",5180
11280,4,,,,"5,180円",5180
11280,5,,,,"5,180円",5180
11280,6,11;14,,,"5,180円",5180
11280,7,9;10;13,2,,"18,860円",18860
11280,8,,,,"5,180円",5180
11280,9,,,※当院では32週頃に超音波検査実施。（三重県妊婦健診項目表より,"7,610円",7610
11281,1,1;2;4;5;6;7;8;9;10;11;12;13;14,6,,"30,490円",30490
11281,10,,4,,"4,760円",4760
11281,11,10;15,,必要に応じて生化学検査あり,"4,760円",4760
11281,12,,,,"15,720円",15720
11281,13,,1,,"7,060円",7060
11281,14,,1,,"7,060円",7060
11281,2,,,,"10,060円",10060
11281,3,,,,"4,760円",4760
11281,4,,10,,"4,760円",4760
11281,5,,,,"10,060円",10060
11281,6,,,,"4,760円",4760
11281,7,9;10,4,必要に応じて生化学検査あり,"10,170円",10170
11281,8,,,,"4,760円",4760
11281,9,,,,"4,760円",4760
11282,1,1;2;3;4;5;6;7;8;9;10;11;12;13,,,21300,21300
11282,10,15,,,8470,8470
11282,11,,1,,8600,8600
11282,12,13,1,,13740,13740
11282,13,,1,,8600,8600
11282,14,,1,,8600,8600
11282,2,,,,6000,6000
11282,3,,,,6000,6000
11282,4,13,,,9260,9260
11282,5,,,,6000,6000
11282,6,,,,6000,6000
11282,7,,,,6000,6000
11282,8,9;10;13;14,,,19840,19840
11282,9,,,,6000,6000
11283,1,1;2;3;4;5;6;7;8;9;10;11;12;13;14,,,,
11283,10,13,,,,
11283,11,10;15,8,,,
11283,12,,8,,,
11283,13,,1,,,
11283,14,13,,,,
11283,2,,8,,,
11283,3,,8,,,
11283,4,13,,,,
11283,5,10,4;8,,,
11283,6,,8,,,
11283,7,,8,,,
11283,8,10,2;8,,,
11283,9,,8,,,
11285,1,1;2;3;4;5;6;7;8;9;10;12;13,6,,2060,2060
11285,10,,9;10,,,
11285,11,10;13;15,1;9;10,当院では、35週目頃に、B群・血算・NSTを実施している,7360,7360
11285,12,,1;9;10,,2100,2100
11285,13,,1;9;10,,2100,2100
11285,14,,1;9;10,,2100,2100
11285,2,,9;10,,,
11285,3,13,9;10,,,
11285,4,,9;10,,,
11285,5,,9;10,,,
11285,6,9;10;11;13;14,9;10,,4150,4150
11285,7,,9;10,,,
11285,8,,9;10,,,
11285,9,,9;10,,,
11286,1,1;2;3;4;5;6;7;8;9;10;12;13;14,2;8,自治体によって異なりますので金額は省略させていただきます。,,
11286,10,,8,,,
11286,11,15,8,,,
11286,12,,8,,,
11286,13,,1;8,,,
11286,14,,1;8,,,
11286,2,,8,3D4Dは有料オプションとして施行。,,
11286,3,,8,胎児形態学的精査は胎児の位置によるので健診時に可能胎位なら施行。,,
11286,4,,8,,,
11286,5,9;11,8,,,
11286,6,,8,,,
11286,7,,8,,,
11286,8,,8,膣培として培養施行,,
11286,9,,8,,,
11289,1,1;2;3;4;5;6;7;8;9;10;12;13,,,"30,560円",30560
11289,10,,10,,"5,000円",5000
11289,11,10;13;15,10,,"13,700円",13700
11289,12,,1;10,,"10,410円",10410
11289,13,,1;10,,"7,000円",7000
11289,14,,1;10,その後も分娩まで週1回実施している。,"7,000円",7000
11289,2,,10,,"5,000円",5000
11289,3,,10,,"5,000円",5000
11289,4,13;14,10,,"14,080円",14080
11289,5,10;11,4;10,,"13,860円",13860
11289,6,,10,,"5,000円",5000
11289,7,,9;10,,"10,300円",10300
11289,8,,10,,"5,000円",5000
11289,9,13,10,,"10,300円",10300
11290,1,13,,,0円,0
11290,10,,8,,"3,000円",3000
11290,11,10;15,1;8,,"3,000円",3000
11290,12,,8,,"3,000円",3000
11290,13,,8,,"3,000円",3000
11290,14,,,,"3,000円",3000
11290,2,1;2;3;4;5;6;7;8;9;10;11;12;14,6;7;8,,"3,000円",3000
11290,3,,8,,"3,000円",3000
11290,4,13,,,0円,0
11290,5,13,4,,0円,0
11290,6,,8,,"3,000円",3000
11290,7,,8;10,,"3,000円",3000
11290,8,10;13,10,,0円,0
11290,9,,8;10,,"3,000円",3000
11294,1,1;2;3;4;5;6;7;8;9;10;11;12;13,6,,,
11294,10,,10,,,
11294,11,10;13,1;10,,,
11294,12,15,11,,,
11294,13,,10,,,
11294,14,,11,,,
11294,2,,10,,,
11294,3,,10,,,
11294,4,13,10,,,
11294,5,,10,,,
11294,6,9;10,11,,,
11294,7,,10,,,
11294,8,13;14,10,,,
11294,9,,11,,,
11297,1,1;2;3;4;5;6;7;8;9;10;11,2;5;6,,,
11297,10,,8,,,
11297,11,10;13;15,,,,
11297,12,,1;8,,,
11297,13,,1;8,,,
11297,14,,1;8,,,
11297,2,13,,,,
11297,3,,8,,,
11297,4,13,9,,,
11297,5,,8,,,
11297,6,,8,,,
11297,7,9;10,8,,,
11297,8,13,9,,,
11297,9,,8,,,
11298,1,,8;9;11,3D4Dエコーは可能であればほぼ毎回実施しています。,,
11298,10,,8;9,,,
11298,11,13;15,9;11,,,
11298,12,,1;8;9,,,
11298,13,,1;8;9,,,
11298,14,,1;8;9,,,
11298,2,1;2;3;4;5;6;7;8;9;10;12;13,9,,,
11298,3,,8;9,,,
11298,4,13,9,,,
11298,5,,8;9,,,
11298,6,,8;9,,,
11298,7,,8;9,,,
11298,8,10;11;13;14,4;9;11,性器クラミジア検査と併せて淋菌検査も実施,"2,200円",2200
11298,9,,8;9,,,
11306,1,1;2;3;4;5;6;7;8;9;10;12;13,,,"17,200円",17200
11306,10,,9;10,,"6,700円",6700
11306,11,10;13;15,1;9,,"13,900円",13900
11306,12,,1;9,,"7,900円",7900
11306,13,,1;9,,"7,900円",7900
11306,14,,1;9,,"7,900円",7900
11306,2,,9;10,,"6,700円",6700
11306,3,,9;10,,"6,700円",6700
11306,4,13,9;10,,"9,900円",9900
11306,5,9;10;11;14,9;10,,"10,900円",10900
11306,6,,9;10,,"6,700円",6700
11306,7,,9;10,,"6,700円",6700
11306,8,13,9;10,,"6,700円",6700
11306,9,,9;10,,"6,700円",6700
11307,1,1;2;3;4;5;6;7;8;9;10;11;12;13;14,6;10;11,,"26,880円",26880
11307,10,,10;11,,"5,780円",5780
11307,11,13;15,10;11,,"14,360円",14360
11307,12,10,1;10;11,,"7,640円",7640
11307,13,,1;10;11,,"5,780円",5780
11307,14,,1;10;11,,"5,780円",5780
11307,2,,10;11,,"6,380円",6380
11307,3,,10;11,,"5,780円",5780
11307,4,13,10;11,,"10,560円",10560
11307,5,,10;11,,"5,780円",5780
11307,6,,10;11,,"5,780円",5780
11307,7,,10;11,,"5,780円",5780
11307,8,9;13,10;11,,"13,970円",13970
11307,9,,10;11,,"5,780円",5780
11308,1,1;2;3;4;5;6;7;8;9;10;11;12;13;14,,,"26,100円",26100
11308,10,,10,,"7,000円",7000
11308,11,15,10,,"10,960円",10960
11308,12,,1;10,,"9,000円",9000
11308,13,,1;10,,"9,000円",9000
11308,14,,1;10,,"9,000円",9000
11308,2,,10,,"7,000円",7000
11308,3,,10;11,,"8,000円",8000
11308,4,,10,,"7,000円",7000
11308,5,9;10,4;10,,"17,250円",17250
11308,6,,10;11,,"8,000円",8000
11308,7,,10,,"7,000円",7000
11308,8,,10,,"7,000円",7000
11308,9,10,10,,"8,650円",8650
11309,1,1;2;3;4;5;6;7;8;9;10;11;12;13;14,6,,25960,25960
11309,10,,10,当院では血算検査B群溶血性レンサ球36週で実施,5200,5200
11309,11,10;15,1;10,当院ではNST36週～毎回実施,10060,10060
11309,12,,1;10,,8200,8200
11309,13,,1;10,,7400,7400
11309,14,,1;10,,7400,7400
11309,2,13,,当院では膣内細菌検査を18週頃に実施,5200,5200
11309,3,,9;10,当院では13週以降4D超音波を毎回実施,19290,19290
11309,4,,10,当院では胎児超音波検査17～20週で実施,5200,5200
11309,5,,10,,5200,5200
11309,6,10,4;10,当院では血算検査50ｇGCT26週で実施,12170,12170
11309,7,,10,,5200,5200
11309,8,,10,,5200,5200
11309,9,,10,,5290,5290
11311,1,1;2;3;4;5;6;7;8;9;10;11;12;13;14,2;3;6;7,,"5,130円",5130
11311,10,1;9;10;13;15,2;3,,"4,110円",4110
11311,11,,8;10,,,
11311,12,,1;8,,,
11311,13,,8,,,
11311,14,15,1;8,,"2,000円",2000
11311,2,,8;10,,,
11311,3,,8,,,
11311,4,13,10,,,
11311,5,9;10;13,4;9,,500円,500
11311,6,,8;10,,,
11311,7,,8,,,
11311,8,,8;10,,,
11311,9,,8;10,,,
11312,1,1;2;3;4;5;6;7;8;9;10;11;12;13,6;9,,20710,20710
11312,10,15,9,,6980,6980
11312,11,10;13,9,,10070,10070
11312,12,,9,,5080,5080
11312,13,,9,,5080,5080
11312,14,,9,,5080,5080
11312,2,,9,,5080,5080
11312,3,,9,,5080,5080
11312,4,13,9,,9860,9860
11312,5,,9,,5080,5080
11312,6,14,9,,6960,6960
11312,7,,9,,5080,5080
11312,8,9;10;13,9,,10180,10180
11312,9,,9,,5080,5080
11313,1,1;2;3;4;5;6;7;8;9;10;11;12;13,6,,22130,22130
11313,10,15,,,10570,10570
11313,11,10;13,1,,8300,8300
11313,12,,1,,5790,5790
11313,13,,1,,5790,5790
11313,14,,1,,5790,5790
11313,2,,,,5790,5790
11313,3,,,,10570,10570
11313,4,13,,,5790,5790
11313,5,,,22週頃にもGBS検査を実施します,5790,5790
11313,6,9,,,6300,6300
11313,7,13,4,対象者に糖負荷試験(50ｇ)を実施します　対象：家族歴あり/過度な体重増加/BMI高値/35歳以上など,10570,10570
11313,8,10;14,,,8280,8280
11313,9,,,,5790,5790
11314,1,1;2;3;4;5;6;7;8;11;12,,,,
11314,10,13;15,,,,
11314,11,10,,,,
11314,12,,1,,,
11314,13,,1,,,
11314,14,,1,,,
11314,3,13,9,,,
11314,5,13,,,,
11314,6,9,,,,
11314,7,13,9,,,
11314,8,10;14,,,,
11317,10,,9;10,,,
11317,11,10;15,2;3;9;10,2および3は無痛分娩および帝王切開の場合に実施,,
11317,12,,9;10,,,
11317,13,,9;10,,,
11317,14,,9;10,,,
11317,2,1;2;3;4;5;6;7;8;9;10;11;12,6;7;9;10,6および7は希望により実施,,
11317,3,,9;10,,,
11317,4,,9;10,,,
11317,5,9;10,9;10,,,
11317,6,,4;9;10,4は血糖検査で異常値の場合に実施,,
11317,7,14,9;10,,,
11317,8,,9;10,,,
11317,9,,9;10,,,
11319,1,1;2;3;4;5;6;7;8;9;10;11;12;13;14,9;11,,0,0
11319,10,,9;10,,0,0
11319,11,13;15,9;10;11,,0,0
11319,12,10,9;10;1,,0,0
11319,13,,9;10;1,,0,0
11319,14,,9;10;1,,0,0
11319,2,,9;10,,0,0
11319,3,,9;10,,0,0
11319,4,13,9;10,,0,0
11319,5,,9;10,,0,0
11319,6,,9;10,,0,0
11319,7,,9;10,,0,0
11319,8,9;10;13,9;10;11,,0,0
11319,9,,9;10,,0,0
11320,1,1;2;3;4;5;6;7;8;9;10;12;13,10,,27500,27500
11320,10,,10,,6000,6000
11320,11,15,1;10,,10500,10500
11320,12,10;13,1;10,,9000,9000
11320,13,,1;10,,8000,8000
11320,14,,1;10,,8000,8000
11320,2,,10,,6000,6000
11320,3,,10,,6000,6000
11320,4,13,10,,6000,6000
11320,5,,10,,6000,6000
11320,6,,10,,6000,6000
11320,7,,10,,6000,6000
11320,8,9;10;11;13;14,10,,16500,16500
11320,9,,10,,6000,6000
11323,1,12,8,,"9,000円",9000
11323,10,,8;10;11,,"6,000円",6000
11323,11,13;15,2;10,,"12,600円",12600
11323,12,,1;8;10,,"6,800円",6800
11323,13,,1;8;10,,"6,800円",6800
11323,14,,8;10,,"6,000円",6000
11323,2,1;2;3;4;5;6;7;8;9;10;11;13,5;10,,"36,000円",36000
11323,3,14,8;10,,"9,940円",9940
11323,4,,4;8;10,,"6,000円",6000
11323,5,13,10,,"8,500円",8500
11323,6,,8;10,,"6,000円",6000
11323,7,,8;10,,"6,000円",6000
11323,8,,8;10,,"6,000円",6000
11323,9,13,1;10,,"8,800円",8800
11324,1,1;2;3;4;5;6;7;8;9;10;12;13,,,,
11324,10,,8;10,,,
11324,11,,8;10,,,
11324,12,13,1;10,,,
11324,13,,1;8;10,,,
11324,14,,1;8;10,,,
11324,2,,8;10,,,
11324,3,,8;10,,,
11324,4,13,10,,,
11324,5,,8;10,,,
11324,6,,8;10,,,
11324,7,,8;10,,,
11324,8,11;13,10,,,
11324,9,,8;10,,,
11326,1,1;2;3;4;5;6;7;8;9;10;11;12;13,6,,"3,000円",3000
11326,10,15,1;2;10,,"3,000円",3000
11326,11,,1;10,,"2,000円",2000
11326,12,,1;10,,"2,000円",2000
11326,13,,1;10,,"2,000円",2000
11326,14,,1;10,,"2,000円",2000
11326,2,1,10,,,
11326,3,,10,,,
11326,4,,10,,,
11326,5,14,10,,"3,000円",3000
11326,6,,10,,,
11326,7,,10,,,
11326,8,,10,,,
11326,9,,10,,,
11328,1,1;2;4;5;6;7;8;9;10;11;12;13;14,6;7,不規則抗体のかわりに間接ｸｰﾑｽを実施。BVｽｺｱ。,"24,500円",24500
11328,10,13,8;10,,"7,000円",7000
11328,11,10;15,1;2;3;10,,"16,500円",16500
11328,12,,8;10,,"7,000円",7000
11328,13,,8;10,,"7,000円",7000
11328,14,13,8;10,,"7,000円",7000
11328,2,,8;10,,"7,000円",7000
11328,3,,8;10,,"7,000円",7000
11328,4,13,9;10,胎児超音波検査は妊娠20週～30週頃に1回実施。,"7,000円",7000
11328,5,,8;10,,"7,000円",7000
11328,6,9;10,8;10,,"10,380円",10380
11328,7,,8;10,,"7,000円",7000
11328,8,,8;9;10,,"7,000円",7000
11328,9,,8;10,,"7,000円",7000
11332,1,1;2;3;4;5;6;7;8;9;10;11;12;13;14,6,膣倍,0,0
11332,10,,8,,1600,1600
11332,11,10;13;15,11,助産師外来４D超音波,1600,1600
11332,12,,1;8,,0,0
11332,13,,1;8;11,助産師外来４D超音波,0,0
11332,14,,1,,0,0
11332,2,,,,0,0
11332,3,13,11,助産師外来４D超音波,0,0
11332,4,,8,,1600,1600
11332,5,13,4;11,助産師外来４D超音波,1600,1600
11332,6,,8,膣倍,1600,1600
11332,7,,8;11,助産師外来４D超音波,1600,1600
11332,8,10,8,,3450,3450
11332,9,,8;11,助産師外来４D超音波,1600,1600
11334,1,1;2;3;4;5;6;7;8;9;10;11;12;13;14,5;6,麻疹抗体検査4000円、水痘抗体検査4000円,40200,40200
11334,10,15,8;9,,10800,10800
11334,11,10;13,,,7800,7800
11334,12,,1;8;9,,8300,8300
11334,13,,1;8;9,,8300,8300
11334,14,,1;8;9,,8300,8300
11334,2,13,,,6800,6800
11334,3,,9,,6800,6800
11334,4,,9,,10800,10800
11334,5,10;13;9;14,4,,12300,12300
11334,6,,8;9,,6800,6800
11334,7,,9,,6800,6800
11334,8,,8;9,,6800,6800
11334,9,,8;9,,6800,6800
11337,1,1;2;3;4;5;6;7;8;9;10;11;12;13,6;8,,,
11337,10,,8,,,
11337,11,,8,,,
11337,12,10,2;3;8,,,
11337,13,,8,,,
11337,14,,8,,,
11337,2,,8,,,
11337,3,,8,,,
11337,4,,2;8,,,
11337,5,10,2;8,,,
11337,6,,8,,,
11337,7,,8,,,
11337,8,14,8,,,
11337,9,,1;8,,,
11340,1,1;2;3;4;5;6;7;8;9;10;11;12;13;14,6,淋菌検査,"29,870円",29870
11340,10,,,,"4,000円",4000
11340,11,10;13;15,,,"14,860円",14860
11340,12,,1;11,助産師外来,"6,500円",6500
11340,13,,,,"4,000円",4000
11340,14,,,,"4,000円",4000
11340,2,,,,"4,000円",4000
11340,3,,11,助産師外来,"4,000円",4000
11340,4,13,,,"4,000円",4000
11340,5,,9,,"5,500円",5500
11340,6,,,,"4,000円",4000
11340,7,9;10;13,2,,"15,600円",15600
11340,8,,11,助産師外来,"4,000円",4000
11340,9,,,,"4,000円",4000
11341,1,1;2;3;4;5;6;7;8;9;10;11;12;13;14,,,,
11341,11,10;13;15,,,,
11341,12,,1,,"NST2,000円",2000
11341,13,,1,,"NST2,000円",2000
11341,14,10,1,"血算検査1,000円","NST2,000円",2000
11341,2,13,,,,
11341,8,9;10;13,,,,
11343,1,1;2;3;4;5;6;7;8;9;10;11;12;13,9,,,
11343,10,,9;10,,,
11343,11,13;15,9;10,,,
11343,12,10,9;10,,,
11343,13,,9;10,,,
11343,14,,1;9;10,,,
11343,2,13,9;10,,,
11343,3,,9;10,,,
11343,4,14,9;10,,,
11343,5,9;10;13,9;10,,,
11343,6,,9;10,,,
11343,7,,9;10,,,
11343,8,,9;10,,,
11343,9,,9;10,,,
11344,1,13,,,"5,840円",5840
11344,10,,8,,"6,000円",6000
11344,11,10;13;15,1,,"14,570円",14570
11344,12,,1;8,,"7,000円",7000
11344,13,,1;8,,"7,000円",7000
11344,14,,1;8,,"7,000円",7000
11344,2,1;2;3;4;5;6;7;8;9;10;11;12;13,6;9,,"26,730円",26730
11344,3,,8,,"6,000円",6000
11344,4,,8,,"8,310円",8310
11344,5,9;10,8;9,,"6,940円",6940
11344,6,,8,,"6,000円",6000
11344,7,13;14,,,"12,090円",12090
11344,8,,8,,"6,000円",6000
11344,9,,8,,"6,000円",6000
11345,1,1;2;3;4;5;6;7;8;9;10;11;12;14,5;10,,"22,000円",22000
11345,10,15,10,,"6,400円",6400
11345,11,10,1;10,,"6,700円",6700
11345,12,13,10,,"5,200円",5200
11345,13,,1;10,,"6,200円",6200
11345,14,,10,,"5,200円",5200
11345,2,,10,,"5,200円",5200
11345,3,13,10,頸管長,"6,200円",6200
11345,4,13,10,,"5,700円",5700
11345,5,,10,,"5,200円",5200
11345,6,13,10,,"5,200円",5200
11345,7,,10,,"5,200円",5200
11345,8,9;10,2;10,,"7,400円",7400
11345,9,,10,,"5,200円",5200
11349,1,1;2;3;4;5;6;7;8;9;10;11;12;13;14,6;11,,,
11349,10,,8;10;11,,,
11349,11,10;13;15,,,,
11349,12,,8,,,
11349,13,,1;8,,,
11349,14,,1;8,,,
11349,2,,8,,,
11349,3,,8,,,
11349,4,13,9,,,
11349,5,9;10,4;8;10;11,子宮頸管長チェック,,
11349,6,,8,,,
11349,7,13,,,,
11349,8,,8,,,
11349,9,,8,,,
11355,1,1;2;3;4;5;6;7;8;9;10;11;12;13,,"エコー
本人へ渡す
ため",27270,27270
11355,2,,,"エコー
本人へ渡す
ため",5750,5750
11355,3,,,"エコー
本人へ渡す
ため",5750,5750
11355,4,13,,"エコー
本人へ渡す
ため",13010,13010
11355,5,,,"エコー
本人へ渡す
ため",5750,5750
11355,6,,,"エコー
本人へ渡す
ため",5750,5750
11355,7,9;10;13;14,,"エコー
本人へ渡す
ため",18340,18340
11355,8,,,"エコー
本人へ渡す
ため",5750,5750
11355,9,,,"エコー
本人へ渡す
ため",5750,5750
11356,1,1;2;3;4;5;6;7;8;9;10;11;12;13,5;6,,,
11356,10,,8,,,
11356,11,10;13,1;2,,,
11356,12,,8,,,
11356,13,,8,,,
11356,14,,8,,,
11356,2,,8,,,
11356,3,,8,,,
11356,4,13,,,,
11356,5,,8,,,
11356,6,9;10,8,,,
11356,7,,8,,,
11356,8,13;14;15,,富山県ではGBS検査を８回目の受診券使用時に採取しています,,
11356,9,,8,,,
11359,1,1;2;3;4;5;6;7;8;9;10;11;12;13;14,2;10,,,
11359,10,,10,,,
11359,11,10;13,10,,,
11359,12,,1;10,,,
11359,13,,1;10,,,
11359,14,,1;10,,,
11359,2,13,10,,,
11359,3,,10,,,
11359,4,,10,,,
11359,5,,9;10,,,
11359,6,9;10,10,,,
11359,7,,10,,,
11359,8,13,10,,,
11359,9,15,10,,,
11361,1,1;2;3;4;5;6;7;8;9;10;12;13,6;7,,,
11361,10,10;13;15,,,,
11361,12,13,1,,,
11361,13,,1,,,
11361,14,,1,,,
11361,4,13,,,,
11361,7,11;14,2,,,
11362,1,1;2;3;4;5;6;7;8;9;10;11;12;13;14,6,,,
11362,10,,8;9,,,
11362,11,13;15,1;9;11,,,
11362,12,,1;8;9,,,
11362,13,,1;8;9;11,,,
11362,14,,1;8;9,,,
11362,2,13,,,,
11362,3,,8;9;11,,,
11362,4,,8;9,,,
11362,5,13,9,,,
11362,6,,8;9,,,
11362,7,9;10,2;3;5;8;9,,,
11362,8,,8;9,,,
11362,9,,8;9,,,
11364,1,13,10,,"6,500円",6500
11364,10,,8;10,,"6,500円",6500
11364,11,15,8;10,,"12,000円",12000
11364,12,,1;8;10,,"11,500円",11500
11364,13,,8;10,,"6,500円",6500
11364,14,,8;10,,"6,500円",6500
11364,2,1;2;4;5;6;7;8;9;10;11;12;13,10,,"27,460円",27460
11364,3,13,10,,"6,500円",6500
11364,4,13,10,,"6,500円",6500
11364,5,14,8;10,当院ではGBSの検査を25週と36週頃の2回実施しています,"16,000円",16000
11364,6,,8;10,,"6,500円",6500
11364,7,,8;10,,"6,500円",6500
11364,8,10,8;10,当院では不規則抗体の検査を30週頃に実施しています,"14,000円",14000
11364,9,,8;10,,"6,500円",6500
11366,1,1;2;3;4;5;6;7;8;9;10;11;12;13,8,,"21,090円",21090
11366,10,13,8;10,,"11,300円",11300
11366,11,13;15,8;10,,"8,300円",8300
11366,12,,8;10,,"6,000円",6000
11366,13,,8;10,,"6,000円",6000
11366,14,,1;8;10,,"6,000円",6000
11366,2,,8;9;10,,"6,000円",6000
11366,3,13,8;10,,"11,300円",11300
11366,4,,8;10,,"6,000円",6000
11366,5,,8;10,,"6,320円",6320
11366,6,,8;9;10,,"11,300円",11300
11366,7,9;10;14,8;10,,"7,880円",7880
11366,8,,8;10,,"6,000円",6000
11366,9,10,8;10,,"6,110円",6110
11370,1,1;2;3;4;5;6;7;8;9;10;11;12;13;14,6,,37080,37080
11370,10,,8,心電図、GBS,"16,200円",16200
11370,11,10;13,1;2;3,,"16,500円",16500
11370,12,,1;8,,"10,500円",10500
11370,13,,1;8,,"10,500円",10500
11370,14,,1;8,,"10,500円",10500
11370,2,13,,,8500,8500
11370,3,,8,,8500,8500
11370,4,14,8;9,,8500,8500
11370,5,9;10;13,8,,11040,11040
11370,6,,8,,8500,8500
11370,7,,8,,8500,8500
11370,8,,8,,8500,8500
11370,9,,8,,8500,8500
11372,1,1;2;3;4;5;6;7;8;9;10;11;12;14,6,当院では膣分泌培養検査も実施している,"37,070円",37070
11372,10,13;15,1;11,,"9,800円",9800
11372,11,13,,,"5,000円",5000
11372,12,,,,"6,000円",6000
11372,13,,1,,"6,000円",6000
11372,14,,1,,"6,000円",6000
11372,2,13,,,"5,000円",5000
11372,3,,,,"5,000円",5000
11372,4,13,9,,"5,000円",5000
11372,5,,9,,"5,000円",5000
11372,6,,10;11,,"4,000円",4000
11372,7,,,,"5,000円",5000
11372,8,,9,,"5,000円",5000
11372,9,,9,,"5,000円",5000
11375,1,1;2;3;4;5;6;7;8;9;10;11;12;13,6;9,,,
11375,11,10,1;3;9;11,,,
11375,3,,11,,,
11375,4,,9;10,,,
11375,5,9;10,,,,
11375,8,14,9;10;11,,,
11376,1,1;2;3;4;5;6;7;8;9;10;11;12;13,6;9;10,,"13,000円",13000
11376,10,15,8;9;10,,"9,070円",9070
11376,11,10,8;10,,"6,460円",6460
11376,12,,1;8;10,,"5,000円",5000
11376,13,,1;8;10,,"5,000円",5000
11376,14,,1;8;10,,"5,000円",5000
11376,2,13,10,,"5,000円",5000
11376,3,13,10, B群溶血性レンサ球菌(GBS)検査,"5,000円",5000
11376,4,13,10,,"5,000円",5000
11376,5,,4;8;9;10,,"5,000円",5000
11376,6,14,8;10,,"7,070円",7070
11376,7,,8;9;10,,"5,000円",5000
11376,8,9;10,8;10;11,,"8,010円",8010
11376,9,,8;10,,"5,000円",5000
11380,1,1;2;3;4;5;6;7;8;9;10;11;12;13,,,,
11380,10,,8,,,
11380,11,10;13;15,1,,,
11380,12,,1;8,,,
11380,13,,1;8,,,
11380,14,,1;8,,,
11380,2,,8,,,
11380,3,,8,,,
11380,4,13,,,,
11380,5,,8,,,
11380,6,9;10,8,,,
11380,7,,8,,,
11380,8,13;14,,,,
11380,9,,8,,,
11382,1,1;2;3;4;5;6;7;8;9;10;11;13;12,,,14400,14400
11382,10,,8;10,,4590,4590
11382,11,15;10;13,8;10,,7890,7890
11382,12,,1,,5100,5100
11382,13,,8;10,,4590,4590
11382,14,,1,,5100,5100
11382,2,,8,,6520,6520
11382,3,13;14,10;8,,4590,4590
11382,4,13;14,8;10,,8520,8520
11382,5,9;10,4;8;10,,6510,6510
11382,6,,8;10,,4590,4590
11382,7,13,8;10,,4590,4590
11382,8,,8;10,,4590,4590
11382,9,,8;10,,4590,4590
11384,1,1;2;3;4;5;6;7;8;9;10;12;13;14,,,"25,260円",25260
11384,10,13;14;15,,,"15,500円",15500
11384,11,,1,,"5,000円",5000
11384,12,,1,,"5,000円",5000
11384,13,,1,,"5,000円",5000
11384,14,,1,,"5,000円",5000
11384,2,,,,"5,000円",5000
11384,3,,,,"5,000円",5000
11384,4,,,,"5,000円",5000
11384,5,9;10;11;13,,,"16,460円",16460
11384,6,,,,"5,000円",5000
11384,7,,,,"5,000円",5000
11384,8,,,,"5,000円",5000
11384,9,10;13,,,"11,880円",11880
11385,1,1;2;4;5;6;7;8;9;10;11;12,5;6;8;9;11,間接クームスを実施している,"28,640円",28640
11385,10,15,8;11,,"8,300円",8300
11385,11,10;13,1;11,NSTは３６週以前に張りを認めた場合毎回計測する,"7,790円",7790
11385,12,,8;11,,"5,100円",5100
11385,13,,8;11,,"5,100円",5100
11385,14,,1;8;11,,"6,200円",6200
11385,2,13,11,,"9,880円",9880
11385,3,13,9;11,,"9,880円",9880
11385,4,,8;11,,"5,100円",5100
11385,5,,8;10;11,3D/4Dは条件が整ってるときに施行,"5,100円",5100
11385,6,,8;11,,"5,100円",5100
11385,7,14,1;8;11,,"9,800円",9800
11385,8,9;10;13,11,,"13,020円",13020
11385,9,,8;11,,"5,100円",5100
11395,1,1;2;3;4;5;6;7;8;9;10;11;12;13;14,6,,32000,32000
11395,10,,8,,5000,5000
11395,11,10;13;15,1,,10500,10500
11395,12,,8,,5000,5000
11395,13,,8,,5000,5000
11395,14,10,8,血算検査,5500,5500
11395,2,13,,,5000,5000
11395,3,,8,,5000,5000
11395,4,,2;8,,7000,7000
11395,5,,8,,5000,5000
11395,6,,8,,5000,5000
11395,7,9;10;13;15,,B群溶血性レンサ球菌検査,11000,11000
11395,8,,8,,5000,5000
11395,9,,8,,5000,5000
11396,1,1;2;3;4;5;6;7;8;9;10;11;12;14,2;3;5;6;7;10,,,
11396,10,,3;7;10,"・CMVは初期採血で抗体陰性だった場合のみ実施
・無痛分娩希望者、帝王切開予定者は凝固検査実施",,
11396,11,10;15,1;10,,,
11396,12,,10,,,
11396,13,,1;10,,,
11396,14,,1;10,,,
11396,2,,10,,,
11396,3,,10,,,
11396,4,,9;10,,,
11396,5,9;10,10,,,
11396,6,,2;4;10,,,
11396,7,,10,,,
11396,8,,10,,,
11396,9,,1;10,31週以降に初回NSTを実施し、そこから2回の妊婦健診毎にNST実施。切迫早産やFGR傾向にある場合はその都度実施している。,,
11398,1,1;2;3;4;5;6;7;8;9;10;11;12;13;14,,,"9,450円",9450
11398,10,,,,20円,20
11398,11,15,,,0円,0
11398,12,,1,,0円,0
11398,13,,1,,0円,0
11398,14,,1,,,
11398,2,,,,0円,0
11398,3,,,,0円,0
11398,4,,,,0円,0
11398,5,,,,0円,0
11398,6,10,,,"4,000円",4000
11398,7,,,,0円,0
11398,8,,,,"1,020円",1020
11398,9,,,,0円,0
11399,1,1;2;4;5;6;7;8;9;10;11;12;13,10,間接クームス,,
11399,10,,10,,,
11399,11,10;15,10,,,
11399,12,,10,,,
11399,13,,10,,,
11399,14,,10,,,
11399,2,14,10,,,
11399,3,,10,,,
11399,4,,10,,,
11399,5,9;10,10,,,
11399,6,,10,,,
11399,7,,10,,,
11399,8,,10,,,
11399,9,,10,,,
11401,1,1;2;3;4;5;6;7;8;9;10;12;13;14,10,超音波検査（４D）は毎回実施している,,
11401,10,13;15,10,,,
11401,11,10;13,2;10,,1200,1200
11401,12,13,1;10,,,
11401,13,13,1;10,,,
11401,14,13,1;10,,,
11401,2,13,10,,,
11401,3,13,10,,,
11401,4,13,10,,,
11401,5,9;10;11;13,10,,600,600
11401,6,13,10,,,
11401,7,13,10,,,
11401,8,13,10,,,
11401,9,13,10,,,
11402,1,1;2;3;4;5;6;7;8;9;10;12;13,,,,
11402,10,,8,,,
11402,11,10;13;15,,,,
11402,12,,8,,,
11402,13,,8,,,
11402,14,,8,,,
11402,2,,8,,,
11402,3,,8,,,
11402,4,11;13,2,,,
11402,5,,8,,,
11402,6,13,,,,
11402,7,9;10;14,8,,,
11402,8,,8,,,
11402,9,,8,,,
11405,1,1;2;3;4;5;6;7;8;9;10;11;12;13;14;15,5;6;10,,"31,200円",31200
11405,10,,8;10,,"7,000円",7000
11405,11,3;10;15,1;2;3;8;10,,"12,000円",12000
11405,12,,1;8;10,,"9,100円",9100
11405,13,,1;8;10,,"9,100円",9100
11405,14,,1;8;10,,"9,100円",9100
11405,2,13,10,,"7,000円",7000
11405,3,13,10,,"7,000円",7000
11405,4,,9;10,,"12,000円",12000
11405,5,13,10,,"7,000円",7000
11405,6,9;10,4;8;10,,"11,000円",11000
11405,7,,8;9;10,,"12,000円",12000
11405,8,,8;10,,"7,000円",7000
11405,9,,8;10,,"7,000円",7000
11411,1,1;2;3;4;5;6;7;8;9;10;11;12;14,,,"24,860円",24860
11411,10,,,,"5,090円",5090
11411,11,10;13;15,,,"14,150円",14150
11411,12,,,,"5,090円",5090
11411,13,,1,,"5,090円",5090
11411,14,,1,,"5,090円",5090
11411,2,13,,,"10,390円",10390
11411,3,,,,"5,090円",5090
11411,4,13,,,"10,390円",10390
11411,5,,,,"5,090円",5090
11411,6,9;10;13,,,"13,800円",13800
11411,7,,,,"5,090円",5090
11411,8,,,,"5,090円",5090
11411,9,,,,"5,090円",5090
11412,1,1;2;3;4;5;6;7;8;9;10;11;12;13,2;6,,"33,440円",33440
11412,10,,10,,"7,120円",7120
11412,11,15,10,,"13,050円",13050
11412,12,,2;3;10,,"20,530円",20530
11412,13,,10,,"7,455円",7455
11412,14,13,10,,"10,340円",10340
11412,2,,,,"8,785円",8785
11412,3,13,2;11,,"11,980円",11980
11412,4,,10,,"7,120円",7120
11412,5,,10,,"7,295円",7295
11412,6,,10,,"7,245円",7245
11412,7,9;10;13,2;3;10,,"17,390円",17390
11412,8,,10;11,,"7,120円",7120
11412,9,,10,,"7,290円",7290
11413,1,1;2;3;4;5;6;7;8;11;12;13;14,,,2500,2500
11413,10,15,8;11,全霊助産師外来バースプラン聞き取り,3300,3300
11413,11,10;13,1,,0,0
11413,12,,1;8,,4400,4400
11413,13,,1;8,,4400,4400
11413,14,,1;8,,4400,4400
11413,2,,8,,3300,3300
11413,3,,8,ハイリスク等必要に応じ前期助産師外来,3300,3300
11413,4,13,,,3300,3300
11413,5,9;10,8,,0,0
11413,6,,8,,3300,3300
11413,7,,8,,3300,3300
11413,8,13,,,0,0
11413,9,,8,,3300,3300
11416,1,1;2;3;4;5;6;7;8;9;10;11;12;13,,,"31,470円",31470
11416,10,,8,,"7,500円",7500
11416,11,9;13;15,10,,"16,550円",16550
11416,12,,1;8,,"9,500円",9500
11416,13,,1;8,,"9,500円",9500
11416,14,,1;8,,"9,500円",9500
11416,2,,8,,"7,500円",7500
11416,3,,10,,"7,500円",7500
11416,4,,10,,"7,500円",7500
11416,5,,8,,"7,500円",7500
11416,6,,8,,"7,500円",7500
11416,7,14,10,,"11,330円",11330
11416,8,9;10,8,,"10,880円",10880
11416,9,,8,,"7,500円",7500
11419,1,,,膣培養検査、子宮頸がん検査（必要時のみ）,12000,12000
11419,10,,2;3,不規則抗体検査、血算検査,11000,11000
11419,11,,,GBS検査,8000,8000
11419,12,,,血算検査、NST,8500,8500
11419,13,,,NST,7500,7500
11419,14,,,NST,7500,7500
11419,2,1;2;3;4;5;6;7;9;10;11,,,15000,15000
11419,3,,,,6000,6000
11419,4,,,クラミジア検査,8500,8500
11419,5,,,50g糖負荷検査、血算検査２回目,8000,8000
11419,6,,,,6000,6000
11419,7,,,,6000,6000
11419,8,,,,6000,6000
11419,9,,,,6000,6000
11420,1,1;2;3;4;5;6;7;8;9;10;11;12,2;6,,,
11420,11,10;13;15,1;9,,,
11420,12,,1,,,
11420,13,,1;9,,,
11420,14,,1,,,
11420,2,14,9;11,B郡溶結性ﾚﾝｻ球検査,,
11420,3,,9,,,
11420,4,13,9,,,
11420,5,,9,,,
11420,6,9;10,,心電図,,
11420,7,,9,,,
11420,8,13,,,,
11420,9,,9,,,
11424,1,1;2;3;4;5;6;7;8;9;10;11;13;14,5;6,,"23,000円",23000
11424,10,10,,,"6,000円",6000
11424,11,15,,,"6,000円",6000
11424,12,,1,,"13,000円",13000
11424,13,,1,,"6,000円",6000
11424,14,,1,,"6,000円",6000
11424,2,,,,"6,000円",6000
11424,3,,,,"6,000円",6000
11424,4,,,,"8,000円",8000
11424,5,,9,,"6,000円",6000
11424,6,,,,"6,000円",6000
11424,7,9;10,,,"1,100円",1100
11424,8,,,,"11,000円",11000
11424,9,,,,"6,000円",6000
11426,1,1;2;3;4;5;6;7;8;9;10;11;12;13;14,2;6;11,"・計測
・尿検査（尿蛋白定性、尿糖定性）","28,990円",28990
11426,10,15,8;10,"・計測
・尿検査（尿蛋白定性、尿糖定性）","9,590円",9590
11426,11,10,1;8;10;11,"・計測
・尿検査（尿蛋白定性、尿糖定性）","10,150円",10150
11426,12,13,1;10,"・計測
・尿検査（尿蛋白定性、尿糖定性）","11,390円",11390
11426,13,,1;8;10,"・計測
・尿検査（尿蛋白定性、尿糖定性）","9,090円",9090
11426,14,,1;8;10,"・計測
・尿検査（尿蛋白定性、尿糖定性）","9,090円",9090
11426,2,,8;10,"・計測
・尿検査（尿蛋白定性、尿糖定性）","9,310円",9310
11426,3,,8;9;10,"・計測
・尿検査（尿蛋白定性、尿糖定性）","7,090円",7090
11426,4,13,10,"・計測
・尿検査（尿蛋白定性、尿糖定性）","9,390円",9390
11426,5,9;10,8;10;11,"・計測
・尿検査（尿蛋白定性、尿糖定性）","8,850円",8850
11426,6,13,9;10,"・計測・尿検査（尿蛋白定性、尿糖定性）
・性器クラミジア検査","11,390円",11390
11426,7,,8;10,"・計測
・尿検査（尿蛋白定性、尿糖定性）","7,090円",7090
11426,8,,8;10,"・計測
・尿検査（尿蛋白定性、尿糖定性）","7,090円",7090
11426,9,,8;10,"・計測
・尿検査（尿蛋白定性、尿糖定性）","7,090円",7090
11427,1,1;2;3;4;5;6;7;8;9;10;12;13,,,"33,500円",33500
11427,10,15,,,"9,000円",9000
11427,11,,,,"5,500円",5500
11427,12,10;13,1,,"9,500円",9500
11427,13,,,,"7,500円",7500
11427,14,,,,"5,500円",5500
11427,2,,,,"5,500円",5500
11427,3,,,,"5,500円",5500
11427,4,13,,,"5,500円",5500
11427,5,,,,"5,500円",5500
11427,6,,,,"5,500円",5500
11427,7,,,,"5,500円",5500
11427,8,9;10;11;13;14,,,"16,500円",16500
11427,9,,,,"5,500円",5500
11428,1,1;2;3;4;5;6;7;8;9;10;12;13,6;7;10;11,,24050,24050
11428,10,,8;10,,5100,5100
11428,11,13;15;10,3;10,,13370,13370
11428,12,,1;8;10,,5100,5100
11428,13,,1;8;10,,5100,5100
11428,14,,1;8;10,,5100,5100
11428,2,13,9;10,経腹超音波を実施する際は、３D/4D超音波を行います（無料）。,5280,5280
11428,3,,8;10,,5280,5280
11428,4,,8;9;10,,5280,5280
11428,5,,8;10;11,,5280,5280
11428,6,9;10;11;13;14,10,,17850,17850
11428,7,,8;10,,5280,5280
11428,8,,8;10;9,,7630,7630
11428,9,,8;10,,5280,5280
11429,1,1;2;3;4;5;6;7;8;9;10;11;12;13;14,6,,,
11429,10,,8,,,
11429,11,13;15;10,1,,,
11429,12,,1;8,,,
11429,13,,1;8,,,
11429,14,,1;8,,,
11429,2,,8,,,
11429,3,,8,,,
11429,4,13,,,,
11429,5,,8,,,
11429,6,,8,,,
11429,7,13;9;10,,,,
11429,8,,8,,,
11429,9,,8,,,
11430,1,13,,,"8,500円",8500
11430,10,,8,,"8,500円",8500
11430,11,10;15,1;8,,"12,000円",12000
11430,12,,1;8,,"10,500円",10500
11430,13,,1;8,,"10,500円",10500
11430,14,,1;8,,"10,500円",10500
11430,2,1;2;3;4;5;6;7;8;9;10;11;12;14,5;8,,"28,000円",28000
11430,3,,8,,"8,500円",8500
11430,4,13,9;10,,"8,500円",8500
11430,5,9;13,4,,"10,500円",10500
11430,6,,8,,"8,500円",8500
11430,7,,8,,"8,500円",8500
11430,8,10;13,9;10,,"10,000円",10000
11430,9,,8,,"8,500円",8500
11431,1,1;2;3;4;5;6;7;8;9;10;12;13,5;6,,"39,630円",39630
11431,10,15,8,,"8,450円",8450
11431,11,,8,,"4,460円",4460
11431,12,10;13,,,"11,120円",11120
11431,13,,1;8,,"4,460円",4460
11431,14,,1;8,,"4,460円",4460
11431,2,,8,,"4,460円",4460
11431,3,,8,,"4,460円",4460
11431,4,13,,,"9,240円",9240
11431,5,,8,,"4,460円",4460
11431,6,,8,,"4,460円",4460
11431,7,,8;9,,"9,460円",9460
11431,8,9;10;11;13;14,4,,"24,820円",24820
11431,9,,8,,"4,460円",4460
11435,1,1;2;3;4;5;6;7;8;9;10;12;13,5;6;7,GBS,,
11435,10,15,8,骨密度,,
11435,11,13,1,骨密度,,
11435,12,10,1;8,,,
11435,13,10,1;8,,,
11435,14,,1;8,,,
11435,2,1;2;3;4;5;6;7;8;9;10;12;13,,"骨密度
ECG",,
11435,3,13,8,"骨密度
ECG",,
11435,4,11,8;4,血算,,
11435,5,9;10;11;13;14,4,,,
11435,6,14,8,,,
11435,7,10,8,,,
11435,8,,8,血算,,
11435,9,15,8,"ABO
RH
不規則
血算",,
11436,1,1;2;3;4;5;6;7;8;9;10;11;12;14,6,,"3,000円",3000
11436,10,15,,末梢血液検査を34週頃に行っております。,"3,000円",3000
11436,11,,,,"1,000円",1000
11436,12,13,,,"4,000円",4000
11436,13,,,,"4,000円",4000
11436,14,,,,"4,000円",4000
11436,2,13,,,"1,000円",1000
11436,3,13,,,"1,000円",1000
11436,4,,8,,"1,000円",1000
11436,5,9;10,9,,"3,000円",3000
11436,6,13,,,"1,000円",1000
11436,7,,8,,"1,000円",1000
11436,8,,8,,"1,000円",1000
11436,9,,,,"1,000円",1000
11438,1,1;2;3;4;5;6;7;8;9;10;11;12;13;14,2;6,,32730,32730
11438,10,,,,6000,6000
11438,11,13;15,1,,14700,14700
11438,12,10,1,E3,8830,8830
11438,13,,1,,6000,6000
11438,14,,1,,6000,6000
11438,2,,,,6000,6000
11438,3,,,,6000,6000
11438,4,13,,,11300,11300
11438,5,,,,6000,6000
11438,6,,,,6000,6000
11438,7,,,,6000,6000
11438,8,9;10;13,,,14710,14710
11438,9,,,,6000,6000
11439,1,1;2;3;4;5;6;7;8;9;10;11;12;13,10,,20900,20900
11439,10,,10,,5880,5880
11439,11,15,1;10,帝王切開と無痛分娩の方は、生化学検査と凝固検査実施,9680,9680
11439,12,10;13,1;10,,11180,11180
11439,13,,1;10,,5880,5880
11439,14,,1;10,,5880,5880
11439,2,,10,,5880,5880
11439,3,13,10,,11180,11180
11439,4,14,10,,9660,9660
11439,5,9;10,10,,9290,9290
11439,6,,10,,5880,5880
11439,7,13,10,,11180,11180
11439,8,,10,,5880,5880
11439,9,,10,,5880,5880
11440,1,1;2;3;4;5;6;7;8;9;10;11;12;13,2;6,,,
11440,10,,9;10,,,
11440,11,10;13;15,2;10,,,
11440,12,,9;10,,,
11440,13,,9;10,,,
11440,14,,9;10,,,
11440,2,,9;10,,,
11440,3,,9;10,,,
11440,4,13,10,,,
11440,5,9;10;14,9;10,,,
11440,6,,9;10,,,
11440,7,,9;10,,,
11440,8,13,10,,,
11440,9,,9;10,,,
11443,1,1;2;3;4;5;6;7;8;9;10;11;12;13;14,5;6,細菌培養同定検査を実施,33040,33040
11443,10,,8;10,,6120,6120
11443,11,10;13;15,2;3;10,間接クームス検査を実施,13380,13380
11443,12,,8,,6120,6120
11443,13,,1;8,,6120,6120
11443,14,,1;8,,6120,6120
11443,2,13,,,4020,4020
11443,3,,8;10,,4020,4020
11443,4,,8;9;10,,4020,4020
11443,5,9;10;13,4;10,,7690,7690
11443,6,,8;10,,4020,4020
11443,7,,8;10,,4020,4020
11443,8,,8;10,,4020,4020
11443,9,,8;10,,4020,4020
11444,1,1;2;3;4;5;6;7;8;9;10;12;13;14,,細菌鏡検とBVスコア,"2,170円",2170
11444,11,9;10;13;15,1,,"2,000円",2000
11444,13,,1,,"2,000円",2000
11444,14,,1,,"2,000円",2000
11444,2,13,,,,
11444,7,9;10;11;13,,,,
11444,9,,1,,"2,000円",2000
11446,1,1;2;3;4;5;6;7;8;9;10;11;12;13,4;6;9;11,,"20,710円",20710
11446,10,15,8;11,,"6,980円",6980
11446,11,10,8,,"10,070円",10070
11446,12,,1;8,,"5,080円",5080
11446,13,,1;8,,"5,080円",5080
11446,14,,1;8,,,
11446,2,13,,,"5,080円",5080
11446,3,13,,,"5,080円",5080
11446,4,13,,,"9,860円",9860
11446,5,,8,,"5,080円",5080
11446,6,14,8,,"6,960円",6960
11446,7,,8;9,,"5,080円",5080
11446,8,9;10,4;8;11,,"10,180円",10180
11446,9,,8,,"5,080円",5080
11448,1,1;2;3;4;5;6;7;8;9;10;12;13;14,5,,,
11448,10,,8,,,
11448,11,10;13;15,1;10,内診,,
11448,12,,1;8;10,内診,,
11448,13,,1;8;10,内診,,
11448,14,,1;8;10,内診,,
11448,2,13,,,,
11448,3,,8;10,,,
11448,4,,8;9;10,,,
11448,5,,8,,,
11448,6,9;10;11;13,10,,,
11448,7,,8;10,内診,,
11448,8,,8;9;10,,,
11448,9,,8;10,,,
11451,1,1;2;3;4;5;6;7;8;9;10;11;12;14,6;10,HbA1C,"23,860円",23860
11451,10,15,10,,"9,320円",9320
11451,11,10,10,,"8,250円",8250
11451,12,13,10,,"8,990円",8990
11451,13,,1;2;10,,"9,170円",9170
11451,14,,1;10,,"8,060円",8060
11451,2,,9;10,,"6,560円",6560
11451,3,13,10,,"8,990円",8990
11451,4,13,4;10,,"11,490円",11490
11451,5,,9;10,,"6,560円",6560
11451,6,13,10,,"8,990円",8990
11451,7,,10,,"6,560円",6560
11451,8,9;10,10,,"9,500円",9500
11451,9,,10,,"6,560円",6560
11453,1,1;2;3;4;5;6;7;8;9;10;11;12;13,6;10,４Ð超音波は適宜実施,35300,35300
11453,10,9,2;8;10;3,,13000,13000
11453,11,15;10;13,8;10,,9000,9000
11453,12,,1;8;10,,9000,9000
11453,13,,8;10,,7000,7000
11453,14,,8;10,,7000,7000
11453,2,13,10,,7000,7000
11453,3,13,10,,7000,7000
11453,4,13;14,10,頸管長の計測,12000,12000
11453,5,10;13,3;8;10;4,,11500,11500
11453,6,,8;10,,7000,7000
11453,7,,8;10,,7000,7000
11453,8,,8;10;11,助産師外来,8000,8000
11453,9,,8;10,,7000,7000
11456,1,1;2;3;4;5;6;7;8;9;10;11;14,,,"19,430円",19430
11456,10,,8,,"7,500円",7500
11456,11,10;15,8,,"13,360円",13360
11456,12,,8,,"7,500円",7500
11456,13,,1;8,,"10,000円",10000
11456,14,,1;8,,"10,000円",10000
11456,2,,,,"2,500円",2500
11456,3,13,10,,"10,000円",10000
11456,4,,,,"2,500円",2500
11456,5,13,10,,"12,500円",12500
11456,6,10;13,4,,"11,170円",11170
11456,7,,9,,"15,000円",15000
11456,8,13,,,"7,500円",7500
11456,9,,,,"2,500円",2500
11457,1,1;2;3;4;5;6;7;8;9;10;11;12;13,6,,"20,000円",20000
11457,10,,8;10,,"6,000円",6000
11457,11,10;13;15,1;10,,"12,660円",12660
11457,12,,1;8;10,,"8,000円",8000
11457,13,,1;8;10,,"8,000円",8000
11457,14,,1;8;10,,"8,000円",8000
11457,2,,8;9;10,,"10,500円",10500
11457,3,,8;10,,"6,000円",6000
11457,4,13,5;10,当院では20週～24週あたりで血糖検査をしている,"12,850円",12850
11457,5,,8;10,,"7,000円",7000
11457,6,,8;10,,"6,000円",6000
11457,7,10;13;14,10,,"12,200円",12200
11457,8,,8;9;10,,"10,500円",10500
11457,9,,8;10,,"7,000円",7000
11458,1,1;2;3;4;5;6;7;8;9;10;11;12;13;14,,,,
11458,10,15,,,,
11458,11,,1,,,
11458,12,10;13,1,,,
11458,13,,1,,,
11458,14,,1,,,
11458,3,13,,,,
11458,5,9;10,10,,,
11458,6,13,,,,
11458,8,,10,,,
11460,1,1;2;3;4;5;6;7;8;9;10;11;12;13,6;9;10,,"25,840円",25840
11460,10,15,8;9;10,,"10,400円",10400
11460,11,10,8;9;10,,"7,000円",7000
11460,12,13,1;9;10,,"9,100円",9100
11460,13,,1;8;9;10,,"9,100円",9100
11460,14,,1;8;9;10,,"9,100円",9100
11460,2,,8;9;10,,"7,000円",7000
11460,3,,8;9;10,,"7,000円",7000
11460,4,13,9;10,当院では血算検査は20週から24週までに1回実施している。,"8,860円",8860
11460,5,,4;8;9;10,,"9,210円",9210
11460,6,,8;9;10,,"7,000円",7000
11460,7,10,8;9;10,,"8,860円",8860
11460,8,13;14,9;10,,"10,380円",10380
11460,9,,8;9;10,,"7,000円",7000
11461,1,1;2;3;4;5;6;7;8;9;10;11;12;13,6;9;10,,"26,140円",26140
11461,10,,8;9;10,,"6,690円",6690
11461,11,10;13;15,1;9;10;11,,"9,300円",9300
11461,12,,8;9;10,,"5,100円",5100
11461,13,,1;8;9;10,,"6,100円",6100
11461,14,,1;8;9;10,,"6,100円",6100
11461,2,,8;9;10,,"5,100円",5100
11461,3,,8;9;10,,"5,100円",5100
11461,4,13,9;10;11,,"9,880円",9880
11461,5,14,8;9;10,,"8,700円",8700
11461,6,9;10,8;9;10,,"13,020円",13020
11461,7,13,9;10,,"9,880円",9880
11461,8,,8;9;10,,"5,100円",5100
11461,9,,8;9;10;11,,"5,100円",5100
11462,1,1;2;3;4;5;6;7;8;9;10;12;13;14,6;10,胎児超音波録画用のSDカード配布,"28,450円",28450
11462,10,,8;10,助産師による保健指導,"8,000円",8000
11462,11,13;15,10,,"9,100円",9100
11462,12,10,8;10,,"9,100円",9100
11462,13,,8;10,,"8,000円",8000
11462,14,,8;10,,"8,000円",8000
11462,2,,9;10,助産師による保健指導,"8,000円",8000
11462,3,,8;10,,"8,000円",8000
11462,4,13,10,,"8,000円",8000
11462,5,,9;10,助産師による保健指導,"8,000円",8000
11462,6,,8;10,,"8,000円",8000
11462,7,9;10;11;13,10,,"10,200円",10200
11462,8,,9;10,,"8,000円",8000
11462,9,,8;10,,"8,000円",8000
11465,1,1;2;3;4;5;6;7;8;9;10;11;12;13,,,18000,18000
11465,10,,8;10,,5830,5830
11465,11,10;13;15,10,,12020,12020
11465,12,,1;8;10,,5830,5830
11465,13,,1;8;10,,5830,5830
11465,14,,1;8;10,,5830,5830
11465,2,,8;10,,6360,6360
11465,3,,8;10,,6360,6360
11465,4,13,10,当院では血糖検査は4回目に実施している,8310,8310
11465,5,,8;10,,6360,6360
11465,6,,8;10,,6360,6360
11465,7,10;13;14,10,,11470,11470
11465,8,,8;10,,5830,5830
11465,9,,8;10,,6360,6360
11466,1,1;2;3;4;5;6;7;8;9;10;11;12;13,6,,,
11466,11,10;13;15,,,,
11466,12,,1,,,
11466,13,,1,,,
11466,14,,1,,,
11466,2,13,,,,
11466,4,,4,,,
11466,5,9;13,,,,
11466,7,10;14,,,,
11467,1,,10,,0,0
11467,10,,1;10,,3000,3000
11467,11,10;15,1;10,,3000,3000
11467,12,,1;10,,3000,3000
11467,13,,1;10,,3000,3000
11467,14,,1;10,,3000,3000
11467,2,1;2;3;4;5;6;7;8;9;10;11;12;14,8;10,,2880,2880
11467,3,13,10,,2880,2880
11467,4,13,10,,0,0
11467,5,,4;10,,0,0
11467,6,,10,,3000,3000
11467,7,,10,,3000,3000
11467,8,10,10,,3000,3000
11467,9,,10,,3000,3000
11470,1,1;2;3;4;5;6;7;8;9;10;11;12;13;14,6;10,,29210,29210
11470,10,,8;10,,6910,6910
11470,11,10;13;15,10,GBS検査を再度行います。,10530,10530
11470,12,,8;10,,6910,6910
11470,13,,8;10,,6910,6910
11470,14,,1;8;10,,6910,6910
11470,2,,8;10,,6910,6910
11470,3,13,10,,6910,6910
11470,4,,8;10,,6910,6910
11470,5,9;10;13;14;15,10,,13310,13310
11470,6,,8;10,,6910,6910
11470,7,,9;10;11,当院では28週を目安に、胎児超音波検査を行っています。対象は当院で出産される方で希望者のみ。助産指導もあります。,6910,6910
11470,8,,8;10,,6910,6910
11470,9,,8;10,,6910,6910
11471,1,1;2;3;4;5;6;7;8;9;10;11;12,9;10,４の糖負荷試験については、血糖が基準値以上の方や、尿糖が出る方を対象に75gOGTTを実施している,26900,26900
11471,10,15,1;8;10,,9500,9500
11471,11,,8;10,,6000,6000
11471,12,,8;10,,6000,6000
11471,13,,1;8;10,,6000,6000
11471,14,,1;8;10,,6500,6500
11471,2,,10;11,６のトキソプラズマ抗体検査は自治体により、必須か否か異なるため、任意検査として位置づけている,6000,6000
11471,3,,9;10;11,11.その他の指導では、当院で分娩される方を対象に妊娠12週から20週くらいの期間中に初期栄養指導を実施している。,10200,10200
11471,4,14,10;11,妊娠20週頃にBV検査を全妊婦さんを対象に実施している,6000,6000
11471,5,9;10,8;10,,6000,6000
11471,6,,8;10,当院では初期検査を妊娠12週で統一している為、3回目⇒20週、10回目⇒36週、14回目⇒40週になる。,6000,6000
11471,7,,8;9;10,,6000,6000
11471,8,,8;10,3D/4Dは毎回しており、オプションではない。,6000,6000
11471,9,,8;10,,6000,6000
11472,1,1;2;3;4;5;6;7;8;9;10;12;13,,,,
11472,10,10,3;11,,,
11472,11,15,1;8,,,
11472,12,,1,,,
11472,13,,1;8,,,
11472,14,,1,,,
11472,2,13,,,,
11472,3,13,,,,
11472,4,13;14,9,,,
11472,6,9;10,4;11,母親学級,,
11472,7,,8;9,,,
11472,8,,10,"4Dエコーは希望で
RSワクチンを希望で",,
11472,9,,8,母親学級,,
11473,1,1;2;3;4;5;6;7;8;9;10;12;13,2;6,,"5,000円",5000
11473,10,,8;10,,"2,000円",2000
11473,11,10;13;15,,,0円,0
11473,12,,8,,"2,000円",2000
11473,13,,1;8,,"2,630円",2630
11473,14,,8,,"2,000円",2000
11473,2,,8,,"2,000円",2000
11473,3,,8,,"2,000円",2000
11473,4,13;14,,,"1,500円",1500
11473,5,,8,,"2,000円",2000
11473,6,7;9;10;11,4;8,,"3,000円",3000
11473,7,,8;10,,"2,000円",2000
11473,8,13,9;10,,0円,0
11473,9,,8;10,,"2,000円",2000
11475,1,1;2;4;5;6;7;8;9;10;12;13,6,血糖検査,"24,940円",24940
11475,10,,8,,"8,560円",8560
11475,11,10;13;15,3,○,"14,220円",14220
11475,12,,1;8,,"8,560円",8560
11475,13,,1;8,,"8,560円",8560
11475,14,,1;8,,"8,560円",8560
11475,2,13,,,"8,560円",8560
11475,3,,8,,"8,560円",8560
11475,4,,8,,"8,560円",8560
11475,5,13,,,"8,560円",8560
11475,6,9;10;11;14,8,,"17,380円",17380
11475,7,,8,,"8,560円",8560
11475,8,,8,,"8,560円",8560
11475,9,,8,,"8,560円",8560
11478,1,1;2;3;4;5;6;7;8;9;10;11;12;13,,,"35,000円",35000
11478,10,,8,,"9,000円",9000
11478,11,10;15,2;8,,"16,000円",16000
11478,12,,1;8,,"12,000円",12000
11478,13,,1,,"8,000円",8000
11478,14,,1;8,,"12,000円",12000
11478,2,13,,,"9,000円",9000
11478,3,13,,,"9,000円",9000
11478,4,13,,,"18,000円",18000
11478,5,9;10;14,8,,"12,000円",12000
11478,6,,8,,"9,000円",9000
11478,7,,8,,"9,000円",9000
11478,8,,8,,"9,000円",9000
11478,9,,8,,"9,000円",9000
11479,1,1;2;3;4;5;6;7;8;9;10;12;13,,,,
11479,10,,8,,,
11479,11,10;13;15,1;2,,,
11479,12,,1;8,,,
11479,13,,1;8,,,
11479,14,,1;8,,,
11479,2,13,8,,受診票,
11479,3,,8,,受診票,
11479,4,13,8,,,
11479,5,9;10;11;13;14,,,,
11479,6,,8,,受診票,
11479,7,,8,,受診票,
11479,8,,8,,,
11479,9,,8,,,
11480,1,1;2;3;4;5;6;7;8;9;10;11;12;13,2;6;10;11,初期助産師指導,"26,000円",26000
11480,10,,8;10,,"7,000円",7000
11480,11,15,8;10;11,後期助産師指導,"15,000円",15000
11480,12,,1;8;10,,"8,000円",8000
11480,13,,1;8;10,,"8,000円",8000
11480,14,,1;8;10,,"8,000円",8000
11480,2,13,10,,"7,000円",7000
11480,3,13,10,,"7,000円",7000
11480,4,13;14,10,,"12,000円",12000
11480,5,9;10,4;5;8;10;11,中期助産師指導,"12,000円",12000
11480,6,,8;10,,"7,000円",7000
11480,7,,8;10,,"7,000円",7000
11480,8,,8;10,,"7,000円",7000
11480,9,,8;10,,"7,000円",7000
11483,1,1;2;3;4;5;6;7;8;9;10,10,,,
11483,10,13,10,,,
11483,11,,1;10,,,
11483,12,10,1;10,,,
11483,13,,1;10,,,
11483,14,13,1;10,,,
11483,2,12,10,,,
11483,3,13,10,,,
11483,4,13,10,,,
11483,5,9;11,10,,,
11483,6,,10,,,
11483,7,10,10,,,
11483,8,14,10,,,
11483,9,15,10,,,
11484,1,1;2;3;4;5;6;7;8;9;10;12;13,,,27010,27010
11484,10,15,8,名古屋市の方は、血算検査あり,12540,12540
11484,11,10;13,,名古屋市の方は、血算検査あり,11880,11880
11484,12,,8,名古屋市以外の方は血算検査あり,6800,6800
11484,13,,1;8,,8800,8800
11484,14,,1;8,,8800,8800
11484,2,,8,,6800,6800
11484,3,,8,,6800,6800
11484,4,13,,名古屋市の方は、血算検査あり,11880,11880
11484,5,,8,,6800,6800
11484,6,,8,名古屋市の方は、血算検査あり,11880,11880
11484,7,9;10;11,8,名古屋市以外の方は、採血検査はなし,13450,13450
11484,8,13;14,,名古屋市以外の方は、血糖、血算、性器クラミジア検査あり,12680,12680
11484,9,,8,,6800,6800
11486,10,13,,,"2,000円",2000
11486,11,13;15,,,0円,0
11486,12,10,,,0円,0
11486,13,,1;8,,"2,700円",2700
11486,14,,1;8,,"2,700円",2700
11486,2,1;2;3;4;5;6;7;8;9;10;11;12;13;14,,当院では母子手帳交付後初回の健診を12週に行っています。,0円,0
11486,3,,,,0円,0
11486,4,13,,,0円,0
11486,5,,8,,"2,000円",2000
11486,6,,8,,"2,000円",2000
11486,7,9;10,8,,"2,000円",2000
11486,8,,8,,"2,000円",2000
11486,9,,8,,"2,000円",2000
11487,1,1;2;3;4;5;6;7;8;9;10;12;13,3;6,,,
11487,11,13;15,,,,
11487,2,13,,,,
11487,5,9;10;13;14,,,,
11487,7,11,,,,
11488,1,1;2;3;4;5;6;7;8;9;10;11;12;13,6;11,,"26,190円",26190
11488,10,15,8;9;10,,"8,880円",8880
11488,11,10;13,9;10,,"11,720円",11720
11488,12,,8;9;10,,"5,080円",5080
11488,13,,8;9;10,,"5,080円",5080
11488,14,,8;9;10,,"5,080円",5080
11488,2,,8;9;10,,"5,080円",5080
11488,3,,8;9;10,,"5,080円",5080
11488,4,13,9;10;11,,"9,860円",9860
11488,5,,8;9;10,,"5,080円",5080
11488,6,,8;9;10,,"5,080円",5080
11488,7,9;10;13;14,2;9;10;11,,"17,050円",17050
11488,8,,8;9;10,,"5,080円",5080
11488,9,,8;9;10,,"5,080円",5080
11489,1,1;2;3;4;5;6;7;8;9;10;11;12;13,,,"29,680円",29680
11489,10,,8,,"6,180円",6180
11489,11,10;13;15,1,血糖検査,"9,880円",9880
11489,12,,8,,"6,180円",6180
11489,13,,1;8,,"7,680円",7680
11489,14,,8,,"6,180円",6180
11489,2,,8,,"6,180円",6180
11489,3,,8,,"6,180円",6180
11489,4,13,,,"6,180円",6180
11489,5,,8,,"6,180円",6180
11489,6,9;10;13;14,2,,"7,650円",7650
11489,7,,8,,"6,180円",6180
11489,8,,8,,"6,180円",6180
11489,9,,8,,"6,180円",6180
11490,1,1;2;3;4;5;6;7;8;9;10;11;12;13,6,,,
11490,10,15,8,,,
11490,11,10;13,,,,
11490,12,,8,,,
11490,13,,8,,,
11490,14,,8,,,
11490,2,13,,,,
11490,3,14,8,,,
11490,4,,8,,,
11490,5,13,4,,,
11490,6,,8,,,
11490,7,,8,,,
11490,8,9;10,8,,,
11490,9,,8,,,
11491,1,1;2;3;4;5;6;7;8;9;10;11;12;13,9;10;11,,24010,24010
11491,10,,9;10;11,胎児ｽｸﾘｰﾆﾝｸﾞ検査,6200,6200
11491,11,10;13;15,9;10;11,,13330,13330
11491,12,,1;9;10;11,,9800,9800
11491,13,,1;9;10;11,,9800,9800
11491,14,,1;9;10;11,,9800,9800
11491,2,,9;10;11,,7700,7700
11491,3,,9;10;11,胎児ｽｸﾘｰﾆﾝｸﾞ検査,6200,6200
11491,4,13,9;10;11,,7700,7700
11491,5,,9;10;11,,7700,7700
11491,6,9;10;13,9;10;11,,11080,11080
11491,7,14,9;10;11,胎児ｽｸﾘｰﾆﾝｸﾞ検査,8480,8480
11491,8,,9;10;11,,7700,7700
11491,9,,9;10;11,,7700,7700
11492,1,1;2;3;4;5;6;7;8;9;10;12;13;14,5,,,
11492,10,,8,,,
11492,11,10;13;15,1,,,
11492,12,,8,,,
11492,13,,8,,,
11492,14,,8,,,
11492,2,,8,,,
11492,3,,8,,,
11492,4,13,9,,,
11492,5,10;11,4;8,,,
11492,6,,8,,,
11492,7,13,,,,
11492,8,,8;9,,,
11492,9,,8,,,
11493,1,1;2;3;4;5;6;7;8;9;10;11;12;13;14,6,梅毒トレポネーマ抗体定性,"31,900円",31900
11493,10,,8,,"7,780円",7780
11493,11,10;15,2;3;8,,"13,440円",13440
11493,12,13,1,,"12,560円",12560
11493,13,,1,,"7,780円",7780
11493,14,,1;8,,"9,780円",9780
11493,2,,8,,"7,780円",7780
11493,3,13,9,,"10,560円",10560
11493,4,,8,,"7,780円",7780
11493,5,9;10,8,,"11,190円",11190
11493,6,13,,,"10,560円",10560
11493,7,,8;9,,"7,780円",7780
11493,8,,8,,"7,780円",7780
11493,9,,8,,"7,780円",7780
11497,1,1;2;3;4;5;6;7;8;9;10;11;12;13,2;6,HPV,,
11497,10,,8;10,,3000,3000
11497,11,15,8;10,,,
11497,12,10,8;10,,,
11497,13,13,10,3回目と入れ替わることあり,0,0
11497,14,,8;10,,3000,3000
11497,2,13,10,,0,0
11497,3,,8;10,,3000,3000
11497,4,14,8;10,,,
11497,5,9;10,8;10,,,
11497,6,13,10,,0,0
11497,7,,8;10,,3000,3000
11497,8,,8;10,,3000,3000
11497,9,,8;10,,3000,3000
11498,1,1;2;3;4;5;6;7;8;9;10;11;12;13,6;10;9,,22600,22600
11498,10,13,10;9,,5830,5830
11498,11,10;13;15,10;9,,12020,12020
11498,12,13,10;9,,5830,5830
11498,13,13,1;10;9,,6830,6830
11498,14,13,1;10;9,,6830,6830
11498,2,13,10;9,,6360,6360
11498,3,13,10;9,,6360,6360
11498,4,9;13,10;9,,8310,8310
11498,5,13;9,10;9,宮崎県では血糖検査は助成券4回目に含まれているため20週頃に実施している。,6360,6360
11498,6,13,10;9,,6360,6360
11498,7,10;13;14,10;9,,11470,11470
11498,8,13,10;9,,5830,5830
11498,9,13,10;9,,6360,6360
11499,1,1;2;3;4;5;6;7;8;9;10;12;13,,,,
11499,10,,10,,,
11499,11,10;13;15,10,,,
11499,12,,10,,,
11499,13,,10,,,
11499,14,,10,,,
11499,2,,,15. B群溶血性レンサ球菌(GBS)検査,,
11499,3,,10,,,
11499,4,,10,,,
11499,5,,10,,,
11499,6,,10,,,
11499,7,,10,,,
11499,8,9;10;11;13;14,10,15. B群溶血性レンサ球菌(GBS)検査,,
11499,9,,10,,,
11501,1,1;2;3;4;5;6;7;8;9;10;11;12;13,9;10;11,,"27,610円",27610
11501,10,,10,,"3,780円",3780
11501,11,10;13;15,1;10;11,,"17,740円",17740
11501,12,,10,,"3,260円",3260
11501,13,,10,,"3,780円",3780
11501,14,,10,,"3,780円",3780
11501,2,,10,,"5,780円",5780
11501,3,,10,,"5,780円",5780
11501,4,13,9;10,,"10,560円",10560
11501,5,,10;11,,"5,780円",5780
11501,6,,10,,"3,780円",3780
11501,7,,10,,"5,780円",5780
11501,8,9;10;13;14,9;10,"当院では
Fe
フェリチン定量検査を24週までに
１回実施している","11,970円",11970
11501,9,,10,,"5,780円",5780
11503,1,1;2;3;4;5;6;7;8;9;10;11;12;13;14,6,,,
11503,10,,8,,,
11503,11,10;13;15,1,,,
11503,12,,1;8,,,
11503,13,,1;8,,,
11503,14,,1;8,,,
11503,2,13,,,,
11503,3,,8,,,
11503,4,,8,頸管長チェック,,
11503,5,9;13,,血算,,
11503,6,,8,,,
11503,7,,8,,,
11503,8,10,8,頸管長チェック,,
11503,9,,8,,,
11504,1,13,,,"5,000円",5000
11504,10,15,10,当院では毎回経膣エコー実施　4D状況により実施,"10,000円",10000
11504,11,13,1,当院では毎回経膣エコー実施　4D状況により実施,"8,600円",8600
11504,12,,1;10,当院では毎回経膣エコー実施　4D状況により実施,"8,600円",8600
11504,13,,1;10,当院では毎回経膣エコー実施　4D状況により実施,"8,600円",8600
11504,14,,1;10,当院では毎回経膣エコー実施　4D状況により実施,"8,600円",8600
11504,2,1;2;3;4;5;6;7;8;9;10;11;12;13;14,3;6,6．トキソプラズマ抗体検査：希望者のみ実施,"38,000円",38000
11504,3,,10,当院では毎回経膣エコー実施　4D状況により実施,"6,500円",6500
11504,4,,9;10,当院では毎回経膣エコー実施　4D状況により実施　胎児スクリーニング検査は希望者のみ,"6,500円",6500
11504,5,13,,当院では毎回経膣エコー実施　4D状況により実施,"6,500円",6500
11504,6,,10,当院では毎回経膣エコー実施　4D状況により実施,"6,500円",6500
11504,7,9;10,3;10,当院では毎回経膣エコー実施　4D状況により実施,"15,900円",15900
11504,8,,10,当院では毎回経膣エコー実施　4D状況により実施,"6,500円",6500
11504,9,,10,当院では毎回経膣エコー実施　4D状況により実施,"6,500円",6500
11505,1,1;2;3;4;5;6;7;8;9;10;11;12;13,,,,
11505,11,13,,,,
11505,3,13,,,,
11505,5,14,,,,
11505,7,13,,,,
11505,8,9;10,,,,
11506,1,1;2;3;4;5;6;7;8;9;10;12;13,6;7,,"24,910円",24910
11506,10,,9,,"6,650円",6650
11506,11,13;15,1,,"15,220円",15220
11506,12,,1;9,,"17,180円",17180
11506,13,,1;9,,"17,180円",17180
11506,14,,1;9,,"17,180円",17180
11506,2,,9,,"3,654円",3654
11506,3,,9,,"3,654円",3654
11506,4,,9,,"3,654円",3654
11506,5,,9,,"3,654円",3654
11506,6,9;11;13;14,,24週頃に実施。5回目補助券と入れ替えて先に使用する事あり。,"17,870円",17870
11506,7,,9,,"6,750円",6750
11506,8,,8,,"7,590円",7590
11506,9,,9,,"6,750円",6750
11507,1,1;2;3;4;5;6;7;8;9;10;12;13,6;10,,,
11507,10,,8,,,
11507,11,10;15,8,不規則抗体検査,,
11507,12,,1;8,,,
11507,13,,1;8,,,
11507,14,,1;8,,,
11507,2,13,,,,
11507,3,13,,,,
11507,4,11;13;14,,血糖検査・血算検査,,
11507,5,,8,,,
11507,6,,8,,,
11507,7,,8;10,,,
11507,8,9;10,2;8,,,
11507,9,,8,,,
11509,1,1;2;3;4;5;6;7;8;9;10;11;12;13;14,2;6,,"34,780円",34780
11509,10,,8,,"7,590円",7590
11509,11,10;15,2;3;8,,"17,090円",17090
11509,12,,8,,"7,590円",7590
11509,13,,1;8,,"10,590円",10590
11509,14,,8,,"7,590円",7590
11509,2,,8,,"7,590円",7590
11509,3,,8,,"7,590円",7590
11509,4,13,9,,"11,590円",11590
11509,5,9;13,4,,"14,490円",14490
11509,6,,8,,"7,590円",7590
11509,7,,8,,"12,890円",12890
11509,8,,8,,"7,590円",7590
11509,9,10;13,3,,"11,490円",11490
11510,1,1;2;3;4;5;6;8;9;10;11;12;13,6,,,
11510,10,,8,,,
11510,11,15,1;8,,"2,000円",2000
11510,12,,1;8,,"2,000円",2000
11510,13,,1;8,,"2,000円",2000
11510,14,,1;8,,"2,000円",2000
11510,2,13,,,,
11510,3,13,,,,
11510,4,13;14,4,75ℊOGTT,"2,500円",2500
11510,5,,8,,,
11510,6,,8,,,
11510,7,,8,,,
11510,8,,8,,,
11510,9,,1;8,,"2,000円",2000
11511,1,1;2;3;4;5;6;7;8;9;10;12;13,,,"24,630円",24630
11511,10,,8;10,,"10,950円",10950
11511,11,15,8;10,,"6,960円",6960
11511,12,10;13,10,当院では血液型、不規則抗体検査は36-37週頃にも実施している。,"13,190円",13190
11511,13,,8;10,,"6,960円",6960
11511,14,,8;10,,"6,960円",6960
11511,2,,8;10,,"6,960円",6960
11511,3,,8;10,,"6,960円",6960
11511,4,13;14,9;10,当院では血算検査は20週頃にも実施している。,"9,450円",9450
11511,5,,8;10,,"6,960円",6960
11511,6,9;10;11,8;10,,"6,960円",6960
11511,7,,8;10,,"6,960円",6960
11511,8,13,9;10,,"19,820円",19820
11511,9,,8;10,,"6,960円",6960
11513,1,1;2;3;4;5;6;7;8;9;10;12,6;10;11,,"29,750円",29750
11513,10,,8;10,,"9,700円",9700
11513,11,15,2;3;8;10,,"14,700円",14700
11513,12,,1;10,,"11,800円",11800
11513,13,,1;10,,"11,800円",11800
11513,14,,1;10,,"11,800円",11800
11513,2,13,10,,"9,700円",9700
11513,3,14,10,,"14,700円",14700
11513,4,13,10,,"9,700円",9700
11513,5,11,4;10,,"15,700円",15700
11513,6,13,10,,"9,700円",9700
11513,7,,8;10,,"9,700円",9700
11513,8,,8;10,,"9,700円",9700
11513,9,,8;10;11,,"9,700円",9700
11514,1,1;2;3;4;5;6;7;8;9;10;11;12,6;8;10;11,,"32,720円",32720
11514,10,9;10;13;15,1;2;3;10;11,,"18,360円",18360
11514,11,13,1;10;11,,"8,360円",8360
11514,12,10,1;8;10,,"9,100円",9100
11514,13,,1;8;10,,"7,050円",7050
11514,14,,1;8;10,,"7,050円",7050
11514,2,13;14,10,,"8,600円",8600
11514,3,,8;10,,"5,000円",5000
11514,4,13,9;10,,"10,390円",10390
11514,5,,8;10,,"5,000円",5000
11514,6,,8;10,,"5,000円",5000
11514,7,,8;10,,"5,000円",5000
11514,8,,8;10,,"5,000円",5000
11514,9,,8;10,,"5,000円",5000
11515,1,1;2;3;4;5;6;7;8;9;10;12;13,5;6,,,
11515,10,,8,,,
11515,11,10;13;15,2;6,,,
11515,12,,1;8,,,
11515,13,,1;8,,,
11515,14,,1;8,,,
11515,2,,8,,,
11515,3,,8,,,
11515,4,13,,,,
11515,5,,4;6;8,,,
11515,6,,8,,,
11515,7,,8,,,
11515,8,10;11;13;14,,,,
11515,9,,8,,,
11516,1,1;2;3;4;5;6;7;8;9;10;12;13,6,,"21,700円",21700
11516,10,,8,,"6,000円",6000
11516,11,10;13;15,,,"11,200円",11200
11516,12,,8,,"6,000円",6000
11516,13,,1;8,,"9,300円",9300
11516,14,,1;8,,"9,300円",9300
11516,2,13,,,"6,000円",6000
11516,3,,8,,"6,000円",6000
11516,4,14,8,,"113,000円",113000
11516,5,13,,,"6,000円",6000
11516,6,,8,,"6,000円",6000
11516,7,9;10;11,8,３D/４Dエコーは、条件のよい時に適時施行します,"13,400円",13400
11516,8,,8,,"6,000円",6000
11516,9,,8,,"6,000円",6000
11517,1,1;2;3;4;5;6;7;8;9;10;11;12,5;6;8,,,
11517,10,,8,,,
11517,11,10;15,2;6;8,,,
11517,12,13,1,,,
11517,13,,1;8,,,
11517,14,,1;8,,,
11517,2,13,,,,
11517,3,,8,,,
11517,4,13,,,,
11517,5,10,4;6;8,,,
11517,6,13,,,,
11517,7,,8,,,
11517,8,14,8,,,
11517,9,,8,,,
11518,1,1;2;3;4;5;6;7;8;9;10;11;12;13;14,5;6;7;10,GBS検査,31510,31510
11518,10,,8;10,,6760,6760
11518,11,10;13;15,1;10,,16570,16570
11518,12,,1,助産師外来,7760,7760
11518,13,,1;8;10,,7260,7260
11518,14,,1;8;10,,7260,7260
11518,2,,8;10,,9760,9760
11518,3,,8;10,,6760,6760
11518,4,13,8;10,,6760,6760
11518,5,,4;9;10,,12090,12090
11518,6,,8;10,,6760,6760
11518,7,,8;10,,6760,6760
11518,8,10;13,10,,12370,12370
11518,9,,8;10,,6760,6760
11519,1,1;2;3;4;5;6;7;8;9;10;12;13,5;6,,,
11519,10,,8,,,
11519,11,10;13;15,2;6,,,
11519,12,,1;8,,,
11519,13,,1;8,,,
11519,14,,1;8,,,
11519,2,,8,,,
11519,3,,8,,,
11519,4,13,,,,
11519,5,,4;6;8,,,
11519,6,,8,,,
11519,7,,8,,,
11519,8,10;11;13;14,,,,
11519,9,,8,,,
11520,1,1;2;3;4;5;6;7;8;9;10;11;12,5;6;8,,,
11520,10,,8,,,
11520,11,10;15,2;6;8,,,
11520,12,13,1,,,
11520,13,,1;8,,,
11520,14,,1;8,,,
11520,2,13,,,,
11520,3,,8,,,
11520,4,13,,,,
11520,5,10,4;6;8,,,
11520,6,13,,,,
11520,7,,8,,,
11520,8,14,8,,,
11520,9,,8,,,
11521,1,1;2;3;4;5;6;7;8;9;10;12;13,5;6,,,
11521,10,,8,,,
11521,11,10;15,2;6;8,,,
11521,12,13,1,,,
11521,13,,1;8,,,
11521,14,,1;8,,,
11521,2,,8,,,
11521,3,,8,,,
11521,4,13,,,,
11521,5,10,4;6;8,,,
11521,6,,8,,,
11521,7,14,8,,,
11521,8,9;11;13,,,,
11521,9,,8,,,
11522,1,1;2;3;4;5;6;7;8;9;10;11;12,6;7;9;10;11,,"30,220円",30220
11522,10,15,1;9;10;11,,"7,300円",7300
11522,11,,1;9;10;11,,"6,000円",6000
11522,12,10,9;10;11,,"7,000円",7000
11522,13,,9;10,,"5,000円",5000
11522,14,,9;10,,"5,000円",5000
11522,2,,9;10,,"5,000円",5000
11522,3,14,9;10;11,,"7,500円",7500
11522,4,13,9;10;11,,"7,000円",7000
11522,5,9,9;10,,"7,000円",7000
11522,6,,9;10;11,,"5,000円",5000
11522,7,,9;10,,"5,000円",5000
11522,8,10,9;10,,"7,000円",7000
11522,9,,9;10,,"5,000円",5000
11523,1,1;2;3;4;5;6;7;8;9;10;11;12;13,9;10,,,
11523,10,,8;9;10,,,
11523,11,13;15,9;10,,,
11523,12,10,1;8;9;10,,,
11523,13,,8;9;10,,,
11523,14,,8;9;10,,,
11523,2,,8;9;10,,,
11523,3,,8;9;10,,,
11523,4,13,9;10,,,
11523,5,,8;9;10,,,
11523,6,9,8;9;10,,,
11523,7,14,8;9;10,,,
11523,8,10;13,9;10,,,
11523,9,,8;9;10,,,
11524,1,1;2;3;4;5;6;7;8;9;10;12;13,5;6,,,
11524,10,,8,,,
11524,11,10;15,2;6;8,,,
11524,12,13,1,,,
11524,13,,1;8,,,
11524,14,,1;8,,,
11524,2,,8,,,
11524,3,,8,,,
11524,4,13,,,,
11524,5,10,4;6;8,,,
11524,6,,8,,,
11524,7,14,8,,,
11524,8,9;11;13,,,,
11524,9,,8,,,
11525,1,1;2;3;4;5;6;7;8;9;10;11;12;13;14,,,23460,23460
11525,10,,8,,5780,5780
11525,11,10;13;15,1;8,,11870,11870
11525,12,,1;10,,5780,5780
11525,13,,1;8,,5780,5780
11525,14,,1;8,,5780,5780
11525,2,,8,,6310,6310
11525,3,,10,,6310,6310
11525,4,13,,,6310,6310
11525,5,13,,,6310,6310
11525,6,9;10,8,,9190,9190
11525,7,,10,,5780,5780
11525,8,,8,,6310,6310
11525,9,,8,,6310,6310
11526,1,1;2;3;4;5;6;7;8;9;10;12;13,5;6,,,
11526,10,,8,,,
11526,11,10;13;15,2;6,,,
11526,12,,1;8,,,
11526,13,,1;8,,,
11526,14,,1;8,,,
11526,2,,8,,,
11526,3,,8,,,
11526,4,13,,,,
11526,5,,4;6;8,,,
11526,6,,8,,,
11526,7,,8,,,
11526,8,10;11;13;14,,,,
11526,9,,8,,,
11527,1,1;2;3;4;5;6;7;8;9;10;12;13,5;6,,,
11527,10,,8,,,
11527,11,10;15,2;6;8,,,
11527,12,13,1,,,
11527,13,,1;8,,,
11527,14,,1;8,,,
11527,2,,8,,,
11527,3,,8,,,
11527,4,13,,,,
11527,5,10,4;6;8,,,
11527,6,,8,,,
11527,7,14,8,,,
11527,8,9;11;13,,,,
11527,9,,8,,,
11528,1,1;2;3;4;5;6;7;8;9;10;12;13,5;6,,,
11528,10,,8,,,
11528,11,10;13;15,2;6,,,
11528,12,,1;8,,,
11528,13,,1;8,,,
11528,14,,1;8,,,
11528,2,,8,,,
11528,3,,8,,,
11528,4,13,,,,
11528,5,,4;6;8,,,
11528,6,,8,,,
11528,7,,8,,,
11528,8,10;11;13;14,,,,
11528,9,,8,,,
11531,1,1;2;3;4;5;6;7;8;9;10;12;13,5;6,,,
11531,10,,8,,,
11531,11,10;13;15,2;6,,,
11531,12,,1;8,,,
11531,13,,1;8,,,
11531,14,,1;8,,,
11531,2,,8,,,
11531,3,,8,,,
11531,4,13,,,,
11531,5,,4;6;8,,,
11531,6,,8,,,
11531,7,,8,,,
11531,8,10;11;13;14,,,,
11531,9,,8,,,
11532,1,1;2;4;5;6;7;8;9;10;11;13,6,"初診時に実施していない場合は細胞診検査
関節クームス
麻疹抗体検査","15,000円",15000
11532,10,,8,,"6,000円",6000
11532,11,10;13;15,1,初診時に実施していない場合は細胞診検査,"13,460円",13460
11532,12,,1;8,,"6,000円",6000
11532,13,,1;8,,"6,000円",6000
11532,14,,1;8,,"6,000円",6000
11532,2,13,,,"6,000円",6000
11532,3,,8,,"6,000円",6000
11532,4,14,8,,"9,380円",9380
11532,5,9;10;13,4,,"9,410円",9410
11532,6,,8,,"6,000円",6000
11532,7,,8,,"6,000円",6000
11532,8,,8,,"6,000円",6000
11532,9,,,,"6,000円",6000
11534,1,1;2;3;4;5;6;7;8;9;10;11;12,5;6;8,,,
11534,10,,8,,,
11534,11,10;15,2;6;8,,,
11534,12,13,1,,,
11534,13,,1;8,,,
11534,14,,1;8,,,
11534,2,13,,,,
11534,3,,8,,,
11534,4,13,,,,
11534,5,10,4;6;8,,,
11534,6,13,,,,
11534,7,,8,,,
11534,8,14,8,,,
11534,9,,8,,,
11535,1,1;2;3;4;5;6;7;8;9;10;12;13,5;6,,,
11535,10,,8,,,
11535,11,10;13;15,2;6,,,
11535,12,,1;8,,,
11535,13,,1;8,,,
11535,14,,1;8,,,
11535,2,,8,,,
11535,3,,8,,,
11535,4,13,,,,
11535,5,,4;6;8,,,
11535,6,,8,,,
11535,7,,8,,,
11535,8,10;11;13;14,,,,
11535,9,,8,,,
11536,1,1;2;3;4;5;6;7;8;9;10;11;12;14,5;6;8,,,
11536,10,,8,,,
11536,11,10;13;15,2;6,,,
11536,12,,1;8,,,
11536,13,,1;8,,,
11536,14,,1;8,,,
11536,2,13,,,,
11536,3,,8,,,
11536,4,13,,,,
11536,5,10;13,4;6,,,
11536,6,,8,,,
11536,7,,8,,,
11536,8,,8,,,
11536,9,,8,,,
11537,1,1;2;3;4;5;6;7;8;9;10;12;13,5;6,,,
11537,10,,8,,,
11537,11,10;13;15,2;6,,,
11537,12,,1;8,,,
11537,13,,1;8,,,
11537,14,,1;8,,,
11537,2,,8,,,
11537,3,,8,,,
11537,4,13,,,,
11537,5,,4;6;8,,,
11537,6,,8,,,
11537,7,,8,,,
11537,8,10;11;13;14,,,,
11537,9,,8,,,
11539,1,1;2;3;4;5;6;7;8;9;10;12,5;6;8,,,
11539,10,,8,,,
11539,11,10;13;15,2;6,,,
11539,12,,1;8,,,
11539,13,,1;8,,,
11539,14,,1;8,,,
11539,2,13,,,,
11539,3,,8,,,
11539,4,13,,,,
11539,5,10,4;6;8,,,
11539,6,11,8,,,
11539,7,14,8,,,
11539,8,,8,,,
11539,9,13,,,,
11540,1,1;2;3;4;5;6;7;8;9;10;12;13,5;6,,,
11540,10,,8,,,
11540,11,10;15,2;6;8,,,
11540,12,13,1,,,
11540,13,,1;8,,,
11540,14,,1;8,,,
11540,2,,8,,,
11540,3,,8,,,
11540,4,13,,,,
11540,5,10,4;6;8,,,
11540,6,,8,,,
11540,7,14,8,,,
11540,8,9;11;13,,,,
11540,9,,8,,,
11541,1,1;2;3;4;5;6;7;8;9;10;12;13,6;8;9;10,,"21,860円",21860
11541,10,,8;9;10,,"5,080円",5080
11541,11,10;13;15,2;8;9;10,,"6,560円",6560
11541,12,,8;9;10,,"13,920円",13920
11541,13,,1;8;9;10,,"8,660円",8660
11541,14,,1;8;9;10,,"8,660円",8660
11541,2,,8;9;10,,"10,360円",10360
11541,3,,8;9;10,,"5,080円",5080
11541,4,13,8;9;10,,"10,360円",10360
11541,5,,8;9;10,,"5,080円",5080
11541,6,10;11,4;8;9;10,,"6,560円",6560
11541,7,14,8;9;10,,"10,360円",10360
11541,8,13,8;9;10,,"13,260円",13260
11541,9,,8;9;10,,"10,360円",10360
11542,1,1;2;3;4;5;6;7;8;9;10;12;13,5;6,,,
11542,10,,8,,,
11542,11,10;13;15,2;6,,,
11542,12,,1;8,,,
11542,13,,1;8,,,
11542,14,,1;8,,,
11542,2,,8,,,
11542,3,,8,,,
11542,4,13,,,,
11542,5,11;13,4;6,,,
11542,6,,8,,,
11542,7,,8,,,
11542,8,14,8,,,
11542,9,,8,,,
11544,1,1;2;3;4;6;7;8;9;10;11;12,2;3;5;11,,"21,480円",21480
11544,10,15,10;11,,"10,300円",10300
11544,11,10,10;11,,"8,690円",8690
11544,12,,1;10;11,,"8,100円",8100
11544,13,,1;10;11,,"8,100円",8100
11544,14,,1;10;11,,"8,100円",8100
11544,2,13,9;11,,"9,880円",9880
11544,3,,10;11,,"7,100円",7100
11544,4,14,9;10;11,,"18,700円",18700
11544,5,13,10;11,,"9,880円",9880
11544,6,9;10,10;11,,"15,020円",15020
11544,7,,10;11,,"7,100円",7100
11544,8,,10;11,,"7,100円",7100
11544,9,,10;11,,"7,100円",7100
11545,1,1;2;3;4;5;6;7;8;9;10;12;13;14,2;5,HbA1c,"34,540円",34540
11545,10,,8,,"20,010円",20010
11545,11,10;13;15,1;2;3,血糖検査,"9,080円",9080
11545,12,,8,,"5,370円",5370
11545,13,,8,,"5,370円",5370
11545,14,,1;8,,"7,470円",7470
11545,2,,8,,"9,080円",9080
11545,3,,8,,"9,080円",9080
11545,4,13,,,"9,080円",9080
11545,5,,8,,"5,370円",5370
11545,6,,8,,"15,630円",15630
11545,7,9;10;11;13,,Fe,"5,370円",5370
11545,8,,8,,"10,380円",10380
11545,9,,8,心電図,"5,370円",5370
11546,1,1;2;3;4;5;6;7;8;9;10;11;12;13,,,24140,24140
11546,10,15,1;8,,9900,9900
11546,11,10;13,1,,12210,12210
11546,12,,1;8,,6100,6100
11546,13,,1;8,,6100,6100
11546,14,,1;8,,6100,6100
11546,2,13,,,9300,9300
11546,3,,8,,5050,5050
11546,4,,8,,5050,5050
11546,5,,8,,5050,5050
11546,6,,8,,5050,5050
11546,7,9;10;13;14,,,14990,14990
11546,8,,8,,5050,5050
11546,9,,1;8,,6100,6100
11550,1,1;2;3;4;5;6;7;8;9;10;11;13,5,,"21,080円",21080
11550,10,15,8,,"10,500円",10500
11550,11,10,1;3;8,,"8,490円",8490
11550,12,,1;8,,"6,900円",6900
11550,13,,1;8,,"6,900円",6900
11550,14,,1;8,,"6,900円",6900
11550,2,13,,,"9,880円",9880
11550,3,,8,,"7,300円",7300
11550,4,13,,末梢血液一般検査,"10,580円",10580
11550,5,,8,,"7,300円",7300
11550,6,14,8,,"10,900円",10900
11550,7,9;13,,,"13,020円",13020
11550,8,,8,,"7,300円",7300
11550,9,,8,,"7,300円",7300
11551,1,1;2;3;4;5;6;7;8;9;10;11;12;13,5;6,麻疹ウイルス抗体,"県内10,390円 県外30,890円",10390
11551,10,,8,,"県内4,000円 県外8,500円",4000
11551,11,15,2;3;8,C/S、無痛分娩の方は、凝固、肝機能検査あり,"県内5,590円 県外10,090円",5590
11551,12,,8,,"県内5,590円 県外10,090円",5590
11551,13,,8,,"県内9,500円 県外14,000円",9500
11551,14,,1;8,,"県内7,500円 県外12,000円",7500
11551,2,13,9,,"県内4,890円 県外14,390円",4890
11551,3,13,,,"県内5,300円 県外9,800円",5300
11551,4,13,9,,"県内4,890円 県外14,390円",4890
11551,5,14,8,,"県内300円 県外9,800円",300
11551,6,,8,,"県内5,500円 県外15,000円",5500
11551,7,,4;8,,"県内300円 県外9,800円",300
11551,8,,8,,"県内5,300円 県外9,800円",5300
11551,9,,8,,"県内5,300円 県外9,800円",5300
11552,1,1;2;3;4;5;6;7;8;9;10;12;13,,,,
11552,10,15,1,,,
11552,11,10;13,1,,,
11552,12,,1,,,
11552,13,,1,,,
11552,14,,1,,,
11552,4,13,,,,
11552,8,9;10;11;13;14,,,,
11553,1,1;2;3;4;5;6;7;8;9;10,5;6;7;10,当院では子宮頸癌検診、超音波検査、GBS検査は1回目以前に実施している。,20000,20000
11553,10,,10,,5000,5000
11553,11,10;15,1;10,,13000,13000
11553,12,,1;10,,7000,7000
11553,13,,1;10,,7000,7000
11553,14,,1;10,,7000,7000
11553,2,,10,,5000,5000
11553,3,,10,,5000,5000
11553,4,,9;10,,10000,10000
11553,5,14,10,,8000,8000
11553,6,9;11;10,2;10,,8000,8000
11553,7,,10,,5000,5000
11553,8,,9;10,当院では30週胎児超音波検査は当院出産の方のみ実施している,10000,10000
11553,9,,10,,5000,5000
11555,1,1;2;3;4;5;6;7;8;9;10;11;12;13;14,7,,30000,30000
11555,10,15,10,,7500,7500
11555,11,,10,,5500,5500
11555,12,13,10,,5500,5500
11555,13,,1;10,,7500,7500
11555,14,,1;10,,7500,7500
11555,2,13,,,5500,5500
11555,3,13,8,,5500,5500
11555,4,,8,膣内細菌検査,7500,7500
11555,5,13,10,,5500,5500
11555,6,,10,,5500,5500
11555,7,,10,,5500,5500
11555,8,13,,膣内細菌検査,7500,7500
11555,9,10,10,,17500,17500
11556,1,1;2;3;4;5;7;8;9;10;12;13,3;6,,,
11556,10,,8,,,
11556,11,10;13;15,3,,,
11556,12,,8,,,
11556,13,,1,,,
11556,14,,8,,,
11556,2,,8,,,
11556,3,13,8,,,
11556,4,,10,,,
11556,5,,8,,,
11556,6,13;14,4,,,
11556,7,,10,,,
11556,8,,8,,,
11556,9,,8,,,
11557,1,1;2;3;4;5;6;7;8;9;10;12,6;8,,"10,000円",10000
11557,10,15,8,,"7,500円",7500
11557,11,10,3;8,,"11,000円",11000
11557,12,13,1,,"6,000円",6000
11557,13,,8,,"4,000円",4000
11557,14,,8,,"4,000円",4000
11557,2,13,,,"4,000円",4000
11557,3,13,,,"4,000円",4000
11557,4,,8;9;10,,"6,000円",6000
11557,5,,8,,"4,000円",4000
11557,6,,8,,"4,000円",4000
11557,7,,8,,"4,000円",4000
11557,8,9;10;11,8;9;10,,"8,500円",8500
11557,9,13,,,"4,000円",4000
11558,1,1;2;3;4;5;6;7;8;9;10;11;12;13;14,2;6,,"4,980円",4980
11558,10,,1;8;10,,"2,100円",2100
11558,11,13;15,10,,,
11558,12,10,8;10,フェリチン,"1,500円",1500
11558,13,,1;8;10,レントゲン（初産）,"4,970円",4970
11558,14,,8;10,,"1,500円",1500
11558,2,,8;10,,"1,500円",1500
11558,3,,10,,"1,500円",1500
11558,4,13,10,,,
11558,5,,4;8;9;10,,"1,500円",1500
11558,6,,8;10,,"1,500円",1500
11558,7,,8;10,,"1,500円",1500
11558,8,10;13,1;2;10,フェリチン,"2,650円",2650
11558,9,,8;10,,"1,500円",1500
11561,10,15,9;11,"妊娠34週
以降の
妊婦健診
を実施",8700,8700
11561,11,10;13,1;8;11,,10700,10700
11561,12,,1;8;11,,8700,8700
11561,13,,1;8;11,,8700,8700
11561,14,,1;8;11,,8700,8700
11563,1,1;2;3;4;5;6;7;8;9;10;12;13,2,,"22,000円",22000
11563,10,15,2;3;8,,"16,000円",16000
11563,11,,8,,"6,000円",6000
11563,12,13,1,,"9,000円",9000
11563,13,,1;8,,"9,000円",9000
11563,14,,1;8,,"9,000円",9000
11563,2,,8,,"6,000円",6000
11563,3,,8,,"6,000円",6000
11563,4,13,9,,"16,000円",16000
11563,5,11;14,8,,"14,000円",14000
11563,6,,8,,"6,000円",6000
11563,7,,8,,"6,000円",6000
11563,8,13,9,,"6,000円",6000
11563,9,,8,,"6,000円",6000
11564,1,1;2;3;4;5;6;7;8;9;10;11;12;13,6,,31290,31290
11564,10,,8;9,,7310,7310
11564,11,10;13,8,,7810,7810
11564,12,13,1;9,,8310,8310
11564,13,,1;8;9,,8310,8310
11564,14,,1;8;9,,8310,8310
11564,2,13,10,,7310,7310
11564,3,,10;9,,7310,7310
11564,4,13,9,,7310,7310
11564,5,13,10,,7310,7310
11564,6,,10;9,心電図,7930,7930
11564,7,9;10,10;9,心電図,9810,9810
11564,8,13;14;15,9,GBS,12310,12310
11564,9,,10;9,,7310,7310
11566,1,1;2;3;4;5;6;7;8;9;10;12;13,6;11,細菌性膣症検査,26150,26150
11566,10,15,8;10,,8470,8470
11566,11,,8,,4480,4480
11566,12,10;13,10,,11140,11140
11566,13,,1;8;10,,6790,6790
11566,14,,8;10,,4480,4480
11566,2,,8;10,,4480,4480
11566,3,,8,,4480,4480
11566,4,13,9;10,,9260,9260
11566,5,,8;10,,4480,4480
11566,6,,8,,4480,4480
11566,7,10;11;13;14,4;9;10,,20340,20340
11566,8,,8;10,,4480,4480
11566,9,,8;10,,4480,4480
11567,1,1;2;3;4;5;6;7;8;9;10;12,9,,"6,010円",6010
11567,10,,9,,"6,010円",6010
11567,11,10;13;15,9,,"7,010円",7010
11567,12,,1;9,,"6,710円",6710
11567,13,,1;9,,"6,710円",6710
11567,14,,1;9,,"6,710円",6710
11567,2,13,9,,"6,010円",6010
11567,3,14,9,,"6,010円",6010
11567,4,13,9,,"6,010円",6010
11567,5,,9,,"6,010円",6010
11567,6,9;10;11,4;9,,"6,010円",6010
11567,7,,9,,"6,010円",6010
11567,8,13,9,,"6,010円",6010
11567,9,,9,,"6,010円",6010
11568,1,1;2;3;4;5;6;7;8;9;10;11;12,2;5;10,5は医師の判断による該当者のみ.　GBS,"32,130円",32130
11568,10,9;13;15,8,,"13,420円",13420
11568,11,10,7;8;9,7.は初期検査でCMV希望者のみ,"15,090円",15090
11568,12,,9;11,9.は希望者のみ　　　　11.助産師外来,"10,420円",10420
11568,13,13,1,,"10,420円",10420
11568,14,,1;9,,"11,420円",11420
11568,2,,9;11,11.助産師外来,"10,420円",10420
11568,3,13;14,8,,"14,020円",14020
11568,4,13,,血算採血,"12,040円",12040
11568,5,,4;8;9,,"12,560円",12560
11568,6,,9;11,11.助産師外来,"10,420円",10420
11568,7,10,9,,"12,040円",12040
11568,8,,8;9,,"10,420円",10420
11568,9,,9,,"10,420円",10420
11569,1,1;2;3;4;5;6;7;8;9;10;12;13;14,6,,,
11569,11,10,,,,
11569,12,13,1,,,
11569,13,,1,,,
11569,14,,1,,,
11569,4,13,,,,
11569,5,9;10;11,,,,
11569,8,13,,,,
11569,9,15,2,,,
11571,1,1;2;3;4;5;6;7;8;9;10;11;12;13;14,6;11,,29090,29090
11571,10,,9,,7200,7200
11571,11,10;13;15,1;11,,16960,16960
11571,12,,9,,7200,7200
11571,13,,9,,7200,7200
11571,14,,9,,7200,7200
11571,2,,9;11,,7200,7200
11571,3,,9,,7200,7200
11571,4,13,,,11300,11300
11571,5,10,2;4;9,,10030,10030
11571,6,,9;11,,7200,7200
11571,7,,9,,7200,7200
11571,8,13,,,11300,11300
11571,9,,9,,7200,7200
11573,1,12;13,,,"3,700円",3700
11573,10,15,9;11,,"9,000円",9000
11573,11,10;13,1;9,,"8,000円",8000
11573,12,,1;9,,"7,000円",7000
11573,13,,1;9,,"7,000円",7000
11573,14,,1;9,,"7,000円",7000
11573,2,1;2;3;4;5;6;7;8;9;10;11;13;14,2;5;6;7;11,,"36,000円",36000
11573,3,,9,,"6,000円",6000
11573,4,,9,,"6,000円",6000
11573,5,13,9;11,,"6,000円",6000
11573,6,10,9,,"7,000円",7000
11573,7,,9,,"6,000円",6000
11573,8,,9,,"6,000円",6000
11573,9,,9,,"6,000円",6000
11574,1,1;2;3;4;5;6;7;8;9;10;11;12;13,11,"栄養相談
梅毒RPR定性",22300,22300
11574,10,,8,,6800,6800
11574,11,10;13;15,2;3;11,"助産師指導
Na,K,Cl,
T-cho
TG",11300,11300
11574,12,,8,,6800,6800
11574,13,,1;8,,8900,8900
11574,14,,1;8,,8900,8900
11574,2,,8,,6800,6800
11574,3,,8;11,助産師指導,6800,6800
11574,4,13;14,11,"助産師指導
心理相談",9100,9100
11574,5,9;10,4;8,,6800,6800
11574,6,,8,,6800,6800
11574,7,13,,,6800,6800
11574,8,,8,,6800,6800
11574,9,,8;11,助産師指導,6800,6800
11575,1,1;2;3;4;5;6;7;8;9;10;11;12;13;14,,,24650,24650
11575,10,15,8,超音波検査選択可実施の場合別途検査代有り,8470,8470
11575,11,,8,超音波検査選択可実施の場合別途検査代有り,4480,4480
11575,12,10;13,8,,11140,11140
11575,13,3,1;8;11,"超音波検査選択可実施の場合別途検査代有り
不規則抗体",8480,8480
11575,14,,1;8,超音波検査選択可実施の場合別途検査代有り,6480,6480
11575,2,13,8,,4480,4480
11575,3,13,8,,6980,6980
11575,4,10;13,11,血算検査,9760,9760
11575,5,,8,超音波検査選択可実施の場合別途検査代有り,6980,6980
11575,6,,8,超音波検査選択可実施の場合別途検査代有り,4480,4480
11575,7,,8,超音波検査選択可実施の場合別途検査代有り,4480,4480
11575,8,9;10;13,8,,19840,19840
11575,9,,8,超音波検査選択可実施の場合別途検査代有り,4480,4480
11577,1,1;2;3;4;5;6;7;8;9;10;11;12;14,6,,"26,880円",26880
11577,10,15,,,"5,780円",5780
11577,11,13,,,"14,360円",14360
11577,12,10,1,,"9,640円",9640
11577,13,,1,,"7,780円",7780
11577,14,,1,,"7,780円",7780
11577,2,,,,"6,380円",6380
11577,3,,,,"5,780円",5780
11577,4,13,,,"10,560円",10560
11577,5,,,,"5,780円",5780
11577,6,,,,"5,780円",5780
11577,7,,,,"5,780円",5780
11577,8,9;10;13,,,"13,970円",13970
11577,9,,,,"5,780円",5780
11579,1,1;2;3;4;5;6;7;8;9;10;11;13,2;6,,"29,500円",29500
11579,10,15,3;8,,"14,000円",14000
11579,11,10;13,1,,"13,800円",13800
11579,12,,8,,"10,000円",10000
11579,13,,1;8,,"13,800円",13800
11579,14,,8,,"10,000円",10000
11579,2,12;13;14,,,"19,000円",19000
11579,3,,8,,"10,000円",10000
11579,4,,8,,"12,000円",12000
11579,5,13,,"レントゲン
心電図","14,000円",14000
11579,6,9;10,8,,"12,000円",12000
11579,7,,8,,"10,000円",10000
11579,8,,8,,"10,000円",10000
11579,9,,8,,"10,000円",10000
11580,1,1;2;3;4;5;6;7;8;9;10;11;12;13,9;10;11,,"25,000円",25000
11580,10,10;15,8;9;10;11,,"12,750円",12750
11580,11,13,9;10,,"6,000円",6000
11580,12,,1;8;9;10,,"8,000円",8000
11580,13,,8;9;10,,"6,000円",6000
11580,14,,8;9;10,,"6,000円",6000
11580,2,,8;9;10,,"6,000円",6000
11580,3,,8;9;10,,"6,000円",6000
11580,4,13;14,9;10,,"14,000円",14000
11580,5,10,4;8;9;10;11,不規則抗体,"15,000円",15000
11580,6,,8;9;10,,"6,000円",6000
11580,7,,8;9;10,,"6,000円",6000
11580,8,13,9;10,,"6,000円",6000
11580,9,,8;9;10,心電図検査,"9,000円",9000
11582,1,1;2;4;5;6;7;8;9;10;11;13,6,子宮頚がん健診は2年に1回実施していない妊婦のみ対象とし、市町村の公費がん健診として実施している（週数は特に定めていない）,,
11582,10,,8,,,
11582,11,10;15,8,,,
11582,12,13,,,,
11582,13,,1,,,
11582,14,,1,当院では2回目のGBS検査を1回目検査後3週間で実施している,,
11582,2,,8,,,
11582,3,13;14,,,,
11582,4,,8;9,,,
11582,5,9;10;13,4,不規則抗体検査は当院では24週で実施している,,
11582,6,,8,,,
11582,7,,8;9,,,
11582,8,,3;8,,,
11582,9,,8,,,
11583,1,1;2;3;4;5;6;7;8;9;10;12,6;8;10,,2000,2000
11583,10,15,10,心電図検査,2500,2500
11583,11,15;10,1;10,,2500,2500
11583,12,10;13,1,,500,500
11583,13,,1;8;10,,2000,2000
11583,14,,1;8;10,,2000,2000
11583,2,13,,,0円,0
11583,3,13,,,0円,0
11583,4,,10,,1500,1500
11583,5,,10,,1500,1500
11583,6,10;11;14,4;9;10,当院では血算検査を27週頃実施,1700,1700
11583,7,13,10;11,,"1,500円",1500
11583,8,13;10,10,RSウイルスワクチン,1500,1500
11583,9,10,10,,1500,1500
11585,1,1;2;3;4;5;6;7;8;9;10;11;12;13;14,6;11,,8000,8000
11585,10,15,8,,5000,5000
11585,11,,1;8;11,血算,8000,8000
11585,12,,1,,2000,2000
11585,13,,1,,2000,2000
11585,14,,1,,2000,2000
11585,2,,,,2000,2000
11585,3,,,,2000,2000
11585,4,,9,,2000,2000
11585,5,,,22週超音波検査実施,2000,2000
11585,6,,8,26週血算・血糖検査実施,5000,5000
11585,7,,,,2000,2000
11585,8,,,,2000,2000
11585,9,,,,2000,2000
11586,1,1;2;3;4;5;6;7;8;9;10;11;12;14,6,,"25,960円",25960
11586,10,,,,"9,480円",9480
11586,11,10;13;15,2;3,,"13,040円",13040
11586,12,,1,,"7,280円",7280
11586,13,,1,,"7,280円",7280
11586,14,,1,,"7,280円",7280
11586,2,13,,,"6,310円",6310
11586,3,,,,"6,310円",6310
11586,4,13,,子宮頸管長測定,"7,310円",7310
11586,5,9;10,,心電図　　　血清鉄,"10,310円",10310
11586,6,,,,"5,780円",5780
11586,7,13,,,"6,310円",6310
11586,8,,,,"6,690円",6690
11586,9,,,,"6,310円",6310
11588,1,1;2;3;4;5;6;7;8;9;10;12;13;14,6,,"30,000円",30000
11588,10,,8,,"8,800円",8800
11588,11,15,8,,"15,700円",15700
11588,12,,1;8,,"11,000円",11000
11588,13,,8,,"8,800円",8800
11588,14,,1;8,,"11,000円",11000
11588,2,13,,,"8,800円",8800
11588,3,13,,,"8,800円",8800
11588,4,11;13,,"血糖検査
血算検査","18,500円",18500
11588,5,,8,,"8,800円",8800
11588,6,,8;9,,"8,800円",8800
11588,7,,8,B群溶血性レンサ球菌（GBS）検査,"14,300円",14300
11588,8,,8,,"8,800円",8800
11588,9,,8,,"10,300円",10300
11590,1,12;13,10,保険他院でスメア・培養未であれば4240円,"4,240円",4240
11590,10,,8;10,,"6,500円",6500
11590,11,10;13;15,2;3;10,,"19,660円",19660
11590,12,,1;8;10,,"9,000円",9000
11590,13,,1;8;10,,"9,000円",9000
11590,14,,1;8;10,,"9,000円",9000
11590,2,1;2;3;4;5;6;7;8;9;10;11;14,2;5;6;7;8;10,自費19950円　保険2010円～（患者さんにより）,"21,960円",21960
11590,3,,8;10,,"6,500円",6500
11590,4,13,10,,"6,500円",6500
11590,5,9;10;13,10,,"6,500円",6500
11590,6,,4;8;10,,"12,660円",12660
11590,7,,8;10,,"6,500円",6500
11590,8,,8;10,,"6,500円",6500
11590,9,,8;10,,"6,500円",6500
11591,1,1;2;3;4;5;6;7;8;9;10;11;12;13,6;9,B群溶血性レンサ球菌検査,25000,25000
11591,10,13,9;10,,6000,6000
11591,11,10;13;15,1;2;3;5;9;10,クラミジア検査　血糖検査,18500,18500
11591,12,,1;8;9;10,,7000,7000
11591,13,,1;8;9;10,,7000,7000
11591,14,,1;8;9;10,,7000,7000
11591,2,,8;9;10,,7500,7500
11591,3,,8;9;10,,7500,7500
11591,4,13,9;10,,7500,7500
11591,5,,8;9;10,,7500,7500
11591,6,9;10,3;4;8;9;10,,16500,16500
11591,7,,8;9;10,,7500,7500
11591,8,,8;9;10,,7500,7500
11591,9,,8;9;10,,6000,6000
11592,1,,,母子手帳交付後は妊婦検診として対応しております,,
11592,10,,8,患者さんからエコー代としての別途費用は徴収しておりません,"5,000円",5000
11592,11,10;13,1,,"7,000円",7000
11592,12,,8,患者さんからエコー代としての別途費用は徴収しておりません,"5,000円",5000
11592,13,,8,患者さんからエコー代としての別途費用は徴収しておりません,"5,000円",5000
11592,14,,8,患者さんからエコー代としての別途費用は徴収しておりません,"5,000円",5000
11592,2,1;2;3;4;5;6;7;8;9;10;13,,,"17,000円",17000
11592,3,13;14,,,"9,000円",9000
11592,4,,8,患者さんからエコー代としての別途費用は徴収しておりません,"5,000円",5000
11592,5,13,,,"5,000円",5000
11592,6,9;10;11,8,患者さんからエコー代としての別途費用は徴収しておりません,"11,000円",11000
11592,7,,8,患者さんからエコー代としての別途費用は徴収しておりません,"5,000円",5000
11592,8,,8,患者さんからエコー代としての別途費用は徴収しておりません,"5,000円",5000
11592,9,15,8,患者さんからエコー代としての別途費用は徴収しておりません,"8,000円",8000
11597,1,13,11,※不規則抗体検査ではなく間接クームスにしている／妊娠届について,"5,000円",5000
11597,10,9,2;8;10;11,お産に付き添う家族の役割／出産直後の家族の役割,"5,000円",5000
11597,11,10;13;15,10;11,入院生活について／入院の準備,"8,000円",8000
11597,12,,1;8;10;11,母乳育児の準備,"8,000円",8000
11597,13,,1;8;10;11,出産時の呼吸法の練習,"6,000円/NST1,000円",6000
11597,14,,1;8;10;11,出産時の高級法の練習,"6,000円/NST1,000円",6000
11597,2,1;2;3;4;5;6;7;8;9;10;11;12,8;10;11,妊婦健診について／産科医療保障制度について,"19,000円(自治体の補助により本人の負担額はない)",19000
11597,3,13;14,11,着帯,"7,500円",7500
11597,4,,8;10;11,異常の早期発見／食事のとり方,"8,000円",8000
11597,5,10;13,10;11,運動の仕方／リラックス法,"6,000円",6000
11597,6,,8;10;11,乳房超音波検査／母乳育児について,"7,500円",7500
11597,7,,8;10;11,RSウィルスワクチンについて,"7,500円",7500
11597,8,,8;10;11,お産を楽にする方法／自然なお産のメカニズム,"6,000円",6000
11597,9,,8;10;11,バースプラン,"5,000円",5000
11598,1,1;2;3;4;5;6;7;8;9;10;11;12;13;14,6,,"34,880円",34880
11598,10,,8,,"6,580円",6580
11598,11,10;13;15,2,,"18,680円",18680
11598,12,,8,,"6,580円",6580
11598,13,,8,,"6,580円",6580
11598,14,,8,,"6,580円",6580
11598,2,,8,,"6,580円",6580
11598,3,,8,,"6,580円",6580
11598,4,13,9;10,,"14,880円",14880
11598,5,,8,,"6,580円",6580
11598,6,9;10;13,,,"10,480円",10480
11598,7,,8,,"6,580円",6580
11598,8,,8,,"6,580円",6580
11598,9,,8,,"6,580円",6580
11601,10,,9;10,,,
11601,11,13;15,1;9;10,貧血,,
11601,12,,1;9;10,,,
11601,13,,1;9;10,,,
11601,14,,1;9;10,,,
11601,2,1;2;3;4;5;6;7;8;9;10;11;12;13;14,5;6;8;9;10,乳がん検診（希望者のみ）,,
11601,3,,8;9;10,細菌培養,,
11601,4,13,9;10,,,
11601,5,,8;9;10,,,
11601,6,,4;9;10,,,
11601,7,,4;9;10,,,
11601,8,13,8;9;10,貧血,,
11601,9,,9;10,,,
11602,1,1;2;3;4;5;6;7;8;9;10;11;12,,,"41,270円",41270
11602,10,,8,経膣超音波,"10,000円",10000
11602,11,13,11,クラミジア検査を10回目に実施,"9,000円",9000
11602,12,,8,,"9,000円",9000
11602,13,,1;8,,"11,200円",11200
11602,14,,1;8,,"11,200円",11200
11602,2,13,,,"9,000円",9000
11602,3,13;14,,,"9,000円",9000
11602,4,,8,"マイコプラズマ検査
ウレア検査
経膣超音波","13,000円",13000
11602,5,13,5;11,,"11,300円",11300
11602,6,,8;9,,"9,000円",9000
11602,7,,8;9,,"9,000円",9000
11602,8,,8,,"9,000円",9000
11602,9,,8,,"9,000円",9000
11603,1,13,,,6300,6300
11603,10,,1;8;11,,10000,10000
11603,11,10;13;15,1,,14000,14000
11603,12,,1;8,,10000,10000
11603,13,,1;8,GBS,10000,10000
11603,14,,1;8,,10000,10000
11603,2,1;2;3;4;5;6;7;8;9;10;11;12;14,8;11,,28000,28000
11603,3,,8,,8000,8000
11603,4,13,9,,10000,10000
11603,5,13,4;11,,10000,10000
11603,6,,8,,8000,8000
11603,7,,8,,8000,8000
11603,8,10,1;8;11,,14000,14000
11603,9,,8,,8000,8000
11604,1,1;2;3;4;5;6;7;8;9;10;12;13,2;5;6;9;11,妊婦健診初回時に培養検査実施,,
11604,10,,9;10;11,,,
11604,11,10;15,1;2;3;8;9;10;11,,,
11604,12,,1;8;9;10;11,,,
11604,13,,1;8;9;10;11,,,
11604,14,13,1;8;9;10;11,,,
11604,2,,9;10;11,,,
11604,3,13;14,9;10;11,,,
11604,4,,9;10;11,,,
11604,5,,9;10;11,胎児ドック,,
11604,6,9;10;11,9;10;11,随時血糖100以上、ＤＭ家族歴あり、前回ＧＤＭ、35才以上妊婦、ＩＶＦ妊娠は75ｇＯＧＴＴ施行,,
11604,7,,9;10;11,,,
11604,8,13,8;9;10;11,,,
11604,9,,9;10;11,,,
11605,1,1;2;3;4;5;6;7;8;9;10;12;13,2;6;7,,,
11605,2,,9;10,,,
11605,3,,9;10,,,
11605,4,,9;10,,,
11605,5,,9;10,,,
11605,6,9;10;11;13;14,6;7;10,,,
11605,7,,9;10,,,
11605,8,13,10,,,
11605,9,,9;10,,,
11606,1,1;2;3;4;5;6;7;8;9;10;12;13,,,,
11606,10,,9,,,
11606,11,15,9,,,
11606,12,10;13,1;2,,,
11606,13,,9,,,
11606,14,,1;9,,,
11606,2,,9,,,
11606,3,,9,,,
11606,4,13,,,,
11606,5,,9,,,
11606,6,,9,,,
11606,7,9;10;11;13;14,4,,,
11606,8,,9,,,
11606,9,,9,,,
11608,1,1;2;3;4;5;6;7;8;9;10;11;12;13,,,,
11608,10,,8,,,
11608,11,13;15,1,,,
11608,12,10,8,,,
11608,13,,8,,,
11608,14,,1;8,,,
11608,2,,8,,,
11608,3,13,,,,
11608,4,14,8,,,
11608,5,9;10;13,,,,
11608,6,,8,,,
11608,7,,8,,,
11608,8,,8,,,
11616,1,1;2;3;4;5;6;7;8;9;10;11;12;13,9,,"26,400円",26400
11616,10,15,1;9;10,骨盤位矯正,"10,690円",10690
11616,11,10;13,1;9,,"14,420円",14420
11616,12,,1;9,,"7,260円",7260
11616,13,,1;9,,"7,260円",7260
11616,14,,1;9,,"7,260円",7260
11616,2,13,9,,"11,560円",11560
11616,3,,9,,"6,260円",6260
11616,4,,9,,"6,260円",6260
11616,5,,9,,"6,260円",6260
11616,6,14,9;10,骨盤位矯正,"8,540円",8540
11616,7,13,9;10,骨盤位矯正,"6,260円",6260
11616,8,9;10,9;10,骨盤位矯正,"14,970円",14970
11616,9,,9;10,骨盤位矯正,"6,260円",6260
11618,1,1;2;3;4;5;6;7;8;9;10;12;13,6,,"27,972円",27972
11618,10,,9;10,,"7,780円",7780
11618,11,13;15,,,"13,237円",13237
11618,12,,9;10,,"7,780円",7780
11618,13,,1;9;10,,"10,280円",10280
11618,14,,9;10,,"7,780円",7780
11618,2,,9;10,,"7,780円",7780
11618,3,,9;10,,"7,780円",7780
11618,4,13;14,,,"13,237円",13237
11618,5,,9;10,,"7,780円",7780
11618,6,11,9;10,,"15,237円",15237
11618,7,,9;10,,"7,780円",7780
11618,8,13,,,"13,237円",13237
11618,9,,9;10,初産婦に母親教室,"7,780円",7780
11619,1,1;2;3;4;5;6;7;8;9;10;11;12;13;14,2;6;7;9;10,,,
11619,10,,9,,,
11619,11,,1;9,,,
11619,12,,1;9,,,
11619,13,,1;9,,,
11619,14,,1;9,,,
11619,2,,9,,,
11619,3,,9,,,
11619,4,,9,,,
11619,5,,9,,,
11619,6,,9,,,
11619,7,,9,,,
11619,8,9;10,9,,,
11619,9,15,9,,,
11621,1,1;2;3;4;5;6;7;8;9;10;11;12;13;14,,,"42,400円",42400
11621,10,15,8,,"8,500円",8500
11621,11,,8,,"6,500円",6500
11621,12,13,1,,"8,500円",8500
11621,13,10,1;8,,"10,500円",10500
11621,14,,1;8,,"8,500円",8500
11621,2,,8,,"6,500円",6500
11621,3,,8,,"6,500円",6500
11621,4,13,,,"6,500円",6500
11621,5,13,,,"6,500円",6500
11621,6,9;10,8,,"9,500円",9500
11621,7,,8,,"6,500円",6500
11621,8,,8,,"6,500円",6500
11621,9,,8,,"6,500円",6500
11623,1,1;2;3;4;5;6;7;8;9;10;11;12;14,6,,"25,800円",25800
11623,10,,,,"7,000円",7000
11623,11,,,,"7,000円",7000
11623,12,10;13,,,"7,000円",7000
11623,13,,,,"7,000円",7000
11623,14,,,,"7,000円",7000
11623,2,13,,,"7,000円",7000
11623,3,13,,,"7,000円",7000
11623,4,,,,"7,000円",7000
11623,5,,,,"7,000円",7000
11623,6,13,,,"7,000円",7000
11623,7,,,,"7,000円",7000
11623,8,9;10,,,"7,000円",7000
11623,9,15,,,"7,000円",7000
11628,1,1;2;3;4;5;6;7;8;9;10;11;12;13;14,2;6;9,,0円,0
11628,10,,8;9,,0円,0
11628,11,13,1;9,,"3,000円",3000
11628,12,,1;3;9,,0円,0
11628,13,,1;9,,"3,000円",3000
11628,14,,1;9,,"3,000円",3000
11628,2,,9,,0円,0
11628,3,,9,,0円,0
11628,4,13,9,,0円,0
11628,5,,4;8;9,,0円,0
11628,6,,9,,0円,0
11628,7,,9,,0円,0
11628,8,13,9,,0円,0
11628,9,,9,,0円,0
11629,1,13,,,"6,000円",6000
11629,10,15,9,,"6,000円",6000
11629,11,,1,,"7,000円",7000
11629,12,10;13,,,"13,180円",13180
11629,13,,9,,"6,000円",6000
11629,14,,9,,"6,000円",6000
11629,2,1;2;3;4;5;6;7;8;9;10;12;13,,,"26,690円",26690
11629,3,,9,,"6,000円",6000
11629,4,,9,,"11,300円",11300
11629,5,,9,,"6,000円",6000
11629,6,9;10;11;13;14,,,"21,880円",21880
11629,7,,,,"6,000円",6000
11629,8,,9,,"6,000円",6000
11629,9,,9,,"6,000円",6000
11631,1,1;2;3;4;5;6;7;8;9;10;11;12,1;2;3;4;5;6;7;8,,,
11631,10,13,,,,
11631,11,15,1;8,,,
11631,12,10;13,1,,,
11631,13,,1;8,,,
11631,14,,1;8,,,
11631,2,,8,,,
11631,3,13,11,,,
11631,4,,8,,,
11631,5,,8,,,
11631,6,9;10;13,,,,
11631,7,,8,,,
11631,8,,8,,,
11631,9,,8;11,,,
11632,1,1;2;3;4;5;6;7;8;9;10;12;13,6,,"22,860円",22860
11632,10,15,8,,"8,810円",8810
11632,11,10;13,,,"8,110円",8110
11632,12,,1;8,,"5,710円",5710
11632,13,,8,,"5,010円",5010
11632,14,,8,,"5,010円",5010
11632,2,,8,,"5,010円",5010
11632,3,13,,,"8,010円",8010
11632,4,,8,,"5,010円",5010
11632,5,,8,,"5,010円",5010
11632,6,9;10;11;13;14,,,"13,150円",13150
11632,7,,8,,"5,010円",5010
11632,8,,8,,"5,010円",5010
11632,9,,8,,"5,010円",5010
11633,1,1;2;3;4;5;6;7;8;9;10;12,3;6,,"38,800円",38800
11633,10,,8;9;10,,"15,200円",15200
11633,11,10;15,,,"4,500円",4500
11633,12,,1;8;9;10,,"9,800円",9800
11633,13,,1,,"4,500円",4500
11633,14,,1;8;9;10,,"9,800円",9800
11633,2,14,,,"13,230円",13230
11633,3,13,9,,"9,800円",9800
11633,4,11;13,9;10,末梢血検査　血糖検査,"15,100円",15100
11633,5,,,,"4,500円",4500
11633,6,,9;10,超音波検査,"9,300円",9300
11633,7,13,9;10,経腟超音波検査と経腹超音波検査を行っている　　　　膣培養検査,"19,040円",19040
11633,8,,,,"4,500円",4500
11633,9,,8;9;10,,"4,500円",4500
11634,1,9;10,5;6;7;8,,24000,24000
11634,10,,8,,8360,8360
11634,11,10;15,8,,12360,12360
11634,12,13,1,,10360,10360
11634,13,,1;8,,10360,10360
11634,14,,1;8,,10360,10360
11634,2,1;2;3;4;5;6;7;8;11;12;13,,,31460,31460
11634,3,,8,,8360,8360
11634,4,13;14,9,,13260,13260
11634,5,9;10,8,,10860,10860
11634,6,,8,,8360,8360
11634,7,,8,,8360,8360
11634,8,13,9,,11160,11160
11634,9,,8,,8360,8360
11635,1,1;2;3;4;5;6;7;8;9;10;11,2;5;6,,18770円～12570円,18770
11635,10,,,,1800円,1800
11635,11,10;13;15,,,1100円,1100
11635,12,,,,1800円,1800
11635,13,,1,,4000円,4000
11635,14,,,,1800円,1800
11635,2,13,,,0円,0
11635,3,,,,1800円,1800
11635,4,13,,,0円,0
11635,5,,,,1800円,1800
11635,6,9;10;13;14,4,,10750円,10750
11635,7,,,,1800円,1800
11635,8,,,,1800円,1800
11635,9,,,,1800円,1800
11636,1,1;2;3;4;5;6;7;8;9;10;12;13,6,,2770,2770
11636,10,15,,,,
11636,11,,1,,2100,2100
11636,12,10;13,,,,
11636,13,,1,,2100,2100
11636,14,,1,,2100,2100
11636,4,13,,当院では20週頃に血算検査を行っています。,1860,1860
11636,8,9;10;11;13;14,,,,
11640,1,1;2;3;4;5;6;7;8;9;10;11;12;13,6,,,
11640,10,10;15,2;8,,,
11640,11,,1;8,,,
11640,12,,1;8,,,
11640,13,,1;8,,,
11640,14,,1;8,,,
11640,2,13,,,,
11640,3,13,,,,
11640,4,13,,,,
11640,5,9;10,4;8;9,,,
11640,6,,8;10,,,
11640,7,,8,,,
11640,8,,8,,,
11640,9,,8,,,
11641,1,1;2;3;4;5;6;7;8;9;10;12;13,,,"32,250円",32250
11641,10,15,,,"8,500円",8500
11641,11,10;13,,,"7,500円",7500
11641,12,,1,,"6,000円",6000
11641,13,,1,,"6,000円",6000
11641,14,,1,,"6,000円",6000
11641,2,,,,"3,000円",3000
11641,3,13;14,,,"9,500円",9500
11641,4,,,,"6,000円",6000
11641,5,9;10,,,"9,050円",9050
11641,6,,,,"6,000円",6000
11641,7,,,,"6,000円",6000
11641,8,10;11;13,3,当院では、血算検査は24週から35週の間に2回実施している,"10,000円",10000
11641,9,,,,"6,000円",6000
11642,1,1;2;3;4;5;6;7;8;9;10;11;12;13,6,,"21,480円",21480
11642,10,,,,"5,500円",5500
11642,11,15,1,,"8,700円",8700
11642,12,13,,,"10,280円",10280
11642,13,,,,"5,500円",5500
11642,14,,,,"5,500円",5500
11642,2,,,当院での糖負荷検査は、一回目の健診時の結果により実施している,"5,500円",5500
11642,3,,,,"5,500円",5500
11642,4,13,,,"10,280円",10280
11642,5,,,,"5,500円",5500
11642,6,,,血算検査では、主に貧血の検査を評価します,"7,090円",7090
11642,7,14,,,"9,100円",9100
11642,8,9;10;13,,血算検査では、主に貧血の検査を評価します,"13,420円",13420
11642,9,,,当院での糖負荷検査は、一回目の健診時の結果により実施している,"5,500円",5500
11646,1,1;2;3;4;5;6;7;8;9;10;11;12;13,,,"24,160円",24160
11646,10,15,8,,"7,650円",7650
11646,11,10;13,,,"6,490円",6490
11646,12,,8,,"6,490円",6490
11646,13,,8,,"7,100円",7100
11646,14,,8,,"7,100円",7100
11646,2,13,,,"6,490円",6490
11646,3,,8,,"6,490円",6490
11646,4,,8,血算検査,"6,490円",6490
11646,5,13,,,"6,490円",6490
11646,6,14,8,淋菌検査,"9,170円",9170
11646,7,9;10,8,,"6,490円",6490
11646,8,,8,,"6,490円",6490
11646,9,,8,,"6,490円",6490
11650,10,,,,"16,340円",16340
11650,11,10;13;15,,,"5,780円",5780
11650,12,,1,,"7,780円",7780
11650,13,,1,,"7,780円",7780
11650,14,,1,,"7,780円",7780
11650,2,1;2;3;4;5;6;7;8;9;10;11;12;13,,,"25,180円",25180
11650,3,,,,"5,780円",5780
11650,4,13,,,"11,080円",11080
11650,5,,,,"5,780円",5780
11650,6,,,,"5,780円",5780
11650,7,,,,"5,780円",5780
11650,8,9;10;13;14,,,"20,040円",20040
11650,9,,,,"5,780円",5780
11651,1,1;2;3;4;5;6;7;8;9;10;11;13,2;3;5,,"24,000円",24000
11651,10,,8;10,,"7,500円",7500
11651,11,10;13;15,2;3;10,,"19,500円",19500
11651,12,,8;10,,"7,500円",7500
11651,13,,1;8;10,,"9,600円",9600
11651,14,,1;8;10,,"9,600円",9600
11651,2,13,10,,"7,500円",7500
11651,3,,8;10,,"7,500円",7500
11651,4,,9;10,,"12,500円",12500
11651,5,10;14,4;8;10,,"16,500円",16500
11651,6,13,10,,"7,500円",7500
11651,7,,8;10,,"7,500円",7500
11651,8,,9;10,,"12,500円",12500
11651,9,,8;10,,"7,500円",7500
11652,1,1;2;3;4;5;6;7;9;10;11;13,2;3;5,,"24,000円",24000
11652,10,,8;10,,"7,500円",7500
11652,11,10;13;15,2;3;10,,"19,500円",19500
11652,12,,8;10,,"7,500円",7500
11652,13,,1;8;10,,"9,600円",9600
11652,14,,1;8;10,,"9,600円",9600
11652,2,13,10,,"7,500円",7500
11652,3,,8;10,,"7,500円",7500
11652,4,,9;10,,"12,500円",12500
11652,5,10;14,4;8;10,,"16,500円",16500
11652,6,13,10,,"7,500円",7500
11652,7,,8;10,,"7,500円",7500
11652,8,,9;10,,"12,500円",12500
11652,9,,8;10,,"7,500円",7500
11654,1,1;2;3;4;5;6;7;8;9;10;11;12;13,9,超音波検査は経腟超音波を指すのであれば1回目、２回目と以後は３６週以降毎週,23900,23900
11654,10,,8;9,,8090,8090
11654,11,10;13;15,1;9,,10190,10190
11654,12,,8;9,,8090,8090
11654,13,,1;8;9,,10190,10190
11654,14,,1;9,当院では血算検査は39週ごろに実施している,10190,10190
11654,2,,8;9;10,,8090,8090
11654,3,,8;9,,8090,8090
11654,4,14,8;9,当院では血算検査は20週ごろに実施している,10370,10370
11654,5,9,8;9,,8090,8090
11654,6,13,9,,8090,8090
11654,7,,8;9,,8090,8090
11654,8,10,8;9,,8090,8090
11654,9,,8;9;10,,8090,8090
11655,1,1;2;3;4;5;6;7;8;9;10;11;12;13,6,,28180,28180
11655,10,13;15,,当院では血算検査を34週頃に実施している。,14570,14570
11655,11,,1,,6600,6600
11655,12,,1,,6600,6600
11655,13,,1,,6600,6600
11655,14,,1,,6600,6600
11655,2,,,,5500,5500
11655,3,,,,5500,5500
11655,4,13,,,7810,7810
11655,5,9;10,9,,8640,8640
11655,6,,,,5500,5500
11655,7,14,,当院では超音波検査を28週頃に実施している。,13090,13090
11655,8,,,,5500,5500
11655,9,,,,5500,5500
11657,1,1;2;3;4;5;6;7;8;9;10;12;13,9;11,上記の検査は希望あれば対応可能,24650円～,24650
11657,10,15,8;9;10;11,上記の検査は希望あれば対応可能,8450円～,8450
11657,11,,1;8;9;10;11,上記の検査は希望あれば対応可能,4480円～,4480
11657,12,10;13,1;9;10;11,上記の検査は希望あれば対応可能,11120円～,11120
11657,13,,1;8;9;10;11,上記の検査は希望あれば対応可能,4480円～,4480
11657,14,,1;8;9;10;11,上記の検査は希望あれば対応可能,4480円～,4480
11657,2,,8;9;11,上記の検査は希望あれば対応可能,4480円～,4480
11657,3,,8;9;11,上記の検査は希望あれば対応可能,4480円～,4480
11657,4,13,9;11,上記の検査は希望あれば対応可能,9240円～,9240
11657,5,,8;9;10;11,上記の検査は希望あれば対応可能・血算検査実施,4480円～,4480
11657,6,,8;9;10;11,上記の検査は希望あれば対応可能,4480円～,4480
11657,7,,8;9;10;11,上記の検査は希望あれば対応可能,4480円～,4480
11657,8,9;10;11;13;14,9;10;11,上記の検査は希望あれば対応可能,19820円～,19820
11657,9,,8;9;10;11,上記の検査は希望あれば対応可能,4480円～,4480
11662,1,1;2;3;4;5;6;7;8;9;10;11;12,,,"1,840円",1840
11662,10,15,,,"4,010円",4010
11662,12,,1,,"1,500円",1500
11662,4,,8,,"3,990円",3990
11662,6,9;10,,,"3,490円",3490
11662,7,14,,,"4,010円",4010
11665,10,10;15,,,,
11665,11,13,1,対象者　　　骨盤x-p,,
11665,12,10,1,,,
11665,13,,1,,,
11665,14,,1,,,
11665,2,1;2;3;4;5;6;7;8;12;13,,,,
11665,3,11,,,,
11665,4,13,9,HbA1C,,
11665,7,9;14,,,,
11665,8,13,,,,
11685,1,1;2;3;4;5;6;7;8;9;10;12;13;14,,,"22,000円",22000
11685,10,,9,,"7,000円",7000
11685,11,15,9,助産師指導・当院では性器クラミジア検査は３６週までに３回実施している,"9,600円",9600
11685,12,,1;9,,"10,000円",10000
11685,13,,1;9,,"10,000円",10000
11685,14,,1;9,,"10,000円",10000
11685,2,13,,,"7,000円",7000
11685,3,,9,,"7,000円",7000
11685,4,,9,,"7,000円",7000
11685,5,,9,当院では性器クラミジア検査は３６週までに３回実施している,"9,000円",9000
11685,6,,9,,"7,000円",7000
11685,7,,9,助産師指導,"7,000円",7000
11685,8,10;11,9,,"10,200円",10200
11685,9,,9,,"7,000円",7000
11687,1,1;2;3;4;5;6;7;8;9;10;11;12;13,,,"23,460円",23460
11687,10,,,,"6,000円",6000
11687,11,10;13;15,1,,"11,160円",11160
11687,12,,1,,"7,000円",7000
11687,13,,1,,"7,000円",7000
11687,14,,1,,"7,000円",7000
11687,2,,,,"6,000円",6000
11687,3,,,,"6,000円",6000
11687,4,,,,"6,000円",6000
11687,5,,,,"6,000円",6000
11687,6,10;13,,,"11,410円",11410
11687,7,,,,"6,000円",6000
11687,8,9;13;14,,,"9,830円",9830
11687,9,,,,"6,000円",6000
11691,10,,9;11,,"7,780円",7780
11691,12,,1;9;11,,"8,780円",8780
11691,13,,1;9;11,,"8,780円",8780
11691,14,,1;9;11,,"8,780円",8780
11691,3,,9;11,,"7,780円",7780
11691,4,,9;11,,"7,780円",7780
11691,6,,9;11,,"7,780円",7780
11691,7,,9;11,,"7,780円",7780
11691,8,,9;11,,"7,780円",7780
11691,9,,9;11,,"7,780円",7780
11694,11,,11,,,
11694,13,,11,,,
11694,14,,11,,,
11694,2,,11,,,
11694,3,,11,,,
11694,5,,11,,,
11694,6,,11,,,
11694,7,,11,,,
11694,9,,11,,,
11695,1,1;2;3;4;5;6;7;8;9;10;11;12;13,2;3;6;7,,,
11695,11,10;13;15,2;3,,,
11695,12,,1,,,
11695,13,,1,,,
11695,14,,1,,,
11695,2,13,,,,
11695,4,9;10,2;3;4,,,
11695,8,10;13;14,2;3,,,
11697,1,1;2;3;4;5;6;7;8;9;10;11;12;13;14,4;5;9;11,,"21,080円",21080
11697,10,,8;9;11,おっぱいの指導　食事指導,"11,790円",11790
11697,11,10;13,2;3;8;9;11,おっぱいの指導　食事指導,"9,880円",9880
11697,12,,1;8;9;11,おっぱいの指導　食事指導,"5,100円",5100
11697,13,,8;9;11,おっぱいの指導　食事指導,"5,100円",5100
11697,14,,8;9;11,おっぱいの指導　食事指導,"5,100円",5100
11697,2,13,9;11,おっぱいの指導　食事指導,"5,100円",5100
11697,3,,9;11,おっぱいの指導　食事指導,"5,100円",5100
11697,4,,9;10;11,おっぱいの指導　食事指導,"9,880円",9880
11697,5,9;10;13,8;9;10;11,おっぱいの指導　食事指導,"18,120円",18120
11697,6,,8;9;11,おっぱいの指導　食事指導,"5,100円",5100
11697,7,,5;8;9;11,おっぱいの指導　食事指導,"13,800円",13800
11697,8,,8;9;11,おっぱいの指導　食事指導,"5,100円",5100
11697,9,15,8;9;11,おっぱいの指導　食事指導,"13,400円",13400
11701,1,1;2;3;4;5;6;7;8;9;10;11;12;13,11,,"30,000円",30000
11701,10,,9;11,ヨガ・紹介状,"12,000円",12000
11701,11,10;13;15,1,,"20,000円",20000
11701,12,,,理学療法士の受診・ヨガ,"11,000円",11000
11701,13,,9;11,ヨガ,"7,000円",7000
11701,14,,1;9;11,ヨガ,"7,000円",7000
11701,2,,11,初診料・緊急時カルテ紹介状作成,"16,000円",16000
11701,3,,9;11,鍼灸院への受診・ポイント健診紹介状作成,"21,000円",21000
11701,4,13;14,6,,"20,000円",20000
11701,5,,9;11,【マタニティクラス①】妊娠中の留意点や食事について,"11,000円",11000
11701,6,,9;11,ヨガ,"7,000円",7000
11701,7,,9;11,【マタニティクラス②】分娩・お産中の過ごし方・紹介状,"16,000円",16000
11701,8,9;10;13,,,"20,000円",20000
11701,9,,9;11,【マタニティクラス③】産後の育児・母乳について,"11,000円",11000
11702,1,1;2;3;4;5;6;7;8;9;10;11;12;13,,尿検査,,
11702,10,,8,尿検査,"7,700円",7700
11702,11,10;13;15,,尿検査,,
11702,12,,1,尿検査,"7,700円",7700
11702,13,,,尿検査,"5,200円",5200
11702,14,,1,尿検査　　内診,"10,200円",10200
11702,2,13,,尿検査,"9,700円",9700
11702,3,,,尿検査,"5,200円",5200
11702,4,,,尿検査,"5,200円",5200
11702,5,9;10;13;14,,尿検査,,
11702,6,,,尿検査,"5,200円",5200
11702,7,,8,尿検査,"7,700円",7700
11702,8,,,尿検査,,
11702,9,,,尿検査,"5,200円",5200
11703,1,1;2;3;4;5;6;7;8;9;10;11;12;13,,,,
11703,10,15,,,,
11703,11,,1,,,
11703,12,10;13,1,,,
11703,13,,1;9,,,
11703,14,,1;9,,,
11703,3,,9,,,
11703,4,13,,,,
11703,6,,9,,,
11703,7,9;14,9,,,
11703,8,10,,,,
11703,9,13,,,,
11705,11,13,1;9;11,尿蛋白・尿糖検査,,
11705,12,,1;9;11,尿蛋白・尿糖検査,,
11705,13,,1;9;11,尿蛋白・尿糖検査,,
11705,14,,1;9;11,尿蛋白・尿糖検査,,
11705,3,13,9;11,尿蛋白・尿糖検査,"1,500円",1500
11705,6,13,9;11,尿蛋白・尿糖検査,,
11705,7,,,尿蛋白・尿糖検査,,
11705,9,,,尿蛋白・尿糖検査,,
11707,1,1;2;3;4;5;6;7;8;9;10;11;14,2;3;6;9;11,,"27,500円",27500
11707,10,13;15,9;11,,"12,000円",12000
11707,11,10,1;9;11,,"10,000円",10000
11707,12,,1;9;11,,"7,000円",7000
11707,13,13,1;9;11,,"7,000円",7000
11707,14,,1;9;11,,"7,000円",7000
11707,2,,9;11,,"6,000円",6000
11707,3,13,9;11,,"6,000円",6000
11707,4,13,9;11,,"6,000円",6000
11707,5,9;10,4;9;11,,"10,000円",10000
11707,6,,9;11,,"6,000円",6000
11707,7,,9;11,,"6,000円",6000
11707,8,,,嘱託医健診,,
11707,9,,9;11,,"6,000円",6000
11708,1,1;2;3;4;5;6;7;8;9;10;12;13,,,"21,280円",21280
11708,10,15,,,"10,950円",10950
11708,11,,1;9,,"5,460円",5460
11708,12,10;13,1,,"11,120円",11120
11708,13,,1;9,,"5,460円",5460
11708,14,,1;9,,"5,460円",5460
11708,2,,,,"4,460円",4460
11708,3,,,,"4,460円",4460
11708,4,13,,,"9,240円",9240
11708,5,,,,"4,460円",4460
11708,6,,,,"6,960円",6960
11708,7,,,,"4,460円",4460
11708,8,9;10;11;13;14,,,"19,820円",19820
11708,9,,,,"4,460円",4460
11709,10,,11,,"6,000円",6000
11709,11,,1;11,,"6,000円",6000
11709,12,,1;11,,"6,000円",6000
11709,13,,1;11,,"6,000円",6000
11709,14,,1;11,,"6,000円",6000
11709,2,,11,,"6,000円",6000
11709,3,,11,,"6,000円",6000
11709,4,,11,,"6,000円",6000
11709,5,,11,,"6,000円",6000
11709,6,,11,,"6,000円",6000
11709,7,,11,,"6,000円",6000
11709,8,,11,,"6,000円",6000
11709,9,,11,,"6,000円",6000
11710,1,13,11,オリエンテーション,"6,310円",6310
11710,10,,8;11,異常の早期発見方法,"5,780円",5780
11710,11,14;15,8,嘱託医による検査のため金額は不明　　　　　　　,,
11710,12,,8;11,分娩呼吸法,"5,780円",5780
11710,13,,8;11,NST,"5,780円",5780
11710,14,,8;11,NST,"5,780円",5780
11710,2,1;2;3;4;5;6;7;8;9;10;11;12;13,,嘱託医による検査のため金額は不明　　　　　　　,,
11710,3,13,11,食育指導,"6,310円",6310
11710,4,13,11,栄養指導,"6,310円",6310
11710,5,,8;11,前置胎盤、　嘱託医による検査のため金額は不明,,
11710,6,,8;11,胎談,"5,780円",5780
11710,7,,8;11,合併症予防,"6,310円",6310
11710,8,3;7;9;10,8,嘱託医による検査のため金額は不明　　　　　　　,,
11710,9,,8;11,母乳保育,"6,310円",6310
11711,1,1;2;3;4;5;6;7;8;9;10;11;12;14,9,,"28,400円",28400
11711,10,,8,,"5,500円",5500
11711,11,10;15,1;8,,"15,530円",15530
11711,12,,1;8,,"8,800円",8800
11711,13,,1;8,,"8,800円",8800
11711,14,,1;8,,"8,800円",8800
11711,4,,8,,"6,050円",6050
11711,5,10,8,,"9,970円",9970
11711,6,,8,,"5,500円",5500
11711,7,,8,,"5,500円",5500
11711,8,,9,,"7,700円",7700
11711,9,,8,,"5,500円",5500
11712,1,1;2;3;4;5;6;7;8;9;10;11;12;13;14,11;2,,,
11712,10,,9;11,,"6,000円",6000
11712,11,10;13;15,1;9;11,,"6,000円",6000
11712,12,,1;9;11;8,,"6,000円",6000
11712,13,,1;9;11;8,,"6,000円",6000
11712,14,,1;9;11;8,,"6,000円",6000
11712,2,,11,,,
11712,3,,9;11,,"6,000円",6000
11712,4,,9;11,,"6,000円",6000
11712,5,,9;11,,"6,000円",6000
11712,6,,9;11,,"6,000円",6000
11712,7,,9;11;4,心電図,"6,000円",6000
11712,8,9;10;13,9;11;10,,"6,000円",6000
11712,9,,9;11,,"6,000円",6000
11713,1,1;2;3;4;5;6;7;8;9;10;11;12,,嘱託医療機関受診時、できるだけ同行しています,"15,000円",15000
11713,10,15,,嘱託医療機関受診時、できるだけ同行しています,"12,000円",12000
11713,11,10,,嘱託医療機関受診時、できるだけ同行しています,"11,120円",11120
11713,12,13,1;9;11,当院では毎回保健指導がある,"5,000円",5000
11713,13,,1;9;11,当院では毎回保健指導がある,"5,000円",5000
11713,14,,1;9;11,当院では毎回保健指導がある,"5,000円",5000
11713,2,13,11,当院では毎回保健指導がある,"5,000円",5000
11713,3,13,11,当院では毎回保健指導がある,"5,000円",5000
11713,4,,,嘱託医療機関受診時、できるだけ同行しています,"12,000円",12000
11713,5,13,11,当院では毎回保健指導がある,"5,000円",5000
11713,6,,9;11,当院では毎回保健指導がある,"5,000円",5000
11713,7,,9;11,当院では毎回保健指導がある,"5,000円",5000
11713,8,9;10;14,,嘱託医療機関受診時、できるだけ同行しています,"12,000円",12000
11713,9,,9;11,当院では毎回保健指導がある,"5,000円",5000
11714,10,,8;9;11,,"4,000円",4000
11714,12,,8;9;11,NST検査,"4,000円",4000
11714,13,,8;9;11,,"4,000円",4000
11714,14,,8;9;11,,"4,000円",4000
11714,2,,8;9;11,超音波検査では胎児の様子を両親が見ることで母性父性を育てる意味がある。,"4,000円",4000
11714,3,,8;9;11,,"4,000円",4000
11714,4,,8;9;11,,"4,000円",4000
11714,6,,8;9;11,,"4,000円",4000
11714,7,,8;9;11,,"4,000円",4000
11714,9,,8;9;11,,"4,000円",4000
11715,10,,1,,,
11715,11,,1,,,
11715,12,,1,,,
11715,13,,1,,,
11715,14,,1,,,
11716,1,1;2;3;4;5;6;7;8;9;10;11;12;13;14,,,"32,500円",32500
11716,10,,,,"5,700円",5700
11716,11,10;13;15,1,,"10,600円",10600
11716,12,,,,"5,700円",5700
11716,13,,1,,"8,700円",8700
11716,14,,1,,"8,700円",8700
11716,2,,,,"37,700円",37700
11716,3,,,,"5,700円",5700
11716,4,,,,"5,700円",5700
11716,5,,,,"5,700円",5700
11716,6,,,,"5,700円",5700
11716,7,9;10;13,2;4;9,,"13,000円",13000
11716,8,,,,"5,700円",5700
11716,9,,,,"5,700円",5700
11718,1,13,8,嘱託医療機関にて妊娠の確定診断を行っている,"20,000円",20000
11718,10,,9,,"6,000円",6000
11718,11,10;15,8;9,嘱託医療機関にて後期の血液検査、GBS検査を行っている,"20,000円",20000
11718,12,13,1,,"8,000円",8000
11718,13,,9;11,内診を行っている,"6,000円",6000
11718,14,,9,,"6,000円",6000
11718,2,1;2;3;4;5;6;7;8;9;10;11;12;14,6;8,嘱託医療機関にて予定日を決定している,"35,000円",35000
11718,3,13,9,14週ごろから助産所初診になる,"8,000円",8000
11718,4,,8;9,嘱託医理療期間にて超音波のスクリーニングを行っている,"1,500円",1500
11718,5,,9,,"6,000円",6000
11718,6,,9,,"6,000円",6000
11718,7,9;10,8;9,嘱託医療機関にて中期の血液検査を行っている,"10,000円",10000
11718,8,13,9,,"6,000円",6000
11718,9,,9,,"6,000円",6000
11719,12,,1;9;11,,"6,000円",6000
11719,13,,1;9;11,,"6,000円",6000
11719,14,,1;9;11,,"6,000円",6000
11719,3,,9;11,,"6,000円",6000
11719,5,,9;11,,"6,000円",6000
11719,6,,9;11,,"6,000円",6000
11719,9,,9;11,,"6,000円",6000
11722,1,1;2;3;4;5;6;7;8;9;10;11;12;13;14,8;9,,,
11722,10,13;14;15,8;9,,,
11722,11,,1,,,
11722,3,13,8;9,,,
11722,5,13,2;3;4;5;6;7;8;9,,,
11725,1,1;2;3;4;5;6;7;8;9;10;12;13,,,"24,630円",24630
11725,10,15,,,"4,460円",4460
11725,11,10;13,,,"8,450円",8450
11725,12,,1,,"11,120円",11120
11725,13,,1,,"5,460円",5460
11725,14,,1,,"5,460円",5460
11725,2,,,,"4,460円",4460
11725,3,,,,"4,460円",4460
11725,4,13,,,"9,240円",9240
11725,5,,,,"4,460円",4460
11725,6,,,,"4,460円",4460
11725,7,,,,"4,460円",4460
11725,8,9;10;11;13;14,,,"19,820円",19820
11725,9,,,,"4,460円",4460
11727,1,1;2;3;4;5;6;7;8;9;10;11;12;13;14,2;3;5;6;7;9,,0円,0
11727,10,,,,"5,000円",5000
11727,11,10;13;15,1;2;3;9,,,
11727,12,,,,"5,000円",5000
11727,13,,,,"5,000円",5000
11727,14,,,,"5,000円",5000
11727,2,13,9,,0円,0
11727,3,,,,"6,000円",6000
11727,4,,,,"5,000円",5000
11727,5,9;10;13,2;3;9,,0円,0
11727,6,,,,"5,000円",5000
11727,7,,,,"5,000円",5000
11727,8,,,,"5,000円",5000
11727,9,,,,"5,000円",5000
11729,1,1;2;3;4;5;6;7;8;10;11;12;13;14,2;5;6;7;11,,15000,15000
11729,10,,8;11,,6000,6000
11729,11,10;13;15,3;11,,6000,6000
11729,12,,1;8;11,,15000,15000
11729,13,,8;11,,6000,6000
11729,14,,1;8;11,,6000,6000
11729,2,,8;11,,6000,6000
11729,3,,8;11,,6000,6000
11729,4,13,11,,6000,6000
11729,5,,8;11,,6000,6000
11729,6,,8;11,,6000,6000
11729,7,9;10;13,4;11,,15000,15000
11729,8,,8;11,,6000,6000
11729,9,,8;11,,6000,6000
11732,1,,,嘱託医受診、初期血液検査、がん検診,,
11732,10,,9,食事、生活指導、健康相談、足裏マッサージ、頭蓋仙骨療法,"6,000円",6000
11732,11,,,嘱託医健診　NST、オリモノ検査,,
11732,12,,1;9,内診、食事、生活指導、健康相談、足裏マッサージ、頭蓋仙骨療法,"10,000円",10000
11732,13,,1;9,内診、食事、生活指導、健康相談、足裏マッサージ、頭蓋仙骨療法,"10,000円",10000
11732,14,,1;9,内診、食事、生活指導、健康相談、足裏マッサージ、頭蓋仙骨療法,"10,000円",10000
11732,2,,,嘱託医健診,,
11732,3,,9,食事、生活指導、健康相談、足裏マッサージ、頭蓋仙骨療法,"8,000円",8000
11732,4,,,嘱託医健診　胎児スクリーニングテスト、オリモノ検査,,
11732,5,,9,食事、生活指導、健康相談、足裏マッサージ、頭蓋仙骨療法,"6,000円",6000
11732,6,,9,食事、生活指導、健康相談、足裏マッサージ、頭蓋仙骨療法,"6,000円",6000
11732,7,,9,食事、生活指導、健康相談、足裏マッサージ、頭蓋仙骨療法,"6,000円",6000
11732,8,,,嘱託医健診　胎児スクリーニングテスト、心電図、後期血液検査,,
11732,9,,9,食事、生活指導、健康相談、足裏マッサージ、頭蓋仙骨療法,"6,000円",6000
11733,14,,,当院では37種、40週でNSTを実施,"5,000～",5000
11733,4,,,20週まで嘱託医での健診を実施,,
11733,5,,,20週以降、必要時は超音波検査を実施,"5,000～",5000
11734,1,1;2;3;4;5;6;7;8;9;10;11;12;13;14,5;6;7,,"28,690円",28690
11734,10,,,助産師外来,"3,000円",3000
11734,11,10;13;15,1,,"13,050円",13050
11734,12,,1,助産師外来,"3,500円",3500
11734,13,,1,助産師外来,"3,500円",3500
11734,14,,1,,"4,500円",4500
11734,2,,,,"4,000円",4000
11734,3,,,助産師外来,"3,000円",3000
11734,4,13,,,"9,300円",9300
11734,5,10,4,,"7,860円",7860
11734,6,,,助産師外来,"3,000円",3000
11734,7,,,助産師外来,"3,000円",3000
11734,8,13,,血算検査,"11,350円",11350
11734,9,,,助産師外来,"3,000円",3000
11735,1,8,5,嘱託医療機関にて実施いただいている項目,"5,070円",5070
11735,10,,,当院での妊婦健診,"5,000円",5000
11735,11,10;13;15,,嘱託医療機関にて実施いただいている項目,"12,660円",12660
11735,12,,,当院での妊婦健診,"5,000円",5000
11735,13,,,当院での妊婦健診,"5,000円",5000
11735,14,,,当院での妊婦健診,"5,000円",5000
11735,2,1;2;3;4;5;6;7;9;10;11;12;13;14,6;7,嘱託医療機関にて実施いただいている項目,"29,730円",29730
11735,3,,,当院での妊婦健診,"5,000円",5000
11735,4,13,,嘱託医療機関にて実施いただいている項目,"9,000円",9000
11735,5,,,当院での妊婦健診,"5,000円",5000
11735,6,,,当院での妊婦健診,"5,000円",5000
11735,7,,,当院での妊婦健診,"5,000円",5000
11735,8,9;10;13,,嘱託医療機関にて実施いただいている項目,"12,410円",12410
11735,9,,,当院での妊婦健診,"5,000円",5000
11736,1,1;2;3;4;5;6;7;8;9;10;11;12;13;14,2;3;6,,"20,860円",20860
11736,10,,,,"4,090円",4090
11736,11,10;13;15,2;3,,"19,400円",19400
11736,12,,1,,"4,090円",4090
11736,13,,1,,"4,090円",4090
11736,14,,1,,"4,090円",4090
11736,2,13,,,"9,390円",9390
11736,3,,,,"4,090円",4090
11736,4,,,,"9,390円",9390
11736,5,,,,"4,090円",4090
11736,6,,,,"4,090円",4090
11736,7,9;10;13,2;3,,"17,800円",17800
11736,8,,,,"4,090円",4090
11736,9,,,,"4,090円",4090
11741,12,,1,,"2,500円",2500
11744,1,1;2;3;4;5;6;7;8;9;10;11;12;13;14,2;6;7;11,,"30,000円",30000
11744,10,,11,,"5,000円",5000
11744,11,10;13;15,7;11,,"20,000円",20000
11744,12,,11,,"7,000円",7000
11744,13,,11,,"7,000円",7000
11744,14,,11,,"7,000円",7000
11744,2,13,9;11,,"5,000円",5000
11744,3,,9;11,,"5,000円",5000
11744,4,,11,,"5,000円",5000
11744,5,,11,,"5,000円",5000
11744,6,10;13,4;11,,"10,000円",10000
11744,7,,11,,"5,000円",5000
11744,8,,11,,"5,000円",5000
11744,9,,11,,"5,000円",5000
11746,1,1;2;3;4;5;6;7;8;9;10;12;13,5;6;9,妊娠判定および初回検査は協力医院で実施して頂く,"20,000円",20000
11746,10,,8;9;10;11,嘱託医療機関受診,"6,000円",6000
11746,11,10;15,1;8;11,,"7,500円",7500
11746,12,,8;11,,"5,500円",5500
11746,13,,1;8;11,,"7,000円",7000
11746,14,,1;8;11,,"7,000円",7000
11746,2,13,9;11,助産院受診1回目,"7,000円",7000
11746,3,13,11,,"5,500円",5500
11746,4,13,9;10;11,嘱託医療機関受診,"8,000円",8000
11746,5,9;10;11;14,4;8;11,,"5,500円",5500
11746,6,,8;11,,"5,500円",5500
11746,7,,8;11,,"5,500円",5500
11746,8,,8;11,,"5,500円",5500
11746,9,,8;11,,"5,500円",5500
11751,10,,,,6000,6000
11751,12,,1,,6000,6000
11751,13,,1,,6000,6000
11751,14,,1,,6000,6000
11751,2,,,,6000,6000
11751,3,,,,6000,6000
11751,5,,,,6000,6000
11751,6,,,,6000,6000
11751,8,,,,6000,6000
11751,9,,,,6000,6000
11752,1,1;2;3;4;5;6;7;8;9;10;11;12;13;14,2;8;9,,"7,000円",7000
11752,10,15,9;11,,"10,000円",10000
11752,11,10;13,1;9;11,,"6,500円",6500
11752,12,,9;11,,"6,500円",6500
11752,13,,9;11,,"6,500円",6500
11752,14,,9;11,,"6,500円",6500
11752,2,13,9;11,,"6,500円",6500
11752,3,,9;11,,"6,500円",6500
11752,4,,9;11,,"6,500円",6500
11752,5,9;10;13,4;9;11,,"10,000円",10000
11752,6,13,9;11,,"6,500円",6500
11752,7,,9;11,,"6,500円",6500
11752,8,,9;11,,"6,500円",6500
11752,9,,9;11,,"6,500円",6500
11753,1,1;2;3;4;5;6;7;8;9;10;11;12;13;14,,,,
11753,10,13;15,2;3,,,
11753,11,,1;11,出産のシミュレーション（分娩室にて）陣痛について必要物品や連絡方法,"1,000円",1000
11753,12,,1;11,出産準備、連絡方法。緊急連絡の必要な症状,"1,000円",1000
11753,13,,1;11,出産準備、連絡方法。入院中の過ごし方。退院後の過ごし方。,"1,000円",1000
11753,14,,1;11,出産準備、連絡方法。入院中の過ごし方。退院後の過ごし方。,"1,000円",1000
11753,3,,8;11,助産所での健康管理について、夫の妊婦体験（必要に応じ）,,
11753,4,13,4;9,,,
11753,5,13,2;3,,,
11753,6,,8;11,助産所での健康管理、出産準備、子育て準備について,,
11753,8,13,,,,
11753,9,,8;11,助産所での健康管理、出産準備、子育て準備について（夫婦の協力について）,,
11754,1,1;2;3;4;5;6;7;8;9;10;11;12;13,2;6;9,,"20,330円",20330
11754,10,,9,乳頭チェック（無料）,"5,000円",5000
11754,11,10;15,1;9,,"16,150円",16150
11754,12,,1;9,乳頭チェック（無料）,8000,8000
11754,13,,1;9,乳頭チェック（無料）,8000,8000
11754,14,,1;9,乳頭チェック（無料）,8000,8000
11754,2,13,,,"5,000円",5000
11754,3,,9,乳頭チェック（無料）,"7,000円",7000
11754,4,,9,乳頭チェック（無料）,"5,000円",5000
11754,5,9;10;13;14,9,当院は、GBS検査を24週頃にも実施している,"18,530円",18530
11754,6,,9,乳頭チェック（無料）,"5,000円",5000
11754,7,,9,乳頭チェック（無料）,"5,000円",5000
11754,8,,9,当院では、超音波検査・血算検査を30週頃にも実施している,"12,210円",12210
11754,9,,9,乳頭チェック（無料）,"5,000円",5000
11762,1,1;2;3;4;5;6;7;8;9;10;11;12;13,6,,,
11762,10,,,,"5,000円",5000
11762,11,10;13,10,,,
11762,12,,,,"5,000円",5000
11762,13,,,,"5,000円",5000
11762,14,,,,"5,000円",5000
11762,3,,,,"5,000円",5000
11762,4,,,,"5,000円",5000
11762,5,9;10;13;14,10,,,
11762,6,,,,"5,000円",5000
11762,7,,,,"5,000円",5000
11762,8,,2;3;10,,,
11762,9,15,,,"5,000円",5000
11763,1,1;2;3;4;5;6;7;8;9;10;11;12;13;14,6;7;8;11,サイトメガロとトキソプラズマ検査は必要時実施。,,
11763,10,,11,,,
11763,11,13;15,1;2;3;8;11,GBS検査は妊娠35週実施。,,
11763,12,,1;11,,,
11763,13,,1;11,,,
11763,14,,11,予定日を過ぎると再度GBS検査実施。,,
11763,2,13,8;11,全妊娠期間中は嘱託医療機関医師の指示に従う。,,
11763,3,,11,,,
11763,4,,11,,,
11763,5,13,4;5;8;11,,,
11763,6,,11,,,
11763,7,,11,,,
11763,8,,11,,,
11763,9,13,8;11,,,
11765,1,1;2;3;4;5;6;7;8;9;10;11;12;13,,,,
11765,10,13;15,,,,
11765,11,10,8,,,
11765,12,,8,,5163,5163
11765,13,,1;8,,5163,5163
11765,14,13,1,,5163,5163
11765,2,13;14,,,,
11765,3,,8,,5163,5163
11765,4,,8,,5163,5163
11765,5,9;10,8,,,
11765,6,,8,,5163,5163
11765,7,,8,,5163,5163
11765,8,,8,,5163,5163
11765,9,,8,,5163,5163
11768,1,1;2;3;4;5;6;7;8;9;10;11;12;13,6,,,
11768,10,,10,36週に嘱託医療機関でGBS２回目の検査がある,,
11768,11,10;13,,,"5,000円",5000
11768,12,,,,"5,000円",5000
11768,13,,,,"5,000円",5000
11768,14,,,,"5,000円",5000
11768,3,,,,"5,000円",5000
11768,4,,,,"5,000円",5000
11768,5,9;10;13;14,10,,,
11768,6,,,,"5,000円",5000
11768,7,,,,"5,000円",5000
11768,8,,3;10,,,
11768,9,15,,,"5,000円",5000
11769,1,1;2;3;4;5;6;7;8;9;10;11;12,6,,,
11769,11,10;13;15,8,,,
11769,3,13,,,,
11769,4,13;14,8,,,
11769,6,9;10,8,,,
11769,8,13,4;8,,,
11770,1,1;2;3;4;5;6;7;8;9;10;11;12;13;14,9,病院健診,"24,780円",24780
11770,10,,,,"6,000円",6000
11770,11,10;13;15,9,嘱託医健診,"11,400円",11400
11770,12,,,,"6,000円",6000
11770,13,,1,,"6,000円",6000
11770,14,,,,"6,000円",6000
11770,2,,9,病院健診,"5,040円",5040
11770,3,,,,"7,000円",7000
11770,4,13,9,嘱託医健診,"9,820円",9820
11770,5,,,,"6,000円",6000
11770,6,,,,"6,000円",6000
11770,7,9;10;13,9,嘱託医健診,"17,340円",17340
11770,8,,,,"6,000円",6000
11770,9,,,,"6,000円",6000
11772,1,1;2;3;4;5;6;7;8;9;10;11;12;13,2;3,嘱託医療機関受診,,
11772,10,,,嘱託医療機関受診　　間接クームスを実施,,
11772,11,10;13;15,1,嘱託医療機関受診,,
11772,12,,8,足浴実施,4500,4500
11772,13,,8,足浴実施,4500,4500
11772,14,,8,足浴実施,4500,4500
11772,2,13,,嘱託医療機関受診,,
11772,3,,8,,4000,4000
11772,4,,8,,4000,4000
11772,5,,8,,4000,4000
11772,6,9;10;13;14,4,嘱託医療機関受診,,
11772,7,,8,,4000,4000
11772,8,,8,,4000,4000
11772,9,,8,,4000,4000
11773,1,1;2;3;4;5;6;7;8;9;10;12;13,9;11,見学必須,0円,0
11773,10,,1;9;10;11,,0円,0
11773,11,10;13;15,1;9;10;11,,0円,0
11773,12,,1;9;10;11,,0円,0
11773,13,,1;9;10;11,,0円,0
11773,14,,1;9;10;11,,0円,0
11773,2,,9;11,,0円,0
11773,3,,9;10;11,,0円,0
11773,4,,9;10;11,,0円,0
11773,5,,9;10;11,,0円,0
11773,6,9;10;11;13;14,9;10;11,,0円,0
11773,7,,9;10;11,,0円,0
11773,8,,1;9;10;11,,0円,0
11773,9,,1;9;10;11,,0円,0
11774,1,1;2;3;4;5;6;7;8;9;10;11;12;13;14,5;6;7,医師診察・検査　　　　診療検査料の具体的金額は分からず,,
11774,10,,9;11,,"5,000円",5000
11774,11,10;13;15,1;2;3,医師診察・検査　　　　診療検査料の具体的金額は分からず,,
11774,12,,9;11,,,
11774,13,,1;9;11,,"7,000円",7000
11774,14,,1;9;11,,"8,000円",8000
11774,2,13,,,,
11774,3,,9;11,助産院初診はこのころ　　超音波は毎回施行するが診断で目的ではないため妊健料にふくめている,"7,000円",7000
11774,4,,9;11,,"5,000円",5000
11774,5,10;13,,医師診察・検査　　　　診療検査料の具体的金額は分からず,,
11774,6,,9;11,,"5,000円",5000
11774,7,,9;11,,"5,000円",5000
11774,8,10;13,,医師診察・検査　　　　診療検査料の具体的金額は分からず,,
11774,9,,9;11,,"5,000円",5000
11776,10,,,,"5,000円",5000
11776,11,10;15,1;9,,"16,330円",16330
11776,12,,,,"6,500円",6500
11776,13,,1,,"5,000円",5000
11776,14,,1;9,GBS検査は嘱託医療機関にて、予定日超過に備え再検査しています。,"14,750円",14750
11776,4,13;14,,,"10,550円",10550
11776,5,,,,"5,000円",5000
11776,6,,,,"5,000円",5000
11776,7,10;13,4,ABO血液型検査、Rh血液型検査、不規則抗体検査については、嘱託医療機関にて再度検査されています。,"16,085円",16085
11776,8,,,,"5,000円",5000
11776,9,,,,"5,000円",5000
11778,1,1;2;3;4;5;6;7;8;9;10;11;12;13;14,9,,"33,020円",33020
11778,10,,9,,"10,450円",10450
11778,11,10;15,9,,"9,000円",9000
11778,12,13,9,,"5,000円",5000
11778,13,,1;9,,"5,000円",5000
11778,14,,1;9,,"5,000円",5000
11778,2,13,9,,"10,100円",10100
11778,3,,9,,"8,000円",8000
11778,4,,9,,"8,000円",8000
11778,5,,9,,"6,000円",6000
11778,6,9;10;13,9,,"10,130円",10130
11778,7,,9,,"5,000円",5000
11778,8,,9,,"5,000円",5000
11778,9,,9,,"5,000円",5000
11779,10,,8,,"1,500円",1500
11779,11,,8,,"1,500円",1500
11779,12,,1,,"1,500円",1500
11779,13,,1,,"1,500円",1500
11779,14,,1,,"1,500円",1500
11779,9,,8,,"1,500円",1500
11780,1,1;2;3;4;5;6;7;8;9;10;11;12;13;14,,嘱託医健診,"20,000円",20000
11780,10,,9,,"5,000円",5000
11780,11,10;13;15,,嘱託医健診,"15,000円",15000
11780,12,,1,,"8,000円",8000
11780,13,,1;9,,"8,000円",8000
11780,14,,1,,"8,000円",8000
11780,2,,9;11,,"7,000円",7000
11780,3,,9,,"5,000円",5000
11780,4,13,,嘱託医健診,"8,000円",8000
11780,5,,9,,"5,000円",5000
11780,6,,9,,"5,000円",5000
11780,7,10;13,4,嘱託医健診,"15,000円",15000
11780,8,,9,,"5,000円",5000
11780,9,,9,,"5,000円",5000
11781,11,10;13;15,,,,
11781,12,,1,,,
11781,13,,1,,,
11781,14,,1,,,
11781,2,1;2;3;4;5;6;7;8;9;10;11;12;13;14,2;6,,,
11781,3,13,,,,
11781,5,9;10;13,,,,
11782,10,13,,,,
11782,11,13,,,,
11782,12,13,,,,
11782,13,13,,,,
11782,14,13,1,,"2,000円",2000
11782,3,13,,,,
11782,4,13,,,,
11782,5,13,,,,
11782,6,13,,,,
11782,7,13,,,,
11782,8,13,,,,
11782,9,13,,,,
11785,1,1;2;3;4;5;6;7;8;9;10;11;12;13;14,,,,
11785,10,10;13;15,,,,
11785,11,,1;11,分娩にあたっての連絡方法や準備品、分娩の説明など,,
11785,12,,1,,,
11785,13,,1,,,
11785,14,,1,,,
11785,5,13,,,,
11785,6,9;10,,,,
11786,10,,11,マッサージ及び分娩に向けての心身の助言（個別指導）,"6,000円",6000
11786,12,,11,マッサージ及び分娩にむけての心身の助言,"6,000円",6000
11786,13,,11,マッサージ及び分娩にむけての心身の助言,"6,000円",6000
11786,14,,1;11,マッサージ及び分娩にむけての心身の助言,"11,000円",11000
11786,5,,11,マッサージ及び妊娠中後期の食事・運動指導,"7,000円",7000
11786,6,,11,,"6,000円",6000
11786,7,,11,,"6,000円",6000
11786,9,,11,マッサージ及び妊娠後期の日常生活の過ごし方・運動指導,"6,000円",6000
11789,1,,8,,,
11789,10,,9;11,,"6,000円~7,000円",6000
11789,11,10;13;15,9;11,,"12,000円",12000
11789,12,,1;9;11,,"8,000円~9,000円",8000
11789,13,,1;9;11,,"8,000円~9,000円",8000
11789,14,,1;9;11,,"8,000円~9,000円",8000
11789,2,,,,"6,000円~7,000円",6000
11789,3,13,9;11,,"6,000円~7,000円",6000
11789,4,13,9;11,,"6,000円~7,000円",6000
11789,5,13,9;11,,"6,000円~7,000円",6000
11789,6,,9;11,,"6,000円~7,000円",6000
11789,7,9;10,9;11,,"12,000円",12000
11789,8,,9;11,,"6,000円~7,000円",6000
11789,9,,9;11,,"6,000円~7,000円",6000
11790,1,,,,7000,7000
11790,10,15,,,8000,8000
11790,11,,,,6460,6460
11790,12,,1,,9760,9760
11790,13,,,,9760,9760
11790,14,,,,9760,9760
11790,2,1;2;3;4;5;6;7;8;9;10;11;12,6;7,,28000,28000
11790,3,,,,6460,6460
11790,4,14,2,,8300,8300
11790,5,,,,6460,6460
11790,6,,,,6460,6460
11790,7,,,,6460,6460
11790,8,,4,,6500,6500
11790,9,,,,6460,6460
11793,1,1;2;3;4;5;6;7;8;9;10;11;12;13,,,,
11793,10,,9;11,,,
11793,11,10;13;15,,,,
11793,12,,9;11,,,
11793,13,,9;11,,,
11793,14,,9;11,,,
11793,2,13,9;11,,,
11793,3,,9;11,,,
11793,5,,9;11,,,
11793,7,,9;11,,,
11793,8,9;10;13;14,,,,
11793,9,,9;11,,,
11794,1,1;2;3;4;5;6;7;8;9;10;11;12;13,,病院受診,,
11794,10,,,,"5,780円",5780
11794,11,,1;8,病院受診,,
11794,12,,,,"5,780円",5780
11794,13,,1,,"6,780円",6780
11794,14,,1,,"6,780円",6780
11794,2,13,,病院受診,,
11794,3,13,,病院受診,,
11794,4,,,状況により病院受診,"5,780円",5780
11794,5,,,,"5,780円",5780
11794,6,,,,"5,780円",5780
11794,7,13;14,,病院受診,,
11794,8,,,,"5,780円",5780
11794,9,,,,"5,780円",5780
11796,1,13,11,,20000,20000
11796,10,,11,,7460,7460
11796,11,10;13;15,1;11,嘱託医受診,10000,10000
11796,12,,1;11,,7460,7460
11796,13,,1;11,,7460,7460
11796,14,,1;11,,7460,7460
11796,2,1;2;3;4;5;6;7;8;9;10;11;12;13;14,2;5;6;7;11,嘱託医にて検査実施,40000,40000
11796,3,,11,,7460,7460
11796,4,13;14,11,嘱託医受診,15000,15000
11796,5,,11,,7460,7460
11796,6,9,11,必要時嘱託医受診,7460,7460
11796,7,,11,,7460,7460
11796,8,9;10;13,9;11,嘱託医受診,10000,10000
11796,9,,11,,7460,7460
11797,1,1;2;3;4;5;6;7;8;9;10;11;12;13,,サイトメガロ及びトキソプラズマ検査はオプションで実施,,
11797,10,,8;9,,"4,000円",4000
11797,11,13;15,1;8;9,,,
11797,12,,1;3;8;9,,"5,000円",5000
11797,13,,1;8;9,,"5,000円",5000
11797,14,,1;8;9,,"5,000円",5000
11797,2,,8;9,,"4,000円",4000
11797,3,14,9;10,,,
11797,4,13,8;9,,"4,000円",4000
11797,5,,8;9,,"4,000円",4000
11797,6,,9;10,,,
11797,7,,8;9,,"4,000円",4000
11797,8,13,8;9,,,
11797,9,,8;9,,"4,000円",4000
11799,12,13,1,,,
11799,13,,1,,,
11799,14,,1,,,
11799,2,1;2;3;4;5;6;7;8;9;10;11;12;13;14,,,,
11799,4,10;13,,,,
11799,9,10;13;15,,,,
11800,1,1;2;3;4;5;6;7;8;9;10;11;12;13;14,2;3;5;6;7,,"6,000円",6000
11800,10,,9,,,
11800,11,10;13;15,1,,"5,000円",5000
11800,12,,1,,"5,000円",5000
11800,13,,1,,"5,000円",5000
11800,14,,1,,"5,000円",5000
11800,2,,,,"5,000円",5000
11800,3,13,,,"5,000円",5000
11800,4,,,,"5,000円",5000
11800,5,9;10;13,4;9,,,
11800,6,,,,"5,000円",5000
11800,7,,,,"5,000円",5000
11800,8,,,,"5,000円",5000
11800,9,,,,"5,000円",5000
11801,11,15,,,,
11801,12,,1,,,
11801,2,1;2;3;4;5;6;7;8;9;10;11;12;13;14,2;6;10,栄養指導,,
11801,4,,10,,,
11801,5,,4;10,,,
11802,1,1;2;3;4;5;6;7;8;9;10;12;13;14,2;3;5;6;7,,,
11802,10,,1;8;9;11,尿検査　　血圧測定,,
11802,11,10;13;15,2;3,,,
11802,12,,1;8;9;11,尿検査　　血圧測定,,
11802,13,,1;8;9;11,尿検査　　血圧測定,,
11802,14,,1;8;9;11,尿検査　　血圧測定,,
11802,2,,8;9;11,尿検査　　血圧測定,,
11802,3,,8;9;11,尿検査　　血圧測定,,
11802,4,13,,,,
11802,5,,8;9;11,尿検査　　血圧測定,,
11802,6,,8;9;11,尿検査　　血圧測定,,
11802,7,,8;9;11,尿検査　　血圧測定,,
11802,8,9;10;11;13,,,,
11802,9,,8;9;11,尿検査　　血圧測定,,
11809,1,1;2;3;4;5;6;7;8;9;10;11;12,6;7;9,,"26,990円",26990
11809,10,9;15,2;3;9,性器クラミジア検査を実施している,"17,840円",17840
11809,11,10,9,,"6,000円",6000
11809,12,,1;9,,"8,500円",8500
11809,13,,1;9,,"7,500円",7500
11809,14,,1;9,,"7,500円",7500
11809,2,,9,,"6,000円",6000
11809,3,,9,,"6,000円",6000
11809,4,,9,,"6,000円",6000
11809,5,,9,,"6,000円",6000
11809,6,,9,,"6,000円",6000
11809,7,10,9,,"7,630円",7630
11809,8,,9,,"6,000円",6000
11809,9,,9,,"6,000円",6000
11810,1,,,嘱託医療機関での健診,,
11810,10,,,,5460,5460
11810,11,10;13;15,,嘱託医療機関での健診,,
11810,12,,,,5460,5460
11810,13,,,,5460,5460
11810,14,,,,5460,5460
11810,2,1;2;3;4;5;6;7;8;9;10;11;12;13;14,2;3;5;6;7,嘱託医療機関での健診,,
11810,3,,,嘱託医療機関での健診,,
11810,4,,,嘱託医療機関での健診,,
11810,5,,,,5460,5460
11810,6,,,,5460,5460
11810,7,,,,5460,5460
11810,8,9;10;13,,嘱託医療機関での健診,,
11810,9,,,,5460,5460
11812,1,1;2;3;4;5;6;7;8;9;10;12;13,2;3;6;7,,,
11812,10,,,,"11,000円",11000
11812,11,13;15,1,,"11,000円",11000
11812,12,,,,"7,000円",7000
11812,13,,,,"7,000円",7000
11812,14,,,,"7,000円",7000
11812,3,,11,着帯指導,"11,000円",11000
11812,4,13,,,"11,000円",11000
11812,5,9;14,4,,"11,000円",11000
11812,6,,11,,"11,000円",11000
11812,7,11,,,"11,000円",11000
11812,8,,,,"11,000円",11000
11812,9,13,,,"11,000円",11000
11814,1,12;13,,,"8,000円",8000
11814,10,,,,"6,000円",6000
11814,11,10;13;15,,,"8,000円",8000
11814,12,,,,"8,000円",8000
11814,13,,1,,"8,000円",8000
11814,14,,1,,"8,000円",8000
11814,2,1;2;3;4;5;6;7;8;9;10;11;13;14,2,,"29,500円",29500
11814,3,,,,"7,000円",7000
11814,4,,,,"6,000円",6000
11814,5,,,,"6,000円",6000
11814,6,9;10;13,4,,"12,250円",12250
11814,7,,,,"6,000円",6000
11814,8,,,,"6,000円",6000
11814,9,,,,"6,000円",6000
11815,1,1;2;3;4;5;6;7;8;9;10;11;12;13;14,6,地域の医療機関で実施,"29,190円",29190
11815,10,,,,"5,780円",5780
11815,11,10;13;15,,血液型・不規則抗体検査実施　　　　　嘱託医で実施,"20,320円",20320
11815,12,,1,,"5,780円",5780
11815,13,,1,,"5,780円",5780
11815,14,,1,,"5,780円",5780
11815,2,13,,地域の医療機関で実施,"10,560円",10560
11815,3,,,,"5,780円",5780
11815,4,13,,嘱託医で健診,"5,780円",5780
11815,5,9;10;13,,嘱託医で実施,"14,470円",14470
11815,6,,,,"5,780円",5780
11815,7,9;10;13,,嘱託医で健診,"5,780円",5780
11815,8,,,,"5,780円",5780
11815,9,,,,"5,780円",5780
11817,1,13,,,"6,000円",6000
11817,10,,,,"5,000円",5000
11817,11,10;13;15,1;6;7;11,,"12,500円",12500
11817,12,,1,,"8,000円",8000
11817,13,,1,,"8,000円",8000
11817,14,,1,,"8,000円",8000
11817,2,1;2;3;4;5;6;7;8;9;10;11;12;13;14,6;7,,"36,000円",36000
11817,3,,,,"5,500円",5500
11817,4,,,,"5,000円",5000
11817,5,,,,"5,000円",5000
11817,6,,,,"5,000円",5000
11817,7,9;10;13,11,,"9,500円",9500
11817,8,,,,"5,000円",5000
11817,9,,,,"5,000円",5000
11818,1,1;2;3;4;5;6;7;8;9;10;11;12;13;14,,,,
11818,10,,,,"6,000円",6000
11818,11,10;13;15,1,,,
11818,12,,,,"6,000円",6000
11818,13,,,,"6,000円",6000
11818,14,,1,,"7,000円",7000
11818,2,13,,,,
11818,5,,,,"6,000円",6000
11818,6,,,,"6,000円",6000
11818,7,9;10;13,4,,,
11818,8,,,,"6,000円",6000
11818,9,,,,"6,000円",6000
11819,1,1;2;3;4;5;6;7;8;9;10;11;12;13;14,6,,,
11819,10,9;10;15,,,,
11819,11,13,,,,
11819,13,,1,,,
11819,4,13,,,,
11819,7,13,,,,
11822,1,1;2;3;4;5;6;7;8;9;10;11;12;13,,,"医療機関
25,760円",25760
11822,10,13;15,,,"医療機関
11,410円",11410
11822,11,,,,"7,700円",7700
11822,12,,,,"7,700円",7700
11822,13,,,,"7,700円",7700
11822,14,,,,"7,700円",7700
11822,2,,,,"7,700円",7700
11822,3,,,,"7,700円",7700
11822,4,13;14,,,"医療機関
11,810円",11810
11822,5,,,,"7,700円",7700
11822,6,,,,"7,700円",7700
11822,7,9;10;13,,,"医療機関 
16,130円",16130
11822,8,,,,"7,700円",7700
11822,9,,,,"7,700円",7700
11823,11,,1,,,
11823,12,,1;8,,"5,000円",5000
11823,13,,1;8,,"5,000円",5000
11823,14,,1;8,,"5,000円",5000
11823,2,,8,,"5,000円",5000
11823,3,,8,,"5,000円",5000
11823,5,,8,,"5,000円",5000
11823,6,,8,,"5,000円",5000
11823,7,,8,,"5,000円",5000
11823,9,,8,,"5,000円",5000
11826,1,1;2;3;4;5;6;7;8;9;10;12;13,6,,嘱託医受診後お受けするので金額はわかりません,
11826,11,10;13;15,,,"嘱託医にて3,000円~5,000円",3000
11826,12,,1,,,
11826,4,11;13;14,,,"嘱託医にて3,000円~5,000円",3000
11826,7,9;10;13,,,"嘱託医にて3,000円~5,000円",3000
11827,1,1;2;3;4;5;6;7;8;9;10;11;12;13;14,,,"14,590円",14590
11827,10,,,,"4,090円",4090
11827,11,10;15,,,"10,340円",10340
11827,12,,,,"4,880円",4880
11827,13,,,,"4,090円",4090
11827,14,,1,,"4,090円",4090
11827,2,,,,"3,500円",3500
11827,3,,,,"4,090円",4090
11827,4,,,,"4,090円",4090
11827,5,,,,"4,090円",4090
11827,6,,,,"4,090円",4090
11827,7,,,,"4,090円",4090
11827,8,9;10,,,"5,280円",5280
11827,9,,,,"4,090円",4090
11829,1,,8;9,,"6,000円",6000
11829,10,,8;9,,"6,000円",6000
11829,11,10;13;15,9,,"6,000円",6000
11829,12,,8;9,,"6,000円",6000
11829,13,,8;9,,"6,000円",6000
11829,14,,8;9,,"6,000円",6000
11829,2,1;2;3;4;5;6;7;8;9;10;11;12;13;14,9,,"6,000円",6000
11829,3,,8;9,,"6,000円",6000
11829,4,13,9,,"6,000円",6000
11829,5,,8;9,,"6,000円",6000
11829,6,,8;9,,"6,000円",6000
11829,7,9;10,4;8;9,,"6,000円",6000
11829,8,13,9,,"6,000円",6000
11829,9,,8;9,,"6,000円",6000
11832,1,1;2;3;4;5;6;7;8;9;10;11;12;13,6;10,,"33,260円",33260
11832,10,,,,"4,130円",4130
11832,11,10;13;15,10,,"13,760円",13760
11832,12,,,,"4,130円",4130
11832,13,,,,"4,130円",4130
11832,14,,,,"4,130円",4130
11832,2,13,10,,"6,890円",6890
11832,3,,,,"4,130円",4130
11832,4,,,,"4,130円",4130
11832,5,9;10;13;14,10,,"15,450円",15450
11832,6,,,,"4,130円",4130
11832,7,,,,"4,130円",4130
11832,8,,10,血算,"12,880円",12880
11832,9,,,,"4,130円",4130
11836,1,1;2;3;4;5;6;7;8;9;10;11;12;13;14,2;6,HbA1ｃ,"26,280円",26280
11836,10,,8,,"4,710円",4710
11836,11,13;15,1,,"14,240円",14240
11836,12,10,1;8,,"7,590円",7590
11836,13,,1;8,,"4,710円",4710
11836,14,,1;8,,"4,710円",4710
11836,2,,8,,"4,710円",4710
11836,3,,8,,"4,710円",4710
11836,4,13,,,"10,540円",10540
11836,5,,8,,"4,710円",4710
11836,6,,8,,"4,710円",4710
11836,7,,8,,"4,710円",4710
11836,8,9;10;13,,,"10,540円",10540
11836,9,,8,,"4,710円",4710
11838,11,,,,"6,000円",6000
11838,12,,,,"6,000円",6000
11838,13,,,,"6,000円",6000
11838,14,,,,"6,000円",6000
11838,3,,,,"6,000円",6000
11838,4,,,,"6,000円",6000
11838,7,,,,"6,000円",6000
11838,9,,,,"6,000円",6000
11845,1,1;2;3;4;5;6;7;8;10;11;12;14,6;7;8;11,,"24,460円",24460
11845,10,,8,,"9,870円",9870
11845,11,10;15,1;2;8,,"17,630円",17630
11845,12,,1,,"5,490円",5490
11845,13,,1,,"5,090円",5090
11845,14,,1,,"5,090円",5090
11845,2,,11,,"5,490円",5490
11845,3,,8,,"10,270円",10270
11845,4,,8,,"8,970円",8970
11845,5,10,4,,"10,940円",10940
11845,6,,,,"5,490円",5490
11845,7,,8,,"9,870円",9870
11845,8,,8;11,血算検査,"10,830円",10830
11845,9,,,,"5,490円",5490
11846,1,1;2;3;4;5;6;7;8;9;10;11;12;13;14,2;5;6,,"27,180円",27180
11846,10,,,,"7,760円",7760
11846,11,10;13;15,10,,"15,720円",15720
11846,12,,1,,"8,260円",8260
11846,13,,1,,"8,260円",8260
11846,14,,1,,"8,260円",8260
11846,2,13,,,"10,550円",10550
11846,3,,,初診料,"8,760円",8760
11846,4,,,,"7,760円",7760
11846,5,9;10;13,10,,"15,750円",15750
11846,6,,,,"7,760円",7760
11846,7,,,,"7,760円",7760
11846,8,,,,"7,760円",7760
11846,9,,,,"7,760円",7760
11847,1,1;2;3;4;5;6;7;8;9;10;12;13,5;6;7,GBS,,
11847,10,15,8,骨密度,,
11847,11,13,1,骨密度,,
11847,12,10,1;8,,,
11847,13,10,1;8,,,
11847,14,,1;8,,,
11847,2,1;2;3;4;5;6;7;8;9;10;12;13,,"骨密度
ECG",,
11847,3,13,8,"骨密度
ECG",,
11847,4,11,8;4,血算,,
11847,5,9;10;11;13;14,4,,,
11847,6,14,8,,,
11847,7,10,8,,,
11847,8,,8,血算,,
11847,9,15,8,"ABO
RH
不規則
血算",,
11848,1,1;2;3;4;5;6;7;8;9;10;11;12;13;14,2;9,,5000,5000
11848,10,,2;11,,,
11848,11,,1;2;11,,,
11848,12,10;13;15,1;2;11;9,,5000,5000
11848,13,,1;2;11;9,,3500,3500
11848,14,,1;2;11;9,,3500,3500
11848,2,13,9,,3000,3000
11848,3,,2;11,,,
11848,4,,2;11,,,
11848,5,,2;11,,,
11848,6,,2;11,,,
11848,7,,2;11,,,
11848,8,9;10;13,2;11;9,,3500,3500
11848,9,,2;11,,,
11849,1,1;2;3;4;5;6;7;8;9;10;11;12;13,,,嘱託医療機関での実施の為、不明,
11849,10,15,,,嘱託医療機関での実施の為、不明,
11849,11,,,,"8,500円",8500
11849,12,10;13,,,嘱託医療機関での実施の為、不明,
11849,13,,,,"8,500円",8500
11849,14,,,,"8,500円",8500
11849,2,,,,"6,500円",6500
11849,3,,,,"6,500円",6500
11849,4,13,,,嘱託医療機関での実施の為、不明,
11849,5,,,,"6,500円",6500
11849,6,9;10,,,嘱託医療機関での実施の為、不明,
11849,7,,,,"6,500円",6500
11849,8,13,,,嘱託医療機関での実施の為、不明,
11849,9,,,,"6,500円",6500
11852,1,1;2;3;4;5;6;7;8;9;10;11;12;13,6;7,GBS,"26,190円",26190
11852,10,,8,,"8,880円",8880
11852,11,10;13;15,1,,"11,720円",11720
11852,12,,1;8,,"5,080円",5080
11852,13,,1;8,,"5,080円",5080
11852,14,,1;8,,"5,080円",5080
11852,2,,8;10,,"26,190円",26190
11852,3,,8,,"5,080円",5080
11852,4,13,10,,"9,860円",9860
11852,5,,8,,"5,080円",5080
11852,6,,8,,"5,080円",5080
11852,7,9;10;13;14,2,,"17,050円",17050
11852,8,,8,,"5,080円",5080
11852,9,,8,,"5,080円",5080
11853,1,1;2;3;4;5;6;7;8;9;10;11;12;13;14,11,嘱託医,,
11853,10,15,8;10;11,嘱託医,,
11853,11,10;13,11,,0円,0
11853,12,,1;8;11,,0円,0
11853,13,,8;11,,0円,0
11853,14,,8;11,,0円,0
11853,2,13,10;11,嘱託医,,
11853,3,,8;11,,0円,0
11853,4,,8;10;11,嘱託医,,
11853,5,13,11,,0円,0
11853,6,,8;11,,0円,0
11853,7,9;10,8;10;11,嘱託医,,
11853,8,,8;11,,0円,0
11853,9,,8;11,,0円,0
11857,1,1;2;3;4;5;6;7;8;9;10;11;12;13;14,,,"27,090円",27090
11857,10,,8,,"4,090円",4090
11857,11,10;13;15,,,"19,400円",19400
11857,12,,1;8,,"4,090円",4090
11857,13,,1;8,,"4,090円",4090
11857,14,,1;8,,"4,090円",4090
11857,2,,,,"9,390円",9390
11857,3,,8,,"4,090円",4090
11857,4,13,,,"9,390円",9390
11857,5,,8,,"4,090円",4090
11857,6,9;10;13,,,"13,140円",13140
11857,7,,8,,"4,090円",4090
11857,8,,8,,"4,090円",4090
11857,9,,8,,"4,090円",4090
11869,1,1;2;3;4;5;6;7;8;9;10;12;13,11,,"23,910円",23910
11869,10,,11,,"5,180円",5180
11869,11,10;13;15,11,,"13,270円",13270
11869,12,,1;11,,"5,080円",5080
11869,13,,1;11,,"5,080円",5080
11869,14,,1;11,,"5,080円",5080
11869,2,,11,,"5,180円",5180
11869,3,,11,,"5,180円",5180
11869,4,,11,,"5,180円",5180
11869,5,,11,,"5,180円",5180
11869,6,,11,,"17,830円",17830
11869,7,9;10;11;13;14,11,,"5,180円",5180
11869,8,,11,,"5,180円",5180
11869,9,,11,,"5,180円",5180
11873,1,12;13,,産院・初診,"20,000円",20000
11873,10,,8,,"6,110円",6110
11873,11,10;13,1;11,,"8,000円",8000
11873,12,15,8,,"6,000円",6000
11873,13,,1,,"8,000円",8000
11873,14,,1,,"8,000円",8000
11873,2,1;2;3;4;5;6;7;8;9;10;11,8,,"8,000円",8000
11873,3,15,8,"嘱託医初診
紹介状代含まず","10,000円",10000
11873,4,13,10;11,当院初診,"7,180円",7180
11873,5,,8,,"6,180円",6180
11873,6,,,,"6,180円",6180
11873,7,9;10;14,8,,"6,180円",6180
11873,8,13,10,,"8,000円",8000
11873,9,,,,"6,110円",6110
11877,1,1;2;3;4;5;6;7;8;9;10;11;12;14,6;8;9,医療機関で検査,12000,12000
11877,10,13;15,8;10,医療機関で検査,4410,4410
11877,11,10;13,,医療機関で検査,0,0
11877,12,10,1;10;11,,0,0
11877,13,,1;10;11,,0,0
11877,14,,1;10;11,,0,0
11877,2,13,,医療機関で,0,0
11877,3,,10;11,,2000,2000
11877,4,13,8,医療機関で,0,0
11877,5,,10;11,,0,0
11877,6,9;10;13,4;8,医療機器間で検査,9000,9000
11877,7,,10;11,,0,0
11877,8,,10,,0,0
11877,9,,10;11,,0,0
11881,1,13,,,"7,000円",7000
11881,10,,8,,"7,000円",7000
11881,11,10;15,8,,"10,000円",10000
11881,12,,1;8,,"9,000円",9000
11881,13,,8,,"7,000円",7000
11881,14,,8,,"7,000円",7000
11881,2,1;2;3;4;5;6;7;8;9;10;11;12;13;14,2;6;7,,"23,000円",23000
11881,3,13,,,"8,000円",8000
11881,4,13,9,,"11,000円",11000
11881,5,,8,,"7,000円",7000
11881,6,,8,,"7,000円",7000
11881,7,9;10,8,,"10,000円",10000
11881,8,,8,,"7,000円",7000
11881,9,,8,,"7,000円",7000
11882,1,1;2;3;4;5;6;7;8;9;10;12;13;11;14,5;6;7;8,近医または連携医療機関での受診,,
11882,10,,11,,6600,6600
11882,11,10;13;15,11,"連携医療機関での受診
（助産師も同行）",2000,2000
11882,12,,11;1,,9900,9900
11882,13,,11;1,,9900,9900
11882,14,,1;11,,9900,9900
11882,2,13,,,,
11882,3,,11,,7700,7700
11882,4,,11,,6600,6600
11882,5,9;10;11;13;14,4;8;9;11,"連携医療機関での受診
（助産師も同行）",2000,2000
11882,6,,11,,6600,6600
11882,7,,11,,6600,6600
11882,8,,11,,6600,6600
11882,9,,11,,6600,6600
11884,10,,,,"4,000円",4000
11884,12,,,,"4,000円",4000
11884,13,,1,,"6,000円",6000
11884,14,,1,,"6,000円",6000
11884,3,,,,"4,000円",4000
11884,5,,,,"4,000円",4000
11884,6,,,,"4,000円",4000
11884,7,,,,"4,000円",4000
11884,9,,,,"4,000円",4000
11886,1,1;2;3;4;5;6;7;8;9;10;11;12;13;14,,,"22,710円",22710
11886,10,15,8,,"6,980円",6980
11886,11,10,1;8,,"10,070円",10070
11886,12,13,1,,"5,080円",5080
11886,13,,1;8,,"5,080円",5080
11886,14,,1;8,,"5,080円",5080
11886,2,,8,,"5,080円",5080
11886,3,13,,,"5,080円",5080
11886,4,,9,,"9,860円",9860
11886,5,13,,,"5,080円",5080
11886,6,,8,,"6,960円",6960
11886,7,,8,,"5,080円",5080
11886,8,9;10,8,,"10,180円",10180
11886,9,,8,,"5,080円",5080
11887,1,,,初期検査は近医で受診,,
11887,10,15,8;10,,"8,000円",8000
11887,11,10,8;10,連携医療機関にて血型検査あり,"6,750円",6750
11887,12,13,1;10,,"11,000円",11000
11887,13,,1;8;10,,"9,000円",9000
11887,14,,1;8;10,,"9,000円",9000
11887,2,,8;10,,"7,000円",7000
11887,3,13,10,,"9,000円",9000
11887,4,13,10,,"8,990円",8990
11887,5,,8;10,,"7,000円",7000
11887,6,9;10,8;10,,"8,000円",8000
11887,7,13,10,,"9,000円",9000
11887,8,,8;10,,"7,000円",7000
11887,9,,8;10,,"7,000円",7000
11896,1,1;2;3;4;5;6;7;8;9;10;11;12;13;14,3;9;11,,"28,540円",28540
11896,10,,9;11,,"5,500円",5500
11896,11,10;13;15,1;8;9;11,,"14,410円",14410
11896,12,,1;8;9;11,,"7,000円",7000
11896,13,,1;8;9;11,,"7,000円",7000
11896,14,,1;8;9;11,,"7,000円",7000
11896,2,,8;9;11,,"5,780円",5780
11896,3,,8;9;11,,"5,500円",5500
11896,4,13,9;11,,"7,280円",7280
11896,5,,8;9;11,,"5,500円",5500
11896,6,9;10,8;9;11,,"7,610円",7610
11896,7,,8;9;11,,"5,500円",5500
11896,8,13,9;11,,"5,780円",5780
11896,9,,8;9;11,,"5,500円",5500
11898,1,1;2;3;4;5;6;7;8;9;10;11;12;13,,,,
11898,11,13;15,,,,
11898,12,,1,,,
11898,13,,1,,,
11898,14,,1,,,
11898,4,13,,血糖　血算,,
11898,7,10;13;14,,,,
11900,1,,,,"1,500円",1500
11900,10,,8,,,
11900,11,10;13;15,1,,"10,740円",10740
11900,12,,1;8,,,
11900,13,,1;8,,,
11900,14,,1;8,,,
11900,2,1;2;3;4;5;6;7;8;9;10;11;12;13,,,"7,340円",7340
11900,3,,8,,,
11900,4,13;14,,,"6,900円",6900
11900,5,,8,,,
11900,6,,8,,,
11900,7,9;10;13,,,"6,490円",6490
11900,8,,8,,,
11900,9,,8,,,
11909,1,1;2;3;4;5;6;7;8;9;10;12;14,,,"5,000円",5000
11909,10,,,,"5,000円",5000
11909,11,10;13;15,1,,"5,000円",5000
11909,12,,1,,"5,000円",5000
11909,13,,1,,"5,000円",5000
11909,14,,,,"5,000円",5000
11909,2,,,,"5,000円",5000
11909,3,,,,"5,000円",5000
11909,4,13,,,"5,000円",5000
11909,5,,,,"5,000円",5000
11909,6,9;10;11;13,,,"5,000円",5000
11909,7,,,,"5,000円",5000
11909,8,,,,"5,000円",5000
11909,9,,,,"5,000円",5000
11911,1,1;2;3;4;5;6;7;8;9;10;11;12;13;14,2;3;5;6;7,,"23,000円",23000
11911,10,10,9,,"10,000円",10000
11911,11,13;15,9;10,,"7,000円",7000
11911,12,,1;9,,"7,000円",7000
11911,13,,1;9,,"7,000円",7000
11911,14,,1;9,,"7,000円",7000
11911,2,13,,,"7,000円",7000
11911,3,,,,"7,000円",7000
11911,4,,9;10,,"7,000円",7000
11911,5,,9,,"7,000円",7000
11911,6,9;13,9,当院では血算検査は24週から26週時と、34週から36週時に行う,"10,000円",10000
11911,7,,9;10,,"7,000円",7000
11911,8,,9,,"7,000円",7000
11911,9,,9,,"7,000円",7000
11913,10,,,,"5,000円",5000
11913,11,10;13;15,1,,,
11913,12,,,,"5,000円",5000
11913,13,,1,,"5,000円",5000
11913,14,,,,"5,000円",5000
11913,2,1;2;3;4;5;6;7;8;9;10;11;12;13,,,,
11913,3,,,,"6,000円",6000
11913,4,,,,"5,000円",5000
11913,5,9;10;13;14,,,,
11913,6,,,,"5,000円",5000
11913,7,,,,"5,000円",5000
11913,8,13,,,,
11913,9,,,,"5,000円",5000
11914,1,,,,"7,780円",7780
11914,10,,,,"5,780円",5780
11914,11,10;13;15,1,,"17,890円",17890
11914,12,,,,"5,780円",5780
11914,13,,,,"5,780円",5780
11914,14,,,,"5,780円",5780
11914,2,1;2;3;4;5;6;7;8;9;10;11;12;13,5;6,,"36,500円",36500
11914,3,,,,"5,780円",5780
11914,4,,,,"5,780円",5780
11914,5,,,,"5,780円",5780
11914,6,9;10;13;14,4,,"17,950円",17950
11914,7,,,,"5,780円",5780
11914,8,,,,"5,780円",5780
11914,9,,,,"5,780円",5780
11916,1,1;2;3;4;5;6;7;8;9;10;11;12;13,6,,"25,000円",25000
11916,10,,,,"5,000円",5000
11916,11,13;15,,,"10,000円",10000
11916,12,10,,,"7,000円",7000
11916,13,,,,"5,000円",5000
11916,14,,,,"5,000円",5000
11916,2,,,,"5,000円",5000
11916,3,13,,,"10,000円",10000
11916,4,14,,,"13,000円",13000
11916,5,,,,"10,000円",10000
11916,6,9;10,,,"13,000円",13000
11916,7,,,,"5,000円",5000
11916,8,13,,,"10,000円",10000
11916,9,,,,"5,000円",5000
11917,1,1;2;3;4;5;6;7;8;9;10;12;13,9,医療機関で初期検査実施,"15,000円",15000
11917,10,,11,GBS対策について　　　　入院の準備,"5,000円",5000
11917,11,10;13;15,1;9,嘱託医療機関で35週で受診する項目について記載しています,"16,000円",16000
11917,12,,1;11,分娩経過やバースプランについて　　分娩に向けての体作り,"5,000円",5000
11917,13,,1;11,会陰マッサージ　　　　　乳房ケア,"5,000円",5000
11917,14,,1;11,嘱託医療機関で40週に健診・NST実施（13000円）,"5,000円",5000
11917,2,,9;11,切迫流産やつわりなど、妊娠初期の生活指導や栄養指導,"5,000円",5000
11917,3,,11,,"5,000円",5000
11917,4,,11,常位胎盤早期剥離について　貧血予防のための食事指導,"5,000円",5000
11917,5,9;10;11;13;14,6;7;9,嘱託医療機関で受診する項目についても記載しています。初期検査で血液型・Rｈ型を実施していても嘱託医療機関で再度実施している。6.7.の検査は任意。,"9,000円",9000
11917,6,,11,24週の嘱託医療機関での検査で異常があった場合に75ｇGCT実施,"5,000円",5000
11917,7,,11,母乳育児の準備や乳房の手入れについて,"5,000円",5000
11917,8,13,9,嘱託医療機関で受診する項目についても記載しています。嘱託医療機関に受診する24.30.35週で胎児スクリーニング超音波検査、妊婦超音波検査を実施している。,"9,000円",9000
11917,9,,11,,"5,000円",5000
11918,1,1;2;3;4;5;6;7;8;9;10;11;12;13,2,,"12,760円",12760
11918,10,15,8,,"5,660円",5660
11918,11,,8,,"8,780円",8780
11918,12,,8,,"8,780円",8780
11918,13,,8,,"8,780円",8780
11918,14,,8,,"8,780円",8780
11918,2,13,,,"6,780円",6780
11918,3,13,,,"6,780円",6780
11918,4,13,,,"6,780円",6780
11918,5,9;10,4;8,糖負荷試験は血液検査の結果でおこなう場合がある,"3,410円",3410
11918,6,,8,,"6,780円",6780
11918,7,,8,,"6,780円",6780
11918,8,,8,,"6,780円",6780
11918,9,,8,,"6,780円",6780
11919,1,1;2;3;4;5;6;7;8;9;10;11;12;13;14,2;5;6;7;11,初回血液検査・その他の検査・エコーは連携病院にて実施。,"30,360円",30360
11919,10,,11,尿検査　血圧　体重　全身状態の観察。生活指導,"5,280円",5280
11919,11,10;13;15,11,連携病院にてポイント健診。,"15,450円",15450
11919,12,,1;11,尿検査　血圧　体重　全身状態の観察。生活指導,"5,280円",5280
11919,13,,1;11,尿検査　血圧　体重　全身状態の観察。生活指導,"5,280円",5280
11919,14,,1;11,尿検査　血圧　体重　全身状態の観察。生活指導,"5,280円",5280
11919,2,,8;11,連携病院にて実施。,"9,000円",9000
11919,3,,8;11,連携病院にて実施。,"9,000円",9000
11919,4,13,11,20週まで連携病院にて実施。,"9,000円",9000
11919,5,,11,20週以降は助産所管理となる。尿検査　血圧　体重　全身状態の観察。生活指導,"5,280円",5280
11919,6,,11,尿検査　血圧　体重　全身状態の観察。生活指導,"5,280円",5280
11919,7,,11,尿検査　血圧　体重　全身状態の観察。生活指導,"5,280円",5280
11919,8,9;10;13,11,連携病院にてポイント健診。,"12,410円",12410
11919,9,,11,尿検査　血圧　体重　全身状態の観察。生活指導,"5,280円",5280
11920,1,1;2;3;4;5;6;7;8;9;10;11;12;13;14,6;7,初期相談(母子手帳交付後の初回は12週から),"29,530円",29530
11920,10,,11,指導：体重コントロール、バースプランの確認,"5,010円",5010
11920,11,10;13;15,1,,"8,110円",8110
11920,12,,1;11,指導：陣痛開始の兆候、破水時の対応、助産院来院の目安,"5,710円",5710
11920,13,,1;11,指導：児頭下降感、乳房マッサージ、新生児の成長発達,"5,010円",5010
11920,14,,1;11,指導：過ごし方について、児頭下降感について,"5,010円",5010
11920,2,,11,,"5,010円",5010
11920,3,13,11,指導：初期相談、助産院での分娩について、妊婦健診の流れ、つわり,"8,010円",8010
11920,4,,11,指導：マイナートラブル、体重増加、24週健診の病院での予約,"5,010円",5010
11920,5,9;10,,,"8,110円",8110
11920,6,,11,指導：マイナートラブル、妊娠経過と過ごし方、母乳育児について,"5,010円",5010
11920,7,13,,,"8,010円",8010
11920,8,,11,指導：腰痛、恥骨痛、足の付け根の痛みの対処、骨盤ベルトや腹巻の使い方,"5,010円",5010
11920,9,,11,指導：赤ちゃんの動き（胎位・胎向）、切迫早産の兆候について（お腹の張り、出血、織物の増加）,"5,010円",5010
11921,1,1;2;3;4;5;6;7;8;9;10;11;12;13;14,2;6;7;11,妊娠出産の生理、身体ケア、骨盤体操と骨盤支持の必要性説明,"7,000円",7000
11921,10,,9;11,運動と睡眠の必要説明,"4,090円",4090
11921,11,13;15,1;2;11,会陰と乳房ケア,"4,090円",4090
11921,12,,11,分娩シュミレーション,"4,090円",4090
11921,13,,11,出産準備体操やリラックスの説明,"4,090円",4090
11921,14,,11,出産準備体操やリラックスの説明,"4,090円",4090
11921,2,,11,つわりなど妊娠初期の不快症状軽減のためのケア,"4,090円",4090
11921,3,13,9;11,冷えや動静の注意説明,"4,090円",4090
11921,4,,11,骨盤体操と骨盤支持の必要性説明,"4,090円",4090
11921,5,13,11,胎動の確認、胎児成長の説明,"4,090円",4090
11921,6,,11,妊娠期の食事の説明と確認,"4,090円",4090
11921,7,,11,食養生の説明と確認,"4,090円",4090
11921,8,,11,出産の生理と母乳育児の準備説明,"4,090円",4090
11921,9,,11,産後の生活のイメージと準備、夫の役割,"4,090円",4090
11922,1,1;2;3;4;5;6;7;8;9;10;11;12;13;14,2;5;6;7;8;11,,5000,5000
11922,10,,3;8;11,,5000,5000
11922,11,10;15,1;8;11,,5000,5000
11922,12,,1;8;11,,5000,5000
11922,13,,1;8;11,,5000,5000
11922,14,,1;8;11,,5000,5000
11922,2,,8;11,,5000,5000
11922,3,,8;11,,5000,5000
11922,4,,8;9;11,,5000,5000
11922,5,,8;11,,5000,5000
11922,6,,8;11,,5000,5000
11922,7,10,4;11,,5000,5000
11922,8,,8;11,,5000,5000
11922,9,,8;11,,5000,5000
11923,1,1;2;3;4;5;6;7;8;9;10;11;12;13,2,,17960,17960
11923,10,,,,5000,5000
11923,11,10;15,2,36週で嘱託医受診のため検査は35週で実施しています,12500,12500
11923,12,,1,,7500,7500
11923,13,,1,,7500,7500
11923,14,,1,,7500,7500
11923,2,,,,5000,5000
11923,3,,,,5000,5000
11923,4,,,,5000,5000
11923,5,,,,5000,5000
11923,6,9;10;14,2,,12500,12500
11923,7,,,,5000,5000
11923,8,,,,5000,5000
11923,9,,,,5000,5000
11924,10,,11,,"6,000円",6000
11924,12,,1;11,,"6,000円",6000
11924,13,,11,,"6,000円",6000
11924,5,,11,,"6,000円",6000
11924,6,,11,,"6,000円",6000
11924,7,,11,,"6,000円",6000
11924,9,,11,,"6,000円",6000
11926,1,1;2;3;4;5;6;7;8;9;10;11;12;13,6,,"20,000円",20000
11926,10,,1;8,,"5,000円",5000
11926,11,10;13;15,1,,"9,000円",9000
11926,12,,1;8,,"5,000円",5000
11926,13,,1;8,,"5,000円",5000
11926,14,,1;8,,"5,000円",5000
11926,2,13,,,"5,000円",5000
11926,3,,8,,"5,000円",5000
11926,4,,8,,"5,000円",5000
11926,5,,8,,"5,000円",5000
11926,6,,8,,"5,000円",5000
11926,7,,8,,"5,000円",5000
11926,8,9;10;13;14,4,,"11,000円",11000
11926,9,,8,,"5,000円",5000
11927,1,1;2;3;4;5;6;7;8;9;10;11;12;13;14,6;7;9;11,クリニックにて初期受診,20000,20000
11927,10,,9;11,,5780,5780
11927,11,10;13;15,,嘱託医療機関受診,9280,9280
11927,12,,1;9;11,,6780,6780
11927,13,,1;9;11,,6780,6780
11927,14,,1;9;11,,6780,6780
11927,2,13,9;11,,5780,5780
11927,3,,9;11,,5780,5780
11927,4,,9;11,,5780,5780
11927,5,9;10;13,,嘱託医療機関受診,6280,6280
11927,6,,9;11,,5780,5780
11927,7,,9;11,,5780,5780
11927,8,,9;11,,5780,5780
11927,9,,9;11,,5780,5780
11928,1,1;2;3;4;5;6;7;8;9;10;12;13,2;3;6;7;11,病院でいくら払っているのか不明,病院で不明,
11928,10,15,8,,病院で不明,
11928,11,10;13,1;2;3,,病院で不明,
11928,12,,1;8;11,,"4,500円",4500
11928,13,,1;8;11,,"4,500円",4500
11928,14,,1;8;11,,"4,500円",4500
11928,2,,8,,病院で不明,
11928,3,,8,,病院で不明,
11928,4,13;14,11,,"4,500円",4500
11928,5,9;10;11,8;11,,"4,500円",4500
11928,6,13,11,,病院で不明,
11928,7,,8;11,,"4,500円",4500
11928,8,,8,,病院で不明,
11928,9,,8;11,,"4,500円",4500
11929,1,1;2;3;4;5;6;7;8;9;10;11;12;13,6;7,,"33,160円",33160
11929,10,,,,"5,780円",5780
11929,11,10;15,,,"11,400円",11400
11929,12,13,1,,"10,560円",10560
11929,13,,,,"5,780円",5780
11929,14,,1,,"5,780円",5780
11929,2,,,,"5,780円",5780
11929,3,,,,"5,780円",5780
11929,4,13,,,"10,560円",10560
11929,5,,,,"5,780円",5780
11929,6,9;10,,,"9,190円",9190
11929,7,,,,"5,780円",5780
11929,8,13;14,,,"13,940円",13940
11929,9,,,,"5,780円",5780
11931,1,1;2;3;4;5;6;7;8;9;10;11;12;13;14,,病院、診療所での健診,"26,880円",26880
11931,10,,,,"4,710円",4710
11931,11,13;15,,病院・診療所での健診,"14,360円",14360
11931,12,10,,貧血の検査がない場合は助産院での健診となり料金は4710円,"7,640円",7640
11931,13,,,,"4,710円",4710
11931,14,,,,"4,710円",4710
11931,2,,,,"4,710円",4710
11931,3,,,,"4,710円",4710
11931,4,13,,病院、診療所での健診,"10,560円",10560
11931,5,,,,"4,710円",4710
11931,6,,,,"4,710円",4710
11931,7,,,,"4,710円",4710
11931,8,9;10;13,,病院・診療所での健診,"13,970円",13970
11931,9,,,,"4,710円",4710
11932,1,1;2;4;5;6;7;8;9;10;12;13,9,連携医療機関,"18,000円",18000
11932,10,,9;11,,"5,000円",5000
11932,11,3;13;15,9,連携医療機関,"18,000円",18000
11932,12,,9;11,,"5,000円",5000
11932,13,,1;9;11,,"7,000円",7000
11932,14,,1;9;11,,"7,000円",7000
11932,2,,9,連携医療機関,"8,000円",8000
11932,3,,9;11,,"5,000円",5000
11932,4,,9;11,,"5,000円",5000
11932,5,10;14,9,連携医療機関,"16,000円",16000
11932,6,,9;11,,"5,000円",5000
11932,7,,9;11,,"5,000円",5000
11932,8,13,9,連携医療機関,"8,000円",8000
11932,9,,9;11,,"5,000円",5000
11934,1,1;2;3;4;5;6;7;8;9;10;12;13;14,,,,
11934,10,,,,"5,000円",5000
11934,11,10;13;15,,,,
11934,12,,1,,"8,000円",8000
11934,13,,,,"5,000円",5000
11934,14,,,,"5,000円",5000
11934,3,,,,"5,000円",5000
11934,4,13,,,,
11934,5,,,,"5,000円",5000
11934,6,,,,"5,000円",5000
11934,7,,,,"5,000円",5000
11934,8,9;10;11;13,,,,
11934,9,,,,"5,000円",5000
11942,1,1;2;3;4;5;6;7;8;9;10;11;12;13,,,,
11942,10,,8,,,
11942,11,10;13;15,,,,
11942,12,,1;8,,,
11942,13,,1;8,,,
11942,14,,1;8,,,
11942,3,,8,,,
11942,4,13,,,,
11942,5,,8,,,
11942,6,9;10;13,,,,
11942,7,,8,,,
11942,8,14,8,,,
11942,9,,8,,,
11951,1,1;2;3;4;5;6;7;8;9;10;11;12;13;14,5;6,,,
11951,10,15,,,,
11951,11,13,,,,
11951,12,,1,,"11,000円",11000
11951,13,,1,,"11,000円",11000
11951,14,,1,,"11,000円",11000
11951,3,,,,"5,000円",5000
11951,4,13,,,,
11951,5,,,,"5,000円",5000
11951,6,,,,"5,000円",5000
11951,7,10;13,,,,
11951,8,,,,"8,000円",8000
11951,9,,8,,"5,000円",5000
11956,1,1;2;4;5;7;8;9;10,,,"24,790円",24790
11956,10,15,1;8,,"8,410円",8410
11956,11,10,,,"6,670円",6670
11956,12,,1;8,,"8,410円",8410
11956,13,,1;8,,"8,410円",8410
11956,14,,1;8,,"8,410円",8410
11956,2,3;6;11;12;14,6;8,超音波検査の助成は市町村により異なるため、紋別市の助成状況で入力した。,"6,310円",6310
11956,3,,,,"1,010円",1010
11956,4,,,,"1,010円",1010
11956,5,9;10,2;4,,"4,680円",4680
11956,6,,8,,"6,310円",6310
11956,7,,,,"1,010円",1010
11956,8,,,,"1,010円",1010
11956,9,,,,"1,010円",1010
11958,1,1;2;3;4;5;6;7;8;9;10;11;12;13;14,,,,
11958,10,,8,,,
11958,11,10;13,,,,
11958,12,,8,,,
11958,13,,8,,,
11958,14,,8,,,
11958,2,,8,,,
11958,3,13,,,,
11958,4,,8,,,
11958,5,9;10;13,,,,
11958,6,,8,,,
11958,7,,8,,,
11958,8,,8,,,
11958,9,15,8,,,
11960,1,13,,,"5,000円",5000
11960,10,,8,,"5,000円",5000
11960,11,10;15,8,Rh血液型検査及び不規則抗体検査施行（2回目）,"16,160円",16160
11960,12,,1;8,,"6,000円",6000
11960,13,,8,,"5,000円",5000
11960,14,,8,,"5,000円",5000
11960,2,1;2;3;4;5;6;7;8;9;10;11;12;13;14,,,"23,380円",23380
11960,3,13,,,"5,000円",5000
11960,4,13,,,"5,000円",5000
11960,5,9,4;8,,"7,210円",7210
11960,6,,8,,"5,000円",5000
11960,7,,8,,"5,000円",5000
11960,8,10,8,,"7,260円",7260
11960,9,,8,,"5,000円",5000
11967,1,13,,,"5,000円",5000
11967,10,13,,,"5,000円",5000
11967,11,10;13;15,,当院に里帰りに来た時点で決型・Rh未検査の場合は検査している,"6,480円",6480
11967,12,13,1,,"7,100円",7100
11967,13,13,1,,"7,100円",7100
11967,14,13,1,,"7,100円",7100
11967,2,1;2;3;4;5;6;7;8;9;10;12;13,,,"14,370円",14370
11967,3,13,,,"5,000円",5000
11967,4,13,9,,"7,500円",7500
11967,5,13,,,"5,000円",5000
11967,6,10;11;13;14,4,,"10,960円",10960
11967,7,13,,,"5,000円",5000
11967,8,13,9,,"7,500円",7500
11967,9,13,,,"5,000円",5000
11970,1,1;2;3;4;5;6;7;8;9;10;11;12;13;14,6,"HPV
HbA1C","32,000円",32000
11970,10,,8,,"6,500円",6500
11970,11,10;13;15,3,"HCV
HBV
HIV
RPR
TPLA","17,300円",17300
11970,12,,8,,"6,500円",6500
11970,13,,1;8,,"8,500円",8500
11970,14,,8,内診,"6,500円",6500
11970,2,13,,当院では毎回のエコーで4Dを積極的にみています。,"3,200円",3200
11970,3,,8,,"6,500円",6500
11970,4,,8,血算検査,"8,700円",8700
11970,5,,8,,"6,500円",6500
11970,6,,4;8,,"8,700円",8700
11970,7,13,,,"6,500円",6500
11970,8,,8,,"6,500円",6500
11970,9,9;10,8,"HbA1c
不規則抗体","14,000円",14000
11972,1,1;2;3;4;5;6;7;8;9;10;12;13,5;6,,28100,28100
11972,10,,8,,7200,7200
11972,11,10;13;15,2;3,,13700,13700
11972,12,,1;8,,7200,7200
11972,13,,1;8,,7200,7200
11972,14,,1;8,,7200,7200
11972,2,,8,,7200,7200
11972,3,13;14,,,11400,11400
11972,4,,9,胎児精密超音波検査を実施します,15000,15000
11972,5,9;10;11,8,,16700,16700
11972,6,,8,,7200,7200
11972,7,13,,,7200,7200
11972,8,,9,胎児精密超音波検査を実施します,12200,12200
11972,9,,8,,7200,7200
11973,1,1;2;3;4;5;6;7;8;9;10;11;12;13;14,2,,,
11973,11,10;15,1;2,,,
11973,12,,1,,,
11973,13,,1,,,
11973,14,,1,,,
11973,2,,11,12週から19週にご希望の方に歯科検診,,
11973,3,,,"妊娠初期検査で血糖の高かった方は，再検します
血算検査を16週ごろにも実施",,
11973,4,,,HbA１ｃ22週から25週で1回行います,,
11973,5,9;10,11,栄養指導,,
11973,6,,,26週から27週くらいに当院分娩の方は、心電図検査,,
11975,1,1;2;3;4;5;6;7;8;9;10;11;13,,,"21,080円",21080
11975,10,,,,"5,100円",5100
11975,11,10;13,,,"11,630円",11630
11975,12,,,,"5,100円",5100
11975,13,,,,"5,100円",5100
11975,14,,,,"5,100円",5100
11975,2,12,,,"8,660円",8660
11975,3,,,,"5,100円",5100
11975,4,13,,,"9,880円",9880
11975,5,,,,"5,100円",5100
11975,6,9;10;13,,,"13,020円",13020
11975,7,14,,,"8,700円",8700
11975,8,,,,"5,100円",5100
11975,9,15,,,"8,300円",8300
11995,1,1;2;3;4;5;6;7;8;9;10;11;12;13,6,Ｎスコア,25780,25780
11995,10,,8,胎児超音波検査や３Ｄ／４Ｄ超音波検査も含む（週数や成長に合わせて適宜施行します。）,10570,10570
11995,11,10;15,1,,8300,8300
11995,12,13,1;8,胎児超音波検査や３Ｄ／４Ｄ超音波検査も含む（週数や成長に合わせて適宜施行します。）,5790,5790
11995,13,,1,,5790,5790
11995,14,,1;8,胎児超音波検査や３Ｄ／４Ｄ超音波検査も含む（週数や成長に合わせて適宜施行します。）,5790,5790
11995,2,,8,胎児超音波検査や３Ｄ／４Ｄ超音波検査も含む（週数や成長に合わせて適宜施行します。）,5790,5790
11995,3,13,,胎児超音波検査や３Ｄ／４Ｄ超音波検査も含む（週数や成長に合わせて適宜施行します。）,10570,10570
11995,4,,8,胎児超音波検査や３Ｄ／４Ｄ超音波検査も含む（週数や成長に合わせて適宜施行します。）,5790,5790
11995,5,13,,胎児超音波検査や３Ｄ／４Ｄ超音波検査も含む（週数や成長に合わせて適宜施行します。）,5790,5790
11995,6,9,8,胎児超音波検査や３Ｄ／４Ｄ超音波検査も含む（週数や成長に合わせて適宜施行します。）,6300,6300
11995,7,,8,胎児超音波検査や３Ｄ／４Ｄ超音波検査も含む（週数や成長に合わせて適宜施行します。）,10570,10570
11995,8,10;14,8,胎児超音波検査や３Ｄ／４Ｄ超音波検査も含む（週数や成長に合わせて適宜施行します。）,8280,8280
11995,9,,8,胎児超音波検査や３Ｄ／４Ｄ超音波検査も含む（週数や成長に合わせて適宜施行します。）,5790,5790
11999,1,7;8;13,6,9000円,,
11999,10,,10,6500円,,
11999,11,10,10,11500円,,
11999,12,,10,6500円,,
11999,13,,10,6500円,,
11999,14,,10,6500円,,
11999,2,1;2;3;4;5;6;9;10;11;12;13,,32650円,,
11999,3,,10,6500円,,
11999,4,14,10,10500円,,
11999,5,9;10,5;10,12000円,,
11999,6,,10,6500円,,
11999,7,13,10,6500円,,
11999,8,,10,6500円,,
11999,9,,10,6500円,,
12000,1,1;2;3;4;5;6;7;8;9;10;12;13,2;5;6,,"35,500円",35500
12000,10,10,2;3;8,,"13,000円",13000
12000,11,13;15,1;2;3;8,,"11,500円",11500
12000,12,,1;8,,"8,000円",8000
12000,13,,1;8,,"8,000円",8000
12000,14,,1;8,,"8,000円",8000
12000,2,14;15,8,,"16,500円",16500
12000,3,,8,,"6,000円",6000
12000,4,,8,,"6,000円",6000
12000,5,9;10;11;13,4;8,,"14,500円",14500
12000,6,,8,,"6,000円",6000
12000,7,,8,,"6,000円",6000
12000,8,,8,,"6,000円",6000
12000,9,,8,,"6,000円",6000
12001,1,1;2;3;4;5;6;7;8;9;10;11;12;13,2;11,身長体重血圧測定　尿一般,29090,29090
12001,10,,8;11,身長体重血圧測定　尿一般,11080,11080
12001,11,9;10;15;13,2;3;8;11,身長体重血圧測定　尿一般　細菌培養検査 血糖検査,23190,23190
12001,12,,8;11,身長体重血圧測定　尿一般,10560,10560
12001,13,,1;11,身長体重血圧測定　尿一般,13280,13280
12001,14,,1;8;11,身長体重血圧測定　尿一般,13280,13280
12001,2,,8;11,身長体重血圧測定　尿一般,11080,11080
12001,3,,8;11,身長体重血圧測定　尿一般,11080,11080
12001,4,13,11,身長体重血圧測定　尿一般,10560,10560
12001,5,,8;11,身長体重血圧測定　尿一般,11080,11080
12001,6,10;9,8;11,身長体重血圧測定　尿一般,14490,14490
12001,7,13,11;8,身長体重血圧測定　尿一般,11080,11080
12001,8,14;13,8;11,身長体重血圧測定　尿一般,13940,13940
12001,9,13,11;8,身長体重血圧測定　尿一般,11080,11080
12002,1,1;2;3;4;5;6;7;8;9;10;11;12;13;14,8;10,,"24,460円",24460
12002,10,,8;10,,"7,000円",7000
12002,11,10;13;15,8;10,,"17,630円",17630
12002,12,,8;10,,"7,000円",7000
12002,13,,8;10,,"7,000円",7000
12002,14,,1;8;10,,"7,000円",7000
12002,2,13,8;10,,"7,000円",7000
12002,3,,8;10,,"7,000円",7000
12002,4,,8;10,,"8,970円",8970
12002,5,9;10;13,4;8;10,,"10,940円",10940
12002,6,,8;10,,"7,000円",7000
12002,7,,8;10,,"7,000円",7000
12002,8,,8;10,,"10,830円",10830
12002,9,,8;10,,"7,000円",7000
12003,1,1;2;3;4;5;6;7;8;9;10;11;12;13,2;5;6;7,,"31,000円",31000
12003,10,15,,,"9,500円",9500
12003,11,13,1;3,,"13,000円",13000
12003,12,,1,,"9,500円",9500
12003,13,,1,,"9,500円",9500
12003,14,,1,,"9,500円",9500
12003,2,,,,"8,500円",8500
12003,3,,,,"8,500円",8500
12003,4,13,9,,"10,580円",10580
12003,5,9;14,4,,"10,580円",10580
12003,6,,,,"8,500円",8500
12003,7,,,,"8,500円",8500
12003,8,,,,"8,500円",8500
12003,9,,,,"8,500円",8500
12006,1,,8,,"7,000円",7000
12006,10,15,8,,"12,100円",12100
12006,11,10;13,,,"15,600円",15600
12006,12,,8,,"7,000円",7000
12006,13,,1;8,,"8,200円",8200
12006,14,,1;8,,"8,200円",8200
12006,2,1;2;3;4;5;6;7;8;9;10;11;12;13;14,,,"28,740円",28740
12006,3,,8;10,,"7,000円",7000
12006,4,,9,,"7,000円",7000
12006,5,13,,,"7,000円",7000
12006,6,,8;10,,"7,000円",7000
12006,7,9;10,9,,"10,300円",10300
12006,8,13,,,"7,000円",7000
12006,9,,8;10,,"7,000円",7000
12008,1,1;2;3;4;5;6;7;8;9;10;11;12;13;14,10,細菌同定検査(Nugent score),"37,950円",37950
12008,10,,8;10,,"6,600円",6600
12008,11,10;15,8;10,,"9,790円",9790
12008,12,13,10,,"6,600円",6600
12008,13,,8;10,,"6,600円",6600
12008,14,,1;8;10,,"8,800円",8800
12008,2,,8;10,,"6,600円",6600
12008,3,,8;10,,"6,600円",6600
12008,4,13,9;10,胎児スクリーニング,"9,900円",9900
12008,5,9;10,8;10,,"8,800円",8800
12008,6,,8;10,,"6,600円",6600
12008,7,,8;10,,"6,600円",6600
12008,8,13,9;10,胎児スクリーニング,"9,900円",9900
12008,9,,8;10,,"6,600円",6600
12010,1,1;2;3;4;5;6;7;8;9;10;12;13,2;9,,0円,0
12010,10,15,10;8;9,,1500,1500
12010,11,10;13,2;3;10;9,,1500,1500
12010,12,,10;2;3;8;9,,5000,5000
12010,13,,1;10;8;9,,3000,3000
12010,14,,1;10;8;9,,3000,3000
12010,2,13,9;10,,2000,2000
12010,3,,9;10;8,,2000,2000
12010,4,13,9;10;8,,0円,0
12010,5,13,9;10,,2000,2000
12010,6,,10;8;9,,2000,2000
12010,7,,10;8;9,,2000,2000
12010,8,9;10;11;13;14,10;4;9,,0円,0
12010,9,,10;8;9,,2000,2000
12013,1,1;2;3;4;5;6;7;8;9;10;11;12;13;14,6;7,,"30,000円",30000
12013,10,15,8,,"11,000円",11000
12013,11,10;13,1;2;3,術前検査：胸部レントゲン,"14,000円",14000
12013,12,,1;8,,"8,000円",8000
12013,13,,1;8,,"8,000円",8000
12013,14,,1;8,,"8,000円",8000
12013,2,,8,,"7,500円",7500
12013,3,13,,血算検査,"9,500円",9500
12013,4,,8,,"7,500円",7500
12013,5,9;10;13,4,,"13,000円",13000
12013,6,,8,,"7,500円",7500
12013,7,,8,,"7,500円",7500
12013,8,,8,"クラミジア
心電図
血算検査","14,500円",14500
12013,9,,8,,"7,500円",7500
12014,1,1;2;3;4;5;6;7;8;9;10;11;12;13;14,5;6,,"27,000円",27000
12014,10,,8,,"6,500円",6500
12014,11,10,1;8,,"8,700円",8700
12014,12,,1;8,,"7,300円",7300
12014,13,,1;8,,"7,300円",7300
12014,14,,1;8,,"7,300円",7300
12014,2,13,,,"6,500円",6500
12014,3,13,,,"6,500円",6500
12014,4,13,,,"6,500円",6500
12014,5,,4;8,,"11,500円",11500
12014,6,,8,,"6,500円",6500
12014,7,10,8,心電図（ECG),"9,500円",9500
12014,8,,8,,"6,500円",6500
12014,9,15,8,,"8,500円",8500
12017,1,1;2;3;4;5;6;7;8;9;10;11;12;14,6;9;11;8,,25000,25000
12017,10,10;15;13,9,,10500,10500
12017,11,,9;8,,6500,6500
12017,12,,9;8,,6500,6500
12017,13,,9;8,,6500,6500
12017,14,13,1;9,,8500,8500
12017,2,,9;8,,6500,6500
12017,3,13,9;10,,8500,8500
12017,4,13,9,血算検査,6500,6500
12017,5,,9;10;8,,6500,6500
12017,6,,9;8,,6500,6500
12017,7,9;10,9;11;8,,19500,19500
12017,8,,9;10;8,,6500,6500
12017,9,,9;8,,6500,6500
12018,1,1;2;3;4;5;6;7;8;9;10;11;12;13,,,"22,000円",22000
12018,10,,,,"15,000円",15000
12018,11,10;13;15,1,,"8,000円",8000
12018,12,,1,,"8,000円",8000
12018,13,,1,,"8,000円",8000
12018,14,,1,,"8,000円",8000
12018,2,,,,"6,000円",6000
12018,3,13,,,"6,000円",6000
12018,4,,,,"6,000円",6000
12018,5,9;10;13,4,,"12,000円",12000
12018,6,,,,"6,000円",6000
12018,7,,,,"6,000円",6000
12018,8,,,,"6,000円",6000
12018,9,,,,"6,000円",6000
12020,1,1;2;3;4;5;6;7;8;9;10;11;12;13,6;7,採血手数料500円、判断料3700円,30000,30000
12020,10,,8,,5800,5800
12020,11,10;13;15,3;11,後期採血12000円（計画無痛の人のみ凝固検査700円プラス）,12000,12000
12020,12,,1,,6200,6200
12020,13,,1,,6200,6200
12020,14,,1,,6200,6200
12020,2,13,,,5800,5800
12020,3,,8,,5800,5800
12020,4,14,8,,11000,11000
12020,5,10;13,4;11,中期採血13000円,13000,13000
12020,6,,8,,5800,5800
12020,7,,8,,5800,5800
12020,8,,8,採血2700円,5800,5800
12020,9,,8,,5800,5800
12023,1,1;2;3;4;5;6;7;8;9;10;12;13;14,2;6;9,,"27,000円",27000
12023,10,15,2;3;9;10,,"19,500円",19500
12023,11,10;13,9;10,,"8,000円",8000
12023,12,,1;9;10,,"10,000円",10000
12023,13,,1;9;10,,"10,000円",10000
12023,14,,1;9;10,,"10,000円",10000
12023,2,13,9,,"8,000円",8000
12023,3,,9;10,,"8,000円",8000
12023,4,,9;10,,"13,000円",13000
12023,5,9;10;11;13,2;9;10,,"22,500円",22500
12023,6,,9;10,,"8,000円",8000
12023,7,,9;10,,"13,000円",13000
12023,8,,9;10,,"8,000円",8000
12023,9,,9;10,,"8,000円",8000
12027,1,13,,,6300,6300
12027,10,,8,,8000,8000
12027,11,10;13;15,,,13000,13000
12027,12,,8,,8000,8000
12027,13,,8,,8000,8000
12027,14,,8,,8000,8000
12027,2,1;2;3;4;5;6;7;8;9;10;11;12;14,8,,27350,27350
12027,3,,8,,8000,8000
12027,4,13,,,10000,10000
12027,5,13,4,長崎の妊婦健診では必須,10000,10000
12027,6,,8,,8000,8000
12027,7,,8,,8000,8000
12027,8,10;13,8,,11700,11700
12027,9,,8,,8000,8000
12028,1,1;2;3;4;5;6;7;8;9;10;11;12;14,7;8,超音波、胎児超音波、3D/4Dは同等の扱いです,"2,500円",2500
12028,10,,8,,"1,000円",1000
12028,11,9;10,8,,"1,000円",1000
12028,12,13,,,0円,0
12028,13,,1;8,,"1,000円",1000
12028,14,,8,,"1,000円",1000
12028,2,,8,,"1,000円",1000
12028,3,13,,,0円,0
12028,4,13,,,0円,0
12028,5,9,8,,"1,500円",1500
12028,6,13,,,0円,0
12028,7,,8,,"1,000円",1000
12028,8,9;10,8,,"1,000円",1000
12028,9,,8,,"1,000円",1000
12029,1,1;2;3;4;5;6;7;8;9;10;11;12;13,6;7;9,麻疹、サイトメガロ、トキソプラズマ、ヘルペス抗体は希望で施行,"0円~4,000円",0
12029,10,,9;10,,"1,000円",1000
12029,11,13;15,9;10,,"1,000円",1000
12029,12,,9;10,,"1,000円",1000
12029,13,,9;10,,"1,000円",1000
12029,14,,1;9;10,,"3,000円",3000
12029,2,,9;10,,"1,000円",1000
12029,3,,9;10,,"1,000円",1000
12029,4,13,9;10,,"1,000円",1000
12029,5,,9;10,,"1,000円",1000
12029,6,14,9;10,,"1,000円",1000
12029,7,,9;10,,"1,000円",1000
12029,8,13,9;10,,"1,000円",1000
12029,9,,9;10,,"1,000円",1000
12030,1,1;2;3;4;5;6;7;8;9;10;12;13;14;15,,,,
12030,11,13,,,,
12030,4,11,,,,
12032,1,1;2;3;4;6;7;8;9;10;11;12;13,6;9;10,間接クームス実施,"32,090円",32090
12032,10,,2;9;10;11,助産師外来,"9,290円",9290
12032,11,10;13;15,1;9;10,,"8,300円",8300
12032,12,,1;9;10,,"5,100円",5100
12032,13,,1;9;10,,"5,100円",5100
12032,14,,1;9;10,,"5,100円",5100
12032,2,13,9;10,,"26,380円",26380
12032,3,,9;10,,"5,100円",5100
12032,4,,9;10;11,助産師外来,"9,880円",9880
12032,5,,9;10,,"5,100円",5100
12032,6,,9;10,,"5,100円",5100
12032,7,9;10;13,9;10,Rh-初産婦は間接クームス実施,"13,020円",13020
12032,8,14,9;10,,"8,700円",8700
12032,9,,9;10,,"5,100円",5100
12034,1,1;2;3;4;5;6;7;8;9;10;11;12;13;14,2,LDLコレステロール、HDLコレステロール、中性脂肪の検査も実施している,,
12034,10,,8,,,
12034,11,10;13,,,,
12034,12,,8,,,
12034,13,,1;8,,,
12034,14,,8,,,
12034,2,13,,,,
12034,3,,8,,,
12034,4,,8,,,
12034,5,9;10;13,,,,
12034,6,,8,,,
12034,7,,8,,,
12034,8,,8,,,
12034,9,15,8,,,
12035,1,1;2;3;4;5;6;7;8;9;10;11;12;13;14,,,"27,420円",27420
12035,10,15,,,"8,800円",8800
12035,11,10;13,,,"12,160円",12160
12035,12,,1;2;3,無痛分娩希望の方のみ生化学・凝固の採血と心電図,"7,500円",7500
12035,13,,,,"5,000円",5000
12035,14,,1,,"7,500円",7500
12035,2,,,,"5,000円",5000
12035,3,,,,"5,000円",5000
12035,4,,,,"5,000円",5000
12035,5,9;10;13,,,"13,710円",13710
12035,6,,,,"5,000円",5000
12035,7,,,,"5,000円",5000
12035,8,,,,"5,000円",5000
12035,9,,,,"5,000円",5000
12038,1,13,,,0円,0
12038,10,,,,"3,000円",3000
12038,11,10;15,1,,"6,000円",6000
12038,12,,1,,"6,000円",6000
12038,13,,1,,"6,000円",6000
12038,14,,1,,"6,000円",6000
12038,2,1;2;3;4;5;6;7;8;9;10;11;12;14,,トキソ・サイトは希望者のみ,"3,000円",3000
12038,3,,,,"3,000円",3000
12038,4,13,,,0円,0
12038,5,9;13,4,,0円,0
12038,6,,,,"3,000円",3000
12038,7,,,,"3,000円",3000
12038,8,10;13,,,0円,0
12038,9,,,,"3,000円",3000
12042,1,13,9,,"6,300円",6300
12042,10,,8;9;10,"超音波検査は希望しない方には実施しない（必須ではない）
超音波検査を実施する場合は３D/４D超音波検査は無料","5,000円",5000
12042,11,10;15,8;9;10,妊娠36週頃は全例に超音波検査を実施している,"13,000円",13000
12042,12,,8;9;10,"超音波検査は希望しない方には実施しない（必須ではない）
超音波検査を実施する場合は３D/４D超音波検査は無料","5,000円",5000
12042,13,,1;8;9;10,"超音波検査は希望しない方には実施しない（必須ではない）
超音波検査を実施する場合は３D/４D超音波検査は無料","7,000円",7000
12042,14,,1;8;9;10,"超音波検査は希望しない方には実施しない（必須ではない）
超音波検査を実施する場合は３D/４D超音波検査は無料","7,000円",7000
12042,2,1;2;3;4;5;6;7;8;9;10;11;12;14,8;9;10,妊娠12週頃は全例に超音波検査を実施している,"27,350円",27350
12042,3,,8;9;10,"超音波検査は希望しない方には実施しない（必須ではない）
超音波検査を実施する場合は３D/４D超音波検査は無料","5,000円",5000
12042,4,13,9;10,,"10,000円",10000
12042,5,9;13,4;9;10,,"10,000円",10000
12042,6,,8;9;10,"超音波検査は希望しない方には実施しない（必須ではない）
超音波検査を実施する場合は３D/４D超音波検査は無料","5,000円",5000
12042,7,,8;9;10,"超音波検査は希望しない方には実施しない（必須ではない）
超音波検査を実施する場合は３D/４D超音波検査は無料","5,000円",5000
12042,8,10;13,9;10,,"11,700円",11700
12042,9,,8;9;10,"超音波検査は希望しない方には実施しない（必須ではない）
超音波検査を実施する場合は３D/４D超音波検査は無料","5,000円",5000
12044,1,1;2;3;4;5;6;7;8;9;10;11;12;13;14;15,6;10,,"18,000円",18000
12044,10,,8;10,,"8,000円",8000
12044,11,10;13;15,1;10,,"15,260円",15260
12044,12,,1;10,,"10,000円",10000
12044,13,,1;8;10,,"10,000円",10000
12044,14,,1;8;10,,"10,000円",10000
12044,2,13,10,,"8,000円",8000
12044,3,,8;10,,"8,000円",8000
12044,4,,8;10,,"8,000円",8000
12044,5,,8;10,,"8,000円",8000
12044,6,,8;10,,"8,000円",8000
12044,7,9;10;13,10,,"11,410円",11410
12044,8,,8;10,,"8,000円",8000
12044,9,,8;10,,"8,000円",8000
12057,1,1;2;3;4;5;6;7;8;9;10;12;13;14;15,,,,
12057,6,11,,,,
12082,1,1;2;3;4;5;6;7;8;9;10;11;12;13;14,2;3;5;6;9;10;11,淋菌・クラミジア同時PCR法検査を行います。医師の指示の下検査は当院で行います。約8～10週頃、医師の受診をしていただきその際に分娩予定日決定および検査結果判定を受けていただきます。,6000,6000
12082,10,15,1;2;3;9;10;11,医師の指示の下検査は当院で行います。35～36週頃、医師の受診をしていただきその際に妊婦健診・検査結果判定を受けていただきます。,9000,9000
12082,11,13,1;9;10;11,,9000,9000
12082,12,,1;9;10;11,,9000,9000
12082,13,,1;9;10;11,,9000,9000
12082,14,,1;9;10;11,,9000,9000
12082,2,13,9;10;11,,6000,6000
12082,3,,9;10;11,,6000,6000
12082,4,,8;9;10;11,約19週～20週頃に嘱託医で超音波外来を受診していただきます。,6000,6000
12082,5,9;10;13,2;3;9;10;11,医師の指示の下検査は当院で行います。結果判定は医師の受診をしていただきその際に判定を受けていただきます。,6000,6000
12082,6,,9;10;11,,6000,6000
12082,7,,9;10;11,医師の指示の下検査は当院で行います。約27～28週頃、医師の受診の際に妊婦健診・検査結果判定を受けていただきます。,6000,6000
12082,8,,9;10;11,NSTについては必要と判断した場合に行います,6000,6000
12082,9,,9;10;11,NSTについては必要と判断した場合に行います,6000,6000
12089,1,1;2;3;4;5;6;7;8;9;10;12;13,6,,,
12089,10,,8;10,,,
12089,11,13;15,10,,,
12089,12,,1;3;8;10,,,
12089,13,,8,,,
12089,14,,1;8,,,
12089,2,,8;9;10,,,
12089,3,,8;10,,,
12089,4,13,9;10,,,
12089,5,,8;10,,,
12089,6,,8;10,,,
12089,7,13,10,,,
12089,8,9;10;11;14,8;9;10,,,
12089,9,,8;10,,,
12090,1,1;2;3;4;5;6;7;8;9;10;11;12;13,8;10,,"26,190円",26190
12090,10,15,9;10,,"12,420円",12420
12090,11,10;13,1;8;10,,"6,780円",6780
12090,12,,1;10,,"6,780円",6780
12090,13,,1;10,,"6,780円",6780
12090,14,,1;10,,"6,780円",6780
12090,2,,9;10,,"5,780円",5780
12090,3,,10,,"5,780円",5780
12090,4,13,8;9;10,,"9,860円",9860
12090,5,,10,,"5,780円",5780
12090,6,,10,,"5,780円",5780
12090,7,9;10;13;14,8;10,,"17,050円",17050
12090,8,,10,,"5,780円",5780
12090,9,,10,,"5,780円",5780
12092,1,1;2;3;4;5;6;7;8;9;10;12;13,,,"33,300円",33300
12092,10,10;15,8,,"10,900円",10900
12092,11,,1;8,,"8,000円",8000
12092,12,,1;8,,"8,000円",8000
12092,13,,1;8,,"8,000円",8000
12092,14,,1;8,,"8,000円",8000
12092,2,13,,,"5,500円",5500
12092,3,10;13,,,"5,500円",5500
12092,4,13,,,"7,600円",7600
12092,5,,8,,"5,500円",5500
12092,6,9;10;11;14,8,,"15,800円",15800
12092,7,,8,,"5,500円",5500
12092,8,,8,,"5,500円",5500
12092,9,,8,,"5,500円",5500
12093,1,1;2;3;4;5;6;7;8;9;10;12;13,,,"32,800円",32800
12093,10,,,,"5,000円",5000
12093,11,15,1,,"10,800円",10800
12093,12,13,1,,"9,600円",9600
12093,13,,1,,"7,500円",7500
12093,14,,1,,"7,500円",7500
12093,2,,,,"5,000円",5000
12093,3,,,当院では血算検査は16週頃にも実施している。,"7,100円",7100
12093,4,13,,,"5,000円",5000
12093,5,,,,"5,000円",5000
12093,6,,,,"5,000円",5000
12093,7,9;10;11;13;14,,,"15,300円",15300
12093,8,,,,"5,000円",5000
12093,9,,,,"5,000円",5000
12094,1,1;2;3;4;5;6;7;8;9;10;11;12;13;14,6;11,母子手帳についての説明,,
12094,10,,8;10;11,,,
12094,11,15,2;9;10;11,,,
12094,12,,1;10;11,,,
12094,13,,1;10;11,,,
12094,14,,1;10;11,,,
12094,2,,10;11,検査結果の説明,,
12094,3,13,9;10;11,前期マザークラス,,
12094,4,,10;11,保健指導,,
12094,5,13,10;11,保健指導,,
12094,6,9;10,2;9;10;11,保健指導,,
12094,7,,10;11,保健指導,,
12094,8,13,10;11,保健指導,,
12094,9,,8;10;11,後期マザークラス、体動カウントの説明,,
12095,1,1;2;3;4;5;6;7;8;9;10;11;12;13;14,,,"39,690円",39690
12095,10,,8;11,助産師外来,"6,700円",6700
12095,11,10;15,8,,"11,000円",11000
12095,12,13,1,,"8,800円",8800
12095,13,,1;8,,"8,800円",8800
12095,14,,1;8,,"8,800円",8800
12095,2,13,,,"6,700円",6700
12095,3,,8,,"6,700円",6700
12095,4,,8,,"6,700円",6700
12095,5,13,,,"6,700円",6700
12095,6,,8;11,助産師外来,"6,700円",6700
12095,7,9;10,8,,"11,000円",11000
12095,8,,8,,"6,700円",6700
12095,9,,8,,"6,700円",6700
12096,1,1;2;3;4;5;6;7;8;9;10;11;12;13,6,トキソプラズマは初回に含まれている,"20,710円",20710
12096,10,15,8,血算,"6,980円",6980
12096,11,10;13,1,,"10,070円",10070
12096,12,,8,,"5,080円",5080
12096,13,,8,,"5,080円",5080
12096,14,,8,,"5,080円",5080
12096,2,,8,,"5,080円",5080
12096,3,13,,,"5,080円",5080
12096,4,,8,血算,"9,860円",9860
12096,5,,4;8,,"5,080円",5080
12096,6,13;14,,,"6,960円",6960
12096,7,,8;9,フィブリノーゲン,"5,080円",5080
12096,8,9;10,2;8;10,,"10,180円",10180
12096,9,,8,,"5,080円",5080
12097,1,1;2;3;4;5;6;7;8;9;10;11;12;13,6,,"26,500円",26500
12097,10,,1;8,,"15,600円",15600
12097,11,10;13;15,2;3,,"10,500円",10500
12097,12,,8,,"6,500円",6500
12097,13,,1;8,,"9,500円",9500
12097,14,,8,,"6,500円",6500
12097,2,13,,,"6,500円",6500
12097,3,,8,,"6,500円",6500
12097,4,,8;9,,"6,500円",6500
12097,5,,8,,"6,500円",6500
12097,6,,8,,"10,000円",10000
12097,7,9;10;13,,,"6,500円",6500
12097,8,14,8,,"11,000円",11000
12097,9,,8,,"6,500円",6500
12098,1,1;2;3;4;5;6;7;8;9;10;13,,,"21,280円",21280
12098,10,,,,"4,460円",4460
12098,11,,,,"4,460円",4460
12098,12,,,,"11,120円",11120
12098,13,10;13,,,"4,460円",4460
12098,14,,,,"4,460円",4460
12098,2,,,,"4,460円",4460
12098,3,,,,"4,460円",4460
12098,4,13,,,"9,240円",9240
12098,5,,,,"4,460円",4460
12098,6,,,,"4,460円",4460
12098,7,,,,"4,460円",4460
12098,8,9;10;13,,,"12,680円",12680
12098,9,,,,"4,460円",4460
12099,1,,,,2500,2500
12099,10,,,,6000,6000
12099,11,10;13,1;3,凝固検査は帝王切開予定の方の必ず検査,6640,6640
12099,12,15,1,,10250,10250
12099,13,13,1,,8000,8000
12099,14,,1,,8000,8000
12099,2,1;2;3;4;5;6;7;8;9;10;11;12;13,6;7,希望者がいれば検査可能,29820,29820
12099,3,,,,6000,6000
12099,4,13;14,,,9650,9650
12099,5,,,,6000,6000
12099,6,9;10;13,4,BMI高値または尿糖+が続いた場合検査する,12970,12970
12099,7,,,,9830,9830
12099,8,13,1,,13420,13420
12099,9,,2,,7500,7500
12102,1,1;2;3;4;5;6;7;8;9;10;12;13,,,,
12102,11,10;13;15,,,,
12102,13,,1,,,
12102,14,,1,,,
12102,4,13;14,,,,
12102,6,9;10;11,4,,,
12102,8,13,,,,
12103,1,1;2;3;4;5;6;7;8;9;10;12,8,,"14,000円",14000
12103,10,10,8,,"8,000円",8000
12103,11,13;15,,,"8,000円",8000
12103,12,,8,,"9,800円",9800
12103,13,,8,,"5,500円",5500
12103,14,,8,,"5,500円",5500
12103,2,13,,,"8,200円",8200
12103,3,,8,,"8,200円",8200
12103,4,13,9,,"8,200円",8200
12103,5,9;10;11;14,8,,"8,200円",8200
12103,6,,8,,"8,000円",8000
12103,7,13,9,,"8,000円",8000
12103,8,10,8,,"8,000円",8000
12103,9,,8,,"8,000円",8000
12107,1,1;2;3;4;5;6;7;8;9;10;11;12;14,6;8,,"36,160円",36160
12107,10,15,8,,"11,090円",11090
12107,11,10;13,1;2,,"13,490円",13490
12107,12,,8,,"8,090円",8090
12107,13,,1;8,,"10,090円",10090
12107,14,,8,,"10,090円",10090
12107,2,13,,,"8,090円",8090
12107,3,,8,,"8,090円",8090
12107,4,13,,,"8,090円",8090
12107,5,9;10;13,2,,"10,370円",10370
12107,6,,8,,"8,090円",8090
12107,7,,8,,"8,090円",8090
12107,8,,8,,"8,090円",8090
12107,9,,8,,"8,090円",8090
12108,1,1;2;3;4;5;6;7;8;9;10;11;12;13;14,,,,
12108,10,15,8;10,,,
12108,11,10,8;10,,,
12108,12,13,10,,,
12108,13,,8;10,,,
12108,14,,1;8;10,,,
12108,2,13,,,,
12108,3,,8;10,,,
12108,4,,8;10,,,
12108,5,,8;10,,,
12108,6,9;10;13,10,,,
12108,7,,8;10,,,
12108,8,,8;10,,,
12108,9,,8;10,,,
12111,1,1;2;3;4;5;6;7;8;9;10;11;12;14,2;6;8,,,
12111,10,,8,,,
12111,11,10;15,3;8,,,
12111,12,,8,,,
12111,13,,8,,,
12111,14,,8,,,
12111,2,,8,,,
12111,3,,8,,,
12111,4,,8;9,,,
12111,5,,4;8,,,
12111,6,,8,,,
12111,7,,8;9,,,
12111,8,9;10,8,,,
12111,9,,8,,,
12113,1,1;2;3;4;5;6;7;8;9;10;11;12;13;14,,,"26,880円",26880
12113,10,,11,,"4,710円",4710
12113,11,10;13;15,,,"14,360円",14360
12113,12,,1;11,,"7,710円",7710
12113,13,,1;11,,"7,710円",7710
12113,14,,1;11,,"7,710円",7710
12113,2,,11,,"4,710円",4710
12113,3,,11,,"4,710円",4710
12113,4,13,,,"10,560円",10560
12113,5,,11,,"4,710円",4710
12113,6,,11,,"4,710円",4710
12113,7,,11,,"4,710円",4710
12113,8,9;10;13,,,"13,970円",13970
12113,9,,11,,"4,710円",4710
12114,1,1;2;3;4;5;6;7;8;9;10;12;13,,,"33,300円",33300
12114,10,,,,"5,500円",5500
12114,11,10;15,,,"10,900円",10900
12114,12,13,,,"5,500円",5500
12114,13,,1,,"8,000円",8000
12114,14,,1,,"8,000円",8000
12114,2,,,,"5,500円",5500
12114,3,,,当院では血算検査は16週頃にも実施している。,"7,600円",7600
12114,4,13,,,"5,500円",5500
12114,5,,,,"5,500円",5500
12114,6,,,,"5,500円",5500
12114,7,9;10;11;14,,,"15,800円",15800
12114,8,13,,,"5,500円",5500
12114,9,,,,"5,500円",5500
12115,1,,,,"5,000円",5000
12115,10,,,,"7,000円",7000
12115,11,10;13;15,2,,"15,655円",15655
12115,12,,,,"7,000円",7000
12115,13,,,,"7,000円",7000
12115,14,,,,"7,000円",7000
12115,2,1;2;3;4;5;6;7;8;9;10;11;12;13,,,"21,000円",21000
12115,3,,,,"7,000円",7000
12115,4,,9,,"13,030円",13030
12115,5,10;13;14,2;4,,"7,000円",7000
12115,6,,,,"7,000円",7000
12115,7,,,,"7,000円",7000
12115,8,,9,,"13,315円",13315
12115,9,,,,"7,000円",7000
12116,1,,9;11,,,
12116,10,,9;11,,,
12116,11,15,9,"9.血糖検査は11回目（36週頃）にも実施している。
里帰り等、他院から転院した場合は血型・不規則抗体検査（自費）",,
12116,12,,9,,,
12116,13,,9,帝王切開の場合、HIVは6か月以上経過していると再度検査（保険適用）,,
12116,14,,9,,,
12116,2,1;2;3;4;5;6;7;8;9;10;11;12;13;14,5;6;9,甲状腺異常なら24週で再検査,,
12116,3,,9,14週で指導,,
12116,4,,9,,,
12116,5,9,4;9,,,
12116,6,,9,,,
12116,7,,9,,,
12116,8,,9,,,
12116,9,,9,,,
12117,1,1;2;3;4;5;6;7;8;9;10;11;13;14,3;6,,"30,000円",30000
12117,10,13,,,"5,000円",5000
12117,11,,1;3;8,,"15,870円",15870
12117,12,,1;8,,"7,000円",7000
12117,13,,1;8,,"7,000円",7000
12117,14,13,1,,"7,000円",7000
12117,2,,8,,"5,000円",5000
12117,3,,8,,"5,000円",5000
12117,4,,8,,"5,000円",5000
12117,5,13,,,"5,000円",5000
12117,6,,8,,"5,000円",5000
12117,7,9;10,3;8,,"16,300円",16300
12117,8,,8,,"5,000円",5000
12117,9,,8,,"5,000円",5000
12119,1,1;2;3;4;5;6;7;8;9;10;11;12,,,"14,000円",14000
12119,11,15,1,,"4,100円",4100
12119,12,,1,,"1,000円",1000
12119,13,,1,,"1,000円",1000
12119,7,14,,淋菌検査,"7,300円",7300
12120,1,1;2;4;5;6;7;8;9;10;11;12,,間接クームス,,
12120,10,15,,,,
12120,11,10,,,,
12120,12,,1,,,
12120,4,13,10,,,
12120,5,9;10,,,,
12120,6,14,,,,
12120,7,13,,,,
12120,8,,10,,,
12122,1,13,,,19530,19530
12122,10,,,,8800,8800
12122,11,15;10;13,1;8,,5000,5000
12122,12,,1,,5000,5000
12122,13,,1,,5000,5000
12122,14,,1,,5000,5000
12122,2,1;2;3;4;5;6;7;8;10;11;12;14;9;13,,,5000,5000
12122,3,,8,,5000,5000
12122,4,,8,,5000,5000
12122,5,13,1;2;3;4;5;6;7;8;9,,5000,5000
12122,6,10;9,,,5500,5500
12122,7,,8,,5000,5000
12122,8,,,,5000,5000
12122,9,,,,5000,5000
12125,1,1;2;3;4;5;6;7;8;9;10;11;12;13,,骨密度検査、HbA1c,"23,150円",23150
12125,10,15,8;10,超音波検査は毎回実施、当院分娩予定者は0円、他院分娩者は5800円,"9,200円",9200
12125,11,10;13,,当院では血液型検査は36週頃にも実施している,"7,760円",7760
12125,12,,1;8,超音波検査は毎回実施、当院分娩予定者は0円、他院分娩者は5800円,"6,400円",6400
12125,13,,1;8,超音波検査は毎回実施、当院分娩予定者は0円、他院分娩者は5800円,"6,400円",6400
12125,14,,1;8,超音波検査は毎回実施、当院分娩予定者は0円、他院分娩者は5800円,"6,400円",6400
12125,2,,8;10,超音波検査は毎回実施、当院分娩予定者は0円、他院分娩者は5800円,"5,800円",5800
12125,3,,8;9;10,超音波検査は毎回実施、当院分娩予定者は0円、他院分娩者は11000円,"11,000円",11000
12125,4,13,,,"5,800円",5800
12125,5,,8;9;10,超音波検査は毎回実施、当院分娩予定者は0円、他院分娩者は11000円,"11,000円",11000
12125,6,,8,超音波検査は毎回実施、当院分娩予定者は0円、他院分娩者は5800円,"5,800円",5800
12125,7,9;10;13;14,10,骨密度検査,"13,390円",13390
12125,8,,8,超音波検査は毎回実施、当院分娩予定者は0円、他院分娩者は5800円,"5,800円",5800
12125,9,,8;9;10,超音波検査は毎回実施、当院分娩予定者は0円、他院分娩者は11000円,"11,000円",11000
12126,1,1;2;3;4;5;6;7;8;9;10;11;12;13,10,,"27,560円",27560
12126,10,15,1;8;10,,"9,400円",9400
12126,11,,1;8;10,,"6,000円",6000
12126,12,10;13,1;10,,"11,420円",11420
12126,13,,1;8;10,,"6,000円",6000
12126,14,,1;8;10,,"6,000円",6000
12126,2,,8;10,,"5,000円",5000
12126,3,,8;10,,"5,000円",5000
12126,4,13,10,,"10,560円",10560
12126,5,,8;10,血算検査,"6,600円",6600
12126,6,,8;10,,"5,000円",5000
12126,7,,8;10,,"5,000円",5000
12126,8,9;10;13;14,2;3;10,,"15,760円",15760
12126,9,,8;10,,"5,000円",5000
12127,1,1;2;3;4;5;6;7;8;9;10;11;12;13,,,26650,26650
12127,10,15,8,,8890,8890
12127,11,10;13,,,11730,11730
12127,12,,1;8,,5090,5090
12127,13,,8,,5090,5090
12127,14,,8,,5090,5090
12127,2,,8,,5090,5090
12127,3,,8,,5090,5090
12127,4,13,,,9870,9870
12127,5,,8,,5090,5090
12127,6,,8,,5090,5090
12127,7,9;13;14,,,17060,17060
12127,8,,8,,5090,5090
12127,9,,8,,5090,5090
12128,1,1;2;3;4;5;6;7;8;9;10;11;12;13,6,,"20,710円",20710
12128,10,15,,,"7,000円",7000
12128,11,,1,,"6,000円",6000
12128,12,,1,,"5,500円",5500
12128,13,,1,,"5,500円",5500
12128,14,,1,,"5,500円",5500
12128,2,,,,"4,500円",4500
12128,3,,,,"4,500円",4500
12128,4,,,,"4,500円",4500
12128,5,,,,"4,500円",4500
12128,6,14,,,"6,380円",6380
12128,7,,,,"4,500円",4500
12128,8,9;10,,,"5,500円",5500
12128,9,,,,"4,500円",4500
12131,1,13,,,"7,000円",7000
12131,10,,,,"11,000円",11000
12131,11,13,,,"11,000円",11000
12131,12,15,,,"11,000円",11000
12131,13,,,,"7,000円",7000
12131,14,,,,"7,000円",7000
12131,2,1;2;3;4;5;6;7;8;9;10;11;13,6,,"38,000円",38000
12131,3,,,,"7,000円",7000
12131,4,,,,"11,000円",11000
12131,5,,4,,"7,000円",7000
12131,6,,,,"7,000円",7000
12131,7,13;14,,,"13,500円",13500
12131,8,,,,"11,000円",11000
12131,9,,,,"7,000円",7000
12132,1,1;2;3;4;5,,,34100,34100
12132,10,,,,16690,16690
12132,11,,,,12150,12150
12132,12,,,,8650,8650
12132,13,,,,12150,12150
12132,14,,,,8650,8650
12132,2,,9;11,,10240,10240
12132,3,,,,9000,9000
12132,4,,,,11500,11500
12132,5,,,,11210,11210
12132,6,,,,5500,5500
12132,7,,,,9000,9000
12132,8,,,,11500,11500
12132,9,,,,5500,5500
12134,1,1;2;3;4;5;6;7;8;9;10;12;13,,,0円,0
12134,10,,8;11,,"1,000円",1000
12134,11,10;13,,,0円,0
12134,12,15,8,,0円,0
12134,13,,8,,"1,000円",1000
12134,14,,1;8,NSTは40週0日頃に実施している。,"3,100円",3100
12134,2,,,初期検査の結果説明と胎児心拍の確認。,"1,500円",1500
12134,3,,8,,0円,0
12134,4,13,,,"1,000円",1000
12134,5,,8,,"1,000円",1000
12134,6,9;10;11;13;14;15,11,,0円,0
12134,7,,8,,"1,000円",1000
12134,8,,8,,"1,000円",1000
12134,9,,8,,"1,000円",1000
12136,1,1;2;3;4;5;6;7;8;9;10;11;12;13;14,,,"21,280円",21280
12136,10,15,8,,"9,760円",9760
12136,11,,8,,"9,760円",9760
12136,12,10,1;8,,"13,120円",13120
12136,13,,1;8,,"11,760円",11760
12136,14,,1;8,,"11,760円",11760
12136,2,13,,,"9,760円",9760
12136,3,13,,,"9,760円",9760
12136,4,13,,,"9,240円",9240
12136,5,,8,,"9,760円",9760
12136,6,,8,,"9,760円",9760
12136,7,,8,,"9,760円",9760
12136,8,9;10,8;11,,"19,820円",19820
12136,9,,8,,"9,760円",9760
12138,10,,11,,"5,000円",5000
12138,11,,1;11,,"5,000円",5000
12138,12,,1;11,,"5,000円",5000
12138,13,,1;11,,"5,000円",5000
12138,14,,1;11,,"5,000円",5000
12138,3,,11,,"7,000円",7000
12138,4,,11,,"5,000円",5000
12138,5,,11,,"5,000円",5000
12138,6,,11,,"5,000円",5000
12138,7,,11,,"5,000円",5000
12138,8,,11,,"5,000円",5000
12138,9,,11,,"5,000円",5000
12139,1,1;2;3;4;5;6;7;8;9;10;11;12;14,2;5;6;8,,,
12139,10,13;15,,,,
12139,11,,1;3;8,,,
12139,12,10;13,1,,,
12139,13,,1;8,,,
12139,14,,1;8,,,
12139,2,,4;8,,,
12139,3,13,,,,
12139,4,,8,,,
12139,5,,8,,,
12139,6,9;10,,,,
12139,7,,4;8,,,
12139,8,,8,,,
12139,9,,8,,,
12141,1,1;2;3;4;5;6;7;8;9;10;11;12;13,6,,,
12141,10,,9,,,
12141,11,10;15,1,,,
12141,12,13,,,,
12141,13,,1,,,
12141,14,,1,,,
12141,4,13,9,,,
12141,6,9;10,4,,,
12141,7,,9,,,
12141,8,13;14,,,,
12145,1,1;2;3;4;5;6;7;8;9;10;12;13,,,"18,350円",18350
12145,10,10;15,8,,"12,260円",12260
12145,11,10;13,,,"7,000円",7000
12145,12,,8,,"7,000円",7000
12145,13,,8,,"7,000円",7000
12145,14,,1;8,,"9,100円",9100
12145,2,,8,,"7,000円",7000
12145,3,,8,,"7,000円",7000
12145,4,10;13,,,"8,860円",8860
12145,5,,8,,"7,000円",7000
12145,6,10;13,,,"8,860円",8860
12145,7,9;10;11,8,,"13,440円",13440
12145,8,10;14,8,,"12,440円",12440
12145,9,,8,,"7,000円",7000
12148,1,1;2;3;4;5;6;7;8;9;10;11;12;13;14;15,,,"24,700円",24700
12148,10,,8;10,,"5,000円",5000
12148,11,10,1;3;8;10,性器クラミジア検査(35週）B群溶血性レンサ球菌（GBS)検査(35週）,"7,430円",7430
12148,12,,1;8;10,,"5,000円",5000
12148,13,,1;8;10,,"5,000円",5000
12148,14,,1;8;10,血算検査　(39週）,"5,590円",5590
12148,2,13,,,"5,000円",5000
12148,3,13,10,,"5,000円",5000
12148,4,13,10,胎児超音波検査（希望者のみ19週～）,"5,000円",5000
12148,5,10,4;8;10,,"8,610円",8610
12148,6,,8;10,,"5,000円",5000
12148,7,,8;10,,"5,000円",5000
12148,8,,8;10,,"5,000円",5000
12148,9,,8;10,血算検査（32週）,"5,590円",5590
12149,1,1;2;3;4;6;7;8;9;10;12;13,,,,
12149,10,13,,,,
12149,11,13,,,,
12149,12,10;13,,,,
12149,13,13,,,,
12149,14,13,1,,,
12149,2,13,,,,
12149,3,13,,,,
12149,4,13,,,,
12149,5,13,,,,
12149,6,13,,,,
12149,7,9;10;11;13;14,,,,
12149,8,13,,,,
12149,9,13;15,,,,
12150,1,1;2;3;4;5;6;7;8;9;10;11;12;13,6,,,
12150,10,,9,,,
12150,11,10;13,,,,
12150,12,,9,,,
12150,13,,9,,,
12150,14,,9,,,
12150,2,,9,,,
12150,3,,9,,,
12150,4,13,,,,
12150,5,,4;9,,,
12150,6,,9,,,
12150,7,10;13;14,,,,
12150,8,,9,,,
12150,9,,9,,,
12151,1,10;12;13,,,"41,000円",41000
12151,10,,,,"10,000円",10000
12151,11,10;13,1,,"14,000円",14000
12151,12,,1;8,,"8,000円",8000
12151,13,,1;8,,"8,000円",8000
12151,14,,1;8,,,
12151,2,13,,,"6,000円",6000
12151,3,,,,"6,000円",6000
12151,4,,,,"6,000円",6000
12151,5,13,,,"6,000円",6000
12151,6,,,,"6,000円",6000
12151,7,10,,,"14,000円",14000
12151,8,,,,"6,000円",6000
12151,9,,,,"6,000円",6000
12158,1,1;2;3;4;5;6;7;8;9;10;11;12;13;14,6,,"28,200円",28200
12158,10,15,1;8,,"10,000円",10000
12158,11,10,1;8,,"8,300円",8300
12158,12,13,1,,"6,800円",6800
12158,13,,1;8,,"6,800円",6800
12158,14,,1;8,,"6,800円",6800
12158,2,,8,,"5,000円",5000
12158,3,13,,,"5,000円",5000
12158,4,,8;10,,"9,500円",9500
12158,5,,8,,"5,000円",5000
12158,6,9;10;13,,,"8,000円",8000
12158,7,,8;10,,"9,500円",9500
12158,8,,8,,"5,000円",5000
12158,9,,1;8,,"6,800円",6800
12165,1,1;2;3;4;5;6;7;8;9;10;11;12;13;14,,,"4,000円",4000
12165,10,15,8,,"2,800円",2800
12165,11,10;13,8,,700円,700
12165,12,,8,,,
12165,13,,1;8,,,
12165,14,,8,,,
12165,4,13,,,"1,390円",1390
12165,7,10;13,,,"1,660円",1660
12166,1,1;2;3;4;5;6;7;8;9;10;11;12;14,,,"22,360円",22360
12166,10,15,,,"7,820円",7820
12166,11,10,,,"6,750円",6750
12166,12,13,,,"8,990円",8990
12166,13,,1,,"6,560円",6560
12166,14,,1,,"6,560円",6560
12166,2,,,,"5,060円",5060
12166,3,13,,,"8,990円",8990
12166,4,13,,,"8,990円",8990
12166,5,,,,"5,060円",5060
12166,6,13,,,"8,990円",8990
12166,7,,,,"5,060円",5060
12166,8,9;10,,,"8,000円",8000
12166,9,,,,"5,060円",5060
12168,1,1;2;3;4;5;6;7;8;9;10;12;13,11,,"26,060円",26060
12168,10,,8,,"7,500円",7500
12168,11,10;13;15,,,"15,780円",15780
12168,12,,1;8,,"7,800円",7800
12168,13,,,,"8,900円",8900
12168,14,,1;8,,"7,800円",7800
12168,2,,8,,"7,500円",7500
12168,3,13,,,"7,500円",7500
12168,4,,8,,"7,500円",7500
12168,5,9;10;11;13;14,,,"19,360円",19360
12168,6,,8,,"7,500円",7500
12168,7,,8,,"7,500円",7500
12168,8,,8,,"7,500円",7500
12168,9,,8,,"7,500円",7500
12171,1,1;2;3;4;5;6;7;8;9;10;11;12;13;14,,,"26,880円",26880
12171,10,,,,"4,710円",4710
12171,11,13;15,,,"17,500円",17500
12171,12,10,1,,"7,640円",7640
12171,13,,1,,"4,710円",4710
12171,14,,1,,"4,710円",4710
12171,2,,,,"4,710円",4710
12171,3,,,,"4,710円",4710
12171,4,13,,,"10,560円",10560
12171,5,,,,"4,710円",4710
12171,6,,,,"4,710円",4710
12171,7,,,,"4,710円",4710
12171,8,9;10;13,,,"13,970円",13970
12171,9,,,,"4,710円",4710
12178,1,1;2;3;4;5;6;7;8;9;10;11;12;13,6,細菌培養同定検査　　　Nスコア　　　,"24,710円",24710
12178,10,15,8,,"5,500円",5500
12178,11,10;13,,,"10,730円",10730
12178,12,,1;8,,"6,500円",6500
12178,13,,1;8,,"6,500円",6500
12178,14,,1;8,,"6,500円",6500
12178,2,,8,,"5,500円",5500
12178,3,13,,,"5,500円",5500
12178,4,,4;8;9,75gGCT,"6,250円",6250
12178,5,13,,,"5,500円",5500
12178,6,9,8,,"7,420円",7420
12178,7,,8;9,,"5,500円",5500
12178,8,10;14,,,"10,710円",10710
12178,9,,8,,"5,500円",5500
12181,1,1;2;3;4;5;6;7;8;9;10;11;12;13,,,"27,560円",27560
12181,10,15,8,,"7,580円",7580
12181,11,,8,,"5,780円",5780
12181,12,10;13,1,,"11,420円",11420
12181,13,,1;8,,"4,780円",4780
12181,14,,1;8,,"4,780円",4780
12181,2,,8,,"5,780円",5780
12181,3,,8,,"5,780円",5780
12181,4,13;14,,血算検査,"12,940円",12940
12181,5,,8,,"5,780円",5780
12181,6,9,4;9,,"5,280円",5280
12181,7,,8,,"5,780円",5780
12181,8,10;13,,,"11,970円",11970
12181,9,,8,,"5,780円",5780
12185,1,13,,,"10,000円",10000
12185,10,,,,"5,000円",5000
12185,11,10;13;15,1;3,,"6,000円",6000
12185,12,,1,,"6,000円",6000
12185,13,,1,,"6,000円",6000
12185,14,,1,,"6,000円",6000
12185,2,1;2;3;4;5;6;7;8;9;10;11;12;13;14,2,,"5,000円",5000
12185,3,,,,"5,000円",5000
12185,4,,,,"5,000円",5000
12185,5,,,,"5,000円",5000
12185,6,,,,"5,000円",5000
12185,7,10;13,,,"5,000円",5000
12185,8,,,,"5,000円",5000
12185,9,,,,"5,000円",5000
12186,1,1;2;3;4;5;6;7;8;9;10;11;13,5;6;7,,25000,25000
12186,10,,8,,6500,6500
12186,11,13;15,,,6500,6500
12186,12,10;15,8,,10000,10000
12186,13,,8,,6500,6500
12186,14,,8,,6500,6500
12186,2,14,8,,6500,6500
12186,3,13,,,6500,6500
12186,4,13,8,,6500,6500
12186,5,13,,,6500,6500
12186,6,13;9;10,10;8,,10000,10000
12186,7,,8,,6500,6500
12186,8,,8,,10000,10000
12186,9,,8,,6500,6500
12188,1,1;2;3;4;5;6;7;8;9;10;11;12;13,9,,,
12188,10,15,8;9,,,
12188,11,10;13,9,,,
12188,12,,1;8;9,,,
12188,13,,8;9,,,
12188,14,,8;9,,,
12188,2,13,9,,,
12188,3,,8;9,,,
12188,4,,8;9,,,
12188,5,13,9,,,
12188,6,,8;9,,,
12188,7,9;10;14,8;9,,,
12188,8,,8;9,,,
12188,9,,8;9,,,
12189,1,1;2;3;4;5;6;7;8;9;10;11;12;13;14,,,23950,23950
12189,10,,,,7700,7700
12189,11,10;13;15,,,16560,16560
12189,12,,1,,8660,8660
12189,13,,,,7700,7700
12189,14,,,,7700,7700
12189,2,,,,7700,7700
12189,3,,,,7700,7700
12189,4,13,,,12560,12560
12189,5,,,,7700,7700
12189,6,,,,7700,7700
12189,7,,,,7700,7700
12189,8,9;10;13,,,12560,12560
12189,9,,,,7700,7700
12190,1,,8;9;11,,,
12190,10,,8;9;11,,,
12190,11,,1;8;9;11,,,
12190,12,,1;8;9;11,,,
12190,13,,1;8;9;11,,,
12190,14,,1;8;9;11,,,
12190,2,,8;9;11,,,
12190,3,,8;9;11,,,
12190,4,,8;9;11,,,
12190,5,,8;9;11,,,
12190,6,,8;9;11,,,
12190,7,,8;9;11,,,
12190,8,,8;9;11,,,
12190,9,,8;9;11,,,
12195,1,1;2;3;4;5;6;7;8;9;10;11;12;13;14,6,,,
12195,10,,8,,,
12195,11,10;13;15,1;3,,,
12195,12,,1,,,
12195,13,,1,,,
12195,14,,1,,,
12195,4,13,9,,,
12195,6,9;10;13,4;8,,,
12195,7,,8,,,
12195,8,,8,,,
12195,9,,8,,,
12196,1,1;2;3;4;5;6;7;8;9;10;12;13,2;6,,,
12196,10,15,8,,,
12196,11,10,1,,,
12196,12,,1,,,
12196,13,,1,,,
12196,14,,1,,,
12196,2,,8,,,
12196,3,13,,,,
12196,4,14,8,,,
12196,5,13,9,,,
12196,6,,8,,,
12196,7,9;10;11,5;8,,,
12196,8,,8,,,
12196,9,,8,,,
12200,1,1;2;3;4;5;6;7;8;9;10;11;12;13,,,,
12200,10,,,,1000,1000
12200,11,13;15,,,,
12200,12,10,1,,2000,2000
12200,13,,1,,,
12200,14,,1,,2000,2000
12200,3,,,,2000,2000
12200,4,13,,,,
12200,5,14,,,,
12200,6,,,,1000,1000
12200,7,9;10;13,,,,
12200,8,,,,1000,1000
12203,1,1;2;3;4;5;6;7;8;9;10;12;13,2;6;11,助産師、栄養士との面談あり,34900,34900
12203,10,15,8,,12100,12100
12203,11,10;13,1;11,助産師との面談あり,10800,10800
12203,12,,1;8,,8600,8600
12203,13,,1;8,,8600,8600
12203,14,,1;8,,8600,8600
12203,2,,8,,6600,6600
12203,3,,8,,6600,6600
12203,4,13,,,6600,6600
12203,5,,8,,6600,6600
12203,6,13,11,助産師との面談あり,6600,6600
12203,7,,8,,6600,6600
12203,8,9;10;11;14,8,,23200,23200
12203,9,,8,,6600,6600
12213,1,1;2;3;4;5;6;7;8;9;10;12;13,,,,
12213,10,15,8,,,
12213,11,13,1,,,
12213,12,10,1;8,,,
12213,13,,1;8,,,
12213,14,,1;8,,,
12213,2,13,,,,
12213,3,,8,,,
12213,4,,8,,,
12213,5,10;13,,,,
12213,6,,8,,,
12213,7,9;11,8,,,
12213,8,14,8,,,
12213,9,,8,,,
12227,1,1;2;3;4;5;6;7;8;9;10;11;12;14,6,,,
12227,10,15,,,,
12227,11,10;13,,,,
12227,12,,1,,,
12227,13,,1,,,
12227,14,,1,,,
12227,2,13,,,,
12227,4,13,,,,
12227,5,13,,,,
12227,6,9;10,,,,
12233,1,1;2;3;4;6;7;8;9;10;11;12;13,,,"28,000円",28000
12233,10,,1,,"10,500円",10500
12233,2,,,,"8,500円",8500
12233,3,,,,"8,500円",8500
12233,4,13,,,"8,500円",8500
12233,5,15,,,"8,500円",8500
12233,6,13,4,,"12,200円",12200
12233,7,,,,"8,500円",8500
12233,8,14,,,"12,500円",12500
12233,9,,,,"8,500円",8500
12237,1,1;2;3;4;5;6;7;8;9;10;11;12;13,,,"26,190円",26190
12237,10,,,,他院へ転院,
12237,11,,,,他院へ転院,
12237,12,,,,他院へ転院,
12237,13,,,,他院へ転院,
12237,14,,,,他院へ転院,
12237,2,,,,"5,080円",5080
12237,3,,,,"5,080円",5080
12237,4,,,,"9,860円",9860
12237,5,,,,"5,080円",5080
12237,6,,,,"5,080円",5080
12237,7,13;14,4,当院では不規則抗体検査は28週頃にも実施している。,"17,050円",17050
12237,8,,,,"5,080円",5080
12237,9,,,,他院へ転院,
12242,1,1;2;3;4;5;6;7;8;9;10;12;13,,,"24,630円",24630
12242,10,15,8,,"8,450円",8450
12242,11,,8,,"4,460円",4460
12242,12,10;13,,,"12,560円",12560
12242,13,,8,,"4,460円",4460
12242,14,,1;8,,"4,460円",4460
12242,2,,8,,"4,460円",4460
12242,3,,8,,"4,460円",4460
12242,4,13,,,"4,460円",4460
12242,5,,8,,"4,460円",4460
12242,6,,8,,"4,460円",4460
12242,7,,8,,"4,460円",4460
12242,8,9;10;11;13;14,,,"10,920円",10920
12242,9,,8,,"4,460円",4460
12245,1,1;2;3;4;5;6;7;8;9;10;11;12;13;14,2;6,膣分泌物培養,"5,400円",5400
12245,10,13,,,"5,400円",5400
12245,11,4;5;6;7;10;13;15,2;3,,"5,400円",5400
12245,12,13,1,,"5,400円",5400
12245,13,13,,,"5,400円",5400
12245,14,13,,,"5,400円",5400
12245,2,13,,,"5,400円",5400
12245,3,13,,,"5,400円",5400
12245,4,13,9,,"5,400円",5400
12245,5,3;9;10;13,4,膣分泌物培養,"5,400円",5400
12245,6,13,,,"5,400円",5400
12245,7,13,9,,"5,400円",5400
12245,8,13,,,"5,400円",5400
12245,9,13,,,"5,400円",5400
12246,1,1;2;3;4;5;6;7;8;9;10;11;12;13;14;15,2;6;11,,"29,670円",29670
12246,2,13,,,"1,590円",1590
12246,3,13,,,"1,590円",1590
12246,4,10;13,11,,"3,700円",3700
12246,5,13,,,"1,590円",1590
12246,6,13,,,"1,590円",1590
12246,7,10;13,11,,"3,700円",3700
12246,8,13,,,"1,590円",1590
12250,1,,8;9,初診時検査：ABO型血液型　Rh血液型　B型肝炎抗原　C型肝炎　HIV抗体　梅毒血清反応　風疹ウイルス　血糖　血算　HTLV-1抗体　子宮頸がん,,
12250,2,,8;9,,,
12250,3,3,8;9,,,
12250,4,14,8;9,カンジダ検査,,
12250,5,,8;9,,,
12250,6,,4;8;9,,,
12250,7,10,8;9,,,
12250,8,,8;9,,,
12253,10,,8,,,
12253,11,15,8,,,
12253,12,,1;8,,,
12253,2,1;2;3;4;5;6;7;8;9;10;13;14,6;7,,,
12253,3,13,,,,
12253,4,13,,,,
12253,5,13,,,,
12253,6,,8,,,
12253,7,11,8,,,
12253,8,,8,,,
12253,9,,8,,,
12254,1,1;2;3;4;5;6;7;8;9;10;11;12;13;14,6,"・尿一般
・一般細菌培養","29,590円",29590
12254,2,,,尿一般,"5,780円",5780
12254,3,,,尿一般,"5,780円",5780
12254,4,13,,尿一般,"7,280円",7280
12254,5,,,尿一般,"5,780円",5780
12254,6,9;10,,尿一般,"7,610円",7610
12254,7,,,尿一般,"5,780円",5780
12254,8,13,,尿一般,"7,280円",7280
12254,9,,,尿一般,"5,780円",5780
12255,1,1;2;3;4;5;6;7;8;9;10;11;12;13;14,2,"尿検査
(糖、蛋白)",,
12255,2,,,"尿検査
(糖、蛋白)",,
12255,3,,,"尿検査
(糖、蛋白)",,
12255,4,,,"尿検査
(糖、蛋白)",,
12255,5,,10,"尿検査
(糖、蛋白)",,
12255,6,9;10,9;10,"尿検査
(糖、蛋白)

貧血検査",,
12255,7,,,"尿検査
(糖、蛋白)",,
12255,8,,,"尿検査
(糖、蛋白)",,
12255,9,,,"尿検査
(糖、蛋白)",,
12257,1,1;2;3;4;5;6;7;8;9;10;11;12;13;14,6;10,,"17,410円",17410
12257,2,13,10,,"7,390円",7390
12257,3,13,10,,"7,390円",7390
12257,4,13,10,,"7,390円",7390
12257,5,,8;10,,"7,390円",7390
12257,6,,8;10,,"7,390円",7390
12257,7,,8;10,,"7,390円",7390
12257,8,,8;10,,"7,390円",7390
12260,1,13,,,"6,300円",6300
12260,10,,,,"5,000円",5000
12260,11,10;13;15,,,"10,000円",10000
12260,12,,,,"5,000円",5000
12260,13,,,,"5,000円",5000
12260,14,,,,"5,000円",5000
12260,2,1;2;3;4;5;6;7;8;9;10;11;12;14,,,"24,350円",24350
12260,3,,,,"5,000円",5000
12260,4,13,,,"10,000円",10000
12260,5,9;13,,,"10,000円",10000
12260,6,,,,"5,000円",5000
12260,7,,,,"5,000円",5000
12260,8,10,,,"11,700円",11700
12260,9,,,,"5,000円",5000
12263,1,1;2;3;4;5;6;7;8;9;10;11;12;13,,,,
12263,10,,8,,,
12263,11,10;15,1;8,,,
12263,12,,8,,,
12263,13,,8,,,
12263,14,,8,,,
12263,2,13,,,,
12263,3,13,,,,
12263,4,13,,当院では血糖検査は、4回目（20週頃）に実施している。,,
12263,5,,8,,,
12263,6,,8,,,
12263,7,10;14,8,,,
12263,8,,8,,,
12263,9,,8,,,
12264,1,1;2;3;4;5;6;7;8;9;10;11;12;13;14,6,,"24,790円",24790
12264,2,13,,,"6,310円",6310
12266,1,1;2;3;4;5;6;7;8;9;10;11;12;13;14,6,細菌培養検査（子宮膣部）,"26,190円",26190
12266,2,,10,,"4,110円",4110
12266,3,,10,,"4,110円",4110
12266,4,,10,,"4,110円",4110
12266,5,10;13,4;10,,"6,574円",6574
12266,6,,10,,"4,110円",4110
12266,7,,9,,"9,410円",9410
12266,8,,,,"4,110円",4110
12267,1,1;2;3;4;5;6;7;8;10;11;12;14;15,6;8,,,
12267,10,,8,,,
12267,2,13,,,,
12267,3,,8,,,
12267,4,13,,,,
12267,5,9,4;8,,,
12267,6,,8,,,
12267,7,13,,,,
12267,8,,8,,,
12267,9,,1;8,,,
12268,1,1;2;3;4;5;6;7;8;9;10;11;12;13;14,5;6,細菌培養同定検査,"33,106円",33106
12268,2,,,,"3,110円",3110
12268,3,,,,"3,110円",3110
12268,4,,,,"3,110円",3110
12268,5,,4,,"6,780円",6780
12268,6,,,,"3,110円",3110
12268,7,,,,"3,110円",3110
12268,8,,,,"3,110円",3110
12268,9,,,,"3,110円",3110
12269,1,1;2;3;4;5;6;7;8;9;10;11;14,6;7,NS検査,"21,870円",21870
12269,10,13,1;8,,"4,500円",4500
12269,11,10;15,2;3;8,FDP,"10,920円",10920
12269,12,,1;8,,"4,500円",4500
12269,13,,1,,"4,500円",4500
12269,14,,1;8,,"4,500円",4500
12269,2,,,,"3,500円",3500
12269,3,13,,,"3,500円",3500
12269,4,13,,,"3,500円",3500
12269,5,9;10,4;8,,"7,170円",7170
12269,6,,8,,"3,500円",3500
12269,7,,8,,"3,500円",3500
12269,8,,,,"3,500円",3500
12269,9,,8,,"3,500円",3500
12274,1,1;2;3;4;5;6;7;8;9;10;11;12;13;14;15,,,0円,0
12274,2,13,,,0円,0
12274,3,13,,,0円,0
12274,4,13,,,0円,0
12276,1,1;2;3;4;5;6;7;8;9;10;11;12;13;14,,,,
12276,2,13,,,,
12276,3,,10,,,
12276,4,,4;10,,,
12276,5,,10,,,
12276,6,13,,,,
12276,7,,1;10,,,
12276,8,,1;10,,,
12277,1,1;2;3;4;5;6;7;8;9;10;11;12;13,6;8,,"20,290円",20290
12277,2,,8,,"5,790円",5790
12277,3,13,8,,"10,570円",10570
12277,4,,8,,"5,790円",5790
12277,5,13,8,,"5,790円",5790
12277,6,9,8,,"5,790円",5790
12277,7,13,8,,"10,570円",10570
12277,8,10;14,8,,"7,880円",7880
12277,9,,8,,"5,790円",5790
12278,1,1;2;3;4;5;6;7;8;9;10;11;12;13;14,,,,
12278,3,13,,,,
12278,4,13,,,,
12278,5,,8,,,
12278,6,,8,,,
12278,7,10,8,,,
12278,8,9,8,,,
12278,9,15,8,,,
12280,1,1;2;3;4;5;6;7;8;9;10;11;12;13;14,9,,"25,790円",25790
12280,2,,9,,"6,500円",6500
12280,3,,9,,"6,500円",6500
12280,4,,9,,"6,500円",6500
12280,5,,9,,"6,500円",6500
12280,6,,9,,"6,500円",6500
12280,7,,9,,"6,500円",6500
12280,8,9,9,,"6,500円",6500
12280,9,,9,,"6,500円",6500
12282,10,,8;10,,,
12282,2,1;2;3;4;5;6;7;8;9;10;11;12;13;14,8,,,
12282,3,,8;10,,,
12282,4,13,10,,,
12282,5,13,10,,,
12282,6,9;10,8;10,,,
12282,7,,8;10,,,
12282,8,,8;10,,,
12282,9,,8;10,,,
12283,3,13,,,"6,000円",6000
12283,6,9;10;13,,,"10,400円",10400
12283,7,,8,,"6,000円",6000
12283,8,,8,,"6,000円",6000
12283,9,,8,,"6,000円",6000
12284,1,1;2;3;4;5;6;7;8;9;10;11;12;13;14,,,"39,800円",39800
12284,2,13,,,"6,700円",6700
12284,3,13,,,"6,700円",6700
12284,4,13,,,"6,700円",6700
12284,5,,8,,"6,700円",6700
12284,6,9,8,,"8,900円",8900
12284,7,,8,,"6,700円",6700
12284,8,10,8,,"8,900円",8900
12284,9,,8,,"6,700円",6700
12285,1,1;2;3;4;5;6;7;8;9;10;11;12;13,,,"36,700円",36700
12285,3,13,,,"6,700円",6700
12285,5,13,,,"6,700円",6700
12285,6,9;10,8,,"10,700円",10700
12285,7,,8,,"6,700円",6700
12285,8,,8,,"6,700円",6700
12285,9,,8,,"6,700円",6700
12287,2,1;2;4;5;6;7;10;11;12;13;14,6,,"30,200円",30200
12287,3,13,,,"6,700円",6700
12287,5,13,10,,"6,700円",6700
12287,6,,8;10,,"6,700円",6700
12287,7,9;10,8;10,,"10,900円",10900
12287,8,,8,,"6,700円",6700
12287,9,,8,,"7,900円",7900
12288,1,8;9;13,,,"37,900円",37900
12288,2,1;2;3;4;5;6;7;10;11;12;13;14,,,"6,700円",6700
12288,3,,10,,"6,700円",6700
12288,4,,10,,"6,700円",6700
12288,5,13,10,,"6,700円",6700
12288,6,,8;10,,"6,700円",6700
12288,7,9;10,8;10,,"10,700円",10700
12288,8,,8;10,,"6,700円",6700
12288,9,,8;10,,"6,700円",6700
12289,1,,,仙台市セミオープンシステムに則った検査。分娩施設により異なります。,"4,000円~12,000円",4000
12289,10,,,34週以降は健診をしません,,
12289,2,1;2;3;4;5;6;7;8;9;10;11;12;13;14,6,仙台市セミオープンシステムに則った検査。分娩施設により異なります。,"29,490円~32,490円",29490
12289,3,13,,,"6,700円",6700
12289,4,,8,,"6,700円",6700
12289,5,13,,,"6,700円",6700
12289,6,,8,,"6,700円",6700
12289,7,9;10,8,,"10,700円",10700
12289,8,,8,,"6,700円",6700
12289,9,,8,,"6,700円",6700
12291,1,1;2;4;5;6;7;8;9;10;11;12;14,9,,,
12291,2,,9,胸部聴診　乳房及び甲状腺超音波検査,,
12291,3,13,,,,
12291,4,13,,,,
12291,5,,4;9,,,
12291,6,13,,,,
12291,7,,9,,,
12291,8,,9,,,
12291,9,,9,,,
12293,1,12;14,9,,,
12293,2,1;2;3;4;5;6;7;8;9;10;11,9,,,
12293,3,13,,,,
12293,6,13,4,,,
12293,7,10,9,,,
12296,1,1;2;3;4;5;6;7;8;9;10;11;12;13;14,6;7,GBS検査,,
12296,2,,9;10,,,
12296,3,,9;10,,,
12296,4,13,9;10,,,
12296,5,9;10,9;10,,,
12296,6,,9;10,,,
12296,7,,9;10,,,
12296,8,,9;10,,,
12296,9,13;15,9;10,,,
12298,10,13,,,,
12298,11,,8,,,
12298,12,,8,,,
12298,13,,8,,,
12298,14,13,,,,
12298,2,1;2;3;4;5;6;7;8;9;10;12;13,,,,
12298,3,,8,,,
12298,4,13,,,,
12298,5,,8,,,
12298,6,,8,,,
12298,7,9;10;11;14,8,,,
12298,8,,8,,,
12298,9,,8,,,
12301,1,,8;10,,,
12301,2,1;2;3;4;5;6;7;8;9;10;12;13,6;10,,,
12301,3,,8;10,,,
12301,4,13,10,,,
12301,5,,8;10,,,
12301,6,,4;8;10,子宮頚管エラスターゼ検査,,
12301,7,,8;10,,,
12301,8,11;13;14,10,,,
12301,9,,8;10,,,
12303,1,1;2;3;4;5;6;7;8;9;10;11;12;13,6,,"25,370円",25370
12304,1,1;2;3;4;5;6;7;8;9;10;11;12;13,5;6,麻疹、乳がん検診,"36,740円",36740
12304,10,,,,"5,780円",5780
12304,11,10;15,,,"9,340円",9340
12304,12,13,,,"11,080円",11080
12304,2,,,,"5,780円",5780
12304,3,,,,"5,780円",5780
12304,4,13,,HbA1c,"13,430円",13430
12304,5,,,,"5,780円",5780
12304,6,10,4,,"9,240円",9240
12304,7,,,,"5,780円",5780
12304,8,13;14,6,水痘、不規則抗体、淋菌,"20,320円",20320
12304,9,,,,"5,780円",5780
12305,1,1;2;3;4;5;6;7;8;9;10;11;12;13,,,"29,660円",29660
12305,2,,8,,"5,780円",5780
12305,3,,8,,"5,780円",5780
12305,4,13,,,"10,560円",10560
12305,5,13,,,"5,780円",5780
12305,6,,4;8,,"9,190円",9190
12305,7,,8,,"5,780円",5780
12305,8,14,8,,"13,940円",13940
12305,9,,8,当院では妊娠32週まで妊婦検診、以降は分娩医療機関に紹介。,"5,780円",5780
12307,1,1;2;3;4;5;6;7;8;9;10;11;13,6;7,HbA1c,"23,000円",23000
12307,2,13,,,"5,000円",5000
12307,3,,,分娩先にて健診,,
12307,4,,8;9,,"7,000円",7000
12307,5,13,,,"5,000円",5000
12307,6,,8,,"5,000円",5000
12307,7,9;10;14,4;8,GOT、GBS,"12,400円",12400
12307,8,,8,次回より分娩先にて健診,"5,000円",5000
12308,1,1;2;3;4;5;6;7;8;9;10;11;12;13;14,2,,"25,110円",25110
12308,2,13,,,"6,080円",6080
12308,3,,,"超音波検査
","6,080円",6080
12308,4,,,"超音波検査
","6,080円",6080
12308,5,9;10;13,2,,"14,930円",14930
12308,6,,,"超音波検査
","6,080円",6080
12308,7,,,"超音波検査
","6,080円",6080
12308,8,,,"超音波検査
","6,080円",6080
12309,1,1;2;3;4;5;6;7;8;9;10;11;12;13;14,2;4;9;11,,"33,740円",33740
12309,2,,9;11,,"6,060円",6060
12309,3,13,9;10;11,助産師外来,"7,780円",7780
12309,4,,9;10;11,助産師外来,"9,330円",9330
12309,5,13,9;10;11,助産師外来,"7,980円",7980
12309,6,,9;10;11,助産師外来,"7,980円",7980
12309,7,9;10,9;10;11,助産師外来,"10,980円",10980
12309,8,,9;10;11,助産師外来,"7,980円",7980
12309,9,,9;10;11,助産師外来,"11,030円",11030
12310,1,1;2;3;4;5;6;7;8;9;10;11;12;13;14,,9の胎児超音波検査は毎回の健診料金込で設定されています。,"26,390円",26390
12310,2,,9,,"6,600円",6600
12310,3,,9,,"6,600円",6600
12310,4,13,,,"6,600円",6600
12310,5,,9,,"6,600円",6600
12310,6,,9,,"6,600円",6600
12310,7,,9,,"6,600円",6600
12310,8,9;10;13,,,"10,010円",10010
12311,1,1;2;3;4;5;6;7;8;9;10;11;12;14,6;10,,"23,740円",23740
12311,10,,10,,"5,500円",5500
12311,12,13,,,,
12311,2,13,10,,"5,500円",5500
12311,3,13,10,,"5,500円",5500
12311,4,,10,,"5,500円",5500
12311,5,,10,,"5,500円",5500
12311,6,13,10,,"5,500円",5500
12311,7,,10,,"5,500円",5500
12311,8,9;10,10,,"8,510円",8510
12311,9,,10,,"5,500円",5500
12313,1,1;2;3;4;5;6;7;8;9;10;11;12;13;14,,,"36,900円",36900
12313,2,13,,,"10,020円",10020
12314,1,1;2;3;4;5;6;7;8;9;10;11;12;13;14,6;9,,,
12314,2,13,9,,,
12314,3,,9,,,
12314,4,,9,,,
12314,5,13,9,,,
12314,6,,4;9,,,
12314,7,,9,,,
12314,8,,9,,,
12314,9,,9,,,
12317,1,1;2;3;4;5;6;7;8;9;10;12,6;9,,,
12317,2,13,,,,
12317,3,,9;10,,,
12317,4,14,9;10,,,
12317,5,13,10,,,
12317,6,9;10;11,4;9;10,,,
12317,7,,9;10,,,
12317,8,,9;10,,,
12317,9,13,10,,,
12319,1,1;2;3;4;5;6;7;8;9;10;12;13;15,6,,,
12319,10,10;15,8,,,
12319,11,,8,,,
12319,12,,1;8,,,
12319,13,,1;8,,,
12319,14,,1;8,,,
12319,2,13,,,,
12319,3,13,,,,
12319,4,13,,,,
12319,5,11;13,4;8,,,
12319,6,,8,,,
12319,7,,8,,,
12319,8,,8,,,
12319,9,,8,,,
12320,1,1;2;3;4;5;6;7;8;9;10;12,2;5;6,,"22,470円",22470
12320,2,13,,,"9,000円",9000
12320,3,14;15,,,"11,410円",11410
12320,4,13,,,"9,000円",9000
12320,5,9;10;11,2,,"13,200円",13200
12320,6,,,,"4,000円",4000
12320,7,13,,,"9,000円",9000
12320,8,,,,"4,000円",4000
12323,1,1;2;3;4;5;6;7;8;9;10;12;13,,,"29,000円",29000
12323,2,,8,,"10,000円",10000
12323,3,,8,,"10,000円",10000
12323,4,13;14,,,"12,000円",12000
12323,5,,8,,"10,000円",10000
12323,6,10;11,4;8,,"13,000円",13000
12323,7,13,,,"10,000円",10000
12323,8,,8,,"10,000円",10000
12323,9,,8,,"10,000円",10000
12324,1,1;2;3;4;5;6;7;8;9;10;12;13;14,5;6;11,麻疹抗体,"33,500円",33500
12324,2,13,,,"11,000円",11000
12324,3,,9;10,,"11,000円",11000
12324,4,,,他院胎児スクリーニング依頼,"11,000円",11000
12324,5,9;10;11;13,4;9;10;11,,"13,500円",13500
12324,6,,9;10,,"11,000円",11000
12324,7,,9;10,,"11,000円",11000
12324,8,,2;9;10,,"12,000円",12000
12324,9,,9;10,,,
12325,1,1;2;3;4;5;6;7;8;9;10;11;12;13,6,,,
12325,2,,8;11,,,
12325,3,13,10,,,
12325,4,,8;10,,,
12325,5,,8;10,,,
12325,6,9;10;13;14,10,,,
12325,7,,8;10,,,
12325,8,,8;10;11,,,
12327,1,1;2;3;4;5;6;7;8;9;10;11;12;13;14,6;11,,"29,700円",29700
12327,2,,9;11,,"8,000円",8000
12327,3,,9;11,,"8,000円",8000
12327,4,,9;11,,"8,000円",8000
12327,5,9;10;13,11,,"11,000円",11000
12327,6,,9;11,,"8,000円",8000
12327,7,,9;11,,"8,000円",8000
12327,8,,9;11,30週に血算検査を必須としています,"11,100円",11100
12327,9,,9;11,,"8,000円",8000
12328,1,1;2;3;4;5;6;7;8;9;10;12;13,5;6;7,助産師外来,"48,000円",48000
12328,10,,,,"11,500円",11500
12328,2,,,,"10,000円",10000
12328,3,13,,,"10,000円",10000
12328,4,14,9,,"12,000円",12000
12328,5,,,助産師外来,"12,000円",12000
12328,6,9;10;11,,,"17,000円",17000
12328,7,13,10,,"18,000円",18000
12328,8,,,,"10,000円",10000
12328,9,,,,"10,000円",10000
12329,1,1;2;3;4;5;6;7;8;9;10;11;12;13,,,"40,480円",40480
12329,2,13,,,"8,180円",8180
12329,3,,8,,"8,180円",8180
12329,4,,4;8,,"23,480円",23480
12329,5,10;13;14,,,"8,180円",8180
12329,6,,8,,"8,180円",8180
12329,7,,8,,"8,180円",8180
12329,8,,8,,"8,180円",8180
12329,9,,8,,"8,180円",8180
12333,1,1;2;3;4;5;6;7;8;9;10;12;13,2;5;6,,"43,000円",43000
12333,2,,,,"8,000円",8000
12333,3,13;14,,,"12,000円",12000
12333,4,,10,,"11,000円",11000
12333,5,9;11,4;10,,"18,000円",18000
12333,6,,10,,"8,000円",8000
12333,7,13,10,膣分泌物培養,"11,000円",11000
12333,8,10,10,,"10,000円",10000
12335,1,1;2;3;4;5;6;7;8;9;10;12;13,5;11,,"38,300円",38300
12335,2,,6;8;11,,"12,140円",12140
12335,3,13;14,10;11,当院ではB群溶血レンサ球菌（GBS）検査は16週ごろに実施している,"17,140円",17140
12335,4,,8;10;11,,"8,640円",8640
12335,5,11,10;11,,"17,540円",17540
12335,6,,8;10;11,,"8,640円",8640
12335,7,,8;10;11,,"11,640円",11640
12335,8,13,10;11,,"11,640円",11640
12336,1,1;2;3;4;5;6;7;8;9;10;12;13;14,,,,
12336,2,,8,,,
12336,3,13,,,,
12336,4,,8,,,
12336,5,10;11;13,4,,,
12336,6,,8,,,
12336,7,,8,,,
12336,8,13,,,,
12338,1,1;2;3;4;5;6;7;8;9;10;11;12;13,4;6;9,エコーは胎児の具合を妊婦の強い要望により毎回確認している,"尿検査などの一般妊婦健診 初診が5,400円 再診が3,200円、超音波検査が1回5,400円",5400
12338,2,13,,,,
12338,3,13,,,,
12338,4,13,,,,
12338,5,13,,,,
12338,6,9;10;13,,,,
12338,7,13,,,,
12338,8,13;15,,,,
12338,9,13,,,,
12339,1,1;2;3;4;5;6;7;8;9;10;11;12;13,2;6,,"29,000円",29000
12339,2,,,,"8,600円",8600
12339,3,,,,"8,600円",8600
12339,4,13;14,10,,"14,000円",14000
12339,5,,,,"8,600円",8600
12339,6,9;13,,,"14,000円",14000
12339,7,,,,"8,600円",8600
12339,8,10,2;10,,"15,000円",15000
12339,9,,,,"8,600円",8600
12340,1,1;2;3;4;5;6;7;8;9;10;11;12;14,8,,"29,400円",29400
12340,2,,8,,"10,000円",10000
12340,3,,8,,"10,000円",10000
12340,4,13,9,,"18,800円",18800
12340,5,,8,,"10,000円",10000
12340,6,9;10;13,4,,"15,000円",15000
12340,7,,8,,"10,000円",10000
12340,8,,8,,"10,000円",10000
12340,9,,8,,"10,000円",10000
12341,1,1;2;3;4;5;6;7;8;9;10;12;13,6,"HPV
GAT","15,700円",15700
12341,2,13;14,5;7,クラミジア抗体、ウレアプラズマ・マイコプラズマ,"16,500円",16500
12341,3,11;13,,嫌気性菌,"2,000円",2000
12341,4,13;15,,２型ヘルペス,"2,000円",2000
12341,5,10,8,,"6,000円",6000
12344,1,1;2;3;4;5;6;7;8;9;10;11;12;13;14,5;6;9;11,"血清鉄
フェリチン
HbA1c%
Dダイマー
は当院で必須検査扱い。","25,000円",25000
12344,2,13,9;11,,"1,000円",1000
12344,3,13,9;11,,"1,000円",1000
12344,4,13,9;11,,"1,500円",1500
12344,5,,8;9;11,,"1,500円",1500
12344,6,,8;9;11,,"1,000円",1000
12344,7,9;10,8;9;11,必要に応じて血清鉄・フェリチン・HbA1c%・50ｇGCTなど,"1,500円",1500
12344,8,,8;9;11,,"3,000円",3000
12345,1,,,当院では妊婦検診を１２週を目安に実施,,
12345,2,1;2;3;4;5;6;7;8;9;10;12,2;5;6,HbA1c　　経腹エコー,"45,000円",45000
12345,3,11;13,,,"12,600円",12600
12345,4,13;14,,経膣エコー　膣培養検査,"19,700円",19700
12345,5,13,3,,"13,600円",13600
12345,6,,,経腹エコー,"10,600円",10600
12345,7,,,経腹エコー　経膣エコー　膣培養検査,"14,100円",14100
12345,8,,,経腹エコー,"9,600円",9600
12345,9,,,経腹エコー,"9,600円",9600
12346,1,1;2;3;4;5;6;7;8;9;10;11;12;13,5;6,,"30,600円",30600
12346,10,13;15,,,"9,100円",9100
12346,2,,8,,"9,100円",9100
12346,3,,8,,"9,100円",9100
12346,4,13,,,"9,100円",9100
12346,5,,8,,"9,100円",9100
12346,6,10,4;8,,"15,600円",15600
12346,7,,8,,"9,100円",9100
12346,8,14,8,,"15,100円",15100
12346,9,,8,,"9,100円",9100
12349,1,1;2;3;4;5;6;7;8;9;10;11;12;13;14,5;6,,,
12349,10,,8,,,
12349,11,13,,,,
12349,2,13,,,,
12349,3,,8,,,
12349,4,,7;8,,,
12349,5,13,,,,
12349,6,,4;8,,,
12349,7,,8,,,
12349,8,,8,,,
12349,9,15,8,,,
12351,1,1;2;3;4;5;6;7;8;9;10;11;12;13,,,"35,400円",35400
12351,10,,1,,"11,000円",11000
12351,11,10;13;15,1,,"18,700円",18700
12351,12,,1,,"11,000円",11000
12351,13,,1,,"11,000円",11000
12351,14,,1,,"11,000円",11000
12351,2,,,,"8,000円",8000
12351,3,,,,"8,000円",8000
12351,4,,,,"8,000円",8000
12351,5,9;10;13;14,,,"16,040円",16040
12351,6,,,,"8,000円",8000
12351,7,,,,"8,000円",8000
12351,8,,,,"8,000円",8000
12351,9,,1,,"11,000円",11000
12353,1,1;2;3;4;5;6;7;8;9;10;11;12;13;14,5;6;9,,,
12353,10,,9,,,
12353,2,,9,,,
12353,3,13,9,,,
12353,4,,9,,,
12353,5,,9,,,
12353,6,9;10,4;8;9,,,
12353,7,,9,,,
12353,8,13,9,,,
12353,9,,8;9,,,
12354,1,1;2;3;4;5;6;7;8;9;10;11;12;13,3;5;6;7,,"28,100円",28100
12354,10,,,,"6,500円",6500
12354,2,,,,"6,500円",6500
12354,3,,,,"6,500円",6500
12354,4,13;14,9;10,,"19,000円",19000
12354,5,,4,,"6,500円",6500
12354,6,9;10,,,"12,500円",12500
12354,7,,9;10,,"14,000円",14000
12354,8,13,,,"6,500円",6500
12354,9,,,,"6,500円",6500
12355,1,1;2;3;4;5;6;7;8;9;10;11;12;13,2;5;6,,"32,300円",32300
12355,2,13;14,10,,"9,830円",9830
12355,3,13,10,,"8,700円",8700
12355,4,13,10,,"8,700円",8700
12355,5,,8;10,,"8,700円",8700
12355,6,10,4;8;10,,"13,500円",13500
12355,7,,8;10,,"8,700円",8700
12355,8,,8;10,,"8,700円",8700
12355,9,,8;10,,"8,700円",8700
12356,1,9;10;12;14,2;3;8;9;11,,"15,000円",15000
12356,10,,8;9;11,,"10,000円",10000
12356,11,13,1;8;9,,"10,000円",10000
12356,12,,1;8;9;11,,"10,000円",10000
12356,13,,1;8;9,,"10,000円",10000
12356,14,,1;8;9,,"10,000円",10000
12356,2,1;2;3;4;5;6;7;8;11;13,5;6;7;8;9,,"20,000円",20000
12356,3,,8;9,,"10,000円",10000
12356,4,13,8;9,,"10,000円",10000
12356,5,13,8;9;11,,"10,000円",10000
12356,6,,8;9,,"10,000円",10000
12356,7,9,4;8;9;11,,"15,000円",15000
12356,8,,8;9,,"10,000円",10000
12356,9,15,8;9;10,,"10,000円",10000
12358,1,1;2;3;4;5;6;7;8;9;10;11;12;13;14,5;6;9;11,尿検査、血圧測定、体重測定、保健指導,"47,480円",47480
12358,2,,9;11,尿検査、血圧測定、体重測定、保健指導,"9,130円",9130
12358,3,,9;11,尿検査、血圧測定、体重測定、保健指導,"9,130円",9130
12358,4,13,9;11,尿検査、血圧測定、体重測定、保健指導,"14,430円",14430
12358,5,9;10;13,9;11,尿検査、血圧測定、体重測定、保健指導、クラミジアPCR検査,"27,080円",27080
12358,6,,9;11,尿検査、血圧測定、体重測定、保健指導,"9,130円",9130
12358,7,,9;11,尿検査、血圧測定、体重測定、保健指導,"9,130円",9130
12358,8,,9;11,尿検査、血圧測定、体重測定、保健指導,"9,130円",9130
12358,9,,9;11,尿検査、血圧測定、体重測定、保健指導,"9,130円",9130
12359,1,1;2;3;4;5;6;7;8;9;10;11;12,,,"11,000円",11000
12359,2,14,,,"5,500円",5500
12359,3,13,,,"5,500円",5500
12359,4,,,,"5,500円",5500
12359,5,13,4,,"5,500円",5500
12359,6,,,,"5,500円",5500
12359,7,,,,"5,500円",5500
12359,8,,,,"5,500円",5500
12359,9,13,,,"5,500円",5500
12360,1,1;2;3;4;5;6;7;8;9;10;11;12;13;14,,,"8,240円",8240
12360,2,13,,,0円,0
12360,3,13,,,0円,0
12360,4,13,,,0円,0
12360,5,,8,,"2,930円",2930
12360,6,9;10,8,,"3,730円",3730
12360,7,,8,,"2,930円",2930
12360,8,,8,,"2,930円",2930
12360,9,,8,,"2,930円",2930
12361,1,1;2;3;4;5;6;7;8;9;10;12;13,,,"36,840円",36840
12361,2,13,,,"10,440円",10440
12361,3,,8,,"10,440円",10440
12361,4,14,8,,"15,840円",15840
12361,5,11;13,,,"13,940円",13940
12361,6,,8,,"10,440円",10440
12361,7,,8,,"10,440円",10440
12361,8,,8,,"10,440円",10440
12361,9,,8,,"10,440円",10440
12362,1,13,,,,
12362,2,13,,,,
12364,1,1;2;3;4;5;6;7;8;9;10;11;12;13,5;6,,"33,900円",33900
12364,10,,,,"6,000円",6000
12364,2,,,,"6,000円",6000
12364,3,,,,"6,000円",6000
12364,4,13;14,,,"8,000円",8000
12364,5,9;10,4,,"14,550円",14550
12364,6,,8,,"8,000円",8000
12364,7,,8,,"8,000円",8000
12364,8,13,,,"11,940円",11940
12364,9,,,,"6,000円",6000
12368,1,1;2;3;4;5;6;7;8;9;10;12;13,2,,,
12368,2,13,10,,,
12368,3,,8;10,,,
12368,4,14,8;9;10,GBS検査,,
12368,5,13,4;10,,,
12368,6,,8;10,,,
12368,7,,8;10,,,
12368,8,,8;9;10,,,
12368,9,,8;10,,,
12373,1,1;2;3;4;5;6;7;8;9;10;11;12;13,2;5,,"29,500円",29500
12373,10,,8;10,,"9,500円",9500
12373,2,13,10,,"9,500円",9500
12373,3,,8;10,,"9,500円",9500
12373,4,14,4;8;9;10,腟培養検査（GBS含む）,"22,600円",22600
12373,5,9;10;13,10,,"14,000円",14000
12373,6,,8;10,,"9,500円",9500
12373,7,,8;10,,"11,100円",11100
12373,8,,8;9;10,,"14,500円",14500
12373,9,,8;10,,"9,500円",9500
12375,1,1;2;3;4;5;6;7;8;9;10;12;13,5;6,,"15,300円",15300
12375,10,,,,0円,0
12375,2,13,,,0円,0
12375,3,13,,,0円,0
12375,4,13,,,0円,0
12375,5,9;10;11,8,,"3,600円",3600
12375,6,,8,,0円,0
12375,7,,8,,"1,800円",1800
12375,8,,8,,0円,0
12375,9,10,8,,0円,0
12376,1,1;2;3;4;5;6;7;8;9;10;11;12;13,2;6,,"16,300円",16300
12376,2,13,,,0円,0
12376,3,,9,,"3,300円",3300
12376,5,13;14,,,"3,300円",3300
12376,6,9;10,9,,"6,300円",6300
12376,7,,9,,"3,300円",3300
12376,8,,9,,"3,300円",3300
12376,9,,9,,"3,300円",3300
12377,1,1;2;3;4;5;6;7;8;9;10;11;12;13;14;15,2;5;6;7;9,※セミオープン先の病院毎に決まった検査を行っています,"14,850円",14850
12377,10,,,※の回の料金は一番安い病院です。病院によっては検査が増えるため料金が高くなります。,,
12377,2,13,10,4Dエコーは見えたら見せてあげます。別料金なし。,"7,990円",7990
12377,3,13,10,,"7,920円",7920
12377,4,13,10,,"7,920円",7920
12377,5,13,10,,"7,920円",7920
12377,6,13,4;10,※24-28週で50GCT施行、セミオープン先の病院毎に決まった血液検査をします。,"11,220円",11220
12377,7,13,10,,"7,920円",7920
12377,8,13,10,,"7,920円",7920
12378,1,1;2;3;4;5;6;7;8;9;10;13,5;6,,"15,000円",15000
12378,10,15,8,,"5,000円",5000
12378,11,13,,,,
12378,2,12;14,8,,"10,000円",10000
12378,3,,8,,"5,000円",5000
12378,4,13,,,0円,0
12378,5,,8,,"5,000円",5000
12378,6,,8,,"5,000円",5000
12378,7,10;11,8,,"10,000円",10000
12378,8,13,,,,
12378,9,,8,,"5,000円",5000
12379,1,1;2;3;4;5;6;7;8;9;10;11;12;13,6;9,,"8,500円",8500
12379,10,13,10,,,
12379,11,,8;10,,,
12379,12,,8;10,,,
12379,13,,8;10,,,
12379,14,,8;10,,,
12379,2,13;14,9;10,,,
12379,3,,8;9;10,,,
12379,4,,8;9;10,,,
12379,5,13,10,,,
12379,6,,8;10,,,
12379,7,,8;10,,,
12379,8,,8;9;10,,,
12379,9,,8;10,,,
12380,1,1;2;3;4;5;6;7;8;9;10;11;12,6,,"20,000円",20000
12380,2,14,,,"10,000円",10000
12380,3,,,,"7,000円",7000
12380,4,13,,,"7,000円",7000
12380,5,,,,"7,000円",7000
12380,6,,4,,"9,500円",9500
12380,7,13,,,"7,000円",7000
12380,8,,,,"7,000円",7000
12380,9,,,,"7,000円",7000
12381,1,1;2;3;4;5;6;7;8;9;10;11;12;13,5;11,,,
12381,2,,11,,,
12381,3,14,11,GBSを性器クラミジア検査と共に実施,,
12381,4,,9;11,,,
12381,5,13,4,,,
12381,6,,11,,,
12381,7,,11,,,
12381,9,,11,,,
12382,1,1;2;3;4;5;6;7;8;9;10;11;12;13,6,,"20,000円",20000
12383,1,1;2;3;4;5;6;7;8;9;10;11;12,10,,"33,280円",33280
12383,2,13,10,,"6,500円",6500
12386,1,1;2;3;4;5;6;7;8;9;10;11;12;13,6,,"20,920円",20920
12386,2,13,,,"6,840円",6840
12386,3,,8,,"6,840円",6840
12386,4,,8;9,,"8,940円",8940
12386,5,13,,,"6,840円",6840
12386,6,14,8,,"8,940円",8940
12386,7,10,4;8,,"10,300円",10300
12386,8,,8,,"6,840円",6840
12386,9,,8,,"6,840円",6840
12388,1,1;2;3;4;5;6;7;8;9;10;12;13,6;7,,,
12388,10,,8,,,
12388,11,10;13,8,,,
12388,12,,8,,,
12388,13,,8,,,
12388,14,,8,,,
12388,2,,8;9;10,,,
12388,3,14,8;9;10,,,
12388,4,13,5;9;10,,,
12388,5,,8;9;10,,,
12388,6,11,8;9;10,,,
12388,7,,8;9;10,,,
12388,8,,8;9;10,,,
12388,9,9;10;13;15,9;10,,,
12389,1,1;2;3;4;5;6;7;8;9;10;11;12;13,5;6;10,,"33,000円",33000
12389,2,,10,,"8,500円",8500
12389,3,,10,,"8,500円",8500
12389,4,13,10,,"9,000円",9000
12389,5,14,10,,"9,000円",9000
12389,6,9;10,10,,"9,000円",9000
12389,7,13,10,,"8,500円",8500
12389,8,,10,,"8,500円",8500
12389,9,,10,,"8,500円",8500
12390,1,1;2;3;4;5;6;7;8;9;10;12;13,2,,"29,690円",29690
12390,10,,8,この回の超音波検査は無料,"6,400円",6400
12390,2,,8,この回の超音波検査は無料,"9,400円",9400
12390,3,13;14,,,"10,440円",10440
12390,4,,8,この回の超音波検査は無料,"6,400円",6400
12390,5,9;10;11;13,2,,"6,400円",6400
12390,6,,8,この回の超音波検査は無料,"12,830円",12830
12390,7,,8,この回の超音波検査は無料,"6,400円",6400
12390,8,,8,この回の超音波検査は無料,"6,400円",6400
12390,9,,8,この回の超音波検査は無料,"6,400円",6400
12391,1,1;2;3;4;5;6;7;8;9;10;11;13,5;6,,"4,000円",4000
12391,2,12;13;14,,,0円,0
12391,3,13,,,0円,0
12391,4,13,,,0円,0
12391,5,,9,,"2,500円",2500
12391,6,,9,,"2,500円",2500
12391,7,,9,,"2,500円",2500
12391,8,,9,,"2,500円",2500
12391,9,,9,,"2,500円",2500
12392,1,1;2;3;4;5;6;7;8;9;10;11;12;13,8;9;11,,"31,380円",31380
12392,10,,,,"7,390円",7390
12392,11,13,,,"7,390円",7390
12392,12,,,,"7,390円",7390
12392,13,,,,"7,390円",7390
12392,14,,,,"7,390円",7390
12392,2,14,8;9,,"13,090円",13090
12392,3,,8;9,,"7,390円",7390
12392,4,13,8;9,,"15,390円",15390
12392,5,,8;9,,"7,390円",7390
12392,6,9;10,4;8;9,,"13,090円",13090
12392,7,,8;9,,"7,390円",7390
12392,8,13,8;9,,"7,390円",7390
12392,9,15,8;9,,"7,390円",7390
12393,1,,8,妊娠初期検査は、分娩先で行っていただくため当院では行いません。,"5,000円",5000
12393,2,,8,,"5,000円",5000
12393,3,,8,,"5,000円",5000
12393,4,,8,,"5,000円",5000
12393,5,,8,,"5,000円",5000
12393,6,,8,,"5,000円",5000
12393,7,,8,,"5,000円",5000
12393,8,,8,,"5,000円",5000
12393,9,,8,,"5,000円",5000
12394,1,1;2;3;4;5;6;7;8;9;10;13,6,,"21,000円",21000
12394,2,,9,,"6,000円",6000
12394,3,,9,,"6,000円",6000
12394,4,13,9,,"6,000円",6000
12394,5,,9,,"6,000円",6000
12394,6,10;11,4;9,,"13,000円",13000
12394,7,13,,,"6,000円",6000
12394,8,,9,,"6,000円",6000
12394,9,,9,,"6,000円",6000
12397,2,1;2;3;4;5;6;7;8;9;10;11;12;13,6,,,
12397,3,14,5;8;9,,,
12397,4,10;13,10,,,
12397,5,,4;8;9;10,,,
12397,6,,8;9,,,
12397,7,10;13;15,10,,,
12397,8,,8;9;10,,,
12398,1,1;2;3;4;5;6;7;8;11;12;13,6;9,,"28,100円",28100
12398,10,,8;9;10,,"5,300円",5300
12398,11,13;15,1;9;10,,"7,300円",7300
12398,12,,1;8;9;10,,"7,300円",7300
12398,13,,1;8;9;10,,"7,300円",7300
12398,14,,1;8;9;10,,"7,300円",7300
12398,2,9;10;13,9;10,,"5,300円",5300
12398,3,14,8;9;10,,"9,500円",9500
12398,4,,2;5;8;9;10,,"20,000円",20000
12398,5,9,8;9;10,,"5,300円",5300
12398,6,,4;8;9;10,,"10,700円",10700
12398,7,,8;9;10,,"5,300円",5300
12398,8,13,9;10,,"5,300円",5300
12398,9,,8;9;10,,"5,300円",5300
12403,1,1;2;3;4;5;6;7;8;9;10;11;13,,,"29,900円",29900
12403,2,12;13,,,"6,200円",6200
12403,3,13,,,"6,200円",6200
12403,4,13,,,"6,200円",6200
12403,5,13,,,"6,200円",6200
12403,6,13,,,"6,200円",6200
12403,7,9;10;13;14;15,,,"22,100円",22100
12403,8,13,,,"6,200円",6200
12406,1,1;2;3;4;5;6;7;8;9;10;11;12;13,2;6,,"25,200円",25200
12406,2,13,10,,"6,700円",6700
12406,3,13;14,10,淋菌検査、子宮頚管長測定,"13,700円",13700
12406,4,13,10,,"6,700円",6700
12406,5,,4;8;10,RSワクチン説明,"10,200円",10200
12406,6,,8;10,,"6,700円",6700
12406,7,10,8;10,,"8,700円",8700
12406,8,,8;10,RSワクチン接種（任意）,"6,700円",6700
12406,9,,8;10,,"6,700円",6700
12407,1,1;2;3;4;5;6;7;8;9;10;11;13,2,,"31,000円",31000
12407,2,13,,,"7,000円",7000
12407,3,13,,,"7,000円",7000
12407,4,13;14,,,"14,700円",14700
12407,5,,4;8,,"13,000円",13000
12407,6,10,8,,"10,000円",10000
12407,7,,8,,"10,000円",10000
12407,8,,8,分娩先に紹介する。,"12,500円",12500
12408,1,1;2;3;4;5;6;7;8;9;10;11;12;13;14,,,,
12408,2,,8,,,
12408,3,,8;10,,,
12408,4,13,10,,,
12408,5,,9;10,,,
12408,6,,9;10,,,
12408,7,,9;10,,,
12408,8,9;10;13,10;11,骨盤位の場合、胸膝位指導,,
12408,9,15,9,,,
12409,1,1;2;3;4;5;6;7;8;9;10;11;12;13,6,分娩する施設指示や希望により、検査項目、検査時期が異なる。,"19,000円",19000
12409,11,10;15,8,,,
12409,2,13,,,"6,900円",6900
12409,3,,8,,"6,900円",6900
12409,4,13;14,,,"9,200円",9200
12409,5,,8,,"6,900円",6900
12409,6,,8,,"6,900円",6900
12409,7,9;10;13,,,"14,400円",14400
12409,8,,8,,"6,900円",6900
12409,9,,8,,"6,900円",6900
12410,1,1;2;3;4;5;6;7;8;9;10;11;13,6,クラミジア,,
12410,10,,9,,,
12410,2,13,,,,
12410,3,13,,,,
12410,4,13,,,,
12410,5,,9,,,
12410,6,,9,,,
12410,7,9;10,2;9,クラミジア,,
12410,8,,9,,,
12410,9,,9,,,
12412,1,1;2;3;4;5;6;7;8;9;10;11;12;13,2;6;9,,"19,520円",19520
12412,10,,8,,"7,620円",7620
12412,11,10;13;15,1;2,,"18,640円",18640
12412,12,,1;8,,"9,780円",9780
12412,13,,1;8,,"9,780円",9780
12412,14,,1;8,,"9,780円",9780
12412,2,,,分娩先で妊婦健診を実施,0円,0
12412,3,,8,心電図検査,"9,130円",9130
12412,4,13;14,,,"11,400円",11400
12412,5,,8,子宮頸管長計測,"8,720円",8720
12412,6,,8,,"7,620円",7620
12412,7,9;10;13,4,,"11,730円",11730
12412,8,,8,紹介状記載,"10,920円",10920
12412,9,,,分娩先で妊婦健診を実施,0円,0
12413,1,1;2;3;4;5;6;7;9;10;11;13;14,2;3;5;6;7;9;11,,"29,000円",29000
12413,2,13,,,"5,400円",5400
12414,1,1;2;3;4;5;6;7;8;9;10;11;12;13;14,2;6,,"28,560円",28560
12414,2,13,,,"8,800円",8800
12414,3,13,10,,"8,800円",8800
12414,4,13,10,,"8,800円",8800
12415,1,1;2;3;4;5;6;7;8;9;10;11;12;13,2;5;6,,"25,000円",25000
12415,2,13,,,"7,000円",7000
12415,3,13,,,"7,000円",7000
12415,4,13;14,9,,"9,200円",9200
12415,5,9;10,2;4;8,,"20,000円",20000
12415,6,,8,,"9,200円",9200
12415,7,,8;9,,"7,000円",7000
12415,8,,8,,"7,000円",7000
12415,9,,8,,"7,000円",7000
12417,1,1;2;3;4;5;6;7;8;9;10;11;13;14,5;6,,"28,600円",28600
12417,10,,8,,,
12417,2,,8,,"6,600円",6600
12417,3,,8,,"6,600円",6600
12417,4,13,,,"19,800円",19800
12417,5,9;10,8,,"9,900円",9900
12417,6,,8,,"6,600円",6600
12417,7,13,,,"19,800円",19800
12417,8,,8,,"6,600円",6600
12417,9,,8,,"6,600円",6600
12418,1,1;2;3;4;5;6;7;8;9;10;11;12;13,2;6;7,,,
12418,2,13,,,,
12420,1,1;2;3;4;5;6;7;8;9;10;11;12;13,,,"26,190円",26190
12420,2,,9;10,,"5,080円",5080
12420,3,,9;10,,"5,080円",5080
12420,4,13,9;10,,"9,860円",9860
12420,5,,9;10,,"5,080円",5080
12420,6,,9;10,,"5,080円",5080
12420,7,9;10;13;14,9;10,,"17,050円",17050
12420,8,,9;10,,"5,080円",5080
12422,1,1;2;3;4;5;6;7;8;9;10;12;13,,,,
12422,10,,8,,,
12422,11,10,,,,
12422,2,13,,,,
12422,3,,8,,,
12422,4,,8,,,
12422,5,13,,,,
12422,6,9;10;11,8,,,
12422,7,,8,,,
12422,8,14,8,GBSは富山県の基準で8回目にクラミジアと同時,,
12422,9,,8,,,
12423,1,1;2;3;4;5;6;7;8;9;10;12;13,9,,,
12423,11,15,,,,
12423,2,,9,,,
12423,3,,9,,,
12423,4,13,9,,,
12423,5,,9,,,
12423,6,9;10;11,9,,,
12423,7,,9,,,
12423,8,13;14,9,,,
12423,9,,9,,,
12424,1,1;2;3;4;5;6;7;8;9;10;11;12;13;14,,,"26,880円",26880
12424,2,,,,"6,380円",6380
12424,3,,,,"10,560円",10560
12424,4,13,,,"5,780円",5780
12424,5,,,,"5,780円",5780
12424,6,,,,"5,780円",5780
12429,1,1;2;3;4;5;6;7;8;9;10;11;12;13;14,5;9;10,,,
12429,2,13,,,,
12429,3,13,,,,
12429,4,13,,,,
12429,5,13,,,,
12429,6,13,,,,
12429,7,9;10;13,,,,
12429,8,13,,,,
12429,9,13,,,,
12430,1,13,9,,,
12430,2,1;2;3;4;5;6;7;8;9;10;11;12;14,,,,
12430,4,13,9,,,
12430,6,9;10;13,9,,,
12430,8,13,9,,,
12431,1,1;2;3;4;5;6;7;8;9;10;11;12;13,,,"20,920円",20920
12431,2,,,,"11,160円",11160
12431,3,14,,,"9,560円",9560
12431,4,,,,"5,860円",5860
12431,5,,,,"11,160円",11160
12431,6,,1,,"5,860円",5860
12431,7,9;10,,,"9,240円",9240
12431,8,,1,,"11,160円",11160
12431,9,15,1,,"9,560円",9560
12435,1,1;2;3;4;5;6;7;8;9;10;11;12;13;14,,,"2,000円",2000
12435,2,,9,,"1,000円",1000
12435,3,,9,,"1,000円",1000
12435,4,13,10,,"1,000円",1000
12435,5,,9;10,,"1,000円",1000
12435,6,13,10,,"1,000円",1000
12435,7,,9;10,,"1,000円",1000
12435,8,,9;10,,"1,000円",1000
12435,9,,9;10,,"1,000円",1000
12439,1,1;2;3;4;5;6;7;8;9;10;11;12;14,6;8,,"24,160円",24160
12439,2,13,,,"9,390円",9390
12439,3,,8,,"9,390円",9390
12439,4,13,,,"9,390円",9390
12440,1,1;2;3;4;5;6;7;8;9;10;11;14,,,"37,090円",37090
12440,2,13,,,"10,390円",10390
12440,3,,,,"5,090円",5090
12440,4,13,,,"10,390円",10390
12440,5,,,,"5,090円",5090
12440,6,9;10,,,"9,090円",9090
12440,7,,,,"5,090円",5090
12440,8,13,,,"10,390円",10390
12440,9,,,,"5,090円",5090
12443,1,1;2;3;4;5;6;7;8;9;10;11;12;13;14,2;3;5;6;7,,"8,800円",8800
12443,2,13,,,0円,0
12443,3,,,当院では分娩しないため、１２週以降は分娩施設に紹介するため以降検査施行無しです,0円,0
12444,1,1;2;3;4;5;6;7;8;9;10;11;12;14,6;8,,"20,860円",20860
12444,2,13,,,"9,390円",9390
12444,3,,8,,"4,090円",4090
12444,4,13,,,"9,390円",9390
12444,5,,8,,"4,090円",4090
12444,6,9;10;13,,,"12,800円",12800
12444,7,,8,,"4,090円",4090
12444,8,,8,,"4,090円",4090
12444,9,,8,,"4,090円",4090
12445,1,1;2;3;4;5;6;7;8;9;10;12;13,,,"24,630円",24630
12445,2,,8,,"4,460円",4460
12445,3,,8,,"4,460円",4460
12445,4,13,,,"9,240円",9240
12445,5,,8,,"4,460円",4460
12445,6,,8,,"4,460円",4460
12445,7,13,,,"4,460円",4460
12445,8,10;11;14,8,,"19,820円",19820
12446,1,1;2;3;4;5;6;7;8;9;10;12;13,,,"34,300円",34300
12446,10,15,8;10,,"11,100円",11100
12446,11,,8;10,,"8,900円",8900
12446,12,10;13,10,,"10,000円",10000
12446,13,,8;10,,"8,900円",8900
12446,14,,8;10,,"8,900円",8900
12446,2,,8;10,,"8,900円",8900
12446,3,,8;10,,"8,900円",8900
12446,4,13,10,,"6,100円",6100
12446,5,,8;10,,"8,900円",8900
12446,6,,8;10,,"8,900円",8900
12446,7,,8;10,,"8,900円",8900
12446,8,9;10;11;13;14,10,,"16,600円",16600
12446,9,,8;10,,"8,900円",8900
12447,1,1;2;3;4;5;6;7;8;9;10;11;12;13,,,,
12447,2,13,,,,
12447,3,13,,,,
12447,4,13,,,,
12447,5,13,,,,
12447,6,13,,,,
12447,7,13,,,,
12447,8,9;10;11;13;14,,,,
12448,1,1;2;3;4;5;6;7;8;9;10;12;13,,,"33,300円",33300
12448,10,,,,"5,500円",5500
12448,11,10;15,,,"10,900円",10900
12448,12,13,,,"5,500円",5500
12448,13,,1,,"8,000円",8000
12448,14,,1,,"8,000円",8000
12448,2,,,,"5,500円",5500
12448,3,,,当院では血算検査は16週頃にも実施しています,"7,600円",7600
12448,4,13,,,"5,500円",5500
12448,5,,,,"5,500円",5500
12448,6,,,,"5,500円",5500
12448,7,9;10;11;14,,,"15,800円",15800
12448,8,13,,,"5,500円",5500
12448,9,,,,"5,500円",5500
12450,1,1;2;3;4;5;6;7;8;9;10;13,,,"19,820円",19820
12450,10,,8,血色素検査,"10,830円",10830
12450,11,10;13,,,"10,330円",10330
12450,12,,8,,"7,030円",7030
12450,13,,8,,"7,030円",7030
12450,14,,8,,"7,030円",7030
12450,2,,8,,"7,030円",7030
12450,3,,8,,"7,030円",7030
12450,4,13,,血色素検査,"10,330円",10330
12450,5,,8,,"7,030円",7030
12450,6,13,,血色素検査,"10,330円",10330
12450,7,9;10;11,8,,"11,610円",11610
12450,8,14,8,血色素検査,"9,310円",9310
12450,9,,8,,"7,030円",7030
12451,1,1;2;3;4;5;6;7;8;9;10;12;13,2;5;6;7,クラミジア検査,"17,600円",17600
12451,10,15,8,,"3,300円",3300
12451,11,13,,,,
12451,2,13,,,"3,300円",3300
12451,3,,8,,"3,300円",3300
12451,4,,8,,"3,300円",3300
12451,5,,,,"3,300円",3300
12451,6,13,4;8,,"3,850円",3850
12451,7,9;11,8,,"3,300円",3300
12451,8,14,8,,"3,300円",3300
12451,9,,8,,"3,300円",3300
12452,1,1;2;3;4;5;6;7;8;9;10;12;13,2;6;9,,"6,000円",6000
12452,2,13,9;10,,,
12452,3,13,9;10,,,
12452,4,13,9;10,,,
12452,5,10;13,9;10,,,
12452,6,13,8;9;10,,,
12452,7,9;10;11;13,8;9;10,,,
12452,8,13;14,8;9;10,,,
12452,9,11;13,8;9;10,,,
12453,1,1;2;3;4;5;6;7;8;9;10;12;13,2;5;6;7,,"11,000円",11000
12453,2,,8,,"1,000円",1000
12453,3,,8,,"1,000円",1000
12453,4,13,,,0円,0
12453,5,,8,,"1,000円",1000
12453,6,13,,,0円,0
12453,7,9;11,8,,"1,000円",1000
12453,8,10;14,8,,0円,0
12453,9,15,8,,"1,000円",1000
12455,1,1;2;3;4;5;6;7;8;9;10;12;13,,,"6,500円",6500
12455,10,15,,,"4,500円",4500
12455,11,,,,"1,500円",1500
12455,12,,,,"4,500円",4500
12455,2,13,,,"4,800円",4800
12455,3,,8,,"4,800円",4800
12455,4,,8,,"1,500円",1500
12455,5,13,,,"4,800円",4800
12455,6,10,8,,"1,500円",1500
12455,7,9;11,8,,"4,500円",4500
12455,8,14,8,,"4,500円",4500
12455,9,,8,,"4,800円",4800
12456,1,1;2;3;4;5;6;7;8;9;10;12;13,,,"22,900円",22900
12456,2,13,,,"4,900円",4900
12457,1,1;2;3;4;5;6;7;8;9;10;12;13,6,,"26,300円",26300
12457,2,,,,"4,970円",4970
12457,3,,,,"4,970円",4970
12457,4,10;13,,,"10,570円",10570
12457,5,,,,"4,970円",4970
12457,6,14,,,"7,900円",7900
12457,7,9;10;11,,,"9,110円",9110
12457,8,13,,,"10,570円",10570
12462,1,1;2;3;4;5;6;7;8;9;10;13,,,"15,610円",15610
12462,2,,8,,"6,800円",6800
12462,3,,8,,"6,800円",6800
12462,4,13,,血算,"7,080円",7080
12462,5,,8,,"6,800円",6800
12462,6,10;11,4;8,,"9,900円",9900
12462,7,14,8,,"9,250円",9250
12462,8,13,,血算,"7,080円",7080
12462,9,,8,,"6,800円",6800
12465,1,1;2;3;4;5;6;7;8;9;10;11;12;13;14,,,"19,820円",19820
12465,10,15,,ECG,"8,830円",8830
12465,11,13,,,"10,330円",10330
12465,12,10,1,,"5,030円",5030
12465,13,,,,"5,030円",5030
12465,14,,,,"5,030円",5030
12465,2,,,,"5,030円",5030
12465,3,,,,"5,030円",5030
12465,4,13,,,"10,330円",10330
12465,5,,,,"5,030円",5030
12465,6,13,,,"10,330円",10330
12465,7,9;10;11,,,"9,610円",9610
12465,8,14,,,"7,310円",7310
12465,9,,,,"5,030円",5030
12466,1,1;2;3;4;5;7;8;9;10;12;13,2;6;8,,,
12466,2,6,9,,,
12466,4,13,9,,,
12466,6,,8,,,
12466,7,11;13,,,,
12466,8,14,,,,
12466,9,15,8,,,
12467,1,1;2;3;4;5;6;7;8;9;10;12;13,6;7,,"30,000円",30000
12467,2,13,,,"8,000円",8000
12467,3,,8,,"8,000円",8000
12467,4,,8,,"8,000円",8000
12468,1,1;2;3;4;5;6;7;8;9;10;12;13,2,,"3,500円",3500
12468,10,,,,"1,000円",1000
12468,11,15,8;9,,"1,000円",1000
12468,12,10;13,1,,0円,0
12468,13,,1,,"3,000円",3000
12468,14,,1,,"3,000円",3000
12468,2,,8;9,,"1,000円",1000
12468,3,,,,"1,000円",1000
12468,4,13,10,,0円,0
12468,5,,10,,"1,000円",1000
12468,6,10;11;14,8;9;10,,0円,0
12468,7,,10,,"1,000円",1000
12468,8,13,10,,"1,000円",1000
12468,9,,,,"1,000円",1000
12469,1,1;2;3;4;5;6;7;8;9;10;12;13,,,"24,630円",24630
12469,10,,8,,"8,450円",8450
12469,11,13;15,,,"4,460円",4460
12469,12,10,8,,"11,120円",11120
12469,13,,8,,"4,460円",4460
12469,14,,8,,"4,460円",4460
12469,2,,8,,"4,460円",4460
12469,3,,8,,"4,460円",4460
12469,4,13,,,"9,240円",9240
12469,5,,8,,"4,460円",4460
12469,6,9,8,,"4,460円",4460
12469,7,,8,,"4,460円",4460
12469,8,10;11;13,,,"19,820円",19820
12469,9,,8,,"4,460円",4460
12471,1,1;2;3;4;5;6;7;8;9;10;12;13,,,,
12472,1,1;2;3;4;5;6;7;8;9;10;12;13,,,"23,910円",23910
12472,2,13,,,"7,010円",7010
12472,3,,9,,"6,180円",6180
12472,4,,9,,"6,180円",6180
12472,5,,9,,"6,180円",6180
12472,6,9;10;11;13;14,2,,"18,860円",18860
12472,7,,9,,"6,180円",6180
12472,8,,9,,"7,610円",7610
12478,1,1;2;3;4;5;6;7;8;9;10;11;12;13;14,,,"32,750円",32750
12478,10,,,,"6,000円",6000
12478,2,13,,,"6,000円",6000
12478,3,,,,"6,000円",6000
12478,4,,,,"6,000円",6000
12478,5,9;10;13,,,"14,710円",14710
12478,6,,,,"6,000円",6000
12478,7,,,,"6,000円",6000
12478,8,,,,"6,000円",6000
12478,9,,,,"6,000円",6000
12479,1,1;2;3;4;5;6;7;8;9;10;12;13;14,,,,
12479,2,13,,,,
12479,5,13,,,,
12479,7,9;10;11,,,,
12479,9,15,,,,
12480,1,1;2;3;4;5;6;7;8;9;10;11;12;13;14,2;5,,,
12480,10,,,34週以降の妊婦健診は取り扱っていない,,
12480,2,,8,,,
12480,3,13,,,,
12480,4,,8,,,
12480,5,10;13,2;4,,,
12480,6,,8,,,
12480,7,,8,,,
12480,8,,8,,,
12480,9,,8,,,
12484,1,1;2;3;4;5;6;7;8;9;10;12;13;14,,,,
12484,4,13,,,,
12484,7,9;10;11;13,,,,
12486,1,1;3;5;6;7;8;9;12,6,,"26,300円",26300
12486,10,,1,,"16,300円",16300
12486,2,,,,"10,500円",10500
12486,3,8,,,"13,290円",13290
12486,4,13,8,,"11,000円",11000
12486,5,,,,"10,500円",10500
12486,6,9;11;14,,,"22,560円",22560
12486,7,,,,"10,500円",10500
12486,8,13,,,"12,300円",12300
12486,9,,1,,"12,600円",12600
12487,1,1;2;3;4;5;6;7;8;9;10;11;13;14,9,,"23,600円",23600
12487,3,,,,"5,000円",5000
12487,4,13,9;10,,"8,000円",8000
12487,5,,,,"8,000円",8000
12487,6,13,4,,"11,060円",11060
12487,7,,2;9;10,,"12,330円",12330
12487,8,13,1,,"12,300円",12300
12488,1,1;2;3;4;5;6;7;8;9;10;11;12;13;14,6,,,
12488,10,15,,,,
12488,12,,1,,,
12488,2,13,,,,
12488,5,13,,,,
12488,6,10,4,,,
12489,1,1;2;3;4;5;6;7;8;9;10;11;12;13;14,2;6;9,,,
12489,2,,9,,,
12489,3,,9;10,,,
12489,4,,9;10,,,
12489,5,,9;10,,,
12489,6,,9;10,,,
12489,7,,9;10,,,
12489,8,,9;10,,,
12489,9,,9;10,,,
12490,1,1;2;3;4;5;6;7;8;9;10;11;12;13;14,3;6,,,
12490,2,,9,,,
12490,3,,9,,,
12490,4,13,4,,,
12490,5,,9,,,
12490,6,,9,,,
12490,7,,9,,,
12490,8,,9,,,
12490,9,13;15,,当院では32週まで健診をして以後は分娩先に紹介しています,,
12491,1,12;13,,,"3,000円",3000
12491,2,1;2;3;4;5;6;7;8;9;10;11;13;14;15,6;11,水痘IgG,"30,300円",30300
12491,3,13,,,"8,000円",8000
12491,4,13,11,,"8,000円",8000
12491,5,,8,心電図,"9,300円",9300
12491,6,10;15,4;8;10,,"16,000円",16000
12491,7,,8,,"8,000円",8000
12491,8,,8,,"8,000円",8000
12492,1,1;2;3;4;5;6;7;8;9;10;12;13,,,,
12492,2,,8,,,
12492,3,,8,,,
12492,4,13;14,,,,
12492,5,9;10;11,4;8,,,
12492,6,,8,,,
12492,7,,8,,,
12492,8,13,,,,
12494,1,1;2;3;4;5;6;7;8;9;10;11;13,2;6,STD検査,"27,500円",27500
12494,2,13,,,"6,000円",6000
12494,3,,10,膣分泌物培養検査,"10,100円",10100
12494,4,,10,,"6,000円",6000
12494,5,10;13,4;9;10,,"12,000円",12000
12494,6,,9;10,,"6,000円",6000
12494,7,,9;10,,"6,000円",6000
12494,8,,9;10,心電図,"7,650円",7650
12494,9,,9;10,,"6,000円",6000
12496,1,1;2;3;4;5;6;7;8;9;10;11;12;13;14,,,"27,340円",27340
12496,2,,8,,"5,500円",5500
12496,3,,8,,"5,500円",5500
12496,4,13,,当院では決算は妊娠20週頃に実施している。,"6,100円",6100
12496,5,,8,,"5,500円",5500
12496,6,13,,,"5,500円",5500
12496,7,9;10,8,,"10,000円",10000
12496,8,,8,,"5,500円",5500
12500,1,1;2;3;4;5;6;7;8;9;10;12;13,6;7,,"29,700円",29700
12500,2,13,,,"8,800円",8800
12500,3,13,7,,"13,200円",13200
12500,4,13,,,"8,800円",8800
12500,5,9;10;11;14,8,,"19,800円",19800
12500,6,,8,,"8,800円",8800
12500,7,,1;8,,"10,000円",10000
12500,8,,1;8,,"10,000円",10000
12500,9,,1;8,,"10,000円",10000
12501,1,1;2;3;4;5;6;7;8;9;10;12;13;14,6;7,,,
12501,2,13,,,,
12502,1,1;2;3;4;5;6;7;8;9;10;11;12;13;14,,,"28,790円",28790
12502,2,,,,"4,950円",4950
12503,1,1;2;3;4;5;6;7;8;9;10;11;12;13;14;15,2,,,
12503,10,13,,,,
12503,4,13,10,,,
12503,7,,10,,,
12503,8,13,,,,
12503,9,,10,,,
12504,1,1;2;3;4;5;6;7;8;9;10;12;13;15,11,,"3,850円",3850
12504,2,13,9;10;11,,"1,650円",1650
12504,3,,9;10;11,,"1,650円",1650
12504,4,,9;10;11,,"1,650円",1650
12504,5,11;13;14;15,4;9;10;11,,"3,850円",3850
12504,6,,9;10;11,,"1,650円",1650
12504,7,,9;10;11,,"2,750円",2750
12504,8,,9;10;11,,"2,750円",2750
12504,9,,9;10;11,,"2,750円",2750
12505,1,1;2;3;4;5;6;7;8;9;10;12;13;14,,,"28,000円",28000
12505,10,15,3;8;10,3/4Dエコーの料金は徴収していません。,,
12505,11,13,,,,
12505,2,,8;10,3/4Dエコーの料金は徴収していません。,"6,000円",6000
12505,3,,8;10,3/4Dエコーの料金は徴収していません。,"8,560円",8560
12505,4,11;13,9;10,3/4Dエコーの料金は徴収していません。,"26,000円",26000
12505,5,,8;10,3/4Dエコーの料金は徴収していません。,"8,560円",8560
12505,6,13,2;9;10,3/4Dエコーの料金は徴収していません。,"22,500円",22500
12505,7,,8;10,3/4Dエコーの料金は徴収していません。,"8,560円",8560
12505,8,,8;9;10,3/4Dエコーの料金は徴収していません。,"12,500円",12500
12505,9,,8;10,3/4Dエコーの料金は徴収していません。,"8,560円",8560
12506,1,1;2;3;4;5;6;7;8;9;10;12;13,,,"27,000円",27000
12506,2,,,,"5,500円",5500
12506,3,,,,"5,500円",5500
12506,4,,9,,"11,000円",11000
12506,5,9;10;11;13;14,4,,"19,000円",19000
12506,6,,,,"5,500円",5500
12506,7,,,,"5,500円",5500
12506,8,,9,,"11,000円",11000
12506,9,,,,"5,500円",5500
12508,1,1;2;3;4;5;6;7;8;9;10;12;13;14,6,,"27,000円",27000
12508,2,,,,"6,000円",6000
12508,3,,,,"6,000円",6000
12508,4,13,,,"6,000円",6000
12508,5,,,,"6,000円",6000
12508,6,9;10;11;13,4,,"15,500円",15500
12508,7,,,,"6,000円",6000
12508,8,,,,"6,000円",6000
12508,9,,,,"6,000円",6000
12511,1,1;2;3;4;5;6;7;8;9;10;11;12;13;14,9,,"30,000円",30000
12511,2,13,9,,"6,000円",6000
12511,3,,8;9,,"6,000円",6000
12511,4,,8;9,,"10,000円",10000
12511,5,9;10;13,4;9,,"14,000円",14000
12511,6,,8;9,,"6,000円",6000
12511,7,,2;8;9,,"16,000円",16000
12511,8,,8;9,,"6,000円",6000
12511,9,,8;9,,"6,000円",6000
12512,1,1;2;3;4;5;6;7;8;9;10;12,,,"24,800円",24800
12512,10,,,,"5,300円",5300
12512,11,15,,,"14,420円",14420
12512,12,,,,"5,300円",5300
12512,13,,,,"5,300円",5300
12512,14,,,,"5,300円",5300
12512,2,,,,"5,300円",5300
12512,3,,,,"9,920円",9920
12512,4,13,,,"5,300円",5300
12512,5,13,,,"5,300円",5300
12512,6,9;10;11;14,,,"18,680円",18680
12512,7,13,,,"5,300円",5300
12512,8,13,,,"5,300円",5300
12512,9,,,,"5,300円",5300
12513,1,3;5;6;7;8;9;12,6,,"26,300円",26300
12513,10,,1,,"16,300円",16300
12513,2,,,,"10,500円",10500
12513,3,8,,,"13,290円",13290
12513,4,13,,,"11,000円",11000
12513,5,,,,"10,500円",10500
12513,6,9;11;13;14,,,"22,560円",22560
12513,7,,,,"10,500円",10500
12513,8,13,,,"12,300円",12300
12513,9,,1,,"12,600円",12600
12514,1,1;2;3;4;5;6;7;8;9;10;11;12;13,2;6,,,
12514,3,13,,,,
12514,5,9;10;13;14,,,,
12515,1,1;2;3;4;5;6;7;8;9;10;12,8,超音波検査費用は初回分のチケットに含まれている,"24,940円",24940
12515,2,13,,,"8,560円",8560
12515,3,13,10,当院では3D/4D超音波検査は無料で実施している,"8,560円",8560
12515,4,,8;10,超音波検査費用は4回目分のチケットに含まれている,"8,560円",8560
12515,5,13,10,当院では3D/4D超音波検査は無料で実施している,"8,560円",8560
12515,6,9;10;11;14,4;8;10,糖負荷試験、超音波検査費用は6回目分のチケットに含まれている,"17,380円",17380
12515,7,,8;10,,"7,080円",7080
12515,8,,8;10,,"7,080円",7080
12515,9,,8;10,,"7,080円",7080
12516,1,1;2;3;4;5;6;7;8;9;10;12;13,,,,
12517,1,1;2;3;4;5;6;7;8;9;10;11;12;13,2;5,,"33,700円",33700
12517,2,,9,,"7,700円",7700
12517,3,,9,,"7,700円",7700
12517,4,13,,,"9,700円",9700
12517,5,9;10;14,4;9,,"19,700円",19700
12517,6,,9,,"7,700円",7700
12517,7,13,,,"9,700円",9700
12517,8,10,9,,"9,900円",9900
12517,9,,9,紹介状費用は3300円（別途）,"7,700円",7700
12519,1,1;2;3;4;5;6;7;8;9;10;12;13,2,,"24,870円",24870
12519,10,,,,"7,280円",7280
12519,2,13;14,,GBS検査,"13,980円",13980
12519,3,,,,"7,280円",7280
12519,4,,,,"7,280円",7280
12519,5,9;10;11;13,2,,"14,070円",14070
12519,6,,8,,"7,280円",7280
12519,7,,8,,"7,280円",7280
12519,8,,8,,"7,280円",7280
12519,9,15,8,,"11,750円",11750
12524,1,1;2;3;4;5;6;7;8;9;10;11;12;13;14,6;8,,,
12524,10,,8,,,
12524,2,,8,,,
12524,3,,8,,,
12524,4,,8,,,
12524,5,9;10,4;8,,,
12524,6,,8,,,
12524,7,,8,,,
12524,8,,8,,,
12524,9,,8,,,
12525,1,1;2;3;4;5;6;7;8;9;10;11;12;13,6,,"22,000円",22000
12525,2,13,,,"5,000円",5000
12525,3,,,,"5,000円",5000
12525,4,,,,"5,000円",5000
12525,5,9;10;13;14;15,,当院では24週頃にGBS検査を実施している。,"15,000円",15000
12525,6,,,,"5,000円",5000
12525,7,,,,"5,000円",5000
12525,8,,,,"5,000円",5000
12525,9,,,,"5,000円",5000
12526,1,1;2;3;4;5;6;7;8;9;10;11;12;13;14,,,"15,000円",15000
12526,2,,8,,"5,000円",5000
12526,3,,8,,"5,000円",5000
12526,4,13,,,"5,000円",5000
12526,5,,4;8,,"5,000円",5000
12526,6,9;10,8,,"5,000円",5000
12526,7,,8,,"5,000円",5000
12526,8,13,,,"5,000円",5000
12526,9,13,,,"5,000円",5000
12527,1,1;2;3;4;5;6;7;8;9;10;11;12;13,2;6;8,,"20,000円",20000
12527,2,13,10,,"5,000円",5000
12527,3,13,10,,"5,000円",5000
12527,4,13,10,,"5,000円",5000
12527,5,13,10,,"5,000円",5000
12527,6,13,10,,"5,000円",5000
12527,7,9;10;13;14;15,10,,"10,000円",10000
12527,8,13,10,,"5,000円",5000
12528,1,1;2;3;4;5;6;7;8;9;10;11;12;13,,,"21,000円",21000
12528,2,13,,,"5,000円",5000
12528,3,,,,"5,000円",5000
12528,4,,,,"5,000円",5000
12528,5,13,,,"5,000円",5000
12528,6,,,,"5,000円",5000
12528,7,3;9;10;13;14,,,"22,000円",22000
12528,8,13,,,"5,000円",5000
12528,9,,,,"5,000円",5000
12529,1,1;2;3;4;5;6;7;8;9;10;11;12;13;14,6,心電図,"28,000円",28000
12529,10,,8,,"6,000円",6000
12529,11,13,,,"6,000円",6000
12529,12,,8,,"6,000円",6000
12529,13,,8,,"6,000円",6000
12529,14,,8,,"6,000円",6000
12529,2,13,,,"6,000円",6000
12529,3,,8,,"6,000円",6000
12529,4,,8,,"6,000円",6000
12529,5,13,,,"6,000円",6000
12529,6,,4;8;11,EPDS,"8,000円",8000
12529,7,,8,,"6,000円",6000
12529,8,,8,,"6,000円",6000
12529,9,10;15,8,,"13,000円",13000
12531,1,1;2;3;4;5;6;7;8;9;10;12;13;14,6;7;9,,,
12531,10,,9,,,
12531,2,,9,,,
12531,3,,9,,,
12531,4,,9,,,
12531,5,,9,,,
12531,6,,9,,,
12531,7,10;11,4;9,,,
12531,8,,9,,,
12531,9,,9,,,
12533,1,1;2;3;4;5;6;7;8;9;10;11;13,6;7;11,,"22,500円",22500
12533,10,,8;11,,"5,000円",5000
12533,2,,8;11,,"5,000円",5000
12533,3,,8;11,,"5,000円",5000
12533,4,13,11,血算検査,"7,000円",7000
12533,5,,8;11,,"5,000円",5000
12533,6,,8;11,,"5,000円",5000
12533,7,9;10,8;11,,"8,000円",8000
12533,8,,8;11,,"5,000円",5000
12533,9,13,11,,"5,000円",5000
12537,1,1;2;3;4;5;6;7;8;9;10;11;12;13;14,2;3;6;7;9,,"27,500円",27500
12537,10,,10,,,
12537,2,,10,,"10,000円",10000
12537,3,,10,,"10,000円",10000
12537,4,,10,,"10,000円",10000
12537,5,9;10,10,,"12,500円",12500
12537,6,,10,,"10,000円",10000
12537,7,,10,,"10,000円",10000
12537,8,,10,,"10,000円",10000
12537,9,,10,,"10,000円",10000
12538,1,1;2;3;4;5;6;7;8;10;11;12;13;14,2;6,,"29,300円",29300
12538,10,15,8,,"9,700円",9700
12538,11,10;13,2,,"13,790円",13790
12538,12,,1,,"5,500円",5500
12538,13,,8,,"5,500円",5500
12538,14,,1,,"5,500円",5500
12538,2,,8,,"5,500円",5500
12538,3,,8,,"5,500円",5500
12538,4,13,,,"8,300円",8300
12538,5,9;10,2;8,,"6,600円",6600
12538,6,,8,,"5,500円",5500
12538,7,,8,,"5,500円",5500
12538,8,13,,,"10,400円",10400
12538,9,,8,,"5,500円",5500
12539,3,1;2;3;4;5;6;7;9;10;11;14,6,トキソプラズマと血小板は希望者のみ自費で各4100円,,
12539,4,,8,,,
12539,5,10,,,,
12539,7,9;10,,,,
12539,8,,8,,,
12539,9,,1,,,
12540,1,1;2;3;4;5;6;7;8;9;10;11;12;13,,,"13,500円",13500
12540,2,,,,0円,0
12540,3,14,,,0円,0
12540,4,13,9,,0円,0
12540,5,9;10,,,0円,0
12540,6,13,9,,0円,0
12540,7,,,,0円,0
12540,8,10,,,0円,0
12540,9,,,,0円,0
12542,1,1;2;3;4;5;6;7;8;9;10;11;12;13;14,6,,,
12542,2,,9,,,
12542,3,,9,,,
12542,4,13,,,,
12544,1,1;2;3;4;5;6;7;8;9;10;12;13;14,6;11,HPV検査,"32,627円",32627
12544,10,13,,,"86,560円",86560
12544,11,15,10,,"7,580円",7580
12544,12,10,10,,"7,640円",7640
12544,13,13,,,"8,560円",8560
12544,14,,10,,"3,780円",3780
12544,2,,10,,"6,380円",6380
12544,3,,10;11,,"3,780円",3780
12544,4,13,,,"8,560円",8560
12544,5,,10;11,,"5,780円",5780
12544,6,,10,,"3,780円",3780
12544,7,9;10;11,10,,"10,220円",10220
12544,8,,10;11,,"3,780円",3780
12544,9,,10,,"5,780円",5780
12546,1,1;2;3;4;5;6;7;8;9;10;11;12;13;14,2;3;4;5;6;7,,,
12546,10,15,,,,
12546,11,10;13,1,,,
12546,13,,8,,,
12546,4,13,10,,,
12546,6,9,,,,
12546,7,10;13,9,,,
12547,1,1;2;3;4;5;6;7;8;9;10;11;12;13;14,10,,"6,000円",6000
12547,2,13,10,,"6,000円",6000
12547,3,,10,,"6,000円",6000
12547,4,,10,,"6,000円",6000
12547,5,9;10;13,10,,"6,000円",6000
12547,6,,10,,"6,000円",6000
12547,7,,10,,"6,000円",6000
12547,8,,10,,"6,000円",6000
12548,1,1;2;3;4;5;6;7;8;9;10;11;12;13,9;10,,0円,0
12548,2,,9;10,,0円,0
12548,3,,9;10,,0円,0
12548,4,,9;10,,0円,0
12548,5,,9;10,,0円,0
12548,6,,9;10,,0円,0
12548,7,9;10;13;14,9;10,,0円,0
12548,8,,9;10,,0円,0
12548,9,,9;10,,500円,500
12552,1,1;2;3;4;5;6;7;8;9;10;11;12;13,6;10,,"1,810円",1810
12552,2,,8;10,,,
12552,3,,8;10,,,
12552,4,13;14,10,,,
12552,5,13,10,,,
12552,6,,8;10,,,
12552,7,13,10,,"1,720円",1720
12552,8,,8;10,,,
12555,1,1;2;3;4;5;6;7;8;9;10;11;12;13,2;6;11,,,
12555,2,,11,,,
12555,3,,11,,,
12555,4,,11,,,
12555,6,9;10;13;14,11,,,
12555,9,15,9;10,,,
12557,1,1;2;3;4;5;6;7;8;9;10;11;12;13,6,,"29,460円",29460
12557,2,13,,,"8,680円",8680
12559,1,1;2;3;4;5;6;7;8;9;10;11;12;13,,,"25,970円",25970
12559,2,,,,"5,780円",5780
12559,3,,,,"5,780円",5780
12560,1,1;2;3;4;5;6;7;8;9;10;12;13,,,,
12560,2,,8,,,
12560,3,,8,,,
12560,4,13;14,,,,
12560,5,,8,,,
12560,6,7;9;10;11,8,,,
12560,7,,8,,,
12560,8,13,,,,
12560,9,,8,,,
12561,1,1;2;3;4;5;6;7;8;9;10;12;13,10,,"1,200円",1200
12561,2,,10,,"2,200円",2200
12561,3,,10,,"2,200円",2200
12561,4,13;14,10,,0円,0
12561,5,,10,,"2,200円",2200
12561,6,5;9;10,4;10,,"2,200円",2200
12561,7,,10,,"2,200円",2200
12561,8,13,10,,0円,0
12561,9,,10,,"2,200円",2200
12562,1,1;2;3;4;5;6;7;8;9;10;12,,,"1,200円",1200
12562,2,,,,0円,0
12562,3,,,,0円,0
12562,4,,,,0円,0
12562,5,,,,0円,0
12562,6,13,,,0円,0
12562,7,9;10;11;13;14,,,0円,0
12562,8,13,,,0円,0
12565,1,1;2;3;4;5;6;7;8;9;10;11;12;13;14,,膣分泌物の細菌培養検査（Nスコア）,"29,360円",29360
12565,2,13,,,"2,950円",2950
12566,1,1;2;3;4;5;6;7;8;9;10;11;12;13;14,6,トキソプラズマ抗体検査は分娩施設の指示に従い施行,"17,410円",17410
12566,2,13,,,"7,390円",7390
12566,3,,,,"7,390円",7390
12566,4,,,,"7,390円",7390
12566,5,10;13,4,,"7,390円",7390
12566,6,,,,"7,390円",7390
12566,7,,,,"7,390円",7390
12566,8,,,,"7,390円",7390
12567,1,1;2;3;4;5;6;7;8;9;10;11;12;13;14,9,,,
12567,10,,9;10,,,
12567,11,,1;9;10,,,
12567,12,,1;9;10,,,
12567,13,,1;9;10,,,
12567,14,,1;9;10,,,
12567,2,,9,,,
12567,3,,9;10,,,
12567,4,,9;10,,,
12567,5,,9;10,,,
12567,6,,9;10,,,
12567,7,,9;10,,,
12567,8,,9;10,,,
12567,9,15,9;10,,,
12572,1,1;2;3;4;5;6;7;8;9;10;11;12;13,2;6;9,,"26,530円",26530
12572,2,,9,,"7,250円",7250
12572,3,,9,,"7,250円",7250
12572,4,14,9,,"5,050円",5050
12572,5,,9,,"7,250円",7250
12572,6,,9,,"8,840円",8840
12572,7,,9,,"10,850円",10850
12572,8,,9,,"12,970円",12970
12572,9,,9,,"7,250円",7250
12574,1,12,8,,"8,660円",8660
12574,10,,,当院では34週以降の妊婦健康診査は行っていない。,,
12574,2,1;2;3;4;5;6;7;8;9;10;11;13,,,"21,080円",21080
12574,3,,8,,"5,100円",5100
12574,4,13,,,"9,880円",9880
12574,5,9;10;13,9,,"13,020円",13020
12574,6,,,,"5,100円",5100
12574,7,,8,,"5,100円",5100
12574,8,14,8,,"8,700円",8700
12574,9,,8,,"5,100円",5100
12576,1,1;2;3;4;5;6;7;8;9;10;11;12;13,,,,
12576,2,14,,,,
12576,3,,9,,,
12576,4,13,,,,
12576,5,9;10,9,,,
12576,6,,9,,,
12576,7,,9,,,
12576,8,13,,,,
12576,9,,9,,,
12577,1,1;2;4;5;6;7;8;9;10;11;12;13,9,必要に応じて「青２」は実施。不規則抗体検査は実施の指示がある市町村のみ実施（北九州市はなし）北九州市は間接クームスを実施,,
12577,10,15,9,,"1,000円",1000
12577,11,,9,,"1,000円",1000
12577,12,,9,,"1,000円",1000
12577,13,,9,,,
12577,14,,9,,,
12577,2,,9,,"1,000円",1000
12577,3,13,9,,,
12577,4,,9,,"1,000円",1000
12577,5,9;10;13,9,,,
12577,6,14,9,,"1,000円",1000
12577,7,,9,,,
12577,8,,9,,"1,000円",1000
12577,9,,9,,"1,000円",1000
12579,1,1;2;3;4;5;6;7;8;9;10;11;12;13,,,,
12579,4,13;14,,,,
12579,6,9;10,,,,
12579,7,13,,,,
12580,1,1;2;3;4;5;6;7;8;9;10;11;12;13,,,,
12580,11,13,,,,
12580,5,9;10;13,,,,
12580,6,14,,,,
12581,1,1;2;3;4;5;6;7;8;9;10;11;12;13,,,,
12581,3,13,,,,
12581,4,13,,,,
12581,5,10;13;14,4,,,
12581,6,13,,,,
12581,7,13,,,,
12581,8,13,,,,
12585,1,13,,,,
12585,2,1;2;3;4;5;6;7;8;9;10;11;12;13;14,,,,
12587,1,1;2;3;4;5;6;7;8;9;10;11;12;13;14,10,,,
12587,10,,8;10,,,
12587,2,13,10,,,
12587,3,,8;10,,,
12587,4,,8;10,,,
12587,5,9;10;13,2;9;10,,,
12587,6,,8;10,,,
12587,7,,8;10,,,
12587,8,,8;10,,,
12587,9,,8;10,,,
12588,1,1;2;3;4;5;6;7;8;9;10;11;12;13;14,6;11,,"22,360円",22360
12588,10,,,,"7,820円",7820
12588,11,,,,"6,750円",6750
12588,12,,,,"8,990円",8990
12588,13,,,,"5,060円",5060
12588,14,,,,"5,060円",5060
12588,2,,8;11,,"5,060円",5060
12588,3,13,,,"8,990円",8990
12588,4,,,,"8,990円",8990
12588,5,,,,"5,060円",5060
12588,6,,,,"8,990円",8990
12588,7,,,,"5,060円",5060
12588,8,,,,"8,990円",8990
12588,9,,,,"5,060円",5060
12590,1,1;2;3;4;5;6;7;8;9;10;11;12;13;14,,膣分泌物細菌検査,"24,560円",24560
12590,2,13,,,"7,260円",7260
12593,1,1;2;3;4;5;6;7;8;9;10;11;12;13;14,,,,
12593,10,13;15,,,,
12593,11,10;13,,,,
12593,12,13,1,,,
12593,13,13,1,,,
12593,14,13,1,,,
12593,2,13,,,,
12593,3,13,,,,
12593,4,13,4,,,
12593,5,13,,,,
12593,6,13,,,,
12593,7,13,,,,
12593,8,9;10;13,,,,
12593,9,13,,,,
12594,1,1;2;3;4;5;6;7;8;9;10;11;12;13;14,6,,"23,060円",23060
12594,2,13,,,"6,360円",6360
12597,1,1;2;3;4;5;6;7;8;9;10;11;12;13,5;6;9,,,
12597,11,10;13,1;9,,,
12597,12,,1,,,
12597,13,,1,,,
12597,14,,1,,,
12597,2,,9,,,
12597,3,,9,,,
12597,4,13,9,,,
12597,5,,9,,,
12597,6,14,9;10,,,
12597,7,9;10,2;4;9,,,
12597,8,13,9,,,
12597,9,15,9;10,,,
12599,1,1;2;3;4;5;6;7;8;9;10;11;12;13;14,2;10;11,嘱託医・嘱託医療機関で受診する項目についても記載しています,"6,000円",6000
12599,10,15,8;11,嘱託医・嘱託医療機関で受診する項目についても記載しています,"5,000円",5000
12599,11,10;13,1;10;11,嘱託医・嘱託医療機関で受診する項目についても記載しています,"6,000円",6000
12599,12,,1;8;11,,"6,000円",6000
12599,13,,1;8;11,,"6,000円",6000
12599,14,,1;8;11,,"6,000円",6000
12599,2,13,10;11,嘱託医・嘱託医療機関で受診する項目についても記載しています,"5,000円",5000
12599,3,,8;11,,"5,000円",5000
12599,4,,8;11,,"5,000円",5000
12599,5,,8;11,,"5,000円",5000
12599,6,9;10;13,9;10;11,嘱託医・嘱託医療機関で受診する項目についても記載しています,"5,000円",5000
12599,7,,8;11,,"5,000円",5000
12599,8,,8;11,,"5,000円",5000
12599,9,,8;11,,"5,000円",5000
15295,1,1;2;3;4;5;6;7;8;9;10;11;12;13;14,8,,,
15295,10,15,,,,
15295,11,10;13,1,,5000円,5000
15295,12,,1,,5000円,5000
15295,13,,1,,5000円,5000
15295,14,,1,,5000円,5000
15295,2,13,,,,
15295,3,,,,5000円,5000
15295,4,,,,5000円,5000
15295,5,,9;10,,5000円,5000
15295,6,9;10;13,,,,
15295,7,,,,5000円,5000
15295,8,,,,5000円,5000
15295,9,,,,5000円,5000
15412,1,1;2;3;4;5;6;7;8;9;10;11;12;13,6,※当院では８週頃予定日決定した時点で初期指導を行っている,28210,28210
15412,10,,8,,14110,14110
15412,11,10;13;15,1;3;11,,9000,9000
15412,12,,1;8,,9000,9000
15412,13,,1;8,,9000,9000
15412,14,,1;8,,9000,9000
15412,2,,8,,7410,7410
15412,3,,8,,7410,7410
15412,4,13,11,,7410,7410
15412,5,,8,,7410,7410
15412,6,9;10;14,8,,14490,14490
15412,7,,8,,7410,7410
15412,8,,8,,7410,7410
15412,9,13,11,,7410,7410
15414,1,,8,,5760,5760
15414,10,,8,当院では血算検査は34週に実施している。,7570,7570
15414,11,13;15,,,15060,15060
15414,12,,1;8,,7760,7760
15414,13,,8,,5760,5760
15414,14,,8,,5760,5760
15414,2,1;2;3;4;5;6;7;8;9;10;11;12;14,6;8,,30610,30610
15414,3,13,,,11060,11060
15414,4,13,,,11060,11060
15414,5,,8,,5760,5760
15414,6,10,4;8,,11570,11570
15414,7,,8,,5760,5760
15414,8,13,,,11060,11060
15414,9,,8,,5760,5760
