provider_id,provider_name,provider_name_canonical,provider_type_code,provider_type,representative_birth_navi_id,listing_count,standard_facility_listing_count,municipality_linked_type100_listing_count,birth_navi_ids,public_address,public_phone_number,latitude,longitude,coordinate_source,coordinate_status,coordinate_conflict_over_500m,max_coordinate_spread_m,prenatal_checkup_listed_any,delivery_listed_any,postnatal_care_listed_any,source_entity_ids
GCP-10001,国家公務員共済組合連合会横浜栄共済病院,国家公務員共済組合連合会横浜栄共済病院,1,病院,10001,1,1,0,10001,神奈川県横浜市栄区桂町１３２,0458912171,35.3625817,139.5511824,birth_navi,birth_navi_crosschecked_mhlw_within_100m,0,0.0,1,1,0,1411414815300
GCP-10002,医療法人新愛会　東府中病院,新愛会東府中病院,1,病院,10002,1,1,0,10002,東京都府中市若松町2-7-20,0423640151,35.671488,139.4953615,birth_navi,birth_navi_not_crosschecked,0,0.0,1,1,1,
GCP-10003,医療法人社団向日葵会　まつしま病院,向日葵会まつしま病院,1,病院,10003,1,1,0,10003,東京都江戸川区松島１－４１－２９,0336535541,35.7067396,139.8670841,birth_navi,birth_navi_crosschecked_mhlw_within_100m,0,0.0,1,1,1,1311135200770
GCP-10005,医療法人　愛育会　愛育病院,愛育会愛育病院,1,病院,10005,2,1,1,10005;13506,神奈川県大和市南林間２－１４－１３,0462740077,35.4965978,139.4445153,birth_navi,birth_navi_not_crosschecked,0,0.0,0,1,1,
GCP-10006,医療法人社団昭信会　頼島産婦人科病院,昭信会頼島産婦人科病院,1,病院,10006,1,1,0,10006,広島県広島市安佐南区西原５丁目１１－１８,0828740523,34.4420458,132.468206,birth_navi,birth_navi_crosschecked_mhlw_within_100m,0,0.0,1,1,1,3411340030540
GCP-10007,医療法人国泰会丹羽病院,国泰会丹羽病院,1,病院,10007,1,1,0,10007,岡山県岡山市東区東平島１０３６－３,0862975511,34.716374,134.0472656,birth_navi,birth_navi_not_crosschecked,0,0.0,1,1,1,
GCP-10008,恩賜財団済生会横浜市南部病院,恩賜財団済生会横浜市南部病院,1,病院,10008,1,1,0,10008,神奈川県横浜市港南区港南台３－２－１０,0458321111,35.3753937,139.5786722,birth_navi,birth_navi_not_crosschecked,0,0.0,0,1,0,
GCP-10009,医療法人秀明会小池病院,秀明会小池病院,1,病院,10009,1,1,0,10009,広島県福山市光南町1丁目5-23,0849323511,34.4812305,133.3670876,birth_navi,birth_navi_not_crosschecked,0,0.0,1,1,1,
GCP-10010,福山市民病院,福山市民病院,1,病院,10010,1,1,0,10010,広島県福山市蔵王町５丁目２３－１,0849415151,34.5114151,133.3981161,birth_navi,birth_navi_crosschecked_mhlw_within_100m,0,0.0,1,1,1,3411340034030
GCP-10011,共立習志野台病院,共立習志野台病院,1,病院,10011,1,1,0,10011,千葉県船橋市習志野台４丁目１３番１６号,0474663018,35.7184693,140.0453256,birth_navi,birth_navi_not_crosschecked,0,0.0,0,1,1,
GCP-10012,医療法人社団東光会戸田中央産院,東光会戸田中央産院,1,病院,10012,1,1,0,10012,埼玉県戸田市上戸田２－２６－３,0484441181,35.8137277,139.6801704,birth_navi,birth_navi_crosschecked_mhlw_within_100m,0,0.0,0,1,1,1111100025200
GCP-10013,坂井市立三国病院,坂井市立三国病院,1,病院,10013,1,1,0,10013,福井県坂井市三国町中央一丁目２番３４号,0776820480,36.2157468,136.1577435,birth_navi,birth_navi_not_crosschecked,0,0.0,1,1,1,
GCP-10014,医療法人社団成和会　山口病院,成和会山口病院,1,病院,10014,1,1,0,10014,千葉県船橋市西船５－２４－２,0473351072,35.7095654,139.9553143,birth_navi,birth_navi_crosschecked_mhlw_within_100m,0,0.0,1,1,1,1211206701600
GCP-10015,鹿児島市立病院,鹿児島市立病院,1,病院,10015,1,1,0,10015,鹿児島県鹿児島市立病院上荒田町３７番１号,0992307000,31.5742559,130.5421092,birth_navi,birth_navi_not_crosschecked,0,0.0,1,1,0,
GCP-10016,さいたま赤十字病院,さいたま赤十字病院,1,病院,10016,1,1,0,10016,埼玉県さいたま市中央区新都心1-5,0488521111,35.8912241,139.6319903,birth_navi,birth_navi_not_crosschecked,0,0.0,0,1,0,
GCP-10017,三重中央医療センター,三重中央医療センター,1,病院,10017,1,1,0,10017,三重県津市久居明神町２１５８－５,0592591211,34.6861631,136.4648617,birth_navi,birth_navi_not_crosschecked,0,0.0,0,1,1,
GCP-10018,医療法人巻石堂病院,巻石堂病院,1,病院,10018,1,1,0,10018,千葉県柏市柏3-10-28,0471661131,35.8620094,139.9758285,birth_navi,birth_navi_crosschecked_mhlw_within_100m,0,0.0,1,1,0,1211204938700
GCP-10020,母と子の上田病院,母と子の上田病院,1,病院,10020,1,1,0,10020,兵庫県神戸市中央区国香通１丁目１番４号,0782413305,34.7038096,135.2056562,birth_navi,birth_navi_crosschecked_mhlw_within_100m,0,0.0,1,1,1,2811280000230
GCP-10021,操レディスホスピタル,操レディスホスピタル,1,病院,10021,1,1,0,10021,岐阜県岐阜市津島町６丁目１９番地,0582338811,35.4350154,136.7596387,birth_navi,birth_navi_crosschecked_mhlw_within_100m,0,0.0,1,1,1,2111341000111
GCP-10022,順天堂大学医学部附属浦安病院,順天堂大学医学部附属浦安病院,1,病院,10022,1,1,0,10022,千葉県浦安市富岡２－１－１,0473533111,35.6461897,139.9069311,birth_navi,birth_navi_crosschecked_mhlw_within_100m,0,0.0,1,1,1,1211200586000
GCP-10023,医療法人社団レニア会篠宮正明記念アルテミスウイメンズホスピタル,レニア会篠宮正明記念アルテミスウイメンズホスピタル,1,病院,10023,1,1,0,10023,東京都東久留米市中央町１－１－２０,0424726111,35.7575736,139.5272483,birth_navi,birth_navi_crosschecked_mhlw_within_100m,0,0.0,1,1,1,1311139700000
GCP-10024,鳥取産院,鳥取産院,1,病院,10024,2,1,1,10024;14371,鳥取県鳥取市吉方温泉1丁目653番地,0857233151,35.495411,134.2322844,birth_navi,birth_navi_crosschecked_mhlw_within_100m,0,0.0,1,1,1,3113111000161
GCP-10025,"国家公務員共済組合連合会
佐世保共済病院",国家公務員共済組合連合会佐世保共済病院,1,病院,10025,1,1,0,10025,長崎県佐世保市島地町10番17号,0956225136,33.1707064,129.7195239,birth_navi,birth_navi_crosschecked_mhlw_within_100m,0,0.0,1,1,0,421hsa0009
GCP-10026,山形県立新庄病院,山形県立新庄病院,1,病院,10026,1,1,0,10026,山形県新庄市金沢７２０番地の１,0233225525,38.7679929,140.3092571,birth_navi,birth_navi_crosschecked_mhlw_within_100m,0,0.0,1,1,1,061106540127
GCP-10027,日本医科大学武蔵小杉病院,日本医科大学武蔵小杉病院,1,病院,10027,1,1,0,10027,神奈川県川崎市中原区小杉町1-383,0447335181,35.5807615,139.6584359,birth_navi,birth_navi_crosschecked_mhlw_within_100m,0,0.0,1,1,0,1411408288800
GCP-10028,かば記念病院,かば記念病院,1,病院,10028,2,1,1,10028;13967,静岡県浜松市中央区神立町570,0534610612,34.7119432,137.7536587,birth_navi,birth_navi_crosschecked_mhlw_within_100m,0,0.0,1,1,1,2211223303800
GCP-10029,りんくう総合医療センター,りんくう総合医療センター,1,病院,10029,1,1,0,10029,大阪府泉佐野市りんくう往来北２－２３,0724693111,34.4120982,135.3026486,birth_navi,birth_navi_crosschecked_mhlw_within_100m,0,0.0,1,1,0,2711270005820
GCP-10030,社会福祉法人恩賜財団大阪府済生会富田林病院,恩賜財団大阪府済生会富田林病院,1,病院,10030,1,1,0,10030,大阪府富田林市向陽台１丁目３番３６号,0721291121,34.5036759,135.5831116,birth_navi,birth_navi_crosschecked_mhlw_100_500m,0,0.0,1,1,1,2711270006640
GCP-10031,あいち小児保健医療総合センター,あいち小児保健医療総合センター,1,病院,10031,1,1,0,10031,愛知県大府市森岡町七丁目４２６番地,0562430500,34.9984657,136.9540917,birth_navi,birth_navi_crosschecked_mhlw_within_100m,0,0.0,1,1,1,2311231200100
GCP-10032,洛和会音羽病院,洛和会音羽病院,1,病院,10032,1,1,0,10032,京都府京都市山科区音羽珍事町2,0755934111,34.9875213,135.8295113,birth_navi,birth_navi_not_crosschecked,0,0.0,0,1,1,
GCP-10033,独立行政法人国立病院機構都城医療センター,国立病院機構都城医療センター,1,病院,10033,1,1,0,10033,宮崎県都城市祝吉町5033番地1,0986234111,31.739189,131.08563,birth_navi,birth_navi_crosschecked_mhlw_within_100m,0,0.0,1,1,0,4511450200330
GCP-10034,東京医科大学八王子医療センター,東京医科大学八王子医療センター,1,病院,10034,1,1,0,10034,東京都八王子市館町1163番地,0426655611,35.6313353,139.287985,birth_navi,birth_navi_crosschecked_mhlw_100_500m,0,0.0,1,1,1,1311137303620
GCP-10035,秋田県厚生農業協同組合連合会　大曲厚生医療センター,秋田県厚生農業協同組合連合会大曲厚生医療センター,1,病院,10035,1,1,0,10035,秋田県大仙市大曲通町８⁻６５,0187632111,39.4651169,140.4762139,birth_navi,birth_navi_crosschecked_mhlw_within_100m,0,0.0,0,1,0,0511050700010
GCP-10036,一般社団法人福岡県社会保険医療協会社会保険田川病院,福岡県社会保険医療協会社会保険田川病院,1,病院,10036,1,1,0,10036,福岡県田川市上本町１０番１８号,0947440460,33.6238169,130.7983019,birth_navi,birth_navi_not_crosschecked,0,0.0,0,1,1,
GCP-10037,医療法人三友会なでしこレディースホスピタル,三友会なでしこレディースホスピタル,1,病院,10037,1,1,0,10037,兵庫県神戸市西区井吹台東町２丁目１３番地,0789931212,34.6974845,135.0328114,birth_navi,birth_navi_crosschecked_mhlw_within_100m,0,0.0,1,1,1,2811280003710
GCP-10038,社会福祉法人恩賜財団済生会支部大阪府済生会吹田病院,恩賜財団済生会支部大阪府済生会吹田病院,1,病院,10038,1,1,0,10038,大阪府吹田市川園町１番２号,0663821521,34.761613,135.534629,mhlw_iryou_information_net_manual_confirmation,manual_confirmed_mhlw_iryou_information_net,0,0.0,0,1,1,2711270002320
GCP-10039,昭和医科大学藤が丘病院,昭和医科大学藤が丘病院,1,病院,10039,1,1,0,10039,神奈川県横浜市青葉区藤が丘１丁目３０,0459711151,35.5452057,139.5297944,birth_navi,birth_navi_crosschecked_mhlw_within_100m,0,0.0,1,1,0,1411431000636
GCP-10040,県立日南病院,県立日南病院,1,病院,10040,1,1,0,10040,宮崎県日南市木山１丁目９番５号,0987233111,31.5910163,131.3948762,birth_navi,birth_navi_crosschecked_mhlw_within_100m,0,0.0,1,1,1,4511450401430
GCP-10041,社会福祉法人　石井記念愛染園　附属愛染橋病院,石井記念愛染園附属愛染橋病院,1,病院,10041,1,1,0,10041,大阪府大阪市浪速区日本橋5丁目16番15号,0666332801,34.6576083,135.5049396,birth_navi,birth_navi_crosschecked_mhlw_within_100m,0,0.0,1,1,1,2711270001620
GCP-10042,南草津野村病院,南草津野村病院,1,病院,10042,1,1,0,10042,滋賀県草津市野路1丁目6-5,0775613788,35.0047799,135.9489055,birth_navi,birth_navi_not_crosschecked,0,0.0,1,1,1,
GCP-10043,横須賀共済病院,横須賀共済病院,1,病院,10043,1,1,0,10043,神奈川県横須賀市米が浜通,0468222710,,,,missing_unresolved,0,,0,1,0,
GCP-10044,公益財団法人大原記念倉敷中央医療機構　倉敷中央病院,大原記念倉敷中央医療機構倉敷中央病院,1,病院,10044,1,1,0,10044,岡山県倉敷市美和１－１－１,0864220210,34.602036,133.7749972,birth_navi,birth_navi_crosschecked_mhlw_within_100m,0,0.0,1,1,1,3311330001290
GCP-10045,医療法人財団　荻窪病院,荻窪病院,1,病院,10045,1,1,0,10045,東京都杉並区今川三丁目一番地二十四号,0333991101,35.7152271,139.6074409,birth_navi,birth_navi_not_crosschecked,0,0.0,0,1,1,
GCP-10047,札幌マタニティ・ウィメンズホスピタル,札幌マタニティウィメンズホスピタル,1,病院,10047,1,1,0,10047,北海道札幌市北区北１３条西４丁目２－２３,0117465505,43.076708,141.3472643,birth_navi,birth_navi_not_crosschecked,0,0.0,1,1,1,
GCP-10048,山口大学医学部附属病院,山口大学医学部附属病院,1,病院,10048,1,1,0,10048,山口県宇部市南小串１丁目１番１号,0836222111,33.958646,131.2495204,birth_navi,birth_navi_crosschecked_mhlw_within_100m,0,0.0,1,1,0,3511355800590
GCP-10050,独立行政法人地域医療機能推進機構　大阪病院,地域医療機能推進機構大阪病院,1,病院,10050,1,1,0,10050,大阪府大阪市福島区福島４－２－７８,0664415451,34.692355,135.4820701,birth_navi,birth_navi_crosschecked_mhlw_100_500m,0,0.0,1,0,0,2711270001460
GCP-10051,慈誠会病院,慈誠会病院,1,病院,10051,1,1,0,10051,神奈川県相模原市南区相模大野６－１９－２６,0427423636,35.5296069,139.4343188,birth_navi,birth_navi_crosschecked_mhlw_within_100m,0,0.0,0,1,1,1411410741400
GCP-10052,徳山中央病院,徳山中央病院,1,病院,10052,1,1,0,10052,山口県周南市孝田町１−１,0834284411,34.0473751,131.8337609,birth_navi,birth_navi_not_crosschecked,0,0.0,0,1,1,
GCP-10053,広島中央通り香月産婦人科,広島中央通り香月産婦人科,2,有床診療所,10053,1,1,0,10053,広島県広島市中区三川町7-1,0825462555,34.3897922,132.4620137,birth_navi,birth_navi_not_crosschecked,0,0.0,1,1,1,
GCP-10054,医療法人社団三暉会　永井病院,三暉会永井病院,1,病院,10054,1,1,0,10054,神奈川県小田原市鴨宮２１９－５,0465451131,35.2782104,139.1815337,birth_navi,birth_navi_crosschecked_mhlw_within_100m,0,0.0,1,1,1,1411400863700
GCP-10055,福島県厚生農業協同組合連合会白河厚生総合病院,福島県厚生農業協同組合連合会白河厚生総合病院,1,病院,10055,1,1,0,10055,福島県白河市豊地上弥次郎二番地一,0248222211,37.1266145,140.211014,birth_navi,birth_navi_not_crosschecked,0,0.0,0,1,1,
GCP-10056,地方独立行政法人　大阪府立病院機構　大阪母子医療センター,大阪府立病院機構大阪母子医療センター,1,病院,10056,3,1,2,10056;14316;14326,大阪府和泉市室堂町８４０番地,0725561220,34.4705518,135.4726181,birth_navi,birth_navi_crosschecked_mhlw_100_500m,0,0.0,1,1,1,2711270004900
GCP-10057,公益社団法人京都保健会　京都民医連中央病院,京都保健会京都民医連中央病院,1,病院,10057,1,1,0,10057,京都府京都市右京区太秦土本町２番１,0758612220,35.0084751,135.7048706,birth_navi,birth_navi_crosschecked_mhlw_100_500m,0,0.0,1,1,1,2612610000095
GCP-10058,スズキ記念病院,スズキ記念病院,1,病院,10058,1,1,0,10058,宮城県岩沼市里の杜三丁目５番５号,0223233111,38.1092599,140.8789468,birth_navi,birth_navi_not_crosschecked,0,0.0,1,1,1,
GCP-10059,八尾市立病院,八尾市立病院,1,病院,10059,1,1,0,10059,大阪府八尾市龍華町１丁目３番１号,0729220881,34.6206708,135.5870681,birth_navi,birth_navi_crosschecked_mhlw_within_100m,0,0.0,1,1,1,2711270003890
GCP-10060,社会医療法人抱生会丸の内病院,社会抱生会丸の内病院,1,病院,10060,1,1,0,10060,長野県松本市渚１丁目７番４５号,0263283003,36.2356959,137.9551654,birth_navi,birth_navi_crosschecked_mhlw_within_100m,0,0.0,1,1,1,2011205903150
GCP-10061,町田市民病院,町田市民病院,1,病院,10061,1,1,0,10061,東京都町田市旭町２－１５－４１,0427222230,35.557059,139.4381792,birth_navi,birth_navi_crosschecked_mhlw_within_100m,0,0.0,0,1,1,1311137500100
GCP-10062,医療法人社団純心会　パルモア病院,純心会パルモア病院,1,病院,10062,1,1,0,10062,兵庫県神戸市中央区北長狭通４ー７ー２０,0783216000,34.6905693,135.1867061,birth_navi,birth_navi_crosschecked_mhlw_within_100m,0,0.0,1,1,1,2811280000180
GCP-10063,恵愛病院,恵愛病院,1,病院,10063,2,1,1,10063;13141,埼玉県富士見市針ヶ谷５２６－１,0492522121,35.8313877,139.557877,birth_navi,birth_navi_crosschecked_mhlw_within_100m,0,0.0,0,1,1,1111101112200
GCP-10064,医療法人社団志仁会薬丸病院,志仁会薬丸病院,1,病院,10064,1,1,0,10064,千葉県木更津市富士見２－７－１,0438250381,35.3803652,139.9214194,birth_navi,birth_navi_crosschecked_mhlw_within_100m,0,0.0,1,1,1,1211204164500
GCP-10065,山元病院,山元病院,1,病院,10065,1,1,0,10065,京都府京都市中京区岩上通り蛸薬師下る宮本町７９５,0758013281,35.0056421,135.7513347,birth_navi,birth_navi_crosschecked_mhlw_within_100m,0,0.0,1,1,0,2612610000099
GCP-10066,東千葉メディカルセンター,東千葉メディカルセンター,1,病院,10066,1,1,0,10066,千葉県東金市丘山台三丁目６番地２,0475501199,35.5580546,140.307721,birth_navi,birth_navi_crosschecked_mhlw_within_100m,0,0.0,1,1,1,1211222642400
GCP-10067,公立学校共済組合四国中央病院,公立学校共済組合四国中央病院,1,病院,10067,1,1,0,10067,愛媛県四国中央市川之江町２２３３,0896583515,34.011432,133.581687,mhlw_iryou_information_net_manual_confirmation,manual_confirmed_mhlw_iryou_information_net,0,0.0,1,1,1,3811385100170
GCP-10068,群馬県立小児医療センター,群馬県立小児医療センター,1,病院,10068,3,1,2,10068;13061;13078,群馬県渋川市北橘町下箱田７７９,0279523551,36.4602434,139.0461071,birth_navi,birth_navi_crosschecked_mhlw_within_100m,0,0.0,1,1,1,1011100000062
GCP-10069,平竹クリニック,平竹クリニック,2,有床診療所,10069,1,1,0,10069,愛知県名古屋市北区敷島町48-1,0529143240,35.1982973,136.9084795,birth_navi,birth_navi_crosschecked_mhlw_within_100m,0,0.0,1,1,1,2322232401920
GCP-10070,秋田県厚生農業協同組合連合会　秋田厚生医療センター,秋田県厚生農業協同組合連合会秋田厚生医療センター,1,病院,10070,1,1,0,10070,秋田県秋田市飯島西袋１－１－１,0188803000,39.7676916,140.0931623,birth_navi,birth_navi_crosschecked_mhlw_within_100m,0,0.0,1,1,1,0511050500150
GCP-10071,社会福祉法人恩賜財団済生会支部山口県済生会下関総合病院,恩賜財団済生会支部山口県済生会下関総合病院,1,病院,10071,1,1,0,10071,山口県下関市安岡町８丁目５番１号,0832622300,34.0315384,130.9319461,birth_navi,birth_navi_crosschecked_mhlw_within_100m,0,0.0,1,1,0,3511353103330
GCP-10072,紀南病院,紀南病院,1,病院,10072,2,1,1,10072;14428,和歌山県田辺市新庄町46番地の70,073922500,33.7291592,135.3989425,birth_navi,birth_navi_not_crosschecked,0,0.0,1,1,1,
GCP-10073,医療法人社団尚龢会　エンゼル病院,尚龢会エンゼル病院,1,病院,10073,1,1,0,10073,福岡県北九州市八幡西区友田１丁目１１－１,0936013511,33.8677906,130.7248484,birth_navi,birth_navi_not_crosschecked,0,0.0,0,1,1,
GCP-10074,独立行政法人　国立病院機構　東近江総合医療センター,国立病院機構東近江総合医療センター,1,病院,10074,1,1,0,10074,滋賀県東近江市五智町２５５,0748223030,35.0941743,136.2292719,birth_navi,birth_navi_crosschecked_mhlw_within_100m,0,0.0,1,1,1,2511250000150
GCP-10076,東京都済生会中央病院,東京都済生会中央病院,1,病院,10076,1,1,0,10076,東京都港区三田１－４－１７,0334518211,35.6540288,139.7441649,birth_navi,birth_navi_not_crosschecked,0,0.0,1,1,1,
GCP-10077,医療法人社団久保田産婦人科病院,久保田産婦人科病院,1,病院,10077,1,1,0,10077,東京都練馬区東大泉３丁目２９番１０号,0339220262,35.7525782,139.586174,birth_navi,birth_navi_not_crosschecked,0,0.0,1,1,0,
GCP-10078,医療法人財団今井会足立病院　足立病院,今井会足立病院足立病院,1,病院,10078,1,1,0,10078,京都府京都市中京区間之町通押小路上る鍵屋町481,0752217431,35.012744,135.761647,birth_navi,birth_navi_crosschecked_mhlw_within_100m,0,0.0,1,1,1,2612610000091
GCP-10080,社会福祉法人恩賜財団済生会滋賀県病院,恩賜財団済生会滋賀県病院,1,病院,10080,1,1,0,10080,滋賀県栗東市大橋2-4-1,0775521221,35.0333166,136.0014651,birth_navi,birth_navi_crosschecked_mhlw_within_100m,0,0.0,1,1,1,2511250000290
GCP-10081,医療法人社団　泰誠会　永井マザーズホスピタル,泰誠会永井マザーズホスピタル,1,病院,10081,1,1,0,10081,埼玉県三郷市上彦名６０７－１,0489591311,35.8521767,139.8631659,birth_navi,birth_navi_not_crosschecked,0,0.0,0,1,1,
GCP-10082,久留米大学病院,久留米大学病院,1,病院,10082,1,1,0,10082,福岡県久留米市旭町６７番地,0942353311,33.328155,130.5111785,birth_navi,birth_navi_crosschecked_mhlw_within_100m,0,0.0,1,1,0,4012400200020
GCP-10083,ＳＵＢＡＲＵ健康保険組合太田記念病院,subaru健康保険組合太田記念病院,1,病院,10083,1,1,0,10083,群馬県太田市大島町４５５番地１,0276552200,36.2995265,139.3607142,birth_navi,birth_navi_crosschecked_mhlw_100_500m,0,0.0,0,1,0,1011100000121
GCP-10084,医療法人飯島会産科婦人科飯島病院,飯島会産科婦人科飯島病院,1,病院,10084,1,1,0,10084,大阪府大阪市中央区島之内２－１５－４,0662114114,34.6698823,135.5069234,birth_navi,birth_navi_crosschecked_mhlw_within_100m,0,0.0,1,1,0,2711270000730
GCP-10085,星ヶ丘マタニティ病院,星ヶ丘マタニティ病院,1,病院,10085,1,1,0,10085,愛知県名古屋市千種区井上町27番地,0527826211,35.1624319,136.9832811,birth_navi,birth_navi_not_crosschecked,0,0.0,1,1,1,
GCP-10086,刈谷豊田総合病院,刈谷豊田総合病院,1,病院,10086,1,1,0,10086,愛知県刈谷市住吉町　５－１５,0566212450,34.9829019,137.0056153,birth_navi,birth_navi_not_crosschecked,0,0.0,0,1,1,
GCP-10087,和歌山県立医科大学附属病院,和歌山県立医科大学附属病院,1,病院,10087,1,1,0,10087,和歌山県和歌山市紀三井寺８１１－１,0734472300,34.1897623,135.1818618,birth_navi,birth_navi_crosschecked_mhlw_100_500m,0,0.0,1,1,0,3011004100000
GCP-10088,一般財団法人神奈川県警友会けいゆう病院,神奈川県警友会けいゆう病院,1,病院,10088,1,1,0,10088,神奈川県横浜市西区みなとみらい３丁目７番３号,0452218181,35.4594719,139.6335705,birth_navi,birth_navi_not_crosschecked,0,0.0,1,1,1,
GCP-10089,独立行政法人　福岡市立病院機構　福岡市立こども病院,福岡市立病院機構福岡市立こども病院,1,病院,10089,1,1,0,10089,福岡県福岡市東区香椎照葉5-1-1,0926827000,33.662314,130.418043,birth_navi,birth_navi_not_crosschecked,0,0.0,1,1,0,
GCP-10090,医療法人　海秀会　うえむら病院,海秀会うえむら病院,1,病院,10090,1,1,0,10090,沖縄県中頭郡中城村字南上原８０３－３,0988953535,26.2484192,127.774333,birth_navi,birth_navi_not_crosschecked,0,0.0,1,1,1,
GCP-10091,くぼのやウィメンズホスピタル,くぼのやウィメンズホスピタル,1,病院,10091,2,1,1,10091;13215,千葉県柏市中央２－２－１２,0471642230,35.8565552,139.9717182,birth_navi,birth_navi_crosschecked_mhlw_within_100m,0,0.0,1,1,1,1211226701500
GCP-10092,ひたちなか母と子の病院,ひたちなか母と子の病院,1,病院,10092,1,1,0,10092,茨城県ひたちなか市青葉町19-7,0292732888,36.3868741,140.5348489,birth_navi,birth_navi_crosschecked_mhlw_within_100m,0,0.0,1,1,1,081108700017
GCP-10093,株式会社日立製作所　日立総合病院,株式会社日立製作所日立総合病院,1,病院,10093,1,1,0,10093,茨城県日立市城南町２－１－１,0294231111,36.5891702,140.6448274,birth_navi,birth_navi_not_crosschecked,0,0.0,0,1,1,
GCP-10094,福島県厚生農業協同組合連合会　塙厚生病院,福島県厚生農業協同組合連合会塙厚生病院,1,病院,10094,1,1,0,10094,福島県東白川郡塙町大字塙字大町一丁目５番地,0247431145,36.9598596,140.4078872,birth_navi,birth_navi_not_crosschecked,0,0.0,0,1,1,
GCP-10095,社会福祉法人恩賜財団済生会支部茨城県済生会龍ケ崎済生会病院,恩賜財団済生会支部茨城県済生会龍ケ崎済生会病院,1,病院,10095,1,1,0,10095,茨城県龍ケ崎市中里1-1,0297637111,35.9330427,140.2032002,birth_navi,birth_navi_crosschecked_mhlw_within_100m,0,0.0,1,1,1,081108580279
GCP-10096,荒木記念東京リバーサイド病院,荒木記念東京リバーサイド病院,1,病院,10096,2,1,1,10096;13127,東京都荒川区南千住8-4-4,0358500311,35.7377261,139.8070701,birth_navi,birth_navi_not_crosschecked,0,0.0,1,1,1,
GCP-10097,医療法人産育会　堀病院,産育会堀病院,1,病院,10097,1,1,0,10097,神奈川県横浜市瀬谷区二ツ橋町292,0453912561,35.4684578,139.4991174,birth_navi,birth_navi_crosschecked_mhlw_within_100m,0,0.0,1,1,1,1411406753600
GCP-10098,東京慈恵会医科大学附属柏病院,東京慈恵会医科大学附属柏病院,1,病院,10098,1,1,0,10098,千葉県柏市柏下１６３番地１,0471641111,35.8698107,139.9829581,birth_navi,birth_navi_crosschecked_mhlw_within_100m,0,0.0,1,1,0,1211204931000
GCP-10099,医療法人三生会　みちがみ病院,三生会みちがみ病院,1,病院,10099,2,1,1,10099;14632,山口県光市光ケ丘２番５号,0833723332,33.9790806,131.9215592,birth_navi,birth_navi_crosschecked_mhlw_within_100m,0,0.0,1,1,1,3511355502940
GCP-10100,独立行政法人国立病院機構甲府病院,国立病院機構甲府病院,1,病院,10100,1,1,0,10100,山梨県甲府市天神町11-35,0552536131,35.6780854,138.5673502,birth_navi,birth_navi_crosschecked_mhlw_within_100m,0,0.0,1,1,0,1911190000001
GCP-10101,エンジェルベルホスピタル,エンジェルベルホスピタル,2,有床診療所,10101,1,1,0,10101,愛知県岡崎市錦町５－１,0564660050,34.9722916,137.1600979,birth_navi,birth_navi_crosschecked_mhlw_within_100m,0,0.0,1,1,1,2311232700180
GCP-10102,愛媛県立新居浜病院,愛媛県立新居浜病院,1,病院,10102,1,1,0,10102,愛媛県新居浜市本郷３－１－１,0897436161,33.9323222,133.2810708,birth_navi,birth_navi_crosschecked_mhlw_within_100m,0,0.0,1,1,0,3811385200490
GCP-10103,医療法人社団吉祥会　加藤病院,吉祥会加藤病院,1,病院,10103,1,1,0,10103,千葉県木更津市高柳２－１２－３１,0438412276,35.408223,139.9430985,birth_navi,birth_navi_not_crosschecked,0,0.0,0,1,1,
GCP-10104,石渡産婦人科病院,石渡産婦人科病院,1,病院,10104,1,1,0,10104,茨城県水戸市上水戸１－４－２１,0292212553,36.3885812,140.4495364,birth_navi,birth_navi_not_crosschecked,0,0.0,0,1,1,
GCP-10105,医療法人　医仁会武田総合病院,医仁会武田総合病院,1,病院,10105,1,1,0,10105,京都府京都市伏見区石田森南町２８－１,0755726331,34.9387319,135.8026931,birth_navi,birth_navi_crosschecked_mhlw_within_100m,0,0.0,1,1,0,2612610000133
GCP-10106,医療法人　福井愛育病院,福井愛育病院,1,病院,10106,1,1,0,10106,福井県福井市新保２丁目３０１,0776545757,36.077988,136.2510163,birth_navi,birth_navi_crosschecked_mhlw_within_100m,0,0.0,1,1,1,1811180000340
GCP-10107,医療法人慈桜会瀬戸病院,慈桜会瀬戸病院,1,病院,10107,1,1,0,10107,埼玉県所沢市金山町８－６,0429220221,35.7893748,139.4605075,birth_navi,birth_navi_crosschecked_mhlw_within_100m,0,0.0,0,1,0,1111101129700
GCP-10108,医療法人　賢仁会　松岡病院,賢仁会松岡病院,1,病院,10108,1,1,0,10108,広島県福山市宝町５－３２,0849230385,34.4897847,133.3664319,birth_navi,birth_navi_not_crosschecked,0,0.0,0,1,0,
GCP-10109,北九州市立医療センター,北九州市立医療センター,1,病院,10109,1,1,0,10109,福岡県北九州市小倉北区馬借二丁目１番１号,0935411831,33.8797758,130.8782968,birth_navi,birth_navi_crosschecked_mhlw_within_100m,0,0.0,1,1,1,4012400500070
GCP-10110,磐田市立総合病院,磐田市立総合病院,1,病院,10110,1,1,0,10110,静岡県磐田市大久保５１２－３,0538385000,34.7689629,137.8570285,birth_navi,birth_navi_crosschecked_mhlw_within_100m,0,0.0,1,1,1,2211227300100
GCP-10111,沼津市立病院,沼津市立病院,1,病院,10111,1,1,0,10111,静岡県沼津市東椎路字春ノ木５５０,0559245100,35.119656,138.835144,mhlw_iryou_information_net_manual_confirmation,manual_confirmed_mhlw_iryou_information_net,0,0.0,1,1,1,2211225603940
GCP-10112,東京慈恵会医科大学葛飾医療センター,東京慈恵会医科大学葛飾医療センター,1,病院,10112,1,1,0,10112,東京都葛飾区青戸六丁目４１番２号,0570009119,35.7521417,139.858387,birth_navi,birth_navi_not_crosschecked,0,0.0,1,1,0,
GCP-10113,香川大学医学部附属病院,香川大学医学部附属病院,1,病院,10113,2,1,1,10113;14668,香川県木田郡三木町池戸１７５０－１,0878912174,34.2920544,134.1228003,birth_navi,birth_navi_not_crosschecked,0,13.9,0,1,1,
GCP-10114,医療法人社団誠馨会　千葉メディカルセンター,誠馨会千葉メディカルセンター,1,病院,10114,1,1,0,10114,千葉県千葉市中央区南町１－７－１,0432615111,35.5848717,140.1309145,birth_navi,birth_navi_crosschecked_mhlw_within_100m,0,0.0,1,1,1,1211221197400
GCP-10115,医療法人　石川病院,石川病院,1,病院,10115,1,1,0,10115,埼玉県さいたま市浦和区３丁目１７ー１７,0488612161,35.8559212,139.6476927,birth_navi,birth_navi_not_crosschecked,0,0.0,0,1,1,
GCP-10116,医療法人　愛和病院,愛和病院,1,病院,10116,1,1,0,10116,埼玉県川越市大字古谷上字折本９８３－１,0492358811,35.9154008,139.5243569,birth_navi,birth_navi_not_crosschecked,0,0.0,0,1,1,
GCP-10117,総合母子保健センター愛育病院,総合母子保健センター愛育病院,1,病院,10117,1,1,0,10117,東京都港区芝浦1-16-10,0364537300,35.6459651,139.7524253,birth_navi,birth_navi_not_crosschecked,0,0.0,1,1,1,
GCP-10118,埼玉医科大学総合医療センター総合周産期母子医療センター,埼玉医科大学総合医療センター総合周産期母子医療センター,1,病院,10118,1,1,0,10118,埼玉県川越市鴨田１９８１,0492283400,35.9355688,139.5178397,birth_navi,birth_navi_not_crosschecked,0,0.0,0,1,0,
GCP-10119,鳥取県立中央病院,鳥取県立中央病院,1,病院,10119,1,1,0,10119,鳥取県鳥取市江津７３０,0857262271,35.5215999,134.2124929,birth_navi,birth_navi_crosschecked_mhlw_100_500m,0,0.0,1,1,0,3113113000001
GCP-10120,前橋赤十字病院,前橋赤十字病院,1,病院,10120,2,1,1,10120;13048,群馬県前橋市朝倉町３８９番地１,027265333,36.3591844,139.096712,birth_navi,birth_navi_crosschecked_mhlw_100_500m,0,0.0,0,1,1,1011100000003
GCP-10121,札幌白石産科婦人科病院,札幌白石産科婦人科病院,1,病院,10121,1,1,0,10121,北海道札幌市白石区東札幌５条６丁目６－２８,0118627211,43.0482533,141.3984069,birth_navi,birth_navi_not_crosschecked,0,0.0,0,1,0,
GCP-10122,社会福祉法人恩賜財団済生会川内病院,恩賜財団済生会川内病院,1,病院,10122,1,1,0,10122,鹿児島県薩摩川内市原田町2番46号,0996235221,31.8265615,130.3067539,birth_navi,birth_navi_crosschecked_mhlw_100_500m,0,0.0,1,1,1,46110405
GCP-10123,医療法人森川病院,森川病院,1,病院,10123,1,1,0,10123,三重県伊賀市上野忍町2516-7,0595212425,34.7636594,136.1305849,birth_navi,birth_navi_crosschecked_mhlw_within_100m,0,0.0,1,1,1,2411240000580
GCP-10124,浅間南麓こもろ医療センター,浅間南麓こもろ医療センター,1,病院,10124,1,1,0,10124,長野県小諸市相生町三丁目3番21号,0267221070,36.3266023,138.4259737,birth_navi,birth_navi_not_crosschecked,0,0.0,1,1,1,
GCP-10125,産婦人科・小児科三井病院,産婦人科小児科三井病院,1,病院,10125,1,1,0,10125,山形県鶴岡市美咲町２８−１,0235223290,38.7367966,139.7992921,birth_navi,birth_navi_crosschecked_mhlw_within_100m,0,0.0,1,1,1,061106620021
GCP-10126,医療法人愛賛会浜田病院,愛賛会浜田病院,1,病院,10126,2,1,1,10126;14314,大阪府大阪市平野区瓜破１－６－９,0667087200,34.6061181,135.5511503,birth_navi,birth_navi_crosschecked_mhlw_within_100m,0,0.0,1,1,1,2711270001220
GCP-10127,医療法人　明治病院,明治病院,1,病院,10127,1,1,0,10127,福島県福島市北町２番４０号,0245210805,37.754074,140.4709336,birth_navi,birth_navi_not_crosschecked,0,0.0,0,1,1,
GCP-10128,岐阜県総合医療センター,岐阜県総合医療センター,1,病院,10128,1,1,0,10128,岐阜県岐阜市野一色4－6－1,0582461111,35.4105835,136.7979842,birth_navi,birth_navi_crosschecked_mhlw_within_100m,0,0.0,1,1,0,2111341000102
GCP-10129,松江赤十字病院,松江赤十字病院,1,病院,10129,1,1,0,10129,島根県松江市母衣町２００番地,0852242111,35.4707216,133.0570863,birth_navi,birth_navi_crosschecked_mhlw_within_100m,0,0.0,0,1,1,3211325100440
GCP-10130,産科・婦人科・麻酔科　柿木産婦人科,産科婦人科麻酔科柿木産婦人科,2,有床診療所,10130,1,1,0,10130,鹿児島県鹿児島市加治屋町15番3号,0992243939,31.5872597,130.5510499,birth_navi,birth_navi_not_crosschecked,0,0.0,1,1,1,
GCP-10131,地方独立行政法人市立東大阪医療センター,市立東大阪医療センター,1,病院,10131,1,1,0,10131,大阪府東大阪市西岩田三丁目４番５号,0667815101,34.6658113,135.5971688,birth_navi,birth_navi_not_crosschecked,0,0.0,1,1,1,
GCP-10132,医療法人成育会　なりもとレディースホスピタル,成育会なりもとレディースホスピタル,1,病院,10132,1,1,0,10132,大阪府枚方市岡東町１４番２８号,0728611103,34.8135674,135.6484092,birth_navi,birth_navi_crosschecked_mhlw_within_100m,0,0.0,1,1,1,2711270006450
GCP-10133,医療法人育愛会　札幌東豊病院,育愛会札幌東豊病院,1,病院,10133,1,1,0,10133,北海道札幌市東区北１７条東１５丁目３番１号,0117043911,43.0848544,141.3723912,birth_navi,birth_navi_crosschecked_mhlw_within_100m,0,0.0,1,1,1,0111010000740
GCP-10134,公立置賜総合病院,公立置賜総合病院,1,病院,10134,1,1,0,10134,山形県東置賜郡川西町西大塚２０００番地,0238465000,38.0511394,140.0568076,birth_navi,birth_navi_not_crosschecked,0,0.0,1,1,1,
GCP-10135,医療法人社団九折会　成城木下病院,九折会成城木下病院,1,病院,10135,1,1,0,10135,東京都世田谷区成城６−１３−２０,0334821702,35.6414959,139.5999328,birth_navi,birth_navi_crosschecked_mhlw_within_100m,0,0.0,1,1,0,1311133000370
GCP-10136,白子ウィメンズホスピタル,白子ウィメンズホスピタル,1,病院,10136,1,1,0,10136,三重県鈴鹿市南江島町９－１５,0593882221,34.8393741,136.5922471,birth_navi,birth_navi_crosschecked_mhlw_within_100m,0,0.0,0,1,1,2411249000015
GCP-10137,大同病院,大同病院,1,病院,10137,1,1,0,10137,愛知県名古屋市南区白水町９,0526116261,35.0746334,136.9071135,birth_navi,birth_navi_crosschecked_mhlw_within_100m,0,0.0,1,1,0,2311232500110
GCP-10138,医療法人定生会谷口病院,定生会谷口病院,1,病院,10138,1,1,0,10138,大阪府泉佐野市大西１－５－２０,0724633232,34.4109498,135.3144578,birth_navi,birth_navi_crosschecked_mhlw_within_100m,0,0.0,1,1,1,2711270005340
GCP-10139,恵愛会松南病院,恵愛会松南病院,1,病院,10139,1,1,0,10139,石川県白山市若宮3丁目63番地,0762757611,36.5189391,136.5737686,birth_navi,birth_navi_crosschecked_mhlw_within_100m,0,0.0,1,1,1,1711712210119
GCP-10140,社会医療法人愛育会　福田病院,社会愛育会福田病院,1,病院,10140,1,1,0,10140,熊本県熊本市中央区新町2-2-6,0963222995,32.800341,130.698748,birth_navi,birth_navi_crosschecked_mhlw_within_100m,0,0.0,1,1,1,431143320234
GCP-10141,松隈産婦人科クリニック,松隈産婦人科クリニック,1,病院,10141,1,1,0,10141,福岡県小郡市小郡１５０４ー８,0942733511,33.3936363,130.5438134,birth_navi,birth_navi_not_crosschecked,0,0.0,0,1,0,
GCP-10142,医療法人至誠会赤松病院,至誠会赤松病院,1,病院,10142,1,1,0,10142,岡山県倉敷市老松町３丁目１０番３２号,0864253138,34.5958065,133.7602328,birth_navi,birth_navi_crosschecked_mhlw_within_100m,0,0.0,1,1,0,3311330001200
GCP-10143,医療法人　加瀬病院,加瀬病院,1,病院,10143,1,1,0,10143,茨城県ひたちなか市市毛８３５,0292732071,36.4010051,140.5064132,birth_navi,birth_navi_crosschecked_mhlw_within_100m,0,0.0,0,1,1,081108660085
GCP-10144,オーククリニックフォーミズ病院,オーククリニックフォーミズ病院,1,病院,10144,1,1,0,10144,千葉県松戸市竹ヶ花５０－３,0477031112,35.7888892,139.9042994,birth_navi,birth_navi_not_crosschecked,0,0.0,0,1,0,
GCP-10145,徳島大学病院,徳島大学病院,1,病院,10145,2,1,1,10145;14648,徳島県徳島市蔵本町２丁目５０－１,0886313111,34.0742112,134.51858,birth_navi,birth_navi_crosschecked_mhlw_100_500m,0,0.0,1,1,1,3611365100680
GCP-10146,ＪＡ北海道厚生連網走厚生病院,ja北海道厚生連網走厚生病院,1,病院,10146,2,1,1,10146;12702,北海道網走市北６条西１丁目９番地,0152433157,44.0267234,144.2639198,birth_navi,birth_navi_crosschecked_mhlw_100_500m,0,0.0,0,1,1,0111010005150
GCP-10147,八雲総合病院,八雲総合病院,1,病院,10147,1,1,0,10147,北海道八雲町東雲町50番地,0137632185,42.2526327,140.2793114,birth_navi,birth_navi_not_crosschecked,0,0.0,1,1,0,
GCP-10149,日本医科大学千葉北総病院,日本医科大学千葉北総病院,1,病院,10149,1,1,0,10149,千葉県印西市鎌苅１７１５,0476991111,35.7808774,140.19839,birth_navi,birth_navi_crosschecked_mhlw_within_100m,0,0.0,1,1,1,1211202431700
GCP-10150,米沢市立病院,米沢市立病院,1,病院,10150,1,1,0,10150,山形県米沢市相生町６ー３６,0238222450,37.905023,140.1195014,birth_navi,birth_navi_crosschecked_mhlw_100_500m,0,0.0,0,1,1,061106600025
GCP-10151,新宮市立医療センター,新宮市立医療センター,1,病院,10151,1,1,0,10151,和歌山県新宮市蜂伏18番7号,0735313333,33.6867875,135.9641597,birth_navi,birth_navi_not_crosschecked,0,0.0,1,1,1,
GCP-10152,由利組合総合病院,由利組合総合病院,1,病院,10152,1,1,0,10152,秋田県由利本荘市川口家後３８,0184271200,39.4053109,140.060736,birth_navi,birth_navi_crosschecked_mhlw_within_100m,0,0.0,1,1,1,0511050600030
GCP-10153,大川産婦人科病院,大川産婦人科病院,1,病院,10153,1,1,0,10153,大分県大分市末広町２丁目４番１６号,0975363511,33.2355785,131.6032803,birth_navi,birth_navi_crosschecked_mhlw_within_100m,0,0.0,1,1,1,4411003400000
GCP-10154,医療法人社団　中林病院,中林病院,2,有床診療所,10154,1,1,0,10154,東京都墨田区東向島３－２９－９,0336144641,35.7235274,139.8149272,birth_navi,birth_navi_crosschecked_mhlw_within_100m,0,0.0,1,1,1,1311131500720
GCP-10155,茨城県立中央病院,茨城県立中央病院,1,病院,10155,1,1,0,10155,茨城県笠間市鯉淵6528,0296771121,36.3510394,140.3192601,birth_navi,birth_navi_crosschecked_mhlw_within_100m,0,0.0,1,1,1,081108520024
GCP-10157,糸数病院,糸数病院,1,病院,10157,2,1,1,10157;15168,沖縄県那覇市泊１－２８－１,0988634103,26.22163,127.6908892,birth_navi,birth_navi_not_crosschecked,0,0.0,1,1,1,
GCP-10158,京都市立病院,京都市立病院,1,病院,10158,1,1,0,10158,京都府京都市中京区壬生高田町一のニ,0753115311,35.0116577,135.7617244,birth_navi,birth_navi_not_crosschecked,0,0.0,0,1,1,
GCP-10159,長野県立こども病院,長野県立こども病院,1,病院,10159,1,1,0,10159,長野県安曇野市豊科３１００,0263736700,36.2850377,137.9197628,birth_navi,birth_navi_crosschecked_mhlw_within_100m,0,0.0,1,1,1,2011206000580
GCP-10160,東京かつしか赤十字母子医療センター,東京かつしか赤十字母子医療センター,1,病院,10160,1,1,0,10160,東京都葛飾区新宿３－７－１,0358763511,35.7614144,139.8624522,birth_navi,birth_navi_crosschecked_mhlw_within_100m,0,0.0,1,1,1,1311135000003
GCP-10161,沖縄県立南部医療センター・こども医療センター,沖縄県立南部医療センターこども医療センター,1,病院,10161,1,1,0,10161,沖縄県島尻郡南風原町新川１１８－１,0988880123,26.205964,127.7236017,birth_navi,birth_navi_not_crosschecked,0,0.0,1,1,0,
GCP-10162,横浜市立みなと赤十字病院,横浜市立みなと赤十字病院,1,病院,10162,1,1,0,10162,神奈川県横浜市中区新山下三丁目１２番１号,0456286100,35.4364151,139.6639953,birth_navi,birth_navi_crosschecked_mhlw_within_100m,0,0.0,1,1,1,1411403891900
GCP-10163,横田マタニティーホスピタル,横田マタニティーホスピタル,1,病院,10163,2,1,1,10163;13065,群馬県前橋市下小出町１丁目５－２２,0272194103,36.4077642,139.0674278,birth_navi,birth_navi_not_crosschecked,0,0.0,0,1,1,
GCP-10164,日本赤十字社医療センター,日本赤十字社医療センター,1,病院,10164,1,1,0,10164,東京都渋谷区広尾4-1-22,0334001311,35.6544727,139.7179618,birth_navi,birth_navi_crosschecked_mhlw_100_500m,0,0.0,1,1,1,1311133100560
GCP-10165,大原綜合病院,大原綜合病院,1,病院,10165,1,1,0,10165,福島県福島市上町６－１,0245260300,37.7531959,140.4684254,birth_navi,birth_navi_not_crosschecked,0,0.0,1,1,0,
GCP-10166,独立行政法人　地域医療機能推進機構九州病院,地域医療機能推進機構九州病院,1,病院,10166,1,1,0,10166,福岡県北九州市八幡西区岸の浦1丁目8番1号,0936415111,33.8574363,130.7656201,birth_navi,birth_navi_not_crosschecked,0,0.0,1,1,0,
GCP-10167,高山赤十字病院,高山赤十字病院,1,病院,10167,2,1,1,10167;13889,岐阜県高山市天満町３ー１１,0577321111,36.1371944,137.2545009,birth_navi,birth_navi_crosschecked_mhlw_within_100m,0,0.0,1,1,1,2111661000109
GCP-10168,国立研究開発法人国立成育医療研究センター,国立研究開発法人国立成育医療研究センター,1,病院,10168,1,1,0,10168,東京都世田谷区大蔵２－１０－１,0334160181,35.6323499,139.6112366,birth_navi,birth_navi_crosschecked_mhlw_100_500m,0,0.0,1,1,0,1311133000110
GCP-10169,聖マリアンナ医科大学横浜市西部病院,聖マリアンナ医科大学横浜市西部病院,1,病院,10169,1,1,0,10169,神奈川県横浜市旭区矢指町１１９７－１,0453661111,35.4766896,139.5015598,birth_navi,birth_navi_crosschecked_mhlw_within_100m,0,0.0,1,1,1,1411405027700
GCP-10170,諏訪マタニティークリニック,諏訪マタニティークリニック,1,病院,10170,2,1,1,10170;13806,長野県諏訪郡下諏訪町矢木町１１２ー１３,0266286100,36.0766747,138.0816305,birth_navi,birth_navi_not_crosschecked,0,0.0,0,1,1,
GCP-10171,近江八幡市立総合医療センター,近江八幡市立総合医療センター,1,病院,10171,1,1,0,10171,滋賀県近江八幡市土田町１３７９番地,0748333151,35.1241736,136.0881872,birth_navi,birth_navi_crosschecked_mhlw_within_100m,0,0.0,0,1,0,2511250000300
GCP-10172,古賀総合病院,古賀総合病院,1,病院,10172,1,1,0,10172,宮崎県宮崎市池内町数太木1749-1,0985398888,31.9719332,131.4109429,birth_navi,birth_navi_crosschecked_mhlw_within_100m,0,0.0,1,1,0,4511450107820
GCP-10173,社会福祉法人康和会　久我山病院,康和会久我山病院,1,病院,10173,1,1,0,10173,東京都世田谷区北烏山２－１４－２０,0333091111,35.681539,139.5989098,birth_navi,birth_navi_crosschecked_mhlw_within_100m,0,0.0,1,1,1,1311133000790
GCP-10174,岩手県立二戸病院,岩手県立二戸病院,1,病院,10174,1,1,0,10174,岩手県二戸市堀野字大川原毛38-2,0195232191,40.2994116,141.3059021,birth_navi,birth_navi_crosschecked_mhlw_within_100m,0,0.0,1,1,0,03103100013
GCP-10175,医療法人社団諍友会田中病院,諍友会田中病院,1,病院,10175,1,1,0,10175,山口県周南市三番町１－１２,0834322000,34.0531783,131.810614,birth_navi,birth_navi_crosschecked_mhlw_within_100m,0,0.0,1,1,1,3511355500890
GCP-10176,医療法人社団相和会　渕野辺総合病院,相和会渕野辺総合病院,1,病院,10176,1,1,0,10176,神奈川県相模原市中央区淵野辺3-2-8,0427542222,35.5715139,139.3916964,birth_navi,birth_navi_not_crosschecked,0,0.0,1,0,0,
GCP-10177,静岡県立こども病院,静岡県立こども病院,1,病院,10177,1,1,0,10177,静岡県静岡市葵区漆山８６０,0542476251,35.0197037,138.3975333,birth_navi,birth_navi_crosschecked_mhlw_100_500m,0,0.0,0,1,0,2211223100230
GCP-10178,東條ウイメンズホスピタル,東條ウイメンズホスピタル,1,病院,10178,1,1,0,10178,神奈川県横浜市港南区丸山台2-34-7,045841121,35.3953313,139.5664133,birth_navi,birth_navi_crosschecked_mhlw_within_100m,0,0.0,1,1,0,1411421287000
GCP-10179,兵庫医科大学病院,兵庫医科大学病院,1,病院,10179,1,1,0,10179,兵庫県西宮市武庫川町１番１号,0798456111,34.7183085,135.3789459,birth_navi,birth_navi_crosschecked_mhlw_within_100m,0,0.0,0,1,1,2811280001860
GCP-10180,医療法人徳洲会　沖永良部徳洲会病院,徳洲会沖永良部徳洲会病院,1,病院,10180,1,1,0,10180,鹿児島県大島郡知名町瀬利覚２２０８,0997933000,27.3355959,128.5773608,birth_navi,birth_navi_not_crosschecked,0,0.0,0,1,1,
GCP-10181,医療法人　有松産科婦人科ユースクリニック,有松産科婦人科ユースクリニック,2,有床診療所,10181,1,1,0,10181,福岡県嘉麻市鴨生８２４番地,0948421108,33.6102526,130.724132,birth_navi,birth_navi_not_crosschecked,0,0.0,1,1,1,
GCP-10182,医療法人佐世保晩翠会村上病院,佐世保晩翠会村上病院,1,病院,10182,1,1,0,10182,長崎県佐世保市早岐１丁目６番２２号,0956385555,33.1365459,129.7971538,birth_navi,birth_navi_crosschecked_mhlw_within_100m,0,0.0,1,1,1,421hsa0023
GCP-10184,井槌病院,井槌病院,1,病院,10184,1,1,0,10184,福岡県福岡市中央区薬院4丁目15－6,0925212355,33.5781165,130.3944831,birth_navi,birth_navi_not_crosschecked,0,0.0,1,1,0,
GCP-10185,医療法人双鳳会　山王クリニック,双鳳会山王クリニック,1,病院,10185,2,1,1,10185;13117,埼玉県白岡市寺塚１２３－１,0480930311,36.024634,139.6706806,birth_navi,birth_navi_crosschecked_mhlw_within_100m,0,0.0,1,1,1,1111109837600
GCP-10186,医療法人社団マウナケア会清水病院,マウナケア会清水病院,1,病院,10186,1,1,0,10186,埼玉県坂戸市日の出町１－８,0492810158,35.9580827,139.393368,birth_navi,birth_navi_crosschecked_mhlw_within_100m,0,0.0,1,1,1,1111103552800
GCP-10187,医療法人至誠会　梅田病院,至誠会梅田病院,1,病院,10187,1,1,0,10187,山口県光市虹が浜3-6-1,0833710084,33.9727418,131.9161754,birth_navi,birth_navi_not_crosschecked,0,0.0,1,1,1,
GCP-10188,医療法人社団ワンアンドオンリー　新横浜母と子の病院,ワンアンドオンリー新横浜母と子の病院,1,病院,10188,1,1,0,10188,神奈川県横浜市港北区鳥山町６５０－１,0454722911,35.5030065,139.6056696,birth_navi,birth_navi_not_crosschecked,0,0.0,0,1,0,
GCP-10189,兵庫県立こども病院,兵庫県立こども病院,1,病院,10189,1,1,0,10189,兵庫県神戸市中央区,0789457300,34.662479,135.218299,mhlw_iryou_information_net_open_data,mhlw_direct_exact_identity_truncated_visible_address_type_consistent,0,0.0,1,1,0,2811280003880
GCP-10190,医療法人横山厚生会横山病院,横山厚生会横山病院,1,病院,10190,1,1,0,10190,山形県山形市,0236223415,38.2459634,140.3350967,birth_navi,birth_navi_not_crosschecked,0,0.0,1,1,1,
GCP-10191,医療法人　清慈会　鈴木病院,清慈会鈴木病院,1,病院,10191,1,1,0,10191,愛知県豊田市月見町１－１０－８,0565338051,35.0886522,137.1531947,birth_navi,birth_navi_crosschecked_mhlw_within_100m,0,0.0,1,1,1,2311232800100
GCP-10192,一宮西病院,一宮西病院,1,病院,10192,1,1,0,10192,愛知県一宮市開明字平１番地,0586480077,35.3124775,136.7779643,birth_navi,birth_navi_crosschecked_mhlw_100_500m,0,0.0,1,1,0,2311230100150
GCP-10193,神戸市立西神戸医療センター,神戸市立西神戸医療センター,1,病院,10193,1,1,0,10193,兵庫県神戸市西区糀台５丁目７番地１,0789972200,34.7171377,135.0190374,birth_navi,birth_navi_crosschecked_mhlw_within_100m,0,0.0,1,1,1,2811280001070
GCP-10194,産科婦人科 舘出張 佐藤病院,産科婦人科舘出張佐藤病院,1,病院,10194,1,1,0,10194,群馬県高崎市若松町96,0273222243,36.3200853,139.0053523,birth_navi,birth_navi_crosschecked_mhlw_within_100m,0,0.0,1,1,1,1011100000028
GCP-10195,医療法人　竹村医学研究会　（財団）　小阪産病院,竹村医学研究会財団小阪産病院,1,病院,10195,1,1,0,10195,大阪府東大阪市菱屋西３丁目６－８,0667224771,34.6613577,135.5790756,birth_navi,birth_navi_crosschecked_mhlw_within_100m,0,0.0,1,1,1,2711270006300
GCP-10196,高知県・高知市病院企業団立高知医療センター,高知県高知市病院企業団立高知医療センター,1,病院,10196,1,1,0,10196,高知県高知市池２１２５－１,0888373000,33.5311167,133.5872405,birth_navi,birth_navi_crosschecked_mhlw_100_500m,0,0.0,1,1,0,3911393100540
GCP-10197,医療法人財団　仁寿会　荘病院,仁寿会荘病院,1,病院,10197,1,1,0,10197,東京都板橋区板橋１－４１－１４,0339630551,35.7487164,139.7156049,birth_navi,birth_navi_crosschecked_mhlw_within_100m,0,0.0,1,1,1,1311134300530
GCP-10198,岩手医科大学附属病院,岩手医科大学附属病院,1,病院,10198,1,1,0,10198,岩手県紫波郡矢巾町医大通二丁目１番１号,0196137111,39.6143684,141.1629139,birth_navi,birth_navi_crosschecked_mhlw_100_500m,0,0.0,1,1,0,03103101064
GCP-10199,厚生連　南長野医療センター篠ノ井総合病院,厚生連南長野医療センター篠ノ井総合病院,1,病院,10199,1,1,0,10199,長野県長野市篠ノ井会666-1,0262922261,36.5753836,138.1490468,birth_navi,birth_navi_crosschecked_mhlw_within_100m,0,0.0,1,1,1,2011206200120
GCP-10200,医療法人者社団　正岡産婦人科病院,者社団正岡産婦人科病院,1,病院,10200,1,1,0,10200,広島県広島市中区猫屋町4番６号,0822913366,34.395173,132.4482268,birth_navi,birth_navi_not_crosschecked,0,0.0,1,1,0,
GCP-10201,フィオーレ第一産婦人科,フィオーレ第一産婦人科,2,有床診療所,10201,1,1,0,10201,鹿児島県姶良市加治木町307-1,0995632158,31.7386421,130.6629576,birth_navi,birth_navi_not_crosschecked,0,0.0,0,1,1,
GCP-10202,福岡大学病院,福岡大学病院,1,病院,10202,1,1,0,10202,福岡県福岡市城南区七隈七丁目４５番１号,0928011011,33.5470716,130.3603383,birth_navi,birth_navi_crosschecked_mhlw_100_500m,0,0.0,1,1,0,4012400100150
GCP-10203,医療法人社団明和会　ペリネイト母と子の病院,明和会ペリネイト母と子の病院,1,病院,10203,1,1,0,10203,岡山県岡山市中区倉益２０３－１,0862768811,34.6432138,133.9732698,birth_navi,birth_navi_crosschecked_mhlw_within_100m,0,0.0,1,1,0,3311330001140
GCP-10205,市立豊中病院,市立豊中病院,1,病院,10205,3,1,2,10205;14222;14264,大阪府豊中市柴原町４－１４－１,0668430101,34.8024541,135.4582695,birth_navi,birth_navi_crosschecked_mhlw_within_100m,0,0.0,1,1,1,2711270002030
GCP-10206,東邦大学医療センター佐倉病院,東邦大学医療センター佐倉病院,1,病院,10206,1,1,0,10206,千葉県佐倉市下志津５６４－１,0434628811,35.7171479,140.1677711,birth_navi,birth_navi_crosschecked_mhlw_within_100m,0,0.0,0,1,0,1211202429500
GCP-10207,愛育病院,愛育病院,1,病院,10207,1,1,0,10207,鹿児島県鹿児島市小松原1丁目43番15号,0992680311,31.534328,130.5319559,birth_navi,birth_navi_crosschecked_mhlw_within_100m,0,0.0,1,1,1,46110036
GCP-10208,医療法人　岩田病院,岩田病院,1,病院,10208,2,1,1,10208;14104,愛知県名古屋市中村区則武一丁目１番１１号,0524511552,35.1735892,136.8787994,birth_navi,birth_navi_crosschecked_mhlw_within_100m,0,0.0,1,1,1,2311232300130
GCP-10209,福井県立病院,福井県立病院,1,病院,10209,1,1,0,10209,福井県福井市四ツ井２丁目８番１号,0776545151,36.0688677,136.2391074,birth_navi,birth_navi_crosschecked_mhlw_within_100m,0,0.0,1,1,0,1811180000030
GCP-10210,秋田大学医学部附属病院,秋田大学医学部附属病院,1,病院,10210,2,1,1,10210;12862,秋田県秋田市広面蓮沼４４番２,0188341111,39.7299406,140.151122,birth_navi,birth_navi_crosschecked_mhlw_100_500m,0,0.0,1,1,1,0511050500200
GCP-10211,産科婦人科のぼり病院,産科婦人科のぼり病院,1,病院,10211,1,1,0,10211,鹿児島県鹿児島市荒田一丁目１３番１３号,0992561313,31.5764777,130.5520901,birth_navi,birth_navi_crosschecked_mhlw_within_100m,0,0.0,1,1,1,46110080
GCP-10212,医療法人財団今井会足立病院第二足立病院,今井会足立病院第二足立病院,1,病院,10212,1,1,0,10212,京都府京都市南区四ツ塚町1番地,0756817316,34.9795464,135.7460214,birth_navi,birth_navi_crosschecked_mhlw_within_100m,0,0.0,1,1,1,2612610000076
GCP-10213,医療法人社団慶愛　慶愛病院,慶愛慶愛病院,1,病院,10213,1,1,0,10213,北海道帯広市東3条南9丁目2,0155224188,42.92284,143.2105632,birth_navi,birth_navi_not_crosschecked,0,0.0,1,1,1,
GCP-10214,医療法人良仁会　桜ヶ丘病院,良仁会桜ヶ丘病院,1,病院,10214,1,1,0,10214,埼玉県深谷市国済寺408番地5,0485711171,36.1909684,139.2942099,birth_navi,birth_navi_crosschecked_mhlw_within_100m,0,0.0,1,1,1,1111102386400
GCP-10215,神奈川県立こども医療センター,神奈川県立こども医療センター,1,病院,10215,1,1,0,10215,神奈川県横浜市南区六ツ川２丁目１３８－４,0457112351,35.4212271,139.5789104,birth_navi,birth_navi_crosschecked_mhlw_within_100m,0,0.0,1,1,0,1411404223100
GCP-10216,気仙沼市立病院,気仙沼市立病院,1,病院,10216,1,1,0,10216,宮城県気仙沼市赤岩杉ノ沢８番地２,0226227100,38.8875372,141.5662007,birth_navi,birth_navi_crosschecked_mhlw_within_100m,0,0.0,1,1,0,041801942
GCP-10217,医療法人社団弘和会　森産科婦人科病院,弘和会森産科婦人科病院,1,病院,10217,1,1,0,10217,北海道旭川市７条通７丁目左２号,0166226125,43.7729311,142.3618655,birth_navi,birth_navi_crosschecked_mhlw_within_100m,0,0.0,1,1,0,0111010002260
GCP-10219,独立行政法人労働者健康安全機構　横浜労災病院,労働者健康安全機構横浜労災病院,1,病院,10219,1,1,0,10219,神奈川県横浜市港北区小机町３２１１,0454748111,35.5113147,139.609859,birth_navi,birth_navi_not_crosschecked,0,0.0,1,1,0,
GCP-10220,聖バルナバ病院,聖バルナバ病院,1,病院,10220,1,1,0,10220,大阪府大阪市天王寺区細工谷１－３－１８,0667791600,34.6632098,135.5246975,birth_navi,birth_navi_not_crosschecked,0,0.0,0,1,0,
GCP-10221,伊東市民病院,伊東市民病院,1,病院,10221,1,1,0,10221,静岡県伊東市岡１９６－１,0557372626,34.9606921,139.0878696,birth_navi,birth_navi_crosschecked_mhlw_within_100m,0,0.0,1,1,1,2211225301480
GCP-10222,菊地病院,菊地病院,1,病院,10222,1,1,0,10222,埼玉県深谷市上野台371,0485710660,36.1903043,139.2787631,birth_navi,birth_navi_not_crosschecked,0,0.0,1,1,1,
GCP-10223,医療法人社団 真弘会 谷病院,真弘会谷病院,1,病院,10223,1,1,0,10223,香川県善通寺市原田町下五条１１９０－１,0877635800,34.2285301,133.7870982,birth_navi,birth_navi_not_crosschecked,0,0.0,0,1,0,
GCP-10224,市立三次中央病院,市立三次中央病院,1,病院,10224,1,1,0,10224,広島県三次市東酒野町10531番地,0824650101,34.80559,132.8518798,birth_navi,birth_navi_not_crosschecked,0,0.0,1,1,0,
GCP-10225,岐阜市民病院,岐阜市民病院,1,病院,10225,1,1,0,10225,岐阜県岐阜市鹿島町７－１,0582511101,35.4138096,136.7336011,birth_navi,birth_navi_not_crosschecked,0,0.0,0,1,0,
GCP-10226,医療法人勤有会きら病院,勤有会きら病院,1,病院,10226,1,1,0,10226,愛媛県今治市北宝来町１－３－５,0898315711,34.0642341,132.9959175,birth_navi,birth_navi_crosschecked_mhlw_within_100m,0,0.0,1,1,1,3811385500930
GCP-10227,ひだか病院,ひだか病院,1,病院,10227,1,1,0,10227,和歌山県御坊市薗１１６番地２,0738221111,33.8962129,135.1540112,birth_navi,birth_navi_not_crosschecked,0,0.0,1,1,1,
GCP-10228,大田市立病院,大田市立病院,1,病院,10228,1,1,0,10228,島根県大田市大田町吉永1428番地3,0854820330,35.1816454,132.5029324,birth_navi,birth_navi_crosschecked_mhlw_within_100m,0,0.0,1,1,0,3211325500170
GCP-10229,医療法人社団五葉会　永井産婦人科病院,五葉会永井産婦人科病院,1,病院,10229,1,1,0,10229,東京都立川市幸町４－２７－１,0425353544,35.7224558,139.4309537,birth_navi,birth_navi_crosschecked_mhlw_within_100m,0,0.0,1,1,1,1311137902270
GCP-10230,JA北海道厚生連　遠軽厚生病院,ja北海道厚生連遠軽厚生病院,1,病院,10230,1,1,0,10230,北海道遠軽町大通北3丁目1番地5,0158424101,44.0627603,143.5240505,birth_navi,birth_navi_not_crosschecked,0,0.0,0,1,0,
GCP-10231,トヨタ記念病院,トヨタ記念病院,1,病院,10231,1,1,0,10231,愛知県豊田市平和町１－１,0565280100,35.0576439,137.1752432,birth_navi,birth_navi_crosschecked_mhlw_within_100m,0,0.0,1,1,1,2311232800120
GCP-10232,国保水俣市立総合医療センター,国保水俣市立総合医療センター,1,病院,10232,1,1,0,10232,熊本県水俣市天神町１ー２ー１,0966632101,32.2100674,130.4058493,birth_navi,birth_navi_crosschecked_mhlw_within_100m,0,0.0,1,1,1,431143610032
GCP-10233,岩手県立中部病院,岩手県立中部病院,1,病院,10233,1,1,0,10233,岩手県北上市村崎野17地割10番地,0197711511,39.3284028,141.1101232,birth_navi,birth_navi_crosschecked_mhlw_100_500m,0,0.0,0,1,0,03103100092
GCP-10234,医療法人徳洲会 高砂西部病院,徳洲会高砂西部病院,1,病院,10234,1,1,0,10234,兵庫県高砂市中筋１丁目１０番４１号,0794470100,34.7892497,134.7723476,birth_navi,birth_navi_crosschecked_mhlw_within_100m,0,0.0,0,1,0,2811280002480
GCP-10235,群馬大学医学部附属病院,群馬大学医学部附属病院,1,病院,10235,2,1,1,10235;13064,群馬県前橋市昭和町３丁目３９－１５,0272207111,36.4080559,139.0614893,birth_navi,birth_navi_crosschecked_mhlw_100_500m,0,0.0,1,1,1,1011100000001
GCP-10236,岩砂病院・岩砂マタニティ,岩砂病院岩砂マタニティ,1,病院,10236,2,1,1,10236;13870,岐阜県岐阜市八代１－７－１,0582312631,35.4582486,136.7740759,birth_navi,birth_navi_crosschecked_mhlw_100_500m,0,0.0,0,1,1,2111341000140
GCP-10237,広島県厚生農業協同組合連合会広島総合病院,広島県厚生農業協同組合連合会広島総合病院,1,病院,10237,1,1,0,10237,広島県廿日市市地御前１丁目３番3号,0829363111,34.3437938,132.3229224,birth_navi,birth_navi_not_crosschecked,0,0.0,1,1,1,
GCP-10238,独立行政法人地域医療機能推進機構　中京病院,地域医療機能推進機構中京病院,1,病院,10238,1,1,0,10238,愛知県名古屋市南区三条一丁目１番１０号,0526917151,35.1084337,136.901624,birth_navi,birth_navi_crosschecked_mhlw_100_500m,0,0.0,1,1,1,2311232500060
GCP-10239,北海道厚生連旭川厚生病院,北海道厚生連旭川厚生病院,1,病院,10239,1,1,0,10239,北海道旭川市１条通２４丁目１１１,0166337171,43.7584347,142.3840857,birth_navi,birth_navi_not_crosschecked,0,0.0,1,1,1,
GCP-10240,市立恵那病院,市立恵那病院,1,病院,10240,1,1,0,10240,岐阜県恵那市大井町2725番地,0573262121,35.4657386,137.3977037,birth_navi,birth_navi_crosschecked_mhlw_100_500m,0,0.0,1,1,1,2111601000103
GCP-10242,防衛医科大学校病院,防衛医科大学校病院,1,病院,10242,1,1,0,10242,埼玉県所沢市並木３丁目２,0429951511,35.8023732,139.466384,birth_navi,birth_navi_crosschecked_mhlw_100_500m,0,0.0,1,1,0,1111108678500
GCP-10243,国立病院機構埼玉病院,国立病院機構埼玉病院,1,病院,10243,1,1,0,10243,埼玉県和光市諏訪２－１,0484621101,35.7768361,139.6189289,birth_navi,birth_navi_not_crosschecked,0,0.0,0,1,1,
GCP-10244,順天堂医院,順天堂医院,1,病院,10244,1,1,0,10244,東京都文京区本郷２ー１ー１,0338133111,35.702092,139.7615342,birth_navi,birth_navi_not_crosschecked,0,0.0,0,1,0,
GCP-10245,秋田県厚生農業協同組合連合会　平鹿総合病院,秋田県厚生農業協同組合連合会平鹿総合病院,1,病院,10245,1,1,0,10245,秋田県横手市前郷八ツ口３番１,0182325121,39.3126296,140.5491288,birth_navi,birth_navi_crosschecked_mhlw_within_100m,0,0.0,1,1,1,0511050800040
GCP-10246,愛和クリニック,愛和クリニック,2,有床診療所,10246,1,1,0,10246,福岡県古賀市天神5-9-1,0929433288,33.7324528,130.4619488,birth_navi,birth_navi_not_crosschecked,0,0.0,1,1,1,
GCP-10247,大和高田市立病院,大和高田市立病院,1,病院,10247,1,1,0,10247,奈良県大和高田市礒野北町１番１号,0745532901,34.5099201,135.7366486,birth_navi,birth_navi_crosschecked_mhlw_within_100m,0,0.0,1,1,1,2911005800000
GCP-10248,北九州総合病院,北九州総合病院,1,病院,10248,1,1,0,10248,福岡県北九州市小倉北区東城野町１−１,0939210560,33.8589278,130.8883069,birth_navi,birth_navi_not_crosschecked,0,0.0,0,1,0,
GCP-10249,筑波大学附属病院,筑波大学附属病院,1,病院,10249,2,1,1,10249;12994,茨城県つくば市天久保２－１－１,0298533900,36.0929017,140.101875,birth_navi,birth_navi_crosschecked_mhlw_within_100m,0,64.5,1,1,1,081108610019
GCP-10250,吹田徳洲会病院,吹田徳洲会病院,1,病院,10250,2,1,1,10250;14226,大阪府吹田市千里丘西２１,0668781110,34.7976809,135.5420011,birth_navi,birth_navi_not_crosschecked,0,0.0,0,1,1,
GCP-10251,富山市立富山市民病院,富山市立富山市民病院,1,病院,10251,1,1,0,10251,富山県富山市今泉北部町,0764221112,36.672628,137.212485,mhlw_iryou_information_net_open_data,mhlw_direct_exact_identity_truncated_visible_address_type_consistent,0,0.0,0,1,1,1611160113647
GCP-10252,糸魚川総合病院,糸魚川総合病院,1,病院,10252,1,1,0,10252,新潟県糸魚川市大字竹ヶ花４５７番地１,0255520280,37.0489984,137.8885156,birth_navi,birth_navi_crosschecked_mhlw_within_100m,0,0.0,1,1,1,151BYTGX00001
GCP-10253,公益社団法人地域医療振興協会　東京ベイ・浦安市川医療センター,地域医療振興協会東京ベイ浦安市川医療センター,1,病院,10253,1,1,0,10253,千葉県浦安市当代島三丁目４番３２号,0473513101,35.6714525,139.8935717,birth_navi,birth_navi_not_crosschecked,0,0.0,0,1,1,
GCP-10254,キッコーマン総合病院,キッコーマン総合病院,1,病院,10254,1,1,0,10254,千葉県野田市宮崎１００,0471235911,35.9532376,139.8702713,birth_navi,birth_navi_crosschecked_mhlw_within_100m,0,0.0,0,1,1,1211202258600
GCP-10255,鈴木レディスホスピタル,鈴木レディスホスピタル,1,病院,10255,1,1,0,10255,石川県金沢市寺町2-8-36,0762423155,36.5484832,136.6561708,birth_navi,birth_navi_not_crosschecked,0,0.0,1,1,0,
GCP-10256,東京科学大学病院,東京科学大学病院,1,病院,10256,1,1,0,10256,東京都文京区湯島１－５－４５,0338136111,35.7014324,139.7655029,birth_navi,birth_navi_crosschecked_mhlw_100_500m,0,0.0,1,1,0,1311131200280
GCP-10257,北海道大学病院,北海道大学病院,1,病院,10257,1,1,0,10257,北海道札幌市北区北１４条西５丁目,0117161161,43.0772465,141.3456175,birth_navi,birth_navi_crosschecked_mhlw_within_100m,0,0.0,1,1,0,0111010000420
GCP-10258,金沢市立病院,金沢市立病院,1,病院,10258,1,1,0,10258,石川県金沢市平和町３丁目７番３号,0762452600,36.5409613,136.6627111,birth_navi,birth_navi_not_crosschecked,0,0.0,0,1,1,
GCP-10259,高島市民病院,高島市民病院,1,病院,10259,1,1,0,10259,滋賀県高島市勝野１６６７,0740360220,35.2923938,136.0114775,birth_navi,birth_navi_crosschecked_mhlw_within_100m,0,0.0,0,1,1,2511250000250
GCP-10260,市立柏原病院,市立柏原病院,1,病院,10260,1,1,0,10260,大阪府柏原市法善寺１－７－９,0729720885,34.592559,135.6248806,birth_navi,birth_navi_crosschecked_mhlw_within_100m,0,0.0,1,1,1,2711270003970
GCP-10261,岡山赤十字病院,岡山赤十字病院,1,病院,10261,1,1,0,10261,岡山県岡山市北区青江２－１－１,0862228811,34.6346488,133.9233213,birth_navi,birth_navi_not_crosschecked,0,0.0,0,1,1,
GCP-10262,大分大学医学部附属病院,大分大学医学部附属病院,1,病院,10262,1,1,0,10262,大分県由布市挾間町医大ケ丘１丁目１番地,0975494411,33.2098281,131.535058,birth_navi,birth_navi_crosschecked_mhlw_within_100m,0,0.0,1,1,0,4411015400000
GCP-10263,加賀市医療センター,加賀市医療センター,1,病院,10263,1,1,0,10263,石川県加賀市作見町リ36番地,0761721188,36.3189648,136.3517339,birth_navi,birth_navi_crosschecked_mhlw_100_500m,0,0.0,1,1,1,171463
GCP-10264,社会医療法人財団大樹会総合病院回生病院,社会大樹会総合病院回生病院,1,病院,10264,1,1,0,10264,香川県坂出市室町三丁目5番28号,0877461011,34.3177849,133.8617995,birth_navi,birth_navi_not_crosschecked,0,0.0,1,1,1,
GCP-10265,豊川市民病院,豊川市民病院,1,病院,10265,1,1,0,10265,愛知県豊川市八幡町野路２３番地,0533861111,34.8283821,137.3515265,birth_navi,birth_navi_crosschecked_mhlw_within_100m,0,0.0,1,1,1,2311231900010
GCP-10266,ＪＡ静岡厚生連遠州病院,ja静岡厚生連遠州病院,1,病院,10266,1,1,0,10266,静岡県浜松市中央区中央一丁目1番1号,0534531111,34.7128153,137.7346831,birth_navi,birth_navi_crosschecked_mhlw_within_100m,0,0.0,1,1,0,2211223301330
GCP-10267,兵庫県立西宮病院,兵庫県立西宮病院,1,病院,10267,1,1,0,10267,兵庫県西宮市六湛寺町１３－９,0798345151,34.738073,135.3405226,birth_navi,birth_navi_not_crosschecked,0,0.0,0,1,1,
GCP-10268,阿南医療センター,阿南医療センター,1,病院,10268,1,1,0,10268,徳島県阿南市宝田町川原６番地１,0884287777,33.9241253,134.6457904,birth_navi,birth_navi_crosschecked_mhlw_within_100m,0,0.0,1,1,1,3611365401130
GCP-10269,医療法人友仁会松島病院,友仁会松島病院,1,病院,10269,1,1,0,10269,宮城県宮城郡松島町高城字浜１－２６,0223545811,38.377757,141.0702648,birth_navi,birth_navi_crosschecked_mhlw_within_100m,0,0.0,1,1,1,041802062
GCP-10270,関西医科大学附属病院,関西医科大学附属病院,1,病院,10270,1,1,0,10270,大阪府枚方市新町２丁目３番１号,0728040101,34.8176049,135.6447172,birth_navi,birth_navi_crosschecked_mhlw_within_100m,0,0.0,1,1,0,2711270003350
GCP-10271,郡上市民病院,郡上市民病院,1,病院,10271,1,1,0,10271,岐阜県郡上市八幡町島谷１２６１,0575671611,35.7472171,136.9514658,birth_navi,birth_navi_crosschecked_mhlw_within_100m,0,0.0,1,1,0,2111651006173
GCP-10272,東京医科大学病院,東京医科大学病院,1,病院,10272,1,1,0,10272,東京都新宿区西新宿６－７－１,0333426111,35.6939831,139.6922478,birth_navi,birth_navi_crosschecked_mhlw_within_100m,0,0.0,1,1,0,1311131000640
GCP-10273,慶應義塾大学病院,慶應義塾大学病院,1,病院,10273,1,1,0,10273,東京都新宿区信濃町３５,0333531211,35.681712,139.718481,birth_navi,birth_navi_crosschecked_mhlw_within_100m,0,0.0,1,1,0,1311130900280
GCP-10274,独立行政法人国立病院機構指宿医療センター,国立病院機構指宿医療センター,1,病院,10274,1,1,0,10274,鹿児島県指宿市十二町４１４５,0993222231,31.221659,130.6461068,birth_navi,birth_navi_crosschecked_mhlw_100_500m,0,0.0,1,1,1,46110203
GCP-10275,JCHO東京山手メディカルセンター,jcho東京山手メディカルセンター,1,病院,10275,1,1,0,10275,東京都新宿区百人町3丁目22番1号,0333640251,35.7045926,139.6991212,birth_navi,birth_navi_not_crosschecked,0,0.0,1,1,0,
GCP-10276,社会福祉法人聖隷福祉事業団総合病院聖隷三方原病院,聖隷福祉事業団総合病院聖隷三方原病院,1,病院,10276,1,1,0,10276,静岡県浜松市中央区三方原町３４５３,0534361251,34.7921994,137.6959918,birth_navi,birth_navi_crosschecked_mhlw_100_500m,0,0.0,1,1,0,2211223301620
GCP-10277,桑名市総合医療センター,桑名市総合医療センター,1,病院,10277,1,1,0,10277,三重県桑名市寿町３－１１,0594221211,35.0650708,136.6874162,birth_navi,birth_navi_crosschecked_mhlw_within_100m,0,0.0,1,1,0,2411240000620
GCP-10278,新潟県厚生農業協同組合連合会　柏崎総合医療センター,新潟県厚生農業協同組合連合会柏崎総合医療センター,1,病院,10278,1,1,0,10278,新潟県柏崎市北半田２－１１－３,0257232165,37.3624025,138.5774846,birth_navi,birth_navi_not_crosschecked,0,0.0,1,1,1,
GCP-10279,隠岐広域連合立隠岐病院,隠岐広域連合立隠岐病院,1,病院,10279,1,1,0,10279,島根県隠岐郡隠岐の島町城北町３５５,0851221356,36.2162822,133.3184495,birth_navi,birth_navi_crosschecked_mhlw_within_100m,0,0.0,1,1,0,3211325900190
GCP-10280,北播磨総合医療センター,北播磨総合医療センター,1,病院,10280,1,1,0,10280,兵庫県小野市市場町９２６番地の２５０,0794888800,34.8316808,134.9516477,birth_navi,birth_navi_not_crosschecked,0,0.0,1,1,0,
GCP-10281,公立藤岡総合病院,公立藤岡総合病院,1,病院,10281,1,1,0,10281,群馬県藤岡市中栗須８１３番地１,0274223311,36.2672687,139.0783972,birth_navi_manual_confirmation,manual_confirmed_birth_navi,0,0.0,1,1,1,1011100000068
GCP-10282,医療法人社団理弘会　岩倉病院,理弘会岩倉病院,1,病院,10282,2,1,1,10282;13351,東京都江戸川区南小岩７－２８－４,0336593215,35.732437,139.8833308,birth_navi,birth_navi_crosschecked_mhlw_within_100m,0,0.0,1,1,1,1311135300960
GCP-10283,独立行政法人地域医療機能推進機構相模野病院,地域医療機能推進機構相模野病院,1,病院,10283,1,1,0,10283,神奈川県相模原市中央区淵野辺１－２－３０,0427522025,35.5729569,139.388519,birth_navi,birth_navi_crosschecked_mhlw_within_100m,0,0.0,1,1,1,1411410720100
GCP-10284,公立大学法人　福島県立医科大学附属病院,福島県立医科大学附属病院,1,病院,10284,1,1,0,10284,福島県福島市光が丘１番地,0245471111,37.6892519,140.470385,birth_navi,birth_navi_crosschecked_mhlw_100_500m,0,0.0,1,1,0,0710710000016
GCP-10285,地方独立行政法人　佐世保市総合医療センター,佐世保市総合医療センター,1,病院,10285,1,1,0,10285,長崎県佐世保市平瀬町９番地３,0956241515,33.1728583,129.7160374,birth_navi,birth_navi_crosschecked_mhlw_within_100m,0,0.0,0,1,0,421hsa0013
GCP-10286,京都府立医科大学附属北部医療センター,京都府立医科大学附属北部医療センター,1,病院,10286,1,1,0,10286,京都府与謝郡与謝野町字男山４８１,0772463371,35.5695703,135.1657016,birth_navi,birth_navi_not_crosschecked,0,0.0,0,1,1,
GCP-10287,独立行政法人国立病院機構別府医療センター,国立病院機構別府医療センター,1,病院,10287,1,1,0,10287,大分県別府市大字内竈１４７３番地,0977671111,33.3318643,131.4853082,birth_navi,birth_navi_crosschecked_mhlw_within_100m,0,0.0,0,1,1,4411007600000
GCP-10288,横浜南共済病院,横浜南共済病院,1,病院,10288,1,1,0,10288,神奈川県横浜市金沢区六浦東１－２１－１,0457822101,35.3205734,139.6227363,birth_navi,birth_navi_not_crosschecked,0,0.0,0,1,0,
GCP-10289,社会福祉法人北海道社会事業協会富良野病院,北海道社会事業協会富良野病院,1,病院,10289,1,1,0,10289,北海道富良野市住吉町１番３０号,0167232181,43.3475434,142.3927039,birth_navi,birth_navi_not_crosschecked,0,0.0,0,1,1,
GCP-10290,特定医療法人　愛仁会　太田総合病院,特定愛仁会太田総合病院,1,病院,10290,1,1,0,10290,神奈川県　川崎市川崎区日進町1-50,0442440131,35.5282105,139.6959025,birth_navi,birth_navi_not_crosschecked,0,0.0,1,1,1,
GCP-10291,徳島県鳴門病院,徳島県鳴門病院,1,病院,10291,3,1,2,10291;14639;14641,徳島県鳴門市撫養町黒崎字小谷３２,0886830011,34.1826707,134.5941651,birth_navi,birth_navi_crosschecked_mhlw_within_100m,0,0.0,1,1,1,3611365200450
GCP-10292,沖縄県立北部病院,沖縄県立北部病院,1,病院,10292,1,1,0,10292,沖縄県名護市大中２丁目１２－３,0980522719,26.5924311,127.9859886,birth_navi,birth_navi_not_crosschecked,0,0.0,1,1,0,
GCP-10293,島根県立中央病院,島根県立中央病院,1,病院,10293,1,1,0,10293,島根県出雲市姫原四丁目１番地１,0853225111,35.3750495,132.7546407,birth_navi,birth_navi_not_crosschecked,0,0.0,1,1,1,
GCP-10294,一宮市立市民病院,一宮市立市民病院,1,病院,10294,1,1,0,10294,愛知県一宮市文京２－２－２２,0586711911,35.3129939,136.8058864,birth_navi,birth_navi_crosschecked_mhlw_within_100m,0,0.0,1,1,1,2311230100020
GCP-10295,社会福祉法人大阪暁明館　大阪暁明館病院,大阪暁明館大阪暁明館病院,1,病院,10295,1,1,0,10295,大阪府大阪市此花区西九条５－４－８,0664620261,34.6843497,135.4650177,birth_navi,birth_navi_crosschecked_mhlw_within_100m,0,0.0,1,1,1,2711270005760
GCP-10296,学校法人　関西医科大学　関西医科大学総合医療センター,学校法人関西医科大学関西医科大学総合医療センター,1,病院,10296,1,1,0,10296,大阪府守口市文園町１０－１５,0669921001,34.7288134,135.556303,birth_navi,birth_navi_crosschecked_mhlw_within_100m,0,0.0,1,1,1,2711270002930
GCP-10297,半田市立半田病院,半田市立半田病院,1,病院,10297,1,1,0,10297,愛知県半田市東洋町２丁目２９番地,0569229881,34.8921244,136.9398761,birth_navi,birth_navi_not_crosschecked,0,0.0,0,1,0,
GCP-10298,国家公務員共済組合連合会　立川病院,国家公務員共済組合連合会立川病院,1,病院,10298,1,1,0,10298,東京都立川市錦町４－２－２２,0425233131,35.6930018,139.4222591,birth_navi,birth_navi_crosschecked_mhlw_within_100m,0,0.0,1,1,1,1311137900250
GCP-10299,富山県済生会高岡病院,富山県済生会高岡病院,1,病院,10299,1,1,0,10299,富山県高岡市二塚３８７－１,0766210570,36.7214017,137.0153398,birth_navi,birth_navi_crosschecked_mhlw_within_100m,0,0.0,0,1,1,1611160212605
GCP-10300,名寄市立総合病院,名寄市立総合病院,1,病院,10300,1,1,0,10300,北海道名寄市西７条南８丁目１,0165433101,44.348477,142.4512648,birth_navi,birth_navi_crosschecked_mhlw_within_100m,0,0.0,0,1,0,0111010004650
GCP-10301,相模原協同病院,相模原協同病院,1,病院,10301,1,1,0,10301,神奈川県相模原市緑区橋本台４－３－１,0427616020,35.5892713,139.3240775,birth_navi,birth_navi_not_crosschecked,0,0.0,0,1,1,
GCP-10302,名古屋掖済会病院,名古屋掖済会病院,1,病院,10302,1,1,0,10302,愛知県名古屋市中川区松年町４丁目６６番地,0526527711,35.1199639,136.8734814,birth_navi,birth_navi_crosschecked_mhlw_within_100m,0,0.0,1,1,0,2311232300230
GCP-10303,関門医療センター,関門医療センター,1,病院,10303,1,1,0,10303,山口県下関市長府外浦町１－１,0832411199,33.9884989,130.9923777,birth_navi,birth_navi_not_crosschecked,0,0.0,0,1,0,
GCP-10304,手稲渓仁会病院,手稲渓仁会病院,1,病院,10304,1,1,0,10304,北海道札幌市手稲区前田１条１２丁目１番４０号,0116818111,43.1220734,141.2430802,birth_navi,birth_navi_crosschecked_mhlw_within_100m,0,0.0,1,1,1,0111010002020
GCP-10305,厚木市立病院,厚木市立病院,1,病院,10305,1,1,0,10305,神奈川県厚木市水引１丁目１６－３６,0462211570,35.4490176,139.360206,birth_navi,birth_navi_crosschecked_mhlw_100_500m,0,0.0,1,1,1,1411401269300
GCP-10307,成田赤十字病院,成田赤十字病院,1,病院,10307,1,1,0,10307,千葉県成田市飯田町90番地1,0476222311,35.7651851,140.3037876,birth_navi,birth_navi_crosschecked_mhlw_within_100m,0,0.0,1,1,0,1211202420100
GCP-10308,社会福祉法人恩賜財団済生会支部新潟県済生会済生会新潟病院,恩賜財団済生会支部新潟県済生会済生会新潟病院,1,病院,10308,1,1,0,10308,新潟県新潟市西区寺地２８０ー７,0252336161,37.8787698,139.0048041,birth_navi,birth_navi_crosschecked_mhlw_within_100m,0,0.0,1,1,1,151BYNCX00007
GCP-10309,長浜赤十字病院,長浜赤十字病院,1,病院,10309,1,1,0,10309,滋賀県長浜市宮前町１４－７,0749632111,35.3834727,136.2733082,birth_navi,birth_navi_crosschecked_mhlw_within_100m,0,0.0,1,1,0,2511250000320
GCP-10310,公益財団法人榊原記念財団　附属　榊原記念病院,榊原記念財団附属榊原記念病院,1,病院,10310,1,1,0,10310,東京都府中市朝日町３－１６－１,0423143111,35.6661439,139.5206989,birth_navi,birth_navi_crosschecked_mhlw_within_100m,0,0.0,1,1,1,1311139400190
GCP-10311,日本赤十字社愛知医療センター名古屋第一病院,日本赤十字社愛知医療センター名古屋第一病院,1,病院,10311,1,1,0,10311,愛知県名古屋市中村区道下町３ー３５,0524815111,35.1724279,136.8617359,birth_navi,birth_navi_not_crosschecked,0,0.0,0,1,1,
GCP-10312,都留市立病院,都留市立病院,1,病院,10312,1,1,0,10312,山梨県都留市つる五丁目１番５５号,0570004970,35.5626973,138.9030896,birth_navi,birth_navi_crosschecked_mhlw_within_100m,0,0.0,1,1,1,1911190000059
GCP-10313,広島市立北部医療センター安佐市民病院,広島市立北部医療センター安佐市民病院,1,病院,10313,1,1,0,10313,広島県広島市安佐北区亀山南１丁目２－１,0828155211,34.5167275,132.4968884,birth_navi,birth_navi_not_crosschecked,0,0.0,1,1,0,
GCP-10314,茨城西南医療センター病院,茨城西南医療センター病院,1,病院,10314,1,1,0,10314,茨城県猿島郡境町2190,0280878111,36.1084158,139.7950318,birth_navi,birth_navi_crosschecked_mhlw_within_100m,0,0.0,1,1,1,081108650154
GCP-10315,神戸大学医学部附属病院,神戸大学医学部附属病院,1,病院,10315,1,1,0,10315,兵庫県神戸市中央区楠町7丁目５番２号,0783825111,34.6855853,135.1699095,birth_navi,birth_navi_crosschecked_mhlw_100_500m,0,0.0,1,1,0,2811280000220
GCP-10316,新潟市民病院,新潟市民病院,1,病院,10316,1,1,0,10316,新潟県新潟市中央区鐘木463番地7,0252815151,37.8749939,139.0415774,birth_navi,birth_navi_crosschecked_mhlw_within_100m,0,0.0,0,1,1,151BYNCX00006
GCP-10317,富士吉田市立病院,富士吉田市立病院,1,病院,10317,1,1,0,10317,山梨県富士吉田市上吉田東７丁目１１番１号,0555224111,35.4649093,138.8061411,birth_navi,birth_navi_not_crosschecked,0,0.0,1,1,0,
GCP-10318,県立広島病院,県立広島病院,1,病院,10318,1,1,0,10318,広島県広島市南区宇品神田１丁目５番５４号,0822541818,34.3666402,132.4668073,birth_navi,birth_navi_not_crosschecked,0,0.0,0,1,0,
GCP-10319,日本赤十字社栃木県支部足利赤十字病院,日本赤十字社栃木県支部足利赤十字病院,1,病院,10319,1,1,0,10319,栃木県足利市五十部町２８４－１,0284210121,36.3395713,139.4218501,birth_navi,birth_navi_crosschecked_mhlw_within_100m,0,0.0,1,1,1,0911090002000
GCP-10320,中津市立中津市民病院,中津市立中津市民病院,1,病院,10320,1,1,0,10320,大分県中津市下池永１７３,0979222480,33.5901169,131.2161328,birth_navi,birth_navi_crosschecked_mhlw_within_100m,0,0.0,0,1,0,4411009000000
GCP-10321,杏林大学医学部付属杉並病院,杏林大学医学部付属杉並病院,1,病院,10321,1,1,0,10321,東京都杉並区和田二丁目２５番１号,0333831281,35.6900867,139.655811,birth_navi,birth_navi_crosschecked_mhlw_within_100m,0,0.0,1,1,1,1311315970009
GCP-10322,独立行政法人労働者健康安全機構中国労災病院,労働者健康安全機構中国労災病院,1,病院,10322,1,1,0,10322,広島県呉市広多賀谷１－５－１,0823727171,34.2302573,132.6136323,birth_navi,birth_navi_crosschecked_mhlw_within_100m,0,0.0,0,1,1,3411340012940
GCP-10323,岡山大学病院,岡山大学病院,1,病院,10323,2,1,1,10323;14525,岡山県岡山市北区鹿田町２－５－１,0862237151,34.6490999,133.9196585,birth_navi,birth_navi_not_crosschecked,0,0.0,0,1,1,
GCP-10324,独立行政法人労働者健康安全機構　千葉労災病院,労働者健康安全機構千葉労災病院,1,病院,10324,1,1,0,10324,千葉県市原市辰巳台東2-16,0436741111,35.5198367,140.1590888,birth_navi,birth_navi_crosschecked_mhlw_100_500m,0,0.0,1,1,0,1211204537300
GCP-10325,横浜市立大学附属市民総合医療センター,横浜市立大学附属市民総合医療センター,1,病院,10325,1,1,0,10325,神奈川県横浜市南区浦舟町４－５７,0452615656,35.4336526,139.6250798,birth_navi,birth_navi_not_crosschecked,0,0.0,0,1,0,
GCP-10326,高松赤十字病院,高松赤十字病院,1,病院,10326,1,1,0,10326,香川県高松市番町4丁目１番３号,0878317101,34.3410472,134.0432299,birth_navi,birth_navi_not_crosschecked,0,0.0,1,1,0,
GCP-10327,石川県立中央病院,石川県立中央病院,1,病院,10327,1,1,0,10327,石川県金沢市鞍月東２－１,0762378211,36.5964967,136.6298313,birth_navi,birth_navi_not_crosschecked,0,0.0,0,1,0,
GCP-10329,総合病院　庄原赤十字病院,総合病院庄原赤十字病院,1,病院,10329,1,1,0,10329,広島県庄原市西本町二丁目７番１０号,0824723111,34.8582951,133.010482,birth_navi,birth_navi_crosschecked_mhlw_within_100m,0,0.0,1,1,1,3411340028000
GCP-10330,公立能登総合病院,公立能登総合病院,1,病院,10330,1,1,0,10330,石川県七尾市ア部６番地４,0767526611,37.0438483,136.9641261,birth_navi,birth_navi_not_crosschecked,0,0.0,0,1,1,
GCP-10331,諏訪赤十字病院,諏訪赤十字病院,1,病院,10331,2,1,1,10331;13832,長野県諏訪市湖岸通り５丁目１１番５０号,0266526111,36.0434956,138.1071586,birth_navi,birth_navi_crosschecked_mhlw_within_100m,0,62.4,1,1,1,2011205401210
GCP-10332,高知赤十字病院,高知赤十字病院,1,病院,10332,1,1,0,10332,高知県高知市秦南町1丁目４番６３－１１号,0888221201,33.5757643,133.5446996,birth_navi,birth_navi_crosschecked_mhlw_100_500m,0,0.0,1,1,1,3911395102320
GCP-10333,医療法人　慈正会　丸山記念総合病院,慈正会丸山記念総合病院,1,病院,10333,1,1,0,10333,埼玉県さいたま市岩槻区本町２丁目１０番５号,0487573511,35.9453775,139.6952855,birth_navi,birth_navi_not_crosschecked,0,0.0,0,1,1,
GCP-10334,医療法人徳洲会湘南鎌倉総合病院,徳洲会湘南鎌倉総合病院,1,病院,10334,1,1,0,10334,神奈川県鎌倉市岡本1370-1,0467461717,35.3460552,139.5194489,birth_navi,birth_navi_not_crosschecked,0,0.0,1,1,0,
GCP-10335,船橋二和病院,船橋二和病院,1,病院,10335,1,1,0,10335,千葉県船橋市二和東５－１－１,0474487111,35.7512189,140.0208017,birth_navi,birth_navi_not_crosschecked,0,0.0,0,1,1,
GCP-10336,地方独立行政法人東京都立病院機構　東京都立多摩総合医療センター,東京都立病院機構東京都立多摩総合医療センター,1,病院,10336,1,1,0,10336,東京都府中市武蔵台２－８－２９,0423235111,35.6927933,139.463631,birth_navi,birth_navi_crosschecked_mhlw_100_500m,0,0.0,1,1,0,1311137101772
GCP-10337,加古川中央市民病院,加古川中央市民病院,1,病院,10337,1,1,0,10337,兵庫県加古川市加古川町本町４３９番地,0794515500,34.770685,134.8328801,birth_navi,birth_navi_crosschecked_mhlw_within_100m,0,0.0,1,1,1,2811280003870
GCP-10338,大館市立総合病院,大館市立総合病院,1,病院,10338,1,1,0,10338,秋田県大館市豊町３番１号,0186425370,40.2727409,140.5544852,birth_navi,birth_navi_crosschecked_mhlw_within_100m,0,0.0,1,1,0,0511050100050
GCP-10339,上都賀総合病院,上都賀総合病院,1,病院,10339,2,1,1,10339;13033,栃木県鹿沼市下田町一丁目１０３３番,0289642161,36.5616936,139.7506766,birth_navi,birth_navi_not_crosschecked,0,0.0,0,1,1,
GCP-10340,竹山病院,竹山病院,1,病院,10340,1,1,0,10340,新潟県新潟市中央区上大川前通り6番町1183,0252287171,37.920759,139.0473059,birth_navi,birth_navi_not_crosschecked,0,0.0,1,1,1,
GCP-10341,さんむ医療センター,さんむ医療センター,1,病院,10341,1,1,0,10341,千葉県山武市成東１６７,0475822521,35.6006627,140.4115211,birth_navi,birth_navi_not_crosschecked,0,0.0,0,1,1,
GCP-10342,鳥取赤十字病院,鳥取赤十字病院,1,病院,10342,1,1,0,10342,鳥取県鳥取市尚徳町１１７,0857248111,35.5012616,134.2358803,birth_navi,birth_navi_crosschecked_mhlw_within_100m,0,0.0,1,1,0,3113112000002
GCP-10343,岸和田徳洲会病院,岸和田徳洲会病院,1,病院,10343,1,1,0,10343,大阪府岸和田市加守町４丁目２７－１,0724459915,34.4714008,135.3920448,birth_navi,birth_navi_not_crosschecked,0,0.0,0,1,0,
GCP-10344,医療法人和光会　光病院,和光会光病院,1,病院,10344,1,1,0,10344,群馬県藤岡市本郷１０４５,0274241234,36.2281735,139.0736323,birth_navi,birth_navi_not_crosschecked,0,0.0,0,1,1,
GCP-10345,公立甲賀病院,公立甲賀病院,1,病院,10345,1,1,0,10345,滋賀県甲賀市水口町松尾１２５６,0748620234,34.9827232,136.178192,birth_navi,birth_navi_crosschecked_mhlw_within_100m,0,0.0,1,1,1,2511250000110
GCP-10346,ＮＴＴ東日本札幌病院,ntt東日本札幌病院,1,病院,10346,1,1,0,10346,北海道札幌市中央区南１条西１５丁目２９０番地,0116237000,43.0562241,141.3345824,birth_navi,birth_navi_crosschecked_mhlw_within_100m,0,0.0,1,1,1,0111010000060
GCP-10347,越谷市立病院,越谷市立病院,1,病院,10347,2,1,1,10347;13122,埼玉県越谷市東越谷１０－３２,0489652221,35.8995941,139.8034882,birth_navi,birth_navi_not_crosschecked,0,0.0,0,1,1,
GCP-10348,大津赤十字病院,大津赤十字病院,1,病院,10348,1,1,0,10348,滋賀県大津市長等1-1-35,0775224131,35.006814,135.8599238,birth_navi,birth_navi_crosschecked_mhlw_within_100m,0,0.0,1,1,1,2511250000270
GCP-10349,品川病院,品川病院,1,病院,10349,1,1,0,10349,長崎県壱岐市郷ノ浦町東触８５４－２,0920470121,33.7547339,129.7027206,birth_navi,birth_navi_not_crosschecked,0,0.0,0,1,1,
GCP-10350,社会福祉法人　三井記念病院,三井記念病院,1,病院,10350,1,1,0,10350,東京都千代田区神田和泉町１,0338629111,35.6992439,139.7759687,birth_navi,birth_navi_crosschecked_mhlw_100_500m,0,0.0,1,1,0,1311130201020
GCP-10351,浜松医科大学医学部附属病院,浜松医科大学医学部附属病院,1,病院,10351,2,1,1,10351;15581,静岡県浜松市中央区半田山１－２０－１,0534352111,34.7704234,137.7434382,birth_navi,birth_navi_not_crosschecked,0,0.0,0,1,1,
GCP-10352,日本赤十字社東京都支部大森赤十字病院,日本赤十字社東京都支部大森赤十字病院,1,病院,10352,1,1,0,10352,東京都大田区中央４－３０－１,0337753111,35.5793375,139.718105,birth_navi,birth_navi_crosschecked_mhlw_within_100m,0,0.0,1,1,1,1311132300190
GCP-10353,新潟県厚生農業共同組合連合会　長岡中央綜合病院,新潟県厚生農業共同組合連合会長岡中央綜合病院,1,病院,10353,1,1,0,10353,新潟県長岡市川崎町2041番地,0258353700,37.4515083,138.8794725,birth_navi,birth_navi_not_crosschecked,0,0.0,1,1,1,
GCP-10355,愛知県厚生農業協同組合連合会　豊田厚生病院,愛知県厚生農業協同組合連合会豊田厚生病院,1,病院,10355,1,1,0,10355,愛知県厚生農業協同組合連合会　豊田厚生病院豊田市浄水町一丁目58番地3,0565435000,35.1203166,137.1347032,birth_navi,birth_navi_not_crosschecked,0,0.0,1,1,1,
GCP-10357,市立秋田総合病院,市立秋田総合病院,1,病院,10357,1,1,0,10357,秋田県秋田市川元松丘町４番３０号,0570014171,39.7128343,140.1025967,birth_navi,birth_navi_crosschecked_mhlw_100_500m,0,0.0,1,1,0,0511050500140
GCP-10358,砂川市立病院,砂川市立病院,1,病院,10358,1,1,0,10358,北海道砂川市西４条北３丁目,0125542131,43.494043,141.9051294,birth_navi,birth_navi_crosschecked_mhlw_within_100m,0,0.0,0,1,1,0111010003840
GCP-10359,綜合病院　山口赤十字病院,綜合病院山口赤十字病院,1,病院,10359,1,1,0,10359,山口県山口市八幡馬場　５３－１,0839230111,34.1845299,131.4817264,birth_navi,birth_navi_crosschecked_mhlw_within_100m,0,0.0,1,1,1,3511355700560
GCP-10360,江別市立病院,江別市立病院,1,病院,10360,1,1,0,10360,北海道江別市若草町６番地,0113825151,43.1125841,141.5430431,birth_navi,birth_navi_not_crosschecked,0,0.0,0,1,1,
GCP-10361,信和会　明和病院,信和会明和病院,1,病院,10361,1,1,0,10361,兵庫県西宮市上鳴尾町４－３１,0798471767,34.7223692,135.3701321,birth_navi,birth_navi_not_crosschecked,0,0.0,0,1,1,
GCP-10362,市立甲府病院,市立甲府病院,1,病院,10362,1,1,0,10362,山梨県甲府市増坪町３６６,0552441111,35.634435,138.5909889,birth_navi,birth_navi_crosschecked_mhlw_within_100m,0,0.0,1,1,0,1911190000005
GCP-10363,地方独立行政法人東京都立病院機構　東京都立大塚病院,東京都立病院機構東京都立大塚病院,1,病院,10363,1,1,0,10363,東京都豊島区南大塚２－８－１,0339413211,35.7253145,139.7322808,birth_navi,birth_navi_crosschecked_mhlw_100_500m,0,0.0,1,1,1,1311133700250
GCP-10364,医療法人徳洲会　神戸徳洲会病院,徳洲会神戸徳洲会病院,1,病院,10364,1,1,0,10364,兵庫県神戸市垂水区上高丸１－３－１０,0787071110,34.6412411,135.0502978,birth_navi,birth_navi_not_crosschecked,0,0.0,0,1,1,
GCP-10365,独立行政法人国立病院機構仙台医療センター,国立病院機構仙台医療センター,1,病院,10365,1,1,0,10365,宮城県仙台市宮城野区宮城野２丁目１１－１２,0222931111,38.2600876,140.9056462,birth_navi,birth_navi_crosschecked_mhlw_within_100m,0,0.0,1,1,0,041900005
GCP-10366,市立吹田市民病院,市立吹田市民病院,1,病院,10366,2,1,1,10366;14227,大阪府吹田市岸部新町５番７号,0663873311,34.7769116,135.5382625,birth_navi,birth_navi_crosschecked_mhlw_within_100m,0,0.0,1,1,1,2711270006780
GCP-10367,ヨナハ丘の上病院,ヨナハ丘の上病院,1,病院,10367,2,1,1,10367;14154,三重県桑名市さくらの丘１番地,0594414781,35.0671605,136.6544898,birth_navi,birth_navi_crosschecked_mhlw_within_100m,0,0.0,1,1,1,2411249000012
GCP-10368,昭和医科大学病院,昭和医科大学病院,1,病院,10368,1,1,0,10368,東京都品川区旗の台1-5-8,0337848000,35.6083886,139.7035693,birth_navi,birth_navi_crosschecked_mhlw_within_100m,0,0.0,1,1,1,1311132000230
GCP-10369,天草中央総合病院,天草中央総合病院,1,病院,10369,1,1,0,10369,熊本県天草市東町１０１番地,0969220011,32.4496732,130.200266,birth_navi,birth_navi_crosschecked_mhlw_within_100m,0,0.0,1,1,1,431143630012
GCP-10370,独立行政法人労働者健康安全機構九州労災病院,労働者健康安全機構九州労災病院,1,病院,10370,1,1,0,10370,福岡県北九州市小倉南区曽根北町１番１号,0934711121,33.8372974,130.9383336,birth_navi,birth_navi_crosschecked_mhlw_within_100m,0,0.0,0,1,1,4011400004210
GCP-10371,地方独立行政法人大阪府立病院機構大阪急性期・総合医療センター,大阪府立病院機構大阪急性期総合医療センター,1,病院,10371,1,1,0,10371,大阪府大阪市住吉区万代東3-1-56,0666921201,34.6171877,135.5059155,birth_navi,birth_navi_crosschecked_mhlw_within_100m,0,0.0,1,1,0,2711270001860
GCP-10372,大阪市立十三市民病院,大阪市立十三市民病院,1,病院,10372,2,1,1,10372;14243,大阪府大阪市淀川区野中北２丁目１２番２７号,0661508000,34.7278475,135.4776938,birth_navi,birth_navi_crosschecked_mhlw_within_100m,0,0.0,1,1,1,2711270006230
GCP-10373,社会福祉法人北海道社会事業協会帯広病院,北海道社会事業協会帯広病院,1,病院,10373,2,1,1,10373;12638,北海道帯広市東5条南9丁目2番地,0155226600,42.9226623,143.213993,birth_navi,birth_navi_crosschecked_mhlw_within_100m,0,0.0,1,1,1,0111010005390
GCP-10374,神奈川県厚生農業協同組合連合会　伊勢原協同病院,神奈川県厚生農業協同組合連合会伊勢原協同病院,1,病院,10374,1,1,0,10374,神奈川県伊勢原市田中３４５,0463942111,35.4030871,139.3171347,birth_navi,birth_navi_crosschecked_mhlw_within_100m,0,0.0,1,1,1,1411402003300
GCP-10375,名城病院,名城病院,1,病院,10375,1,1,0,10375,沖縄県うるま市赤道１７５－３,0989742121,26.3535799,127.8306098,birth_navi,birth_navi_not_crosschecked,0,0.0,0,1,0,
GCP-10376,日本私立学校振興・共済事業団　東京臨海病院,日本私立学校振興共済事業団東京臨海病院,1,病院,10376,1,1,0,10376,東京都江戸川区臨海町1町目4番2号,0356058811,35.6523528,139.8536409,birth_navi,birth_navi_not_crosschecked,0,0.0,0,1,1,
GCP-10377,宮崎県立延岡病院,宮崎県立延岡病院,1,病院,10377,1,1,0,10377,宮崎県延岡市新小路２丁目１番地１０,0982326181,32.5702167,131.66633,birth_navi,birth_navi_crosschecked_mhlw_within_100m,0,0.0,0,1,0,4511450300100
GCP-10378,独立行政法人国立病院機構高知病院,国立病院機構高知病院,1,病院,10378,1,1,0,10378,高知県高知市朝倉西町１丁目２番２５号,0888443111,33.5428709,133.4851655,birth_navi,birth_navi_crosschecked_mhlw_within_100m,0,0.0,1,1,1,3911395102610
GCP-10379,自衛隊中央病院,自衛隊中央病院,1,病院,10379,1,1,0,10379,東京都世田谷区池尻1－2－24,0334110151,35.6428329,139.6835936,birth_navi,birth_navi_crosschecked_mhlw_100_500m,0,0.0,1,1,0,1311132700240
GCP-10380,平塚市民病院,平塚市民病院,1,病院,10380,1,1,0,10380,神奈川県平塚市南原１－１９－１,0463320015,35.3368249,139.3251829,birth_navi,birth_navi_crosschecked_mhlw_within_100m,0,0.0,1,1,1,1411400009100
GCP-10382,町立中標津病院,町立中標津病院,1,病院,10382,1,1,0,10382,北海道標津郡中標津町西10条南9丁目1番地1,0153728200,43.5363843,144.9722013,birth_navi,birth_navi_crosschecked_mhlw_within_100m,0,0.0,1,1,1,0111010005990
GCP-10383,東海大学医学部付属八王子病院,東海大学医学部付属八王子病院,1,病院,10383,2,1,1,10383;13363,東京都八王子市石川町１８３８,0426391111,35.6732335,139.3569614,birth_navi_manual_confirmation,manual_confirmed_birth_navi,0,0.0,1,1,1,1311137304890
GCP-10384,医療法人一祐会　藤本病院,一祐会藤本病院,1,病院,10384,1,1,0,10384,大阪府寝屋川市八阪町２番３号,0728241212,34.7523241,135.5421588,birth_navi,birth_navi_not_crosschecked,0,0.0,0,1,1,
GCP-10385,江南厚生病院,江南厚生病院,1,病院,10385,2,1,1,10385;14094,愛知県江南市高屋町大松原１３７番地,0587513333,35.3565583,136.8780968,birth_navi,birth_navi_not_crosschecked,0,0.0,1,1,1,
GCP-10386,三重県厚生農業協同組合連合会　三重北医療センターいなべ総合病院,三重県厚生農業協同組合連合会三重北医療センターいなべ総合病院,1,病院,10386,1,1,0,10386,三重県いなべ市北勢町阿下喜７７１,0594722000,35.1468943,136.5139447,birth_navi,birth_navi_crosschecked_mhlw_within_100m,0,0.0,1,1,1,2411240000040
GCP-10387,公立大学法人横浜市立大学附属病院,横浜市立大学附属病院,1,病院,10387,1,1,0,10387,神奈川県横浜市金沢区福浦３－９,0457872800,35.3435667,139.6520986,birth_navi,birth_navi_crosschecked_mhlw_100_500m,0,0.0,1,1,0,1411405511200
GCP-10388,独立行政法人国立病院機構相模原病院,国立病院機構相模原病院,1,病院,10388,1,1,0,10388,神奈川県相模原市南区桜台１８－１,0427428311,35.5205672,139.4109997,birth_navi,birth_navi_crosschecked_mhlw_within_100m,0,0.0,0,1,1,1411410715500
GCP-10389,大阪市立総合医療センター,大阪市立総合医療センター,1,病院,10389,1,1,0,10389,大阪府大阪市都島区都島本通2-13-22,0669291221,34.7070581,135.5241806,birth_navi,birth_navi_not_crosschecked,0,0.0,1,1,0,
GCP-10390,川崎医科大学附属病院,川崎医科大学附属病院,1,病院,10390,1,1,0,10390,岡山県倉敷市松島577番地,0864621111,34.6333205,133.8113513,birth_navi,birth_navi_crosschecked_mhlw_100_500m,0,0.0,1,1,1,3311330001210
GCP-10391,"学校法人　国際医療福祉大学
　国際医療福祉大学病院",学校法人国際医療福祉大学国際医療福祉大学病院,1,病院,10391,1,1,0,10391,栃木県那須塩原市井口５３７－３,0287372221,36.911295,139.9712618,birth_navi,birth_navi_not_crosschecked,0,0.0,1,1,1,
GCP-10392,社会医療法人　財団新和会　八千代病院,社会財団新和会八千代病院,1,病院,10392,1,1,0,10392,愛知県安城市住吉町２－２－７,0566978111,34.9866471,137.0799264,birth_navi,birth_navi_crosschecked_mhlw_within_100m,0,0.0,1,1,1,2311231400040
GCP-10393,医療法人社団公和会中村記念愛成病院,公和会中村記念愛成病院,1,病院,10393,1,1,0,10393,北海道北見市高栄東町4丁目20番1号,0157248131,43.818924,143.8745317,birth_navi,birth_navi_not_crosschecked,0,0.0,1,1,1,
GCP-10394,三重県立総合医療センター,三重県立総合医療センター,1,病院,10394,1,1,0,10394,三重県四日市市大字日永５４５０－１３２,0593452321,34.9431085,136.5895441,birth_navi,birth_navi_crosschecked_mhlw_within_100m,0,0.0,1,1,0,2411240000540
GCP-10395,松江市立病院,松江市立病院,1,病院,10395,1,1,0,10395,島根県松江市乃白町32番地1,0852608000,35.4377708,133.0562501,birth_navi,birth_navi_not_crosschecked,0,0.0,1,1,1,
GCP-10396,松戸市立総合医療センター,松戸市立総合医療センター,1,病院,10396,1,1,0,10396,千葉県松戸市千駄堀９９３－１,0477122511,35.8028249,139.9330056,birth_navi,birth_navi_crosschecked_mhlw_within_100m,0,0.0,1,1,0,1211201356000
GCP-10397,市立池田病院,市立池田病院,1,病院,10397,1,1,0,10397,大阪府池田市城南３－１－１８,0727512881,34.8210382,135.4334256,birth_navi,birth_navi_crosschecked_mhlw_within_100m,0,0.0,1,1,0,2711270002290
GCP-10398,益田赤十字病院,益田赤十字病院,1,病院,10398,1,1,0,10398,島根県益田市乙吉町イ１０３番地１,0856221480,34.684034,131.8413338,birth_navi,birth_navi_crosschecked_mhlw_within_100m,0,0.0,0,1,1,3211325800160
GCP-10399,あさぎり病院,あさぎり病院,1,病院,10399,1,1,0,10399,兵庫県明石市朝霧台１１２０番地の２,0789127575,34.6546988,135.0178068,birth_navi,birth_navi_crosschecked_mhlw_within_100m,0,0.0,1,1,1,2811280002490
GCP-10400,医療法人　徳洲会　千葉西総合病院,徳洲会千葉西総合病院,1,病院,10400,1,1,0,10400,千葉県松戸市金ケ作１０７－１,0473848111,35.8046099,139.9458334,birth_navi,birth_navi_crosschecked_mhlw_within_100m,0,0.0,1,1,1,1211201361700
GCP-10401,海老名総合病院,海老名総合病院,1,病院,10401,1,1,0,10401,神奈川県海老名市中央四丁目16番1号,0462331311,35.4473908,139.385612,birth_navi,birth_navi_crosschecked_mhlw_within_100m,0,0.0,1,1,1,1411401279000
GCP-10402,公益社団法人地域医療振興協会　練馬光が丘病院,地域医療振興協会練馬光が丘病院,1,病院,10402,1,1,0,10402,東京都練馬区光が丘２－５ー１,0339793611,35.7613994,139.6344081,birth_navi,birth_navi_crosschecked_mhlw_within_100m,0,0.0,1,1,1,1311136400000
GCP-10403,日本医科大学付属病院,日本医科大学付属病院,1,病院,10403,1,1,0,10403,東京都文京区千駄木一丁目一番五号,0338222131,35.7212451,139.7594054,birth_navi,birth_navi_not_crosschecked,0,0.0,0,1,0,
GCP-10404,山梨赤十字病院,山梨赤十字病院,1,病院,10404,1,1,0,10404,山梨県南都留郡富士河口湖町船津６６６３ー１,0555722222,35.4843919,138.7666696,birth_navi,birth_navi_not_crosschecked,0,0.0,0,1,0,
GCP-10405,社会医療法人名古屋記念財団名古屋記念病院,社会名古屋記念財団名古屋記念病院,1,病院,10405,1,1,0,10405,愛知県名古屋市天白区平針四丁目305番地,0528041111,35.1218607,137.0064526,birth_navi,birth_navi_not_crosschecked,0,0.0,1,1,1,
GCP-10406,国際医療福祉大学成田病院,国際医療福祉大学成田病院,1,病院,10406,1,1,0,10406,千葉県成田市畑ヶ田８５２,0476355600,35.7605066,140.3515486,birth_navi,birth_navi_not_crosschecked,0,0.0,0,1,0,
GCP-10407,信州大学医学部附属病院,信州大学医学部附属病院,1,病院,10407,1,1,0,10407,長野県松本市旭３丁目１－１,0263354600,36.2500711,137.9799892,birth_navi,birth_navi_crosschecked_mhlw_100_500m,0,0.0,1,1,0,2011205900410
GCP-10408,愛知県厚生農業協同組合連合会　安城更生病院,愛知県厚生農業協同組合連合会安城更生病院,1,病院,10408,1,1,0,10408,愛知県安城市安城町東広畔２８,0566752111,34.9400875,137.0777825,birth_navi,birth_navi_crosschecked_mhlw_within_100m,0,0.0,1,1,1,2311231400010
GCP-10409,医療法人社団　大坪会　東都文京病院,大坪会東都文京病院,1,病院,10409,1,1,0,10409,東京都文京区湯島３－５－７,0338312181,35.7042435,139.7678977,birth_navi,birth_navi_crosschecked_mhlw_within_100m,0,0.0,0,1,1,1311131200860
GCP-10410,富士宮市立病院,富士宮市立病院,1,病院,10410,1,1,0,10410,静岡県富士宮市錦町３番１号,0544273151,35.2196865,138.6153343,birth_navi,birth_navi_not_crosschecked,0,0.0,0,1,1,
GCP-10411,自治医科大学附属さいたま医療センター,自治医科大学附属さいたま医療センター,1,病院,10411,1,1,0,10411,埼玉県さいたま市大宮区天沼町1-847,0486472111,35.907493,139.645509,birth_navi,birth_navi_crosschecked_mhlw_100_500m,0,0.0,1,1,0,1111103872100
GCP-10412,滋賀医科大学医学部附属病院,滋賀医科大学医学部附属病院,1,病院,10412,1,1,0,10412,滋賀県大津市瀬田月輪町,0775482111,34.973461,135.951731,mhlw_iryou_information_net_open_data,mhlw_direct_exact_identity_full_visible_address,0,0.0,1,1,0,2511250000030
GCP-10413,公立昭和病院,公立昭和病院,1,病院,10413,1,1,0,10413,東京都小平市花小金井8-1-1,0424610052,35.7312974,139.503337,birth_navi,birth_navi_crosschecked_mhlw_100_500m,0,0.0,1,1,0,1311138300280
GCP-10415,東京北医療センター,東京北医療センター,1,病院,10415,1,1,0,10415,東京都北区赤羽台4-17-56,0359633311,35.7839511,139.7114033,birth_navi,birth_navi_not_crosschecked,0,0.0,1,1,1,
GCP-10416,湘南東部総合病院,湘南東部総合病院,1,病院,10416,1,1,0,10416,神奈川県茅ヶ崎市西久保５００,0467839111,35.3477624,139.3915328,birth_navi,birth_navi_crosschecked_mhlw_within_100m,0,0.0,0,1,1,1411402668600
GCP-10417,国立大学法人富山大学附属病院,富山大学附属病院,1,病院,10417,1,1,0,10417,富山県富山市杉谷２６３０番地,0764342315,36.6810868,137.1430662,birth_navi,birth_navi_crosschecked_mhlw_100_500m,0,0.0,0,1,0,1611168010035
GCP-10418,総合病院　土浦協同病院,総合病院土浦協同病院,1,病院,10418,1,1,0,10418,茨城県土浦市おおつ野四丁目１番１号,0298303711,36.0844057,140.2602522,birth_navi,birth_navi_crosschecked_mhlw_100_500m,0,0.0,1,1,1,081108590269
GCP-10419,田川市立病院,田川市立病院,1,病院,10419,1,1,0,10419,福岡県田川市立病院大字糒1700番地2,0947442100,33.6594352,130.7994429,birth_navi,birth_navi_not_crosschecked,0,0.0,1,1,1,
GCP-10420,藤枝市立総合病院,藤枝市立総合病院,1,病院,10420,1,1,0,10420,静岡県藤枝市駿河台４－１－１１,0546461111,34.8612864,138.2298955,birth_navi,birth_navi_crosschecked_mhlw_within_100m,0,0.0,1,1,1,2211226101300
GCP-10421,愛知県厚生農業協同組合連合会　稲沢厚生病院,愛知県厚生農業協同組合連合会稲沢厚生病院,1,病院,10421,1,1,0,10421,愛知県稲沢市祖父江町本甲拾町野７,0587972131,35.2525079,136.7324201,birth_navi,birth_navi_crosschecked_mhlw_within_100m,0,0.0,1,1,1,2311230200020
GCP-10422,市立千歳市民病院,市立千歳市民病院,1,病院,10422,1,1,0,10422,北海道千歳市北光２丁目１番１号,0123243000,42.8439296,141.6398608,birth_navi,birth_navi_not_crosschecked,0,0.0,1,1,0,
GCP-10423,独立行政法人国立病院機構舞鶴医療センター,国立病院機構舞鶴医療センター,1,病院,10423,1,1,0,10423,京都府舞鶴市字行永2410番地,0773622680,35.4641588,135.4034817,birth_navi,birth_navi_not_crosschecked,0,0.0,1,1,1,
GCP-10424,公立富岡総合病院,公立富岡総合病院,1,病院,10424,1,1,0,10424,群馬県富岡市富岡2073-1,0274632111,36.2641006,138.9032715,birth_navi,birth_navi_crosschecked_mhlw_within_100m,0,0.0,1,1,1,1011100000077
GCP-10425,香川県立中央病院,香川県立中央病院,1,病院,10425,1,1,0,10425,香川県高松市朝日町１丁目２番１号,0878113333,34.3487849,134.0623821,birth_navi,birth_navi_crosschecked_mhlw_within_100m,0,0.0,1,1,1,3711370500030
GCP-10426,至誠会第二病院,至誠会第二病院,1,病院,10426,1,1,0,10426,東京都世田谷区上祖師谷５－１９－１,0333000366,35.6566563,139.5909023,birth_navi,birth_navi_not_crosschecked,0,0.0,1,1,1,
GCP-10427,公立岩瀬病院,公立岩瀬病院,1,病院,10427,1,1,0,10427,福島県須賀川市北町20番地,0248753111,37.2950578,140.3734949,birth_navi,birth_navi_crosschecked_mhlw_100_500m,0,0.0,1,1,1,0710710000034
GCP-10428,順天堂大学医学部附属練馬病院,順天堂大学医学部附属練馬病院,1,病院,10428,1,1,0,10428,東京都練馬区高野台3-1-10,0359233111,35.7421245,139.6150022,birth_navi,birth_navi_crosschecked_mhlw_within_100m,0,0.0,1,1,1,1311136500190
GCP-10429,奈良県総合医療センター,奈良県総合医療センター,1,病院,10429,1,1,0,10429,奈良県奈良市七条西町二丁目８９７番地５,0742466001,34.6624789,135.7675389,birth_navi,birth_navi_crosschecked_mhlw_within_100m,0,0.0,1,1,1,2911000300000
GCP-10430,獨協医科大学病院,獨協医科大学病院,1,病院,10430,4,1,3,10430;13011;13028;13047,栃木県下都賀郡壬生町北小林８８０,0282861111,36.4728885,139.8233476,birth_navi,birth_navi_not_crosschecked,0,0.0,0,1,1,
GCP-10431,京都山城総合医療センター,京都山城総合医療センター,1,病院,10431,1,1,0,10431,京都府木津川市木津駅前一丁目２７番地,0774720235,34.7359679,135.823685,birth_navi,birth_navi_crosschecked_mhlw_within_100m,0,0.0,1,1,1,2612610000153
GCP-10432,総合大雄会病院,総合大雄会病院,1,病院,10432,1,1,0,10432,愛知県一宮市桜1-9-9,0586721211,35.3057117,136.8063097,birth_navi,birth_navi_not_crosschecked,0,0.0,1,1,1,
GCP-10433,聖路加国際病院,聖路加国際病院,1,病院,10433,1,1,0,10433,東京都中央区明石町9番1号,0335415151,35.6673716,139.7771094,birth_navi,birth_navi_crosschecked_mhlw_within_100m,0,0.0,1,1,0,1311130300460
GCP-10434,仙台市立病院,仙台市立病院,1,病院,10434,1,1,0,10434,宮城県仙台市太白区あすと長町１丁目１番１号,0223087111,38.2319186,140.8883235,birth_navi,birth_navi_crosschecked_mhlw_within_100m,0,0.0,1,1,0,041802107
GCP-10435,大牟田市立病院,大牟田市立病院,1,病院,10435,2,1,1,10435;15019,福岡県大牟田市宝坂町２丁目１９－１,0944531061,33.024229,130.4455965,birth_navi,birth_navi_crosschecked_mhlw_within_100m,0,0.0,1,1,1,4012400300030
GCP-10436,医療法人財団順和会　山王病院,順和会山王病院,1,病院,10436,1,1,0,10436,東京都港区赤坂８－１０－１６,0334023151,35.6697353,139.727363,birth_navi,birth_navi_crosschecked_mhlw_within_100m,0,0.0,1,1,1,1311136000140
GCP-10437,社会医療法人社団健生会　立川相互病院,社会健生会立川相互病院,1,病院,10437,1,1,0,10437,東京都立川市緑町４－１,0425252585,35.7035773,139.4133263,birth_navi,birth_navi_crosschecked_mhlw_within_100m,0,0.0,1,1,0,1311137902010
GCP-10438,地方独立行政法人　宮城県立こども病院,宮城県立こども病院,1,病院,10438,1,1,0,10438,宮城県仙台市青葉区落合４－３－１７,0223915111,38.2747744,140.7825837,birth_navi,birth_navi_crosschecked_mhlw_within_100m,0,0.0,1,1,0,041801752
GCP-10439,社会福祉法人聖母会　聖母病院,聖母会聖母病院,1,病院,10439,1,1,0,10439,東京都新宿区中落合２－５－１,0339511111,35.7198318,139.6944397,birth_navi,birth_navi_crosschecked_mhlw_within_100m,0,0.0,1,1,1,1311131000770
GCP-10440,西条中央病院,西条中央病院,1,病院,10440,1,1,0,10440,愛媛県西条市朔日市804番地,0897560300,33.9291838,133.1793121,birth_navi,birth_navi_crosschecked_mhlw_within_100m,0,0.0,1,1,1,3811385300390
GCP-10441,長岡赤十字病院,長岡赤十字病院,1,病院,10441,1,1,0,10441,新潟県長岡市千秋2丁目297番地1,0258283600,37.4603476,138.8283928,birth_navi,birth_navi_crosschecked_mhlw_within_100m,0,0.0,1,1,1,151BYNGX00002
GCP-10442,社会福祉法人白十字会白十字総合病院,白十字会白十字総合病院,1,病院,10442,1,1,0,10442,茨城県神栖市賀２１４８,0299923311,35.9005423,140.6240115,birth_navi,birth_navi_crosschecked_mhlw_within_100m,0,0.0,0,1,1,081108570061
GCP-10444,東京医科大学茨城医療センター,東京医科大学茨城医療センター,2,有床診療所,10444,1,1,0,10444,茨城県稲敷郡阿見町中央３丁目２０－１,0298871161,36.036079,140.2167157,birth_navi,birth_navi_crosschecked_mhlw_100_500m,0,0.0,1,1,0,081108590171
GCP-10445,社会福祉法人恩賜財団済生会兵庫県病院,恩賜財団済生会兵庫県病院,1,病院,10445,1,1,0,10445,兵庫県神戸市北区藤原台中町５丁目１番１号,0789872222,34.8231299,135.2150114,birth_navi,birth_navi_crosschecked_mhlw_within_100m,0,0.0,1,1,1,2811280000560
GCP-10446,三田市民病院,三田市民病院,1,病院,10446,1,1,0,10446,兵庫県三田市けやき台３ー１－１,0795658000,34.9083312,135.2022055,birth_navi,birth_navi_not_crosschecked,0,0.0,0,1,1,
GCP-10447,新潟県厚生農業協同組合連合会　上越総合病院,新潟県厚生農業協同組合連合会上越総合病院,1,病院,10447,1,1,0,10447,新潟県上越市大道福田６１６番地,0255243000,37.1498392,138.2511273,birth_navi,birth_navi_not_crosschecked,0,0.0,1,1,1,
GCP-10448,医療法人徳洲会宇治徳洲会病院,徳洲会宇治徳洲会病院,1,病院,10448,1,1,0,10448,京都府宇治市槇島町石橋１４５,0774201111,34.903384,135.7864761,birth_navi,birth_navi_crosschecked_mhlw_within_100m,0,0.0,0,1,0,2612610000159
GCP-10449,阪南中央病院,阪南中央病院,1,病院,10449,1,1,0,10449,大阪府松原市南新町3-3-28,0723332100,34.5743017,135.5365335,birth_navi,birth_navi_crosschecked_mhlw_within_100m,0,0.0,1,1,1,2711270003770
GCP-10450,医療法人社団育生会　井上病院,育生会井上病院,1,病院,10450,1,1,0,10450,宮崎県延岡市平原町１丁目９９０番地1,0982215110,32.5552762,131.6751712,birth_navi,birth_navi_crosschecked_mhlw_within_100m,0,0.0,1,1,1,4511450302670
GCP-10451,箕面市立病院,箕面市立病院,1,病院,10451,1,1,0,10451,大阪府箕面市萱野５－７－１,0727282001,34.8237843,135.4842585,birth_navi,birth_navi_crosschecked_mhlw_within_100m,0,0.0,1,1,1,2711270002240
GCP-10452,焼津市立総合病院,焼津市立総合病院,1,病院,10452,1,1,0,10452,静岡県焼津市道原１０００,0546233111,34.8371422,138.3064959,birth_navi,birth_navi_crosschecked_mhlw_within_100m,0,0.0,1,1,0,2211226100840
GCP-10453,愛媛県立中央病院,愛媛県立中央病院,1,病院,10453,1,1,0,10453,愛媛県立中央病院松山市春日町８３番地,0899471111,33.8322879,132.7647708,birth_navi,birth_navi_not_crosschecked,0,0.0,1,1,0,
GCP-10454,国保直営総合病院君津中央病院,国保直営総合病院君津中央病院,1,病院,10454,1,1,0,10454,千葉県木更津市桜井１０１０,0438361071,35.3590818,139.9222692,birth_navi,birth_navi_crosschecked_mhlw_within_100m,0,0.0,0,1,0,1211204160200
GCP-10455,茨城県厚生農業協同組合連合会ＪＡとりで総合医療センター,茨城県厚生農業協同組合連合会jaとりで総合医療センター,1,病院,10455,1,1,0,10455,茨城県取手市本郷２－１－１,0297745551,35.910928,140.0686056,birth_navi,birth_navi_crosschecked_mhlw_within_100m,0,0.0,1,1,1,081108580093
GCP-10456,新潟県立新発田病院,新潟県立新発田病院,1,病院,10456,1,1,0,10456,新潟県新発田市本町１−２−８,0254223121,37.9465652,139.3339747,birth_navi,birth_navi_not_crosschecked,0,0.0,0,1,0,
GCP-10457,医療法人社団愛友会上尾中央総合病院,愛友会上尾中央総合病院,1,病院,10457,1,1,0,10457,埼玉県上尾市柏座１丁目１０－１０,0487731111,35.9751012,139.5853024,birth_navi,birth_navi_crosschecked_mhlw_within_100m,0,0.0,1,1,1,1111108165100
GCP-10458,国家公務員共済組合連合会東北公済病院,国家公務員共済組合連合会東北公済病院,1,病院,10458,1,1,0,10458,宮城県仙台市青葉区国分町２－３－１１,0222272211,38.2628314,140.8681539,birth_navi,birth_navi_crosschecked_mhlw_within_100m,0,0.0,1,1,1,041800246
GCP-10459,医療法人　尚豊会　みたき総合病院,尚豊会みたき総合病院,1,病院,10459,1,1,0,10459,三重県四日市市生桑町菰池４５８－１,0593306000,34.9823221,136.6005703,birth_navi,birth_navi_crosschecked_mhlw_100_500m,0,0.0,1,1,1,2411240000790
GCP-10460,徳島県厚生農業協同組合連合会　吉野川医療センター,徳島県厚生農業協同組合連合会吉野川医療センター,1,病院,10460,1,1,0,10460,徳島県吉野川市鴨島町知恵島字西知恵島１２０,0883262222,34.0807907,134.3487511,birth_navi,birth_navi_not_crosschecked,0,0.0,0,1,1,
GCP-10461,市立奈良病院,市立奈良病院,1,病院,10461,1,1,0,10461,奈良県奈良市東紀寺町１－５０－１,0742241251,34.67188,135.8352412,birth_navi,birth_navi_crosschecked_mhlw_within_100m,0,0.0,1,1,0,2911000100000
GCP-10462,名古屋市立大学医学部附属西部医療センター,名古屋市立大学医学部附属西部医療センター,1,病院,10462,1,1,0,10462,愛知県名古屋市北区平手町１丁目１番地の１,0529918121,35.2029198,136.9014416,birth_navi,birth_navi_crosschecked_mhlw_100_500m,0,0.0,0,1,1,2311232400430
GCP-10463,川西市立総合医療センター,川西市立総合医療センター,1,病院,10463,1,1,0,10463,兵庫県川西市火打１丁目４番１号,0570018199,34.834291,135.4166691,birth_navi,birth_navi_crosschecked_mhlw_within_100m,0,0.0,0,1,1,2811280004080
GCP-10464,鹿児島大学病院,鹿児島大学病院,1,病院,10464,1,1,0,10464,鹿児島県鹿児島市桜ケ丘８丁目３５番１号,0992755111,31.5473607,130.5283106,birth_navi,birth_navi_not_crosschecked,0,0.0,0,1,0,
GCP-10465,医療法人社団　豊德会　丸田病院,豊德会丸田病院,1,病院,10465,1,1,0,10465,宮崎県都城市八幡町４－２,0986237060,31.7215647,131.0583075,birth_navi,birth_navi_crosschecked_mhlw_within_100m,0,0.0,1,1,0,4511450202480
GCP-10466,医療法人徳洲会湘南藤沢徳洲会病院,徳洲会湘南藤沢徳洲会病院,1,病院,10466,1,1,0,10466,神奈川県藤沢市辻堂神台１－５－１,0466351177,35.3411076,139.4449323,birth_navi,birth_navi_crosschecked_mhlw_within_100m,0,0.0,1,1,1,1411422549200
GCP-10467,公立松任石川中央病院,公立松任石川中央病院,1,病院,10467,2,1,1,10467;13666,石川県白山市倉光三丁目8番地,0762752222,36.5109977,136.5650921,birth_navi,birth_navi_crosschecked_mhlw_within_100m,0,0.0,1,1,1,1712110002
GCP-10468,倉敷市立市民病院,倉敷市立市民病院,1,病院,10468,1,1,0,10468,岡山県倉敷市児島駅前２丁目３９番地,0864728111,34.4662408,133.8057916,birth_navi,birth_navi_crosschecked_mhlw_100_500m,0,0.0,1,1,1,3311330001340
GCP-10469,三沢市立三沢病院,三沢市立三沢病院,1,病院,10469,1,1,0,10469,青森県三沢市三沢字堀口１６４番地６５号,0176532161,40.6693604,141.3898541,birth_navi_manual_confirmation,manual_confirmed_birth_navi,0,0.0,1,1,0,0210210000116
GCP-10470,山形県立中央病院,山形県立中央病院,1,病院,10470,1,1,0,10470,山形県山形市大字青柳１８００,0236852626,38.300115,140.34612,mhlw_iryou_information_net_manual_confirmation,manual_confirmed_mhlw_iryou_information_net,0,0.0,1,1,0,061106530078
GCP-10471,石巻赤十字病院,石巻赤十字病院,1,病院,10471,1,1,0,10471,宮城県石巻市蛇田字西道下７１,0225217220,38.4605893,141.2807561,birth_navi,birth_navi_crosschecked_mhlw_100_500m,0,0.0,1,1,0,041800881
GCP-10472,芳賀赤十字病院,芳賀赤十字病院,1,病院,10472,1,1,0,10472,栃木県真岡市中萩二丁目１０番地１,0570012195,36.4515402,140.0118364,birth_navi,birth_navi_crosschecked_mhlw_within_100m,0,0.0,1,1,1,0911090009050
GCP-10473,佐賀県医療センター好生館,佐賀県医療センター好生館,1,病院,10473,1,1,0,10473,佐賀県佐賀市嘉瀬町大字中原４００,0952242171,33.2422892,130.2693249,birth_navi,birth_navi_not_crosschecked,0,0.0,0,1,0,
GCP-10474,南相馬市立総合病院,南相馬市立総合病院,1,病院,10474,1,1,0,10474,福島県南相馬市原町区高見町２丁目５４番地の６,0244223181,37.6375622,140.9851923,birth_navi,birth_navi_not_crosschecked,0,0.0,0,1,1,
GCP-10475,那須赤十字病院,那須赤十字病院,1,病院,10475,2,1,1,10475;13041,栃木県大田原市中田原1081番地4,0287231122,36.8818919,140.0374402,birth_navi,birth_navi_not_crosschecked,0,0.0,1,1,1,
GCP-10476,社会福祉法人　同愛記念病院財団　同愛記念病院,同愛記念病院財団同愛記念病院,1,病院,10476,1,1,0,10476,東京都墨田区横網2-1-11,0570200678,35.6991097,139.7944571,birth_navi,birth_navi_not_crosschecked,0,0.0,1,0,1,
GCP-10477,ベルランド総合病院,ベルランド総合病院,1,病院,10477,1,1,0,10477,大阪府堺市中区東山500番地3,0722342001,34.5179716,135.5082527,birth_navi,birth_navi_crosschecked_mhlw_within_100m,0,0.0,1,1,1,2711270006210
GCP-10478,医療法人鉄蕉会　亀田総合病院,鉄蕉会亀田総合病院,1,病院,10478,1,1,0,10478,千葉県鴨川市東町９２９,0470922211,35.121904,140.1258376,birth_navi,birth_navi_crosschecked_mhlw_within_100m,0,0.0,1,1,1,1211204892500
GCP-10479,京丹後市立弥栄病院,京丹後市立弥栄病院,1,病院,10479,1,1,0,10479,京都府京丹後市弥栄町溝谷３４５２番地の１,0772652003,35.65818,135.0906519,birth_navi,birth_navi_crosschecked_mhlw_within_100m,0,0.0,1,1,1,2612610000005
GCP-10480,医療法人社団善仁会小山記念病院,善仁会小山記念病院,1,病院,10480,1,1,0,10480,茨城県鹿嶋市厨５－１－２,0299851111,35.9737317,140.6263767,birth_navi,birth_navi_not_crosschecked,0,0.0,0,1,1,
GCP-10481,独立行政法人地域医療機能推進機　船橋中央病院,地域医療機能推進機船橋中央病院,1,病院,10481,1,1,0,10481,千葉県船橋市海神6-13-10,0474332111,35.705911,139.9696374,birth_navi,birth_navi_not_crosschecked,0,0.0,1,1,0,
GCP-10482,小豆島中央病院,小豆島中央病院,1,病院,10482,1,1,0,10482,香川県小豆郡小豆島町池田２０６０－１,0879751121,34.4824546,134.234146,birth_navi,birth_navi_not_crosschecked,0,0.0,0,1,1,
GCP-10483,医療法人社団　時正会　佐々総合病院,時正会佐々総合病院,1,病院,10483,1,1,0,10483,東京都西東京市田無町４－２４－１５,0570013399,35.7295605,139.53862,birth_navi,birth_navi_crosschecked_mhlw_within_100m,0,0.0,1,1,0,1311138200250
GCP-10484,長崎県五島中央病院,長崎県五島中央病院,1,病院,10484,1,1,0,10484,長崎県五島市吉久木町２０５番地,0959723181,32.6900625,128.8170889,birth_navi,birth_navi_crosschecked_mhlw_within_100m,0,0.0,1,1,1,421hgo0003
GCP-10485,山陽小野田市民病院,山陽小野田市民病院,1,病院,10485,1,1,0,10485,山口県山陽小野田市大字東高泊１８６３番地１,0836832355,33.9979287,131.1773609,birth_navi,birth_navi_crosschecked_mhlw_within_100m,0,0.0,0,1,1,3511355802060
GCP-10486,沖縄県立宮古病院,沖縄県立宮古病院,1,病院,10486,1,1,0,10486,沖縄県宮古島市平良下里４２７－１,0980723151,24.7993574,125.2763353,birth_navi,birth_navi_not_crosschecked,0,0.0,0,1,0,
GCP-10487,武蔵野赤十字病院,武蔵野赤十字病院,1,病院,10487,1,1,0,10487,東京都武蔵野市境南町１－２６－１,0422323111,35.6959615,139.5478506,birth_navi,birth_navi_crosschecked_mhlw_within_100m,0,0.0,1,1,1,1311138000160
GCP-10488,総合病院　厚生中央病院,総合病院厚生中央病院,1,病院,10488,1,1,0,10488,東京都目黒区三田１－１１－７,0337132141,35.6415832,139.712463,birth_navi,birth_navi_crosschecked_mhlw_within_100m,0,0.0,1,1,1,1311132101010
GCP-10489,利根中央病院,利根中央病院,1,病院,10489,1,1,0,10489,群馬県沼田市沼須町９１０番地１,0278224321,36.6257004,139.0518808,birth_navi,birth_navi_crosschecked_mhlw_within_100m,0,0.0,1,1,1,1011100000089
GCP-10490,社会医療法人愛仁会明石医療センター,社会愛仁会明石医療センター,1,病院,10490,1,1,0,10490,兵庫県明石市大久保町八木743-33,0789361101,34.6748157,134.9376433,birth_navi,birth_navi_not_crosschecked,0,0.0,1,1,1,
GCP-10491,地方独立行政法人山形県・酒田市病院機構　日本海総合病院,山形県酒田市病院機構日本海総合病院,1,病院,10491,1,1,0,10491,山形県酒田市あきほ町30番地,0234262001,38.8907498,139.8539934,birth_navi,birth_navi_not_crosschecked,0,0.0,1,1,1,
GCP-10492,社会医療法人財団　慈泉会 相澤病院,社会慈泉会相澤病院,1,病院,10492,1,1,0,10492,長野県松本市本庄2-5-1,0570033600,36.226706,137.9736325,birth_navi,birth_navi_not_crosschecked,0,0.0,1,1,1,
GCP-10493,医療法人社団三成会　新百合ヶ丘総合病院,三成会新百合ヶ丘総合病院,1,病院,10493,1,1,0,10493,神奈川県川崎市麻生区古沢２５５,0443229991,35.6033863,139.4968256,birth_navi,birth_navi_crosschecked_mhlw_100_500m,0,0.0,1,1,1,1411422463100
GCP-10494,小田原市立病院,小田原市立病院,1,病院,10494,1,1,0,10494,神奈川県小田原市久野４６,0465343175,35.2680261,139.1509578,birth_navi,birth_navi_crosschecked_mhlw_within_100m,0,0.0,1,1,1,1411400870000
GCP-10495,公立陶生病院,公立陶生病院,1,病院,10495,1,1,0,10495,愛知県瀬戸市西追分町１６０番地,0561825101,35.2259718,137.0830702,birth_navi,birth_navi_crosschecked_mhlw_within_100m,0,0.0,0,1,1,2311230300010
GCP-10496,能代厚生医療センター,能代厚生医療センター,1,病院,10496,1,1,0,10496,秋田県能代市落合字上前田地内,0185523111,40.2274172,140.0259103,birth_navi,birth_navi_not_crosschecked,0,0.0,1,1,1,
GCP-10497,福岡赤十字病院,福岡赤十字病院,1,病院,10497,1,1,0,10497,福岡県福岡市南区大楠３丁目１－１,0925211211,33.5716441,130.4143007,birth_navi,birth_navi_crosschecked_mhlw_within_100m,0,0.0,1,1,0,4012400100120
GCP-10499,武蔵村山病院,武蔵村山病院,1,病院,10499,1,1,0,10499,東京都武蔵村山市榎１－１－５,0425663111,35.7437875,139.3877682,birth_navi,birth_navi_not_crosschecked,0,0.0,1,1,1,
GCP-10500,大阪赤十字病院,大阪赤十字病院,1,病院,10500,1,1,0,10500,大阪府大阪市天王寺区筆ケ崎町５－３０,0667745111,34.6651656,135.5253666,birth_navi,birth_navi_crosschecked_mhlw_within_100m,0,0.0,1,1,0,2711270000820
GCP-10501,独立行政法人国立病院機構岡山医療センター,国立病院機構岡山医療センター,1,病院,10501,1,1,0,10501,岡山県岡山市北区田益１７１１－１,0862949911,34.7088183,133.8990092,birth_navi,birth_navi_crosschecked_mhlw_within_100m,0,0.0,0,1,0,3311330000730
GCP-10502,河北総合病院,河北総合病院,1,病院,10502,1,1,0,10502,東京都杉並区阿佐谷北1丁目6番1号,0333392121,35.7064372,139.6374006,birth_navi,birth_navi_not_crosschecked,0,0.0,0,1,1,
GCP-10504,医療法人徳洲会　福岡徳洲会病院,徳洲会福岡徳洲会病院,1,病院,10504,1,1,0,10504,福岡県春日市須玖北４―５,0925736622,33.5440651,130.4469552,birth_navi,birth_navi_crosschecked_mhlw_within_100m,0,0.0,1,1,1,4011400000830
GCP-10505,独立行政法人労働者健康安全機構関西労災病院,労働者健康安全機構関西労災病院,1,病院,10505,1,1,0,10505,兵庫県尼崎市稲葉荘３丁目１番６９号,0664161221,34.73601,135.3852881,birth_navi,birth_navi_crosschecked_mhlw_within_100m,0,0.0,0,1,1,2811280001450
GCP-10506,独立行政法人地域医療機能推進機構　諫早総合病院,地域医療機能推進機構諫早総合病院,1,病院,10506,1,1,0,10506,長崎県諫早市永昌東町２４番１号,0957221380,32.8554386,130.0422629,birth_navi,birth_navi_crosschecked_mhlw_within_100m,0,0.0,1,1,0,421hoh0019
GCP-10507,社会医療法人鴻仁会　岡山中央病院,社会鴻仁会岡山中央病院,1,病院,10507,1,1,0,10507,岡山県岡山市北区伊島北町６番３号,0862523221,34.6811257,133.9048912,birth_navi,birth_navi_crosschecked_mhlw_within_100m,0,0.0,1,1,1,3311330000800
GCP-10508,公益財団法人田附興風会　医学研究所北野病院,田附興風会医学研究所北野病院,1,病院,10508,1,1,0,10508,大阪府大阪市北区扇町２丁目４番２０号,0663121221,34.7052993,135.5068446,birth_navi,birth_navi_crosschecked_mhlw_within_100m,0,0.0,1,1,0,2711270000060
GCP-10510,深谷赤十字病院,深谷赤十字病院,1,病院,10510,2,1,1,10510;13176,埼玉県深谷市上柴町西５丁目８番地１,0485711511,36.1834146,139.2940183,birth_navi,birth_navi_not_crosschecked,0,0.0,0,1,1,
GCP-10511,京都第一赤十字病院,京都第一赤十字病院,1,病院,10511,1,1,0,10511,京都府京都市東山区本町　１５丁目　７４９番地,0755611121,34.9765772,135.7740187,birth_navi,birth_navi_crosschecked_mhlw_100_500m,0,0.0,1,1,0,2612610000077
GCP-10512,独立行政法人労働者健康安全機構　和歌山労災病院,労働者健康安全機構和歌山労災病院,1,病院,10512,1,1,0,10512,和歌山県和歌山市木ノ本９３－１,0734513181,34.2562226,135.1216107,birth_navi,birth_navi_not_crosschecked,0,0.0,0,1,1,
GCP-10513,市立宇和島病院,市立宇和島病院,1,病院,10513,2,1,1,10513;14712,愛媛県宇和島市御殿町1番1号,0895251111,33.2161026,132.5649388,birth_navi,birth_navi_not_crosschecked,0,0.0,1,1,1,
GCP-10514,公益財団法人日本生命済生会 日本生命病院,日本生命済生会日本生命病院,1,病院,10514,1,1,0,10514,大阪府大阪市西区江之子島２丁目１番５４号,0664433446,34.6825738,135.4843483,birth_navi,birth_navi_not_crosschecked,0,0.0,1,1,0,
GCP-10515,松波総合病院,松波総合病院,1,病院,10515,1,1,0,10515,岐阜県羽島郡笠松町田代185番地の1,0583880111,35.3645097,136.75713,birth_navi,birth_navi_not_crosschecked,0,0.0,1,1,1,
GCP-10516,地方独立行政法人東京都立病院機構　東京都立豊島病院,東京都立病院機構東京都立豊島病院,1,病院,10516,1,1,0,10516,東京都板橋区栄町33-1,0353751234,35.7527665,139.7009785,birth_navi,birth_navi_crosschecked_mhlw_within_100m,0,0.0,1,1,1,1311134300240
GCP-10517,稲城市立病院,稲城市立病院,1,病院,10517,1,1,0,10517,東京都稲城市大丸１１７１,0423770931,35.6480385,139.4886803,birth_navi,birth_navi_crosschecked_mhlw_100_500m,0,0.0,1,1,1,1311137401630
GCP-10518,北里大学メディカルセンター,北里大学メディカルセンター,1,病院,10518,1,1,0,10518,埼玉県北本市荒井６丁目１００番地,0485931212,36.0098137,139.5142191,birth_navi,birth_navi_crosschecked_mhlw_within_100m,0,0.0,1,1,1,1111108163500
GCP-10519,伊勢赤十字病院,伊勢赤十字病院,1,病院,10519,1,1,0,10519,三重県伊勢市船江１丁目４７１番２,0596282171,34.5007383,136.7134051,birth_navi,birth_navi_crosschecked_mhlw_within_100m,0,0.0,0,1,0,2411240001250
GCP-10520,医療法人徳洲会札幌徳洲会病院,徳洲会札幌徳洲会病院,1,病院,10520,1,1,0,10520,北海道札幌市厚別区大谷地東１丁目１番１号,0118901110,43.0292194,141.4479624,birth_navi,birth_navi_crosschecked_mhlw_within_100m,0,0.0,1,1,0,0111010000950
GCP-10521,仙台赤十字病院,仙台赤十字病院,1,病院,10521,1,1,0,10521,宮城県仙台市太白区八木山本町２丁目４３－３,0222431111,38.2370243,140.8393702,birth_navi,birth_navi_crosschecked_mhlw_within_100m,0,0.0,1,1,1,041801474
GCP-10522,社会福祉法人恩賜財団　済生会横浜市東部病院,恩賜財団済生会横浜市東部病院,1,病院,10522,1,1,0,10522,神奈川県横浜市鶴見区3-6-1,0455763000,35.497017,139.6858641,birth_navi,birth_navi_not_crosschecked,0,0.0,1,1,0,
GCP-10523,独立行政法人国立病院機構　九州医療センター,国立病院機構九州医療センター,1,病院,10523,1,1,0,10523,福岡県福岡市中央区地行浜１丁目８ー１,0928520700,33.5925267,130.3599193,birth_navi,birth_navi_crosschecked_mhlw_within_100m,0,0.0,1,1,0,4012400100010
GCP-10524,社会医療法人弘道会　萱島生野病院,社会弘道会萱島生野病院,1,病院,10524,1,1,0,10524,大阪府門真市上島町２２－１１,0728853000,34.7452855,135.6102322,birth_navi,birth_navi_crosschecked_mhlw_within_100m,0,0.0,1,1,1,2711270002990
GCP-10525,沖縄県立八重山病院,沖縄県立八重山病院,1,病院,10525,1,1,0,10525,沖縄県石垣市字真栄里５８４番地１,0980875557,24.34348,124.1838602,birth_navi,birth_navi_not_crosschecked,0,0.0,1,1,0,
GCP-10526,川崎市立川崎病院,川崎市立川崎病院,1,病院,10526,1,1,0,10526,神奈川県川崎市川崎区新川通１２番１号,0442335521,35.5258939,139.7064948,birth_navi,birth_navi_not_crosschecked,0,0.0,1,1,1,
GCP-10527,兵庫県立尼崎総合医療センター,兵庫県立尼崎総合医療センター,1,病院,10527,1,1,0,10527,兵庫県尼崎市東難波町２丁目１７－７７,0664807000,34.7309923,135.413924,birth_navi,birth_navi_crosschecked_mhlw_100_500m,0,0.0,1,1,0,2811280003830
GCP-10528,北里大学病院,北里大学病院,1,病院,10528,1,1,0,10528,神奈川県相模原市南区北里１丁目１５番１号,0427788111,35.5422247,139.3930727,birth_navi,birth_navi_crosschecked_mhlw_100_500m,0,0.0,1,1,0,1411410724400
GCP-10529,総合病院　南生協病院,総合病院南生協病院,1,病院,10529,1,1,0,10529,愛知県名古屋市緑区南大高２丁目２０４番地,0526250373,35.0555898,136.9459038,birth_navi,birth_navi_crosschecked_mhlw_within_100m,0,0.0,1,1,1,2311232500280
GCP-10530,松山赤十字病院,松山赤十字病院,1,病院,10530,1,1,0,10530,愛媛県松山市文京町１番地,0899241111,33.8472082,132.7748482,birth_navi,birth_navi_crosschecked_mhlw_100_500m,0,0.0,1,1,0,3811385600960
GCP-10531,東北医科薬科大学病院,東北医科薬科大学病院,1,病院,10531,1,1,0,10531,宮城県仙台市宮城野区福室１丁目１２番１号,0222591221,38.2691673,140.9668896,birth_navi,birth_navi_not_crosschecked,0,0.0,1,1,0,
GCP-10532,西脇市立西脇病院,西脇市立西脇病院,1,病院,10532,1,1,0,10532,兵庫県西脇市下戸田　６５２－１,0795220111,34.9878242,134.9843367,birth_navi,birth_navi_crosschecked_mhlw_within_100m,0,0.0,1,1,1,2811280002870
GCP-10533,岩手県立大船渡病院,岩手県立大船渡病院,1,病院,10533,1,1,0,10533,岩手県大船渡市大船渡町字山馬越10-1,0192261111,39.0733004,141.7076557,birth_navi,birth_navi_crosschecked_mhlw_within_100m,0,0.0,1,1,1,03103100019
GCP-10534,姫路赤十字病院,姫路赤十字病院,1,病院,10534,1,1,0,10534,兵庫県姫路市下手野1丁目12-1,0792942251,34.844206,134.6477298,birth_navi,birth_navi_not_crosschecked,0,0.0,1,1,1,
GCP-10535,熊本市立熊本市民病院,熊本市立熊本市民病院,1,病院,10535,1,1,0,10535,熊本県熊本市東区東町４ー１ー６０,0963651711,32.7875255,130.7637605,birth_navi,birth_navi_crosschecked_mhlw_100_500m,0,0.0,1,1,0,431143330149
GCP-10536,医療法人徳洲会　野田総合病院,徳洲会野田総合病院,1,病院,10536,1,1,0,10536,千葉県野田市横内２９番１,0471246666,35.9520544,139.8794045,birth_navi,birth_navi_crosschecked_mhlw_within_100m,0,0.0,1,1,0,1211202256000
GCP-10537,倉敷成人病センター,倉敷成人病センター,1,病院,10537,2,1,1,10537;14512,岡山県倉敷市白楽町250,0864222111,34.5877705,133.7651961,birth_navi,birth_navi_crosschecked_mhlw_within_100m,0,0.0,1,1,1,3311330001270
GCP-10538,広島県厚生農業協同組合連合会　尾道総合病院,広島県厚生農業協同組合連合会尾道総合病院,1,病院,10538,1,1,0,10538,広島県尾道市平原一丁目１０番２３号,0848228111,34.4071804,133.1763661,birth_navi,birth_navi_crosschecked_mhlw_within_100m,0,0.0,1,1,0,3411340053350
GCP-10539,昭和医科大学横浜市北部病院,昭和医科大学横浜市北部病院,1,病院,10539,1,1,0,10539,神奈川県横浜市都筑区茅ケ崎中央３５－１,0459497000,35.5467173,139.5698561,birth_navi,birth_navi_crosschecked_mhlw_within_100m,0,0.0,1,1,1,1411431000635
GCP-10540,福井大学医学部附属病院,福井大学医学部附属病院,1,病院,10540,1,1,0,10540,福井県吉田郡永平寺町松岡下合月２３－３,0776613111,36.1092214,136.290913,birth_navi,birth_navi_crosschecked_mhlw_100_500m,0,0.0,0,1,1,1811180000210
GCP-10541,三菱京都病院,三菱京都病院,1,病院,10541,1,1,0,10541,京都府京都市西京区桂御所町1番地,0753812111,34.9868417,135.7017795,birth_navi,birth_navi_crosschecked_mhlw_100_500m,0,0.0,1,1,1,2612610000063
GCP-10542,国家公務員共済組合連合会　虎の門病院,国家公務員共済組合連合会虎の門病院,1,病院,10542,1,1,0,10542,東京都港区虎ノ門２－２－２,0335881111,35.6683308,139.7458418,birth_navi,birth_navi_crosschecked_mhlw_within_100m,0,0.0,1,1,1,1311130501720
GCP-10543,名古屋市立大学医学部附属東部医療センター,名古屋市立大学医学部附属東部医療センター,1,病院,10543,1,1,0,10543,愛知県名古屋市千種区若水一丁目２番２３号,0527217171,35.1739753,136.9444656,birth_navi,birth_navi_crosschecked_mhlw_100_500m,0,0.0,1,1,0,2311232200390
GCP-10544,愛知県厚生農業協同組合連合会　海南病院,愛知県厚生農業協同組合連合会海南病院,1,病院,10544,1,1,0,10544,愛知県弥富市前ケ須町南本田396,0567652511,35.1081792,136.7225612,birth_navi,birth_navi_crosschecked_mhlw_within_100m,0,0.0,1,1,1,2311230900050
GCP-10545,山口県厚生農業協同組合連合会長門総合病院,山口県厚生農業協同組合連合会長門総合病院,1,病院,10545,1,1,0,10545,山口県長門市東深川８５,0837222220,34.3737617,131.195431,birth_navi,birth_navi_crosschecked_mhlw_within_100m,0,0.0,1,1,1,3511356300260
GCP-10546,京都中部総合医療センター,京都中部総合医療センター,1,病院,10546,1,1,0,10546,京都府南丹市八木町八木上野２５番地,0771422510,35.0717236,135.5300926,birth_navi,birth_navi_crosschecked_mhlw_within_100m,0,0.0,0,1,0,2612610000027
GCP-10547,大崎市民病院,大崎市民病院,1,病院,10547,1,1,0,10547,宮城県大崎市古川穂波三丁目８番１号,0229233311,38.5659913,140.9438983,birth_navi,birth_navi_crosschecked_mhlw_within_100m,0,0.0,0,1,1,041801005
GCP-10548,沖縄赤十字病院,沖縄赤十字病院,1,病院,10548,1,1,0,10548,沖縄県那覇市与儀１丁目３番１号,0988533134,26.2069911,127.6926265,birth_navi,birth_navi_crosschecked_mhlw_within_100m,0,0.0,1,1,0,47125
GCP-10549,総合相模更生病院,総合相模更生病院,1,病院,10549,1,1,0,10549,神奈川県相模原市中央区小山３４２９,0427521808,35.5810054,139.3727991,birth_navi,birth_navi_crosschecked_mhlw_within_100m,0,0.0,1,1,1,1411410717100
GCP-10550,済生会松阪総合病院,済生会松阪総合病院,1,病院,10550,1,1,0,10550,三重県松阪市朝日町一区15番地6,0598512626,34.579905,136.5371067,birth_navi,birth_navi_not_crosschecked,0,0.0,1,1,0,
GCP-10551,橋本市民病院,橋本市民病院,1,病院,10551,1,1,0,10551,和歌山県橋本市小峰台２丁目８番地の１,0736371200,34.3545427,135.6339627,birth_navi,birth_navi_not_crosschecked,0,0.0,0,1,1,
GCP-10552,公益財団法人　星総合病院,星総合病院,1,病院,10552,1,1,0,10552,福島県郡山市向河原町１５９－１,0249835511,37.4024386,140.3927138,birth_navi,birth_navi_crosschecked_mhlw_within_100m,0,0.0,1,1,1,0710710000102
GCP-10553,産業医科大学病院,産業医科大学病院,1,病院,10553,1,1,0,10553,福岡県北九州市八幡西区医生ヶ丘１番１号,0936031611,33.879446,130.7118309,birth_navi,birth_navi_crosschecked_mhlw_100_500m,0,0.0,1,1,0,4012400500100
GCP-10554,独立行政法人地域医療機能推進機構大和郡山病院,地域医療機能推進機構大和郡山病院,1,病院,10554,1,1,0,10554,奈良県大和郡山市朝日町１ー６２,0743531111,34.6473245,135.7800353,birth_navi,birth_navi_crosschecked_mhlw_within_100m,0,0.0,0,1,1,2911003000000
GCP-10555,地方独立行政法人　那覇市立病院,那覇市立病院,1,病院,10555,1,1,0,10555,沖縄県那覇市古島２丁目３１番１,0988845111,26.226879,127.7098907,birth_navi,birth_navi_crosschecked_mhlw_within_100m,0,0.0,1,1,0,471f0001
GCP-10556,山陰労災病院,山陰労災病院,1,病院,10556,1,1,0,10556,鳥取県米子市皆生新田１－８－１,0859338181,35.4510403,133.3638937,birth_navi,birth_navi_not_crosschecked,0,0.0,0,1,0,
GCP-10557,藤田医科大学病院,藤田医科大学病院,1,病院,10557,3,1,2,10557;14036;14090,愛知県豊明市沓掛町田楽ケ窪１番地９８,0562932111,35.0706013,137.0005995,birth_navi,birth_navi_crosschecked_mhlw_within_100m,0,0.0,1,1,1,2311230400030
GCP-10558,新潟県厚生農業協同組合連合会小千谷総合病院,新潟県厚生農業協同組合連合会小千谷総合病院,1,病院,10558,1,1,0,10558,新潟県小千谷市大字平沢新田111番地,0258811600,37.3215732,138.7929818,birth_navi,birth_navi_crosschecked_mhlw_within_100m,0,0.0,1,1,1,151BYNGX00013
GCP-10559,中濃厚生病院,中濃厚生病院,1,病院,10559,1,1,0,10559,岐阜県関市若草通５丁目１番地,0575222211,35.4949841,136.9219381,birth_navi,birth_navi_not_crosschecked,0,0.0,0,1,1,
GCP-10560,社会福祉法人恩賜財団済生会　北上済生会病院,恩賜財団済生会北上済生会病院,1,病院,10560,1,1,0,10560,岩手県北上市九年橋三丁目15番33号,0197647722,39.287564,141.118826,birth_navi,birth_navi_not_crosschecked,0,0.0,1,1,0,
GCP-10561,苫小牧市立病院,苫小牧市立病院,1,病院,10561,1,1,0,10561,北海道苫小牧市清水町１丁目５番２０号,0144333131,42.6520615,141.6034327,birth_navi,birth_navi_not_crosschecked,0,0.0,1,1,0,
GCP-10562,山形市立病院済生館,山形市立病院済生館,1,病院,10562,1,1,0,10562,山形県山形市七日町一丁目３ー２６,0236255555,38.2530725,140.3375575,birth_navi,birth_navi_not_crosschecked,0,0.0,1,1,1,
GCP-10563,甲府共立病院,甲府共立病院,1,病院,10563,1,1,0,10563,山梨県甲府市宝１丁目９－１,0552263131,35.6672287,138.5645056,birth_navi,birth_navi_not_crosschecked,0,0.0,0,1,0,
GCP-10564,東京女子医科大学附属八千代医療センター,東京女子医科大学附属八千代医療センター,1,病院,10564,1,1,0,10564,千葉県八千代市大和田新田４７７－９６,0474506000,35.7308481,140.0967328,birth_navi,birth_navi_crosschecked_mhlw_within_100m,0,0.0,0,1,1,1211200019100
GCP-10565,医療法人社団　石鎚会　京都田辺中央病院,石鎚会京都田辺中央病院,1,病院,10565,1,1,0,10565,京都府京田辺市田辺中央６丁目１番地６,0774631111,34.8219293,135.7717225,birth_navi,birth_navi_crosschecked_mhlw_within_100m,0,0.0,0,0,1,2612610000173
GCP-10566,今村総合病院,今村総合病院,1,病院,10566,1,1,0,10566,鹿児島県鹿児島市鴨池新町１１－２３,0992512221,31.5568731,130.5579451,birth_navi,birth_navi_not_crosschecked,0,0.0,0,1,1,
GCP-10567,地方独立行政法人　府立病院機構　大阪はびきの医療センター,府立病院機構大阪はびきの医療センター,1,病院,10567,1,1,0,10567,大阪府羽曳野市はびきの3-7-1,0729572121,34.5481756,135.5900862,birth_navi,birth_navi_not_crosschecked,0,0.0,1,1,1,
GCP-10568,独立行政法人国立病院機構長崎医療センター,国立病院機構長崎医療センター,1,病院,10568,1,1,0,10568,長崎県大村市久原２丁目１００１－１,0957523121,32.8964578,129.9738826,birth_navi,birth_navi_crosschecked_mhlw_100_500m,0,0.0,1,1,0,421hoh0024
GCP-10569,独立行政法人国立病院機構大阪南医療センター,国立病院機構大阪南医療センター,1,病院,10569,2,1,1,10569;14318,大阪府河内長野市木戸東町２番１号,0721535761,34.4724886,135.5729515,birth_navi,birth_navi_not_crosschecked,0,0.0,0,1,1,
GCP-10570,独立行政法人国立病院機構　呉医療センター,国立病院機構呉医療センター,1,病院,10570,1,1,0,10570,広島県呉市青山町３－１,0823223111,34.2394069,132.5659037,birth_navi,birth_navi_crosschecked_mhlw_within_100m,0,0.0,0,1,1,3411340013400
GCP-10571,地方独立行政法人東京都立病院機構　東京都立荏原病院,東京都立病院機構東京都立荏原病院,1,病院,10571,1,1,0,10571,東京都大田区東雪谷４－５－１０,0357348000,35.5937351,139.6929758,birth_navi,birth_navi_crosschecked_mhlw_within_100m,0,0.0,1,1,1,1311132400120
GCP-10572,村上総合病院,村上総合病院,1,病院,10572,1,1,0,10572,新潟県村上市緑町５－８－１,0254532141,38.2184751,139.4613441,birth_navi,birth_navi_not_crosschecked,0,0.0,0,1,1,
GCP-10573,市立横手病院,市立横手病院,1,病院,10573,1,1,0,10573,秋田県横手市根岸町５番３１号,0182325001,39.3184759,140.5692642,birth_navi,birth_navi_crosschecked_mhlw_within_100m,0,0.0,1,1,1,0511050800030
GCP-10574,宮崎市郡医師会病院,宮崎市郡医師会病院,1,病院,10574,1,1,0,10574,宮崎県宮崎市有田１１７３,0985779101,31.9515102,131.3723887,birth_navi,birth_navi_not_crosschecked,0,0.0,0,1,0,
GCP-10575,医療法人聖粒会　慈恵病院,聖粒会慈恵病院,1,病院,10575,1,1,0,10575,熊本県熊本市西区島崎６－１－２７,0963556131,32.8111612,130.6888803,birth_navi,birth_navi_crosschecked_mhlw_within_100m,0,0.0,0,1,1,431143320289
GCP-10576,桐生厚生総合病院,桐生厚生総合病院,1,病院,10576,1,1,0,10576,群馬県桐生市織姫町６－３,0277447171,36.405277,139.327534,birth_navi,birth_navi_crosschecked_mhlw_within_100m,0,0.0,1,1,1,1011100000106
GCP-10577,公立宍粟総合病院,公立宍粟総合病院,1,病院,10577,1,1,0,10577,兵庫県宍粟市山崎町鹿沢９３番地,0790622410,35.0035374,134.5390102,birth_navi,birth_navi_crosschecked_mhlw_100_500m,0,0.0,1,1,1,2811280003050
GCP-10578,独立行政法人国立病院機構大阪医療センター,国立病院機構大阪医療センター,1,病院,10578,1,1,0,10578,大阪府大阪市中央区法円坂２－１－１４,0669421331,34.6802097,135.5206664,birth_navi,birth_navi_crosschecked_mhlw_within_100m,0,0.0,1,1,0,2711270000680
GCP-10579,蒲郡市民病院,蒲郡市民病院,1,病院,10579,1,1,0,10579,愛知県蒲郡市平田町向田１番地１,0533662200,34.8320747,137.2419308,birth_navi,birth_navi_crosschecked_mhlw_within_100m,0,0.0,1,1,1,2311232000010
GCP-10580,盛岡赤十字病院,盛岡赤十字病院,1,病院,10580,1,1,0,10580,岩手県盛岡市三本柳６地割１番地１,0196373111,39.6616006,141.1669103,birth_navi,birth_navi_not_crosschecked,0,0.0,1,1,1,
GCP-10581,神戸市立医療センター　西市民病院,神戸市立医療センター西市民病院,1,病院,10581,1,1,0,10581,兵庫県神戸市長田区一番町２丁目４番地,0785765251,34.6675388,135.1574731,birth_navi,birth_navi_crosschecked_mhlw_within_100m,0,0.0,1,1,1,2811280000650
GCP-10582,独立行政法人国立病院機構金沢医療センター,国立病院機構金沢医療センター,1,病院,10582,1,1,0,10582,石川県金沢市下石引町１番１号,0762624161,36.5602505,136.6667621,birth_navi,birth_navi_crosschecked_mhlw_100_500m,0,0.0,0,1,1,1715110001
GCP-10583,医療法人回生会　ふれあい横浜ホスピタル,回生会ふれあい横浜ホスピタル,1,病院,10583,1,1,0,10583,神奈川県横浜市中区万代町２－３－３,0456815101,35.4420827,139.6355961,birth_navi,birth_navi_crosschecked_mhlw_within_100m,0,0.0,0,1,1,1411403890000
GCP-10584,社会医療法人愛仁会　高槻病院,社会愛仁会高槻病院,1,病院,10584,1,1,0,10584,大阪府高槻市古曽部町１丁目３番１３号,0726813801,34.8552781,135.6209435,birth_navi,birth_navi_crosschecked_mhlw_within_100m,0,0.0,1,1,1,2711270002830
GCP-10585,静岡市立清水病院,静岡市立清水病院,1,病院,10585,1,1,0,10585,静岡県静岡市清水区宮加三１２３１番地,0543361111,34.9826413,138.4902113,birth_navi,birth_navi_crosschecked_mhlw_within_100m,0,0.0,1,1,0,2211226001240
GCP-10586,徳島市民病院,徳島市民病院,1,病院,10586,2,1,1,10586;15688,徳島県徳島市北常三島町２丁目３４番地,0886225121,34.0816583,134.5623649,birth_navi,birth_navi_crosschecked_mhlw_100_500m,0,0.0,1,1,1,3611365100970
GCP-10587,社会福祉法人函館厚生院　函館五稜郭病院,函館厚生院函館五稜郭病院,2,有床診療所,10587,1,1,0,10587,北海道函館市五稜郭町３８番３号,0138512295,41.7922849,140.7552036,birth_navi,birth_navi_not_crosschecked,0,0.0,1,1,1,
GCP-10588,日本赤十字社愛知医療センター名古屋第二病院,日本赤十字社愛知医療センター名古屋第二病院,1,病院,10588,1,1,0,10588,愛知県名古屋市昭和区妙見町２－９,0528321121,35.1446905,136.9655368,birth_navi,birth_navi_crosschecked_mhlw_within_100m,0,0.0,1,1,0,2311232200140
GCP-10589,国立研究開発法人国立循環器病研究センター,国立研究開発法人国立循環器病研究センター,1,病院,10589,1,1,0,10589,大阪府吹田市岸部新町６番１号,0570012545,34.7791584,135.5410904,birth_navi,birth_navi_crosschecked_mhlw_within_100m,0,0.0,0,1,0,2711270006880
GCP-10590,広島市立広島市民病院,広島市立広島市民病院,1,病院,10590,1,1,0,10590,広島県広島市中区基町7番33号,0822212291,34.397686,132.4598742,birth_navi,birth_navi_not_crosschecked,0,0.0,1,1,0,
GCP-10591,雲南市立病院,雲南市立病院,1,病院,10591,2,1,1,10591;14503,島根県雲南市大東町飯田９６番地１,0854477500,35.3241358,132.959627,birth_navi,birth_navi_crosschecked_mhlw_within_100m,0,0.0,1,1,1,3211325300370
GCP-10592,公立福生病院,公立福生病院,1,病院,10592,1,1,0,10592,東京都福生市加美平一丁目６番地１,0425511111,35.7486709,139.3234464,birth_navi,birth_navi_not_crosschecked,0,0.0,0,1,1,
GCP-10593,南部徳洲会病院,南部徳洲会病院,1,病院,10593,1,1,0,10593,沖縄県島尻郡八重瀬町字外間１７１－１,0989983221,26.1783478,127.7155444,birth_navi,birth_navi_not_crosschecked,0,0.0,0,1,1,
GCP-10594,市立四日市病院,市立四日市病院,1,病院,10594,1,1,0,10594,三重県四日市市芝田二丁目２番３７号,0593541111,34.9713813,136.6056859,birth_navi,birth_navi_not_crosschecked,0,0.0,0,1,0,
GCP-10595,徳島赤十字病院,徳島赤十字病院,1,病院,10595,1,1,0,10595,徳島県小松島市小松島町字井利ノ口１０３番,0885322555,34.0116194,134.583685,birth_navi,birth_navi_crosschecked_mhlw_within_100m,0,0.0,1,1,1,3611365108820
GCP-10596,岩手県立久慈病院,岩手県立久慈病院,1,病院,10596,1,1,0,10596,岩手県久慈市旭町第10地割1番,0194536131,40.2009486,141.7769295,birth_navi,birth_navi_not_crosschecked,0,0.0,1,1,0,
GCP-10597,杏林大学医学部付属病院,杏林大学医学部付属病院,1,病院,10597,2,1,1,10597;13384,東京都三鷹市新川6-20-2,0422475511,35.677191,139.5658927,birth_navi,birth_navi_crosschecked_mhlw_within_100m,0,0.0,1,1,1,1311138100770
GCP-10598,広島大学病院,広島大学病院,1,病院,10598,1,1,0,10598,広島県広島市南区霞１－２－３,0822575555,34.3807609,132.4780697,birth_navi,birth_navi_crosschecked_mhlw_100_500m,0,0.0,1,1,0,3411340011220
GCP-10599,高知県立あき総合病院,高知県立あき総合病院,1,病院,10599,1,1,0,10599,高知県安芸市宝永町３－３３,0887343111,33.5063513,133.8973125,birth_navi,birth_navi_crosschecked_mhlw_within_100m,0,0.0,1,1,1,3911395200200
GCP-10600,新潟県立中央病院,新潟県立中央病院,1,病院,10600,1,1,0,10600,新潟県上越市新南町２０５番地,0255227711,37.1048717,138.269235,birth_navi,birth_navi_crosschecked_mhlw_100_500m,0,0.0,1,1,0,151BYJTX00003
GCP-10601,熊本大学病院,熊本大学病院,1,病院,10601,1,1,0,10601,熊本県熊本市中央区本荘１丁目１番１号,0963442111,32.7973825,130.7128126,birth_navi,birth_navi_crosschecked_mhlw_within_100m,0,0.0,0,1,0,431143310114
GCP-10602,独立行政法人　国立病院機構　福山医療センター,国立病院機構福山医療センター,1,病院,10602,1,1,0,10602,広島県福山市沖野上町４－１４－１７,0849220001,34.4708243,133.3707173,birth_navi,birth_navi_crosschecked_mhlw_within_100m,0,0.0,0,1,0,3411340022910
GCP-10603,生駒市立病院,生駒市立病院,1,病院,10603,1,1,0,10603,奈良県生駒市東生駒１丁目６番地２,0743721111,34.6909621,135.7117914,birth_navi,birth_navi_crosschecked_mhlw_within_100m,0,0.0,1,1,1,2911311000000
GCP-10604,島根大学医学部附属病院,島根大学医学部附属病院,1,病院,10604,2,2,0,10604;12252,島根県出雲市塩冶町８９－１,0853202389,35.347622,132.7535109,birth_navi,birth_navi_not_crosschecked,0,0.0,1,1,0,
GCP-10605,八戸赤十字病院,八戸赤十字病院,1,病院,10605,1,1,0,10605,青森県八戸市田面木中明戸２,0178273111,40.5023126,141.4484208,birth_navi,birth_navi_crosschecked_mhlw_100_500m,0,0.0,1,1,0,0210210000059
GCP-10606,市立角館総合病院,市立角館総合病院,1,病院,10606,1,1,0,10606,秋田県仙北市角館町岩瀬３番地,0187542111,39.5865584,140.5603398,birth_navi,birth_navi_crosschecked_mhlw_within_100m,0,0.0,1,1,0,0511050700070
GCP-10607,社会福祉法人恩賜財団済生会支部埼玉県済生会川口総合病院,恩賜財団済生会支部埼玉県済生会川口総合病院,1,病院,10607,1,1,0,10607,埼玉県川口市西川口５－１１－５,0570081551,35.8095051,139.703024,birth_navi,birth_navi_crosschecked_mhlw_within_100m,0,0.0,0,1,1,1111100002300
GCP-10608,茅ヶ崎市立病院,茅ヶ崎市立病院,1,病院,10608,1,1,0,10608,神奈川県茅ヶ崎市本村５丁目１５番１号,0467521111,35.3399384,139.4152064,birth_navi,birth_navi_not_crosschecked,0,0.0,1,1,0,
GCP-10609,赤穂中央病院,赤穂中央病院,1,病院,10609,1,1,0,10609,兵庫県赤穂市惣門町５２－６,0791457290,34.7560202,134.3854637,birth_navi,birth_navi_not_crosschecked,0,0.0,0,1,0,
GCP-10610,市立輪島病院,市立輪島病院,1,病院,10610,1,1,0,10610,石川県輪島市山岸町は１番１地,0768222222,37.3841338,136.9054546,birth_navi,birth_navi_crosschecked_mhlw_within_100m,0,0.0,1,0,1,1714110001
GCP-10611,岐阜大学医学部附属病院,岐阜大学医学部附属病院,1,病院,10611,1,1,0,10611,岐阜県岐阜市柳戸１番１,0582306000,35.4670078,136.7333479,birth_navi,birth_navi_crosschecked_mhlw_100_500m,0,0.0,1,1,0,2111341000136
GCP-10612,横須賀市立総合医療センター,横須賀市立総合医療センター,1,病院,10612,1,1,0,10612,神奈川県横須賀市神明町１番地８,0570032630,35.225678,139.70255,mhlw_iryou_information_net_manual_confirmation,manual_confirmed_mhlw_iryou_information_net,0,0.0,0,1,1,1411431000594
GCP-10613,順天堂大学医学部附属静岡病院,順天堂大学医学部附属静岡病院,1,病院,10613,2,1,1,10613;13985,静岡県伊豆の国市長岡１１２９,0559483111,35.0296654,138.9358551,birth_navi,birth_navi_crosschecked_mhlw_within_100m,0,0.0,0,1,1,2211225602060
GCP-10614,琉球大学病院,琉球大学病院,1,病院,10614,1,1,0,10614,沖縄県宜野湾市字喜友名1076番地,0988941301,26.2898598,127.7683101,birth_navi,birth_navi_not_crosschecked,0,0.0,1,1,0,
GCP-10615,大分県立病院,大分県立病院,1,病院,10615,1,1,0,10615,大分県大分市ぶにょう２－８－１,0975467111,33.2101048,131.5955839,birth_navi,birth_navi_not_crosschecked,0,0.0,0,1,0,
GCP-10616,名古屋大学医学部附属病院,名古屋大学医学部附属病院,1,病院,10616,1,1,0,10616,愛知県名古屋市昭和区鶴舞町６５番地,0527412111,35.1585356,136.920007,birth_navi,birth_navi_crosschecked_mhlw_100_500m,0,0.0,1,1,0,2311232200130
GCP-10617,尾鷲総合病院,尾鷲総合病院,1,病院,10617,1,1,0,10617,三重県尾鷲市上野町５－２５,0597223111,34.0698166,136.1884552,birth_navi,birth_navi_crosschecked_mhlw_within_100m,0,0.0,1,1,1,2411240000120
GCP-10618,落合病院,落合病院,1,病院,10618,1,1,0,10618,岡山県真庭市下市瀬３４１,0867521133,35.0267737,133.7405921,birth_navi,birth_navi_not_crosschecked,0,0.0,0,1,1,
GCP-10619,医療法人財団アドベンチスト会　東京衛生アドベンチスト病院,アドベンチスト会東京衛生アドベンチスト病院,1,病院,10619,1,1,0,10619,東京都杉並区天沼三丁目１７番３号,0333926151,35.7080758,139.6193099,birth_navi,birth_navi_crosschecked_mhlw_within_100m,0,0.0,1,1,0,1311133400420
GCP-10620,大和市立病院,大和市立病院,1,病院,10620,1,1,0,10620,神奈川県大和市深見西８－３－６,0462600111,35.486817,139.4591694,birth_navi,birth_navi_crosschecked_mhlw_within_100m,0,0.0,0,1,1,1411402307500
GCP-10621,医療法人徳洲会　羽生総合病院,徳洲会羽生総合病院,1,病院,10621,1,1,0,10621,埼玉県羽生市大字下岩瀬446番地,0485623000,36.160834,139.5279158,birth_navi,birth_navi_not_crosschecked,0,0.0,1,1,1,
GCP-10622,高知大学医学部附属病院,高知大学医学部附属病院,1,病院,10622,1,1,0,10622,高知県南国市岡豊町小蓮185-1,0888665811,33.5942684,133.6150349,birth_navi,birth_navi_crosschecked_mhlw_within_100m,0,0.0,1,1,0,3911395108830
GCP-10623,医療法人社団 大聖病院,大聖病院,1,病院,10623,1,1,0,10623,東京都福生市福生871,0425511311,35.7428026,139.3306556,birth_navi,birth_navi_crosschecked_mhlw_within_100m,0,0.0,1,1,1,1311138700330
GCP-10624,独立行政法人地域医療機能推進機構　北海道病院,地域医療機能推進機構北海道病院,1,病院,10624,1,1,0,10624,北海道札幌市豊平区中の島１条８丁目３番１８号,0118315151,43.0256423,141.3563595,birth_navi,birth_navi_crosschecked_mhlw_within_100m,0,0.0,1,1,1,0111010001290
GCP-10625,国民健康保険　小松市民病院,国民健康保険小松市民病院,1,病院,10625,1,1,0,10625,石川県小松市向本折町ホ６０番地,0761227111,36.3986389,136.4395489,birth_navi,birth_navi_crosschecked_mhlw_within_100m,0,0.0,1,1,1,1711112006
GCP-10626,桜町病院,桜町病院,1,病院,10626,1,1,0,10626,東京都小金井市桜町１－２－２０,0423834111,35.7095666,139.5112337,birth_navi,birth_navi_not_crosschecked,0,0.0,0,1,1,
GCP-10627,総合病院釧路赤十字病院,総合病院釧路赤十字病院,1,病院,10627,2,1,1,10627;12637,北海道釧路市新栄町２１番１４号,0154227171,43.0017624,144.3808738,birth_navi,birth_navi_crosschecked_mhlw_within_100m,0,0.0,1,1,1,0111010005750
GCP-10628,小国病院,小国病院,1,病院,10628,1,1,0,10628,兵庫県姫路市南条二丁目23番地,0792840381,34.8101526,134.6918145,birth_navi,birth_navi_not_crosschecked,0,0.0,1,1,1,
GCP-10629,日本大学医学部附属板橋病院,日本大学医学部附属板橋病院,1,病院,10629,1,1,0,10629,東京都板橋区大谷口上町３０番１号,0570018111,35.7491,139.6921362,birth_navi,birth_navi_not_crosschecked,0,0.0,0,1,0,
GCP-10630,函館中央病院,函館中央病院,1,病院,10630,1,1,0,10630,北海道函館市本町３３－２,0138521231,41.7867645,140.751753,birth_navi,birth_navi_not_crosschecked,0,0.0,0,1,1,
GCP-10631,市立砺波総合病院,市立砺波総合病院,1,病院,10631,1,1,0,10631,富山県砺波市新富町1番61号,0763323320,36.6402833,136.9505861,birth_navi,birth_navi_crosschecked_mhlw_within_100m,0,0.0,1,1,1,1611160810010
GCP-10632,地方独立行政法人東京都立病院機構東京都立広尾病院,東京都立病院機構東京都立広尾病院,1,病院,10632,1,1,0,10632,東京都渋谷区恵比寿２－３４－１０,0334441181,35.6466156,139.7212418,birth_navi,birth_navi_crosschecked_mhlw_within_100m,0,0.0,1,1,1,1311133100430
GCP-10633,神戸市立医療センター中央市民病院,神戸市立医療センター中央市民病院,1,病院,10633,1,1,0,10633,兵庫県神戸市中央区港島南町２－１－１,0783024321,34.6600539,135.2141339,birth_navi,birth_navi_not_crosschecked,0,0.0,0,1,0,
GCP-10634,東京大学医学部附属病院,東京大学医学部附属病院,1,病院,10634,1,1,0,10634,東京都文京区本郷７ー３ー１,0338155411,35.7108751,139.762102,birth_navi,birth_navi_crosschecked_mhlw_100_500m,0,0.0,0,1,0,1311131200150
GCP-10635,埼玉医科大学病院,埼玉医科大学病院,1,病院,10635,1,1,0,10635,埼玉県入間郡毛呂山町毛呂本郷38,0492761111,35.9389313,139.306526,birth_navi,birth_navi_crosschecked_mhlw_100_500m,0,0.0,1,1,0,1111110041900
GCP-10636,社会医療法人財団董仙会恵寿総合病院,社会董仙会恵寿総合病院,1,病院,10636,1,1,0,10636,石川県七尾市富岡町94番地,0767523211,37.0504281,136.9610286,birth_navi,birth_navi_crosschecked_mhlw_100_500m,0,0.0,1,1,1,1713110003
GCP-10637,社会医療法人財団仁医会　牧田総合病院,社会仁医会牧田総合病院,1,病院,10637,1,1,0,10637,東京都大田区西蒲田８－２０－１,0364287500,35.5598368,139.7125019,birth_navi,birth_navi_crosschecked_mhlw_within_100m,0,0.0,1,1,1,1311132300510
GCP-10638,独立行政法人国立病院機構京都医療センター,国立病院機構京都医療センター,1,病院,10638,1,1,0,10638,京都府京都市伏見区深草向畑町１－１,0756419161,34.9538723,135.7756219,birth_navi,birth_navi_crosschecked_mhlw_100_500m,0,0.0,1,1,1,2612610000120
GCP-10639,福井赤十字病院,福井赤十字病院,1,病院,10639,1,1,0,10639,福井県福井市月見２－４－１,0776363630,36.04724,136.2128504,birth_navi,birth_navi_crosschecked_mhlw_within_100m,0,0.0,1,1,1,1811180000040
GCP-10640,船橋市立医療センター総務課,船橋市立医療センター総務課,1,病院,10640,1,1,0,10640,千葉県船橋市金杉１丁目２１－１,0474383321,35.7238819,139.9987171,birth_navi,birth_navi_not_crosschecked,0,0.0,1,1,1,
GCP-10641,社会医療法人かりゆし会ハートライフ病院,社会かりゆし会ハートライフ病院,1,病院,10641,1,1,0,10641,沖縄県中頭郡中城村伊集２０８番地,0988953255,26.2378726,127.770847,birth_navi,birth_navi_not_crosschecked,0,0.0,1,1,0,
GCP-10642,"医療法人社団和光会
総合川崎臨港病院",和光会総合川崎臨港病院,1,病院,10642,1,1,0,10642,神奈川県川崎市川崎区中島3-13-1,0442339336,35.5260539,139.7176624,birth_navi,birth_navi_not_crosschecked,0,0.0,0,1,1,
GCP-10643,三豊総合病院,三豊総合病院,1,病院,10643,1,1,0,10643,香川県観音寺市豊浜町姫浜７０８,0875523366,34.0820305,133.6419324,birth_navi,birth_navi_crosschecked_mhlw_within_100m,0,0.0,0,1,1,3711370400030
GCP-10644,県北医療センター高萩協同病院,県北医療センター高萩協同病院,1,病院,10644,1,1,0,10644,茨城県高萩市上手綱上ケ穂町1006-9,0293231122,36.7408203,140.6906177,birth_navi,birth_navi_not_crosschecked,0,0.0,1,1,1,
GCP-10645,社会福祉法人　恩賜財団　済生会支部　福井県済生会　福井県済生会病院,恩賜財団済生会支部福井県済生会福井県済生会病院,1,病院,10645,1,1,0,10645,福井県福井市和田中町舟橋７－１,0776231111,36.047394,136.252403,mhlw_iryou_information_net_manual_confirmation,manual_confirmed_mhlw_iryou_information_net,0,0.0,1,1,1,1811180000250
GCP-10647,山口県立総合医療センター,山口県立総合医療センター,1,病院,10647,1,1,0,10647,山口県防府市大崎１００７７番地,0835224411,34.0657957,131.542818,birth_navi,birth_navi_crosschecked_mhlw_within_100m,0,0.0,0,1,1,3511355601120
GCP-10648,愛知県厚生農業協同組合連合会知多厚生病院,愛知県厚生農業協同組合連合会知多厚生病院,1,病院,10648,1,1,0,10648,愛知県美浜町大字河和字西谷８１,0569820395,34.7756394,136.9060093,birth_navi,birth_navi_not_crosschecked,0,0.0,1,1,1,
GCP-10649,社会福祉法人　京都社会事業財団　京都桂病院,京都社会事業財団京都桂病院,1,病院,10649,1,1,0,10649,京都府京都市西京区山田平尾町17,0753915811,34.98169,135.6869345,birth_navi,birth_navi_crosschecked_mhlw_within_100m,0,0.0,1,1,1,2612610000067
GCP-10650,市立福知山市民病院,市立福知山市民病院,1,病院,10650,1,1,0,10650,京都府福知山市厚中町２３１,0773222101,35.3035272,135.111742,birth_navi,birth_navi_crosschecked_mhlw_within_100m,0,0.0,1,1,0,2612610000022
GCP-10651,市立岸和田市民病院,市立岸和田市民病院,1,病院,10651,1,1,0,10651,大阪府岸和田市額原町1001番地,0724451000,34.4616207,135.3957842,birth_navi,birth_navi_crosschecked_mhlw_within_100m,0,0.0,1,1,0,2711270005180
GCP-10652,医療法人徳洲会　恵生会病院,徳洲会恵生会病院,1,病院,10652,1,1,0,10652,大阪府東大阪市鷹殿町20-29,0729825101,34.6696851,135.6350109,birth_navi,birth_navi_not_crosschecked,0,0.0,1,1,1,
GCP-10653,市立稚内病院,市立稚内病院,1,病院,10653,1,1,0,10653,北海道稚内市中央4丁目11番6号,0162232771,45.4131604,141.6733819,birth_navi,birth_navi_crosschecked_mhlw_within_100m,0,0.0,1,1,1,0111010004850
GCP-10654,市立函館病院,市立函館病院,1,病院,10654,1,1,0,10654,北海道函館市港町１丁目１０番１号,0138432000,41.8054471,140.7300904,birth_navi,birth_navi_crosschecked_mhlw_within_100m,0,0.0,0,1,1,0111010002560
GCP-10655,公立豊岡病院組合立豊岡病院,公立豊岡病院組合立豊岡病院,1,病院,10655,1,1,0,10655,兵庫県豊岡市戸牧1094,0796226111,35.5261375,134.8068843,birth_navi,birth_navi_crosschecked_mhlw_within_100m,0,0.0,1,1,1,2811280003230
GCP-10656,岡山市立市民病院,岡山市立市民病院,1,病院,10656,1,1,0,10656,岡山県岡山市北区北長瀬3丁目20番1号,0867373000,34.6508418,133.8800069,birth_navi,birth_navi_not_crosschecked,0,0.0,1,1,1,
GCP-10657,金沢大学附属病院,金沢大学附属病院,1,病院,10657,1,1,0,10657,石川県金沢市宝町13番1号,0762652000,36.5548378,136.6740387,birth_navi,birth_navi_not_crosschecked,0,0.0,0,1,0,
GCP-10658,公益財団法人ライフ・エクステンション研究所付属　永寿総合病院,ライフエクステンション研究所付属永寿総合病院,1,病院,10658,1,1,0,10658,東京都台東区東上野２－２３－１６,0338338381,35.7097066,139.779693,birth_navi,birth_navi_crosschecked_mhlw_within_100m,0,0.0,1,1,1,1311131400370
GCP-10659,川口市立医療センター,川口市立医療センター,1,病院,10659,1,1,0,10659,埼玉県川口市大字西新井宿１８０番地,0482872525,35.8433903,139.7305714,birth_navi,birth_navi_not_crosschecked,0,0.0,1,1,1,
GCP-10660,独立行政法人国立病院機構横浜医療センター,国立病院機構横浜医療センター,1,病院,10660,1,1,0,10660,神奈川県横浜市戸塚区原宿３丁目６０－２,0458512621,35.381129,139.5046914,birth_navi,birth_navi_crosschecked_mhlw_within_100m,0,0.0,1,1,0,1411406474000
GCP-10661,国立健康危機管理研究機構国立国際医療センター,国立健康危機管理研究機構国立国際医療センター,1,病院,10661,1,1,0,10661,東京都新宿区戸山1-21-1,0332027181,35.7016332,139.7152765,birth_navi,birth_navi_crosschecked_mhlw_100_500m,0,0.0,1,1,1,1311130800120
GCP-10662,医療法人社団豊南会　香川井下病院,豊南会香川井下病院,1,病院,10662,1,1,0,10662,香川県観音寺市大野原町花稲818番地1,0875522215,34.0971608,133.6470263,birth_navi,birth_navi_crosschecked_mhlw_within_100m,0,0.0,1,1,1,3711370400130
GCP-10663,医療法人積仁会島田総合病院,積仁会島田総合病院,1,病院,10663,1,1,0,10663,千葉県銚子市東町５番地の３,0479225401,35.7320635,140.8418119,birth_navi,birth_navi_not_crosschecked,0,0.0,0,1,0,
GCP-10664,新潟大学医歯学総合病院,新潟大学医歯学総合病院,1,病院,10664,1,1,0,10664,新潟県新潟市中央区旭町通１番町７５４番地,0252236161,37.9188389,139.0343474,birth_navi,birth_navi_crosschecked_mhlw_100_500m,0,0.0,1,1,0,151BYNCX00003
GCP-10665,愛媛県立今治病院,愛媛県立今治病院,1,病院,10665,1,1,0,10665,愛媛県今治市石井町４－５－５,0898327111,34.0859312,132.9875877,birth_navi,birth_navi_crosschecked_mhlw_within_100m,0,0.0,1,1,1,3811385503830
GCP-10666,ＪＲ東京総合病院,jr東京総合病院,1,病院,10666,1,1,0,10666,東京都渋谷区代々木2-1-3,0333202210,35.6851898,139.7000332,birth_navi,birth_navi_crosschecked_mhlw_100_500m,0,0.0,1,1,1,1311133100300
GCP-10667,独立行政法人国立病院機構霞ヶ浦医療センター,国立病院機構霞ヶ浦医療センター,1,病院,10667,1,1,0,10667,茨城県土浦市下高津２－７－１４,0298225050,36.0730137,140.1927676,birth_navi,birth_navi_crosschecked_mhlw_within_100m,0,0.0,0,1,1,081108590012
GCP-10668,独立行政法人国立病院機構嬉野医療センター,国立病院機構嬉野医療センター,1,病院,10668,1,1,0,10668,佐賀県嬉野市嬉野町大字下宿甲4760-1,0954431120,33.1049616,129.9971826,birth_navi,birth_navi_crosschecked_mhlw_within_100m,0,0.0,0,1,0,4111416000930
GCP-10669,静岡県立総合病院,静岡県立総合病院,1,病院,10669,1,1,0,10669,静岡県静岡市葵区北安東四丁目２７番１号,0542476111,35.0032467,138.3860958,birth_navi,birth_navi_crosschecked_mhlw_within_100m,0,0.0,1,1,0,2211223101530
GCP-10670,春日部市立医療センター,春日部市立医療センター,1,病院,10670,1,1,0,10670,埼玉県春日部市中央六丁目7番地1,0487351261,35.9744144,139.7514961,birth_navi,birth_navi_not_crosschecked,0,0.0,1,1,1,
GCP-10671,蕨市立病院,蕨市立病院,1,病院,10671,1,1,0,10671,埼玉県蕨市北町２－１２－１８,0484322277,35.828172,139.6800508,birth_navi,birth_navi_not_crosschecked,0,0.0,1,1,1,
GCP-10672,邑智郡公立病院組合　公立邑智病院,邑智郡公立病院組合公立邑智病院,1,病院,10672,1,1,0,10672,島根県邑南町中野3848-2,0855952111,34.8964168,132.4524545,birth_navi,birth_navi_not_crosschecked,0,0.0,1,1,0,
GCP-10673,中部国際医療センター,中部国際医療センター,1,病院,10673,1,1,0,10673,岐阜県美濃加茂市健康のまち一丁目１番地,0574661100,35.4570724,137.0163526,birth_navi,birth_navi_crosschecked_mhlw_within_100m,0,0.0,1,1,0,2111651009513
GCP-10674,熊本赤十字病院,熊本赤十字病院,1,病院,10674,1,1,0,10674,熊本県熊本市東区長嶺南２ー１ー１,0963842111,32.8066995,130.7621496,birth_navi,birth_navi_crosschecked_mhlw_100_500m,0,0.0,1,1,1,431143310417
GCP-10675,聖マリアンナ医科大学病院,聖マリアンナ医科大学病院,1,病院,10675,1,1,0,10675,神奈川県川崎市宮前区菅生２丁目１６－１,0449778111,35.6009298,139.5476157,birth_navi,birth_navi_crosschecked_mhlw_100_500m,0,0.0,1,1,0,1411408856800
GCP-10677,県民健康プラザ鹿屋医療センタ－,県民健康プラザ鹿屋医療センタ,1,病院,10677,1,1,0,10677,鹿児島県鹿屋市札元１丁目８番８号,0994425101,31.3934523,130.8694364,birth_navi,birth_navi_not_crosschecked,0,0.0,1,1,0,
GCP-10678,社会医療法人　敬愛会　中頭病院,社会敬愛会中頭病院,1,病院,10678,1,1,0,10678,沖縄県沖縄市登川６１０番地,0989391300,26.3676161,127.8252968,birth_navi,birth_navi_not_crosschecked,0,0.0,1,1,0,
GCP-10679,社会福祉法人賛育会　賛育会病院,賛育会賛育会病院,1,病院,10679,1,1,0,10679,東京都墨田区太平３－２０－２,0336229191,35.7026418,139.8134145,birth_navi,birth_navi_crosschecked_mhlw_within_100m,0,0.0,1,1,1,1311131600330
GCP-10680,山梨大学医学部附属病院,山梨大学医学部附属病院,1,病院,10680,1,1,0,10680,山梨県中央市下河東１１１０,0552731111,35.6092065,138.5392796,birth_navi,birth_navi_crosschecked_mhlw_100_500m,0,0.0,0,1,0,1911190000003
GCP-10681,千鳥橋病院,千鳥橋病院,1,病院,10681,1,1,0,10681,福岡県福岡市博多区千代5丁目18-1,0926412761,33.6082013,130.4119915,birth_navi,birth_navi_crosschecked_mhlw_within_100m,0,0.0,0,1,0,4011400001830
GCP-10682,沖縄県立中部病院,沖縄県立中部病院,1,病院,10682,1,1,0,10682,沖縄県うるま市宮里２８１,0989734111,26.3546653,127.8349065,birth_navi,birth_navi_not_crosschecked,0,0.0,0,1,0,
GCP-10683,沖縄協同病院,沖縄協同病院,1,病院,10683,1,1,0,10683,沖縄県那覇市古波蔵４丁目１０番５５号,0988531200,26.1959508,127.6900892,birth_navi,birth_navi_not_crosschecked,0,0.0,0,1,1,
GCP-10684,香川労災病院,香川労災病院,1,病院,10684,1,1,0,10684,香川県丸亀市城東町３丁目３番地３,0877233111,34.2886798,133.806247,birth_navi,birth_navi_not_crosschecked,0,0.0,0,1,1,
GCP-10685,信州上田医療センター,信州上田医療センター,1,病院,10685,1,1,0,10685,長野県上田市緑が丘１ー２７ー２１,0268221890,36.4138625,138.2520424,birth_navi,birth_navi_not_crosschecked,0,0.0,0,1,1,
GCP-10686,国立病院機構弘前総合医療センター,国立病院機構弘前総合医療センター,1,病院,10686,1,1,0,10686,青森県弘前市富野町１,0172324311,40.588822,140.4761334,birth_navi,birth_navi_not_crosschecked,0,0.0,0,1,1,
GCP-10687,津軽保健生活協同組合　健生病院,津軽保健生活協同組合健生病院,1,病院,10687,1,1,0,10687,青森県弘前市扇町２－２－２,0172557717,40.5866305,140.5013677,birth_navi,birth_navi_crosschecked_mhlw_100_500m,0,0.0,0,1,1,0210210000119
GCP-10688,学校法人日本医科大学　日本医科大学多摩永山病院,学校法人日本医科大学日本医科大学多摩永山病院,1,病院,10688,1,1,0,10688,東京都多摩市永山１－７－１,0423712111,35.6311098,139.4469755,birth_navi,birth_navi_not_crosschecked,0,0.0,1,1,1,
GCP-10689,一般財団法人太田綜合病院附属太田西ノ内病院,太田綜合病院附属太田西ノ内病院,1,病院,10689,1,1,0,10689,福島県郡山市西ノ内２丁目５番地２０号,0249251188,37.4074336,140.3659071,birth_navi,birth_navi_not_crosschecked,0,0.0,0,1,1,
GCP-10690,名瀬徳洲会病院,名瀬徳洲会病院,1,病院,10690,1,1,0,10690,鹿児島県奄美市名瀬朝日町２８−１,0997542222,28.3986462,129.5263545,birth_navi,birth_navi_crosschecked_mhlw_within_100m,0,0.0,0,1,0,46110810
GCP-10691,東海大学医学部付属病院,東海大学医学部付属病院,1,病院,10691,1,1,0,10691,神奈川県伊勢原市下糟屋１４３,0463931121,35.4067127,139.3146484,birth_navi,birth_navi_crosschecked_mhlw_within_100m,0,0.0,1,1,0,1411402004100
GCP-10692,県立宮崎病院,県立宮崎病院,1,病院,10692,1,1,0,10692,宮崎県宮崎市北高松町５番３０号,0985244181,31.9173296,131.4170921,birth_navi,birth_navi_crosschecked_mhlw_100_500m,0,0.0,1,1,1,4511450100720
GCP-10693,愛媛大学医学部附属病院,愛媛大学医学部附属病院,1,病院,10693,1,1,0,10693,愛媛県東温市志津川454,0899645111,33.7997049,132.8783413,birth_navi,birth_navi_crosschecked_mhlw_100_500m,0,0.0,1,1,0,3811385605750
GCP-10694,大阪公立大学医学部附属病院,大阪公立大学医学部附属病院,1,病院,10694,1,1,0,10694,大阪府大阪市阿倍野区旭町１－５－７,0666453862,34.6465261,135.5096638,birth_navi,birth_navi_crosschecked_mhlw_within_100m,0,0.0,0,1,0,2711270001080
GCP-10695,鶴岡市立荘内病院,鶴岡市立荘内病院,1,病院,10695,1,1,0,10695,山形県鶴岡市泉町４番２０号,0235265111,38.7316964,139.829468,birth_navi,birth_navi_crosschecked_mhlw_within_100m,0,0.0,1,1,1,061106620047
GCP-10696,市立青梅総合医療センター,市立青梅総合医療センター,1,病院,10696,1,1,0,10696,東京都青梅市東青梅４丁目１６番地の５,0428223191,35.7825409,139.2813074,birth_navi,birth_navi_not_crosschecked,0,0.0,0,1,1,
GCP-10697,板橋中央総合病院,板橋中央総合病院,1,病院,10697,1,1,0,10697,東京都板橋区小豆沢2丁目12番7号,0339671181,35.7787927,139.6936145,birth_navi,birth_navi_not_crosschecked,0,0.0,1,1,0,
GCP-10698,社会医療法人社団東京巨樹の会　東京品川病院,社会東京巨樹の会東京品川病院,1,病院,10698,1,1,0,10698,東京都品川区東大井６－３－２２,0337640511,35.602385,139.7348518,birth_navi,birth_navi_crosschecked_mhlw_within_100m,0,0.0,1,1,1,1311131901170
GCP-10699,東京慈恵会医科大学西部医療センター,東京慈恵会医科大学西部医療センター,1,病院,10699,1,1,0,10699,東京都狛江市和泉本町４－１１－１,0334801151,35.6448868,139.5668508,birth_navi,birth_navi_crosschecked_mhlw_within_100m,0,0.0,0,1,1,1311137700900
GCP-10700,秋田赤十字病院,秋田赤十字病院,1,病院,10700,2,1,1,10700;12863,秋田県秋田市上北手猿田字苗代沢２２２－１,0188295000,39.6871928,140.1516664,birth_navi,birth_navi_crosschecked_mhlw_100_500m,0,0.0,1,1,1,0511050500180
GCP-10701,医療法人慈恵会吉田病院,慈恵会吉田病院,1,病院,10701,1,1,0,10701,長野県長野市吉田２−１−２６,0262415952,36.670062,138.2183848,birth_navi,birth_navi_crosschecked_mhlw_within_100m,0,0.0,1,1,1,2011206600720
GCP-10702,鹿児島県立薩南病院,鹿児島県立薩南病院,1,病院,10702,1,1,0,10702,鹿児島県南さつま市加世田村原４丁目１１番,0993535300,31.4199046,130.332469,birth_navi,birth_navi_not_crosschecked,0,0.0,1,1,0,
GCP-10703,東京女子医科大学附属足立医療センター,東京女子医科大学附属足立医療センター,1,病院,10703,1,1,0,10703,東京都足立区江北４－３３－１,0338570111,35.7737481,139.7668053,birth_navi,birth_navi_crosschecked_mhlw_within_100m,0,0.0,1,1,1,1311134800009
GCP-10704,社会福祉法人恩賜財団済生会支部静岡県済生会　静岡済生会総合病院,恩賜財団済生会支部静岡県済生会静岡済生会総合病院,1,病院,10704,1,1,0,10704,静岡県静岡市駿河区小鹿一丁目１－１,0542856171,34.9758454,138.4130114,birth_navi,birth_navi_crosschecked_mhlw_within_100m,0,0.0,0,1,0,2211223200390
GCP-10705,社会福祉法人恩賜財団京都済生会病院,恩賜財団京都済生会病院,1,病院,10705,1,1,0,10705,京都府長岡京市下海印寺下内田１０１番地,0759550111,34.9171128,135.6848706,birth_navi,birth_navi_not_crosschecked,0,0.0,0,1,1,
GCP-10706,JCHO群馬中央病院,jcho群馬中央病院,1,病院,10706,1,1,0,10706,群馬県前橋市,0272218165,,,,missing_unresolved,0,,1,1,1,
GCP-10707,寿泉堂綜合病院,寿泉堂綜合病院,1,病院,10707,1,1,0,10707,福島県郡山市駅前一丁目1番17号,0249326363,37.3962583,140.385329,birth_navi,birth_navi_not_crosschecked,0,0.0,1,1,1,
GCP-10708,市立敦賀病院,市立敦賀病院,1,病院,10708,1,1,0,10708,福井県敦賀市三島町１丁目６番６０号,0770223611,35.6523396,136.0642441,birth_navi,birth_navi_not_crosschecked,0,0.0,0,1,1,
GCP-10709,山梨県立中央病院,山梨県立中央病院,1,病院,10709,1,1,0,10709,山梨県甲府市富士見１丁目１番１号,0552537111,35.6698341,138.5494399,birth_navi,birth_navi_not_crosschecked,0,0.0,0,1,0,
GCP-10710,耳原総合病院,耳原総合病院,1,病院,10710,1,1,0,10710,大阪府堺市堺区協和町４丁４６５,0722410501,34.5607134,135.4703524,birth_navi,birth_navi_crosschecked_mhlw_within_100m,0,0.0,0,1,1,2711270006280
GCP-10711,横浜市立市民病院,横浜市立市民病院,1,病院,10711,1,1,0,10711,神奈川県横浜市神奈川区三ツ沢西町１－１,0453164580,35.4690502,139.6051892,birth_navi,birth_navi_crosschecked_mhlw_within_100m,0,0.0,1,1,1,1411426526500
GCP-10712,医療法人社団高邦会　高木病院,高邦会高木病院,1,病院,10712,1,1,0,10712,福岡県大川市大字酒見141番地11,0944870001,33.2065681,130.3800627,birth_navi,birth_navi_crosschecked_mhlw_within_100m,0,0.0,1,1,0,4011400001500
GCP-10713,帝京大学医学部附属溝口病院,帝京大学医学部附属溝口病院,1,病院,10713,1,1,0,10713,神奈川県川崎市高津区二子５－１－１,0448443333,35.6024359,139.6161991,birth_navi,birth_navi_crosschecked_mhlw_within_100m,0,0.0,0,1,0,1411408642500
GCP-10714,京都府立医科大学附属病院,京都府立医科大学附属病院,1,病院,10714,1,1,0,10714,京都府京都市上京区河原町通広小路上ル梶井町465,0752515111,35.02565,135.769623,birth_navi,birth_navi_not_crosschecked,0,0.0,1,1,0,
GCP-10715,札幌医科大学附属病院,札幌医科大学附属病院,1,病院,10715,1,1,0,10715,北海道札幌市中央区南1条西16丁目291番地,0116112111,43.0563271,141.3332081,birth_navi,birth_navi_crosschecked_mhlw_100_500m,0,0.0,1,1,0,0111010000010
GCP-10716,国立大学法人三重大学医学部附属病院,三重大学医学部附属病院,1,病院,10716,1,1,0,10716,三重県津市江戸橋２丁目１７４番地,0592321111,34.7428825,136.5224257,birth_navi,birth_navi_not_crosschecked,0,0.0,1,1,0,
GCP-10717,大阪府済生会中津病院,大阪府済生会中津病院,1,病院,10717,1,1,0,10717,大阪府大阪市北区芝田２－１０－３９,0663720333,34.7081756,135.4954782,birth_navi,birth_navi_not_crosschecked,0,0.0,0,1,0,
GCP-10718,医療法人社団柏綾会　綾瀬厚生病院,柏綾会綾瀬厚生病院,1,病院,10718,2,1,1,10718;13548,神奈川県綾瀬市深谷中　1-4-16,0467775111,35.4329642,139.4308526,birth_navi,birth_navi_crosschecked_mhlw_within_100m,0,0.0,0,1,1,1411402310500
GCP-10719,掛川市・袋井市病院企業団立中東遠総合医療センター,掛川市袋井市病院企業団立中東遠総合医療センター,1,病院,10719,1,1,0,10719,静岡県掛川市菖蒲ヶ池１番地の１,0537215555,34.7564503,137.9980867,birth_navi,birth_navi_crosschecked_mhlw_100_500m,0,0.0,1,1,1,2211227302380
GCP-10720,大阪警察病院,大阪警察病院,1,病院,10720,1,1,0,10720,大阪府大阪市天王寺区北山町１０－３１,0667716051,34.6588156,135.5212742,birth_navi,birth_navi_not_crosschecked,0,0.0,0,1,0,
GCP-10721,長崎県対馬病院,長崎県対馬病院,1,病院,10721,1,1,0,10721,長崎県対馬市美津島町雞知乙１１６８ー７,0920547111,34.2862093,129.3180194,birth_navi,birth_navi_not_crosschecked,0,0.0,0,1,1,
GCP-10722,社会医療法人　誠光会　淡海医療センター,社会誠光会淡海医療センター,1,病院,10722,1,1,0,10722,滋賀県草津市矢橋町１６６０,0775638866,35.0111099,135.9271427,birth_navi,birth_navi_crosschecked_mhlw_within_100m,0,0.0,1,1,1,2511250000040
GCP-10723,社会福祉法人聖霊会　聖霊病院,聖霊会聖霊病院,1,病院,10723,1,1,0,10723,愛知県名古屋市昭和区川名山町５６,0528321181,35.1448321,136.9556614,birth_navi,birth_navi_crosschecked_mhlw_within_100m,0,0.0,0,1,1,2311232200170
GCP-10724,独立行政法人国立病院機構東京医療センター,国立病院機構東京医療センター,1,病院,10724,1,1,0,10724,東京都目黒区東が丘２－５－１,0334110111,35.6259148,139.6670195,birth_navi,birth_navi_crosschecked_mhlw_within_100m,0,0.0,1,1,1,1311132200160
GCP-10725,地方独立行政法人東京都立病院機構　東京都立墨東病院,東京都立病院機構東京都立墨東病院,1,病院,10725,1,1,0,10725,東京都墨田区江東橋四丁目23番15号,0336336151,35.6942111,139.8183906,birth_navi,birth_navi_not_crosschecked,0,0.0,1,1,0,
GCP-10727,地方独立行政法人　総合病院　国保旭中央病院,総合病院国保旭中央病院,1,病院,10727,1,1,0,10727,千葉県旭市イー１３２６,0479638111,35.720454,140.6466177,birth_navi,birth_navi_not_crosschecked,0,0.0,0,1,1,
GCP-10728,留萌市立病院,留萌市立病院,1,病院,10728,1,1,0,10728,北海道留萌市東雲町2丁目16番地1,0164491011,43.9305982,141.6781348,birth_navi,birth_navi_crosschecked_mhlw_100_500m,0,0.0,1,1,0,0111010004800
GCP-10729,つがる西北五広域連合つがる総合病院,つがる西北五広域連合つがる総合病院,1,病院,10729,1,1,0,10729,青森県五所川原市岩木町１２番地３,0173353111,40.807955,140.4407935,birth_navi,birth_navi_crosschecked_mhlw_within_100m,0,0.0,0,1,0,0210210000118
GCP-10730,国立大学法人山形大学医学部附属病院,山形大学医学部附属病院,1,病院,10730,1,1,0,10730,山形県山形市飯田西２丁目２－２,0236331122,38.2164101,140.318514,birth_navi,birth_navi_crosschecked_mhlw_100_500m,0,0.0,1,1,0,061106510157
GCP-10731,帝京大学ちば総合医療センター,帝京大学ちば総合医療センター,1,病院,10731,1,1,0,10731,千葉県市原市姉崎３４２６－３,0436621211,35.4659052,140.0624494,birth_navi,birth_navi_crosschecked_mhlw_within_100m,0,0.0,1,1,1,1211204532200
GCP-10732,京都大学医学部附属病院,京都大学医学部附属病院,1,病院,10732,1,1,0,10732,京都府京都市左京区聖護院川原町54,0757513111,35.0201036,135.7763601,birth_navi,birth_navi_crosschecked_mhlw_within_100m,0,0.0,1,1,0,2612610000147
GCP-10733,市立根室病院,市立根室病院,1,病院,10733,1,1,0,10733,北海道根室市有磯町１丁目２番地,0153243201,43.3336237,145.5867033,birth_navi,birth_navi_crosschecked_mhlw_within_100m,0,0.0,1,1,1,0111010005960
GCP-10734,昭和医科大学江東豊洲病院,昭和医科大学江東豊洲病院,1,病院,10734,1,1,0,10734,東京都江東区豊洲５－１－３８,0362046302,35.6503186,139.796273,birth_navi,birth_navi_crosschecked_mhlw_within_100m,0,0.0,0,1,0,1311131800710
GCP-10735,つるぎ町立半田病院,つるぎ町立半田病院,1,病院,10735,1,1,0,10735,徳島県美馬群つるぎ町半田字中藪234番地1,0883643145,34.0396659,134.0370964,birth_navi,birth_navi_not_crosschecked,0,0.0,1,1,1,
GCP-10736,独立行政法人国立病院機構　浜田医療センター,国立病院機構浜田医療センター,1,病院,10736,1,1,0,10736,島根県浜田市浅井町７７７－１２,0855250505,34.903505,132.0877832,birth_navi,birth_navi_crosschecked_mhlw_within_100m,0,0.0,1,1,0,3211325701980
GCP-10738,高崎総合医療センター,高崎総合医療センター,1,病院,10738,1,1,0,10738,群馬県高崎市高松町３６,0273225901,36.3216957,139.0022803,birth_navi,birth_navi_not_crosschecked,0,0.0,0,1,0,
GCP-10739,市立ひらかた病院,市立ひらかた病院,1,病院,10739,1,1,0,10739,大阪府枚方市禁野本町２丁目１４番１号,0728472821,34.8202911,135.6581635,birth_navi,birth_navi_crosschecked_mhlw_within_100m,0,0.0,1,1,1,2711270006220
GCP-10740,佐久市立国保浅間総合病院,佐久市立国保浅間総合病院,1,病院,10740,2,1,1,10740;13814,長野県佐久市岩村田１８６２－１,0267672295,36.2702172,138.4678722,birth_navi,birth_navi_crosschecked_mhlw_100_500m,0,86.7,1,1,1,2011205100180
GCP-10741,徳島県立中央病院,徳島県立中央病院,1,病院,10741,1,1,0,10741,徳島県徳島市蔵本町１丁目１０－３,0886317151,34.0770543,134.5194539,birth_navi,birth_navi_crosschecked_mhlw_100_500m,0,0.0,1,1,1,3611365100840
GCP-10742,医療法人　社団　一心会　都倉病院,社団一心会都倉病院,1,病院,10742,1,1,0,10742,京都府宇治市宇治山本２７,0774224521,34.8953768,135.811376,birth_navi,birth_navi_crosschecked_mhlw_within_100m,0,0.0,1,1,1,2612610000155
GCP-10743,公益財団法人甲南会　甲南医療センター,甲南会甲南医療センター,1,病院,10743,1,1,0,10743,兵庫県神戸市東灘区鴨子ヶ原１丁目５番１６号,0788512161,34.7290524,135.251499,birth_navi,birth_navi_crosschecked_mhlw_within_100m,0,0.0,1,1,1,2811280000010
GCP-10744,宮崎大学医学部附属病院,宮崎大学医学部附属病院,1,病院,10744,1,1,0,10744,宮崎県宮崎市清武町木原５２００,0985851510,31.8407821,131.3974132,birth_navi,birth_navi_crosschecked_mhlw_100_500m,0,0.0,0,1,0,4511450105220
GCP-10745,医療法人　恵仁会　田中病院,恵仁会田中病院,1,病院,10745,1,1,0,10745,大阪府茨木市東奈良３丁目１６番３１号,0726355831,34.8019486,135.5675339,birth_navi,birth_navi_crosschecked_mhlw_within_100m,0,0.0,1,1,1,2711270006560
GCP-10746,東邦大学医療センター大森病院,東邦大学医療センター大森病院,1,病院,10746,1,1,0,10746,東京都大田区大森西6-11-1,0337624151,35.5683924,139.7233523,birth_navi,birth_navi_crosschecked_mhlw_100_500m,0,0.0,0,1,1,1311132301100
GCP-10747,株式会社　麻生　飯塚病院,株式会社麻生飯塚病院,1,病院,10747,1,1,0,10747,福岡県飯塚市芳雄町３－８３,0948223800,33.6424044,130.6897726,birth_navi,birth_navi_crosschecked_mhlw_100_500m,0,0.0,1,1,1,4012400400040
GCP-10748,社会福祉法人恩賜財団済生会支部　茨城県済生会　水戸済生会総合病院,恩賜財団済生会支部茨城県済生会水戸済生会総合病院,1,病院,10748,1,1,0,10748,茨城県水戸市双葉台3丁目3番10,0292545151,36.3984519,140.394792,birth_navi,birth_navi_not_crosschecked,0,0.0,1,1,0,
GCP-10749,杉田玄白記念公立小浜病院,杉田玄白記念公立小浜病院,1,病院,10749,1,1,0,10749,福井県小浜市大手町２番２号,0770520990,35.4939389,135.7469958,birth_navi,birth_navi_crosschecked_mhlw_100_500m,0,0.0,0,1,0,1811180000770
GCP-10750,興生総合病院,興生総合病院,1,病院,10750,1,1,0,10750,広島県三原市円一町２丁目5-1,0848635500,34.3925048,133.0772045,birth_navi,birth_navi_not_crosschecked,0,0.0,1,1,1,
GCP-10751,製鉄記念室蘭病院,製鉄記念室蘭病院,1,病院,10751,1,1,0,10751,北海道室蘭市知利別町１丁目４５,0143444650,42.3578398,141.016202,birth_navi,birth_navi_not_crosschecked,0,0.0,0,1,0,
GCP-10752,名古屋市立大学病院,名古屋市立大学病院,1,病院,10752,1,1,0,10752,愛知県名古屋市瑞穂区瑞穂町字川澄1番地,0528515511,35.1387559,136.9349251,birth_navi,birth_navi_crosschecked_mhlw_100_500m,0,0.0,1,1,0,2311232200290
GCP-10753,市立札幌病院,市立札幌病院,1,病院,10753,1,1,0,10753,北海道札幌市中央区北１１条西１３丁目１番１号,0117262211,43.0703934,141.3341568,birth_navi,birth_navi_crosschecked_mhlw_within_100m,0,0.0,1,1,0,0111010000020
GCP-10754,社会福祉法人 聖隷福祉事業団 総合病院 聖隷浜松病院,聖隷福祉事業団総合病院聖隷浜松病院,1,病院,10754,1,1,0,10754,静岡県浜松市中央区住吉2-12-12,0534742222,34.7304575,137.7253632,birth_navi,birth_navi_not_crosschecked,0,0.0,1,1,1,
GCP-10755,栃木県済生会宇都宮病院,栃木県済生会宇都宮病院,1,病院,10755,1,1,0,10755,栃木県宇都宮市竹林町911-1,0286265500,36.5791055,139.8974499,birth_navi,birth_navi_crosschecked_mhlw_within_100m,0,0.0,1,1,1,0911090100525
GCP-10756,長野県厚生農業協同組合連合会　佐久総合病院　佐久医療センター,長野県厚生農業協同組合連合会佐久総合病院佐久医療センター,1,病院,10756,1,1,0,10756,長野県佐久市中込３４００番地２８,0267628181,36.2525796,138.4717914,birth_navi,birth_navi_crosschecked_mhlw_within_100m,0,0.0,1,1,1,2011205101220
GCP-10757,黒部市民病院,黒部市民病院,1,病院,10757,1,1,0,10757,富山県黒部市三日市1108番地1,0765542211,36.8716267,137.4411302,birth_navi,birth_navi_crosschecked_mhlw_within_100m,0,0.0,1,1,1,1611160710012
GCP-10758,医療法人あかね会　土谷総合病院,あかね会土谷総合病院,1,病院,10758,1,1,0,10758,広島県広島市中区中島町３－３０,0822439191,34.3902371,132.4515351,birth_navi,birth_navi_crosschecked_mhlw_within_100m,0,0.0,1,1,1,3411340040060
GCP-10759,東京歯科大学市川総合病院,東京歯科大学市川総合病院,1,病院,10759,1,1,0,10759,千葉県市川市菅野５－１１－１３,0473220151,35.7336728,139.922374,birth_navi,birth_navi_not_crosschecked,0,0.0,0,1,1,
GCP-10760,自治医科大学附属病院,自治医科大学附属病院,1,病院,10760,1,1,0,10760,栃木県下野市薬師寺３３１１−１,0285442111,36.3984603,139.8597261,birth_navi,birth_navi_crosschecked_mhlw_100_500m,0,0.0,1,1,1,0911090007051
GCP-10761,医療法人宝生会　PL病院,宝生会pl病院,1,病院,10761,2,1,1,10761;14313,大阪府富田林市新堂2204番地,0721243100,34.5103225,135.5885169,birth_navi,birth_navi_not_crosschecked,0,0.0,1,1,1,
GCP-10762,医療法人社団浅ノ川　浅ノ川総合病院,浅ノ川浅ノ川総合病院,1,病院,10762,1,1,0,10762,石川県金沢市小坂町中８３,0762522101,36.5929416,136.6774718,birth_navi,birth_navi_crosschecked_mhlw_within_100m,0,0.0,1,1,1,1715110030
GCP-10763,社会医療法人財団聖フランシスコ会　姫路聖マリア病院,社会聖フランシスコ会姫路聖マリア病院,1,病院,10763,1,1,0,10763,兵庫県姫路市仁豊野６５０番地,0792655111,34.8778698,134.7321977,birth_navi,birth_navi_crosschecked_mhlw_within_100m,0,0.0,1,1,1,2811280001300
GCP-10764,九州大学病院,九州大学病院,1,病院,10764,1,1,0,10764,福岡県福岡市東区馬出3丁目1-1,0926411151,33.6114165,130.4166568,birth_navi,birth_navi_crosschecked_mhlw_100_500m,0,0.0,1,1,0,4012400100050
GCP-10765,富士市立中央病院,富士市立中央病院,1,病院,10765,1,1,0,10765,静岡県富士市高島町５０番地,0545521131,35.1583774,138.6721042,birth_navi,birth_navi_crosschecked_mhlw_100_500m,0,0.0,1,1,1,2211225800970
GCP-10766,日本赤十字社和歌山医療センター,日本赤十字社和歌山医療センター,1,病院,10766,1,1,0,10766,和歌山県和歌山市小松原通四丁目20番地,0734224171,34.2202351,135.1679466,birth_navi,birth_navi_crosschecked_mhlw_within_100m,0,0.0,1,1,1,3011000100000
GCP-10767,公立学校共済組合　中国中央病院,公立学校共済組合中国中央病院,1,病院,10767,1,1,0,10767,広島県福山市御幸町上岩成１４８番１３,0849702121,34.5475248,133.3489081,birth_navi,birth_navi_crosschecked_mhlw_100_500m,0,0.0,1,1,1,3411340051620
GCP-10768,新潟県地域医療推進機構魚沼基幹病院,新潟県地域医療推進機構魚沼基幹病院,1,病院,10768,1,1,0,10768,新潟県南魚沼市浦佐４１３２番地,0257773200,37.1717273,138.9366346,birth_navi,birth_navi_crosschecked_mhlw_within_100m,0,0.0,1,1,0,151BYMNX00001
GCP-10769,京都第二赤十字病院,京都第二赤十字病院,1,病院,10769,1,1,0,10769,京都府京都市上京区釜座通丸太町上ル春帯町３５５番地の５,0752315171,35.019161,135.7558854,birth_navi,birth_navi_crosschecked_mhlw_within_100m,0,0.0,0,1,0,2612610000042
GCP-10770,奈良県立医科大学附属病院,奈良県立医科大学附属病院,1,病院,10770,1,1,0,10770,奈良県橿原市四条町８４０番地,0744223051,34.5046231,135.7932298,birth_navi,birth_navi_not_crosschecked,0,0.0,0,1,1,
GCP-10771,王子総合病院,王子総合病院,1,病院,10771,1,1,0,10771,北海道苫小牧市若草町3丁目4番8号,0144328111,42.6385037,141.6047737,birth_navi,birth_navi_crosschecked_mhlw_within_100m,0,0.0,1,1,0,0111010004370
GCP-10772,佐賀大学医学部付属病院,佐賀大学医学部付属病院,1,病院,10772,1,1,0,10772,佐賀県佐賀市鍋島5丁目1番1号,0952316511,33.2859217,130.2677817,birth_navi,birth_navi_not_crosschecked,0,0.0,1,1,0,
GCP-10773,浜松医療センター,浜松医療センター,1,病院,10773,1,1,0,10773,静岡県浜松市中央区富塚町328,0534537111,34.7161929,137.7014762,birth_navi,birth_navi_crosschecked_mhlw_within_100m,0,0.0,1,1,1,2211223302180
GCP-10774,鳥取県立厚生病院,鳥取県立厚生病院,1,病院,10774,1,1,0,10774,鳥取県倉吉市東昭和町１５０,0858228181,35.4358368,133.8409336,birth_navi,birth_navi_not_crosschecked,0,0.0,1,1,1,
GCP-10775,小牧市民病院,小牧市民病院,1,病院,10775,1,1,0,10775,愛知県小牧市常普請一丁目２０番地,0568764131,35.2875159,136.9168049,birth_navi,birth_navi_crosschecked_mhlw_within_100m,0,0.0,1,1,1,2311230600010
GCP-10777,藤田医科大学ばんたね病院,藤田医科大学ばんたね病院,1,病院,10777,1,1,0,10777,愛知県名古屋市中川区尾頭橋3-6-10,0523218171,35.1445451,136.890428,birth_navi,birth_navi_not_crosschecked,0,0.0,1,1,0,
GCP-10778,国家公務員共済組合連合会　浜の町病院,国家公務員共済組合連合会浜の町病院,1,病院,10778,1,1,0,10778,福岡県福岡市中央区長浜３ー３－１,0927210831,33.5964173,130.3935149,birth_navi,birth_navi_crosschecked_mhlw_within_100m,0,0.0,0,1,0,4011400000350
GCP-10779,一般財団法人自警会　東京警察病院,自警会東京警察病院,1,病院,10779,1,1,0,10779,東京都中野区中野４－２２－１,0353435611,35.7091775,139.6593646,birth_navi,birth_navi_not_crosschecked,0,0.0,0,1,1,
GCP-10780,医療法人仁雄会　穂高病院,仁雄会穂高病院,1,病院,10780,1,1,0,10780,長野県安曇野市穂高4634番地,0263822474,36.3416522,137.8882466,birth_navi_manual_confirmation,manual_confirmed_birth_navi,0,0.0,1,1,1,2011206000450
GCP-10781,ＪＡ北海道厚生連帯広厚生病院,ja北海道厚生連帯広厚生病院,1,病院,10781,1,1,0,10781,北海道帯広市西１４条南１０丁目１番地,0155650101,42.9194409,143.1812926,birth_navi,birth_navi_crosschecked_mhlw_within_100m,0,0.0,0,1,0,0111010005400
GCP-10782,富山県立中央病院,富山県立中央病院,1,病院,10782,1,1,0,10782,富山県富山市西長江２－２－７８,0764241531,36.6935741,137.2376636,birth_navi,birth_navi_crosschecked_mhlw_100_500m,0,0.0,1,1,1,1611160110023
GCP-10783,学校法人帝京大学　帝京大学医学部附属病院,学校法人帝京大学帝京大学医学部附属病院,1,病院,10783,1,1,0,10783,東京都板橋区加賀２－１１－１,0339641211,35.7589726,139.7139384,birth_navi,birth_navi_crosschecked_mhlw_within_100m,0,0.0,1,1,0,1311134301120
GCP-10785,天使病院,天使病院,1,病院,10785,1,1,0,10785,北海道札幌市東区北１２条東３丁目１－１,0117110101,43.0763815,141.3571326,birth_navi,birth_navi_crosschecked_mhlw_within_100m,0,0.0,1,1,1,0111010000680
GCP-10786,長野赤十字病院,長野赤十字病院,1,病院,10786,2,1,1,10786;13777,長野県長野市若里５丁目２２番１号,0262264131,36.627225,138.1903625,birth_navi,birth_navi_not_crosschecked,0,0.0,0,1,1,
GCP-10787,つくばセントラル病院,つくばセントラル病院,1,病院,10787,1,1,0,10787,茨城県牛久市柏田町１５８９－３,0298721771,35.982611,140.1576636,birth_navi,birth_navi_crosschecked_mhlw_within_100m,0,0.0,1,1,1,081108580253
GCP-10788,地方独立行政法人長崎市立病院機構長崎みなとメディカルセンター,長崎市立病院機構長崎みなとメディカルセンター,1,病院,10788,1,1,0,10788,長崎県長崎市新地町６ー３９,0958223251,32.73955,129.8724538,birth_navi,birth_navi_crosschecked_mhlw_within_100m,0,0.0,1,1,0,421hna0036
GCP-10789,鳥取大学医学部附属病院,鳥取大学医学部附属病院,1,病院,10789,2,1,1,10789;14482,鳥取県米子市西町３６番地１,0859331111,35.4266732,133.3223612,birth_navi,birth_navi_not_crosschecked,0,0.0,1,1,1,
GCP-10790,一般財団法人芙蓉協会　聖隷沼津病院,芙蓉協会聖隷沼津病院,1,病院,10790,1,1,0,10790,静岡県沼津市松下七反田９０２－６,0559521000,35.0943786,138.8505691,birth_navi,birth_navi_crosschecked_mhlw_within_100m,0,0.0,1,1,0,2211225604660
GCP-10791,板橋区医師会病院,板橋区医師会病院,1,病院,10791,1,1,0,10791,東京都板橋区高島平３－１２－６,0339758151,35.7869368,139.658083,birth_navi,birth_navi_crosschecked_mhlw_within_100m,0,0.0,1,1,1,1311134501210
GCP-10792,いわき市医療センター,いわき市医療センター,1,病院,10792,1,1,0,10792,福島県いわき市内郷御厩町久世原16番地,0246263151,37.0412352,140.8664235,birth_navi,birth_navi_crosschecked_mhlw_100_500m,0,0.0,1,1,0,0710710000124
GCP-10793,医療法人社団桐光会調布病院,桐光会調布病院,1,病院,10793,1,1,0,10793,東京都調布市下石原３－４５－１,0424842626,35.6508981,139.532693,birth_navi,birth_navi_crosschecked_mhlw_within_100m,0,0.0,0,1,1,1311137700450
GCP-10794,長崎大学病院,長崎大学病院,1,病院,10794,1,1,0,10794,長崎県長崎市坂本１丁目７－１,0958197200,32.7684582,129.8696162,birth_navi,birth_navi_crosschecked_mhlw_100_500m,0,0.0,1,1,0,421hna0039
GCP-10795,市立釧路総合病院,市立釧路総合病院,1,病院,10795,2,1,1,10795;12635,北海道釧路市春湖台１番１２号,0154416121,42.977002,144.4033668,birth_navi,birth_navi_crosschecked_mhlw_within_100m,0,0.0,1,1,1,0111010005720
GCP-10796,地方独立行政法人　静岡市立静岡病院,静岡市立静岡病院,1,病院,10796,1,1,0,10796,静岡県静岡市葵区追手町１０番９３号,0542533125,34.9784371,138.3802075,birth_navi,birth_navi_crosschecked_mhlw_within_100m,0,0.0,1,1,1,2211223100940
GCP-10797,社会医療法人愛仁会　千船病院,社会愛仁会千船病院,1,病院,10797,1,1,0,10797,大阪府大阪市西淀川区福町3丁目2番39号,0664719541,34.7004369,135.4434017,birth_navi,birth_navi_crosschecked_mhlw_within_100m,0,0.0,1,1,0,2711270006570
GCP-10798,さぬき市民病院,さぬき市民病院,1,病院,10798,1,1,0,10798,香川県さぬき市寒川町石田東甲387番地1,0879432521,34.2379133,134.2147211,birth_navi,birth_navi_not_crosschecked,0,0.0,1,1,1,
GCP-10799,独立行政法人国立病院機構　四国こどもとおとなの医療センター,国立病院機構四国こどもとおとなの医療センター,1,病院,10799,1,1,0,10799,香川県善通寺市仙遊町２丁目１番１号,0877621000,34.227798,133.7714547,birth_navi,birth_navi_crosschecked_mhlw_100_500m,0,0.0,1,1,1,3711370300330
GCP-10800,岐阜県立多治見病院,岐阜県立多治見病院,1,病院,10800,1,1,0,10800,岐阜県多治見市前畑町５丁目１６１番地,0572225311,35.3284593,137.1117956,birth_navi,birth_navi_not_crosschecked,0,0.0,1,1,0,
GCP-10801,JA北海道厚生連　ニセコ羊蹄広域倶知安厚生病院,ja北海道厚生連ニセコ羊蹄広域倶知安厚生病院,1,病院,10801,1,1,0,10801,北海道虻田郡倶知安町北４条東１丁目２番地,0136221141,42.9052343,140.7545245,birth_navi,birth_navi_crosschecked_mhlw_within_100m,0,0.0,1,1,1,0111010003600
GCP-10802,NTT東日本関東病院,ntt東日本関東病院,1,病院,10802,2,1,1,10802;13271,東京都品川区東五反田５－９－２２,0334486111,35.6318448,139.725417,birth_navi,birth_navi_crosschecked_mhlw_100_500m,0,0.0,1,1,1,1311131900290
GCP-10803,長野県立信州医療センター,長野県立信州医療センター,1,病院,10803,2,1,1,10803;13776,長野県須坂市大字須坂1332,0262451650,36.6541293,138.3101251,birth_navi,birth_navi_crosschecked_mhlw_within_100m,0,0.0,1,1,1,2011206400180
GCP-10804,東北大学病院,東北大学病院,1,病院,10804,1,1,0,10804,宮城県仙台市青葉区星陵町１－１,0227177000,38.2720808,140.8619122,birth_navi,birth_navi_crosschecked_mhlw_within_100m,0,0.0,1,1,0,041801848
GCP-10805,高知県立幡多けんみん病院,高知県立幡多けんみん病院,1,病院,10805,1,1,0,10805,高知県宿毛市山奈町芳奈３－１,0880662222,32.965793,132.806424,birth_navi,birth_navi_crosschecked_mhlw_100_500m,0,0.0,0,1,0,3911395401980
GCP-10806,公益財団法人　天理よろづ相談所病院,天理よろづ相談所病院,1,病院,10806,1,1,0,10806,奈良県天理市三島町２００番地,0743635611,34.6027632,135.8390141,birth_navi,birth_navi_crosschecked_mhlw_within_100m,0,0.0,1,1,1,2911002500000
GCP-10807,一般財団法人筑波麓仁会筑波学園病院,筑波麓仁会筑波学園病院,1,病院,10807,1,1,0,10807,茨城県つくば市上横場２５７３－１,0570031355,36.0382511,140.0976196,birth_navi,birth_navi_crosschecked_mhlw_within_100m,0,0.0,1,1,1,081108610022
GCP-10808,"社会福祉法人北海道社会事業協会
小樽病院",北海道社会事業協会小樽病院,1,病院,10808,1,1,0,10808,北海道小樽市住ノ江1丁目6番15号,0134236234,43.1857414,141.0050314,birth_navi,birth_navi_crosschecked_mhlw_within_100m,0,0.0,1,1,1,0111010002890
GCP-10809,静岡赤十字病院,静岡赤十字病院,1,病院,10809,1,1,0,10809,静岡県静岡市葵区追手町８番２号,0542544311,34.9764144,138.3805984,birth_navi,birth_navi_crosschecked_mhlw_within_100m,0,0.0,1,1,1,2211223101080
GCP-10811,大阪医科薬科大学病院,大阪医科薬科大学病院,1,病院,10811,1,1,0,10811,大阪府高槻市大学町2番7号,0726831221,34.8521054,135.62526,birth_navi,birth_navi_crosschecked_mhlw_within_100m,0,0.0,1,1,1,2711270002850
GCP-10812,社会医療法人友愛会　友愛医療センター,社会友愛会友愛医療センター,1,病院,10812,1,1,0,10812,沖縄県豊見城市与根５０番地２１２,0988503811,26.166696,127.6572879,birth_navi,birth_navi_not_crosschecked,0,0.0,0,1,0,
GCP-10813,愛知医科大学病院,愛知医科大学病院,1,病院,10813,1,1,0,10813,愛知県長久手市岩作雁又１番地１,0561623311,35.1920875,137.0476238,birth_navi,birth_navi_crosschecked_mhlw_100_500m,0,0.0,1,1,0,2311230300120
GCP-10814,富山赤十字病院,富山赤十字病院,1,病院,10814,1,1,0,10814,富山県富山市牛島本町２－１－５８,0764332222,36.7088979,137.208833,birth_navi,birth_navi_crosschecked_mhlw_within_100m,0,0.0,1,1,1,1611160115600
GCP-10815,兵庫県立はりま姫路総合医療センター,兵庫県立はりま姫路総合医療センター,1,病院,10815,1,1,0,10815,兵庫県姫路市神屋町3丁目264番地,0792895080,34.8281841,134.7023736,birth_navi,birth_navi_crosschecked_mhlw_100_500m,0,0.0,1,1,1,2811280004050
GCP-10816,社会医療法人社団光仁会　総合守谷第一病院,社会光仁会総合守谷第一病院,1,病院,10816,1,1,0,10816,茨城県守谷市松前台１－１７,0297455111,35.9673532,139.9669461,birth_navi,birth_navi_crosschecked_mhlw_within_100m,0,0.0,0,1,1,081108640119
GCP-10817,青森県立中央病院,青森県立中央病院,1,病院,10817,1,1,0,10817,青森県青森市東造道二丁目１－１,0177268111,40.8298015,140.7944513,birth_navi,birth_navi_crosschecked_mhlw_within_100m,0,0.0,1,1,0,0210210000003
GCP-10818,社会医療法人　博愛会　菅間記念病院,社会博愛会菅間記念病院,1,病院,10818,1,1,0,10818,栃木県那須塩原市大黒町2-5,0570080733,36.9719044,140.0493903,birth_navi,birth_navi_not_crosschecked,0,0.0,1,1,1,
GCP-10819,津山中央病院,津山中央病院,1,病院,10819,1,1,0,10819,岡山県津山市川崎１７５６,0868218111,35.0653633,134.0390298,birth_navi,birth_navi_crosschecked_mhlw_within_100m,0,0.0,1,1,1,3311330000590
GCP-10820,八戸市立市民病院,八戸市立市民病院,1,病院,10820,1,1,0,10820,青森県八戸市田向三丁目１番１号,0178725111,40.4921364,141.5120622,birth_navi,birth_navi_crosschecked_mhlw_100_500m,0,0.0,1,1,1,0210210000054
GCP-10821,弘前大学医学部附属病院,弘前大学医学部附属病院,1,病院,10821,2,1,1,10821;12742,青森県弘前市本町５３番地,0172335111,40.5990438,140.4662389,birth_navi,birth_navi_crosschecked_mhlw_100_500m,0,0.0,1,1,1,0210210000026
GCP-10822,東京慈恵会医科大学附属病院,東京慈恵会医科大学附属病院,1,病院,10822,1,1,0,10822,東京都港区西新橋3-19-18,0334331111,35.6638064,139.7504283,birth_navi,birth_navi_crosschecked_mhlw_within_100m,0,0.0,1,1,1,1311130501010
GCP-10823,独立行政法人国立病院機構小倉医療センター,国立病院機構小倉医療センター,1,病院,10823,1,1,0,10823,福岡県北九州市小倉南区春ケ丘１０番１号,0939218881,33.8493006,130.8836576,birth_navi,birth_navi_crosschecked_mhlw_within_100m,0,0.0,1,1,1,4011400004600
GCP-10824,むつ総合病院,むつ総合病院,1,病院,10824,1,1,0,10824,青森県むつ市小川町一丁目２番８号,0175222111,41.2958016,141.2020351,birth_navi,birth_navi_crosschecked_mhlw_100_500m,0,0.0,1,1,0,0210210000105
GCP-10826,独立行政法人国立病院機構東広島医療センター,国立病院機構東広島医療センター,1,病院,10826,1,1,0,10826,広島県東広島市西条町寺家５１３,0824232176,34.4481039,132.7252982,birth_navi,birth_navi_crosschecked_mhlw_100_500m,0,0.0,0,1,1,3411340019460
GCP-10827,飯田市立病院,飯田市立病院,1,病院,10827,1,1,0,10827,長野県飯田市八幡町４３８,0265211255,35.5001882,137.835401,birth_navi,birth_navi_crosschecked_mhlw_100_500m,0,0.0,1,1,1,2011205702470
GCP-10828,広島赤十字・原爆病院,広島赤十字原爆病院,1,病院,10828,1,1,0,10828,広島県広島市中区千田町一丁目９－６,0822413111,34.380885,132.4541953,birth_navi,birth_navi_crosschecked_mhlw_within_100m,0,0.0,1,1,0,3411340006170
GCP-10829,独立行政法人国立病院機構神戸医療センター,国立病院機構神戸医療センター,1,病院,10829,1,1,0,10829,兵庫県神戸市須磨区西落合３丁目１番１号,0787910111,34.6803618,135.0845322,birth_navi,birth_navi_crosschecked_mhlw_100_500m,0,0.0,1,1,1,2811280000810
GCP-10830,社会福祉法人恩賜財団　大阪府済生会野江病院,恩賜財団大阪府済生会野江病院,1,病院,10830,1,1,0,10830,大阪府大阪市城東区古市1丁目3番25号,0669320401,34.7066578,135.5550541,birth_navi,birth_navi_not_crosschecked,0,0.0,1,1,0,
GCP-10831,泉大津市立周産期小児医療センター,泉大津市立周産期小児医療センター,1,病院,10831,1,1,0,10831,大阪府泉大津市下条町１６番１号,0725325622,34.5012909,135.4142123,birth_navi,birth_navi_not_crosschecked,0,0.0,1,1,1,
GCP-10832,独立行政法人国立病院機構佐賀病院,国立病院機構佐賀病院,1,病院,10832,1,1,0,10832,佐賀県佐賀市日の出１丁目２０－１,0952307141,33.2757598,130.294109,birth_navi,birth_navi_crosschecked_mhlw_within_100m,0,0.0,1,1,0,4111415100240
GCP-10833,大阪大学医学部附属病院,大阪大学医学部附属病院,1,病院,10833,1,1,0,10833,大阪府吹田市山田丘2-15,0668795111,34.819152,135.5289849,birth_navi,birth_navi_crosschecked_mhlw_within_100m,0,0.0,1,1,0,2711270002440
GCP-10834,国際親善総合病院,国際親善総合病院,1,病院,10834,1,1,0,10834,神奈川県横浜市泉区西が岡１－２８－１,0458130221,35.4256224,139.5100099,birth_navi,birth_navi_not_crosschecked,0,0.0,0,1,1,
GCP-10835,独立行政法人労働者健康安全機構　関東労災病院,労働者健康安全機構関東労災病院,1,病院,10835,1,1,0,10835,神奈川県川崎市中原区木月住吉町１－１,0444113131,35.5683797,139.6567749,birth_navi,birth_navi_not_crosschecked,0,0.0,0,1,1,
GCP-10836,公益財団法人東京都医療保健協会練馬総合病院,東京都医療保健協会練馬総合病院,1,病院,10836,2,1,1,10836;15497,東京都練馬区旭丘1-24-1,0359882200,35.733507,139.6771798,birth_navi,birth_navi_crosschecked_mhlw_within_100m,0,0.0,1,1,1,1311134600100
GCP-10837,長野県立木曽病院,長野県立木曽病院,1,病院,10837,1,1,0,10837,長野県木曽郡木曽町福島６６１３－４,0264222703,35.8347556,137.6832989,birth_navi,birth_navi_crosschecked_mhlw_within_100m,0,0.0,1,1,1,2011205800220
GCP-10838,独立行政法人　国立病院機構　岩国医療センター,国立病院機構岩国医療センター,1,病院,10838,1,1,0,10838,山口県岩国市愛宕町１－１－１,0827341000,34.1434017,132.2033039,birth_navi,birth_navi_crosschecked_mhlw_within_100m,0,0.0,1,1,0,3511355200350
GCP-10839,獨協医科大学埼玉医療センター,獨協医科大学埼玉医療センター,1,病院,10839,1,1,0,10839,埼玉県越谷市南越谷２丁目１－５０,0489651111,35.8784313,139.7898612,birth_navi,birth_navi_crosschecked_mhlw_within_100m,0,0.0,1,1,1,1111109003000
GCP-10840,公益財団法人宮城厚生協会坂総合病院,宮城厚生協会坂総合病院,1,病院,10840,1,1,0,10840,宮城県塩竃市錦町16-5,0223655175,38.3064981,141.0155248,birth_navi,birth_navi_not_crosschecked,0,0.0,1,1,1,
GCP-10841,金沢医科大学病院,金沢医科大学病院,1,病院,10841,1,1,0,10841,石川県河北郡内灘町大学1丁目1番地,0762863511,36.6548668,136.6448242,birth_navi,birth_navi_not_crosschecked,0,0.0,0,1,0,
GCP-10842,宗教法人　在日本南プレスビテリアンミッション　淀川キリスト教病院,宗教法人在日本南プレスビテリアンミッション淀川キリスト教病院,1,病院,10842,1,1,0,10842,大阪府大阪市東淀川区柴島１丁目７番５０号,0570003489,34.7296902,135.5117663,birth_navi,birth_navi_crosschecked_mhlw_within_100m,0,0.0,1,1,0,2711270005970
GCP-10843,水戸赤十字病院,水戸赤十字病院,1,病院,10843,1,1,0,10843,茨城県水戸市３－１２－４８,0292215177,36.3712281,140.4870284,birth_navi,birth_navi_not_crosschecked,0,0.0,1,1,1,
GCP-10844,さいたま市立病院,さいたま市立病院,1,病院,10844,1,1,0,10844,埼玉県さいたま市緑区三室２４６０,0488734111,35.8903489,139.6797076,birth_navi,birth_navi_crosschecked_mhlw_within_100m,0,0.0,0,1,0,1111103894200
GCP-10845,千葉大学医学部附属病院,千葉大学医学部附属病院,1,病院,10845,1,1,0,10845,千葉県千葉市中央区亥鼻１丁目８－１,0432227171,35.6052621,140.1289586,birth_navi,birth_navi_crosschecked_mhlw_100_500m,0,0.0,1,1,0,1211205424000
GCP-10847,"社会医療法人　雪の聖母会
聖マリア病院",社会雪の聖母会聖マリア病院,1,病院,10847,1,1,0,10847,福岡県久留米市津福本町４２２,0942353322,33.3041586,130.5075072,birth_navi,birth_navi_not_crosschecked,0,0.0,1,1,1,
GCP-10848,屋久島徳洲会病院,屋久島徳洲会病院,1,病院,10848,1,1,0,10848,鹿児島県熊毛郡屋久島町宮之浦２４６７,0997422200,30.4186206,130.5862442,birth_navi,birth_navi_not_crosschecked,0,0.0,0,1,0,
GCP-10849,医療法人医誠会　医誠会国際総合病院,医誠会医誠会国際総合病院,1,病院,10849,1,1,0,10849,大阪府大阪市北区南扇町４番１４号,0570099166,34.7014085,135.508631,birth_navi,birth_navi_not_crosschecked,0,0.0,1,1,1,
GCP-10850,市立伊丹病院,市立伊丹病院,1,病院,10850,1,1,0,10850,兵庫県伊丹市昆陽池１丁目１００番地,0727773773,34.7838729,135.3968375,birth_navi,birth_navi_crosschecked_mhlw_within_100m,0,0.0,1,1,1,2811280002170
GCP-10851,公益財団法人　日産厚生会　玉川病院,日産厚生会玉川病院,1,病院,10851,1,1,0,10851,東京都世田谷区瀬田４－８－１,0337001151,35.6205988,139.6247699,birth_navi,birth_navi_crosschecked_mhlw_within_100m,0,0.0,0,1,0,1311132900200
GCP-10852,公立丹南病院,公立丹南病院,1,病院,10852,1,1,0,10852,福井県鯖江市三六町1-2-31,0778512260,35.9701017,136.1779766,birth_navi,birth_navi_crosschecked_mhlw_within_100m,0,0.0,1,1,1,1811180000870
GCP-10854,厚仁病院産婦人科,厚仁病院産婦人科,1,病院,10854,1,1,0,10854,香川県丸亀市通町１３３,0877232525,34.2918194,133.7966286,birth_navi,birth_navi_not_crosschecked,0,0.0,0,1,1,
GCP-10855,旭川医科大学病院,旭川医科大学病院,1,病院,10855,1,1,0,10855,北海道旭川市緑が丘東２条１丁目１番１号,0166652111,43.729967,142.384425,mhlw_iryou_information_net_manual_confirmation,manual_confirmed_mhlw_iryou_information_net,0,0.0,1,1,0,0111010002130
GCP-10856,青森市民病院,青森市民病院,1,病院,10856,1,1,0,10856,青森県青森市勝田１－１４－２０,0177342171,40.8157914,140.7546649,birth_navi,birth_navi_not_crosschecked,0,0.0,0,1,0,
GCP-10857,独立行政法人国立病院機構千葉医療センター,国立病院機構千葉医療センター,1,病院,10857,1,1,0,10857,千葉県千葉市中央区椿森4－1－2,0432515311,35.6216157,140.1216399,birth_navi,birth_navi_not_crosschecked,0,0.0,1,1,1,
GCP-10858,日野市立病院,日野市立病院,1,病院,10858,1,1,0,10858,東京都日野市多摩平4-3-1,0425812677,35.6674009,139.3787492,birth_navi,birth_navi_not_crosschecked,0,0.0,0,1,1,
GCP-10859,東京女子医科大学病院,東京女子医科大学病院,1,病院,10859,1,1,0,10859,東京都新宿区河田町８番１号,0333538111,35.6975924,139.7203688,birth_navi,birth_navi_crosschecked_mhlw_within_100m,0,0.0,1,1,0,1311130800410
GCP-10860,伊那中央病院,伊那中央病院,1,病院,10860,1,1,0,10860,長野県伊那市小四郎久保1313番地1,0265723121,35.8559043,137.9546805,birth_navi,birth_navi_not_crosschecked,0,0.0,1,1,1,
GCP-10861,兵庫県立淡路医療センター,兵庫県立淡路医療センター,1,病院,10861,1,1,0,10861,兵庫県洲本市塩屋１丁目１－１３７,0799221200,34.3469915,134.8957461,birth_navi_manual_confirmation,manual_confirmed_birth_navi,0,0.0,1,1,1,2811280003440
GCP-10862,総合病院 浦河赤十字病院,総合病院浦河赤十字病院,1,病院,10862,1,1,0,10862,北海道浦河郡浦河町東町ちのみ１丁目２番１号,0146225111,42.1592042,142.7878339,birth_navi,birth_navi_crosschecked_mhlw_within_100m,0,0.0,0,1,1,0111010004500
GCP-10863,康心会汐見台病院,康心会汐見台病院,2,有床診療所,10863,1,1,0,10863,神奈川県横浜市磯子区汐見台1-6-5,0457613581,35.4014022,139.6078907,birth_navi,birth_navi_crosschecked_mhlw_within_100m,0,0.0,1,1,1,1411405309800
GCP-10864,近畿大学病院,近畿大学病院,1,病院,10864,1,1,0,10864,大阪府大阪狭山市大野東３７７－２,0723660221,34.4771568,135.549047,birth_navi,birth_navi_not_crosschecked,0,0.0,0,1,0,
GCP-10865,"独立行政法人労働者健康安全機構
大阪労災病院",労働者健康安全機構大阪労災病院,1,病院,10865,1,1,0,10865,大阪府堺市北区長曽根町１１７９番地３,0722523561,34.567424,135.5098982,birth_navi,birth_navi_not_crosschecked,0,0.0,1,1,0,
GCP-10866,長野県厚生農業協同組合連合会 北信総合病院,長野県厚生農業協同組合連合会北信総合病院,1,病院,10866,2,1,1,10866;13861,長野県中野市西１丁目５番６３号,0269222151,36.7467885,138.3657172,birth_navi,birth_navi_crosschecked_mhlw_within_100m,0,0.0,0,1,1,2011206500110
GCP-10867,佐野厚生農業協同組合連合会 佐野厚生総合病院,佐野厚生農業協同組合連合会佐野厚生総合病院,1,病院,10867,1,1,0,10867,栃木県佐野市堀米町１７２８,0283225222,36.3251475,139.5734473,birth_navi,birth_navi_not_crosschecked,0,0.0,1,1,1,
GCP-10868,東葛病院,東葛病院,1,病院,10868,1,1,0,10868,千葉県流山市中１０２－１,0471591011,35.8525637,139.9161215,birth_navi,birth_navi_not_crosschecked,0,0.0,0,1,1,
GCP-10869,岡崎市民病院,岡崎市民病院,1,病院,10869,1,1,0,10869,愛知県岡崎市高隆寺町字五所合3番地１,0564218111,34.9492727,137.2039461,birth_navi,birth_navi_crosschecked_mhlw_within_100m,0,0.0,1,1,1,2311232700020
GCP-10870,北見赤十字病院,北見赤十字病院,1,病院,10870,1,1,0,10870,北海道北見市北６条東２丁目１番地,0157243115,43.8086509,143.8934309,birth_navi,birth_navi_crosschecked_mhlw_within_100m,0,0.0,0,1,1,0111010005000
GCP-10871,伊勢崎市民病院,伊勢崎市民病院,1,病院,10871,1,1,0,10871,群馬県伊勢崎市連取本町１２ー１,0270255022,36.3232793,139.1784457,birth_navi,birth_navi_crosschecked_mhlw_within_100m,0,0.0,1,1,1,1011100000095
GCP-10872,岩手県立 中央病院,岩手県立中央病院,1,病院,10872,1,1,0,10872,岩手県盛岡市上田１丁目４－１,0196531151,39.7135008,141.1461495,birth_navi,birth_navi_not_crosschecked,0,0.0,0,1,0,
GCP-10873,岩手県立 磐井病院,岩手県立磐井病院,1,病院,10873,1,1,0,10873,岩手県一関市孤禅寺字大平１７番地,0191233452,38.9360741,141.1699245,birth_navi,birth_navi_not_crosschecked,0,0.0,0,1,0,
GCP-10874,岩手県立宮古病院,岩手県立宮古病院,1,病院,10874,1,1,0,10874,岩手県宮古市崎鍬ヶ崎第1地割11番地26,0193624011,39.6585701,141.948989,birth_navi,birth_navi_not_crosschecked,0,0.0,1,1,0,
GCP-10875,千葉市立 海浜病院,千葉市立海浜病院,1,病院,10875,1,1,0,10875,千葉県千葉市美浜区磯辺３－３１－１,0432777711,35.6279188,140.0513727,birth_navi,birth_navi_crosschecked_mhlw_within_100m,0,0.0,0,1,1,1211205413500
GCP-10876,川崎市立多摩病院,川崎市立多摩病院,1,病院,10876,1,1,0,10876,神奈川県川崎市多摩区宿河原1-30-37,0449338111,35.61976,139.5725521,birth_navi,birth_navi_crosschecked_mhlw_within_100m,0,0.0,1,1,0,1411409063500
GCP-10877,豊橋市民病院,豊橋市民病院,1,病院,10877,1,1,0,10877,愛知県豊橋市青竹町字八間西５０番地,0532336111,34.7612438,137.3489799,birth_navi,birth_navi_crosschecked_mhlw_within_100m,0,0.0,0,1,1,2311232600150
GCP-10878,春日井市民病院,春日井市民病院,1,病院,10878,1,1,0,10878,愛知県春日井市鷹来町1-1-1,0568570057,35.2715545,136.9698228,birth_navi,birth_navi_crosschecked_mhlw_within_100m,0,0.0,1,1,1,2311230500030
GCP-10879,新潟県厚生農業協同組合連合会佐渡総合病院,新潟県厚生農業協同組合連合会佐渡総合病院,1,病院,10879,1,1,0,10879,新潟県佐渡市千種１６１番地,0259633121,38.0196172,138.3667061,birth_navi,birth_navi_crosschecked_mhlw_within_100m,0,0.0,1,1,0,151BYSDX00002
GCP-10880,総合病院中津川市民病院,総合病院中津川市民病院,1,病院,10880,1,1,0,10880,岐阜県中津川市駒場1522番地1,0573661251,35.4895681,137.4796722,birth_navi,birth_navi_not_crosschecked,0,0.0,1,1,0,
GCP-10881,財団法人　温知会　会津中央病院,温知会会津中央病院,1,病院,10881,1,1,0,10881,福島県会津若松市,0242251515,,,,missing_unresolved,0,,1,1,1,
GCP-10882,埼玉協同病院,埼玉協同病院,1,病院,10882,1,1,0,10882,埼玉県川口市木曽呂１３１７,0570004771,35.8598982,139.7169079,birth_navi,birth_navi_crosschecked_mhlw_within_100m,0,0.0,0,1,1,1111100017100
GCP-10883,県立大島病院,県立大島病院,1,病院,10883,1,1,0,10883,鹿児島県奄美市名瀬真名津町１８－１,0997523611,28.3672105,129.5009129,birth_navi,birth_navi_not_crosschecked,0,0.0,0,1,1,
GCP-10884,ペルフェ滝山マタニティクリニック,ペルフェ滝山マタニティクリニック,2,有床診療所,10884,1,1,0,10884,東京都東久留米市滝山五丁目３の６,0424773503,35.7441972,139.5027059,birth_navi,birth_navi_not_crosschecked,0,0.0,0,1,1,
GCP-10885,医療法人社団ファーティル　みやけウィメンズクリニック,ファーティルみやけウィメンズクリニック,2,有床診療所,10885,1,1,0,10885,千葉県千葉市緑区おゆみ野中央１−１８−５,0432933500,35.5603227,140.1600489,birth_navi,birth_navi_crosschecked_mhlw_within_100m,0,0.0,1,1,0,1221221015300
GCP-10886,高畑産婦人科,高畑産婦人科,2,有床診療所,10886,1,1,0,10886,大阪府大阪市東住吉区駒川1-7-3,0667190185,34.6334514,135.5294668,birth_navi,birth_navi_not_crosschecked,0,0.0,1,1,0,
GCP-10887,鶴川台ウィメンズクリニック,鶴川台ウィメンズクリニック,2,有床診療所,10887,1,1,0,10887,東京都町田市鶴川２－１４－１１,0427371103,35.5900226,139.468268,birth_navi,birth_navi_not_crosschecked,0,0.0,0,1,1,
GCP-10888,ワキタ産婦人科,ワキタ産婦人科,2,有床診療所,10888,1,1,0,10888,神奈川県横浜市青葉区藤が丘２ー６ー１,0459737081,35.5470926,139.525654,birth_navi,birth_navi_crosschecked_mhlw_100_500m,0,0.0,0,1,0,1421407087100
GCP-10889,新クリニック,新クリニック,2,有床診療所,10889,1,1,0,10889,東京都八王子市台町2-16-8,0426216203,35.6518204,139.3196874,birth_navi,birth_navi_crosschecked_mhlw_within_100m,0,0.0,1,1,0,1322137300050
GCP-10890,後藤産婦人科医院,後藤産婦人科医院,2,有床診療所,10890,1,1,0,10890,神奈川県横須賀市上町３－１２,0468232030,35.2717296,139.6716322,birth_navi,birth_navi_crosschecked_mhlw_within_100m,0,0.0,1,1,0,1421409564500
GCP-10892,塩塚産婦人科,塩塚産婦人科,2,有床診療所,10892,1,1,0,10892,神奈川県厚木市旭町２－１２－１５,0462280115,35.4349397,139.3675071,birth_navi,birth_navi_not_crosschecked,0,0.0,0,1,1,
GCP-10893,医療法人社団聖マリア吉祥会　石原レディースクリニック,聖マリア吉祥会石原レディースクリニック,2,有床診療所,10893,1,1,0,10893,東京都昭島市昭和町３－１８－２１,0425459022,35.7097759,139.3678421,birth_navi,birth_navi_crosschecked_mhlw_within_100m,0,0.0,1,1,1,1322139212550
GCP-10894,医療法人五秀会末永産婦人科・麻酔科医院,五秀会末永産婦人科麻酔科医院,2,有床診療所,10894,1,1,0,10894,福岡県北九州市門司区港町６番１５号,0933212453,33.9454941,130.9632825,birth_navi,birth_navi_crosschecked_mhlw_within_100m,0,0.0,0,1,1,4022400031820
GCP-10895,村岡産婦人科医院,村岡産婦人科医院,2,有床診療所,10895,1,1,0,10895,福島県いわき市小名浜岡小名4-7-1,0246924578,36.9620548,140.9104414,birth_navi,birth_navi_not_crosschecked,0,0.0,1,1,1,
GCP-10896,湘南鵠沼産婦人科,湘南鵠沼産婦人科,2,有床診療所,10896,2,1,1,10896;13512,神奈川県藤沢市鵠沼藤が谷１－７－１０,0466550074,35.3253413,139.486681,birth_navi,birth_navi_crosschecked_mhlw_within_100m,0,0.0,0,1,1,1421421869000
GCP-10897,荒川レディースクリニック,荒川レディースクリニック,2,有床診療所,10897,1,1,0,10897,新潟県新潟市西蒲区巻甲4670番地,0256722785,37.7601529,138.8961062,birth_navi,birth_navi_crosschecked_mhlw_within_100m,0,0.0,1,1,1,152SINCX00579
GCP-10898,医療法人三美会　セントローズクリニック,三美会セントローズクリニック,2,有床診療所,10898,1,1,0,10898,三重県津市新町１－５－１６,0592215555,34.7160671,136.4990039,birth_navi,birth_navi_not_crosschecked,0,0.0,1,1,1,
GCP-10899,医療法人社団順桜会　桜台マタニティクリニック,順桜会桜台マタニティクリニック,2,有床診療所,10899,1,1,0,10899,東京都練馬区桜台４－３２－８,0339930402,35.7415607,139.6613888,birth_navi,birth_navi_crosschecked_mhlw_within_100m,0,0.0,0,1,1,1322136519320
GCP-10900,岩宿クリニック,岩宿クリニック,2,有床診療所,10900,2,1,1,10900;13066,群馬県みどり市笠懸町阿左美１５０６－３,0277467200,36.3956062,139.2943735,birth_navi,birth_navi_crosschecked_mhlw_within_100m,0,0.0,0,1,1,1022100001885
GCP-10901,医療法人神岡産婦人科医院　ヒルズレディースクリニック,神岡産婦人科医院ヒルズレディースクリニック,2,有床診療所,10901,1,1,0,10901,群馬県前橋市総社町総社３６０７,0272534152,36.3929039,139.0369587,birth_navi,birth_navi_crosschecked_mhlw_within_100m,0,0.0,1,1,0,1022100000183
GCP-10902,岡崎バースクリニック,岡崎バースクリニック,2,有床診療所,10902,1,1,0,10902,福島県郡山市安積２－３３５,0249458080,37.3589953,140.3641406,birth_navi,birth_navi_crosschecked_mhlw_within_100m,0,0.0,1,1,1,0720720001031
GCP-10903,医療法人社団タマル産婦人科,タマル産婦人科,2,有床診療所,10903,1,1,0,10903,兵庫県丹波篠山市東吹４０４番地１,0795901188,35.0657237,135.1920282,birth_navi,birth_navi_crosschecked_mhlw_within_100m,0,0.0,1,1,1,2822280048310
GCP-10904,山崎産婦人科小児科医院,山崎産婦人科小児科医院,2,有床診療所,10904,1,1,0,10904,福岡県糟屋郡宇美町宇美中央１−２−１３,0929338000,33.5716488,130.5185958,birth_navi,birth_navi_not_crosschecked,0,0.0,0,1,1,
GCP-10905,エフ．クリニック,エフクリニック,2,有床診療所,10905,1,1,0,10905,青森県青森市浜田３丁目３－７,0177294103,40.7989439,140.7506007,birth_navi,birth_navi_crosschecked_mhlw_within_100m,0,0.0,1,1,0,0220220000152
GCP-10906,医療法人社団直太会マムクリニック,直太会マムクリニック,2,有床診療所,10906,1,1,0,10906,兵庫県神戸市北区有野町唐櫃3389番地,0789821188,34.7817162,135.1989574,birth_navi,birth_navi_not_crosschecked,0,0.0,1,1,0,
GCP-10907,赤井マタニティクリニック,赤井マタニティクリニック,2,有床診療所,10907,1,1,0,10907,大阪府堺市南区深阪南１６７番地,0722395988,34.5051315,135.5057311,birth_navi,birth_navi_not_crosschecked,0,0.0,1,1,1,
GCP-10908,ソフィアクリニック,ソフィアクリニック,2,有床診療所,10908,1,1,0,10908,大分県大分市牧３丁目150番地,0975560040,33.2413241,131.6442082,birth_navi,birth_navi_not_crosschecked,0,0.0,1,1,1,
GCP-10910,まなぶ産科婦人科クリニック,まなぶ産科婦人科クリニック,2,有床診療所,10910,1,1,0,10910,石川県金沢市大桑２−３０７,0762557681,36.5352932,136.6746296,birth_navi,birth_navi_not_crosschecked,0,0.0,0,1,1,
GCP-10911,医療法人社団　青葉産婦人科クリニック,青葉産婦人科クリニック,2,有床診療所,10911,1,1,0,10911,北海道札幌市厚別区青葉町六丁目一番九号,0118933207,43.0307704,141.4771327,birth_navi,birth_navi_not_crosschecked,0,0.0,0,1,1,
GCP-10912,さくら産院,さくら産院,2,有床診療所,10912,1,1,0,10912,栃木県さくら市氏家2190-5,0286823000,36.6827434,139.9566775,birth_navi,birth_navi_not_crosschecked,0,0.0,1,1,0,
GCP-10913,医療法人　さとう産婦人科,さとう産婦人科,2,有床診療所,10913,1,1,0,10913,福岡県小郡市津古１２１０,0942755366,33.4484596,130.5588305,birth_navi,birth_navi_crosschecked_mhlw_within_100m,0,0.0,0,1,1,4022400018280
GCP-10914,さくらレディースクリニック田園町,さくらレディースクリニック田園町,2,有床診療所,10914,2,1,1,10914;14370,鳥取県鳥取市田園町２－１５５,0857254103,35.511363,134.2253181,birth_navi,birth_navi_not_crosschecked,0,0.0,0,1,1,
GCP-10915,おとぎの森レディースクリニック,おとぎの森レディースクリニック,2,有床診療所,10915,1,1,0,10915,富山県高岡市佐野１３１６－１,0766207711,36.725698,137.0017145,birth_navi,birth_navi_crosschecked_mhlw_within_100m,0,0.0,1,1,0,1622160213462
GCP-10916,サンマタニティクリニック,サンマタニティクリニック,2,有床診療所,10916,1,1,0,10916,神奈川県横浜市磯子区洋光台６－１－１０,0458333011,35.3722567,139.5986295,birth_navi,birth_navi_crosschecked_mhlw_within_100m,0,0.0,1,1,1,1421405374800
GCP-10917,医療法人社団吉本レディースクリニック,吉本レディースクリニック,2,有床診療所,10917,1,1,0,10917,富山県富山市羽根511,0764222000,36.6815063,137.1846185,birth_navi,birth_navi_not_crosschecked,0,0.0,1,1,1,
GCP-10918,医療法人聖和会　池田産婦人科クリニック,聖和会池田産婦人科クリニック,2,有床診療所,10918,1,1,0,10918,秋田県湯沢市両神１４２－３,0183730100,39.1736015,140.4757073,birth_navi,birth_navi_crosschecked_mhlw_within_100m,0,0.0,1,1,1,0522050900050
GCP-10919,木野産婦人科医院,木野産婦人科医院,2,有床診療所,10919,1,1,0,10919,埼玉県さいたま市北区宮原町１－３３１－１,0486512916,35.9362724,139.6202393,birth_navi,birth_navi_crosschecked_mhlw_within_100m,0,0.0,0,1,1,1121103947700
GCP-10920,とくなが女性クリニック,とくなが女性クリニック,2,有床診療所,10920,1,1,0,10920,新潟県新潟市中央区長潟８３７番地１,0252864103,37.8856549,139.0716397,birth_navi,birth_navi_crosschecked_mhlw_within_100m,0,0.0,1,1,1,152SINCX00223
GCP-10921,マザリー産科婦人科医院,マザリー産科婦人科医院,2,有床診療所,10921,1,1,0,10921,島根県松江市西津田2-12-33,0852258588,35.4608533,133.0780191,birth_navi,birth_navi_not_crosschecked,0,0.0,1,1,1,
GCP-10922,芥川バースクリニック,芥川バースクリニック,2,有床診療所,10922,1,1,0,10922,神奈川県川崎市麻生区上麻生５－４７－１,0449893300,35.5863354,139.5012211,birth_navi,birth_navi_not_crosschecked,0,0.0,1,1,0,
GCP-10923,医療法人濵口産婦人科クリニック,濵口産婦人科クリニック,2,有床診療所,10923,1,1,0,10923,福岡県北九州市小倉北区清水２－１４－２０,0935610776,33.8729374,130.8607366,birth_navi,birth_navi_not_crosschecked,0,0.0,1,1,1,
GCP-10924,医療法人　愛生会　山中産婦人科医院,愛生会山中産婦人科医院,2,有床診療所,10924,2,1,1,10924;15087,宮崎県延岡市船倉町１ー２ー２,0982333610,32.582892,131.6696905,birth_navi,birth_navi_crosschecked_mhlw_within_100m,0,0.0,1,1,1,4522450309780
GCP-10925,にしさこレディースクリニック,にしさこレディースクリニック,2,有床診療所,10925,1,1,0,10925,神奈川県相模原市緑区原宿南２－３９－７,0427824135,35.5958038,139.3088761,birth_navi,birth_navi_crosschecked_mhlw_within_100m,0,0.0,0,1,1,1421410901800
GCP-10926,まつお産科・婦人科クリニック,まつお産科婦人科クリニック,2,有床診療所,10926,1,1,0,10926,長崎県長崎市石神町１－１９,0958451721,32.7832021,129.8711994,birth_navi,birth_navi_not_crosschecked,0,0.0,0,1,1,
GCP-10927,産科婦人科上野レディスクリニック,産科婦人科上野レディスクリニック,2,有床診療所,10927,1,1,0,10927,愛知県名古屋市北区大曽根１－２９－３３,0529811184,35.1920344,136.9292339,birth_navi,birth_navi_crosschecked_mhlw_within_100m,0,0.0,1,1,0,2322232401950
GCP-10928,産婦人科吉田クリニック,産婦人科吉田クリニック,2,有床診療所,10928,1,1,0,10928,神奈川県藤沢市大庭５０６１－４,0466881103,35.3588943,139.4449229,birth_navi,birth_navi_crosschecked_mhlw_within_100m,0,0.0,1,1,0,1421410320600
GCP-10929,ピュアレディースクリニック,ピュアレディースクリニック,2,有床診療所,10929,1,1,0,10929,静岡県浜松市中央区志都呂２丁目１２番７号,0534404188,34.6979913,137.6505358,birth_navi,birth_navi_crosschecked_mhlw_within_100m,0,0.0,1,1,1,2222223373060
GCP-10930,いびレディースクリニック,いびレディースクリニック,2,有床診療所,10930,1,1,0,10930,岐阜県揖斐郡揖斐川町三輪719-1,0585230050,35.4865931,136.5764782,birth_navi,birth_navi_crosschecked_mhlw_within_100m,0,0.0,1,1,1,2121642002107
GCP-10931,等々力産婦人科,等々力産婦人科,2,有床診療所,10931,1,1,0,10931,東京都世田谷区等々力７－３－２０,0337013033,35.6138186,139.6552679,birth_navi,birth_navi_crosschecked_mhlw_within_100m,0,0.0,0,1,0,1322132700141
GCP-10932,市原産婦人科医院,市原産婦人科医院,2,有床診療所,10932,1,1,0,10932,熊本県上益城郡益城町惣領１４８７,0962867568,32.7835223,130.8016172,birth_navi,birth_navi_crosschecked_mhlw_within_100m,0,0.0,0,1,1,432243570258
GCP-10933,森下産婦人科,森下産婦人科,2,有床診療所,10933,1,1,0,10933,福岡県福岡市博多区店屋町8番10号,0922910328,33.5969889,130.4097186,birth_navi,birth_navi_not_crosschecked,0,0.0,1,1,1,
GCP-10934,医療法人社団立花内科産婦人科医院,立花内科産婦人科医院,2,有床診療所,10934,1,1,0,10934,兵庫県尼崎市立花町４−３−２２,0664381341,34.739868,135.3984244,birth_navi,birth_navi_not_crosschecked,0,0.0,0,1,0,
GCP-10935,いちごレディースクリニック,いちごレディースクリニック,2,有床診療所,10935,1,1,0,10935,山形県酒田市ゆたか２－７－４,0234436731,38.9372777,139.8445415,birth_navi,birth_navi_not_crosschecked,0,0.0,1,1,1,
GCP-10936,医療法人社団　佐野産婦人科,佐野産婦人科,2,有床診療所,10936,1,1,0,10936,千葉県市川市福栄1－19－5,0473743708,35.674644,139.9078497,birth_navi,birth_navi_crosschecked_mhlw_within_100m,0,0.0,0,1,0,1221228395900
GCP-10937,産科婦人科ばらのいずみクリニック,産科婦人科ばらのいずみクリニック,2,有床診療所,10937,1,1,0,10937,愛媛県松山市和泉南一丁目7番10号,0899566002,33.8175858,132.7644491,birth_navi,birth_navi_crosschecked_mhlw_within_100m,0,0.0,1,1,0,3822388314522
GCP-10938,医療法人　伸和會　野崎クリニック,伸和會野崎クリニック,2,有床診療所,10938,1,1,0,10938,愛知県名古屋市中川区大当郎１-１９０３,0523033811,35.132453,136.8340063,birth_navi,birth_navi_crosschecked_mhlw_within_100m,0,0.0,1,1,0,2322232304330
GCP-10939,内田クリニック,内田クリニック,2,有床診療所,10939,1,1,0,10939,愛知県豊田市喜多町４丁目５０番地１,0565353500,35.0868747,137.1607033,birth_navi,birth_navi_not_crosschecked,0,0.0,0,1,1,
GCP-10940,大鳥居医院,大鳥居医院,2,有床診療所,10940,1,1,0,10940,東京都大田区西糀谷３－８－１６,0337410118,35.5557596,139.738514,birth_navi,birth_navi_not_crosschecked,0,0.0,1,1,1,
GCP-10941,ウィメンズクリニック　グリーンヒル,ウィメンズクリニックグリーンヒル,2,有床診療所,10941,1,1,0,10941,熊本県熊本市東区戸島西３－１－１００,0963605511,32.8133924,130.7822302,birth_navi,birth_navi_crosschecked_mhlw_within_100m,0,0.0,1,1,1,432243331899
GCP-10942,内野産婦人科,内野産婦人科,2,有床診療所,10942,1,1,0,10942,佐賀県佐賀市水ケ江２丁目４番２号,0952232360,33.2506138,130.3071135,birth_navi,birth_navi_crosschecked_mhlw_within_100m,0,0.0,1,1,1,4122415904940
GCP-10943,あかつきウィメンズクリニック,あかつきウィメンズクリニック,2,有床診療所,10943,1,1,0,10943,群馬県伊勢崎市連取本町20-9,0270217000,36.3202275,139.1775605,birth_navi,birth_navi_not_crosschecked,0,0.0,1,1,1,
GCP-10944,医療法人社団　中村産婦人科,中村産婦人科,2,有床診療所,10944,1,1,0,10944,兵庫県宝塚市中筋６丁目１５番７号,0797881103,34.8147221,135.3787776,birth_navi,birth_navi_not_crosschecked,0,0.0,1,1,1,
GCP-10945,おとめクリニック,おとめクリニック,2,有床診療所,10945,1,1,0,10945,神奈川県横浜市都筑区茅ヶ崎中央６－１９,0459431103,35.5431761,139.5742408,birth_navi,birth_navi_not_crosschecked,0,0.0,0,1,0,
GCP-10946,医療法人荒牧産婦人科医院,荒牧産婦人科医院,2,有床診療所,10946,1,1,0,10946,福岡県北九州市八幡西区本城東5丁目５－３,0936920303,33.8730524,130.7301572,birth_navi,birth_navi_not_crosschecked,0,0.0,1,1,1,
GCP-10947,北村医院,北村医院,2,有床診療所,10947,1,1,0,10947,神奈川県川崎市中原区木月2-14-6,0444113824,35.562403,139.6551789,birth_navi,birth_navi_crosschecked_mhlw_within_100m,0,0.0,1,1,1,1421408355800
GCP-10948,医療法人いちかわクリニック,いちかわクリニック,2,有床診療所,10948,1,1,0,10948,福島県福島市南矢野目字鼓田６－１,0245540303,37.7851131,140.4671756,birth_navi,birth_navi_crosschecked_mhlw_within_100m,0,0.0,1,1,1,0720720000168
GCP-10949,医療法人社団東壽会東峯婦人クリニック,東壽会東峯婦人クリニック,2,有床診療所,10949,1,1,0,10949,東京都江東区木場５－３－１０,0336300303,35.6690342,139.8081455,birth_navi,birth_navi_crosschecked_mhlw_within_100m,0,0.0,0,1,0,1322136810900
GCP-10950,医療法人社団健志會　知産婦人科,健志會知産婦人科,2,有床診療所,10950,1,1,0,10950,神奈川県横浜市青葉区美しが丘５－３－２,0459020303,35.5754621,139.5545947,birth_navi,birth_navi_not_crosschecked,0,0.0,1,1,0,
GCP-10952,さくら産婦人科医院,さくら産婦人科医院,2,有床診療所,10952,1,1,0,10952,大分県臼杵市大字野田２７８番地,0972634103,33.108801,131.778046,birth_navi,birth_navi_crosschecked_mhlw_within_100m,0,0.0,1,1,1,4421089000000
GCP-10954,中村レディスクリニック,中村レディスクリニック,2,有床診療所,10954,1,1,0,10954,埼玉県羽生市中岩瀬612,0485623505,36.1636889,139.5255905,birth_navi,birth_navi_crosschecked_mhlw_within_100m,0,0.0,1,0,0,1121102945500
GCP-10955,田島産婦人科,田島産婦人科,2,有床診療所,10955,1,1,0,10955,鹿児島県薩摩川内市平佐町１９５７ー７,0996220311,31.8112203,130.3191234,birth_navi,birth_navi_not_crosschecked,0,0.0,0,1,1,
GCP-10956,清水産婦人科医院,清水産婦人科医院,2,有床診療所,10956,1,1,0,10956,長野県長野市川中島町原９０８－１,0262193838,36.5821634,138.1536228,birth_navi,birth_navi_crosschecked_mhlw_within_100m,0,0.0,1,1,1,2022203110560
GCP-10957,ゆしまウィメンズクリニック,ゆしまウィメンズクリニック,2,有床診療所,10957,2,1,1,10957;15505,東京都あきる野市牛沼131-3,0425327053,35.7218409,139.2877833,birth_navi_manual_confirmation,manual_confirmed_birth_navi,0,0.0,1,1,1,1322138907400
GCP-10958,たて産婦人科,たて産婦人科,2,有床診療所,10958,1,1,0,10958,千葉千葉市若葉区都賀３－６－１８,0432310213,35.6363875,140.1504874,birth_navi,birth_navi_not_crosschecked,0,0.0,1,1,1,
GCP-10959,鎌沢マタニティークリニック,鎌沢マタニティークリニック,2,有床診療所,10959,1,1,0,10959,鳥取県米子市熊党142-7,0859271355,35.429661,133.3779724,birth_navi,birth_navi_not_crosschecked,0,0.0,1,1,1,
GCP-10960,エンゼルマザークリニック,エンゼルマザークリニック,2,有床診療所,10960,1,1,0,10960,新潟県新潟市中央区出来島１－５－１５,0252811103,37.9009515,139.0249618,birth_navi,birth_navi_not_crosschecked,0,0.0,1,1,1,
GCP-10961,かんすいこうえんレディースクリニック,かんすいこうえんレディースクリニック,2,有床診療所,10961,1,1,0,10961,富山県富山市下新町18-3,0764310303,36.7126771,137.2133468,birth_navi,birth_navi_crosschecked_mhlw_within_100m,0,0.0,1,1,1,1622163000284
GCP-10962,あかね・レディースクリニック,あかねレディースクリニック,2,有床診療所,10962,1,1,0,10962,大阪府貝塚市石才５５２番地,0724363541,34.4300226,135.3652416,birth_navi,birth_navi_not_crosschecked,0,0.0,1,1,1,
GCP-10963,おおひらレディスクリニック,おおひらレディスクリニック,2,有床診療所,10963,1,1,0,10963,栃木県栃木市大平町下皆川７５３,0282438211,36.3573157,139.708985,birth_navi,birth_navi_not_crosschecked,0,0.0,0,1,1,
GCP-10964,わかば・産婦人科,わかば産婦人科,2,有床診療所,10964,1,1,0,10964,兵庫県小野市敷地町１５００－５,0794626111,34.85879,134.933857,birth_navi,birth_navi_crosschecked_mhlw_within_100m,0,0.0,0,1,0,2822280042720
GCP-10965,医療法人さわらぎ　共立さわらぎ産婦人科,さわらぎ共立さわらぎ産婦人科,3,無床診療所,10965,1,1,0,10965,大阪府箕面市粟生外院６丁目3番５号,0727261103,34.843942,135.5033734,birth_navi,birth_navi_not_crosschecked,0,0.0,1,1,1,
GCP-10966,あさか産婦人科,あさか産婦人科,2,有床診療所,10966,1,1,0,10966,埼玉県朝霞市溝沼５３７ー１,0484664103,35.8067757,139.5833362,birth_navi,birth_navi_not_crosschecked,0,0.0,1,1,0,
GCP-10968,産婦人科南ヶ丘クリニック,産婦人科南ヶ丘クリニック,2,有床診療所,10968,1,1,0,10968,佐賀県伊万里市立花町２２９４ー３,0955221135,33.260021,129.886557,birth_navi,birth_navi_crosschecked_mhlw_100_500m,0,0.0,0,1,1,4122415607300
GCP-10969,島岡医院,島岡医院,2,有床診療所,10969,1,1,0,10969,京都府京都市,0756610746,,,,missing_unresolved,0,,1,1,1,
GCP-10970,吉野産婦人科医院,吉野産婦人科医院,2,有床診療所,10970,1,1,0,10970,島根県出雲市斐川町上直江３０９１,0853727470,35.3830854,132.8086143,birth_navi,birth_navi_crosschecked_mhlw_within_100m,0,0.0,0,1,1,3222325419080
GCP-10971,産科婦人科すがのウィメンズクリニック,産科婦人科すがのウィメンズクリニック,2,有床診療所,10971,1,1,0,10971,大分県佐伯市鶴岡西町二丁目１１３番地,0972233131,32.9601763,131.8699515,birth_navi,birth_navi_crosschecked_mhlw_within_100m,0,0.0,0,1,1,4421087400000
GCP-10972,かわばた産婦人科,かわばた産婦人科,2,有床診療所,10972,1,1,0,10972,愛媛県大洲市東大洲２３０－２,0893231103,33.516918,132.5577554,birth_navi,birth_navi_not_crosschecked,0,0.0,0,1,1,
GCP-10973,彩都レディースクリニック,彩都レディースクリニック,2,有床診療所,10973,1,1,0,10973,埼玉県春日部市大枝366,0487311103,35.9387094,139.7749126,birth_navi,birth_navi_crosschecked_mhlw_within_100m,0,0.0,1,1,0,1121103085200
GCP-10974,Wクリニックフォーマザーズ幕張,wクリニックフォーマザーズ幕張,2,有床診療所,10974,1,1,0,10974,千葉県千葉市花見川区幕張本郷2-37-17,0432981100,35.6685781,140.0448967,birth_navi,birth_navi_not_crosschecked,0,0.0,1,1,0,
GCP-10975,医療法人イワサクリニック,イワサクリニック,2,有床診療所,10975,1,1,0,10975,大阪府枚方市香里園町９－２２,0728311666,34.7856832,135.6325862,birth_navi,birth_navi_crosschecked_mhlw_within_100m,0,0.0,1,1,1,2722270054590
GCP-10976,奥村マタニティクリニック,奥村マタニティクリニック,2,有床診療所,10976,1,1,0,10976,和歌山県橋本市東家4丁目18-13,0736320072,34.3154351,135.6101215,birth_navi,birth_navi_crosschecked_mhlw_within_100m,0,0.0,1,1,1,3022127500000
GCP-10978,杉浦ウィメンズクリニック,杉浦ウィメンズクリニック,2,有床診療所,10978,1,1,0,10978,東京都江戸川区南篠崎町1-6-11,0356641460,35.6952721,139.9030439,birth_navi,birth_navi_not_crosschecked,0,0.0,1,1,0,
GCP-10980,いこまともみレディースクリニック産科分院,いこまともみレディースクリニック産科分院,2,有床診療所,10980,2,1,1,10980;13665,石川県白山市北安田西２丁目１６４番地,0762875761,36.5207264,136.546599,birth_navi,birth_navi_crosschecked_mhlw_within_100m,0,0.0,1,1,1,172798
GCP-10981,成城マタニティクリニック,成城マタニティクリニック,2,有床診療所,10981,1,1,0,10981,東京都世田谷区成城1-1-2,0357275335,35.6326719,139.6056731,birth_navi,birth_navi_not_crosschecked,0,0.0,0,1,1,
GCP-10982,医療法人社団　日の浦会　佐々木産婦人科,日の浦会佐々木産婦人科,2,有床診療所,10982,1,1,0,10982,広島県広島市東区戸坂千足2丁目９－２５,0822294008,34.4371392,132.4861252,birth_navi,birth_navi_crosschecked_mhlw_within_100m,0,0.0,0,1,1,3422340682500
GCP-10983,今井産婦人科内科クリニック,今井産婦人科内科クリニック,2,有床診療所,10983,1,1,0,10983,岩手県盛岡市下ノ橋町１ー５,0196234881,39.6982679,141.1515299,birth_navi,birth_navi_crosschecked_mhlw_within_100m,0,0.0,1,0,0,03203200312
GCP-10984,千歳産婦人科医院,千歳産婦人科医院,2,有床診療所,10984,1,1,0,10984,青森県青森市長島３―１２―６,0177762893,40.8197693,140.7419855,birth_navi,birth_navi_crosschecked_mhlw_within_100m,0,0.0,0,1,0,0220220000161
GCP-10986,みうらレディースクリニック,みうらレディースクリニック,2,有床診療所,10986,1,1,0,10986,神奈川県茅ヶ崎市東海岸南4－11－41,0467594103,35.3206718,139.4135757,birth_navi,birth_navi_crosschecked_mhlw_within_100m,0,0.0,1,1,1,1421423523400
GCP-10987,青木産婦人科医院,青木産婦人科医院,2,有床診療所,10987,1,1,0,10987,東京都世田谷区赤堤5−30−15,0333270702,35.6652237,139.6386398,birth_navi,birth_navi_not_crosschecked,0,0.0,1,1,1,
GCP-10989,医療法人結想会　産婦人科ゆいクリニック,結想会産婦人科ゆいクリニック,2,有床診療所,10989,1,1,0,10989,沖縄県沖縄市登川２４４４－３,0989893801,26.3705449,127.8191327,birth_navi,birth_navi_not_crosschecked,0,0.0,1,1,1,
GCP-10990,医療法人恒心会　高橋レディスクリニック,恒心会高橋レディスクリニック,2,有床診療所,10990,1,1,0,10990,栃木県宇都宮市東塙田１－５－１,0286240130,36.5657935,139.889966,birth_navi,birth_navi_crosschecked_mhlw_within_100m,0,0.0,1,1,1,0922090001708
GCP-10991,医療法人社団　白河産婦人科,白河産婦人科,2,有床診療所,10991,1,1,0,10991,広島県福山市旭町8ー3,0849222235,34.4901644,133.3748836,birth_navi,birth_navi_crosschecked_mhlw_within_100m,0,0.0,1,1,0,3422340082650
GCP-10992,浜中産婦人科,浜中産婦人科,2,有床診療所,10992,2,1,1,10992;14207,大阪府堺市南区赤坂台３丁１０番５号,0722983535,34.4864176,135.4740591,birth_navi,birth_navi_not_crosschecked,0,0.0,0,1,0,
GCP-10993,都賀レディースクリニック,都賀レディースクリニック,2,有床診療所,10993,1,1,0,10993,千葉県千葉市若葉区西都賀,0432552771,,,,missing_unresolved,0,,1,1,1,
GCP-10994,医療法人　文生会　井元産婦人科医院,文生会井元産婦人科医院,2,有床診療所,10994,1,1,0,10994,福井県越前市堀川町６－２５,0778233541,35.8983709,136.1722984,birth_navi,birth_navi_crosschecked_mhlw_within_100m,0,0.0,0,1,0,1822180004210
GCP-10995,横須賀マタニティクリニック,横須賀マタニティクリニック,2,有床診療所,10995,1,1,0,10995,神奈川県横須賀市衣笠町３－１,0468538814,35.2431066,139.6632831,birth_navi,birth_navi_crosschecked_mhlw_within_100m,0,0.0,1,1,1,1421420808300
GCP-10997,くりやまレディースクリニック,くりやまレディースクリニック,2,有床診療所,10997,1,1,0,10997,大分県杵築市大字杵築861番地12,0978661177,33.4222463,131.6164586,birth_navi,birth_navi_not_crosschecked,0,0.0,1,1,1,
GCP-10998,クリニックベル,クリニックベル,2,有床診療所,10998,1,1,0,10998,愛知県瀬戸市北浦町３丁目１６番地,0561832828,35.2203966,137.0730533,birth_navi,birth_navi_crosschecked_mhlw_within_100m,0,0.0,0,1,1,2322230300640
GCP-11000,中澤ウィメンズライフクリニック,中澤ウィメンズライフクリニック,2,有床診療所,11000,3,1,2,11000;13782;13860,長野県長野市若里６－３－６,0262288155,36.6286289,138.1947697,birth_navi,birth_navi_crosschecked_mhlw_within_100m,0,0.0,1,1,1,2022203113330
GCP-11001,医療法人社団　レディースクリニックむらた,レディースクリニックむらた,2,有床診療所,11001,1,1,0,11001,富山県射水市橋下条１４８３－１,0766574141,36.7179137,137.0807746,birth_navi,birth_navi_not_crosschecked,0,0.0,1,1,1,
GCP-11003,三浦産婦人科,三浦産婦人科,2,有床診療所,11003,1,1,0,11003,長崎県西彼杵郡時津町野田郷２５番地１,0958827000,32.8269117,129.847503,birth_navi,birth_navi_not_crosschecked,0,0.0,0,1,1,
GCP-11004,さとうウィメンズクリニック,さとうウィメンズクリニック,2,有床診療所,11004,1,1,0,11004,山形県天童市南小畑４−１−１,0236521117,38.3511848,140.3665323,birth_navi,birth_navi_crosschecked_mhlw_within_100m,0,0.0,1,1,1,062206531887
GCP-11005,医療法人内山産婦人科医院,内山産婦人科医院,2,有床診療所,11005,1,1,0,11005,佐賀県伊万里市東山代町長浜１２５０,0955233241,33.2794311,129.846258,birth_navi,birth_navi_crosschecked_mhlw_100_500m,0,0.0,1,1,1,4122415600200
GCP-11006,医療法人社団俊生会阿部産婦人科,俊生会阿部産婦人科,2,有床診療所,11006,1,1,0,11006,東京都東大和市中央２丁目１０４３－１４,0425661311,35.7444843,139.4294471,birth_navi,birth_navi_not_crosschecked,0,0.0,0,1,1,
GCP-11007,医療法人　長田産婦人科クリニック,長田産婦人科クリニック,2,有床診療所,11007,1,1,0,11007,山梨県甲府市相生２－１－７,0552330277,35.6571452,138.5701957,birth_navi,birth_navi_crosschecked_mhlw_within_100m,0,0.0,1,1,0,1922190000101
GCP-11008,作永産婦人科,作永産婦人科,2,有床診療所,11008,1,1,0,11008,千葉県茂原市高師町1-5-5,0475248822,35.4290247,140.2996529,birth_navi,birth_navi_not_crosschecked,0,0.0,1,1,1,
GCP-11009,医療法人社団なかしま産婦人科,なかしま産婦人科,2,有床診療所,11009,1,1,0,11009,富山県富山市町村２－７０,0764248800,36.6810924,137.2585041,birth_navi,birth_navi_crosschecked_mhlw_within_100m,0,0.0,1,1,1,1622160117036
GCP-11010,医療法人仁徳会　渡辺産婦人科,仁徳会渡辺産婦人科,2,有床診療所,11010,1,1,0,11010,宮崎県日向市大字平岩７１８番地,0982571011,32.3686614,131.627057,birth_navi,birth_navi_crosschecked_mhlw_within_100m,0,0.0,1,1,1,4522450936290
GCP-11011,あさもとクリニック産婦人科,あさもとクリニック産婦人科,2,有床診療所,11011,1,1,0,11011,愛知県名古屋市昭和区菊園町四町目三十番地の一,0528514111,35.1382681,136.9406665,birth_navi,birth_navi_not_crosschecked,0,0.0,0,1,0,
GCP-11012,医療法人本原会産科婦人科本原クリニック,本原会産科婦人科本原クリニック,2,有床診療所,11012,1,1,0,11012,熊本県天草市古川町１０番２５号,0969241175,32.4540927,130.1857635,birth_navi,birth_navi_not_crosschecked,0,0.0,1,1,1,
GCP-11013,高知ファミリークリニック,高知ファミリークリニック,2,有床診療所,11013,1,1,0,11013,高知県高知市朝倉横町２３ー７ー１０,0888443339,33.5445702,133.4929452,birth_navi,birth_navi_crosschecked_mhlw_within_100m,0,0.0,1,1,0,3922393110780
GCP-11014,医療法人社団　とおたけ産婦人科,とおたけ産婦人科,2,有床診療所,11014,1,1,0,11014,東京都葛飾区立石６－３４－１１,0336910858,35.742405,139.8533741,birth_navi,birth_navi_not_crosschecked,0,0.0,0,1,1,
GCP-11015,池田医院,池田医院,2,有床診療所,11015,1,1,0,11015,茨城県猿島郡境町２１７４－１００,0280870171,36.1084158,139.7950318,birth_navi,birth_navi_not_crosschecked,0,0.0,1,1,1,
GCP-11016,医療法人社団慶水会　前田産婦人科,慶水会前田産婦人科,2,有床診療所,11016,1,1,0,11016,神奈川県平塚市松風町１６－１６,0463272322,35.3224796,139.350007,birth_navi,birth_navi_not_crosschecked,0,0.0,0,1,1,
GCP-11017,医療法人社団　益子産婦人科医院,益子産婦人科医院,3,無床診療所,11017,1,1,0,11017,兵庫県神戸市須磨区戎町３丁目５－１５,0787324103,34.6589152,135.135006,birth_navi,birth_navi_crosschecked_mhlw_within_100m,0,0.0,1,1,0,2822280007700
GCP-11018,医療法人宮原レディースクリニック,宮原レディースクリニック,2,有床診療所,11018,1,1,0,11018,大分県日田市大字十二町258番地１,0973243584,33.3197602,130.923063,birth_navi,birth_navi_not_crosschecked,0,0.0,0,1,1,
GCP-11019,医療法人博優会　庄野真由美レディースクリニック,博優会庄野真由美レディースクリニック,2,有床診療所,11019,1,1,0,11019,佐賀県佐賀市兵庫北２丁目３０番２６号,0952205550,33.2719475,130.308025,birth_navi,birth_navi_not_crosschecked,0,0.0,1,1,1,
GCP-11020,名古屋バースクリニック,名古屋バースクリニック,2,有床診療所,11020,2,1,1,11020;14027,愛知県名古屋市名東区引山３－２０１,0527781103,35.1928091,136.9983215,birth_navi,birth_navi_not_crosschecked,0,0.0,0,1,1,
GCP-11021,医療法人善淳会　小川産婦人科・小児科,善淳会小川産婦人科小児科,2,有床診療所,11021,1,1,0,11021,埼玉県坂戸市南町２４－１５,0492812637,35.953901,139.3972611,birth_navi,birth_navi_crosschecked_mhlw_within_100m,0,0.0,1,0,1,1121103622200
GCP-11022,中島産婦人科医院,中島産婦人科医院,2,有床診療所,11022,1,1,0,11022,静岡県富士市青島町160,0545514188,35.1591056,138.6762889,birth_navi,birth_navi_not_crosschecked,0,0.0,1,1,1,
GCP-11023,医療法人　双葉会　ふたばクリニック,双葉会ふたばクリニック,2,有床診療所,11023,1,1,0,11023,愛知県半田市吉田町６ー８２,0569205000,34.8912373,136.8942145,birth_navi,birth_navi_crosschecked_mhlw_within_100m,0,0.0,1,1,1,2322231000370
GCP-11024,森永産婦人科,森永産婦人科,2,有床診療所,11024,1,1,0,11024,愛知県春日井市八事町３－４６,0568811303,35.2443247,136.9797745,birth_navi,birth_navi_crosschecked_mhlw_within_100m,0,0.0,1,1,1,2322230502180
GCP-11025,医療法人實生会池田産婦人科,實生会池田産婦人科,2,有床診療所,11025,2,1,1,11025;15740,佐賀県佐賀市諸富町諸富津４３１ー４,0952473541,33.2239118,130.361305,birth_navi,birth_navi_crosschecked_mhlw_within_100m,0,0.0,1,1,1,4122415118040
GCP-11026,平野マタニティクリニック,平野マタニティクリニック,2,有床診療所,11026,1,1,0,11026,兵庫県宝塚市山本東3-14-5,0797804103,34.8193756,135.3897601,birth_navi,birth_navi_not_crosschecked,0,0.0,1,1,1,
GCP-11027,仲地レディースクリニック,仲地レディースクリニック,2,有床診療所,11027,1,1,0,11027,沖縄県那覇市安謝１丁目２０番,0988612100,26.2373446,127.6950231,birth_navi,birth_navi_not_crosschecked,0,0.0,0,1,0,
GCP-11028,医療法人社団わかば会そらレディースクリニック,わかば会そらレディースクリニック,2,有床診療所,11028,1,1,0,11028,福岡県福岡市東区和白丘2-2-45,0926053511,33.692978,130.433527,birth_navi,birth_navi_not_crosschecked,0,0.0,1,1,0,
GCP-11029,大正病院附属産婦人科クリニック,大正病院附属産婦人科クリニック,2,有床診療所,11029,1,1,0,11029,大阪府大阪市大正区三軒家東4-6-8,0665511103,34.661478,135.4766007,birth_navi,birth_navi_crosschecked_mhlw_within_100m,0,0.0,1,1,0,2722270126200
GCP-11030,はまだ産婦人科,はまだ産婦人科,2,有床診療所,11030,1,1,0,11030,和歌山県和歌山市島２３０－２,0734620341,34.2570968,135.2528605,birth_navi,birth_navi_crosschecked_mhlw_within_100m,0,0.0,1,1,1,3022101700000
GCP-11031,産婦人科　水野クリニック,産婦人科水野クリニック,2,有床診療所,11031,1,1,0,11031,愛知県名古屋市瑞穂区牧町２丁目１１番地,0528411234,35.1275808,136.9341167,birth_navi,birth_navi_not_crosschecked,0,0.0,0,1,1,
GCP-11032,飯藤産婦人科,飯藤産婦人科,2,有床診療所,11032,1,1,0,11032,大阪府門真市末広町２－７,0669090815,34.7405847,135.5935925,birth_navi,birth_navi_not_crosschecked,0,0.0,1,1,1,
GCP-11033,徳永産婦人科,徳永産婦人科,2,有床診療所,11033,1,1,0,11033,鹿児島県鹿児島市田上2-27-17,0992020007,31.5741324,130.5320094,birth_navi,birth_navi_not_crosschecked,0,0.0,1,1,1,
GCP-11034,アイレディースクリニック,アイレディースクリニック,2,有床診療所,11034,1,1,0,11034,千葉県野田市尾崎1464-1,0471377661,35.9897041,139.8313888,birth_navi,birth_navi_crosschecked_mhlw_within_100m,0,0.0,1,1,0,1221220247900
GCP-11035,上田レディースクリニック,上田レディースクリニック,2,有床診療所,11035,1,1,0,11035,新潟県上越市大豆１－１１－１１,0255231103,37.1503074,138.2262731,birth_navi,birth_navi_crosschecked_mhlw_within_100m,0,0.0,1,1,1,152SIJTX00082
GCP-11036,菅クリニック,菅クリニック,2,有床診療所,11036,1,1,0,11036,山形県東根市三日町４丁目,0237420055,38.4429541,140.3958917,birth_navi,birth_navi_crosschecked_mhlw_within_100m,0,0.0,0,1,0,062206530200
GCP-11037,松陽台佐藤クリニック,松陽台佐藤クリニック,2,有床診療所,11037,1,1,0,11037,島根県出雲市白枝町９８８－１,08532235883,35.3693628,132.7323045,birth_navi,birth_navi_not_crosschecked,0,0.0,0,1,0,
GCP-11038,増田産婦人科,増田産婦人科,2,有床診療所,11038,1,1,0,11038,千葉県匝瑳市八日市場イ2837,0479731100,35.6999233,140.5476778,birth_navi,birth_navi_not_crosschecked,0,0.0,1,1,1,
GCP-11040,いしかわレディースクリニック,いしかわレディースクリニック,2,有床診療所,11040,1,1,0,11040,静岡県藤枝市平島７０番地の1,0546430311,34.8741617,138.2796012,birth_navi,birth_navi_not_crosschecked,0,0.0,1,1,1,
GCP-11041,医療法人　立野レディースクリニック,立野レディースクリニック,2,有床診療所,11041,1,1,0,11041,福岡県行橋市中央１丁目　１２　１２,0930220715,33.727122,130.9777362,birth_navi,birth_navi_crosschecked_mhlw_within_100m,0,0.0,1,1,1,4022400030650
GCP-11042,平井産婦人科医院,平井産婦人科医院,2,有床診療所,11042,1,1,0,11042,長崎県北松浦郡佐々町羽須和免７８０番地５,0956623903,33.2347008,129.6513931,birth_navi,birth_navi_crosschecked_mhlw_within_100m,0,0.0,1,1,1,422cki0058
GCP-11043,医療法人橘井会　江川産婦人科医院,橘井会江川産婦人科医院,2,有床診療所,11043,1,1,0,11043,大阪府茨木市総持寺2丁目1-5,0726253675,34.8287797,135.5854993,birth_navi,birth_navi_not_crosschecked,0,0.0,1,1,0,
GCP-11044,産科婦人科吉田医院,産科婦人科吉田医院,2,有床診療所,11044,1,1,0,11044,岩手県盛岡市若園町１０番４号,0196229433,39.7023543,141.159805,birth_navi,birth_navi_crosschecked_mhlw_within_100m,0,0.0,1,1,1,03203200018
GCP-11045,メディカルパーク湘南,メディカルパーク湘南,2,有床診療所,11045,1,1,0,11045,神奈川県藤沢市湘南台１－１４－３,0466410331,35.3954543,139.4677522,birth_navi,birth_navi_crosschecked_mhlw_within_100m,0,0.0,1,1,0,1421428265800
GCP-11046,お産の森いのちのもり産科婦人科篠﨑医院,お産の森いのちのもり産科婦人科篠﨑医院,2,有床診療所,11046,1,1,0,11046,茨城県守谷市大柏１０６７－１,0297446203,35.9421321,139.9780296,birth_navi,birth_navi_not_crosschecked,0,0.0,0,1,1,
GCP-11047,エンゼルレディースクリニック,エンゼルレディースクリニック,2,有床診療所,11047,1,1,0,11047,愛知県小牧市中央二丁目２２番地,0568416260,35.2917493,136.9312256,birth_navi,birth_navi_crosschecked_mhlw_within_100m,0,0.0,1,1,1,2322230600460
GCP-11048,医療法人愛育会花みずきレディースクリニック,愛育会花みずきレディースクリニック,2,有床診療所,11048,1,1,0,11048,長崎県長崎市住吉町１３－１６,0958417122,32.7934286,129.8606845,birth_navi,birth_navi_not_crosschecked,0,0.0,0,1,1,
GCP-11049,医療法人　平針北クリニック,平針北クリニック,2,有床診療所,11049,1,1,0,11049,愛知県日進市赤池町屋下３０６－２,0528031103,35.1256104,137.0077345,birth_navi,birth_navi_crosschecked_mhlw_within_100m,0,0.0,1,1,1,2322230401770
GCP-11051,岩沢クリニック,岩沢クリニック,2,有床診療所,11051,1,1,0,11051,千葉県成田市飯田町１５４－８,0476271122,35.7708327,140.299115,birth_navi,birth_navi_not_crosschecked,0,0.0,0,1,1,
GCP-11052,医療法人　碧会　ヤナセクリニック,碧会ヤナセクリニック,2,有床診療所,11052,1,1,0,11052,三重県津市乙部５番３号,0592275585,34.717131,136.5163264,birth_navi,birth_navi_not_crosschecked,0,0.0,1,1,1,
GCP-11053,医療法人廣仁会 直原ウィメンズクリニック,廣仁会直原ウィメンズクリニック,2,有床診療所,11053,1,1,0,11053,大阪府豊中市新千里南町２－１１－１,0668710314,34.7982393,135.4924809,birth_navi,birth_navi_crosschecked_mhlw_within_100m,0,0.0,1,1,1,2722270035570
GCP-11054,医療法人　大神会　佐藤レディースクリニック,大神会佐藤レディースクリニック,2,有床診療所,11054,1,1,0,11054,大分県宇佐市大字上田１０６０番地の２,0978323300,33.5346869,131.3493242,birth_navi,birth_navi_crosschecked_mhlw_within_100m,0,0.0,1,1,0,4421102500000
GCP-11055,エルム女性クリニック,エルム女性クリニック,3,無床診療所,11055,2,1,1,11055;12754,青森県五所川原市中央４丁目93番,0173384188,40.7972365,140.4516775,birth_navi,birth_navi_not_crosschecked,0,0.0,1,0,1,
GCP-11056,はまだレディスクリニック,はまだレディスクリニック,2,有床診療所,11056,1,1,0,11056,宮崎県宮崎市大字島之内７２８４番地,0985390087,31.9861954,131.4513201,birth_navi,birth_navi_not_crosschecked,0,0.0,0,1,0,
GCP-11057,医療法人社団　伊藤産婦人科,伊藤産婦人科,2,有床診療所,11057,1,1,0,11057,群馬県太田市飯田町９６０,0276452330,36.2904989,139.3775271,birth_navi,birth_navi_crosschecked_mhlw_within_100m,0,0.0,1,1,0,1022100001357
GCP-11058,藤盛医院,藤盛医院,2,有床診療所,11058,1,1,0,11058,青森県弘前市品川町２７−１,0172320974,40.5966774,140.475247,birth_navi,birth_navi_crosschecked_mhlw_within_100m,0,0.0,0,1,0,0220220000411
GCP-11059,医療法人　神谷産婦人科医院,神谷産婦人科医院,2,有床診療所,11059,1,1,0,11059,大阪府門真市本町２５番８号,0669085156,34.7349931,135.5786096,birth_navi,birth_navi_crosschecked_mhlw_within_100m,0,0.0,1,1,1,2722270050850
GCP-11060,医療法人　あおい産婦人科,あおい産婦人科,2,有床診療所,11060,1,1,0,11060,大分県別府市石垣東８丁目２番３１号,0977250888,33.302207,131.498363,birth_navi,birth_navi_not_crosschecked,0,0.0,0,1,1,
GCP-11061,メディカルパーク入間,メディカルパーク入間,2,有床診療所,11061,1,1,0,11061,埼玉県入間市久保稲荷１－２９－３,0429668103,35.8273106,139.3927281,birth_navi,birth_navi_crosschecked_mhlw_within_100m,0,0.0,1,1,1,1121121353100
GCP-11062,かすがいマタニティクリニック,かすがいマタニティクリニック,2,有床診療所,11062,1,1,0,11062,愛知県春日井市前並町字東屋敷１０３番地,0568360301,35.2612733,136.9472617,birth_navi,birth_navi_crosschecked_mhlw_within_100m,0,0.0,1,1,1,2322230502610
GCP-11063,岡山愛育クリニック,岡山愛育クリニック,2,有床診療所,11063,1,1,0,11063,岡山県岡山市中区倉田５０８－８,0862768500,34.630648,133.958175,birth_navi,birth_navi_crosschecked_mhlw_within_100m,0,0.0,1,1,1,3322330012880
GCP-11064,医療法人　徳洲会　五輪橋マタニティクリニック,徳洲会五輪橋マタニティクリニック,2,有床診療所,11064,1,1,0,11064,北海道札幌市南区南39条西11丁目1-30,0115853110,43.0052229,141.3423117,birth_navi,birth_navi_crosschecked_mhlw_within_100m,0,0.0,1,1,0,0111010001700
GCP-11065,医療法人　桂川レディースクリニック,桂川レディースクリニック,2,有床診療所,11065,1,1,0,11065,滋賀県大津市御殿浜２１－８,0775114135,34.988545,135.8969691,birth_navi,birth_navi_crosschecked_mhlw_within_100m,0,0.0,0,1,0,2522250002100
GCP-11066,はしもと産婦人科,はしもと産婦人科,2,有床診療所,11066,1,1,0,11066,兵庫県神戸市灘区八幡町１－８－１５,0788224188,34.7199795,135.2372984,birth_navi,birth_navi_not_crosschecked,0,0.0,0,1,0,
GCP-11067,医療法人　矢野産婦人科,矢野産婦人科,2,有床診療所,11067,1,1,0,11067,愛媛県松山市昭和町72-1,0899216507,33.8469272,132.7771785,birth_navi,birth_navi_not_crosschecked,0,0.0,1,1,0,
GCP-11068,本多レディースクリニック,本多レディースクリニック,2,有床診療所,11068,1,1,0,11068,新潟県新潟市東区中野山891番地１,0252565561,37.8943869,139.1073096,birth_navi,birth_navi_crosschecked_mhlw_within_100m,0,0.0,1,1,1,152SINCX00114
GCP-11069,代田産婦人科,代田産婦人科,2,有床診療所,11069,1,1,0,11069,神奈川県座間市相武台１－２０－２１,0462533511,35.5037183,139.4112655,birth_navi,birth_navi_crosschecked_mhlw_within_100m,0,0.0,1,1,1,1421401359200
GCP-11070,宗田マタニティクリニック,宗田マタニティクリニック,2,有床診療所,11070,1,1,0,11070,千葉県市原市根田３２０－７,0436244103,35.5054306,140.1066525,birth_navi,birth_navi_crosschecked_mhlw_within_100m,0,0.0,1,1,1,1221204666300
GCP-11071,アルテミス宇都宮クリニック,アルテミス宇都宮クリニック,2,有床診療所,11071,1,1,0,11071,栃木県宇都宮市インターパーク5丁目1番地9,0286555600,36.4904171,139.9044521,birth_navi,birth_navi_not_crosschecked,0,0.0,1,1,1,
GCP-11072,医療法人社団ＳＪＳ　金子レディースクリニック,sjs金子レディースクリニック,2,有床診療所,11072,1,1,0,11072,東京都調布市調布ケ丘３－１９－１３,0424267800,35.657069,139.551628,birth_navi,birth_navi_crosschecked_mhlw_within_100m,0,0.0,1,1,1,1322137112498
GCP-11073,和田マタニティクリニック,和田マタニティクリニック,2,有床診療所,11073,1,1,0,11073,栃木県下野市小金井１−３０−６,0285405503,36.3813462,139.8414601,birth_navi,birth_navi_crosschecked_mhlw_within_100m,0,0.0,0,1,0,0922092000363
GCP-11074,浮田クリニック,浮田クリニック,2,有床診療所,11074,1,1,0,11074,滋賀県大津市本堅田６丁目３６番地１号,0775743751,35.1212363,135.9122098,birth_navi,birth_navi_not_crosschecked,0,0.0,0,1,0,
GCP-11075,みやむらレディースクリニック,みやむらレディースクリニック,2,有床診療所,11075,1,1,0,11075,大分県大分市田尻427-2,0975861551,33.1883476,131.5923239,birth_navi,birth_navi_crosschecked_mhlw_within_100m,0,0.0,1,1,1,4421049400000
GCP-11076,河野産科婦人科医院,河野産科婦人科医院,2,有床診療所,11076,1,1,0,11076,宮崎県児湯郡高鍋町北高鍋２６０５,0983220341,32.1222787,131.519753,birth_navi,birth_navi_crosschecked_mhlw_within_100m,0,0.0,0,1,0,4522450603840
GCP-11077,医療法人藤田産科・婦人科医院,藤田産科婦人科医院,2,有床診療所,11077,1,1,0,11077,京都府京都市伏見区銀座町２丁目３４２,0756013241,34.9345157,135.7638259,birth_navi,birth_navi_crosschecked_mhlw_within_100m,0,0.0,0,1,1,2622620001359
GCP-11078,たがしらレディースクリニック,たがしらレディースクリニック,2,有床診療所,11078,1,1,0,11078,島根県松江市浜乃木六丁目７－８,0852231103,35.4681908,133.0484055,birth_navi,birth_navi_not_crosschecked,0,0.0,0,1,0,
GCP-11079,にしじまクリニック,にしじまクリニック,2,有床診療所,11079,1,1,0,11079,埼玉県富士見市勝瀬１０３４－１,0492620600,35.864433,139.5311407,birth_navi,birth_navi_not_crosschecked,0,0.0,1,1,1,
GCP-11080,医療法人社団福神会柴田産婦人科医院,福神会柴田産婦人科医院,2,有床診療所,11080,1,1,0,11080,東京都八王子市横川町515,0426250303,35.6639869,139.3046785,birth_navi,birth_navi_crosschecked_mhlw_within_100m,0,0.0,1,1,0,1322137316180
GCP-11081,愛育レディースクリニック,愛育レディースクリニック,2,有床診療所,11081,1,1,0,11081,千葉県船橋市習志野５－８－１６,0474761103,35.6976886,140.0620164,birth_navi,birth_navi_not_crosschecked,0,0.0,0,1,1,
GCP-11082,さとうレディースクリニック,さとうレディースクリニック,2,有床診療所,11082,1,1,0,11082,埼玉県川口市青木1-5-25,0482521103,35.8056609,139.7257904,birth_navi,birth_navi_crosschecked_mhlw_within_100m,0,0.0,0,1,1,1121100121600
GCP-11083,医療法人なかむらレディースクリニック,なかむらレディースクリニック,2,有床診療所,11083,2,1,1,11083;14624,山口県萩市熊谷町１０８番地,0838221557,34.417095,131.4005585,birth_navi,birth_navi_crosschecked_mhlw_within_100m,0,0.0,0,1,1,3522356401920
GCP-11084,しのはら産科婦人科医院,しのはら産科婦人科医院,2,有床診療所,11084,1,1,0,11084,静岡県島田市岸町６５８－１,0547334103,34.8445017,138.2130406,birth_navi,birth_navi_crosschecked_mhlw_100_500m,0,0.0,0,1,1,2222227208870
GCP-11085,医療法人天信会あまがせ産婦人科,天信会あまがせ産婦人科,2,有床診療所,11085,1,1,0,11085,福岡県大野城市１丁目１４番６号,0925725503,33.544395,130.4918576,birth_navi,birth_navi_not_crosschecked,0,0.0,1,1,1,
GCP-11086,医療法人社団志生会　依藤産婦人科医院,志生会依藤産婦人科医院,2,有床診療所,11086,1,1,0,11086,静岡県静岡市葵区上足洗二丁目１番９号,0542096601,34.9903969,138.3917873,birth_navi,birth_navi_crosschecked_mhlw_within_100m,0,0.0,1,1,0,2222220123440
GCP-11087,医療法人　工藤医院,工藤医院,2,有床診療所,11087,1,1,0,11087,岩手県花巻市一日市2番27号,0198232715,39.3931896,141.1162552,birth_navi,birth_navi_not_crosschecked,0,0.0,1,1,0,
GCP-11088,遠藤産婦人科医院,遠藤産婦人科医院,2,有床診療所,11088,1,1,0,11088,茨城県筑西市八丁台６３,0296201000,36.3239988,139.974432,birth_navi,birth_navi_crosschecked_mhlw_within_100m,0,0.0,1,1,1,082208622192
GCP-11090,医療法人社団　浅岡医院,浅岡医院,2,有床診療所,11090,1,1,0,11090,栃木県足利市相生町３８７,0284418188,36.3369217,139.4609404,birth_navi,birth_navi_crosschecked_mhlw_within_100m,0,0.0,1,1,1,0922090100531
GCP-11091,大脇産婦人科医院,大脇産婦人科医院,2,有床診療所,11091,1,1,0,11091,静岡県浜松市中央区曳馬３－３－２２,0534110800,34.7245543,137.7442869,birth_navi,birth_navi_crosschecked_mhlw_within_100m,0,0.0,0,1,0,2222223394720
GCP-11092,医療法人愛生会セントラルレディースクリニック,愛生会セントラルレディースクリニック,2,有床診療所,11092,1,1,0,11092,群馬県高崎市東町８０－７,0273267711,36.326924,139.0141745,birth_navi,birth_navi_crosschecked_mhlw_within_100m,0,0.0,0,1,1,1022100000477
GCP-11093,中村レディースクリニック,中村レディースクリニック,2,有床診療所,11093,1,1,0,11093,鹿児島県鹿児島市上本町９ー１４,0992225510,31.6027557,130.5613394,birth_navi,birth_navi_not_crosschecked,0,0.0,1,1,1,
GCP-11094,神吉産婦人科,神吉産婦人科,2,有床診療所,11094,1,1,0,11094,大阪府大阪市旭区新森五丁目四番地十号,0669561001,34.7190332,135.5604322,birth_navi,birth_navi_not_crosschecked,0,0.0,0,1,0,
GCP-11096,河田産婦人科,河田産婦人科,2,有床診療所,11096,1,1,0,11096,福岡県久留米市梅満町９５５－１,0942322502,33.3083424,130.5047451,birth_navi,birth_navi_crosschecked_mhlw_within_100m,0,0.0,1,1,1,4022400016410
GCP-11097,医療法人紹応会　河田産婦人科医院,紹応会河田産婦人科医院,2,有床診療所,11097,1,1,0,11097,広島県広島市佐伯区海老園１－２－１３,0829213501,34.3649755,132.3565866,birth_navi,birth_navi_not_crosschecked,0,0.0,1,1,1,
GCP-11098,医療法人社団みやもと産婦人科医院,みやもと産婦人科医院,2,有床診療所,11098,2,1,1,11098;14446,鳥取県鳥取市叶２９３－７,0857517717,35.474221,134.2186675,birth_navi,birth_navi_crosschecked_mhlw_within_100m,0,0.0,1,1,1,3123111000168
GCP-11099,医療法人社団宮本レディースクリニック,宮本レディースクリニック,2,有床診療所,11099,1,1,0,11099,兵庫県西宮市樋之池町５－２２,0798751103,34.7514388,135.3229892,birth_navi,birth_navi_not_crosschecked,0,0.0,0,1,1,
GCP-11100,医療法人社団　渡辺産婦人科,渡辺産婦人科,2,有床診療所,11100,1,1,0,11100,滋賀県栗東市野尻４３５,0775511331,35.0351058,135.9867556,birth_navi,birth_navi_crosschecked_mhlw_within_100m,0,0.0,1,1,0,2522250006270
GCP-11101,医療法人社団関島産婦人科医院,関島産婦人科医院,2,有床診療所,11101,1,1,0,11101,兵庫県加古川市加古川町粟津４６２−１,0794223182,34.761841,134.8364996,birth_navi,birth_navi_crosschecked_mhlw_within_100m,0,0.0,0,1,1,2822280036370
GCP-11102,ことみレディースクリニック,ことみレディースクリニック,2,有床診療所,11102,1,1,0,11102,静岡県浜松市浜名区東美薗６７８,0535895000,34.7967282,137.8017461,birth_navi,birth_navi_crosschecked_mhlw_within_100m,0,0.0,1,1,1,2222220202970
GCP-11103,前田産婦人科クリニック,前田産婦人科クリニック,2,有床診療所,11103,1,1,0,11103,鹿児島県霧島市国分中央１丁目３番２３号,0995466800,31.7423561,130.7658512,birth_navi,birth_navi_crosschecked_mhlw_within_100m,0,0.0,1,1,1,46222629
GCP-11104,もりレディースクラブクリニック,もりレディースクラブクリニック,2,有床診療所,11104,1,1,0,11104,岐阜県大垣市河間町１－１３,0584741888,35.3830689,136.60481,birth_navi,birth_navi_crosschecked_mhlw_within_100m,0,0.0,0,1,1,2121642001590
GCP-11105,医療法人安永産婦人科医院,安永産婦人科医院,2,有床診療所,11105,1,1,0,11105,長崎県諫早市泉町１７番２２号,0957220032,32.8475747,130.056157,birth_navi,birth_navi_crosschecked_mhlw_within_100m,0,0.0,1,1,1,422coh0035
GCP-11106,医療法人社団緑星会国井クリニック,緑星会国井クリニック,2,有床診療所,11106,1,1,0,11106,山形県寒河江市大字中郷1450-1,0237844103,38.3719985,140.2212613,birth_navi,birth_navi_crosschecked_mhlw_within_100m,0,0.0,1,0,1,062206520832
GCP-11107,守屋レディースクリニック,守屋レディースクリニック,2,有床診療所,11107,1,1,0,11107,三重県四日市市羽津４６６１,0593638803,35.0111303,136.6263448,birth_navi,birth_navi_not_crosschecked,0,0.0,1,1,1,
GCP-11108,富岡産婦人科医院,富岡産婦人科医院,2,有床診療所,11108,1,1,0,11108,千葉県松戸市小金原６－８－１１,0473421078,35.8170066,139.9484836,birth_navi,birth_navi_not_crosschecked,0,0.0,0,1,1,
GCP-11109,権丈産婦人科医院,権丈産婦人科医院,2,有床診療所,11109,1,1,0,11109,福岡県糟屋郡志免町志免3丁目2-14,0929350505,33.583796,130.4862209,birth_navi,birth_navi_crosschecked_mhlw_within_100m,0,0.0,1,1,1,4022400003180
GCP-11110,あらかわレディースクリニック,あらかわレディースクリニック,2,有床診療所,11110,1,1,0,11110,東京都荒川区町屋１丁目８番地８号,0368078867,35.7458333,139.7829168,birth_navi,birth_navi_not_crosschecked,0,0.0,1,1,1,
GCP-11111,八戸クリニック,八戸クリニック,2,有床診療所,11111,1,1,0,11111,青森県八戸市柏崎１丁目８番３２号,0178227725,40.5125281,141.4949036,birth_navi,birth_navi_not_crosschecked,0,0.0,0,1,1,
GCP-11112,いしい産婦人科醫院,いしい産婦人科醫院,2,有床診療所,11112,1,1,0,11112,大分県大分市下郡北３－４３４－２,0975697770,33.2296396,131.632987,birth_navi,birth_navi_crosschecked_mhlw_100_500m,0,0.0,1,1,1,4422033500000
GCP-11113,医療法人瓢成会　なかがわレディースクリニック,瓢成会なかがわレディースクリニック,2,有床診療所,11113,1,1,0,11113,大阪府大阪市住吉区長峡町５－５,0666710158,34.6122248,135.4909275,birth_navi,birth_navi_crosschecked_mhlw_within_100m,0,0.0,0,1,0,2722270149890
GCP-11114,真島クリニック,真島クリニック,2,有床診療所,11114,1,1,0,11114,東京都足立区関原１-１４-１１,0338494127,35.7633579,139.7886137,birth_navi,birth_navi_not_crosschecked,0,0.0,1,1,0,
GCP-11115,宇井レディスクリニック,宇井レディスクリニック,2,有床診療所,11115,1,1,0,11115,埼玉県さいたま市見沼区御蔵７８９－１,0486884622,35.906071,139.668656,birth_navi,birth_navi_not_crosschecked,0,0.0,0,1,1,
GCP-11116,医療法人もみじの手　箕面レディースクリニック,もみじの手箕面レディースクリニック,2,有床診療所,11116,1,1,0,11116,大阪府箕面市牧落３－３－３３,0727230351,34.8268796,135.4737659,birth_navi,birth_navi_crosschecked_mhlw_within_100m,0,0.0,1,1,1,2722270037870
GCP-11117,医療法人社団マザー・キー　ファミール産院たてやま,マザーキーファミール産院たてやま,2,有床診療所,11117,1,1,0,11117,千葉県館山市北条２１８６－１,0470241135,34.998634,139.8622635,birth_navi,birth_navi_crosschecked_mhlw_within_100m,0,0.0,1,1,1,1221204103300
GCP-11118,医療法人こいけレディスクリニック,こいけレディスクリニック,2,有床診療所,11118,1,1,0,11118,栃木県宇都宮市若松原３－１－２,0286883588,36.5051138,139.8640484,birth_navi,birth_navi_not_crosschecked,0,0.0,1,1,1,
GCP-11120,たむらウィメンズクリニック,たむらウィメンズクリニック,2,有床診療所,11120,1,1,0,11120,静岡県静岡市駿河区片山３番地の３,0542891111,34.9670232,138.4223397,birth_navi,birth_navi_crosschecked_mhlw_within_100m,0,0.0,1,1,0,2222220145370
GCP-11121,きりんウィメンズクリニック武蔵野,きりんウィメンズクリニック武蔵野,2,有床診療所,11121,1,1,0,11121,東京都武蔵野市中町２－４－５,0422534103,35.7069968,139.5619912,birth_navi,birth_navi_crosschecked_mhlw_within_100m,0,0.0,0,1,1,1322137100143
GCP-11122,鈴木産婦人科医院,鈴木産婦人科医院,2,有床診療所,11122,1,1,0,11122,茨城県水戸市東台１－１０－１９,0292213932,36.367961,140.493558,mhlw_iryou_information_net_manual_confirmation,manual_confirmed_mhlw_iryou_information_net,0,0.0,1,1,0,082208511087
GCP-11123,医療法人産婦人科よしはらクリニック,産婦人科よしはらクリニック,2,有床診療所,11123,1,1,0,11123,広島県尾道市山波町551−1,0848207111,34.4176789,133.2306691,birth_navi,birth_navi_crosschecked_mhlw_within_100m,0,0.0,1,1,0,3422340445750
GCP-11124,酒本産婦人科医院,酒本産婦人科医院,2,有床診療所,11124,1,1,0,11124,奈良県橿原市内膳町４－４－２６,0744253389,34.514759,135.7917775,birth_navi,birth_navi_crosschecked_mhlw_within_100m,0,0.0,1,1,1,2922087600000
GCP-11125,サンフラワー マタニティークリニック,サンフラワーマタニティークリニック,2,有床診療所,11125,1,1,0,11125,香川県高松市太田下町3017番地3,0878684103,34.3013035,134.0509662,birth_navi,birth_navi_not_crosschecked,0,0.0,1,1,1,
GCP-11126,医療法人　久成会　高橋レディースクリニック,久成会高橋レディースクリニック,2,有床診療所,11126,1,1,0,11126,埼玉県川口市朝日３－６－２２,0482262871,35.812632,139.7360586,birth_navi,birth_navi_crosschecked_mhlw_within_100m,0,0.0,1,1,0,1121100180100
GCP-11127,医療法人　加藤産婦人科クリニック,加藤産婦人科クリニック,2,有床診療所,11127,1,1,0,11127,大阪府三島郡島本町水無瀬１丁目１４－１３,0759623355,34.8788533,135.6675137,birth_navi,birth_navi_crosschecked_mhlw_within_100m,0,0.0,1,1,1,2722270083390
GCP-11128,G＆Oレディスクリニック,goレディスクリニック,2,有床診療所,11128,1,1,0,11128,愛知県刈谷市泉田町折戸6-2,0566274103,35.021304,137.0052251,birth_navi,birth_navi_not_crosschecked,0,0.0,1,1,1,
GCP-11129,医療法人準和会　東京マザーズクリニック,準和会東京マザーズクリニック,2,有床診療所,11129,1,1,0,11129,東京都世田谷区上用賀4-5-1,0334261131,35.633645,139.628599,birth_navi,birth_navi_crosschecked_mhlw_within_100m,0,0.0,1,1,0,1322132700045
GCP-11130,福岡バースクリニック,福岡バースクリニック,2,有床診療所,11130,1,1,0,11130,福岡県福岡市西区姪浜駅南３－１８－２１,0928830530,33.577635,130.3276054,birth_navi,birth_navi_crosschecked_mhlw_within_100m,0,0.0,0,1,0,4022400068280
GCP-11131,医療法人玲聖会　貴子ウィメンズクリニック,玲聖会貴子ウィメンズクリニック,2,有床診療所,11131,1,1,0,11131,愛知県津島市申塚町１ー１２２,0567235786,35.184913,136.7192675,birth_navi,birth_navi_crosschecked_mhlw_within_100m,0,0.0,1,1,1,2322230900430
GCP-11132,マミィクリニック伊集院,マミィクリニック伊集院,2,有床診療所,11132,1,1,0,11132,鹿児島県鹿児島市中山町２５８７－３,0992631153,31.5445726,130.5062695,birth_navi,birth_navi_not_crosschecked,0,0.0,0,1,0,
GCP-11133,まつお産婦人科,まつお産婦人科,2,有床診療所,11133,1,1,0,11133,長崎県東彼杵郡川棚町百津郷４５２番地,0956822038,33.067823,129.8631366,birth_navi,birth_navi_crosschecked_mhlw_within_100m,0,0.0,1,1,1,422coh0132
GCP-11134,医療法人平野医院,平野医院,2,有床診療所,11134,1,1,0,11134,奈良県奈良市西大寺東町２－１－５２,0742333338,34.6943001,135.7845582,birth_navi,birth_navi_crosschecked_mhlw_within_100m,0,0.0,1,1,1,2922018700000
GCP-11135,医療法人社団　メディカルクリエイティヴ　レディスクリニック　フォレスタヴェルデ,メディカルクリエイティヴレディスクリニックフォレスタヴェルデ,2,有床診療所,11135,1,1,0,11135,神奈川県横浜市都筑区中川中央２ー５ー１１,0455905101,35.5492802,139.5749476,birth_navi,birth_navi_crosschecked_mhlw_within_100m,0,0.0,1,1,0,1421422720700
GCP-11136,産科・婦人科井上クリニック,産科婦人科井上クリニック,2,有床診療所,11136,1,1,0,11136,福井県敦賀市木崎49-24-1,0770214103,35.6453597,136.0369133,birth_navi,birth_navi_crosschecked_mhlw_within_100m,0,0.0,0,1,1,1822181006050
GCP-11137,医療法人　うめかげレディースクリニック,うめかげレディースクリニック,2,有床診療所,11137,2,1,1,11137;14236,大阪府豊中市服部元町１丁目１番７号,0648662323,34.7631832,135.4753857,birth_navi,birth_navi_crosschecked_mhlw_within_100m,0,0.0,1,1,1,2722270108930
GCP-11138,医療法人　英正会　関井レディースクリニック,英正会関井レディースクリニック,2,有床診療所,11138,1,1,0,11138,宮城県大崎市古川駅東２丁目１０ー３１,0229213666,38.5719976,140.9749076,birth_navi,birth_navi_crosschecked_mhlw_within_100m,0,0.0,1,1,1,042802152
GCP-11139,武田産婦人科医院,武田産婦人科医院,2,有床診療所,11139,1,1,0,11139,静岡県富士市宮島３３０－７,0545635122,35.1403943,138.6544164,birth_navi,birth_navi_not_crosschecked,0,0.0,0,1,1,
GCP-11140,医療法人回生会　立花レディースクリニック,回生会立花レディースクリニック,2,有床診療所,11140,1,1,0,11140,福岡県柳川市三橋町藤吉530-11,0944732012,33.1662531,130.416098,birth_navi,birth_navi_crosschecked_mhlw_within_100m,0,0.0,1,1,1,4022400020390
GCP-11141,髙橋産婦人科クリニック,髙橋産婦人科クリニック,2,有床診療所,11141,1,1,0,11141,兵庫県西宮市六湛寺町15-5,0798330150,34.7369994,135.3398017,birth_navi,birth_navi_not_crosschecked,0,0.0,1,1,0,
GCP-11142,木村産科・婦人科,木村産科婦人科,2,有床診療所,11142,2,1,1,11142;13988,静岡県浜松市中央区東三方町94-3,0534391010,34.7770274,137.7334939,birth_navi,birth_navi_crosschecked_mhlw_within_100m,0,0.0,1,1,1,2222223350830
GCP-11143,医療法人社団こうのとり会西川産婦人科,こうのとり会西川産婦人科,2,有床診療所,11143,1,1,0,11143,兵庫県姫路市花田町一本松165-1,0792532195,34.8263525,134.7228043,birth_navi,birth_navi_not_crosschecked,0,0.0,1,1,1,
GCP-11145,めぐみクリニック,めぐみクリニック,2,有床診療所,11145,1,1,0,11145,石川県金沢市近岡町３４５番１,0762371135,36.6105303,136.6337409,birth_navi,birth_navi_not_crosschecked,0,0.0,1,1,1,
GCP-11146,やびく産婦人科小児科,やびく産婦人科小児科,2,有床診療所,11146,1,1,0,11146,沖縄県中頭郡北谷町砂辺３０６番地,0989356789,26.3315337,127.7502303,birth_navi,birth_navi_not_crosschecked,0,0.0,0,1,0,
GCP-11147,国見産婦人科,国見産婦人科,2,有床診療所,11147,1,1,0,11147,高知県高知市本町４－２－３０,0888225954,33.5573803,133.5327777,birth_navi,birth_navi_crosschecked_mhlw_within_100m,0,0.0,0,1,0,3922395104930
GCP-11148,医療法人　大心会　大橋産婦人科クリニック,大心会大橋産婦人科クリニック,2,有床診療所,11148,1,1,0,11148,愛知県津島市埋田町２－６３,0567267111,35.1743832,136.7420844,birth_navi,birth_navi_crosschecked_mhlw_within_100m,0,0.0,1,0,1,2322230902170
GCP-11149,クララクリニック,クララクリニック,2,有床診療所,11149,1,1,0,11149,栃木県下都賀郡壬生町壬生甲３３１２－１,0282831311,36.4367626,139.8129584,birth_navi,birth_navi_not_crosschecked,0,0.0,0,1,1,
GCP-11152,よしもとレディースクリニック,よしもとレディースクリニック,2,有床診療所,11152,1,1,0,11152,愛媛県大洲市東若宮１４－１４,0893257780,33.529999,132.5654506,birth_navi,birth_navi_crosschecked_mhlw_within_100m,0,0.0,1,1,1,3822386508770
GCP-11153,厚木産婦人科,厚木産婦人科,2,有床診療所,11153,1,1,0,11153,神奈川県厚木市中町３－９－３,0462215166,35.4410805,139.3613384,birth_navi,birth_navi_crosschecked_mhlw_within_100m,0,0.0,0,1,1,1421401322300
GCP-11154,中西ウィメンズクリニック,中西ウィメンズクリニック,2,有床診療所,11154,1,1,0,11154,岐阜県多治見市大正町1丁目45番地,0572258882,35.3381142,137.1284139,birth_navi,birth_navi_not_crosschecked,0,0.0,1,1,1,
GCP-11155,小田原マタニティクリニック,小田原マタニティクリニック,2,有床診療所,11155,1,1,0,11155,神奈川県小田原市城山2-1-5,0465351103,35.2572309,139.1519646,birth_navi,birth_navi_not_crosschecked,0,0.0,1,1,1,
GCP-11156,まつばせレディースクリニック,まつばせレディースクリニック,2,有床診療所,11156,1,1,0,11156,熊本県宇城市松橋町松橋689-1,0964340303,32.655181,130.6819832,birth_navi,birth_navi_crosschecked_mhlw_within_100m,0,0.0,0,1,1,432243660041
GCP-11157,くさなぎマタニティクリニック,くさなぎマタニティクリニック,2,有床診療所,11157,1,1,0,11157,静岡県静岡市駿河区聖一色４４１－１,0542658877,34.9845799,138.4278896,birth_navi,birth_navi_not_crosschecked,0,0.0,0,1,0,
GCP-11158,城北レディースクリニック,城北レディースクリニック,2,有床診療所,11158,1,1,0,11158,新潟県上越市栄町５－１６,0255217700,37.1257992,138.2485392,birth_navi,birth_navi_crosschecked_mhlw_within_100m,0,0.0,0,1,1,152SIJTX00066
GCP-11159,医療法人　レディスクリニック　セントセシリア,レディスクリニックセントセシリア,2,有床診療所,11159,1,1,0,11159,青森県青森市,0177380321,,,,missing_unresolved,0,,1,1,0,
GCP-11161,医療法人養真堂産婦人科筑紫クリニック,養真堂産婦人科筑紫クリニック,2,有床診療所,11161,1,1,0,11161,福岡県糟屋郡志免町志免中央３丁目１番３０号,0929363939,33.5881418,130.4805426,birth_navi,birth_navi_crosschecked_mhlw_within_100m,0,0.0,0,1,1,4022400003560
GCP-11163,長野産婦人科,長野産婦人科,2,有床診療所,11163,1,1,0,11163,愛媛県宇和島市堀端町１－８,0895241103,33.21752,132.5684802,birth_navi,birth_navi_crosschecked_mhlw_within_100m,0,0.0,1,0,0,3822386306240
GCP-11164,医療法人社団 五月会 とけレディースクリニック,五月会とけレディースクリニック,2,有床診療所,11164,1,1,0,11164,千葉県千葉市緑区 あすみが丘 3-4-3,0432954103,35.5287417,140.2679781,birth_navi,birth_navi_crosschecked_mhlw_within_100m,0,0.0,1,1,1,1221205909900
GCP-11165,駒ケ根高原レディスクリニック,駒ケ根高原レディスクリニック,2,有床診療所,11165,1,1,0,11165,長野県駒ヶ根市赤穂７５９－１９５,0265821010,35.7440571,137.8885507,birth_navi,birth_navi_not_crosschecked,0,0.0,0,1,1,
GCP-11166,おおたレディースクリニック,おおたレディースクリニック,2,有床診療所,11166,1,1,0,11166,兵庫県姫路市砥堀229-1,0792655335,34.8650393,134.7224974,birth_navi,birth_navi_not_crosschecked,0,0.0,1,1,1,
GCP-11167,マザーズ高田産医院,マザーズ高田産医院,2,有床診療所,11167,1,1,0,11167,神奈川県横浜市港北区高田西２－５－２７,0455954103,35.5515018,139.6201914,birth_navi,birth_navi_crosschecked_mhlw_within_100m,0,0.0,1,1,0,1421422829700
GCP-11168,医療法人秀峰会　本多レディースクリニック,秀峰会本多レディースクリニック,2,有床診療所,11168,1,1,0,11168,福井県福井市宝永４丁目２番１８号,0776246800,36.0672741,136.2196591,birth_navi,birth_navi_crosschecked_mhlw_within_100m,0,0.0,1,1,1,1822180001940
GCP-11170,医療法人　社団　政彬会　野田医院,社団政彬会野田医院,2,有床診療所,11170,1,1,0,11170,宮﨑県都城市蔵原町9街区18号,0986248553,31.7230714,131.0672795,birth_navi,birth_navi_not_crosschecked,0,0.0,1,1,0,
GCP-11171,横山産院,横山産院,2,有床診療所,11171,1,1,0,11171,岐阜県各務原市蘇原瑞穂町2丁目60番地の1,0583890311,35.4129995,136.8467438,birth_navi,birth_navi_crosschecked_mhlw_within_100m,0,0.0,1,1,1,2121632007613
GCP-11172,長岡産婦人科クリニック,長岡産婦人科クリニック,2,有床診療所,11172,2,1,1,11172;13226,千葉県佐倉市王子台３－１６－１,0434610303,35.7261268,140.1804023,birth_navi,birth_navi_not_crosschecked,0,0.0,0,1,1,
GCP-11173,医療法人社団善方会　よしかた産婦人科,善方会よしかた産婦人科,2,有床診療所,11173,1,1,0,11173,神奈川県横浜市港北区小机町２４３０,0454728688,35.5093813,139.5975711,birth_navi,birth_navi_crosschecked_mhlw_within_100m,0,0.0,0,1,0,1421406031000
GCP-11176,医療法人正仁会　井町産婦人科医院,正仁会井町産婦人科医院,2,有床診療所,11176,1,1,0,11176,山口県下関市秋根南町二丁目１番１８号,0832633070,34.0083989,130.9550053,birth_navi,birth_navi_crosschecked_mhlw_within_100m,0,0.0,1,1,1,3522353138720
GCP-11177,医療法人いわさクリニック,いわさクリニック,2,有床診療所,11177,1,1,0,11177,福岡県北九州市門司区大里原町10-10,0933711131,33.8984902,130.9326914,birth_navi,birth_navi_not_crosschecked,0,0.0,1,1,0,
GCP-11178,産科・婦人科　大渕クリニック,産科婦人科大渕クリニック,2,有床診療所,11178,1,1,0,11178,宮崎県宮崎市橘通東1丁目5-20,0985243808,31.9081141,131.4224223,birth_navi,birth_navi_crosschecked_mhlw_within_100m,0,0.0,1,1,0,4522453156930
GCP-11179,医療法人　はだ産婦人科クリニック,はだ産婦人科クリニック,2,有床診療所,11179,1,1,0,11179,北海道札幌市手稲区手稲本町二条五丁目３番１２号,0116851103,43.1213884,141.2363805,birth_navi,birth_navi_not_crosschecked,0,0.0,0,1,0,
GCP-11180,医療法人　エンジェル会　永川産婦人科医院,エンジェル会永川産婦人科医院,2,有床診療所,11180,1,1,0,11180,福岡県筑紫野市紫１ー２５ー５,0929223164,33.4968855,130.5193049,birth_navi,birth_navi_crosschecked_mhlw_within_100m,0,0.0,0,1,1,4022400013370
GCP-11181,医療法人創生会　安達産婦人科,創生会安達産婦人科,2,有床診療所,11181,1,1,0,11181,大分県大分市大字宮崎937番地の4,0975691123,33.1979443,131.6057163,birth_navi,birth_navi_not_crosschecked,0,0.0,1,1,1,
GCP-11182,医療法人　ももレディースクリニック,ももレディースクリニック,2,有床診療所,11182,2,1,1,11182;14527,岡山県岡山市北区西花尻１２００－３,0869032248,34.6536498,133.8559404,birth_navi,birth_navi_crosschecked_mhlw_within_100m,0,0.0,1,1,1,3322330009700
GCP-11183,いわさレディースクリニック,いわさレディースクリニック,2,有床診療所,11183,1,1,0,11183,東京都八王子市高倉町４６ー２,0426493461,35.6655827,139.3688047,birth_navi,birth_navi_not_crosschecked,0,0.0,0,1,1,
GCP-11184,梅岡レディースクリニック,梅岡レディースクリニック,2,有床診療所,11184,1,1,0,11184,愛媛県松山市竹原町１丁目３番地５,0899432421,33.8329459,132.7555964,birth_navi,birth_navi_not_crosschecked,0,0.0,0,1,1,
GCP-11185,医療法人津田産婦人科クリニック,津田産婦人科クリニック,2,有床診療所,11185,1,1,0,11185,広島県安芸郡海田町南幸町９－４３,0828210303,34.3638479,132.5400079,birth_navi,birth_navi_not_crosschecked,0,0.0,0,1,1,
GCP-11187,医療法人社団　杉四会　杉山産婦人科,杉四会杉山産婦人科,2,有床診療所,11187,1,1,0,11187,東京都世田谷区大原１－５３－１,0354548181,35.6693235,139.6618301,birth_navi,birth_navi_crosschecked_mhlw_within_100m,0,0.0,0,1,0,1322133500910
GCP-11188,札幌みらいクリニック,札幌みらいクリニック,2,有床診療所,11188,1,1,0,11188,北海道札幌市清田区平岡１条５丁目３番８号,0118851100,42.991639,141.4530483,birth_navi,birth_navi_crosschecked_mhlw_within_100m,0,0.0,1,1,0,0122010041350
GCP-11189,医療法人財団順和会　山王バースセンター,順和会山王バースセンター,2,有床診療所,11189,1,1,0,11189,東京都港区赤坂８－１０－１６　２階及び３階,0334023150,35.6697353,139.727363,birth_navi,birth_navi_not_crosschecked,0,0.0,1,1,0,
GCP-11190,医療法人社団秋月会香月産婦人科,秋月会香月産婦人科,2,有床診療所,11190,1,1,0,11190,広島県広島市西区己斐本町2-14-24,0822725588,34.392806,132.4257144,birth_navi,birth_navi_not_crosschecked,0,0.0,0,1,0,
GCP-11191,医療法人さくらクリニック,さくらクリニック,2,有床診療所,11191,1,1,0,11191,山形県米沢市塩井町塩野1495番地5,0238261087,37.9284543,140.1028572,birth_navi,birth_navi_not_crosschecked,0,0.0,1,1,1,
GCP-11192,並木産婦人科クリニック,並木産婦人科クリニック,2,有床診療所,11192,1,1,0,11192,神奈川県厚木市妻田西２－１７－１２,0462231103,35.4622295,139.3562999,birth_navi,birth_navi_crosschecked_mhlw_within_100m,0,0.0,0,1,1,1421401609500
GCP-11193,医療法人社団千房会　新中野女性クリニック,千房会新中野女性クリニック,2,有床診療所,11193,1,1,0,11193,東京都中野区本町四丁目48番23号,0333843281,35.6966721,139.6685181,birth_navi,birth_navi_not_crosschecked,0,0.0,1,1,0,
GCP-11194,下村産婦人科医院,下村産婦人科医院,2,有床診療所,11194,1,1,0,11194,宮崎県宮崎市青葉町１５１−１,0985270341,31.92104,131.436671,birth_navi,birth_navi_crosschecked_mhlw_within_100m,0,0.0,1,1,0,4522450118520
GCP-11195,たから産婦人科,たから産婦人科,3,無床診療所,11195,1,1,0,11195,沖縄県那覇市上間１７１番地,0988533511,26.1990686,127.7129692,birth_navi,birth_navi_not_crosschecked,0,0.0,0,0,1,
GCP-11196,大森産婦人科医院,大森産婦人科医院,2,有床診療所,11196,1,1,0,11196,兵庫県高砂市伊保港町２－５－１７,0794481103,34.7666724,134.7867065,birth_navi,birth_navi_crosschecked_mhlw_within_100m,0,0.0,0,1,1,2822280036520
GCP-11197,齋藤シーサイド・レディースクリニック,齋藤シーサイドレディースクリニック,2,有床診療所,11197,1,1,0,11197,福岡県遠賀郡芦屋町山鹿852-57,0937018880,33.9140509,130.666841,birth_navi,birth_navi_not_crosschecked,0,0.0,1,1,0,
GCP-11198,医療法人社団　葉山産婦人科,葉山産婦人科,2,有床診療所,11198,1,1,0,11198,茨城県鹿嶋市宮中１９９５－２５,0299831515,35.9648497,140.6407136,birth_navi,birth_navi_crosschecked_mhlw_100_500m,0,0.0,1,1,1,082208570176
GCP-11199,野崎レディースクリニック,野崎レディースクリニック,2,有床診療所,11199,1,1,0,11199,大阪府堺市北区百舌鳥梅町3-32-4,0722523347,34.5491951,135.5023005,birth_navi,birth_navi_not_crosschecked,0,0.0,1,1,0,
GCP-11200,青木医院,青木医院,2,有床診療所,11200,1,1,0,11200,茨城県水戸市本町三丁目四番七号,0292218603,36.3651048,140.4941765,birth_navi,birth_navi_not_crosschecked,0,0.0,1,1,1,
GCP-11201,葵ウィメンズクリニック,葵ウィメンズクリニック,2,有床診療所,11201,1,1,0,11201,埼玉県上尾市壱丁目東１４番地５号,0487811188,35.9532645,139.5782946,birth_navi,birth_navi_not_crosschecked,0,0.0,0,1,0,
GCP-11202,せきレディースクリニック,せきレディースクリニック,2,有床診療所,11202,1,1,0,11202,岐阜県関市段下２８−２,0575225553,35.4835878,136.8989458,birth_navi,birth_navi_crosschecked_mhlw_within_100m,0,0.0,0,1,1,2121562000658
GCP-11203,医療法人　愛生会　馬渡産婦人科医院,愛生会馬渡産婦人科医院,2,有床診療所,11203,1,1,0,11203,福岡県糸島市前原１０３１番地,0923222198,33.5608271,130.1900495,birth_navi,birth_navi_crosschecked_mhlw_100_500m,0,0.0,0,1,1,4022400014250
GCP-11204,三輪産婦人科,三輪産婦人科,2,有床診療所,11204,1,1,0,11204,愛知県稲沢市石橋２丁目１５０番地,0587212332,35.2600661,136.7824252,birth_navi,birth_navi_crosschecked_mhlw_within_100m,0,0.0,1,1,0,2322230201160
GCP-11205,医療法人社団　重城産婦人科小児科,重城産婦人科小児科,2,有床診療所,11205,1,1,0,11205,千葉県木更津市万石３５８,0438413700,35.4166359,139.9328208,birth_navi,birth_navi_not_crosschecked,0,0.0,1,1,1,
GCP-11206,医療法人社団あらきクリニック,あらきクリニック,2,有床診療所,11206,1,1,0,11206,石川県小松市若杉町９５,0761220301,36.4000429,136.4796003,birth_navi,birth_navi_not_crosschecked,0,0.0,0,1,1,
GCP-11207,飯藤産婦人科,飯藤産婦人科,2,有床診療所,11207,2,1,1,11207;14249,大阪府吹田市泉町５丁目６－６,0663880141,34.7621489,135.5131451,birth_navi,birth_navi_not_crosschecked,0,0.0,0,1,1,
GCP-11208,医療法人双葉会　富雄産婦人科,双葉会富雄産婦人科,2,有床診療所,11208,1,1,0,11208,奈良県奈良市三松４丁目８７８番１,0742430381,34.7016558,135.7328524,birth_navi,birth_navi_crosschecked_mhlw_within_100m,0,0.0,1,1,1,2922010400000
GCP-11209,医療法人社団芳晴会　愛児レディースクリニック,芳晴会愛児レディースクリニック,2,有床診療所,11209,1,1,0,11209,神奈川県藤沢市遠藤２９５７－１,0466890055,35.3893759,139.4401268,birth_navi,birth_navi_crosschecked_mhlw_100_500m,0,0.0,0,1,0,1421421178500
GCP-11210,つきやま産婦人科,つきやま産婦人科,2,有床診療所,11210,1,1,0,11210,長崎県佐世保市光月町１－２３,0956225913,33.1715831,129.7233688,birth_navi,birth_navi_not_crosschecked,0,0.0,0,1,1,
GCP-11211,医療法人サン・クリニック,サンクリニック,2,有床診療所,11211,1,1,0,11211,岡山県岡山市中区中井２丁目１５番１３号,0862753366,34.6882922,133.9621049,birth_navi,birth_navi_not_crosschecked,0,0.0,1,1,1,
GCP-11212,医療法人社団聖育会　三枝産婦人科医院,聖育会三枝産婦人科医院,2,有床診療所,11212,1,1,0,11212,東京都江戸川区西葛西３－１８－１,0336803003,35.6661203,139.8577303,birth_navi,birth_navi_crosschecked_mhlw_within_100m,0,0.0,1,1,0,1322135221990
GCP-11214,角田産婦人科医院,角田産婦人科医院,2,有床診療所,11214,1,1,0,11214,長野県上田市上田１２１０－３,0268277760,36.412717,138.2664354,birth_navi,birth_navi_not_crosschecked,0,0.0,0,1,0,
GCP-11215,立岩産婦人科医院,立岩産婦人科医院,2,有床診療所,11215,1,1,0,11215,兵庫県姫路市飾磨区構4丁目189番地,0792343000,34.8118513,134.6657726,birth_navi,birth_navi_not_crosschecked,0,0.0,1,1,0,
GCP-11216,医療法人並木クリニック,並木クリニック,2,有床診療所,11216,2,1,1,11216;12861,秋田県秋田市寺内堂ノ沢一丁目7番28号,0188461231,39.7357183,140.0902773,birth_navi,birth_navi_crosschecked_mhlw_within_100m,0,0.0,1,1,1,0522050502440
GCP-11217,やはたウイメンズクリニック,やはたウイメンズクリニック,2,有床診療所,11217,1,1,0,11217,神奈川県伊勢原市東大竹１５３９－１,0463981103,35.3892899,139.3028745,birth_navi,birth_navi_not_crosschecked,0,0.0,0,1,1,
GCP-11218,あわの産婦人科医院,あわの産婦人科医院,2,有床診療所,11218,1,1,0,11218,富山県下新川郡入善町入膳229-３,0765720588,36.9315245,137.5064464,birth_navi,birth_navi_crosschecked_mhlw_within_100m,0,0.0,1,1,1,1622161710797
GCP-11219,レディスクリニック石黒,レディスクリニック石黒,2,有床診療所,11219,1,1,0,11219,新潟県三条市荒町２丁目２５番３３号,0256330150,37.6433073,138.9550713,birth_navi,birth_navi_crosschecked_mhlw_within_100m,0,0.0,0,1,1,152SISNX00061
GCP-11220,フジハラレディースクリニック,フジハラレディースクリニック,2,有床診療所,11220,1,1,0,11220,広島県広島市安佐南区祇󠄀園五丁目二番一号,0828501815,34.4472284,132.4613131,birth_navi,birth_navi_not_crosschecked,0,0.0,0,1,1,
GCP-11221,神尊（こうそ）産婦人科,神尊こうそ産婦人科,2,有床診療所,11221,1,1,0,11221,宮崎県宮崎市大字恒久５３０８－１,0985593311,31.8908,131.4134409,birth_navi,birth_navi_not_crosschecked,0,0.0,0,1,0,
GCP-11225,メリーレディースクリニック,メリーレディースクリニック,2,有床診療所,11225,1,1,0,11225,宮城県仙台市青葉区落合６丁目１ー４,0223910315,38.2693885,140.7848987,birth_navi,birth_navi_crosschecked_mhlw_within_100m,0,0.0,1,1,1,042900025
GCP-11226,医療法人みのり会濱田クリニック,みのり会濱田クリニック,2,有床診療所,11226,1,1,0,11226,滋賀県甲賀市水口町水口５９９２番地１,0748653737,34.9674402,136.1638441,birth_navi,birth_navi_not_crosschecked,0,0.0,0,1,0,
GCP-11227,花山ママクリニック,花山ママクリニック,2,有床診療所,11227,1,1,0,11227,和歌山県和歌山市秋月４８３,0734741001,34.2248468,135.2073308,birth_navi,birth_navi_crosschecked_mhlw_within_100m,0,0.0,1,1,1,3022151300000
GCP-11228,医療法人社団明誠会　こじま産婦人科,明誠会こじま産婦人科,2,有床診療所,11228,1,1,0,11228,北海道函館市神山１丁目１２番９号,0138555252,41.8137983,140.7607315,birth_navi,birth_navi_not_crosschecked,0,0.0,1,1,1,
GCP-11230,医療法人社団はやしだ産婦人科医院,はやしだ産婦人科医院,2,有床診療所,11230,2,1,1,11230;13103,埼玉県鴻巣市鴻巣１００５－２,0485418000,36.0705463,139.5158103,birth_navi,birth_navi_crosschecked_mhlw_within_100m,0,0.0,1,1,1,1121108282800
GCP-11231,医療法人社団レディースクリニックICHIRO,レディースクリニックichiro,2,有床診療所,11231,1,1,0,11231,長崎県長崎市京泊3丁目10－15,0958141603,32.8230429,129.771122,birth_navi,birth_navi_crosschecked_mhlw_within_100m,0,0.0,1,1,1,422cna0051
GCP-11232,宮上クリニック,宮上クリニック,2,有床診療所,11232,1,1,0,11232,宮城県柴田郡柴田町西船迫２丁目７－１,0224554103,38.0615664,140.7583196,birth_navi,birth_navi_crosschecked_mhlw_within_100m,0,0.0,1,1,0,042801425
GCP-11233,医療法人　たなかレディースクリニック,たなかレディースクリニック,2,有床診療所,11233,1,1,0,11233,福島県郡山市御前南五丁目28番地,0249527234,37.3855129,140.3292765,birth_navi,birth_navi_not_crosschecked,0,0.0,1,1,1,
GCP-11234,かたふち産婦人科,かたふち産婦人科,2,有床診療所,11234,2,1,1,11234;15741,佐賀県杵島郡白石町大字廿治１０６５－１２,0952846133,33.1800366,130.1408477,birth_navi,birth_navi_not_crosschecked,0,0.0,0,1,1,
GCP-11235,医療法人　社団　中山産婦人科医院,社団中山産婦人科医院,2,有床診療所,11235,1,1,0,11235,宮崎県都城市前田町17街区,0986238815,31.7307505,131.0699562,birth_navi,birth_navi_crosschecked_mhlw_within_100m,0,0.0,1,1,1,4522450202810
GCP-11236,焼津バースクリニック,焼津バースクリニック,2,有床診療所,11236,1,1,0,11236,静岡県焼津市小屋敷２１４−１,0546268603,34.8613359,138.2879102,birth_navi,birth_navi_not_crosschecked,0,0.0,1,1,1,
GCP-11237,医療法人社団寿恵会　津田産婦人科医院,寿恵会津田産婦人科医院,2,有床診療所,11237,1,1,0,11237,富山県砺波市杉木４丁目６９番地,0763333035,36.6446842,136.9552548,birth_navi_manual_confirmation,manual_confirmed_birth_navi,0,0.0,0,1,1,1622160810481
GCP-11238,菊陽レディースクリニック,菊陽レディースクリニック,2,有床診療所,11238,1,1,0,11238,熊本県菊池郡菊陽町新山2丁目8番23号,0962135656,32.8660111,130.7822447,birth_navi,birth_navi_not_crosschecked,0,0.0,1,1,1,
GCP-11239,わんや産婦人科医院,わんや産婦人科医院,2,有床診療所,11239,1,1,0,11239,宮城県大崎市古川駅南３丁目１１－２,0229210303,38.5665488,140.969739,birth_navi,birth_navi_crosschecked_mhlw_within_100m,0,0.0,0,1,1,042802153
GCP-11240,医療法人笠松産婦人科・小児科,笠松産婦人科小児科,2,有床診療所,11240,1,1,0,11240,大阪府阪南市鳥取中１９２－２,0724713222,34.3576481,135.2456516,birth_navi,birth_navi_crosschecked_mhlw_within_100m,0,0.0,1,1,1,2722270081510
GCP-11241,医療法人　おおくま産婦人科,おおくま産婦人科,2,有床診療所,11241,1,1,0,11241,佐賀県佐賀市高木瀬西２ー１０ー５,0952316117,33.2812482,130.2890217,birth_navi,birth_navi_crosschecked_mhlw_within_100m,0,0.0,1,1,1,4122415116570
GCP-11242,エナレディースクリニック,エナレディースクリニック,2,有床診療所,11242,1,1,0,11242,北海道石狩市花川南９条１丁目８６番地２,0133728688,43.1432693,141.277591,birth_navi,birth_navi_not_crosschecked,0,0.0,0,1,1,
GCP-11243,医療法人社団　五の橋産婦人科,五の橋産婦人科,2,有床診療所,11243,1,1,0,11243,東京都江東区亀戸６－１－６,0336366000,35.6939187,139.8270035,birth_navi,birth_navi_crosschecked_mhlw_within_100m,0,0.0,1,1,1,1322131702710
GCP-11244,医療法人盛鳳会福田産婦人科,盛鳳会福田産婦人科,2,有床診療所,11244,1,1,0,11244,岡山県津山市田町１０５,0868231177,35.0628498,133.9959856,birth_navi,birth_navi_crosschecked_mhlw_within_100m,0,0.0,0,1,0,3322330004240
GCP-11245,医療法人社団菊川産婦人科,菊川産婦人科,2,有床診療所,11245,1,1,0,11245,三重県伊勢市一之木5-15-5,0596231515,34.5043938,136.7084043,birth_navi,birth_navi_not_crosschecked,0,0.0,1,1,1,
GCP-11246,富田産科婦人科クリニック,富田産科婦人科クリニック,2,有床診療所,11246,2,1,1,11246;15562,新潟県新発田市諏訪町１－２－１５,0254221155,37.9448418,139.3330305,birth_navi,birth_navi_crosschecked_mhlw_within_100m,0,0.0,1,1,1,152SISHX00051
GCP-11247,医療法人子安会　なかにし産婦人科クリニック,子安会なかにし産婦人科クリニック,2,有床診療所,11247,1,1,0,11247,大阪府高槻市芝生町３丁目２１番１０号,0726791010,34.82838,135.6082869,birth_navi,birth_navi_crosschecked_mhlw_within_100m,0,0.0,1,1,0,2722270047450
GCP-11248,医療法人慈生会岡村産婦人科,慈生会岡村産婦人科,2,有床診療所,11248,1,1,0,11248,奈良県奈良市西木辻町３０－１０,0742233566,34.6751275,135.8221812,birth_navi,birth_navi_not_crosschecked,0,0.0,1,1,1,
GCP-11249,医療法人社団　山縣産婦人科,山縣産婦人科,2,有床診療所,11249,1,1,0,11249,茨城県水戸市千波町３７１－４,0292416121,36.3637515,140.4581438,birth_navi,birth_navi_crosschecked_mhlw_within_100m,0,0.0,1,1,1,082208516428
GCP-11250,医療法人慈繁会付属トータルヘルスクリニック,慈繁会付属トータルヘルスクリニック,2,有床診療所,11250,1,1,0,11250,福島県郡山市字山崎76-5,0249538005,37.378303,140.3645408,birth_navi,birth_navi_not_crosschecked,0,0.0,1,1,1,
GCP-11251,中江産婦人科,中江産婦人科,2,有床診療所,11251,1,1,0,11251,鹿児島県鹿児島市中央町１３番地３,0992559528,31.5834648,130.5454728,birth_navi,birth_navi_not_crosschecked,0,0.0,0,1,1,
GCP-11252,小菅クリニック,小菅クリニック,2,有床診療所,11252,1,1,0,11252,栃木県真岡市下高間木１−１−１,0285843511,36.436047,139.9876132,birth_navi,birth_navi_not_crosschecked,0,0.0,0,1,0,
GCP-11253,亀森レディースクリニック,亀森レディースクリニック,2,有床診療所,11253,1,1,0,11253,栃木県日光市木和田島3046-3,0288322203,36.6934337,139.740574,birth_navi,birth_navi_not_crosschecked,0,0.0,1,1,0,
GCP-11254,医療法人社団三樹会　ウイング土屋レディースクリニック,三樹会ウイング土屋レディースクリニック,2,有床診療所,11254,1,1,0,11254,千葉県成田市ウイング土屋１６３,0476234103,35.794331,140.3230578,birth_navi,birth_navi_crosschecked_mhlw_within_100m,0,0.0,1,1,1,1221202755300
GCP-11255,医療法人　茜草会　あかね医院,茜草会あかね医院,2,有床診療所,11255,1,1,0,11255,愛知県豊田市栄生町４－１３－６,0565378686,35.1006867,137.1520235,birth_navi,birth_navi_crosschecked_mhlw_within_100m,0,0.0,1,1,1,2322232800030
GCP-11256,医療法人社団和秀会　近藤産婦人科医院,和秀会近藤産婦人科医院,2,有床診療所,11256,2,2,0,11256;12481,京都府長岡京市長岡　二丁目２－３２,0759532003,34.9267991,135.6896121,birth_navi,birth_navi_not_crosschecked,0,0.0,1,1,1,2622620001767
GCP-11257,医療法人桜花会あきせウィメンズクリニック,桜花会あきせウィメンズクリニック,2,有床診療所,11257,1,1,0,11257,大阪府枚方市田宮本町９番４５号,0728611703,34.8072086,135.6522895,birth_navi,birth_navi_crosschecked_mhlw_within_100m,0,0.0,0,1,1,2722270114470
GCP-11258,医療法人優心会竜王レディースクリニック,優心会竜王レディースクリニック,2,有床診療所,11258,1,1,0,11258,山梨県甲斐市篠原２１９９,0552794132,35.6540785,138.5170596,birth_navi,birth_navi_crosschecked_mhlw_within_100m,0,0.0,0,1,0,1922190000188
GCP-11260,医療法人　村尾産婦人科クリニック,村尾産婦人科クリニック,2,有床診療所,11260,1,1,0,11260,福岡県大牟田市古町１ー２,0944563648,33.0336524,130.4459006,birth_navi,birth_navi_crosschecked_mhlw_within_100m,0,0.0,1,1,1,4022400021860
GCP-11261,医療法人博山会山口産婦人科,博山会山口産婦人科,2,有床診療所,11261,1,1,0,11261,大阪府八尾市中田１丁目５２番地,0729960688,34.6190143,135.6129635,birth_navi,birth_navi_not_crosschecked,0,0.0,0,1,1,
GCP-11262,医療法人社団祥慶会渡辺記念クリニック,祥慶会渡辺記念クリニック,2,有床診療所,11262,1,1,0,11262,新潟県新潟市中央区上大川前通８番町１２９１番地,0252285235,37.9241984,139.0483689,birth_navi,birth_navi_not_crosschecked,0,0.0,0,1,1,
GCP-11263,本田クリニック産科婦人科,本田クリニック産科婦人科,2,有床診療所,11263,1,1,0,11263,福島県福島市大森字赤沢97-6,0245453500,37.7369346,140.4506993,birth_navi,birth_navi_not_crosschecked,0,0.0,1,1,1,
GCP-11264,医療法人社団ＴＯＮＡＮ都南産婦人科,tonan都南産婦人科,2,有床診療所,11264,1,1,0,11264,東京都町田市中町４－１１－６,0427225777,35.5531879,139.4465938,birth_navi,birth_navi_crosschecked_mhlw_within_100m,0,0.0,0,1,1,1322137502840
GCP-11265,国際貢献大学校メディカルクリニック,国際貢献大学校メディカルクリニック,3,無床診療所,11265,1,1,0,11265,岡山県新見市哲多町本郷1334-1,0867969188,34.9369855,133.4440919,birth_navi,birth_navi_not_crosschecked,0,0.0,1,0,1,
GCP-11266,おおばやしマタニティクリニック,おおばやしマタニティクリニック,2,有床診療所,11266,1,1,0,11266,愛知県北名古屋市鹿田道下５０番地,0568260884,35.2410928,136.8804304,birth_navi,birth_navi_not_crosschecked,0,0.0,1,1,1,
GCP-11267,医療法人社団川添記念会　四谷川添産婦人科,川添記念会四谷川添産婦人科,2,有床診療所,11267,1,1,0,11267,東京都新宿区左門町１８番地,0333512315,35.6843471,139.7212753,birth_navi,birth_navi_crosschecked_mhlw_within_100m,0,0.0,1,1,1,1322130914200
GCP-11268,母と子の長田産科婦人科クリニック,母と子の長田産科婦人科クリニック,2,有床診療所,11268,1,1,0,11268,鳥取県米子市上後藤８丁目５－１,0859293131,35.4485086,133.3154185,birth_navi,birth_navi_crosschecked_mhlw_within_100m,0,0.0,1,1,1,3123111000122
GCP-11269,医療法人山育会　たかのす診療所,山育会たかのす診療所,2,有床診療所,11269,1,1,0,11269,群馬県桐生市川内町2-289-1,0277659229,36.4301969,139.3119934,birth_navi,birth_navi_crosschecked_mhlw_within_100m,0,0.0,0,1,1,1022100001226
GCP-11270,医療法人 真心会 野村産婦人科,真心会野村産婦人科,2,有床診療所,11270,1,1,0,11270,滋賀県湖南市柑子袋611,0748726633,35.0061845,136.0715131,birth_navi,birth_navi_crosschecked_mhlw_within_100m,0,0.0,1,1,1,2522250001330
GCP-11271,なないろレディースクリニック,なないろレディースクリニック,2,有床診療所,11271,1,1,0,11271,茨城県つくば市西大沼６３６番１０,0298607716,36.0626121,140.1105034,birth_navi,birth_navi_not_crosschecked,0,0.0,0,1,0,
GCP-11272,かんの産婦人科クリニック,かんの産婦人科クリニック,2,有床診療所,11272,1,1,0,11272,茨城県取手市藤代１０７６,0297830321,35.9164199,140.1135033,birth_navi,birth_navi_crosschecked_mhlw_within_100m,0,0.0,1,1,1,082208582245
GCP-11274,医療法人　青葉会　イーリスウィメンズクリニック　アリス,青葉会イーリスウィメンズクリニックアリス,2,有床診療所,11274,1,1,0,11274,滋賀県彦根市八坂町2888番地1,0749299025,35.2553086,136.2056419,birth_navi,birth_navi_not_crosschecked,0,0.0,1,1,0,
GCP-11276,医療法人芽生会山口マタニティクリニック,芽生会山口マタニティクリニック,2,有床診療所,11276,1,1,0,11276,京都府亀岡市篠町馬堀駅前２丁目４番７号,0771223518,35.0107675,135.6037539,birth_navi,birth_navi_crosschecked_mhlw_within_100m,0,0.0,0,1,1,2622620002744
GCP-11277,江田クリニック産婦人科,江田クリニック産婦人科,2,有床診療所,11277,1,1,0,11277,島根県出雲市大津町260番地,0853307888,35.3766412,132.7764819,birth_navi,birth_navi_not_crosschecked,0,0.0,1,1,1,
GCP-11278,医療法人産婦人科・麻酔科すどうクリニック,産婦人科麻酔科すどうクリニック,2,有床診療所,11278,1,1,0,11278,福岡県飯塚市菰田西１丁目４番２２号,0948222347,33.6263557,130.6876101,birth_navi,birth_navi_crosschecked_mhlw_within_100m,0,0.0,1,1,1,4022400024220
GCP-11279,なないろもあバースクリニック,なないろもあバースクリニック,2,有床診療所,11279,1,1,0,11279,茨城県つくば市西大沼６３７番６,0298863541,36.0630276,140.1105409,birth_navi,birth_navi_not_crosschecked,0,0.0,0,1,1,
GCP-11280,おばたレディースクリニック,おばたレディースクリニック,2,有床診療所,11280,1,1,0,11280,三重県四日市市川島町6842-1,0593201212,34.9661988,136.6226254,birth_navi,birth_navi_not_crosschecked,0,0.0,1,1,1,
GCP-11281,おさむら産婦人科,おさむら産婦人科,2,有床診療所,11281,1,1,0,11281,京都府八幡市男山泉１４－５,0759823333,34.8624462,135.693721,birth_navi,birth_navi_not_crosschecked,0,0.0,1,1,1,
GCP-11282,花レディースクリニック,花レディースクリニック,2,有床診療所,11282,1,1,0,11282,愛知県みよし市福谷町細田１－３,0561330311,35.1223011,137.1072485,birth_navi_manual_confirmation,manual_confirmed_birth_navi,0,0.0,1,1,1,2322231500250
GCP-11283,韮崎おはな産婦人科,韮崎おはな産婦人科,2,有床診療所,11283,1,1,0,11283,山梨県韮崎市富士見１ー３ー９,0551221070,35.7110266,138.4530061,birth_navi,birth_navi_crosschecked_mhlw_100_500m,0,0.0,1,1,1,1922190001211
GCP-11285,ホーカベレディースクリニック,ホーカベレディースクリニック,2,有床診療所,11285,1,1,0,11285,福井県福井市左内町10-11,0776360665,36.0592685,136.2117684,birth_navi,birth_navi_not_crosschecked,0,0.0,1,1,1,
GCP-11286,大久保クリニック,大久保クリニック,2,有床診療所,11286,1,1,0,11286,埼玉県吉川市中央三丁目１１－９,0489827360,35.8894913,139.8606765,birth_navi,birth_navi_not_crosschecked,0,0.0,1,1,1,
GCP-11287,医療法人育愛会　愛産婦人科,育愛会愛産婦人科,2,有床診療所,11287,1,1,0,11287,北海道札幌市手稲区西宮の沢4条2丁目1-1,0116761166,43.0966474,141.2595897,birth_navi,birth_navi_crosschecked_mhlw_within_100m,0,0.0,1,1,1,0122010040090
GCP-11288,春ウイメンズクリニック,春ウイメンズクリニック,2,有床診療所,11288,1,1,0,11288,宮城県名取市田高字南２７−１,0223023188,38.1825802,140.8760739,birth_navi,birth_navi_not_crosschecked,0,0.0,0,1,1,
GCP-11289,産科婦人科島貫医院,産科婦人科島貫医院,2,有床診療所,11289,1,1,0,11289,山形県米沢市中央２－５－１２,0238231776,37.9129501,140.1079874,birth_navi,birth_navi_crosschecked_mhlw_within_100m,0,0.0,1,1,1,062206610609
GCP-11290,医療法人　小濱産婦人科医院,小濱産婦人科医院,2,有床診療所,11290,1,1,0,11290,長崎県長崎市丸山町１番５号,0958221847,32.7412617,129.8800551,birth_navi,birth_navi_crosschecked_mhlw_within_100m,0,0.0,1,1,1,422cna0118
GCP-11292,桑原母と子クリニック,桑原母と子クリニック,2,有床診療所,11292,1,1,0,11292,石川県七尾市国分町ラ部２番地１,0767524103,37.0356284,136.9516205,birth_navi,birth_navi_not_crosschecked,0,0.0,0,1,0,
GCP-11293,峰の坂産婦人科,峰の坂産婦人科,2,有床診療所,11293,1,1,0,11293,埼玉県所沢市宮本町２－１６－１０,0429234313,35.7970395,139.4613344,birth_navi,birth_navi_crosschecked_mhlw_within_100m,0,0.0,0,1,1,1121101532200
GCP-11294,医療法人社団ユリシスレディスクリニック結,ユリシスレディスクリニック結,2,有床診療所,11294,1,1,0,11294,茨城県稲敷郡阿見町本郷1-16-2,0298305151,36.0240125,140.179251,birth_navi,birth_navi_crosschecked_mhlw_within_100m,0,0.0,1,1,1,082208593535
GCP-11296,医療法人社団ハシイ産婦人科,ハシイ産婦人科,2,有床診療所,11296,1,1,0,11296,京都府向日市寺戸町七ノ坪１７０,0759241700,34.9603256,135.7038358,birth_navi,birth_navi_crosschecked_mhlw_within_100m,0,0.0,1,1,1,2622620002847
GCP-11297,登村レディスクリニック,登村レディスクリニック,2,有床診療所,11297,1,1,0,11297,兵庫県神戸市東灘区御影本町４丁目１１－５,0788413599,34.7146807,135.2549343,birth_navi,birth_navi_crosschecked_mhlw_within_100m,0,0.0,1,1,1,2822280001140
GCP-11298,すずきレディースクリニック,すずきレディースクリニック,2,有床診療所,11298,1,1,0,11298,福島県郡山市八山田5-23,0249543200,37.4265713,140.3768874,birth_navi,birth_navi_crosschecked_mhlw_within_100m,0,0.0,1,1,0,0720720001903
GCP-11299,関塚医院,関塚医院,2,有床診療所,11299,1,1,0,11299,新潟県新発田市中田町２丁目１７番１５号,0254261405,37.9677265,139.3286859,birth_navi,birth_navi_not_crosschecked,0,0.0,0,1,1,
GCP-11300,医療法人慧成会 産院いしがせの森,慧成会産院いしがせの森,2,有床診療所,11300,1,1,0,11300,愛知県大府市森岡町1-193,0562444131,35.0075062,136.9505273,birth_navi,birth_navi_not_crosschecked,0,0.0,1,1,1,
GCP-11301,ナラヤマレディースクリニック,ナラヤマレディースクリニック,2,有床診療所,11301,2,1,1,11301;13156,埼玉県上尾市本町１－１－７,0487710002,35.9772996,139.5942195,birth_navi,birth_navi_crosschecked_mhlw_within_100m,0,0.0,0,1,1,1121108173200
GCP-11302,医）米本マタニティクリニック,医米本マタニティクリニック,2,有床診療所,11302,1,1,0,11302,愛媛県松山市安城寺町　５３７−１,0899787007,33.8742326,132.7397159,birth_navi,birth_navi_not_crosschecked,0,0.0,0,1,1,
GCP-11303,医療法人社団マザー・キー　ファミール産院いちかわ,マザーキーファミール産院いちかわ,2,有床診療所,11303,2,1,1,11303;13180,千葉県市川市奉免町２０１－５,0473397055,35.7395308,139.9531587,birth_navi,birth_navi_not_crosschecked,0,0.0,0,1,1,
GCP-11304,前田産婦人科,前田産婦人科,2,有床診療所,11304,1,1,0,11304,熊本県熊本市南区出仲間７丁目２−３２,0963788010,32.7701273,130.7174606,birth_navi,birth_navi_not_crosschecked,0,0.0,0,1,1,
GCP-11305,やまなかレディースクリニック,やまなかレディースクリニック,2,有床診療所,11305,1,1,0,11305,栃木県小山市若木町２－１１－２０,0285378020,36.3282294,139.8086586,birth_navi,birth_navi_crosschecked_mhlw_100_500m,0,0.0,0,1,1,0922092000278
GCP-11306,プラタナス産婦人科クリニックながつた,プラタナス産婦人科クリニックながつた,2,有床診療所,11306,1,1,0,11306,神奈川県横浜市緑区長津田町３１６２,0459850362,35.5245291,139.4943584,birth_navi,birth_navi_crosschecked_mhlw_within_100m,0,0.0,1,1,0,1421426267300
GCP-11307,アンジュレディースクリニック,アンジュレディースクリニック,2,有床診療所,11307,1,1,0,11307,石川県金沢市三池栄町６６番地,0762545103,36.5966506,136.6701174,birth_navi,birth_navi_crosschecked_mhlw_within_100m,0,0.0,1,1,0,172452
GCP-11308,あおぞらレディス＆マタニティクリニック,あおぞらレディスマタニティクリニック,2,有床診療所,11308,1,1,0,11308,長野県諏訪市中洲5764-1,0266544103,36.0253416,138.1186244,birth_navi_manual_confirmation,manual_confirmed_birth_navi,0,0.0,1,1,1,2022205417410
GCP-11309,たかばたけウィメンズクリニック,たかばたけウィメンズクリニック,2,有床診療所,11309,1,1,0,11309,大阪府大東市扇町４番１８号,0728736671,34.7028881,135.6207334,birth_navi,birth_navi_not_crosschecked,0,0.0,1,1,1,
GCP-11310,はるなウィメンズクリニック,はるなウィメンズクリニック,2,有床診療所,11310,1,1,0,11310,山口県岩国市平田１－２８－２７,0827327007,34.1491573,132.1814905,birth_navi,birth_navi_crosschecked_mhlw_within_100m,0,0.0,0,1,0,3522355220140
GCP-11311,板倉レディースクリニック,板倉レディースクリニック,2,有床診療所,11311,1,1,0,11311,長野県長野市稲里町中央１－１２－１２,0262910707,36.6048949,138.17229,birth_navi,birth_navi_crosschecked_mhlw_within_100m,0,0.0,1,1,1,2022203102220
GCP-11312,種子島産婦人科医院,種子島産婦人科医院,2,有床診療所,11312,1,1,0,11312,鹿児島県西之表市西之表16314番地7,0997220260,30.7198726,130.9814216,birth_navi,birth_navi_crosschecked_mhlw_within_100m,0,0.0,1,1,1,46223501
GCP-11313,医療法人 黒川産婦人科医院,黒川産婦人科医院,2,有床診療所,11313,1,1,0,11313,岩手盛岡市愛宕町2番51号,0196515066,39.7078364,141.1576476,birth_navi,birth_navi_not_crosschecked,0,0.0,1,1,1,
GCP-11314,みうら産婦人科医院,みうら産婦人科医院,2,有床診療所,11314,1,1,0,11314,岩手県盛岡市上鹿妻田貝１１番地１,0196581139,39.6819831,141.1074948,birth_navi,birth_navi_crosschecked_mhlw_within_100m,0,0.0,1,1,1,03203201322
GCP-11315,レディースクリニック山田産婦人科,レディースクリニック山田産婦人科,2,有床診療所,11315,1,1,0,11315,佐賀県鳥栖市蔵上,0942844656,,,,missing_unresolved,0,,0,1,1,
GCP-11317,つばきウイメンズクリニック,つばきウイメンズクリニック,2,有床診療所,11317,1,1,0,11317,愛媛県松山市北土居五丁目11番7号,0899051122,33.807647,132.7790586,birth_navi,birth_navi_crosschecked_mhlw_within_100m,0,0.0,1,1,0,3822388633122
GCP-11318,医療法人社団美友会産科婦人科松本クリニック,美友会産科婦人科松本クリニック,2,有床診療所,11318,1,1,0,11318,京都府京都市下京区西洞院通松原下ル永倉町５５８,0753414103,34.998204,135.7554674,birth_navi,birth_navi_not_crosschecked,0,0.0,0,1,1,
GCP-11319,といたレディースクリニック,といたレディースクリニック,2,有床診療所,11319,1,1,0,11319,石川県金沢市戸板4丁目35番地,0762560153,36.5810241,136.6253452,birth_navi,birth_navi_crosschecked_mhlw_within_100m,0,0.0,1,1,1,172544
GCP-11320,医療法人　中原クリニック,中原クリニック,2,有床診療所,11320,1,1,0,11320,愛知県瀬戸市山手町327,0561880311,35.2302532,137.0677263,birth_navi,birth_navi_not_crosschecked,0,0.0,1,1,1,
GCP-11322,下田産婦人科医院,下田産婦人科医院,2,有床診療所,11322,1,1,0,11322,神奈川県茅ヶ崎市幸町１９－８,0467826781,35.3296829,139.4092151,birth_navi,birth_navi_crosschecked_mhlw_within_100m,0,0.0,0,1,0,1421402713500
GCP-11323,かぬき岩端医院,かぬき岩端医院,2,有床診療所,11323,2,1,1,11323;13994,静岡県沼津市下香貫前原１４７９－３,0559328189,35.0791442,138.8716486,birth_navi,birth_navi_crosschecked_mhlw_within_100m,0,0.0,1,1,1,2222225635140
GCP-11324,津永産婦人科,津永産婦人科,2,有床診療所,11324,1,1,0,11324,山口県周南市,0834218255,,,,missing_unresolved,0,,1,1,1,
GCP-11325,医療法人社団三侑会　渡辺産婦人科小児科,三侑会渡辺産婦人科小児科,2,有床診療所,11325,1,1,0,11325,兵庫県芦屋市船戸町6-21,0797225027,34.7354503,135.3052975,birth_navi,birth_navi_not_crosschecked,0,0.0,1,1,1,
GCP-11326,医療法人産科婦人科ハピネスバースクリニック,産科婦人科ハピネスバースクリニック,2,有床診療所,11326,1,1,0,11326,滋賀県草津市矢橋町２３３－３,0775643101,35.0056381,135.9288686,birth_navi,birth_navi_crosschecked_mhlw_within_100m,0,0.0,1,1,1,2522250005610
GCP-11327,茂呂マタニティースクエア,茂呂マタニティースクエア,2,有床診療所,11327,1,1,0,11327,埼玉県草加市中央１－６－３,09024658504,35.8259358,139.8119431,birth_navi,birth_navi_not_crosschecked,0,0.0,0,1,0,
GCP-11328,楢原産婦人科,楢原産婦人科,2,有床診療所,11328,1,1,0,11328,大阪府高槻市春日町１－２７,0726725000,34.8410038,135.6298217,birth_navi,birth_navi_crosschecked_mhlw_within_100m,0,0.0,1,1,1,2722270100590
GCP-11329,（医）社団はしもと産婦人科医院,医社団はしもと産婦人科医院,2,有床診療所,11329,1,1,0,11329,山口県宇部市大字東須恵１９５９－１０,0836450355,33.9808759,131.2030546,birth_navi,birth_navi_not_crosschecked,0,0.0,0,1,1,
GCP-11330,医療法人社団慶風会　増田産婦人科,慶風会増田産婦人科,2,有床診療所,11330,1,1,0,11330,東京都葛飾区東金町１－１３－５,0336071519,35.7708563,139.8679841,birth_navi,birth_navi_crosschecked_mhlw_within_100m,0,0.0,1,1,1,1322135102190
GCP-11331,医療法人社団湯原産婦人科医院,湯原産婦人科医院,2,有床診療所,11331,1,1,0,11331,千葉県松戸市小金原５−２０−７,0473416185,35.8178843,139.9398113,birth_navi,birth_navi_crosschecked_mhlw_within_100m,0,0.0,0,1,0,1221201792200
GCP-11332,マミーズクリニックちとせ,マミーズクリニックちとせ,2,有床診療所,11332,1,1,0,11332,北海道千歳市信濃２丁目1-13,0123274103,42.8341776,141.6342541,birth_navi,birth_navi_crosschecked_mhlw_within_100m,0,0.0,1,1,1,0122010003380
GCP-11333,医療法人　島田医院,島田医院,2,有床診療所,11333,1,1,0,11333,埼玉県さいたま市中央区本町東１－１３－２３,0488524452,35.8798859,139.625628,birth_navi,birth_navi_crosschecked_mhlw_within_100m,0,0.0,0,1,1,1121104295800
GCP-11334,東京フェリシアレディースクリニック,東京フェリシアレディースクリニック,2,有床診療所,11334,1,1,0,11334,東京都葛飾区立石8-9-6,0336919931,35.738374,139.8520152,birth_navi,birth_navi_not_crosschecked,0,0.0,1,1,1,
GCP-11335,医療法人社団　正和会　小松崎産婦人科,正和会小松崎産婦人科,2,有床診療所,11335,1,1,0,11335,茨城県水戸市本町１ー６ー２０,0292212645,36.3635572,140.4882801,birth_navi,birth_navi_crosschecked_mhlw_within_100m,0,0.0,1,1,1,082208621368
GCP-11336,舛本産婦人科医院,舛本産婦人科医院,2,有床診療所,11336,1,1,0,11336,広島県広島市安佐南区相田２丁目7-22,0828781111,34.472618,132.4504998,birth_navi,birth_navi_not_crosschecked,0,0.0,0,1,0,
GCP-11337,産婦人科はっとりクリニック,産婦人科はっとりクリニック,2,有床診療所,11337,1,1,0,11337,愛知県一宮市木曽川町黒田中針口北ノ切３７,0586864364,35.3501979,136.7789441,birth_navi,birth_navi_not_crosschecked,0,0.0,1,1,1,
GCP-11338,久保田レディースクリニック　産婦人科　麻酔科,久保田レディースクリニック産婦人科麻酔科,2,有床診療所,11338,1,1,0,11338,佐賀県唐津市大石町２４４４－１,0955733445,33.4457341,129.9753678,birth_navi,birth_navi_not_crosschecked,0,0.0,0,1,1,
GCP-11339,伊東レディースクリニック,伊東レディースクリニック,2,有床診療所,11339,1,1,0,11339,大分県大分市森６６０－１,0975233232,33.2171718,131.6796243,birth_navi,birth_navi_not_crosschecked,0,0.0,0,1,1,
GCP-11340,医療法人徳志会　折野産婦人科,徳志会折野産婦人科,2,有床診療所,11340,1,1,0,11340,大阪府枚方市楠葉朝日３丁目６番２８号,0728570243,34.8601591,135.6864418,birth_navi,birth_navi_crosschecked_mhlw_within_100m,0,0.0,1,1,1,2722270103620
GCP-11341,ののいち産婦人科クリニック,ののいち産婦人科クリニック,2,有床診療所,11341,2,1,1,11341;13669,石川県野々市市本町2-18-22,0762485315,36.5315762,136.620859,birth_navi,birth_navi_not_crosschecked,0,0.0,1,1,1,
GCP-11342,はた産婦人科医院,はた産婦人科医院,2,有床診療所,11342,1,1,0,11342,宮崎県宮崎市和知川原１丁目１０７番地,0985283511,31.9244569,131.4150384,birth_navi,birth_navi_crosschecked_mhlw_within_100m,0,0.0,0,1,1,4522450116500
GCP-11343,医療法人　桑原産婦人科医院,桑原産婦人科医院,2,有床診療所,11343,1,1,0,11343,福岡県中間市中間3丁目5番5号,0932450052,33.8166613,130.7123458,birth_navi,birth_navi_not_crosschecked,0,0.0,1,1,1,
GCP-11344,山内産婦人科医院,山内産婦人科医院,2,有床診療所,11344,1,1,0,11344,愛媛県宇和島市宮下甲２２３－５,0895240321,33.2034588,132.5496449,birth_navi,birth_navi_crosschecked_mhlw_within_100m,0,0.0,1,1,0,3822386331330
GCP-11345,ちが産婦人科医院,ちが産婦人科医院,2,有床診療所,11345,2,1,1,11345;15026,熊本県菊池郡菊陽町原水２９５１ー１,0962329131,32.875792,130.851472,birth_navi,birth_navi_crosschecked_mhlw_within_100m,0,0.0,1,1,1,432243510553
GCP-11346,医療法人社団　八代愛育会　八代レディースクリニック,八代愛育会八代レディースクリニック,2,有床診療所,11346,1,1,0,11346,熊本県八代市大手町１丁目７－２２,0965323405,32.5081757,130.6137719,birth_navi,birth_navi_not_crosschecked,0,0.0,0,1,1,
GCP-11347,医療法人回起会奥産婦人科,回起会奥産婦人科,2,有床診療所,11347,1,1,0,11347,兵庫県加古川市加古川町木村７００－１,0794212039,34.7669431,134.8212786,birth_navi,birth_navi_crosschecked_mhlw_within_100m,0,0.0,0,1,1,2822280036360
GCP-11348,医療法人本田産婦人科クリニック,本田産婦人科クリニック,2,有床診療所,11348,1,1,0,11348,福岡県北九州市戸畑区一枝２−１−１６,0934825720,33.8864922,130.8403657,birth_navi,birth_navi_not_crosschecked,0,0.0,0,1,1,
GCP-11349,医療法人社団朋佑会札幌産科婦人科,朋佑会札幌産科婦人科,2,有床診療所,11349,1,1,0,11349,北海道札幌市北区屯田６条２丁目11-1,0117740303,43.1346065,141.3427374,birth_navi,birth_navi_crosschecked_mhlw_within_100m,0,0.0,1,1,1,0122010001510
GCP-11350,医療法人産科婦人科宮原クリニック,産科婦人科宮原クリニック,2,有床診療所,11350,1,1,0,11350,福岡県久留米市国分町１１５９－２,0942223011,33.2979158,130.5329986,birth_navi,birth_navi_crosschecked_mhlw_100_500m,0,0.0,0,1,1,4022400016400
GCP-11351,いその産婦人科,いその産婦人科,2,有床診療所,11351,1,1,0,11351,長崎県南島原市西有家町須川１７９２番地,0957822430,32.6596698,130.2905263,birth_navi,birth_navi_not_crosschecked,0,0.0,0,1,1,
GCP-11352,カワカミウィメンズクリニック,カワカミウィメンズクリニック,2,有床診療所,11352,1,1,0,11352,北海道札幌市西区八軒５条東１丁目６－１９,0116416507,43.0863328,141.3158144,birth_navi,birth_navi_not_crosschecked,0,0.0,0,1,1,
GCP-11353,医療法人社団愛育会クリニックママ,愛育会クリニックママ,2,有床診療所,11353,1,1,0,11353,岐阜県大垣市今宿３丁目３４－１,0584735111,35.366372,136.6364069,birth_navi,birth_navi_not_crosschecked,0,0.0,0,1,1,
GCP-11354,宇佐レディースクリニック,宇佐レディースクリニック,2,有床診療所,11354,1,1,0,11354,大分県宇佐市法鏡寺３３６番地の１,0978333700,33.5273822,131.3472875,birth_navi,birth_navi_not_crosschecked,0,0.0,0,1,1,
GCP-11355,たかき医院,たかき医院,2,有床診療所,11355,1,1,0,11355,新潟県十日町市馬場丙1550番地1,0257582361,37.0944011,138.7245563,birth_navi,birth_navi_not_crosschecked,0,0.0,1,0,1,
GCP-11356,佐伯レディースクリニック,佐伯レディースクリニック,2,有床診療所,11356,1,1,0,11356,富山県氷見市窪６６０,0766918855,36.8389989,136.9875169,birth_navi,birth_navi_crosschecked_mhlw_within_100m,0,0.0,1,1,1,1622160510859
GCP-11357,霞澤産婦人科医院,霞澤産婦人科医院,2,有床診療所,11357,1,1,0,11357,埼玉県東松山市松葉町１ー９ー８,0493220210,36.0392259,139.3998307,birth_navi,birth_navi_not_crosschecked,0,0.0,0,1,1,
GCP-11358,さやま産婦人科,さやま産婦人科,2,有床診療所,11358,1,1,0,11358,埼玉県狭山市南入曽３３５－１,0429504103,35.8373527,139.4342439,birth_navi,birth_navi_not_crosschecked,0,0.0,0,1,0,
GCP-11359,医療法人　田村産婦人科医院,田村産婦人科医院,2,有床診療所,11359,1,1,0,11359,京都府亀岡市安町野々神２８,0771243151,35.0141621,135.5715312,birth_navi,birth_navi_crosschecked_mhlw_within_100m,0,0.0,1,1,1,2622620002263
GCP-11360,かわぐちレディースクリニック,かわぐちレディースクリニック,2,有床診療所,11360,1,1,0,11360,埼玉県川口市南前川２丁目４番２０号,0482655290,35.8315056,139.7068398,birth_navi,birth_navi_not_crosschecked,0,0.0,0,1,0,
GCP-11361,川島産婦人科クリニック,川島産婦人科クリニック,2,有床診療所,11361,1,1,0,11361,大阪府大阪市北区天神橋５－５－２３,0663512374,34.7085206,135.5114213,birth_navi,birth_navi_crosschecked_mhlw_within_100m,0,0.0,1,1,0,2722270002170
GCP-11362,医療法人社団恵友会　久保みずきレディースクリニック菅原記念診療所,恵友会久保みずきレディースクリニック菅原記念診療所,2,有床診療所,11362,1,1,0,11362,兵庫県神戸市西区美賀多台3丁目13-8,0789613333,34.7178861,135.0057671,birth_navi,birth_navi_not_crosschecked,0,0.0,1,1,1,
GCP-11363,医療法人社団Ｌｅｉａｌｏｈａ　中野産婦人科医院,leialoha中野産婦人科医院,2,有床診療所,11363,1,1,0,11363,東京都小平市津田町１−４−８,0423416565,35.725539,139.4621881,birth_navi,birth_navi_crosschecked_mhlw_within_100m,0,0.0,0,1,1,1322138307130
GCP-11364,レディース＆マタニティクリニック　サンタクルス　ザ　タカラヅカ,レディースマタニティクリニックサンタクルスザタカラヅカ,2,有床診療所,11364,1,1,0,11364,兵庫県宝塚市武庫川町６－２２,0797831188,34.8075519,135.350534,birth_navi,birth_navi_crosschecked_mhlw_within_100m,0,0.0,1,1,1,2822280051140
GCP-11365,やはば産婦人科,やはば産婦人科,2,有床診療所,11365,2,1,1,11365;12790,岩手県紫波郡矢巾町医大通２－４－６,0196981122,39.6137261,141.1649974,birth_navi,birth_navi_not_crosschecked,0,0.0,0,1,1,
GCP-11366,赤堀クリニック,赤堀クリニック,2,有床診療所,11366,1,1,0,11366,岡山県津山市椿高下33,0868241212,35.0655522,134.0006395,birth_navi,birth_navi_crosschecked_mhlw_within_100m,0,0.0,1,1,1,3322330016630
GCP-11367,医療法人社団喜咲会ローズマタニティクリニック,喜咲会ローズマタニティクリニック,2,有床診療所,11367,1,1,0,11367,埼玉県さいたま市南区辻７－８－１７,0488381103,35.8326279,139.6669837,birth_navi,birth_navi_not_crosschecked,0,0.0,0,1,1,
GCP-11368,みつお産婦人科,みつお産婦人科,2,有床診療所,11368,1,1,0,11368,鹿児島県霧島市隼人町見次一二九六番地三,0995449339,31.7413102,130.7424667,birth_navi,birth_navi_not_crosschecked,0,0.0,0,1,0,
GCP-11369,産科婦人科佐川クリニック,産科婦人科佐川クリニック,2,有床診療所,11369,1,1,0,11369,石川県金沢市上荒屋１丁目３０８番地,0762400300,36.5480155,136.5928306,birth_navi,birth_navi_not_crosschecked,0,0.0,0,1,1,
GCP-11370,矢内原医院,矢内原医院,3,無床診療所,11370,1,1,0,11370,神奈川県鎌倉市大船2-17-18,0467441188,35.353358,139.535559,birth_navi,birth_navi_crosschecked_mhlw_within_100m,0,0.0,1,0,0,1421400579400
GCP-11371,ゆのはら産婦人科医院,ゆのはら産婦人科医院,2,有床診療所,11371,1,1,0,11371,熊本県熊本市中央区南熊５丁目９番３号,0963721110,32.8099277,130.7704952,birth_navi,birth_navi_not_crosschecked,0,0.0,0,1,1,
GCP-11372,島田産婦人科医院,島田産婦人科医院,2,有床診療所,11372,1,1,0,11372,静岡県駿東郡清水町伏見３８－１,0559726100,35.1105822,138.9004131,birth_navi,birth_navi_crosschecked_mhlw_within_100m,0,0.0,1,1,1,2222225621840
GCP-11373,医療法人池田レディースクリニック,池田レディースクリニック,2,有床診療所,11373,1,1,0,11373,埼玉県本庄市小島南３－１－１２,0495222048,36.2408141,139.1669465,birth_navi,birth_navi_not_crosschecked,0,0.0,0,1,0,
GCP-11374,赤崎クリニック,赤崎クリニック,2,有床診療所,11374,1,1,0,11374,奈良県桜井市谷１１１,0744432468,34.5124111,135.8426751,birth_navi,birth_navi_not_crosschecked,0,0.0,0,1,1,
GCP-11375,齊藤産婦人科医院,齊藤産婦人科医院,2,有床診療所,11375,1,1,0,11375,岩手県一関市中央町２丁目９－２０,0191236946,38.9355521,141.1303243,birth_navi,birth_navi_not_crosschecked,0,0.0,1,1,1,
GCP-11376,医療法人産楠会くすもと産婦人科,産楠会くすもと産婦人科,2,有床診療所,11376,1,1,0,11376,鹿児島県日置市伊集院町郡１１９３－１,0992736666,31.6371823,130.4035242,birth_navi,birth_navi_crosschecked_mhlw_within_100m,0,0.0,1,1,1,46224180
GCP-11377,医療法人小川クリニック,小川クリニック,2,有床診療所,11377,1,1,0,11377,神奈川県横浜市戸塚区舞岡町２９番地,0458226650,35.4109977,139.5427699,birth_navi,birth_navi_crosschecked_mhlw_within_100m,0,0.0,0,1,1,1421406572000
GCP-11378,北熊本井上産婦人科医院,北熊本井上産婦人科医院,2,有床診療所,11378,1,1,0,11378,熊本県熊本市北区鶴羽田１丁目１４番２７号,0963453911,32.8548701,130.7260006,birth_navi,birth_navi_not_crosschecked,0,0.0,0,1,1,
GCP-11379,石田レディースクリニック,石田レディースクリニック,2,有床診療所,11379,1,1,0,11379,福岡県福津市有弥の里２－１０－１７,0940358080,33.7477918,130.4890913,birth_navi,birth_navi_not_crosschecked,0,0.0,0,1,1,
GCP-11380,オークスマタニティクリニック,オークスマタニティクリニック,2,有床診療所,11380,1,1,0,11380,岡山県岡山市北区大安寺南町二丁目２番５号,0862141103,34.6588646,133.8877175,birth_navi,birth_navi_crosschecked_mhlw_within_100m,0,0.0,1,1,1,3322330015250
GCP-11381,真田産婦人科麻酔科クリニック,真田産婦人科麻酔科クリニック,2,有床診療所,11381,1,1,0,11381,福岡県福岡市東区千早６丁目６番１６号,0926810175,33.6571565,130.4393657,birth_navi,birth_navi_not_crosschecked,0,0.0,0,1,1,
GCP-11382,医療法人慈慶会　八木産婦人科,慈慶会八木産婦人科,2,有床診療所,11382,1,1,0,11382,佐賀県武雄市北方町大﨑１１２１,0954363600,33.1941592,130.0215646,birth_navi,birth_navi_not_crosschecked,0,0.0,1,1,1,
GCP-11383,医療法人　西川医院,西川医院,2,有床診療所,11383,1,1,0,11383,大阪府大阪市阿倍野区天王寺町北２−１６−１０,0667145218,34.6455293,135.5256882,birth_navi,birth_navi_crosschecked_mhlw_within_100m,0,0.0,0,1,0,2722270019230
GCP-11384,希望が丘クリニック,希望が丘クリニック,2,有床診療所,11384,1,1,0,11384,滋賀県野洲市市三宅２３５４,0775864103,35.0669331,136.0152187,birth_navi,birth_navi_crosschecked_mhlw_100_500m,0,0.0,1,1,1,2522250008150
GCP-11385,医療法人　富田産婦人科医院,富田産婦人科医院,2,有床診療所,11385,1,1,0,11385,福岡県朝倉市甘木1979番地8,0946222234,33.4247693,130.6551358,birth_navi,birth_navi_crosschecked_mhlw_within_100m,0,0.0,1,1,1,4022400017480
GCP-11387,小林レディースクリニック　,小林レディースクリニック,2,有床診療所,11387,1,1,0,11387,福岡県筑後市大字水谷九九一の一,0942530012,33.2464782,130.5095344,birth_navi,birth_navi_not_crosschecked,0,0.0,0,1,1,
GCP-11388,医療法人社団ハーモニーレディースクリニック,ハーモニーレディースクリニック,2,有床診療所,11388,1,1,0,11388,兵庫県神戸市西区学園西町５－２－５,0787981103,34.6830016,135.0557337,birth_navi,birth_navi_not_crosschecked,0,0.0,0,1,1,
GCP-11389,由良産婦人科・小児科医院,由良産婦人科小児科医院,2,有床診療所,11389,1,1,0,11389,京都府綾部市本町一丁目２０,0773422528,35.2971856,135.2606599,birth_navi,birth_navi_crosschecked_mhlw_within_100m,0,0.0,0,1,1,2622620002330
GCP-11390,レディース＆マタニティクリニック　サンタクルス　ザ　シュクガワ,レディースマタニティクリニックサンタクルスザシュクガワ,2,有床診療所,11390,1,1,0,11390,兵庫県西宮市相生町８－１１,0798751188,34.7440273,135.3275301,birth_navi,birth_navi_not_crosschecked,0,0.0,0,1,1,
GCP-11391,加藤クリニック,加藤クリニック,2,有床診療所,11391,1,1,0,11391,埼玉県さいたま市浦和区前地2-3-11,0488820034,35.8575117,139.6623091,birth_navi,birth_navi_crosschecked_mhlw_within_100m,0,0.0,1,1,1,1121104457800
GCP-11392,医療法人琢生会　神田マタニティクリニック,琢生会神田マタニティクリニック,2,有床診療所,11392,1,1,0,11392,大阪府吹田市江坂町三丁目三十一番地五号,0663301135,34.7654064,135.4972067,birth_navi,birth_navi_not_crosschecked,0,0.0,0,1,1,
GCP-11393,医療法人ガーデンヒルズウイメンズクリニック,ガーデンヒルズウイメンズクリニック,2,有床診療所,11393,1,1,0,11393,福岡県福岡市中央区小笹５丁目１５−２１,0925217500,33.5681357,130.3902889,birth_navi,birth_navi_not_crosschecked,0,0.0,0,1,1,
GCP-11394,医療法人社団海里会　池羽レディースクリニック,海里会池羽レディースクリニック,2,有床診療所,11394,1,1,0,11394,茨城県結城市結城10622-1,0296333465,36.3037988,139.8635028,birth_navi,birth_navi_crosschecked_mhlw_100_500m,0,0.0,1,1,1,082208621935
GCP-11395,ゆめクリニック,ゆめクリニック,2,有床診療所,11395,1,1,0,11395,栃木県宇都宮市ゆいの杜3-14-6,0286111881,36.573044,139.9904631,birth_navi,birth_navi_not_crosschecked,0,0.0,1,1,0,
GCP-11396,産科・婦人科・麻酔科　東島レディースクリニック,産科婦人科麻酔科東島レディースクリニック,2,有床診療所,11396,1,1,0,11396,長崎県佐世保市大宮町１７番地１３,0956315758,33.1583163,129.7397173,birth_navi,birth_navi_crosschecked_mhlw_within_100m,0,0.0,1,1,1,422csa0141
GCP-11397,医療法人社団秀友会　松信ウィメンズクリニック・こどもクリニック,秀友会松信ウィメンズクリニックこどもクリニック,2,有床診療所,11397,1,1,0,11397,千葉県習志野市本大久保3-5-27,0474731928,35.681499,140.0425397,birth_navi,birth_navi_crosschecked_mhlw_within_100m,0,0.0,1,1,1,1221200085000
GCP-11398,フクイ産婦人科クリニック,フクイ産婦人科クリニック,2,有床診療所,11398,2,1,1,11398;13081,群馬県伊勢崎市下植木町553-3,0270247211,36.3185706,139.212776,birth_navi,birth_navi_crosschecked_mhlw_within_100m,0,0.0,1,1,1,1022100001077
GCP-11399,医療法人ユーエムシー内田産婦人科医院,ユーエムシー内田産婦人科医院,2,有床診療所,11399,1,1,0,11399,福岡県行橋市西宮市1－10,0930230155,33.7303505,130.9671274,birth_navi,birth_navi_not_crosschecked,0,0.0,1,1,1,
GCP-11400,医療法人　博報会　上野産婦人科,博報会上野産婦人科,2,有床診療所,11400,1,1,0,11400,愛知県名古屋市千種区上野１－１－１１,0527210321,35.1821526,136.9510449,birth_navi,birth_navi_crosschecked_mhlw_within_100m,0,0.0,0,1,1,2322232201030
GCP-11401,金子産婦人科,金子産婦人科,2,有床診療所,11401,1,1,0,11401,大阪府門真市大倉町６－１４,0669013631,34.7440398,135.5935116,birth_navi,birth_navi_not_crosschecked,0,0.0,1,1,1,
GCP-11402,医療法人中根産婦人科　レディースクリニックヴェルデ,中根産婦人科レディースクリニックヴェルデ,2,有床診療所,11402,1,1,0,11402,愛知県名古屋市緑区相川２－１２６,0528951177,35.1005078,136.9740201,birth_navi,birth_navi_not_crosschecked,0,0.0,1,1,1,
GCP-11403,医療法人社団野口産婦人科医院,野口産婦人科医院,2,有床診療所,11403,2,1,1,11403;14623,山口県下関市梶栗町３丁目７－８,0832582277,34.0141905,130.9211031,birth_navi,birth_navi_crosschecked_mhlw_within_100m,0,0.0,1,1,1,3522353137550
GCP-11404,浅野産婦人科,浅野産婦人科,2,有床診療所,11404,1,1,0,11404,愛知県尾張旭市城前町四丁目１番地９,0561537500,35.2145622,137.0272496,birth_navi,birth_navi_not_crosschecked,0,0.0,0,1,1,
GCP-11405,医療法人 真愛会,真愛会,2,有床診療所,11405,1,1,0,11405,群馬県館林市本町３丁目４－５,0276721630,36.2442145,139.5344618,birth_navi,birth_navi_not_crosschecked,0,0.0,1,1,1,
GCP-11406,医療法人尚志会山田産婦人科,尚志会山田産婦人科,2,有床診療所,11406,1,1,0,11406,愛知県西尾市若松町３８番地,0563563245,34.8686725,137.0621336,birth_navi,birth_navi_crosschecked_mhlw_100_500m,0,0.0,0,1,1,2322231600250
GCP-11407,小林産婦人科,小林産婦人科,2,有床診療所,11407,1,1,0,11407,大阪府大阪市都島区都島北通１－１４－２２,0669240934,34.7101654,135.5285598,birth_navi,birth_navi_not_crosschecked,0,0.0,0,1,0,
GCP-11408,医療法人社団薫誠会　葛西産婦人科,薫誠会葛西産婦人科,2,有床診療所,11408,1,1,0,11408,東京都江戸川区東葛西６－８－６,0336860311,35.6614177,139.8742531,birth_navi,birth_navi_crosschecked_mhlw_within_100m,0,0.0,0,1,0,1322135214240
GCP-11409,松下産婦人科医院,松下産婦人科医院,2,有床診療所,11409,1,1,0,11409,静岡県菊川市加茂１９９０,0537363221,34.7477145,138.0881019,birth_navi,birth_navi_crosschecked_mhlw_within_100m,0,0.0,0,1,1,2222226406770
GCP-11410,医療法人なんのレディースクリニック,なんのレディースクリニック,2,有床診療所,11410,1,1,0,11410,奈良県生駒郡斑鳩町興留５丁目１４－８,0745755623,34.6033714,135.7398223,birth_navi,birth_navi_not_crosschecked,0,0.0,0,1,1,
GCP-11411,上山レディースクリニック,上山レディースクリニック,2,有床診療所,11411,1,1,0,11411,静岡県伊東市吉田５７３番３,0557458103,34.9357178,139.1196425,birth_navi,birth_navi_crosschecked_mhlw_within_100m,0,0.0,1,1,1,2222225324170
GCP-11412,大野医院,大野医院,2,有床診療所,11412,1,1,0,11412,栃木県鹿沼市上田町1915番地4,0289653661,36.5658247,139.7496559,birth_navi,birth_navi_not_crosschecked,0,0.0,1,1,1,
GCP-11413,花岡レディースクリニック,花岡レディースクリニック,2,有床診療所,11413,1,1,0,11413,長野県小諸市市町5－4－16,0267234103,36.336387,138.414915,birth_navi_manual_confirmation,manual_confirmed_birth_navi,0,0.0,1,1,1,2022200520911
GCP-11414,いとうレディースケアクリニック,いとうレディースケアクリニック,2,有床診療所,11414,1,1,0,11414,岐阜県本巣郡北方町北方３１９５,0583237101,35.4230421,136.6834168,birth_navi,birth_navi_crosschecked_mhlw_within_100m,0,0.0,0,1,1,2121632002045
GCP-11416,松島産婦人科医院,松島産婦人科医院,2,有床診療所,11416,1,1,0,11416,滋賀県大津市錦織３丁目６－２２,0775250025,35.0287898,135.8594813,birth_navi,birth_navi_crosschecked_mhlw_within_100m,0,0.0,1,1,1,2522250006540
GCP-11417,産婦人科清稜クリニック,産婦人科清稜クリニック,2,有床診療所,11417,1,1,0,11417,静岡県駿東郡長泉町下長窪988-11,0559990300,35.1511954,138.8871133,birth_navi,birth_navi_crosschecked_mhlw_within_100m,0,0.0,1,1,1,2222227162930
GCP-11418,医療法人内村産婦人科,内村産婦人科,2,有床診療所,11418,1,1,0,11418,鹿児島県鹿屋市串良町岡崎２０７０,0994632521,31.3911629,130.9600232,birth_navi,birth_navi_not_crosschecked,0,0.0,0,1,1,
GCP-11419,医療法人社団浩明会 梶山クリニック,浩明会梶山クリニック,2,有床診療所,11419,1,1,0,11419,山梨県甲府市徳行1-3-20,0552229200,35.6548708,138.5460075,birth_navi,birth_navi_crosschecked_mhlw_within_100m,0,0.0,1,1,0,1922190000149
GCP-11420,ツキリズムマタニティクリニック,ツキリズムマタニティクリニック,2,有床診療所,11420,1,1,0,11420,兵庫県神戸市須磨区行幸町4丁目2-7,0787310730,34.6488053,135.1212145,birth_navi,birth_navi_not_crosschecked,0,0.0,1,1,0,
GCP-11421,医療法人　大平産婦人科,大平産婦人科,2,有床診療所,11421,1,1,0,11421,大阪府堺市南区桃山台４－２－１,0722991103,34.4922371,135.4866157,birth_navi,birth_navi_not_crosschecked,0,0.0,0,1,1,
GCP-11422,田那村産婦人科,田那村産婦人科,2,有床診療所,11422,1,1,0,11422,愛知県岡崎市康生通南二丁目２３番地５,0564238161,34.9568348,137.16331,birth_navi,birth_navi_not_crosschecked,0,0.0,0,1,0,
GCP-11423,大塚産婦人科クリニック,大塚産婦人科クリニック,2,有床診療所,11423,1,1,0,11423,福岡県北九州市八幡西区千代ケ崎２−２−１２,0936038811,33.876804,130.7152682,birth_navi,birth_navi_not_crosschecked,0,0.0,0,1,1,
GCP-11424,医療法人稲風会　鈴木医院,稲風会鈴木医院,2,有床診療所,11424,1,1,0,11424,大阪府茨木市駅前３丁目５番２１号,0726241113,34.8151957,135.5677747,birth_navi,birth_navi_crosschecked_mhlw_within_100m,0,0.0,1,1,0,2722270045780
GCP-11425,医療法人れんげ会　小川産婦人科,れんげ会小川産婦人科,2,有床診療所,11425,1,1,0,11425,大阪府大阪市平野区平野本町２－６－３２,0667910567,34.6217932,135.5502942,birth_navi,birth_navi_not_crosschecked,0,0.0,0,1,1,
GCP-11426,ティアラウィメンズクリニック,ティアラウィメンズクリニック,2,有床診療所,11426,1,1,0,11426,静岡県掛川市杉谷南１丁目19−５,0537613030,34.7631996,138.0288783,birth_navi,birth_navi_not_crosschecked,0,0.0,1,1,1,
GCP-11427,大野レディスクリニック,大野レディスクリニック,2,有床診療所,11427,1,1,0,11427,愛知県岩倉市稲荷町高畑１０,0587373323,35.2702145,136.8702798,birth_navi,birth_navi_crosschecked_mhlw_within_100m,0,0.0,1,1,1,2322230701390
GCP-11428,医療法人　宮崎産婦人科,宮崎産婦人科,2,有床診療所,11428,1,1,0,11428,三重県鈴鹿市平田2丁目1-8,0593788811,34.8747138,136.5379815,birth_navi,birth_navi_not_crosschecked,0,0.0,1,1,1,
GCP-11429,医療法人川村産婦人科医院,川村産婦人科医院,2,有床診療所,11429,1,1,0,11429,大阪府高槻市松ヶ丘１－１－１,0726877557,34.846193,135.6174134,birth_navi,birth_navi_not_crosschecked,0,0.0,1,1,1,
GCP-11430,山崎産婦人科医院,山崎産婦人科医院,2,有床診療所,11430,1,1,0,11430,長崎県島原市湊町350,0957641103,32.7725051,130.373323,birth_navi,birth_navi_not_crosschecked,0,0.0,1,1,1,
GCP-11431,産科・婦人科ミナミクリニック,産科婦人科ミナミクリニック,2,有床診療所,11431,1,1,0,11431,愛知県小牧市小牧原４－３８－１,0568753732,35.3032725,136.9274673,birth_navi,birth_navi_crosschecked_mhlw_within_100m,0,0.0,1,1,1,2322230601010
GCP-11432,医療法人　慈光会　岡本産婦人科,慈光会岡本産婦人科,2,有床診療所,11432,1,1,0,11432,京都府福知山市末広町３丁目１２番地,0773224103,35.2993126,135.117155,birth_navi,birth_navi_not_crosschecked,0,0.0,0,1,0,
GCP-11433,ふくろいマタニティクリニック,ふくろいマタニティクリニック,2,有床診療所,11433,1,1,0,11433,静岡県袋井市方丈６ー１０－２７,0538412121,34.7482512,137.9314843,birth_navi,birth_navi_not_crosschecked,0,0.0,0,1,1,
GCP-11434,加藤外科産婦人科・乳腺クリニック,加藤外科産婦人科乳腺クリニック,2,有床診療所,11434,1,1,0,11434,愛知県名古屋市瑞穂区田辺通５－８－２,0528367953,35.1225441,136.9470777,birth_navi,birth_navi_not_crosschecked,0,0.0,0,1,0,
GCP-11435,医療法人社団愛弘会　みらいウィメンズクリニック,愛弘会みらいウィメンズクリニック,2,有床診療所,11435,1,1,0,11435,千葉県印西市原四丁目２番地２,0476401200,35.7994981,140.162385,birth_navi,birth_navi_crosschecked_mhlw_within_100m,0,0.0,1,1,1,1221222773000
GCP-11436,医療法人　福住産科婦人科クリニック,福住産科婦人科クリニック,2,有床診療所,11436,1,1,0,11436,北海道札幌市豊平区福住３条１丁目２－２４,0118361188,43.0180018,141.4066906,birth_navi,birth_navi_crosschecked_mhlw_within_100m,0,0.0,1,1,0,0122010001160
GCP-11438,恵愛みらいクリニック,恵愛みらいクリニック,2,有床診療所,11438,1,1,0,11438,石川県小松市光町１番地１,0761246111,36.4047805,136.4571529,birth_navi,birth_navi_crosschecked_mhlw_within_100m,0,0.0,1,1,1,1711112005
GCP-11439,あいレディースクリニック,あいレディースクリニック,2,有床診療所,11439,1,1,0,11439,岐阜県岐阜市菅生６－２－５,0582964141,35.4247858,136.7281978,birth_navi,birth_navi_crosschecked_mhlw_within_100m,0,0.0,1,1,1,2121342000724
GCP-11440,山内産婦人科クリニック,山内産婦人科クリニック,2,有床診療所,11440,1,1,0,11440,岡山県倉敷市三田１２６－１,0864633550,34.6298826,133.7983817,birth_navi,birth_navi_crosschecked_mhlw_within_100m,0,0.0,1,1,1,3322330012540
GCP-11441,医療法人しもむら産婦人科,しもむら産婦人科,2,有床診療所,11441,1,1,0,11441,長崎県長崎市古川町ハ番十一号,0958213541,32.7504527,129.8790402,birth_navi,birth_navi_not_crosschecked,0,0.0,0,1,1,
GCP-11442,ゆだて産婦人科,ゆだて産婦人科,2,有床診療所,11442,1,1,0,11442,千葉県富里市七栄６４６－１６,0476938272,35.7353365,140.3303592,birth_navi,birth_navi_crosschecked_mhlw_within_100m,0,0.0,0,1,1,1221202717000
GCP-11443,えんどう桔梗マタニティクリニック,えんどう桔梗マタニティクリニック,2,有床診療所,11443,1,1,0,11443,北海道函館市桔梗５－７－１５,0138473001,41.8488331,140.7336725,birth_navi,birth_navi_not_crosschecked,0,0.0,1,1,1,
GCP-11444,医療法人中曽産科婦人科医院,中曽産科婦人科医院,2,有床診療所,11444,1,1,0,11444,鳥取県米子市西福原4-8-41,0859225360,35.4448145,133.339866,birth_navi,birth_navi_not_crosschecked,0,0.0,1,1,1,
GCP-11446,竹内レディースクリニック,竹内レディースクリニック,2,有床診療所,11446,1,1,0,11446,鹿児島県姶良市東餠田５０２－２,0995652296,31.731938,130.632016,mhlw_iryou_information_net_manual_confirmation,manual_confirmed_mhlw_iryou_information_net,0,0.0,1,1,1,46222550
GCP-11447,ナオミレディースクリニック,ナオミレディースクリニック,2,有床診療所,11447,1,1,0,11447,三重県松阪市深長町823,0598630101,34.5779219,136.4836815,birth_navi,birth_navi_not_crosschecked,0,0.0,0,1,1,
GCP-11448,彦名レディスライフクリニック,彦名レディスライフクリニック,2,有床診療所,11448,1,1,0,11448,鳥取県米子市彦名町２８５６－３,0859290159,35.4517681,133.2882233,birth_navi,birth_navi_not_crosschecked,0,0.0,1,1,1,
GCP-11449,医療法人みちおかレディースクリニック,みちおかレディースクリニック,2,有床診療所,11449,1,1,0,11449,福岡県北九州市小倉南区徳力２丁目２２番２８号,0939630317,33.8271624,130.8714286,birth_navi,birth_navi_not_crosschecked,0,0.0,0,1,0,
GCP-11450,マミーズクリニックルナ,マミーズクリニックルナ,2,有床診療所,11450,1,1,0,11450,福岡県那珂川市道善２－６９,0929521779,33.5116253,130.4219907,birth_navi,birth_navi_crosschecked_mhlw_within_100m,0,0.0,0,1,0,4022400079790
GCP-11451,愛甲産婦人科医院,愛甲産婦人科医院,2,有床診療所,11451,1,1,0,11451,熊本県人吉市蟹作町１１０８番地８,0966224020,32.1970158,130.7793926,birth_navi,birth_navi_crosschecked_mhlw_within_100m,0,0.0,1,1,1,432243621613
GCP-11452,医療法人田中クリニック,田中クリニック,2,有床診療所,11452,1,1,0,11452,福岡県飯塚市本町１７−１２,0948223280,33.6393161,130.6829711,birth_navi,birth_navi_crosschecked_mhlw_within_100m,0,0.0,0,1,1,4022400024060
GCP-11453,鷺沼産婦人科医院,鷺沼産婦人科医院,2,有床診療所,11453,1,1,0,11453,神奈川県川崎市宮前区鷺沼3-5-17,0448531103,35.5782259,139.5711556,birth_navi,birth_navi_crosschecked_mhlw_within_100m,0,0.0,1,1,1,1421408906800
GCP-11454,宮坂産婦人科クリニック,宮坂産婦人科クリニック,2,有床診療所,11454,1,1,0,11454,埼玉県さいたま市緑区東浦和２ー７１ー２,0488730220,35.8619777,139.6948031,birth_navi,birth_navi_crosschecked_mhlw_within_100m,0,0.0,0,1,0,1121104663500
GCP-11455,医療法人社団植野産婦人科医院,植野産婦人科医院,2,有床診療所,11455,1,1,0,11455,茨城県水戸市五軒町２－３－７,0292212513,36.3821785,140.4632839,birth_navi,birth_navi_not_crosschecked,0,0.0,0,1,1,
GCP-11456,医療法人平治会さくらレディースクリニック,平治会さくらレディースクリニック,2,有床診療所,11456,2,1,1,11456;14402,奈良県橿原市上品寺町528,0744231199,34.5184048,135.793461,birth_navi,birth_navi_crosschecked_mhlw_within_100m,0,0.0,1,1,1,2922116000000
GCP-11457,医療法人益治論会産婦人科いきめの杜クリニック,益治論会産婦人科いきめの杜クリニック,2,有床診療所,11457,1,1,0,11457,宮崎県宮崎市大字柏原４０７ー１,0985747400,31.9337658,131.3694825,birth_navi_manual_confirmation,manual_confirmed_birth_navi,0,0.0,1,1,0,4522453172770
GCP-11458,分娩館医院,分娩館医院,2,有床診療所,11458,1,1,0,11458,埼玉県春日部市5丁目4番28号,0487393883,35.9659395,139.7543392,birth_navi,birth_navi_not_crosschecked,0,0.0,1,1,1,
GCP-11459,Ｗｏｍｅｎ’ｓＣｌｉｎｉｃひらしま産婦人科,womensclinicひらしま産婦人科,2,有床診療所,11459,1,1,0,11459,埼玉県上尾市原市１４６４,0487221103,35.974484,139.616521,birth_navi,birth_navi_not_crosschecked,0,0.0,0,1,1,
GCP-11460,医療法人　田辺産婦人科,田辺産婦人科,2,有床診療所,11460,1,1,0,11460,山梨県中巨摩郡昭和町西条６４０,0552753577,35.6305123,138.5468094,birth_navi,birth_navi_crosschecked_mhlw_within_100m,0,0.0,1,1,0,1922190000240
GCP-11461,医療法人　深川レディスクリニック,深川レディスクリニック,2,有床診療所,11461,1,1,0,11461,福岡県久留米市田主丸町田主丸１番地２８,0943721122,33.3459996,130.6885788,birth_navi,birth_navi_crosschecked_mhlw_within_100m,0,0.0,1,1,1,4022400019060
GCP-11462,有秋台医院,有秋台医院,2,有床診療所,11462,1,1,0,11462,千葉県市原市有秋台西１ー７,0436663838,35.4526914,140.0514985,birth_navi,birth_navi_crosschecked_mhlw_100_500m,0,0.0,1,1,1,1221228162000
GCP-11463,医療法人小塚産婦人科,小塚産婦人科,2,有床診療所,11463,2,1,1,11463;14153,三重県桑名市矢田４１９－１,0594220939,35.0582459,136.6726095,birth_navi,birth_navi_crosschecked_mhlw_within_100m,0,0.0,0,1,1,2422240002910
GCP-11464,医療法人久英会　片山産婦人科,久英会片山産婦人科,2,有床診療所,11464,1,1,0,11464,京都府舞鶴市字倉谷４００番地１,0773772628,35.4432591,135.3329459,birth_navi,birth_navi_not_crosschecked,0,0.0,0,1,1,
GCP-11465,産科・婦人科クリニック　おおつか,産科婦人科クリニックおおつか,2,有床診療所,11465,1,1,0,11465,宮崎県宮崎市大塚町八所３５９７ー１,0985500003,31.9147113,131.3902005,birth_navi,birth_navi_crosschecked_mhlw_within_100m,0,0.0,1,1,0,4522453172220
GCP-11466,すみ産婦人科医院,すみ産婦人科医院,2,有床診療所,11466,1,1,0,11466,宮崎県都城市東町１４街区９－１号,0986231152,31.7237409,131.0701136,birth_navi,birth_navi_not_crosschecked,0,0.0,1,1,0,
GCP-11467,マムレディースクリニック,マムレディースクリニック,2,有床診療所,11467,1,1,0,11467,長崎県諌早市永昌東町20-23,0957220678,32.8535826,130.043714,birth_navi,birth_navi_not_crosschecked,0,0.0,1,1,1,
GCP-11468,松田母子クリニック,松田母子クリニック,2,有床診療所,11468,1,1,0,11468,埼玉県所沢市本郷１０８０－５,0429686800,35.7918129,139.5148474,birth_navi,birth_navi_crosschecked_mhlw_within_100m,0,0.0,0,1,1,1121121348500
GCP-11469,産科婦人科　清水クリニック,産科婦人科清水クリニック,2,有床診療所,11469,1,1,0,11469,山梨県甲府市向町４５０－５,0552210341,35.6478552,138.6139932,birth_navi,birth_navi_not_crosschecked,0,0.0,0,1,0,
GCP-11470,医療法人双藤会　産科・婦人科藤東クリニック,双藤会産科婦人科藤東クリニック,2,有床診療所,11470,1,1,0,11470,広島県安芸郡府中町茂陰1-1-1,0822842410,34.3893285,132.5033268,birth_navi,birth_navi_not_crosschecked,0,0.0,1,1,0,
GCP-11471,医療法人社団　江川レディースクリニック,江川レディースクリニック,2,有床診療所,11471,1,1,0,11471,広島県廿日市市本町5-18,0829310461,34.3510543,132.3340257,birth_navi,birth_navi_crosschecked_mhlw_within_100m,0,0.0,1,1,1,3422340019050
GCP-11472,医療法人社団鴻鶴会　内野産婦人科小児科,鴻鶴会内野産婦人科小児科,2,有床診療所,11472,1,1,0,11472,東京都国立市東１－８－６　国立メディカルセンタービル,0425800112,35.6981765,139.4490746,birth_navi,birth_navi_crosschecked_mhlw_within_100m,0,0.0,1,1,0,1322137917620
GCP-11473,蕙愛レディースクリニック,蕙愛レディースクリニック,2,有床診療所,11473,1,1,0,11473,徳島県徳島市佐古三番町４－６,0886531201,34.0768454,134.5367058,birth_navi,birth_navi_crosschecked_mhlw_within_100m,0,0.0,1,1,1,3622365149530
GCP-11474,しんもと産婦人科,しんもと産婦人科,3,無床診療所,11474,1,1,0,11474,福岡県行橋市行事７－７－２,0930220818,33.7323903,130.9705134,birth_navi,birth_navi_crosschecked_mhlw_within_100m,0,0.0,1,0,1,4022400030620
GCP-11475,医療法人貴誕会ENAレディースクリニック,貴誕会enaレディースクリニック,2,有床診療所,11475,1,1,0,11475,大阪府大阪市都島区都島北通1丁目22番10号,0669213313,34.7121304,135.5286651,birth_navi,birth_navi_not_crosschecked,0,0.0,1,1,0,
GCP-11476,たびらウイメンズクリニック,たびらウイメンズクリニック,2,有床診療所,11476,1,1,0,11476,鹿児島県鹿児島市西谷山１丁目１番３号,0992080303,31.5257433,130.5092572,birth_navi,birth_navi_not_crosschecked,0,0.0,0,1,0,
GCP-11477,医療法人美ら海ハシイ産婦人科,美ら海ハシイ産婦人科,2,有床診療所,11477,1,1,0,11477,沖縄県名護市為又1220－291,0980544188,26.6200248,127.9700468,birth_navi,birth_navi_not_crosschecked,0,0.0,1,1,1,
GCP-11478,前村医院,前村医院,2,有床診療所,11478,1,1,0,11478,東京都大田区大森中２の１９の１７,0337613955,35.5667894,139.7330451,birth_navi,birth_navi_not_crosschecked,0,0.0,1,0,1,
GCP-11479,医療法人大和医院,大和医院,2,有床診療所,11479,1,1,0,11479,大阪府大阪市港区磯路２丁目６－１,0665711370,34.6648921,135.4617358,birth_navi,birth_navi_not_crosschecked,0,0.0,1,1,0,
GCP-11480,中林産婦人科クリニック,中林産婦人科クリニック,2,有床診療所,11480,1,1,0,11480,兵庫県姫路市白国１－３－３０,0792826581,34.8573743,134.7069017,birth_navi,birth_navi_crosschecked_mhlw_within_100m,0,0.0,1,1,0,2822280016180
GCP-11482,バークレーレディースクリニック,バークレーレディースクリニック,2,有床診療所,11482,1,1,0,11482,沖縄県浦添市当山２－２－１１,0988731135,26.2527145,127.7383946,birth_navi,birth_navi_crosschecked_mhlw_within_100m,0,0.0,0,1,1,472880
GCP-11483,医療法人医聖会　イルマーレレディースクリニック,医聖会イルマーレレディースクリニック,2,有床診療所,11483,1,1,0,11483,愛知県名古屋市天白区島田４－２９０４,0528015252,35.1183296,136.978116,birth_navi,birth_navi_crosschecked_mhlw_within_100m,0,0.0,1,1,1,2322232504640
GCP-11484,山田産婦人科,山田産婦人科,2,有床診療所,11484,1,1,0,11484,愛知名古屋市中村区稲葉地町7丁目５番地,0524121771,35.164335,136.8455351,birth_navi,birth_navi_not_crosschecked,0,0.0,1,1,0,
GCP-11485,徳重ウイメンズケアクリニック,徳重ウイメンズケアクリニック,2,有床診療所,11485,1,1,0,11485,愛知県名古屋市緑区徳重２ー１８１０,0528771333,35.0887697,136.997577,birth_navi,birth_navi_not_crosschecked,0,0.0,0,1,1,
GCP-11486,レディスクリニックすごう,レディスクリニックすごう,2,有床診療所,11486,1,1,0,11486,青森県弘前市外崎五丁目７－４,0172288181,40.5955372,140.4946886,birth_navi,birth_navi_crosschecked_mhlw_within_100m,0,0.0,1,1,0,0220220000366
GCP-11487,ファミール産院きみつ,ファミール産院きみつ,2,有床診療所,11487,1,1,0,11487,千葉県君津市郡1－5－4,0439571135,35.3081844,139.9135939,birth_navi,birth_navi_not_crosschecked,0,0.0,1,1,1,
GCP-11488,医療法人社団ロイヤルハートクリニック,ロイヤルハートクリニック,2,有床診療所,11488,1,1,0,11488,新潟県新潟市中央区天神尾1-17-5,0252441122,37.9079531,139.054388,birth_navi,birth_navi_not_crosschecked,0,0.0,1,1,1,
GCP-11489,医療法人繁桂会　中川産科婦人科医院,繁桂会中川産科婦人科医院,2,有床診療所,11489,1,1,0,11489,広島県広島市中区本川町２-１-１６,0822312832,34.3975247,132.4516138,birth_navi,birth_navi_not_crosschecked,0,0.0,1,1,0,
GCP-11490,医療法人　平野エンゼルクリニック,平野エンゼルクリニック,2,有床診療所,11490,1,1,0,11490,鹿児島県鹿児島市上荒田町31番地21号,0992570808,31.5745903,130.5462495,birth_navi,birth_navi_crosschecked_mhlw_within_100m,0,0.0,1,1,1,46220127
GCP-11491,医療法人　岡南産婦人科医院,岡南産婦人科医院,2,有床診療所,11491,1,1,0,11491,岡山県岡山市南区平福２－６－４３,0862643366,34.6162856,133.9500473,birth_navi,birth_navi_not_crosschecked,0,0.0,1,1,1,
GCP-11492,稲毛バースクリニック,稲毛バースクリニック,2,有床診療所,11492,1,1,0,11492,千葉県千葉市稲毛区小仲台６－４－１５,0432871355,35.6393697,140.0913817,birth_navi,birth_navi_crosschecked_mhlw_within_100m,0,0.0,1,1,0,1221220922800
GCP-11493,横西産婦人科,横西産婦人科,2,有床診療所,11493,1,1,0,11493,長野県松本市島立２９９２－１,0263315760,36.2256442,137.934189,birth_navi,birth_navi_crosschecked_mhlw_within_100m,0,0.0,1,1,1,2022205949100
GCP-11495,医療法人社団南産婦人科,南産婦人科,2,有床診療所,11495,1,1,0,11495,三重県松阪市下村町1041,0598292020,34.5552546,136.547906,birth_navi,birth_navi_crosschecked_mhlw_within_100m,0,0.0,0,1,1,2422240002440
GCP-11496,医療法人慈久会　たかせ産婦人科,慈久会たかせ産婦人科,2,有床診療所,11496,1,1,0,11496,大阪府豊中市上野東２－６－１５,0668554135,34.7953702,135.4746467,birth_navi,birth_navi_crosschecked_mhlw_within_100m,0,0.0,0,1,1,2722270034240
GCP-11497,石原産婦人科,石原産婦人科,2,有床診療所,11497,1,1,0,11497,岐阜県岐阜市芥見嵯峨２－１４５,0582413535,35.4397459,136.8418896,birth_navi,birth_navi_not_crosschecked,0,0.0,1,1,1,
GCP-11498,大重産婦人科医院,大重産婦人科医院,2,有床診療所,11498,1,1,0,11498,宮崎県延岡市春日町３丁目４－１,0982212306,32.5757817,131.6680808,birth_navi,birth_navi_not_crosschecked,0,0.0,1,1,1,
GCP-11499,医療法人なわて記念会　鈴木レディースクリニック,なわて記念会鈴木レディースクリニック,2,有床診療所,11499,1,1,0,11499,三重県鈴鹿市平野町７７４０－１,0593705151,34.8674483,136.5188557,birth_navi,birth_navi_crosschecked_mhlw_within_100m,0,0.0,1,1,1,2422240001430
GCP-11500,医療法人　川崎産婦人科医院,川崎産婦人科医院,2,有床診療所,11500,1,1,0,11500,広島県広島市南区旭３丁目１３－１６－１,0822510303,34.3677506,132.4755584,birth_navi,birth_navi_not_crosschecked,0,0.0,0,1,0,
GCP-11501,医療法人社団　しま産婦人科,しま産婦人科,2,有床診療所,11501,3,1,2,11501;14620;14634,山口県宇部市島２丁目１－３,0836331103,33.9623662,131.2446506,birth_navi,birth_navi_crosschecked_mhlw_within_100m,0,0.0,1,1,1,3522355843350
GCP-11502,菜の花マタニティクリニック,菜の花マタニティクリニック,2,有床診療所,11502,1,1,0,11502,長野県伊那市日影３８０－１,0265767087,35.8377392,137.9747902,birth_navi,birth_navi_crosschecked_mhlw_within_100m,0,0.0,0,1,1,2022205625000
GCP-11503,医療法人　鹿苑会　佐々木悦子産科婦人科クリニック,鹿苑会佐々木悦子産科婦人科クリニック,2,有床診療所,11503,1,1,0,11503,宮城県仙台市太白区鹿野本町１１－２１,0222467310,38.2315238,140.8724064,birth_navi,birth_navi_crosschecked_mhlw_within_100m,0,0.0,1,1,1,042801288
GCP-11504,セイントマザークリニック,セイントマザークリニック,2,有床診療所,11504,2,1,1,11504;12804,宮城県仙台市青葉区支倉町１－３１　支倉メディカルビル内,0222638001,38.2663189,140.8626572,birth_navi,birth_navi_crosschecked_mhlw_within_100m,0,0.0,1,1,1,042705107
GCP-11505,医療法人　慈心会　あさの葉レディースクリニック,慈心会あさの葉レディースクリニック,3,無床診療所,11505,1,1,0,11505,福岡県宗像市くりえいと２ー３ー４５,0940354103,33.8150729,130.5648343,birth_navi,birth_navi_crosschecked_mhlw_within_100m,0,0.0,1,0,1,4022400004300
GCP-11506,医療法人　育成会　四日市レディースクリニック,育成会四日市レディースクリニック,2,有床診療所,11506,1,1,0,11506,三重県四日市市小生町字西川原８００番地,0593221131,34.9755107,136.5776724,birth_navi,birth_navi_crosschecked_mhlw_100_500m,0,0.0,1,1,1,2422242240025
GCP-11507,医療法人米田産婦人科,米田産婦人科,2,有床診療所,11507,1,1,0,11507,大阪府大阪市鶴見区諸口1-13-16,0669131135,34.7013413,135.5768903,birth_navi,birth_navi_crosschecked_mhlw_within_100m,0,0.0,1,1,0,2722270012170
GCP-11508,医療法人社団均禮会　府中の森土屋産婦人科,均禮会府中の森土屋産婦人科,2,有床診療所,11508,1,1,0,11508,東京都府中市府中町３丁目１０番地９号,0423513748,35.6766471,139.4854854,birth_navi,birth_navi_not_crosschecked,0,0.0,0,1,1,
GCP-11509,医療法人社団　桜裕会　　砂町産婦人科,桜裕会砂町産婦人科,2,有床診療所,11509,1,1,0,11509,東京都江東区南砂４－２－１３,0356351103,35.6735037,139.8274372,birth_navi,birth_navi_crosschecked_mhlw_within_100m,0,0.0,1,1,0,1322136800011
GCP-11510,医療法人石塚レディースクリニック,石塚レディースクリニック,2,有床診療所,11510,1,1,0,11510,鹿児島県鹿児島市新屋敷町４－１０,0992222509,31.5813456,130.5551043,birth_navi,birth_navi_crosschecked_mhlw_within_100m,0,0.0,1,1,1,46220165
GCP-11511,医療法人雄峰会まのウィメンズクリニック,雄峰会まのウィメンズクリニック,2,有床診療所,11511,1,1,0,11511,愛知県春日井市松新町２丁目５番地,0568360303,35.2325455,136.9594116,birth_navi,birth_navi_crosschecked_mhlw_within_100m,0,0.0,1,1,1,2322230502460
GCP-11512,医療法人　千音寺産婦人科,千音寺産婦人科,2,有床診療所,11512,1,1,0,11512,愛知県名古屋市中川区千音寺四丁目2707番地,0524312111,35.1569947,136.8144628,birth_navi,birth_navi_crosschecked_mhlw_within_100m,0,0.0,0,1,1,2322232308870
GCP-11513,稲毛とらのこ産婦人科,稲毛とらのこ産婦人科,2,有床診療所,11513,1,1,0,11513,千葉県千葉市稲毛区小仲台2-3-15,0432851110,35.6367941,140.0940407,birth_navi,birth_navi_not_crosschecked,0,0.0,1,1,1,
GCP-11514,公益社団法人　有隣厚生会　共立産婦人科医院,有隣厚生会共立産婦人科医院,2,有床診療所,11514,1,1,0,11514,静岡県御殿場市二枚橋8-1,0550822035,35.3039626,138.9319923,birth_navi,birth_navi_crosschecked_mhlw_within_100m,0,0.0,1,1,1,2222225710210
GCP-11515,セブンベルクリニック,セブンベルクリニック,2,有床診療所,11515,1,1,0,11515,愛知県稲沢市小池４丁目１２２番地,0587337877,35.247726,136.8140095,birth_navi,birth_navi_crosschecked_mhlw_100_500m,0,0.0,1,1,1,2322230200510
GCP-11516,医療法人社団三恵会育生医院,三恵会育生医院,2,有床診療所,11516,1,1,0,11516,千葉県茂原市八千代２－１２－１４,0475251251,35.4231893,140.2947418,birth_navi,birth_navi_crosschecked_mhlw_within_100m,0,0.0,1,1,1,1221203739700
GCP-11517,ローズベルクリニック,ローズベルクリニック,2,有床診療所,11517,1,1,0,11517,岐阜県可児市下恵土２９７５番地１,0574603355,35.4284244,137.0477446,birth_navi,birth_navi_crosschecked_mhlw_within_100m,0,0.0,1,1,1,2121652006911
GCP-11518,医療法人　裕生会　丸山産婦人科医院,裕生会丸山産婦人科医院,2,有床診療所,11518,1,1,0,11518,長野県長野市大字鶴賀南千歳町982番地,0262264484,36.6474444,138.1901796,birth_navi,birth_navi_not_crosschecked,0,0.0,0,1,1,
GCP-11519,グリーンベルクリニック,グリーンベルクリニック,2,有床診療所,11519,1,1,0,11519,愛知県豊田市若林東町棚田１６０－１,0565510011,35.0265724,137.1061857,birth_navi,birth_navi_crosschecked_mhlw_within_100m,0,0.0,1,1,1,2322232802200
GCP-11520,アルプスベルクリニック,アルプスベルクリニック,2,有床診療所,11520,2,1,1,11520;13890,岐阜県高山市山田町３１０,0577351777,36.1514571,137.224385,birth_navi,birth_navi_crosschecked_mhlw_within_100m,0,0.0,1,1,1,2121662007491
GCP-11521,ロイヤルベルクリニック,ロイヤルベルクリニック,2,有床診療所,11521,1,1,0,11521,愛知県名古屋市緑区水広１丁目１７１５番地,0528796660,35.0814853,136.9948625,birth_navi,birth_navi_crosschecked_mhlw_within_100m,0,0.0,1,1,1,2322232504880
GCP-11522,医療法人虹心会たなべクリニック産科婦人科,虹心会たなべクリニック産科婦人科,2,有床診療所,11522,1,1,0,11522,佐賀県唐津市坊主町５５０－１番地,0955744171,33.4514607,129.9650342,birth_navi,birth_navi_not_crosschecked,0,0.0,1,1,1,
GCP-11523,医療法人　福井レディースクリニック,福井レディースクリニック,2,有床診療所,11523,1,1,0,11523,福岡県久留米市津福本町１６２０ー１,0942392288,33.2965257,130.4996031,birth_navi,birth_navi_crosschecked_mhlw_within_100m,0,0.0,1,1,1,4022400016250
GCP-11524,フォレストベルクリニック,フォレストベルクリニック,2,有床診療所,11524,1,1,0,11524,愛知県名古屋市守山区上志段味字羽前６００番地２,0527370003,35.253165,137.03483,mhlw_iryou_information_net_manual_confirmation,manual_confirmed_mhlw_iryou_information_net,0,0.0,1,1,1,2322232406460
GCP-11525,アンジェリッククリニック浦田,アンジェリッククリニック浦田,2,有床診療所,11525,1,1,0,11525,大分県大分市花津留２丁目１０番２号,0975582020,33.243747,131.6334114,birth_navi,birth_navi_crosschecked_mhlw_within_100m,0,0.0,1,1,1,4421017800000
GCP-11526,パークベルクリニック,パークベルクリニック,2,有床診療所,11526,2,1,1,11526;14079,愛知県豊橋市南松山町１５３,0532560020,34.7544589,137.3882873,birth_navi,birth_navi_crosschecked_mhlw_within_100m,0,0.0,1,1,1,2322232602940
GCP-11527,キャッスルベルクリニック,キャッスルベルクリニック,2,有床診療所,11527,1,1,0,11527,愛知県名古屋市西区天塚町２丁目７番地,0525291333,35.199202,136.8951853,birth_navi,birth_navi_crosschecked_mhlw_within_100m,0,0.0,1,1,1,2322232306570
GCP-11528,フェアリーベルクリニック,フェアリーベルクリニック,2,有床診療所,11528,1,1,0,11528,愛知県岡崎市中島町鮫田１２番地,0564577001,34.88579,137.1147729,birth_navi,birth_navi_crosschecked_mhlw_within_100m,0,0.0,1,1,1,2322232702970
GCP-11529,オレンジベルクリニック,オレンジベルクリニック,2,有床診療所,11529,1,1,0,11529,愛知県蒲郡市神明町２３－２１,0533682311,34.8260974,137.2284116,birth_navi,birth_navi_not_crosschecked,0,0.0,0,1,0,
GCP-11530,中村産婦人科,中村産婦人科,2,有床診療所,11530,1,1,0,11530,埼玉県比企郡小川町大字大塚１１７６－１,0493720373,36.0577066,139.2612735,birth_navi,birth_navi_not_crosschecked,0,0.0,0,1,1,
GCP-11531,ピーチベルクリニック,ピーチベルクリニック,2,有床診療所,11531,1,1,0,11531,愛知県安城市新田町小山１１７番地,0566768311,34.9684598,137.0886893,birth_navi,birth_navi_crosschecked_mhlw_within_100m,0,0.0,1,1,1,2322231402330
GCP-11532,医療法人愛成会東野産婦人科医院,愛成会東野産婦人科医院,2,有床診療所,11532,1,1,0,11532,福岡県福岡市中央区草香江２－２－１７,0927313871,33.5772263,130.3743567,birth_navi,birth_navi_crosschecked_mhlw_within_100m,0,0.0,1,1,0,4022400008250
GCP-11533,岩崎医院,岩崎医院,2,有床診療所,11533,1,1,0,11533,群馬県太田市新井町206,0276455818,36.2836661,139.3745486,birth_navi,birth_navi_not_crosschecked,0,0.0,1,1,0,
GCP-11534,アイリスベルクリニック,アイリスベルクリニック,2,有床診療所,11534,1,1,0,11534,岐阜県羽島市竹鼻町丸の内４－６,0583931122,35.3270954,136.6984218,birth_navi,birth_navi_crosschecked_mhlw_within_100m,0,0.0,1,1,1,2121632000298
GCP-11535,リバーベルクリニック,リバーベルクリニック,2,有床診療所,11535,1,1,0,11535,愛知県豊川市本野ヶ原２丁目２２番地,0533853232,34.836707,137.4032381,birth_navi,birth_navi_crosschecked_mhlw_within_100m,0,0.0,1,1,1,2322231902820
GCP-11536,アザレアベルクリニック,アザレアベルクリニック,2,有床診療所,11536,1,1,0,11536,静岡県掛川市上西郷２３９－１,0537621300,34.7926549,138.0138172,birth_navi,birth_navi_crosschecked_mhlw_within_100m,0,0.0,1,1,1,2222227302420
GCP-11537,メイプルベルクリニック,メイプルベルクリニック,2,有床診療所,11537,1,1,0,11537,愛知県一宮市開明蒲原２１,0586627855,35.3127238,136.7610678,birth_navi,birth_navi_crosschecked_mhlw_within_100m,0,0.0,1,1,1,2322230101070
GCP-11538,医療法人社団柏木記念会　ファミール産院ちば,柏木記念会ファミール産院ちば,2,有床診療所,11538,1,1,0,11538,千葉県千葉市中央区白旗２－７－２,0432610851,35.5779216,140.1413134,birth_navi,birth_navi_crosschecked_mhlw_within_100m,0,0.0,0,1,0,1221205562000
GCP-11539,医療法人葵阪会　フラワーベルクリニック,葵阪会フラワーベルクリニック,2,有床診療所,11539,1,1,0,11539,大阪府堺市東区西野４６１番地１,0722395571,34.5215004,135.5420629,birth_navi,birth_navi_crosschecked_mhlw_within_100m,0,0.0,1,1,1,2722270082400
GCP-11540,グレイスベルクリニック,グレイスベルクリニック,2,有床診療所,11540,1,1,0,11540,愛知県名古屋市中区大須３－１６－２５,0522617777,35.1601949,136.9032253,birth_navi,birth_navi_crosschecked_mhlw_within_100m,0,0.0,1,1,1,2322232405650
GCP-11541,医療法人平治会　ＫＡＷＡレディースクリニック,平治会kawaレディースクリニック,2,有床診療所,11541,1,1,0,11541,大阪府堺市南区若松台３－２－３,0722972700,34.4898569,135.4996997,birth_navi,birth_navi_crosschecked_mhlw_within_100m,0,0.0,1,1,1,2722270122430
GCP-11542,リリーベルクリニック,リリーベルクリニック,2,有床診療所,11542,1,1,0,11542,千葉県成田市公津の杜３丁目４３番１,0476270303,35.7585433,140.2987132,birth_navi,birth_navi_crosschecked_mhlw_within_100m,0,0.0,1,1,1,1221202763400
GCP-11543,社会医療法人天神会　産科・婦人科みやじまクリニック,社会天神会産科婦人科みやじまクリニック,2,有床診療所,11543,1,1,0,11543,福岡県久留米市大善寺町夜明３９７－１,0942513188,33.2681128,130.4718016,birth_navi,birth_navi_crosschecked_mhlw_within_100m,0,0.0,0,1,1,4022400039700
GCP-11544,医療法人社団　清和会　はちすが産婦人科医院,清和会はちすが産婦人科医院,2,有床診療所,11544,1,1,0,11544,福岡県福岡市中央区清川３－２０－９,0925310282,33.5770283,130.4128422,birth_navi,birth_navi_crosschecked_mhlw_within_100m,0,0.0,1,1,0,4022400009570
GCP-11545,医療法人　金井産婦人科,金井産婦人科,2,有床診療所,11545,1,1,0,11545,大阪府大阪市城東区今福西１－２－８,0669312391,34.6981083,135.5464976,birth_navi,birth_navi_crosschecked_mhlw_within_100m,0,0.0,1,1,0,2722270009470
GCP-11546,医療法人栄産会　醍醐渡辺クリニック,栄産会醍醐渡辺クリニック,2,有床診療所,11546,1,1,0,11546,京都府京都市伏見区醍醐高畑町30-15,0755710226,34.9498882,135.8102214,birth_navi,birth_navi_not_crosschecked,0,0.0,1,1,1,
GCP-11547,医療法人社団マザーキーファミール産院つだぬま,マザーキーファミール産院つだぬま,2,有床診療所,11547,1,1,0,11547,千葉県習志野市奏の杜３－４－１７,0474895550,35.6873886,140.0155449,birth_navi,birth_navi_crosschecked_mhlw_within_100m,0,0.0,0,1,1,1221228460200
GCP-11548,医療法人社団ママＢＢクリニック,ママbbクリニック,2,有床診療所,11548,1,1,0,11548,石川県金沢市木越町ト５番地１,0762581122,36.6190052,136.662409,birth_navi,birth_navi_not_crosschecked,0,0.0,0,1,1,
GCP-11549,藤吉産婦人科,藤吉産婦人科,2,有床診療所,11549,1,1,0,11549,大分県中津市上宮永２７０－１,0979241103,33.5893862,131.1862309,birth_navi,birth_navi_not_crosschecked,0,0.0,1,1,1,
GCP-11550,青葉レディースクリニック,青葉レディースクリニック,2,有床診療所,11550,1,1,0,11550,福岡県福岡市東区若宮５丁目１８－２１,0926638103,33.6427952,130.4412922,birth_navi,birth_navi_crosschecked_mhlw_within_100m,0,0.0,1,1,1,4022400042330
GCP-11551,医療法人社団おおたかの森ウィメンズケアクリニック,おおたかの森ウィメンズケアクリニック,2,有床診療所,11551,1,1,0,11551,千葉県流山市おおたかの森南二丁目15番地の1,0471788877,35.8670114,139.9259232,birth_navi,birth_navi_crosschecked_mhlw_within_100m,0,0.0,1,1,0,1221225994200
GCP-11552,医療法人　図書館通おかもとマタニティークリニック,図書館通おかもとマタニティークリニック,2,有床診療所,11552,1,1,0,11552,愛知県長久手市岩作長筬８番地１,0561650301,35.1848167,137.038547,birth_navi,birth_navi_crosschecked_mhlw_within_100m,0,0.0,1,1,1,2322230302250
GCP-11553,おおたレディースクリニック,おおたレディースクリニック,2,有床診療所,11553,1,1,0,11553,神奈川県伊勢原市伊勢原2-2-12,0463930383,35.3956496,139.3113498,birth_navi,birth_navi_crosschecked_mhlw_within_100m,0,0.0,1,1,1,1421422482800
GCP-11554,ゆざわ産婦人科クリニック,ゆざわ産婦人科クリニック,2,有床診療所,11554,1,1,0,11554,青森県弘前市品川町４８番地,0172354635,40.5961071,140.4764901,birth_navi,birth_navi_not_crosschecked,0,0.0,0,1,0,
GCP-11555,杉江産婦人科,杉江産婦人科,2,有床診療所,11555,1,1,0,11555,奈良県生駒市元町1-11-3,0743750123,34.6916077,135.6957278,birth_navi,birth_navi_crosschecked_mhlw_within_100m,0,0.0,1,1,1,2922079800000
GCP-11556,医療法人　脇本産婦人科,脇本産婦人科,2,有床診療所,11556,1,1,0,11556,大阪府大阪市天王寺区空堀町１－１９,0667615537,34.674453,135.5293526,birth_navi,birth_navi_crosschecked_mhlw_within_100m,0,0.0,1,1,0,2722270016310
GCP-11557,医療法人社団三世会　大高医院,三世会大高医院,2,有床診療所,11557,1,1,0,11557,千葉県市川市真間3-10-8,0473222856,35.7345697,139.9112397,birth_navi,birth_navi_crosschecked_mhlw_within_100m,0,0.0,1,1,1,1221200639400
GCP-11558,医療法人苫米地レディースクリニック,苫米地レディースクリニック,2,有床診療所,11558,1,1,0,11558,青森県八戸市沢里下沢内３６－１,0178475651,40.5005056,141.4765391,birth_navi_manual_confirmation,manual_confirmed_birth_navi,0,0.0,1,1,1,0220220000649
GCP-11559,大宮林医院,大宮林医院,2,有床診療所,11559,1,1,0,11559,埼玉県さいたま市大宮区大成町１−３３５−１,0486630062,35.9086429,139.6137321,birth_navi,birth_navi_crosschecked_mhlw_within_100m,0,0.0,0,1,1,1121104112900
GCP-11560,医療法人小石マタニティクリニック,小石マタニティクリニック,2,有床診療所,11560,2,1,1,11560;14108,愛知県豊橋市つつじヶ丘2丁目7番地の1,0532661212,34.7474676,137.3966714,birth_navi,birth_navi_not_crosschecked,0,98.1,1,1,1,
GCP-11561,"医療法人　敬仁会　遠藤医院
遠藤マタニティクリニック",敬仁会遠藤医院遠藤マタニティクリニック,2,有床診療所,11561,1,1,0,11561,宮城県多賀城市町前２丁目２－８,0223611230,38.2849602,141.0038524,birth_navi,birth_navi_crosschecked_mhlw_within_100m,0,0.0,1,1,1,042800903
GCP-11562,医療法人社団前友会前田産婦人科,前友会前田産婦人科,2,有床診療所,11562,1,1,0,11562,千葉県八千代市八千代台東１丁目６番１７号,0474841330,35.6993512,140.0939747,birth_navi,birth_navi_crosschecked_mhlw_within_100m,0,0.0,1,1,1,1221222776500
GCP-11563,綱島ゆめみ産婦人科,綱島ゆめみ産婦人科,2,有床診療所,11563,1,1,0,11563,神奈川県横浜市港北区綱島西３－２ー２３,0455431103,35.5375034,139.631025,birth_navi,birth_navi_crosschecked_mhlw_within_100m,0,0.0,1,1,0,1421427356000
GCP-11564,さわだレディスクリニック,さわだレディスクリニック,2,有床診療所,11564,1,1,0,11564,岡山県岡山市南区西市５８４－１,0862464103,34.6344992,133.8959843,birth_navi,birth_navi_not_crosschecked,0,0.0,1,1,1,
GCP-11565,医療法人きずな会さめじまボンディングクリニック,きずな会さめじまボンディングクリニック,2,有床診療所,11565,1,1,0,11565,埼玉県熊谷市太井１６８１,0485261103,36.1181613,139.4243229,birth_navi,birth_navi_not_crosschecked,0,0.0,0,1,1,
GCP-11566,岡村産科婦人科,岡村産科婦人科,2,有床診療所,11566,1,1,0,11566,愛知県碧南市沢渡町29,0566412726,34.8832528,136.9926541,birth_navi,birth_navi_not_crosschecked,0,0.0,1,1,1,
GCP-11567,吉江レディスクリニック,吉江レディスクリニック,2,有床診療所,11567,1,1,0,11567,富山県高岡市野村１２１３－１,0766261103,36.753492,137.0391346,birth_navi,birth_navi_crosschecked_mhlw_within_100m,0,0.0,1,1,1,1622160212613
GCP-11568,医療法人四葉会　永田産婦人科,四葉会永田産婦人科,2,有床診療所,11568,1,1,0,11568,岐阜県各務原市那加西野町１９０番地,0583820058,35.3979888,136.8344506,birth_navi,birth_navi_crosschecked_mhlw_within_100m,0,0.0,1,1,1,2121632000606
GCP-11569,会沢産婦人科医院,会沢産婦人科医院,2,有床診療所,11569,1,1,0,11569,神奈川県大和市中央林間,0462756161,35.510776,139.452002,mhlw_iryou_information_net_open_data,mhlw_direct_exact_identity_full_visible_address,0,0.0,1,1,1,1421402313000
GCP-11570,医療法人社団親愛産婦人科,親愛産婦人科,2,有床診療所,11570,1,1,0,11570,兵庫県姫路市網干区垣内中町２６０番地,0792716666,34.7912481,134.5887954,birth_navi,birth_navi_crosschecked_mhlw_within_100m,0,0.0,0,1,1,2822280016100
GCP-11571,医療法人　竹林ウィメンズクリニック,竹林ウィメンズクリニック,2,有床診療所,11571,1,1,0,11571,滋賀県大津市大萱１丁目１番１号,0775473557,34.9837225,135.9205226,birth_navi,birth_navi_crosschecked_mhlw_within_100m,0,0.0,1,1,0,2522250001610
GCP-11572,大隈レディースクリニック,大隈レディースクリニック,2,有床診療所,11572,1,1,0,11572,佐賀県杵島郡江北町山口１３６７－１,0952862567,33.2178677,130.1629673,birth_navi,birth_navi_crosschecked_mhlw_within_100m,0,0.0,0,1,0,4122416007880
GCP-11573,医療法人社団はまなレディースクリニック,はまなレディースクリニック,2,有床診療所,11573,1,1,0,11573,兵庫県明石市大久保町大窪２６２０－３,0789373001,34.7001357,134.9363567,birth_navi,birth_navi_not_crosschecked,0,0.0,1,1,0,
GCP-11574,三宅医院,三宅医院,2,有床診療所,11574,2,1,1,11574;14538,岡山県岡山市南区大福369-8,0862825100,34.619927,133.8745976,birth_navi,birth_navi_crosschecked_mhlw_within_100m,0,0.0,1,1,1,3322330009590
GCP-11575,友田クリニック,友田クリニック,2,有床診療所,11575,1,1,0,11575,愛知県知多市新舞子字明知山30番地1,0569433000,34.9487564,136.8292627,birth_navi,birth_navi_not_crosschecked,0,0.0,1,1,1,
GCP-11577,医療法人社団吉澤レディースクリニック,吉澤レディースクリニック,2,有床診療所,11577,1,1,0,11577,石川県金沢市稚日野町北２９５―１,0762668155,36.5795589,136.5967096,birth_navi,birth_navi_crosschecked_mhlw_within_100m,0,0.0,1,1,0,1725120086
GCP-11578,医療法人　浅桐産婦人科,浅桐産婦人科,2,有床診療所,11578,1,1,0,11578,"岡山県倉敷市
連島町鶴新田１２６６－１",0864449586,34.543564,133.717019,mhlw_iryou_information_net_manual_confirmation,manual_confirmed_mhlw_iryou_information_net,0,0.0,1,1,0,3322330010170
GCP-11579,医療法人横浜未来ヘルスケアシステム　戸塚共立レディースクリニック,横浜未来ヘルスケアシステム戸塚共立レディースクリニック,2,有床診療所,11579,1,1,0,11579,神奈川県横浜市戸塚区１５７－３,0452851103,35.3842194,139.5203781,birth_navi,birth_navi_not_crosschecked,0,0.0,1,1,0,
GCP-11580,依田産科婦人科クリニック,依田産科婦人科クリニック,2,有床診療所,11580,1,1,0,11580,山梨県甲府市城東２－１６－６,0552207511,35.6576142,138.5801152,birth_navi,birth_navi_crosschecked_mhlw_within_100m,0,0.0,1,1,0,1922190000565
GCP-11581,堀永産婦人科医院,堀永産婦人科医院,2,有床診療所,11581,1,1,0,11581,大分県大分市府内町２－５－１３,0975325289,33.2368155,131.6108692,birth_navi,birth_navi_crosschecked_mhlw_within_100m,0,0.0,0,1,1,4421047300000
GCP-11582,山梨市立産婦人科医院,山梨市立産婦人科医院,2,有床診療所,11582,1,1,0,11582,山梨県山梨市上神内川１７２,0553201230,35.6838673,138.6863962,birth_navi_manual_confirmation,manual_confirmed_birth_navi,0,0.0,1,1,1,1922190001183
GCP-11583,医療法人　よつばウィメンズクリニック,よつばウィメンズクリニック,2,有床診療所,11583,1,1,0,11583,香川県高松市円座町375番地1,0878854103,34.2928894,134.0001599,birth_navi,birth_navi_not_crosschecked,0,0.0,1,1,0,
GCP-11584,令和レディースクリニック,令和レディースクリニック,2,有床診療所,11584,1,1,0,11584,埼玉県日高市高富４６―７,0429840311,35.8763579,139.3888588,birth_navi,birth_navi_crosschecked_mhlw_within_100m,0,0.0,0,1,0,1121101322200
GCP-11585,平田クリニック,平田クリニック,2,有床診療所,11585,1,1,0,11585,埼玉県熊谷市肥塚4-205,0485261171,36.1620194,139.3905261,birth_navi,birth_navi_crosschecked_mhlw_within_100m,0,0.0,1,1,1,1121102523900
GCP-11586,医療法人　友光会　友成医院,友光会友成医院,2,有床診療所,11586,1,1,0,11586,大分県玖珠郡玖珠町塚脇１２８－２,0973720330,33.2789545,131.1513705,birth_navi,birth_navi_crosschecked_mhlw_within_100m,0,0.0,1,1,1,4421116200000
GCP-11587,医療法人緑生会あびこクリニック,緑生会あびこクリニック,2,有床診療所,11587,1,1,0,11587,千葉県我孫子市我孫子４－３－２５,0471840321,35.8751713,140.009823,birth_navi,birth_navi_crosschecked_mhlw_within_100m,0,0.0,0,1,1,1221201666700
GCP-11588,医療法人社団健正会南流山レディスクリニック,健正会南流山レディスクリニック,2,有床診療所,11588,1,1,0,11588,千葉県流山市南流山4-6-9,0471585191,35.8410612,139.9015915,birth_navi,birth_navi_crosschecked_mhlw_within_100m,0,0.0,1,1,0,1221201655100
GCP-11589,丸山産婦人科,丸山産婦人科,2,有床診療所,11589,1,1,0,11589,神奈川県逗子市桜山１－８－５,0468738103,35.2969864,139.5915781,birth_navi,birth_navi_not_crosschecked,0,0.0,0,1,1,
GCP-11590,医療法人社団　産科・婦人科みずとりクリニック,産科婦人科みずとりクリニック,2,有床診療所,11590,1,1,0,11590,兵庫県神戸市北区藤原台北町7丁目2番7号,0789874103,34.8358077,135.2253266,birth_navi,birth_navi_not_crosschecked,0,0.0,1,1,1,
GCP-11591,仲町台レディースクリニック,仲町台レディースクリニック,2,有床診療所,11591,1,1,0,11591,神奈川県横浜市都筑区仲町台3-7-21,0459431803,35.5349946,139.5945753,birth_navi,birth_navi_not_crosschecked,0,0.0,1,1,0,
GCP-11592,あきこレディースクリニック,あきこレディースクリニック,2,有床診療所,11592,1,1,0,11592,兵庫県明石市上ノ丸３丁目１１－８,0789656563,34.6548615,134.9986809,birth_navi,birth_navi_not_crosschecked,0,0.0,1,1,1,
GCP-11593,医療法人白水レディースクリニック,白水レディースクリニック,2,有床診療所,11593,1,1,0,11593,佐賀県鳥栖市本通町二丁目８８２−７,0942838383,33.3718667,130.514808,birth_navi,birth_navi_not_crosschecked,0,0.0,0,1,1,
GCP-11594,古橋産婦人科,古橋産婦人科,2,有床診療所,11594,1,1,0,11594,神奈川県小田原市南町２－１－４３,0465222716,35.2462923,139.1543152,birth_navi,birth_navi_crosschecked_mhlw_within_100m,0,0.0,0,1,1,1421400951000
GCP-11596,医療法人社団千達会たつきクリニック,千達会たつきクリニック,2,有床診療所,11596,1,1,0,11596,東京都新宿区西新宿七丁目十六番十四号ミクラ西新宿ビル２階,0353487074,35.6959908,139.6977397,birth_navi,birth_navi_not_crosschecked,0,0.0,0,1,0,
GCP-11597,高田医院,高田医院,2,有床診療所,11597,1,1,0,11597,岐阜県安八郡神戸町大字神戸４６８,0584272015,35.4187059,136.6042506,birth_navi,birth_navi_crosschecked_mhlw_within_100m,0,0.0,1,1,1,2121642000184
GCP-11598,豊島産婦人科,豊島産婦人科,2,有床診療所,11598,1,1,0,11598,東京都杉並区西荻南4-3-19,0333332305,35.6999993,139.6047067,birth_navi,birth_navi_crosschecked_mhlw_within_100m,0,0.0,1,1,0,1322133412420
GCP-11599,大島医療センター,大島医療センター,2,有床診療所,11599,1,1,0,11599,東京都大島町元町３ー２ー９,0499222345,34.7492211,139.3571058,birth_navi,birth_navi_crosschecked_mhlw_within_100m,0,0.0,0,1,0,1322138504450
GCP-11600,渡辺産科婦人科,渡辺産科婦人科,2,有床診療所,11600,1,1,0,11600,福島県いわき市常磐関船町二丁目７－１,0246424567,36.9971389,140.8574752,birth_navi,birth_navi_crosschecked_mhlw_within_100m,0,0.0,0,1,1,0720720001286
GCP-11601,医療法人社団赤恵会　赤川クリニック,赤恵会赤川クリニック,2,有床診療所,11601,1,1,0,11601,東京都杉並区上荻1-24-6,0333916694,35.7065878,139.6157183,birth_navi,birth_navi_crosschecked_mhlw_within_100m,0,0.0,1,1,1,1322133431290
GCP-11602,医療法人社団こひつじ会　横川レディースクリニック,こひつじ会横川レディースクリニック,2,有床診療所,11602,1,1,0,11602,東京都足立区保木間１－２２－１５,0338841241,35.7915366,139.8050034,birth_navi,birth_navi_crosschecked_mhlw_within_100m,0,0.0,1,1,1,1322134828060
GCP-11603,立石産婦人科医院,立石産婦人科医院,2,有床診療所,11603,1,1,0,11603,長崎県諫早市栄町７番６号,0957220292,32.8410748,130.0558304,birth_navi,birth_navi_crosschecked_mhlw_within_100m,0,0.0,1,1,1,422coh0058
GCP-11604,井上レディースクリニック,井上レディースクリニック,2,有床診療所,11604,1,1,0,11604,東京都立川市富士見町1－26－9,0425290111,35.6998839,139.3946524,birth_navi,birth_navi_not_crosschecked,0,0.0,1,1,1,
GCP-11605,川越伊藤医院,川越伊藤医院,3,無床診療所,11605,1,1,0,11605,三重県三重郡川越町豊田２９９－１,0593644103,35.0166154,136.6613354,birth_navi,birth_navi_crosschecked_mhlw_within_100m,0,0.0,1,0,1,2422240004310
GCP-11606,てしがわらレディスクリニック,てしがわらレディスクリニック,2,有床診療所,11606,1,1,0,11606,愛知県一宮市大和町毛受浜田１８,0586437788,35.2973126,136.7795515,birth_navi,birth_navi_crosschecked_mhlw_within_100m,0,0.0,1,1,1,2322230101440
GCP-11607,医療法人社団アイビスマキクリニック,アイビスマキクリニック,2,有床診療所,11607,1,1,0,11607,兵庫県明石市小久保２丁目１４－１０,0789210101,34.6689422,134.9587061,birth_navi,birth_navi_not_crosschecked,0,0.0,0,1,1,
GCP-11608,医療法人社団義恵会　ファミール産院えどがわ,義恵会ファミール産院えどがわ,2,有床診療所,11608,1,1,0,11608,東京都江戸川区一之江8-15-3,0336565750,35.6864577,139.8827492,birth_navi,birth_navi_crosschecked_mhlw_within_100m,0,0.0,1,1,1,1322135200172
GCP-11609,安井医院,安井医院,2,有床診療所,11609,1,1,0,11609,静岡県熱海市昭和町１５番１６号,0557810501,35.0923098,139.0695807,birth_navi,birth_navi_not_crosschecked,0,0.0,0,1,0,
GCP-11610,天使が舞いおりる家　助産院ゆい,天使が舞いおりる家助産院ゆい,2,有床診療所,11610,1,1,0,11610,千葉県印旛郡栄町安食１−４−１０,0476957177,35.8337944,140.246005,birth_navi,birth_navi_not_crosschecked,0,0.0,0,1,1,
GCP-11611,新富谷Ｓ・Ｓレディースクリニック,新富谷ssレディースクリニック,2,有床診療所,11611,1,1,0,11611,宮城県富谷市成田９丁目１－２０,0223483534,38.3632459,140.8872927,birth_navi,birth_navi_crosschecked_mhlw_within_100m,0,0.0,1,1,1,042800564
GCP-11612,寺田医院,寺田医院,2,有床診療所,11612,1,1,0,11612,茨城県常総市菅生町1717,0297272662,35.9945462,139.9370499,birth_navi,birth_navi_crosschecked_mhlw_100_500m,0,0.0,0,1,1,082208640921
GCP-11613,医療法人社団 産幸会 飯島マザーズクリニック,産幸会飯島マザーズクリニック,2,有床診療所,11613,1,1,0,11613,千葉県市原市姉崎２２２３,0436618827,35.4733921,140.0447171,birth_navi,birth_navi_not_crosschecked,0,0.0,0,1,0,
GCP-11614,やまだ産婦人科,やまだ産婦人科,2,有床診療所,11614,1,1,0,11614,愛知県江南市高屋町八幡１１６,0587547511,35.3458619,136.878382,birth_navi,birth_navi_not_crosschecked,0,0.0,0,1,1,
GCP-11615,うえだウィメンズクリニック,うえだウィメンズクリニック,2,有床診療所,11615,1,1,0,11615,滋賀県近江八幡市堀上町１９３－１,0748323517,35.1188204,136.0935053,birth_navi,birth_navi_crosschecked_mhlw_100_500m,0,0.0,0,1,0,2522250008970
GCP-11616,医療法人　柏木産婦人科,柏木産婦人科,2,有床診療所,11616,1,1,0,11616,京都府京都市右京区太秦垂箕山町13番地３,0758823800,35.016301,135.6996221,birth_navi,birth_navi_not_crosschecked,0,0.0,1,1,1,
GCP-11618,祖川産婦人科クリニック,祖川産婦人科クリニック,2,有床診療所,11618,1,1,0,11618,徳島県徳島市北田宮３丁目５−６５,0886331133,34.0881199,134.5388435,birth_navi,birth_navi_not_crosschecked,0,0.0,1,1,1,
GCP-11619,医療法人社団毛利クリニック,毛利クリニック,2,有床診療所,11619,1,1,0,11619,宮城県柴田郡柴田町船岡西1丁目9-28,0224553509,38.057299,140.7635943,birth_navi,birth_navi_not_crosschecked,0,0.0,1,1,0,
GCP-11620,ゆいレディースクリニック,ゆいレディースクリニック,2,有床診療所,11620,2,1,1,11620;14588,福岡県糟屋郡粕屋町原町５－１２－１,0929393517,33.6161151,130.4663985,birth_navi,birth_navi_crosschecked_mhlw_within_100m,0,0.0,0,1,1,4022400077500
GCP-11621,ウィメンズクリニック利府,ウィメンズクリニック利府,2,有床診療所,11621,1,1,0,11621,宮城県宮城郡利府町澤乙字寺下32－1,0223490678,38.3328263,140.9735313,birth_navi,birth_navi_not_crosschecked,0,0.0,1,1,1,
GCP-11622,ちかざわLadies’クリニック,ちかざわladiesクリニック,2,有床診療所,11622,1,1,0,11622,栃木県宇都宮市城東1-2-5,0286382380,36.5527861,139.9013599,birth_navi,birth_navi_not_crosschecked,0,0.0,1,0,1,
GCP-11623,斎川産婦人科医院,斎川産婦人科医院,2,有床診療所,11623,1,1,0,11623,群馬県高崎市岩押町３１－１０,0273270462,36.3248397,139.0204334,birth_navi,birth_navi_crosschecked_mhlw_within_100m,0,0.0,1,1,0,1022100000435
GCP-11624,医療法人星陽会 いしもとレディスクリニック,星陽会いしもとレディスクリニック,2,有床診療所,11624,1,1,0,11624,群馬県高崎市中泉町６０８－２,0273724188,36.3716619,139.0024395,birth_navi,birth_navi_not_crosschecked,0,0.0,0,1,1,
GCP-11625,医療法人社団煌星会 鎌ヶ谷バースクリニック,煌星会鎌ヶ谷バースクリニック,2,有床診療所,11625,1,1,0,11625,千葉県鎌ケ谷市初富９２９－９,0474461177,35.7784059,139.9971999,birth_navi,birth_navi_not_crosschecked,0,0.0,0,1,0,
GCP-11626,スワンレディースクリニック,スワンレディースクリニック,4,有床助産所,11626,2,1,1,11626;13315,東京都北区王子４－２７－７,0359446028,35.7627411,139.7378663,birth_navi,birth_navi_not_crosschecked,0,0.0,1,1,1,
GCP-11628,関谷レディースクリニック,関谷レディースクリニック,2,有床診療所,11628,1,1,0,11628,静岡県沼津市西椎路１４９－１,0559686611,35.125457,138.8243363,birth_navi,birth_navi_crosschecked_mhlw_within_100m,0,0.0,1,1,1,2222225652440
GCP-11629,吉村医院あさひ産婦人科,吉村医院あさひ産婦人科,2,有床診療所,11629,2,1,1,11629;14080,愛知県岡崎市柱町東荒子１４１ー１,0564511895,34.9232028,137.159365,birth_navi,birth_navi_crosschecked_mhlw_within_100m,0,92.2,1,1,1,2322232704000
GCP-11630,医療法人康仁会岡医院,康仁会岡医院,2,有床診療所,11630,1,1,0,11630,栃木県佐野市久保町１１０ー１,0283239118,36.3189309,139.5865154,birth_navi,birth_navi_crosschecked_mhlw_within_100m,0,0.0,0,1,0,0922090100634
GCP-11631,医療法人社団稔誠会　高橋レディースクリニック,稔誠会高橋レディースクリニック,2,有床診療所,11631,1,1,0,11631,埼玉県三郷市釆女１－２３２,0489501200,35.8569994,139.8648057,birth_navi,birth_navi_crosschecked_mhlw_within_100m,0,0.0,1,1,1,1121109321800
GCP-11632,医療法人恵秀会　奥平産婦人科,恵秀会奥平産婦人科,2,有床診療所,11632,1,1,0,11632,埼玉県狭山市下奥富４９０－３,0429541135,35.8769466,139.4283998,birth_navi,birth_navi_crosschecked_mhlw_within_100m,0,0.0,1,1,1,1121101324900
GCP-11633,医療法人社団四季ウィメンズクリニック,四季ウィメンズクリニック,2,有床診療所,11633,1,1,0,11633,千葉県柏市篠籠田１１２４－１,0471471222,35.8702925,139.953009,birth_navi,birth_navi_crosschecked_mhlw_within_100m,0,0.0,1,1,0,1221223072300
GCP-11634,新家産婦人科医院,新家産婦人科医院,2,有床診療所,11634,2,1,1,11634;13421,東京都国分寺市光町1丁目38番11号,0425763241,35.7020546,139.4466326,birth_navi,birth_navi_not_crosschecked,0,0.0,1,1,1,
GCP-11635,かやま産科婦人科医院,かやま産科婦人科医院,2,有床診療所,11635,1,1,0,11635,静岡県裾野市岩波124-2,0559973551,35.2182018,138.9211985,birth_navi,birth_navi_not_crosschecked,0,0.0,1,1,1,
GCP-11636,つかはらレディースクリニック,つかはらレディースクリニック,2,有床診療所,11636,1,1,0,11636,愛知県一宮市浅野字居森野７１番地１,0586818000,35.3004891,136.8288643,birth_navi,birth_navi_crosschecked_mhlw_within_100m,0,0.0,1,1,1,2322230101420
GCP-11637,レディースクリニックアンジュ,レディースクリニックアンジュ,2,有床診療所,11637,1,1,0,11637,愛知県日進市岩崎台１－１２０８,0561741101,35.1474894,137.0243631,birth_navi,birth_navi_not_crosschecked,0,0.0,0,1,1,
GCP-11638,広渡レディスクリニック,広渡レディスクリニック,2,有床診療所,11638,1,1,0,11638,愛知県知多郡阿久比町白沢天神前２７,0569487703,34.9556931,136.9144296,birth_navi,birth_navi_crosschecked_mhlw_within_100m,0,0.0,0,1,1,2322231000880
GCP-11639,大石産婦人科医院,大石産婦人科医院,2,有床診療所,11639,1,1,0,11639,三重県熊野市有馬町２０１,0597891717,33.8783603,136.0905677,birth_navi,birth_navi_crosschecked_mhlw_within_100m,0,0.0,0,1,1,2422240000730
GCP-11640,医療法人社団 末包クリニック,末包クリニック,2,有床診療所,11640,1,1,0,11640,兵庫県尼崎市南武庫之荘１丁目１３－１０,0664352488,34.7501631,135.3937679,birth_navi,birth_navi_not_crosschecked,0,0.0,1,1,1,
GCP-11641,稲田クリニック,稲田クリニック,2,有床診療所,11641,1,1,0,11641,和歌山県和歌山市和田461番地,0734753131,34.2014316,135.205809,birth_navi,birth_navi_crosschecked_mhlw_within_100m,0,0.0,1,1,1,3022178100000
GCP-11642,医療法人　慈母会　池田レディスクリニック,慈母会池田レディスクリニック,2,有床診療所,11642,1,1,0,11642,福岡県八女市本村５６－３,0943235555,33.2144987,130.5633968,birth_navi,birth_navi_crosschecked_mhlw_within_100m,0,0.0,1,1,1,4022400014670
GCP-11643,竹内産婦人科クリニック,竹内産婦人科クリニック,2,有床診療所,11643,1,1,0,11643,福岡県福岡市早良区野芥７丁目１－３０,0928648080,33.5404742,130.3432578,birth_navi,birth_navi_crosschecked_mhlw_within_100m,0,0.0,0,1,1,4022400006430
GCP-11645,こどもの国レディスクリニック,こどもの国レディスクリニック,2,有床診療所,11645,1,1,0,11645,神奈川県横浜市青葉区奈良１－１８－１０,0459640314,35.5537285,139.4842579,birth_navi,birth_navi_crosschecked_mhlw_within_100m,0,0.0,0,1,0,1421407251300
GCP-11646,医療法人　産婦人科　鈴木クリニック,産婦人科鈴木クリニック,2,有床診療所,11646,1,1,0,11646,福井県鯖江市東鯖江４－２－２３,0778526000,35.9480032,136.1979113,birth_navi,birth_navi_crosschecked_mhlw_within_100m,0,0.0,1,1,1,1822180003540
GCP-11648,医療法人セント・ソフィア　片岡レディスクリニック,セントソフィア片岡レディスクリニック,2,有床診療所,11648,1,1,0,11648,熊本県八代市本町３ー３ー３５,0965322344,32.5052869,130.5971175,birth_navi,birth_navi_crosschecked_mhlw_within_100m,0,0.0,1,1,1,432243601910
GCP-11649,医療法人社団 羽根田産婦人科クリニック,羽根田産婦人科クリニック,2,有床診療所,11649,1,1,0,11649,山形県山形市寿町１９番１号,0236223507,38.2334771,140.3371112,birth_navi,birth_navi_not_crosschecked,0,0.0,0,1,1,
GCP-11650,医療法人ABCクリニック新妻産婦人科,abcクリニック新妻産婦人科,2,有床診療所,11650,1,1,0,11650,福島県福島市陣場町９－１８,0245331103,37.7582153,140.4631363,birth_navi,birth_navi_crosschecked_mhlw_within_100m,0,0.0,1,1,1,0720720000128
GCP-11651,医療法人はぐくみ,はぐくみ,2,有床診療所,11651,1,1,0,11651,神奈川県川崎市中原区下小田中３－３３－５,0447528993,35.5723356,139.6409289,birth_navi,birth_navi_crosschecked_mhlw_within_100m,0,0.0,1,1,0,1421423801200
GCP-11652,はぐくみ母子クリニック 新横浜,はぐくみ母子クリニック新横浜,2,有床診療所,11652,1,1,0,11652,神奈川県横浜市港北区大豆戸町１１８０－１,0454338993,35.5081171,139.6190774,birth_navi,birth_navi_not_crosschecked,0,0.0,1,1,0,
GCP-11653,医療法人 澤井産婦人科,澤井産婦人科,2,有床診療所,11653,1,1,0,11653,大阪府富田林市喜志町３－１－２２,0721263001,34.5225368,135.6100657,birth_navi,birth_navi_not_crosschecked,0,0.0,0,1,1,
GCP-11654,末光産婦人科,末光産婦人科,2,有床診療所,11654,1,1,0,11654,広島県呉市本町3-4,0823211087,34.2453357,132.5680567,birth_navi,birth_navi_crosschecked_mhlw_within_100m,0,0.0,1,1,1,3422340339400
GCP-11655,サカタ産婦人科,サカタ産婦人科,2,有床診療所,11655,1,1,0,11655,愛媛県西条市下島山甲1453,0897551103,33.9292242,133.2049799,birth_navi,birth_navi_not_crosschecked,0,0.0,1,1,1,
GCP-11656,伊集院産婦人科,伊集院産婦人科,2,有床診療所,11656,1,1,0,11656,鹿児島県鹿児島市池之上町９－２７,0992480008,31.6083662,130.5640829,birth_navi,birth_navi_not_crosschecked,0,0.0,0,1,1,
GCP-11657,医療法人　広川レディスクリニック,広川レディスクリニック,2,有床診療所,11657,1,1,0,11657,愛知県大府市一屋町4-88,0562441188,35.0275657,136.9534502,birth_navi,birth_navi_not_crosschecked,0,0.0,1,1,1,
GCP-11658,片倉医院産科婦人科,片倉医院産科婦人科,2,有床診療所,11658,1,1,0,11658,福島県白河市昭和町１,0248232459,37.1309987,140.2006258,birth_navi,birth_navi_crosschecked_mhlw_100_500m,0,0.0,0,1,0,0720720000574
GCP-11659,藤本産婦人科小児科,藤本産婦人科小児科,2,有床診療所,11659,1,1,0,11659,福岡県八女市本町５２７,0943232733,33.2108345,130.5578875,birth_navi,birth_navi_crosschecked_mhlw_within_100m,0,0.0,0,1,1,4022400014570
GCP-11660,医療法人社団 凌雲会 根本産婦人科医院,凌雲会根本産婦人科医院,2,有床診療所,11660,1,1,0,11660,千葉県市川市行徳駅前２－２６－１６,0473963363,35.679854,139.914517,birth_navi,birth_navi_crosschecked_mhlw_within_100m,0,0.0,0,1,1,1221200757900
GCP-11661,おおのレディースクニック,おおのレディースクニック,2,有床診療所,11661,1,1,0,11661,岐阜県岐阜市光町１丁目４４,0582330201,35.4333668,136.7455825,birth_navi,birth_navi_not_crosschecked,0,0.0,0,1,1,
GCP-11662,新谷ウイメンズクリニック,新谷ウイメンズクリニック,2,有床診療所,11662,1,1,0,11662,愛媛県新居浜市一宮町１－１２－５６,0897372688,33.9597318,133.2833504,birth_navi,birth_navi_crosschecked_mhlw_within_100m,0,0.0,1,1,1,3822385202420
GCP-11663,中田ウィメンズ＆キッズクリニック,中田ウィメンズキッズクリニック,2,有床診療所,11663,1,1,0,11663,栃木県宇都宮市西１－３－１１,0286342488,36.5601585,139.8775111,birth_navi,birth_navi_not_crosschecked,0,0.0,0,1,1,
GCP-11664,かしわざき産婦人科,かしわざき産婦人科,2,有床診療所,11664,1,1,0,11664,埼玉県さいたま市大宮区上小町６０４－４,0486418077,35.9013785,139.6107674,birth_navi,birth_navi_not_crosschecked,0,0.0,0,1,1,
GCP-11665,医療法人社団そうクリニック,そうクリニック,2,有床診療所,11665,1,1,0,11665,千葉県四街道市大日７４１ー３,0434241103,35.6843656,140.1608247,birth_navi,birth_navi_crosschecked_mhlw_within_100m,0,0.0,0,1,1,1221202603400
GCP-11666,Sola clinic,solaclinic,2,有床診療所,11666,1,1,0,11666,神奈川県横浜市都筑区北山田２－２－１,0455489641,35.5605558,139.5913286,birth_navi,birth_navi_not_crosschecked,0,0.0,0,1,0,
GCP-11667,医療法人福重会レディースクリニックしげまつ,福重会レディースクリニックしげまつ,2,有床診療所,11667,1,1,0,11667,長崎県大村市古町１丁目５１４,0957549200,32.9193018,129.9577711,birth_navi,birth_navi_crosschecked_mhlw_within_100m,0,0.0,0,1,1,422coh0107
GCP-11668,医療法人雄峰会 まのレディースクリニック,雄峰会まのレディースクリニック,2,有床診療所,11668,1,1,0,11668,愛知県名古屋市港区七反野１丁目８０６－１,0523028885,35.113517,136.8199366,birth_navi,birth_navi_crosschecked_mhlw_within_100m,0,0.0,0,1,0,2322232500370
GCP-11669,医療法人雄峰会 真野産婦人科,雄峰会真野産婦人科,2,有床診療所,11669,1,1,0,11669,愛知県津島市大字津島字北新開１２８－１,0567264556,35.176549,136.7509511,birth_navi,birth_navi_not_crosschecked,0,0.0,0,1,1,
GCP-11670,田代産婦人科医院,田代産婦人科医院,2,有床診療所,11670,1,1,0,11670,熊本県熊本市中央区大江４丁目５－５,0963621414,32.8030266,130.7203092,birth_navi,birth_navi_not_crosschecked,0,0.0,0,1,0,
GCP-11671,医療法人社団 スピカレディースクリニック,スピカレディースクリニック,2,有床診療所,11671,1,1,0,11671,埼玉県加須市南篠崎２２５２,0480657750,36.1212826,139.6275621,birth_navi,birth_navi_not_crosschecked,0,0.0,0,1,1,
GCP-11672,川嶋レディースクリニック,川嶋レディースクリニック,2,有床診療所,11672,1,1,0,11672,千葉県市川市妙典５－７－９,0477010303,35.6919938,139.9299066,birth_navi,birth_navi_crosschecked_mhlw_within_100m,0,0.0,0,1,1,1221200659900
GCP-11673,野村ウィメンズクリニック,野村ウィメンズクリニック,2,有床診療所,11673,1,1,0,11673,長野県岡谷市中央町３－１－３６,0266241103,36.061906,138.048714,birth_navi,birth_navi_crosschecked_mhlw_within_100m,0,0.0,0,1,1,2022205507500
GCP-11674,医療法人　城野産婦人科クリニック,城野産婦人科クリニック,2,有床診療所,11674,1,1,0,11674,福岡県春日市一の谷2-8-1,0925841103,33.5225664,130.4500812,birth_navi,birth_navi_crosschecked_mhlw_within_100m,0,0.0,0,1,1,4022400013000
GCP-11675,曽根崎産婦人科医院,曽根崎産婦人科医院,2,有床診療所,11675,1,1,0,11675,大分県大分市二又町一丁目２番７号,0975433939,33.2157824,131.5946358,birth_navi,birth_navi_not_crosschecked,0,0.0,0,1,1,
GCP-11676,医療法人社団 小清水産婦人科クリニック,小清水産婦人科クリニック,2,有床診療所,11676,1,1,0,11676,神奈川県平塚市徳延６８３－１,0463350310,35.3367509,139.3183735,birth_navi,birth_navi_not_crosschecked,0,0.0,0,1,1,
GCP-11677,寺田産婦人科,寺田産婦人科,2,有床診療所,11677,1,1,0,11677,三重県伊勢市小木町１８５－１,0596350311,34.5046226,136.7249418,birth_navi,birth_navi_not_crosschecked,0,0.0,0,1,0,
GCP-11678,医療法人 幸の鳥医院,幸の鳥医院,2,有床診療所,11678,1,1,0,11678,福岡県北九州市小倉南区徳力新町１－２１－１６,0939621113,33.8378119,130.8655545,birth_navi,birth_navi_not_crosschecked,0,0.0,0,1,0,
GCP-11679,医療法人 ノブマタニティークリニック,ノブマタニティークリニック,2,有床診療所,11679,1,1,0,11679,福島県いわき市中央台飯野４－１８－２,0246290303,37.0180827,140.9139139,birth_navi,birth_navi_not_crosschecked,0,0.0,0,1,1,
GCP-11681,くにとみクリニック,くにとみクリニック,2,有床診療所,11681,2,1,1,11681;14526,岡山県総社市門田７８－１,0866920255,34.6772599,133.747288,birth_navi,birth_navi_not_crosschecked,0,0.0,0,1,1,
GCP-11682,桑原産科婦人科医院,桑原産科婦人科医院,2,有床診療所,11682,1,1,0,11682,熊本県熊本市東区桜木２－２－６,0963654103,32.779337,130.7807025,birth_navi,birth_navi_crosschecked_mhlw_within_100m,0,0.0,0,1,1,432243312643
GCP-11683,医療法人 明峰会 東山産婦人科・小児科,明峰会東山産婦人科小児科,2,有床診療所,11683,1,1,0,11683,大阪府高槻市辻子３丁目１０－３,0726725335,34.8296452,135.6305592,birth_navi,birth_navi_not_crosschecked,0,0.0,0,1,1,
GCP-11684,医療法人社団ワイズレディスクリニック,ワイズレディスクリニック,2,有床診療所,11684,1,1,0,11684,埼玉県幸手市大字上高野１９７８番地,0480440555,36.0545034,139.7179812,birth_navi,birth_navi_crosschecked_mhlw_within_100m,0,0.0,0,1,1,1121103455600
GCP-11685,医療法人社団　産科婦人科ナカムラクリニック,産科婦人科ナカムラクリニック,2,有床診療所,11685,1,1,0,11685,兵庫県神戸市東灘区御影本町２丁目９番１号,0788510031,34.713495,135.2588895,birth_navi,birth_navi_crosschecked_mhlw_within_100m,0,0.0,1,1,0,2822280000790
GCP-11686,嘉村産婦人科医院,嘉村産婦人科医院,2,有床診療所,11686,1,1,0,11686,福岡県福岡市博多区西春町１－７－１４,0925810441,33.5425322,130.4657581,birth_navi,birth_navi_crosschecked_mhlw_within_100m,0,0.0,0,1,0,4022400002250
GCP-11687,医療法人寿恵会船橋レディスクリニック,寿恵会船橋レディスクリニック,2,有床診療所,11687,1,1,0,11687,茨城県古河市諸川６５７－３,0280760386,36.1992744,139.8204619,birth_navi,birth_navi_crosschecked_mhlw_100_500m,0,0.0,1,1,0,082208651136
GCP-11689,豊島団地産婦人科,豊島団地産婦人科,2,有床診療所,11689,1,1,0,11689,東京都北区豊島５－５－５－１０６,0339270429,35.7660764,139.7523523,birth_navi,birth_navi_crosschecked_mhlw_within_100m,0,0.0,0,1,0,1322133915530
GCP-11690,池田功産婦人科医院,池田功産婦人科医院,2,有床診療所,11690,1,1,0,11690,福岡県福岡市西区野方１丁目２ー２５,0928117778,33.5620024,130.3104475,birth_navi,birth_navi_crosschecked_mhlw_within_100m,0,0.0,0,0,0,4022400009190
GCP-11691,はぎもと助産院,はぎもと助産院,4,有床助産所,11691,2,1,1,11691;13850,長野県飯田市鼎下山８０４－１,0265246665,35.5024876,137.8339443,birth_navi,birth_navi_not_crosschecked,0,0.0,1,1,1,
GCP-11692,とも子助産院,とも子助産院,4,有床助産所,11692,1,1,0,11692,宮城県仙台市泉区野村字野村９５の６,0227725960,38.3175929,140.865386,birth_navi,birth_navi_not_crosschecked,0,0.0,0,1,1,
GCP-11694,ふたば助産院　豊川,ふたば助産院豊川,4,有床助産所,11694,1,1,0,11694,愛知県豊川市大堀町１１１番地1,0533659679,34.8334461,137.4004478,birth_navi,birth_navi_not_crosschecked,0,0.0,1,1,1,
GCP-11695,ちひろ助産院,ちひろ助産院,4,有床助産所,11695,1,1,0,11695,和歌山県田辺市朝日ヶ丘３－２０,0739221138,33.7332107,135.391927,birth_navi,birth_navi_crosschecked_mhlw_within_100m,0,0.0,1,1,1,3045102000000
GCP-11696,森重助産院,森重助産院,4,有床助産所,11696,1,1,0,11696,神奈川県川崎市川崎区渡田4-3-12,0443440551,35.5180594,139.7018511,birth_navi,birth_navi_crosschecked_mhlw_within_100m,0,0.0,1,1,1,1441427791300
GCP-11697,九州バースセンター姥ケ懐,九州バースセンター姥ケ懐,4,有床助産所,11697,1,1,0,11697,福岡県遠賀郡芦屋町山鹿852-77,0937018103,33.9143397,130.6660079,birth_navi,birth_navi_not_crosschecked,0,0.0,1,1,1,
GCP-11698,菜の花助産院,菜の花助産院,4,有床助産所,11698,1,1,0,11698,福岡県飯塚市津原６６３－９,0948230317,33.6096156,130.6440281,birth_navi,birth_navi_not_crosschecked,0,0.0,0,1,1,
GCP-11699,よこさわ助産院,よこさわ助産院,4,有床助産所,11699,1,1,0,11699,静岡県磐田市草崎３３４－１,0538847115,34.6840188,137.8226014,birth_navi,birth_navi_crosschecked_mhlw_100_500m,0,0.0,0,1,1,2245227301400
GCP-11700,倉敷マタニティサービスかねこ助産院,倉敷マタニティサービスかねこ助産院,4,有床助産所,11700,1,1,0,11700,岡山県倉敷市広江８－１８－１,084568722,34.5287908,133.7912882,birth_navi,birth_navi_crosschecked_mhlw_within_100m,0,0.0,0,1,0,3344330000130
GCP-11701,めぐみ助産院,めぐみ助産院,4,有床助産所,11701,1,1,0,11701,神奈川県横浜市鶴見区寺谷２－１５－１８,0455718503,35.5139892,139.6703726,birth_navi,birth_navi_crosschecked_mhlw_within_100m,0,0.0,1,1,1,1441420045700
GCP-11702,山本助産院,山本助産院,4,有床助産所,11702,1,1,0,11702,神奈川県横浜市金沢区六浦2−１４−１２,0457886601,35.3330506,139.6123771,birth_navi,birth_navi_crosschecked_mhlw_within_100m,0,0.0,1,1,1,1441405798000
GCP-11703,星野助産所,星野助産所,4,有床助産所,11703,1,1,0,11703,愛知県名古屋市守山区金屋１－１７－２,0527942034,35.2053723,136.9525674,birth_navi,birth_navi_crosschecked_mhlw_within_100m,0,0.0,1,1,1,2344232400190
GCP-11704,一般社団法人　齋藤助産院,齋藤助産院,4,有床助産所,11704,1,1,0,11704,神奈川県茅ヶ崎市芹沢　１００４番地１０,0467548841,35.3756204,139.4236898,birth_navi,birth_navi_not_crosschecked,0,0.0,1,1,1,
GCP-11705,森のおひさま助産院,森のおひさま助産院,4,有床助産所,11705,1,1,0,11705,宮城県仙台市青葉区高野原４丁目１２ー１８,0223947508,38.2893261,140.7568116,birth_navi,birth_navi_not_crosschecked,0,0.0,1,1,1,
GCP-11706,いぶきの助産院,いぶきの助産院,4,有床助産所,11706,1,1,0,11706,静岡県静岡市駿河区丸子５ー１８ー２０,0542561133,34.941838,138.3520087,birth_navi,birth_navi_not_crosschecked,0,0.0,0,1,1,
GCP-11707,プリマ助産院,プリマ助産院,4,有床助産所,11707,2,1,1,11707;14240,大阪府池田市八王寺１－７－３,0727470366,34.8139622,135.4331813,birth_navi,birth_navi_not_crosschecked,0,0.0,1,1,1,
GCP-11708,あさみや助産院,あさみや助産院,4,有床助産所,11708,1,1,0,11708,愛知県一宮市萩原町朝宮字嫁振２０番地１,0586680851,35.2904675,136.7561175,birth_navi,birth_navi_not_crosschecked,0,0.0,1,1,1,
GCP-11709,出張さんばステーション聖護院　海助産所,出張さんばステーション聖護院海助産所,4,有床助産所,11709,1,1,0,11709,京都府京都市左京区聖護院川原町１２－７,09085220249,35.018121,135.7744006,birth_navi,birth_navi_not_crosschecked,0,0.0,1,1,1,
GCP-11710,生野助産所,生野助産所,4,有床助産所,11710,1,1,0,11710,大分県大分市豊饒三丁目１１番５３号,0975450380,33.2080608,131.5958185,birth_navi,birth_navi_crosschecked_mhlw_within_100m,0,0.0,1,1,1,4441172100000
GCP-11711,高石市立母子健康センター,高石市立母子健康センター,4,有床助産所,11711,1,1,0,11711,大阪府高石市羽衣４丁目４－２６,0722610335,34.5323041,135.4357537,birth_navi,birth_navi_not_crosschecked,0,0.0,1,1,1,
GCP-11712,musubi助産院,musubi助産院,4,有床助産所,11712,1,1,0,11712,京都府向日市鶏冠井町楓畑3-1,08024114329,34.9441915,135.7006338,birth_navi,birth_navi_not_crosschecked,0,0.0,1,1,1,
GCP-11713,みか助産院,みか助産院,2,有床診療所,11713,1,1,0,11713,愛知県知多郡東浦町緒川金十根36番地2,08069701049,34.9876131,136.9664454,birth_navi,birth_navi_crosschecked_mhlw_within_100m,0,0.0,1,1,1,2344231000150
GCP-11714,岡本助産院,岡本助産院,4,有床助産所,11714,1,1,0,11714,和歌山県和歌山市小雑賀２０７,0734287737,34.2048846,135.1843027,birth_navi,birth_navi_crosschecked_mhlw_within_100m,0,0.0,1,1,1,3045100100000
GCP-11715,助産院もりあね,助産院もりあね,4,有床助産所,11715,1,1,0,11715,埼玉県所沢市下富612-10,0429433139,35.8280013,139.4687077,birth_navi,birth_navi_crosschecked_mhlw_within_100m,0,0.0,1,1,1,1141108744700
GCP-11716,みやした助産院,みやした助産院,4,有床助産所,11716,1,1,0,11716,神奈川県横浜市南区三春台１２６,0452311788,35.4421133,139.613961,birth_navi,birth_navi_crosschecked_mhlw_within_100m,0,0.0,1,1,1,1441415155300
GCP-11717,八千代マタニティセンター武田助産院,八千代マタニティセンター武田助産院,4,有床助産所,11717,1,1,0,11717,千葉県八千代市米本１４５０,0474880311,35.7561623,140.1093712,birth_navi,birth_navi_crosschecked_mhlw_within_100m,0,0.0,0,1,1,1241200565700
GCP-11718,かもめ助産院,かもめ助産院,4,有床助産所,11718,1,1,0,11718,神奈川県横須賀市ハイランド１－３８－３,0468544138,35.2222375,139.6920428,birth_navi,birth_navi_crosschecked_mhlw_within_100m,0,0.0,1,1,1,1441410056800
GCP-11719,かなや助産所,かなや助産所,4,有床助産所,11719,1,1,0,11719,愛知県豊明市前後町仙人塚１７４７－２８,09050573250,35.0595716,136.9972987,birth_navi,birth_navi_not_crosschecked,0,0.0,1,1,1,
GCP-11720,ゆずりは助産院,ゆずりは助産院,4,有床助産所,11720,1,1,0,11720,大阪府枚方市氷室台１−４４−３２,08038223259,34.8079238,135.7289447,birth_navi,birth_navi_not_crosschecked,0,0.0,0,1,1,
GCP-11721,おしか助産院,おしか助産院,4,有床助産所,11721,1,1,0,11721,静岡県静岡市駿河区小鹿１３６６－１１,0542803800,34.9711662,138.4328948,birth_navi,birth_navi_crosschecked_mhlw_within_100m,0,0.0,0,1,1,2245226002090
GCP-11722,豊倉助産院,豊倉助産院,4,有床助産所,11722,1,1,0,11722,神奈川県横浜市泉区緑園２－１９－２４,0458137382,35.4390806,139.5177678,birth_navi,birth_navi_crosschecked_mhlw_within_100m,0,0.0,1,1,1,1441407044800
GCP-11723,たまのお助産院,たまのお助産院,4,有床助産所,11723,2,1,1,11723;14233,大阪府箕面市粟生間谷西７丁目４３－１０,08053233589,34.8517068,135.5119647,birth_navi,birth_navi_not_crosschecked,0,0.0,0,1,1,
GCP-11724,川渕助産院,川渕助産院,4,有床助産所,11724,1,1,0,11724,静岡県浜松市浜名区小松４９０,0535862859,34.7920209,137.7767752,birth_navi,birth_navi_crosschecked_mhlw_within_100m,0,0.0,0,1,1,2245227500160
GCP-11725,かん助産所,かん助産所,4,有床助産所,11725,1,1,0,11725,愛知県一宮市木曽川町玉ノ井字砂割７,0586850201,35.3317611,136.7523354,birth_navi,birth_navi_crosschecked_mhlw_within_100m,0,0.0,1,1,1,2344230100080
GCP-11726,芽愛助産院,芽愛助産院,4,有床助産所,11726,1,1,0,11726,奈良県天理市前栽町２７４－１,0743633538,34.5999324,135.8186493,birth_navi,birth_navi_crosschecked_mhlw_within_100m,0,0.0,0,1,1,2945103200000
GCP-11727,一般社団法人　晴れの国お産所,晴れの国お産所,4,有床助産所,11727,1,1,0,11727,岡山県笠岡市新賀３２５０ー１,0865695707,34.5552763,133.505848,birth_navi,birth_navi_not_crosschecked,0,0.0,1,1,1,
GCP-11728,一般社団法人北九州助産センターお産の家よつ葉,北九州助産センターお産の家よつ葉,4,有床助産所,11728,1,1,0,11728,福岡県北九州市八幡東区枝光本町８－１３,0936166884,33.8743094,130.8152409,birth_navi_manual_confirmation,manual_confirmed_birth_navi,0,0.0,0,1,1,4040009070003
GCP-11729,しまざき助産院,しまざき助産院,4,有床助産所,11729,1,1,0,11729,兵庫県川西市黒川字寺垣内232,0727419625,34.9258572,135.443609,birth_navi,birth_navi_not_crosschecked,0,0.0,1,1,1,
GCP-11730,にじいろ助産院,にじいろ助産院,4,有床助産所,11730,3,1,2,11730;14235;14333,大阪府大阪市淀川区十三東４－３－４９,0661951706,34.7241901,135.4863537,birth_navi,birth_navi_not_crosschecked,0,0.0,0,1,1,
GCP-11731,岸本助産院,岸本助産院,4,有床助産所,11731,1,1,0,11731,大阪府交野市星田９ー１９ー７,09083814403,34.7623344,135.6737496,birth_navi,birth_navi_not_crosschecked,0,0.0,1,1,1,
GCP-11732,バースハーモニー美しが丘助産院,バースハーモニー美しが丘助産院,4,有床助産所,11732,1,1,0,11732,神奈川県横浜市青葉区美しが丘西３－３－７,0459011103,35.5860558,139.5362308,birth_navi,birth_navi_crosschecked_mhlw_within_100m,0,0.0,1,1,0,1441407488500
GCP-11733,森田助産院,森田助産院,4,有床助産所,11733,1,1,0,11733,東京都福生市志茂83番地,0425510323,35.7372099,139.3301608,birth_navi,birth_navi_crosschecked_mhlw_within_100m,0,0.0,1,1,1,1344137200080
GCP-11734,諏訪中央病院,諏訪中央病院,1,病院,11734,2,1,1,11734;13805,長野県茅野市玉川4300,0266721000,35.9907419,138.1781337,birth_navi,birth_navi_not_crosschecked,0,0.0,1,1,1,
GCP-11735,一般社団法人矢島助産院,矢島助産院,4,有床助産所,11735,1,1,0,11735,東京都国分寺市東元町１－４０－７,0423225531,35.6970896,139.483477,birth_navi,birth_navi_not_crosschecked,0,0.0,1,1,1,
GCP-11736,お茶畑助産院,お茶畑助産院,4,有床助産所,11736,1,1,0,11736,静岡県袋井市豊沢２１５８ー３,09084575480,34.7377535,137.9546951,birth_navi,birth_navi_crosschecked_mhlw_within_100m,0,0.0,1,1,1,2245227301080
GCP-11737,碧助産院,碧助産院,4,有床助産所,11737,1,1,0,11737,愛知県安城市堀内町前山８４,0566997011,34.9275227,137.0888244,birth_navi,birth_navi_crosschecked_mhlw_within_100m,0,0.0,0,1,1,2344231400020
GCP-11738,ことり助産院,ことり助産院,4,有床助産所,11738,1,1,0,11738,栃木県鹿沼市上南摩町９２ー２５,0289773553,36.5396718,139.6948668,birth_navi,birth_navi_not_crosschecked,0,0.0,0,1,1,
GCP-11739,愛助産院,愛助産院,4,有床助産所,11739,1,1,0,11739,埼玉県三郷市戸ヶ崎３－１７８－７,0489512627,35.8031532,139.8711339,birth_navi,birth_navi_not_crosschecked,0,0.0,0,1,0,
GCP-11740,マミー助産院,マミー助産院,4,有床助産所,11740,1,1,0,11740,愛媛県四国中央市土居町北野甲587－3,0896746161,33.9587517,133.4032515,birth_navi_manual_confirmation,manual_confirmed_birth_navi,0,0.0,1,1,1,3845385100100
GCP-11741,みどり助産院,みどり助産院,4,有床助産所,11741,1,1,0,11741,神奈川県横浜市緑区三保町２２４２,0459338007,35.5160643,139.5310912,birth_navi,birth_navi_crosschecked_mhlw_within_100m,0,0.0,1,1,1,1441406461800
GCP-11742,助産院　エ・ク・ボ,助産院エクボ,4,有床助産所,11742,1,1,0,11742,北海道札幌市西区発寒６条１０丁目１０－３,0116660814,43.0909992,141.2783515,birth_navi,birth_navi_crosschecked_mhlw_within_100m,0,0.0,0,1,1,0144010000440
GCP-11743,出張さんばステーション朝霞たかせ助産院,出張さんばステーション朝霞たかせ助産院,5,無床助産所,11743,1,1,0,11743,埼玉県朝霞市三原３－１７－２０,09055186557,35.8170556,139.5830711,birth_navi,birth_navi_not_crosschecked,0,0.0,0,1,1,
GCP-11744,心友助産院,心友助産院,4,有床助産所,11744,2,1,1,11744;15661,奈良県北葛城郡広陵町三吉260番3,0745558700,34.5496713,135.7406125,birth_navi,birth_navi_not_crosschecked,0,0.0,1,1,1,
GCP-11745,めぐみ助産院,めぐみ助産院,4,有床助産所,11745,1,1,0,11745,埼玉県新座市野火止６−１５−１０,0484784489,35.8047542,139.5634837,birth_navi,birth_navi_not_crosschecked,0,0.0,0,1,0,
GCP-11746,ひらり助産院,ひらり助産院,4,有床助産所,11746,2,1,1,11746;14255,大阪府吹田市西の庄町３ー２２,0663806225,34.7606472,135.5200148,birth_navi,birth_navi_crosschecked_mhlw_within_100m,0,0.0,1,1,1,2749278006600
GCP-11747,橋本助産院,橋本助産院,4,有床助産所,11747,1,1,0,11747,大阪府寝屋川市堀溝北町１０－６,0728201122,34.7531301,135.628867,birth_navi,birth_navi_not_crosschecked,0,0.0,0,0,1,
GCP-11748,出張専門助産所菅谷,出張専門助産所菅谷,5,無床助産所,11748,1,1,0,11748,千葉県千葉市稲毛区,09026573724,35.666241,140.124405,mhlw_iryou_information_net_open_data,mhlw_direct_exact_identity_truncated_visible_address_type_consistent,0,0.0,0,1,0,1241206678800
GCP-11749,ゆう助産院,ゆう助産院,4,有床助産所,11749,1,1,0,11749,大阪府東大阪市小阪１丁目４番３７号,0678982203,34.665083,135.5795597,birth_navi,birth_navi_not_crosschecked,0,0.0,1,1,1,
GCP-11750,ありじゅマタニティハウス,ありじゅマタニティハウス,4,有床助産所,11750,1,1,0,11750,北海道札幌市白石区菊水上町二条一丁目四十六－九十,0118141103,43.0631866,141.3883903,birth_navi,birth_navi_not_crosschecked,0,0.0,0,1,0,
GCP-11751,ほのか助産院,ほのか助産院,4,有床助産所,11751,1,1,0,11751,宮崎県都城市乙房町1588-1,0986372424,31.7675757,131.0556315,birth_navi,birth_navi_not_crosschecked,0,0.0,1,1,1,
GCP-11752,一般社団法人たきざわ助産院産前産後の家,たきざわ助産院産前産後の家,4,有床助産所,11752,1,1,0,11752,福井県敦賀市三島町２丁目１４－１７,0770220928,35.6499471,136.0654108,birth_navi,birth_navi_not_crosschecked,0,0.0,1,1,1,
GCP-11753,一般社団沖縄県助産師会母子未来センター,一般社団沖縄県助産師会母子未来センター,4,有床助産所,11753,1,1,0,11753,沖縄県沖縄市中央４－１５－１２,0989381103,26.3426664,127.7995914,birth_navi,birth_navi_not_crosschecked,0,0.0,1,1,1,
GCP-11754,ぷくぷく助産院,ぷくぷく助産院,4,有床助産所,11754,1,1,0,11754,神奈川県横須賀市坂本町5-22,0468213063,35.2678616,139.6509483,birth_navi,birth_navi_not_crosschecked,0,0.0,1,1,1,
GCP-11755,きらら助産院,きらら助産院,4,有床助産所,11755,1,1,0,11755,兵庫県神戸市垂水区塩屋台１－８－３,0787528654,34.6439409,135.0843978,birth_navi,birth_navi_not_crosschecked,0,0.0,0,1,1,
GCP-11756,ＫＥＩ助産院,kei助産院,5,無床助産所,11756,1,1,0,11756,広島県広島市中区東白島町１５ー８ー８０２,09087167184,34.4048101,132.4651551,birth_navi,birth_navi_not_crosschecked,0,0.0,1,1,0,
GCP-11757,東御市立助産所とうみ,東御市立助産所とうみ,4,有床助産所,11757,1,1,0,11757,長野県東御市鞍掛１９８,0268620168,36.3592779,138.3499169,birth_navi,birth_navi_crosschecked_mhlw_within_100m,0,0.0,0,1,1,2045205300004
GCP-11758,わたなべ助産院,わたなべ助産院,4,有床助産所,11758,1,1,0,11758,大分県佐伯市大字長良汐月３６５－１,09097940477,32.9328515,131.8778095,birth_navi,birth_navi_not_crosschecked,0,0.0,0,1,0,
GCP-11759,渡辺助産院,渡辺助産院,4,有床助産所,11759,1,1,0,11759,静岡県静岡市葵区上足洗１－４－１,0542468791,34.9888749,138.3933596,birth_navi,birth_navi_not_crosschecked,0,0.0,0,1,1,
GCP-11760,ウパウパハウス岡本助産院,ウパウパハウス岡本助産院,4,有床助産所,11760,1,1,0,11760,神奈川県川崎市中原区下小田中１－５－３１,0447400621,35.5808978,139.6401917,birth_navi,birth_navi_crosschecked_mhlw_within_100m,0,0.0,0,1,1,1441427201600
GCP-11761,助産院マミータ,助産院マミータ,4,有床助産所,11761,1,1,0,11761,福岡県福岡市南区大池２丁目１２ー３,0925535503,33.5597392,130.4042982,birth_navi,birth_navi_not_crosschecked,0,0.0,0,1,1,
GCP-11762,たから助産院,たから助産院,2,有床診療所,11762,1,1,0,11762,広島県広島市安佐南区中須１の４４の２６の８,0828708007,34.459338,132.4719473,birth_navi,birth_navi_not_crosschecked,0,0.0,1,1,1,
GCP-11763,中村助産院（出張専門）,中村助産院出張専門,5,無床助産所,11763,1,1,0,11763,京都府京都市左京区,09050114011,,,,missing_unresolved,0,,0,1,0,
GCP-11764,桃太郎助産院,桃太郎助産院,4,有床助産所,11764,3,1,2,11764;13989;14798,静岡県伊豆市日向６７０－１,0558725262,34.9640684,138.9478187,birth_navi,birth_navi_crosschecked_mhlw_within_100m,0,0.0,0,1,1,2245227100300
GCP-11765,一般社団法人ははとこ　助産院町のさんばさん,ははとこ助産院町のさんばさん,4,有床助産所,11765,1,1,0,11765,福岡県北九州市八幡西区千代４丁目９－８,0936184764,33.8096028,130.7416407,birth_navi,birth_navi_crosschecked_mhlw_within_100m,0,0.0,1,1,1,4040008400015
GCP-11766,助産院あゆる,助産院あゆる,4,有床助産所,11766,1,1,0,11766,北海道旭川市永山八条十五丁目一の二,0166496018,43.7997532,142.4323781,birth_navi,birth_navi_not_crosschecked,0,0.0,0,1,1,
GCP-11767,みぞえよしえハローベビー助産院,みぞえよしえハローベビー助産院,4,有床助産所,11767,1,1,0,11767,青森県青森市蛍沢１ー２７ー１０,0177427500,40.7972116,140.8007755,birth_navi,birth_navi_not_crosschecked,0,0.0,0,1,0,
GCP-11768,つぼみ助産院,つぼみ助産院,5,無床助産所,11768,1,1,0,11768,広島県広島市安佐南区伴東８丁目,09078957281,34.458219,132.4147325,birth_navi,birth_navi_not_crosschecked,0,0.0,1,1,1,
GCP-11769,ゆりかご助産院,ゆりかご助産院,4,有床助産所,11769,1,1,0,11769,岐阜県各務原市蘇原大島町１丁目４９番地,0583715155,35.415674,136.84536,birth_navi,birth_navi_crosschecked_mhlw_within_100m,0,0.0,1,1,1,2141634007015
GCP-11770,ｔｓｕｍｕｇｉ助産院,tsumugi助産院,4,有床助産所,11770,1,1,0,11770,大阪府枚方市招提元町３－５－６,09023874471,34.8444579,135.6851506,birth_navi,birth_navi_not_crosschecked,0,0.0,1,1,1,
GCP-11772,たんぽぽ助産院,たんぽぽ助産院,4,有床助産所,11772,1,1,0,11772,岡山県倉敷市中帯江２４－１１,0864361980,34.5953452,133.8028146,birth_navi,birth_navi_not_crosschecked,0,0.0,1,1,1,
GCP-11773,ぼっこ助産院,ぼっこ助産院,4,有床助産所,11773,2,1,1,11773;15701,香川県高松市春日町１１７６番地,0878444103,34.3322756,134.097234,birth_navi,birth_navi_not_crosschecked,0,0.0,1,1,1,
GCP-11774,神奈川県助産師会立とわ助産院,神奈川県助産師会立とわ助産院,4,有床助産所,11774,1,1,0,11774,神奈川県助産師会立とわ助産院横浜市鶴見区鶴見中央1⁻10⁻20,0458347556,35.5092189,139.6774704,birth_navi,birth_navi_not_crosschecked,0,0.0,1,1,1,
GCP-11775,助産所マタニティ・ハウスひまわり,助産所マタニティハウスひまわり,4,有床助産所,11775,1,1,0,11775,三重県鈴鹿市高塚町１０６６番地３１,0593704970,34.8966787,136.5182338,birth_navi,birth_navi_not_crosschecked,0,0.0,0,1,1,
GCP-11776,よしむら助産所,よしむら助産所,5,無床助産所,11776,1,1,0,11776,滋賀県彦根市彦富町６０３−２８,0749201765,35.2025732,136.1907841,birth_navi,birth_navi_not_crosschecked,0,0.0,1,1,1,
GCP-11777,助産院　いのちの森,助産院いのちの森,4,有床助産所,11777,2,1,1,11777;13674,石川県白山市藤木町２５５－２,0762748715,36.4821661,136.5827816,birth_navi,birth_navi_crosschecked_mhlw_within_100m,0,0.0,1,1,1,1742140002
GCP-11778,はとがや助産所,はとがや助産所,4,有床助産所,11778,1,1,0,11778,埼玉県川口市坂下町4-18-3,0482846362,35.8254215,139.7392665,birth_navi,birth_navi_crosschecked_mhlw_within_100m,0,0.0,1,1,1,1141108143000
GCP-11779,あいっこ助産院,あいっこ助産院,4,有床助産所,11779,1,1,0,11779,大阪府大阪市住吉区墨江1-2-22,09022880337,34.6094905,135.4959,birth_navi,birth_navi_not_crosschecked,0,0.0,1,1,1,
GCP-11780,はるか助産院,はるか助産院,4,有床助産所,11780,1,1,0,11780,大阪府枚方市三矢町４番地６ー２号,09030518281,34.8148888,135.6428935,birth_navi,birth_navi_not_crosschecked,0,0.0,1,1,1,
GCP-11781,あゆみ助産院,あゆみ助産院,4,有床助産所,11781,1,1,0,11781,長野県松本市渚３－６－１５,0263282511,36.228938,137.9561508,birth_navi,birth_navi_crosschecked_mhlw_within_100m,0,0.0,1,1,1,2045200000260
GCP-11782,マタニティホームあいｓｕｎ,マタニティホームあいsun,4,有床助産所,11782,1,1,0,11782,岐阜県岐阜市東鶉２－１３－１,0583740348,35.3833764,136.7438784,birth_navi,birth_navi_crosschecked_mhlw_within_100m,0,0.0,1,1,1,2141344001578
GCP-11783,ふたば助産院,ふたば助産院,4,有床助産所,11783,1,1,0,11783,愛知県豊橋市杉山町字知原１２－１３７０,0532234103,34.6708183,137.3225696,birth_navi,birth_navi_crosschecked_mhlw_within_100m,0,0.0,1,1,1,2344232600040
GCP-11784,バース・ハウス　なかにし助産院,バースハウスなかにし助産院,4,有床助産所,11784,3,1,2,11784;14437;14439,和歌山県御坊市湯川町小松原,0738222950,33.903644,135.164256,mhlw_iryou_information_net_open_data,mhlw_direct_exact_identity_truncated_visible_address_type_consistent,0,4.0,0,1,1,3045004600000
GCP-11785,明生助産所みその,明生助産所みその,4,有床助産所,11785,1,1,0,11785,長野県伊那市御園571-7,09049253826,35.8531747,137.9657049,birth_navi,birth_navi_crosschecked_mhlw_within_100m,0,0.0,1,1,1,204520563122
GCP-11786,つむぎ助産所,つむぎ助産所,4,有床助産所,11786,1,1,0,11786,東京都練馬区石神井台２－２－１７,0369134130,35.733752,139.5942049,birth_navi,birth_navi_crosschecked_mhlw_within_100m,0,0.0,1,1,1,1344136500251
GCP-11787,ひな助産院,ひな助産院,4,有床助産所,11787,1,1,0,11787,東京都足立区加平３−１４−１２,0356975829,35.7810249,139.8302142,birth_navi,birth_navi_crosschecked_mhlw_within_100m,0,0.0,0,1,0,1344134800030
GCP-11789,ひなたぼっこ助産院,ひなたぼっこ助産院,4,有床助産所,11789,1,1,0,11789,大阪府高槻市大冠町2-23-3,09051313849,34.8329814,135.6376861,birth_navi,birth_navi_not_crosschecked,0,0.0,1,1,1,
GCP-11790,しらさぎふれあい助産院,しらさぎふれあい助産院,4,有床助産所,11790,1,1,0,11790,東京都中野区鷺宮3-3-6シュプール101,0333395356,35.7231091,139.6427493,birth_navi,birth_navi_crosschecked_mhlw_within_100m,0,0.0,1,1,1,1344136100004
GCP-11791,うぉーむ助産院,うぉーむ助産院,4,有床助産所,11791,1,1,0,11791,兵庫県伊丹市北河原１－７－８,0727826389,34.7867667,135.4211479,birth_navi,birth_navi_crosschecked_mhlw_within_100m,0,0.0,0,1,1,2847280001100
GCP-11792,鹿児島中央助産院,鹿児島中央助産院,2,有床診療所,11792,1,1,0,11792,鹿児島県鹿児島市伊敷６丁目１７―１８,09025303036,31.6229756,130.5238285,birth_navi,birth_navi_not_crosschecked,0,0.0,1,1,1,
GCP-11793,出張専門ゆずのき助産院,出張専門ゆずのき助産院,5,無床助産所,11793,1,1,0,11793,茨城県坂東市,09027473214,,,,missing_unresolved,0,,1,1,1,
GCP-11794,さとう助産院,さとう助産院,5,無床助産所,11794,1,1,0,11794,茨城県結城市結城１２０７８－１１,09043725970,36.3161504,139.8726321,birth_navi,birth_navi_crosschecked_mhlw_100_500m,0,0.0,1,1,1,0846081000034
GCP-11795,共同助産所　お産子の家,共同助産所お産子の家,4,有床助産所,11795,1,1,0,11795,滋賀県東近江市八日市緑町１７－５,0748250600,35.1108987,136.2067443,birth_navi_manual_confirmation,manual_confirmed_birth_navi,0,0.0,0,1,1,2546250001200
GCP-11796,松が丘助産院,松が丘助産院,4,有床助産所,11796,1,1,0,11796,東京都中野区松が丘1-10-13,0353436071,35.7186594,139.6713813,birth_navi,birth_navi_crosschecked_mhlw_within_100m,0,0.0,1,1,1,1344136100010
GCP-11797,むとう助産院,むとう助産院,4,有床助産所,11797,1,1,0,11797,和歌山県和歌山市内原５８２－６,0734190038,34.1763055,135.1973672,birth_navi,birth_navi_not_crosschecked,0,0.0,1,1,1,
GCP-11798,さくらバース,さくらバース,4,有床助産所,11798,2,1,1,11798;13276,神奈川県川崎市中原区今井南町３０ー９,0447393158,35.570572,139.6558832,birth_navi,birth_navi_not_crosschecked,0,0.0,0,1,1,
GCP-11799,菜桜助産所,菜桜助産所,4,有床助産所,11799,1,1,0,11799,静岡県富士市宮島１０６２－８,0545631608,35.1310365,138.6615009,birth_navi,birth_navi_crosschecked_mhlw_within_100m,0,0.0,1,1,1,2245225800420
GCP-11800,つるべ助産院,つるべ助産院,4,有床助産所,11800,1,1,0,11800,北海道札幌市白石区北郷3条2丁目13₋8,0113761913,43.0616185,141.4102614,birth_navi,birth_navi_crosschecked_mhlw_within_100m,0,0.0,1,1,1,0144010000530
GCP-11801,牧岡マタニティハウス,牧岡マタニティハウス,4,有床助産所,11801,1,1,0,11801,埼玉県越谷市大間野町１－３５－１２,08065533924,35.8613896,139.7857378,birth_navi,birth_navi_crosschecked_mhlw_within_100m,0,0.0,1,1,1,1141120025100
GCP-11802,ひまわり助産院,ひまわり助産院,4,有床助産所,11802,1,1,0,11802,愛知県刈谷市池田町１－１－９,0566273613,35.0046444,137.0071821,birth_navi,birth_navi_crosschecked_mhlw_within_100m,0,0.0,1,1,1,2344231300020
GCP-11803,ノア助産院,ノア助産院,5,無床助産所,11803,1,1,0,11803,静岡県静岡市清水区下野町２－１,08041326445,35.0331076,138.4660643,birth_navi,birth_navi_not_crosschecked,0,0.0,0,1,1,
GCP-11804,磯部助産院,磯部助産院,4,有床助産所,11804,1,1,0,11804,滋賀県蒲生郡竜王町大字山之上５２８７,0748570182,35.0459684,136.1425162,birth_navi,birth_navi_not_crosschecked,0,0.0,0,1,1,
GCP-11805,はちどり助産院,はちどり助産院,4,有床助産所,11805,1,1,0,11805,愛知県豊田市豊栄町１－１３３－１,09093377231,35.0512796,137.1564513,birth_navi,birth_navi_crosschecked_mhlw_within_100m,0,0.0,0,1,1,2344232800160
GCP-11806,さくら助産院,さくら助産院,4,有床助産所,11806,1,1,0,11806,兵庫県淡路市志筑新島６－９,0799625030,34.4267698,134.9032921,birth_navi,birth_navi_not_crosschecked,0,0.0,0,1,0,
GCP-11807,高林助産院,高林助産院,4,有床助産所,11807,1,1,0,11807,静岡県浜松市浜名区新原４２１２番地の３,0535868515,34.808631,137.7686945,birth_navi,birth_navi_not_crosschecked,0,0.0,1,1,0,
GCP-11808,ａｎｎｅａｕ助産院,anneau助産院,4,有床助産所,11808,2,1,1,11808;14234,大阪府箕面市西小路４－９－３５,07017633620,34.8270569,135.4680799,birth_navi,birth_navi_not_crosschecked,0,0.0,0,1,1,
GCP-11809,石井助産院,石井助産院,4,有床助産所,11809,1,1,0,11809,奈良県奈良市奈保町５－２１,0742263581,34.7035311,135.8296465,birth_navi,birth_navi_not_crosschecked,0,0.0,1,1,1,
GCP-11810,ここみ助産所,ここみ助産所,4,有床助産所,11810,1,1,0,11810,東京都西東京市南町1-3-13,0424786793,35.7273386,139.5468867,birth_navi,birth_navi_crosschecked_mhlw_within_100m,0,0.0,1,1,1,1344139700003
GCP-11811,公益財団法人東京都助産師会館八千代助産院,東京都助産師会館八千代助産院,4,有床助産所,11811,1,1,0,11811,東京都文京区音羽１−１９−１８,0359813023,35.7157687,139.7285203,birth_navi,birth_navi_not_crosschecked,0,0.0,0,1,1,
GCP-11812,助産院ねむねむ,助産院ねむねむ,4,有床助産所,11812,1,1,0,11812,千葉県南房総市海老敷４２２－１,0470361383,35.0396256,139.9124054,birth_navi,birth_navi_not_crosschecked,0,0.0,1,1,1,
GCP-11813,助産院エンジェルスマイルモモ,助産院エンジェルスマイルモモ,4,有床助産所,11813,1,1,0,11813,三重県伊勢市佐八町２０２２－１,0596391135,34.463574,136.6612015,birth_navi,birth_navi_crosschecked_mhlw_100_500m,0,0.0,0,1,1,2445240000100
GCP-11814,出張さんばステーション日野春　松浦助産院,出張さんばステーション日野春松浦助産院,5,無床助産所,11814,1,1,0,11814,山梨県北杜市長坂町日野９８,09044223259,35.8049777,138.3708717,birth_navi,birth_navi_crosschecked_mhlw_100_500m,0,0.0,1,1,1,1946191000032
GCP-11815,野ノ花助産院,野ノ花助産院,4,有床助産所,11815,2,1,1,11815;13845,長野県駒ヶ根市東伊那２１９５−２,09010533044,35.747495,137.9737605,birth_navi,birth_navi_crosschecked_mhlw_within_100m,0,0.0,1,1,1,2045200000180
GCP-11816,マミィ助産院,マミィ助産院,4,有床助産所,11816,1,1,0,11816,鹿児島県鹿児島市中山町２５９８,0992635503,31.5444381,130.5057297,birth_navi,birth_navi_not_crosschecked,0,0.0,0,1,1,
GCP-11817,医療法人緑生会あびこ助産院,緑生会あびこ助産院,4,有床助産所,11817,1,1,0,11817,千葉県我孫子市我孫子１８５４−１１,0471797321,35.8661372,140.0273072,birth_navi,birth_navi_crosschecked_mhlw_within_100m,0,0.0,1,1,1,1241220290800
GCP-11818,宮﨑助産院,宮﨑助産院,5,無床助産所,11818,1,1,0,11818,神奈川県鎌倉市大町,08013474428,,,,missing_unresolved,0,,1,1,1,
GCP-11819,くさの助産院,くさの助産院,4,有床助産所,11819,1,1,0,11819,静岡県静岡市葵区瀬名川３丁目１４番１３号,0542624979,35.0071185,138.4330912,birth_navi,birth_navi_not_crosschecked,0,0.0,1,1,1,
GCP-11820,出産と育児の相談室　母微笑助産院,出産と育児の相談室母微笑助産院,4,有床助産所,11820,1,1,0,11820,大阪府堺市北区新堀町２丁８１－８,0722528540,34.5787351,135.5139893,birth_navi,birth_navi_not_crosschecked,0,0.0,0,1,0,
GCP-11821,助産院　愛花,助産院愛花,4,有床助産所,11821,1,1,0,11821,長野県安曇野市豊科４５９５−４,0263739315,36.2972134,137.9055196,birth_navi,birth_navi_not_crosschecked,0,0.0,0,1,1,
GCP-11822,しぶや助産院,しぶや助産院,4,有床助産所,11822,1,1,0,11822,福岡県遠賀郡岡垣町旭台３丁目１１番５号,0932823476,33.8577922,130.619347,birth_navi,birth_navi_not_crosschecked,0,0.0,1,1,1,
GCP-11823,愛助産院,愛助産院,4,有床助産所,11823,1,1,0,11823,愛知県春日井市下条町７７５－７,09091277008,35.2300526,136.9776892,birth_navi,birth_navi_crosschecked_mhlw_within_100m,0,0.0,1,1,1,2344230500170
GCP-11824,さかもと助産所,さかもと助産所,4,有床助産所,11824,1,1,0,11824,東京都東久留米市小山５丁目１番３５号,0424710388,35.7628927,139.5175798,birth_navi,birth_navi_not_crosschecked,0,0.0,0,1,1,
GCP-11826,助産院　アロマ・バース,助産院アロマバース,4,有床助産所,11826,1,1,0,11826,千葉県市原市能満１８５６ー２,09022136776,35.5104492,140.1434754,birth_navi,birth_navi_crosschecked_mhlw_within_100m,0,0.0,1,1,1,1241227936600
GCP-11827,つむぎ助産院,つむぎ助産院,4,有床助産所,11827,1,1,0,11827,静岡県菊川市棚草516-8,0537269572,34.7026339,138.0978493,birth_navi,birth_navi_crosschecked_mhlw_within_100m,0,0.0,1,1,0,2245227301950
GCP-11828,一般社団法人助産婦石村,助産婦石村,5,無床助産所,11828,1,1,0,11828,東京都江東区東陽３－２１－１１－１０１,0356908979,35.6690975,139.8118633,birth_navi,birth_navi_not_crosschecked,0,0.0,0,1,1,
GCP-11829,助産院こうのとり,助産院こうのとり,4,有床助産所,11829,1,1,0,11829,静岡県静岡市駿河区栗原２６－１４－５,0546550025,34.9886925,138.4331104,birth_navi,birth_navi_not_crosschecked,0,0.0,1,1,1,
GCP-11830,桜の森助産院,桜の森助産院,4,有床助産所,11830,3,1,2,11830;12930;12933,福島県いわき市平字長橋町１－１,0246514864,37.0534709,140.8836859,birth_navi,birth_navi_crosschecked_mhlw_100_500m,0,0.0,1,1,1,0749000000009
GCP-11831,助産院・産後ケアハウス　赤ちゃんのほっぺ,助産院産後ケアハウス赤ちゃんのほっぺ,4,有床助産所,11831,1,1,0,11831,山口県山口市大内長野４６３－１,0839293336,34.1571443,131.5203845,birth_navi,birth_navi_not_crosschecked,0,0.0,0,1,1,
GCP-11832,れいこ助産院,れいこ助産院,5,無床助産所,11832,1,1,0,11832,広島県広島市南区宇品神田５丁目２６－９－１３０７,09051913202,34.3563671,132.4638134,birth_navi,birth_navi_not_crosschecked,0,0.0,1,1,1,
GCP-11833,助産所ほやほや,助産所ほやほや,4,有床助産所,11833,3,1,2,11833;13784;13864,長野県長野市北堀８４７ー１１,0262960777,36.668154,138.2367402,birth_navi,birth_navi_crosschecked_mhlw_within_100m,0,0.0,0,1,1,2045200000470
GCP-11834,エンジェルバース山方助産院,エンジェルバース山方助産院,4,有床助産所,11834,1,1,0,11834,神奈川県横浜市瀬谷区本郷１－６－２,0453034803,35.4740961,139.476045,birth_navi,birth_navi_crosschecked_mhlw_within_100m,0,0.0,0,1,1,1441420606400
GCP-11835,出張専門あいうみ助産院,出張専門あいうみ助産院,5,無床助産所,11835,1,1,0,11835,愛知県豊田市田中町,09029434067,,,,missing_unresolved,0,,0,1,1,
GCP-11836,ゆたか助産院,ゆたか助産院,5,無床助産所,11836,2,1,1,11836;13658,石川県加賀市大聖寺本町３９番地２号,0761733245,36.3063331,136.3117769,birth_navi,birth_navi_crosschecked_mhlw_within_100m,0,0.0,1,1,1,1741241001
GCP-11837,みき助産院,みき助産院,4,有床助産所,11837,1,1,0,11837,京都府舞鶴市喜多８４９➖４,0773777153,35.4593774,135.3110703,birth_navi,birth_navi_not_crosschecked,0,0.0,0,1,1,
GCP-11838,悠育助産院,悠育助産院,4,有床助産所,11838,1,1,0,11838,京都府相楽郡精華町精華台4ｰ21ｰ14,0774983355,34.7508655,135.7781669,birth_navi,birth_navi_crosschecked_mhlw_100_500m,0,0.0,1,1,1,2642651100012
GCP-11839,出張専門　向谷地幸子,出張専門向谷地幸子,5,無床助産所,11839,1,1,0,11839,東京都世田谷区,09098487043,,,,missing_unresolved,0,,1,1,0,
GCP-11840,助産院むすびや,助産院むすびや,5,無床助産所,11840,1,1,0,11840,沖縄県うるま市勝連南風原８３８の１の４０１,08078389701,26.3399024,127.8705313,birth_navi,birth_navi_not_crosschecked,0,0.0,0,1,0,
GCP-11841,なかの助産院,なかの助産院,5,無床助産所,11841,1,1,0,11841,東京都北区滝野川６ー６２ー１ー４０９,09016744274,35.745632,139.7218394,birth_navi,birth_navi_not_crosschecked,0,0.0,0,1,1,
GCP-11842,助産所ままと赤ちゃんの家,助産所ままと赤ちゃんの家,4,有床助産所,11842,1,1,0,11842,栃木県那須塩原市埼玉４５１－１,0287629809,36.9599585,140.0221307,birth_navi,birth_navi_crosschecked_mhlw_within_100m,0,0.0,0,1,1,0946091000017
GCP-11843,助産院ここいやし,助産院ここいやし,4,有床助産所,11843,1,1,0,11843,鹿児島県肝属郡肝付町富山１２７４－７,0994650910,31.3828128,130.9003661,birth_navi,birth_navi_not_crosschecked,0,0.0,0,1,1,
GCP-11844,一般社団法人日本助産所会立　歩助産所,日本助産所会立歩助産所,5,無床助産所,11844,2,1,1,11844;14587,山口県宇部市大字小串130番地8,0836554456,33.9535285,131.2363942,birth_navi,birth_navi_not_crosschecked,0,0.0,1,1,1,
GCP-11845,クバの葉助産院,クバの葉助産院,5,無床助産所,11845,1,1,0,11845,沖縄県宜野湾市宜野湾２－１４－２センチュリーハウスⅡ４０１号室,09075877999,26.2645128,127.7584491,birth_navi,birth_navi_not_crosschecked,0,0.0,1,1,1,
GCP-11846,つぐみ助産院,つぐみ助産院,4,有床助産所,11846,1,1,0,11846,京都府京都市北区西賀茂井ノ口町110－2,09011554808,35.0692155,135.7425833,birth_navi,birth_navi_crosschecked_mhlw_within_100m,0,0.0,1,1,1,2642651100005
GCP-11847,医療法人社団愛弘会みらい助産院,愛弘会みらい助産院,4,有床助産所,11847,1,1,0,11847,千葉県印西市原４－２－１,0476401202,35.7999438,140.1610585,birth_navi,birth_navi_not_crosschecked,0,0.0,1,1,1,
GCP-11848,有理助産院,有理助産院,4,有床助産所,11848,1,1,0,11848,岡山県岡山市南区新福1-6-22,08056222033,34.6290865,133.9343107,birth_navi,birth_navi_crosschecked_mhlw_within_100m,0,0.0,1,1,1,3344330000120
GCP-11849,ははこっこ助産院,ははこっこ助産院,4,有床助産所,11849,1,1,0,11849,宮城県大崎市古川大幡字原田１４－１,0229232200,38.5617398,140.9662282,birth_navi,birth_navi_crosschecked_mhlw_within_100m,0,0.0,1,1,1,044890030
GCP-11851,助産院凮のいろ,助産院凮のいろ,4,有床助産所,11851,1,1,0,11851,岐阜県加茂郡川辺町比久見1278-8,08051122853,35.4995592,137.0822238,birth_navi,birth_navi_crosschecked_mhlw_within_100m,0,0.0,1,1,0,2141654007623
GCP-11852,みちつき助産院,みちつき助産院,4,有床助産所,11852,1,1,0,11852,新潟県新潟市西区五十嵐１の町６３７９－９５,0252630303,37.8764592,138.9457862,birth_navi,birth_navi_not_crosschecked,0,0.0,1,1,1,
GCP-11853,まき助産院,まき助産院,4,有床助産所,11853,1,1,0,11853,静岡県静岡市葵区与一３丁目４番１６号,09078568448,35.0095333,138.3686571,birth_navi,birth_navi_crosschecked_mhlw_within_100m,0,0.0,1,1,1,2245226002830
GCP-11854,さくら咲く助産院　出張専門,さくら咲く助産院出張専門,5,無床助産所,11854,1,1,0,11854,千葉県千葉市美浜区高洲,09084795020,,,,missing_unresolved,0,,0,1,0,
GCP-11855,あお助産院,あお助産院,4,有床助産所,11855,1,1,0,11855,愛知県名古屋市千種区本山町１－１８－２,09051174569,35.1663625,136.9654607,birth_navi,birth_navi_crosschecked_mhlw_within_100m,0,0.0,0,1,1,2344232200100
GCP-11856,つきのみち助産院,つきのみち助産院,5,無床助産所,11856,1,1,0,11856,茨城県那珂市菅谷３９５７－３六川住宅２,0292198841,36.4338347,140.4939272,birth_navi,birth_navi_not_crosschecked,0,0.0,0,1,0,
GCP-11857,ＨＩＮＡ助産院,hina助産院,5,無床助産所,11857,1,1,0,11857,静岡県袋井市高尾町１３－１６,08030745199,34.7437861,137.9255495,birth_navi,birth_navi_crosschecked_mhlw_within_100m,0,0.0,1,1,1,2245227302120
GCP-11858,ひまわり助産院,ひまわり助産院,4,有床助産所,11858,1,1,0,11858,千葉県匝瑳市野手１７１４６ー９３７,0479673132,35.6593311,140.5995362,birth_navi,birth_navi_crosschecked_mhlw_within_100m,0,0.0,0,1,1,1241204891700
GCP-11859,樹の下助産院,樹の下助産院,4,有床助産所,11859,1,1,0,11859,大阪府東大阪市若江北町２丁目８番２７号,09089878825,34.6594724,135.6013787,birth_navi,birth_navi_crosschecked_mhlw_within_100m,0,0.0,0,1,0,2749278005430
GCP-11860,すこやか助産院,すこやか助産院,4,有床助産所,11860,1,1,0,11860,愛知県北名古屋市鹿田廻間８３,0568215503,35.252763,136.8788112,birth_navi,birth_navi_not_crosschecked,0,0.0,0,1,1,
GCP-11861,助産院フジサンバ,助産院フジサンバ,4,有床助産所,11861,1,1,0,11861,山梨県富士吉田市上吉田東４ー１５ー３４,09052149352,35.4721526,138.8061567,birth_navi,birth_navi_not_crosschecked,0,0.0,0,1,0,
GCP-11862,一般社団法人ＺＩＫＯＭＯ　つくい助産院,zikomoつくい助産院,4,有床助産所,11862,1,1,0,11862,神奈川県相模原市緑区又野５３１－７,0427845096,35.5932413,139.2423531,birth_navi,birth_navi_not_crosschecked,0,0.0,0,1,0,
GCP-11863,ウアノア助産院,ウアノア助産院,4,有床助産所,11863,1,1,0,11863,兵庫県姫路市飾磨区上野田４ー１１１ー１,0792343555,34.8060301,134.686239,birth_navi,birth_navi_not_crosschecked,0,0.0,1,1,1,
GCP-11864,あごら助産院,あごら助産院,4,有床助産所,11864,1,1,0,11864,埼玉県越谷市瓦曾根１－１１－１３,0489604777,35.886286,139.7946094,birth_navi,birth_navi_not_crosschecked,0,0.0,0,1,1,
GCP-11865,あかつき助産院,あかつき助産院,5,無床助産所,11865,1,1,0,11865,富山県富山市粟島町２−３−２２,08042515252,36.7225405,137.2298954,birth_navi,birth_navi_not_crosschecked,0,0.0,1,1,1,
GCP-11866,ゆい助産院,ゆい助産院,4,有床助産所,11866,1,1,0,11866,広島県広島市安佐北区可部８丁目６ー８,09097306530,34.5286405,132.5165294,birth_navi,birth_navi_not_crosschecked,0,0.0,0,1,0,
GCP-11867,うるは助産院,うるは助産院,5,無床助産所,11867,1,1,0,11867,静岡県三島市加茂川町２－１３,,35.1255185,138.9221555,birth_navi,birth_navi_not_crosschecked,0,0.0,0,1,0,
GCP-11868,ふね助産院,ふね助産院,4,有床助産所,11868,1,1,0,11868,静岡県静岡市清水区渋川３－２－７,08033445677,35.0174015,138.4677356,birth_navi,birth_navi_not_crosschecked,0,0.0,0,1,1,
GCP-11869,あかね助産院,あかね助産院,5,無床助産所,11869,1,1,0,11869,三重県多気郡多気町笠木６２０,09017468843,34.4893817,136.5795739,birth_navi,birth_navi_crosschecked_mhlw_within_100m,0,0.0,1,1,1,2445240010023
GCP-11870,かつはら助産院,かつはら助産院,4,有床助産所,11870,2,1,1,11870;14126,三重県津市白山町藤８３８ー１,0592627811,34.6291346,136.3136289,birth_navi,birth_navi_crosschecked_mhlw_within_100m,0,0.0,0,1,1,2445240010046
GCP-11871,助産院　ビー・エル・ビー　ホーム,助産院ビーエルビーホーム,4,有床助産所,11871,1,1,0,11871,東京都東村山市久米川町１－３７－２２,0423949482,35.7685139,139.4862046,birth_navi,birth_navi_not_crosschecked,0,0.0,0,1,1,
GCP-11872,ひまわり助産院,ひまわり助産院,5,無床助産所,11872,1,1,0,11872,石川県金沢市泉野出町４丁目１３番２２号,0762424742,36.5349834,136.6516174,birth_navi,birth_navi_not_crosschecked,0,0.0,0,1,0,
GCP-11873,まちかど助産庵co*toiro (こといろ),まちかど助産庵cotoiroこといろ,5,無床助産所,11873,1,1,0,11873,三重県桑名市船馬町６４－２,0594737338,35.0686263,136.6936624,birth_navi,birth_navi_crosschecked_mhlw_within_100m,0,0.0,1,1,1,2445240010005
GCP-11874,東大和助産院,東大和助産院,4,有床助産所,11874,2,1,1,11874;13423,東京都東大和市新堀２―１４９６―２９,0425663266,35.739442,139.4478317,birth_navi,birth_navi_not_crosschecked,0,0.0,0,1,1,
GCP-11875,助産院ウテキアニ,助産院ウテキアニ,4,有床助産所,11875,2,1,1,11875;13857,長野県安曇野市穂高有明４０８２−１,09046686171,36.3440191,137.8572277,birth_navi,birth_navi_not_crosschecked,0,0.0,1,1,1,
GCP-11876,國本助産院,國本助産院,4,有床助産所,11876,1,1,0,11876,兵庫県神戸市中央区山本通３－１５－２,08053106738,34.697177,135.186232,birth_navi,birth_navi_not_crosschecked,0,0.0,0,1,1,
GCP-11877,和　助産院,和助産院,4,有床助産所,11877,2,1,1,11877;12876,静岡県磐田市大久保７３３番地３７,0538380031,34.7710477,137.8514319,birth_navi,birth_navi_not_crosschecked,0,0.0,1,1,1,
GCP-11878,目白助産所,目白助産所,4,有床助産所,11878,1,1,0,11878,東京都豊島区雑司が谷２－２４－１１,0359501523,35.7203226,139.7174111,birth_navi,birth_navi_crosschecked_mhlw_within_100m,0,0.0,0,1,0,1344133700020
GCP-11879,にじいろ助産院,にじいろ助産院,5,無床助産所,11879,1,1,0,11879,福岡県福津市本木１２３０の４,09025890514,33.7571635,130.5306168,birth_navi,birth_navi_not_crosschecked,0,0.0,0,1,1,
GCP-11880,野の花助産所,野の花助産所,4,有床助産所,11880,1,1,0,11880,兵庫県神戸市西区玉津町今津667‐21,0782011548,34.6732292,134.990025,birth_navi,birth_navi_not_crosschecked,0,0.0,1,1,1,
GCP-11881,かふう助産院,かふう助産院,4,有床助産所,11881,2,1,1,11881;14267,大阪府高槻市天王町３１番９号,07044407201,34.8487129,135.6335283,birth_navi,birth_navi_not_crosschecked,0,0.0,1,1,1,
GCP-11882,マユコ助産所,マユコ助産所,4,有床助産所,11882,1,1,0,11882,岡山県瀬戸内市邑久町福谷4086,0869247209,34.6681804,134.1909968,birth_navi,birth_navi_not_crosschecked,0,0.0,1,1,1,
GCP-11883,青柳助産院,青柳助産院,4,有床助産所,11883,1,1,0,11883,奈良県奈良市五条畑１丁目１７ー１０ー１,0742441103,34.6781441,135.7691526,birth_navi,birth_navi_not_crosschecked,0,0.0,0,1,1,
GCP-11884,おはな助産院,おはな助産院,4,有床助産所,11884,1,1,0,11884,静岡県御前崎市白羽６６２１－１０７０,09079164122,34.6045484,138.194862,birth_navi,birth_navi_crosschecked_mhlw_within_100m,0,0.0,1,1,1,2245227301660
GCP-11885,ふじの宮助産院,ふじの宮助産院,5,無床助産所,11885,1,1,0,11885,静岡県富士宮市沼久保６２４－１,09058507306,35.1969642,138.5932476,birth_navi,birth_navi_crosschecked_mhlw_within_100m,0,0.0,0,1,1,2245225801180
GCP-11886,いちご助産院,いちご助産院,4,有床助産所,11886,2,1,1,11886;15117,鹿児島県日置市伊集院町猪鹿倉４８４－９,0992080017,31.6306513,130.4078758,birth_navi,birth_navi_not_crosschecked,0,42.0,1,1,1,
GCP-11887,助産院　陽,助産院陽,4,有床助産所,11887,2,1,1,11887;15025,熊本県阿蘇市一の宮町宮地６１５４－１０仙酔峡ハイツＥ－１,09030770405,32.9306107,131.1068482,birth_navi_manual_confirmation,manual_confirmed_birth_navi,0,0.0,1,1,1,434443560001
GCP-11888,くつろか助産院,くつろか助産院,4,有床助産所,11888,1,1,0,11888,三重県津市久居東鷹跡町１８５－８,0592553258,34.6749658,136.4671468,birth_navi,birth_navi_crosschecked_mhlw_within_100m,0,0.0,0,1,1,2445240000150
GCP-11889,リラ助産院,リラ助産院,5,無床助産所,11889,1,1,0,11889,北海道旭川市神居七条六丁目,09031193256,,,,missing_unresolved,0,,0,1,1,
GCP-11890,おっぱいハウス池田助産院,おっぱいハウス池田助産院,4,有床助産所,11890,1,1,0,11890,宮崎県日南市大字星倉4418番地,0987255545,31.6145538,131.3726904,birth_navi_manual_confirmation,manual_confirmed_birth_navi,0,0.0,1,1,1,4544450400160
GCP-11892,助産院月天心,助産院月天心,5,無床助産所,11892,1,1,0,11892,北海道札幌市厚別区　　現在出張訪問のみ自宅出産のみ,09082736256,,,,missing_unresolved,0,,0,1,0,
GCP-11893,助産院なお,助産院なお,5,無床助産所,11893,1,1,0,11893,岐阜県高山市国府町宇津江２２４３ー１４,09033070826,36.2159791,137.1998488,birth_navi,birth_navi_not_crosschecked,0,0.0,1,0,1,
GCP-11895,深結助産院,深結助産院,4,有床助産所,11895,3,1,2,11895;13809;13834,長野県岡谷市塚間町二丁目三番三号,09018677597,36.0664664,138.0549307,birth_navi,birth_navi_not_crosschecked,0,0.0,0,1,1,
GCP-11896,倉敷医療生活組合　さくらんぼ助産院,倉敷医療生活組合さくらんぼ助産院,4,有床助産所,11896,1,1,0,11896,岡山県倉敷市水島南春日町２－２８,0864481103,34.5420333,133.7418123,birth_navi,birth_navi_not_crosschecked,0,0.0,1,1,1,
GCP-11897,助産院ツルマタニティクリニック,助産院ツルマタニティクリニック,4,有床助産所,11897,1,1,0,11897,兵庫県西宮市市庭町６－１９,0798324103,34.7346976,135.331039,birth_navi,birth_navi_not_crosschecked,0,0.0,0,1,1,
GCP-11898,みまた助産院,みまた助産院,4,有床助産所,11898,1,1,0,11898,宮崎県北諸県郡三股町新馬場２５ー３,0986512085,31.7380649,131.1110203,birth_navi,birth_navi_crosschecked_mhlw_within_100m,0,0.0,1,1,1,4544450200940
GCP-11899,助産院peekaboo,助産院peekaboo,4,有床助産所,11899,1,1,0,11899,山梨県甲府市上阿原町971-1-101,08065546337,35.6514777,138.6085169,birth_navi,birth_navi_crosschecked_mhlw_within_100m,0,0.0,1,1,0,1946191000027
GCP-11900,助産院太陽と月,助産院太陽と月,5,無床助産所,11900,1,1,0,11900,静岡県静岡市清水区,09064669713,,,,missing_unresolved,0,,0,1,1,
GCP-11901,ひだまり助産院,ひだまり助産院,5,無床助産所,11901,1,1,0,11901,岐阜県瑞穂市呂久１０４１,07022191988,35.3897467,136.6399605,birth_navi,birth_navi_crosschecked_mhlw_within_100m,0,0.0,0,1,0,2141634008482
GCP-11902,さくら助産院,さくら助産院,5,無床助産所,11902,1,1,0,11902,埼玉県さいたま市北区日進町２丁目１０１２－１１,0487954568,35.9266569,139.605753,birth_navi,birth_navi_not_crosschecked,0,0.0,0,1,0,
GCP-11903,たんぽぽ助産院,たんぽぽ助産院,4,有床助産所,11903,1,1,0,11903,東京都荒川区荒川１丁目３１−８,09026389406,35.7343765,139.7887468,birth_navi,birth_navi_not_crosschecked,0,0.0,0,1,1,
GCP-11904,春日助産院,春日助産院,4,有床助産所,11904,1,1,0,11904,福岡県朝倉市長谷山１８３,0946238231,33.4665446,130.6864681,birth_navi,birth_navi_not_crosschecked,0,0.0,0,1,0,
GCP-11905,なぎ助産院,なぎ助産院,4,有床助産所,11905,1,1,0,11905,和歌山県岩出市水栖２６４番地の２,0736680320,34.2675511,135.3202322,birth_navi,birth_navi_not_crosschecked,0,0.0,0,1,1,
GCP-11906,あん助産院,あん助産院,4,有床助産所,11906,1,1,0,11906,大阪府枚方市藤阪元町３丁目６−２２,08038206693,34.8197232,135.7027699,birth_navi,birth_navi_crosschecked_mhlw_within_100m,0,0.0,0,1,1,2749278004640
GCP-11907,助産院バースあおば,助産院バースあおば,4,有床助産所,11907,1,1,0,11907,神奈川県横浜市青葉区鴨志田５０９－１中谷都第３ビル１階,0459627967,35.5602994,139.5062622,birth_navi,birth_navi_not_crosschecked,0,0.0,0,1,1,
GCP-11908,助産院笑望,助産院笑望,4,有床助産所,11908,3,1,2,11908;14760;14853,福岡県田川郡福智町赤池２４３ー８,09059288295,33.6929044,130.7697393,birth_navi,birth_navi_not_crosschecked,0,0.0,0,1,1,
GCP-11909,うたな助産所,うたな助産所,4,有床助産所,11909,1,1,0,11909,滋賀県近江八幡市牧町８０８,09067535090,35.1346285,136.0571231,birth_navi,birth_navi_crosschecked_mhlw_within_100m,0,0.0,1,1,1,2546250000390
GCP-11910,さくら助産院,さくら助産院,4,有床助産所,11910,1,1,0,11910,北海道札幌市東区北十六条東十四丁目一番十号,0117211778,43.083182,141.3713264,birth_navi,birth_navi_not_crosschecked,0,0.0,0,1,1,
GCP-11911,あかり助産院,あかり助産院,4,有床助産所,11911,1,1,0,11911,大阪府高槻市南平台１丁目10-22,0726297789,34.8586631,135.5932796,birth_navi,birth_navi_not_crosschecked,0,0.0,1,1,1,
GCP-11912,毛利助産所,毛利助産所,4,有床助産所,11912,1,1,0,11912,兵庫県神戸市東灘区御影石町４丁目１３番３号,0788412040,34.718281,135.25028,birth_navi,birth_navi_not_crosschecked,0,0.0,0,1,1,
GCP-11913,瀧田助産院,瀧田助産院,4,有床助産所,11913,1,1,0,11913,埼玉県越谷市花田２－１７－４,0489643664,35.9117523,139.8008604,birth_navi,birth_navi_crosschecked_mhlw_within_100m,0,0.0,1,1,1,1141120543100
GCP-11914,守谷助産院,守谷助産院,4,有床助産所,11914,1,1,0,11914,茨城県守谷市松ケ丘５丁目２７‐１９,0297454438,35.9425243,139.9838584,birth_navi,birth_navi_not_crosschecked,0,0.0,1,1,1,
GCP-11915,麻の実助産所,麻の実助産所,5,無床助産所,11915,1,1,0,11915,東京都練馬区中村南１－３５－１２,0335770100,35.7301166,139.6460347,birth_navi,birth_navi_not_crosschecked,0,0.0,1,1,0,
GCP-11916,一般社団法人　こうのとり助産院,こうのとり助産院,4,有床助産所,11916,1,1,0,11916,岐阜県美濃市２７１７番地６,0575310703,35.5293805,136.9081114,birth_navi,birth_navi_not_crosschecked,0,0.0,1,1,1,
GCP-11917,助産院母魂,助産院母魂,4,有床助産所,11917,2,1,1,11917;13179,埼玉県春日部市不動院野１４８４－２８,09012664647,35.9961463,139.7701631,birth_navi,birth_navi_crosschecked_mhlw_within_100m,0,0.0,1,1,1,1141126057200
GCP-11918,よしみ助産院,よしみ助産院,4,有床助産所,11918,2,1,1,11918;13772,長野県飯田市立石７１０,09083267045,35.4328968,137.7870309,birth_navi,birth_navi_crosschecked_mhlw_within_100m,0,0.0,1,1,1,2045205700520
GCP-11919,宮岡助産所,宮岡助産所,4,有床助産所,11919,1,1,0,11919,東京都昭島市美堀町２丁目１２－９,09090127072,35.7231377,139.3614364,birth_navi,birth_navi_crosschecked_mhlw_within_100m,0,0.0,1,1,1,1344137200000
GCP-11920,さいたま助産院,さいたま助産院,4,有床助産所,11920,1,1,0,11920,埼玉県さいたま市北区宮原町４－１３８－１１,0486513319,35.950775,139.6019329,birth_navi,birth_navi_crosschecked_mhlw_within_100m,0,0.0,1,1,1,1141105351800
GCP-11921,ぶどうの木助産院,ぶどうの木助産院,5,無床助産所,11921,1,1,0,11921,静岡県静岡市駿河区中村町１６の４,09058513843,34.9545768,138.3932711,birth_navi,birth_navi_not_crosschecked,0,0.0,1,1,1,
GCP-11922,やすらぎの森木村助産院,やすらぎの森木村助産院,5,無床助産所,11922,1,1,0,11922,京都府京都市伏見区日野畑出町50,09011419610,34.9333222,135.8164385,birth_navi,birth_navi_crosschecked_mhlw_within_100m,0,0.0,1,1,0,2642651000006
GCP-11923,助産院カンガルーホーム,助産院カンガルーホーム,4,有床助産所,11923,1,1,0,11923,奈良県生駒郡平群町三里１３９－９,0745611135,34.6253237,135.7105579,birth_navi,birth_navi_not_crosschecked,0,0.0,1,1,1,
GCP-11924,いかだい助産所,いかだい助産所,5,無床助産所,11924,1,1,0,11924,東京都北区,08050646003,,,,missing_unresolved,0,,1,1,1,
GCP-11925,松永助産院,松永助産院,4,有床助産所,11925,1,1,0,11925,埼玉県川越市１丁目１８ー３,0492315182,35.9049112,139.4801917,birth_navi,birth_navi_not_crosschecked,0,0.0,0,1,0,
GCP-11926,きらり助産院,きらり助産院,4,有床助産所,11926,1,1,0,11926,栃木県那須塩原市四区町７２７番地２６１,0287477754,36.8959567,139.943327,birth_navi,birth_navi_crosschecked_mhlw_within_100m,0,0.0,1,1,1,0946091000065
GCP-11927,助産所ドゥーラえむあい,助産所ドゥーラえむあい,4,有床助産所,11927,2,1,1,11927;13840,長野県伊那市日影534-1,0265989611,35.8342259,137.9788178,birth_navi_manual_confirmation,manual_confirmed_birth_navi,0,0.0,1,1,1,2045200000130
GCP-11928,さかえ助産院,さかえ助産院,5,無床助産所,11928,1,1,0,11928,富山県砺波市大門５２３－２,0763325903,36.6216921,136.9668855,birth_navi,birth_navi_not_crosschecked,0,0.0,1,1,1,
GCP-11929,とべ助産院,とべ助産院,4,有床助産所,11929,1,1,0,11929,茨城県那珂郡東海村須和間１３１５－２,0292293541,36.4521648,140.5543767,birth_navi,birth_navi_crosschecked_mhlw_within_100m,0,0.0,1,1,1,0846081000043
GCP-11930,としの助産院,としの助産院,4,有床助産所,11930,2,1,1,11930;13404,東京都町田市東玉川学園２ー２８ー５０,0427391951,35.5533472,139.473331,birth_navi,birth_navi_not_crosschecked,0,0.0,0,1,1,
GCP-11931,どんぐり助産院,どんぐり助産院,4,有床助産所,11931,3,1,2,11931;13675;14702,石川県白山市荒屋町に９５－３,0762077451,36.4827237,136.6066163,birth_navi,birth_navi_crosschecked_mhlw_within_100m,0,0.0,1,1,1,1742140003
GCP-11932,まつだ助産院,まつだ助産院,4,有床助産所,11932,1,1,0,11932,兵庫県加西市福住町７４９,0790460889,34.9034887,134.8117005,birth_navi,birth_navi_crosschecked_mhlw_within_100m,0,0.0,0,1,1,2847280000470
GCP-11933,滝澤助産所,滝澤助産所,5,無床助産所,11933,1,1,0,11933,群馬県吾妻郡嬬恋村鎌原５７５－１,0279973693,36.5198576,138.550356,birth_navi,birth_navi_crosschecked_mhlw_within_100m,0,0.0,0,1,0,1046101000045
GCP-11934,お産の家助産院,お産の家助産院,5,無床助産所,11934,1,1,0,11934,愛知県岡崎市庄子田２丁目１番地１０,0564642113,34.9192206,137.1673737,birth_navi,birth_navi_not_crosschecked,0,0.0,1,1,1,
GCP-11935,ふじ助産院,ふじ助産院,4,有床助産所,11935,1,1,0,11935,奈良県天理市西長柄町３８８－２,0743673765,34.5760722,135.8229983,birth_navi,birth_navi_crosschecked_mhlw_within_100m,0,0.0,1,1,1,2945105000000
GCP-11936,出張助産院　Ｌａ　Ｍａｈｉｎａ,出張助産院lamahina,5,無床助産所,11936,1,1,0,11936,佐賀県武雄市北方町志久1323,08043085197,33.2318275,130.0864246,birth_navi,birth_navi_not_crosschecked,0,0.0,0,1,0,
GCP-11937,暁～あかつき～助産院,暁あかつき助産院,5,無床助産所,11937,1,1,0,11937,岐阜県各務原市蘇原東島町２ー５ー２,09034468061,35.4151149,136.8758219,birth_navi,birth_navi_not_crosschecked,0,0.0,0,1,0,
GCP-11938,かとう助産院,かとう助産院,4,有床助産所,11938,2,1,1,11938;14050,愛知県半田市向山町１丁目１１０,0569580311,34.9098946,136.950566,birth_navi,birth_navi_not_crosschecked,0,0.0,0,1,1,
GCP-11939,motherゆり助産所,motherゆり助産所,4,有床助産所,11939,1,1,0,11939,大阪府大阪市生野区巽南３－１２－９,0667512222,34.6418638,135.5522331,birth_navi,birth_navi_not_crosschecked,0,0.0,0,1,1,
GCP-11940,稲田助産院,稲田助産院,4,有床助産所,11940,1,1,0,11940,神奈川県川崎市多摩区菅稲田堤３－４－１,0449455560,35.6332858,139.5403157,birth_navi,birth_navi_crosschecked_mhlw_within_100m,0,0.0,1,1,1,1441409284000
GCP-11941,ほほえみハウス,ほほえみハウス,4,有床助産所,11941,1,1,0,11941,静岡県掛川市高御所１６５２,0537295512,34.7626237,137.9908822,birth_navi,birth_navi_crosschecked_mhlw_within_100m,0,0.0,0,1,1,2245227301820
GCP-11942,一般社団法人 愛媛助産師会 まつやま助産院,愛媛助産師会まつやま助産院,4,有床助産所,11942,1,1,0,11942,愛媛県松山市中一万町２－１,0899456671,33.8463687,132.7748418,birth_navi,birth_navi_crosschecked_mhlw_within_100m,0,0.0,1,1,1,3845383100100
GCP-11944,とくおか助産院,とくおか助産院,4,有床助産所,11944,1,1,0,11944,東京都日野市東平山２－１６－４,0425811526,35.6509816,139.3769043,birth_navi,birth_navi_crosschecked_mhlw_within_100m,0,0.0,0,1,0,1344139100062
GCP-11945,助産院しんかい,助産院しんかい,4,有床助産所,11945,1,1,0,11945,京都府木津川市木津川原田３－７,0774733041,34.732603,135.821331,birth_navi,birth_navi_crosschecked_mhlw_within_100m,0,0.0,0,1,1,2642651000093
GCP-11946,まつば助産院,まつば助産院,4,有床助産所,11946,1,1,0,11946,長野県松本市波田５８３８－１７,0263911167,36.1962756,137.8644619,birth_navi,birth_navi_crosschecked_mhlw_within_100m,0,0.0,0,1,1,2045200000380
GCP-11947,産屋（助産所）,産屋助産所,4,有床助産所,11947,1,1,0,11947,兵庫県芦屋市西山町１２－７,0797615018,34.7373611,135.299882,birth_navi,birth_navi_not_crosschecked,0,0.0,0,1,0,
GCP-11948,プロジェクト・マム さくらの里助産院,プロジェクトマムさくらの里助産院,4,有床助産所,11948,2,1,1,11948;15408,長崎県長崎市さくらの里１丁目１９－５０,0958500775,32.8306177,129.770595,birth_navi,birth_navi_crosschecked_mhlw_within_100m,0,0.0,0,1,1,424bna0002
GCP-11949,天白助産所,天白助産所,4,有床助産所,11949,2,1,1,11949;14030,愛知県名古屋市天白区海老山町２２１８,0528470243,35.1136084,136.9740465,birth_navi,birth_navi_crosschecked_mhlw_within_100m,0,0.0,0,1,1,2344232500140
GCP-11950,こうのとり助産院,こうのとり助産院,4,有床助産所,11950,1,1,0,11950,栃木県大田原市中田原４９９－１３,0287487775,36.8718161,140.0462551,birth_navi,birth_navi_not_crosschecked,0,0.0,1,1,1,
GCP-11951,一般社団法人 子育てサポートハウス marimo助産院,子育てサポートハウスmarimo助産院,4,有床助産所,11951,1,1,0,11951,神奈川県相模原市南区文京２丁目７－２,0427664381,35.533744,139.422909,birth_navi,birth_navi_crosschecked_mhlw_within_100m,0,0.0,1,0,1,1441411469000
GCP-11952,空助産院,空助産院,4,有床助産所,11952,1,1,0,11952,岐阜県羽島市下中町加賀野井４８３,0583981132,35.2961798,136.7187927,birth_navi,birth_navi_crosschecked_mhlw_100_500m,0,0.0,0,1,0,2141634006270
GCP-11954,天子助産院,天子助産院,4,有床助産所,11954,1,1,0,11954,大阪府大阪市住之江区粉浜２－１－１９,08049413861,34.6180608,135.4907221,birth_navi,birth_navi_not_crosschecked,0,0.0,0,1,0,
GCP-11955,津田助産院,津田助産院,4,有床助産所,11955,1,1,0,11955,大阪府岸和田市下野町２－２－１,0724686630,34.4716191,135.3795767,birth_navi,birth_navi_not_crosschecked,0,0.0,1,1,1,
GCP-11956,広域紋別病院,広域紋別病院,1,病院,11956,1,1,0,11956,北海道紋別市落石町１丁目３番３７号,0158243111,44.3621319,143.347045,birth_navi,birth_navi_not_crosschecked,0,0.0,1,1,1,
GCP-11957,公立阿伎留医療センター,公立阿伎留医療センター,1,病院,11957,1,1,0,11957,東京都あきる野市引田78-1,0425580321,35.7321691,139.2725738,birth_navi,birth_navi_crosschecked_mhlw_within_100m,0,0.0,0,1,1,1311137200240
GCP-11958,藤沢市民病院,藤沢市民病院,1,病院,11958,1,1,0,11958,神奈川県藤沢市藤沢２－６－１,0466253111,35.3506356,139.4814393,birth_navi,birth_navi_crosschecked_mhlw_within_100m,0,0.0,1,1,0,1411410064900
GCP-11959,唐津赤十字病院,唐津赤十字病院,1,病院,11959,1,1,0,11959,佐賀県唐津市和多田２４３０,0955725111,33.4343389,129.9741674,birth_navi,birth_navi_crosschecked_mhlw_within_100m,0,0.0,0,1,1,4111415502990
GCP-11960,長崎県壱岐病院,長崎県壱岐病院,1,病院,11960,1,1,0,11960,長崎県壱岐市郷ノ浦町東触1626,0920471131,33.7564005,129.7021163,birth_navi,birth_navi_crosschecked_mhlw_within_100m,0,0.0,1,1,1,421hik0008
GCP-11962,荒尾市立有明医療センター,荒尾市立有明医療センター,1,病院,11962,1,1,0,11962,熊本県荒尾市荒尾２６００,0968631115,32.9756094,130.4472562,birth_navi,birth_navi_crosschecked_mhlw_within_100m,0,0.0,0,1,1,431143530011
GCP-11964,公立八女総合病院,公立八女総合病院,1,病院,11964,1,1,0,11964,福岡県八女市高塚540番地2,0943234131,33.2062529,130.5603101,birth_navi,birth_navi_crosschecked_mhlw_within_100m,0,0.0,1,1,1,4011400001110
GCP-11966,北海道立子ども総合医療・療育センター,北海道立子ども総合医療療育センター,1,病院,11966,1,1,0,11966,北海道札幌市手稲区金山１条１丁目２４０番６,0116915696,43.1292858,141.2101715,birth_navi,birth_navi_not_crosschecked,0,0.0,0,1,1,
GCP-11967,竹田綜合病院,竹田綜合病院,1,病院,11967,1,1,0,11967,福島県会津若松市山鹿町３－２７,0242275511,37.489516,139.9218125,birth_navi,birth_navi_crosschecked_mhlw_within_100m,0,0.0,1,1,1,0710710000058
GCP-11969,医療法人社団軽井沢西部総合病院　産院音々,軽井沢西部総合病院産院音々,1,病院,11969,1,1,0,11969,長野県北佐久郡御代田町大字御代田４１０７－４０,0267324711,36.311661,138.5153627,birth_navi,birth_navi_not_crosschecked,0,0.0,0,1,1,
GCP-11970,医療法人社団協友会　千葉愛友会記念病院,協友会千葉愛友会記念病院,1,病院,11970,1,1,0,11970,千葉県流山市鰭ケ崎１－１,0471591611,35.836643,139.911635,mhlw_iryou_information_net_manual_confirmation,manual_confirmed_mhlw_iryou_information_net,0,0.0,1,1,1,1211201365000
GCP-11972,医療法人社団飯野病院,飯野病院,1,病院,11972,1,1,0,11972,東京都調布市布田4-3-2,0424838811,35.6512323,139.5450574,birth_navi,birth_navi_crosschecked_mhlw_within_100m,0,0.0,1,1,1,1311137700610
GCP-11973,医療法人明保会江幡産婦人科・内科病院,明保会江幡産婦人科内科病院,1,病院,11973,1,1,0,11973,茨城県水戸市備前町４番１１号,0292243223,36.3760279,140.4645754,birth_navi,birth_navi_crosschecked_mhlw_within_100m,0,0.0,1,1,1,081108510092
GCP-11974,医療法人仁悠会吉川病院,仁悠会吉川病院,1,病院,11974,1,1,0,11974,大阪府堺市北区東三国ヶ丘町４－１－２５,0722590100,34.5694907,135.5005206,birth_navi,birth_navi_not_crosschecked,0,0.0,0,1,1,
GCP-11975,健和会大手町病院,健和会大手町病院,1,病院,11975,1,1,0,11975,福岡県北九州市小倉北区大手町１３番１,0935925511,33.8754341,130.868441,birth_navi,birth_navi_crosschecked_mhlw_100_500m,0,0.0,1,1,1,4012400500080
GCP-11976,医療法人慈徳会真田病院,慈徳会真田病院,1,病院,11976,2,1,1,11976;14573,広島県広島市南区皆実町三丁目１３－２１,0822531291,34.3748424,132.4653274,birth_navi,birth_navi_not_crosschecked,0,0.0,0,1,1,
GCP-11979,あべクリニック産科婦人科,あべクリニック産科婦人科,2,有床診療所,11979,1,1,0,11979,宮城県石巻市大街道西２－１－８０,0225223322,38.431996,141.2758422,birth_navi,birth_navi_not_crosschecked,0,0.0,0,1,0,
GCP-11980,医療法人社団豊和会豊岡産科婦人科医院,豊和会豊岡産科婦人科医院,2,有床診療所,11980,1,1,0,11980,北海道旭川市豊岡４条１丁目１－１０,0166316801,43.7604622,142.3897815,birth_navi,birth_navi_not_crosschecked,0,0.0,0,1,0,
GCP-11981,あきたレディースクリニック安田,あきたレディースクリニック安田,2,有床診療所,11981,3,1,2,11981;12866;15423,秋田県秋田市土崎港中央一丁目１７番１１号,0188537535,39.7530695,140.0684962,birth_navi,birth_navi_crosschecked_mhlw_within_100m,0,0.0,0,1,1,0522050502660
GCP-11982,やかべ産婦人科医院,やかべ産婦人科医院,2,有床診療所,11982,1,1,0,11982,山口県下関市秋根西町１丁目６番２５号,0832570303,34.0085847,130.9462121,birth_navi,birth_navi_not_crosschecked,0,0.0,0,1,0,
GCP-11983,聖マリアクリニック本院,聖マリアクリニック本院,2,有床診療所,11983,1,1,0,11983,神奈川県横浜市戸塚区品濃町５０９－３,0458206303,35.425866,139.5589937,birth_navi,birth_navi_crosschecked_mhlw_within_100m,0,0.0,0,1,0,1421421763500
GCP-11984,医療法人社団三餘会　五井レディースクリニック,三餘会五井レディースクリニック,2,有床診療所,11984,1,1,0,11984,千葉県市原市五井２２９０,0436223770,35.5211441,140.0858753,birth_navi,birth_navi_crosschecked_mhlw_within_100m,0,0.0,0,1,1,1221204686800
GCP-11985,小竹産婦人科医院,小竹産婦人科医院,2,有床診療所,11985,1,1,0,11985,千葉県柏市南柏 ２－４－１９,0471444701,35.8460159,139.9548173,birth_navi,birth_navi_crosschecked_mhlw_within_100m,0,0.0,0,1,0,1221205019900
GCP-11986,医療法人令明会ゆりレディスクリニック,令明会ゆりレディスクリニック,2,有床診療所,11986,1,1,0,11986,岐阜県岐阜市前一色西町４－１,0582461011,35.4084217,136.7943039,birth_navi,birth_navi_crosschecked_mhlw_within_100m,0,0.0,0,0,1,2121342001559
GCP-11988,医療法人　とみおかレディースクリニック,とみおかレディースクリニック,2,有床診療所,11988,1,1,0,11988,福岡県久留米市中央町８ー３９,0942396678,33.3175966,130.5025717,birth_navi,birth_navi_crosschecked_mhlw_within_100m,0,0.0,1,1,1,4022400071010
GCP-11989,医）ＭＡＬＣ松口レディースクリニック,医malc松口レディースクリニック,2,有床診療所,11989,1,1,0,11989,福岡県福岡市早良区干隈３－１４－１,0928615109,33.5540398,130.3484486,birth_navi,birth_navi_not_crosschecked,0,0.0,0,1,0,
GCP-11990,医療法人社団ながやレディースクリニック,ながやレディースクリニック,2,有床診療所,11990,1,1,0,11990,山口県山口市黒川475-1,0839217753,34.1384388,131.4467699,birth_navi,birth_navi_not_crosschecked,0,0.0,0,1,1,
GCP-11991,あんずクリニック産婦人科,あんずクリニック産婦人科,2,有床診療所,11991,1,1,0,11991,静岡県磐田市大久保８９６－３９,0538380301,34.7534346,137.8566191,birth_navi,birth_navi_not_crosschecked,0,0.0,0,1,1,
GCP-11992,打吹公園クリニック,打吹公園クリニック,2,有床診療所,11992,2,1,1,11992;14477,鳥取県倉吉市仲ノ町７７０,0858223790,35.4314738,133.8216836,birth_navi,birth_navi_not_crosschecked,0,0.0,0,1,1,
GCP-11993,岩田産婦人科医院,岩田産婦人科医院,2,有床診療所,11993,1,1,0,11993,埼玉県秩父市番場町１３－１,0494241336,35.9954838,139.0835832,birth_navi,birth_navi_crosschecked_mhlw_within_100m,0,0.0,0,1,1,1121108767600
GCP-11995,村井産婦人科小児歯科医院,村井産婦人科小児歯科医院,2,有床診療所,11995,1,1,0,11995,岩手県盛岡市向中野八丁目8番46号,0196362211,39.6721025,141.1397469,birth_navi,birth_navi_crosschecked_mhlw_within_100m,0,0.0,1,1,1,03203201321
GCP-11996,医療法人ささや産婦人科,ささや産婦人科,2,有床診療所,11996,1,1,0,11996,福島県福島市笹谷字才ノ神17-1,0245571115,37.7946229,140.4302592,birth_navi,birth_navi_not_crosschecked,0,0.0,0,1,1,
GCP-11997,メーラ．レディスクリニック,メーラレディスクリニック,2,有床診療所,11997,1,1,0,11997,青森県弘前市東長町６０－２,0172311882,40.6063285,140.4733431,birth_navi,birth_navi_not_crosschecked,0,0.0,0,1,1,
GCP-11998,医療法人孝知会芦原産婦人科クリニック,孝知会芦原産婦人科クリニック,2,有床診療所,11998,1,1,0,11998,大阪府枚方市養父西町１５－１５,0728570010,34.847366,135.6714424,birth_navi,birth_navi_crosschecked_mhlw_within_100m,0,0.0,0,1,1,2722270055580
GCP-11999,医療法人社団ルクール　ベリエの丘クリニック,ルクールベリエの丘クリニック,2,有床診療所,11999,1,1,0,11999,東京都稲城市若葉台2-14-2,0423507350,35.620828,139.4757381,birth_navi,birth_navi_crosschecked_mhlw_within_100m,0,0.0,1,1,1,1322139100013
GCP-12000,おおしおウィメンズクリニック,おおしおウィメンズクリニック,2,有床診療所,12000,1,1,0,12000,千葉県浦安市北栄 １－５－２３,0473545551,35.6660909,139.8954286,birth_navi,birth_navi_not_crosschecked,0,0.0,1,1,1,
GCP-12001,はやかわクリニック,はやかわクリニック,2,有床診療所,12001,1,1,0,12001,茨城県ひたちなか市津田1952-1,0293544114,36.4137644,140.5085159,birth_navi,birth_navi_not_crosschecked,0,0.0,1,1,1,
GCP-12002,奥平産婦人科医院,奥平産婦人科医院,2,有床診療所,12002,1,1,0,12002,沖縄県宮古島市平良下里１２５９－１,0980723026,24.7955797,125.2854702,birth_navi,birth_navi_not_crosschecked,0,0.0,1,1,1,
GCP-12003,みなみ野グリーンゲイブルズクリニック,みなみ野グリーンゲイブルズクリニック,2,有床診療所,12003,1,1,0,12003,東京都八王子市大船町1001,0426631101,35.6310705,139.3167208,birth_navi_manual_confirmation,manual_confirmed_birth_navi,0,0.0,1,1,1,1322137300074
GCP-12004,医療法人 慶桜会 大塚産婦人科小児科医院,慶桜会大塚産婦人科小児科医院,2,有床診療所,12004,1,1,0,12004,埼玉県新座市片山１－１６－３,0484797802,35.7684812,139.5646423,birth_navi,birth_navi_crosschecked_mhlw_within_100m,0,0.0,0,1,1,1121100865200
GCP-12005,斎藤産婦人科医院,斎藤産婦人科医院,2,有床診療所,12005,1,1,0,12005,熊本県菊池市片角２９４－２,0968241177,32.9771554,130.8143962,birth_navi,birth_navi_crosschecked_mhlw_within_100m,0,0.0,0,1,1,432243550278
GCP-12006,新生産婦人科医院,新生産婦人科医院,2,有床診療所,12006,1,1,0,12006,群馬県伊勢崎市茂呂町2-3500-4,0270231333,36.2997586,139.2076941,birth_navi,birth_navi_not_crosschecked,0,0.0,1,1,1,
GCP-12007,平間産婦人科医院,平間産婦人科医院,2,有床診療所,12007,1,1,0,12007,茨城県筑西市甲９５－５,0296223741,36.30848,139.9769708,birth_navi,birth_navi_not_crosschecked,0,0.0,0,1,1,
GCP-12008,医療法人井上医院,井上医院,2,有床診療所,12008,1,1,0,12008,岡山県岡山市中区関２２,0862011515,34.6753153,133.9720053,birth_navi,birth_navi_crosschecked_mhlw_within_100m,0,0.0,1,1,1,3322330005300
GCP-12009,ベルンの森クリニック,ベルンの森クリニック,2,有床診療所,12009,1,1,0,12009,東京都町田市小山ヶ丘4-3-1,0427753553,35.6037721,139.36455,birth_navi,birth_navi_not_crosschecked,0,0.0,1,1,1,
GCP-12010,手山産婦人科,手山産婦人科,2,有床診療所,12010,1,1,0,12010,山口県防府市栄町１丁目８－７,0835220188,34.0555852,131.5708326,birth_navi,birth_navi_not_crosschecked,0,0.0,1,1,1,
GCP-12012,医療法人産育会　厚川医院,産育会厚川医院,2,有床診療所,12012,1,1,0,12012,埼玉県川口市戸塚２－４－１０,0482952800,35.8706851,139.7450308,birth_navi,birth_navi_crosschecked_mhlw_within_100m,0,0.0,0,1,0,1121100256500
GCP-12013,医療法人とちの木会栃木産科婦人科医院,とちの木会栃木産科婦人科医院,2,有床診療所,12013,1,1,0,12013,栃木県足利市錦町１４,0284413378,36.329636,139.4633725,birth_navi,birth_navi_not_crosschecked,0,0.0,1,1,0,
GCP-12014,美和レディースクリニック,美和レディースクリニック,2,有床診療所,12014,1,1,0,12014,神奈川県大和市南林間７－２０－３０,0462721103,35.494035,139.4359501,birth_navi,birth_navi_crosschecked_mhlw_within_100m,0,0.0,1,1,0,1421426516800
GCP-12015,医療法人BIGWELLおおいウィメンズクリニック,bigwellおおいウィメンズクリニック,2,有床診療所,12015,1,1,0,12015,神奈川県横浜市鶴見区馬場7-16-14,0455733111,35.5099744,139.6432764,birth_navi,birth_navi_not_crosschecked,0,0.0,0,1,0,
GCP-12016,医社）清雅会 ＳｈｉｍｉｚｕＭＣ,医社清雅会shimizumc,2,有床診療所,12016,1,1,0,12016,東京都江戸川区平井６－２－３０,0336135555,35.7045264,139.8373353,birth_navi,birth_navi_not_crosschecked,0,0.0,0,1,0,
GCP-12017,医療法人　藤優会　藤井レディースクリニック,藤優会藤井レディースクリニック,2,有床診療所,12017,1,1,0,12017,群馬県太田市東矢島町1184-1,0276603111,36.2713616,139.384237,birth_navi,birth_navi_crosschecked_mhlw_within_100m,0,0.0,1,1,0,1022100001463
GCP-12018,医療法人　秋桜会　おさきマタニティクリニック,秋桜会おさきマタニティクリニック,2,有床診療所,12018,1,1,0,12018,大阪府貝塚市堀２丁目１９番地１５号,0724231103,34.450652,135.364747,birth_navi,birth_navi_crosschecked_mhlw_within_100m,0,0.0,1,1,1,2722270124660
GCP-12019,マザーズクリニック ＴＡＭＵＲＡ,マザーズクリニックtamura,2,有床診療所,12019,1,1,0,12019,群馬県前橋市小屋原町５８４－１,0272668803,36.3547082,139.1306335,birth_navi,birth_navi_not_crosschecked,0,0.0,0,1,1,
GCP-12020,央優会レディースクリニック,央優会レディースクリニック,2,有床診療所,12020,1,1,0,12020,神奈川県相模原市南区東林間4丁目９－１,0427487651,35.521009,139.4383329,birth_navi,birth_navi_not_crosschecked,0,0.0,1,1,1,
GCP-12021,牧田産婦人科医院,牧田産婦人科医院,2,有床診療所,12021,1,1,0,12021,埼玉県新座市あたご３－３－１７,0484781151,35.793751,139.5435569,birth_navi,birth_navi_crosschecked_mhlw_within_100m,0,0.0,0,1,0,1121100859800
GCP-12022,医療法人新田クリニック,新田クリニック,2,有床診療所,12022,1,1,0,12022,沖縄県那覇市前島1-14-3,0988630073,26.2217646,127.6864905,birth_navi,birth_navi_not_crosschecked,0,0.0,1,1,1,
GCP-12023,あおのウイメンズクリニック,あおのウイメンズクリニック,2,有床診療所,12023,1,1,0,12023,神奈川県横浜市戸塚区戸塚町４２１１,0458624103,35.3965355,139.5300899,birth_navi_manual_confirmation,manual_confirmed_birth_navi,0,0.0,1,1,0,1421427002100
GCP-12024,医療法人福仁会ウエナエ産婦人科,福仁会ウエナエ産婦人科,2,有床診療所,12024,1,1,0,12024,大阪府大阪市西区九条南２－３２－７,0665815382,34.6707465,135.4723654,birth_navi,birth_navi_crosschecked_mhlw_within_100m,0,0.0,0,1,0,2722270025280
GCP-12025,駒医院,駒医院,2,有床診療所,12025,1,1,0,12025,千葉県木更津市木更津３－２－２８,0438235311,35.3811851,139.9353104,birth_navi,birth_navi_crosschecked_mhlw_within_100m,0,0.0,1,1,1,1221204208000
GCP-12026,羽村ひまわりクリニック,羽村ひまわりクリニック,2,有床診療所,12026,1,1,0,12026,東京都羽村市五ノ神351-30,0425551103,35.7694746,139.3315179,birth_navi,birth_navi_not_crosschecked,0,0.0,1,1,1,
GCP-12027,医療法人宝マタニティクリニック,宝マタニティクリニック,2,有床診療所,12027,1,1,0,12027,長崎県長崎市東町1732-1,0958387117,32.777127,129.9549928,birth_navi,birth_navi_crosschecked_mhlw_within_100m,0,0.0,1,1,1,422cna0252
GCP-12028,熊本バースクリニック,熊本バースクリニック,2,有床診療所,12028,1,1,0,12028,熊本県熊本市南区八幡５ー１０ー２３,0963202334,32.745973,130.680675,mhlw_iryou_information_net_manual_confirmation,manual_confirmed_mhlw_iryou_information_net,0,0.0,1,1,1,432243335060
GCP-12029,医療法人　いづみレディスクリニック,いづみレディスクリニック,2,有床診療所,12029,1,1,0,12029,福岡県久留米市新合川２ー８ー３３,0942452300,33.3189105,130.5442389,birth_navi,birth_navi_crosschecked_mhlw_within_100m,0,0.0,1,0,1,4022400016290
GCP-12030,医療法人社団陽南会くらもちレディースクリニック,陽南会くらもちレディースクリニック,2,有床診療所,12030,1,1,0,12030,千葉県船橋市芝山3丁目1番地８,0474635903,35.7188109,140.0188773,birth_navi,birth_navi_not_crosschecked,0,0.0,1,1,1,
GCP-12031,医療法人産婦人科細田クリニック,産婦人科細田クリニック,2,有床診療所,12031,1,1,0,12031,京都府京都市右京区西京極南大入町８８番地,0753220311,34.9962953,135.7163863,birth_navi,birth_navi_not_crosschecked,0,0.0,0,1,0,
GCP-12032,医療法人宗像セントラルクリニック,宗像セントラルクリニック,2,有床診療所,12032,1,1,0,12032,福岡県宗像市宮田２－１１－１０,0940357800,33.7916118,130.5665873,birth_navi,birth_navi_crosschecked_mhlw_within_100m,0,0.0,1,1,1,4022400004310
GCP-12034,医療法人保倉産婦人科医院,保倉産婦人科医院,2,有床診療所,12034,3,1,2,12034;13785;13863,長野県中野市小田中２１０－２,0269225000,36.7399581,138.3732674,birth_navi,birth_navi_crosschecked_mhlw_within_100m,0,0.0,1,1,1,2022206501260
GCP-12035,医療法人　曽我産婦人科,曽我産婦人科,2,有床診療所,12035,1,1,0,12035,京都府宇治市伊勢田町大谷61-22,0774200006,34.8869246,135.7813931,birth_navi,birth_navi_crosschecked_mhlw_within_100m,0,0.0,1,1,1,2622620002088
GCP-12036,医療法人仁愛会川村産婦人科,仁愛会川村産婦人科,2,有床診療所,12036,1,1,0,12036,京都府京都市左京区下鴨高木町４０,0757810029,35.0441301,135.7762409,birth_navi,birth_navi_crosschecked_mhlw_100_500m,0,0.0,0,1,1,2622620000931
GCP-12037,医療法人長野醫院長野産婦人科クリニック,長野醫院長野産婦人科クリニック,2,有床診療所,12037,1,1,0,12037,福岡県福岡市西区北原２－８－５,0928072022,33.5804922,130.2538993,birth_navi,birth_navi_not_crosschecked,0,0.0,0,1,0,
GCP-12038,たらみエンゼルレディースクリニック,たらみエンゼルレディースクリニック,2,有床診療所,12038,2,1,1,12038;14919,長崎県諫早市多良見町化屋８７９－４,0957434330,32.832736,129.9836704,birth_navi,birth_navi_not_crosschecked,0,0.0,1,1,1,
GCP-12039,倉智産婦人科,倉智産婦人科,2,有床診療所,12039,1,1,0,12039,兵庫県西宮市甲子園八番町2-16,0798414740,34.7187191,135.3622982,birth_navi,birth_navi_not_crosschecked,0,0.0,1,1,0,
GCP-12042,渕レディスクリニック,渕レディスクリニック,2,有床診療所,12042,1,1,0,12042,長崎県長崎市麹屋町２−１６,0958221103,32.7487825,129.8829789,birth_navi,birth_navi_crosschecked_mhlw_within_100m,0,0.0,1,1,1,422cna0437
GCP-12043,玉石産婦人科,玉石産婦人科,2,有床診療所,12043,1,1,0,12043,三重県伊勢市御薗町長屋2049,0596225656,34.506829,136.7125888,birth_navi,birth_navi_not_crosschecked,0,0.0,0,1,1,
GCP-12044,医療法人中野産婦人科,中野産婦人科,2,有床診療所,12044,1,1,0,12044,奈良県奈良市四条大路一丁目３番５７号,0742300039,34.6816189,135.8042168,birth_navi,birth_navi_crosschecked_mhlw_within_100m,0,0.0,1,1,0,2922304100000
GCP-12045,いまむらウィミンズクリニック,いまむらウィミンズクリニック,2,有床診療所,12045,1,1,0,12045,長崎県長崎市大浦町１番２６号,0958242075,32.7379808,129.8710339,birth_navi,birth_navi_crosschecked_mhlw_within_100m,0,0.0,0,1,1,422cna0701
GCP-12046,池田産科－ＹＯＵ－婦人科医院,池田産科you婦人科医院,2,有床診療所,12046,1,1,0,12046,長崎県長崎市矢上町３１－６,0958133535,32.7781246,129.9520636,birth_navi,birth_navi_not_crosschecked,0,0.0,0,1,1,
GCP-12048,Ａｎｄ坂本女性クリニック,and坂本女性クリニック,2,有床診療所,12048,2,1,1,12048;15014,熊本県玉名市高瀬３８,0968742045,32.9311327,130.5652584,birth_navi,birth_navi_crosschecked_mhlw_within_100m,0,0.0,0,1,1,432243520123
GCP-12049,医療法人　川合産婦人科,川合産婦人科,2,有床診療所,12049,1,1,0,12049,愛知県名古屋市西区坂井戸町191番地,0525021501,35.2156087,136.8908288,birth_navi,birth_navi_crosschecked_mhlw_within_100m,0,0.0,1,1,0,2322232300080
GCP-12050,境田医院,境田医院,2,有床診療所,12050,1,1,0,12050,鹿児島県出水市米ノ津町３５番２０号,0996672600,32.1219665,130.3398494,birth_navi,birth_navi_crosschecked_mhlw_within_100m,0,0.0,0,1,1,46222021
GCP-12051,かわばたレディスクリニック,かわばたレディスクリニック,2,有床診療所,12051,1,1,0,12051,大阪府大阪市淀川区十三東２－５－１５ アーリーアーク１階,0663087660,34.7204897,135.4849972,birth_navi,birth_navi_not_crosschecked,0,0.0,0,1,0,
GCP-12053,医療法人社団　芦屋・小野レディスクリニック,芦屋小野レディスクリニック,2,有床診療所,12053,1,1,0,12053,兵庫県芦屋市清水町2-8,0797213700,34.7307013,135.2985449,birth_navi,birth_navi_not_crosschecked,0,0.0,0,1,1,
GCP-12057,医療法人　植田産婦人科,植田産婦人科,2,有床診療所,12057,1,1,0,12057,大阪府大阪市平野区,0667911726,34.625933,135.555773,mhlw_iryou_information_net_open_data,mhlw_direct_exact_identity_truncated_visible_address_type_consistent,0,0.0,1,1,1,2722270024320
GCP-12064,河野レディースクリニック,河野レディースクリニック,2,有床診療所,12064,2,1,1,12064;15017,福岡県大牟田市正山町１４８－１,0944549710,33.0193208,130.4398267,birth_navi,birth_navi_not_crosschecked,0,0.0,0,1,1,
GCP-12065,吉田産婦人科医院,吉田産婦人科医院,2,有床診療所,12065,1,1,0,12065,東京都台東区池之端２－５－４４,0338213915,35.7154377,139.7661966,birth_navi,birth_navi_not_crosschecked,0,0.0,0,1,1,
GCP-12066,あいの里助産院,あいの里助産院,4,有床助産所,12066,1,1,0,12066,北海道札幌市北区あいの里四条４－６－１２,0117781703,43.1668908,141.3958248,birth_navi,birth_navi_not_crosschecked,0,0.0,0,1,1,
GCP-12068,ＮＰＯ法人お産子育て向上委員会若草助産院,npo法人お産子育て向上委員会若草助産院,4,有床助産所,12068,1,1,0,12068,千葉県千葉市中央区矢作町４２３－２,0432224103,35.6041924,140.1440517,birth_navi,birth_navi_not_crosschecked,0,0.0,0,1,1,
GCP-12070,マタニティハウスＳAＴO,マタニティハウスsato,4,有床助産所,12070,1,1,0,12070,神奈川県横浜市青葉区田奈町７８－３８,0459815942,35.536213,139.5055536,birth_navi,birth_navi_not_crosschecked,0,0.0,0,1,0,
GCP-12071,一般社団法人ZIKOMOほくと助産院,zikomoほくと助産院,4,有床助産所,12071,1,1,0,12071,山梨県北杜市長坂町長坂下条１３２６－４,08035514103,35.8081744,138.3812557,birth_navi,birth_navi_not_crosschecked,0,0.0,0,1,1,
GCP-12074,お産の家ささした助産所,お産の家ささした助産所,4,有床助産所,12074,1,1,0,12074,福井県越前市堀川町７－５,0778243841,35.8982193,136.1728528,birth_navi,birth_navi_crosschecked_mhlw_within_100m,0,0.0,0,1,1,1845180000130
GCP-12082,一般社団法人くるみ助産院,くるみ助産院,4,有床助産所,12082,1,1,0,12082,兵庫県姫路市玉手４丁目70ー１,0792430355,34.8143849,134.6571618,birth_navi,birth_navi_not_crosschecked,0,0.0,1,1,1,
GCP-12084,春助産院,春助産院,5,無床助産所,12084,1,1,0,12084,佐賀県神埼郡吉野ヶ里町三津２１２０－３,09082277917,33.3527042,130.3935679,birth_navi,birth_navi_not_crosschecked,0,0.0,0,1,1,
GCP-12088,秋山助産院,秋山助産院,4,有床助産所,12088,1,1,0,12088,兵庫県神戸市長田区水笠通５－２－２９,0786413811,34.6584469,135.1415627,birth_navi,birth_navi_not_crosschecked,0,0.0,0,1,1,
GCP-12089,エム産婦人科外科クリニック,エム産婦人科外科クリニック,2,有床診療所,12089,1,1,0,12089,愛知県長久手市宮脇９１７,0561626320,35.1767546,137.0401922,birth_navi,birth_navi_crosschecked_mhlw_within_100m,0,0.0,1,1,1,2322230301530
GCP-12090,すずき産科婦人科クリニック,すずき産科婦人科クリニック,2,有床診療所,12090,1,1,0,12090,新潟県新潟市西区小針７丁目17番14号,0252662728,37.8801474,138.9903152,birth_navi,birth_navi_crosschecked_mhlw_within_100m,0,0.0,1,1,0,152SINCX00511
GCP-12091,ジュンレディースクリニック小平,ジュンレディースクリニック小平,2,有床診療所,12091,1,1,0,12091,東京都小平市喜平町１－１４－２０,0423294103,35.7168153,139.490905,birth_navi,birth_navi_not_crosschecked,0,0.0,0,1,1,
GCP-12092,医療法人輝　ジュンレディースクリニック千里丘,輝ジュンレディースクリニック千里丘,2,有床診療所,12092,1,1,0,12092,大阪府摂津市千里丘２丁目１５番１６号,0663303203,34.7907604,135.5456237,birth_navi,birth_navi_crosschecked_mhlw_within_100m,0,0.0,1,1,1,2722270100910
GCP-12093,医療法人　輝　ジュンレディースクリニック豊橋,輝ジュンレディースクリニック豊橋,2,有床診療所,12093,1,1,0,12093,愛知県豊橋市北山町６１－３,0532380306,34.7361041,137.3967847,birth_navi,birth_navi_crosschecked_mhlw_within_100m,0,0.0,1,1,1,2322232601590
GCP-12094,医療法人笠原レディースクリニック,笠原レディースクリニック,2,有床診療所,12094,1,1,0,12094,滋賀県東近江市小脇町２４０１番地６,0748222101,35.106984,136.1868432,birth_navi,birth_navi_crosschecked_mhlw_within_100m,0,0.0,1,1,0,2522250007380
GCP-12095,桂高森Ｓ・Ｓレディースクリニック,桂高森ssレディースクリニック,2,有床診療所,12095,1,1,0,12095,宮城県仙台市泉区高森１丁目１－１９４,0227771020,38.3380665,140.8439379,birth_navi,birth_navi_crosschecked_mhlw_within_100m,0,0.0,1,1,1,042705152
GCP-12096,医療法人　広瀬産婦人科医院,広瀬産婦人科医院,2,有床診療所,12096,1,1,0,12096,鹿児島県出水市昭和町１５番２０号,0996621559,32.087746,130.3539355,birth_navi,birth_navi_crosschecked_mhlw_within_100m,0,0.0,1,1,1,46222025
GCP-12097,医療法人慈愛会秋葉産婦人科,慈愛会秋葉産婦人科,2,有床診療所,12097,1,1,0,12097,茨城県古河市東本町２－９－２,0280323335,36.194043,139.716012,mhlw_iryou_information_net_manual_confirmation,manual_confirmed_mhlw_iryou_information_net,0,0.0,1,1,1,0822080003556
GCP-12098,愛知県厚生農業協同組合連合会　渥美病院,愛知県厚生農業協同組合連合会渥美病院,1,病院,12098,1,1,0,12098,愛知県田原市神戸町赤石１－１,0531222131,34.6605639,137.2722072,birth_navi,birth_navi_not_crosschecked,0,0.0,1,1,1,
GCP-12099,椎名マタニティクリニック,椎名マタニティクリニック,2,有床診療所,12099,1,1,0,12099,福岡県福岡市南区向新町１丁目6-22,0924031188,33.5448213,130.4285759,birth_navi,birth_navi_not_crosschecked,0,0.0,1,1,0,
GCP-12100,林産婦人科五位堂医院,林産婦人科五位堂医院,2,有床診療所,12100,1,1,0,12100,奈良県香芝市真美ヶ丘１丁目１３番２７号,0745715201,34.5423619,135.7191975,birth_navi,birth_navi_not_crosschecked,0,0.0,1,1,1,
GCP-12101,おおはらマタニティクリニック,おおはらマタニティクリニック,2,有床診療所,12101,1,1,0,12101,愛知県岡崎市洞町字西浦８－１,0564211585,34.9487657,137.1940736,birth_navi,birth_navi_crosschecked_mhlw_within_100m,0,0.0,0,1,1,2322232701860
GCP-12102,遠藤産婦人科,遠藤産婦人科,2,有床診療所,12102,1,1,0,12102,徳島県名西郡石井町石井字石井513-1,0886746818,34.0692471,134.4474779,birth_navi,birth_navi_crosschecked_mhlw_within_100m,0,0.0,1,1,1,3622365128160
GCP-12103,高松市立みんなの病院,高松市立みんなの病院,1,病院,12103,1,1,0,12103,香川県高松市仏生山町甲８４７番地１,0878137171,34.2820586,134.0429342,birth_navi,birth_navi_crosschecked_mhlw_100_500m,0,0.0,1,1,1,3711370500390
GCP-12107,富士バースクリニック,富士バースクリニック,2,有床診療所,12107,2,1,1,12107;13963,静岡県富士市原田2254-1,0545211111,35.1870717,138.7193258,birth_navi,birth_navi_not_crosschecked,0,0.0,1,1,1,
GCP-12108,医療法人社団　たなべ産婦人科,たなべ産婦人科,2,有床診療所,12108,1,1,0,12108,兵庫県神戸市灘区森後町３丁目５番３０号ナタール六甲ビル６階,0788210303,34.71641,135.2365856,birth_navi,birth_navi_not_crosschecked,0,0.0,1,1,1,
GCP-12109,医療法人斎藤産婦人科医院,斎藤産婦人科医院,2,有床診療所,12109,1,1,0,12109,岩手県北上市諏訪町二丁目６－３７,0197642136,39.2874508,141.1186999,birth_navi,birth_navi_not_crosschecked,0,0.0,0,1,0,
GCP-12110,てるて産科クリニック,てるて産科クリニック,2,有床診療所,12110,1,1,0,12110,神奈川県相模原市中央区横山台１－４－１,0427043730,35.5681814,139.3605853,birth_navi,birth_navi_crosschecked_mhlw_within_100m,0,0.0,0,1,1,1421423774100
GCP-12111,医療法人倖生会　身原病院,倖生会身原病院,1,病院,12111,1,1,0,12111,京都府京都市西京区上桂宮ノ後町６－８,0753923111,34.9901318,135.697724,birth_navi,birth_navi_crosschecked_mhlw_100_500m,0,0.0,1,1,1,2612610000064
GCP-12113,頼助産院,頼助産院,4,有床助産所,12113,1,1,0,12113,石川県河北郡内灘町鶴ケ丘１－２９６－２,0762861311,36.6396728,136.6415975,birth_navi,birth_navi_not_crosschecked,0,0.0,1,1,0,
GCP-12114,医療法人　輝　ジュンレディースクリニック安城,輝ジュンレディースクリニック安城,2,有床診療所,12114,1,1,0,12114,愛知県安城市篠目町童子２０２－８,0566710308,34.9723725,137.0644006,birth_navi,birth_navi_crosschecked_mhlw_within_100m,0,0.0,1,1,1,2322231401660
GCP-12115,ゆっこ助産院,ゆっこ助産院,4,有床助産所,12115,1,1,0,12115,大阪府東大阪市御厨5丁目-３－３９,05035535648,,,,missing_unresolved,0,,1,1,0,
GCP-12116,岩見沢市立総合病院,岩見沢市立総合病院,1,病院,12116,1,1,0,12116,北海道岩見沢市9条西7丁目2番地,0126221650,43.1953321,141.7654765,birth_navi,birth_navi_crosschecked_mhlw_within_100m,0,0.0,1,1,0,0111010003650
GCP-12117,神戸アドベンチスト病院,神戸アドベンチスト病院,1,病院,12117,1,1,0,12117,兵庫県神戸市北区有野台8-4-1,0789810161,34.80877,135.2244352,birth_navi,birth_navi_not_crosschecked,0,0.0,1,1,0,
GCP-12119,森産婦人科医院,森産婦人科医院,2,有床診療所,12119,1,1,0,12119,香川県高松市瓦町２丁目３－５,0878315513,34.3401065,134.0522829,birth_navi,birth_navi_not_crosschecked,0,0.0,1,1,0,
GCP-12120,田中産婦人科クリニック,田中産婦人科クリニック,2,有床診療所,12120,1,1,0,12120,福岡県直方市頓野１０２７,0949268868,33.7621311,130.753729,birth_navi,birth_navi_crosschecked_mhlw_within_100m,0,0.0,1,1,0,4022400023250
GCP-12121,福岡山王病院,福岡山王病院,1,病院,12121,1,1,0,12121,福岡県福岡市早良区百道浜３ー６ー４５,0928321100,33.5909909,130.3504679,birth_navi,birth_navi_not_crosschecked,0,0.0,1,1,1,
GCP-12122,増子助産院,増子助産院,4,有床助産所,12122,1,1,0,12122,埼玉県北足立郡伊奈町中央5-223,09048266580,35.998308,139.6196083,birth_navi,birth_navi_not_crosschecked,0,0.0,1,1,1,
GCP-12123,占部産婦人科,占部産婦人科,2,有床診療所,12123,1,1,0,12123,広島県東広島市西条町助実1172　占部産婦人科,0824314103,34.4245141,132.7581812,birth_navi_manual_confirmation,manual_confirmed_birth_navi,0,0.0,0,1,1,3422340721340
GCP-12125,新津産科婦人科クリニック,新津産科婦人科クリニック,2,有床診療所,12125,1,1,0,12125,新潟県新潟市江南区横越中央7-1-7,0253844103,37.853696,139.1453032,birth_navi,birth_navi_not_crosschecked,0,0.0,1,1,1,
GCP-12126,かしだ産婦人科クリニック,かしだ産婦人科クリニック,2,有床診療所,12126,1,1,0,12126,山口県山口市宮島町11-2,0839257711,34.1662805,131.4836929,birth_navi,birth_navi_crosschecked_mhlw_within_100m,0,0.0,1,1,1,3522355729050
GCP-12127,社会医療法人立川メディカルセンター　立川綜合病院,社会立川メディカルセンター立川綜合病院,1,病院,12127,1,1,0,12127,新潟県長岡市旭岡1丁目２４番地,0258333111,37.4229429,138.8582062,birth_navi,birth_navi_not_crosschecked,0,0.0,1,1,1,
GCP-12128,なかむら産婦人科,なかむら産婦人科,2,有床診療所,12128,1,1,0,12128,鹿児島県伊佐市大口上町４６－１２,0995242238,32.0635532,130.607162,birth_navi,birth_navi_crosschecked_mhlw_within_100m,0,0.0,1,1,1,46222519
GCP-12129,医療法人社団森本産婦人科クリニック,森本産婦人科クリニック,2,有床診療所,12129,1,1,0,12129,兵庫県神戸市垂水区舞多聞西5-1-7,0787861103,34.6645879,135.0482199,birth_navi,birth_navi_not_crosschecked,0,0.0,0,1,1,
GCP-12131,けい産婦人科クリニック,けい産婦人科クリニック,2,有床診療所,12131,1,1,0,12131,神奈川県神奈川県相模原市中央区田名1744-1,0427643541,35.5547132,139.3309333,birth_navi,birth_navi_not_crosschecked,0,0.0,0,1,1,
GCP-12132,医療法人社団晴晃会　育良クリニック,晴晃会育良クリニック,2,有床診療所,12132,1,1,0,12132,東京都目黒区上目黒１－２６－１　中目黒アトラスタワー４階・５階,0337924103,35.6437451,139.7005906,birth_navi,birth_navi_crosschecked_mhlw_within_100m,0,0.0,1,1,1,1322132121640
GCP-12133,とも助産院,とも助産院,5,無床助産所,12133,1,1,0,12133,大阪府大阪市淀川区,08061030711,,,,missing_unresolved,0,,0,1,0,
GCP-12134,あかりレディースクリニック,あかりレディースクリニック,2,有床診療所,12134,1,1,0,12134,愛知県岡崎市上地１丁目５番地８,0564554103,34.9096624,137.1639768,birth_navi,birth_navi_crosschecked_mhlw_within_100m,0,0.0,1,0,1,2322232702310
GCP-12135,大垣市民病院,大垣市民病院,1,病院,12135,1,1,0,12135,岐阜県大垣市南頬町４丁目８６,0584813341,35.3532112,136.6221072,birth_navi,birth_navi_crosschecked_mhlw_within_100m,0,0.0,0,1,0,2111641000129
GCP-12136,公立西知多総合病院,公立西知多総合病院,1,病院,12136,1,1,0,12136,愛知県東海市中ノ池３丁目１番地の１,0562335500,34.9991904,136.8992496,birth_navi,birth_navi_crosschecked_mhlw_within_100m,0,0.0,1,1,1,2311231200120
GCP-12137,医療法人　中岡レディスクリニック,中岡レディスクリニック,2,有床診療所,12137,1,1,0,12137,愛知県豊橋市東幸町字大山４３番地の２,0532635588,34.7334702,137.4178431,birth_navi,birth_navi_crosschecked_mhlw_within_100m,0,0.0,0,1,1,2322232600970
GCP-12138,なぎ・和　助産院,なぎ和助産院,4,有床助産所,12138,1,1,0,12138,兵庫県神戸市垂水区美山台1-2-41,0787516765,34.6374485,135.0710272,birth_navi,birth_navi_crosschecked_mhlw_within_100m,0,0.0,1,1,1,2847280001150
GCP-12139,医療法人財団明理会　イムス富士見総合病院,明理会イムス富士見総合病院,1,病院,12139,1,1,0,12139,埼玉県富士見市大字鶴馬１９６７－１,0492513060,35.8554675,139.5535396,birth_navi,birth_navi_crosschecked_mhlw_within_100m,0,0.0,1,1,1,1111101110600
GCP-12140,新潟レディースライフクリニック,新潟レディースライフクリニック,2,有床診療所,12140,1,1,0,12140,新潟県新潟市秋葉区新津５１４９－１７,0250231103,37.8051149,139.1115641,birth_navi,birth_navi_crosschecked_mhlw_within_100m,0,0.0,1,1,1,152SINCX00692
GCP-12141,つくばみらい遠藤レディースクリニック,つくばみらい遠藤レディースクリニック,2,有床診療所,12141,1,1,0,12141,茨城県つくばみらい市富士見ヶ丘1-28-3,0297472055,36.0021678,140.0324233,birth_navi,birth_navi_not_crosschecked,0,0.0,1,1,1,
GCP-12142,ひらかわ産婦人科医院,ひらかわ産婦人科医院,2,有床診療所,12142,1,1,0,12142,大分県大分市横塚2丁目４番５号,0975921000,33.2428071,131.7391715,birth_navi,birth_navi_not_crosschecked,0,0.0,0,1,1,
GCP-12143,独立行政法人国立病院機構西埼玉中央病院,国立病院機構西埼玉中央病院,2,有床診療所,12143,1,1,0,12143,埼玉県所沢市若狭２丁目１６７１番地,0429481111,35.8034805,139.4252767,birth_navi,birth_navi_crosschecked_mhlw_within_100m,0,0.0,0,1,1,1111101126200
GCP-12144,富山県厚生農業協同組合連合会高岡病院,富山県厚生農業協同組合連合会高岡病院,1,病院,12144,1,1,0,12144,富山県高岡市永楽町５番１０号,0766213930,36.7432626,136.9960956,birth_navi,birth_navi_crosschecked_mhlw_within_100m,0,0.0,1,1,0,1611160210377
GCP-12145,アイ・レディスクリニック,アイレディスクリニック,2,有床診療所,12145,1,1,0,12145,愛知県名古屋市南区加福本通３－６４,0526141103,35.0920624,136.9142997,birth_navi,birth_navi_not_crosschecked,0,0.0,1,1,1,
GCP-12146,医療法人谷口レデイスクリニック,谷口レデイスクリニック,2,有床診療所,12146,1,1,0,12146,岡山県総社市真壁２１３,0866943300,34.6677991,133.75751,birth_navi,birth_navi_crosschecked_mhlw_within_100m,0,0.0,0,0,1,3322330001590
GCP-12147,医療法人辰和会　佐藤産婦人科,辰和会佐藤産婦人科,2,有床診療所,12147,2,1,1,12147;13119,埼玉県越谷市新越谷1-34-4,0489850310,35.8748651,139.7837496,birth_navi,birth_navi_crosschecked_mhlw_within_100m,0,0.0,0,1,1,1121123219600
GCP-12148,医療法人社団中部産婦人科医院,中部産婦人科医院,2,有床診療所,12148,1,1,0,12148,京都府京都市伏見区向島二ノ丸町151－44,0756227470,34.9155805,135.770354,birth_navi,birth_navi_crosschecked_mhlw_within_100m,0,0.0,1,1,1,2622620001378
GCP-12149,医療法人双葉会藤田病院,双葉会藤田病院,1,病院,12149,1,1,0,12149,愛知県半田市泉町１１１－１８,0569210951,34.8946569,136.9277054,birth_navi,birth_navi_crosschecked_mhlw_within_100m,0,0.0,1,1,0,2311231000030
GCP-12150,中元寺産婦人科医院,中元寺産婦人科医院,2,有床診療所,12150,1,1,0,12150,宮崎県延岡市永池町１丁目２-１０,0982345141,32.5731036,131.6679821,birth_navi,birth_navi_not_crosschecked,0,0.0,1,1,1,
GCP-12151,医療法人社団ＩＮＮＯＣＥＮＴ　えんぴつ公園マザーズクリニック,innocentえんぴつ公園マザーズクリニック,2,有床診療所,12151,1,1,0,12151,千葉県市川市相之川３－１－１４,0477010171,35.6771387,139.8992184,birth_navi,birth_navi_crosschecked_mhlw_within_100m,0,0.0,1,1,1,1221222644000
GCP-12152,中村レディースクリニック,中村レディースクリニック,2,有床診療所,12152,1,1,0,12152,兵庫県神戸市西区持子3丁目60-1,0789254103,34.6717419,134.9824653,birth_navi,birth_navi_not_crosschecked,0,0.0,1,1,1,
GCP-12153,緒方産婦人科クリニック,緒方産婦人科クリニック,2,有床診療所,12153,1,1,0,12153,兵庫県西宮市笠屋町７－１,0798484103,34.7159032,135.3740254,birth_navi,birth_navi_not_crosschecked,0,0.0,0,1,1,
GCP-12154,医療法人社団　札幌西レディースクリニック,札幌西レディースクリニック,2,有床診療所,12154,1,1,0,12154,北海道札幌市西区西町北１１－１－５,0116613535,43.0816376,141.2851822,birth_navi,birth_navi_not_crosschecked,0,0.0,0,1,1,
GCP-12155,林産婦人科　登美ヶ丘,林産婦人科登美ヶ丘,2,有床診療所,12155,1,1,0,12155,奈良県生駒市鹿畑町５５－１,0743700339,34.7307475,135.7548651,birth_navi,birth_navi_not_crosschecked,0,0.0,1,1,1,
GCP-12156,医療法人王産婦人科,王産婦人科,2,有床診療所,12156,1,1,0,12156,鹿児島県鹿屋市寿４丁目6番44号,0994445610,31.389183,130.8762954,birth_navi,birth_navi_not_crosschecked,0,0.0,0,1,1,
GCP-12157,医療法人社団小六メディカルクリニックおおこうち産科婦人科,小六メディカルクリニックおおこうち産科婦人科,2,有床診療所,12157,1,1,0,12157,北海道札幌市中央区南2条西８丁目10,0112334103,43.0572237,141.3457648,birth_navi,birth_navi_not_crosschecked,0,0.0,0,1,1,
GCP-12158,産婦人科菅原病院,産婦人科菅原病院,1,病院,12158,1,1,0,12158,埼玉県越谷市越ケ谷1-15-2,0489643321,35.8868063,139.7872233,birth_navi,birth_navi_not_crosschecked,0,0.0,1,1,1,
GCP-12159,いずみウィメンズクリニック,いずみウィメンズクリニック,2,有床診療所,12159,1,1,0,12159,和歌山県新宮市清水元1-6-33,0735210311,33.7174034,135.9979499,birth_navi,birth_navi_not_crosschecked,0,0.0,0,1,1,
GCP-12160,吹上マタニティクリニック,吹上マタニティクリニック,2,有床診療所,12160,1,1,0,12160,愛知県名古屋市昭和区車田町1－40－1,0527320303,35.1578319,136.9327487,birth_navi,birth_navi_crosschecked_mhlw_within_100m,0,0.0,0,1,0,2322232208760
GCP-12161,兵庫県立丹波医療センター,兵庫県立丹波医療センター,1,病院,12161,1,1,0,12161,兵庫県丹波市氷上町石生2002番地7,0795885200,35.1469887,135.0548592,birth_navi,birth_navi_not_crosschecked,0,0.0,0,1,1,
GCP-12162,安達産婦人科クリニック,安達産婦人科クリニック,2,有床診療所,12162,1,1,0,12162,静岡県三島市寿町2-26,0559760341,35.1242537,138.9090661,birth_navi,birth_navi_crosschecked_mhlw_within_100m,0,0.0,0,1,1,2222225639210
GCP-12163,医療法人社団ルクール　ロビンの空クリニック,ルクールロビンの空クリニック,2,有床診療所,12163,1,1,0,12163,東京都立川市高松町一丁目300番1-100,0425061980,35.7106193,139.4196479,birth_navi,birth_navi_not_crosschecked,0,0.0,0,1,1,
GCP-12164,マザークリニックハピネス,マザークリニックハピネス,2,有床診療所,12164,1,1,0,12164,愛知県犬山市塔野地西1-4-6,0568634103,35.3734402,136.9567922,birth_navi,birth_navi_not_crosschecked,0,0.0,0,1,1,
GCP-12165,いなば助産院,いなば助産院,5,無床助産所,12165,2,1,1,12165;13997,静岡県静岡市葵区瀬名川３丁目13－44,09017868523,35.0075003,138.4332163,birth_navi,birth_navi_not_crosschecked,0,0.0,1,1,1,
GCP-12166,医療法人つばめ河野産婦人科医院,つばめ河野産婦人科医院,2,有床診療所,12166,1,1,0,12166,熊本県人吉市上薩摩瀬町１４０８ー１,0966243838,32.212293,130.7431397,birth_navi,birth_navi_crosschecked_mhlw_within_100m,0,0.0,0,1,0,432243620010
GCP-12167,医療法人井上産婦人科クリニック,井上産婦人科クリニック,2,有床診療所,12167,1,1,0,12167,大阪府大東市氷野１丁目8-26,0728723511,34.7105074,135.6205913,birth_navi,birth_navi_not_crosschecked,0,0.0,1,1,0,
GCP-12168,医療法人　双葉会　清水産婦人科,双葉会清水産婦人科,2,有床診療所,12168,1,1,0,12168,滋賀県草津市野村三丁目１８番５号,0775624332,35.025687,135.9493983,birth_navi,birth_navi_crosschecked_mhlw_within_100m,0,0.0,1,1,1,2522250011130
GCP-12169,医療法人社団博愛産科婦人科,博愛産科婦人科,2,有床診療所,12169,1,1,0,12169,兵庫県明石市二見町西二見450-5,0789418803,34.7088682,134.8840838,birth_navi,birth_navi_not_crosschecked,0,0.0,0,1,0,
GCP-12170,医療法人　橋場レディスクリニック,橋場レディスクリニック,2,有床診療所,12170,1,1,0,12170,滋賀県長浜市南高田町５番８号,0749635555,35.3778347,136.2728214,birth_navi,birth_navi_crosschecked_mhlw_within_100m,0,0.0,1,1,0,2522250002950
GCP-12171,まんげつ助産院,まんげつ助産院,5,無床助産所,12171,1,1,0,12171,石川県小松市佐美町亥176,07083095875,36.3802041,136.400246,birth_navi,birth_navi_not_crosschecked,0,0.0,1,1,1,
GCP-12172,医療法人社団いわたウィメンズクリニック,いわたウィメンズクリニック,2,有床診療所,12172,1,1,0,12172,兵庫県西脇市上比延町432-49,0795238888,35.0048317,135.0021956,birth_navi,birth_navi_not_crosschecked,0,0.0,0,1,1,
GCP-12174,水上レディースクリニック,水上レディースクリニック,2,有床診療所,12174,1,1,0,12174,埼玉県草加市新栄2-27-8,0489340303,35.8592273,139.7689784,birth_navi,birth_navi_crosschecked_mhlw_within_100m,0,0.0,0,1,0,1121121053200
GCP-12175,おおそこ助産院,おおそこ助産院,4,有床助産所,12175,2,1,1,12175;15785,沖縄県石垣市八島町2-12-6,0980875058,24.3320465,124.167939,birth_navi,birth_navi_not_crosschecked,0,0.0,0,1,1,
GCP-12178,医療法人コスモスレディースクリニック,コスモスレディースクリニック,2,有床診療所,12178,1,1,0,12178,岩手県一関市田村町5番56号,0191311103,38.9304287,141.1320745,birth_navi,birth_navi_crosschecked_mhlw_within_100m,0,0.0,1,1,0,03203200871
GCP-12179,にこ助産院,にこ助産院,4,有床助産所,12179,2,1,1,12179;13877,岐阜県各務原市川島渡町６１６番地２,0586898925,35.3613331,136.8109532,birth_navi,birth_navi_crosschecked_mhlw_within_100m,0,0.0,0,1,1,2141634009718
GCP-12180,あおばウィメンズホスピタル,あおばウィメンズホスピタル,1,病院,12180,1,1,0,12180,神奈川県横浜市青葉区青葉台1-29-15,0459814103,35.5496081,139.517468,birth_navi,birth_navi_crosschecked_mhlw_within_100m,0,0.0,0,1,1,1411421362100
GCP-12181,すずらんレディースクリニック,すずらんレディースクリニック,2,有床診療所,12181,1,1,0,12181,山口県下関市大学町１－４－２４,0832522200,33.9869939,130.9332792,birth_navi,birth_navi_crosschecked_mhlw_within_100m,0,0.0,1,1,1,352235313638
GCP-12182,医療法人寿圭会　寿レディースクリニック,寿圭会寿レディースクリニック,2,有床診療所,12182,1,1,0,12182,鹿児島県鹿屋市寿７丁目１－３５,0994433244,31.3845617,130.8664433,birth_navi,birth_navi_not_crosschecked,0,0.0,0,1,1,
GCP-12183,医療法人社団東光マタニティクリニック,東光マタニティクリニック,2,有床診療所,12183,1,1,0,12183,北海道旭川市東光１０条６丁目２ー１４,0166348803,43.7454644,142.4097936,birth_navi,birth_navi_not_crosschecked,0,0.0,0,1,1,
GCP-12184,医療法人社団マザー・キー　ファミール産院ありだ,マザーキーファミール産院ありだ,2,有床診療所,12184,1,1,0,12184,和歌山県有田市糸我町中番408-3,0737237035,34.0670679,135.1752228,birth_navi,birth_navi_crosschecked_mhlw_within_100m,0,0.0,0,1,1,3022305400001
GCP-12185,助産院momoのいえ,助産院momoのいえ,4,有床助産所,12185,1,1,0,12185,大阪府東大阪市源氏ヶ丘1-1,08039629327,34.6480171,135.5786551,birth_navi,birth_navi_not_crosschecked,0,0.0,1,1,0,
GCP-12186,医療法人　正木産婦人科,正木産婦人科,2,有床診療所,12186,1,1,0,12186,大阪府八尾市山本町北１丁目２番２２号,0729224103,34.6343065,135.6198752,birth_navi,birth_navi_not_crosschecked,0,0.0,1,1,1,
GCP-12188,社会福祉法人恩賜財団済生会　新潟県央基幹病院,恩賜財団済生会新潟県央基幹病院,1,病院,12188,1,1,0,12188,新潟県三条市上須頃5001-1,0256474700,37.6445703,138.9340883,birth_navi,birth_navi_not_crosschecked,0,0.0,1,1,1,
GCP-12189,一般社団法人日本助産所会立まつお助産所,日本助産所会立まつお助産所,5,無床助産所,12189,1,1,0,12189,埼玉県狭山市入間川１丁目23−9−９,09054315132,35.852747,139.4131769,birth_navi,birth_navi_not_crosschecked,0,0.0,1,1,1,
GCP-12190,たかもり助産院,たかもり助産院,5,無床助産所,12190,1,1,0,12190,兵庫県神戸市須磨区関守町3丁目2番27,0787351467,34.6461169,135.1101288,birth_navi,birth_navi_not_crosschecked,0,0.0,1,1,1,
GCP-12192,わたの出張助産院,わたの出張助産院,5,無床助産所,12192,1,1,0,12192,大阪府大阪市中央区粉川町4-16-505,05071145339,34.6785351,135.5144048,birth_navi,birth_navi_not_crosschecked,0,0.0,0,1,0,
GCP-12193,産婦人科瀬尾医院,産婦人科瀬尾医院,2,有床診療所,12193,1,1,0,12193,東京都大田区池上6-20-1,0337537741,35.5701512,139.7023811,birth_navi,birth_navi_crosschecked_mhlw_within_100m,0,0.0,0,1,1,1322132305310
GCP-12194,医療法人愛育会　愛育ベスクリニック,愛育会愛育ベスクリニック,2,有床診療所,12194,1,1,0,12194,東京都町田市南成瀬7-14-1,0427076972,35.5356929,139.4807759,birth_navi,birth_navi_crosschecked_mhlw_within_100m,0,0.0,0,1,1,1321313229499
GCP-12195,医療法人社団静産会吉祥寺バースクリニック,静産会吉祥寺バースクリニック,2,有床診療所,12195,1,1,0,12195,東京都武蔵野市緑町1－3－24,0422387238,35.7143312,139.5631348,birth_navi,birth_navi_not_crosschecked,0,0.0,1,1,1,
GCP-12196,赤枝医院,赤枝医院,2,有床診療所,12196,1,1,0,12196,東京都多摩市関戸２－６９－３,0423376603,35.6499045,139.4508586,birth_navi,birth_navi_crosschecked_mhlw_100_500m,0,0.0,1,1,0,1322139110920
GCP-12197,待木医院,待木医院,2,有床診療所,12197,1,1,0,12197,東京都足立区西竹の塚2-13-17,0338993541,35.7977872,139.7893241,birth_navi,birth_navi_crosschecked_mhlw_within_100m,0,0.0,0,1,1,1322134825030
GCP-12198,医療法人社団彩陽会 代官山バースクリニック,彩陽会代官山バースクリニック,1,病院,12198,1,1,0,12198,東京都渋谷区代官山町15-3,0364337410,35.6498499,139.703129,birth_navi,birth_navi_crosschecked_mhlw_within_100m,0,0.0,0,1,0,1321316021349
GCP-12199,医療法人社団敬創会　東京バースクリニック,敬創会東京バースクリニック,2,有床診療所,12199,1,1,0,12199,東京都品川区上大崎3丁目14番地19号,0364503850,35.63064,139.720311,birth_navi,birth_navi_not_crosschecked,0,0.0,0,1,0,
GCP-12200,ねね助産院,ねね助産院,4,有床助産所,12200,1,1,0,12200,福岡県糸島市二丈深江８丁目２８－１,07090286896,33.5138059,130.1417531,birth_navi,birth_navi_crosschecked_mhlw_within_100m,0,0.0,1,1,1,4040009070034
GCP-12201,医療法人成蹊会成田レディスクリニック,成蹊会成田レディスクリニック,2,有床診療所,12201,1,1,0,12201,埼玉県蓮田市馬込2172-1,048769551,35.9662303,139.652885,birth_navi,birth_navi_not_crosschecked,0,0.0,0,1,0,
GCP-12202,まるの輪助産院,まるの輪助産院,5,無床助産所,12202,1,1,0,12202,静岡県藤枝市岡部町三輪905グリーンハイツ101号室,09079551613,34.9008825,138.2964711,birth_navi,birth_navi_crosschecked_mhlw_within_100m,0,0.0,0,1,1,2245228000900
GCP-12203,Ladies Clinic TOIRO,ladiesclinictoiro,2,有床診療所,12203,1,1,0,12203,愛知県愛知県愛知郡東郷町和合字前田105番地1,0561371135,35.1019801,137.0470623,birth_navi,birth_navi_not_crosschecked,0,0.0,1,1,0,
GCP-12204,つむぐクリニック,つむぐクリニック,2,有床診療所,12204,1,1,0,12204,福岡県福岡市七隈3丁目4-3,0928746574,33.5593771,130.3608051,birth_navi,birth_navi_not_crosschecked,0,0.0,0,1,0,
GCP-12205,美作みんなの助産院,美作みんなの助産院,4,有床助産所,12205,2,1,1,12205;14539,岡山県美作市楢原上８０８ー１０,09054668567,35.0242141,134.1886345,birth_navi,birth_navi_not_crosschecked,0,0.0,0,1,1,
GCP-12206,木のぬくもり助産院,木のぬくもり助産院,4,有床助産所,12206,2,1,1,12206;14528,岡山県加賀郡吉備中央町吉川4429-50,07024847789,34.8282746,133.7604713,birth_navi,birth_navi_not_crosschecked,0,0.0,0,1,1,
GCP-12207,社会医療法人　高清会　高井病院,社会高清会高井病院,1,病院,12207,1,1,0,12207,奈良県天理市蔵之庄町470-8,0743650372,34.6349008,135.8277652,birth_navi,birth_navi_not_crosschecked,0,0.0,0,1,1,
GCP-12208,医療法人琢生会　阪神バースクリニック,琢生会阪神バースクリニック,2,有床診療所,12208,1,1,0,12208,兵庫県尼崎市小中島2丁目20-16,0664808600,34.7474573,135.4408024,birth_navi,birth_navi_not_crosschecked,0,0.0,0,1,0,
GCP-12209,八幡産科婦人科医院,八幡産科婦人科医院,2,有床診療所,12209,1,1,0,12209,新潟県長岡市稲穂南3丁目766-27,0258946257,37.4772968,138.8694304,birth_navi,birth_navi_not_crosschecked,0,0.0,0,1,1,
GCP-12210,えびな産婦人科,えびな産婦人科,1,病院,12210,1,1,0,12210,神奈川県海老名市1-26-1　ファーストリンクテラス1F2F,0462351122,35.4224311,139.3979811,birth_navi,birth_navi_not_crosschecked,0,0.0,0,1,1,
GCP-12211,助産院乃々,助産院乃々,5,無床助産所,12211,1,1,0,12211,北海道札幌市厚別区,09086308419,,,,missing_unresolved,0,,0,1,1,
GCP-12212,独立行政法人地域医療機能推進機構　熊本総合病院,地域医療機能推進機構熊本総合病院,1,病院,12212,1,1,0,12212,熊本県八代市通町１０番１０号,0965327111,32.5070732,130.6030258,birth_navi,birth_navi_not_crosschecked,0,0.0,0,1,1,
GCP-12213,出張専門助産院あゆみ,出張専門助産院あゆみ,5,無床助産所,12213,1,1,0,12213,愛知県名古屋市北区,07035148436,35.206622,136.923154,mhlw_iryou_information_net_open_data,mhlw_direct_exact_identity_full_visible_address,0,0.0,1,1,1,2344232400310
GCP-12214,ひょうたんやま助産院,ひょうたんやま助産院,4,有床助産所,12214,1,1,0,12214,大阪府東大阪市喜里川町2番18号,0729756110,34.6658781,135.6405374,birth_navi,birth_navi_not_crosschecked,0,0.0,0,1,1,
GCP-12215,Amie助産院,amie助産院,4,有床助産所,12215,1,1,0,12215,栃木県下野市仁良川１３３５－１,0285425856,36.3769516,139.8803281,birth_navi,birth_navi_crosschecked_mhlw_within_100m,0,0.0,0,1,1,0940285425856
GCP-12216,しんしろ助産所（オープンシステムのため出産は聖隷三方原病院）,しんしろ助産所オープンシステムのため出産は聖隷三方原病院,4,有床助産所,12216,1,1,0,12216,愛知県新城市長篠字日焼９－２,0536321050,34.9376704,137.5761961,birth_navi,birth_navi_not_crosschecked,0,0.0,0,1,1,
GCP-12217,みつばち助産院,みつばち助産院,4,有床助産所,12217,1,1,0,12217,大阪府堺市美原区大保１３,0722849138,34.5481526,135.5602654,birth_navi,birth_navi_crosschecked_mhlw_within_100m,0,0.0,0,1,1,2749278005830
GCP-12218,めでたや助産院,めでたや助産院,5,無床助産所,12218,2,1,1,12218;13835,山梨県北杜市高根町長澤2233,08066692793,35.8700304,138.4232116,birth_navi,birth_navi_crosschecked_mhlw_within_100m,0,0.0,0,1,1,1946191000069
GCP-12219,田山産婦人科医院,田山産婦人科医院,2,有床診療所,12219,1,1,0,12219,熊本県宇土市入地町入地１６１－２,0964225522,32.6786959,130.660888,birth_navi,birth_navi_not_crosschecked,0,0.0,0,1,1,
GCP-12220,友利産婦人科,友利産婦人科,2,有床診療所,12220,1,1,0,12220,沖縄県那覇市字国場１１７７－１,0988551103,26.199467,127.694168,birth_navi,birth_navi_not_crosschecked,0,0.0,0,1,1,
GCP-12221,西潤マタニティクリニック,西潤マタニティクリニック,2,有床診療所,12221,1,1,0,12221,福島県南相馬市原町区大町１－９９,0244242424,37.6395185,140.960843,birth_navi,birth_navi_crosschecked_mhlw_within_100m,0,0.0,0,1,0,0720720000876
GCP-12222,阿部レディースクリニック,阿部レディースクリニック,2,有床診療所,12222,1,1,0,12222,埼玉県朝霞市根岸台六丁目３番１３号,0484658118,35.7966563,139.6026552,birth_navi,birth_navi_not_crosschecked,0,0.0,0,1,0,
GCP-12223,おぐら産科婦人科クリニック,おぐら産科婦人科クリニック,2,有床診療所,12223,1,1,0,12223,岐阜県岐阜市長良葵町１丁目２番５号,0582951155,35.446436,136.7759458,birth_navi,birth_navi_not_crosschecked,0,0.0,0,1,1,
GCP-12224,月あかり助産院,月あかり助産院,4,有床助産所,12224,1,1,0,12224,兵庫県宝塚市逆瀬台4-9-10,09051271374,34.7910914,135.3343942,birth_navi,birth_navi_not_crosschecked,0,0.0,0,1,1,
GCP-12225,シャローム助産院,シャローム助産院,4,有床助産所,12225,2,1,1,12225;15373,広島県東広島市高屋町溝口816-3,08063374103,34.4321596,132.8026277,birth_navi,birth_navi_not_crosschecked,0,0.0,0,1,1,
GCP-12226,医療法人社団みどり　みどりレディースクリニック,みどりみどりレディースクリニック,3,無床診療所,12226,1,1,0,12226,神奈川県横浜市鶴見区矢向6-14-16,0458345550,35.5376548,139.6786991,birth_navi,birth_navi_not_crosschecked,0,0.0,0,1,0,
GCP-12227,清水バースクリニック,清水バースクリニック,2,有床診療所,12227,1,1,0,12227,静岡県静岡市清水区押切2416,0543441103,35.0317662,138.4532842,birth_navi,birth_navi_not_crosschecked,0,0.0,1,1,0,
GCP-12228,奥尻町国民健康保険病院,奥尻町国民健康保険病院,1,病院,12228,1,1,0,12228,北海道奥尻郡奥尻町字奥尻４６２番地,0139723151,42.1720256,139.5065886,birth_navi,birth_navi_crosschecked_mhlw_within_100m,0,0.0,0,0,0,0111010003200
GCP-12229,北海道立羽幌病院,北海道立羽幌病院,1,病院,12229,1,1,0,12229,北海道苫前郡羽幌町栄町１１０番地,0164626060,44.3544198,141.6945611,birth_navi,birth_navi_crosschecked_mhlw_within_100m,0,0.0,0,0,0,0111010004790
GCP-12230,十和田市立中央病院,十和田市立中央病院,1,病院,12230,1,1,0,12230,青森県十和田市西十二番町１４番８号,0176235121,40.6121987,141.2024267,birth_navi,birth_navi_crosschecked_mhlw_within_100m,0,0.0,0,0,0,0210210000088
GCP-12231,医療法人　佐藤病院,佐藤病院,1,病院,12231,1,1,0,12231,秋田県由利本荘市,0184226555,39.380295,140.046884,mhlw_iryou_information_net_open_data,mhlw_direct_exact_identity_truncated_visible_address_type_consistent,0,0.0,0,0,0,0511050600040
GCP-12232,医療法人社団青空会大町病院,青空会大町病院,1,病院,12232,1,1,0,12232,福島県南相馬市原町区大町３－９７,0244242333,37.6401976,140.9676203,birth_navi,birth_navi_crosschecked_mhlw_within_100m,0,0.0,0,0,0,0710710000093
GCP-12233,医療法人岩崎病院,岩崎病院,1,病院,12233,1,1,0,12233,茨城県水戸市笠原町１６６４－２,0292418700,36.3356467,140.4440281,birth_navi,birth_navi_not_crosschecked,0,0.0,1,0,1,
GCP-12234,埼玉県立小児医療センター,埼玉県立小児医療センター,1,病院,12234,1,1,0,12234,埼玉県さいたま市中央区新都心１番２,0486012200,35.8912241,139.6319903,birth_navi,birth_navi_crosschecked_mhlw_within_100m,0,0.0,0,0,0,1111110102400
GCP-12235,千葉市立青葉病院,千葉市立青葉病院,1,病院,12235,1,1,0,12235,千葉県千葉市中央区青葉町１２７３－２,0432271131,35.6021205,140.1386149,birth_navi,birth_navi_crosschecked_mhlw_100_500m,0,0.0,0,0,0,1211205433000
GCP-12236,千葉県こども病院,千葉県こども病院,1,病院,12236,1,1,0,12236,千葉県千葉市緑区辺田町５７９－１,0432922111,35.5579976,140.1908296,birth_navi,birth_navi_crosschecked_mhlw_within_100m,0,0.0,0,0,0,1211205435600
GCP-12237,新潟県立十日町病院,新潟県立十日町病院,1,病院,12237,1,1,0,12237,新潟県十日町市高田町三丁目南３２－９,0257575566,37.1320054,138.7538955,birth_navi,birth_navi_not_crosschecked,0,0.0,1,0,0,
GCP-12238,医療法人社団　秀林会　吉見病院,秀林会吉見病院,1,病院,12238,1,1,0,12238,富山県滑川市清水町３－２５,0764750861,36.763398,137.34419,birth_navi,birth_navi_crosschecked_mhlw_within_100m,0,0.0,1,0,0,1611160610469
GCP-12239,公立穴水総合病院,公立穴水総合病院,1,病院,12239,1,1,0,12239,石川県鳳珠郡穴水町字川島タの８番地,0768520511,37.2336205,136.9093039,birth_navi,birth_navi_crosschecked_mhlw_within_100m,0,0.0,1,0,0,1714110002
GCP-12240,独立行政法人国立病院機構　長良医療センター,国立病院機構長良医療センター,1,病院,12240,1,1,0,12240,岐阜県岐阜市長良１３００番地７,0582327755,35.4518454,136.7881982,birth_navi,birth_navi_crosschecked_mhlw_100_500m,0,0.0,0,0,0,2111341000131
GCP-12241,愛知県医療療育総合センター中央病院,愛知県医療療育総合センター中央病院,1,病院,12241,1,1,0,12241,愛知県春日井市神屋町７１３－８,0568880811,35.3047503,137.0360339,birth_navi,birth_navi_crosschecked_mhlw_100_500m,0,0.0,0,0,0,2311230500020
GCP-12242,地方独立行政法人知多半島総合医療機構知多半島総合医療センター,知多半島総合医療機構知多半島総合医療センター,1,病院,12242,1,1,0,12242,愛知県半田市横山町１９２番地,0569890515,34.9009169,136.8862988,birth_navi,birth_navi_crosschecked_mhlw_within_100m,0,0.0,1,1,1,2311231000010
GCP-12243,独立行政法人労働者健康安全機構　中部労災病院,労働者健康安全機構中部労災病院,1,病院,12243,1,1,0,12243,愛知県名古屋市港区港明１丁目１０番６号,0526525511,35.1082519,136.8893568,birth_navi,birth_navi_crosschecked_mhlw_within_100m,0,0.0,0,0,0,2311232500010
GCP-12244,医療法人　徳洲会　近江草津徳洲会病院,徳洲会近江草津徳洲会病院,1,病院,12244,1,1,0,12244,滋賀県草津市東矢倉３－３４－５２,0775673610,35.0013494,135.9571289,birth_navi,birth_navi_crosschecked_mhlw_within_100m,0,0.0,0,0,0,2511250000350
GCP-12245,学校法人近畿大学　近畿大学病院,学校法人近畿大学近畿大学病院,1,病院,12245,1,1,0,12245,大阪府堺市南区三原台1丁14番1号,0722887222,34.4996461,135.5164574,birth_navi,birth_navi_not_crosschecked,0,0.0,1,1,0,
GCP-12246,社会医療法人啓仁会咲花病院,社会啓仁会咲花病院,1,病院,12246,1,1,0,12246,大阪府和泉市のぞみ野１－３－３０,0725551919,34.4548479,135.4601937,birth_navi,birth_navi_crosschecked_mhlw_within_100m,0,0.0,1,0,0,2711270004910
GCP-12247,医療法人和倉会　サンタマリア病院,和倉会サンタマリア病院,1,病院,12247,1,1,0,12247,大阪府茨木市新庄町１３番１５号,0726273459,34.8116658,135.571086,birth_navi,birth_navi_crosschecked_mhlw_within_100m,0,0.0,0,0,0,2711270006840
GCP-12248,西宮市立中央病院,西宮市立中央病院,1,病院,12248,1,1,0,12248,兵庫県西宮市林田町８番２４号,0798641515,34.7573827,135.3622511,birth_navi,birth_navi_crosschecked_mhlw_within_100m,0,0.0,0,0,0,2811280001840
GCP-12249,赤穂市民病院,赤穂市民病院,1,病院,12249,1,1,0,12249,兵庫県赤穂市中広１０９０番地,0791433222,34.743706,134.3905015,birth_navi,birth_navi_crosschecked_mhlw_within_100m,0,0.0,0,0,1,2811280003170
GCP-12250,公立豊岡病院組合立豊岡病院日高クリニック,公立豊岡病院組合立豊岡病院日高クリニック,2,有床診療所,12250,1,1,0,12250,兵庫県豊岡市日高町岩中８１番地,0796421611,35.4670454,134.7706578,birth_navi,birth_navi_not_crosschecked,0,0.0,1,0,1,
GCP-12251,鳥取市立病院,鳥取市立病院,1,病院,12251,1,1,0,12251,鳥取県鳥取市的場１ー１,0857371522,35.4744367,134.234164,birth_navi,birth_navi_crosschecked_mhlw_within_100m,0,0.0,0,0,0,3113112000001
GCP-12253,社会福祉法人恩賜財団島根県済生会江津総合病院,恩賜財団島根県済生会江津総合病院,1,病院,12253,1,1,0,12253,島根県江津市江津町１０１６－３７,0855540101,35.0126449,132.2149675,birth_navi,birth_navi_not_crosschecked,0,0.0,1,0,0,
GCP-12254,笠岡市立市民病院,笠岡市立市民病院,1,病院,12254,1,1,0,12254,岡山県笠岡市笠岡５６２８番地の１,0865632191,34.5060425,133.4970303,birth_navi,birth_navi_crosschecked_mhlw_within_100m,0,0.0,1,0,0,3311330000240
GCP-12255,井原市立井原市民病院,井原市立井原市民病院,1,病院,12255,1,1,0,12255,岡山県井原市井原町１１８６番地,0866621133,34.6033662,133.4587071,birth_navi,birth_navi_crosschecked_mhlw_within_100m,0,0.0,1,0,0,3311330000290
GCP-12256,本永病院,本永病院,1,病院,12256,1,1,0,12256,広島県東広島市西条岡町８－１３,0824232666,34.4291651,132.7416805,birth_navi,birth_navi_crosschecked_mhlw_within_100m,0,0.0,1,0,0,3411340030700
GCP-12257,佐川町立高北国民健康保険病院,佐川町立高北国民健康保険病院,1,病院,12257,1,1,0,12257,高知県高岡郡佐川町甲１６８７番地,0889221166,33.5041299,133.2864445,birth_navi,birth_navi_crosschecked_mhlw_within_100m,0,0.0,1,0,0,3911395700250
GCP-12258,筑後市立病院,筑後市立病院,1,病院,12258,1,1,0,12258,福岡県筑後市和泉９１７－１,0942537511,33.2047151,130.491168,birth_navi,birth_navi_crosschecked_mhlw_within_100m,0,0.0,0,0,1,4011400001420
GCP-12259,社会医療法人共愛会戸畑共立病院,社会共愛会戸畑共立病院,1,病院,12259,1,1,0,12259,福岡県北九州市戸畑区沢見,0938715421,33.896264,130.838111,mhlw_iryou_information_net_open_data,mhlw_direct_exact_identity_truncated_visible_address_type_consistent,0,0.0,0,0,0,4011400003450
GCP-12260,長崎県上対馬病院,長崎県上対馬病院,1,病院,12260,1,1,0,12260,長崎県対馬市上対馬町比田勝６３０番地,0920864321,34.656181,129.4581817,birth_navi,birth_navi_crosschecked_mhlw_100_500m,0,0.0,1,0,1,421htu0001
GCP-12261,阿蘇温泉病院,阿蘇温泉病院,1,病院,12261,1,1,0,12261,熊本県阿蘇市内牧１１５３ー１,0967320881,32.9723879,131.04469,birth_navi,birth_navi_crosschecked_mhlw_within_100m,0,0.0,1,0,1,431143560049
GCP-12262,大分赤十字病院,大分赤十字病院,1,病院,12262,1,1,0,12262,大分県大分市千代町３丁目２番３７号,0975326181,33.2438357,131.6042785,birth_navi,birth_navi_crosschecked_mhlw_within_100m,0,0.0,0,0,0,4411003100000
GCP-12263,小林市立病院,小林市立病院,1,病院,12263,1,1,0,12263,宮崎県小林市細野２２３５番地３,0984234711,31.9890655,130.9853429,birth_navi,birth_navi_crosschecked_mhlw_100_500m,0,0.0,1,0,0,4511450500580
GCP-12264,医療法人社団　ともこレディースクリニック,ともこレディースクリニック,2,有床診療所,12264,1,1,0,12264,北海道札幌市西区琴似２条１丁目１－２０琴似タワープラザ２階,0116418181,43.081233,141.3066578,birth_navi,birth_navi_crosschecked_mhlw_within_100m,0,0.0,1,0,0,0122010000240
GCP-12265,神田産科婦人科クリニック,神田産科婦人科クリニック,3,無床診療所,12265,1,1,0,12265,北海道札幌市豊平区豊平３条１丁目１－３３,0118411103,43.0547018,141.3666133,birth_navi,birth_navi_crosschecked_mhlw_within_100m,0,0.0,0,0,0,0122010001210
GCP-12266,医療法人社団産婦人科・小児科クリニックリブ,産婦人科小児科クリニックリブ,2,有床診療所,12266,1,1,0,12266,北海道恵庭市住吉町１丁目８－１０,0123320181,42.873845,141.5841911,birth_navi,birth_navi_crosschecked_mhlw_within_100m,0,0.0,1,0,0,0122010003460
GCP-12267,金川医院,金川医院,2,有床診療所,12267,1,1,0,12267,北海道網走市南２条西２丁目１０番地,0152432884,44.0218771,144.2653692,birth_navi,birth_navi_crosschecked_mhlw_within_100m,0,0.0,1,0,0,0122010005110
GCP-12268,医療法人社団足立産婦人科クリニック,足立産婦人科クリニック,2,有床診療所,12268,1,1,0,12268,北海道釧路市中園町８－１,0154257788,43.005782,144.382696,birth_navi,birth_navi_crosschecked_mhlw_within_100m,0,0.0,1,0,0,0122010005610
GCP-12269,医療法人社団産科婦人科白鳥クリニック,産科婦人科白鳥クリニック,3,無床診療所,12269,1,1,0,12269,北海道函館市白鳥町１３番１８号,0138445588,41.7953999,140.7460217,birth_navi,birth_navi_crosschecked_mhlw_within_100m,0,0.0,1,0,0,0122010020050
GCP-12270,おびひろＡＲＴクリニック,おびひろartクリニック,3,無床診療所,12270,1,1,0,12270,北海道帯広市東３条南９丁目３番地,0155671162,42.9228108,143.2097866,birth_navi,birth_navi_crosschecked_mhlw_within_100m,0,0.0,0,0,0,0122010045890
GCP-12271,札幌大通西１６丁目はなえみレディースクリニック,札幌大通西16丁目はなえみレディースクリニック,3,無床診療所,12271,1,1,0,12271,北海道札幌市中央区大通西１６丁目１－１０　ＩＴＣセンタービル６階,0116338703,43.0573679,141.3332802,birth_navi,birth_navi_not_crosschecked,0,0.0,0,0,0,
GCP-12272,たばた産婦人科クリニック,たばた産婦人科クリニック,2,有床診療所,12272,1,1,0,12272,北海道札幌市中央区南３条西２丁目１－１Ｈ＆Ｂプラザ３Ｆ,0115225566,43.0567467,141.3560643,birth_navi,birth_navi_crosschecked_mhlw_within_100m,0,0.0,0,0,0,0122010046080
GCP-12273,ゆめみレディースクリニック,ゆめみレディースクリニック,2,有床診療所,12273,1,1,0,12273,北海道札幌市西区琴似2条5丁目1-3北幸ビル2階,0116763640,43.0759138,141.3025811,birth_navi,birth_navi_not_crosschecked,0,0.0,0,0,0,
GCP-12274,宮の森レディースクリニック,宮の森レディースクリニック,3,無床診療所,12274,1,1,0,12274,北海道札幌市中央区北２条西２８丁目１番２６号　エストラーダ円山２Ｆ,0112158212,43.0589771,141.3139865,birth_navi,birth_navi_not_crosschecked,0,0.0,1,0,0,
GCP-12275,婦人科さかもとともみクリニック,婦人科さかもとともみクリニック,3,無床診療所,12275,1,1,0,12275,青森県弘前市早稲田３丁目２０－６,0172295080,40.5979177,140.5103649,birth_navi,birth_navi_crosschecked_mhlw_within_100m,0,0.0,0,0,0,0220220000412
GCP-12276,医療法人　白心会　北村医院,白心会北村医院,3,無床診療所,12276,1,1,0,12276,青森県むつ市柳町１－９－５５,0175222135,41.2980286,141.2148451,birth_navi,birth_navi_crosschecked_mhlw_within_100m,0,0.0,1,0,0,0220220000936
GCP-12277,医療法人平成会産婦人科野田,平成会産婦人科野田,3,無床診療所,12277,1,1,0,12277,岩手県一関市字沢２１番地,0191230608,38.9206713,141.1407394,birth_navi,birth_navi_crosschecked_mhlw_100_500m,0,0.0,1,0,0,03203200063
GCP-12278,産婦人科おいなお医院,産婦人科おいなお医院,3,無床診療所,12278,1,1,0,12278,岩手県奥州市江刺岩谷堂字小境１１番地,0197343033,39.1900936,141.170775,birth_navi,birth_navi_crosschecked_mhlw_within_100m,0,0.0,1,0,0,03203200730
GCP-12279,京野アートクリニック盛岡,京野アートクリニック盛岡,3,無床診療所,12279,1,1,0,12279,岩手県盛岡市盛岡駅前通１５ー５　ワールドインＧＥＮプラザビル３階,0196134124,39.7028339,141.1365747,birth_navi,birth_navi_not_crosschecked,0,0.0,0,0,0,
GCP-12280,わたなべ産婦人科内科・小児科,わたなべ産婦人科内科小児科,2,有床診療所,12280,1,1,0,12280,宮城県大崎市松山千石字松山４４０,0229553535,38.5145774,141.0509347,birth_navi,birth_navi_crosschecked_mhlw_within_100m,0,0.0,1,0,0,042705197
GCP-12281,医療法人博愛会　なかやま医院,博愛会なかやま医院,3,無床診療所,12281,1,1,0,12281,宮城県仙台市青葉区中山四丁目１３ー３６,0227256910,38.2925377,140.8416658,birth_navi,birth_navi_crosschecked_mhlw_within_100m,0,0.0,1,0,0,042705244
GCP-12282,医療法人　結城記念　みなと産婦人科クリニック,結城記念みなと産婦人科クリニック,3,無床診療所,12282,1,1,0,12282,宮城県登米市迫町佐沼字小金丁２２－５,0220223252,38.6869192,141.195123,birth_navi,birth_navi_crosschecked_mhlw_within_100m,0,0.0,1,0,0,042800344
GCP-12283,うつみレディスクリニック,うつみレディスクリニック,3,無床診療所,12283,1,1,0,12283,宮城県東松島市赤井字八反谷地１３２－６,0225842868,38.4327431,141.254768,birth_navi,birth_navi_crosschecked_mhlw_within_100m,0,0.0,1,0,0,042800375
GCP-12284,医療法人社団益和会　富谷医院,益和会富谷医院,2,有床診療所,12284,1,1,0,12284,宮城県富谷市ひより台一丁目４５番地１,0223582872,38.4002573,140.8843638,birth_navi,birth_navi_crosschecked_mhlw_within_100m,0,0.0,1,0,0,042800554
GCP-12285,千田医院,千田医院,3,無床診療所,12285,1,1,0,12285,宮城県仙台市泉区南光台南２ー７ー７,0222518256,38.2970089,140.9029784,birth_navi,birth_navi_crosschecked_mhlw_within_100m,0,0.0,1,0,0,042800763
GCP-12286,仙台ＡＲＴクリニック,仙台artクリニック,3,無床診療所,12286,1,1,0,12286,宮城県仙台市宮城野区名掛丁２０６ー１３,0227918851,38.2624043,140.8862055,birth_navi,birth_navi_crosschecked_mhlw_within_100m,0,0.0,0,0,0,042801454
GCP-12287,医療法人　ゆうき婦人科産科クリニック,ゆうき婦人科産科クリニック,3,無床診療所,12287,1,1,0,12287,宮城県仙台市太白区あすと長町１－２－１仙台長町メディカルプラザ３Ｆ,0227978160,38.2310069,140.8878938,birth_navi,birth_navi_crosschecked_mhlw_within_100m,0,0.0,1,0,0,042801705
GCP-12288,長池産婦人科,長池産婦人科,3,無床診療所,12288,1,1,0,12288,宮城県仙台市青葉区中央３丁目４－２,0222225251,38.2595772,140.8769714,birth_navi,birth_navi_crosschecked_mhlw_within_100m,0,0.0,1,0,0,042801807
GCP-12289,医療法人社団千樹会角田記念ちえこ・ゆきかレディースクリニック,千樹会角田記念ちえこゆきかレディースクリニック,3,無床診療所,12289,1,1,0,12289,宮城県仙台市若林区六丁の目中町1-16,0222878612,38.252069,140.9362412,birth_navi,birth_navi_crosschecked_mhlw_within_100m,0,0.0,1,0,0,042802118
GCP-12290,まほろばレディースクリニック,まほろばレディースクリニック,3,無床診療所,12290,1,1,0,12290,宮城県黒川郡大和町吉岡まほろば２丁目２－９,0227254121,38.4369978,140.8766956,birth_navi,birth_navi_crosschecked_mhlw_within_100m,0,0.0,0,0,0,042910325
GCP-12291,いけがみレディースクリニック,いけがみレディースクリニック,3,無床診療所,12291,1,1,0,12291,秋田県鹿角市花輪合ノ野２４５－７,0186300111,40.2040468,140.7937399,birth_navi,birth_navi_crosschecked_mhlw_within_100m,0,0.0,1,0,0,0522050100600
GCP-12292,たかはしレディースクリニック,たかはしレディースクリニック,3,無床診療所,12292,1,1,0,12292,秋田県能代市鳥小屋５９－２３,0185550033,40.1986643,140.0165805,birth_navi,birth_navi_crosschecked_mhlw_within_100m,0,0.0,0,0,0,0522050300480
GCP-12293,御野場たなかレディースクリニック,御野場たなかレディースクリニック,3,無床診療所,12293,1,1,0,12293,秋田県秋田市仁井田新田２－１４－２１,0188748100,39.6780564,140.1244605,birth_navi,birth_navi_crosschecked_mhlw_within_100m,0,0.0,1,0,0,0522050502100
GCP-12294,医療法人　佐藤レディースクリニック,佐藤レディースクリニック,2,有床診療所,12294,1,1,0,12294,秋田県大仙市戸蒔谷地添１０６の１,0187860311,39.4506799,140.5033798,birth_navi,birth_navi_crosschecked_mhlw_within_100m,0,0.0,1,0,0,0522050700210
GCP-12295,山形大手町ＡＲＴクリニック川越医院,山形大手町artクリニック川越医院,3,無床診療所,12295,1,1,0,12295,山形県山形市大手町9-25,0236416467,38.2575512,140.3350154,birth_navi,birth_navi_crosschecked_mhlw_100_500m,0,0.0,0,0,0,062206310071
GCP-12296,すまいるレディースクリニック,すまいるレディースクリニック,3,無床診療所,12296,2,1,1,12296;12909,山形県寒河江市大字寒河江字月越5-2,0237863215,38.3651069,140.278288,birth_navi,birth_navi_not_crosschecked,0,0.0,1,0,1,
GCP-12297,アートクリニック産婦人科,アートクリニック産婦人科,3,無床診療所,12297,1,1,0,12297,福島県福島市栄町６番１号エスタビル１２階,0245231132,37.7541192,140.4615647,birth_navi,birth_navi_crosschecked_mhlw_within_100m,0,0.0,0,0,0,0720720000238
GCP-12298,おのぎレディースクリニック,おのぎレディースクリニック,3,無床診療所,12298,1,1,0,12298,福島県会津若松市飯寺南一丁目１４番３０号,0242365051,37.4728579,139.9072197,birth_navi,birth_navi_crosschecked_mhlw_within_100m,0,0.0,1,0,0,0720720000735
GCP-12299,レディースクリニックはらまち,レディースクリニックはらまち,3,無床診療所,12299,1,1,0,12299,福島県南相馬市原町区西町２丁目７１－１,0244222001,37.6349459,140.9527216,birth_navi,birth_navi_crosschecked_mhlw_within_100m,0,0.0,0,0,0,0720720000923
GCP-12300,医）桜井産婦人科医院,医桜井産婦人科医院,3,無床診療所,12300,1,1,0,12300,福島県郡山市虎丸町２３－１８,0249321637,37.3982074,140.3777789,birth_navi,birth_navi_crosschecked_mhlw_within_100m,0,0.0,1,0,0,0720720001035
GCP-12301,渡辺医院,渡辺医院,3,無床診療所,12301,1,1,0,12301,福島県二本松市正法寺町186-1,0243623000,37.5812467,140.4203636,birth_navi,birth_navi_crosschecked_mhlw_within_100m,0,0.0,1,0,0,0720720001555
GCP-12302,医療法人かたよせウイメンズクリニック,かたよせウイメンズクリニック,3,無床診療所,12302,1,1,0,12302,福島県いわき市常磐西郷町金山７０－１,0246424135,36.98516,140.8565525,birth_navi,birth_navi_crosschecked_mhlw_within_100m,0,0.0,0,0,0,0720720001598
GCP-12303,医療法人いがらしクリニック,いがらしクリニック,3,無床診療所,12303,1,1,0,12303,茨城県龍ケ崎市栄町４６５９－３,0297620936,35.9019171,140.1853405,birth_navi,birth_navi_crosschecked_mhlw_100_500m,0,0.0,1,0,0,082208580049
GCP-12304,医療法人社団博郁会椎名産婦人科,博郁会椎名産婦人科,2,有床診療所,12304,1,1,0,12304,茨城県牛久市中央５－１２－２０,0298720799,35.9778101,140.1424668,birth_navi,birth_navi_crosschecked_mhlw_100_500m,0,0.0,1,0,0,082208580834
GCP-12305,冨田産婦人科医院,冨田産婦人科医院,3,無床診療所,12305,1,1,0,12305,茨城県石岡市茨城３－５－３１,0299230311,36.1778496,140.2849613,birth_navi_manual_confirmation,manual_confirmed_birth_navi,0,0.0,1,0,1,082208600512
GCP-12306,医療法人小塙医院　つくばＡＲＴクリニック,小塙医院つくばartクリニック,3,無床診療所,12306,1,1,0,12306,茨城県つくば市竹園１－６－１　つくばビル４階,0298636111,36.0797843,140.1128922,birth_navi,birth_navi_crosschecked_mhlw_100_500m,0,0.0,0,0,0,082208691242
GCP-12307,きうち産婦人科医院,きうち産婦人科医院,2,有床診療所,12307,1,1,0,12307,栃木県矢板市富田５４８－１,0287435600,36.797854,139.9340999,birth_navi,birth_navi_crosschecked_mhlw_within_100m,0,0.0,1,0,0,0922090011506
GCP-12308,医療法人翠松会松原医院フラワークリニック,翠松会松原医院フラワークリニック,2,有床診療所,12308,1,1,0,12308,群馬県高崎市新保町１５８５－１,0273534103,36.3408961,139.040486,birth_navi,birth_navi_crosschecked_mhlw_within_100m,0,0.0,1,0,0,1022100000574
GCP-12309,医療法人矢崎会矢崎医院,矢崎会矢崎医院,3,無床診療所,12309,1,1,0,12309,群馬県高崎市剣崎町１０４９－２,0273443511,36.3453858,138.9642047,birth_navi,birth_navi_crosschecked_mhlw_within_100m,0,0.0,1,0,1,1022100000595
GCP-12310,塩崎医院,塩崎医院,3,無床診療所,12310,1,1,0,12310,群馬県沼田市清水町4211,0278222451,36.6442762,139.0363166,birth_navi,birth_navi_crosschecked_mhlw_within_100m,0,0.0,1,0,0,1022100000984
GCP-12311,医療法人久保産婦人科医院,久保産婦人科医院,2,有床診療所,12311,1,1,0,12311,群馬県沼田市高橋場町２０３１－４,0278231360,36.6530202,139.058575,birth_navi,birth_navi_crosschecked_mhlw_within_100m,0,0.0,1,0,0,1022100001003
GCP-12312,医療法人飛翔会　松本産婦人科医院,飛翔会松本産婦人科医院,3,無床診療所,12312,1,1,0,12312,埼玉県本庄市千代田１－１－２６,0495243377,36.2394073,139.1821615,birth_navi,birth_navi_crosschecked_mhlw_within_100m,0,0.0,1,0,0,1121102270100
GCP-12313,吉田医院,吉田医院,3,無床診療所,12313,1,1,0,12313,埼玉県北本市中央１－７０,0485912200,36.0290561,139.5342134,birth_navi,birth_navi_crosschecked_mhlw_within_100m,0,0.0,1,0,0,1121108367000
GCP-12314,白石はなももレディースクリニック,白石はなももレディースクリニック,3,無床診療所,12314,1,1,0,12314,埼玉県戸田市新曽２２００－２ロイヤルメドゥ北戸田２Ｆ,0484344809,35.8260591,139.6603016,birth_navi,birth_navi_crosschecked_mhlw_within_100m,0,0.0,1,0,0,1121121861400
GCP-12315,医療法人社団新宿レディースクリニック会　さいたまレディースクリニック,新宿レディースクリニック会さいたまレディースクリニック,3,無床診療所,12315,1,1,0,12315,埼玉県さいたま市大宮区仲町１－５４－３　ビジョナリー３　６階,0486441971,35.9054715,139.6267603,birth_navi,birth_navi_crosschecked_mhlw_within_100m,0,0.0,0,0,0,1121122437100
GCP-12316,医療法人夢乃樹会ウィメンズクリニックふじみ野,夢乃樹会ウィメンズクリニックふじみ野,3,無床診療所,12316,1,1,0,12316,埼玉県富士見市ふじみ野西1ｰ17-3 ハピネスビルふじみ野2F・3F,0492938210,35.8605237,139.5212124,birth_navi,birth_navi_not_crosschecked,0,0.0,0,0,0,
GCP-12317,医療法人社団三樹会もりかわ医院,三樹会もりかわ医院,2,有床診療所,12317,1,1,0,12317,千葉県いすみ市岬町長者１７７,0470873347,35.2951066,140.3899281,birth_navi,birth_navi_crosschecked_mhlw_within_100m,0,0.0,1,0,1,1221203961600
GCP-12318,医療法人社団慈幸会　西船橋こやまウィメンズクリニック,慈幸会西船橋こやまウィメンズクリニック,3,無床診療所,12318,1,1,0,12318,千葉県船橋市印内町６３８番地１,0474952050,35.7055802,139.9589421,birth_navi,birth_navi_crosschecked_mhlw_within_100m,0,0.0,0,0,0,1221206796200
GCP-12319,社会医療法人社団千葉県勤労者医療協会　船橋二和病院附属ふたわ診療所,社会千葉県勤労者医療協会船橋二和病院附属ふたわ診療所,3,無床診療所,12319,1,1,0,12319,千葉県船橋市二和東３－１６－１,0474487660,35.7510968,140.0203923,birth_navi,birth_navi_crosschecked_mhlw_within_100m,0,0.0,1,0,0,1221206916700
GCP-12320,医療法人社団　順裕会　クリニックソワニエ,順裕会クリニックソワニエ,3,無床診療所,12320,1,1,0,12320,千葉県松戸市稔台７－２－１８,0473083008,35.7880455,139.9287408,birth_navi,birth_navi_crosschecked_mhlw_within_100m,0,0.0,1,0,0,1221221093500
GCP-12321,医療法人社団伸守会　津田沼ＩＶＦクリニック,伸守会津田沼ivfクリニック,3,無床診療所,12321,1,1,0,12321,千葉県船橋市前原西2-17-8,0474553111,35.6927284,140.0179764,birth_navi,birth_navi_crosschecked_mhlw_within_100m,0,0.0,0,0,0,1221221517100
GCP-12322,医療法人社団すずらん会緑が丘ウイメンズクリニック,すずらん会緑が丘ウイメンズクリニック,3,無床診療所,12322,1,1,0,12322,千葉県八千代市緑が丘２－２－１０　３階,0474585000,35.7267452,140.070967,birth_navi,birth_navi_crosschecked_mhlw_within_100m,0,0.0,0,0,0,1221225481900
GCP-12323,市川レディースクリニック,市川レディースクリニック,3,無床診療所,12323,1,1,0,12323,千葉県市川市市川南１－８－６　ＹＳＤビル３階,0473236158,35.7277234,139.9065009,birth_navi,birth_navi_crosschecked_mhlw_within_100m,0,0.0,1,0,0,1221226273000
GCP-12324,かしわの葉レディースクリニック,かしわの葉レディースクリニック,3,無床診療所,12324,1,1,0,12324,千葉県柏市若柴２２６－４１中央１４４街区１アベニフ柏の葉１０２,0471372525,35.8964068,139.9537564,birth_navi,birth_navi_crosschecked_mhlw_within_100m,0,0.0,1,0,0,1221227943900
GCP-12325,巻石堂クリニック柏の葉,巻石堂クリニック柏の葉,3,無床診療所,12325,1,1,0,12325,千葉県柏市若柴２７６番地１中央１６１街区１柏の葉クリニックモール２階,0471362760,35.8908577,139.9529534,birth_navi,birth_navi_crosschecked_mhlw_100_500m,0,0.0,1,0,0,1221228047000
GCP-12326,ｍｏｎｅレディースクリニック江戸川,moneレディースクリニック江戸川,3,無床診療所,12326,1,1,0,12326,東京都江戸川区船堀３丁目２－２２ラ・グリシーヌ船堀２階,0368088836,35.6815622,139.8629652,birth_navi,birth_navi_not_crosschecked,0,0.0,0,0,0,
GCP-12327,かなでる女性クリニック日野,かなでる女性クリニック日野,3,無床診療所,12327,1,1,0,12327,東京都日野市大坂上１－３３－１日野駅前ビルディング４階,0428434448,35.6793521,139.3927083,birth_navi,birth_navi_crosschecked_mhlw_within_100m,0,0.0,1,0,0,1321313523669
GCP-12328,仙川すずのねクリニック,仙川すずのねクリニック,3,無床診療所,12328,1,1,0,12328,東京都調布市仙川町１－１８－１０　仙川倉林ビルＡ棟２Ｆ,0363829956,35.661666,139.5849784,birth_navi,birth_navi_crosschecked_mhlw_within_100m,0,0.0,1,0,0,1321314225850
GCP-12329,医療法人社団雙葉会　アトレ大森はなおかレディースクリニック,雙葉会アトレ大森はなおかレディースクリニック,3,無床診療所,12329,1,1,0,12329,東京都大田区大森北１－６－１６　アトレ大森５階,0357675285,35.5885212,139.728228,birth_navi,birth_navi_crosschecked_mhlw_within_100m,0,0.0,1,0,0,1321315623681
GCP-12330,黒田インターナショナル　メディカル　リプロダクション,黒田インターナショナルメディカルリプロダクション,3,無床診療所,12330,1,1,0,12330,東京都中央区新川２－２２－１　いちご新川ビル６Ｆ,0335555650,35.6744861,139.7818996,birth_navi,birth_navi_crosschecked_mhlw_within_100m,0,0.0,0,0,0,1322130344230
GCP-12331,医療法人社団　銀座レディースクリニック,銀座レディースクリニック,3,無床診療所,12331,1,1,0,12331,東京都中央区銀座４－６－１１　銀座センタービル６Ｆ,0335351117,35.6711676,139.7654885,birth_navi,birth_navi_crosschecked_mhlw_within_100m,0,0.0,0,0,0,1322130345240
GCP-12332,日原医院,日原医院,3,無床診療所,12332,1,1,0,12332,東京都新宿区新宿３－３２－５　日原ビル１Ｆ,0333526687,35.6902109,139.7039987,birth_navi,birth_navi_crosschecked_mhlw_within_100m,0,0.0,1,0,0,1322130915180
GCP-12333,竹下医院,竹下医院,3,無床診療所,12333,1,1,0,12333,東京都新宿区高田馬場２－１４－２２,0332001281,35.7134266,139.7071334,birth_navi,birth_navi_crosschecked_mhlw_within_100m,0,0.0,1,0,0,1322131024180
GCP-12334,医療法人社団至誠会　横山外科内科,至誠会横山外科内科,3,無床診療所,12334,1,1,0,12334,東京都品川区二葉２－３－４,0337860061,35.6052786,139.7256869,birth_navi,birth_navi_crosschecked_mhlw_within_100m,0,0.0,0,0,0,1322132020440
GCP-12335,医療法人社団ＪＳＫ　田中レディスライフクリニック,jsk田中レディスライフクリニック,3,無床診療所,12335,1,1,0,12335,東京都目黒区目黒３－１０－２,0337931997,35.6333107,139.7071825,birth_navi,birth_navi_crosschecked_mhlw_within_100m,0,0.0,1,0,0,1322132104500
GCP-12336,医療法人社団月陽会　萩中診療所,月陽会萩中診療所,3,無床診療所,12336,1,1,0,12336,東京都大田区萩中２－９－１５,0337422477,35.5507027,139.729882,birth_navi,birth_navi_crosschecked_mhlw_within_100m,0,0.0,1,0,0,1322132608040
GCP-12337,医療法人社団聖仁会　三軒茶屋ウィメンズクリニック,聖仁会三軒茶屋ウィメンズクリニック,3,無床診療所,12337,1,1,0,12337,東京都世田谷区太子堂１－１２－３４　ル・リオン三軒茶屋２Ｆ,0357797155,35.6446747,139.6740372,birth_navi,birth_navi_crosschecked_mhlw_within_100m,0,0.0,0,0,0,1322132700016
GCP-12338,医療法人社団成茶会駅前三軒茶屋みずもとレディースクリニック,成茶会駅前三軒茶屋みずもとレディースクリニック,3,無床診療所,12338,1,1,0,12338,東京都世田谷区三軒茶屋１－３７－８　ワコーレ三軒茶屋６４,0364509114,35.6430648,139.670963,birth_navi,birth_navi_crosschecked_mhlw_within_100m,0,0.0,1,0,0,1322132700135
GCP-12339,三軒茶屋ペルソナレディースクリニック,三軒茶屋ペルソナレディースクリニック,3,無床診療所,12339,1,1,0,12339,東京都世田谷区太子堂４－２６－１２　くらしの友三軒茶屋ビル５Ｆ,0357794888,35.6454372,139.6702221,birth_navi,birth_navi_crosschecked_mhlw_within_100m,0,0.0,1,0,0,1322132700282
GCP-12340,医療法人社団ＳＳＬＣ　桜新町レディースクリニック,sslc桜新町レディースクリニック,3,無床診療所,12340,1,1,0,12340,東京都世田谷区桜新町１－４０－８　桜新町クリニックモール５Ｆ,0334391155,35.630497,139.6406674,birth_navi,birth_navi_crosschecked_mhlw_within_100m,0,0.0,1,0,0,1322132700325
GCP-12341,医療法人社団十進会　波平レディスクリニック,十進会波平レディスクリニック,3,無床診療所,12341,1,1,0,12341,東京都世田谷区経堂２－１７－１,0354770236,35.6513953,139.6340917,birth_navi,birth_navi_crosschecked_mhlw_within_100m,0,0.0,1,0,0,1322132729860
GCP-12342,医療法人社団ウィング　にしなレディースクリニック,ウィングにしなレディースクリニック,2,有床診療所,12342,1,1,0,12342,東京都世田谷区用賀４－５－２０　アドバンス高荒２Ｆ,0357973247,35.6261995,139.6326429,birth_navi,birth_navi_crosschecked_mhlw_within_100m,0,0.0,1,0,0,1322132760980
GCP-12343,医療法人社団栄賢会　梅ケ丘産婦人科,栄賢会梅ケ丘産婦人科,3,無床診療所,12343,1,1,0,12343,東京都世田谷区梅丘１－３３－３,0334296036,35.6559921,139.6526885,birth_navi,birth_navi_crosschecked_mhlw_within_100m,0,0.0,1,0,0,1322132800440
GCP-12344,篠原クリニック,篠原クリニック,3,無床診療所,12344,1,1,0,12344,東京都渋谷区笹塚３－５８－１８,0333776633,35.6781193,139.666066,birth_navi,birth_navi_crosschecked_mhlw_within_100m,0,0.0,1,0,0,1322133168730
GCP-12345,笹塚レディースクリニック,笹塚レディースクリニック,3,無床診療所,12345,1,1,0,12345,東京都渋谷区笹塚１－３０－３　ビラージュ笹塚Ⅲ　４０２,0334810380,35.673112,139.6663507,birth_navi,birth_navi_not_crosschecked,0,0.0,1,0,0,
GCP-12346,渋谷橋レディースクリニック,渋谷橋レディースクリニック,3,無床診療所,12346,1,1,0,12346,東京都渋谷区東３－１５－１２　第２アワヤビル２Ｆ,0334090609,35.6498917,139.7099673,birth_navi,birth_navi_crosschecked_mhlw_within_100m,0,0.0,1,0,0,1322133199947
GCP-12347,医療法人社団新宿レディースクリニック会　池袋レディースクリニック,新宿レディースクリニック会池袋レディースクリニック,3,無床診療所,12347,1,1,0,12347,東京都豊島区東池袋１－１０－１　住友池袋駅前ビル３Ｆ,0369111971,35.7302742,139.714305,birth_navi,birth_navi_crosschecked_mhlw_within_100m,0,0.0,0,0,0,1322133700021
GCP-12348,慶愛クリニック,慶愛クリニック,3,無床診療所,12348,1,1,0,12348,東京都豊島区東池袋１－１２－８　富士喜ビル４階,0339873090,35.7293608,139.7142972,birth_navi,birth_navi_crosschecked_mhlw_within_100m,0,0.0,0,0,0,1322133766110
GCP-12349,千川産婦人科医院,千川産婦人科医院,3,無床診療所,12349,1,1,0,12349,東京都豊島区要町３－１０－１,0339571332,35.7373135,139.690181,birth_navi,birth_navi_crosschecked_mhlw_within_100m,0,0.0,1,0,0,1322133812860
GCP-12350,医療法人社団ひとみ会　臼井医院,ひとみ会臼井医院,2,有床診療所,12350,1,1,0,12350,東京都足立区東和２－１２－１８,0336051677,35.7683201,139.8416453,birth_navi,birth_navi_crosschecked_mhlw_within_100m,0,0.0,0,0,0,1322134920140
GCP-12351,綾瀬産婦人科・綾瀬産後ケア,綾瀬産婦人科綾瀬産後ケア,3,無床診療所,12351,2,1,1,12351;13087,東京都葛飾区小菅４－８－１０,0338388151,35.761176,139.8252081,birth_navi,birth_navi_not_crosschecked,0,0.0,1,0,1,
GCP-12352,医療法人社団新宿レディースクリニック会　上野レディースクリニック,新宿レディースクリニック会上野レディースクリニック,3,無床診療所,12352,1,1,0,12352,東京都台東区上野２－７－１３　ヒューリック・損保ジャパン上野共同ビル２Ｆ,0358121971,35.7091191,139.7730455,birth_navi,birth_navi_not_crosschecked,0,0.0,0,0,0,
GCP-12353,舞子ウィメンズクリニック自由が丘,舞子ウィメンズクリニック自由が丘,3,無床診療所,12353,1,1,0,12353,東京都目黒区自由が丘２－１６－１１　メイプルヒルズＩＩ,0337181333,35.6085182,139.6661964,birth_navi,birth_navi_crosschecked_mhlw_within_100m,0,0.0,1,0,0,1322135500107
GCP-12354,医療法人社団里優会　あんどうレディスクリニック,里優会あんどうレディスクリニック,3,無床診療所,12354,1,1,0,12354,東京都目黒区大橋２－２３－１　西渋谷ハイウェービル６Ｆ,0334696770,35.6514873,139.6855921,birth_navi,birth_navi_crosschecked_mhlw_within_100m,0,0.0,1,0,0,1322135512210
GCP-12355,医療法人社団善方会　田園調布オリーブレディースクリニック,善方会田園調布オリーブレディースクリニック,3,無床診療所,12355,1,1,0,12355,東京都大田区田園調布２－４０－１９　フォースＤＣ２Ｆ,0337218008,35.5957206,139.6678063,birth_navi,birth_navi_crosschecked_mhlw_100_500m,0,0.0,1,0,0,1322135600130
GCP-12356,医療法人社団　都英会　くがはらウィメンズクリニック,都英会くがはらウィメンズクリニック,2,有床診療所,12356,1,1,0,12356,東京都大田区久が原５－１１－１１　１Ｆ２Ｆ,0337511111,35.5775311,139.6984751,birth_navi,birth_navi_crosschecked_mhlw_within_100m,0,0.0,1,0,1,1322135600182
GCP-12357,医療法人社団アート会　キネマアートクリニック,アート会キネマアートクリニック,3,無床診療所,12357,1,1,0,12357,東京都大田区蒲田５－２８－１８　京急醍醐共同開発ビル３階,0354801940,35.562032,139.7199804,birth_navi,birth_navi_crosschecked_mhlw_within_100m,0,0.0,0,0,0,1322135609950
GCP-12358,加藤産婦人科クリニック,加藤産婦人科クリニック,3,無床診療所,12358,1,1,0,12358,東京都杉並区井草４－５－２－１Ｆ,0333012222,35.7251172,139.6131121,birth_navi,birth_navi_crosschecked_mhlw_within_100m,0,0.0,1,0,0,1322135700090
GCP-12359,ＬＡＮＡレディースクリニック赤羽,lanaレディースクリニック赤羽,3,無床診療所,12359,1,1,0,12359,東京都北区赤羽西１－３６－１１　メディカルヒルズ赤羽４Ｆ,0339091177,35.7781919,139.7176766,birth_navi,birth_navi_crosschecked_mhlw_within_100m,0,0.0,1,0,0,1322135800101
GCP-12360,医療法人社団生和会　赤羽レディースクリニック,生和会赤羽レディースクリニック,3,無床診療所,12360,1,1,0,12360,東京都北区赤羽２－１３－１　花川ビル２Ｆ,0352495651,35.7795469,139.7240898,birth_navi,birth_navi_crosschecked_mhlw_within_100m,0,0.0,1,0,0,1322135801770
GCP-12361,岩瀬クリニック,岩瀬クリニック,3,無床診療所,12361,1,1,0,12361,東京都北区東田端１－１４－１　田端クリニックモール４Ｆ,0338096555,35.7395295,139.7621635,birth_navi,birth_navi_crosschecked_mhlw_within_100m,0,0.0,1,0,0,1322135808610
GCP-12362,京野アートクリニック高輪,京野アートクリニック高輪,3,無床診療所,12362,1,1,0,12362,東京都港区高輪３－１３－１　高輪コート５Ｆ,0364084124,35.6310382,139.7363312,birth_navi,birth_navi_crosschecked_mhlw_within_100m,0,0.0,0,0,0,1322136000118
GCP-12363,白金高輪海老根ウィメンズクリニック,白金高輪海老根ウィメンズクリニック,3,無床診療所,12363,1,1,0,12363,東京都港区高輪１－２－１７　高輪梶ビル５－７Ｆ,0357892590,35.6443691,139.7353268,birth_navi,birth_navi_crosschecked_mhlw_within_100m,0,0.0,0,0,0,1322136000153
GCP-12364,社会福祉法人恩賜財団母子愛育会総合母子保健センター　愛育クリニック,恩賜財団母子愛育会総合母子保健センター愛育クリニック,3,無床診療所,12364,1,1,0,12364,東京都港区南麻布５－６－８,0334738310,35.65346,139.7271181,birth_navi,birth_navi_crosschecked_mhlw_within_100m,0,0.0,1,0,0,1322136000256
GCP-12365,東京ＡＭＨクリニック銀座,東京amhクリニック銀座,3,無床診療所,12365,1,1,0,12365,東京都港区新橋１－９－５　ＫＤＸ新橋駅前ビル　２Ｆ,0335734124,35.6671821,139.7600884,birth_navi,birth_navi_crosschecked_mhlw_within_100m,0,0.0,0,0,0,1322136000426
GCP-12366,医療法人社団しらかば会　みなとウィメンズクリニック,しらかば会みなとウィメンズクリニック,3,無床診療所,12366,1,1,0,12366,東京都港区芝浦４－１２－３９　ロジックビル３Ｆ,0364351311,35.6410999,139.7486399,birth_navi,birth_navi_crosschecked_mhlw_within_100m,0,0.0,1,0,0,1322136000514
GCP-12367,表参道ＡＲＴクリニック,表参道artクリニック,3,無床診療所,12367,1,1,0,12367,東京都港区北青山３－１１－７　アオビル１１カイ,0364335461,35.6638119,139.7106551,birth_navi,birth_navi_crosschecked_mhlw_within_100m,0,0.0,0,0,0,1322136000578
GCP-12368,神谷町ＷＧレディースクリニック,神谷町wgレディースクリニック,3,無床診療所,12368,1,1,0,12368,東京都港区虎ノ門４－１－１　神谷町トラストタワー２Ｆ,0368092262,35.6650161,139.7454071,birth_navi,birth_navi_not_crosschecked,0,0.0,1,0,0,
GCP-12369,医療法人社団神徳会　芝公園かみやまクリニック,神徳会芝公園かみやまクリニック,5,無床助産所,12369,1,1,0,12369,東京都港区芝２－９－１０　ダイユウビル１Ｆ,0364145641,35.6519425,139.7515922,birth_navi,birth_navi_crosschecked_mhlw_within_100m,0,0.0,1,0,0,1322136038980
GCP-12370,医療法人社団永遠幸　新橋夢クリニック,永遠幸新橋夢クリニック,3,無床診療所,12370,1,1,0,12370,東京都港区新橋２－５－１　ＥＸＣＥＬ新橋３Ｆ－７Ｆ,0335932121,35.6679514,139.7559936,birth_navi,birth_navi_not_crosschecked,0,0.0,1,0,0,
GCP-12371,京野アートクリニック品川,京野アートクリニック品川,3,無床診療所,12371,1,1,0,12371,東京都品川区北品川５－１５－４,0364084720,35.6217433,139.7336668,birth_navi,birth_navi_crosschecked_mhlw_within_100m,0,0.0,0,0,0,1322136300107
GCP-12372,アヴァンセレディースクリニック,アヴァンセレディースクリニック,3,無床診療所,12372,1,1,0,12372,東京都品川区西五反田２－２８－１１　ＦＰ五反田ビル地下１階,0364200016,35.624651,139.7209381,birth_navi,birth_navi_not_crosschecked,0,0.0,0,0,0,
GCP-12373,ｓｏｗａｋａ　ｗｏｍｅｎ’ｓ　ｈｅａｌｔｈ　ｃｌｉｎｉｃ,sowakawomenshealthclinic,3,無床診療所,12373,1,1,0,12373,東京都千代田区九段南３－７－８,0369100753,35.6930168,139.7433414,birth_navi,birth_navi_crosschecked_mhlw_within_100m,0,0.0,1,0,0,1322136400246
GCP-12374,医療法人社団光創会　神田ウイメンズクリニック,光創会神田ウイメンズクリニック,3,無床診療所,12374,1,1,0,12374,東京都千代田区鍛冶町２－８－６　メディカルプライム神田６Ｆ,0362060065,35.6926111,139.7726534,birth_navi,birth_navi_crosschecked_mhlw_within_100m,0,0.0,0,0,0,1322136400253
GCP-12375,たかみクリニック,たかみクリニック,3,無床診療所,12375,1,1,0,12375,東京都練馬区練馬４－１０－１０,0359845122,35.7418509,139.6475712,birth_navi,birth_navi_crosschecked_mhlw_within_100m,0,0.0,1,0,0,1322136516970
GCP-12376,後楽園ウィメンズクリニック,後楽園ウィメンズクリニック,3,無床診療所,12376,1,1,0,12376,東京都文京区本郷１－３３－８　ハウス本郷ビル４Ｆ,0356895500,35.7058637,139.7546979,birth_navi,birth_navi_crosschecked_mhlw_within_100m,0,0.0,1,0,0,1322136600082
GCP-12377,文京ガーデン女性クリニック,文京ガーデン女性クリニック,3,無床診療所,12377,1,1,0,12377,東京都文京区小石川１－１－７　文京ガーデン　センターテラス２０３,0338181132,35.709576,139.7523907,birth_navi,birth_navi_crosschecked_mhlw_within_100m,0,0.0,1,0,0,1322136600133
GCP-12378,ピュールレディースクリニック錦糸町院,ピュールレディースクリニック錦糸町院,3,無床診療所,12378,1,1,0,12378,東京都墨田区太平３－４－８　ＫＯＩＫＥ　Ｂｌｄ．５Ｆ,0362841700,35.7000123,139.8144915,birth_navi,birth_navi_crosschecked_mhlw_within_100m,0,0.0,1,0,0,1322136700099
GCP-12379,大倉医院,大倉医院,2,有床診療所,12379,1,1,0,12379,東京都墨田区墨田１－１０－４,0336114077,35.7276601,139.8175037,birth_navi,birth_navi_crosschecked_mhlw_within_100m,0,0.0,1,0,0,1322136702050
GCP-12380,あんずレディースクリニック,あんずレディースクリニック,3,無床診療所,12380,1,1,0,12380,東京都墨田区吾妻橋２－３－９　ノエルビル２Ｆ,0364561682,35.7088485,139.8040741,birth_navi,birth_navi_crosschecked_mhlw_within_100m,0,0.0,1,0,0,1322136708282
GCP-12381,一般社団法人Ｂａｂｙ　Ｈｅａｌｔｈ　Ｃａｒｅ　ベビースマイル　レディースクリニック有明,babyhealthcareベビースマイルレディースクリニック有明,3,無床診療所,12381,1,1,0,12381,東京都江東区有明２－１－８　有明ガーデン４Ｆ,0363726225,35.6381134,139.7924937,birth_navi,birth_navi_crosschecked_mhlw_100_500m,0,0.0,1,0,0,1322136800148
GCP-12382,東陽すずらんレディースクリニック,東陽すずらんレディースクリニック,3,無床診療所,12382,1,1,0,12382,東京都江東区東陽４－８－２１　ＴＳＫ第２ビル３Ｆ,05030902959,35.6710177,139.8173642,birth_navi,birth_navi_crosschecked_mhlw_within_100m,0,0.0,1,0,0,1322136815790
GCP-12383,医療法人社団　楠原ウィメンズクリニック,楠原ウィメンズクリニック,3,無床診療所,12383,1,1,0,12383,東京都中央区銀座５－６－２　銀座七宝ビル６Ｆ,0362746433,35.6713707,139.7642956,birth_navi,birth_navi_crosschecked_mhlw_within_100m,0,0.0,1,0,0,1322136900139
GCP-12384,医療法人オーク会　オーク銀座レディースクリニック,オーク会オーク銀座レディースクリニック,3,無床診療所,12384,1,1,0,12384,東京都中央区銀座２－６－１２　大倉本館７Ｆ,0120009345,35.6731649,139.7667269,birth_navi,birth_navi_crosschecked_mhlw_within_100m,0,0.0,1,0,0,1322136900256
GCP-12385,銀座こうのとりレディースクリニック,銀座こうのとりレディースクリニック,3,無床診療所,12385,1,1,0,12385,東京都中央区銀座１－３－９　マルイト銀座ビル７Ｆ,0351592077,35.6751452,139.7661964,birth_navi,birth_navi_crosschecked_mhlw_within_100m,0,0.0,0,0,0,1322136900304
GCP-12386,よりみつレディースクリニック,よりみつレディースクリニック,3,無床診療所,12386,1,1,0,12386,東京都羽村市五ノ神１－２－２　メディカルプラザ３Ｆ,0425705130,35.7585687,139.3173815,birth_navi,birth_navi_crosschecked_mhlw_within_100m,0,0.0,1,0,0,1322137207776
GCP-12387,青空レディースクリニック,青空レディースクリニック,3,無床診療所,12387,1,1,0,12387,東京都八王子市旭町８－１０　比留間ビル５Ｆ,0426498305,35.6575497,139.3381524,birth_navi,birth_navi_crosschecked_mhlw_within_100m,0,0.0,0,0,0,1322137300010
GCP-12388,玉川学園土屋クリニック,玉川学園土屋クリニック,2,有床診療所,12388,1,1,0,12388,東京都町田市南大谷4-39-38,0427295228,35.5553174,139.4582661,birth_navi,birth_navi_not_crosschecked,0,0.0,1,0,0,
GCP-12389,医療法人社団慈心会　保坂産婦人科クリニック,慈心会保坂産婦人科クリニック,2,有床診療所,12389,1,1,0,12389,東京都狛江市東和泉１－２１－３,0334881103,35.6315563,139.5779428,birth_navi,birth_navi_crosschecked_mhlw_within_100m,0,0.0,1,0,1,1322137716780
GCP-12390,こむかい産婦人科,こむかい産婦人科,3,無床診療所,12390,1,1,0,12390,東京都立川市錦町２－３－３０,0425253524,35.6951255,139.4170848,birth_navi,birth_navi_crosschecked_mhlw_within_100m,0,0.0,1,0,0,1322137907490
GCP-12391,医療法人社団つつじ会　くぬぎ産婦人科,つつじ会くぬぎ産婦人科,3,無床診療所,12391,1,1,0,12391,東京都東村山市本町１－２２－２４,0423953331,35.757159,139.4676644,birth_navi,birth_navi_crosschecked_mhlw_within_100m,0,0.0,1,0,0,1322138407160
GCP-12392,花小金井レディースクリニック,花小金井レディースクリニック,3,無床診療所,12392,1,1,0,12392,東京都小平市花小金井南町１－１９－３　ＳＯＲＡ１階,0424975218,35.7246922,139.5129565,birth_navi,birth_navi_crosschecked_mhlw_within_100m,0,0.0,1,0,0,1322139700100
GCP-12393,横井レディースクリニック,横井レディースクリニック,3,無床診療所,12393,1,1,0,12393,神奈川県鎌倉市大船１－１２－１７リオンビル３Ｆ,0467410015,35.3508283,139.5313548,birth_navi,birth_navi_crosschecked_mhlw_within_100m,0,0.0,1,0,0,1421400439900
GCP-12394,塩崎産婦人科,塩崎産婦人科,3,無床診療所,12394,1,1,0,12394,神奈川県三浦市南下浦町上宮田２９９４－６,0468891103,35.1851403,139.6472698,birth_navi,birth_navi_crosschecked_mhlw_within_100m,0,0.0,1,0,0,1421401237500
GCP-12395,田中クリニック,田中クリニック,3,無床診療所,12395,1,1,0,12395,神奈川県厚木市及川５７２,0462423511,35.4651779,139.3432774,birth_navi,birth_navi_crosschecked_mhlw_within_100m,0,0.0,1,0,0,1421401420300
GCP-12396,はだの南レディスクリニック,はだの南レディスクリニック,3,無床診療所,12396,1,1,0,12396,神奈川県秦野市立野台１－２－３,0463266080,35.3598602,139.2292146,birth_navi,birth_navi_crosschecked_mhlw_within_100m,0,0.0,1,0,0,1421402016500
GCP-12397,ヤマダレディースクリニック,ヤマダレディースクリニック,3,無床診療所,12397,1,1,0,12397,神奈川県横浜市神奈川区二ツ谷町６－３雷鳴堂ビル３０１,0459872811,35.4769772,139.6298954,birth_navi,birth_navi_crosschecked_mhlw_within_100m,0,0.0,1,0,0,1421403316000
GCP-12398,大石レディースクリニック,大石レディースクリニック,3,無床診療所,12398,1,1,0,12398,神奈川県横浜市神奈川区片倉２－１－２１　大石医療ビル１階,0454811101,35.488722,139.6050299,birth_navi,birth_navi_crosschecked_mhlw_within_100m,0,0.0,1,0,0,1421403349600
GCP-12399,神奈川レディースクリニック,神奈川レディースクリニック,3,無床診療所,12399,1,1,0,12399,神奈川県横浜市神奈川区西神奈川１－１１ー５　ＡＲＴＶＩＳＴＡ横浜ビル６階,0452908666,35.48023,139.6315034,birth_navi,birth_navi_crosschecked_mhlw_within_100m,0,0.0,0,0,0,1421403490500
GCP-12400,みなとみらいレディースクリニック,みなとみらいレディースクリニック,3,無床診療所,12400,1,1,0,12400,神奈川県横浜市西区みなとみらい４－７－１－２階Ｄ,0456810333,35.4596106,139.6308841,birth_navi,birth_navi_crosschecked_mhlw_within_100m,0,0.0,1,0,0,1421403663000
GCP-12401,医療法人日伸会かなこレディースクリニック金沢文庫,日伸会かなこレディースクリニック金沢文庫,3,無床診療所,12401,1,1,0,12401,神奈川県横浜市磯子区杉田1-12-23 TSグランデ 4階,0457723636,35.3839081,139.6179243,birth_navi,birth_navi_not_crosschecked,0,0.0,0,0,0,
GCP-12402,医療法人社団善方会　カトレアレディースクリニック,善方会カトレアレディースクリニック,3,無床診療所,12402,1,1,0,12402,神奈川県横浜市港北区新羽町１６８５　Ｕ～ｍｕ　Ｎｅｗ　ＷｉｎｇＩＩＩ　４０１号,0455408088,35.5284631,139.6119657,birth_navi,birth_navi_crosschecked_mhlw_within_100m,0,0.0,1,0,0,1421405839100
GCP-12403,近藤産婦人科,近藤産婦人科,3,無床診療所,12403,1,1,0,12403,神奈川県横浜市緑区中山１－３－１０,0459325503,35.5141261,139.541337,birth_navi,birth_navi_crosschecked_mhlw_within_100m,0,0.0,1,0,0,1421406276300
GCP-12404,医療法人産婦人科クリニックさくら,産婦人科クリニックさくら,3,無床診療所,12404,1,1,0,12404,神奈川県横浜市青葉区新石川２－９－３,0459119936,35.5752223,139.5592835,birth_navi,birth_navi_crosschecked_mhlw_within_100m,0,0.0,0,0,0,1421407085500
GCP-12405,ＣＭポートクリニック,cmポートクリニック,3,無床診療所,12405,1,1,0,12405,神奈川県横浜市都筑区茅ヶ崎中央50-17　CM-PORTビル B1F,0459483761,35.5460901,139.575181,birth_navi,birth_navi_not_crosschecked,0,0.0,0,0,0,
GCP-12406,やすこレディースクリニック,やすこレディースクリニック,3,無床診療所,12406,1,1,0,12406,神奈川県横浜市都筑区茅ケ崎中央１７－２６－２０１,0459482567,35.5421199,139.5719547,birth_navi,birth_navi_crosschecked_mhlw_within_100m,0,0.0,1,0,0,1421407643800
GCP-12407,渡部産婦人科医院,渡部産婦人科医院,2,有床診療所,12407,1,1,0,12407,神奈川県川崎市高津区久末１９３３,0447665632,35.5714181,139.6212411,birth_navi,birth_navi_not_crosschecked,0,0.0,1,0,0,
GCP-12408,神奈川ウィメンズクリニック,神奈川ウィメンズクリニック,3,無床診療所,12408,1,1,0,12408,神奈川県横浜市神奈川区西神奈川１－２０－７　ビューサイト横浜４階,0454315000,35.4801162,139.6323183,birth_navi,birth_navi_crosschecked_mhlw_within_100m,0,0.0,1,0,0,1421421624800
GCP-12409,産婦人科マチダクリニック,産婦人科マチダクリニック,3,無床診療所,12409,1,1,0,12409,神奈川県横浜市中区山田町7-8　産友ビル　101号,0453152331,35.4379054,139.6326574,birth_navi,birth_navi_crosschecked_mhlw_within_100m,0,0.0,1,0,0,1421421931000
GCP-12410,南生田レディースクリニック,南生田レディースクリニック,3,無床診療所,12410,1,1,0,12410,神奈川県川崎市多摩区南生田7-20-21,0449303223,35.6073528,139.5406008,birth_navi,birth_navi_crosschecked_mhlw_within_100m,0,0.0,1,0,0,1421422610300
GCP-12411,潤レディースクリニック,潤レディースクリニック,3,無床診療所,12411,1,1,0,12411,神奈川県横浜市青葉区あざみ野1丁目7－1 ゴールドワンあざみ野3F,0459096100,35.5707763,139.5534855,birth_navi,birth_navi_crosschecked_mhlw_within_100m,0,0.0,1,0,0,1421422786000
GCP-12412,医）悠総会　天王町レディースクリニック,医悠総会天王町レディースクリニック,3,無床診療所,12412,1,1,0,12412,神奈川県横浜市保土ケ谷区天王町2-36-8シレーナS 2F,0454426137,35.4547636,139.6042963,birth_navi,birth_navi_not_crosschecked,0,0.0,1,0,0,
GCP-12413,湘南レディースクリニック辻堂Ｃ－Ｘ,湘南レディースクリニック辻堂cx,3,無床診療所,12413,1,1,0,12413,神奈川県藤沢市辻堂神台２ー２ー１アイクロス湘南４階,0466311520,35.3404739,139.4476786,birth_navi,birth_navi_crosschecked_mhlw_within_100m,0,0.0,1,0,0,1421425336400
GCP-12414,藤沢女性のクリニックもんま,藤沢女性のクリニックもんま,3,無床診療所,12414,1,1,0,12414,神奈川県藤沢市藤沢530-10 F.S.Cビル4F,0466554976,35.3402819,139.4850836,birth_navi,birth_navi_crosschecked_mhlw_within_100m,0,0.0,1,0,0,1421425775000
GCP-12415,メディカルパーク上大岡,メディカルパーク上大岡,3,無床診療所,12415,1,1,0,12415,神奈川県横浜市港南区上大岡西１－１８ー３ミオカリスト館７階,0453746410,35.4077804,139.5952989,birth_navi,birth_navi_crosschecked_mhlw_within_100m,0,0.0,1,0,0,1421427419100
GCP-12416,ゆきこレディースクリニック,ゆきこレディースクリニック,3,無床診療所,12416,1,1,0,12416,神奈川県相模原市中央区相生１－３－１６,0427074340,35.5653034,139.3849561,birth_navi,birth_navi_crosschecked_mhlw_within_100m,0,0.0,0,0,0,1421428297600
GCP-12417,かがやきレディースクリニック藤沢,かがやきレディースクリニック藤沢,3,無床診療所,12417,1,1,0,12417,神奈川県藤沢市鵠沼東１－２,0466419996,35.336073,139.4903066,birth_navi,birth_navi_crosschecked_mhlw_within_100m,0,0.0,1,0,0,1421428347600
GCP-12418,アモルクリニック,アモルクリニック,3,無床診療所,12418,1,1,0,12418,神奈川県横浜市港北区新横浜３－２０－３,0454751000,35.5113178,139.6163747,birth_navi,birth_navi_not_crosschecked,0,0.0,1,0,0,
GCP-12419,メディカルパークみなとみらい,メディカルパークみなとみらい,3,無床診療所,12419,1,1,0,12419,神奈川県横浜市中区桜木町１－１－８　日石横浜ビル４Ｆ,0452324741,35.4537338,139.6301196,birth_navi,birth_navi_crosschecked_mhlw_within_100m,0,0.0,0,0,0,1421431000316
GCP-12420,ひとみレディースクリニック,ひとみレディースクリニック,3,無床診療所,12420,1,1,0,12420,新潟県南魚沼市余川３３６０－２,0257757918,37.0784073,138.8830632,birth_navi,birth_navi_crosschecked_mhlw_within_100m,0,0.0,1,0,0,152SIMNX00032
GCP-12421,うえだクリニック,うえだクリニック,3,無床診療所,12421,1,1,0,12421,新潟県燕市井土巻２丁目６０,0256665666,37.652836,138.9317357,birth_navi,birth_navi_crosschecked_mhlw_100_500m,0,0.0,0,0,0,152SISNX00095
GCP-12422,産婦人科内科　金子医院,産婦人科内科金子医院,3,無床診療所,12422,1,1,0,12422,富山県南砺市荒木１３５１－１,0763520800,36.5572762,136.8796549,birth_navi,birth_navi_crosschecked_mhlw_within_100m,0,0.0,1,0,0,1622162110435
GCP-12423,医療法人社団　こうちウィメンズクリニック,こうちウィメンズクリニック,3,無床診療所,12423,1,1,0,12423,富山県魚津市吉島１－８０９,0765323323,36.827781,137.412414,mhlw_iryou_information_net_manual_confirmation,manual_confirmed_mhlw_iryou_information_net,0,0.0,1,0,0,1622163000349
GCP-12424,愛育産婦人科医院,愛育産婦人科医院,2,有床診療所,12424,1,1,0,12424,石川県金沢市鳴和１丁目１３番６号,0762523535,36.5855622,136.6736952,birth_navi,birth_navi_crosschecked_mhlw_within_100m,0,0.0,1,0,0,1725120100
GCP-12425,医療法人　西ウイミンズクリニック,西ウイミンズクリニック,3,無床診療所,12425,1,1,0,12425,福井県福井市木田２－２１０２,0776333663,36.0463539,136.2264414,birth_navi,birth_navi_crosschecked_mhlw_within_100m,0,0.0,1,0,0,1822180001840
GCP-12426,医療法人　清澄会　ふくい輝クリニック,清澄会ふくい輝クリニック,3,無床診療所,12426,1,1,0,12426,福井県福井市大願寺２丁目９－１６,0776502510,36.0843548,136.228898,birth_navi,birth_navi_crosschecked_mhlw_within_100m,0,0.0,0,0,0,1822180504820
GCP-12427,平岡産婦人科,平岡産婦人科,4,有床助産所,12427,1,1,0,12427,長野県茅野市ちの２５４３－９,0266726133,35.9980024,138.1478177,birth_navi,birth_navi_crosschecked_mhlw_within_100m,0,0.0,0,0,1,2022205407150
GCP-12428,このはなクリニック,このはなクリニック,3,無床診療所,12428,1,1,0,12428,長野県伊那市上新田２４２６,0265988814,35.8279147,137.9651311,birth_navi,birth_navi_not_crosschecked,0,0.0,0,0,0,
GCP-12429,南天診療所,南天診療所,3,無床診療所,12429,1,1,0,12429,長野県松本市筑摩３ー１５ー３１,0263291515,36.2197476,137.9831227,birth_navi,birth_navi_crosschecked_mhlw_100_500m,0,0.0,1,0,0,2022205946880
GCP-12430,ほりうちレディースクリニック,ほりうちレディースクリニック,3,無床診療所,12430,1,1,0,12430,長野県松本市筑摩１丁目１６―３,0263876316,36.2203442,137.9760498,birth_navi,birth_navi_crosschecked_mhlw_100_500m,0,0.0,1,0,0,2022205961610
GCP-12431,髙橋産婦人科,髙橋産婦人科,2,有床診療所,12431,1,1,0,12431,岐阜県岐阜市梅ヶ枝町3丁目４１－３,0582635726,35.4240978,136.7524899,birth_navi,birth_navi_not_crosschecked,0,0.0,1,0,0,
GCP-12432,俵ＩＶＦクリニック,俵ivfクリニック,3,無床診療所,12432,1,1,0,12432,静岡県静岡市駿河区泉町２番２０号,0542882882,34.9687482,138.3871622,birth_navi,birth_navi_crosschecked_mhlw_within_100m,0,0.0,1,0,0,2222220121260
GCP-12433,医療法人社団　啓樹会　西村ウイメンズクリニック,啓樹会西村ウイメンズクリニック,3,無床診療所,12433,1,1,0,12433,静岡県浜松市中央区上島６－３０－３,0534790222,34.7449619,137.7377734,birth_navi,birth_navi_crosschecked_mhlw_within_100m,0,0.0,0,0,0,2222223360510
GCP-12434,大樹レディースクリニック,大樹レディースクリニック,3,無床診療所,12434,1,1,0,12434,静岡県浜松市中央区根洗町５４７ー２,0534140700,34.7940784,137.6897872,birth_navi,birth_navi_crosschecked_mhlw_within_100m,0,0.0,0,0,0,2222223376540
GCP-12435,和田医院,和田医院,3,無床診療所,12435,1,1,0,12435,静岡県浜松市中央区南浅田２－１８－３８,0534445577,34.6888344,137.7309241,birth_navi,birth_navi_crosschecked_mhlw_within_100m,0,0.0,1,0,1,2222223382280
GCP-12436,（医）福間産婦人科クリニック,医福間産婦人科クリニック,3,無床診療所,12436,1,1,0,12436,静岡県静岡市駿河区中原７３９－１,0542857717,34.9539689,138.387174,birth_navi,birth_navi_crosschecked_mhlw_within_100m,0,0.0,0,0,0,2222223403390
GCP-12437,国東産婦人科医院,国東産婦人科医院,3,無床診療所,12437,1,1,0,12437,静岡県三島市南本町１３－３６,0559750906,35.1134238,138.9144938,birth_navi,birth_navi_crosschecked_mhlw_within_100m,0,0.0,0,0,0,2222225621000
GCP-12438,板東レディースクリニック,板東レディースクリニック,3,無床診療所,12438,1,1,0,12438,静岡県富士宮市杉田１０１６－７,0544285800,35.2180372,138.6506466,birth_navi,birth_navi_crosschecked_mhlw_within_100m,0,0.0,0,0,0,2222225821060
GCP-12439,窪田レディースクリニック,窪田レディースクリニック,3,無床診療所,12439,1,1,0,12439,静岡県富士市平垣１００－６,0545657077,35.1607669,138.6517102,birth_navi,birth_navi_crosschecked_mhlw_within_100m,0,0.0,1,0,0,2222225834480
GCP-12440,医療法人社団　直優会　ウスイクリニック,直優会ウスイクリニック,3,無床診療所,12440,1,1,0,12440,静岡県駿東郡長泉町下土狩１２９３－１　富士伊豆農協下土狩ビル２Ｆ,0559805580,35.1296698,138.8964339,birth_navi,birth_navi_crosschecked_mhlw_within_100m,0,0.0,1,0,0,2222227157200
GCP-12441,いながきレディースクリニック,いながきレディースクリニック,3,無床診療所,12441,1,1,0,12441,静岡県沼津市宮前町１２－１１,0559261709,35.1212604,138.8753559,birth_navi,birth_navi_crosschecked_mhlw_within_100m,0,0.0,1,0,0,2222227174760
GCP-12442,あかほり女性クリニック,あかほり女性クリニック,3,無床診療所,12442,1,1,0,12442,静岡県藤枝市前島１丁目３番１ホテルオーレ３階,0546258668,34.8483171,138.2522262,birth_navi,birth_navi_crosschecked_mhlw_within_100m,0,0.0,0,0,0,2222227243220
GCP-12443,クリニックさくら,クリニックさくら,3,無床診療所,12443,1,1,0,12443,静岡県掛川市本郷１９８－３,0537262888,34.8049344,137.9568074,birth_navi,birth_navi_crosschecked_mhlw_within_100m,0,0.0,1,0,0,2222227312650
GCP-12444,森町家庭医療クリニック,森町家庭医療クリニック,3,無床診療所,12444,1,1,0,12444,静岡県周智郡森町草ケ谷３８７－１,0538851340,34.8257572,137.9183809,birth_navi,birth_navi_crosschecked_mhlw_within_100m,0,0.0,1,0,0,2222227315260
GCP-12445,可世木レディスクリニック,可世木レディスクリニック,3,無床診療所,12445,1,1,0,12445,愛知県一宮市平和１－９－２６,0586477333,35.3015191,136.7930931,birth_navi_manual_confirmation,manual_confirmed_birth_navi,0,0.0,1,0,0,2322230100770
GCP-12446,小林産婦人科,小林産婦人科,2,有床診療所,12446,1,1,0,12446,愛知県北名古屋市西之保深坪８２番地２,0568223320,35.2430355,136.8654658,birth_navi,birth_navi_crosschecked_mhlw_within_100m,0,0.0,1,0,0,2322230800410
GCP-12447,富田レディースクリニック,富田レディースクリニック,3,無床診療所,12447,1,1,0,12447,愛知県あま市中萱津南ノ川66,0524415811,35.1869956,136.8344409,birth_navi,birth_navi_crosschecked_mhlw_within_100m,0,0.0,1,0,0,2322230901420
GCP-12448,医療法人　輝　ジュンレディースクリニック刈谷,輝ジュンレディースクリニック刈谷,2,有床診療所,12448,1,1,0,12448,愛知県刈谷市末広町３丁目６番１,0566240306,34.9718527,137.0444655,birth_navi,birth_navi_not_crosschecked,0,0.0,1,0,0,
GCP-12449,医療法人裕修会　篠原産婦人科医院,裕修会篠原産婦人科医院,3,無床診療所,12449,1,1,0,12449,愛知県安城市錦町１０－１０,0566765456,34.952296,137.0852411,birth_navi,birth_navi_crosschecked_mhlw_within_100m,0,0.0,0,0,0,2322231400290
GCP-12450,医療法人　秀峰会　レディースクリニック山原,秀峰会レディースクリニック山原,2,有床診療所,12450,1,1,0,12450,愛知県名古屋市千種区今池４－１４－３,0527318181,35.1693703,136.9388651,birth_navi,birth_navi_crosschecked_mhlw_within_100m,0,0.0,1,0,0,2322232201250
GCP-12451,医療法人ごきそレディスクリニック,ごきそレディスクリニック,3,無床診療所,12451,1,1,0,12451,愛知県名古屋市昭和区阿由知通３－１０,0527329733,35.1508033,136.9340744,birth_navi,birth_navi_crosschecked_mhlw_within_100m,0,0.0,1,0,0,2322232202130
GCP-12452,藤村レディスこどもクリニック,藤村レディスこどもクリニック,3,無床診療所,12452,1,1,0,12452,愛知県名古屋市瑞穂区土市町2-21,0528533541,35.1165421,136.9340744,birth_navi,birth_navi_crosschecked_mhlw_100_500m,0,0.0,1,0,0,2322232202930
GCP-12453,医療法人若葉台クリニック,若葉台クリニック,3,無床診療所,12453,1,1,0,12453,愛知県名古屋市名東区若葉台５０２　　若葉台ビル１Ｆ,0527772888,35.1803103,136.9936141,birth_navi,birth_navi_crosschecked_mhlw_within_100m,0,0.0,1,0,0,2322232203970
GCP-12454,医療法人亜一会　あいこ女性クリニック,亜一会あいこ女性クリニック,3,無床診療所,12454,1,1,0,12454,愛知県名古屋市名東区よもぎ台２丁目９０４番地,0527778080,35.1756514,136.9909772,birth_navi,birth_navi_crosschecked_mhlw_within_100m,0,0.0,0,0,0,2322232205620
GCP-12455,一社駅前こばやしレディースクリニック,一社駅前こばやしレディースクリニック,3,無床診療所,12455,1,1,0,12455,愛知県名古屋市名東区一社２丁目８番地オオタ一社ビル２Ｆ,0527025884,35.1681189,136.9971068,birth_navi,birth_navi_crosschecked_mhlw_within_100m,0,0.0,1,0,0,2322232208550
GCP-12456,医療法人成田育成会　セントソフィアクリニック,成田育成会セントソフィアクリニック,3,無床診療所,12456,1,1,0,12456,愛知県名古屋市中村区名駅１丁目１番４号　ＪＲセントラルタワーズ１９階,0525511595,35.1718752,136.8822239,birth_navi,birth_navi_crosschecked_mhlw_100_500m,0,0.0,1,0,0,2322232302250
GCP-12457,庄内通レディースクリニック,庄内通レディースクリニック,3,無床診療所,12457,1,1,0,12457,愛知県名古屋市西区香呑町６－５０　ノーステラス庄内通１階,0525223800,35.2036732,136.8914712,birth_navi,birth_navi_crosschecked_mhlw_within_100m,0,0.0,1,0,0,2322232308760
GCP-12458,なごやＡＲＴクリニック,なごやartクリニック,3,無床診療所,12458,1,1,0,12458,愛知県名古屋市中村区太閤通一丁目２０番９号　Ｌ’ＥＮＶＯＬ　ＭＥＩＥＫＩ　３階,0524511103,35.1666373,136.880431,birth_navi,birth_navi_crosschecked_mhlw_within_100m,0,0.0,0,0,0,2322232309960
GCP-12459,神宮前オレンジレディースクリニック,神宮前オレンジレディースクリニック,3,無床診療所,12459,1,1,0,12459,愛知県名古屋市熱田区三本松町１８番４号　μＰＬＡＴ神宮前４階,0528830777,35.1258994,136.9129736,birth_navi,birth_navi_crosschecked_mhlw_within_100m,0,0.0,1,0,0,2322232310530
GCP-12460,栄産婦人科,栄産婦人科,3,無床診療所,12460,1,1,0,12460,愛知県名古屋市中区栄５－２２－２２,0522515066,35.1632878,136.9146438,birth_navi,birth_navi_crosschecked_mhlw_within_100m,0,0.0,0,0,0,2322232402760
GCP-12461,なるかわレディースクリニック,なるかわレディースクリニック,3,無床診療所,12461,1,1,0,12461,愛知県名古屋市守山区野萩町１３－１４プラザ野萩２Ｆ,0527962220,35.2029482,136.9854622,birth_navi,birth_navi_crosschecked_mhlw_within_100m,0,0.0,0,0,0,2322232405260
GCP-12462,医療法人成田育成会　成田産婦人科,成田育成会成田産婦人科,2,有床診療所,12462,1,1,0,12462,愛知県名古屋市中区大須一丁目２０番３０号,0522211595,35.1606053,136.8969144,birth_navi,birth_navi_crosschecked_mhlw_within_100m,0,0.0,1,0,0,2322232409760
GCP-12463,山田医院,山田医院,3,無床診療所,12463,1,1,0,12463,愛知県名古屋市北区萩野通２－１０ー２,0529812033,35.2094537,136.9105339,birth_navi,birth_navi_crosschecked_mhlw_within_100m,0,0.0,0,0,0,2322232409770
GCP-12464,パークサイド栄クリニック,パークサイド栄クリニック,3,無床診療所,12464,1,1,0,12464,愛知県名古屋市中区栄３ー３１ー７大河内ビル５階,0522622030,35.1639253,136.9083235,birth_navi,birth_navi_crosschecked_mhlw_within_100m,0,0.0,1,0,0,2322232410010
GCP-12465,だいどうクリニック,だいどうクリニック,3,無床診療所,12465,1,1,0,12465,愛知県名古屋市南区白水町８,0526116262,35.0747826,136.9082378,birth_navi,birth_navi_crosschecked_mhlw_within_100m,0,0.0,1,0,0,2322232501670
GCP-12466,産科婦人科　種村ウィメンズクリニック,産科婦人科種村ウィメンズクリニック,3,無床診療所,12466,1,1,0,12466,愛知県名古屋市天白区野並１丁目２６５番地,0527996121,35.1078061,136.9590997,birth_navi,birth_navi_crosschecked_mhlw_within_100m,0,0.0,1,0,0,2322232504740
GCP-12467,やました内科産婦人科,やました内科産婦人科,3,無床診療所,12467,1,1,0,12467,愛知県名古屋市緑区黒沢台三丁目１３２０,0526807379,35.1001594,136.9939881,birth_navi,birth_navi_crosschecked_mhlw_within_100m,0,0.0,1,0,0,2322232508520
GCP-12468,医療法人　マミーローズクリニック,マミーローズクリニック,3,無床診療所,12468,1,1,0,12468,愛知県豊橋市高洲町字森下１番地,0532326585,34.7645217,137.354145,birth_navi,birth_navi_not_crosschecked,0,0.0,1,0,0,
GCP-12469,とよはしウィメンズクリニック,とよはしウィメンズクリニック,3,無床診療所,12469,1,1,0,12469,愛知県豊橋市牟呂町大塚８５－１,,34.7478365,137.3650593,birth_navi,birth_navi_crosschecked_mhlw_within_100m,0,0.0,1,0,0,2322232604230
GCP-12470,とよた星の夢ＡＲＴクリニック,とよた星の夢artクリニック,3,無床診療所,12470,1,1,0,12470,愛知県豊田市喜多町二丁目１６０番地　コモ・スクエアウエスト３階,0565373535,35.0864767,137.1585947,birth_navi,birth_navi_crosschecked_mhlw_within_100m,0,0.0,0,0,0,2322232803890
GCP-12471,つかはらウィメンズクリニック,つかはらウィメンズクリニック,3,無床診療所,12471,1,1,0,12471,愛知県一宮市水附町２番１号,0586648080,35.2970685,136.8172626,birth_navi,birth_navi_crosschecked_mhlw_within_100m,0,0.0,1,0,0,2322232900320
GCP-12472,ザ・クリニック,ザクリニック,3,無床診療所,12472,1,1,0,12472,三重県三重郡朝日町柿７７６－１,0593762030,35.0326366,136.6639142,birth_navi,birth_navi_crosschecked_mhlw_within_100m,0,0.0,1,0,0,2422240015520
GCP-12473,医療法人　栄恵会　ＩＶＦ白子クリニック,栄恵会ivf白子クリニック,3,無床診療所,12473,1,1,0,12473,三重県鈴鹿市南江島町８－２,0593882288,34.839222,136.59298,birth_navi,birth_navi_crosschecked_mhlw_within_100m,0,0.0,0,0,0,2422242240143
GCP-12474,医療法人翡翠会　ひとみウィメンズクリニック,翡翠会ひとみウィメンズクリニック,3,無床診療所,12474,1,1,0,12474,三重県三重郡菰野町大羽根園並木通１０－１,0593275400,35.0126005,136.4943433,birth_navi,birth_navi_crosschecked_mhlw_within_100m,0,0.0,0,0,0,2422242240313
GCP-12475,みのうらレディースクリニック,みのうらレディースクリニック,3,無床診療所,12475,1,1,0,12475,三重県鈴鹿市磯山３丁目９－１７,0593800018,34.8169233,136.5706313,birth_navi,birth_navi_crosschecked_mhlw_within_100m,0,0.0,0,0,0,2422242240341
GCP-12476,はなだ婦人クリニック,はなだ婦人クリニック,5,無床助産所,12476,1,1,0,12476,滋賀県栗東市綣三丁目１０－２２,0775512175,35.0365735,135.9798989,birth_navi,birth_navi_crosschecked_mhlw_within_100m,0,0.0,0,0,0,2522250006360
GCP-12477,医療法人　木下レディースクリニック,木下レディースクリニック,3,無床診療所,12477,1,1,0,12477,滋賀県大津市打出浜１０－３７,0775261451,35.0030915,135.878938,birth_navi,birth_navi_crosschecked_mhlw_within_100m,0,0.0,0,0,0,2522250013280
GCP-12478,医療法人　たかこレディスクリニック,たかこレディスクリニック,3,無床診療所,12478,1,1,0,12478,滋賀県大津市粟津町３番２号　ＪＲ石山駅ＮＫビル３０３号室,0775344031,34.9796789,135.8998915,birth_navi,birth_navi_crosschecked_mhlw_within_100m,0,0.0,1,0,0,2522250013690
GCP-12479,医療法人　細田レディースクリニック,細田レディースクリニック,3,無床診療所,12479,1,1,0,12479,京都府京都市中京区西ノ京職司町６９ＩＭＰＡＣＴ　ＩＫＵ　１階,0756346123,35.0109523,135.7441031,birth_navi,birth_navi_crosschecked_mhlw_within_100m,0,0.0,1,0,0,2622620000717
GCP-12480,ＩＤＡクリニック,idaクリニック,3,無床診療所,12480,1,1,0,12480,京都府京都市山科区安朱南屋敷町３５ラクトＤ６階,0755836515,34.9904557,135.817704,birth_navi,birth_navi_not_crosschecked,0,0.0,1,0,0,
GCP-12482,志村ウィメンズクリニック,志村ウィメンズクリニック,3,無床診療所,12482,1,1,0,12482,大阪府大阪市北区角田町８－４７　阪急グランドビル２２階,0663161132,34.7029862,135.4990478,birth_navi,birth_navi_crosschecked_mhlw_within_100m,0,0.0,0,0,0,2722270001690
GCP-12483,こおりたクリニック,こおりたクリニック,3,無床診療所,12483,1,1,0,12483,大阪府大阪市淀川区東三国５－１５－２７,0663940055,34.7428525,135.4941686,birth_navi,birth_navi_crosschecked_mhlw_within_100m,0,0.0,0,0,0,2722270003750
GCP-12484,医療法人　岩田レディースクリニック,岩田レディースクリニック,3,無床診療所,12484,1,1,0,12484,大阪府大阪市旭区中宮４－９－１９,0669517089,34.7280493,135.541509,birth_navi,birth_navi_crosschecked_mhlw_within_100m,0,0.0,1,0,0,2722270008260
GCP-12485,猪木産婦人科,猪木産婦人科,2,有床診療所,12485,1,1,0,12485,大阪府大阪市西成区旭１－１－３,0666410162,34.6447492,135.496361,birth_navi,birth_navi_crosschecked_mhlw_within_100m,0,0.0,0,0,0,2722270030210
GCP-12486,医療法人オーク会　オーク住吉産婦人科,オーク会オーク住吉産婦人科,2,有床診療所,12486,1,1,0,12486,大阪府大阪市西成区玉出西２－７－９,0120009345,34.6235693,135.4896255,birth_navi,birth_navi_crosschecked_mhlw_within_100m,0,0.0,1,0,0,2722270030660
GCP-12487,医療法人松崎産婦人科クリニック,松崎産婦人科クリニック,3,無床診療所,12487,1,1,0,12487,大阪府池田市菅原町３丁目１番ステーションＮ２階２０２号ー２,0727502025,34.8211482,135.4270067,birth_navi,birth_navi_crosschecked_mhlw_within_100m,0,0.0,1,0,0,2722270039800
GCP-12488,医療法人光仁幸会　西本産婦人科,光仁幸会西本産婦人科,2,有床診療所,12488,1,1,0,12488,大阪府松原市上田３－７－２５,0723310512,34.5750292,135.5578984,birth_navi,birth_navi_crosschecked_mhlw_within_100m,0,0.0,1,0,0,2722270062420
GCP-12489,きくちレディースクリニック,きくちレディースクリニック,3,無床診療所,12489,1,1,0,12489,大阪府八尾市跡部北の町３－１－２６　久宝寺クリニックビル３階,0729281880,34.6208357,135.583429,birth_navi,birth_navi_crosschecked_mhlw_within_100m,0,0.0,1,0,0,2722270064100
GCP-12490,医療法人育佑会　石田医院,育佑会石田医院,3,無床診療所,12490,1,1,0,12490,大阪府高石市羽衣１丁目１０番１１号,0722611313,34.5356004,135.4418789,birth_navi,birth_navi_crosschecked_mhlw_within_100m,0,0.0,1,0,0,2722270074820
GCP-12491,医療法人沢田レディースクリニック,沢田レディースクリニック,2,有床診療所,12491,1,1,0,12491,大阪府高石市千代田１－２６－１９,0722675200,34.5224664,135.4294884,birth_navi,birth_navi_crosschecked_mhlw_within_100m,0,0.0,1,0,0,2722270074990
GCP-12492,徳川レディースクリニック,徳川レディースクリニック,2,有床診療所,12492,1,1,0,12492,大阪府堺市西区浜寺南町３丁２番１号　浜寺メディカルスクエア３０２,0722663636,34.5378632,135.4526918,birth_navi,birth_navi_crosschecked_mhlw_within_100m,0,0.0,1,0,0,2722270075510
GCP-12493,まんだいレディースクリニック,まんだいレディースクリニック,3,無床診療所,12493,1,1,0,12493,大阪府和泉市肥子町1丁目11-6-2,0725406088,34.4866295,135.4226786,birth_navi,birth_navi_not_crosschecked,0,0.0,0,0,0,
GCP-12494,医療法人　瑞称会　くれはの里レディースクリニック,瑞称会くれはの里レディースクリニック,3,無床診療所,12494,1,1,0,12494,大阪府池田市旭丘２丁目４番１７号,0727481122,34.8231665,135.4476399,birth_navi,birth_navi_crosschecked_mhlw_within_100m,0,0.0,1,0,0,2722270085310
GCP-12495,みさき医院,みさき医院,3,無床診療所,12495,1,1,0,12495,大阪府吹田市岸部南２丁目１－６,0663816022,34.775892,135.5410703,birth_navi,birth_navi_crosschecked_mhlw_within_100m,0,0.0,1,0,0,2722270088610
GCP-12496,むそうレディースクリニック,むそうレディースクリニック,3,無床診療所,12496,1,1,0,12496,大阪府豊中市玉井町２丁目２番１８号,0668458630,34.7881776,135.4576675,birth_navi,birth_navi_crosschecked_mhlw_within_100m,0,0.0,1,0,0,2722270100620
GCP-12497,なかおかレディースクリニック,なかおかレディースクリニック,3,無床診療所,12497,1,1,0,12497,大阪府大阪市阿倍野区阪南町１－５０－１０　日栄ビル１階,0647033180,34.6330259,135.5159334,birth_navi,birth_navi_crosschecked_mhlw_within_100m,0,0.0,1,0,0,2722270108360
GCP-12498,元林産婦人科内科,元林産婦人科内科,3,無床診療所,12498,1,1,0,12498,大阪府大阪市平野区長吉出戸８－７－２７,0667070010,34.6067363,135.5756054,birth_navi,birth_navi_crosschecked_mhlw_within_100m,0,0.0,0,0,0,2722270112470
GCP-12499,まつおかレディースクリニック,まつおかレディースクリニック,3,無床診療所,12499,1,1,0,12499,大阪府大阪市北区豊崎３－２０－１０　大明ビル２Ｆ,0663778601,34.7095775,135.4964709,birth_navi,birth_navi_crosschecked_mhlw_within_100m,0,0.0,1,0,0,2722270114320
GCP-12500,医療法人国崇会北中レディースクリニック,国崇会北中レディースクリニック,3,無床診療所,12500,1,1,0,12500,大阪府大阪市北区梅田２－２－２　ヒルトンプラザウエスト４Ｆ,0663481404,34.6999702,135.4952544,birth_navi,birth_navi_crosschecked_mhlw_within_100m,0,0.0,1,0,0,2722270119150
GCP-12501,医療法人　晋晃会　ちはるクリニック,晋晃会ちはるクリニック,3,無床診療所,12501,1,1,0,12501,大阪府大阪市淀川区十三本町２－１－２６　十三ＮＬＣビル５階,0661956886,34.7199787,135.4812237,birth_navi,birth_navi_crosschecked_mhlw_within_100m,0,0.0,1,0,0,2722270119170
GCP-12502,なかむらレディースクリニック,なかむらレディースクリニック,3,無床診療所,12502,1,1,0,12502,大阪府大阪市住之江区西住之江１－１－３１　Ｎ．ＫＬＡＳＳ住ノ江１階,0666751211,34.6050666,135.4870755,birth_navi,birth_navi_crosschecked_mhlw_within_100m,0,0.0,0,0,0,2722270121150
GCP-12503,あかりクリニック,あかりクリニック,3,無床診療所,12503,1,1,0,12503,大阪府豊中市岡町北３丁目１－２２,0668521050,34.7801196,135.4644469,birth_navi,birth_navi_crosschecked_mhlw_within_100m,0,0.0,0,0,0,2722270167890
GCP-12504,ふくだレディースクリニック,ふくだレディースクリニック,3,無床診療所,12504,1,1,0,12504,大阪府大阪市住吉区大領５－４－２３　グレース住吉１０１号,0666991239,34.613225,135.5050662,birth_navi,birth_navi_crosschecked_mhlw_within_100m,0,0.0,1,0,0,2722270125130
GCP-12505,ふくだあやレディースクリニック・ひろつぐ出生前診断クリニック,ふくだあやレディースクリニックひろつぐ出生前診断クリニック,3,無床診療所,12505,1,1,0,12505,大阪府大阪市北区紅梅町１－６　カザリーノビル１階,0663540088,34.6985544,135.5139628,birth_navi,birth_navi_crosschecked_mhlw_within_100m,0,0.0,1,0,0,2722270132580
GCP-12506,てんのうじちひろウイメンズクリニック,てんのうじちひろウイメンズクリニック,3,無床診療所,12506,1,1,0,12506,大阪府大阪市天王寺区茶臼山町４－１６,0667731138,34.6490407,135.5125818,birth_navi,birth_navi_crosschecked_mhlw_within_100m,0,0.0,1,0,0,2722270143130
GCP-12507,しのはらようこレディースクリニック,しのはらようこレディースクリニック,3,無床診療所,12507,1,1,0,12507,大阪府大阪市阿倍野区天王寺町北２－３１－２７,0667145515,34.6440832,135.5234418,birth_navi,birth_navi_crosschecked_mhlw_within_100m,0,0.0,1,0,0,2722270146770
GCP-12508,レディーバードクリニック,レディーバードクリニック,3,無床診療所,12508,1,1,0,12508,大阪府大阪市北区西天満１－７－４　協和中之島ビル１階１０１号,0669400082,34.6939277,135.5072498,birth_navi,birth_navi_crosschecked_mhlw_within_100m,0,0.0,1,0,0,2722270147290
GCP-12509,医療法人　ＦＡＧＷ　のだ女性クリニック,fagwのだ女性クリニック,3,無床診療所,12509,1,1,0,12509,大阪府枚方市岡東町１４番４８号　やまぐちビル４階,0728433267,34.8143932,135.6487234,birth_navi,birth_navi_crosschecked_mhlw_within_100m,0,0.0,0,0,0,2722270150600
GCP-12510,医療法人ＧｙＮｅｔ　南森町レディースクリニック,gynet南森町レディースクリニック,3,無床診療所,12510,1,1,0,12510,大阪府大阪市北区天神橋２－５－２５　若杉グランドビル本館１階,0663562824,34.6971491,135.5131469,birth_navi,birth_navi_crosschecked_mhlw_within_100m,0,0.0,1,0,0,2722270151030
GCP-12511,医療法人健裕会　よこいレディースクリニック,健裕会よこいレディースクリニック,3,無床診療所,12511,1,1,0,12511,大阪府豊中市西緑丘１丁目１番３１　ＣｒｉｃｅＮｉｋｋｏ２階,0648654511,34.8082435,135.4733542,birth_navi,birth_navi_crosschecked_mhlw_within_100m,0,0.0,1,0,0,2722270152170
GCP-12512,医療法人ＧｙＮｅｔ　南森町レディースクリニック大阪梅田院,gynet南森町レディースクリニック大阪梅田院,3,無床診療所,12512,1,1,0,12512,大阪府大阪市北区梅田１－８－１６　ヒルトンプラザイースト４階,0664427230,34.7004001,135.4962779,birth_navi,birth_navi_crosschecked_mhlw_within_100m,0,0.0,1,0,0,2722270152260
GCP-12513,医療法人オーク会　オーク梅田レディースクリニック,オーク会オーク梅田レディースクリニック,3,無床診療所,12513,1,1,0,12513,大阪府大阪市北区梅田２－５－２５　ハービスＰＬＡＺＡ３階,0120009345,34.6984253,135.4926758,birth_navi,birth_navi_crosschecked_mhlw_within_100m,0,0.0,1,0,0,2722270152540
GCP-12514,牧野レディースクリニック,牧野レディースクリニック,3,無床診療所,12514,1,1,0,12514,大阪府東大阪市菱屋西３－１－３コアファーストビル２階,0667537283,34.6638956,135.5785469,birth_navi,birth_navi_not_crosschecked,0,0.0,1,0,0,
GCP-12515,まりこレディースクリニック,まりこレディースクリニック,3,無床診療所,12515,1,1,0,12515,大阪府大阪市天王寺区烏ケ辻１－３－２４ケーズスクエア２階,0667968720,34.6576091,135.526981,birth_navi,birth_navi_crosschecked_mhlw_within_100m,0,0.0,1,0,0,2722270157850
GCP-12516,エクラ難波レディースクリニック,エクラ難波レディースクリニック,3,無床診療所,12516,1,1,0,12516,大阪府大阪市浪速区難波中１－６－８ＯｓａｋａＭｅｔｒｏなんばビルウェルビーイングモール２階,0666491010,34.6646718,135.4992678,birth_navi,birth_navi_crosschecked_mhlw_within_100m,0,0.0,0,0,0,2722270161220
GCP-12517,あおき産科婦人科クリニック,あおき産科婦人科クリニック,3,無床診療所,12517,1,1,0,12517,大阪府大阪狭山市半田１ー３ー３メディカルスクエア金剛駅前４階,0723660135,34.4954217,135.5584569,birth_navi,birth_navi_crosschecked_mhlw_within_100m,0,0.0,1,0,0,2722270161410
GCP-12518,たはらウィメンズクリニック,たはらウィメンズクリニック,3,無床診療所,12518,1,1,0,12518,大阪府吹田市片山町１－３－５シルバーマンションⅡ　２階,0663370260,34.7653167,135.5225313,birth_navi,birth_navi_crosschecked_mhlw_within_100m,0,0.0,1,0,0,2722270161520
GCP-12519,医療法人典彰会　あやレディースクリニック,典彰会あやレディースクリニック,3,無床診療所,12519,1,1,0,12519,大阪府富田林市津々山台２丁目１０番１－１０１号,0721281088,34.4948016,135.5775013,birth_navi,birth_navi_crosschecked_mhlw_within_100m,0,0.0,1,0,0,2722270164690
GCP-12520,みちもとレディースクリニック,みちもとレディースクリニック,3,無床診療所,12520,1,1,0,12520,兵庫県神戸市長田区東尻池町２丁目３－１６,0786714050,34.6614981,135.1565545,birth_navi,birth_navi_crosschecked_mhlw_within_100m,0,0.0,0,0,0,2822280006490
GCP-12521,清水クリニック,清水クリニック,3,無床診療所,12521,1,1,0,12521,兵庫県神戸市垂水区本多聞６丁目２８－２３,0787833030,34.6525865,135.0493438,birth_navi,birth_navi_crosschecked_mhlw_within_100m,0,0.0,0,0,0,2822280008640
GCP-12522,はやし女性クリニック,はやし女性クリニック,3,無床診療所,12522,1,1,0,12522,兵庫県神戸市中央区楠町５丁目１－１３,0783511688,34.6823744,135.1732954,birth_navi,birth_navi_crosschecked_mhlw_within_100m,0,0.0,0,0,0,2822280013220
GCP-12523,医療法人社団ＧＯＫやまなみ会　山辺レディースクリニック,gokやまなみ会山辺レディースクリニック,3,無床診療所,12523,1,1,0,12523,兵庫県神戸市中央区三宮町２丁目５－１三宮ハートビル５階,0783350555,34.6904937,135.1919127,birth_navi,birth_navi_crosschecked_mhlw_within_100m,0,0.0,0,0,0,2822280013970
GCP-12524,ウィメンズクリニック横田,ウィメンズクリニック横田,3,無床診療所,12524,1,1,0,12524,兵庫県尼崎市塚口町１丁目２４－２,0664217240,34.7552229,135.4127854,birth_navi,birth_navi_not_crosschecked,0,0.0,1,0,0,
GCP-12525,江原産婦人科医院,江原産婦人科医院,3,無床診療所,12525,1,1,0,12525,兵庫県西宮市二見町９番１７号,0798671162,34.7409385,135.3734953,birth_navi,birth_navi_crosschecked_mhlw_within_100m,0,0.0,1,0,0,2822280025150
GCP-12526,医療法人社団　もりたレディースクリニック,もりたレディースクリニック,3,無床診療所,12526,1,1,0,12526,兵庫県西宮市北口町１－２　アクタ西宮東館４階,0798693336,34.7467373,135.3581923,birth_navi,birth_navi_not_crosschecked,0,0.0,1,0,0,
GCP-12527,シオタニレディースクリニック,シオタニレディースクリニック,3,無床診療所,12527,1,1,0,12527,兵庫県三田市中央町１０－１０中央第一ビル３階,0795613500,34.8883381,135.2282193,birth_navi,birth_navi_crosschecked_mhlw_within_100m,0,0.0,1,0,0,2822280033130
GCP-12528,医療法人社団　高橋産婦人科医院,高橋産婦人科医院,3,無床診療所,12528,1,1,0,12528,兵庫県川西市清和台東１－３－７５,0727990001,34.8779644,135.3874011,birth_navi,birth_navi_crosschecked_mhlw_within_100m,0,0.0,1,0,0,2822280035960
GCP-12529,私立二見レディースクリニック,私立二見レディースクリニック,3,無床診療所,12529,1,1,0,12529,兵庫県明石市二見町東二見２０７番地,0789421783,34.6987867,134.8909249,birth_navi,birth_navi_crosschecked_mhlw_within_100m,0,0.0,1,0,1,2822280039340
GCP-12530,久保みずきレディースクリニック,久保みずきレディースクリニック,3,無床診療所,12530,1,1,0,12530,兵庫県明石市本町２丁目１－１５　ランテルナＭ２　１Ｆ,0789139811,34.6473246,134.9899497,birth_navi,birth_navi_crosschecked_mhlw_within_100m,0,0.0,0,0,0,2822280040970
GCP-12531,なかた・みずのやレディースクリニック,なかたみずのやレディースクリニック,3,無床診療所,12531,1,1,0,12531,兵庫県明石市大明石町１丁目３－８第２ユタカビル２Ｆ,0789123312,34.6488197,134.9908107,birth_navi,birth_navi_crosschecked_mhlw_within_100m,0,0.0,1,0,0,2822280041430
GCP-12532,半田産婦人科医院,半田産婦人科医院,3,無床診療所,12532,1,1,0,12532,兵庫県赤穂郡上郡町大持３５０,0791521000,34.8689392,134.3548475,birth_navi,birth_navi_crosschecked_mhlw_within_100m,0,0.0,1,1,0,2822280045380
GCP-12533,みやびレディースクリニック,みやびレディースクリニック,3,無床診療所,12533,1,1,0,12533,兵庫県神戸市中央区磯上通８丁目３－１０　井門三宮ビル６階,0782510155,34.6913453,135.1958415,birth_navi,birth_navi_crosschecked_mhlw_within_100m,0,0.0,1,0,0,2822280068210
GCP-12534,洋子レディースクリニック,洋子レディースクリニック,3,無床診療所,12534,1,1,0,12534,奈良県奈良市学園大和町三丁目４０番地２,0742511200,34.6873606,135.75043,birth_navi,birth_navi_crosschecked_mhlw_within_100m,0,0.0,1,0,0,2922004000000
GCP-12535,医療法人明日香会　ＡＳＫＡレディースクリニック,明日香会askaレディースクリニック,3,無床診療所,12535,1,1,0,12535,奈良県奈良市北登美ケ丘３－３－１７,0742517717,34.7229942,135.7579621,birth_navi,birth_navi_crosschecked_mhlw_within_100m,0,0.0,0,0,0,2922035300000
GCP-12536,ちえクリニック,ちえクリニック,3,無床診療所,12536,1,1,0,12536,奈良県奈良市学園北一丁目１４番１３号メディカル学園前３階,0742937412,34.6996981,135.7506229,birth_navi,birth_navi_crosschecked_mhlw_within_100m,0,0.0,0,0,0,2922130000000
GCP-12537,あやめ池いしい婦人科クリニック,あやめ池いしい婦人科クリニック,3,無床診療所,12537,1,1,0,12537,奈良県奈良市あやめ池北メディカルコートあやめ池Ａ－２０４,0742520600,34.7007032,135.7616779,birth_navi,birth_navi_not_crosschecked,0,0.0,1,0,0,
GCP-12538,医療法人粉川レディスクリニック,粉川レディスクリニック,3,無床診療所,12538,1,1,0,12538,和歌山県和歌山市六十谷３６６－４,0734610349,34.2619947,135.2059672,birth_navi,birth_navi_crosschecked_mhlw_within_100m,0,0.0,1,0,0,3022035900000
GCP-12539,医療法人新生会　岩橋産科婦人科,新生会岩橋産科婦人科,2,有床診療所,12539,1,1,0,12539,和歌山県和歌山市関戸１－６－４４,0734444060,34.1993073,135.1679857,birth_navi,birth_navi_crosschecked_mhlw_within_100m,0,0.0,0,0,0,3022043200000
GCP-12540,やましたレディース・マタニティクリニック,やましたレディースマタニティクリニック,3,無床診療所,12540,1,1,0,12540,和歌山県和歌山市元寺町西ノ丁９,0734268111,34.2389649,135.1750774,birth_navi,birth_navi_crosschecked_mhlw_within_100m,0,0.0,1,0,0,3022207800000
GCP-12541,レディースクリニック和,レディースクリニック和,3,無床診療所,12541,1,1,0,12541,和歌山県岩出市中黒１－３,0736677336,34.267065,135.2950867,birth_navi,birth_navi_crosschecked_mhlw_within_100m,0,0.0,0,0,0,3022223900000
GCP-12542,ＫＡＹ　ＣＬＩＮＩＣ,kayclinic,3,無床診療所,12542,1,1,0,12542,和歌山県和歌山市小雑賀三丁目３番１４号,0734882246,34.2129904,135.1854965,birth_navi,birth_navi_crosschecked_mhlw_within_100m,0,0.0,1,0,0,3022257300000
GCP-12543,医療法人正誼堂　森本産婦人科医院,正誼堂森本産婦人科医院,2,有床診療所,12543,1,1,0,12543,島根県松江市雑賀町８２,0852252250,35.458222,133.0571966,birth_navi,birth_navi_crosschecked_mhlw_within_100m,0,0.0,0,0,0,3222325119960
GCP-12544,家族・絆の吉岡医院,家族絆の吉岡医院,2,有床診療所,12544,1,1,0,12544,島根県安来市安来町７８９番地１,0854222065,35.4261591,133.2457561,birth_navi,birth_navi_crosschecked_mhlw_within_100m,0,0.0,1,0,1,3222325147240
GCP-12545,医療法人片山産婦人科,片山産婦人科,2,有床診療所,12545,1,1,0,12545,岡山県玉野市長尾２２９－１,0863714688,34.4961727,133.8867583,birth_navi,birth_navi_crosschecked_mhlw_within_100m,0,0.0,0,0,0,3322330000110
GCP-12546,医療法人社団明和会ペリネイト母と子のサテライトクリニック,明和会ペリネイト母と子のサテライトクリニック,3,無床診療所,12546,1,1,0,12546,岡山県岡山市北区中山下１－８－４５ＮＴＴクレド岡山ビル８Ｆ,0862211188,34.6627203,133.926725,birth_navi,birth_navi_crosschecked_mhlw_within_100m,0,0.0,1,0,0,3322330009220
GCP-12547,医療法人　山下クリニック,山下クリニック,2,有床診療所,12547,1,1,0,12547,岡山県岡山市北区楢津３９４－１,0862845511,34.6799559,133.8859875,birth_navi,birth_navi_crosschecked_mhlw_within_100m,0,0.0,1,0,0,3322330009830
GCP-12548,松尾産婦人科内科医院,松尾産婦人科内科医院,2,有床診療所,12548,1,1,0,12548,広島県広島市西区三篠町１－５－７,0822371506,34.4116578,132.4528795,birth_navi,birth_navi_crosschecked_mhlw_within_100m,0,0.0,1,0,0,3422340212750
GCP-12549,医療法人社団　長谷川産婦人科,長谷川産婦人科,3,無床診療所,12549,1,1,0,12549,広島県尾道市久保１丁目１３番１８号,0848377472,34.4099704,133.2052165,birth_navi,birth_navi_crosschecked_mhlw_within_100m,0,0.0,0,0,0,3422340363610
GCP-12550,医療法人　婦人科・内科小松クリニック,婦人科内科小松クリニック,3,無床診療所,12550,1,1,0,12550,広島県広島市中区鉄砲町１０－１８　八丁堀栗村ビル７Ｆ,0822273777,34.3941367,132.4638942,birth_navi,birth_navi_not_crosschecked,0,0.0,1,0,0,
GCP-12551,さだもりレディースクリニック,さだもりレディースクリニック,3,無床診療所,12551,1,1,0,12551,広島県広島市中区大手町２丁目７番２号　Ｂａｌｃｏｍ大手町ビル　４Ｆ,0822421132,34.3926865,132.4564274,birth_navi,birth_navi_crosschecked_mhlw_within_100m,0,0.0,0,0,0,3422340526910
GCP-12552,医療法人　耕仁会　村上産婦人科クリニック,耕仁会村上産婦人科クリニック,3,無床診療所,12552,1,1,0,12552,広島県広島市安佐北区亀山二丁目６－２０,0828191333,34.5200765,132.5045884,birth_navi,birth_navi_crosschecked_mhlw_within_100m,0,0.0,1,0,0,3422340528060
GCP-12553,医療法人　絹谷産婦人科,絹谷産婦人科,3,無床診療所,12553,1,1,0,12553,広島県広島市中区本通８－２３　本通ヒルズ４Ｆ,0822476399,34.3929899,132.4587463,birth_navi,birth_navi_crosschecked_mhlw_within_100m,0,0.0,0,0,0,3422340552270
GCP-12554,松林レディースクリニック,松林レディースクリニック,3,無床診療所,12554,1,1,0,12554,広島県東広島市西条町御薗宇４２８１－１,0824938600,34.406681,132.7512714,birth_navi,birth_navi_crosschecked_mhlw_within_100m,0,0.0,1,0,0,3422340556890
GCP-12555,母と子のまきクリニック Mother and Fetus Maki Clinic,母と子のまきクリニックmotherandfetusmakiclinic,3,無床診療所,12555,1,1,0,12555,広島県広島市南区京橋町２－２４　ロイヤルエイト広島駅前３Ｆ,0822641105,34.3953227,132.472098,birth_navi,birth_navi_not_crosschecked,0,0.0,0,0,0,
GCP-12556,笠岡レディースクリニック,笠岡レディースクリニック,3,無床診療所,12556,1,1,0,12556,広島県呉市西中央１－３－９　５Ｆ,0823232828,34.2466159,132.5559985,birth_navi,birth_navi_crosschecked_mhlw_within_100m,0,0.0,0,0,0,3422340680290
GCP-12557,ゆうはレディースクリニック,ゆうはレディースクリニック,3,無床診療所,12557,1,1,0,12557,広島県広島市中区八丁堀４－１８クラース八丁堀ザ・マーク１階,0822110819,34.3972642,132.4636535,birth_navi,birth_navi_crosschecked_mhlw_within_100m,0,0.0,1,0,0,3422340733880
GCP-12558,おがさ　まきレディースクリニック,おがさまきレディースクリニック,3,無床診療所,12558,1,1,0,12558,山口県防府市植松５５９－１　コスパメディカルビル　２Ｆ,0835261107,34.04877,131.538184,birth_navi,birth_navi_crosschecked_mhlw_within_100m,0,0.0,0,0,0,3522355615850
GCP-12559,医療法人なわたクリニック,なわたクリニック,3,無床診療所,12559,1,1,0,12559,山口県宇部市大字沖ノ旦６８６－１,0836398737,33.9965018,131.2273373,birth_navi,birth_navi_crosschecked_mhlw_within_100m,0,0.0,1,0,0,3522355842630
GCP-12560,しんくら女性クリニック,しんくら女性クリニック,3,無床診療所,12560,1,1,0,12560,徳島県徳島市新蔵町３丁目５９番地,0886022088,34.0696892,134.561712,birth_navi,birth_navi_crosschecked_mhlw_within_100m,0,0.0,1,0,0,3622365166700
GCP-12561,おかだレディースクリニック,おかだレディースクリニック,3,無床診療所,12561,1,1,0,12561,徳島県徳島市佐古一番町１４－１８,0886786698,34.0782556,134.5408551,birth_navi,birth_navi_crosschecked_mhlw_within_100m,0,0.0,1,0,0,3622365180490
GCP-12562,あさひクリニック,あさひクリニック,3,無床診療所,12562,1,1,0,12562,香川県高松市観光町５３８－２,0878310280,34.3352828,134.065924,birth_navi_manual_confirmation,manual_confirmed_birth_navi,0,0.0,1,0,0,3722370500250
GCP-12563,武田産婦人科医院,武田産婦人科医院,2,有床診療所,12563,1,1,0,12563,愛媛県松山市木屋町１丁目５－１４,0899243553,33.8484237,132.7599611,birth_navi,birth_navi_crosschecked_mhlw_within_100m,0,0.0,0,0,0,3822383100290
GCP-12564,鎌田産婦人科,鎌田産婦人科,2,有床診療所,12564,1,1,0,12564,愛媛県新居浜市阿島１丁目１番５６号,0897453800,33.9771638,133.3524855,birth_navi,birth_navi_crosschecked_mhlw_within_100m,0,0.0,0,0,0,3822385211220
GCP-12565,レディスクリニックコスモス,レディスクリニックコスモス,3,無床診療所,12565,1,1,0,12565,高知県高知市杉井流６－２７,0888616700,33.5697283,133.5548485,birth_navi_manual_confirmation,manual_confirmed_birth_navi,0,0.0,1,0,0,3922393103160
GCP-12566,医療法人薫風会　けやまクリニック,薫風会けやまクリニック,3,無床診療所,12566,1,1,0,12566,高知県高知市知寄町一丁目１番２７号,0888830515,33.559091,133.5565164,birth_navi,birth_navi_crosschecked_mhlw_within_100m,0,0.0,1,0,0,3922393180640
GCP-12567,菊地産婦人科医院,菊地産婦人科医院,2,有床診療所,12567,1,1,0,12567,高知県四万十市中村桜町１９,0880343351,32.9966645,132.9335131,birth_navi,birth_navi_crosschecked_mhlw_within_100m,0,0.0,1,1,1,3922395401990
GCP-12568,かわのレディースクリニック,かわのレディースクリニック,3,無床診療所,12568,1,1,0,12568,福岡県福岡市東区千早３丁目６番３７号　ガーデンズ千早２階,0926655110,33.6506338,130.4357924,birth_navi,birth_navi_crosschecked_mhlw_within_100m,0,0.0,0,0,0,4022400000004
GCP-12569,医療法人　まつしたレディースクリニック,まつしたレディースクリニック,3,無床診療所,12569,1,1,0,12569,福岡県福岡市早良区西新４丁目８ー３８,0928527301,33.5825424,130.3588763,birth_navi,birth_navi_not_crosschecked,0,0.0,1,0,0,
GCP-12570,福嶋クリニック,福嶋クリニック,3,無床診療所,12570,1,1,0,12570,福岡県福岡市博多区吉塚１－１４－２３,0926218866,33.6028522,130.4232869,birth_navi,birth_navi_crosschecked_mhlw_within_100m,0,0.0,1,0,0,4022400000620
GCP-12571,医療法人　中央レディスクリニック,中央レディスクリニック,3,無床診療所,12571,1,1,0,12571,福岡県福岡市中央区天神２－４－３８ー６階,0927363355,33.5878166,130.3982731,birth_navi,birth_navi_crosschecked_mhlw_within_100m,0,0.0,0,0,0,4022400006920
GCP-12572,医療法人　南谷レディースクリニック,南谷レディースクリニック,3,無床診療所,12572,1,1,0,12572,福岡県福岡市西区姪浜駅南２丁目１ー３７　メディカルビル竹下２Ｆ,0928923020,33.5814213,130.3237617,birth_navi,birth_navi_crosschecked_mhlw_within_100m,0,0.0,1,0,0,4022400007850
GCP-12573,医療法人松岡産婦人科医院,松岡産婦人科医院,2,有床診療所,12573,1,1,0,12573,福岡県飯塚市飯塚10-10,0948247963,33.6360071,130.6858627,birth_navi,birth_navi_crosschecked_mhlw_within_100m,0,0.0,1,0,0,4022400024020
GCP-12574,井上産婦人科クリニック,井上産婦人科クリニック,3,無床診療所,12574,1,1,0,12574,福岡県北九州市八幡西区黒崎１－３－４,0936215608,33.8656435,130.7685664,birth_navi,birth_navi_crosschecked_mhlw_within_100m,0,0.0,1,0,0,4022400027370
GCP-12575,セントマザー産婦人科医院,セントマザー産婦人科医院,2,有床診療所,12575,1,1,0,12575,福岡県北九州市八幡西区折尾4-9-12,0936012000,33.8656303,130.7106817,birth_navi,birth_navi_crosschecked_mhlw_within_100m,0,0.0,1,0,0,4022400027410
GCP-12576,医療法人　熊谷医院,熊谷医院,3,無床診療所,12576,1,1,0,12576,福岡県北九州市小倉南区葛原本町三丁目５番７号,0934717077,33.842081,130.9226925,birth_navi,birth_navi_crosschecked_mhlw_within_100m,0,0.0,1,0,0,4022400032970
GCP-12577,レディースクリニック　くわのきみこ,レディースクリニックくわのきみこ,3,無床診療所,12577,1,1,0,12577,福岡県北九州市小倉北区船場町４番２７号　船場クリスタ４Ｆ,0935335855,33.8833811,130.8774376,birth_navi,birth_navi_crosschecked_mhlw_within_100m,0,0.0,1,0,0,4022400035350
GCP-12578,博多セントラルクリニック,博多セントラルクリニック,3,無床診療所,12578,1,1,0,12578,福岡県福岡市博多区祗園町８ー１２ー６２４,0922637121,33.5914,130.410946,mhlw_iryou_information_net_manual_confirmation,manual_confirmed_mhlw_iryou_information_net,0,0.0,1,0,0,4022400041830
GCP-12579,あきた産科婦人科クリニック,あきた産科婦人科クリニック,2,有床診療所,12579,1,1,0,12579,福岡県北九州市八幡西区則松七丁目２１番１号,0936012121,33.8506766,130.7228886,birth_navi,birth_navi_crosschecked_mhlw_within_100m,0,0.0,1,0,1,4022400042110
GCP-12580,森田レディスクリニック,森田レディスクリニック,3,無床診療所,12580,1,1,0,12580,福岡県福岡市博多区諸岡１丁目２３番１９号,0925887611,33.5613925,130.4479566,birth_navi,birth_navi_crosschecked_mhlw_within_100m,0,0.0,1,0,0,4022400068110
GCP-12581,高取レディスクリニック,高取レディスクリニック,3,無床診療所,12581,1,1,0,12581,福岡県福岡市早良区高取１−３−２０ファインガーデン高取２０３,0928332390,33.5811638,130.3526422,birth_navi,birth_navi_crosschecked_mhlw_within_100m,0,0.0,1,0,0,4022400074060
GCP-12582,医療法人　井上善レディースクリニック,井上善レディースクリニック,3,無床診療所,12582,1,1,0,12582,福岡県福岡市中央区天神１−２−１２　メットライフ天神ビル６階,0924065302,33.5890182,130.4029531,birth_navi,birth_navi_crosschecked_mhlw_within_100m,0,0.0,0,0,0,4022400075120
GCP-12583,医療法人　日浅レディースクリニック,日浅レディースクリニック,3,無床診療所,12583,1,1,0,12583,福岡県福岡市中央区大名２−２−７　大名センタービル２階,0927266105,33.5880404,130.3932038,birth_navi,birth_navi_crosschecked_mhlw_within_100m,0,0.0,1,0,0,4022400079700
GCP-12584,稗田産婦人科クリニック,稗田産婦人科クリニック,3,無床診療所,12584,1,1,0,12584,佐賀県鹿島市高津原４０４５ー２,0954633309,33.1146231,130.0960082,birth_navi,birth_navi_crosschecked_mhlw_within_100m,0,0.0,0,0,0,4122415801140
GCP-12585,医療法人みやむら女性のクリニック,みやむら女性のクリニック,2,有床診療所,12585,1,1,0,12585,長崎県長崎市川口町１番１ー１０８,0958495507,32.7641722,129.8641458,birth_navi,birth_navi_crosschecked_mhlw_within_100m,0,0.0,1,0,0,422cna0501
GCP-12586,医療法人雄大会よしだレディースクリニック,雄大会よしだレディースクリニック,3,無床診療所,12586,1,1,0,12586,長崎県大村市富の原２丁目３６６ー３,0957562227,32.9425921,129.9388889,birth_navi,birth_navi_crosschecked_mhlw_within_100m,0,0.0,0,0,0,422coh0263
GCP-12587,いんでレディースクリニック,いんでレディースクリニック,2,有床診療所,12587,1,1,0,12587,熊本県熊本市東区新生２ー３ー６,0963672333,32.7786232,130.7589427,birth_navi,birth_navi_not_crosschecked,0,0.0,1,0,0,
GCP-12588,さかぐち女性のクリニック,さかぐち女性のクリニック,3,無床診療所,12588,1,1,0,12588,熊本県熊本市中央区帯山３ー１５ー１０,0963823600,32.7998152,130.7501531,birth_navi,birth_navi_crosschecked_mhlw_within_100m,0,0.0,1,0,0,432243314591
GCP-12589,レディースクリニックなかむら,レディースクリニックなかむら,2,有床診療所,12589,1,1,0,12589,熊本県熊本市東区長嶺南１ー５ー４８,0962131555,32.8117292,130.7662693,birth_navi,birth_navi_crosschecked_mhlw_within_100m,0,0.0,1,1,0,432243330254
GCP-12590,ＡＲＴ女性クリニック,art女性クリニック,2,有床診療所,12590,1,1,0,12590,熊本県熊本市東区神水本町２５番１８号,0963603670,32.7823618,130.7450399,birth_navi,birth_navi_not_crosschecked,0,0.0,1,0,0,
GCP-12591,井上産婦人科医院,井上産婦人科医院,3,無床診療所,12591,1,1,0,12591,熊本県山鹿市大橋通５０３―１,0968446615,33.0144245,130.6901535,birth_navi,birth_navi_crosschecked_mhlw_100_500m,0,0.0,0,0,0,432243540028
GCP-12592,医療法人ブレス　本田レディースクリニック,ブレス本田レディースクリニック,3,無床診療所,12592,1,1,0,12592,熊本県水俣市浜町３ー６ー２１,0966632019,32.2126475,130.401232,birth_navi,birth_navi_crosschecked_mhlw_within_100m,0,0.0,0,0,0,432243610831
GCP-12593,さゆりレディースクリニック,さゆりレディースクリニック,3,無床診療所,12593,1,1,0,12593,大分県大分市明野北４丁目１番１号山本ビル３Ｆ,0975357322,33.2258344,131.6564786,birth_navi,birth_navi_crosschecked_mhlw_within_100m,0,0.0,1,0,0,4422031200000
GCP-12594,柳田産婦人科医院,柳田産婦人科医院,3,無床診療所,12594,1,1,0,12594,宮崎県日向市都町１２番５号,0982522950,32.4271342,131.6260106,birth_navi,birth_navi_crosschecked_mhlw_within_100m,0,0.0,1,0,0,4522450900930
GCP-12595,ＡＲＴレディスクリニックやまうち,artレディスクリニックやまうち,3,無床診療所,12595,1,1,0,12595,宮崎県宮崎市高千穂通２−５−５　とえだビル３Ｆ,0985320511,31.9164944,131.4290073,birth_navi,birth_navi_crosschecked_mhlw_within_100m,0,0.0,0,0,0,4522453159960
GCP-12596,鹿児島市夜間急病センター,鹿児島市夜間急病センター,3,無床診療所,12596,1,1,0,12596,鹿児島県鹿児島市鴨池２丁目２２－１８,0992143350,31.5638158,130.5511112,birth_navi,birth_navi_crosschecked_mhlw_within_100m,0,0.0,0,0,0,46220037
GCP-12597,中村（哲）産婦人科・内科,中村哲産婦人科内科,2,有床診療所,12597,1,1,0,12597,鹿児島県鹿児島市樋之口町３－７,0992232236,31.5862285,130.5543533,birth_navi,birth_navi_crosschecked_mhlw_within_100m,0,0.0,1,1,0,46220248
GCP-12598,医療法人桑波田産婦人科,桑波田産婦人科,1,病院,12598,1,1,0,12598,鹿児島県鹿屋市朝日町７番１７号,0994410303,31.3826716,130.8538971,birth_navi,birth_navi_crosschecked_mhlw_within_100m,0,0.0,1,0,0,46223025
GCP-12599,あみ助産院,あみ助産院,4,有床助産所,12599,1,1,0,12599,京都府城陽市市辺西川原32-6,09097176732,34.8231071,135.8052619,birth_navi,birth_navi_crosschecked_mhlw_within_100m,0,0.0,1,1,1,2642651100001
GCP-12600,木梨助産院,木梨助産院,5,無床助産所,12600,1,1,0,12600,静岡県伊東市,0557450002,,,,missing_unresolved,0,,1,1,0,
GCP-12601,吉川助産院,吉川助産院,4,有床助産所,12601,2,1,1,12601;14181,京都府宇治市木幡御園20番地の16,0774336591,34.932423,135.8008404,birth_navi,birth_navi_not_crosschecked,0,0.0,1,1,1,
GCP-12602,ひまわり助産院,ひまわり助産院,4,有床助産所,12602,1,1,0,12602,京都府京都市上京区東堀川通丸太町上る六町目210番地１,0752312273,35.0184354,135.752299,birth_navi,birth_navi_not_crosschecked,0,0.0,1,1,0,
GCP-12603,とっと助産院,とっと助産院,100,自治体連携等の産後ケア掲載レコード,12603,1,0,1,12603,札幌市中央区旭ヶ丘２丁目２－７,09075160211,43.0401507,141.3214805,birth_navi,birth_navi_not_crosschecked,0,0.0,0,0,1,
GCP-12604,feel助産院,feel助産院,100,自治体連携等の産後ケア掲載レコード,12604,1,0,1,12604,札幌市中央区円山西町５丁目４－５６,09069946699,43.0379076,141.3047859,birth_navi,birth_navi_not_crosschecked,0,0.0,0,0,1,
GCP-12605,公益社団法人北海道勤労者医療協会　勤医協札幌病院,北海道勤労者医療協会勤医協札幌病院,100,自治体連携等の産後ケア掲載レコード,12605,1,0,1,12605,札幌市白石区菊水４条１丁目９－２２,0118112246,43.0592847,141.3731212,birth_navi,birth_navi_not_crosschecked,0,0.0,0,0,1,
GCP-12606,助産院MOMME（もんめ）,助産院mommeもんめ,100,自治体連携等の産後ケア掲載レコード,12606,1,0,1,12606,札幌市白石区本郷通１３丁目南１－１　小林ビル２階,05036357513,43.0368102,141.4212749,birth_navi,birth_navi_not_crosschecked,0,0.0,0,0,1,
GCP-12607,助産院 KOKOROMUSUBI,助産院kokoromusubi,100,自治体連携等の産後ケア掲載レコード,12607,1,0,1,12607,札幌市厚別区厚別東４条５丁目９－２１,,43.0489227,141.4864982,birth_navi,birth_navi_not_crosschecked,0,0.0,0,0,1,
GCP-12608,さんさん助産院,さんさん助産院,100,自治体連携等の産後ケア掲載レコード,12608,2,0,2,12608;12656,札幌市清田区清田１条４丁目３－６０,0120352833,43.0003981,141.4409455,birth_navi,birth_navi_not_crosschecked,0,0.0,0,0,1,
GCP-12609,今井母乳育児相談室,今井母乳育児相談室,100,自治体連携等の産後ケア掲載レコード,12609,1,0,1,12609,札幌市清田区平岡４条１丁目６－５,0118837077,43.0048433,141.4498276,birth_navi,birth_navi_not_crosschecked,0,0.0,0,0,1,
GCP-12610,助産院あさ,助産院あさ,100,自治体連携等の産後ケア掲載レコード,12610,1,0,1,12610,札幌市南区北ノ沢４丁目４－１７,09028734417,43.0061157,141.321101,birth_navi,birth_navi_not_crosschecked,0,0.0,0,0,1,
GCP-12611,いろはな助産院,いろはな助産院,100,自治体連携等の産後ケア掲載レコード,12611,1,0,1,12611,札幌市西区山の手２条１丁目２－２２,08032330452,43.0709319,141.3012847,birth_navi,birth_navi_not_crosschecked,0,0.0,0,0,1,
GCP-12612,うめさんのcareルーム,うめさんのcareルーム,100,自治体連携等の産後ケア掲載レコード,12612,1,0,1,12612,札幌市手稲区富丘３条４丁目３－１４,07091001667,43.105346,141.2493092,birth_navi,birth_navi_not_crosschecked,0,0.0,0,0,1,
GCP-12613,助産院 tocohana,助産院tocohana,100,自治体連携等の産後ケア掲載レコード,12613,1,0,1,12613,札幌市北区あいの里,09026989741,,,,missing_unresolved,0,,0,0,1,
GCP-12614,めまな助産院,めまな助産院,100,自治体連携等の産後ケア掲載レコード,12614,1,0,1,12614,札幌市白石区菊水,09013073743,,,,missing_unresolved,0,,0,0,1,
GCP-12615,訪問専門助産院 にじいろの月,訪問専門助産院にじいろの月,100,自治体連携等の産後ケア掲載レコード,12615,1,0,1,12615,厚別区厚別,07074639355,,,,missing_unresolved,0,,0,0,1,
GCP-12616,なでしこ母乳育児相談室,なでしこ母乳育児相談室,100,自治体連携等の産後ケア掲載レコード,12616,1,0,1,12616,函館市松陰町１７－２－２０１,0138566833,41.7875753,140.7610713,birth_navi,birth_navi_not_crosschecked,0,0.0,0,0,1,
GCP-12617,産後ケア助産院マーノ,産後ケア助産院マーノ,100,自治体連携等の産後ケア掲載レコード,12617,1,0,1,12617,函館市美原３丁目５９－７,09020742059,41.8242145,140.7456817,birth_navi,birth_navi_not_crosschecked,0,0.0,0,0,1,
GCP-12618,にこ助産院,にこ助産院,100,自治体連携等の産後ケア掲載レコード,12618,1,0,1,12618,,,,,,missing_hidden_address_not_inferred,0,,0,0,1,
GCP-12619,さわや助産院,さわや助産院,100,自治体連携等の産後ケア掲載レコード,12619,1,0,1,12619,,,,,,missing_hidden_address_not_inferred,0,,0,0,1,
GCP-12620,三國貴子,三國貴子,100,自治体連携等の産後ケア掲載レコード,12620,1,0,1,12620,,,,,,missing_hidden_address_not_inferred,0,,0,0,1,
GCP-12621,棚元麻由,棚元麻由,100,自治体連携等の産後ケア掲載レコード,12621,1,0,1,12621,,,,,,missing_hidden_address_not_inferred,0,,0,0,1,
GCP-12622,市立旭川病院,市立旭川病院,100,自治体連携等の産後ケア掲載レコード,12622,1,0,1,12622,旭川市金星町１丁目,0166243181,43.7784726,142.3648947,birth_navi,birth_navi_not_crosschecked,0,0.0,0,0,1,
GCP-12623,旭川赤十字病院,旭川赤十字病院,100,自治体連携等の産後ケア掲載レコード,12623,1,0,1,12623,旭川市曙１条１丁目,0166228111,43.7689137,142.3477608,birth_navi,birth_navi_not_crosschecked,0,0.0,0,0,1,
GCP-12624,母乳育児相談室　陽だまり,母乳育児相談室陽だまり,100,自治体連携等の産後ケア掲載レコード,12624,1,0,1,12624,,0166736623,,,,missing_hidden_address_not_inferred,0,,0,0,1,
GCP-12625,助産院まぐのりあ,助産院まぐのりあ,100,自治体連携等の産後ケア掲載レコード,12625,1,0,1,12625,,08060654339,,,,missing_hidden_address_not_inferred,0,,0,0,1,
GCP-12626,みのしま助産院,みのしま助産院,100,自治体連携等の産後ケア掲載レコード,12626,1,0,1,12626,,05036354539,,,,missing_hidden_address_not_inferred,0,,0,0,1,
GCP-12627,咲き助産院,咲き助産院,100,自治体連携等の産後ケア掲載レコード,12627,1,0,1,12627,,07091657073,,,,missing_hidden_address_not_inferred,0,,0,0,1,
GCP-12628,助産院Pono,助産院pono,100,自治体連携等の産後ケア掲載レコード,12628,1,0,1,12628,,08064413459,,,,missing_hidden_address_not_inferred,0,,0,0,1,
GCP-12629,ねの星助産院,ねの星助産院,100,自治体連携等の産後ケア掲載レコード,12629,1,0,1,12629,,09066932618,,,,missing_hidden_address_not_inferred,0,,0,0,1,
GCP-12630,合同会社　燈心,合同会社燈心,100,自治体連携等の産後ケア掲載レコード,12630,1,0,1,12630,,05031508742,,,,missing_hidden_address_not_inferred,0,,0,0,1,
GCP-12631,母乳・育児サポート　Happy mama Belle,母乳育児サポートhappymamabelle,100,自治体連携等の産後ケア掲載レコード,12631,1,0,1,12631,室蘭市八丁平１－３０－１０,,42.3641596,141.0058357,birth_navi,birth_navi_not_crosschecked,0,0.0,0,0,1,
GCP-12632,社会医療法人母恋　日鋼記念病院,社会母恋日鋼記念病院,100,自治体連携等の産後ケア掲載レコード,12632,1,0,1,12632,室蘭市新富町1丁目5番地13号,0143241331,42.3156463,140.9856086,birth_navi,birth_navi_not_crosschecked,0,0.0,0,0,1,
GCP-12633,助産院みなも,助産院みなも,100,自治体連携等の産後ケア掲載レコード,12633,1,0,1,12633,白老郡白老町虎杖浜４８番６号,,42.4648389,141.2162585,birth_navi,birth_navi_not_crosschecked,0,0.0,0,0,1,
GCP-12634,Ohana 母乳育児相談室,ohana母乳育児相談室,100,自治体連携等の産後ケア掲載レコード,12634,1,0,1,12634,,,,,,missing_hidden_address_not_inferred,0,,0,0,1,
GCP-12636,ママケアハウス　イコロ助産院,ママケアハウスイコロ助産院,100,自治体連携等の産後ケア掲載レコード,12636,2,0,2,12636;12733,釧路市武佐1丁目20番5号,,42.9797341,144.4306851,birth_navi,birth_navi_not_crosschecked,0,0.0,0,0,1,
GCP-12639,あおま助産院,あおま助産院,100,自治体連携等の産後ケア掲載レコード,12639,1,0,1,12639,帯広市西19条南4丁目29番5号,0155295066,42.9097876,143.1538609,birth_navi,birth_navi_not_crosschecked,0,0.0,0,0,1,
GCP-12640,わたなべ母乳相談室,わたなべ母乳相談室,100,自治体連携等の産後ケア掲載レコード,12640,2,0,2,12640;12724,帯広市西24条南4丁目38の2,09069990625,42.910016,143.1200222,birth_navi,birth_navi_not_crosschecked,0,0.0,0,0,1,
GCP-12641,母乳相談室ゆりかご,母乳相談室ゆりかご,100,自治体連携等の産後ケア掲載レコード,12641,1,0,1,12641,北見市美山町南７丁目４番地８３,09075138253,43.8185862,143.8838325,birth_navi,birth_navi_not_crosschecked,0,0.0,0,0,1,
GCP-12642,かみかわ助産院,かみかわ助産院,100,自治体連携等の産後ケア掲載レコード,12642,1,0,1,12642,北見市中央三輪６丁目４３４番地２２,09016421801,43.7954005,143.8552603,birth_navi,birth_navi_not_crosschecked,0,0.0,0,0,1,
GCP-12643,出張おっぱいマッサージまつざき助産院,出張おっぱいマッサージまつざき助産院,100,自治体連携等の産後ケア掲載レコード,12643,1,0,1,12643,,,,,,missing_hidden_address_not_inferred,0,,0,0,1,
GCP-12644,出張専門助産師みやした,出張専門助産師みやした,100,自治体連携等の産後ケア掲載レコード,12644,1,0,1,12644,,09013805522,,,,missing_hidden_address_not_inferred,0,,0,0,1,
GCP-12646,一般社団法人 北海道マザーリングサポート協会,北海道マザーリングサポート協会,100,自治体連携等の産後ケア掲載レコード,12646,1,0,1,12646,江別市文京台14番34,,43.0634009,141.4966183,birth_navi,birth_navi_not_crosschecked,0,0.0,0,0,1,
GCP-12647,和田助産院（タッジー・マッジー）,和田助産院タッジーマッジー,100,自治体連携等の産後ケア掲載レコード,12647,1,0,1,12647,網走市北１２条西２丁目,09097554282,44.0294485,144.2588316,birth_navi,birth_navi_not_crosschecked,0,0.0,0,0,1,
GCP-12645,助産院はる,助産院はる,100,自治体連携等の産後ケア掲載レコード,12648,3,0,3,12645;12648;12700,,09086382275,,,,missing_hidden_address_not_inferred,0,,0,0,1,
GCP-12649,CoCo助産院,coco助産院,100,自治体連携等の産後ケア掲載レコード,12649,2,0,2,12649;12701,網走市潮見２丁目１３-１２,08025364062,44.0011487,144.2599126,birth_navi,birth_navi_not_crosschecked,0,0.0,0,0,1,
GCP-12650,留萌市保健福祉センターはーとふる,留萌市保健福祉センターはーとふる,100,自治体連携等の産後ケア掲載レコード,12650,1,0,1,12650,留萌市五十嵐町１丁目1-10,0164496050,43.9358609,141.6636326,birth_navi,birth_navi_not_crosschecked,0,0.0,0,0,1,
GCP-12651,かわい助産院,かわい助産院,100,自治体連携等の産後ケア掲載レコード,12651,1,0,1,12651,,,,,,missing_hidden_address_not_inferred,0,,0,0,1,
GCP-12652,のどか助産院,のどか助産院,100,自治体連携等の産後ケア掲載レコード,12652,1,0,1,12652,苫小牧市拓勇東町2-3-22,09076526196,42.6672983,141.6767745,birth_navi,birth_navi_not_crosschecked,0,0.0,0,0,1,
GCP-12653,助産院なりママ,助産院なりママ,100,自治体連携等の産後ケア掲載レコード,12653,1,0,1,12653,苫小牧市柏木町5-15-29　1階,,42.6284318,141.5242397,birth_navi,birth_navi_not_crosschecked,0,0.0,0,0,1,
GCP-12654,クリニックはぐ,クリニックはぐ,100,自治体連携等の産後ケア掲載レコード,12654,1,0,1,12654,稚内市富岡4丁目3番2号,0162348989,45.3894961,141.7175842,birth_navi,birth_navi_not_crosschecked,0,0.0,0,0,1,
GCP-12655,美唄市保健センター,美唄市保健センター,100,自治体連携等の産後ケア掲載レコード,12655,1,0,1,12655,美唄市西3条南3丁目6－3,0126621173,43.330874,141.852943,birth_navi,birth_navi_not_crosschecked,0,0.0,0,0,1,
GCP-12657,助産院Hugねっと,助産院hugねっと,100,自治体連携等の産後ケア掲載レコード,12657,1,0,1,12657,江別市文京台14-34,0117776095,43.0634009,141.4966183,birth_navi,birth_navi_not_crosschecked,0,0.0,0,0,1,
GCP-12658,プリモウイメンズクリニック,プリモウイメンズクリニック,100,自治体連携等の産後ケア掲載レコード,12658,1,0,1,12658,江別市元町21番地の9,0113917577,43.1098462,141.5413842,birth_navi,birth_navi_not_crosschecked,0,0.0,0,0,1,
GCP-12659,助産院　糸,助産院糸,100,自治体連携等の産後ケア掲載レコード,12659,1,0,1,12659,江別市大麻園町8-4,0116000850,43.0790056,141.493952,birth_navi,birth_navi_not_crosschecked,0,0.0,0,0,1,
GCP-12660,のっぽろtsumugi助産院,のっぽろtsumugi助産院,100,自治体連携等の産後ケア掲載レコード,12660,1,0,1,12660,江別市野幌東町40番地の17,09086342382,43.0915929,141.5365115,birth_navi,birth_navi_not_crosschecked,0,0.0,0,0,1,
GCP-12661,助産院けせらせら,助産院けせらせら,100,自治体連携等の産後ケア掲載レコード,12661,1,0,1,12661,,,,,,missing_hidden_address_not_inferred,0,,0,0,1,
GCP-12662,たぐち助産院,たぐち助産院,100,自治体連携等の産後ケア掲載レコード,12662,1,0,1,12662,士別市東6条1丁目３,09095279077,44.1818444,142.3990921,birth_navi,birth_navi_not_crosschecked,0,0.0,0,0,1,
GCP-12663,のぐち母乳育児相談室,のぐち母乳育児相談室,100,自治体連携等の産後ケア掲載レコード,12663,1,0,1,12663,名寄市西10条南9丁目48-60,,44.3468215,142.449627,birth_navi,birth_navi_not_crosschecked,0,0.0,0,0,1,
GCP-12664,まーこっこ助産院,まーこっこ助産院,100,自治体連携等の産後ケア掲載レコード,12664,1,0,1,12664,北海道美唄市東４条南１丁目３−６,08032668727,43.3305695,141.8708199,birth_navi,birth_navi_not_crosschecked,0,0.0,0,0,1,
GCP-12665,助産院マタニティアイ,助産院マタニティアイ,100,自治体連携等の産後ケア掲載レコード,12665,2,0,2,12665;12732,釧路町曙1丁目1番地14,0154372110,43.0124753,144.4091883,birth_navi,birth_navi_not_crosschecked,0,0.0,0,0,1,
GCP-12666,イコロ助産院,イコロ助産院,100,自治体連携等の産後ケア掲載レコード,12666,1,0,1,12666,釧路市武佐1丁目20-5,08077369523,42.9797341,144.4306851,birth_navi,birth_navi_not_crosschecked,0,0.0,0,0,1,
GCP-12667,助産院はぐくみ,助産院はぐくみ,100,自治体連携等の産後ケア掲載レコード,12667,1,0,1,12667,,,,,,missing_hidden_address_not_inferred,0,,0,0,1,
GCP-12668,産前産後ケア　マナ助産院,産前産後ケアマナ助産院,100,自治体連携等の産後ケア掲載レコード,12668,1,0,1,12668,,,,,,missing_hidden_address_not_inferred,0,,0,0,1,
GCP-12669,ラ・ナチュレ母乳相談室,ラナチュレ母乳相談室,100,自治体連携等の産後ケア掲載レコード,12669,1,0,1,12669,千歳市豊里３丁目４－２１,09090890599,42.8342606,141.6681634,birth_navi,birth_navi_not_crosschecked,0,0.0,0,0,1,
GCP-12670,菜のはな助産院,菜のはな助産院,100,自治体連携等の産後ケア掲載レコード,12670,1,0,1,12670,,,,,,missing_hidden_address_not_inferred,0,,0,0,1,
GCP-12671,訪問看護ステーションぴぴ,訪問看護ステーションぴぴ,100,自治体連携等の産後ケア掲載レコード,12671,1,0,1,12671,滝川市東町7丁目202-13,0125746011,43.5625085,141.9310336,birth_navi,birth_navi_not_crosschecked,0,0.0,0,0,1,
GCP-12672,深川市立病院,深川市立病院,100,自治体連携等の産後ケア掲載レコード,12672,1,0,1,12672,深川市６条６−１,0164221101,43.7159867,142.0404098,birth_navi,birth_navi_not_crosschecked,0,0.0,0,0,1,
GCP-12673,まつもと母乳育児相談,まつもと母乳育児相談,100,自治体連携等の産後ケア掲載レコード,12673,1,0,1,12673,富良野市字南扇山１,0167236736,43.3105922,142.3969264,birth_navi,birth_navi_not_crosschecked,0,0.0,0,0,1,
GCP-12674,ohana母乳育児相談室,ohana母乳育児相談室,100,自治体連携等の産後ケア掲載レコード,12674,1,0,1,12674,,,,,,missing_hidden_address_not_inferred,0,,0,0,1,
GCP-12675,助産院Hugねっと(短期入所・通所型ショート・居宅訪問型),助産院hugねっと短期入所通所型ショート居宅訪問型,100,自治体連携等の産後ケア掲載レコード,12675,1,0,1,12675,江別市文京台14-34,08060801103,43.0634009,141.4966183,birth_navi,birth_navi_not_crosschecked,0,0.0,0,0,1,
GCP-12676,ローズマリー,ローズマリー,100,自治体連携等の産後ケア掲載レコード,12676,1,0,1,12676,伊達市旭町26-46 KHコーポ1階東,09015233648,42.4671406,140.866319,birth_navi,birth_navi_not_crosschecked,0,0.0,0,0,1,
GCP-12677,伊達市保健センター,伊達市保健センター,100,自治体連携等の産後ケア掲載レコード,12677,1,0,1,12677,伊達市末永町39-8,0142823198,42.4730234,140.8649748,birth_navi,birth_navi_not_crosschecked,0,0.0,0,0,1,
GCP-12678,てまり助産院,てまり助産院,100,自治体連携等の産後ケア掲載レコード,12678,1,0,1,12678,北広島市西の里北３丁目5-1,,43.0163132,141.4991491,birth_navi,birth_navi_not_crosschecked,0,0.0,0,0,1,
GCP-12679,かさはら母乳育児助産院,かさはら母乳育児助産院,100,自治体連携等の産後ケア掲載レコード,12679,1,0,1,12679,函館市本町５丁目7番5号,08032921081,41.7886251,140.7531825,birth_navi,birth_navi_not_crosschecked,0,0.0,0,0,1,
GCP-12680,こじま産婦人科,こじま産婦人科,100,自治体連携等の産後ケア掲載レコード,12680,1,0,1,12680,函館市神山1丁目12-9,0139555252,41.8137983,140.7607315,birth_navi,birth_navi_not_crosschecked,0,0.0,0,0,1,
GCP-12681,江差町保健センター,江差町保健センター,100,自治体連携等の産後ケア掲載レコード,12681,1,0,1,12681,江差町字中歌町193-1,0139526718,41.8691504,140.1275076,birth_navi,birth_navi_not_crosschecked,0,0.0,0,0,1,
GCP-12682,にこ助産院,にこ助産院,100,自治体連携等の産後ケア掲載レコード,12682,1,0,1,12682,函館市,,,,,missing_unresolved,0,,0,0,1,
GCP-12683,にこ助産院,にこ助産院,100,自治体連携等の産後ケア掲載レコード,12683,1,0,1,12683,,,,,,missing_hidden_address_not_inferred,0,,0,0,1,
GCP-12684,函館五稜郭病院,函館五稜郭病院,100,自治体連携等の産後ケア掲載レコード,12684,1,0,1,12684,函館市五稜郭町38番3号,0138533098,41.7922849,140.7552036,birth_navi,birth_navi_not_crosschecked,0,0.0,0,0,1,
GCP-12685,株式会社まんまじょ,株式会社まんまじょ,100,自治体連携等の産後ケア掲載レコード,12685,1,0,1,12685,,,,,,missing_hidden_address_not_inferred,0,,0,0,1,
GCP-12686,蘭越町役場健康推進課健康づくり対策係,蘭越町役場健康推進課健康づくり対策係,100,自治体連携等の産後ケア掲載レコード,12686,1,0,1,12686,蘭越町蘭越町250番地1,0136558525,42.8091742,140.5283121,birth_navi,birth_navi_not_crosschecked,0,0.0,0,0,1,
GCP-12687,余市町役場,余市町役場,100,自治体連携等の産後ケア掲載レコード,12687,1,0,1,12687,余市町朝日町２６番地,0135212122,43.1953404,140.7835365,birth_navi,birth_navi_not_crosschecked,0,0.0,0,0,1,
GCP-12688,マタニティー＆べびぃケア助産院小樽コウノトリ,マタニティーべびぃケア助産院小樽コウノトリ,100,自治体連携等の産後ケア掲載レコード,12688,1,0,1,12688,小樽市長橋4丁目14－36,,43.2106674,140.967282,birth_navi,birth_navi_not_crosschecked,0,0.0,0,0,1,
GCP-12689,浦臼町保健センター,浦臼町保健センター,100,自治体連携等の産後ケア掲載レコード,12689,1,0,1,12689,樺戸郡浦臼町字ウラウシナイ183-27,0125692100,43.4301475,141.8157072,birth_navi,birth_navi_not_crosschecked,0,0.0,0,0,1,
GCP-12690,鷹栖町役場 サンホールはぴねす,鷹栖町役場サンホールはぴねす,100,自治体連携等の産後ケア掲載レコード,12690,1,0,1,12690,鷹栖町南1条3丁目2番1号,0166872112,43.8438288,142.3562653,birth_navi,birth_navi_not_crosschecked,0,0.0,0,0,1,
GCP-12691,助産院　moana,助産院moana,100,自治体連携等の産後ケア掲載レコード,12691,1,0,1,12691,,05035769225,,,,missing_hidden_address_not_inferred,0,,0,0,1,
GCP-12692,オハナ助産院,オハナ助産院,100,自治体連携等の産後ケア掲載レコード,12692,1,0,1,12692,,09062151103,,,,missing_hidden_address_not_inferred,0,,0,0,1,
GCP-12693,上富良野町保健福祉課健康推進班,上富良野町保健福祉課健康推進班,100,自治体連携等の産後ケア掲載レコード,12693,1,0,1,12693,北海道空知郡上富良野町大町2-8-4,0167456987,43.4550086,142.4683282,birth_navi,birth_navi_not_crosschecked,0,0.0,0,0,1,
GCP-12694,一般社団法人北海道助産師会,北海道助産師会,100,自治体連携等の産後ケア掲載レコード,12694,1,0,1,12694,札幌市北区北37条西4丁目3－12　藤井ビルN37　5階509,,43.105132,141.3394374,birth_navi,birth_navi_not_crosschecked,0,0.0,0,0,1,
GCP-12695,おぎた助産院,おぎた助産院,100,自治体連携等の産後ケア掲載レコード,12695,1,0,1,12695,北見市緑ヶ丘4-2,09087067526,43.823596,143.8619349,birth_navi,birth_navi_not_crosschecked,0,0.0,0,0,1,
GCP-12696,出張専門助産師みやした,出張専門助産師みやした,100,自治体連携等の産後ケア掲載レコード,12696,1,0,1,12696,北見市,09018906285,,,,missing_unresolved,0,,0,0,1,
GCP-12697,美幌町保健センター,美幌町保健センター,100,自治体連携等の産後ケア掲載レコード,12697,1,0,1,12697,網走郡美幌町東3条北2丁目しゃきっとプラザ1階,0152776544,43.8236781,144.1079623,birth_navi,birth_navi_not_crosschecked,0,0.0,0,0,1,
GCP-12698,母乳育児相談室ゆりかご,母乳育児相談室ゆりかご,100,自治体連携等の産後ケア掲載レコード,12698,1,0,1,12698,北見市美山町南7丁目483,0157265313,43.819083,143.8842922,birth_navi,birth_navi_not_crosschecked,0,0.0,0,0,1,
GCP-12699,Tussie Mussie,tussiemussie,100,自治体連携等の産後ケア掲載レコード,12699,1,0,1,12699,,,,,,missing_hidden_address_not_inferred,0,,0,0,1,
GCP-12703,おぎた助産院,おぎた助産院,100,自治体連携等の産後ケア掲載レコード,12703,1,0,1,12703,北見市緑ヶ丘2丁目4-2,0157227239,43.8229228,143.8744245,birth_navi,birth_navi_not_crosschecked,0,0.0,0,0,1,
GCP-12704,開業助産師　越後　早苗　氏,開業助産師越後早苗氏,100,自治体連携等の産後ケア掲載レコード,12704,1,0,1,12704,,,,,,missing_hidden_address_not_inferred,0,,0,0,1,
GCP-12705,てぃだ助産院,てぃだ助産院,100,自治体連携等の産後ケア掲載レコード,12705,1,0,1,12705,,,,,,missing_hidden_address_not_inferred,0,,0,0,1,
GCP-12706,健康推進課保健係,健康推進課保健係,100,自治体連携等の産後ケア掲載レコード,12706,1,0,1,12706,紋別郡雄武町字雄武700番地,0158842023,44.5826442,142.9618488,birth_navi,birth_navi_not_crosschecked,0,0.0,0,0,1,
GCP-12707,こんどう助産院,こんどう助産院,100,自治体連携等の産後ケア掲載レコード,12707,1,0,1,12707,,09082708378,,,,missing_hidden_address_not_inferred,0,,0,0,1,
GCP-12708,ohana母乳育児相談室桶谷式,ohana母乳育児相談室桶谷式,100,自治体連携等の産後ケア掲載レコード,12708,1,0,1,12708,,,,,,missing_hidden_address_not_inferred,0,,0,0,1,
GCP-12709,にこにこ母乳相談所,にこにこ母乳相談所,100,自治体連携等の産後ケア掲載レコード,12709,1,0,1,12709,伊達市梅本町9-8,0142252577,42.4744977,140.8708484,birth_navi,birth_navi_not_crosschecked,0,0.0,0,0,1,
GCP-12710,母乳育児相談室ピア,母乳育児相談室ピア,100,自治体連携等の産後ケア掲載レコード,12710,1,0,1,12710,札幌市北区篠路5条10丁目,08045044494,43.148341,141.3729878,birth_navi,birth_navi_not_crosschecked,0,0.0,0,0,1,
GCP-12711,新ひだか町立静内病院,新ひだか町立静内病院,100,自治体連携等の産後ケア掲載レコード,12711,1,0,1,12711,北海道日高郡新ひだか町静内緑町4丁目5番1号,0146420181,42.3388709,142.3747389,birth_navi,birth_navi_not_crosschecked,0,0.0,0,0,1,
GCP-12712,要助産院,要助産院,100,自治体連携等の産後ケア掲載レコード,12712,1,0,1,12712,北海道新冠郡新冠町字大富146番地の1,05017263369,42.3981411,142.3920507,birth_navi,birth_navi_not_crosschecked,0,0.0,0,0,1,
GCP-12713,産後ケアセンタークローバー,産後ケアセンタークローバー,100,自治体連携等の産後ケア掲載レコード,12713,2,0,2,12713;12718,帯広市東3条南9丁目16-1,0155222110,42.9223386,143.2103878,birth_navi,birth_navi_not_crosschecked,0,0.0,0,0,1,
GCP-12714,あおま整体院　助産院,あおま整体院助産院,100,自治体連携等の産後ケア掲載レコード,12714,1,0,1,12714,帯広市西19条南4丁目29-5,09020086035,42.9097876,143.1538609,birth_navi,birth_navi_not_crosschecked,0,0.0,0,0,1,
GCP-12715,よしおか母乳相談室,よしおか母乳相談室,100,自治体連携等の産後ケア掲載レコード,12715,1,0,1,12715,音更町南鈴蘭北6丁目5-1,09089098991,42.949176,143.1892569,birth_navi,birth_navi_not_crosschecked,0,0.0,0,0,1,
GCP-12716,マミー助産院,マミー助産院,100,自治体連携等の産後ケア掲載レコード,12716,1,0,1,12716,上士幌町字上士幌東3線237番地53,05037432669,43.2327097,143.2929176,birth_navi,birth_navi_not_crosschecked,0,0.0,0,0,1,
GCP-12717,新得町保健福祉センター「なごみ」,新得町保健福祉センターなごみ,100,自治体連携等の産後ケア掲載レコード,12717,1,0,1,12717,北海道上川郡新得町3条南3丁目5,0156640533,43.0807288,142.8377355,birth_navi,birth_navi_not_crosschecked,0,0.0,0,0,1,
GCP-12719,いのちのもり合同会社,いのちのもり合同会社,100,自治体連携等の産後ケア掲載レコード,12719,1,0,1,12719,,,,,,missing_hidden_address_not_inferred,0,,0,0,1,
GCP-12720,芽室町産後ケア事業,芽室町産後ケア事業,100,自治体連携等の産後ケア掲載レコード,12720,1,0,1,12720,芽室町東４条４丁目５番地５　保健福祉センターあいあい21内　１F,0155627830,42.9142532,143.05429,birth_navi,birth_navi_not_crosschecked,0,0.0,0,0,1,
GCP-12721,いのちのもり合同会社,いのちのもり合同会社,100,自治体連携等の産後ケア掲載レコード,12721,1,0,1,12721,,,,,,missing_hidden_address_not_inferred,0,,0,0,1,
GCP-12722,いのちのもり合同会社,いのちのもり合同会社,100,自治体連携等の産後ケア掲載レコード,12722,1,0,1,12722,,,,,,missing_hidden_address_not_inferred,0,,0,0,1,
GCP-12723,慶愛病院産後ケアセンタークローバー,慶愛病院産後ケアセンタークローバー,100,自治体連携等の産後ケア掲載レコード,12723,1,0,1,12723,,,,,,missing_hidden_address_not_inferred,0,,0,0,1,
GCP-12725,いのちのもり合同会社,いのちのもり合同会社,100,自治体連携等の産後ケア掲載レコード,12725,1,0,1,12725,,,,,,missing_hidden_address_not_inferred,0,,0,0,1,
GCP-12726,いのちのもり合同会社,いのちのもり合同会社,100,自治体連携等の産後ケア掲載レコード,12726,1,0,1,12726,,,,,,missing_hidden_address_not_inferred,0,,0,0,1,
GCP-12727,いのちのもり合同会社,いのちのもり合同会社,100,自治体連携等の産後ケア掲載レコード,12727,1,0,1,12727,,,,,,missing_hidden_address_not_inferred,0,,0,0,1,
GCP-12728,池田町保健センター助産師産前・産後ケア,池田町保健センター助産師産前産後ケア,100,自治体連携等の産後ケア掲載レコード,12728,1,0,1,12728,北海道中川郡池田町西３条５丁目２番地７,0155722100,42.9258205,143.4458558,birth_navi,birth_navi_not_crosschecked,0,0.0,0,0,1,
GCP-12729,いのちのもり合同会社,いのちのもり合同会社,100,自治体連携等の産後ケア掲載レコード,12729,1,0,1,12729,,,,,,missing_hidden_address_not_inferred,0,,0,0,1,
GCP-12730,よしおか母乳相談,よしおか母乳相談,100,自治体連携等の産後ケア掲載レコード,12730,1,0,1,12730,音更町南鈴蘭北6丁目5番地1,0155307398,42.949176,143.1892569,birth_navi,birth_navi_not_crosschecked,0,0.0,0,0,1,
GCP-12731,ななかまど弟子屈,ななかまど弟子屈,100,自治体連携等の産後ケア掲載レコード,12731,1,0,1,12731,川上郡弟子屈町中央2丁目2-13,07042164583,43.4853088,144.4587564,birth_navi,birth_navi_not_crosschecked,0,0.0,0,0,1,
GCP-12734,白糠町(助産師）,白糠町助産師,100,自治体連携等の産後ケア掲載レコード,12734,1,0,1,12734,白糠町西１条南１丁目1-1,0154722171,42.956174,144.0717341,birth_navi,birth_navi_not_crosschecked,0,0.0,0,0,1,
GCP-12735,別海町母子健康センター,別海町母子健康センター,100,自治体連携等の産後ケア掲載レコード,12735,1,0,1,12735,野付郡別海町別海西本町101番地1,0153752262,43.390674,145.123294,birth_navi,birth_navi_not_crosschecked,0,0.0,0,0,1,
GCP-12736,野付湯元うたせ屋,野付湯元うたせ屋,100,自治体連携等の産後ケア掲載レコード,12736,1,0,1,12736,野付郡別海町尾岱沼港町132番地,,43.5674564,145.2211703,birth_navi,birth_navi_not_crosschecked,0,0.0,0,0,1,
GCP-12737,母乳育児相談室　るここ小川助産所,母乳育児相談室るここ小川助産所,100,自治体連携等の産後ケア掲載レコード,12737,1,0,1,12737,中標津町西町３丁目４５番地,0153748392,43.5553024,144.9572682,birth_navi,birth_navi_not_crosschecked,0,0.0,0,0,1,
GCP-12738,まきばの助産院,まきばの助産院,100,自治体連携等の産後ケア掲載レコード,12739,2,0,2,12738;12739,標津郡中標津町,,,,,missing_unresolved,0,,0,0,1,
GCP-12740,ホテル青森,ホテル青森,100,自治体連携等の産後ケア掲載レコード,12740,1,0,1,12740,青森市堤町-1-23,0177754141,40.8247966,140.7565039,birth_navi,birth_navi_not_crosschecked,0,0.0,0,0,1,
GCP-12741,リッチモンドホテル青森,リッチモンドホテル青森,100,自治体連携等の産後ケア掲載レコード,12741,1,0,1,12741,青森市長島1-6-6,0177327655,40.8232842,140.7448325,birth_navi,birth_navi_not_crosschecked,0,0.0,0,0,1,
GCP-12743,いちろうクリニック,いちろうクリニック,100,自治体連携等の産後ケア掲載レコード,12743,1,0,1,12743,弘前市大字早稲田四丁目1番地5,0172261692,40.6048187,140.5139719,birth_navi,birth_navi_not_crosschecked,0,0.0,0,0,1,
GCP-12744,レディースケアしらはま助産院,レディースケアしらはま助産院,100,自治体連携等の産後ケア掲載レコード,12744,2,0,2,12744;12759,弘前市大字城東四丁目5番地1 ナラオカビル105,09064591492,40.5952064,140.4914564,birth_navi,birth_navi_not_crosschecked,0,0.0,0,0,1,
GCP-12746,みけねこ助産院,みけねこ助産院,100,自治体連携等の産後ケア掲載レコード,12746,1,0,1,12746,,,,,,missing_hidden_address_not_inferred,0,,0,0,1,
GCP-12747,き子キッズ助産院,き子キッズ助産院,100,自治体連携等の産後ケア掲載レコード,12747,1,0,1,12747,八戸市下長6丁目2－19,0178291117,40.5342183,141.4848792,birth_navi,birth_navi_not_crosschecked,0,0.0,0,0,1,
GCP-12748,黒石市こども家庭センター,黒石市こども家庭センター,100,自治体連携等の産後ケア掲載レコード,12748,1,0,1,12748,黒石市大字市ノ町２番地１,0172522111,40.6436645,140.5942334,birth_navi,birth_navi_not_crosschecked,0,0.0,0,0,1,
GCP-12749,一般社団法人青森県助産師会,青森県助産師会,100,自治体連携等の産後ケア掲載レコード,12749,1,0,1,12749,,,,,,missing_hidden_address_not_inferred,0,,0,0,1,
GCP-12751,こっ子まんま助産院,こっ子まんま助産院,100,自治体連携等の産後ケア掲載レコード,12751,1,0,1,12751,十和田市西二十一番町52-38-15,0176241843,40.6155454,141.1888554,birth_navi,birth_navi_not_crosschecked,0,0.0,0,0,1,
GCP-12752,母子ケアハウスさくら助産院,母子ケアハウスさくら助産院,100,自治体連携等の産後ケア掲載レコード,12752,1,0,1,12752,,,,,,missing_hidden_address_not_inferred,0,,0,0,1,
GCP-12753,けい子助産院,けい子助産院,100,自治体連携等の産後ケア掲載レコード,12753,1,0,1,12753,"十和田市東三番町９-59
藤井産婦人科医院２階",,40.6140978,141.2184575,birth_navi,birth_navi_not_crosschecked,0,0.0,0,0,1,
GCP-12755,青森県助産師会,青森県助産師会,100,自治体連携等の産後ケア掲載レコード,12755,1,0,1,12755,平川市石郷柳田５３－３,0172555362,40.5746826,140.5539432,birth_navi,birth_navi_not_crosschecked,0,0.0,0,0,1,
GCP-12756,my.josan-in PEANUT,myjosaninpeanut,100,自治体連携等の産後ケア掲載レコード,12756,1,0,1,12756,"青森県青森市沖館３丁目２－５１
sana202号室",08088497851,40.8362126,140.723994,birth_navi,birth_navi_not_crosschecked,0,0.0,0,0,1,
GCP-12757,鰺ヶ沢町役場,鰺ヶ沢町役場,100,自治体連携等の産後ケア掲載レコード,12757,1,0,1,12757,青森県西津軽郡鰺ヶ沢町大字舞戸町字鳴戸321,0173820954,40.7830118,140.2338655,birth_navi,birth_navi_not_crosschecked,0,0.0,0,0,1,
GCP-12745,どんぐりころころ助産院,どんぐりころころ助産院,100,自治体連携等の産後ケア掲載レコード,12758,2,0,2,12745;12758,平川市石郷柳田53番地3,,40.5746826,140.5539432,birth_navi,birth_navi_not_crosschecked,0,0.0,0,0,1,
GCP-12760,大鰐町保健福祉課,大鰐町保健福祉課,100,自治体連携等の産後ケア掲載レコード,12760,1,0,1,12760,青森県南津軽郡大鰐町大字大鰐字羽黒館5-3,0172557149,40.5182073,140.5678096,birth_navi,birth_navi_not_crosschecked,0,0.0,0,0,1,
GCP-12761,出張専門助産所グランマ,出張専門助産所グランマ,100,自治体連携等の産後ケア掲載レコード,12761,1,0,1,12761,鯵ヶ沢町,08018032719,,,,missing_unresolved,0,,0,0,1,
GCP-12762,※準備中,準備中,100,自治体連携等の産後ケア掲載レコード,12762,1,0,1,12762,,,,,,missing_hidden_address_not_inferred,0,,0,0,1,
GCP-12763,野辺地町役場　健康づくり課,野辺地町役場健康づくり課,100,自治体連携等の産後ケア掲載レコード,12763,1,0,1,12763,野辺地町字野辺地123‐1,0175641770,40.8644719,141.1287076,birth_navi,birth_navi_not_crosschecked,0,0.0,0,0,1,
GCP-12750,おひさま助産院,おひさま助産院,100,自治体連携等の産後ケア掲載レコード,12764,2,0,2,12750;12764,十和田市東十三番町31-42-5,0176251840,40.618006,141.2268162,birth_navi,birth_navi_not_crosschecked,0,15.9,0,0,1,
GCP-12765,こっ子まんま助産院,こっ子まんま助産院,100,自治体連携等の産後ケア掲載レコード,12765,1,0,1,12765,十和田市西二一番町52番38－15,,40.6126011,141.2069318,birth_navi,birth_navi_not_crosschecked,0,0.0,0,0,1,
GCP-12766,大間町役場,大間町役場,100,自治体連携等の産後ケア掲載レコード,12766,1,0,1,12766,大間町大字大間字奥戸下道20-4,0175310350,41.5225577,140.9045774,birth_navi,birth_navi_not_crosschecked,0,0.0,0,0,1,
GCP-12767,佐井村子ども子育て世代包括支援センター,佐井村子ども子育て世代包括支援センター,100,自治体連携等の産後ケア掲載レコード,12767,1,0,1,12767,佐井村大字佐井字糠森２０番地,0175382111,41.4296787,140.8591486,birth_navi,birth_navi_not_crosschecked,0,0.0,0,0,1,
GCP-12768,訪問型産後ケア,訪問型産後ケア,100,自治体連携等の産後ケア掲載レコード,12768,1,0,1,12768,,,,,,missing_hidden_address_not_inferred,0,,0,0,1,
GCP-12769,伊東産婦人科医院,伊東産婦人科医院,100,自治体連携等の産後ケア掲載レコード,12769,1,0,1,12769,,,,,,missing_hidden_address_not_inferred,0,,0,0,1,
GCP-12770,宮古市保健福祉部こども家庭センター,宮古市保健福祉部こども家庭センター,100,自治体連携等の産後ケア掲載レコード,12770,1,0,1,12770,宮古市宮町一丁目１番３０号,0193622111,39.6396289,141.946168,birth_navi,birth_navi_not_crosschecked,0,0.0,0,0,1,
GCP-12771,NPO法人まんまるママいわて,npo法人まんまるママいわて,100,自治体連携等の産後ケア掲載レコード,12771,2,0,2,12771;12772,花巻市下幅21-36,09029811135,39.4002252,141.114359,birth_navi,birth_navi_not_crosschecked,0,0.0,0,0,1,
GCP-12773,まんまるだっこ,まんまるだっこ,100,自治体連携等の産後ケア掲載レコード,12773,1,0,1,12773,北上市村崎野15地割534-46,09066801135,39.3208864,141.1156044,birth_navi,birth_navi_not_crosschecked,0,0.0,0,0,1,
GCP-12774,にこにこ助産婦,にこにこ助産婦,100,自治体連携等の産後ケア掲載レコード,12774,1,0,1,12774,北上市二子町矢白52,09044048119,39.3221716,141.1515284,birth_navi,birth_navi_not_crosschecked,0,0.0,0,0,1,
GCP-12775,ここままルーム（南部ホテル）,ここままルーム南部ホテル,100,自治体連携等の産後ケア掲載レコード,12775,1,0,1,12775,北上市大通り一丁目9-3,0197634131,39.2822368,141.1192528,birth_navi,birth_navi_not_crosschecked,0,0.0,0,0,1,
GCP-12776,遠野市助産院,遠野市助産院,100,自治体連携等の産後ケア掲載レコード,12776,1,0,1,12776,遠野市松崎町白岩字薬研淵4-1　遠野健康福祉の里,0198621103,39.3438762,141.5370733,birth_navi,birth_navi_not_crosschecked,0,0.0,0,0,1,
GCP-12777,マタニティ相談室くろさわ,マタニティ相談室くろさわ,100,自治体連携等の産後ケア掲載レコード,12777,1,0,1,12777,,,,,,missing_hidden_address_not_inferred,0,,0,0,1,
GCP-12779,陸前高田市役所,陸前高田市役所,100,自治体連携等の産後ケア掲載レコード,12779,1,0,1,12779,岩手県陸前高田市高田町字下和野100番地,0192542111,39.019087,141.6347269,birth_navi,birth_navi_not_crosschecked,0,0.0,0,0,1,
GCP-12780,岩手県立釜石病院,岩手県立釜石病院,100,自治体連携等の産後ケア掲載レコード,12780,1,0,1,12780,釜石市甲子町10-483-6,0193252011,39.2544874,141.7987496,birth_navi,birth_navi_not_crosschecked,0,0.0,0,0,1,
GCP-12781,二戸市総合福祉センター,二戸市総合福祉センター,100,自治体連携等の産後ケア掲載レコード,12781,1,0,1,12781,二戸市福岡字八幡下11番地1,0195231325,40.2626665,141.2952383,birth_navi,birth_navi_not_crosschecked,0,0.0,0,0,1,
GCP-12782,助産院「あいのわ」,助産院あいのわ,100,自治体連携等の産後ケア掲載レコード,12782,1,0,1,12782,二戸市石切所荷渡5-8　クララB102,08025742009,40.2690687,141.2964514,birth_navi,birth_navi_not_crosschecked,0,0.0,0,0,1,
GCP-12783,奥州市,奥州市,100,自治体連携等の産後ケア掲載レコード,12783,1,0,1,12783,奥州市水沢大手町１番地１,0197242111,39.1442441,141.1388868,birth_navi,birth_navi_not_crosschecked,0,0.0,0,0,1,
GCP-12784,総合水沢病院,総合水沢病院,100,自治体連携等の産後ケア掲載レコード,12784,1,0,1,12784,奥州市水沢大手町3丁目1番地,0197253833,39.1458193,141.1387892,birth_navi,birth_navi_not_crosschecked,0,0.0,0,0,1,
GCP-12785,ママドゥール助産院,ママドゥール助産院,100,自治体連携等の産後ケア掲載レコード,12785,1,0,1,12785,,,,,,missing_hidden_address_not_inferred,0,,0,0,1,
GCP-12786,そら助産院,そら助産院,100,自治体連携等の産後ケア掲載レコード,12786,1,0,1,12786,,,,,,missing_hidden_address_not_inferred,0,,0,0,1,
GCP-12787,市役所分庁舎　ほっこりルーム,市役所分庁舎ほっこりルーム,100,自治体連携等の産後ケア掲載レコード,12787,1,0,1,12787,滝沢市中鵜飼55,0196566526,39.7350436,141.0778361,birth_navi,birth_navi_not_crosschecked,0,0.0,0,0,1,
GCP-12788,しずくいし訪問看護ステーション心,しずくいし訪問看護ステーション心,100,自治体連携等の産後ケア掲載レコード,12788,1,0,1,12788,岩手県岩手郡雫石町万田渡74-1,0196816502,39.6965192,140.9703861,birth_navi,birth_navi_not_crosschecked,0,0.0,0,0,1,
GCP-12789,葛巻町役場,葛巻町役場,100,自治体連携等の産後ケア掲載レコード,12789,1,0,1,12789,葛巻町葛巻16-１-１,0195658991,40.0432886,141.4022104,birth_navi,birth_navi_not_crosschecked,0,0.0,0,0,1,
GCP-12791,矢巾町（赤ちゃん相談）,矢巾町赤ちゃん相談,100,自治体連携等の産後ケア掲載レコード,12791,1,0,1,12791,矢巾町南矢幅14-78,0196112826,39.6090657,141.1441265,birth_navi,birth_navi_not_crosschecked,0,0.0,0,0,1,
GCP-12792,矢巾町国民保養センター,矢巾町国民保養センター,100,自治体連携等の産後ケア掲載レコード,12792,1,0,1,12792,矢巾町煙山1-5,0196972310,39.6217346,141.0739633,birth_navi,birth_navi_not_crosschecked,0,0.0,0,0,1,
GCP-12793,ホテルルートイン矢巾-岩手医大病院-,ホテルルートイン矢巾岩手医大病院,100,自治体連携等の産後ケア掲載レコード,12793,1,0,1,12793,矢巾町医大通2-1-7,05055767775,39.6168927,141.1643023,birth_navi,birth_navi_not_crosschecked,0,0.0,0,0,1,
GCP-12794,西和賀町,西和賀町,100,自治体連携等の産後ケア掲載レコード,12794,1,0,1,12794,西和賀町沢内字太田2-81-1,0197853411,39.4942411,140.7899229,birth_navi,birth_navi_not_crosschecked,0,0.0,0,0,1,
GCP-12795,金ケ崎町子育て支援課（保健センター内）,金ケ崎町子育て支援課保健センター内,100,自治体連携等の産後ケア掲載レコード,12795,1,0,1,12795,岩手県胆沢郡金ケ崎町西根鑓水53番地,0197444611,39.1955099,141.1112131,birth_navi,birth_navi_not_crosschecked,0,0.0,0,0,1,
GCP-12796,岩泉町役場健康推進課子育て支援室,岩泉町役場健康推進課子育て支援室,100,自治体連携等の産後ケア掲載レコード,12796,1,0,1,12796,岩泉町岩泉字惣畑59-5,0194222111,39.8431663,141.7964158,birth_navi,birth_navi_not_crosschecked,0,0.0,0,0,1,
GCP-12797,田野畑村子育て世代包括支援センター,田野畑村子育て世代包括支援センター,100,自治体連携等の産後ケア掲載レコード,12797,1,0,1,12797,岩手県下閉伊郡田野畑村田野畑120-3,0194333102,39.9313865,141.8940473,birth_navi,birth_navi_not_crosschecked,0,0.0,0,0,1,
GCP-12798,普代村保健センター,普代村保健センター,100,自治体連携等の産後ケア掲載レコード,12798,1,0,1,12798,普代村9-13-2,0194352211,40.0052108,141.8859407,birth_navi,birth_navi_not_crosschecked,0,0.0,0,0,1,
GCP-12799,九戸村保健福祉課,九戸村保健福祉課,100,自治体連携等の産後ケア掲載レコード,12799,1,0,1,12799,九戸村大字伊保内10-11-6,0195422112,40.1934782,141.4657461,birth_navi,birth_navi_not_crosschecked,0,0.0,0,0,1,
GCP-12800,洋野町,洋野町,100,自治体連携等の産後ケア掲載レコード,12800,1,0,1,12800,岩手県九戸郡洋野町種市22-1-1,0194653950,40.3757891,141.659814,birth_navi,birth_navi_not_crosschecked,0,0.0,0,0,1,
GCP-12801,洋野町,洋野町,100,自治体連携等の産後ケア掲載レコード,12801,1,0,1,12801,岩手県九戸郡洋野町大野8-85-1,0194773576,40.2935464,141.6473715,birth_navi,birth_navi_not_crosschecked,0,0.0,0,0,1,
GCP-12802,一戸町総合保健福祉センター,一戸町総合保健福祉センター,100,自治体連携等の産後ケア掲載レコード,12802,1,0,1,12802,岩手県二戸郡一戸町一戸字砂森93番地2,0195323700,40.2084499,141.3065548,birth_navi,birth_navi_not_crosschecked,0,0.0,0,0,1,
GCP-12803,T'sレディースクリニック,tsレディースクリニック,100,自治体連携等の産後ケア掲載レコード,12803,1,0,1,12803,仙台市若林区荒井3-26-1,0222881103,38.2399341,140.9445545,birth_navi,birth_navi_not_crosschecked,0,0.0,0,0,1,
GCP-12805,医療法人なるみ赤ちゃんこどもクリニック,なるみ赤ちゃんこどもクリニック,100,自治体連携等の産後ケア掲載レコード,12805,2,0,2,12805;12850,仙台市太白区富沢西4-11-10,0223938122,38.2101239,140.8615442,birth_navi,birth_navi_not_crosschecked,0,0.0,0,0,1,
GCP-12806,みやぎ県南中核病院,みやぎ県南中核病院,100,自治体連携等の産後ケア掲載レコード,12806,1,0,1,12806,大河原町字西38-1,0224515500,38.0621101,140.7350745,birth_navi,birth_navi_not_crosschecked,0,0.0,0,0,1,
GCP-12807,医療法人　敬仁会　遠藤医院　遠藤レディスクリニック,敬仁会遠藤医院遠藤レディスクリニック,100,自治体連携等の産後ケア掲載レコード,12807,1,0,1,12807,宮城県塩釜市花立町1-32,0223625603,38.3101022,141.021375,birth_navi,birth_navi_not_crosschecked,0,0.0,0,0,1,
GCP-12808,あおぞら助産院,あおぞら助産院,100,自治体連携等の産後ケア掲載レコード,12808,1,0,1,12808,,08052168823,,,,missing_hidden_address_not_inferred,0,,0,0,1,
GCP-12809,おおいずみ助産院,おおいずみ助産院,100,自治体連携等の産後ケア掲載レコード,12809,1,0,1,12809,多賀城市山王字山王四区185-6,09087865021,38.2959816,140.9751666,birth_navi,birth_navi_not_crosschecked,0,0.0,0,0,1,
GCP-12810,かたやまかお莉助産院,かたやまかお莉助産院,100,自治体連携等の産後ケア掲載レコード,12810,1,0,1,12810,,08095675713,,,,missing_hidden_address_not_inferred,0,,0,0,1,
GCP-12811,かとう母乳育児相談室,かとう母乳育児相談室,100,自治体連携等の産後ケア掲載レコード,12811,1,0,1,12811,仙台市太白区八木山南1-9-31,0227435066,38.2372335,140.8346962,birth_navi,birth_navi_not_crosschecked,0,0.0,0,0,1,
GCP-12812,Andnate,andnate,100,自治体連携等の産後ケア掲載レコード,12812,1,0,1,12812,東松島市赤井字川前四番20-1,09090341540,38.4384431,141.2347112,birth_navi,birth_navi_not_crosschecked,0,0.0,0,0,1,
GCP-12813,こんの助産院,こんの助産院,100,自治体連携等の産後ケア掲載レコード,12813,1,0,1,12813,仙台市泉区山の寺3-10-23,0223739920,38.3335854,140.9031671,birth_navi,birth_navi_not_crosschecked,0,0.0,0,0,1,
GCP-12814,しょうこ助産院,しょうこ助産院,100,自治体連携等の産後ケア掲載レコード,12814,1,0,1,12814,遠田郡美里町字新妻の神　24-1,09020254686,38.5315811,141.0730114,birth_navi,birth_navi_not_crosschecked,0,0.0,0,0,1,
GCP-12815,じょさんしのいえ,じょさんしのいえ,100,自治体連携等の産後ケア掲載レコード,12815,1,0,1,12815,石巻市日和が丘2丁目1-10,0225904868,38.4233213,141.3077905,birth_navi,birth_navi_not_crosschecked,0,0.0,0,0,1,
GCP-12816,ちさか助産院,ちさか助産院,100,自治体連携等の産後ケア掲載レコード,12816,1,0,1,12816,仙台市青葉区国見６－８－３７,09058387016,38.2777047,140.8370599,birth_navi,birth_navi_not_crosschecked,0,0.0,0,0,1,
GCP-12817,にじのわ助産院,にじのわ助産院,100,自治体連携等の産後ケア掲載レコード,12817,1,0,1,12817,宮城県気仙沼市内の脇1－11－4,08022546696,38.8952979,141.5744631,birth_navi,birth_navi_not_crosschecked,0,0.0,0,0,1,
GCP-12818,ねんねこ助産院,ねんねこ助産院,100,自治体連携等の産後ケア掲載レコード,12818,1,0,1,12818,仙台市青葉区柏木,07053274471,,,,missing_unresolved,0,,0,0,1,
GCP-12819,ひかり助産院,ひかり助産院,100,自治体連携等の産後ケア掲載レコード,12819,2,0,2,12819;12983,仙台市泉区みずほ台２７－１０,08018310450,38.3099442,140.8708299,birth_navi,birth_navi_not_crosschecked,0,0.0,0,0,1,
GCP-12820,ひととて助産院,ひととて助産院,100,自治体連携等の産後ケア掲載レコード,12820,1,0,1,12820,登米市東和町米谷字南沢156-1,0220238820,38.7260556,141.3385773,birth_navi,birth_navi_not_crosschecked,0,0.0,0,0,1,
GCP-12821,ほっとマタニティーホーム,ほっとマタニティーホーム,100,自治体連携等の産後ケア掲載レコード,12821,1,0,1,12821,塩竈市後楽町16-18,09090350847,38.3274453,140.9994171,birth_navi,birth_navi_not_crosschecked,0,0.0,0,0,1,
GCP-12822,ほんだ母乳育児相談室,ほんだ母乳育児相談室,100,自治体連携等の産後ケア掲載レコード,12822,1,0,1,12822,東松島市小松字若葉9-1,0225833597,38.4292489,141.2089768,birth_navi,birth_navi_not_crosschecked,0,0.0,0,0,1,
GCP-12823,まぁーるい助産院,まぁーるい助産院,100,自治体連携等の産後ケア掲載レコード,12823,1,0,1,12823,利府町森郷字後楽西28-5,08055532374,38.3281957,140.9896035,birth_navi,birth_navi_not_crosschecked,0,0.0,0,0,1,
GCP-12824,まさこ助産院,まさこ助産院,100,自治体連携等の産後ケア掲載レコード,12824,1,0,1,12824,,09036479270,,,,missing_hidden_address_not_inferred,0,,0,0,1,
GCP-12825,まどか助産院,まどか助産院,100,自治体連携等の産後ケア掲載レコード,12825,1,0,1,12825,,08096373205,,,,missing_hidden_address_not_inferred,0,,0,0,1,
GCP-12826,みはる助産院,みはる助産院,100,自治体連携等の産後ケア掲載レコード,12826,1,0,1,12826,,,,,,missing_hidden_address_not_inferred,0,,0,0,1,
GCP-12827,もちづき助産院,もちづき助産院,100,自治体連携等の産後ケア掲載レコード,12827,1,0,1,12827,仙台市泉区南光台7丁目24-53,08033210615,38.3044334,140.9015149,birth_navi,birth_navi_not_crosschecked,0,0.0,0,0,1,
GCP-12828,ユーカリ助産院,ユーカリ助産院,100,自治体連携等の産後ケア掲載レコード,12828,1,0,1,12828,遠田郡美里町大柳,09070664900,,,,missing_unresolved,0,,0,0,1,
GCP-12829,育児相談室Mimi,育児相談室mimi,100,自治体連携等の産後ケア掲載レコード,12829,1,0,1,12829,,09055988271,,,,missing_hidden_address_not_inferred,0,,0,0,1,
GCP-12830,株式会社ココシフレ,株式会社ココシフレ,100,自治体連携等の産後ケア掲載レコード,12830,1,0,1,12830,宮城県刈田郡蔵王町塩沢字上野29-21,0224268040,38.0974433,140.6673638,birth_navi,birth_navi_not_crosschecked,0,0.0,0,0,1,
GCP-12831,ゆきんこ助産院,ゆきんこ助産院,100,自治体連携等の産後ケア掲載レコード,12831,1,0,1,12831,宮城郡利府町,09033664515,,,,missing_unresolved,0,,0,0,1,
GCP-12832,いちごの助産院,いちごの助産院,100,自治体連携等の産後ケア掲載レコード,12832,1,0,1,12832,名取市上余田字市坪416-1 ロイヤルシャトー名取Ⅱ 405号室,09097497077,38.1827887,140.8848511,birth_navi,birth_navi_not_crosschecked,0,0.0,0,0,1,
GCP-12833,山川助産所,山川助産所,100,自治体連携等の産後ケア掲載レコード,12833,1,0,1,12833,,,,,,missing_hidden_address_not_inferred,0,,0,0,1,
GCP-12834,産後ケアハウスママん家,産後ケアハウスママん家,100,自治体連携等の産後ケア掲載レコード,12834,1,0,1,12834,仙台市青葉区宮町5丁目3－16,09066290850,38.277381,140.8830234,birth_navi,birth_navi_not_crosschecked,0,0.0,0,0,1,
GCP-12835,出張助産師　高津真理子,出張助産師高津真理子,100,自治体連携等の産後ケア掲載レコード,12835,1,0,1,12835,塩釜市袖野田町30－20,09095305801,38.3065988,141.0050958,birth_navi,birth_navi_not_crosschecked,0,0.0,0,0,1,
GCP-12836,訪問助産院　近藤素子,訪問助産院近藤素子,100,自治体連携等の産後ケア掲載レコード,12836,1,0,1,12836,,07040300501,,,,missing_hidden_address_not_inferred,0,,0,0,1,
GCP-12837,出張専門助産師佐藤由美子,出張専門助産師佐藤由美子,100,自治体連携等の産後ケア掲載レコード,12837,1,0,1,12837,,09032354818,,,,missing_hidden_address_not_inferred,0,,0,0,1,
GCP-12838,出張専門助産院♪アンダンテ,出張専門助産院アンダンテ,100,自治体連携等の産後ケア掲載レコード,12838,1,0,1,12838,仙台市若林区河原町1－2－14,08055716769,38.240113,140.8908421,birth_navi,birth_navi_not_crosschecked,0,0.0,0,0,1,
GCP-12839,助産院カイロLightSnow,助産院カイロlightsnow,100,自治体連携等の産後ケア掲載レコード,12839,1,0,1,12839,仙台市泉区永和台11‐20,09062507126,38.3315789,140.9055112,birth_navi,birth_navi_not_crosschecked,0,0.0,0,0,1,
GCP-12840,小山みね子助産師相談室,小山みね子助産師相談室,100,自治体連携等の産後ケア掲載レコード,12840,1,0,1,12840,,09062523926,,,,missing_hidden_address_not_inferred,0,,0,0,1,
GCP-12841,母と子の助産院　ふ～らん♪,母と子の助産院ふらん,100,自治体連携等の産後ケア掲載レコード,12841,1,0,1,12841,宮城県多賀城市高橋１丁目8-38,09062591423,38.2872838,140.9772802,birth_navi,birth_navi_not_crosschecked,0,0.0,0,0,1,
GCP-12842,妊活応援助産院ぷらすわん,妊活応援助産院ぷらすわん,100,自治体連携等の産後ケア掲載レコード,12842,1,0,1,12842,,09014905554,,,,missing_hidden_address_not_inferred,0,,0,0,1,
GCP-12843,母乳育児相談室　まんまはうす,母乳育児相談室まんまはうす,100,自治体連携等の産後ケア掲載レコード,12843,1,0,1,12843,仙台市太白区長町5-5-36-101,09045521179,38.2279022,140.8838185,birth_navi,birth_navi_not_crosschecked,0,0.0,0,0,1,
GCP-12844,母乳育児相談室まみーぱいぱい,母乳育児相談室まみーぱいぱい,100,自治体連携等の産後ケア掲載レコード,12844,1,0,1,12844,亘理郡山元町高瀬字天王川7-31,09095314424,37.962175,140.9042368,birth_navi,birth_navi_not_crosschecked,0,0.0,0,0,1,
GCP-12845,有希●助産院●,有希助産院,100,自治体連携等の産後ケア掲載レコード,12845,1,0,1,12845,石巻市のぞみ野５丁目16-2,09028444712,38.4446816,141.2562818,birth_navi,birth_navi_not_crosschecked,0,0.0,0,0,1,
GCP-12846,特定非営利活動法人ベビースマイル石巻　産後ケアハウス「mama first」,特定非営利活動法人ベビースマイル石巻産後ケアハウスmamafirst,100,自治体連携等の産後ケア掲載レコード,12846,1,0,1,12846,石巻市蛇田土和田19－11,0225248304,38.4572626,141.2567002,birth_navi,birth_navi_not_crosschecked,0,0.0,0,0,1,
GCP-12847,子育て相談室　鼎（かなえ）,子育て相談室鼎かなえ,100,自治体連携等の産後ケア掲載レコード,12847,1,0,1,12847,仙台市太白区茂庭台1-8-22,09020222665,38.2298357,140.7820299,birth_navi,birth_navi_not_crosschecked,0,0.0,0,0,1,
GCP-12848,出張専門ミーサ助産院,出張専門ミーサ助産院,100,自治体連携等の産後ケア掲載レコード,12848,1,0,1,12848,,09031201836,,,,missing_hidden_address_not_inferred,0,,0,0,1,
GCP-12849,すずき助産院　子育て相談室,すずき助産院子育て相談室,100,自治体連携等の産後ケア掲載レコード,12849,1,0,1,12849,,07083793747,,,,missing_hidden_address_not_inferred,0,,0,0,1,
GCP-12851,あべクリニック産婦人科,あべクリニック産婦人科,100,自治体連携等の産後ケア掲載レコード,12851,1,0,1,12851,石巻市大街道西2丁目1-80,08055525315,38.431996,141.2758422,birth_navi,birth_navi_not_crosschecked,0,0.0,0,0,1,
GCP-12852,NPO法人やっぺす,npo法人やっぺす,100,自治体連携等の産後ケア掲載レコード,12852,1,0,1,12852,石巻市開北3丁目1-8,0225238588,38.4465218,141.3070162,birth_navi,birth_navi_not_crosschecked,0,0.0,0,0,1,
GCP-12853,塩竈市こども家庭センター にこサポ,塩竈市こども家庭センターにこサポ,100,自治体連携等の産後ケア掲載レコード,12853,1,0,1,12853,塩竈市本町１-１,0223541225,38.317335,141.0201543,birth_navi,birth_navi_not_crosschecked,0,0.0,0,0,1,
GCP-12854,小山みね子助産師相談室,小山みね子助産師相談室,100,自治体連携等の産後ケア掲載レコード,12854,1,0,1,12854,多賀城市伝上山4丁目1の30,0223655809,38.3022968,141.009212,birth_navi,birth_navi_not_crosschecked,0,0.0,0,0,1,
GCP-12855,個人助産師,個人助産師,100,自治体連携等の産後ケア掲載レコード,12855,1,0,1,12855,,0223221116,,,,missing_hidden_address_not_inferred,0,,0,0,1,
GCP-12856,宮城県済生会みやぎ乳児院,宮城県済生会みやぎ乳児院,100,自治体連携等の産後ケア掲載レコード,12856,1,0,1,12856,宮城県富谷市成田8丁目4番地6,0223515215,38.3579079,140.893098,birth_navi,birth_navi_not_crosschecked,0,0.0,0,0,1,
GCP-12857,個別委託助産師,個別委託助産師,100,自治体連携等の産後ケア掲載レコード,12857,1,0,1,12857,宮城県富谷市明石台七丁目2番地1,0223435528,38.3468749,140.8999355,birth_navi,birth_navi_not_crosschecked,0,0.0,0,0,1,
GCP-12858,株式会社sugar,株式会社sugar,100,自治体連携等の産後ケア掲載レコード,12858,1,0,1,12858,宮城県富谷市ひより台１丁目43-21,,38.4043469,140.8855784,birth_navi,birth_navi_not_crosschecked,0,0.0,0,0,1,
GCP-12859,株式会社ChillDog　インクル,株式会社chilldogインクル,100,自治体連携等の産後ケア掲載レコード,12859,1,0,1,12859,川崎町大字前川字堀切13－13,0224869921,38.1787654,140.6343144,birth_navi,birth_navi_not_crosschecked,0,0.0,0,0,1,
GCP-12864,子ども子育て応援ハウス　Growing up,子ども子育て応援ハウスgrowingup,100,自治体連携等の産後ケア掲載レコード,12864,1,0,1,12864,秋田市手形字西谷地68-3,,39.7220076,140.1357339,birth_navi,birth_navi_not_crosschecked,0,0.0,0,0,1,
GCP-12865,産前産後ケアハウス　ここはぐの家,産前産後ケアハウスここはぐの家,100,自治体連携等の産後ケア掲載レコード,12865,1,0,1,12865,秋田市泉馬場6-7,,39.7347896,140.1233654,birth_navi,birth_navi_not_crosschecked,0,0.0,0,0,1,
GCP-12867,秋田県助産師会,秋田県助産師会,100,自治体連携等の産後ケア掲載レコード,12867,1,0,1,12867,,,,,,missing_hidden_address_not_inferred,0,,0,0,1,
GCP-12868,助産院イスキア,助産院イスキア,100,自治体連携等の産後ケア掲載レコード,12868,1,0,1,12868,大館市比内町笹館字中清水19,09062547673,40.20737,140.5658335,birth_navi,birth_navi_not_crosschecked,0,0.0,0,0,1,
GCP-12869,ふわっこ助産院,ふわっこ助産院,100,自治体連携等の産後ケア掲載レコード,12869,1,0,1,12869,大館市橋桁字橋桁63,0186595148,40.3296854,140.5824833,birth_navi,birth_navi_not_crosschecked,0,0.0,0,0,1,
GCP-12870,秋田県助産師会,秋田県助産師会,100,自治体連携等の産後ケア掲載レコード,12870,1,0,1,12870,,,,,,missing_hidden_address_not_inferred,0,,0,0,1,
GCP-12860,社会医療法人明和会 中通総合病院,社会明和会中通総合病院,100,自治体連携等の産後ケア掲載レコード,12871,2,0,2,12860;12871,秋田市中通みその町3-15,0188331122,39.7110839,140.1222135,birth_navi,birth_navi_not_crosschecked,0,0.0,0,0,1,
GCP-12872,雄勝中央病院,雄勝中央病院,100,自治体連携等の産後ケア掲載レコード,12872,1,0,1,12872,湯沢市山田勇ヶ岡２５,0183735000,39.1452459,140.4549304,birth_navi,birth_navi_not_crosschecked,0,0.0,0,0,1,
GCP-12874,グローイングアップ,グローイングアップ,100,自治体連携等の産後ケア掲載レコード,12874,1,0,1,12874,秋田市手形西谷地６８－３,,39.7220076,140.1357339,birth_navi,birth_navi_not_crosschecked,0,0.0,0,0,1,
GCP-12875,あい助産院,あい助産院,100,自治体連携等の産後ケア掲載レコード,12875,1,0,1,12875,由利本荘市,09013983499,,,,missing_unresolved,0,,0,0,1,
GCP-12873,ふじ産婦人科・内科,ふじ産婦人科内科,100,自治体連携等の産後ケア掲載レコード,12877,2,0,2,12873;12877,秋田市外旭川小谷地2-1,0188530799,39.751874,140.0974508,birth_navi,birth_navi_not_crosschecked,0,0.0,0,0,1,
GCP-12878,たま助産院,たま助産院,100,自治体連携等の産後ケア掲載レコード,12878,1,0,1,12878,南秋田郡大潟村字東3-1-30,09095364695,40.0231016,139.9631908,birth_navi,birth_navi_not_crosschecked,0,0.0,0,0,1,
GCP-12879,ＮＰＯ法人ここはぐ,npo法人ここはぐ,100,自治体連携等の産後ケア掲載レコード,12879,1,0,1,12879,秋田市上北手荒巻字堺切24-2,0188277336,39.6886603,140.1493556,birth_navi,birth_navi_not_crosschecked,0,0.0,0,0,1,
GCP-12880,井川町役場,井川町役場,100,自治体連携等の産後ケア掲載レコード,12880,1,0,1,12880,井川町北川尻字海老沢樋ノ口78-1,0188744426,39.9142821,140.0804584,birth_navi,birth_navi_not_crosschecked,0,0.0,0,0,1,
GCP-12881,産前産後ケアハウスpocoapoco,産前産後ケアハウスpocoapoco,100,自治体連携等の産後ケア掲載レコード,12881,1,0,1,12881,大仙市幸町1-53,08077910372,39.4701485,140.4803806,birth_navi,birth_navi_not_crosschecked,0,0.0,0,0,1,
GCP-12882,"社会福祉法人恩賜財団　
済生会山形済生病院
（ショートステイ、デイケア）",恩賜財団済生会山形済生病院ショートステイデイケア,100,自治体連携等の産後ケア掲載レコード,12882,1,0,1,12882,山形市沖町７９－１,0236821111,38.284506,140.3346431,birth_navi,birth_navi_not_crosschecked,0,0.0,0,0,1,
GCP-12883,"助産院　nana
（デイケア）",助産院nanaデイケア,100,自治体連携等の産後ケア掲載レコード,12883,1,0,1,12883,東村山郡山辺町大字根際470‐2,08061464801,38.2873284,140.2568092,birth_navi,birth_navi_not_crosschecked,0,0.0,0,0,1,
GCP-12884,"エンジェル助産院
（通所型乳房ケア、訪問型乳房ケア）",エンジェル助産院通所型乳房ケア訪問型乳房ケア,100,自治体連携等の産後ケア掲載レコード,12884,1,0,1,12884,山形市青田２－３－２１,0236220170,38.2253268,140.3342078,birth_navi,birth_navi_not_crosschecked,0,0.0,0,0,1,
GCP-12885,"わたなべ助産院
（通所型乳房ケア）",わたなべ助産院通所型乳房ケア,100,自治体連携等の産後ケア掲載レコード,12885,1,0,1,12885,山形市成沢西２－５－１ フォレストⅠ １０１,09045513808,38.2116059,140.3133456,birth_navi,birth_navi_not_crosschecked,0,0.0,0,0,1,
GCP-12886,"マミーズルーム
（訪問型乳房ケア）",マミーズルーム訪問型乳房ケア,100,自治体連携等の産後ケア掲載レコード,12886,1,0,1,12886,,09090384784,,,,missing_hidden_address_not_inferred,0,,0,0,1,
GCP-12887,"訪問型母乳育児サポート 
助産師のひとみさん
（訪問型乳房ケア）",訪問型母乳育児サポート助産師のひとみさん訪問型乳房ケア,100,自治体連携等の産後ケア掲載レコード,12887,1,0,1,12887,,09048811422,,,,missing_hidden_address_not_inferred,0,,0,0,1,
GCP-12888,助産師　相田 圭子,助産師相田圭子,100,自治体連携等の産後ケア掲載レコード,12888,1,0,1,12888,,,,,,missing_hidden_address_not_inferred,0,,0,0,1,
GCP-12889,助産師　竹田 由佳,助産師竹田由佳,100,自治体連携等の産後ケア掲載レコード,12889,1,0,1,12889,,,,,,missing_hidden_address_not_inferred,0,,0,0,1,
GCP-12890,マザー＆ベビーケアサロン ままのて,マザーベビーケアサロンままのて,100,自治体連携等の産後ケア掲載レコード,12890,3,0,3,12890;12898;12906,米沢市金池5-10-22,08088059689,37.9251829,140.1167849,birth_navi,birth_navi_not_crosschecked,0,0.0,0,0,1,
GCP-12891,なんば助産院,なんば助産院,100,自治体連携等の産後ケア掲載レコード,12891,1,0,1,12891,山形県鶴岡市日枝89-14,09014942589,38.7108901,139.814734,birth_navi,birth_navi_not_crosschecked,0,0.0,0,0,1,
GCP-12892,授乳相談室　たかはし,授乳相談室たかはし,100,自治体連携等の産後ケア掲載レコード,12892,2,0,2,12892;12904,新庄市常葉町３−５４,08060236889,38.7694689,140.3032056,birth_navi,birth_navi_not_crosschecked,0,0.0,0,0,1,
GCP-12894,カモミール,カモミール,100,自治体連携等の産後ケア掲載レコード,12894,1,0,1,12894,長井市館町北6-27タスビル2階i-bay内,07031056907,38.101235,140.0433313,birth_navi,birth_navi_not_crosschecked,0,0.0,0,0,1,
GCP-12895,長井市保健センター,長井市保健センター,100,自治体連携等の産後ケア掲載レコード,12895,1,0,1,12895,長井市ままの上7-10,0238828009,38.1054639,140.0415034,birth_navi,birth_navi_not_crosschecked,0,0.0,0,0,1,
GCP-12896,ほんわり日和,ほんわり日和,100,自治体連携等の産後ケア掲載レコード,12896,1,0,1,12896,,07085689682,,,,missing_hidden_address_not_inferred,0,,0,0,1,
GCP-12897,みさき助産院,みさき助産院,100,自治体連携等の産後ケア掲載レコード,12897,1,0,1,12897,,09022759628,,,,missing_hidden_address_not_inferred,0,,0,0,1,
GCP-12899,さいとうバース＆レディースクリニック,さいとうバースレディースクリニック,100,自治体連携等の産後ケア掲載レコード,12899,1,0,1,12899,山形県山形市馬見ヶ崎一丁目15-3,0236163858,38.2818989,140.3331159,birth_navi,birth_navi_not_crosschecked,0,0.0,0,0,1,
GCP-12901,fumi助産院,fumi助産院,100,自治体連携等の産後ケア掲載レコード,12901,1,0,1,12901,,08096315279,,,,missing_hidden_address_not_inferred,0,,0,0,1,
GCP-12902,ごっと助産院,ごっと助産院,100,自治体連携等の産後ケア掲載レコード,12902,2,0,2,12902;12912,山形県酒田市市条字荒瀬9-25,0234643976,38.96624,139.9338148,birth_navi,birth_navi_not_crosschecked,0,0.0,0,0,1,
GCP-12903,はぴねす助産院,はぴねす助産院,100,自治体連携等の産後ケア掲載レコード,12903,1,0,1,12903,山形県酒田市富士見町2-12-11,08060202274,38.9234872,139.863889,birth_navi,birth_navi_not_crosschecked,0,0.0,0,0,1,
GCP-12900,助産院mooi,助産院mooi,100,自治体連携等の産後ケア掲載レコード,12907,4,0,4,12900;12907;12910;15245,山形市,,,,,missing_unresolved,0,,0,0,1,
GCP-12908,助産院カルナ,助産院カルナ,100,自治体連携等の産後ケア掲載レコード,12908,1,0,1,12908,山形市,05017217257,,,,missing_unresolved,0,,0,0,1,
GCP-12911,小国町立病院,小国町立病院,100,自治体連携等の産後ケア掲載レコード,12911,1,0,1,12911,小国町大字あけぼの1-1,0238611111,38.0585844,139.75622,birth_navi,birth_navi_not_crosschecked,0,0.0,0,0,1,
GCP-12913,庄内町保健センター,庄内町保健センター,100,自治体連携等の産後ケア掲載レコード,12913,1,0,1,12913,庄内町余目字三人谷地61-1,0234420164,38.8492391,139.9034408,birth_navi,birth_navi_not_crosschecked,0,0.0,0,0,1,
GCP-12914,日本赤十字社福島赤十字病院,日本赤十字社福島赤十字病院,100,自治体連携等の産後ケア掲載レコード,12914,1,0,1,12914,福島市八島町7番7号,0245346101,37.7689717,140.4840779,birth_navi,birth_navi_not_crosschecked,0,0.0,0,0,0,
GCP-12915,一般社団法人 福島県助産師会　ふくしま助産所,福島県助産師会ふくしま助産所,100,自治体連携等の産後ケア掲載レコード,12915,1,0,1,12915,福島市渡利字岩崎町19-2,,37.7495695,140.4839375,birth_navi,birth_navi_not_crosschecked,0,0.0,0,0,1,
GCP-12916,一般社団法人 福島県助産師会　ゆりかご助産院,福島県助産師会ゆりかご助産院,100,自治体連携等の産後ケア掲載レコード,12916,1,0,1,12916,福島市瀬上町字行人堂13－1,,37.8073109,140.4950387,birth_navi,birth_navi_not_crosschecked,0,0.0,0,0,1,
GCP-12917,福島県助産師会　会津助産師の家おひさま,福島県助産師会会津助産師の家おひさま,100,自治体連携等の産後ケア掲載レコード,12917,1,0,1,12917,,0242858303,,,,missing_hidden_address_not_inferred,0,,0,0,1,
GCP-12918,まんまる御母屋,まんまる御母屋,100,自治体連携等の産後ケア掲載レコード,12918,1,0,1,12918,,,,,,missing_hidden_address_not_inferred,0,,0,0,1,
GCP-12920,郡山里の母乳相談室桶谷式,郡山里の母乳相談室桶谷式,100,自治体連携等の産後ケア掲載レコード,12920,1,0,1,12920,郡山市桑野一丁目7-6,07020381108,37.4011849,140.3562334,birth_navi,birth_navi_not_crosschecked,0,0.0,0,0,1,
GCP-12921,一般社団法人福島県助産師会,福島県助産師会,100,自治体連携等の産後ケア掲載レコード,12921,1,0,1,12921,,,,,,missing_hidden_address_not_inferred,0,,0,0,1,
GCP-12922,特定非営利活動法人　Ｃｏｍｍｕｎｅ　ｗｉｔｈ　助産師　こみゅーん助産院,特定非営利活動法人communewith助産師こみゅーん助産院,100,自治体連携等の産後ケア掲載レコード,12922,1,0,1,12922,いわき市平谷川瀬2丁目11-2,0246233303,37.0470572,140.8957247,birth_navi,birth_navi_not_crosschecked,0,0.0,0,0,1,
GCP-12923,ハル助産院,ハル助産院,100,自治体連携等の産後ケア掲載レコード,12923,1,0,1,12923,,,,,,missing_hidden_address_not_inferred,0,,0,0,1,
GCP-12924,"すかがわ助産院きずな
（福島県助産師会と委託契約）",すかがわ助産院きずな福島県助産師会と委託契約,100,自治体連携等の産後ケア掲載レコード,12924,1,0,1,12924,須賀川市南町２９０－１０,,37.2804475,140.3746,birth_navi,birth_navi_not_crosschecked,0,0.0,0,0,1,
GCP-12925,"相馬助産所
（福島県助産師会と委託契約）",相馬助産所福島県助産師会と委託契約,100,自治体連携等の産後ケア掲載レコード,12925,1,0,1,12925,,08060124181,,,,missing_hidden_address_not_inferred,0,,0,0,1,
GCP-12926,"かしわ助産院
（福島県助産師会と委託契約）",かしわ助産院福島県助産師会と委託契約,100,自治体連携等の産後ケア掲載レコード,12926,1,0,1,12926,西白河郡西郷村米字向山138-7,09048889105,37.1363874,140.1815978,birth_navi,birth_navi_not_crosschecked,0,0.0,0,0,1,
GCP-12927,"花サンバ
（福島県助産師会と委託契約）",花サンバ福島県助産師会と委託契約,100,自治体連携等の産後ケア掲載レコード,12927,1,0,1,12927,,09058431300,,,,missing_hidden_address_not_inferred,0,,0,0,1,
GCP-12928,会津中央病院,会津中央病院,100,自治体連携等の産後ケア掲載レコード,12928,1,0,1,12928,福島県会津若松市鶴賀町1-1,0242251804,37.5210794,139.9462983,birth_navi,birth_navi_not_crosschecked,0,0.0,0,0,1,
GCP-12929,ふくしま助産所,ふくしま助産所,100,自治体連携等の産後ケア掲載レコード,12929,1,0,1,12929,福島市渡利字岩崎町19番地2,0245723766,37.7495695,140.4839375,birth_navi,birth_navi_not_crosschecked,0,0.0,0,0,1,
GCP-12931,JCHO二本松病院,jcho二本松病院,100,自治体連携等の産後ケア掲載レコード,12931,1,0,1,12931,二本松市成田町一丁目553番地,,37.5901439,140.4226157,birth_navi,birth_navi_not_crosschecked,0,0.0,0,0,1,
GCP-12932,かしわ助産院,かしわ助産院,100,自治体連携等の産後ケア掲載レコード,12932,1,0,1,12932,西郷村米字向山138-7,0248215386,37.1363874,140.1815978,birth_navi,birth_navi_not_crosschecked,0,0.0,0,0,1,
GCP-12919,もみじ助産院,もみじ助産院,100,自治体連携等の産後ケア掲載レコード,12934,2,0,2,12919;12934,郡山市田村町大善寺字上野代4-1,0249553023,37.3517117,140.4012887,birth_navi,birth_navi_not_crosschecked,0,0.0,0,0,1,
GCP-12935,相馬助産所,相馬助産所,100,自治体連携等の産後ケア掲載レコード,12935,1,0,1,12935,相馬市北飯淵1丁目8-5,0244350192,37.7970426,140.9190868,birth_navi,birth_navi_not_crosschecked,0,0.0,0,0,1,
GCP-12936,のっち助産所,のっち助産所,100,自治体連携等の産後ケア掲載レコード,12936,1,0,1,12936,,09048833818,,,,missing_hidden_address_not_inferred,0,,0,0,1,
GCP-12937,みのり助産院,みのり助産院,100,自治体連携等の産後ケア掲載レコード,12937,1,0,1,12937,,09053570210,,,,missing_hidden_address_not_inferred,0,,0,0,1,
GCP-12938,出張助産師永瀬美和,出張助産師永瀬美和,100,自治体連携等の産後ケア掲載レコード,12938,1,0,1,12938,,08016786938,,,,missing_hidden_address_not_inferred,0,,0,0,1,
GCP-12939,岩佐医院,岩佐医院,100,自治体連携等の産後ケア掲載レコード,12939,2,0,2,12939;13003,茨城県久慈郡大子町大字大子1828番地7,0295720975,36.7666297,140.355657,birth_navi,birth_navi_not_crosschecked,0,0.0,0,0,1,
GCP-12940,一般社団法人福島県医師会,福島県医師会,100,自治体連携等の産後ケア掲載レコード,12940,2,0,2,12940;15434,福島市新町４番２２号,,37.7565101,140.4676304,birth_navi,birth_navi_not_crosschecked,0,0.0,0,0,1,
GCP-12941,根本産婦人科医院,根本産婦人科医院,100,自治体連携等の産後ケア掲載レコード,12941,1,0,1,12941,,,,,,missing_hidden_address_not_inferred,0,,0,0,1,
GCP-12942,水戸メンタルクリニック,水戸メンタルクリニック,100,自治体連携等の産後ケア掲載レコード,12942,1,0,1,12942,水戸市梅香1-2-50,,36.3743402,140.4700121,birth_navi,birth_navi_not_crosschecked,0,0.0,0,0,1,
GCP-12943,茨城県助産師会,茨城県助産師会,100,自治体連携等の産後ケア掲載レコード,12943,1,0,1,12943,,,,,,missing_hidden_address_not_inferred,0,,0,0,1,
GCP-12944,助産院Haru no Ie,助産院harunoie,100,自治体連携等の産後ケア掲載レコード,12944,2,0,2,12944;12988,牛久市ひたち野西3-31-11-003,,36.0099221,140.1580437,birth_navi,birth_navi_not_crosschecked,0,0.0,0,0,1,
GCP-12945,産前産後ケアハウスmamacocochi,産前産後ケアハウスmamacocochi,100,自治体連携等の産後ケア掲載レコード,12945,2,0,2,12945;13005,土浦市中村南4-7-26,,36.0407454,140.1595429,birth_navi,birth_navi_not_crosschecked,0,0.0,0,0,1,
GCP-12946,まある産後ケア,まある産後ケア,100,自治体連携等の産後ケア掲載レコード,12946,2,0,2,12946;12975,美浦村宮地82,,36.0089211,140.3233577,birth_navi,birth_navi_not_crosschecked,0,0.0,0,0,1,
GCP-12947,ざくろの木助産院,ざくろの木助産院,100,自治体連携等の産後ケア掲載レコード,12947,1,0,1,12947,,,,,,missing_hidden_address_not_inferred,0,,0,0,1,
GCP-12948,船橋レディスクリニック,船橋レディスクリニック,100,自治体連携等の産後ケア掲載レコード,12948,1,0,1,12948,古河市諸川６５７－３,09088719071,36.1992744,139.8204619,birth_navi,birth_navi_not_crosschecked,0,0.0,0,0,1,
GCP-12949,出張助産院　ちさと,出張助産院ちさと,100,自治体連携等の産後ケア掲載レコード,12949,1,0,1,12949,,,,,,missing_hidden_address_not_inferred,0,,0,0,1,
GCP-12950,出張専門助産所　お結び,出張専門助産所お結び,100,自治体連携等の産後ケア掲載レコード,12950,2,0,2,12950;12986,古河市上辺見878-9,09027916033,36.1896787,139.7352416,birth_navi,birth_navi_not_crosschecked,0,0.0,0,0,1,
GCP-12951,出張専門助産所　にこ,出張専門助産所にこ,100,自治体連携等の産後ケア掲載レコード,12951,1,0,1,12951,古河市雷電町9-62,09069909020,36.1984398,139.7158736,birth_navi,birth_navi_not_crosschecked,0,0.0,0,0,1,
GCP-12952,Fuerza de mujer (フェルサ デ ムヘール),fuerzademujerフェルサデムヘール,100,自治体連携等の産後ケア掲載レコード,12952,1,0,1,12952,,,,,,missing_hidden_address_not_inferred,0,,0,0,1,
GCP-12953,すみれ助産院,すみれ助産院,100,自治体連携等の産後ケア掲載レコード,12953,1,0,1,12953,石岡市,09080395434,,,,missing_unresolved,0,,0,0,1,
GCP-12954,Aina(アイナ）助産院,ainaアイナ助産院,100,自治体連携等の産後ケア掲載レコード,12954,1,0,1,12954,土浦市,08040074245,,,,missing_unresolved,0,,0,0,1,
GCP-12955,小山自然育児相談所,小山自然育児相談所,100,自治体連携等の産後ケア掲載レコード,12955,1,0,1,12955,小山市西城南3-6-3,0285281120,36.2984144,139.8067024,birth_navi,birth_navi_not_crosschecked,0,0.0,0,0,1,
GCP-12956,りらっく’ｓはと♡むぎ,りらっくsはとむぎ,100,自治体連携等の産後ケア掲載レコード,12956,1,0,1,12956,小山市若木町3-3-2,,36.3249268,139.8111522,birth_navi,birth_navi_not_crosschecked,0,0.0,0,0,1,
GCP-12957,サニー助産院,サニー助産院,100,自治体連携等の産後ケア掲載レコード,12957,1,0,1,12957,小山市土塔231-1,,36.3023817,139.8227325,birth_navi,birth_navi_not_crosschecked,0,0.0,0,0,1,
GCP-12958,産前産後ケア施設あいあい,産前産後ケア施設あいあい,100,自治体連携等の産後ケア掲載レコード,12958,1,0,1,12958,,09029779373,,,,missing_hidden_address_not_inferred,0,,0,0,1,
GCP-12959,アゲハ助産院,アゲハ助産院,100,自治体連携等の産後ケア掲載レコード,12959,2,0,2,12959;13023,小山市間々田1252,09035351490,36.2710109,139.7686325,birth_navi,birth_navi_not_crosschecked,0,7.1,0,0,1,
GCP-12960,mamacocochi,mamacocochi,100,自治体連携等の産後ケア掲載レコード,12960,1,0,1,12960,土浦市中村南4丁目７−２６,,36.0407454,140.1595429,birth_navi,birth_navi_not_crosschecked,0,0.0,0,0,1,
GCP-12961,産前産後ケア助産院　マーモセットケア,産前産後ケア助産院マーモセットケア,100,自治体連携等の産後ケア掲載レコード,12961,1,0,1,12961,つくばみらい市鬼長389,0297525631,35.9755342,140.0007459,birth_navi,birth_navi_not_crosschecked,0,0.0,0,0,1,
GCP-12962,筑波大学附属病院　つくば市バースセンター,筑波大学附属病院つくば市バースセンター,100,自治体連携等の産後ケア掲載レコード,12962,1,0,1,12962,つくば市天久保2-1-1,0298533800,36.0929017,140.101875,birth_navi,birth_navi_not_crosschecked,0,0.0,0,0,1,
GCP-12963,サポート・うぶごえ　長谷川知香子,サポートうぶごえ長谷川知香子,100,自治体連携等の産後ケア掲載レコード,12963,1,0,1,12963,,,,,,missing_hidden_address_not_inferred,0,,0,0,1,
GCP-12965,サポート　うぶごえ,サポートうぶごえ,100,自治体連携等の産後ケア掲載レコード,12965,1,0,1,12965,高萩市,,,,,missing_unresolved,0,,0,0,1,
GCP-12964,出張訪問助産師　長谷川左弥子,出張訪問助産師長谷川左弥子,100,自治体連携等の産後ケア掲載レコード,12966,2,0,2,12964;12966,日立市川尻町,08010328181,,,,missing_unresolved,0,,0,0,1,
GCP-12967,マタニティ・ケア・伊藤,マタニティケア伊藤,100,自治体連携等の産後ケア掲載レコード,12967,1,0,1,12967,北茨城市中郷町小野矢指２６－６,0293432012,36.7558012,140.7327953,birth_navi,birth_navi_not_crosschecked,0,0.0,0,0,0,
GCP-12968,総合守谷第一病院,総合守谷第一病院,100,自治体連携等の産後ケア掲載レコード,12968,1,0,1,12968,守谷市松前台1-17,0297455551,35.9673532,139.9669461,birth_navi,birth_navi_not_crosschecked,0,0.0,0,0,1,
GCP-12970,母乳育児相談「ほっと」,母乳育児相談ほっと,100,自治体連携等の産後ケア掲載レコード,12970,1,0,1,12970,,08031269001,,,,missing_hidden_address_not_inferred,0,,0,0,1,
GCP-12971,西村助産院,西村助産院,100,自治体連携等の産後ケア掲載レコード,12971,1,0,1,12971,,,,,,missing_hidden_address_not_inferred,0,,0,0,1,
GCP-12972,choco助産院,choco助産院,100,自治体連携等の産後ケア掲載レコード,12972,1,0,1,12972,,,,,,missing_hidden_address_not_inferred,0,,0,0,1,
GCP-12973,BIO HOUSE,biohouse,100,自治体連携等の産後ケア掲載レコード,12973,1,0,1,12973,,08011246016,,,,missing_hidden_address_not_inferred,0,,0,0,1,
GCP-12974,筑波学園病院,筑波学園病院,100,自治体連携等の産後ケア掲載レコード,12974,1,0,1,12974,つくば市上横場2573-1,0298361355,36.0382511,140.0976196,birth_navi,birth_navi_not_crosschecked,0,0.0,0,0,1,
GCP-12976,個人事業主助産師,個人事業主助産師,100,自治体連携等の産後ケア掲載レコード,12976,1,0,1,12976,,,,,,missing_hidden_address_not_inferred,0,,0,0,1,
GCP-12977,個人事業主助産師,個人事業主助産師,100,自治体連携等の産後ケア掲載レコード,12977,1,0,1,12977,,,,,,missing_hidden_address_not_inferred,0,,0,0,1,
GCP-12978,個人事業主助産師,個人事業主助産師,100,自治体連携等の産後ケア掲載レコード,12978,1,0,1,12978,,,,,,missing_hidden_address_not_inferred,0,,0,0,1,
GCP-12979,個人事業主助産師,個人事業主助産師,100,自治体連携等の産後ケア掲載レコード,12979,1,0,1,12979,,,,,,missing_hidden_address_not_inferred,0,,0,0,1,
GCP-12980,個人事業主助産師,個人事業主助産師,100,自治体連携等の産後ケア掲載レコード,12980,1,0,1,12980,,,,,,missing_hidden_address_not_inferred,0,,0,0,1,
GCP-12981,個人事業主保健師,個人事業主保健師,100,自治体連携等の産後ケア掲載レコード,12981,1,0,1,12981,,,,,,missing_hidden_address_not_inferred,0,,0,0,1,
GCP-12982,産前産後MWケア助産院ナカ・ヨシ,産前産後mwケア助産院ナカヨシ,100,自治体連携等の産後ケア掲載レコード,12982,1,0,1,12982,つくば市山木359-2,05035917744,36.1646745,140.0774075,birth_navi,birth_navi_not_crosschecked,0,0.0,0,0,1,
GCP-12984,茨城県助産師会,茨城県助産師会,100,自治体連携等の産後ケア掲載レコード,12984,1,0,1,12984,,,,,,missing_hidden_address_not_inferred,0,,0,0,1,
GCP-12985,助産師　福原　陽子,助産師福原陽子,100,自治体連携等の産後ケア掲載レコード,12985,1,0,1,12985,,,,,,missing_hidden_address_not_inferred,0,,0,0,1,
GCP-12987,はまぐちハッピー助産院,はまぐちハッピー助産院,100,自治体連携等の産後ケア掲載レコード,12987,1,0,1,12987,守谷市松並青葉４丁目4-4,08087446739,35.9592258,139.9935767,birth_navi,birth_navi_not_crosschecked,0,0.0,0,0,1,
GCP-12989,mamacocochi（助産所　ままここち）,mamacocochi助産所ままここち,100,自治体連携等の産後ケア掲載レコード,12989,1,0,1,12989,土浦市中村南四丁目７－２６,,36.0407454,140.1595429,birth_navi,birth_navi_not_crosschecked,0,0.0,0,0,1,
GCP-12990,フェルサデムヘール,フェルサデムヘール,100,自治体連携等の産後ケア掲載レコード,12990,1,0,1,12990,,,,,,missing_hidden_address_not_inferred,0,,0,0,1,
GCP-12991,すみれ助産院,すみれ助産院,100,自治体連携等の産後ケア掲載レコード,12991,1,0,1,12991,,,,,,missing_hidden_address_not_inferred,0,,0,0,1,
GCP-12992,花だより,花だより,100,自治体連携等の産後ケア掲載レコード,12992,1,0,1,12992,,,,,,missing_hidden_address_not_inferred,0,,0,0,1,
GCP-12993,マーモセットケア,マーモセットケア,100,自治体連携等の産後ケア掲載レコード,12993,1,0,1,12993,"つくばみらい市
鬼長 389",09091497349,35.9755342,140.0007459,birth_navi,birth_navi_not_crosschecked,0,0.0,0,0,1,
GCP-12995,助産所あおぞら,助産所あおぞら,100,自治体連携等の産後ケア掲載レコード,12995,1,0,1,12995,,,,,,missing_hidden_address_not_inferred,0,,0,0,1,
GCP-12996,助産院あおば,助産院あおば,100,自治体連携等の産後ケア掲載レコード,12996,1,0,1,12996,,,,,,missing_hidden_address_not_inferred,0,,0,0,1,
GCP-12997,出張専門助産院　とも,出張専門助産院とも,100,自治体連携等の産後ケア掲載レコード,12997,1,0,1,12997,,,,,,missing_hidden_address_not_inferred,0,,0,0,1,
GCP-12998,かえで助産院,かえで助産院,100,自治体連携等の産後ケア掲載レコード,12998,1,0,1,12998,,,,,,missing_hidden_address_not_inferred,0,,0,0,0,
GCP-12999,うえむら母乳育児相談室,うえむら母乳育児相談室,100,自治体連携等の産後ケア掲載レコード,12999,1,0,1,12999,,,,,,missing_hidden_address_not_inferred,0,,0,0,0,
GCP-13000,小松助産院,小松助産院,100,自治体連携等の産後ケア掲載レコード,13000,1,0,1,13000,,,,,,missing_hidden_address_not_inferred,0,,0,0,1,
GCP-13001,産前産後ケアサポートいとが,産前産後ケアサポートいとが,100,自治体連携等の産後ケア掲載レコード,13001,1,0,1,13001,,,,,,missing_hidden_address_not_inferred,0,,0,0,1,
GCP-13002,助産院－結－ゆい,助産院結ゆい,100,自治体連携等の産後ケア掲載レコード,13002,1,0,1,13002,東海村村松1365-33,07014121011,36.4609358,140.5748021,birth_navi,birth_navi_not_crosschecked,0,0.0,0,0,1,
GCP-13004,こどもとくらし研究室,こどもとくらし研究室,100,自治体連携等の産後ケア掲載レコード,13004,1,0,1,13004,,,,,,missing_hidden_address_not_inferred,0,,0,0,1,
GCP-13006,Blue one,blueone,100,自治体連携等の産後ケア掲載レコード,13006,1,0,1,13006,,,,,,missing_hidden_address_not_inferred,0,,0,0,1,
GCP-13007,宇津野医院,宇津野医院,100,自治体連携等の産後ケア掲載レコード,13007,1,0,1,13007,茨城県下妻市下妻丁375-15,0296450311,36.1807507,139.9568561,birth_navi,birth_navi_not_crosschecked,0,0.0,0,0,1,
GCP-13008,出張助産所にこ,出張助産所にこ,100,自治体連携等の産後ケア掲載レコード,13008,1,0,1,13008,,,,,,missing_hidden_address_not_inferred,0,,0,0,1,
GCP-13009,ニコ助産院,ニコ助産院,100,自治体連携等の産後ケア掲載レコード,13009,1,0,1,13009,宇都宮市大曽２－２－２５,,36.5718751,139.8896682,birth_navi,birth_navi_not_crosschecked,0,0.0,0,0,1,
GCP-13010,みき母乳相談室,みき母乳相談室,100,自治体連携等の産後ケア掲載レコード,13010,1,0,1,13010,宇都宮市簗瀬町１７７３－１メゾンＡＯＫＩ１０３号,,36.5484998,139.8889193,birth_navi,birth_navi_not_crosschecked,0,0.0,0,0,1,
GCP-13012,助産院Ｂｅｌｌ,助産院bell,100,自治体連携等の産後ケア掲載レコード,13012,1,0,1,13012,下野市下古山3258－2,,36.4536071,139.8604728,birth_navi,birth_navi_not_crosschecked,0,0.0,0,0,1,
GCP-13013,まざぁーずへいぶん佐藤助産院,まざぁーずへいぶん佐藤助産院,100,自治体連携等の産後ケア掲載レコード,13013,1,0,1,13013,下野市薬師寺３１７８－１０,,36.3951255,139.8645955,birth_navi,birth_navi_not_crosschecked,0,0.0,0,0,1,
GCP-13014,さくら産後院,さくら産後院,100,自治体連携等の産後ケア掲載レコード,13014,1,0,1,13014,さくら市卯の里１－１１－１,,36.6831756,139.9568683,birth_navi,birth_navi_not_crosschecked,0,0.0,0,0,1,
GCP-13017,はな助産院,はな助産院,100,自治体連携等の産後ケア掲載レコード,13017,1,0,1,13017,宇都宮市岩曽町８８１－１３,,36.5866165,139.9077394,birth_navi,birth_navi_not_crosschecked,0,0.0,0,0,1,
GCP-13018,たかこ母乳育児相談室,たかこ母乳育児相談室,100,自治体連携等の産後ケア掲載レコード,13018,1,0,1,13018,宇都宮市雀の宮５－1－4,,36.490862,139.8727739,birth_navi,birth_navi_not_crosschecked,0,0.0,0,0,1,
GCP-13019,なお助産院,なお助産院,100,自治体連携等の産後ケア掲載レコード,13019,1,0,1,13019,宇都宮市西一の沢町１４－５７,,36.566223,139.8604484,birth_navi,birth_navi_not_crosschecked,0,0.0,0,0,1,
GCP-13020,"地方独立行政法人　
新小山市民病院",新小山市民病院,100,自治体連携等の産後ケア掲載レコード,13020,1,0,1,13020,小山市大字神鳥谷2251-1,0285360200,36.2752154,139.7994103,birth_navi,birth_navi_not_crosschecked,0,0.0,0,0,1,
GCP-13021,かがやき助産院,かがやき助産院,100,自治体連携等の産後ケア掲載レコード,13021,1,0,1,13021,栃木市錦町7-4-13,,36.3863005,139.7299691,birth_navi,birth_navi_not_crosschecked,0,0.0,0,0,1,
GCP-13022,あべ助産院,あべ助産院,100,自治体連携等の産後ケア掲載レコード,13022,1,0,1,13022,栃木市箱森町16-5,,36.3875462,139.7235019,birth_navi,birth_navi_not_crosschecked,0,0.0,0,0,1,
GCP-13024,マロン助産院,マロン助産院,100,自治体連携等の産後ケア掲載レコード,13024,1,0,1,13024,小山市羽川286-11,,36.3658433,139.8311395,birth_navi,birth_navi_not_crosschecked,0,0.0,0,0,1,
GCP-13025,あさの葉助産院,あさの葉助産院,100,自治体連携等の産後ケア掲載レコード,13025,2,0,2,13025;13038,河内郡上三川町しらさぎ1-7-20,,36.4419124,139.9071093,birth_navi,birth_navi_not_crosschecked,0,0.0,0,0,1,
GCP-13016,栃木県助産師会,栃木県助産師会,100,自治体連携等の産後ケア掲載レコード,13026,3,0,3,13016;13026;13040,那須塩原市埼玉451番地1,,36.9599585,140.0221307,birth_navi,birth_navi_not_crosschecked,0,0.0,0,0,1,
GCP-13027,よつば助産院,よつば助産院,100,自治体連携等の産後ケア掲載レコード,13027,1,0,1,13027,佐野市堀米町3905番地２　ハイグレード若田部102号,,36.3339718,139.5792342,birth_navi,birth_navi_not_crosschecked,0,0.0,0,0,1,
GCP-13029,女性と子供の家 月のゆりかご,女性と子供の家月のゆりかご,100,自治体連携等の産後ケア掲載レコード,13029,1,0,1,13029,小山市東城南5-15-19,0285387374,36.2877068,139.8110502,birth_navi,birth_navi_not_crosschecked,0,0.0,0,0,1,
GCP-13030,おおきこどもクリニックおひさまハウス,おおきこどもクリニックおひさまハウス,100,自治体連携等の産後ケア掲載レコード,13030,1,0,1,13030,小山市美しが丘3-35-13,0285410025,36.2602839,139.7760709,birth_navi,birth_navi_not_crosschecked,0,0.0,0,0,1,
GCP-13031,Ohana助産院,ohana助産院,100,自治体連携等の産後ケア掲載レコード,13031,1,0,1,13031,那須塩原市太夫塚1-232-567,09013757528,36.8818981,139.976192,birth_navi,birth_navi_not_crosschecked,0,0.0,0,0,1,
GCP-13032,とくらぁく助産院,とくらぁく助産院,100,自治体連携等の産後ケア掲載レコード,13032,1,0,1,13032,那須塩原市豊浦10-749,08033484027,36.9495237,140.0591025,birth_navi,birth_navi_not_crosschecked,0,0.0,0,0,1,
GCP-13034,国際医療福祉大学病院ばーすはうす,国際医療福祉大学病院ばーすはうす,100,自治体連携等の産後ケア掲載レコード,13034,1,0,1,13034,那須塩原市井口537-3,0287382781,36.911295,139.9712618,birth_navi,birth_navi_not_crosschecked,0,0.0,0,0,1,
GCP-13035,芳賀赤十字病院,芳賀赤十字病院,100,自治体連携等の産後ケア掲載レコード,13035,1,0,1,13035,真岡市中郷271,0285822195,36.4536872,140.0174821,birth_navi,birth_navi_not_crosschecked,0,0.0,0,0,1,
GCP-13015,菅間記念病院,菅間記念病院,100,自治体連携等の産後ケア掲載レコード,13036,2,0,2,13015;13036,栃木県那須塩原市大黒町2-5,0287620733,36.9719044,140.0493903,birth_navi,birth_navi_not_crosschecked,0,0.0,0,0,1,
GCP-13037,赤ちゃん相談室,赤ちゃん相談室,100,自治体連携等の産後ケア掲載レコード,13037,1,0,1,13037,,,,,,missing_hidden_address_not_inferred,0,,0,0,1,
GCP-13039,相田助産院,相田助産院,100,自治体連携等の産後ケア掲載レコード,13039,1,0,1,13039,市貝町文谷1008-7,0285683201,36.5525026,140.0970842,birth_navi,birth_navi_not_crosschecked,0,0.0,0,0,1,
GCP-13042,髙橋レディスクリニック,髙橋レディスクリニック,100,自治体連携等の産後ケア掲載レコード,13042,1,0,1,13042,栃木県宇都宮市東塙田一丁目５番地1,0286241230,36.5657935,139.889966,birth_navi,birth_navi_not_crosschecked,0,0.0,0,0,1,
GCP-13043,出張専門助産所　にこ,出張専門助産所にこ,100,自治体連携等の産後ケア掲載レコード,13043,1,0,1,13043,茨城県古河市雷電町,08039340025,,,,missing_unresolved,0,,0,0,1,
GCP-13044,なかじま母乳育児相談室,なかじま母乳育児相談室,100,自治体連携等の産後ケア掲載レコード,13044,1,0,1,13044,宇都宮市中岡本町3710番地231,0286710360,36.6066735,139.9371716,birth_navi,birth_navi_not_crosschecked,0,0.0,0,0,1,
GCP-13045,出張専門助産院LOCOPOKA(ロコポカ),出張専門助産院locopokaロコポカ,100,自治体連携等の産後ケア掲載レコード,13045,1,0,1,13045,,08095414918,,,,missing_hidden_address_not_inferred,0,,0,0,1,
GCP-13046,国際医療福祉大学病院（ばーすはうす♡ママはーと）,国際医療福祉大学病院ばーすはうすママはーと,100,自治体連携等の産後ケア掲載レコード,13046,1,0,1,13046,那須塩原市井口５３７－３,,36.911295,139.9712618,birth_navi,birth_navi_not_crosschecked,0,0.0,0,0,1,
GCP-13049,小沢医院,小沢医院,100,自治体連携等の産後ケア掲載レコード,13049,1,0,1,13049,前橋市樋越町15-1,,36.4128952,139.1805849,birth_navi,birth_navi_not_crosschecked,0,0.0,0,0,1,
GCP-13050,すずの音助産院,すずの音助産院,100,自治体連携等の産後ケア掲載レコード,13050,1,0,1,13050,前橋市六供町2-51-11,,36.3691771,139.0742472,birth_navi,birth_navi_not_crosschecked,0,0.0,0,0,1,
GCP-13051,前橋協立病院,前橋協立病院,100,自治体連携等の産後ケア掲載レコード,13051,1,0,1,13051,前橋市朝倉町828-1,,36.3694505,139.0858351,birth_navi,birth_navi_not_crosschecked,0,0.0,0,0,1,
GCP-13052,前橋市こども支援課,前橋市こども支援課,100,自治体連携等の産後ケア掲載レコード,13052,1,0,1,13052,前橋市朝日町3-36-17,0272128337,36.3865346,139.0897583,birth_navi,birth_navi_not_crosschecked,0,0.0,0,0,1,
GCP-13053,上中居ファミリークリニック産後ケア,上中居ファミリークリニック産後ケア,100,自治体連携等の産後ケア掲載レコード,13053,1,0,1,13053,高崎市上中居町411,09088114155,36.3150061,139.0254972,birth_navi,birth_navi_not_crosschecked,0,0.0,0,0,1,
GCP-13054,喜咲助産院,喜咲助産院,100,自治体連携等の産後ケア掲載レコード,13054,1,0,1,13054,高崎市八千代町1-6-12,08011413884,36.3228039,138.9928357,birth_navi,birth_navi_not_crosschecked,0,0.0,0,0,1,
GCP-13055,STEP HOUSE(ステップハウス）上佐野,stephouseステップハウス上佐野,100,自治体連携等の産後ケア掲載レコード,13055,1,0,1,13055,高崎市上佐野町592-4,08047362345,36.3033349,139.0234347,birth_navi,birth_navi_not_crosschecked,0,0.0,0,0,1,
GCP-13056,田村産婦人科,田村産婦人科,100,自治体連携等の産後ケア掲載レコード,13056,1,0,1,13056,高崎市柳川町63,0273238496,36.3288862,139.0026378,birth_navi,birth_navi_not_crosschecked,0,0.0,0,0,1,
GCP-13057,NPO法人地域母親支援サージファム,npo法人地域母親支援サージファム,100,自治体連携等の産後ケア掲載レコード,13057,1,0,1,13057,高崎市東貝沢町2-15-4,07055567734,36.3457946,139.03101,birth_navi,birth_navi_not_crosschecked,0,0.0,0,0,1,
GCP-13058,産後ケアハウスFeathersCare（フェザーズケア）下中居,産後ケアハウスfeatherscareフェザーズケア下中居,100,自治体連携等の産後ケア掲載レコード,13058,1,0,1,13058,高崎市下中居町230-17,05055383500,36.3109043,139.0382117,birth_navi,birth_navi_not_crosschecked,0,0.0,0,0,1,
GCP-13059,産後ケアハウス花まどれ,産後ケアハウス花まどれ,100,自治体連携等の産後ケア掲載レコード,13059,1,0,1,13059,,,,,,missing_hidden_address_not_inferred,0,,0,0,1,
GCP-13060,群馬県助産師会,群馬県助産師会,100,自治体連携等の産後ケア掲載レコード,13060,1,0,1,13060,,,,,,missing_hidden_address_not_inferred,0,,0,0,1,
GCP-13062,社会福祉法人 紫苑会　桐育乳児園,紫苑会桐育乳児園,100,自治体連携等の産後ケア掲載レコード,13062,1,0,1,13062,桐生市相生町5丁目27番地の1,0277521991,36.4047329,139.3015925,birth_navi,birth_navi_not_crosschecked,0,0.0,0,0,1,
GCP-13063,まつうら助産院,まつうら助産院,100,自治体連携等の産後ケア掲載レコード,13063,1,0,1,13063,伊勢崎市ひろせ町4089-29,,36.3007591,139.1948371,birth_navi,birth_navi_not_crosschecked,0,0.0,0,0,1,
GCP-13067,鈴木助産院,鈴木助産院,100,自治体連携等の産後ケア掲載レコード,13067,2,0,2,13067;14093,太田市丸山町250-7,,36.3407244,139.3777961,birth_navi,birth_navi_not_crosschecked,0,0.0,0,0,1,
GCP-13068,公立館林厚生病院,公立館林厚生病院,100,自治体連携等の産後ケア掲載レコード,13068,2,0,2,13068;13079,群馬県館林市成島町262-1,0570021114,36.2482272,139.518743,birth_navi,birth_navi_not_crosschecked,0,0.0,0,0,1,
GCP-13069,公益社団法人　群馬県助産師会,群馬県助産師会,100,自治体連携等の産後ケア掲載レコード,13069,2,0,2,13069;15451,群馬県前橋市六供町2丁目51番地11,0272894339,36.3691771,139.0742472,birth_navi,birth_navi_not_crosschecked,0,0.0,0,0,1,
GCP-13070,ウェルネスクリニックあじさい,ウェルネスクリニックあじさい,100,自治体連携等の産後ケア掲載レコード,13070,1,0,1,13070,渋川市石原113番地7,0279221377,36.4886817,139.0023903,birth_navi,birth_navi_not_crosschecked,0,0.0,0,0,1,
GCP-13071,吉岡町第四保育園,吉岡町第四保育園,100,自治体連携等の産後ケア掲載レコード,13071,1,0,1,13071,北群馬郡吉岡町大字漆原813番地,0279544708,36.4460732,139.0266808,birth_navi,birth_navi_not_crosschecked,0,0.0,0,0,1,
GCP-13072,"社会福祉法人　梅花福祉会
日帰り型産後ケアハウスgift",梅花福祉会日帰り型産後ケアハウスgift,100,自治体連携等の産後ケア掲載レコード,13072,1,0,1,13072,本庄市児玉町蛭川1063-3,0495717620,36.2115699,139.1543202,birth_navi,birth_navi_not_crosschecked,0,0.0,0,0,1,
GCP-13073,アルモア助産院,アルモア助産院,100,自治体連携等の産後ケア掲載レコード,13073,1,0,1,13073,みどり市大間々町桐原364－1,0277730330,36.4362192,139.2694208,birth_navi,birth_navi_not_crosschecked,0,0.0,0,0,0,
GCP-13074,群馬県助産師会,群馬県助産師会,100,自治体連携等の産後ケア掲載レコード,13074,1,0,1,13074,,,,,,missing_hidden_address_not_inferred,0,,0,0,1,
GCP-13075,西吾妻福祉病院,西吾妻福祉病院,100,自治体連携等の産後ケア掲載レコード,13075,1,0,1,13075,長野原町大字大津746番地4,0279837111,36.5561549,138.6058479,birth_navi,birth_navi_not_crosschecked,0,0.0,0,0,1,
GCP-13076,あべ母乳・子育て相談室,あべ母乳子育て相談室,100,自治体連携等の産後ケア掲載レコード,13076,2,0,2,13076;13825,上田市住吉760-8,08050505593,36.4147433,138.2870436,birth_navi,birth_navi_not_crosschecked,0,0.0,0,0,1,
GCP-13077,群馬県助産師会,群馬県助産師会,100,自治体連携等の産後ケア掲載レコード,13077,1,0,1,13077,群馬県太田市丸山町２５０−７,0276375660,36.3407244,139.3777961,birth_navi,birth_navi_not_crosschecked,0,0.0,0,0,1,
GCP-13080,なないろこどもクリニック,なないろこどもクリニック,100,自治体連携等の産後ケア掲載レコード,13080,1,0,1,13080,群馬県太田市龍舞町1799-2,,36.2809295,139.4098589,birth_navi,birth_navi_not_crosschecked,0,0.0,0,0,1,
GCP-13082,陽だまり助産院,陽だまり助産院,100,自治体連携等の産後ケア掲載レコード,13082,1,0,1,13082,さいたま市見沼区東大宮1-7-7,0487977806,35.9433692,139.6387706,birth_navi,birth_navi_not_crosschecked,0,0.0,0,0,1,
GCP-13083,助産院Lanka,助産院lanka,100,自治体連携等の産後ケア掲載レコード,13083,1,0,1,13083,さいたま市浦和区常盤2-19-18,07043947711,35.8649718,139.6519048,birth_navi,birth_navi_not_crosschecked,0,0.0,0,0,1,
GCP-13084,成田レディスクリニック,成田レディスクリニック,100,自治体連携等の産後ケア掲載レコード,13084,1,0,1,13084,,,,,,missing_hidden_address_not_inferred,0,,0,0,1,
GCP-13085,ぬくもり助産院,ぬくもり助産院,100,自治体連携等の産後ケア掲載レコード,13085,1,0,1,13085,川口市東川口2-4-7　コンフォルタ102,07038152525,35.877395,139.7464805,birth_navi,birth_navi_not_crosschecked,0,0.0,0,0,1,
GCP-13086,桶谷式はるにれ母乳育児相談室,桶谷式はるにれ母乳育児相談室,100,自治体連携等の産後ケア掲載レコード,13086,1,0,1,13086,川越市上戸新町３６−１,0492905645,35.9245613,139.4503254,birth_navi,birth_navi_not_crosschecked,0,0.0,0,0,1,
GCP-13088,マタニティケアホームつむぎ,マタニティケアホームつむぎ,100,自治体連携等の産後ケア掲載レコード,13088,1,0,1,13088,川口市南前川２丁目５−５,0482611135,35.8316888,139.7072057,birth_navi,birth_navi_not_crosschecked,0,0.0,0,0,1,
GCP-13089,助産院MIKATAKAN,助産院mikatakan,100,自治体連携等の産後ケア掲載レコード,13089,1,0,1,13089,志木市幸町１丁目１４−１９,08097730123,35.8194122,139.564514,birth_navi,birth_navi_not_crosschecked,0,0.0,0,0,1,
GCP-13090,ゆい助産院,ゆい助産院,100,自治体連携等の産後ケア掲載レコード,13090,1,0,1,13090,上尾市小敷谷７６５−２２,08071730320,35.9595211,139.560612,birth_navi,birth_navi_not_crosschecked,0,0.0,0,0,1,
GCP-13091,母と子ちゅうおう助産院,母と子ちゅうおう助産院,100,自治体連携等の産後ケア掲載レコード,13091,1,0,1,13091,さいたま市中央区新中里４丁目１５−８,09083421138,35.878633,139.6327071,birth_navi,birth_navi_not_crosschecked,0,0.0,0,0,1,
GCP-13092,パタニティマタニティハウス,パタニティマタニティハウス,100,自治体連携等の産後ケア掲載レコード,13092,1,0,1,13092,川越市古谷上1156-1,0492698811,35.917965,139.5188251,birth_navi,birth_navi_not_crosschecked,0,0.0,0,0,1,
GCP-13093,イムス富士見総合病院,イムス富士見総合病院,100,自治体連携等の産後ケア掲載レコード,13093,1,0,1,13093,富士見市大字鶴馬1967-1,0492938818,35.8554675,139.5535396,birth_navi,birth_navi_not_crosschecked,0,0.0,0,0,1,
GCP-13094,合同会社Wisdom,合同会社wisdom,100,自治体連携等の産後ケア掲載レコード,13094,1,0,1,13094,,,,,,missing_hidden_address_not_inferred,0,,0,0,1,
GCP-13095,フローラ助産院,フローラ助産院,100,自治体連携等の産後ケア掲載レコード,13095,2,0,2,13095;13167,川越市小中居３８６番地２,09065178294,35.9078878,139.5241893,birth_navi,birth_navi_not_crosschecked,0,0.0,0,0,1,
GCP-13096,助産院あおき/ばぁばのお家,助産院あおきばぁばのお家,100,自治体連携等の産後ケア掲載レコード,13096,1,0,1,13096,川越市新宿町１丁目２５−５２,,35.9024232,139.478092,birth_navi,birth_navi_not_crosschecked,0,0.0,0,0,1,
GCP-13097,助産院ママハウス,助産院ママハウス,100,自治体連携等の産後ケア掲載レコード,13097,1,0,1,13097,,,,,,missing_hidden_address_not_inferred,0,,0,0,1,
GCP-13098,中島助産院,中島助産院,100,自治体連携等の産後ケア掲載レコード,13098,1,0,1,13098,熊谷市大麻生422-1,,36.1476751,139.3277865,birth_navi,birth_navi_not_crosschecked,0,0.0,0,0,1,
GCP-13099,助産院未来,助産院未来,100,自治体連携等の産後ケア掲載レコード,13099,1,0,1,13099,戸田市下前2-2-12,0484447143,35.8064205,139.6868943,birth_navi,birth_navi_not_crosschecked,0,0.0,0,0,1,
GCP-13100,にこ助産院( 産後ケアハウス）,にこ助産院産後ケアハウス,100,自治体連携等の産後ケア掲載レコード,13100,1,0,1,13100,川口市鳩ヶ谷本町３－３１－３２,09061234474,35.8341167,139.745654,birth_navi,birth_navi_not_crosschecked,0,0.0,0,0,1,
GCP-13101,行田中央総合病院,行田中央総合病院,100,自治体連携等の産後ケア掲載レコード,13101,1,0,1,13101,行田市富士見町2-17-17,,36.147971,139.4751946,birth_navi,birth_navi_not_crosschecked,0,0.0,0,0,0,
GCP-13102,さめじまボンディングクリニック,さめじまボンディングクリニック,100,自治体連携等の産後ケア掲載レコード,13102,1,0,1,13102,熊谷市太井1681,,36.1181613,139.4243229,birth_navi,birth_navi_not_crosschecked,0,0.0,0,0,1,
GCP-13104,個人,個人,100,自治体連携等の産後ケア掲載レコード,13104,1,0,1,13104,,,,,,missing_hidden_address_not_inferred,0,,0,0,1,
GCP-13105,おかのうえ助産院,おかのうえ助産院,100,自治体連携等の産後ケア掲載レコード,13105,1,0,1,13105,秩父市伊古田662-3,08033519105,36.0418951,139.0567726,birth_navi,birth_navi_not_crosschecked,0,0.0,0,0,1,
GCP-13106,菜生助産院,菜生助産院,100,自治体連携等の産後ケア掲載レコード,13106,1,0,1,13106,秩父市道生町14-11,08037523112,36.0009207,139.0819264,birth_navi,birth_navi_not_crosschecked,0,0.0,0,0,1,
GCP-13107,たかはし助産院,たかはし助産院,100,自治体連携等の産後ケア掲載レコード,13107,1,0,1,13107,長瀞町岩田865,08066303958,36.1325965,139.1291602,birth_navi,birth_navi_not_crosschecked,0,0.0,0,0,1,
GCP-13108,すずかけ助産院,すずかけ助産院,100,自治体連携等の産後ケア掲載レコード,13108,2,0,2,13108;13175,深谷市東方3768-4,07043502695,36.1792315,139.3159298,birth_navi,birth_navi_not_crosschecked,0,0.0,0,0,1,
GCP-13109,"東京家政大学
かせい森の産後ケアサロン",東京家政大学かせい森の産後ケアサロン,100,自治体連携等の産後ケア掲載レコード,13109,1,0,1,13109,狭山市稲荷山2-15-1,0429556108,35.8433123,139.3944344,birth_navi,birth_navi_not_crosschecked,0,0.0,0,0,1,
GCP-13110,埼玉県助産師会所沢地区,埼玉県助産師会所沢地区,100,自治体連携等の産後ケア掲載レコード,13110,3,0,3,13110;13136;13165,埼玉県,,,,,missing_unresolved,0,,0,0,1,
GCP-13111,たなか助産所（産前産後ケアみんこや）,たなか助産所産前産後ケアみんこや,100,自治体連携等の産後ケア掲載レコード,13111,1,0,1,13111,"埼玉県飯能市小久保264－1
（社会福祉法人創和「ゲストハウスむつみ」）",0429786326,35.8688109,139.337744,birth_navi,birth_navi_not_crosschecked,0,0.0,0,0,1,
GCP-13112,加須市,加須市,100,自治体連携等の産後ケア掲載レコード,13112,1,0,1,13112,加須市三俣二丁目1番地1,0480621510,36.1314045,139.6017459,birth_navi,birth_navi_not_crosschecked,0,0.0,0,0,1,
GCP-13113,医療法人社団　双鳳会　山王クリニック,双鳳会山王クリニック,100,自治体連携等の産後ケア掲載レコード,13113,1,0,1,13113,,,,,,missing_hidden_address_not_inferred,0,,0,0,1,
GCP-13114,のんりく助産院,のんりく助産院,100,自治体連携等の産後ケア掲載レコード,13114,1,0,1,13114,埼玉県深谷市稲荷町２－４－１１,08054076631,36.1954131,139.2907516,birth_navi,birth_navi_not_crosschecked,0,0.0,0,0,1,
GCP-13115,たんぽぽ助産所,たんぽぽ助産所,100,自治体連携等の産後ケア掲載レコード,13115,1,0,1,13115,,09049520081,,,,missing_hidden_address_not_inferred,0,,0,0,1,
GCP-13116,ばぁばんちのこやど,ばぁばんちのこやど,100,自治体連携等の産後ケア掲載レコード,13116,1,0,1,13116,比企郡ときがわ町別所４２－５,,36.006791,139.264345,birth_navi,birth_navi_not_crosschecked,0,0.0,0,0,1,
GCP-13118,医療法人悦省会分娩館医院,悦省会分娩館医院,100,自治体連携等の産後ケア掲載レコード,13118,1,0,1,13118,春日部市備後西5-4-28,0487393882,35.9551441,139.7634399,birth_navi,birth_navi_not_crosschecked,0,0.0,0,0,1,
GCP-13120,みき助産院,みき助産院,100,自治体連携等の産後ケア掲載レコード,13120,1,0,1,13120,,07084871266,,,,missing_hidden_address_not_inferred,0,,0,0,1,
GCP-13121,助産院あんず,助産院あんず,100,自治体連携等の産後ケア掲載レコード,13121,1,0,1,13121,,08087643466,,,,missing_hidden_address_not_inferred,0,,0,0,1,
GCP-13123,鴻巣市,鴻巣市,100,自治体連携等の産後ケア掲載レコード,13123,1,0,1,13123,鴻巣市中央2-1,0485431562,36.0659366,139.5235004,birth_navi,birth_navi_not_crosschecked,0,0.0,0,0,1,
GCP-13124,上尾中央総合病院,上尾中央総合病院,100,自治体連携等の産後ケア掲載レコード,13124,1,0,1,13124,上尾市柏座1丁目10-10,0487731117,35.9751012,139.5853024,birth_navi,birth_navi_not_crosschecked,0,0.0,0,0,1,
GCP-13125,さゆり助産院,さゆり助産院,100,自治体連携等の産後ケア掲載レコード,13125,1,0,1,13125,,07031151103,,,,missing_hidden_address_not_inferred,0,,0,0,1,
GCP-13126,ひまわり助産院,ひまわり助産院,100,自治体連携等の産後ケア掲載レコード,13126,1,0,1,13126,上尾市富士見,09099619089,,,,missing_unresolved,0,,0,0,1,
GCP-13128,うめむら助産院,うめむら助産院,100,自治体連携等の産後ケア掲載レコード,13128,1,0,1,13128,草加市住吉1-13-4,08041793808,35.8311082,139.806499,birth_navi,birth_navi_not_crosschecked,0,0.0,0,0,1,
GCP-13129,ごもん助産所,ごもん助産所,100,自治体連携等の産後ケア掲載レコード,13129,1,0,1,13129,八潮市上馬場4-1,08031558146,35.822026,139.841851,birth_navi,birth_navi_not_crosschecked,0,0.0,0,0,1,
GCP-13130,まちの助産婦,まちの助産婦,100,自治体連携等の産後ケア掲載レコード,13130,1,0,1,13130,越谷市レイクタウン8-11-1-401,0489487103,35.8764521,139.8221007,birth_navi,birth_navi_not_crosschecked,0,0.0,0,0,1,
GCP-13131,天羽助産院,天羽助産院,100,自治体連携等の産後ケア掲載レコード,13131,1,0,1,13131,越谷市袋山453-13,08042490057,35.9266298,139.7720578,birth_navi,birth_navi_not_crosschecked,0,0.0,0,0,1,
GCP-13132,みなみ助産院,みなみ助産院,100,自治体連携等の産後ケア掲載レコード,13132,1,0,1,13132,,09069396896,,,,missing_hidden_address_not_inferred,0,,0,0,1,
GCP-13133,とかど訪問助産院,とかど訪問助産院,100,自治体連携等の産後ケア掲載レコード,13133,1,0,1,13133,越谷市蒲生2-14-48-5,09080395419,35.8603459,139.7992953,birth_navi,birth_navi_not_crosschecked,0,0.0,0,0,1,
GCP-13134,ほっこり～の蕨中央,ほっこりの蕨中央,100,自治体連携等の産後ケア掲載レコード,13134,1,0,1,13134,蕨市中央2-2-15,0482296211,35.8248617,139.6895927,birth_navi,birth_navi_not_crosschecked,0,0.0,0,0,1,
GCP-13135,パパティア８９助産所,パパティア89助産所,100,自治体連携等の産後ケア掲載レコード,13135,1,0,1,13135,戸田市上戸田2-42-14 ペルシオンTAK,08037581424,35.8130313,139.6779339,birth_navi,birth_navi_not_crosschecked,0,0.0,0,0,1,
GCP-13137,朝霞地区助産師会,朝霞地区助産師会,100,自治体連携等の産後ケア掲載レコード,13137,1,0,1,13137,,,,,,missing_hidden_address_not_inferred,0,,0,0,1,
GCP-13138,はうおり助産院,はうおり助産院,100,自治体連携等の産後ケア掲載レコード,13138,1,0,1,13138,板橋区成増１－２７－１３－２０１,0367801666,35.7761213,139.6308147,birth_navi,birth_navi_not_crosschecked,0,0.0,0,0,1,
GCP-13139,わこう産前・産後ケアセンター,わこう産前産後ケアセンター,100,自治体連携等の産後ケア掲載レコード,13139,1,0,1,13139,和光市下新倉2-1-25,0484247275,35.7879153,139.6169181,birth_navi,birth_navi_not_crosschecked,0,0.0,0,0,1,
GCP-13140,練馬光が丘病院,練馬光が丘病院,100,自治体連携等の産後ケア掲載レコード,13140,1,0,1,13140,練馬区光が丘2-5-1,,35.7613994,139.6344081,birth_navi,birth_navi_not_crosschecked,0,0.0,0,0,1,
GCP-13142,助産所,助産所,100,自治体連携等の産後ケア掲載レコード,13142,1,0,1,13142,,,,,,missing_hidden_address_not_inferred,0,,0,0,1,
GCP-13143,出張専業助産師,出張専業助産師,100,自治体連携等の産後ケア掲載レコード,13143,1,0,1,13143,,,,,,missing_hidden_address_not_inferred,0,,0,0,1,
GCP-13144,出張専業助産師,出張専業助産師,100,自治体連携等の産後ケア掲載レコード,13144,1,0,1,13144,,,,,,missing_hidden_address_not_inferred,0,,0,0,1,
GCP-13145,出張専業助産師,出張専業助産師,100,自治体連携等の産後ケア掲載レコード,13145,1,0,1,13145,,,,,,missing_hidden_address_not_inferred,0,,0,0,1,
GCP-13146,出張専業助産師,出張専業助産師,100,自治体連携等の産後ケア掲載レコード,13146,1,0,1,13146,,,,,,missing_hidden_address_not_inferred,0,,0,0,1,
GCP-13147,出張専業助産師,出張専業助産師,100,自治体連携等の産後ケア掲載レコード,13147,1,0,1,13147,,,,,,missing_hidden_address_not_inferred,0,,0,0,1,
GCP-13148,灯香助産院,灯香助産院,100,自治体連携等の産後ケア掲載レコード,13148,1,0,1,13148,,,,,,missing_hidden_address_not_inferred,0,,0,0,1,
GCP-13149,とも助産院,とも助産院,100,自治体連携等の産後ケア掲載レコード,13149,1,0,1,13149,桶川市坂田西2丁目8番地17,08012469800,36.0122348,139.5698173,birth_navi,birth_navi_not_crosschecked,0,0.0,0,0,1,
GCP-13150,大林助産所,大林助産所,100,自治体連携等の産後ケア掲載レコード,13150,2,0,2,13150;13169,白岡市新白岡2-1-815号,09069507638,36.0384392,139.6752335,birth_navi,birth_navi_not_crosschecked,0,0.0,0,0,1,
GCP-13151,髙松　京子,髙松京子,100,自治体連携等の産後ケア掲載レコード,13151,1,0,1,13151,鴻巣市人形2-2-33,09045205048,36.0547205,139.5210976,birth_navi,birth_navi_not_crosschecked,0,0.0,0,0,1,
GCP-13152,めぐりの森助産院,めぐりの森助産院,100,自治体連携等の産後ケア掲載レコード,13152,1,0,1,13152,久喜市伊坂南1-14-10　ルミエール102,09049664081,36.1319618,139.690545,birth_navi,birth_navi_not_crosschecked,0,0.0,0,0,1,
GCP-13153,竹内助産院,竹内助産院,100,自治体連携等の産後ケア掲載レコード,13153,1,0,1,13153,幸手市南2-4-18,0480424787,36.0690774,139.7110082,birth_navi,birth_navi_not_crosschecked,0,0.0,0,0,0,
GCP-13154,かめまま田島助産所,かめまま田島助産所,100,自治体連携等の産後ケア掲載レコード,13154,1,0,1,13154,,,,,,missing_hidden_address_not_inferred,0,,0,0,1,
GCP-13155,北本市,北本市,100,自治体連携等の産後ケア掲載レコード,13155,1,0,1,13155,北本市本町１－１１１,0485945544,36.0270235,139.5297905,birth_navi,birth_navi_not_crosschecked,0,0.0,0,0,1,
GCP-13157,長門クリニック,長門クリニック,100,自治体連携等の産後ケア掲載レコード,13157,1,0,1,13157,足立区中川２ー５－８,0336053131,35.7680311,139.8539354,birth_navi,birth_navi_not_crosschecked,0,0.0,0,0,1,
GCP-13158,さら助産院,さら助産院,100,自治体連携等の産後ケア掲載レコード,13158,1,0,1,13158,八潮市大瀬１－10ー１２大山ビル１０２,0489496500,35.8101766,139.8443692,birth_navi,birth_navi_not_crosschecked,0,0.0,0,0,1,
GCP-13159,富士見市子ども未来応援センター,富士見市子ども未来応援センター,100,自治体連携等の産後ケア掲載レコード,13159,1,0,1,13159,埼玉県富士見市大字鶴馬3351番地の2,0492523774,35.8510654,139.554925,birth_navi,birth_navi_not_crosschecked,0,0.0,0,0,1,
GCP-13160,かまきた助産院母乳育児相談室,かまきた助産院母乳育児相談室,100,自治体連携等の産後ケア掲載レコード,13160,1,0,1,13160,坂戸市にっさい花みず木3-7-11,0492824732,35.9703346,139.3721192,birth_navi,birth_navi_not_crosschecked,0,0.0,0,0,1,
GCP-13161,あべ母乳育児相談室・あべ助産院,あべ母乳育児相談室あべ助産院,100,自治体連携等の産後ケア掲載レコード,13161,1,0,1,13161,鶴ヶ島市南町1-1-20,07050112613,35.9238354,139.410633,birth_navi,birth_navi_not_crosschecked,0,0.0,0,0,1,
GCP-13162,Lea Ohana,leaohana,100,自治体連携等の産後ケア掲載レコード,13162,1,0,1,13162,東松山市新宿町13-2　ﾎﾟﾗﾘｽﾀｳﾝﾔｼﾞﾏ11号棟,09074072257,36.0333091,139.4217603,birth_navi,birth_navi_not_crosschecked,0,0.0,0,0,1,
GCP-13163,訪問　大きな樹助産院,訪問大きな樹助産院,100,自治体連携等の産後ケア掲載レコード,13163,1,0,1,13163,,07084683208,,,,missing_hidden_address_not_inferred,0,,0,0,1,
GCP-13164,ゆき助産院　桶谷式母乳育児相談室,ゆき助産院桶谷式母乳育児相談室,100,自治体連携等の産後ケア掲載レコード,13164,1,0,1,13164,,09034996502,,,,missing_hidden_address_not_inferred,0,,0,0,1,
GCP-13166,はすみクリニック,はすみクリニック,100,自治体連携等の産後ケア掲載レコード,13166,1,0,1,13166,吉川市木売新田４０－１,0489845112,35.8772382,139.8569971,birth_navi,birth_navi_not_crosschecked,0,0.0,0,0,1,
GCP-13168,コメッコハウス,コメッコハウス,100,自治体連携等の産後ケア掲載レコード,13168,1,0,1,13168,白岡市西4-9-26,09032289791,36.0197364,139.6545157,birth_navi,birth_navi_not_crosschecked,0,0.0,0,0,0,
GCP-13170,ばあばんちのこやど,ばあばんちのこやど,100,自治体連携等の産後ケア掲載レコード,13170,1,0,1,13170,比企郡ときがわ町別所４２－５,,36.006791,139.264345,birth_navi,birth_navi_not_crosschecked,0,0.0,0,0,1,
GCP-13171,産後ケアばあばんちのこやど,産後ケアばあばんちのこやど,100,自治体連携等の産後ケア掲載レコード,13171,1,0,1,13171,ときがわ町別所42番地5,,36.006791,139.264345,birth_navi,birth_navi_not_crosschecked,0,0.0,0,0,1,
GCP-13172,助産師　藤川あさみ,助産師藤川あさみ,100,自治体連携等の産後ケア掲載レコード,13172,1,0,1,13172,埼玉県比企郡小川町大字小川町高谷807-5,09067935425,36.0566604,139.276539,birth_navi,birth_navi_not_crosschecked,0,0.0,0,0,1,
GCP-13173,在宅保健師,在宅保健師,100,自治体連携等の産後ケア掲載レコード,13173,1,0,1,13173,,,,,,missing_hidden_address_not_inferred,0,,0,0,1,
GCP-13174,飯島助産院,飯島助産院,100,自治体連携等の産後ケア掲載レコード,13174,1,0,1,13174,北本市中央二丁目73-1　T'sマンション301号室,09030494646,36.0304903,139.5323947,birth_navi,birth_navi_not_crosschecked,0,0.0,0,0,1,
GCP-13177,康保会玉淀園,康保会玉淀園,100,自治体連携等の産後ケア掲載レコード,13177,1,0,1,13177,大里郡寄居町折原1785-1,0485810203,36.106409,139.1833524,birth_navi,birth_navi_not_crosschecked,0,0.0,0,0,1,
GCP-13178,助産院　りらまる,助産院りらまる,100,自治体連携等の産後ケア掲載レコード,13178,1,0,1,13178,,,,,,missing_hidden_address_not_inferred,0,,0,0,1,
GCP-13181,ファミール産院ふなばし,ファミール産院ふなばし,100,自治体連携等の産後ケア掲載レコード,13181,1,0,1,13181,船橋市宮本２,0474095630,35.6948675,139.9911806,birth_navi,birth_navi_not_crosschecked,0,0.0,0,0,1,
GCP-13182,北原産婦人科,北原産婦人科,100,自治体連携等の産後ケア掲載レコード,13182,1,0,1,13182,船橋市習志野台２,0474655501,35.7251691,140.0457207,birth_navi,birth_navi_not_crosschecked,0,0.0,0,0,1,
GCP-13183,船橋青い空こどもクリニック,船橋青い空こどもクリニック,100,自治体連携等の産後ケア掲載レコード,13183,1,0,1,13183,船橋市米ヶ崎町,0474070201,,,,missing_unresolved,0,,0,0,1,
GCP-13184,本田助産院,本田助産院,100,自治体連携等の産後ケア掲載レコード,13184,1,0,1,13184,船橋市西習志野４,,35.717568,140.0425111,birth_navi,birth_navi_not_crosschecked,0,0.0,0,0,1,
GCP-13185,みみずく助産院,みみずく助産院,100,自治体連携等の産後ケア掲載レコード,13185,1,0,1,13185,船橋市薬円台６,,35.7125875,140.0386598,birth_navi,birth_navi_not_crosschecked,0,0.0,0,0,1,
GCP-13186,レ・アーリ助産院,レアーリ助産院,100,自治体連携等の産後ケア掲載レコード,13186,1,0,1,13186,鎌ヶ谷市,,,,,missing_unresolved,0,,0,0,1,
GCP-13187,千葉県助産師会,千葉県助産師会,100,自治体連携等の産後ケア掲載レコード,13187,5,0,5,13187;13191;13192;13205;13209,自宅にお伺いします,,,,,missing_unresolved,0,,0,0,1,
GCP-13188,"医療法人鉄蕉会
亀田ファミリークリニック館山",鉄蕉会亀田ファミリークリニック館山,100,自治体連携等の産後ケア掲載レコード,13188,1,0,1,13188,千葉県館山市正木4304-9,0470205520,35.0114905,139.8603143,birth_navi,birth_navi_not_crosschecked,0,0.0,0,0,1,
GCP-13189,ほのみ助産院,ほのみ助産院,100,自治体連携等の産後ケア掲載レコード,13189,1,0,1,13189,千葉県館山市北条231-4,05056057670,34.999856,139.8748325,birth_navi,birth_navi_not_crosschecked,0,0.0,0,0,1,
GCP-13190,なつむら助産院,なつむら助産院,100,自治体連携等の産後ケア掲載レコード,13190,1,0,1,13190,千葉県館山市北条,0470234564,,,,missing_unresolved,0,,0,0,1,
GCP-13193,hahatoco母乳育児相談室いのうえ助産院,hahatoco母乳育児相談室いのうえ助産院,100,自治体連携等の産後ケア掲載レコード,13193,1,0,1,13193,,09078429492,,,,missing_hidden_address_not_inferred,0,,0,0,1,
GCP-13194,ひがし母乳育児相談室,ひがし母乳育児相談室,100,自治体連携等の産後ケア掲載レコード,13194,1,0,1,13194,,09082689091,,,,missing_hidden_address_not_inferred,0,,0,0,1,
GCP-13195,ハッピーマンマ羽鳥助産院,ハッピーマンマ羽鳥助産院,100,自治体連携等の産後ケア掲載レコード,13195,2,0,2,13195;13235,,09055448414,,,,missing_hidden_address_not_inferred,0,,0,0,1,
GCP-13196,桶谷式季美の森母乳育児相談室　季美の森助産院,桶谷式季美の森母乳育児相談室季美の森助産院,100,自治体連携等の産後ケア掲載レコード,13196,1,0,1,13196,大網白里市季美の森南2-43-15,09078022093,35.5567368,140.2987655,birth_navi,birth_navi_not_crosschecked,0,0.0,0,0,1,
GCP-13197,よしおか助産院,よしおか助産院,100,自治体連携等の産後ケア掲載レコード,13197,1,0,1,13197,,,,,,missing_hidden_address_not_inferred,0,,0,0,1,
GCP-13198,千葉県助産師会印旛地区部会,千葉県助産師会印旛地区部会,100,自治体連携等の産後ケア掲載レコード,13198,1,0,1,13198,,,,,,missing_hidden_address_not_inferred,0,,0,0,1,
GCP-13199,千葉県助産師会印旛地区部会,千葉県助産師会印旛地区部会,100,自治体連携等の産後ケア掲載レコード,13199,1,0,1,13199,,,,,,missing_hidden_address_not_inferred,0,,0,0,1,
GCP-13200,みんなのじっかちば助産院,みんなのじっかちば助産院,100,自治体連携等の産後ケア掲載レコード,13200,1,0,1,13200,千葉市中央区弁天1－29－14,08069482525,35.6175693,140.1131529,birth_navi,birth_navi_not_crosschecked,0,0.0,0,0,1,
GCP-13201,しらくら助産院,しらくら助産院,100,自治体連携等の産後ケア掲載レコード,13201,1,0,1,13201,千葉県山武郡横芝光町鳥喰下1453-6,09024463720,35.6396733,140.4896333,birth_navi,birth_navi_not_crosschecked,0,0.0,0,0,1,
GCP-13202,はっぴーｍom,はっぴーmom,100,自治体連携等の産後ケア掲載レコード,13202,1,0,1,13202,,08020110316,,,,missing_hidden_address_not_inferred,0,,0,0,1,
GCP-13203,リラクゼーションサロン　にじねこ,リラクゼーションサロンにじねこ,100,自治体連携等の産後ケア掲載レコード,13203,1,0,1,13203,旭市三川４８５４－２,08050040961,35.7075437,140.7052155,birth_navi,birth_navi_not_crosschecked,0,0.0,0,0,1,
GCP-13204,おおたかの森助産院,おおたかの森助産院,100,自治体連携等の産後ケア掲載レコード,13204,1,0,1,13204,,,,,,missing_hidden_address_not_inferred,0,,0,0,1,
GCP-13206,産後ケアハウスまるる（もりかわ医院まるる）,産後ケアハウスまるるもりかわ医院まるる,100,自治体連携等の産後ケア掲載レコード,13206,1,0,1,13206,いすみ市長者386番地（いすみ市長者177）,0470625735,35.2954154,140.390525,birth_navi,birth_navi_not_crosschecked,0,0.0,0,0,1,
GCP-13207,瑞生助産院,瑞生助産院,100,自治体連携等の産後ケア掲載レコード,13207,1,0,1,13207,市原市北国分寺台2-3-15,0436433241,35.5078294,140.1176042,birth_navi,birth_navi_not_crosschecked,0,0.0,0,0,1,
GCP-13208,産後ケアなのはなフィフティーン,産後ケアなのはなフィフティーン,100,自治体連携等の産後ケア掲載レコード,13208,1,0,1,13208,千葉市中央区亥鼻2-2-3,09070482158,35.6040998,140.129137,birth_navi,birth_navi_not_crosschecked,0,0.0,0,0,1,
GCP-13210,小櫻助産院,小櫻助産院,100,自治体連携等の産後ケア掲載レコード,13210,1,0,1,13210,"千代田区二番町一番地,112",0369100983,35.6864476,139.738116,birth_navi,birth_navi_not_crosschecked,0,0.0,0,0,1,
GCP-13211,丸山助産院,丸山助産院,100,自治体連携等の産後ケア掲載レコード,13211,1,0,1,13211,八千代市高津東2-8-18,0474840485,35.7166995,140.0905344,birth_navi,birth_navi_not_crosschecked,0,0.0,0,0,1,
GCP-13212,あびこクリニック,あびこクリニック,100,自治体連携等の産後ケア掲載レコード,13212,1,0,1,13212,我孫子4-3-25,0471840385,35.8751713,140.009823,birth_navi,birth_navi_not_crosschecked,0,0.0,0,0,1,
GCP-13213,えいの木助産院,えいの木助産院,100,自治体連携等の産後ケア掲載レコード,13213,1,0,1,13213,新木野4-14-5,0471391590,35.8692782,140.109547,birth_navi,birth_navi_not_crosschecked,0,0.0,0,0,1,
GCP-13214,ありのみ助産院,ありのみ助産院,100,自治体連携等の産後ケア掲載レコード,13214,1,0,1,13214,船橋市海神２－２－１６－２０５,0474018567,35.7026324,139.9804388,birth_navi,birth_navi_not_crosschecked,0,0.0,0,0,1,
GCP-13216,山口病院,山口病院,100,自治体連携等の産後ケア掲載レコード,13216,1,0,1,13216,船橋市西船橋５－２４－２,0473354072,35.7074443,139.9590775,birth_navi,birth_navi_not_crosschecked,0,0.0,0,0,1,
GCP-13217,レ・アーリ助産院,レアーリ助産院,100,自治体連携等の産後ケア掲載レコード,13217,1,0,1,13217,鎌ケ谷市軽井沢字遠山２０９８－１,07031322536,35.7921214,140.0174821,birth_navi,birth_navi_not_crosschecked,0,0.0,0,0,1,
GCP-13218,オリエンタルホテル東京ベイ,オリエンタルホテル東京ベイ,100,自治体連携等の産後ケア掲載レコード,13218,1,0,1,13218,浦安市美浜一丁目8番2号,0473508111,35.6508362,139.912422,birth_navi,birth_navi_not_crosschecked,0,0.0,0,0,1,
GCP-13219,ホテルエミオン東京ベイ,ホテルエミオン東京ベイ,100,自治体連携等の産後ケア掲載レコード,13219,1,0,1,13219,浦安市日の出一丁目1番1号,0473042727,35.6473426,139.9195019,birth_navi,birth_navi_not_crosschecked,0,0.0,0,0,1,
GCP-13220,Tomoru助産院,tomoru助産院,100,自治体連携等の産後ケア掲載レコード,13220,1,0,1,13220,浦安市当代島一丁目6番12号,0473696661,35.667114,139.8916657,birth_navi,birth_navi_not_crosschecked,0,0.0,0,0,1,
GCP-13221,株式会社パソナライフケア,株式会社パソナライフケア,100,自治体連携等の産後ケア掲載レコード,13221,1,0,1,13221,,0120335630,,,,missing_hidden_address_not_inferred,0,,0,0,1,
GCP-13222,（一社）社団法人　千葉県助産師会印旛地区部会,一社千葉県助産師会印旛地区部会,100,自治体連携等の産後ケア掲載レコード,13222,1,0,1,13222,,,,,,missing_hidden_address_not_inferred,0,,0,0,1,
GCP-13223,リリコイ助産院,リリコイ助産院,100,自治体連携等の産後ケア掲載レコード,13223,1,0,1,13223,,,,,,missing_hidden_address_not_inferred,0,,0,0,1,
GCP-13224,一般社団法人　千葉県助産師会印旛地区部会,千葉県助産師会印旛地区部会,100,自治体連携等の産後ケア掲載レコード,13224,1,0,1,13224,,,,,,missing_hidden_address_not_inferred,0,,0,0,1,
GCP-13225,レ・アーリ助産院,レアーリ助産院,100,自治体連携等の産後ケア掲載レコード,13225,1,0,1,13225,鎌ヶ谷市軽井沢２０９８－１,0474043655,35.7951568,140.0236705,birth_navi,birth_navi_not_crosschecked,0,0.0,0,0,1,
GCP-13227,ウェルネスサロン よしたか助産院,ウェルネスサロンよしたか助産院,100,自治体連携等の産後ケア掲載レコード,13227,1,0,1,13227,印西市吉高１８８６－１０２,09090538889,35.7893238,140.2255558,birth_navi,birth_navi_not_crosschecked,0,0.0,0,0,0,
GCP-13228,アロマとハーブの店　マミー,アロマとハーブの店マミー,100,自治体連携等の産後ケア掲載レコード,13228,1,0,1,13228,印西市中央北１－４６９アルカサール１階,0476476038,35.8014396,140.1173794,birth_navi,birth_navi_not_crosschecked,0,0.0,0,0,1,
GCP-13229,南房総市,南房総市,100,自治体連携等の産後ケア掲載レコード,13229,1,0,1,13229,南房総市岩糸2489番地,0470463112,35.0217628,139.9626347,birth_navi,birth_navi_not_crosschecked,0,0.0,0,0,1,
GCP-13230,みかづき助産所,みかづき助産所,100,自治体連携等の産後ケア掲載レコード,13230,1,0,1,13230,,,,,,missing_hidden_address_not_inferred,0,,0,0,1,
GCP-13231,そうクリニック,そうクリニック,100,自治体連携等の産後ケア掲載レコード,13231,1,0,1,13231,,,,,,missing_hidden_address_not_inferred,0,,0,0,1,
GCP-13232,千葉県助産師会印旛地区部会,千葉県助産師会印旛地区部会,100,自治体連携等の産後ケア掲載レコード,13232,1,0,1,13232,,,,,,missing_hidden_address_not_inferred,0,,0,0,1,
GCP-13233,助産院ゆい,助産院ゆい,100,自治体連携等の産後ケア掲載レコード,13233,1,0,1,13233,栄町安食1-4-10,09055093140,35.8337944,140.246005,birth_navi,birth_navi_not_crosschecked,0,0.0,0,0,1,
GCP-13234,にじいろ助産院,にじいろ助産院,100,自治体連携等の産後ケア掲載レコード,13234,1,0,1,13234,,,,,,missing_hidden_address_not_inferred,0,,0,0,1,
GCP-13236,浜田病院,浜田病院,100,自治体連携等の産後ケア掲載レコード,13236,1,0,1,13236,,,,,,missing_hidden_address_not_inferred,0,,0,0,1,
GCP-13237,聖路加助産院マタニティケアホーム,聖路加助産院マタニティケアホーム,100,自治体連携等の産後ケア掲載レコード,13237,1,0,1,13237,中央区明石町1-24,0355507177,35.6684911,139.7757216,birth_navi,birth_navi_not_crosschecked,0,0.0,0,0,1,
GCP-13238,日本大学病院,日本大学病院,100,自治体連携等の産後ケア掲載レコード,13238,1,0,1,13238,千代田区神田駿河台1-6,0332931711,35.6973366,139.7627321,birth_navi,birth_navi_not_crosschecked,0,0.0,0,0,1,
GCP-13239,東峯サライ,東峯サライ,100,自治体連携等の産後ケア掲載レコード,13239,1,0,1,13239,江東区木場6-11-3,0336460303,35.6686081,139.8066336,birth_navi,birth_navi_not_crosschecked,0,0.0,0,0,1,
GCP-13240,とりこえ助産院,とりこえ助産院,100,自治体連携等の産後ケア掲載レコード,13240,1,0,1,13240,,,,,,missing_hidden_address_not_inferred,0,,0,0,0,
GCP-13241,かのん訪問看護ステーションちよだ,かのん訪問看護ステーションちよだ,100,自治体連携等の産後ケア掲載レコード,13241,1,0,1,13241,,,,,,missing_hidden_address_not_inferred,0,,0,0,1,
GCP-13242,愛育産後ケア子育てステーション,愛育産後ケア子育てステーション,100,自治体連携等の産後ケア掲載レコード,13242,1,0,1,13242,港区南麻布5-6-8,0358602381,35.65346,139.7271181,birth_navi,birth_navi_not_crosschecked,0,0.0,0,0,1,
GCP-13243,個人委任助産師（12名）,個人委任助産師12名,100,自治体連携等の産後ケア掲載レコード,13243,1,0,1,13243,,,,,,missing_hidden_address_not_inferred,0,,0,0,1,
GCP-13244,聖路加助産院マタニティケアホーム,聖路加助産院マタニティケアホーム,100,自治体連携等の産後ケア掲載レコード,13244,1,0,1,13244,中央区明石町1丁目24番,0362647070,35.6674774,139.7786272,birth_navi,birth_navi_not_crosschecked,0,0.0,0,0,1,
GCP-13245,個人の助産師,個人の助産師,100,自治体連携等の産後ケア掲載レコード,13245,1,0,1,13245,,,,,,missing_hidden_address_not_inferred,0,,0,0,1,
GCP-13246,個人の助産師,個人の助産師,100,自治体連携等の産後ケア掲載レコード,13246,1,0,1,13246,,,,,,missing_hidden_address_not_inferred,0,,0,0,1,
GCP-13247,クローバーこどもクリニック,クローバーこどもクリニック,100,自治体連携等の産後ケア掲載レコード,13247,1,0,1,13247,台東区蔵前４丁目２０−４ 蔵前４ビル １階,0358259608,35.7042389,139.7897745,birth_navi,birth_navi_not_crosschecked,0,0.0,0,0,1,
GCP-13248,おひさま助産院,おひさま助産院,100,自治体連携等の産後ケア掲載レコード,13248,1,0,1,13248,台東区松が谷１丁目５−１６,09043648040,35.7116516,139.7858514,birth_navi,birth_navi_not_crosschecked,0,0.0,0,0,1,
GCP-13249,にしやま助産院,にしやま助産院,100,自治体連携等の産後ケア掲載レコード,13249,1,0,1,13249,,08021032555,,,,missing_hidden_address_not_inferred,0,,0,0,1,
GCP-13250,出張助産所エクラ,出張助産所エクラ,100,自治体連携等の産後ケア掲載レコード,13250,1,0,1,13250,,,,,,missing_hidden_address_not_inferred,0,,0,0,1,
GCP-13251,昭和医科大学江東豊洲病院（ショートステイ・デイサービス）,昭和医科大学江東豊洲病院ショートステイデイサービス,100,自治体連携等の産後ケア掲載レコード,13251,1,0,1,13251,江東区豊洲5-1-38,0362046489,35.6503186,139.796273,birth_navi,birth_navi_not_crosschecked,0,0.0,0,0,1,
GCP-13252,東峯サライ（ショートステイ・デイサービス）,東峯サライショートステイデイサービス,100,自治体連携等の産後ケア掲載レコード,13252,1,0,1,13252,江東区木場6-11-3,0336151111,35.6686081,139.8066336,birth_navi,birth_navi_not_crosschecked,0,0.0,0,0,1,
GCP-13253,すこやか助産院（ショートステイ・デイサービス）,すこやか助産院ショートステイデイサービス,100,自治体連携等の産後ケア掲載レコード,13253,1,0,1,13253,江東区亀戸7-1-1,0336361158,35.6942039,139.833237,birth_navi,birth_navi_not_crosschecked,0,0.0,0,0,1,
GCP-13254,墨東病院,墨東病院,100,自治体連携等の産後ケア掲載レコード,13254,1,0,1,13254,墨田区江東橋4-23-15,0344616285,35.6942111,139.8183906,birth_navi,birth_navi_not_crosschecked,0,0.0,0,0,1,
GCP-13255,賛育会病院（ショートステイ・デイサービス）,賛育会病院ショートステイデイサービス,100,自治体連携等の産後ケア掲載レコード,13255,1,0,1,13255,墨田区太平3-20-2,0336229103,35.7026418,139.8134145,birth_navi,birth_navi_not_crosschecked,0,0.0,0,0,1,
GCP-13256,助産院 Shinwa（デイサービス）,助産院shinwaデイサービス,100,自治体連携等の産後ケア掲載レコード,13256,1,0,1,13256,墨田区八広2-14-9,07033391103,35.7165662,139.8249338,birth_navi,birth_navi_not_crosschecked,0,0.0,0,0,1,
GCP-13257,なごみ助産院母乳育児相談室（乳房ケア）,なごみ助産院母乳育児相談室乳房ケア,100,自治体連携等の産後ケア掲載レコード,13257,1,0,1,13257,江東区亀戸1-18-7-203　プレールドゥーク亀戸Ⅱ,0356095340,35.6947106,139.8234884,birth_navi,birth_navi_not_crosschecked,0,0.0,0,0,1,
GCP-13258,青柳,青柳,100,自治体連携等の産後ケア掲載レコード,13258,1,0,1,13258,,09084240687,,,,missing_hidden_address_not_inferred,0,,0,0,1,
GCP-13259,川田,川田,100,自治体連携等の産後ケア掲載レコード,13259,1,0,1,13259,,09041307647,,,,missing_hidden_address_not_inferred,0,,0,0,1,
GCP-13260,川上,川上,100,自治体連携等の産後ケア掲載レコード,13260,1,0,1,13260,,08054576700,,,,missing_hidden_address_not_inferred,0,,0,0,1,
GCP-13261,木切倉,木切倉,100,自治体連携等の産後ケア掲載レコード,13261,1,0,1,13261,,08020142611,,,,missing_hidden_address_not_inferred,0,,0,0,1,
GCP-13262,石川,石川,100,自治体連携等の産後ケア掲載レコード,13262,1,0,1,13262,,07055941241,,,,missing_hidden_address_not_inferred,0,,0,0,1,
GCP-13263,田中,田中,100,自治体連携等の産後ケア掲載レコード,13263,1,0,1,13263,,07064504945,,,,missing_hidden_address_not_inferred,0,,0,0,1,
GCP-13264,桑原,桑原,100,自治体連携等の産後ケア掲載レコード,13264,1,0,1,13264,,09012528107,,,,missing_hidden_address_not_inferred,0,,0,0,1,
GCP-13265,小澤,小澤,100,自治体連携等の産後ケア掲載レコード,13265,1,0,1,13265,,08033973666,,,,missing_hidden_address_not_inferred,0,,0,0,1,
GCP-13266,早川,早川,100,自治体連携等の産後ケア掲載レコード,13266,1,0,1,13266,,08088151581,,,,missing_hidden_address_not_inferred,0,,0,0,1,
GCP-13267,小島,小島,100,自治体連携等の産後ケア掲載レコード,13267,1,0,1,13267,,09072437109,,,,missing_hidden_address_not_inferred,0,,0,0,1,
GCP-13268,西川,西川,100,自治体連携等の産後ケア掲載レコード,13268,1,0,1,13268,,07089753020,,,,missing_hidden_address_not_inferred,0,,0,0,1,
GCP-13269,松本,松本,100,自治体連携等の産後ケア掲載レコード,13269,1,0,1,13269,,09019357342,,,,missing_hidden_address_not_inferred,0,,0,0,1,
GCP-13270,吉澤,吉澤,100,自治体連携等の産後ケア掲載レコード,13270,1,0,1,13270,,09017601113,,,,missing_hidden_address_not_inferred,0,,0,0,1,
GCP-13272,育良クリニック,育良クリニック,100,自治体連携等の産後ケア掲載レコード,13272,1,0,1,13272,目黒区上目黒1-26-1 中目黒アトラスタワー４-5 階,0337134173,35.6437451,139.7005906,birth_navi,birth_navi_not_crosschecked,0,0.0,0,0,1,
GCP-13273,東京医療保健大学,東京医療保健大学,100,自治体連携等の産後ケア掲載レコード,13273,1,0,1,13273,品川区東五反田4-1-17,0354212081,35.6316311,139.7263562,birth_navi,birth_navi_not_crosschecked,0,0.0,0,0,1,
GCP-13274,品川港助産師会,品川港助産師会,100,自治体連携等の産後ケア掲載レコード,13274,1,0,1,13274,,0364504302,,,,missing_hidden_address_not_inferred,0,,0,0,1,
GCP-13275,"公益社団法人　
東京都助産師会　世田谷目黒地区分会",東京都助産師会世田谷目黒地区分会,100,自治体連携等の産後ケア掲載レコード,13275,1,0,1,13275,,,,,,missing_hidden_address_not_inferred,0,,0,0,1,
GCP-13277,助産院　とわのいえ,助産院とわのいえ,100,自治体連携等の産後ケア掲載レコード,13277,1,0,1,13277,​東京都大田区南久が原2-22－4,,35.5770746,139.686492,birth_navi,birth_navi_not_crosschecked,0,0.0,0,0,1,
GCP-13278,マミサポ,マミサポ,100,自治体連携等の産後ケア掲載レコード,13278,1,0,1,13278,大田区中央3-23-4 1階,,35.5743542,139.719261,birth_navi,birth_navi_not_crosschecked,0,0.0,0,0,1,
GCP-13279,東京都立荏原病院,東京都立荏原病院,100,自治体連携等の産後ケア掲載レコード,13279,1,0,1,13279,大田区東雪谷4-5-10,0357345489,35.5937351,139.6929758,birth_navi,birth_navi_not_crosschecked,0,0.0,0,0,1,
GCP-13280,大田区助産師会,大田区助産師会,100,自治体連携等の産後ケア掲載レコード,13280,1,0,1,13280,,,,,,missing_hidden_address_not_inferred,0,,0,0,1,
GCP-13281,個人助産師（11名）,個人助産師11名,100,自治体連携等の産後ケア掲載レコード,13281,1,0,1,13281,,,,,,missing_hidden_address_not_inferred,0,,0,0,1,
GCP-13282,大森助産院,大森助産院,100,自治体連携等の産後ケア掲載レコード,13282,1,0,1,13282,大田区中央7-12-16,0337522859,35.5756551,139.7164007,birth_navi,birth_navi_not_crosschecked,0,0.0,0,0,1,
GCP-13283,産後ケアセンター,産後ケアセンター,100,自治体連携等の産後ケア掲載レコード,13283,1,0,1,13283,世田谷区桜新町2－29－6,0354262900,35.6322928,139.6389162,birth_navi,birth_navi_not_crosschecked,0,0.0,0,0,1,
GCP-13284,ママズルーム,ママズルーム,100,自治体連携等の産後ケア掲載レコード,13284,1,0,1,13284,世田谷区下馬3－10－7,0364138435,35.6347316,139.6741961,birth_navi,birth_navi_not_crosschecked,0,0.0,0,0,1,
GCP-13285,東京都助産師会渋谷地区分会,東京都助産師会渋谷地区分会,100,自治体連携等の産後ケア掲載レコード,13285,1,0,1,13285,,,,,,missing_hidden_address_not_inferred,0,,0,0,1,
GCP-13286,桜台マタニティクリニック,桜台マタニティクリニック,100,自治体連携等の産後ケア掲載レコード,13286,1,0,1,13286,練馬区桜台４－３２－８,0369158061,35.7415607,139.6613888,birth_navi,birth_navi_not_crosschecked,0,0.0,0,0,1,
GCP-13287,中野坂上助産医,中野坂上助産医,100,自治体連携等の産後ケア掲載レコード,13287,1,0,1,13287,"中野区中央２－２－９
坂上マンション４０１",0359870183,35.6975104,139.6820681,birth_navi,birth_navi_not_crosschecked,0,0.0,0,0,1,
GCP-13288,"助産師訪問ＰＡＭ
オオクボ　クミコ",助産師訪問pamオオクボクミコ,100,自治体連携等の産後ケア掲載レコード,13288,1,0,1,13288,中野区野方５－１８－３,09096489521,35.7191034,139.6513393,birth_navi,birth_navi_not_crosschecked,0,0.0,0,0,1,
GCP-13289,"産前産後ケアハウス Umbilicus 
（アンビリカス）",産前産後ケアハウスumbilicusアンビリカス,100,自治体連携等の産後ケア掲載レコード,13289,1,0,1,13289,中野区本町５-１９-５ ２階,0364541033,35.6934538,139.6720314,birth_navi,birth_navi_not_crosschecked,0,0.0,0,0,1,
GCP-13290,"かえる助産院
母乳育児相談室",かえる助産院母乳育児相談室,100,自治体連携等の産後ケア掲載レコード,13290,1,0,1,13290,"中野区鷺宮４－４４－４
ＢＥＬ ＡＩＲ１０１号室",0333305510,35.7261334,139.6381121,birth_navi,birth_navi_not_crosschecked,0,0.0,0,0,1,
GCP-13291,"産前産後ケア
ネウボラハウス　
ぴよぽこ中野助産院",産前産後ケアネウボラハウスぴよぽこ中野助産院,100,自治体連携等の産後ケア掲載レコード,13291,1,0,1,13291,中野区上高田１ー３９ー１６,09058205851,35.7106609,139.6745787,birth_navi,birth_navi_not_crosschecked,0,0.0,0,0,1,
GCP-13292,山田医院,山田医院,100,自治体連携等の産後ケア掲載レコード,13292,1,0,1,13292,中野区中野２－１４－１７,0333843555,35.7048703,139.6694598,birth_navi,birth_navi_not_crosschecked,0,0.0,0,0,1,
GCP-13293,たらちね助産院,たらちね助産院,100,自治体連携等の産後ケア掲載レコード,13293,1,0,1,13293,"杉並区高井戸東４－７－７　
サニーコーポ高井戸東１Ｆ",0333315606,35.688634,139.6183631,birth_navi,birth_navi_not_crosschecked,0,0.0,0,0,1,
GCP-13294,桶谷式母乳育児推進協会　　産後ケア,桶谷式母乳育児推進協会産後ケア,100,自治体連携等の産後ケア掲載レコード,13294,1,0,1,13294,新宿区喜久井町２０－８　　　　　オケタニ早稲田ビル,0352911008,35.7032871,139.7222936,birth_navi,birth_navi_not_crosschecked,0,0.0,0,0,1,
GCP-13295,ひだまりクリニック,ひだまりクリニック,100,自治体連携等の産後ケア掲載レコード,13295,1,0,1,13295,"杉並区和田３－４－１２
２階",0333150217,35.695051,139.6591736,birth_navi,birth_navi_not_crosschecked,0,0.0,0,0,1,
GCP-13296,"（一般社団法人）
堤式母乳助産師協会",堤式母乳助産師協会,100,自治体連携等の産後ケア掲載レコード,13296,1,0,1,13296,中野区新井２－５－４,0353189699,35.7118451,139.6643555,birth_navi,birth_navi_not_crosschecked,0,0.0,0,0,1,
GCP-13297,こもれび助産院,こもれび助産院,100,自治体連携等の産後ケア掲載レコード,13297,1,0,1,13297,杉並区荻窪3丁目48番10号ロイヤル須田204号室,07044885848,35.7034707,139.6260232,birth_navi,birth_navi_not_crosschecked,0,0.0,0,0,1,
GCP-13298,髙木助産院,髙木助産院,100,自治体連携等の産後ケア掲載レコード,13298,1,0,1,13298,杉並区下高井戸1丁目10番15号モトハウス201号室,09039036036,35.6666972,139.6386161,birth_navi,birth_navi_not_crosschecked,0,0.0,0,0,1,
GCP-13299,産前産後ケア施設ママペルシュ,産前産後ケア施設ママペルシュ,100,自治体連携等の産後ケア掲載レコード,13299,1,0,1,13299,杉並区上荻3丁目22番12号ドミトリー上荻1,0353037299,35.7096864,139.6096275,birth_navi,birth_navi_not_crosschecked,0,0.0,0,0,1,
GCP-13300,産前産後ケア助産院はるかぜの家,産前産後ケア助産院はるかぜの家,100,自治体連携等の産後ケア掲載レコード,13300,1,0,1,13300,杉並区西荻北3丁目17番6号　 西荻マインハイム2階,0369137590,35.7045676,139.5990624,birth_navi,birth_navi_not_crosschecked,0,0.0,0,0,1,
GCP-13301,田中産科婦人科,田中産科婦人科,100,自治体連携等の産後ケア掲載レコード,13301,1,0,1,13301,世田谷区松原2丁目30番6号,0333210028,35.6668606,139.6479097,birth_navi,birth_navi_not_crosschecked,0,0.0,0,0,1,
GCP-13302,ネウボラハウスぴよぽこ中野助産院,ネウボラハウスぴよぽこ中野助産院,100,自治体連携等の産後ケア掲載レコード,13302,1,0,1,13302,"中野区上高田1丁目39番16号
（注）安全管理上、住所の詳細は利用確定後案内します。",,35.7106609,139.6745787,birth_navi,birth_navi_not_crosschecked,0,0.0,0,0,1,
GCP-13303,まるんこ助産院,まるんこ助産院,100,自治体連携等の産後ケア掲載レコード,13303,1,0,1,13303,練馬区春日町3丁目12番13号1階,0363209032,35.7495681,139.641027,birth_navi,birth_navi_not_crosschecked,0,0.0,0,0,1,
GCP-13306,加塚医院,加塚医院,100,自治体連携等の産後ケア掲載レコード,13306,1,0,1,13306,豊島区駒込2⁻5－5,,35.7380259,139.7466417,birth_navi,birth_navi_not_crosschecked,0,0.0,0,0,1,
GCP-13307,個人の助産師7名に委託,個人の助産師7名に委託,100,自治体連携等の産後ケア掲載レコード,13307,1,0,1,13307,,,,,,missing_hidden_address_not_inferred,0,,0,0,1,
GCP-13308,おくだいら助産所,おくだいら助産所,100,自治体連携等の産後ケア掲載レコード,13308,1,0,1,13308,北区志茂,09062762830,,,,missing_unresolved,0,,0,0,1,
GCP-13309,蒲澤助産所（がま～ず助産院）,蒲澤助産所がまず助産院,100,自治体連携等の産後ケア掲載レコード,13309,1,0,1,13309,北区東十条6丁目2-9-501,08077925879,35.7696273,139.7245213,birth_navi,birth_navi_not_crosschecked,0,0.0,0,0,1,
GCP-13310,ふたむら母乳育児相談処,ふたむら母乳育児相談処,100,自治体連携等の産後ケア掲載レコード,13310,1,0,1,13310,北区赤羽西６－３０－３本蓮沼ハイツ５０６,07044143792,35.7726911,139.706581,birth_navi,birth_navi_not_crosschecked,0,0.0,0,0,1,
GCP-13311,助産院ばんぶぅ,助産院ばんぶぅ,100,自治体連携等の産後ケア掲載レコード,13311,1,0,1,13311,東京都北区神谷1丁目,07065741103,35.7682186,139.7351855,birth_navi,birth_navi_not_crosschecked,0,0.0,0,0,1,
GCP-13312,桶谷式母乳育児相談所ムックムク,桶谷式母乳育児相談所ムックムク,100,自治体連携等の産後ケア掲載レコード,13312,1,0,1,13312,東京都北区赤羽2-48-5-302,08035746290,35.7808012,139.7229533,birth_navi,birth_navi_not_crosschecked,0,0.0,0,0,1,
GCP-13313,みづき助産院,みづき助産院,100,自治体連携等の産後ケア掲載レコード,13313,1,0,1,13313,北区西が丘2－１０－１０,0359634010,35.7649394,139.7127815,birth_navi,birth_navi_not_crosschecked,0,0.0,0,0,1,
GCP-13314,晴ル・助産院,晴ル助産院,100,自治体連携等の産後ケア掲載レコード,13314,1,0,1,13314,北区赤羽台3-14-27,09044252540,35.7833245,139.7141748,birth_navi,birth_navi_not_crosschecked,0,0.0,0,0,1,
GCP-13316,胎の実助産院,胎の実助産院,100,自治体連携等の産後ケア掲載レコード,13316,1,0,1,13316,東京都北区桐ケ丘1-20-8-306,09076345347,35.7767714,139.7044485,birth_navi,birth_navi_not_crosschecked,0,0.0,0,0,1,
GCP-13317,NPO法人子育てママ応援塾ほっこりーの（ほっこりーの志茂店）,npo法人子育てママ応援塾ほっこりーのほっこりーの志茂店,100,自治体連携等の産後ケア掲載レコード,13317,1,0,1,13317,北区志茂3-22-1,0363209585,35.7788164,139.7326261,birth_navi,birth_navi_not_crosschecked,0,0.0,0,0,1,
GCP-13318,NPO法人子育てママ応援塾ほっこりーの（ほっこりーの北赤羽店）,npo法人子育てママ応援塾ほっこりーのほっこりーの北赤羽店,100,自治体連携等の産後ケア掲載レコード,13318,1,0,1,13318,北区赤羽北2-31-16　アクトピア北赤羽壱番館117,0359485707,35.7861773,139.7079499,birth_navi,birth_navi_not_crosschecked,0,0.0,0,0,1,
GCP-13319,一般社団法人はあとほっと,はあとほっと,100,自治体連携等の産後ケア掲載レコード,13319,1,0,1,13319,北区王子2-15-7,,35.7573331,139.7370097,birth_navi,birth_navi_not_crosschecked,0,0.0,0,0,1,
GCP-13320,You and me助産院,youandme助産院,100,自治体連携等の産後ケア掲載レコード,13320,1,0,1,13320,,08017171631,,,,missing_hidden_address_not_inferred,0,,0,0,1,
GCP-13321,Luana助産院,luana助産院,100,自治体連携等の産後ケア掲載レコード,13321,1,0,1,13321,,05068805289,,,,missing_hidden_address_not_inferred,0,,0,0,1,
GCP-13322,団子坂なのはな助産院,団子坂なのはな助産院,100,自治体連携等の産後ケア掲載レコード,13322,1,0,1,13322,,09089637087,,,,missing_hidden_address_not_inferred,0,,0,0,1,
GCP-13323,医療法人社団順風会高島平クリニック,順風会高島平クリニック,100,自治体連携等の産後ケア掲載レコード,13323,1,0,1,13323,板橋区高島平一丁目12番11号,0339364164,35.7826426,139.6665021,birth_navi,birth_navi_not_crosschecked,0,0.0,0,0,1,
GCP-13324,くじら助産院,くじら助産院,100,自治体連携等の産後ケア掲載レコード,13324,1,0,1,13324,板橋区赤塚2-25-21,07032041016,35.7736611,139.6409457,birth_navi,birth_navi_not_crosschecked,0,0.0,0,0,1,
GCP-13325,産後ケアサロンハウオリ,産後ケアサロンハウオリ,100,自治体連携等の産後ケア掲載レコード,13325,1,0,1,13325,板橋区成増1-28-15林屋ビル905,09087467694,35.7760097,139.63186,birth_navi,birth_navi_not_crosschecked,0,0.0,0,0,1,
GCP-13326,社会福祉法人緑伸会　子育てサロンひだまり,緑伸会子育てサロンひだまり,100,自治体連携等の産後ケア掲載レコード,13326,1,0,1,13326,板橋区板橋4－47－7  アイフラット2a,0369056877,35.7521672,139.7209114,birth_navi,birth_navi_not_crosschecked,0,0.0,0,0,1,
GCP-13305,うぶすな助産院,うぶすな助産院,100,自治体連携等の産後ケア掲載レコード,13327,2,0,2,13305;13327,豊島区西巣鴨1-9-15　メゾネット高橋A号室,08088545650,35.7377335,139.7238608,birth_navi,birth_navi_not_crosschecked,0,0.0,0,0,1,
GCP-13328,ぱお助産院,ぱお助産院,100,自治体連携等の産後ケア掲載レコード,13328,1,0,1,13328,練馬区氷川台4－51－5,0369149938,35.7507107,139.6645248,birth_navi,birth_navi_not_crosschecked,0,0.0,0,0,1,
GCP-13329,ふたば助産院,ふたば助産院,100,自治体連携等の産後ケア掲載レコード,13329,1,0,1,13329,練馬区桜台3-14-15　ルミエール201,0369147181,35.7479221,139.6665676,birth_navi,birth_navi_not_crosschecked,0,0.0,0,0,1,
GCP-13330,まどれ助産院,まどれ助産院,100,自治体連携等の産後ケア掲載レコード,13330,1,0,1,13330,練馬区早宮4-40-3,0362807081,35.7456081,139.6482182,birth_navi,birth_navi_not_crosschecked,0,0.0,0,0,1,
GCP-13331,個人の助産師,個人の助産師,100,自治体連携等の産後ケア掲載レコード,13331,1,0,1,13331,,,,,,missing_hidden_address_not_inferred,0,,0,0,1,
GCP-13332,百合助産院母乳育児相談室,百合助産院母乳育児相談室,100,自治体連携等の産後ケア掲載レコード,13332,1,0,1,13332,練馬区練馬1,09092445603,35.7388014,139.6534992,birth_navi,birth_navi_not_crosschecked,0,0.0,0,0,1,
GCP-13333,なかま助産所,なかま助産所,100,自治体連携等の産後ケア掲載レコード,13333,1,0,1,13333,練馬区豊玉上２－２７－２,0359469949,35.7374184,139.6579361,birth_navi,birth_navi_not_crosschecked,0,0.0,0,0,1,
GCP-13334,いつき助産所,いつき助産所,100,自治体連携等の産後ケア掲載レコード,13334,1,0,1,13334,練馬区向山1-4-7,07013380723,35.7377912,139.642715,birth_navi,birth_navi_not_crosschecked,0,0.0,0,0,1,
GCP-13335,麻の実助産所,麻の実助産所,100,自治体連携等の産後ケア掲載レコード,13335,1,0,1,13335,練馬区中村南1,09017354047,35.7282117,139.6471222,birth_navi,birth_navi_not_crosschecked,0,0.0,0,0,1,
GCP-13336,ピュア助産院,ピュア助産院,100,自治体連携等の産後ケア掲載レコード,13336,1,0,1,13336,練馬区谷原3,09068176341,35.7538825,139.6184342,birth_navi,birth_navi_not_crosschecked,0,0.0,0,0,1,
GCP-13337,熊井助産院,熊井助産院,100,自治体連携等の産後ケア掲載レコード,13337,1,0,1,13337,練馬区谷原4,08060843276,35.7549463,139.6139729,birth_navi,birth_navi_not_crosschecked,0,0.0,0,0,1,
GCP-13338,やぶた助産院,やぶた助産院,100,自治体連携等の産後ケア掲載レコード,13338,1,0,1,13338,練馬区石神井町8,09047462234,35.7479463,139.5980424,birth_navi,birth_navi_not_crosschecked,0,0.0,0,0,1,
GCP-13339,Mama Care House あおい,mamacarehouseあおい,100,自治体連携等の産後ケア掲載レコード,13339,1,0,1,13339,練馬区上石神井2-26-9,08046338467,35.7271167,139.5919407,birth_navi,birth_navi_not_crosschecked,0,0.0,0,0,1,
GCP-13340,助産所ここまる,助産所ここまる,100,自治体連携等の産後ケア掲載レコード,13340,1,0,1,13340,練馬区関町南3,08050585509,35.7221074,139.5808424,birth_navi,birth_navi_not_crosschecked,0,0.0,0,0,1,
GCP-13341,山野助産院,山野助産院,100,自治体連携等の産後ケア掲載レコード,13341,1,0,1,13341,練馬区大泉町1,09015414858,35.7678926,139.6063258,birth_navi,birth_navi_not_crosschecked,0,0.0,0,0,1,
GCP-13342,咲-saki-助産院,咲saki助産院,100,自治体連携等の産後ケア掲載レコード,13342,1,0,1,13342,練馬区大泉町3,07089464772,35.766267,139.5980424,birth_navi,birth_navi_not_crosschecked,0,0.0,0,0,1,
GCP-13343,あや助産所,あや助産所,100,自治体連携等の産後ケア掲載レコード,13343,1,0,1,13343,練馬区大泉町5,09017348641,35.7598288,139.5948569,birth_navi,birth_navi_not_crosschecked,0,0.0,0,0,1,
GCP-13344,あすなろ助産所,あすなろ助産所,100,自治体連携等の産後ケア掲載レコード,13344,1,0,1,13344,練馬区東大泉7,07065681115,35.7444964,139.5795685,birth_navi,birth_navi_not_crosschecked,0,0.0,0,0,1,
GCP-13345,しふら助産院,しふら助産院,100,自治体連携等の産後ケア掲載レコード,13345,1,0,1,13345,練馬区田柄2,09038183889,35.7664533,139.6439339,birth_navi,birth_navi_not_crosschecked,0,0.0,0,0,1,
GCP-13346,みらい助産所,みらい助産所,100,自治体連携等の産後ケア掲載レコード,13346,1,0,1,13346,練馬区春日町6,07076572534,35.7533764,139.6356453,birth_navi,birth_navi_not_crosschecked,0,0.0,0,0,1,
GCP-13304,吉祥寺ふわまる助産院,吉祥寺ふわまる助産院,100,自治体連携等の産後ケア掲載レコード,13347,3,0,3,13304;13347;13382,武蔵野市吉祥寺東町1-11-13,07090908760,35.7064352,139.5837836,birth_navi,birth_navi_not_crosschecked,0,0.0,0,0,1,
GCP-13348,産前産後ケア助産院 はるかぜ,産前産後ケア助産院はるかぜ,100,自治体連携等の産後ケア掲載レコード,13348,1,0,1,13348,武蔵野市吉祥寺本町2丁目12-5スプリングハウスビル3階,0422293860,35.7042054,139.5764027,birth_navi,birth_navi_not_crosschecked,0,0.0,0,0,1,
GCP-13349,医療法人社団元和会　木下産婦人科医院,元和会木下産婦人科医院,100,自治体連携等の産後ケア掲載レコード,13349,1,0,1,13349,葛飾区東堀切１－15－10,0336027201,35.74913,139.8352915,birth_navi,birth_navi_not_crosschecked,0,0.0,0,0,1,
GCP-13350,社会医療法人社団正志会　荒木記念東京リバーサイド病院,社会正志会荒木記念東京リバーサイド病院,100,自治体連携等の産後ケア掲載レコード,13350,1,0,1,13350,荒川区南千住８－４－４,0358500308,35.7377261,139.8070701,birth_navi,birth_navi_not_crosschecked,0,0.0,0,0,1,
GCP-13352,助産師　青木,助産師青木,100,自治体連携等の産後ケア掲載レコード,13352,1,0,1,13352,,08060157082,,,,missing_hidden_address_not_inferred,0,,0,0,1,
GCP-13353,いで助産院,いで助産院,100,自治体連携等の産後ケア掲載レコード,13353,1,0,1,13353,葛飾区亀有2-56-9,08046168582,35.7616855,139.8483847,birth_navi,birth_navi_not_crosschecked,0,0.0,0,0,1,
GCP-13354,助産師　江原,助産師江原,100,自治体連携等の産後ケア掲載レコード,13354,1,0,1,13354,,09043770173,,,,missing_hidden_address_not_inferred,0,,0,0,1,
GCP-13355,助産師　越川,助産師越川,100,自治体連携等の産後ケア掲載レコード,13355,1,0,1,13355,,07085225775,,,,missing_hidden_address_not_inferred,0,,0,0,1,
GCP-13356,一般社団法人そらまめハウス　そらまめ助産院,そらまめハウスそらまめ助産院,100,自治体連携等の産後ケア掲載レコード,13356,1,0,1,13356,葛飾区東金町2-24-12,07037867866,35.7746627,139.8696111,birth_navi,birth_navi_not_crosschecked,0,0.0,0,0,1,
GCP-13357,たかはし助産院,たかはし助産院,100,自治体連携等の産後ケア掲載レコード,13357,1,0,1,13357,葛飾区柴又１－26－15,08065500438,35.7566962,139.871946,birth_navi,birth_navi_not_crosschecked,0,0.0,0,0,1,
GCP-13358,助産師　戸田,助産師戸田,100,自治体連携等の産後ケア掲載レコード,13358,1,0,1,13358,,09042422583,,,,missing_hidden_address_not_inferred,0,,0,0,1,
GCP-13359,Liko助産院,liko助産院,100,自治体連携等の産後ケア掲載レコード,13359,1,0,1,13359,葛飾区亀有5-28-11ジュネスサンプレイス406,07085252123,35.768388,139.8472283,birth_navi,birth_navi_not_crosschecked,0,0.0,0,0,1,
GCP-13360,ノア助産院,ノア助産院,100,自治体連携等の産後ケア掲載レコード,13360,1,0,1,13360,足立区綾瀬2-11-4第２フラワーコーポ１階,09016199811,35.75975,139.826861,birth_navi,birth_navi_not_crosschecked,0,0.0,0,0,1,
GCP-13361,東京臨海病院,東京臨海病院,100,自治体連携等の産後ケア掲載レコード,13361,1,0,1,13361,臨海町1丁目4番2号,0356058815,34.5183404,135.4170813,birth_navi,birth_navi_not_crosschecked,0,0.0,0,0,1,
GCP-13362,パソナライフケア,パソナライフケア,100,自治体連携等の産後ケア掲載レコード,13362,1,0,1,13362,東京都港区南青山3丁目1番30号,0120646634,35.6677329,139.715806,birth_navi,birth_navi_not_crosschecked,0,0.0,0,0,1,
GCP-13364,かなざわ助産院,かなざわ助産院,100,自治体連携等の産後ケア掲載レコード,13364,1,0,1,13364,日野市多摩平4-1-1-201,0425876055,35.664089,139.3792066,birth_navi,birth_navi_not_crosschecked,0,0.0,0,0,1,
GCP-13365,ママエール．テラス助産院,ママエールテラス助産院,100,自治体連携等の産後ケア掲載レコード,13365,1,0,1,13365,あきる野市野辺600-8,0425955950,35.7223601,139.3074806,birth_navi,birth_navi_not_crosschecked,0,0.0,0,0,1,
GCP-13366,うみ助産院,うみ助産院,100,自治体連携等の産後ケア掲載レコード,13366,1,0,1,13366,八王子市台町4-39-7はいつひろ101,0426983988,35.6567705,139.3169415,birth_navi,birth_navi_not_crosschecked,0,0.0,0,0,1,
GCP-13367,エンジェル母乳育児相談室,エンジェル母乳育児相談室,100,自治体連携等の産後ケア掲載レコード,13367,1,0,1,13367,八王子市西寺方町1019-216,0426592267,35.687486,139.2650501,birth_navi,birth_navi_not_crosschecked,0,0.0,0,0,1,
GCP-13368,おたふく助産院,おたふく助産院,100,自治体連携等の産後ケア掲載レコード,13368,1,0,1,13368,八王子市片倉町1181-5,0426353668,35.6344247,139.345365,birth_navi,birth_navi_not_crosschecked,0,0.0,0,0,1,
GCP-13369,助産院 ともこさんち,助産院ともこさんち,100,自治体連携等の産後ケア掲載レコード,13369,1,0,1,13369,,0426976853,,,,missing_hidden_address_not_inferred,0,,0,0,1,
GCP-12778,ひとみ助産院,ひとみ助産院,100,自治体連携等の産後ケア掲載レコード,13370,2,0,2,12778;13370,八王子市山田町1692-2,0426678528,35.6418576,139.3146448,birth_navi,birth_navi_not_crosschecked,0,0.0,0,0,1,
GCP-13371,助産院 ほっこりハウス,助産院ほっこりハウス,100,自治体連携等の産後ケア掲載レコード,13371,1,0,1,13371,,09066582468,,,,missing_hidden_address_not_inferred,0,,0,0,1,
GCP-13372,みさき助産院,みさき助産院,100,自治体連携等の産後ケア掲載レコード,13372,1,0,1,13372,,07045430820,,,,missing_hidden_address_not_inferred,0,,0,0,1,
GCP-13373,綾田,綾田,100,自治体連携等の産後ケア掲載レコード,13373,1,0,1,13373,,,,,,missing_hidden_address_not_inferred,0,,0,0,1,
GCP-13374,金杉,金杉,100,自治体連携等の産後ケア掲載レコード,13374,1,0,1,13374,,09079002159,,,,missing_hidden_address_not_inferred,0,,0,0,1,
GCP-13375,河野,河野,100,自治体連携等の産後ケア掲載レコード,13375,1,0,1,13375,,09078398552,,,,missing_hidden_address_not_inferred,0,,0,0,1,
GCP-13376,冨重,冨重,100,自治体連携等の産後ケア掲載レコード,13376,1,0,1,13376,,09092491797,,,,missing_hidden_address_not_inferred,0,,0,0,1,
GCP-13377,飛松,飛松,100,自治体連携等の産後ケア掲載レコード,13377,1,0,1,13377,,,,,,missing_hidden_address_not_inferred,0,,0,0,1,
GCP-13378,和城,和城,100,自治体連携等の産後ケア掲載レコード,13378,1,0,1,13378,,09072133543,,,,missing_hidden_address_not_inferred,0,,0,0,1,
GCP-13379,立川相互病院,立川相互病院,100,自治体連携等の産後ケア掲載レコード,13379,1,0,1,13379,立川市緑町4-1,0570052585,35.7035773,139.4133263,birth_navi,birth_navi_not_crosschecked,0,0.0,0,0,1,
GCP-13380,Hope助産院,hope助産院,100,自治体連携等の産後ケア掲載レコード,13380,1,0,1,13380,立川市錦町5-15-8,0425107412,35.688355,139.413073,birth_navi,birth_navi_not_crosschecked,0,0.0,0,0,1,
GCP-13381,むさしのレディースクリニック,むさしのレディースクリニック,100,自治体連携等の産後ケア掲載レコード,13381,1,0,1,13381,,,,,,missing_hidden_address_not_inferred,0,,0,0,1,
GCP-13383,武蔵野市助産師会,武蔵野市助産師会,100,自治体連携等の産後ケア掲載レコード,13383,1,0,1,13383,武蔵野市境南町5-14-4,,35.6972074,139.5360343,birth_navi,birth_navi_not_crosschecked,0,0.0,0,0,1,
GCP-13385,マザリーズ助産院,マザリーズ助産院,100,自治体連携等の産後ケア掲載レコード,13385,1,0,1,13385,調布市深大寺北町4-13-51,09035359227,35.6785543,139.5539977,birth_navi,birth_navi_not_crosschecked,0,0.0,0,0,1,
GCP-13386,Mama＆Babyあきやま1,mamababyあきやま1,100,自治体連携等の産後ケア掲載レコード,13386,1,0,1,13386,三鷹市上連雀1-2-5-108,0422524700,35.7029439,139.558722,birth_navi,birth_navi_not_crosschecked,0,0.0,0,0,1,
GCP-13387,Mama＆Babyあきやま2,mamababyあきやま2,100,自治体連携等の産後ケア掲載レコード,13387,1,0,1,13387,三鷹市上連雀1-2-4　1階,0422278222,35.703072,139.5586529,birth_navi,birth_navi_not_crosschecked,0,0.0,0,0,1,
GCP-13388,産前産後助産院サージュファム,産前産後助産院サージュファム,100,自治体連携等の産後ケア掲載レコード,13388,1,0,1,13388,調布市国領町2-8-3　B107,08041808835,35.6519348,139.5575425,birth_navi,birth_navi_not_crosschecked,0,0.0,0,0,1,
GCP-13389,三鷹市総合保健センター,三鷹市総合保健センター,100,自治体連携等の産後ケア掲載レコード,13389,1,0,1,13389,三鷹市新川6-37-1　三鷹中央防災公園・元気創造プラザ2階,0422463254,35.6819803,139.5615916,birth_navi,birth_navi_not_crosschecked,0,0.0,0,0,1,
GCP-13390,産後ケアハウス村木助産院,産後ケアハウス村木助産院,100,自治体連携等の産後ケア掲載レコード,13390,2,0,2,13390;13431,青梅市今寺3-379-8,07043725888,35.7986852,139.2963026,birth_navi,birth_navi_not_crosschecked,0,0.0,0,0,1,
GCP-13391,助産師　川杉,助産師川杉,100,自治体連携等の産後ケア掲載レコード,13391,1,0,1,13391,青梅市河辺町,09065602366,,,,missing_unresolved,0,,0,0,1,
GCP-13392,産後プレイスぷらむん助産院,産後プレイスぷらむん助産院,100,自治体連携等の産後ケア掲載レコード,13392,1,0,1,13392,立川市曙町2-32-7　ビック武蔵野立川401,09026206816,35.7019237,139.4161646,birth_navi,birth_navi_not_crosschecked,0,0.0,0,0,1,
GCP-13393,まな母乳育児相談室,まな母乳育児相談室,100,自治体連携等の産後ケア掲載レコード,13393,1,0,1,13393,入間市大字野田字中郷578-3,08040030838,35.8461903,139.3526243,birth_navi,birth_navi_not_crosschecked,0,0.0,0,0,1,
GCP-13394,NPO法人　にじの助産院,npo法人にじの助産院,100,自治体連携等の産後ケア掲載レコード,13394,1,0,1,13394,東京都府中市南町１－４３－６０,08096792525,35.658081,139.470384,birth_navi,birth_navi_not_crosschecked,0,0.0,0,0,1,
GCP-13395,府中市子育て世代包括支援センターみらい,府中市子育て世代包括支援センターみらい,100,自治体連携等の産後ケア掲載レコード,13395,1,0,1,13395,府中市宮西町１－４１フォーリス３階,0423685333,35.6719952,139.4774297,birth_navi,birth_navi_not_crosschecked,0,0.0,0,0,1,
GCP-13396,めぶき助産院,めぶき助産院,100,自治体連携等の産後ケア掲載レコード,13396,1,0,1,13396,東京都昭島市朝日町2丁目2番11号,09040620168,35.7086374,139.3722087,birth_navi,birth_navi_not_crosschecked,0,0.0,0,0,1,
GCP-13397,りあん助産院,りあん助産院,100,自治体連携等の産後ケア掲載レコード,13397,1,0,1,13397,東京都昭島市朝日町3丁目11番9号　ミワハイツ102,,35.7060625,139.3738477,birth_navi,birth_navi_not_crosschecked,0,0.0,0,0,1,
GCP-13399,助産師B,助産師b,100,自治体連携等の産後ケア掲載レコード,13399,1,0,1,13399,,,,,,missing_hidden_address_not_inferred,0,,0,0,1,
GCP-13400,助産師C,助産師c,100,自治体連携等の産後ケア掲載レコード,13400,1,0,1,13400,,,,,,missing_hidden_address_not_inferred,0,,0,0,1,
GCP-13401,助産師D,助産師d,100,自治体連携等の産後ケア掲載レコード,13401,1,0,1,13401,,,,,,missing_hidden_address_not_inferred,0,,0,0,1,
GCP-13402,助産師E,助産師e,100,自治体連携等の産後ケア掲載レコード,13402,1,0,1,13402,,,,,,missing_hidden_address_not_inferred,0,,0,0,1,
GCP-13403,助産師F,助産師f,100,自治体連携等の産後ケア掲載レコード,13403,1,0,1,13403,,,,,,missing_hidden_address_not_inferred,0,,0,0,1,
GCP-13405,おなごサロンはぴねす助産院,おなごサロンはぴねす助産院,100,自治体連携等の産後ケア掲載レコード,13405,1,0,1,13405,町田市南つくし野4-8-17,07085243133,35.5214813,139.4773454,birth_navi,birth_navi_not_crosschecked,0,0.0,0,0,1,
GCP-13406,くわのき助産院,くわのき助産院,100,自治体連携等の産後ケア掲載レコード,13406,1,0,1,13406,緑区下九沢1852－13,0427622111,35.5808031,139.3300028,birth_navi,birth_navi_not_crosschecked,0,0.0,0,0,1,
GCP-13407,助産師（訪問型）,助産師訪問型,100,自治体連携等の産後ケア掲載レコード,13407,1,0,1,13407,,,,,,missing_hidden_address_not_inferred,0,,0,0,1,
GCP-13408,あかり助産院,あかり助産院,100,自治体連携等の産後ケア掲載レコード,13408,1,0,1,13408,小金井市本町5-13-11 メゾン・アラミス401号,0422077962,35.7027538,139.5071894,birth_navi,birth_navi_not_crosschecked,0,0.0,0,0,1,
GCP-13409,グリーン助産院,グリーン助産院,100,自治体連携等の産後ケア掲載レコード,13409,1,0,1,13409,小金井市　緑町4-5-2,0424061081,35.7057104,139.5141446,birth_navi,birth_navi_not_crosschecked,0,0.0,0,0,1,
GCP-13410,アヴェクトワ助産院,アヴェクトワ助産院,100,自治体連携等の産後ケア掲載レコード,13410,1,0,1,13410,国分寺市本町4-12-22 ハイネス国分寺 荒田マンション318,0424037536,35.7014337,139.4785946,birth_navi,birth_navi_not_crosschecked,0,0.0,0,0,1,
GCP-13411,金谷有美,金谷有美,100,自治体連携等の産後ケア掲載レコード,13411,1,0,1,13411,,,,,,missing_hidden_address_not_inferred,0,,0,0,1,
GCP-13412,月野真紀,月野真紀,100,自治体連携等の産後ケア掲載レコード,13412,1,0,1,13412,,,,,,missing_hidden_address_not_inferred,0,,0,0,1,
GCP-13413,佐藤小織,佐藤小織,100,自治体連携等の産後ケア掲載レコード,13413,1,0,1,13413,,,,,,missing_hidden_address_not_inferred,0,,0,0,1,
GCP-13414,内田優子,内田優子,100,自治体連携等の産後ケア掲載レコード,13414,1,0,1,13414,,,,,,missing_hidden_address_not_inferred,0,,0,0,1,
GCP-13415,平知子,平知子,100,自治体連携等の産後ケア掲載レコード,13415,1,0,1,13415,,,,,,missing_hidden_address_not_inferred,0,,0,0,1,
GCP-13416,笹嶋妃加里,笹嶋妃加里,100,自治体連携等の産後ケア掲載レコード,13416,1,0,1,13416,,,,,,missing_hidden_address_not_inferred,0,,0,0,1,
GCP-13417,"相談室ブルー・カーネーション
ながしま助産院",相談室ブルーカーネーションながしま助産院,100,自治体連携等の産後ケア掲載レコード,13417,1,0,1,13417,埼玉県所沢市大字荒幡534-22,09048469380,35.7738224,139.4522711,birth_navi,birth_navi_not_crosschecked,0,0.0,0,0,1,
GCP-13418,医療法人社団慈恩会新家産婦人科医院,慈恩会新家産婦人科医院,100,自治体連携等の産後ケア掲載レコード,13418,1,0,1,13418,国分寺市光町1-38-11,0428482999,35.7020546,139.4466326,birth_navi,birth_navi_not_crosschecked,0,0.0,0,0,1,
GCP-13419,内野産婦人科小児科,内野産婦人科小児科,100,自治体連携等の産後ケア掲載レコード,13419,1,0,1,13419,国立市東1-8-6,,35.6981765,139.4490746,birth_navi,birth_navi_not_crosschecked,0,0.0,0,0,1,
GCP-13420,土屋産婦人科,土屋産婦人科,100,自治体連携等の産後ケア掲載レコード,13420,1,0,1,13420,府中市府中町3-10-9,,35.6766471,139.4854854,birth_navi,birth_navi_not_crosschecked,0,0.0,0,0,1,
GCP-13422,桶谷式母乳育児salon　ふわふわ,桶谷式母乳育児salonふわふわ,100,自治体連携等の産後ケア掲載レコード,13422,1,0,1,13422,狛江市東和泉３－10－16　２F,0334301548,35.6273503,139.5740851,birth_navi,birth_navi_not_crosschecked,0,0.0,0,0,1,
GCP-13424,永井産婦人科病院,永井産婦人科病院,100,自治体連携等の産後ケア掲載レコード,13424,1,0,1,13424,立川市幸町4-27-1,,35.7224558,139.4309537,birth_navi,birth_navi_not_crosschecked,0,0.0,0,0,1,
GCP-13425,"公益社団法人 東京都助産師会
東久留米・清瀬・西東京地区分会",東京都助産師会東久留米清瀬西東京地区分会,100,自治体連携等の産後ケア掲載レコード,13425,1,0,1,13425,,,,,,missing_hidden_address_not_inferred,0,,0,0,1,
GCP-13426,助産師,助産師,100,自治体連携等の産後ケア掲載レコード,13426,1,0,1,13426,,,,,,missing_hidden_address_not_inferred,0,,0,0,1,
GCP-13427,公立福生病院,公立福生病院,100,自治体連携等の産後ケア掲載レコード,13427,1,0,1,13427,福生市加美平1-6-1,0425551111,35.746974,139.3267149,birth_navi,birth_navi_not_crosschecked,0,0.0,0,0,1,
GCP-13428,まるやま助産院,まるやま助産院,100,自治体連携等の産後ケア掲載レコード,13428,1,0,1,13428,あきる野市戸倉1170,09035242987,35.7332164,139.2005926,birth_navi,birth_navi_not_crosschecked,0,0.0,0,0,1,
GCP-13429,ひとみ母乳育児相談室,ひとみ母乳育児相談室,100,自治体連携等の産後ケア掲載レコード,13429,1,0,1,13429,あきる野市三内225-5,0425965183,35.7336578,139.2317602,birth_navi,birth_navi_not_crosschecked,0,0.0,0,0,1,
GCP-13430,るるん助産院,るるん助産院,100,自治体連携等の産後ケア掲載レコード,13430,1,0,1,13430,西東京市南町4-13-1,0424525125,35.7231679,139.5409981,birth_navi,birth_navi_not_crosschecked,0,0.0,0,0,1,
GCP-13432,助産師　森内　幸美（出張専門）,助産師森内幸美出張専門,100,自治体連携等の産後ケア掲載レコード,13432,1,0,1,13432,,,,,,missing_hidden_address_not_inferred,0,,0,0,1,
GCP-13433,助産師　柴山裕美,助産師柴山裕美,100,自治体連携等の産後ケア掲載レコード,13433,1,0,1,13433,横浜市磯子区滝頭1-10-15,09096886255,35.4203816,139.6178087,birth_navi,birth_navi_not_crosschecked,0,0.0,0,0,1,
GCP-13434,助産師　長利恵子,助産師長利恵子,100,自治体連携等の産後ケア掲載レコード,13434,1,0,1,13434,横浜市港南区上大岡西３－２－１7,08042080949,35.4019795,139.5947033,birth_navi,birth_navi_not_crosschecked,0,0.0,0,0,1,
GCP-13435,助産師　髙村　順子,助産師髙村順子,100,自治体連携等の産後ケア掲載レコード,13435,1,0,1,13435,横浜市港南区上大岡西2－14－3,08088754902,35.4050895,139.5940158,birth_navi,birth_navi_not_crosschecked,0,0.0,0,0,1,
GCP-13436,ママスハウス,ママスハウス,100,自治体連携等の産後ケア掲載レコード,13436,1,0,1,13436,横浜市都筑区中川中央１－３４－２－６Ｆ,0459156972,35.555777,139.5792799,birth_navi,birth_navi_not_crosschecked,0,0.0,0,0,1,
GCP-13437,母乳育児サロン　ラ　ルーナ,母乳育児サロンラルーナ,100,自治体連携等の産後ケア掲載レコード,13437,1,0,1,13437,横浜市中区相生町１－１４　第２小原ビル２Ｆ,09090385723,35.4459485,139.6398978,birth_navi,birth_navi_not_crosschecked,0,0.0,0,0,1,
GCP-13438,助産師　鈴木裕子,助産師鈴木裕子,100,自治体連携等の産後ケア掲載レコード,13438,1,0,1,13438,横浜市西区西平沼町４－１,08012567863,35.4595292,139.6151683,birth_navi,birth_navi_not_crosschecked,0,0.0,0,0,1,
GCP-13439,スマイルベビー,スマイルベビー,100,自治体連携等の産後ケア掲載レコード,13439,1,0,1,13439,横浜市保土ケ谷区峰岡町1－21－5－103,0454599522,35.4612095,139.5970129,birth_navi,birth_navi_not_crosschecked,0,0.0,0,0,1,
GCP-13440,谷口母乳育児相談室,谷口母乳育児相談室,100,自治体連携等の産後ケア掲載レコード,13440,1,0,1,13440,横浜市南区宿町4－72－2－203,08050722324,35.4298331,139.6077963,birth_navi,birth_navi_not_crosschecked,0,0.0,0,0,1,
GCP-13441,助産師　石川初美,助産師石川初美,100,自治体連携等の産後ケア掲載レコード,13441,1,0,1,13441,,09061113850,,,,missing_hidden_address_not_inferred,0,,0,0,1,
GCP-13442,助産師　やつかおり,助産師やつかおり,100,自治体連携等の産後ケア掲載レコード,13442,1,0,1,13442,,09033186173,,,,missing_hidden_address_not_inferred,0,,0,0,1,
GCP-13443,助産師　宮﨑　悦子,助産師宮﨑悦子,100,自治体連携等の産後ケア掲載レコード,13443,1,0,1,13443,横浜市港北区大倉山,0455429433,,,,missing_unresolved,0,,0,0,1,
GCP-13444,小さき花母乳育児相談室,小さき花母乳育児相談室,100,自治体連携等の産後ケア掲載レコード,13444,1,0,1,13444,横浜市保土ヶ谷区上菅田町63－9,08022624297,35.4822762,139.570249,birth_navi,birth_navi_not_crosschecked,0,0.0,0,0,1,
GCP-13445,助産師　木野　美穂,助産師木野美穂,100,自治体連携等の産後ケア掲載レコード,13445,1,0,1,13445,横浜市旭区上白根3-3-5,08059164372,35.4942392,139.5411872,birth_navi,birth_navi_not_crosschecked,0,0.0,0,0,1,
GCP-13446,助産師　兵頭めぐみ,助産師兵頭めぐみ,100,自治体連携等の産後ケア掲載レコード,13446,1,0,1,13446,横浜市神奈川区,09079807526,,,,missing_unresolved,0,,0,0,1,
GCP-13447,助産師　前田　いずみ,助産師前田いずみ,100,自治体連携等の産後ケア掲載レコード,13447,1,0,1,13447,,,,,,missing_hidden_address_not_inferred,0,,0,0,1,
GCP-13448,みやうち助産院,みやうち助産院,100,自治体連携等の産後ケア掲載レコード,13448,1,0,1,13448,横浜市青葉区荏田西5丁目３－２１,0459133008,35.5447956,139.5496787,birth_navi,birth_navi_not_crosschecked,0,0.0,0,0,1,
GCP-13449,助産師　沖山美雪,助産師沖山美雪,100,自治体連携等の産後ケア掲載レコード,13449,1,0,1,13449,,08048630088,,,,missing_hidden_address_not_inferred,0,,0,0,1,
GCP-13450,アオバ台母乳育児相談室,アオバ台母乳育児相談室,100,自治体連携等の産後ケア掲載レコード,13450,1,0,1,13450,横浜市青葉区つつじが丘23-11 ヒカリメゾン青葉台301,0459842903,35.5400611,139.5168243,birth_navi,birth_navi_not_crosschecked,0,0.0,0,0,1,
GCP-13451,花花助産院,花花助産院,100,自治体連携等の産後ケア掲載レコード,13451,1,0,1,13451,横浜市磯子区洋光台２－８－２３,0455170621,35.3852534,139.5904086,birth_navi,birth_navi_not_crosschecked,0,0.0,0,0,1,
GCP-13452,石川助産院・母乳育児相談室,石川助産院母乳育児相談室,100,自治体連携等の産後ケア掲載レコード,13452,1,0,1,13452,横浜市港南区上大岡西2-9-20,0458444807,35.4058956,139.5949166,birth_navi,birth_navi_not_crosschecked,0,0.0,0,0,1,
GCP-13453,心音助産院,心音助産院,100,自治体連携等の産後ケア掲載レコード,13453,1,0,1,13453,横浜市都筑区川和町1441-12,08067037026,35.5289925,139.547286,birth_navi,birth_navi_not_crosschecked,0,0.0,0,0,1,
GCP-13454,下村義子助産院,下村義子助産院,100,自治体連携等の産後ケア掲載レコード,13454,1,0,1,13454,,08032065687,,,,missing_hidden_address_not_inferred,0,,0,0,1,
GCP-13455,助産師　宮本まり,助産師宮本まり,100,自治体連携等の産後ケア掲載レコード,13455,1,0,1,13455,,,,,,missing_hidden_address_not_inferred,0,,0,0,1,
GCP-13456,ママと赤ちゃんの相談室　かわい,ママと赤ちゃんの相談室かわい,100,自治体連携等の産後ケア掲載レコード,13456,1,0,1,13456,,09077120696,,,,missing_hidden_address_not_inferred,0,,0,0,1,
GCP-13457,上條助産院・母乳育児相談室,上條助産院母乳育児相談室,100,自治体連携等の産後ケア掲載レコード,13457,1,0,1,13457,横浜市港北区大倉山２－５－８　秋本ビル２０６,0455440270,35.5222871,139.6280127,birth_navi,birth_navi_not_crosschecked,0,0.0,0,0,1,
GCP-13458,ここのあ助産院,ここのあ助産院,100,自治体連携等の産後ケア掲載レコード,13458,1,0,1,13458,,07045560477,,,,missing_hidden_address_not_inferred,0,,0,0,1,
GCP-13459,助産師　日野川　真由美,助産師日野川真由美,100,自治体連携等の産後ケア掲載レコード,13459,1,0,1,13459,横浜市港南区港南台,09060079937,,,,missing_unresolved,0,,0,0,1,
GCP-13460,あおい母乳育児相談処,あおい母乳育児相談処,100,自治体連携等の産後ケア掲載レコード,13460,1,0,1,13460,横浜市戸塚区平戸3丁目-３1－3,08025533020,35.4347394,139.5731804,birth_navi,birth_navi_not_crosschecked,0,0.0,0,0,1,
GCP-13461,助産師　小島明子,助産師小島明子,100,自治体連携等の産後ケア掲載レコード,13461,1,0,1,13461,横浜市港北区大曽根,08078861258,,,,missing_unresolved,0,,0,0,1,
GCP-13462,助産師　高橋幸子,助産師高橋幸子,100,自治体連携等の産後ケア掲載レコード,13462,1,0,1,13462,横浜市鶴見区馬場,08013999715,,,,missing_unresolved,0,,0,0,1,
GCP-13463,助産師みずき,助産師みずき,100,自治体連携等の産後ケア掲載レコード,13463,1,0,1,13463,,09018686019,,,,missing_hidden_address_not_inferred,0,,0,0,1,
GCP-13464,つづき母乳育児相談室,つづき母乳育児相談室,100,自治体連携等の産後ケア掲載レコード,13464,1,0,1,13464,横浜市都筑区,0459008970,,,,missing_unresolved,0,,0,0,1,
GCP-13465,助産師　大塚　桜子,助産師大塚桜子,100,自治体連携等の産後ケア掲載レコード,13465,1,0,1,13465,横浜市保土ケ谷区坂本町,08052001619,,,,missing_unresolved,0,,0,0,1,
GCP-13466,助産師　清水久美子,助産師清水久美子,100,自治体連携等の産後ケア掲載レコード,13466,1,0,1,13466,,07085691513,,,,missing_hidden_address_not_inferred,0,,0,0,1,
GCP-13467,のじり母乳育児相談室,のじり母乳育児相談室,100,自治体連携等の産後ケア掲載レコード,13467,1,0,1,13467,横浜市港北区日吉本町１－４２－９,07055940666,35.5522798,139.6420948,birth_navi,birth_navi_not_crosschecked,0,0.0,0,0,1,
GCP-13468,助産院ひだまりははこ,助産院ひだまりははこ,100,自治体連携等の産後ケア掲載レコード,13468,1,0,1,13468,横浜市港北区綱島西2-21-6-104,07089017785,35.5356492,139.6287797,birth_navi,birth_navi_not_crosschecked,0,0.0,0,0,1,
GCP-13469,助産師モガミアヤカ,助産師モガミアヤカ,100,自治体連携等の産後ケア掲載レコード,13469,1,0,1,13469,,,,,,missing_hidden_address_not_inferred,0,,0,0,1,
GCP-13470,助産師　竹内直子,助産師竹内直子,100,自治体連携等の産後ケア掲載レコード,13470,1,0,1,13470,,,,,,missing_hidden_address_not_inferred,0,,0,0,1,
GCP-13471,アールアンドワイ母乳育児相談室,アールアンドワイ母乳育児相談室,100,自治体連携等の産後ケア掲載レコード,13471,1,0,1,13471,横浜市神奈川区鶴屋町3-35ストーク横浜Ⅱ番館804,0453165605,35.4686591,139.6170748,birth_navi,birth_navi_not_crosschecked,0,0.0,0,0,1,
GCP-13472,助産師　市原こずえ,助産師市原こずえ,100,自治体連携等の産後ケア掲載レコード,13472,1,0,1,13472,横浜市金沢区釜利谷東,09035050294,,,,missing_unresolved,0,,0,0,1,
GCP-13473,助産師　鈴木薫,助産師鈴木薫,100,自治体連携等の産後ケア掲載レコード,13473,1,0,1,13473,,,,,,missing_hidden_address_not_inferred,0,,0,0,1,
GCP-13474,母乳育児相談室harmonia,母乳育児相談室harmonia,100,自治体連携等の産後ケア掲載レコード,13474,3,0,3,13474;13531;13546,相模原市緑区橋本6-4-7　パレ・フォンティーノ202,,35.5970052,139.3456649,birth_navi,birth_navi_not_crosschecked,0,0.0,0,0,1,
GCP-13475,桶谷式やまもと母乳育児相談室,桶谷式やまもと母乳育児相談室,100,自治体連携等の産後ケア掲載レコード,13475,1,0,1,13475,相模原市緑区相原6-1-22,09049527293,35.6030087,139.3186082,birth_navi,birth_navi_not_crosschecked,0,0.0,0,0,1,
GCP-13476,出張専門助産師　松本志穂,出張専門助産師松本志穂,100,自治体連携等の産後ケア掲載レコード,13476,1,0,1,13476,,08059016372,,,,missing_hidden_address_not_inferred,0,,0,0,1,
GCP-13477,藤野の助産院mid--U,藤野の助産院midu,100,自治体連携等の産後ケア掲載レコード,13477,1,0,1,13477,相模原市緑区吉野502-2,09052094193,35.6150275,139.1687452,birth_navi,birth_navi_not_crosschecked,0,0.0,0,0,1,
GCP-13478,出張専門助産師　畑山瀬里佳,出張専門助産師畑山瀬里佳,100,自治体連携等の産後ケア掲載レコード,13478,1,0,1,13478,,08045811175,,,,missing_hidden_address_not_inferred,0,,0,0,1,
GCP-13479,ほのか母乳育児相談室　よなみね助産院,ほのか母乳育児相談室よなみね助産院,100,自治体連携等の産後ケア掲載レコード,13479,1,0,1,13479,相模原市中央区相生3-7-2,0427761961,35.563178,139.3864681,birth_navi,birth_navi_not_crosschecked,0,0.0,0,0,1,
GCP-13480,マタニティルーム倉島,マタニティルーム倉島,100,自治体連携等の産後ケア掲載レコード,13480,1,0,1,13480,相模原市中央区緑が丘1-44-24,0427564268,35.5451714,139.3822138,birth_navi,birth_navi_not_crosschecked,0,0.0,0,0,1,
GCP-13481,ゆきんこ助産院,ゆきんこ助産院,100,自治体連携等の産後ケア掲載レコード,13481,1,0,1,13481,相模原市中央区上溝3833-6,08090990415,35.5542651,139.3509155,birth_navi,birth_navi_not_crosschecked,0,0.0,0,0,1,
GCP-13482,出張専門助産師　umi.なぎさ,出張専門助産師umiなぎさ,100,自治体連携等の産後ケア掲載レコード,13482,1,0,1,13482,,,,,,missing_hidden_address_not_inferred,0,,0,0,1,
GCP-13483,SUNFLOWER助産院,sunflower助産院,100,自治体連携等の産後ケア掲載レコード,13483,1,0,1,13483,,09047077696,,,,missing_hidden_address_not_inferred,0,,0,0,1,
GCP-13484,及川母乳育児相談室,及川母乳育児相談室,100,自治体連携等の産後ケア掲載レコード,13484,1,0,1,13484,,09021648828,,,,missing_hidden_address_not_inferred,0,,0,0,1,
GCP-13485,ママサロンAｋａ’Aｋａ,ママサロンakaaka,100,自治体連携等の産後ケア掲載レコード,13485,1,0,1,13485,相模原市南区古淵1-14-28-1 ゼルカヴァ103,08023999584,35.5570949,139.4197312,birth_navi,birth_navi_not_crosschecked,0,0.0,0,0,1,
GCP-13486,出張専門助産師みらい  永島直美,出張専門助産師みらい永島直美,100,自治体連携等の産後ケア掲載レコード,13486,1,0,1,13486,,08055362323,,,,missing_hidden_address_not_inferred,0,,0,0,1,
GCP-13487,出張専門助産師　中島亜希子,出張専門助産師中島亜希子,100,自治体連携等の産後ケア掲載レコード,13487,1,0,1,13487,,09057518800,,,,missing_hidden_address_not_inferred,0,,0,0,1,
GCP-13488,こじま母乳育児相談室,こじま母乳育児相談室,100,自治体連携等の産後ケア掲載レコード,13488,1,0,1,13488,相模原市南区南台3-15-4　クレイン南台202,0427481224,35.5163459,139.4233439,birth_navi,birth_navi_not_crosschecked,0,0.0,0,0,1,
GCP-13489,出張専門助産院　千田陽子,出張専門助産院千田陽子,100,自治体連携等の産後ケア掲載レコード,13489,1,0,1,13489,,07022131194,,,,missing_hidden_address_not_inferred,0,,0,0,1,
GCP-13490,あかりんご助産院,あかりんご助産院,100,自治体連携等の産後ケア掲載レコード,13490,1,0,1,13490,神奈川県相模原市南区上鶴間本町4-14-18,0427056903,35.5342243,139.4411955,birth_navi,birth_navi_not_crosschecked,0,0.0,0,0,1,
GCP-13491,横須賀市立市民病院,横須賀市立市民病院,100,自治体連携等の産後ケア掲載レコード,13491,1,0,1,13491,横須賀市長坂１－３－２,0468563136,35.2229583,139.6274759,birth_navi,birth_navi_not_crosschecked,0,0.0,0,0,1,
GCP-13492,横須賀市助産師会立産後ケアハウス燈,横須賀市助産師会立産後ケアハウス燈,100,自治体連携等の産後ケア掲載レコード,13492,1,0,1,13492,横須賀市西逸見町２－８０,0468520588,35.2816056,139.6488138,birth_navi,birth_navi_not_crosschecked,0,0.0,0,0,1,
GCP-13493,助産院リトルハッピー,助産院リトルハッピー,100,自治体連携等の産後ケア掲載レコード,13493,1,0,1,13493,横須賀市武３－１－３,0468132742,35.2261039,139.6503793,birth_navi,birth_navi_not_crosschecked,0,0.0,0,0,1,
GCP-13494,母乳育児相談MAKANA　竹内　章子,母乳育児相談makana竹内章子,100,自治体連携等の産後ケア掲載レコード,13494,1,0,1,13494,横須賀市大津町３－２４－１７,09088463105,35.2601619,139.6934509,birth_navi,birth_navi_not_crosschecked,0,0.0,0,0,1,
GCP-13495,出張専門助産師　小川　未来,出張専門助産師小川未来,100,自治体連携等の産後ケア掲載レコード,13495,1,0,1,13495,横須賀市久里浜４－２０－１９,09080403144,35.227923,139.7016521,birth_navi,birth_navi_not_crosschecked,0,0.0,0,0,1,
GCP-13496,助産院LunaLuna,助産院lunaluna,100,自治体連携等の産後ケア掲載レコード,13496,1,0,1,13496,平塚市長持４４８－１２,0463576278,35.3488679,139.3210713,birth_navi,birth_navi_not_crosschecked,0,0.0,0,0,1,
GCP-13497,たんぽぽ助産院（母乳と育児の相談室）,たんぽぽ助産院母乳と育児の相談室,100,自治体連携等の産後ケア掲載レコード,13497,1,0,1,13497,平塚市河内2丁目１４－６７,0463373383,35.342425,139.3104321,birth_navi,birth_navi_not_crosschecked,0,0.0,0,0,1,
GCP-13498,出張助産師サロン　Ｂａｂｙ　Lｉｈｉ,出張助産師サロンbabylihi,100,自治体連携等の産後ケア掲載レコード,13498,1,0,1,13498,平塚市,07050822534,,,,missing_unresolved,0,,0,0,1,
GCP-13499,助産師のおうち,助産師のおうち,100,自治体連携等の産後ケア掲載レコード,13499,1,0,1,13499,茅ヶ崎市芹沢９２１－３,09077971483,35.3735843,139.4243126,birth_navi,birth_navi_not_crosschecked,0,0.0,0,0,1,
GCP-13500,めもか助産院,めもか助産院,100,自治体連携等の産後ケア掲載レコード,13500,1,0,1,13500,茅ヶ崎市南湖２－１５－３６　旧茅ヶ崎産婦人科ビルポプラ,0467538872,35.3248734,139.390682,birth_navi,birth_navi_not_crosschecked,0,0.0,0,0,1,
GCP-13501,栗原母乳育児相談室,栗原母乳育児相談室,100,自治体連携等の産後ケア掲載レコード,13501,1,0,1,13501,茅ヶ崎市菱沼海岸,08048833867,,,,missing_unresolved,0,,0,0,1,
GCP-13502,湘南つむぎ助産院,湘南つむぎ助産院,100,自治体連携等の産後ケア掲載レコード,13502,1,0,1,13502,茅ヶ崎市東海岸南6丁目,09035349226,35.321235,139.4175431,birth_navi,birth_navi_not_crosschecked,0,0.0,0,0,1,
GCP-13503,子育てサポートハウス 　助産院mamana.house,子育てサポートハウス助産院mamanahouse,100,自治体連携等の産後ケア掲載レコード,13503,1,0,1,13503,高座郡寒川町倉見５９９－２,0467539301,35.3920381,139.3791812,birth_navi,birth_navi_not_crosschecked,0,0.0,0,0,1,
GCP-13504,まゆみ助産院,まゆみ助産院,100,自治体連携等の産後ケア掲載レコード,13504,1,0,1,13504,厚木市愛甲東１丁目８－１４,0462300748,35.417931,139.3462007,birth_navi,birth_navi_not_crosschecked,0,0.0,0,0,1,
GCP-13505,高橋母乳育児相談室,高橋母乳育児相談室,100,自治体連携等の産後ケア掲載レコード,13505,1,0,1,13505,中郡大磯町西小磯７５５－６,0463616739,35.3089595,139.3038128,birth_navi,birth_navi_not_crosschecked,0,0.0,0,0,1,
GCP-13507,湘南鎌倉助産院・産後ケアセンター　バースホーム湘南鎌倉,湘南鎌倉助産院産後ケアセンターバースホーム湘南鎌倉,100,自治体連携等の産後ケア掲載レコード,13507,1,0,1,13507,鎌倉市山崎１０９０－５,0467454103,35.3437745,139.5278624,birth_navi,birth_navi_not_crosschecked,0,0.0,0,0,1,
GCP-13508,あまね助産院,あまね助産院,100,自治体連携等の産後ケア掲載レコード,13508,1,0,1,13508,,08080418962,,,,missing_hidden_address_not_inferred,0,,0,0,0,
GCP-13509,うみのさち母乳育児相談室,うみのさち母乳育児相談室,100,自治体連携等の産後ケア掲載レコード,13509,1,0,1,13509,,09043877190,,,,missing_hidden_address_not_inferred,0,,0,0,1,
GCP-13510,母乳育児相談室～陽だまり～,母乳育児相談室陽だまり,100,自治体連携等の産後ケア掲載レコード,13510,1,0,1,13510,,08068115212,,,,missing_hidden_address_not_inferred,0,,0,0,1,
GCP-13511,助産院てとて,助産院てとて,100,自治体連携等の産後ケア掲載レコード,13511,1,0,1,13511,,08054667133,,,,missing_hidden_address_not_inferred,0,,0,0,1,
GCP-13513,メディカルパーク湘南バースケア,メディカルパーク湘南バースケア,100,自治体連携等の産後ケア掲載レコード,13513,1,0,1,13513,藤沢市湘南台1-24-7,0466410335,35.3941752,139.4698553,birth_navi,birth_navi_not_crosschecked,0,0.0,0,0,1,
GCP-13514,なぎさ助産院,なぎさ助産院,100,自治体連携等の産後ケア掲載レコード,13514,1,0,1,13514,茅ヶ崎市菱沼海岸7－18,08018955954,35.3212309,139.4210943,birth_navi,birth_navi_not_crosschecked,0,0.0,0,0,1,
GCP-13515,湘南助産師会,湘南助産師会,100,自治体連携等の産後ケア掲載レコード,13515,1,0,1,13515,,,,,,missing_hidden_address_not_inferred,0,,0,0,1,
GCP-13516,やちよ助産院,やちよ助産院,100,自治体連携等の産後ケア掲載レコード,13516,1,0,1,13516,小田原市栢山465-1,0465203006,35.3093897,139.1445579,birth_navi,birth_navi_not_crosschecked,0,0.0,0,0,1,
GCP-13517,あおぞら母乳育児相談室,あおぞら母乳育児相談室,100,自治体連携等の産後ケア掲載レコード,13517,1,0,1,13517,小田原市鴨宮512-1サンハイム102号室,09038752321,35.2856104,139.1772489,birth_navi,birth_navi_not_crosschecked,0,0.0,0,0,1,
GCP-13518,星の子助産院,星の子助産院,100,自治体連携等の産後ケア掲載レコード,13518,1,0,1,13518,,,,,,missing_hidden_address_not_inferred,0,,0,0,1,
GCP-13519,助産院・みゅーりえ,助産院みゅーりえ,100,自治体連携等の産後ケア掲載レコード,13519,1,0,1,13519,,09090159908,,,,missing_hidden_address_not_inferred,0,,0,0,1,
GCP-13520,あかね助産院母乳育児支援室,あかね助産院母乳育児支援室,100,自治体連携等の産後ケア掲載レコード,13520,1,0,1,13520,,09024037710,,,,missing_hidden_address_not_inferred,0,,0,0,1,
GCP-13521,ことほぎ母乳育児相談室,ことほぎ母乳育児相談室,100,自治体連携等の産後ケア掲載レコード,13521,1,0,1,13521,南足柄市沼田398-1,0465731167,35.292581,139.126646,birth_navi,birth_navi_not_crosschecked,0,0.0,0,0,1,
GCP-13522,助産院　海とつき,助産院海とつき,100,自治体連携等の産後ケア掲載レコード,13522,2,0,2,13522;13557,足柄下郡真鶴町岩351-4,0465303388,35.1619618,139.1344165,birth_navi,birth_navi_not_crosschecked,0,0.0,0,0,1,
GCP-13523,うみかぜ助産院,うみかぜ助産院,100,自治体連携等の産後ケア掲載レコード,13523,1,0,1,13523,逗子市逗子５-２-50,0468547390,35.2962286,139.5797666,birth_navi,birth_navi_not_crosschecked,0,0.0,0,0,1,
GCP-13524,ひとしずく助産院,ひとしずく助産院,100,自治体連携等の産後ケア掲載レコード,13524,1,0,1,13524,,,,,,missing_hidden_address_not_inferred,0,,0,0,1,
GCP-13525,いまり助産院,いまり助産院,100,自治体連携等の産後ケア掲載レコード,13525,1,0,1,13525,三浦市南下浦町上宮田3257-6池田ビル2-B,0468885558,35.1870302,139.6531245,birth_navi,birth_navi_not_crosschecked,0,0.0,0,0,1,
GCP-13526,冨宅真理子（出張専門）,冨宅真理子出張専門,100,自治体連携等の産後ケア掲載レコード,13526,1,0,1,13526,,07066643572,,,,missing_hidden_address_not_inferred,0,,0,0,1,
GCP-13527,アクアベルクリニック,アクアベルクリニック,100,自治体連携等の産後ケア掲載レコード,13527,1,0,1,13527,秦野市鈴張町3-25,0463728331,35.3755166,139.2079932,birth_navi,birth_navi_not_crosschecked,0,0.0,0,0,1,
GCP-13528,ひまわり助産院,ひまわり助産院,100,自治体連携等の産後ケア掲載レコード,13528,1,0,1,13528,秦野市堀西461-1-105,08058611081,35.3777216,139.1735822,birth_navi,birth_navi_not_crosschecked,0,0.0,0,0,1,
GCP-13529,厚木助産師会,厚木助産師会,100,自治体連携等の産後ケア掲載レコード,13529,1,0,1,13529,,,,,,missing_hidden_address_not_inferred,0,,0,0,1,
GCP-13530,出張専門助産師umi.なぎさ,出張専門助産師umiなぎさ,100,自治体連携等の産後ケア掲載レコード,13530,1,0,1,13530,,,,,,missing_hidden_address_not_inferred,0,,0,0,1,
GCP-13532,ほのか母乳育児相談室・よねみね助産院,ほのか母乳育児相談室よねみね助産院,100,自治体連携等の産後ケア掲載レコード,13532,1,0,1,13532,,,,,,missing_hidden_address_not_inferred,0,,0,0,1,
GCP-13533,産後ケア　芽生え,産後ケア芽生え,100,自治体連携等の産後ケア掲載レコード,13533,1,0,1,13533,上草柳8-28-4,09019921689,35.4780511,139.4491425,birth_navi,birth_navi_not_crosschecked,0,0.0,0,0,1,
GCP-13534,ありがとう助産院,ありがとう助産院,100,自治体連携等の産後ケア掲載レコード,13534,1,0,1,13534,,05036909551,,,,missing_hidden_address_not_inferred,0,,0,0,1,
GCP-13535,育児母乳相談室　ひな,育児母乳相談室ひな,100,自治体連携等の産後ケア掲載レコード,13535,1,0,1,13535,,05075765807,,,,missing_hidden_address_not_inferred,0,,0,0,1,
GCP-13536,TreatmentRoomGreen,treatmentroomgreen,100,自治体連携等の産後ケア掲載レコード,13536,1,0,1,13536,,08034040095,,,,missing_hidden_address_not_inferred,0,,0,0,1,
GCP-13537,伊勢原市こどもみらい課,伊勢原市こどもみらい課,100,自治体連携等の産後ケア掲載レコード,13537,1,0,1,13537,伊勢原市田中348,0463944637,35.4037325,139.3148171,birth_navi,birth_navi_not_crosschecked,0,0.0,0,0,1,
GCP-13538,株式会社エイジェック,株式会社エイジェック,100,自治体連携等の産後ケア掲載レコード,13538,1,0,1,13538,東京都新宿区西新宿1-25-1 新宿センタービル46階,,35.6921701,139.6949482,birth_navi,birth_navi_not_crosschecked,0,0.0,0,0,1,
GCP-13539,通所型産後ケアmamalu,通所型産後ケアmamalu,100,自治体連携等の産後ケア掲載レコード,13539,1,0,1,13539,相模原市南区相武台2-24-17（惠和整骨院・鍼灸院内）,,35.5036297,139.413882,birth_navi,birth_navi_not_crosschecked,0,0.0,0,0,1,
GCP-13540,大山　綾花,大山綾花,100,自治体連携等の産後ケア掲載レコード,13540,1,0,1,13540,座間市,09093576192,,,,missing_unresolved,0,,0,0,1,
GCP-13541,鈴木　亜紀,鈴木亜紀,100,自治体連携等の産後ケア掲載レコード,13541,1,0,1,13541,海老名市,08050065059,,,,missing_unresolved,0,,0,0,1,
GCP-13542,山浦　直子,山浦直子,100,自治体連携等の産後ケア掲載レコード,13542,1,0,1,13542,海老名市,09024517160,,,,missing_unresolved,0,,0,0,1,
GCP-13543,SUNFLOWER助産院,sunflower助産院,100,自治体連携等の産後ケア掲載レコード,13543,1,0,1,13543,相模原市,,,,,missing_unresolved,0,,0,0,1,
GCP-13544,助産院　織々,助産院織々,100,自治体連携等の産後ケア掲載レコード,13544,1,0,1,13544,海老名市,09063390994,,,,missing_unresolved,0,,0,0,1,
GCP-13545,たいよう母乳育児相談室,たいよう母乳育児相談室,100,自治体連携等の産後ケア掲載レコード,13545,1,0,1,13545,座間市,08030982524,,,,missing_unresolved,0,,0,0,1,
GCP-13547,ここむすび助産院,ここむすび助産院,100,自治体連携等の産後ケア掲載レコード,13547,1,0,1,13547,大和市,,,,,missing_unresolved,0,,0,0,1,
GCP-13549,うらら助産院,うらら助産院,100,自治体連携等の産後ケア掲載レコード,13549,1,0,1,13549,,09089609540,,,,missing_hidden_address_not_inferred,0,,0,0,1,
GCP-13550,こた助産所,こた助産所,100,自治体連携等の産後ケア掲載レコード,13550,1,0,1,13550,,09034346368,,,,missing_hidden_address_not_inferred,0,,0,0,1,
GCP-13551,医療法人社団慶水会　前田産婦人科,慶水会前田産婦人科,100,自治体連携等の産後ケア掲載レコード,13551,1,0,1,13551,平塚市松風町13-37,0467272322,35.3208649,139.3507968,birth_navi,birth_navi_not_crosschecked,0,0.0,0,0,1,
GCP-13552,上野母乳相談室,上野母乳相談室,100,自治体連携等の産後ケア掲載レコード,13552,1,0,1,13552,,09098156630,,,,missing_hidden_address_not_inferred,0,,0,0,1,
GCP-13553,助産院おさんぽ,助産院おさんぽ,100,自治体連携等の産後ケア掲載レコード,13553,1,0,1,13553,,09072034291,,,,missing_hidden_address_not_inferred,0,,0,0,1,
GCP-13554,松田町（直営）,松田町直営,100,自治体連携等の産後ケア掲載レコード,13554,1,0,1,13554,松田町松田惣領2037,0465845544,35.3483288,139.1390226,birth_navi,birth_navi_not_crosschecked,0,0.0,0,0,1,
GCP-13555,山北町,山北町,100,自治体連携等の産後ケア掲載レコード,13555,1,0,1,13555,"足柄上郡山北町山北1971－２
山北町健康福祉センター",0465750822,35.3604586,139.079625,birth_navi,birth_navi_not_crosschecked,0,0.0,0,0,1,
GCP-13556,真鶴町健康こども課,真鶴町健康こども課,100,自治体連携等の産後ケア掲載レコード,13556,1,0,1,13556,真鶴町真鶴433-1,0465681131,35.1564154,139.1357689,birth_navi,birth_navi_not_crosschecked,0,0.0,0,0,1,
GCP-13558,保健センター,保健センター,100,自治体連携等の産後ケア掲載レコード,13558,1,0,1,13558,湯河原町中央2-1-3,0465632111,35.1475666,139.1080322,birth_navi,birth_navi_not_crosschecked,0,0.0,0,0,1,
GCP-13559,愛川町健康プラザ,愛川町健康プラザ,100,自治体連携等の産後ケア掲載レコード,13559,1,0,1,13559,愛川町角田257-1,0462856970,35.5293072,139.321782,birth_navi,birth_navi_not_crosschecked,0,0.0,0,0,1,
GCP-13560,清川村子育て健康福祉課,清川村子育て健康福祉課,100,自治体連携等の産後ケア掲載レコード,13560,1,0,1,13560,清川村煤ヶ谷2216番地,0462883861,35.4823873,139.2763134,birth_navi,birth_navi_not_crosschecked,0,0.0,0,0,1,
GCP-13561,さくらマタニティケアホーム,さくらマタニティケアホーム,100,自治体連携等の産後ケア掲載レコード,13561,1,0,1,13561,新潟市江南区横越中央7-1-6,0253848603,37.8533856,139.14501,birth_navi,birth_navi_not_crosschecked,0,0.0,0,0,1,
GCP-13562,らっくりや,らっくりや,100,自治体連携等の産後ケア掲載レコード,13562,1,0,1,13562,新潟市東区石山3‐4‐35,0253690647,37.8943417,139.095702,birth_navi,birth_navi_not_crosschecked,0,0.0,0,0,1,
GCP-13563,株式会社RainbowSmiles,株式会社rainbowsmiles,100,自治体連携等の産後ケア掲載レコード,13563,1,0,1,13563,新潟県新潟市江南区西町2－3－24　2階,07050156416,37.8756188,139.1047397,birth_navi,birth_navi_not_crosschecked,0,0.0,0,0,1,
GCP-13564,特定非営利活動法人はっぴぃmama応援団,特定非営利活動法人はっぴぃmama応援団,100,自治体連携等の産後ケア掲載レコード,13564,1,0,1,13564,新潟市中央区神道寺1-5-44,0252783177,37.8989744,139.0570652,birth_navi,birth_navi_not_crosschecked,0,0.0,0,0,1,
GCP-13565,医療法人社団恵和会　産科婦人科　茅原クリニック,恵和会産科婦人科茅原クリニック,100,自治体連携等の産後ケア掲載レコード,13565,1,0,1,13565,三条市東本成寺12番14号,0256311103,37.6152037,138.9496288,birth_navi,birth_navi_not_crosschecked,0,0.0,0,0,1,
GCP-13566,助産院Clair de lune,助産院clairdelune,100,自治体連携等の産後ケア掲載レコード,13566,1,0,1,13566,,07044133594,,,,missing_hidden_address_not_inferred,0,,0,0,1,
GCP-13567,マコ助産院,マコ助産院,100,自治体連携等の産後ケア掲載レコード,13567,1,0,1,13567,,08037949638,,,,missing_hidden_address_not_inferred,0,,0,0,1,
GCP-13568,ふくかめ助産院,ふくかめ助産院,100,自治体連携等の産後ケア掲載レコード,13568,1,0,1,13568,新潟市江南区袋津4-3-31,08018542341,37.8637504,139.1147393,birth_navi,birth_navi_not_crosschecked,0,0.0,0,0,1,
GCP-13569,助産院　春ひつじ,助産院春ひつじ,100,自治体連携等の産後ケア掲載レコード,13569,1,0,1,13569,新潟市中央区川岸町３－２０－２９,08087767915,37.9087771,139.0258417,birth_navi,birth_navi_not_crosschecked,0,0.0,0,0,1,
GCP-13570,産後ケアハウスねんね　中曽根町,産後ケアハウスねんね中曽根町,100,自治体連携等の産後ケア掲載レコード,13570,1,0,1,13570,,09093864022,,,,missing_hidden_address_not_inferred,0,,0,0,1,
GCP-13571,産後ケアハウスねんね　住吉町,産後ケアハウスねんね住吉町,100,自治体連携等の産後ケア掲載レコード,13571,1,0,1,13571,新発田市住吉町2-8-8,09071796208,37.9484762,139.3115716,birth_navi,birth_navi_not_crosschecked,0,0.0,0,0,1,
GCP-13572,みはる助産所,みはる助産所,100,自治体連携等の産後ケア掲載レコード,13572,1,0,1,13572,新潟市南区白根古川104番地１,08011994151,37.7695721,139.0289951,birth_navi,birth_navi_not_crosschecked,0,0.0,0,0,1,
GCP-13573,あおき出張専門助産院,あおき出張専門助産院,100,自治体連携等の産後ケア掲載レコード,13573,1,0,1,13573,,08041684724,,,,missing_hidden_address_not_inferred,0,,0,0,1,
GCP-13574,いずみ出張専門助産院,いずみ出張専門助産院,100,自治体連携等の産後ケア掲載レコード,13574,1,0,1,13574,,09096306665,,,,missing_hidden_address_not_inferred,0,,0,0,1,
GCP-13575,佐久間沙都美助産所,佐久間沙都美助産所,100,自治体連携等の産後ケア掲載レコード,13575,1,0,1,13575,,09028320495,,,,missing_hidden_address_not_inferred,0,,0,0,1,
GCP-13576,子育て交流ぽーとtete,子育て交流ぽーとtete,100,自治体連携等の産後ケア掲載レコード,13576,1,0,1,13576,新潟市中央区近江3-4-14,08096806822,37.9018672,139.0458495,birth_navi,birth_navi_not_crosschecked,0,0.0,0,0,1,
GCP-13577,にれい母乳育児相談室,にれい母乳育児相談室,100,自治体連携等の産後ケア掲載レコード,13577,1,0,1,13577,新潟市西蒲区河井79-2,09026506989,37.7500349,138.9118159,birth_navi,birth_navi_not_crosschecked,0,0.0,0,0,1,
GCP-13578,助産師　福田　友美,助産師福田友美,100,自治体連携等の産後ケア掲載レコード,13578,1,0,1,13578,,09015075321,,,,missing_hidden_address_not_inferred,0,,0,0,1,
GCP-13579,鷲尾助産所,鷲尾助産所,100,自治体連携等の産後ケア掲載レコード,13579,1,0,1,13579,,09053361006,,,,missing_hidden_address_not_inferred,0,,0,0,1,
GCP-13580,助産師　齊藤里佳,助産師齊藤里佳,100,自治体連携等の産後ケア掲載レコード,13580,1,0,1,13580,,,,,,missing_hidden_address_not_inferred,0,,0,0,1,
GCP-13581,廣瀨恵子,廣瀨恵子,100,自治体連携等の産後ケア掲載レコード,13581,1,0,1,13581,,09057580635,,,,missing_hidden_address_not_inferred,0,,0,0,1,
GCP-13582,森川母乳育児相談室,森川母乳育児相談室,100,自治体連携等の産後ケア掲載レコード,13582,1,0,1,13582,新潟市江南区曽野木2-2-21,0252831741,37.8646424,139.0387184,birth_navi,birth_navi_not_crosschecked,0,0.0,0,0,1,
GCP-13583,母乳育児相談室きらきら,母乳育児相談室きらきら,100,自治体連携等の産後ケア掲載レコード,13583,1,0,1,13583,新潟市北区石動1-15-3-B,09045269063,37.9209002,139.2142205,birth_navi,birth_navi_not_crosschecked,0,0.0,0,0,1,
GCP-13584,株式会社ファミくるケア,株式会社ファミくるケア,100,自治体連携等の産後ケア掲載レコード,13584,1,0,1,13584,新潟市中央区万代1-6-1万代シテイバスセンタービル3階,08074265005,37.9164065,139.0555972,birth_navi,birth_navi_not_crosschecked,0,0.0,0,0,1,
GCP-13585,はぴなす訪問看護ステーションwith child happy life,はぴなす訪問看護ステーションwithchildhappylife,100,自治体連携等の産後ケア掲載レコード,13585,1,0,1,13585,加茂市矢立1－13,05055367075,37.6555662,139.0459674,birth_navi,birth_navi_not_crosschecked,0,0.0,0,0,1,
GCP-13586,助産師　児玉　明子,助産師児玉明子,100,自治体連携等の産後ケア掲載レコード,13586,1,0,1,13586,,09078068787,,,,missing_hidden_address_not_inferred,0,,0,0,1,
GCP-13587,大墨助産院,大墨助産院,100,自治体連携等の産後ケア掲載レコード,13587,1,0,1,13587,新潟市秋葉区朝日448-1,0250251911,37.7693324,139.1189966,birth_navi,birth_navi_not_crosschecked,0,0.0,0,0,1,
GCP-13588,なかむら母乳育児相談室,なかむら母乳育児相談室,100,自治体連携等の産後ケア掲載レコード,13588,1,0,1,13588,新潟市東区もえぎ野３－７－１６,0252767686,37.8943239,139.106493,birth_navi,birth_navi_not_crosschecked,0,0.0,0,0,1,
GCP-13589,うえだ助産院,うえだ助産院,100,自治体連携等の産後ケア掲載レコード,13589,1,0,1,13589,新潟市秋葉区大鹿591,09082576927,37.7953057,139.0953294,birth_navi,birth_navi_not_crosschecked,0,0.0,0,0,1,
GCP-13590,Mom's　ally,momsally,100,自治体連携等の産後ケア掲載レコード,13590,1,0,1,13590,,09052055789,,,,missing_hidden_address_not_inferred,0,,0,0,1,
GCP-13591,助産院　笑虹然,助産院笑虹然,100,自治体連携等の産後ケア掲載レコード,13591,1,0,1,13591,三条市西中897-1,07033692225,37.6105873,138.9480004,birth_navi,birth_navi_not_crosschecked,0,0.0,0,0,1,
GCP-13592,神林　恵子,神林恵子,100,自治体連携等の産後ケア掲載レコード,13592,1,0,1,13592,小千谷市片貝町,09078358696,,,,missing_unresolved,0,,0,0,1,
GCP-13593,助産師細川,助産師細川,100,自治体連携等の産後ケア掲載レコード,13593,1,0,1,13593,小千谷市三仏生,09033311030,,,,missing_unresolved,0,,0,0,1,
GCP-13594,笑虹然,笑虹然,100,自治体連携等の産後ケア掲載レコード,13594,1,0,1,13594,三条市西中897-1,0256474740,37.6105873,138.9480004,birth_navi,birth_navi_not_crosschecked,0,0.0,0,0,1,
GCP-13595,加茂市,加茂市,100,自治体連携等の産後ケア掲載レコード,13595,1,0,1,13595,加茂市幸町2丁目3番5号,0256520080,37.666116,139.0406859,birth_navi,birth_navi_not_crosschecked,0,0.0,0,0,1,
GCP-13596,見附市教育委員会こども課こども家庭センターネウボラみつけ,見附市教育委員会こども課こども家庭センターネウボラみつけ,100,自治体連携等の産後ケア掲載レコード,13596,1,0,1,13596,"見附市学校町２丁目１３番３０号
見附市保健福祉センター２階",0258632860,37.5349993,138.9206968,birth_navi,birth_navi_not_crosschecked,0,0.0,0,0,1,
GCP-13597,産後ケアハウス ねんね,産後ケアハウスねんね,100,自治体連携等の産後ケア掲載レコード,13597,3,0,3,13597;13609;13613,【木・金曜日】新発田市中曽根町 【火・水曜日】新発田市住吉町,,,,,missing_unresolved,0,,0,0,1,
GCP-13598,村上市役所 保健医療課,村上市役所保健医療課,100,自治体連携等の産後ケア掲載レコード,13598,1,0,1,13598,村上市三之町 1 番 1 号,0254533364,38.2229966,139.4798151,birth_navi,birth_navi_not_crosschecked,0,0.0,0,0,1,
GCP-13599,Sayu助産院,sayu助産院,100,自治体連携等の産後ケア掲載レコード,13599,1,0,1,13599,燕市吉田日之出町2-7,08020522336,37.6858667,138.8790115,birth_navi,birth_navi_not_crosschecked,0,0.0,0,0,1,
GCP-13600,助産師　石黒　良子,助産師石黒良子,100,自治体連携等の産後ケア掲載レコード,13600,1,0,1,13600,燕市水道町３丁目33-2,0256635954,37.6549146,138.9063148,birth_navi,birth_navi_not_crosschecked,0,0.0,0,0,1,
GCP-13601,助産師　長谷川　恵子,助産師長谷川恵子,100,自治体連携等の産後ケア掲載レコード,13601,1,0,1,13601,長岡市寺泊1155-1,0258753692,37.6203796,138.8137832,birth_navi,birth_navi_not_crosschecked,0,0.0,0,0,1,
GCP-13602,助産師　鶴巻　秀子,助産師鶴巻秀子,100,自治体連携等の産後ケア掲載レコード,13602,1,0,1,13602,燕市杣木1684,0256626683,37.6699312,138.9261062,birth_navi,birth_navi_not_crosschecked,0,0.0,0,0,1,
GCP-13603,NPO法人Palette,npo法人palette,100,自治体連携等の産後ケア掲載レコード,13603,1,0,1,13603,糸魚川市上刈４丁目22番１号,09058197239,37.0323551,137.8555289,birth_navi,birth_navi_not_crosschecked,0,0.0,0,0,1,
GCP-13604,妙高市こども家庭センター,妙高市こども家庭センター,100,自治体連携等の産後ケア掲載レコード,13604,1,0,1,13604,妙高市栄町５－１,0255740065,37.0252107,138.2535676,birth_navi,birth_navi_not_crosschecked,0,0.0,0,0,1,
GCP-13605,亀田第一病院,亀田第一病院,100,自治体連携等の産後ケア掲載レコード,13605,1,0,1,13605,新潟市江南区西町２丁目5-22,0253823111,37.8747192,139.104208,birth_navi,birth_navi_not_crosschecked,0,0.0,0,0,0,
GCP-13606,上越助産師会,上越助産師会,100,自治体連携等の産後ケア掲載レコード,13606,1,0,1,13606,,,,,,missing_hidden_address_not_inferred,0,,0,0,1,
GCP-13607,新潟県助産師会,新潟県助産師会,100,自治体連携等の産後ケア掲載レコード,13607,1,0,1,13607,新潟市中央区川岸町 2-11,0252679772,37.9115019,139.0303707,birth_navi,birth_navi_not_crosschecked,0,0.0,0,0,1,
GCP-13608,在宅助産師,在宅助産師,100,自治体連携等の産後ケア掲載レコード,13608,1,0,1,13608,,,,,,missing_hidden_address_not_inferred,0,,0,0,1,
GCP-13611,はっぴぃmamaはうす,はっぴぃmamaはうす,100,自治体連携等の産後ケア掲載レコード,13611,1,0,1,13611,新潟市中央区神道寺1丁目5番44号,,37.8989744,139.0570652,birth_navi,birth_navi_not_crosschecked,0,0.0,0,0,1,
GCP-13612,在宅助産師,在宅助産師,100,自治体連携等の産後ケア掲載レコード,13612,1,0,1,13612,,,,,,missing_hidden_address_not_inferred,0,,0,0,1,
GCP-13614,弥彦村役場　健康推進課,弥彦村役場健康推進課,100,自治体連携等の産後ケア掲載レコード,13614,1,0,1,13614,,,,,,missing_hidden_address_not_inferred,0,,0,0,1,
GCP-13615,在宅助産師,在宅助産師,100,自治体連携等の産後ケア掲載レコード,13615,1,0,1,13615,,,,,,missing_hidden_address_not_inferred,0,,0,0,1,
GCP-13616,在宅助産師,在宅助産師,100,自治体連携等の産後ケア掲載レコード,13616,1,0,1,13616,,,,,,missing_hidden_address_not_inferred,0,,0,0,1,
GCP-13617,富山市産後ケア応援室,富山市産後ケア応援室,100,自治体連携等の産後ケア掲載レコード,13617,1,0,1,13617,富山市総曲輪4丁目4番8号,0764613541,36.6903341,137.2102601,birth_navi,birth_navi_not_crosschecked,0,0.0,0,0,1,
GCP-13618,かねこ助産院,かねこ助産院,100,自治体連携等の産後ケア掲載レコード,13618,1,0,1,13618,富山市新川原町５-21 木町テラス1階,08053354923,36.6934629,137.2185878,birth_navi,birth_navi_not_crosschecked,0,0.0,0,0,1,
GCP-13619,桜谷助産院,桜谷助産院,100,自治体連携等の産後ケア掲載レコード,13619,1,0,1,13619,富山市安養坊391-1,09077451136,36.7107661,137.1918097,birth_navi,birth_navi_not_crosschecked,0,0.0,0,0,1,
GCP-13620,プラット・フォーム助産院,プラットフォーム助産院,100,自治体連携等の産後ケア掲載レコード,13620,3,0,3,13620;13632;13645,中新川郡上市町郷柿沢716,09070835292,36.7114139,137.3681695,birth_navi,birth_navi_not_crosschecked,0,0.0,0,0,1,
GCP-13621,高岡市民病院,高岡市民病院,100,自治体連携等の産後ケア掲載レコード,13621,1,0,1,13621,高岡市宝町４－１,0766230204,36.7561293,137.02793,birth_navi,birth_navi_not_crosschecked,0,0.0,0,0,1,
GCP-13622,さくら助産院,さくら助産院,100,自治体連携等の産後ケア掲載レコード,13622,1,0,1,13622,高岡市伏木矢田２１－１３,09020355726,36.7925921,137.0409643,birth_navi,birth_navi_not_crosschecked,0,0.0,0,0,1,
GCP-13623,たけのこ助産院,たけのこ助産院,100,自治体連携等の産後ケア掲載レコード,13623,1,0,1,13623,,,,,,missing_hidden_address_not_inferred,0,,0,0,1,
GCP-13624,助産院ぬまこ,助産院ぬまこ,100,自治体連携等の産後ケア掲載レコード,13624,1,0,1,13624,高岡市戸出町５－９－１２,09080929510,36.68428,136.9680385,birth_navi,birth_navi_not_crosschecked,0,0.0,0,0,1,
GCP-13625,にじいろ助産院,にじいろ助産院,100,自治体連携等の産後ケア掲載レコード,13625,1,0,1,13625,高岡市石瀬２６５－５,0766229369,36.7528564,137.0414829,birth_navi,birth_navi_not_crosschecked,0,0.0,0,0,1,
GCP-13626,よつば助産院,よつば助産院,100,自治体連携等の産後ケア掲載レコード,13626,1,0,1,13626,高岡市戸出町５－４－５８,09082636522,36.6847984,136.9694791,birth_navi,birth_navi_not_crosschecked,0,0.0,0,0,1,
GCP-13627,厚生連滑川病院,厚生連滑川病院,100,自治体連携等の産後ケア掲載レコード,13627,1,0,1,13627,滑川市常磐町119,0764751000,36.7699938,137.3454175,birth_navi,birth_navi_not_crosschecked,0,0.0,0,0,1,
GCP-13628,おおもり助産院,おおもり助産院,100,自治体連携等の産後ケア掲載レコード,13628,1,0,1,13628,,,,,,missing_hidden_address_not_inferred,0,,0,0,1,
GCP-13629,田中ひとみ助産院,田中ひとみ助産院,100,自治体連携等の産後ケア掲載レコード,13629,1,0,1,13629,,,,,,missing_hidden_address_not_inferred,0,,0,0,1,
GCP-13630,むら助産院,むら助産院,100,自治体連携等の産後ケア掲載レコード,13630,1,0,1,13630,,,,,,missing_hidden_address_not_inferred,0,,0,0,1,
GCP-13631,おひさま助産院,おひさま助産院,100,自治体連携等の産後ケア掲載レコード,13631,1,0,1,13631,滑川市清水町15-34,09020920586,36.7646994,137.3461682,birth_navi,birth_navi_not_crosschecked,0,0.0,0,0,1,
GCP-13633,オリーブ助産院,オリーブ助産院,100,自治体連携等の産後ケア掲載レコード,13633,1,0,1,13633,,,,,,missing_hidden_address_not_inferred,0,,0,0,1,
GCP-13634,楽nico助産院,楽nico助産院,100,自治体連携等の産後ケア掲載レコード,13634,1,0,1,13634,,,,,,missing_hidden_address_not_inferred,0,,0,0,1,
GCP-13635,母乳育児相談室こころ助産院,母乳育児相談室こころ助産院,100,自治体連携等の産後ケア掲載レコード,13635,1,0,1,13635,,,,,,missing_hidden_address_not_inferred,0,,0,0,1,
GCP-13637,はぐはぐ助産院,はぐはぐ助産院,100,自治体連携等の産後ケア掲載レコード,13637,1,0,1,13637,,,,,,missing_hidden_address_not_inferred,0,,0,0,1,
GCP-13638,伏木医院,伏木医院,100,自治体連携等の産後ケア掲載レコード,13638,1,0,1,13638,砺波市宮丸568,0763322275,36.655119,136.9676384,birth_navi,birth_navi_not_crosschecked,0,0.0,0,0,1,
GCP-13640,公立学校共済組合　北陸中央病院,公立学校共済組合北陸中央病院,100,自治体連携等の産後ケア掲載レコード,13640,1,0,1,13640,小矢部市野寺１２３,0766671150,36.6650907,136.8898773,birth_navi,birth_navi_not_crosschecked,0,0.0,0,0,1,
GCP-13641,松原　久代,松原久代,100,自治体連携等の産後ケア掲載レコード,13641,1,0,1,13641,,,,,,missing_hidden_address_not_inferred,0,,0,0,1,
GCP-13642,ひまわり助産院,ひまわり助産院,100,自治体連携等の産後ケア掲載レコード,13642,1,0,1,13642,射水市戸破1542－12,0766578377,36.7193693,137.1035484,birth_navi,birth_navi_not_crosschecked,0,0.0,0,0,1,
GCP-13643,オオニシ助産院,オオニシ助産院,100,自治体連携等の産後ケア掲載レコード,13643,1,0,1,13643,射水市朴木174,09073466605,36.7611144,137.0783249,birth_navi,birth_navi_not_crosschecked,0,0.0,0,0,1,
GCP-13644,きなり助産院,きなり助産院,100,自治体連携等の産後ケア掲載レコード,13644,1,0,1,13644,立山町宮成18-2,07090200383,36.6750844,137.315898,birth_navi,birth_navi_not_crosschecked,0,0.0,0,0,1,
GCP-13646,富山市まちなか産後ケア応援室,富山市まちなか産後ケア応援室,100,自治体連携等の産後ケア掲載レコード,13646,1,0,1,13646,富山市総曲輪4丁目4番8号,0764613603,36.6903341,137.2102601,birth_navi,birth_navi_not_crosschecked,0,0.0,0,0,1,
GCP-13647,かみいち総合病院,かみいち総合病院,100,自治体連携等の産後ケア掲載レコード,13647,1,0,1,13647,上市町法音寺51,0764721212,36.7031981,137.360989,birth_navi,birth_navi_not_crosschecked,0,0.0,0,0,1,
GCP-13636,まつしま助産院,まつしま助産院,100,自治体連携等の産後ケア掲載レコード,13648,2,0,2,13636;13648,下新川郡入善町福島１０６,0765723083,36.9027832,137.4951542,birth_navi,birth_navi_not_crosschecked,0,0.0,0,0,1,
GCP-13649,MIZUI相談室,mizui相談室,100,自治体連携等の産後ケア掲載レコード,13649,1,0,1,13649,朝日町大家庄372,,36.9299183,137.5566665,birth_navi,birth_navi_not_crosschecked,0,0.0,0,0,1,
GCP-13650,あやめ助産院,あやめ助産院,100,自治体連携等の産後ケア掲載レコード,13650,1,0,1,13650,小松市西軽海町,09028337326,,,,missing_unresolved,0,,0,0,1,
GCP-13651,くじら助産院,くじら助産院,100,自治体連携等の産後ケア掲載レコード,13651,1,0,1,13651,小松市埴田町ト6-1,09060342309,36.4072185,136.5134611,birth_navi,birth_navi_not_crosschecked,0,0.0,0,0,1,
GCP-13652,さち助産院,さち助産院,100,自治体連携等の産後ケア掲載レコード,13652,1,0,1,13652,小松市上本折町,08030442434,,,,missing_unresolved,0,,0,0,1,
GCP-13653,ははまる助産院,ははまる助産院,100,自治体連携等の産後ケア掲載レコード,13653,1,0,1,13653,小松市松梨町,,,,,missing_unresolved,0,,0,0,1,
GCP-13654,矢野助産院,矢野助産院,100,自治体連携等の産後ケア掲載レコード,13654,1,0,1,13654,小松市蓮代寺町,,,,,missing_unresolved,0,,0,0,1,
GCP-13655,そらまめ教室,そらまめ教室,100,自治体連携等の産後ケア掲載レコード,13655,1,0,1,13655,,,,,,missing_hidden_address_not_inferred,0,,0,0,1,
GCP-13656,珠洲市総合病院,珠洲市総合病院,100,自治体連携等の産後ケア掲載レコード,13656,1,0,1,13656,珠洲市野々江町ユ部1番地1,0768821811,37.4430321,137.2712919,birth_navi,birth_navi_not_crosschecked,0,0.0,0,0,1,
GCP-13657,あゆみ助産院,あゆみ助産院,100,自治体連携等の産後ケア掲載レコード,13657,1,0,1,13657,,09097671763,,,,missing_hidden_address_not_inferred,0,,0,0,1,
GCP-13659,金沢聖霊総合病院,金沢聖霊総合病院,100,自治体連携等の産後ケア掲載レコード,13659,1,0,1,13659,金沢市長町１丁目5番30号,0762311295,36.5655887,136.6503814,birth_navi,birth_navi_not_crosschecked,0,0.0,0,0,1,
GCP-13660,まゆみ助産院,まゆみ助産院,100,自治体連携等の産後ケア掲載レコード,13660,1,0,1,13660,金沢市割出町３４２－６,09077449913,36.6003228,136.6405001,birth_navi,birth_navi_not_crosschecked,0,0.0,0,0,1,
GCP-13661,たらちね助産院,たらちね助産院,100,自治体連携等の産後ケア掲載レコード,13661,1,0,1,13661,金沢市七ツ屋ニ5-1,09032947076,36.5890411,136.6498885,birth_navi,birth_navi_not_crosschecked,0,0.0,0,0,1,
GCP-13662,asami助産院デュゥオ,asami助産院デュゥオ,100,自治体連携等の産後ケア掲載レコード,13662,2,0,2,13662;13670,金沢市粟崎町4−67,09028342257,36.6314105,136.6236951,birth_navi,birth_navi_not_crosschecked,0,0.0,0,0,1,
GCP-13663,石川県助産師会,石川県助産師会,100,自治体連携等の産後ケア掲載レコード,13663,2,0,2,13663;13677,,09043284272,,,,missing_hidden_address_not_inferred,0,,0,0,1,
GCP-13664,すくすくSUN羽,すくすくsun羽,100,自治体連携等の産後ケア掲載レコード,13664,1,0,1,13664,能美市湯谷町ワ2番地,09097696707,36.4362538,136.5156312,birth_navi,birth_navi_not_crosschecked,0,0.0,0,0,1,
GCP-13667,松南病院,松南病院,100,自治体連携等の産後ケア掲載レコード,13667,1,0,1,13667,,,,,,missing_hidden_address_not_inferred,0,,0,0,1,
GCP-13668,つむぎクリニック,つむぎクリニック,100,自治体連携等の産後ケア掲載レコード,13668,1,0,1,13668,,,,,,missing_hidden_address_not_inferred,0,,0,0,1,
GCP-13671,あじさい助産院,あじさい助産院,100,自治体連携等の産後ケア掲載レコード,13671,1,0,1,13671,,,,,,missing_hidden_address_not_inferred,0,,0,0,1,
GCP-13672,たらちね助産院,たらちね助産院,100,自治体連携等の産後ケア掲載レコード,13672,1,0,1,13672,,,,,,missing_hidden_address_not_inferred,0,,0,0,1,
GCP-13673,まゆみ助産院,まゆみ助産院,100,自治体連携等の産後ケア掲載レコード,13673,1,0,1,13673,,,,,,missing_hidden_address_not_inferred,0,,0,0,1,
GCP-13676,ありま助産院,ありま助産院,100,自治体連携等の産後ケア掲載レコード,13676,1,0,1,13676,,,,,,missing_hidden_address_not_inferred,0,,0,0,1,
GCP-13678,ひなた女性クリニック,ひなた女性クリニック,100,自治体連携等の産後ケア掲載レコード,13678,2,0,2,13678;13715,福井市東森田3丁目207番地,0776561435,36.1206393,136.2539605,birth_navi,birth_navi_not_crosschecked,0,0.0,0,0,1,
GCP-13679,わかさ助産師会うぶごえ,わかさ助産師会うぶごえ,100,自治体連携等の産後ケア掲載レコード,13679,1,0,1,13679,,,,,,missing_hidden_address_not_inferred,0,,0,0,1,
GCP-13680,福井勝山総合病院,福井勝山総合病院,100,自治体連携等の産後ケア掲載レコード,13680,1,0,1,13680,福井県勝山市長山町２丁目６－２１,0779880350,36.0708386,136.5061952,birth_navi,birth_navi_not_crosschecked,0,0.0,0,0,1,
GCP-13681,よしだ助産院（井元産婦人科内）,よしだ助産院井元産婦人科内,100,自治体連携等の産後ケア掲載レコード,13681,1,0,1,13681,越前市堀川町6-25,0778517182,35.8983709,136.1722984,birth_navi,birth_navi_not_crosschecked,0,0.0,0,0,1,
GCP-13682,産前産後ケア施設　zuttoぎゅっと。,産前産後ケア施設zuttoぎゅっと,100,自治体連携等の産後ケア掲載レコード,13682,1,0,1,13682,越前市押田2丁目9　Eうのビル2階,09053372108,35.9076298,136.1889994,birth_navi,birth_navi_not_crosschecked,0,0.0,0,0,1,
GCP-13683,かたおか助産所,かたおか助産所,100,自治体連携等の産後ケア掲載レコード,13683,1,0,1,13683,福井市若杉1丁目2103,0776340381,36.0591927,136.1897714,birth_navi,birth_navi_not_crosschecked,0,0.0,0,0,1,
GCP-13684,三嶋母乳と育児の相談室Manma,三嶋母乳と育児の相談室manma,100,自治体連携等の産後ケア掲載レコード,13684,1,0,1,13684,福井市飯塚町13-116,0776342307,36.0639021,136.1837691,birth_navi,birth_navi_not_crosschecked,0,0.0,0,0,1,
GCP-13685,はるひな助産院,はるひな助産院,100,自治体連携等の産後ケア掲載レコード,13685,1,0,1,13685,勝山市鹿谷町志田8-3-1,09070847983,36.064811,136.4616021,birth_navi,birth_navi_not_crosschecked,0,0.0,0,0,1,
GCP-13686,ハッピー♥ベビー母乳育児相談室,ハッピーベビー母乳育児相談室,100,自治体連携等の産後ケア掲載レコード,13686,1,0,1,13686,坂井市春江町江留下相田15-2,08093867172,36.1279693,136.2186257,birth_navi,birth_navi_not_crosschecked,0,0.0,0,0,1,
GCP-13687,助産師ハルキママ母乳育児相談室,助産師ハルキママ母乳育児相談室,100,自治体連携等の産後ケア掲載レコード,13687,1,0,1,13687,坂井市春江町藤鷲塚18-4,09021244507,36.1444018,136.2145572,birth_navi,birth_navi_not_crosschecked,0,0.0,0,0,1,
GCP-13688,西村助産院　まかない母乳育児相談室,西村助産院まかない母乳育児相談室,100,自治体連携等の産後ケア掲載レコード,13688,1,0,1,13688,福井市板垣1丁目５０８　ハクレイハイムB号室,0776330246,36.0499929,136.2292712,birth_navi,birth_navi_not_crosschecked,0,0.0,0,0,1,
GCP-13689,千秋助産所,千秋助産所,100,自治体連携等の産後ケア掲載レコード,13689,1,0,1,13689,福井市春日町,09097675095,,,,missing_unresolved,0,,0,0,1,
GCP-13690,おむすび助産院,おむすび助産院,100,自治体連携等の産後ケア掲載レコード,13690,1,0,1,13690,福井市西方1－20-1　ﾅﾁｭﾗﾙﾊｳｽｴｲﾐS棟１０２,08051615465,36.0511102,136.2363151,birth_navi,birth_navi_not_crosschecked,0,0.0,0,0,1,
GCP-13691,巴山助産院,巴山助産院,100,自治体連携等の産後ケア掲載レコード,13691,1,0,1,13691,福井市板垣5丁目,09089653453,36.0441334,136.2295322,birth_navi,birth_navi_not_crosschecked,0,0.0,0,0,1,
GCP-13692,なばたけ助産院,なばたけ助産院,100,自治体連携等の産後ケア掲載レコード,13692,1,0,1,13692,坂井市坂井町若宮,09061506375,,,,missing_unresolved,0,,0,0,1,
GCP-13693,みらい助産院,みらい助産院,100,自治体連携等の産後ケア掲載レコード,13693,1,0,1,13693,越前町広野,09082610352,,,,missing_unresolved,0,,0,0,1,
GCP-13694,塚本助産所,塚本助産所,100,自治体連携等の産後ケア掲載レコード,13694,1,0,1,13694,敦賀市昭和町,09082692990,,,,missing_unresolved,0,,0,0,1,
GCP-13695,アイアイ親子サポートセンター,アイアイ親子サポートセンター,100,自治体連携等の産後ケア掲載レコード,13695,1,0,1,13695,鯖江市水落町２丁目３０番１号,0778521138,35.9615656,136.1878022,birth_navi,birth_navi_not_crosschecked,0,0.0,0,0,1,
GCP-13696,あわら市こども家庭センターこあらっこ,あわら市こども家庭センターこあらっこ,100,自治体連携等の産後ケア掲載レコード,13696,1,0,1,13696,あわら市国影13-13,0776738010,36.2242784,136.203539,birth_navi,birth_navi_not_crosschecked,0,0.0,0,0,1,
GCP-13698,福井県医師会,福井県医師会,100,自治体連携等の産後ケア掲載レコード,13698,1,0,1,13698,,,,,,missing_hidden_address_not_inferred,0,,0,0,1,
GCP-13699,馬地助産院,馬地助産院,100,自治体連携等の産後ケア掲載レコード,13699,1,0,1,13699,若狭町岩屋42-4,08026683802,35.5085737,135.897703,birth_navi,birth_navi_not_crosschecked,0,0.0,0,0,1,
GCP-13700,母乳相談室マミークラブ,母乳相談室マミークラブ,100,自治体連携等の産後ケア掲載レコード,13700,1,0,1,13700,,,,,,missing_hidden_address_not_inferred,0,,0,0,1,
GCP-13701,ままどれみ,ままどれみ,100,自治体連携等の産後ケア掲載レコード,13701,1,0,1,13701,福井市寺前町6-19-1グレートシャンパーニュー103 号室,09097670210,36.1007421,136.2370798,birth_navi,birth_navi_not_crosschecked,0,0.0,0,0,1,
GCP-13702,小林助産所,小林助産所,100,自治体連携等の産後ケア掲載レコード,13702,1,0,1,13702,福井市新保２丁目,09023787626,36.0794372,136.2507225,birth_navi,birth_navi_not_crosschecked,0,0.0,0,0,1,
GCP-13703,ｉｏｒｉ助産院,iori助産院,100,自治体連携等の産後ケア掲載レコード,13703,1,0,1,13703,福井市町屋,09037628171,,,,missing_unresolved,0,,0,0,1,
GCP-13704,なついろ,なついろ,100,自治体連携等の産後ケア掲載レコード,13704,1,0,1,13704,福井市田原1丁目,09058583999,36.0728401,136.2172827,birth_navi,birth_navi_not_crosschecked,0,0.0,0,0,1,
GCP-13705,母乳ケアBaby's  breath,母乳ケアbabysbreath,100,自治体連携等の産後ケア掲載レコード,13705,1,0,1,13705,坂井市三国町宿1-7-33,09056869269,36.2201858,136.1426042,birth_navi,birth_navi_not_crosschecked,0,0.0,0,0,1,
GCP-13706,のじま助産院,のじま助産院,100,自治体連携等の産後ケア掲載レコード,13706,1,0,1,13706,越前市,09085743190,,,,missing_unresolved,0,,0,0,1,
GCP-13707,いちご助産院,いちご助産院,100,自治体連携等の産後ケア掲載レコード,13707,1,0,1,13707,敦賀市山泉,09077409475,,,,missing_unresolved,0,,0,0,1,
GCP-13708,高橋助産院,高橋助産院,100,自治体連携等の産後ケア掲載レコード,13708,1,0,1,13708,敦賀市新和町２丁目,09043265935,35.6272413,136.054533,birth_navi,birth_navi_not_crosschecked,0,0.0,0,0,1,
GCP-13709,みちる助産院,みちる助産院,100,自治体連携等の産後ケア掲載レコード,13709,1,0,1,13709,敦賀市松葉町,09071920733,,,,missing_unresolved,0,,0,0,1,
GCP-13710,NAMIE助産院,namie助産院,100,自治体連携等の産後ケア掲載レコード,13710,1,0,1,13710,敦賀市舞崎町,08040107674,,,,missing_unresolved,0,,0,0,1,
GCP-13711,矢袋助産所,矢袋助産所,100,自治体連携等の産後ケア掲載レコード,13711,1,0,1,13711,小浜市湊13-15,09051789159,35.5109723,135.7522378,birth_navi,birth_navi_not_crosschecked,0,0.0,0,0,1,
GCP-13712,やく助産院,やく助産院,100,自治体連携等の産後ケア掲載レコード,13712,1,0,1,13712,高浜町東三松,09090420803,,,,missing_unresolved,0,,0,0,1,
GCP-13713,Mam’ｓHarmony母乳育児相談室,mamsharmony母乳育児相談室,100,自治体連携等の産後ケア掲載レコード,13713,1,0,1,13713,若狭町井崎49-1,09035001068,35.5150416,135.8973405,birth_navi,birth_navi_not_crosschecked,0,0.0,0,0,1,
GCP-13714,ホーカベレディースクリニック,ホーカベレディースクリニック,100,自治体連携等の産後ケア掲載レコード,13714,1,0,1,13714,勝山市鹿谷町志田8-3-1,0776331467,36.064811,136.4616021,birth_navi,birth_navi_not_crosschecked,0,0.0,0,0,1,
GCP-13716,Mana助産院,mana助産院,100,自治体連携等の産後ケア掲載レコード,13716,1,0,1,13716,南越前町今庄115-102-6,09070887671,35.7644355,136.2015948,birth_navi,birth_navi_not_crosschecked,0,0.0,0,0,1,
GCP-13717,高浜町こども未来課,高浜町こども未来課,100,自治体連携等の産後ケア掲載レコード,13717,1,0,1,13717,大飯郡高浜町宮崎86-23-2,0770726154,35.4879766,135.5459448,birth_navi,birth_navi_not_crosschecked,0,0.0,0,0,1,
GCP-13718,わかさ助産師会うぶごえ【ちょこっとコース】,わかさ助産師会うぶごえちょこっとコース,100,自治体連携等の産後ケア掲載レコード,13718,1,0,1,13718,,,,,,missing_hidden_address_not_inferred,0,,0,0,1,
GCP-13719,わかさ助産師会うぶごえ【ゆったりコース】,わかさ助産師会うぶごえゆったりコース,100,自治体連携等の産後ケア掲載レコード,13719,1,0,1,13719,,,,,,missing_hidden_address_not_inferred,0,,0,0,1,
GCP-13720,若狭町子育て支援課,若狭町子育て支援課,100,自治体連携等の産後ケア掲載レコード,13720,1,0,1,13720,若狭町市場２０－１８,0770622704,35.4619889,135.8573419,birth_navi,birth_navi_not_crosschecked,0,0.0,0,0,1,
GCP-13721,産前産後ケアセンターママの里,産前産後ケアセンターママの里,100,自治体連携等の産後ケア掲載レコード,13721,1,0,1,13721,山梨県笛吹市石和町窪中島587-112,0552683575,35.6464044,138.6273233,birth_navi,birth_navi_not_crosschecked,0,0.0,0,0,1,
GCP-13722,産後ケアセンターいちばん星,産後ケアセンターいちばん星,100,自治体連携等の産後ケア掲載レコード,13722,1,0,1,13722,山梨県中巨摩郡昭和町河東中島748-1,0552685577,35.6229154,138.5309924,birth_navi,birth_navi_not_crosschecked,0,0.0,0,0,1,
GCP-13723,おうちdeホッとママケア,おうちdeホッとママケア,100,自治体連携等の産後ケア掲載レコード,13723,1,0,1,13723,,,,,,missing_hidden_address_not_inferred,0,,0,0,1,
GCP-13724,産前産後ケアルーム　ひだまり,産前産後ケアルームひだまり,100,自治体連携等の産後ケア掲載レコード,13724,1,0,1,13724,富士吉田市下吉田6-1-1,0555256681,35.4874631,138.807784,birth_navi,birth_navi_not_crosschecked,0,0.0,0,0,1,
GCP-13725,都留市役所,都留市役所,100,自治体連携等の産後ケア掲載レコード,13725,1,0,1,13725,都留市下谷2516-1,0554465113,35.5594842,138.9210572,birth_navi,birth_navi_not_crosschecked,0,0.0,0,0,1,
GCP-13726,Art touch にらさき助産院,arttouchにらさき助産院,100,自治体連携等の産後ケア掲載レコード,13726,1,0,1,13726,韮崎市富士見1-8-3,09083187920,35.7114651,138.4541717,birth_navi,birth_navi_not_crosschecked,0,0.0,0,0,1,
GCP-13727,こだま助産院,こだま助産院,100,自治体連携等の産後ケア掲載レコード,13727,1,0,1,13727,北杜市高根町五町田1671-8,09054053359,35.83868,138.3970571,birth_navi,birth_navi_not_crosschecked,0,0.0,0,0,1,
GCP-13728,ｔｕｔｕバレエ助産所,tutuバレエ助産所,100,自治体連携等の産後ケア掲載レコード,13728,1,0,1,13728,北杜市小淵沢町上笹尾3332-1481,09066683951,35.8773617,138.3314805,birth_navi,birth_navi_not_crosschecked,0,0.0,0,0,1,
GCP-13729,旅する助産師ゆかわあやこ,旅する助産師ゆかわあやこ,100,自治体連携等の産後ケア掲載レコード,13729,1,0,1,13729,北杜市長坂町長坂上条1429-2,09072266977,35.8215232,138.374622,birth_navi,birth_navi_not_crosschecked,0,0.0,0,0,1,
GCP-13730,甲斐市（このはな産婦人科）,甲斐市このはな産婦人科,100,自治体連携等の産後ケア掲載レコード,13730,1,0,1,13730,,,,,,missing_hidden_address_not_inferred,0,,0,0,1,
GCP-13731,竜王レディースクリニック,竜王レディースクリニック,100,自治体連携等の産後ケア掲載レコード,13731,1,0,1,13731,,,,,,missing_hidden_address_not_inferred,0,,0,0,1,
GCP-13732,健康科学大学産前産後ケアセンターままの里,健康科学大学産前産後ケアセンターままの里,100,自治体連携等の産後ケア掲載レコード,13732,1,0,1,13732,山梨県笛吹市石和町窪中島587-112,0552698110,35.6464044,138.6273233,birth_navi,birth_navi_not_crosschecked,0,0.0,0,0,1,
GCP-13733,てって　富士宮産後ケア施設,てって富士宮産後ケア施設,100,自治体連携等の産後ケア掲載レコード,13733,1,0,1,13733,富士宮市大宮町5－3,0544214978,35.225294,138.6114947,birth_navi,birth_navi_not_crosschecked,0,0.0,0,0,1,
GCP-13734,あお助産院,あお助産院,100,自治体連携等の産後ケア掲載レコード,13734,1,0,1,13734,富士宮市山宮11－11,08080508007,35.2569883,138.6335928,birth_navi,birth_navi_not_crosschecked,0,0.0,0,0,1,
GCP-13735,ここふあ,ここふあ,100,自治体連携等の産後ケア掲載レコード,13735,1,0,1,13735,山梨県南都留郡富士河口湖町船津１７００番地,0555721174,35.4973238,138.7550004,birth_navi,birth_navi_not_crosschecked,0,0.0,0,0,1,
GCP-13736,地方独立行政法人　長野県立病院機構　長野県立信州医療センター【２列目】,長野県立病院機構長野県立信州医療センター2列目,100,自治体連携等の産後ケア掲載レコード,13736,1,0,1,13736,,,,,,missing_hidden_address_not_inferred,0,,0,0,1,
GCP-13737,医療法人慈恵会　吉田病院【２列目】,慈恵会吉田病院2列目,100,自治体連携等の産後ケア掲載レコード,13737,1,0,1,13737,,,,,,missing_hidden_address_not_inferred,0,,0,0,1,
GCP-13738,医療法人裕生会　丸山産婦人科医院【２列目】,裕生会丸山産婦人科医院2列目,100,自治体連携等の産後ケア掲載レコード,13738,1,0,1,13738,,,,,,missing_hidden_address_not_inferred,0,,0,0,1,
GCP-13739,医療法人　板倉産婦人科医院（板倉レディースクリニック）【２列目】,板倉産婦人科医院板倉レディースクリニック2列目,100,自治体連携等の産後ケア掲載レコード,13739,1,0,1,13739,,,,,,missing_hidden_address_not_inferred,0,,0,0,1,
GCP-13740,清水産婦人科医院【２列目】,清水産婦人科医院2列目,100,自治体連携等の産後ケア掲載レコード,13740,1,0,1,13740,,,,,,missing_hidden_address_not_inferred,0,,0,0,1,
GCP-13741,医療法人　保倉産婦人科医院【２列目】,保倉産婦人科医院2列目,100,自治体連携等の産後ケア掲載レコード,13741,1,0,1,13741,,,,,,missing_hidden_address_not_inferred,0,,0,0,1,
GCP-13742,助産所ほやほや【２列目】,助産所ほやほや2列目,100,自治体連携等の産後ケア掲載レコード,13742,1,0,1,13742,,,,,,missing_hidden_address_not_inferred,0,,0,0,1,
GCP-13743,ひより母乳育児相談室・ひより助産院,ひより母乳育児相談室ひより助産院,100,自治体連携等の産後ケア掲載レコード,13743,1,0,1,13743,長野市大字栗田578,0262621862,36.636909,138.1951959,birth_navi,birth_navi_not_crosschecked,0,0.0,0,0,1,
GCP-13744,ひより母乳育児相談室・ひより助産院【２列目】,ひより母乳育児相談室ひより助産院2列目,100,自治体連携等の産後ケア掲載レコード,13744,1,0,1,13744,,,,,,missing_hidden_address_not_inferred,0,,0,0,1,
GCP-13745,Mom’s sun (マムズサン)産後ケアBASE,momssunマムズサン産後ケアbase,100,自治体連携等の産後ケア掲載レコード,13745,1,0,1,13745,長野市稲里町下氷鉋556-1,0262147456,36.6040308,138.1808986,birth_navi,birth_navi_not_crosschecked,0,0.0,0,0,1,
GCP-13746,Mom’s sun (マムズサン)産後ケアBASE【２列目】,momssunマムズサン産後ケアbase2列目,100,自治体連携等の産後ケア掲載レコード,13746,1,0,1,13746,,,,,,missing_hidden_address_not_inferred,0,,0,0,1,
GCP-13747,助産ケアサロンCOCOWA,助産ケアサロンcocowa,100,自治体連携等の産後ケア掲載レコード,13747,2,0,2,13747;13790,長野市大字大豆島1404-2,09026611245,36.6300839,138.2326369,birth_navi,birth_navi_not_crosschecked,0,0.0,0,0,1,
GCP-13748,助産ケアサロンCOCOWA【２列目】,助産ケアサロンcocowa2列目,100,自治体連携等の産後ケア掲載レコード,13748,1,0,1,13748,,,,,,missing_hidden_address_not_inferred,0,,0,0,1,
GCP-13749,つちのこ母乳育児相談室,つちのこ母乳育児相談室,100,自治体連携等の産後ケア掲載レコード,13749,1,0,1,13749,長野市上松５丁目10-18,08051424659,36.6771952,138.1966338,birth_navi,birth_navi_not_crosschecked,0,0.0,0,0,1,
GCP-13750,るなせんと助産院,るなせんと助産院,100,自治体連携等の産後ケア掲載レコード,13750,1,0,1,13750,長野市箱清水２丁目38-12-202号,07089366879,36.6669955,138.1887216,birth_navi,birth_navi_not_crosschecked,0,0.0,0,0,1,
GCP-13751,産前産後ケア訪問　なつめ,産前産後ケア訪問なつめ,100,自治体連携等の産後ケア掲載レコード,13751,1,0,1,13751,長野市川中島町原,09083031972,,,,missing_unresolved,0,,0,0,1,
GCP-13752,ながい助産院母乳育児相談室,ながい助産院母乳育児相談室,100,自治体連携等の産後ケア掲載レコード,13752,1,0,1,13752,千曲市稲荷山治田248-４,0262742324,36.5309532,138.0923779,birth_navi,birth_navi_not_crosschecked,0,0.0,0,0,1,
GCP-13753,ながい助産院母乳育児相談室【２列目】,ながい助産院母乳育児相談室2列目,100,自治体連携等の産後ケア掲載レコード,13753,1,0,1,13753,,,,,,missing_hidden_address_not_inferred,0,,0,0,1,
GCP-13754,松本市立病院,松本市立病院,100,自治体連携等の産後ケア掲載レコード,13754,1,0,1,13754,松本市波田4417-180,0263923027,36.1988676,137.8546355,birth_navi,birth_navi_not_crosschecked,0,0.0,0,0,1,
GCP-13755,みすず母乳育児相談所,みすず母乳育児相談所,100,自治体連携等の産後ケア掲載レコード,13755,1,0,1,13755,松本市桐3-7-4-2,07043361661,36.2570083,137.9724857,birth_navi,birth_navi_not_crosschecked,0,0.0,0,0,1,
GCP-13756,助産所産前産後ケアハウスまんまる,助産所産前産後ケアハウスまんまる,100,自治体連携等の産後ケア掲載レコード,13756,1,0,1,13756,松本市蟻ケ崎4-4-11,09025063035,36.2482518,137.9632369,birth_navi,birth_navi_not_crosschecked,0,0.0,0,0,1,
GCP-13757,助産院マザー＆チャイルドサポートぱぴぃ,助産院マザーチャイルドサポートぱぴぃ,100,自治体連携等の産後ケア掲載レコード,13757,1,0,1,13757,塩尻市広丘高出2204-3,0263524778,36.1287291,137.9519543,birth_navi,birth_navi_not_crosschecked,0,0.0,0,0,1,
GCP-13758,助産院Ｕｂａ,助産院uba,100,自治体連携等の産後ケア掲載レコード,13758,1,0,1,13758,安曇野市豊科高家3969-17,07044854503,36.2905033,137.9264094,birth_navi,birth_navi_not_crosschecked,0,0.0,0,0,1,
GCP-13759,助産院おりん,助産院おりん,100,自治体連携等の産後ケア掲載レコード,13759,1,0,1,13759,,,,,,missing_hidden_address_not_inferred,0,,0,0,1,
GCP-13760,出張つながり処きみえ,出張つながり処きみえ,100,自治体連携等の産後ケア掲載レコード,13760,1,0,1,13760,上田市御所339-16,09056150792,36.3914984,138.2362672,birth_navi,birth_navi_not_crosschecked,0,0.0,0,0,1,
GCP-13761,助産所ひめぐり,助産所ひめぐり,100,自治体連携等の産後ケア掲載レコード,13761,1,0,1,13761,,,,,,missing_hidden_address_not_inferred,0,,0,0,1,
GCP-13762,わとわ助産院,わとわ助産院,100,自治体連携等の産後ケア掲載レコード,13762,1,0,1,13762,上田市富士山1766-1,09023137034,36.3548607,138.2285975,birth_navi,birth_navi_not_crosschecked,0,0.0,0,0,1,
GCP-13763,子育て応援舎ぽぽ,子育て応援舎ぽぽ,100,自治体連携等の産後ケア掲載レコード,13763,1,0,1,13763,坂城町坂城５７２４－１５,07043975169,36.4635445,138.1885679,birth_navi,birth_navi_not_crosschecked,0,0.0,0,0,1,
GCP-13764,しのはら助産院,しのはら助産院,100,自治体連携等の産後ケア掲載レコード,13764,1,0,1,13764,,,,,,missing_hidden_address_not_inferred,0,,0,0,1,
GCP-13766,助産院おむすび,助産院おむすび,100,自治体連携等の産後ケア掲載レコード,13766,1,0,1,13766,,,,,,missing_hidden_address_not_inferred,0,,0,0,1,
GCP-13767,助産院ゆるま～む,助産院ゆるまむ,100,自治体連携等の産後ケア掲載レコード,13767,2,0,2,13767;13774,岡谷市川岸西二丁目14番5号,0266242770,36.0286673,138.015859,birth_navi,birth_navi_not_crosschecked,0,0.0,0,0,1,
GCP-13768,すわ助産院,すわ助産院,100,自治体連携等の産後ケア掲載レコード,13768,1,0,1,13768,諏訪市中洲2505-4,08087336556,36.0025021,138.1261934,birth_navi,birth_navi_not_crosschecked,0,0.0,0,0,1,
GCP-13769,みぶ母乳育児相談室,みぶ母乳育児相談室,100,自治体連携等の産後ケア掲載レコード,13769,1,0,1,13769,茅野市玉川3154-6,0266793245,35.9893491,138.1891397,birth_navi,birth_navi_not_crosschecked,0,0.0,0,0,1,
GCP-13770,菜の花助産院,菜の花助産院,100,自治体連携等の産後ケア掲載レコード,13770,2,0,2,13770;13833,原村17217-351,08020205797,35.9644513,138.2174935,birth_navi,birth_navi_not_crosschecked,0,0.0,0,0,1,
GCP-13773,助産院さんさん,助産院さんさん,100,自治体連携等の産後ケア掲載レコード,13773,2,0,2,13773;13807,富士見町冨士見3048-9,09041802094,35.9123691,138.2269267,birth_navi,birth_navi_not_crosschecked,0,0.0,0,0,1,
GCP-13771,マナ助産院,マナ助産院,100,自治体連携等の産後ケア掲載レコード,13775,2,0,2,13771;13775,茅野市玉川3629-7,,35.9893491,138.1891397,birth_navi,birth_navi_not_crosschecked,0,0.0,0,0,1,
GCP-13778,吉田病院,吉田病院,100,自治体連携等の産後ケア掲載レコード,13778,1,0,1,13778,長野市吉田2-1-26,,36.670062,138.2183848,birth_navi,birth_navi_not_crosschecked,0,0.0,0,0,1,
GCP-13779,JA長野厚生連　南長野医療センター篠ノ井総合病院,ja長野厚生連南長野医療センター篠ノ井総合病院,100,自治体連携等の産後ケア掲載レコード,13779,1,0,1,13779,長野市篠ノ井会666-1,,36.5753836,138.1490468,birth_navi,birth_navi_not_crosschecked,0,0.0,0,0,1,
GCP-13780,丸山産婦人科医院,丸山産婦人科医院,100,自治体連携等の産後ケア掲載レコード,13780,1,0,1,13780,長野市鶴賀南千歳町982,,36.6474444,138.1901796,birth_navi,birth_navi_not_crosschecked,0,0.0,0,0,1,
GCP-13781,板倉レディースクリニック,板倉レディースクリニック,100,自治体連携等の産後ケア掲載レコード,13781,1,0,1,13781,長野市稲里1-12-12,,36.6153258,138.1724702,birth_navi,birth_navi_not_crosschecked,0,0.0,0,0,1,
GCP-13783,清水産婦人科医院,清水産婦人科医院,100,自治体連携等の産後ケア掲載レコード,13783,1,0,1,13783,長野市川中島原908-1,,35.7135721,139.9279808,birth_navi,birth_navi_not_crosschecked,0,0.0,0,0,1,
GCP-13786,JA長野厚生連　北信総合病院,ja長野厚生連北信総合病院,100,自治体連携等の産後ケア掲載レコード,13786,1,0,1,13786,中野市西1丁目5番63号,,36.7467885,138.3657172,birth_navi,birth_navi_not_crosschecked,0,0.0,0,0,1,
GCP-13787,ひより母乳育児相談室,ひより母乳育児相談室,100,自治体連携等の産後ケア掲載レコード,13787,1,0,1,13787,長野市大字栗田578,,36.636909,138.1951959,birth_navi,birth_navi_not_crosschecked,0,0.0,0,0,1,
GCP-13789,助産院SANA,助産院sana,100,自治体連携等の産後ケア掲載レコード,13789,1,0,1,13789,須坂市塩川743-8　YILつくし野B103号,,36.651489,138.2951554,birth_navi,birth_navi_not_crosschecked,0,0.0,0,0,1,
GCP-13792,内堀助産師,内堀助産師,100,自治体連携等の産後ケア掲載レコード,13792,1,0,1,13792,御代田町塩野1351,09057585887,36.334631,138.4936167,birth_navi,birth_navi_not_crosschecked,0,0.0,0,0,1,
GCP-13793,マーマケアさぐち　佐口助産師,マーマケアさぐち佐口助産師,100,自治体連携等の産後ケア掲載レコード,13793,1,0,1,13793,佐久市下越224-1,0267827498,36.1954736,138.4848368,birth_navi,birth_navi_not_crosschecked,0,0.0,0,0,1,
GCP-13794,さんたままの助産院,さんたままの助産院,100,自治体連携等の産後ケア掲載レコード,13794,1,0,1,13794,佐久市内山2528-2,09078073057,36.2218245,138.5569349,birth_navi,birth_navi_not_crosschecked,0,0.0,0,0,1,
GCP-13795,やよい助産院,やよい助産院,100,自治体連携等の産後ケア掲載レコード,13795,1,0,1,13795,御代田町馬瀬口1688-2,09041657532,36.3268933,138.5094827,birth_navi,birth_navi_not_crosschecked,0,0.0,0,0,1,
GCP-13796,ながつき助産院,ながつき助産院,100,自治体連携等の産後ケア掲載レコード,13796,1,0,1,13796,佐久市岩村田１０４１－１０　ＴＹＫマンション３０２号室,09096518776,36.2806255,138.4725446,birth_navi,birth_navi_not_crosschecked,0,0.0,0,0,1,
GCP-13765,花雪助産院,花雪助産院,100,自治体連携等の産後ケア掲載レコード,13797,5,0,5,13765;13797;13817;13828;13868,東御市八重原,,,,,missing_unresolved,0,,0,0,1,
GCP-13798,駒ヶ根レディスクリニック,駒ヶ根レディスクリニック,100,自治体連携等の産後ケア掲載レコード,13798,1,0,1,13798,駒ヶ根市赤穂７５９－１９５,0265851010,35.7440571,137.8885507,birth_navi,birth_navi_not_crosschecked,0,0.0,0,0,1,
GCP-13799,あさなみ助産所,あさなみ助産所,100,自治体連携等の産後ケア掲載レコード,13799,1,0,1,13799,伊那市美篶,09035133168,,,,missing_unresolved,0,,0,0,1,
GCP-13800,長野県助産師会　所属助産所,長野県助産師会所属助産所,100,自治体連携等の産後ケア掲載レコード,13800,1,0,1,13800,,,,,,missing_hidden_address_not_inferred,0,,0,0,1,
GCP-13788,たかの母子相談室,たかの母子相談室,100,自治体連携等の産後ケア掲載レコード,13802,2,0,2,13788;13802,須坂市亀倉,08072113838,,,,missing_unresolved,0,,0,0,1,
GCP-13803,市立大町総合病院,市立大町総合病院,100,自治体連携等の産後ケア掲載レコード,13803,1,0,1,13803,大町市大町３１３０,0261220415,36.5008578,137.8582755,birth_navi,birth_navi_not_crosschecked,0,0.0,0,0,1,
GCP-13808,菜の花助産院,菜の花助産院,100,自治体連携等の産後ケア掲載レコード,13808,1,0,1,13808,,,,,,missing_hidden_address_not_inferred,0,,0,0,1,
GCP-13810,助産院おむすび,助産院おむすび,100,自治体連携等の産後ケア掲載レコード,13810,1,0,1,13810,茅野市玉川4233,09035400694,35.9893491,138.1891397,birth_navi,birth_navi_not_crosschecked,0,0.0,0,0,1,
GCP-13811,助産院おむすび,助産院おむすび,100,自治体連携等の産後ケア掲載レコード,13811,1,0,1,13811,,,,,,missing_hidden_address_not_inferred,0,,0,0,1,
GCP-13812,マナ助産院（出張専門）,マナ助産院出張専門,100,自治体連携等の産後ケア掲載レコード,13812,2,0,2,13812;13813,茅野市玉川3629-7,09018652945,35.9893491,138.1891397,birth_navi,birth_navi_not_crosschecked,0,0.0,0,0,1,
GCP-13815,子どもと家族の応援隊エール（通所型：半日利用の場合）,子どもと家族の応援隊エール通所型半日利用の場合,100,自治体連携等の産後ケア掲載レコード,13815,1,0,1,13815,佐久市猿久保9-1　セジュールくさぶえ102,0267888345,36.2543857,138.4818246,birth_navi,birth_navi_not_crosschecked,0,0.0,0,0,1,
GCP-13816,開業助産師,開業助産師,100,自治体連携等の産後ケア掲載レコード,13816,1,0,1,13816,,,,,,missing_hidden_address_not_inferred,0,,0,0,1,
GCP-13818,和(なごみ）助産院,和なごみ助産院,100,自治体連携等の産後ケア掲載レコード,13818,1,0,1,13818,安曇野市穂高有明5448-18,08069373472,36.3758055,137.8656675,birth_navi,birth_navi_not_crosschecked,0,0.0,0,0,1,
GCP-13819,アルプス母乳育児相談室,アルプス母乳育児相談室,100,自治体連携等の産後ケア掲載レコード,13819,1,0,1,13819,,,,,,missing_hidden_address_not_inferred,0,,0,0,1,
GCP-13820,晴れた日の助産院,晴れた日の助産院,100,自治体連携等の産後ケア掲載レコード,13820,1,0,1,13820,,,,,,missing_hidden_address_not_inferred,0,,0,0,1,
GCP-13822,浅間病院,浅間病院,100,自治体連携等の産後ケア掲載レコード,13822,1,0,1,13822,,,,,,missing_hidden_address_not_inferred,0,,0,0,1,
GCP-13823,斎藤産婦人科医院,斎藤産婦人科医院,100,自治体連携等の産後ケア掲載レコード,13823,1,0,1,13823,佐久市中込1985-1,0267620823,36.2331417,138.476715,birth_navi,birth_navi_not_crosschecked,0,0.0,0,0,1,
GCP-13824,助産師相談所,助産師相談所,100,自治体連携等の産後ケア掲載レコード,13824,1,0,1,13824,佐久穂町,0267862202,,,,missing_unresolved,0,,0,0,1,
GCP-13826,おひさま助産院,おひさま助産院,100,自治体連携等の産後ケア掲載レコード,13826,1,0,1,13826,駒ケ根市赤穂,09024484669,,,,missing_unresolved,0,,0,0,1,
GCP-13827,ひより助産院・ひより母乳育児相談室,ひより助産院ひより母乳育児相談室,100,自治体連携等の産後ケア掲載レコード,13827,1,0,1,13827,長野市栗田,09018293689,,,,missing_unresolved,0,,0,0,1,
GCP-13829,華助産院,華助産院,100,自治体連携等の産後ケア掲載レコード,13829,2,0,2,13829;13838,南箕輪村北殿,09057993729,,,,missing_unresolved,0,,0,0,1,
GCP-13830,母乳相談室あいら,母乳相談室あいら,100,自治体連携等の産後ケア掲載レコード,13830,2,0,2,13830;13837,南箕輪村田畑,09040225061,,,,missing_unresolved,0,,0,0,1,
GCP-13831,幸助産院,幸助産院,100,自治体連携等の産後ケア掲載レコード,13831,1,0,1,13831,駒ケ根市赤穂,09033436330,,,,missing_unresolved,0,,0,0,1,
GCP-13836,岡谷市民病院,岡谷市民病院,100,自治体連携等の産後ケア掲載レコード,13836,1,0,1,13836,岡谷市本町4-11-33,0266238000,36.0654962,138.0486773,birth_navi,birth_navi_not_crosschecked,0,0.0,0,0,1,
GCP-13841,明生助産所,明生助産所,100,自治体連携等の産後ケア掲載レコード,13841,1,0,1,13841,,,,,,missing_hidden_address_not_inferred,0,,0,0,1,
GCP-13842,あさなみ助産院,あさなみ助産院,100,自治体連携等の産後ケア掲載レコード,13842,1,0,1,13842,,,,,,missing_hidden_address_not_inferred,0,,0,0,1,
GCP-13843,おひさま助産院,おひさま助産院,100,自治体連携等の産後ケア掲載レコード,13843,1,0,1,13843,,,,,,missing_hidden_address_not_inferred,0,,0,0,1,
GCP-13844,幸助産院,幸助産院,100,自治体連携等の産後ケア掲載レコード,13844,1,0,1,13844,,,,,,missing_hidden_address_not_inferred,0,,0,0,1,
GCP-13847,長野県助産所,長野県助産所,100,自治体連携等の産後ケア掲載レコード,13847,1,0,1,13847,それぞれの施設による,,,,,missing_unresolved,0,,0,0,1,
GCP-13821,長野県助産師会,長野県助産師会,100,自治体連携等の産後ケア掲載レコード,13848,3,0,3,13821;13846;13848,松本市島内4660-4,,36.2476962,137.942556,birth_navi,birth_navi_not_crosschecked,0,0.0,0,0,1,
GCP-13849,高森レディスクリニック,高森レディスクリニック,100,自治体連携等の産後ケア掲載レコード,13849,1,0,1,13849,高森町山吹435-5,0265488255,35.5709268,137.8828262,birth_navi,birth_navi_not_crosschecked,0,0.0,0,0,1,
GCP-13851,西澤産婦人科クリニック,西澤産婦人科クリニック,100,自治体連携等の産後ケア掲載レコード,13851,1,0,1,13851,飯田市本町４番地5,0265243800,35.5171499,137.8207381,birth_navi,birth_navi_not_crosschecked,0,0.0,0,0,1,
GCP-13852,下伊那赤十字病院,下伊那赤十字病院,100,自治体連携等の産後ケア掲載レコード,13852,1,0,1,13852,松川町元大島3159番地1,0265362255,35.6001695,137.9115412,birth_navi,birth_navi_not_crosschecked,0,0.0,0,0,1,
GCP-13853,たひら母乳育児相談室,たひら母乳育児相談室,100,自治体連携等の産後ケア掲載レコード,13853,1,0,1,13853,飯田市下久堅小林８１４番地,0265297332,35.4715056,137.8500696,birth_navi,birth_navi_not_crosschecked,0,0.0,0,0,1,
GCP-13854,バースコンダクター楽育,バースコンダクター楽育,100,自治体連携等の産後ケア掲載レコード,13854,1,0,1,13854,飯田市三日市場１３１７番地8,0265259202,35.4892356,137.7926859,birth_navi,birth_navi_not_crosschecked,0,0.0,0,0,1,
GCP-13855,医療法人林鈴会　林メディカルクリニック,林鈴会林メディカルクリニック,100,自治体連携等の産後ケア掲載レコード,13855,1,0,1,13855,中津川市新町5番6号,0573652007,35.497724,137.5042412,birth_navi,birth_navi_not_crosschecked,0,0.0,0,0,1,
GCP-13856,希望のあった施設と個別契約するため特定の委託先なし,希望のあった施設と個別契約するため特定の委託先なし,100,自治体連携等の産後ケア掲載レコード,13856,1,0,1,13856,,,,,,missing_hidden_address_not_inferred,0,,0,0,1,
GCP-13858,産前産後ケアサロン助産院SANA,産前産後ケアサロン助産院sana,100,自治体連携等の産後ケア掲載レコード,13858,1,0,1,13858,須坂市大字塩川743-8-B103,08061881686,36.651489,138.2951554,birth_navi,birth_navi_not_crosschecked,0,0.0,0,0,1,
GCP-13791,助産所朋,助産所朋,100,自治体連携等の産後ケア掲載レコード,13859,2,0,2,13791;13859,小布施町大字小布施180-9,08033452533,36.7087248,138.2928715,birth_navi,birth_navi_not_crosschecked,0,0.0,0,0,1,
GCP-13804,飯山赤十字病院,飯山赤十字病院,100,自治体連携等の産後ケア掲載レコード,13862,2,0,2,13804;13862,飯山市大字飯山226-1,,36.856636,138.3603171,birth_navi,birth_navi_not_crosschecked,0,0.0,0,0,1,
GCP-13801,あきさに助産院,あきさに助産院,100,自治体連携等の産後ケア掲載レコード,13865,3,0,3,13801;13865;13866,中野市大字笠原104番地4,,36.7763355,138.3653043,birth_navi,birth_navi_not_crosschecked,0,0.0,0,0,1,
GCP-13867,みあさの森,みあさの森,100,自治体連携等の産後ケア掲載レコード,13867,1,0,1,13867,大町市美麻8766-8,09043719571,36.5845942,137.9026492,birth_navi,birth_navi_not_crosschecked,0,0.0,0,0,1,
GCP-13869,いいづな自然育児相談室,いいづな自然育児相談室,100,自治体連携等の産後ケア掲載レコード,13869,1,0,1,13869,飯綱町黒川1300-21,0262534450,36.7441575,138.2274602,birth_navi,birth_navi_not_crosschecked,0,0.0,0,0,1,
GCP-13871,宮﨑千惠婦人クリニック,宮﨑千惠婦人クリニック,100,自治体連携等の産後ケア掲載レコード,13871,1,0,1,13871,岐阜市長良1972-5,0582335553,35.4513027,136.7760637,birth_navi,birth_navi_not_crosschecked,0,0.0,0,0,1,
GCP-13873,大塚レディスクリニック,大塚レディスクリニック,100,自治体連携等の産後ケア掲載レコード,13873,1,0,1,13873,岐阜市切通7-13-17,0582458838,35.4005161,136.7985481,birth_navi,birth_navi_not_crosschecked,0,0.0,0,0,1,
GCP-13874,クリニックママ,クリニックママ,100,自治体連携等の産後ケア掲載レコード,13874,1,0,1,13874,大垣市今宿３丁目３４－１,0584735249,35.366372,136.6364069,birth_navi,birth_navi_not_crosschecked,0,0.0,0,0,1,
GCP-13875,すみれ助産院,すみれ助産院,100,自治体連携等の産後ケア掲載レコード,13875,1,0,1,13875,関市武芸川町八幡810-1,08069186314,35.53125,136.8490712,birth_navi,birth_navi_not_crosschecked,0,0.0,0,0,1,
GCP-13876,すずらん助産院,すずらん助産院,100,自治体連携等の産後ケア掲載レコード,13876,1,0,1,13876,各務原市那加桜町1-19,0582605539,35.3995754,136.8471512,birth_navi,birth_navi_not_crosschecked,0,0.0,0,0,1,
GCP-13878,さんばさん,さんばさん,100,自治体連携等の産後ケア掲載レコード,13878,1,0,1,13878,大垣市熊野町4-86,,35.3769313,136.5872518,birth_navi,birth_navi_not_crosschecked,0,0.0,0,0,1,
GCP-13879,はっとり助産院,はっとり助産院,100,自治体連携等の産後ケア掲載レコード,13879,1,0,1,13879,関市倉知265-1,0575297132,35.4774289,136.9037281,birth_navi,birth_navi_not_crosschecked,0,0.0,0,0,1,
GCP-13880,あかり助産院,あかり助産院,100,自治体連携等の産後ケア掲載レコード,13880,1,0,1,13880,郡上市和良町,09076813444,,,,missing_unresolved,0,,0,0,1,
GCP-13881,中津川市民病院,中津川市民病院,100,自治体連携等の産後ケア掲載レコード,13881,1,0,1,13881,,,,,,missing_hidden_address_not_inferred,0,,0,0,1,
GCP-13882,林メディカルクリニック,林メディカルクリニック,100,自治体連携等の産後ケア掲載レコード,13882,1,0,1,13882,,,,,,missing_hidden_address_not_inferred,0,,0,0,1,
GCP-13884,公立東濃中部医療センター,公立東濃中部医療センター,100,自治体連携等の産後ケア掲載レコード,13884,1,0,1,13884,,,,,,missing_hidden_address_not_inferred,0,,0,0,1,
GCP-13885,塚田レディースクリニック,塚田レディースクリニック,100,自治体連携等の産後ケア掲載レコード,13885,1,0,1,13885,,,,,,missing_hidden_address_not_inferred,0,,0,0,1,
GCP-13887,医療法人　明幸会　とまつレディースクリニック,明幸会とまつレディースクリニック,100,自治体連携等の産後ケア掲載レコード,13887,1,0,1,13887,岐阜県可児市広見2097,0574611138,35.415977,137.0649309,birth_navi,birth_navi_not_crosschecked,0,0.0,0,0,1,
GCP-13888,可児市子育て健康プラザマーノ,可児市子育て健康プラザマーノ,100,自治体連携等の産後ケア掲載レコード,13888,1,0,1,13888,可児市下恵土１－１００,0574621111,35.4231727,137.0564774,birth_navi,birth_navi_not_crosschecked,0,0.0,0,0,1,
GCP-13891,鎌村 邦子 （かまむら母乳育児相談室）,鎌村邦子かまむら母乳育児相談室,100,自治体連携等の産後ケア掲載レコード,13891,1,0,1,13891,岐阜県飛騨市古川町増島町１−１３,09085439253,36.2323022,137.1913595,birth_navi,birth_navi_not_crosschecked,0,0.0,0,0,1,
GCP-13892,佐藤 美智子 （さとう母乳育児相談室）,佐藤美智子さとう母乳育児相談室,100,自治体連携等の産後ケア掲載レコード,13892,1,0,1,13892,飛騨市古川町若宮1丁目7-71,,36.2352515,137.1940599,birth_navi,birth_navi_not_crosschecked,0,0.0,0,0,1,
GCP-13893,大村 和美,大村和美,100,自治体連携等の産後ケア掲載レコード,13893,1,0,1,13893,,,,,,missing_hidden_address_not_inferred,0,,0,0,1,
GCP-13894,上坪 奈津子,上坪奈津子,100,自治体連携等の産後ケア掲載レコード,13894,1,0,1,13894,,,,,,missing_hidden_address_not_inferred,0,,0,0,1,
GCP-13895,桐谷 綾乃,桐谷綾乃,100,自治体連携等の産後ケア掲載レコード,13895,1,0,1,13895,,,,,,missing_hidden_address_not_inferred,0,,0,0,1,
GCP-13896,坪内 葉子,坪内葉子,100,自治体連携等の産後ケア掲載レコード,13896,1,0,1,13896,,09022639516,,,,missing_hidden_address_not_inferred,0,,0,0,1,
GCP-13897,長澤 妙 （くすのき助産院）,長澤妙くすのき助産院,100,自治体連携等の産後ケア掲載レコード,13897,1,0,1,13897,,08051242621,,,,missing_hidden_address_not_inferred,0,,0,0,1,
GCP-13898,八賀 小衣子 （訪問助産師はちが）,八賀小衣子訪問助産師はちが,100,自治体連携等の産後ケア掲載レコード,13898,1,0,1,13898,高山市国府町今353,09021396481,36.2190255,137.2443385,birth_navi,birth_navi_not_crosschecked,0,0.0,0,0,1,
GCP-13899,下呂温泉病院,下呂温泉病院,100,自治体連携等の産後ケア掲載レコード,13899,1,0,1,13899,下呂市下呂市森２２１１,0576232222,35.8168935,137.2581852,birth_navi,birth_navi_not_crosschecked,0,0.0,0,0,1,
GCP-13900,岐南町役場,岐南町役場,100,自治体連携等の産後ケア掲載レコード,13900,1,0,1,13900,羽島郡岐南町八剣7-107,0582143533,35.3897466,136.7830808,birth_navi,birth_navi_not_crosschecked,0,0.0,0,0,1,
GCP-13872,岐阜県助産師会,岐阜県助産師会,100,自治体連携等の産後ケア掲載レコード,13901,7,0,7,13872;13883;13886;13901;13903;13904;13907,各務原市那加昭南町88-3,0583225308,35.4038837,136.8538155,birth_navi,birth_navi_not_crosschecked,0,30.4,0,0,1,
GCP-13902,ママ・ベビーサポートおくむら,ママベビーサポートおくむら,100,自治体連携等の産後ケア掲載レコード,13902,1,0,1,13902,羽島郡笠松町清住町４１番地の３,09091789998,35.3691856,136.7570975,birth_navi,birth_navi_not_crosschecked,0,0.0,0,0,0,
GCP-13905,坂祝町,坂祝町,100,自治体連携等の産後ケア掲載レコード,13905,1,0,1,13905,坂祝町取組46-18,0574267113,35.4267737,136.9854827,birth_navi,birth_navi_not_crosschecked,0,0.0,0,0,1,
GCP-13906,富加町役場,富加町役場,100,自治体連携等の産後ケア掲載レコード,13906,1,0,1,13906,岐阜県加茂郡富加町滝田1511,0574542121,35.4847801,136.9796592,birth_navi,birth_navi_not_crosschecked,0,0.0,0,0,1,
GCP-13908,七宗町役場 健康福祉課（七宗町生きがい健康センター内）,七宗町役場健康福祉課七宗町生きがい健康センター内,100,自治体連携等の産後ケア掲載レコード,13908,1,0,1,13908,加茂郡七宗町上麻生2152-1,0574481112,35.540591,137.1216994,birth_navi,birth_navi_not_crosschecked,0,0.0,0,0,1,
GCP-13909,御嵩町保健センター,御嵩町保健センター,100,自治体連携等の産後ケア掲載レコード,13909,1,0,1,13909,御嵩町御嵩1239-1,0574672111,35.4344692,137.1308752,birth_navi,birth_navi_not_crosschecked,0,0.0,0,0,1,
GCP-13910,たまがわ助産院,たまがわ助産院,100,自治体連携等の産後ケア掲載レコード,13910,1,0,1,13910,静岡市葵区瀬名３丁目39-10,0546556210,35.0226635,138.4243185,birth_navi,birth_navi_not_crosschecked,0,0.0,0,0,1,
GCP-13911,己智助産所,己智助産所,100,自治体連携等の産後ケア掲載レコード,13911,1,0,1,13911,静岡市駿河区有東２丁目５-５-１,0542843674,34.9636193,138.4056085,birth_navi,birth_navi_not_crosschecked,0,0.0,0,0,1,
GCP-13912,トイトイトイファクトリー助産院,トイトイトイファクトリー助産院,100,自治体連携等の産後ケア掲載レコード,13912,1,0,1,13912,静岡市葵区駒形通２丁目3－26－102,08026279453,34.9699255,138.377897,birth_navi,birth_navi_not_crosschecked,0,0.0,0,0,1,
GCP-13913,助産院　hanahakka,助産院hanahakka,100,自治体連携等の産後ケア掲載レコード,13913,1,0,1,13913,静岡市駿河区中島3137番地,09041127526,34.9376049,138.3949144,birth_navi,birth_navi_not_crosschecked,0,0.0,0,0,1,
GCP-13914,篠田母乳育児相談室,篠田母乳育児相談室,100,自治体連携等の産後ケア掲載レコード,13914,1,0,1,13914,静岡市清水区入江岡町３-20,0543520105,35.0131739,138.4808802,birth_navi,birth_navi_not_crosschecked,0,0.0,0,0,1,
GCP-13915,助産院 jasmine～茉莉花～,助産院jasmine茉莉花,100,自治体連携等の産後ケア掲載レコード,13915,1,0,1,13915,静岡市清水区草薙杉道１丁目１-３,09035654977,35.0052453,138.4538369,birth_navi,birth_navi_not_crosschecked,0,0.0,0,0,1,
GCP-13916,まらま母乳育児相談室,まらま母乳育児相談室,100,自治体連携等の産後ケア掲載レコード,13916,1,0,1,13916,静岡市清水区楠新田364,08066717710,35.0077724,138.4417421,birth_navi,birth_navi_not_crosschecked,0,0.0,0,0,1,
GCP-13917,ママとあかちゃんのサロンmikke,ママとあかちゃんのサロンmikke,100,自治体連携等の産後ケア掲載レコード,13917,1,0,1,13917,静岡市清水区馬走1－89,09099479328,35.0042661,138.4614908,birth_navi,birth_navi_not_crosschecked,0,0.0,0,0,1,
GCP-13918,"医療法人社団産声会
庄司産婦人科",産声会庄司産婦人科,100,自治体連携等の産後ケア掲載レコード,13918,1,0,1,13918,静岡市清水区江尻東１丁目5番4号,0543660861,35.0232235,138.4843887,birth_navi,birth_navi_not_crosschecked,0,0.0,0,0,1,
GCP-13919,助産院 海の色,助産院海の色,100,自治体連携等の産後ケア掲載レコード,13919,1,0,1,13919,静岡市駿河区中田,08051054724,,,,missing_unresolved,0,,0,0,1,
GCP-13920,助産院　Re：Birth,助産院rebirth,100,自治体連携等の産後ケア掲載レコード,13920,1,0,1,13920,静岡市駿河区向敷地3丁目1－31,08051662015,34.9614066,138.3570521,birth_navi,birth_navi_not_crosschecked,0,0.0,0,0,1,
GCP-13921,女性のためのケアサロン めぐりはな,女性のためのケアサロンめぐりはな,100,自治体連携等の産後ケア掲載レコード,13921,1,0,1,13921,静岡市駿河区中原739－ 1,08048429339,34.9539689,138.387174,birth_navi,birth_navi_not_crosschecked,0,0.0,0,0,1,
GCP-13922,助産院 母乳ケア たんぽぽ,助産院母乳ケアたんぽぽ,100,自治体連携等の産後ケア掲載レコード,13922,1,0,1,13922,静岡市清水区中河内730-3,09079592668,35.1213798,138.4798777,birth_navi,birth_navi_not_crosschecked,0,0.0,0,0,1,
GCP-13923,Ami助産院,ami助産院,100,自治体連携等の産後ケア掲載レコード,13923,1,0,1,13923,静岡市葵区大岩１丁目４-30,0542471423,34.9934424,138.3817331,birth_navi,birth_navi_not_crosschecked,0,0.0,0,0,1,
GCP-13924,きみいろ助産院,きみいろ助産院,100,自治体連携等の産後ケア掲載レコード,13924,1,0,1,13924,静岡市葵区,09044078258,,,,missing_unresolved,0,,0,0,1,
GCP-13925,オハナ助産院,オハナ助産院,100,自治体連携等の産後ケア掲載レコード,13925,1,0,1,13925,静岡市駿河区,09091974925,,,,missing_unresolved,0,,0,0,1,
GCP-13926,母乳と育児の相談室　さと助産院,母乳と育児の相談室さと助産院,100,自治体連携等の産後ケア掲載レコード,13926,1,0,1,13926,静岡市駿河区,09029234475,,,,missing_unresolved,0,,0,0,1,
GCP-13927,にこ相談室,にこ相談室,100,自治体連携等の産後ケア掲載レコード,13927,1,0,1,13927,静岡市駿河区,09070419554,,,,missing_unresolved,0,,0,0,1,
GCP-13928,出張専門　しもむら助産院,出張専門しもむら助産院,100,自治体連携等の産後ケア掲載レコード,13928,1,0,1,13928,静岡市清水区,09093363659,,,,missing_unresolved,0,,0,0,1,
GCP-13929,助産院　夢生,助産院夢生,100,自治体連携等の産後ケア掲載レコード,13929,1,0,1,13929,静岡市清水区,08016215790,,,,missing_unresolved,0,,0,0,1,
GCP-13930,母乳体操　軽いお産,母乳体操軽いお産,100,自治体連携等の産後ケア掲載レコード,13930,1,0,1,13930,静岡市清水区,0543404033,,,,missing_unresolved,0,,0,0,1,
GCP-13931,助産師  大石　桃子,助産師大石桃子,100,自治体連携等の産後ケア掲載レコード,13931,1,0,1,13931,静岡市駿河区,08016283870,,,,missing_unresolved,0,,0,0,1,
GCP-13932,すずき助産院,すずき助産院,100,自治体連携等の産後ケア掲載レコード,13932,1,0,1,13932,静岡市清水区,09032142434,,,,missing_unresolved,0,,0,0,1,
GCP-13933,お母さんと赤ちゃんの相談 ぬくもり,お母さんと赤ちゃんの相談ぬくもり,100,自治体連携等の産後ケア掲載レコード,13933,1,0,1,13933,静岡市清水区,09038791573,,,,missing_unresolved,0,,0,0,1,
GCP-13934,うえだ助産院,うえだ助産院,100,自治体連携等の産後ケア掲載レコード,13934,1,0,1,13934,静岡市清水区,09092261203,,,,missing_unresolved,0,,0,0,1,
GCP-13935,みんなの助産院あんず,みんなの助産院あんず,100,自治体連携等の産後ケア掲載レコード,13935,1,0,1,13935,沼津市本郷町13-16yadorigi,,35.0944,138.8684361,birth_navi,birth_navi_not_crosschecked,0,0.0,0,0,1,
GCP-13936,田中産婦人科医院,田中産婦人科医院,100,自治体連携等の産後ケア掲載レコード,13936,1,0,1,13936,三島市中央町6-23,,35.1213014,138.9169015,birth_navi,birth_navi_not_crosschecked,0,0.0,0,0,1,
GCP-13937,静岡県助産師会沼津地区,静岡県助産師会沼津地区,100,自治体連携等の産後ケア掲載レコード,13937,1,0,1,13937,沼津市大平923,0559310047,35.069072,138.896004,birth_navi,birth_navi_not_crosschecked,0,0.0,0,0,1,
GCP-13938,助産ケア　ふわふわ,助産ケアふわふわ,100,自治体連携等の産後ケア掲載レコード,13938,1,0,1,13938,富士市富士見台5-2-83,09080486007,35.1797605,138.7175737,birth_navi,birth_navi_not_crosschecked,0,0.0,0,0,1,
GCP-13939,鈴富助産院,鈴富助産院,100,自治体連携等の産後ケア掲載レコード,13939,1,0,1,13939,,0557473209,,,,missing_hidden_address_not_inferred,0,,0,0,1,
GCP-13940,熱海市役所,熱海市役所,100,自治体連携等の産後ケア掲載レコード,13940,1,0,1,13940,熱海市中央町１番１号,0557866293,35.0963435,139.0717714,birth_navi,birth_navi_not_crosschecked,0,0.0,0,0,1,
GCP-13941,三島総合病院,三島総合病院,100,自治体連携等の産後ケア掲載レコード,13941,1,0,1,13941,三島市谷田字藤久保2276番地,,35.1237593,138.9518303,birth_navi,birth_navi_not_crosschecked,0,0.0,0,0,1,
GCP-13942,訪問看護ステーション おんぶ,訪問看護ステーションおんぶ,100,自治体連携等の産後ケア掲載レコード,13942,1,0,1,13942,,,,,,missing_hidden_address_not_inferred,0,,0,0,1,
GCP-13943,ママとも助産院,ママとも助産院,100,自治体連携等の産後ケア掲載レコード,13943,1,0,1,13943,田方郡函南町塚本２２３―１８,,35.080657,138.9357894,birth_navi,birth_navi_not_crosschecked,0,0.0,0,0,1,
GCP-13944,ＮＰＯ法人母力向上委員会,npo法人母力向上委員会,100,自治体連携等の産後ケア掲載レコード,13944,1,0,1,13944,富士宮市野中1136-5,0544780741,35.2103078,138.6030462,birth_navi,birth_navi_not_crosschecked,0,0.0,0,0,1,
GCP-13945,ナーシングドゥラ🄬あいのて,ナーシングドゥラrあいのて,100,自治体連携等の産後ケア掲載レコード,13945,1,0,1,13945,,09042673222,,,,missing_hidden_address_not_inferred,0,,0,0,1,
GCP-13946,富士母乳育児相談室,富士母乳育児相談室,100,自治体連携等の産後ケア掲載レコード,13946,1,0,1,13946,富士市瓜島137　メゾン瓜島C-102,0545675854,35.1637745,138.6728894,birth_navi,birth_navi_not_crosschecked,0,0.0,0,0,1,
GCP-13947,母子サロン　ほっぺほっぺ,母子サロンほっぺほっぺ,100,自治体連携等の産後ケア掲載レコード,13947,1,0,1,13947,,09085464820,,,,missing_hidden_address_not_inferred,0,,0,0,1,
GCP-13948,おひさま学びの杜　産後ケアサニーシード,おひさま学びの杜産後ケアサニーシード,100,自治体連携等の産後ケア掲載レコード,13948,1,0,1,13948,,09021336118,,,,missing_hidden_address_not_inferred,0,,0,0,1,
GCP-13949,まあるい月の助産院,まあるい月の助産院,100,自治体連携等の産後ケア掲載レコード,13949,2,0,2,13949;13965,富士市松富町53,07045616157,35.1512448,138.6378763,birth_navi,birth_navi_not_crosschecked,0,0.0,0,0,1,
GCP-13950,木梨助産院,木梨助産院,100,自治体連携等の産後ケア掲載レコード,13950,1,0,1,13950,伊東市荻５６５番地の４６,09073099742,34.9328886,139.1032019,birth_navi,birth_navi_not_crosschecked,0,0.0,0,0,1,
GCP-13951,すずのき助産院,すずのき助産院,100,自治体連携等の産後ケア掲載レコード,13951,1,0,1,13951,伊東市宇佐美１１７７番地の３,09054038182,35.0113643,139.0765226,birth_navi,birth_navi_not_crosschecked,0,0.0,0,0,1,
GCP-13952,伊豆いとうレディースクリニック,伊豆いとうレディースクリニック,100,自治体連携等の産後ケア掲載レコード,13952,1,0,1,13952,伊東市湯川1-14-12湯の花天満ビル１階3号,0557526346,34.9734423,139.0932218,birth_navi,birth_navi_not_crosschecked,0,0.0,0,0,1,
GCP-13953,助産院おん,助産院おん,100,自治体連携等の産後ケア掲載レコード,13953,1,0,1,13953,,08056225295,,,,missing_hidden_address_not_inferred,0,,0,0,1,
GCP-13954,つばさ助産院,つばさ助産院,100,自治体連携等の産後ケア掲載レコード,13954,1,0,1,13954,,,,,,missing_hidden_address_not_inferred,0,,0,0,1,
GCP-13955,ウィメンズケア助産院midori,ウィメンズケア助産院midori,100,自治体連携等の産後ケア掲載レコード,13955,1,0,1,13955,藤枝市大洲2-30-6,0543742754,34.8278195,138.2470216,birth_navi,birth_navi_not_crosschecked,0,0.0,0,0,0,
GCP-13956,さち助産院,さち助産院,100,自治体連携等の産後ケア掲載レコード,13956,1,0,1,13956,藤枝市駅前3-6-11,09068086684,34.8511573,138.2481295,birth_navi,birth_navi_not_crosschecked,0,0.0,0,0,1,
GCP-13957,とみおか母乳ケアhouse,とみおか母乳ケアhouse,100,自治体連携等の産後ケア掲載レコード,13957,2,0,2,13957;13992,藤枝市水上415-3,0546476688,34.8534793,138.2408026,birth_navi,birth_navi_not_crosschecked,0,0.0,0,0,1,
GCP-13958,RUN助産院,run助産院,100,自治体連携等の産後ケア掲載レコード,13958,2,0,2,13958;13996,藤枝市泉町34-9,09014164866,34.830967,138.2612248,birth_navi,birth_navi_not_crosschecked,0,0.0,0,0,1,
GCP-13959,片山母乳相談室,片山母乳相談室,100,自治体連携等の産後ケア掲載レコード,13959,1,0,1,13959,焼津市石脇上６９８-９,08051176876,34.8906324,138.3205729,birth_navi,birth_navi_not_crosschecked,0,0.0,0,0,1,
GCP-13960,そら助産院,そら助産院,100,自治体連携等の産後ケア掲載レコード,13960,2,0,2,13960;13991,焼津市中根新田1224-5,0543748753,34.8303046,138.289095,birth_navi,birth_navi_not_crosschecked,0,0.0,0,0,1,
GCP-13961,繭のいえ助産院,繭のいえ助産院,100,自治体連携等の産後ケア掲載レコード,13961,1,0,1,13961,焼津市西焼津2-5,0546207034,34.8614838,138.2858528,birth_navi,birth_navi_not_crosschecked,0,0.0,0,0,1,
GCP-13962,まある助産院,まある助産院,100,自治体連携等の産後ケア掲載レコード,13962,1,0,1,13962,牧之原市細江501,,34.743569,138.2340569,birth_navi,birth_navi_not_crosschecked,0,0.0,0,0,1,
GCP-13964,マニーズテラス　ククー,マニーズテラスククー,100,自治体連携等の産後ケア掲載レコード,13964,1,0,1,13964,富士市岩本,07089691041,,,,missing_unresolved,0,,0,0,1,
GCP-13966,サニーシード,サニーシード,100,自治体連携等の産後ケア掲載レコード,13966,1,0,1,13966,富士市大淵,,,,,missing_unresolved,0,,0,0,1,
GCP-13968,にじのいえ助産院,にじのいえ助産院,100,自治体連携等の産後ケア掲載レコード,13968,1,0,1,13968,,09093385593,,,,missing_hidden_address_not_inferred,0,,0,0,1,
GCP-13969,小沼母乳育児相談室,小沼母乳育児相談室,100,自治体連携等の産後ケア掲載レコード,13969,1,0,1,13969,御殿場市川島田1-10,08081583947,35.3087683,138.9347872,birth_navi,birth_navi_not_crosschecked,0,0.0,0,0,1,
GCP-13970,助産院NICO,助産院nico,100,自治体連携等の産後ケア掲載レコード,13970,1,0,1,13970,御殿場市川島田1880-23,07089782225,35.3029009,138.9056581,birth_navi,birth_navi_not_crosschecked,0,0.0,0,0,1,
GCP-13971,かねこ助産院,かねこ助産院,100,自治体連携等の産後ケア掲載レコード,13971,1,0,1,13971,,09044258065,,,,missing_hidden_address_not_inferred,0,,0,0,1,
GCP-13972,かわむら母乳育児相談室,かわむら母乳育児相談室,100,自治体連携等の産後ケア掲載レコード,13972,1,0,1,13972,袋井市浅羽2165番地の１,09077445462,34.7163101,137.9283933,birth_navi,birth_navi_not_crosschecked,0,0.0,0,0,1,
GCP-13973,母乳育児相談室　彩羽,母乳育児相談室彩羽,100,自治体連携等の産後ケア掲載レコード,13973,1,0,1,13973,静岡県掛川市沖之須1894-2,09099226657,34.6689287,137.9870771,birth_navi,birth_navi_not_crosschecked,0,0.0,0,0,1,
GCP-13974,医療法人社団MAMMY１０１０,mammy1010,100,自治体連携等の産後ケア掲載レコード,13974,1,0,1,13974,浜松市中央区東三方町94番地の3,0535434135,34.7770274,137.7334939,birth_navi,birth_navi_not_crosschecked,0,0.0,0,0,1,
GCP-13975,NPO法人産前産後の子育て訪問サポート　いつつのわ,npo法人産前産後の子育て訪問サポートいつつのわ,100,自治体連携等の産後ケア掲載レコード,13975,1,0,1,13975,掛川市高御所46番地の１,,34.7555761,137.9941035,birth_navi,birth_navi_not_crosschecked,0,0.0,0,0,1,
GCP-13976,臼井医院,臼井医院,100,自治体連携等の産後ケア掲載レコード,13976,1,0,1,13976,下田市２丁目３－２７,0558221221,34.6839579,138.9437436,birth_navi,birth_navi_not_crosschecked,0,0.0,0,0,1,
GCP-13977,聖隷浜松病院,聖隷浜松病院,100,自治体連携等の産後ケア掲載レコード,13977,1,0,1,13977,,0535742222,,,,missing_hidden_address_not_inferred,0,,0,0,1,
GCP-13978,聖隷三方原病院,聖隷三方原病院,100,自治体連携等の産後ケア掲載レコード,13978,1,0,1,13978,,0534390001,,,,missing_hidden_address_not_inferred,0,,0,0,1,
GCP-13979,JA静岡厚生連遠州病院,ja静岡厚生連遠州病院,100,自治体連携等の産後ケア掲載レコード,13979,1,0,1,13979,,0534010050,,,,missing_hidden_address_not_inferred,0,,0,0,1,
GCP-13980,小石マタニティクリニック　KMC産後ケアセンター,小石マタニティクリニックkmc産後ケアセンター,100,自治体連携等の産後ケア掲載レコード,13980,1,0,1,13980,,0532665143,,,,missing_hidden_address_not_inferred,0,,0,0,1,
GCP-13981,おおたにレディースクリニック,おおたにレディースクリニック,100,自治体連携等の産後ケア掲載レコード,13981,1,0,1,13981,,0534477300,,,,missing_hidden_address_not_inferred,0,,0,0,1,
GCP-13982,しらい助産院,しらい助産院,100,自治体連携等の産後ケア掲載レコード,13982,1,0,1,13982,,,,,,missing_hidden_address_not_inferred,0,,0,0,1,
GCP-13983,マミーズ助産院,マミーズ助産院,100,自治体連携等の産後ケア掲載レコード,13983,1,0,1,13983,,09017278343,,,,missing_hidden_address_not_inferred,0,,0,0,1,
GCP-13984,こあら助産院,こあら助産院,100,自治体連携等の産後ケア掲載レコード,13984,1,0,1,13984,,09022601924,,,,missing_hidden_address_not_inferred,0,,0,0,1,
GCP-13986,菊川市立総合病院,菊川市立総合病院,100,自治体連携等の産後ケア掲載レコード,13986,1,0,1,13986,菊川市東横地１６３２,0537352135,34.73339,138.0995149,birth_navi,birth_navi_not_crosschecked,0,0.0,0,0,1,
GCP-13987,聖隷浜松病院,聖隷浜松病院,100,自治体連携等の産後ケア掲載レコード,13987,1,0,1,13987,浜松市中央区住吉２丁目１２－１２,0534741261,34.7304575,137.7253632,birth_navi,birth_navi_not_crosschecked,0,0.0,0,0,1,
GCP-13990,食育スタジオDreamy,食育スタジオdreamy,100,自治体連携等の産後ケア掲載レコード,13990,1,0,1,13990,沼津市大岡362,,35.1052906,138.8851814,birth_navi,birth_navi_not_crosschecked,0,0.0,0,0,1,
GCP-13993,ふじべ助産院,ふじべ助産院,100,自治体連携等の産後ケア掲載レコード,13993,1,0,1,13993,東伊豆町稲取3021-5,0557950036,34.7794763,139.0454759,birth_navi,birth_navi_not_crosschecked,0,0.0,0,0,1,
GCP-13995,はなえみ助産院,はなえみ助産院,100,自治体連携等の産後ケア掲載レコード,13995,1,0,1,13995,,09066164135,,,,missing_hidden_address_not_inferred,0,,0,0,1,
GCP-13998,そら助産院,そら助産院,100,自治体連携等の産後ケア掲載レコード,13998,1,0,1,13998,静岡県焼津市中根新田1137-1,,34.8313142,138.2894201,birth_navi,birth_navi_not_crosschecked,0,0.0,0,0,1,
GCP-13999,アイのカタチ助産院,アイのカタチ助産院,100,自治体連携等の産後ケア掲載レコード,13999,1,0,1,13999,名古屋市千種区楠元町2-47,09052175857,35.165906,136.9605236,birth_navi,birth_navi_not_crosschecked,0,0.0,0,0,1,
GCP-14000,出張専門助産師　髙士　良美,出張専門助産師髙士良美,100,自治体連携等の産後ケア掲載レコード,14000,1,0,1,14000,,09017237934,,,,missing_hidden_address_not_inferred,0,,0,0,1,
GCP-14001,出張専門しおり助産院,出張専門しおり助産院,100,自治体連携等の産後ケア掲載レコード,14001,1,0,1,14001,,,,,,missing_hidden_address_not_inferred,0,,0,0,1,
GCP-14002,M.ウェルネスクリニック覚王山,mウェルネスクリニック覚王山,100,自治体連携等の産後ケア掲載レコード,14002,1,0,1,14002,,07054425506,,,,missing_hidden_address_not_inferred,0,,0,0,0,
GCP-14003,みどりの牧場助産院,みどりの牧場助産院,100,自治体連携等の産後ケア掲載レコード,14003,1,0,1,14003,,09065917662,,,,missing_hidden_address_not_inferred,0,,0,0,1,
GCP-14004,平田レディースクリニック,平田レディースクリニック,100,自治体連携等の産後ケア掲載レコード,14004,1,0,1,14004,,,,,,missing_hidden_address_not_inferred,0,,0,0,1,
GCP-14005,なごや助産院,なごや助産院,100,自治体連携等の産後ケア掲載レコード,14005,1,0,1,14005,名古屋市北区平安1丁目2番51号,09021844143,35.1940845,136.9303643,birth_navi,birth_navi_not_crosschecked,0,0.0,0,0,1,
GCP-14006,独立行政法人国立病院機構名古屋医療センター,国立病院機構名古屋医療センター,100,自治体連携等の産後ケア掲載レコード,14006,1,0,1,14006,名古屋市中区三の丸四丁目１番１号,0529511111,35.1840573,136.9064312,birth_navi,birth_navi_not_crosschecked,0,0.0,0,0,1,
GCP-14007,出張専門助産所ガーデニア,出張専門助産所ガーデニア,100,自治体連携等の産後ケア掲載レコード,14007,1,0,1,14007,,05035571455,,,,missing_hidden_address_not_inferred,0,,0,0,1,
GCP-14008,そら助産院,そら助産院,100,自治体連携等の産後ケア掲載レコード,14008,1,0,1,14008,,09056324451,,,,missing_hidden_address_not_inferred,0,,0,0,1,
GCP-14009,瞳（あい）訪問助産院,瞳あい訪問助産院,100,自治体連携等の産後ケア掲載レコード,14009,1,0,1,14009,,09034258519,,,,missing_hidden_address_not_inferred,0,,0,0,1,
GCP-14010,幸助産院,幸助産院,100,自治体連携等の産後ケア掲載レコード,14010,1,0,1,14010,,09099440866,,,,missing_hidden_address_not_inferred,0,,0,0,1,
GCP-14011,Haruru助産院　産前産後ケアハウスrurun,haruru助産院産前産後ケアハウスrurun,100,自治体連携等の産後ケア掲載レコード,14011,1,0,1,14011,名古屋市熱田区古新町２丁目44の４,08036302925,35.1280744,136.8855652,birth_navi,birth_navi_not_crosschecked,0,0.0,0,0,1,
GCP-14012,えみ助産所,えみ助産所,100,自治体連携等の産後ケア掲載レコード,14012,1,0,1,14012,,09054566977,,,,missing_hidden_address_not_inferred,0,,0,0,1,
GCP-14013,アイ・レディスクリニック　アイ助産院,アイレディスクリニックアイ助産院,100,自治体連携等の産後ケア掲載レコード,14013,1,0,1,14013,名古屋市南区港東通一丁目17番地,0528255120,35.0916836,136.915828,birth_navi,birth_navi_not_crosschecked,0,0.0,0,0,1,
GCP-14014,加藤安里彩,加藤安里彩,100,自治体連携等の産後ケア掲載レコード,14014,1,0,1,14014,,,,,,missing_hidden_address_not_inferred,0,,0,0,1,
GCP-14015,きぬ助産院,きぬ助産院,100,自治体連携等の産後ケア掲載レコード,14015,1,0,1,14015,,09044662554,,,,missing_hidden_address_not_inferred,0,,0,0,1,
GCP-14016,出張専門あこ助産院,出張専門あこ助産院,100,自治体連携等の産後ケア掲載レコード,14016,1,0,1,14016,,09060739426,,,,missing_hidden_address_not_inferred,0,,0,0,1,
GCP-14017,助産所ママズケア名古屋,助産所ママズケア名古屋,100,自治体連携等の産後ケア掲載レコード,14017,2,0,2,14017;15613,名古屋市守山区森孝2丁目968メゾンフカモト1C,0527768114,35.1926156,137.0076289,birth_navi,birth_navi_not_crosschecked,0,0.0,0,0,1,
GCP-14018,もりかわ母乳育児相談室　ゆりかごの森,もりかわ母乳育児相談室ゆりかごの森,100,自治体連携等の産後ケア掲載レコード,14018,1,0,1,14018,名古屋市守山区翠松園3丁目1503,09070473260,35.2137257,136.9940771,birth_navi,birth_navi_not_crosschecked,0,0.0,0,0,1,
GCP-14019,やまだレディスクリニック,やまだレディスクリニック,100,自治体連携等の産後ケア掲載レコード,14019,1,0,1,14019,名古屋市守山区小幡中三丁目23番地11号,0527935551,35.2068097,136.9746953,birth_navi,birth_navi_not_crosschecked,0,0.0,0,0,1,
GCP-14020,いずみ助産所,いずみ助産所,100,自治体連携等の産後ケア掲載レコード,14020,1,0,1,14020,,07040765075,,,,missing_hidden_address_not_inferred,0,,0,0,1,
GCP-14021,上田厚子助産所,上田厚子助産所,100,自治体連携等の産後ケア掲載レコード,14021,1,0,1,14021,,09060791621,,,,missing_hidden_address_not_inferred,0,,0,0,1,
GCP-14022,産前・産後ケアハウス あおば助産院,産前産後ケアハウスあおば助産院,100,自治体連携等の産後ケア掲載レコード,14022,1,0,1,14022,名古屋市緑区鳴海町向田232,,35.0767739,136.9507438,birth_navi,birth_navi_not_crosschecked,0,0.0,0,0,1,
GCP-14023,出張専門 和（やわらぎ）助産院,出張専門和やわらぎ助産院,100,自治体連携等の産後ケア掲載レコード,14023,1,0,1,14023,,,,,,missing_hidden_address_not_inferred,0,,0,0,1,
GCP-14024,出張助産院スマイル,出張助産院スマイル,100,自治体連携等の産後ケア掲載レコード,14024,1,0,1,14024,,09029207629,,,,missing_hidden_address_not_inferred,0,,0,0,1,
GCP-14025,出張専門助産師　にしのゆうこ,出張専門助産師にしのゆうこ,100,自治体連携等の産後ケア掲載レコード,14025,1,0,1,14025,,09041604632,,,,missing_hidden_address_not_inferred,0,,0,0,1,
GCP-14026,みどり母乳育児相談室,みどり母乳育児相談室,100,自治体連携等の産後ケア掲載レコード,14026,1,0,1,14026,,08063680982,,,,missing_hidden_address_not_inferred,0,,0,0,1,
GCP-14028,出張専門助産所　そよかぜ助産所,出張専門助産所そよかぜ助産所,100,自治体連携等の産後ケア掲載レコード,14028,1,0,1,14028,,09058632301,,,,missing_hidden_address_not_inferred,0,,0,0,1,
GCP-14029,名古屋母乳育児相談室,名古屋母乳育児相談室,100,自治体連携等の産後ケア掲載レコード,14029,1,0,1,14029,,09018253843,,,,missing_hidden_address_not_inferred,0,,0,0,1,
GCP-14031,助産院お花畑,助産院お花畑,100,自治体連携等の産後ケア掲載レコード,14031,1,0,1,14031,,09060366392,,,,missing_hidden_address_not_inferred,0,,0,0,1,
GCP-14032,くろだ助産院,くろだ助産院,100,自治体連携等の産後ケア掲載レコード,14032,1,0,1,14032,,09017811538,,,,missing_hidden_address_not_inferred,0,,0,0,1,
GCP-14033,ふくろう助産院　産前産後ケアハウス遊鳥～ゆとり～,ふくろう助産院産前産後ケアハウス遊鳥ゆとり,100,自治体連携等の産後ケア掲載レコード,14033,1,0,1,14033,長久手市先達1209番地,09012902943,35.178154,137.0470317,birth_navi,birth_navi_not_crosschecked,0,0.0,0,0,1,
GCP-14034,Pre and Postpartum service,preandpostpartumservice,100,自治体連携等の産後ケア掲載レコード,14034,1,0,1,14034,,08026513287,,,,missing_hidden_address_not_inferred,0,,0,0,1,
GCP-14035,桶谷式母乳育児相談室　藤の里,桶谷式母乳育児相談室藤の里,100,自治体連携等の産後ケア掲載レコード,14035,1,0,1,14035,,07075916411,,,,missing_hidden_address_not_inferred,0,,0,0,1,
GCP-14037,ブルーベリー助産院,ブルーベリー助産院,100,自治体連携等の産後ケア掲載レコード,14037,1,0,1,14037,,09065945955,,,,missing_hidden_address_not_inferred,0,,0,0,1,
GCP-14038,今泉産婦人科医院,今泉産婦人科医院,100,自治体連携等の産後ケア掲載レコード,14038,1,0,1,14038,豊橋市仲ノ町112-3,0532627173,34.7576186,137.4137179,birth_navi,birth_navi_not_crosschecked,0,0.0,0,0,1,
GCP-14039,さわ助産院×産後ケアハウス「虹色びれっじ」,さわ助産院産後ケアハウス虹色びれっじ,100,自治体連携等の産後ケア掲載レコード,14039,1,0,1,14039,豊川市伊奈町出口40-1,0533785173,34.7980147,137.3454903,birth_navi,birth_navi_not_crosschecked,0,0.0,0,0,1,
GCP-14040,伊藤スマイル助産所,伊藤スマイル助産所,100,自治体連携等の産後ケア掲載レコード,14040,1,0,1,14040,,08051206350,,,,missing_hidden_address_not_inferred,0,,0,0,1,
GCP-14041,ひな助産所,ひな助産所,100,自治体連携等の産後ケア掲載レコード,14041,1,0,1,14041,,09056347695,,,,missing_hidden_address_not_inferred,0,,0,0,1,
GCP-14042,こもれび助産院,こもれび助産院,100,自治体連携等の産後ケア掲載レコード,14042,1,0,1,14042,,08015996373,,,,missing_hidden_address_not_inferred,0,,0,0,1,
GCP-14043,産後ケアハウスははのわ　しほ助産院,産後ケアハウスははのわしほ助産院,100,自治体連携等の産後ケア掲載レコード,14043,1,0,1,14043,,,,,,missing_hidden_address_not_inferred,0,,0,0,1,
GCP-14044,うまうま助産院,うまうま助産院,100,自治体連携等の産後ケア掲載レコード,14044,1,0,1,14044,,,,,,missing_hidden_address_not_inferred,0,,0,0,1,
GCP-14045,江口助産院,江口助産院,100,自治体連携等の産後ケア掲載レコード,14045,1,0,1,14045,,,,,,missing_hidden_address_not_inferred,0,,0,0,1,
GCP-14046,ミルキー助産所,ミルキー助産所,100,自治体連携等の産後ケア掲載レコード,14046,1,0,1,14046,,,,,,missing_hidden_address_not_inferred,0,,0,0,1,
GCP-14047,あなたの助産師・あん,あなたの助産師あん,100,自治体連携等の産後ケア掲載レコード,14047,1,0,1,14047,,,,,,missing_hidden_address_not_inferred,0,,0,0,1,
GCP-14048,"産前産後ケアハウス　
ｒｉｃｏｃｏの家　りこ助産院",産前産後ケアハウスricocoの家りこ助産院,100,自治体連携等の産後ケア掲載レコード,14048,1,0,1,14048,,,,,,missing_hidden_address_not_inferred,0,,0,0,1,
GCP-14049,産前産後ケアハウス　Olive助産院,産前産後ケアハウスolive助産院,100,自治体連携等の産後ケア掲載レコード,14049,1,0,1,14049,,,,,,missing_hidden_address_not_inferred,0,,0,0,1,
GCP-14051,春日井市さんさんルーム,春日井市さんさんルーム,100,自治体連携等の産後ケア掲載レコード,14051,1,0,1,14051,春日井市鷹来町１丁目１番地１,0568871551,35.2715545,136.9698228,birth_navi,birth_navi_not_crosschecked,0,0.0,0,0,1,
GCP-14052,ウィメンズサポートみことも,ウィメンズサポートみことも,100,自治体連携等の産後ケア掲載レコード,14052,1,0,1,14052,春日井市岩野町1丁目19-1,09029373633,35.2674382,136.9575384,birth_navi,birth_navi_not_crosschecked,0,0.0,0,0,1,
GCP-14053,助産院：ふうハウス,助産院ふうハウス,100,自治体連携等の産後ケア掲載レコード,14053,2,0,2,14053;14083,春日井市大和通1-41-1,0568338601,35.2291674,136.9500224,birth_navi,birth_navi_not_crosschecked,0,0.0,0,0,1,
GCP-14054,山中助産院,山中助産院,100,自治体連携等の産後ケア掲載レコード,14054,1,0,1,14054,春日井市稲口町4-2-8,09038307497,35.2430282,136.9486901,birth_navi,birth_navi_not_crosschecked,0,0.0,0,0,1,
GCP-14055,唯助産所,唯助産所,100,自治体連携等の産後ケア掲載レコード,14055,1,0,1,14055,,09079104622,,,,missing_hidden_address_not_inferred,0,,0,0,1,
GCP-14056,助産院あまね,助産院あまね,100,自治体連携等の産後ケア掲載レコード,14056,1,0,1,14056,春日井市角崎町86-1,09019880179,35.2317046,136.9528865,birth_navi,birth_navi_not_crosschecked,0,0.0,0,0,1,
GCP-14057,お母さんと赤ちゃんのランプ,お母さんと赤ちゃんのランプ,100,自治体連携等の産後ケア掲載レコード,14057,1,0,1,14057,,09054581904,,,,missing_hidden_address_not_inferred,0,,0,0,1,
GCP-14058,ほのぼの助産院,ほのぼの助産院,100,自治体連携等の産後ケア掲載レコード,14058,1,0,1,14058,小牧市城山五丁目68-4,08032849946,35.2930201,136.9809782,birth_navi,birth_navi_not_crosschecked,0,0.0,0,0,1,
GCP-14059,碧南市民病院,碧南市民病院,100,自治体連携等の産後ケア掲載レコード,14059,1,0,1,14059,碧南市平和町３丁目６番地,0566485050,34.9013668,137.0131242,birth_navi,birth_navi_not_crosschecked,0,0.0,0,0,1,
GCP-14060,助産院・こよみ,助産院こよみ,100,自治体連携等の産後ケア掲載レコード,14060,1,0,1,14060,,07091230543,,,,missing_hidden_address_not_inferred,0,,0,0,1,
GCP-14061,だいとくや助産院,だいとくや助産院,100,自治体連携等の産後ケア掲載レコード,14061,1,0,1,14061,,08064285792,,,,missing_hidden_address_not_inferred,0,,0,0,1,
GCP-14062,助産院　マザーズ・プレイス,助産院マザーズプレイス,100,自治体連携等の産後ケア掲載レコード,14062,1,0,1,14062,,,,,,missing_hidden_address_not_inferred,0,,0,0,1,
GCP-14063,F-salon,fsalon,100,自治体連携等の産後ケア掲載レコード,14063,1,0,1,14063,,09090214910,,,,missing_hidden_address_not_inferred,0,,0,0,1,
GCP-14064,出張専門　Nami助産院,出張専門nami助産院,100,自治体連携等の産後ケア掲載レコード,14064,1,0,1,14064,,09083240036,,,,missing_hidden_address_not_inferred,0,,0,0,1,
GCP-14065,出張専門助産院　ｈａｈａｋｏ,出張専門助産院hahako,100,自治体連携等の産後ケア掲載レコード,14065,1,0,1,14065,,09099018084,,,,missing_hidden_address_not_inferred,0,,0,0,1,
GCP-14066,Ｈａｈａ助産院,haha助産院,100,自治体連携等の産後ケア掲載レコード,14066,1,0,1,14066,,09073125921,,,,missing_hidden_address_not_inferred,0,,0,0,1,
GCP-14067,助産院　風と光,助産院風と光,100,自治体連携等の産後ケア掲載レコード,14067,1,0,1,14067,豊田市藤岡飯野町平畑９－２,09056269266,35.1973739,137.2036619,birth_navi,birth_navi_not_crosschecked,0,0.0,0,0,1,
GCP-14068,ちご助産院,ちご助産院,100,自治体連携等の産後ケア掲載レコード,14068,1,0,1,14068,豊田市鍋田町タカセ２１－１,09034579538,35.0680648,137.2204549,birth_navi,birth_navi_not_crosschecked,0,0.0,0,0,1,
GCP-14069,Moｍ House,momhouse,100,自治体連携等の産後ケア掲載レコード,14069,1,0,1,14069,みよし市福谷町宮ノ前33－1,0561560456,35.1204803,137.1062212,birth_navi,birth_navi_not_crosschecked,0,0.0,0,0,1,
GCP-14070,旭の森助産院,旭の森助産院,100,自治体連携等の産後ケア掲載レコード,14070,1,0,1,14070,,09029471233,,,,missing_hidden_address_not_inferred,0,,0,0,1,
GCP-14071,リズメリット,リズメリット,100,自治体連携等の産後ケア掲載レコード,14071,1,0,1,14071,名古屋市名東区八前3－111－503,07083854440,35.177978,136.9851848,birth_navi,birth_navi_not_crosschecked,0,0.0,0,0,1,
GCP-14072,ひまわり助産院,ひまわり助産院,100,自治体連携等の産後ケア掲載レコード,14072,1,0,1,14072,安城市井杭山町一本木3-13,0566774384,34.9767343,137.0577173,birth_navi,birth_navi_not_crosschecked,0,0.0,0,0,0,
GCP-14073,みく助産院,みく助産院,100,自治体連携等の産後ケア掲載レコード,14073,1,0,1,14073,安城市東栄町4-11-8 パークサイドハイツA-203,0566970909,34.9883989,137.0929117,birth_navi,birth_navi_not_crosschecked,0,0.0,0,0,1,
GCP-14074,KARIN助産院,karin助産院,100,自治体連携等の産後ケア掲載レコード,14074,1,0,1,14074,,07028253709,,,,missing_hidden_address_not_inferred,0,,0,0,1,
GCP-14075,出張専門助産院kotori,出張専門助産院kotori,100,自治体連携等の産後ケア掲載レコード,14075,1,0,1,14075,,08072370415,,,,missing_hidden_address_not_inferred,0,,0,0,1,
GCP-14076,安城更生病院,安城更生病院,100,自治体連携等の産後ケア掲載レコード,14076,1,0,1,14076,安城市安城町東広畔28,0566752125,34.9400875,137.0777825,birth_navi,birth_navi_not_crosschecked,0,0.0,0,0,1,
GCP-14077,りこ助産院,りこ助産院,100,自治体連携等の産後ケア掲載レコード,14077,1,0,1,14077,西尾市鶴城町丘33-2,09066116678,34.8759825,137.0494662,birth_navi,birth_navi_not_crosschecked,0,0.0,0,0,1,
GCP-14078,ハピネス助産院,ハピネス助産院,100,自治体連携等の産後ケア掲載レコード,14078,1,0,1,14078,額田郡幸田町大字大草広野76-1,08080986415,34.8804285,137.1746408,birth_navi,birth_navi_not_crosschecked,0,0.0,0,0,1,
GCP-14081,委託助産師,委託助産師,100,自治体連携等の産後ケア掲載レコード,14081,1,0,1,14081,,,,,,missing_hidden_address_not_inferred,0,,0,0,1,
GCP-14082,澤野助産院,澤野助産院,100,自治体連携等の産後ケア掲載レコード,14082,1,0,1,14082,犬山市羽黒川原口39番地4,0568684435,35.3526099,136.9474862,birth_navi,birth_navi_not_crosschecked,0,0.0,0,0,1,
GCP-14084,ママハウストトリ助産院,ママハウストトリ助産院,100,自治体連携等の産後ケア掲載レコード,14084,1,0,1,14084,新城市富岡字新田１５３番地,09011015160,34.8521286,137.5036109,birth_navi,birth_navi_not_crosschecked,0,0.0,0,0,1,
GCP-14085,しなのき訪問助産院,しなのき訪問助産院,100,自治体連携等の産後ケア掲載レコード,14085,1,0,1,14085,愛知県東海市,09085473170,,,,missing_unresolved,0,,0,0,1,
GCP-14086,アロマ助産院ひだまり,アロマ助産院ひだまり,100,自治体連携等の産後ケア掲載レコード,14086,1,0,1,14086,愛知県東海市富木島町,08045442500,,,,missing_unresolved,0,,0,0,1,
GCP-14087,えがお母乳育児相談室,えがお母乳育児相談室,100,自治体連携等の産後ケア掲載レコード,14087,1,0,1,14087,,08026460311,,,,missing_hidden_address_not_inferred,0,,0,0,1,
GCP-14088,助産院myherb,助産院myherb,100,自治体連携等の産後ケア掲載レコード,14088,1,0,1,14088,,09029431470,,,,missing_hidden_address_not_inferred,0,,0,0,1,
GCP-14089,原田レディースクリニック,原田レディースクリニック,100,自治体連携等の産後ケア掲載レコード,14089,1,0,1,14089,知多市寺本新町１丁目１７２,0562361103,34.9933711,136.8775355,birth_navi,birth_navi_not_crosschecked,0,0.0,0,0,1,
GCP-14091,悠助産院,悠助産院,100,自治体連携等の産後ケア掲載レコード,14091,1,0,1,14091,豊田市若林東町上ノ田3－56,09029262581,35.0303687,137.1034957,birth_navi,birth_navi_not_crosschecked,0,0.0,0,0,1,
GCP-14092,ベビママ訪問ここはれ,ベビママ訪問ここはれ,100,自治体連携等の産後ケア掲載レコード,14092,1,0,1,14092,,,,,,missing_hidden_address_not_inferred,0,,0,0,1,
GCP-14095,愛知県助産師会,愛知県助産師会,100,自治体連携等の産後ケア掲載レコード,14095,1,0,1,14095,名古屋市千種区神田町5-8　千種公園うたの森3階,0527217118,35.1773181,136.9419503,birth_navi,birth_navi_not_crosschecked,0,0.0,0,0,1,
GCP-14096,学校法人藤田学園　藤田医科大学病院,学校法人藤田学園藤田医科大学病院,100,自治体連携等の産後ケア掲載レコード,14096,1,0,1,14096,,,,,,missing_hidden_address_not_inferred,0,,0,0,1,
GCP-14097,葵鐘会　ロイヤルベルクリニック,葵鐘会ロイヤルベルクリニック,100,自治体連携等の産後ケア掲載レコード,14097,1,0,1,14097,,,,,,missing_hidden_address_not_inferred,0,,0,0,1,
GCP-14098,ママリラカフェ　とよあけ（藤田医科大学）,ママリラカフェとよあけ藤田医科大学,100,自治体連携等の産後ケア掲載レコード,14098,1,0,1,14098,,,,,,missing_hidden_address_not_inferred,0,,0,0,1,
GCP-14099,渥美病院,渥美病院,100,自治体連携等の産後ケア掲載レコード,14099,1,0,1,14099,田原市神戸町赤石１－１,0531224907,34.6605639,137.2722072,birth_navi,birth_navi_not_crosschecked,0,0.0,0,0,1,
GCP-14100,カルテット,カルテット,100,自治体連携等の産後ケア掲載レコード,14100,1,0,1,14100,田原市神戸町深田５１－２,0531224707,34.6636183,137.2739674,birth_navi,birth_navi_not_crosschecked,0,0.0,0,0,1,
GCP-14101,ひとなる助産所,ひとなる助産所,100,自治体連携等の産後ケア掲載レコード,14101,1,0,1,14101,,,,,,missing_hidden_address_not_inferred,0,,0,0,1,
GCP-14102,こもれび助産院,こもれび助産院,100,自治体連携等の産後ケア掲載レコード,14102,1,0,1,14102,,,,,,missing_hidden_address_not_inferred,0,,0,0,1,
GCP-14103,たなかマタニティクリニック,たなかマタニティクリニック,100,自治体連携等の産後ケア掲載レコード,14103,1,0,1,14103,みよし市三好丘旭３丁目4-3,,35.1206294,137.1217558,birth_navi,birth_navi_not_crosschecked,0,0.0,0,0,1,
GCP-14105,あきこ訪問助産所,あきこ訪問助産所,100,自治体連携等の産後ケア掲載レコード,14105,1,0,1,14105,長久手市岩作平池17番地11,,35.1836384,137.049419,birth_navi,birth_navi_not_crosschecked,0,0.0,0,0,1,
GCP-14106,大治町保健センター,大治町保健センター,100,自治体連携等の産後ケア掲載レコード,14106,1,0,1,14106,愛知県海部郡大治町大字砂子字西河原14-3,0524442714,35.1666035,136.8180571,birth_navi,birth_navi_not_crosschecked,0,0.0,0,0,1,
GCP-14107,さくらんぼ助産院,さくらんぼ助産院,100,自治体連携等の産後ケア掲載レコード,14107,1,0,1,14107,,09020251709,,,,missing_hidden_address_not_inferred,0,,0,0,1,
GCP-14109,高野助産院,高野助産院,100,自治体連携等の産後ケア掲載レコード,14109,2,0,2,14109;14144,久居桜が丘町1730-109,0592564870,34.6823714,136.4916496,birth_navi,birth_navi_not_crosschecked,0,0.0,0,0,1,
GCP-14110,みなみで助産院,みなみで助産院,100,自治体連携等の産後ケア掲載レコード,14110,1,0,1,14110,香良洲町5845-1,09060985603,34.646851,136.5420066,birth_navi,birth_navi_not_crosschecked,0,0.0,0,0,1,
GCP-14111,助産院　て＆て,助産院てて,100,自治体連携等の産後ケア掲載レコード,14111,1,0,1,14111,高茶屋7丁目8-3,09078617704,34.6738549,136.4982749,birth_navi,birth_navi_not_crosschecked,0,0.0,0,0,1,
GCP-14112,助産院　ミモザ,助産院ミモザ,100,自治体連携等の産後ケア掲載レコード,14112,1,0,1,14112,青葉台２丁目１０－７,09059368094,35.6505754,139.6966397,birth_navi,birth_navi_not_crosschecked,0,0.0,0,0,1,
GCP-14113,みわ助産所,みわ助産所,100,自治体連携等の産後ケア掲載レコード,14113,1,0,1,14113,一身田上津部田1503-53,09095666537,34.7435318,136.493787,birth_navi,birth_navi_not_crosschecked,0,0.0,0,0,1,
GCP-14114,三重県助産師会,三重県助産師会,100,自治体連携等の産後ケア掲載レコード,14114,3,0,3,14114;14127;14155,三重郡朝日町柿963,09092445730,35.0344735,136.661438,birth_navi,birth_navi_not_crosschecked,0,0.0,0,0,1,
GCP-14115,和笑（なごみ）助産所,和笑なごみ助産所,100,自治体連携等の産後ケア掲載レコード,14115,1,0,1,14115,いなべ市員弁町松之木１５７７－４,09014138855,35.1052305,136.5763496,birth_navi,birth_navi_not_crosschecked,0,0.0,0,0,1,
GCP-14116,レディースケアアントラクト,レディースケアアントラクト,100,自治体連携等の産後ケア掲載レコード,14116,1,0,1,14116,三重郡菰野町神森420-3,09019829019,35.0018175,136.5358513,birth_navi,birth_navi_not_crosschecked,0,0.0,0,0,1,
GCP-14117,みずき助産院,みずき助産院,100,自治体連携等の産後ケア掲載レコード,14117,1,0,1,14117,三重郡朝日町柿963番地,09092445730,35.0344735,136.661438,birth_navi,birth_navi_not_crosschecked,0,0.0,0,0,1,
GCP-14118,母子支援室みかん,母子支援室みかん,100,自治体連携等の産後ケア掲載レコード,14118,1,0,1,14118,名張市中知山字下出897-25,07015471652,34.5796412,136.1207392,birth_navi,birth_navi_not_crosschecked,0,0.0,0,0,1,
GCP-14119,澄助産院,澄助産院,100,自治体連携等の産後ケア掲載レコード,14119,1,0,1,14119,松阪市船江町566-4,08025871863,34.589432,136.5208987,birth_navi,birth_navi_not_crosschecked,0,0.0,0,0,1,
GCP-14120,とちの実助産処,とちの実助産処,100,自治体連携等の産後ケア掲載レコード,14120,1,0,1,14120,松阪市虹が丘町21-2,09042551228,34.543721,136.5549761,birth_navi,birth_navi_not_crosschecked,0,0.0,0,0,1,
GCP-14122,うみまち助産院,うみまち助産院,100,自治体連携等の産後ケア掲載レコード,14122,1,0,1,14122,,,,,,missing_hidden_address_not_inferred,0,,0,0,1,
GCP-14123,たけうち助産所,たけうち助産所,100,自治体連携等の産後ケア掲載レコード,14123,1,0,1,14123,,,,,,missing_hidden_address_not_inferred,0,,0,0,1,
GCP-14124,産後専門デイケア　もこもこ,産後専門デイケアもこもこ,100,自治体連携等の産後ケア掲載レコード,14124,1,0,1,14124,四日市市陶栄町２－２,09060746565,34.9775378,136.6254468,birth_navi,birth_navi_not_crosschecked,0,0.0,0,0,1,
GCP-14125,お産の家　ゆずり葉,お産の家ゆずり葉,100,自治体連携等の産後ケア掲載レコード,14125,1,0,1,14125,桑名市大字和泉２４８番地１,0594211103,35.0433539,136.6875974,birth_navi,birth_navi_not_crosschecked,0,0.0,0,0,1,
GCP-14128,"特定非営利活動法人　MCサポートセンター
　みっくみえ",特定非営利活動法人mcサポートセンターみっくみえ,100,自治体連携等の産後ケア掲載レコード,14128,1,0,1,14128,桑名市西別所302番地,0594214935,35.0581538,136.6654799,birth_navi,birth_navi_not_crosschecked,0,0.0,0,0,1,
GCP-14129,"いわはな助産院
母乳育児相談室",いわはな助産院母乳育児相談室,100,自治体連携等の産後ケア掲載レコード,14129,1,0,1,14129,桑名市中山町89,08078574991,35.0673172,136.6252822,birth_navi,birth_navi_not_crosschecked,0,0.0,0,0,1,
GCP-14130,ご縁まる,ご縁まる,100,自治体連携等の産後ケア掲載レコード,14130,1,0,1,14130,"三重郡川越町亀田新田
（以下非公開）",07016656685,,,,missing_unresolved,0,,0,0,1,
GCP-14131,助産所ここから,助産所ここから,100,自治体連携等の産後ケア掲載レコード,14131,1,0,1,14131,四日市市桜花台1-6-1,09056102059,34.9856808,136.5283704,birth_navi,birth_navi_not_crosschecked,0,0.0,0,0,1,
GCP-14132,出張専門アキ助産院,出張専門アキ助産院,100,自治体連携等の産後ケア掲載レコード,14132,1,0,1,14132,四日市市山城町（以下非公開）,07091501848,,,,missing_unresolved,0,,0,0,1,
GCP-14133,はなえみ助産所,はなえみ助産所,100,自治体連携等の産後ケア掲載レコード,14133,1,0,1,14133,四日市市阿倉川（以下非公開）,09035829111,,,,missing_unresolved,0,,0,0,1,
GCP-14134,ママノトモ,ママノトモ,100,自治体連携等の産後ケア掲載レコード,14134,1,0,1,14134,,08015597478,,,,missing_hidden_address_not_inferred,0,,0,0,1,
GCP-14135,出張・オンライン専門助産院felice,出張オンライン専門助産院felice,100,自治体連携等の産後ケア掲載レコード,14135,2,0,2,14135;15622,四日市市尾平町３８０６－１５３,07085948998,34.9825185,136.5908138,birth_navi,birth_navi_not_crosschecked,0,0.0,0,0,1,
GCP-14136,ママケアサポート　HUG MAMA,ママケアサポートhugmama,100,自治体連携等の産後ケア掲載レコード,14136,1,0,1,14136,四日市市川島町５６３４－１４,09025729025,34.9773327,136.5612649,birth_navi,birth_navi_not_crosschecked,0,0.0,0,0,1,
GCP-14137,ママサポ出張助産院Ohana,ママサポ出張助産院ohana,100,自治体連携等の産後ケア掲載レコード,14137,1,0,1,14137,四日市市桜台2-5-193,09023445692,34.9824746,136.5343755,birth_navi,birth_navi_not_crosschecked,0,0.0,0,0,1,
GCP-14138,OLA,ola,100,自治体連携等の産後ケア掲載レコード,14138,1,0,1,14138,三重郡菰野町（以下非公開）,09068034358,,,,missing_unresolved,0,,0,0,1,
GCP-14139,助産所ひっつきむし,助産所ひっつきむし,100,自治体連携等の産後ケア掲載レコード,14139,1,0,1,14139,鈴鹿市竹野2丁目11-25,09050343749,34.8809135,136.5568752,birth_navi,birth_navi_not_crosschecked,0,0.0,0,0,1,
GCP-14140,助産所ははみちる,助産所ははみちる,100,自治体連携等の産後ケア掲載レコード,14140,1,0,1,14140,鈴鹿市郡山町（以下非公開）,09039687653,,,,missing_unresolved,0,,0,0,1,
GCP-14141,とも助産所,とも助産所,100,自治体連携等の産後ケア掲載レコード,14141,1,0,1,14141,鈴鹿市（以下非公開）,09021326980,,,,missing_unresolved,0,,0,0,1,
GCP-14142,きわ助産所,きわ助産所,100,自治体連携等の産後ケア掲載レコード,14142,1,0,1,14142,鈴鹿市南玉垣町（以下非公開）,09090502073,,,,missing_unresolved,0,,0,0,1,
GCP-14143,うららか,うららか,100,自治体連携等の産後ケア掲載レコード,14143,1,0,1,14143,鈴鹿市稲生塩屋（以下非公開）,09025010328,,,,missing_unresolved,0,,0,0,1,
GCP-14145,助産院　糸,助産院糸,100,自治体連携等の産後ケア掲載レコード,14145,1,0,1,14145,津市一色町（以下非公開）,09018607988,,,,missing_unresolved,0,,0,0,1,
GCP-14146,しまなみ助産院・津,しまなみ助産院津,100,自治体連携等の産後ケア掲載レコード,14146,1,0,1,14146,津市上浜町（以下非公開）,09062333726,,,,missing_unresolved,0,,0,0,1,
GCP-14147,"まみづか助産院
桶谷式母乳育児相談室",まみづか助産院桶谷式母乳育児相談室,100,自治体連携等の産後ケア掲載レコード,14147,1,0,1,14147,名張市桔梗が丘西4-1-19,09021439741,34.64331,136.1048377,birth_navi,birth_navi_not_crosschecked,0,0.0,0,0,1,
GCP-14148,しんぼ助産院,しんぼ助産院,100,自治体連携等の産後ケア掲載レコード,14148,1,0,1,14148,名張市つつじが丘(以下非公開）,09023436735,,,,missing_unresolved,0,,0,0,1,
GCP-14149,さくら助産院,さくら助産院,100,自治体連携等の産後ケア掲載レコード,14149,1,0,1,14149,,08069147626,,,,missing_hidden_address_not_inferred,0,,0,0,1,
GCP-14121,産前産後ケアサポートハウスせいりき,産前産後ケアサポートハウスせいりき,100,自治体連携等の産後ケア掲載レコード,14150,2,0,2,14121;14150,伊勢市小俣町明野368,09026898702,34.5313708,136.662326,birth_navi,birth_navi_not_crosschecked,0,0.0,0,0,1,
GCP-14151,名張市立赤目保育所内,名張市立赤目保育所内,100,自治体連携等の産後ケア掲載レコード,14151,1,0,1,14151,三重県名張市赤目町檀448-3,0595636970,34.5978436,136.0775257,birth_navi,birth_navi_not_crosschecked,0,0.0,0,0,1,
GCP-14152,いのちのかがやき,いのちのかがやき,100,自治体連携等の産後ケア掲載レコード,14152,1,0,1,14152,伊賀市山出903,,34.720627,136.1282304,birth_navi,birth_navi_not_crosschecked,0,0.0,0,0,1,
GCP-14156,一般社団法人　三重県助産師会,三重県助産師会,100,自治体連携等の産後ケア掲載レコード,14156,1,0,1,14156,,08026441291,,,,missing_hidden_address_not_inferred,0,,0,0,1,
GCP-14157,"かっさいレディースクリニック
産後専門デイケア　もこもこ",かっさいレディースクリニック産後専門デイケアもこもこ,100,自治体連携等の産後ケア掲載レコード,14157,1,0,1,14157,四日市市陶栄町2-2,0593285500,34.9775378,136.6254468,birth_navi,birth_navi_not_crosschecked,0,0.0,0,0,1,
GCP-14158,三重県助産師会所属助産師,三重県助産師会所属助産師,100,自治体連携等の産後ケア掲載レコード,14158,1,0,1,14158,,,,,,missing_hidden_address_not_inferred,0,,0,0,1,
GCP-14159,助産院Raccoon,助産院raccoon,100,自治体連携等の産後ケア掲載レコード,14159,1,0,1,14159,松阪市久保町1503-11,,34.5494848,136.5366161,birth_navi,birth_navi_not_crosschecked,0,0.0,0,0,1,
GCP-14160,小原産婦人科,小原産婦人科,100,自治体連携等の産後ケア掲載レコード,14160,1,0,1,14160,,,,,,missing_hidden_address_not_inferred,0,,0,0,1,
GCP-14161,かづこ助産院,かづこ助産院,100,自治体連携等の産後ケア掲載レコード,14161,1,0,1,14161,那智勝浦町北浜1丁目１３,0735526798,33.6305574,135.9431119,birth_navi,birth_navi_not_crosschecked,0,0.0,0,0,1,
GCP-14162,大江助産院,大江助産院,100,自治体連携等の産後ケア掲載レコード,14162,1,0,1,14162,,09040351172,,,,missing_hidden_address_not_inferred,0,,0,0,1,
GCP-14163,川島助産所,川島助産所,100,自治体連携等の産後ケア掲載レコード,14163,1,0,1,14163,滋賀県彦根市日夏町2828番地77,08038501660,35.2324735,136.2200933,birth_navi,birth_navi_not_crosschecked,0,0.0,0,0,1,
GCP-14164,医療法人社団 中部産婦人科医院,中部産婦人科医院,100,自治体連携等の産後ケア掲載レコード,14164,1,0,1,14164,京都市伏見区向島二 丸町151-44,0756221955,34.9149857,135.7695157,birth_navi,birth_navi_not_crosschecked,0,0.0,0,0,1,
GCP-14165,あいあい助産院,あいあい助産院,100,自治体連携等の産後ケア掲載レコード,14165,1,0,1,14165,京都市北区紫野上柳町11-2,09069092672,35.0446659,135.752815,birth_navi,birth_navi_not_crosschecked,0,0.0,0,0,1,
GCP-14166,ひまわり助産院,ひまわり助産院,100,自治体連携等の産後ケア掲載レコード,14166,1,0,1,14166,京都市上京区東堀川通り丸太町上る六丁目210-1,09032752169,35.0174544,135.7525427,birth_navi,birth_navi_not_crosschecked,0,0.0,0,0,1,
GCP-14167,まこと助産院,まこと助産院,100,自治体連携等の産後ケア掲載レコード,14167,1,0,1,14167,京都市山科区安朱中小路町28-1,0755955317,34.9939619,135.8181626,birth_navi,birth_navi_not_crosschecked,0,0.0,0,0,0,
GCP-14168,桶谷助産院,桶谷助産院,100,自治体連携等の産後ケア掲載レコード,14168,1,0,1,14168,京都市南区久世上久世町687-2,0759337883,34.9644914,135.716693,birth_navi,birth_navi_not_crosschecked,0,0.0,0,0,1,
GCP-14169,助産院 りゅばん,助産院りゅばん,100,自治体連携等の産後ケア掲載レコード,14169,1,0,1,14169,京都市東山区本町15丁 284-2,08025044427,34.9794844,135.7706929,birth_navi,birth_navi_not_crosschecked,0,0.0,0,0,1,
GCP-14170,"天使ママ専門産後グリーフケア
はちどり助産院",天使ママ専門産後グリーフケアはちどり助産院,100,自治体連携等の産後ケア掲載レコード,14170,2,0,2,14170;14254,東大阪市東山町４番８号,0729869744,34.6795997,135.6418885,birth_navi,birth_navi_not_crosschecked,0,0.0,0,0,1,
GCP-14171,産前産後ケアホテル ぶどうの木京都院,産前産後ケアホテルぶどうの木京都院,100,自治体連携等の産後ケア掲載レコード,14171,1,0,1,14171,京都市東山区妙法院前側町424-2,0757446939,34.991836,135.7741886,birth_navi,birth_navi_not_crosschecked,0,0.0,0,0,1,
GCP-14172,baby.mamSHIUO (ベビマム四条),babymamshiuoベビマム四条,100,自治体連携等の産後ケア掲載レコード,14172,1,0,1,14172,京都市下京区塩屋町188,,35.0025925,135.7649828,birth_navi,birth_navi_not_crosschecked,0,0.0,0,0,1,
GCP-14173,社会福祉法人 積慶園 乳児院積慶園,積慶園乳児院積慶園,100,自治体連携等の産後ケア掲載レコード,14173,1,0,1,14173,京都市西京区樫原前田町1-20,0753922181,34.9696548,135.6918888,birth_navi,birth_navi_not_crosschecked,0,0.0,0,0,1,
GCP-14174,くくう助産院,くくう助産院,100,自治体連携等の産後ケア掲載レコード,14174,1,0,1,14174,,,,,,missing_hidden_address_not_inferred,0,,0,0,0,
GCP-14175,岡本産婦人科,岡本産婦人科,100,自治体連携等の産後ケア掲載レコード,14175,1,0,1,14175,,,,,,missing_hidden_address_not_inferred,0,,0,0,1,
GCP-14176,訪問看護ステーションcoco,訪問看護ステーションcoco,100,自治体連携等の産後ケア掲載レコード,14176,1,0,1,14176,,,,,,missing_hidden_address_not_inferred,0,,0,0,0,
GCP-14177,舞鶴共済病院,舞鶴共済病院,100,自治体連携等の産後ケア掲載レコード,14177,1,0,1,14177,京都府舞鶴市浜１０３５,0773622510,35.4687448,135.3916699,birth_navi,birth_navi_not_crosschecked,0,0.0,0,0,1,
GCP-14178,あこ助産院,あこ助産院,100,自治体連携等の産後ケア掲載レコード,14178,1,0,1,14178,京都府綾部市上延町下雑面73番地の2,09073600889,35.2975277,135.2349653,birth_navi,birth_navi_not_crosschecked,0,0.0,0,0,1,
GCP-14179,京都府助産師会,京都府助産師会,100,自治体連携等の産後ケア掲載レコード,14179,2,0,2,14179;14200,京都府京都市中京区西ノ京南両町33番地の1,,35.0170206,135.7360166,birth_navi,birth_navi_not_crosschecked,0,0.0,0,0,1,
GCP-14180,綾部市こども家庭センター,綾部市こども家庭センター,100,自治体連携等の産後ケア掲載レコード,14180,1,0,1,14180,京都府綾部市青野町東馬場下１５番地の６,0773420020,35.3064281,135.2606845,birth_navi,birth_navi_not_crosschecked,0,0.0,0,0,1,
GCP-14182,京都医療センター,京都医療センター,100,自治体連携等の産後ケア掲載レコード,14182,1,0,1,14182,京都市伏見区深草向畑町1－1,0756458401,34.9538723,135.7756219,birth_navi,birth_navi_not_crosschecked,0,0.0,0,0,1,
GCP-14183,えみ助産院,えみ助産院,100,自治体連携等の産後ケア掲載レコード,14183,1,0,1,14183,,09010278957,,,,missing_hidden_address_not_inferred,0,,0,0,1,
GCP-14184,開業助産師小中めぐみ,開業助産師小中めぐみ,100,自治体連携等の産後ケア掲載レコード,14184,1,0,1,14184,,,,,,missing_hidden_address_not_inferred,0,,0,0,1,
GCP-14185,あすか鍼灸助産院,あすか鍼灸助産院,100,自治体連携等の産後ケア掲載レコード,14185,1,0,1,14185,,07065031076,,,,missing_hidden_address_not_inferred,0,,0,0,1,
GCP-14186,長尾助産院,長尾助産院,100,自治体連携等の産後ケア掲載レコード,14186,1,0,1,14186,向日市寺戸町西田中瀬8－20,0759221108,34.9535707,135.7060767,birth_navi,birth_navi_not_crosschecked,0,0.0,0,0,1,
GCP-14187,美幸助産院,美幸助産院,100,自治体連携等の産後ケア掲載レコード,14187,1,0,1,14187,,09039490540,,,,missing_hidden_address_not_inferred,0,,0,0,1,
GCP-14189,まはろ助産院,まはろ助産院,100,自治体連携等の産後ケア掲載レコード,14189,1,0,1,14189,,,,,,missing_hidden_address_not_inferred,0,,0,0,1,
GCP-14190,助産院おせっかい,助産院おせっかい,100,自治体連携等の産後ケア掲載レコード,14190,1,0,1,14190,,,,,,missing_hidden_address_not_inferred,0,,0,0,1,
GCP-14191,峰山乳児院（社会福祉法人みねやま福祉会）,峰山乳児院みねやま福祉会,100,自治体連携等の産後ケア掲載レコード,14191,1,0,1,14191,京丹後市峰山町杉谷952-8,,35.6256933,135.065925,birth_navi,birth_navi_not_crosschecked,0,0.0,0,0,1,
GCP-14192,出張専門　ゆき助産院,出張専門ゆき助産院,100,自治体連携等の産後ケア掲載レコード,14192,1,0,1,14192,,,,,,missing_hidden_address_not_inferred,0,,0,0,1,
GCP-14193,月の助産院,月の助産院,100,自治体連携等の産後ケア掲載レコード,14193,1,0,1,14193,,,,,,missing_hidden_address_not_inferred,0,,0,0,1,
GCP-14194,出張専門　mayo助産院,出張専門mayo助産院,100,自治体連携等の産後ケア掲載レコード,14194,1,0,1,14194,,,,,,missing_hidden_address_not_inferred,0,,0,0,1,
GCP-14195,かめおかmana助産院,かめおかmana助産院,100,自治体連携等の産後ケア掲載レコード,14195,1,0,1,14195,京都府亀岡市大井町1丁目25－12,08048240251,35.0134498,135.5735249,birth_navi,birth_navi_not_crosschecked,0,0.0,0,0,1,
GCP-14196,井出産婦人科,井出産婦人科,100,自治体連携等の産後ケア掲載レコード,14196,1,0,1,14196,京田辺市東西神屋43,0774654433,34.8203334,135.7788682,birth_navi,birth_navi_not_crosschecked,0,0.0,0,0,0,
GCP-14197,京都助産師会,京都助産師会,100,自治体連携等の産後ケア掲載レコード,14197,1,0,1,14197,,,,,,missing_hidden_address_not_inferred,0,,0,0,1,
GCP-14198,京丹後市,京丹後市,100,自治体連携等の産後ケア掲載レコード,14198,1,0,1,14198,京都府京丹後市峰山町杉谷691番地,0772690370,35.6250558,135.0603149,birth_navi,birth_navi_not_crosschecked,0,0.0,0,0,1,
GCP-14199,ふゆき助産院,ふゆき助産院,100,自治体連携等の産後ケア掲載レコード,14199,1,0,1,14199,奈良市宝来町１３１０－３８,08046439988,34.6862941,135.7647002,birth_navi,birth_navi_not_crosschecked,0,0.0,0,0,1,
GCP-14201,SPA&HOTEL水春,spahotel水春,100,自治体連携等の産後ケア掲載レコード,14201,1,0,1,14201,京田辺市山手中央5-1,0774621136,34.834317,135.7235795,birth_navi,birth_navi_not_crosschecked,0,0.0,0,0,1,
GCP-14202,公益社団法人　京都府助産師会,京都府助産師会,100,自治体連携等の産後ケア掲載レコード,14202,1,0,1,14202,京都市中京区西ノ京南寮町33-1,,35.0145124,135.736758,birth_navi,birth_navi_not_crosschecked,0,0.0,0,0,1,
GCP-14203,与謝野町（かや山の家）,与謝野町かや山の家,100,自治体連携等の産後ケア掲載レコード,14203,1,0,1,14203,京都府与謝郡与謝野町温江1401,,35.4917712,135.1212844,birth_navi,birth_navi_not_crosschecked,0,0.0,0,0,1,
GCP-14205,Pista助産院,pista助産院,100,自治体連携等の産後ケア掲載レコード,14205,1,0,1,14205,堺市中区深井東町2546番2号,08069606858,34.5289309,135.5090961,birth_navi,birth_navi_not_crosschecked,0,0.0,0,0,1,
GCP-14206,堺市立総合医療センター,堺市立総合医療センター,100,自治体連携等の産後ケア掲載レコード,14206,1,0,1,14206,堺市西区家原寺1丁1番1号,0722721199,34.5396484,135.4706332,birth_navi,birth_navi_not_crosschecked,0,0.0,0,0,1,
GCP-14209,あかりの家助産院,あかりの家助産院,100,自治体連携等の産後ケア掲載レコード,14209,1,0,1,14209,,09069003965,,,,missing_hidden_address_not_inferred,0,,0,0,1,
GCP-14210,助産院　ハーナウ,助産院ハーナウ,100,自治体連携等の産後ケア掲載レコード,14210,1,0,1,14210,,08062202854,,,,missing_hidden_address_not_inferred,0,,0,0,1,
GCP-14211,青空助産所,青空助産所,100,自治体連携等の産後ケア掲載レコード,14211,1,0,1,14211,,07055706420,,,,missing_hidden_address_not_inferred,0,,0,0,0,
GCP-14212,岩本助産院,岩本助産院,100,自治体連携等の産後ケア掲載レコード,14212,1,0,1,14212,,09059645903,,,,missing_hidden_address_not_inferred,0,,0,0,0,
GCP-14213,金田・母と子の母乳相談室,金田母と子の母乳相談室,100,自治体連携等の産後ケア掲載レコード,14213,1,0,1,14213,,09036137335,,,,missing_hidden_address_not_inferred,0,,0,0,1,
GCP-14214,産前産後ケア　えな助産院,産前産後ケアえな助産院,100,自治体連携等の産後ケア掲載レコード,14214,1,0,1,14214,,,,,,missing_hidden_address_not_inferred,0,,0,0,1,
GCP-14215,ゆいの助産院,ゆいの助産院,100,自治体連携等の産後ケア掲載レコード,14215,1,0,1,14215,,,,,,missing_hidden_address_not_inferred,0,,0,0,1,
GCP-14216,母微笑助産院,母微笑助産院,100,自治体連携等の産後ケア掲載レコード,14216,1,0,1,14216,,09045602466,,,,missing_hidden_address_not_inferred,0,,0,0,1,
GCP-14217,なごみまごころ助産院,なごみまごころ助産院,100,自治体連携等の産後ケア掲載レコード,14217,1,0,1,14217,,08021402241,,,,missing_hidden_address_not_inferred,0,,0,0,1,
GCP-14218,せきもと助産院,せきもと助産院,100,自治体連携等の産後ケア掲載レコード,14218,1,0,1,14218,,0723637576,,,,missing_hidden_address_not_inferred,0,,0,0,0,
GCP-14219,ROSORIO助産院,rosorio助産院,100,自治体連携等の産後ケア掲載レコード,14219,1,0,1,14219,,09056505336,,,,missing_hidden_address_not_inferred,0,,0,0,1,
GCP-14220,たかせ産婦人科,たかせ産婦人科,100,自治体連携等の産後ケア掲載レコード,14220,2,0,2,14220;14261,豊中市上野東２丁目６－１５,,34.7953702,135.4746467,birth_navi,birth_navi_not_crosschecked,0,0.0,0,0,1,
GCP-14221,直原ウィメンズクリニック,直原ウィメンズクリニック,100,自治体連携等の産後ケア掲載レコード,14221,1,0,1,14221,豊中市新千里南町２－１１－１,,34.7982393,135.4924809,birth_navi,birth_navi_not_crosschecked,0,0.0,0,0,1,
GCP-14225,そら助産院,そら助産院,100,自治体連携等の産後ケア掲載レコード,14225,1,0,1,14225,豊中市千里園３丁目６ー１０　千里園マンションＢ１０１,,34.7940667,135.4633701,birth_navi,birth_navi_not_crosschecked,0,0.0,0,0,1,
GCP-14230,医療法人共立さわらぎ産婦人科,共立さわらぎ産婦人科,100,自治体連携等の産後ケア掲載レコード,14230,2,0,2,14230;14259,箕面市粟生外院６丁目３番５号,,34.843942,135.5033734,birth_navi,birth_navi_not_crosschecked,0,0.0,0,0,1,
GCP-14231,大阪府済生会吹田病院,大阪府済生会吹田病院,100,自治体連携等の産後ケア掲載レコード,14231,1,0,1,14231,吹田市川園町１－２,,34.7591548,135.5176462,birth_navi,birth_navi_not_crosschecked,0,0.0,0,0,1,
GCP-14232,ぽっかぽか助産院・産前産後ケアルーム,ぽっかぽか助産院産前産後ケアルーム,100,自治体連携等の産後ケア掲載レコード,14232,1,0,1,14232,大阪市東淀川区菅原７丁目１０－３,,34.7419074,135.522216,birth_navi,birth_navi_not_crosschecked,0,0.0,0,0,1,
GCP-14237,JCHO大阪病院,jcho大阪病院,100,自治体連携等の産後ケア掲載レコード,14237,1,0,1,14237,大阪市福島区福島４－２－７８,,34.692355,135.4820701,birth_navi,birth_navi_not_crosschecked,0,0.0,0,0,1,
GCP-14239,てのての助産所,てのての助産所,100,自治体連携等の産後ケア掲載レコード,14239,1,0,1,14239,,,,,,missing_hidden_address_not_inferred,0,,0,0,1,
GCP-14241,ははこ助産院,ははこ助産院,100,自治体連携等の産後ケア掲載レコード,14241,1,0,1,14241,豊中市寺内２－１０－１　緑地野元ビル２０４,,34.7733273,135.4932596,birth_navi,birth_navi_not_crosschecked,0,0.0,0,0,1,
GCP-14242,産後ケアサロンLapia,産後ケアサロンlapia,100,自治体連携等の産後ケア掲載レコード,14242,2,0,2,14242;14260,豊中市曽根東町３－６－７　鈴木産婦人科2階,,34.7713836,135.469864,birth_navi,birth_navi_not_crosschecked,0,1.5,0,0,1,
GCP-14245,神田マタニティクリニック,神田マタニティクリニック,100,自治体連携等の産後ケア掲載レコード,14245,1,0,1,14245,吹田市江坂町３丁目３１番５号,,34.7645779,135.4893408,birth_navi,birth_navi_not_crosschecked,0,0.0,0,0,1,
GCP-14247,産後ケアハウスグレースの森,産後ケアハウスグレースの森,100,自治体連携等の産後ケア掲載レコード,14247,1,0,1,14247,大阪府吹田市藤白台５丁目７－７,,34.828328,135.5050159,birth_navi,birth_navi_not_crosschecked,0,0.0,0,0,1,
GCP-14248,いこいの樹助産院,いこいの樹助産院,100,自治体連携等の産後ケア掲載レコード,14248,1,0,1,14248,豊中市豊南町西１－１２－３５,,34.7518801,135.4819065,birth_navi,birth_navi_not_crosschecked,0,0.0,0,0,1,
GCP-14251,mom's助産院,moms助産院,100,自治体連携等の産後ケア掲載レコード,14251,1,0,1,14251,豊中市向丘３丁目１１番４３－２０３号,,34.8146004,135.4739098,birth_navi,birth_navi_not_crosschecked,0,0.0,0,0,1,
GCP-14256,陽だまり助産院,陽だまり助産院,100,自治体連携等の産後ケア掲載レコード,14256,1,0,1,14256,池田市石橋1－15－17,08024240905,34.8058045,135.4448902,birth_navi,birth_navi_not_crosschecked,0,0.0,0,0,1,
GCP-14257,市立池田病院,市立池田病院,100,自治体連携等の産後ケア掲載レコード,14257,1,0,1,14257,池田市城南3－1－8,,34.8197525,135.43182,birth_navi,birth_navi_not_crosschecked,0,0.0,0,0,1,
GCP-14258,あいのわ助産院,あいのわ助産院,100,自治体連携等の産後ケア掲載レコード,14258,1,0,1,14258,箕面市箕面6－8－6,09015863014,34.8308573,135.4671314,birth_navi,birth_navi_not_crosschecked,0,0.0,0,0,1,
GCP-14262,てのての助産院,てのての助産院,100,自治体連携等の産後ケア掲載レコード,14262,1,0,1,14262,豊中市螢池東町,,,,,missing_unresolved,0,,0,0,1,
GCP-14253,産後ケア結,産後ケア結,100,自治体連携等の産後ケア掲載レコード,14265,2,0,2,14253;14265,豊中市螢池東町2－1－3竹岡ビル2階東室,08072731592,34.7954955,135.4490014,birth_navi,birth_navi_not_crosschecked,0,0.0,0,0,1,
GCP-14228,産後ケアtocca,産後ケアtocca,100,自治体連携等の産後ケア掲載レコード,14266,2,0,2,14228;14266,吹田市千里山東1-17-41-101,0678946719,34.7744537,135.5059328,birth_navi,birth_navi_not_crosschecked,0,0.0,0,0,1,
GCP-14268,ぽっかぽか助産院,ぽっかぽか助産院,100,自治体連携等の産後ケア掲載レコード,14268,1,0,1,14268,大阪市東淀川区菅原7-10-3,0663704138,34.7419074,135.522216,birth_navi,birth_navi_not_crosschecked,0,0.0,0,0,1,
GCP-14223,助産院　ほんわか,助産院ほんわか,100,自治体連携等の産後ケア掲載レコード,14269,3,0,3,14223;14263;14269,豊中市北桜塚2-2-18,08047644545,34.7846337,135.468118,birth_navi,birth_navi_not_crosschecked,0,0.0,0,0,1,
GCP-14244,阪神バースクリニック,阪神バースクリニック,100,自治体連携等の産後ケア掲載レコード,14270,2,0,2,14244;14270,兵庫県尼崎市小中島2丁目20ｰ16,0664931103,34.7474573,135.4408024,birth_navi,birth_navi_not_crosschecked,0,0.0,0,0,1,
GCP-14271,"医療法人路傍の森　
産後ケアハウスグレースの森",路傍の森産後ケアハウスグレースの森,100,自治体連携等の産後ケア掲載レコード,14271,1,0,1,14271,吹田市藤白台５丁目７－７,0663100438,34.828328,135.5050159,birth_navi,birth_navi_not_crosschecked,0,0.0,0,0,1,
GCP-14246,UMI助産院,umi助産院,100,自治体連携等の産後ケア掲載レコード,14272,2,0,2,14246;14272,大阪市北区豊崎1-8-9,0674105302,34.7114631,135.5035652,birth_navi,birth_navi_not_crosschecked,0,0.0,0,0,1,
GCP-14273,ゆな助産院,ゆな助産院,100,自治体連携等の産後ケア掲載レコード,14273,1,0,1,14273,吹田市千里山,09039432243,,,,missing_unresolved,0,,0,0,1,
GCP-14274,うた助産院,うた助産院,100,自治体連携等の産後ケア掲載レコード,14274,1,0,1,14274,吹田市垂水町,09066767113,,,,missing_unresolved,0,,0,0,1,
GCP-14275,助産院Keroko Club,助産院kerokoclub,100,自治体連携等の産後ケア掲載レコード,14275,1,0,1,14275,,08031357772,,,,missing_hidden_address_not_inferred,0,,0,0,1,
GCP-14276,内山助産院,内山助産院,100,自治体連携等の産後ケア掲載レコード,14276,1,0,1,14276,吹田市山田西3-21-2-405,0668773010,34.7982719,135.5206687,birth_navi,birth_navi_not_crosschecked,0,0.0,0,0,1,
GCP-14277,百花-mocha-助産院,百花mocha助産院,100,自治体連携等の産後ケア掲載レコード,14277,1,0,1,14277,,09062363648,,,,missing_hidden_address_not_inferred,0,,0,0,1,
GCP-14252,産後ケアハウスははこ,産後ケアハウスははこ,100,自治体連携等の産後ケア掲載レコード,14278,2,0,2,14252;14278,豊中市小曽根２－１８－１０,09082319114,34.7603613,135.487283,birth_navi,birth_navi_not_crosschecked,0,0.0,0,0,1,
GCP-14279,ふくみ助産院,ふくみ助産院,100,自治体連携等の産後ケア掲載レコード,14279,1,0,1,14279,高槻市西五百住町12-32-202,,34.8337851,135.5978835,birth_navi,birth_navi_not_crosschecked,0,0.0,0,0,1,
GCP-14280,助産院Loulouルル,助産院loulouルル,100,自治体連携等の産後ケア掲載レコード,14280,1,0,1,14280,大阪市西区,07012698683,,,,missing_unresolved,0,,0,0,1,
GCP-14281,助産院Trust,助産院trust,100,自治体連携等の産後ケア掲載レコード,14281,1,0,1,14281,吹田市江坂町,09099950367,,,,missing_unresolved,0,,0,0,1,
GCP-14282,遠藤助産院,遠藤助産院,100,自治体連携等の産後ケア掲載レコード,14282,1,0,1,14282,豊中市上新田,09011580371,,,,missing_unresolved,0,,0,0,1,
GCP-14208,Lamp助産院,lamp助産院,100,自治体連携等の産後ケア掲載レコード,14283,2,0,2,14208;14283,堺市中区深井清水町3214清水の森C,08057353705,34.5321366,135.4878981,birth_navi,birth_navi_not_crosschecked,0,0.0,0,0,1,
GCP-14284,長谷川助産所,長谷川助産所,100,自治体連携等の産後ケア掲載レコード,14284,1,0,1,14284,,,,,,missing_hidden_address_not_inferred,0,,0,0,1,
GCP-14285,きた助産所,きた助産所,100,自治体連携等の産後ケア掲載レコード,14285,1,0,1,14285,泉佐野市上之郷5090-5,0724757313,34.3718408,135.327283,birth_navi,birth_navi_not_crosschecked,0,0.0,0,0,1,
GCP-14286,松下記念病院,松下記念病院,100,自治体連携等の産後ケア掲載レコード,14286,1,0,1,14286,守口市外島町5-55,0669921231,34.7429124,135.562079,birth_navi,birth_navi_not_crosschecked,0,0.0,0,0,1,
GCP-14287,日登美助産院,日登美助産院,100,自治体連携等の産後ケア掲載レコード,14287,1,0,1,14287,枚方市藤阪天神町11番９号,08038693859,34.8160281,135.7058753,birth_navi,birth_navi_not_crosschecked,0,0.0,0,0,1,
GCP-14288,こころ助産院,こころ助産院,100,自治体連携等の産後ケア掲載レコード,14288,2,0,2,14288;15229,茨木市総持寺駅前町１-３-204,,34.8277361,135.5815592,birth_navi,birth_navi_not_crosschecked,0,0.0,0,0,1,
GCP-14204,大阪府助産師会産前産後ケアセンター,大阪府助産師会産前産後ケアセンター,100,自治体連携等の産後ケア掲載レコード,14289,2,0,2,14204;14289,大阪市天王寺区細工谷一丁目１－５,0667716537,34.6629494,135.5254679,birth_navi,birth_navi_not_crosschecked,0,0.0,0,0,1,
GCP-14290,産後ケアセンター小阪,産後ケアセンター小阪,100,自治体連携等の産後ケア掲載レコード,14290,1,0,1,14290,東大阪市菱屋西三丁目４番13号,0667291135,34.662107,135.5794957,birth_navi,birth_navi_not_crosschecked,0,0.0,0,0,1,
GCP-14291,社会福祉法人　八尾隣保館　ルフレ八尾,八尾隣保館ルフレ八尾,100,自治体連携等の産後ケア掲載レコード,14291,1,0,1,14291,八尾市高美町,0729221032,,,,missing_unresolved,0,,0,0,1,
GCP-14292,産前産後ケアサロンMAMA LABO助産院,産前産後ケアサロンmamalabo助産院,100,自治体連携等の産後ケア掲載レコード,14292,1,0,1,14292,大阪市生野区生野西1丁目10-23,09044038178,34.6503569,135.5262598,birth_navi,birth_navi_not_crosschecked,0,0.0,0,0,1,
GCP-14293,ひとやすみ助産院,ひとやすみ助産院,100,自治体連携等の産後ケア掲載レコード,14293,1,0,1,14293,八尾市荘内町1-2-20ボーリバージュ藤増206,09066007955,34.628286,135.6075046,birth_navi,birth_navi_not_crosschecked,0,0.0,0,0,1,
GCP-14294,社会医療法人 生長会 　阪南市民病院,社会生長会阪南市民病院,100,自治体連携等の産後ケア掲載レコード,14294,1,0,1,14294,"〒599-0202
阪南市下出１７",0724713321,34.3253241,135.2606845,birth_navi,birth_navi_not_crosschecked,0,0.0,0,0,1,
GCP-14295,恵み助産院,恵み助産院,100,自治体連携等の産後ケア掲載レコード,14295,1,0,1,14295,河内長野市南花台2-4-15,09030506904,34.4288598,135.557661,birth_navi,birth_navi_not_crosschecked,0,0.0,0,0,1,
GCP-14296,助産所オリーブの樹,助産所オリーブの樹,100,自治体連携等の産後ケア掲載レコード,14296,1,0,1,14296,,,,,,missing_hidden_address_not_inferred,0,,0,0,1,
GCP-14297,暮らしの助産所,暮らしの助産所,100,自治体連携等の産後ケア掲載レコード,14297,1,0,1,14297,,,,,,missing_hidden_address_not_inferred,0,,0,0,1,
GCP-14298,産後ケアハウス笑咲やまもと助産院,産後ケアハウス笑咲やまもと助産院,100,自治体連携等の産後ケア掲載レコード,14298,1,0,1,14298,交野市妙見坂７丁目１４番２１号,09039100343,34.7626174,135.6762423,birth_navi,birth_navi_not_crosschecked,0,0.0,0,0,1,
GCP-14299,医療法人神谷産婦人科,神谷産婦人科,100,自治体連携等の産後ケア掲載レコード,14299,1,0,1,14299,門真市本町２５番８号,0663085156,34.7349931,135.5786096,birth_navi,birth_navi_not_crosschecked,0,0.0,0,0,1,
GCP-14300,市内在職助産師（18名）,市内在職助産師18名,100,自治体連携等の産後ケア掲載レコード,14300,1,0,1,14300,,,,,,missing_hidden_address_not_inferred,0,,0,0,1,
GCP-14301,訪問看護ステーションエターナル,訪問看護ステーションエターナル,100,自治体連携等の産後ケア掲載レコード,14301,1,0,1,14301,河内長野市楠ケ丘26-9,0721553577,34.4365526,135.5583817,birth_navi,birth_navi_not_crosschecked,0,0.0,0,0,1,
GCP-14302,津田助産院松原分院　天音,津田助産院松原分院天音,100,自治体連携等の産後ケア掲載レコード,14302,1,0,1,14302,大阪府松原市天美我堂3-261-55,0722887775,34.5812821,135.5231235,birth_navi,birth_navi_not_crosschecked,0,0.0,0,0,1,
GCP-14303,助産院かすみそう,助産院かすみそう,100,自治体連携等の産後ケア掲載レコード,14303,1,0,1,14303,和泉市納花町５４番地の１５５,08063175229,34.4529731,135.4720428,birth_navi,birth_navi_not_crosschecked,0,0.0,0,0,1,
GCP-14304,あま音助産院,あま音助産院,100,自治体連携等の産後ケア掲載レコード,14304,1,0,1,14304,和泉市池田下町１０７３番地の５,08061226989,34.4717735,135.4526797,birth_navi,birth_navi_not_crosschecked,0,0.0,0,0,1,
GCP-14305,箕面市（直営）,箕面市直営,100,自治体連携等の産後ケア掲載レコード,14305,1,0,1,14305,箕面市西小路4-6-1,0727246768,34.8266319,135.4700381,birth_navi,birth_navi_not_crosschecked,0,0.0,0,0,1,
GCP-14238,産後ケアハウス　はんもっく助産院今宮,産後ケアハウスはんもっく助産院今宮,100,自治体連携等の産後ケア掲載レコード,14306,2,0,2,14238;14306,箕面市今宮3-28-1,0727034588,34.8302932,135.5018269,birth_navi,birth_navi_not_crosschecked,0,0.0,0,0,1,
GCP-14224,PASSOクリニック,passoクリニック,100,自治体連携等の産後ケア掲載レコード,14307,2,0,2,14224;14307,豊中市少路1-2-7　リッツサントノーレ2階,0661529120,34.8038644,135.4714671,birth_navi,birth_navi_not_crosschecked,0,0.0,0,0,1,
GCP-14308,産後ケアサロンLapia（ラピア）,産後ケアサロンlapiaラピア,100,自治体連携等の産後ケア掲載レコード,14308,1,0,1,14308,豊中市曽根東町3ｰ6ｰ7,08089439621,34.7713704,135.469866,birth_navi,birth_navi_not_crosschecked,0,0.0,0,0,1,
GCP-14309,にしむら小児科児童発達支援ことり,にしむら小児科児童発達支援ことり,100,自治体連携等の産後ケア掲載レコード,14309,1,0,1,14309,柏原市国分本町1-9-14,,34.5687762,135.636666,birth_navi,birth_navi_not_crosschecked,0,0.0,0,0,1,
GCP-14310,個人助産師,個人助産師,100,自治体連携等の産後ケア掲載レコード,14310,1,0,1,14310,,,,,,missing_hidden_address_not_inferred,0,,0,0,1,
GCP-14311,栄養ケアチームすぷらうと（公益社団法人大阪府栄養士会栄養ケアステーション所属）,栄養ケアチームすぷらうと大阪府栄養士会栄養ケアステーション所属,100,自治体連携等の産後ケア掲載レコード,14311,1,0,1,14311,,,,,,missing_hidden_address_not_inferred,0,,0,0,1,
GCP-14312,大阪済生会富田林病院,大阪済生会富田林病院,100,自治体連携等の産後ケア掲載レコード,14312,1,0,1,14312,富田林市向陽台1-3-36,,34.5036759,135.5831116,birth_navi,birth_navi_not_crosschecked,0,0.0,0,0,1,
GCP-14315,"地方独立行政法人大坂府立病
院機構大阪はびきの医療センター",大坂府立病院機構大阪はびきの医療センター,100,自治体連携等の産後ケア掲載レコード,14315,1,0,1,14315,羽曳野市はびきの3-7-1,,34.5481756,135.5900862,birth_navi,birth_navi_not_crosschecked,0,0.0,0,0,1,
GCP-14317,"社会医療法人阪南医療福祉セ
ンター阪南中央病院",社会阪南医療福祉センター阪南中央病院,100,自治体連携等の産後ケア掲載レコード,14317,1,0,1,14317,松原市南新町3-3-28,,34.5743017,135.5365335,birth_navi,birth_navi_not_crosschecked,0,0.0,0,0,1,
GCP-14320,助産師B,助産師b,100,自治体連携等の産後ケア掲載レコード,14320,1,0,1,14320,,,,,,missing_hidden_address_not_inferred,0,,0,0,1,
GCP-14321,助産師C,助産師c,100,自治体連携等の産後ケア掲載レコード,14321,1,0,1,14321,,,,,,missing_hidden_address_not_inferred,0,,0,0,1,
GCP-14322,助産師D,助産師d,100,自治体連携等の産後ケア掲載レコード,14322,1,0,1,14322,,,,,,missing_hidden_address_not_inferred,0,,0,0,1,
GCP-14323,助産師E,助産師e,100,自治体連携等の産後ケア掲載レコード,14323,1,0,1,14323,,,,,,missing_hidden_address_not_inferred,0,,0,0,1,
GCP-14324,小林助産院,小林助産院,100,自治体連携等の産後ケア掲載レコード,14324,1,0,1,14324,,,,,,missing_hidden_address_not_inferred,0,,0,0,1,
GCP-14325,稲森助産所,稲森助産所,100,自治体連携等の産後ケア掲載レコード,14325,1,0,1,14325,,,,,,missing_hidden_address_not_inferred,0,,0,0,1,
GCP-14327,"地方独立行政法人大阪府病院機構
大阪はびきの医療センター",大阪府病院機構大阪はびきの医療センター,100,自治体連携等の産後ケア掲載レコード,14327,1,0,1,14327,羽曳野市はびきの3-7-1,0729583291,34.5481756,135.5900862,birth_navi,birth_navi_not_crosschecked,0,0.0,0,0,1,
GCP-14328,かないレディースクリニック,かないレディースクリニック,100,自治体連携等の産後ケア掲載レコード,14328,1,0,1,14328,尼崎市塚口町5丁目10番3号,0649616050,34.7534456,135.4055202,birth_navi,birth_navi_not_crosschecked,0,0.0,0,0,1,
GCP-14329,尼崎だいもつ病院,尼崎だいもつ病院,100,自治体連携等の産後ケア掲載レコード,14329,1,0,1,14329,尼崎市東大物町1丁目1番1号,0664820001,34.7175325,135.4281097,birth_navi,birth_navi_not_crosschecked,0,0.0,0,0,1,
GCP-14330,尼崎医療生活協同組合　尼崎医療生協病院,尼崎医療生活協同組合尼崎医療生協病院,100,自治体連携等の産後ケア掲載レコード,14330,1,0,1,14330,尼崎市南武庫之荘12丁目16番1号,0664361899,34.7400573,135.385052,birth_navi,birth_navi_not_crosschecked,0,0.0,0,0,1,
GCP-14331,庄村助産院,庄村助産院,100,自治体連携等の産後ケア掲載レコード,14331,1,0,1,14331,尼崎市昭和南通3丁目12番2号402,0664181943,34.7205232,135.4169101,birth_navi,birth_navi_not_crosschecked,0,0.0,0,0,0,
GCP-14229,晴助産院,晴助産院,100,自治体連携等の産後ケア掲載レコード,14332,2,0,2,14229;14332,大阪市淀川区塚本2丁目1番6号,07084318161,34.7147914,135.4738742,birth_navi,birth_navi_not_crosschecked,0,0.0,0,0,1,
GCP-14334,産前産後ケアホテル　ぶどうの木　都シティ大阪本町,産前産後ケアホテルぶどうの木都シティ大阪本町,100,自治体連携等の産後ケア掲載レコード,14334,1,0,1,14334,大阪市中央区北久宝寺町1丁目8番7号,05037063435,34.6797994,135.5067238,birth_navi,birth_navi_not_crosschecked,0,0.0,0,0,1,
GCP-14335,明石市立市民病院,明石市立市民病院,100,自治体連携等の産後ケア掲載レコード,14335,1,0,1,14335,明石市鷹匠町1－33,0789122323,34.6571875,134.9903129,birth_navi,birth_navi_not_crosschecked,0,0.0,0,0,1,
GCP-14336,たらちねの母サロン,たらちねの母サロン,100,自治体連携等の産後ケア掲載レコード,14336,1,0,1,14336,明石市大久保町松陰１０３１-１,07083803588,34.6826078,134.9495028,birth_navi,birth_navi_not_crosschecked,0,0.0,0,0,1,
GCP-14337,ひなた助産院,ひなた助産院,100,自治体連携等の産後ケア掲載レコード,14337,1,0,1,14337,神戸市西区前開南町1丁目3-6,0789750308,34.6885738,135.0422623,birth_navi,birth_navi_not_crosschecked,0,0.0,0,0,1,
GCP-14338,りんご助産院,りんご助産院,100,自治体連携等の産後ケア掲載レコード,14338,1,0,1,14338,神戸市垂水区舞多聞西2丁目4-1,0787975595,34.6650592,135.0461961,birth_navi,birth_navi_not_crosschecked,0,0.0,0,0,1,
GCP-14339,まいこまいる助産院,まいこまいる助産院,100,自治体連携等の産後ケア掲載レコード,14339,1,0,1,14339,神戸市垂水区小束山手１丁目14-1,09091606799,34.6738056,135.0642909,birth_navi,birth_navi_not_crosschecked,0,0.0,0,0,1,
GCP-14340,助産所きなり,助産所きなり,100,自治体連携等の産後ケア掲載レコード,14340,1,0,1,14340,神戸市垂水区神陵台９丁目5-12,07083891260,34.6660166,135.0382469,birth_navi,birth_navi_not_crosschecked,0,0.0,0,0,1,
GCP-14341,助産所ポスチャー,助産所ポスチャー,100,自治体連携等の産後ケア掲載レコード,14341,1,0,1,14341,神戸市須磨区大黒町3-3-19,08074404990,34.6595534,135.1341685,birth_navi,birth_navi_not_crosschecked,0,0.0,0,0,1,
GCP-14342,うめかわ助産院,うめかわ助産院,100,自治体連携等の産後ケア掲載レコード,14342,1,0,1,14342,加古郡播磨町北野添１丁目12-8-1,08043938410,34.7175926,134.8838681,birth_navi,birth_navi_not_crosschecked,0,0.0,0,0,1,
GCP-14343,さくら助産院,さくら助産院,100,自治体連携等の産後ケア掲載レコード,14343,1,0,1,14343,,09081494380,,,,missing_hidden_address_not_inferred,0,,0,0,1,
GCP-14344,みそら助産院,みそら助産院,100,自治体連携等の産後ケア掲載レコード,14344,1,0,1,14344,高砂市米田町塩市1-14,09082090310,34.7810249,134.8052862,birth_navi,birth_navi_not_crosschecked,0,0.0,0,0,1,
GCP-14345,なおみ助産院,なおみ助産院,100,自治体連携等の産後ケア掲載レコード,14345,1,0,1,14345,三木市久留美１７８９,09017186990,34.815335,135.0013787,birth_navi,birth_navi_not_crosschecked,0,0.0,0,0,1,
GCP-14346,助産所ママズケア西宮,助産所ママズケア西宮,100,自治体連携等の産後ケア掲載レコード,14346,1,0,1,14346,西宮市神楽町11-20イースト夙川202号室,0798580209,34.7387391,135.3305853,birth_navi,birth_navi_not_crosschecked,0,0.0,0,0,1,
GCP-14347,西宮市助産師会,西宮市助産師会,100,自治体連携等の産後ケア掲載レコード,14347,1,0,1,14347,,09011587075,,,,missing_hidden_address_not_inferred,0,,0,0,1,
GCP-14348,梅っ子助産所,梅っ子助産所,100,自治体連携等の産後ケア掲載レコード,14348,1,0,1,14348,神戸市東灘区本山北町1-14-10,0787711202,34.7298032,135.2831633,birth_navi,birth_navi_not_crosschecked,0,0.0,0,0,1,
GCP-14349,和～やわらぎ助産院,和やわらぎ助産院,100,自治体連携等の産後ケア掲載レコード,14349,1,0,1,14349,神戸市東灘区本山中町1-1-17,07077908853,34.7270133,135.2867096,birth_navi,birth_navi_not_crosschecked,0,0.0,0,0,1,
GCP-14350,産後ケアハウス with ゆっぽ,産後ケアハウスwithゆっぽ,100,自治体連携等の産後ケア掲載レコード,14350,1,0,1,14350,神戸市北区有野台2丁目1-9 南ビル202,08090143078,34.811989,135.228188,birth_navi,birth_navi_not_crosschecked,0,0.0,0,0,1,
GCP-14351,Belle助産院,belle助産院,100,自治体連携等の産後ケア掲載レコード,14351,1,0,1,14351,尼崎市稲葉元町1丁目3-6,09036211204,34.7385572,135.3881999,birth_navi,birth_navi_not_crosschecked,0,0.0,0,0,1,
GCP-14352,ほっこり助産院,ほっこり助産院,100,自治体連携等の産後ケア掲載レコード,14352,1,0,1,14352,西宮市甲子園七番町20-20草薙マンション101号,08024561885,34.7203291,135.3631096,birth_navi,birth_navi_not_crosschecked,0,0.0,0,0,1,
GCP-14353,石田助産所 ひろまる,石田助産所ひろまる,100,自治体連携等の産後ケア掲載レコード,14353,1,0,1,14353,神戸市北区藤原台南町5丁目8-9,0789047759,34.8141111,135.2016385,birth_navi,birth_navi_not_crosschecked,0,0.0,0,0,1,
GCP-14354,Mother's  Nest,mothersnest,100,自治体連携等の産後ケア掲載レコード,14354,1,0,1,14354,西宮市和上町6-22　オリーブハイツ西宮2階,0798569503,34.7382828,135.3368029,birth_navi,birth_navi_not_crosschecked,0,0.0,0,0,1,
GCP-14355,西宮my助産院,西宮my助産院,100,自治体連携等の産後ケア掲載レコード,14355,1,0,1,14355,西宮市高木西町11-1　ハウディ西宮北口102,05018082524,34.7492651,135.3589586,birth_navi,birth_navi_not_crosschecked,0,0.0,0,0,1,
GCP-14356,公立八鹿病院,公立八鹿病院,100,自治体連携等の産後ケア掲載レコード,14356,1,0,1,14356,兵庫県養父市八鹿町八鹿1878番地1,0796625555,35.4048483,134.7732676,birth_navi,birth_navi_not_crosschecked,0,0.0,0,0,1,
GCP-14357,アミプラ助産院,アミプラ助産院,100,自治体連携等の産後ケア掲載レコード,14357,1,0,1,14357,兵庫県養父市八鹿町坂本340-2,09012404279,35.4197912,134.7994871,birth_navi,birth_navi_not_crosschecked,0,0.0,0,0,1,
GCP-14358,百合助産院,百合助産院,100,自治体連携等の産後ケア掲載レコード,14358,1,0,1,14358,兵庫県豊岡市三宅889,09060290537,35.5233117,134.8663616,birth_navi,birth_navi_crosschecked_mhlw_within_100m,0,0.0,0,0,1,2847280000960
GCP-14359,作山助産師,作山助産師,100,自治体連携等の産後ケア掲載レコード,14359,1,0,1,14359,,,,,,missing_hidden_address_not_inferred,0,,0,0,1,
GCP-14360,橋口茂代（出張助産師）,橋口茂代出張助産師,100,自治体連携等の産後ケア掲載レコード,14360,1,0,1,14360,,,,,,missing_hidden_address_not_inferred,0,,0,0,1,
GCP-14361,大門医院,大門医院,100,自治体連携等の産後ケア掲載レコード,14361,1,0,1,14361,,,,,,missing_hidden_address_not_inferred,0,,0,0,1,
GCP-14362,産後ケアなないろ助産院,産後ケアなないろ助産院,100,自治体連携等の産後ケア掲載レコード,14362,1,0,1,14362,宝塚市泉町4-38,0797268886,34.8088888,135.3700753,birth_navi,birth_navi_not_crosschecked,0,0.0,0,0,1,
GCP-14363,ゆあ助産院,ゆあ助産院,100,自治体連携等の産後ケア掲載レコード,14363,1,0,1,14363,,,,,,missing_hidden_address_not_inferred,0,,0,0,1,
GCP-14364,養父市子育て応援課,養父市子育て応援課,100,自治体連携等の産後ケア掲載レコード,14364,1,0,1,14364,兵庫県養父市広谷250番地１,0796640315,35.3799295,134.7769178,birth_navi,birth_navi_not_crosschecked,0,0.0,0,0,1,
GCP-14365,ながい助産所,ながい助産所,100,自治体連携等の産後ケア掲載レコード,14365,1,0,1,14365,朝来市生野町口銀谷887,09070972685,35.1682885,134.7943583,birth_navi,birth_navi_not_crosschecked,0,0.0,0,0,1,
GCP-14366,在宅助産師　中山千秋　田中奈津子,在宅助産師中山千秋田中奈津子,100,自治体連携等の産後ケア掲載レコード,14366,1,0,1,14366,,,,,,missing_hidden_address_not_inferred,0,,0,0,1,
GCP-14367,一般社団法人　赤堀病院　赤堀クリニック,赤堀病院赤堀クリニック,100,自治体連携等の産後ケア掲載レコード,14367,1,0,1,14367,,,,,,missing_hidden_address_not_inferred,0,,0,0,1,
GCP-14369,在宅助産師,在宅助産師,100,自治体連携等の産後ケア掲載レコード,14369,1,0,1,14369,,,,,,missing_hidden_address_not_inferred,0,,0,0,1,
GCP-14372,みやもと産婦人科医院,みやもと産婦人科医院,100,自治体連携等の産後ケア掲載レコード,14372,1,0,1,14372,,,,,,missing_hidden_address_not_inferred,0,,0,0,1,
GCP-14374,岡村産婦人科,岡村産婦人科,100,自治体連携等の産後ケア掲載レコード,14374,1,0,1,14374,奈良市西木辻町30番地,0742233560,34.6750732,135.822166,birth_navi,birth_navi_not_crosschecked,0,0.0,0,0,1,
GCP-14375,芽愛助産院　産後ケアホームmeito,芽愛助産院産後ケアホームmeito,100,自治体連携等の産後ケア掲載レコード,14375,1,0,1,14375,,,,,,missing_hidden_address_not_inferred,0,,0,0,1,
GCP-14376,葉ノ月助産院,葉ノ月助産院,100,自治体連携等の産後ケア掲載レコード,14376,1,0,1,14376,生駒市小明町2112－3,0743830431,34.7027112,135.709274,birth_navi,birth_navi_not_crosschecked,0,0.0,0,0,1,
GCP-14377,助産所わ,助産所わ,100,自治体連携等の産後ケア掲載レコード,14377,1,0,1,14377,奈良市朱雀1－13－10,0742937257,34.7138661,135.7940863,birth_navi,birth_navi_not_crosschecked,0,0.0,0,0,1,
GCP-14378,産後ケアハウス　ぽこあぽこ（かわしま内科・外科・こどもクリニック併設）,産後ケアハウスぽこあぽこかわしま内科外科こどもクリニック併設,100,自治体連携等の産後ケア掲載レコード,14378,1,0,1,14378,香芝市旭が丘３丁目２－８,0745400214,34.5552732,135.6933532,birth_navi,birth_navi_not_crosschecked,0,0.0,0,0,1,
GCP-14379,助産所　結,助産所結,100,自治体連携等の産後ケア掲載レコード,14379,1,0,1,14379,,09020193970,,,,missing_hidden_address_not_inferred,0,,0,0,1,
GCP-14380,のんの助産院,のんの助産院,100,自治体連携等の産後ケア掲載レコード,14380,1,0,1,14380,香芝市瓦口６８－１サントゥネール寿５０１,07090224135,34.5353308,135.7163887,birth_navi,birth_navi_not_crosschecked,0,0.0,0,0,1,
GCP-14381,MotheringHouse美月,motheringhouse美月,100,自治体連携等の産後ケア掲載レコード,14381,1,0,1,14381,香芝市逢坂二丁目６４２番地１１,0745275651,34.5440659,135.6909676,birth_navi,birth_navi_not_crosschecked,0,0.0,0,0,1,
GCP-14382,マタニティ・ママ＆ベビーソエル助産院,マタニティママベビーソエル助産院,100,自治体連携等の産後ケア掲載レコード,14382,1,0,1,14382,葛城市長尾３１３－３,08014516007,34.5099198,135.7116545,birth_navi,birth_navi_not_crosschecked,0,0.0,0,0,1,
GCP-14383,桶谷式母乳育児相談室 Baby's Breath,桶谷式母乳育児相談室babysbreath,100,自治体連携等の産後ケア掲載レコード,14383,1,0,1,14383,大和郡山市堺町66番地　荒川新聞舗駐車場奥,0743526577,34.6507941,135.7836726,birth_navi,birth_navi_not_crosschecked,0,0.0,0,0,1,
GCP-14384,望助産院,望助産院,100,自治体連携等の産後ケア掲載レコード,14384,1,0,1,14384,京都府木津川市相楽台9-15-18,0774729717,34.7252678,135.7953023,birth_navi,birth_navi_not_crosschecked,0,0.0,0,0,1,
GCP-14385,おっぱいケア　ゆるき,おっぱいケアゆるき,100,自治体連携等の産後ケア掲載レコード,14385,1,0,1,14385,,,,,,missing_hidden_address_not_inferred,0,,0,0,1,
GCP-14386,桜井病院,桜井病院,100,自治体連携等の産後ケア掲載レコード,14386,1,0,1,14386,,,,,,missing_hidden_address_not_inferred,0,,0,0,1,
GCP-14387,中井戸助産所,中井戸助産所,100,自治体連携等の産後ケア掲載レコード,14387,2,0,2,14387;14391,,09060577517,,,,missing_hidden_address_not_inferred,0,,0,0,1,
GCP-14388,認定栄養ケア・ステーション　もぐエイル,認定栄養ケアステーションもぐエイル,100,自治体連携等の産後ケア掲載レコード,14388,2,0,2,14388;14392,,0744551900,,,,missing_hidden_address_not_inferred,0,,0,0,1,
GCP-14389,まる助産院,まる助産院,100,自治体連携等の産後ケア掲載レコード,14389,1,0,1,14389,,07076395054,,,,missing_hidden_address_not_inferred,0,,0,0,1,
GCP-14390,ひろさわ助産所,ひろさわ助産所,100,自治体連携等の産後ケア掲載レコード,14390,1,0,1,14390,,09020410781,,,,missing_hidden_address_not_inferred,0,,0,0,1,
GCP-14393,産前産後ケアハウス　maman,産前産後ケアハウスmaman,100,自治体連携等の産後ケア掲載レコード,14393,1,0,1,14393,奈良県吉野郡大淀町福神2-78,0747545056,34.3923778,135.7459783,birth_navi,birth_navi_not_crosschecked,0,0.0,0,0,1,
GCP-14394,産後ケアハウスぽこあぽこ,産後ケアハウスぽこあぽこ,100,自治体連携等の産後ケア掲載レコード,14394,1,0,1,14394,香芝市旭ヶ丘3-2-8,0745700214,34.5552732,135.6933532,birth_navi,birth_navi_not_crosschecked,0,0.0,0,0,1,
GCP-14395,中村助産所,中村助産所,100,自治体連携等の産後ケア掲載レコード,14395,1,0,1,14395,,,,,,missing_hidden_address_not_inferred,0,,0,0,1,
GCP-14396,ソエル助産院,ソエル助産院,100,自治体連携等の産後ケア掲載レコード,14396,1,0,1,14396,葛城市長尾３１３－３,,34.5099198,135.7116545,birth_navi,birth_navi_not_crosschecked,0,0.0,0,0,1,
GCP-14397,中村助産所,中村助産所,100,自治体連携等の産後ケア掲載レコード,14397,1,0,1,14397,,,,,,missing_hidden_address_not_inferred,0,,0,0,1,
GCP-14398,まる助産院,まる助産院,100,自治体連携等の産後ケア掲載レコード,14398,1,0,1,14398,,,,,,missing_hidden_address_not_inferred,0,,0,0,1,
GCP-14399,御杖村役場,御杖村役場,100,自治体連携等の産後ケア掲載レコード,14399,1,0,1,14399,御杖村大字菅野386番地,0745952828,34.4877549,136.16614,birth_navi,birth_navi_not_crosschecked,0,0.0,0,0,1,
GCP-14400,高取町保健センター,高取町保健センター,100,自治体連携等の産後ケア掲載レコード,14400,1,0,1,14400,高取町下土佐223-1,0744525111,34.4462993,135.800062,birth_navi,birth_navi_not_crosschecked,0,0.0,0,0,1,
GCP-14401,もとやま助産所,もとやま助産所,100,自治体連携等の産後ケア掲載レコード,14401,1,0,1,14401,奈良市あやめ池北２丁目３－７１－２１０,09019165804,34.7012075,135.7635073,birth_navi,birth_navi_not_crosschecked,0,0.0,0,0,1,
GCP-14403,社会福祉法人延命福祉会 産前産後ケアハウスmaman,延命福祉会産前産後ケアハウスmaman,100,自治体連携等の産後ケア掲載レコード,14403,1,0,1,14403,,,,,,missing_hidden_address_not_inferred,0,,0,0,1,
GCP-14404,吉野町保健センター,吉野町保健センター,100,自治体連携等の産後ケア掲載レコード,14404,1,0,1,14404,吉野町丹治130－１,0746320521,34.3906689,135.8467071,birth_navi,birth_navi_not_crosschecked,0,0.0,0,0,1,
GCP-14405,大淀町保健センター,大淀町保健センター,100,自治体連携等の産後ケア掲載レコード,14405,1,0,1,14405,奈良県吉野郡大淀町桧垣本2090,0747529403,34.3899081,135.7889835,birth_navi,birth_navi_not_crosschecked,0,0.0,0,0,1,
GCP-14406,坂本明子（助産師）,坂本明子助産師,100,自治体連携等の産後ケア掲載レコード,14406,1,0,1,14406,,,,,,missing_hidden_address_not_inferred,0,,0,0,1,
GCP-14407,産前産後ケアサポート　フィーカ,産前産後ケアサポートフィーカ,100,自治体連携等の産後ケア掲載レコード,14407,1,0,1,14407,紀の川市貴志川町丸栖662,08060036285,34.2319968,135.3237531,birth_navi,birth_navi_not_crosschecked,0,0.0,0,0,1,
GCP-14408,翠助産院,翠助産院,100,自治体連携等の産後ケア掲載レコード,14408,1,0,1,14408,有田市宮原町東215　有田市福祉館なごみ2F,05088815973,34.0809884,135.1783676,birth_navi,birth_navi_not_crosschecked,0,0.0,0,0,1,
GCP-14409,和の子みらい助産院,和の子みらい助産院,100,自治体連携等の産後ケア掲載レコード,14409,2,0,2,14409;14435,紀の川市名手西野285-2,0736794474,34.2723296,135.4338672,birth_navi,birth_navi_not_crosschecked,0,0.0,0,0,1,
GCP-14410,新生助産所,新生助産所,100,自治体連携等の産後ケア掲載レコード,14410,1,0,1,14410,西牟婁郡上富田町市ノ瀬2256-15,0739490667,33.7178603,135.4604196,birth_navi,birth_navi_not_crosschecked,0,0.0,0,0,1,
GCP-14411,"あかちゃんとママの寄り添いサポート""ここねっと""",あかちゃんとママの寄り添いサポートここねっと,100,自治体連携等の産後ケア掲載レコード,14411,2,0,2,14411;14419,和歌山市小松原,,,,,missing_unresolved,0,,0,0,1,
GCP-14412,あつこ助産院,あつこ助産院,100,自治体連携等の産後ケア掲載レコード,14412,1,0,1,14412,"和歌山市太田１丁目1-23
フジパレス南Ⅱ番館101",08059074395,34.2293263,135.1928878,birth_navi,birth_navi_not_crosschecked,0,0.0,0,0,1,
GCP-14413,TSUGUMI助産院,tsugumi助産院,100,自治体連携等の産後ケア掲載レコード,14413,1,0,1,14413,,,,,,missing_hidden_address_not_inferred,0,,0,0,1,
GCP-14414,訪問看護ステーションひとつ,訪問看護ステーションひとつ,100,自治体連携等の産後ケア掲載レコード,14414,1,0,1,14414,和歌山市津秦229－4,0734998285,34.2181288,135.2064402,birth_navi,birth_navi_not_crosschecked,0,0.0,0,0,1,
GCP-14415,にじのわ助産院,にじのわ助産院,100,自治体連携等の産後ケア掲載レコード,14415,1,0,1,14415,,09078743536,,,,missing_hidden_address_not_inferred,0,,0,0,1,
GCP-14416,母乳育児相談はぐはぐ,母乳育児相談はぐはぐ,100,自治体連携等の産後ケア掲載レコード,14416,1,0,1,14416,和歌山市古屋507－170,09020668896,34.2486723,135.1188154,birth_navi,birth_navi_not_crosschecked,0,0.0,0,0,0,
GCP-14417,なかむら助産院,なかむら助産院,100,自治体連携等の産後ケア掲載レコード,14417,1,0,1,14417,和歌山市森小手穂13-18,09098658581,34.2122112,135.227872,birth_navi,birth_navi_not_crosschecked,0,0.0,0,0,1,
GCP-14418,ここみサポート出張所,ここみサポート出張所,100,自治体連携等の産後ケア掲載レコード,14418,1,0,1,14418,,,,,,missing_hidden_address_not_inferred,0,,0,0,1,
GCP-14420,和歌山乳児院,和歌山乳児院,100,自治体連携等の産後ケア掲載レコード,14420,1,0,1,14420,岩出市中迫667-1,0736691001,34.2674086,135.315019,birth_navi,birth_navi_not_crosschecked,0,0.0,0,0,1,
GCP-14421,しまクリニック,しまクリニック,100,自治体連携等の産後ケア掲載レコード,14421,1,0,1,14421,有田川町天満２４８番地１,0737527881,34.057853,135.2013615,birth_navi,birth_navi_not_crosschecked,0,0.0,0,0,1,
GCP-14422,産前産後ケアルームＳｈｉｎ,産前産後ケアルームshin,100,自治体連携等の産後ケア掲載レコード,14422,1,0,1,14422,,,,,,missing_hidden_address_not_inferred,0,,0,0,1,
GCP-14423,福助産院,福助産院,100,自治体連携等の産後ケア掲載レコード,14423,1,0,1,14423,,,,,,missing_hidden_address_not_inferred,0,,0,0,1,
GCP-14424,けいこ助産院,けいこ助産院,100,自治体連携等の産後ケア掲載レコード,14424,2,0,2,14424;15664,日高川町入野６０５番地,09052505996,33.915617,135.2149298,birth_navi,birth_navi_not_crosschecked,0,0.0,0,0,1,
GCP-14425,嵐助産院,嵐助産院,100,自治体連携等の産後ケア掲載レコード,14425,1,0,1,14425,田辺市秋津川3916-1,09077574511,33.7993735,135.4201594,birth_navi,birth_navi_not_crosschecked,0,0.0,0,0,1,
GCP-14426,マタニティサポート　ひよこ,マタニティサポートひよこ,100,自治体連携等の産後ケア掲載レコード,14426,1,0,1,14426,田辺市中芳養778-5,09083773274,33.7816528,135.3580865,birth_navi,birth_navi_not_crosschecked,0,0.0,0,0,1,
GCP-14427,榎本産婦人科,榎本産婦人科,100,自治体連携等の産後ケア掲載レコード,14427,1,0,1,14427,田辺市湊8-26,0739220019,33.7338656,135.380816,birth_navi,birth_navi_not_crosschecked,0,0.0,0,0,1,
GCP-14429,個人助産師,個人助産師,100,自治体連携等の産後ケア掲載レコード,14429,1,0,1,14429,,,,,,missing_hidden_address_not_inferred,0,,0,0,1,
GCP-14430,個人助産師,個人助産師,100,自治体連携等の産後ケア掲載レコード,14430,1,0,1,14430,,,,,,missing_hidden_address_not_inferred,0,,0,0,1,
GCP-14431,個人助産師,個人助産師,100,自治体連携等の産後ケア掲載レコード,14431,1,0,1,14431,,,,,,missing_hidden_address_not_inferred,0,,0,0,1,
GCP-14432,個人助産師,個人助産師,100,自治体連携等の産後ケア掲載レコード,14432,1,0,1,14432,,,,,,missing_hidden_address_not_inferred,0,,0,0,1,
GCP-14433,医療法人　智恩会　花山ママクリニック,智恩会花山ママクリニック,100,自治体連携等の産後ケア掲載レコード,14433,1,0,1,14433,,,,,,missing_hidden_address_not_inferred,0,,0,0,1,
GCP-14434,なぎ助産院,なぎ助産院,100,自治体連携等の産後ケア掲載レコード,14434,1,0,1,14434,,,,,,missing_hidden_address_not_inferred,0,,0,0,1,
GCP-14436,母乳育児相談ながさこ,母乳育児相談ながさこ,100,自治体連携等の産後ケア掲載レコード,14436,1,0,1,14436,,,,,,missing_hidden_address_not_inferred,0,,0,0,1,
GCP-14438,まある助産院,まある助産院,100,自治体連携等の産後ケア掲載レコード,14438,1,0,1,14438,田辺市秋津町96-7,08038108300,33.7473631,135.390991,birth_navi,birth_navi_not_crosschecked,0,0.0,0,0,1,
GCP-14440,ちえの和助産院,ちえの和助産院,100,自治体連携等の産後ケア掲載レコード,14440,1,0,1,14440,上富田町岩田2200-2,09090532270,33.7117347,135.4416937,birth_navi,birth_navi_not_crosschecked,0,0.0,0,0,1,
GCP-14441,やよい助産院,やよい助産院,100,自治体連携等の産後ケア掲載レコード,14441,1,0,1,14441,,09088842295,,,,missing_hidden_address_not_inferred,0,,0,0,1,
GCP-14442,かなえ助産所,かなえ助産所,100,自治体連携等の産後ケア掲載レコード,14442,1,0,1,14442,那智勝浦町湯川800-12,,33.6257678,135.9282266,birth_navi,birth_navi_not_crosschecked,0,0.0,0,0,1,
GCP-14443,くしもと町立病院,くしもと町立病院,100,自治体連携等の産後ケア掲載レコード,14443,1,0,1,14443,串本町サンゴ台691-7,0735627111,33.4851122,135.7841112,birth_navi,birth_navi_not_crosschecked,0,0.0,0,0,1,
GCP-14444,医療法人アスピオス　鳥取産院,アスピオス鳥取産院,100,自治体連携等の産後ケア掲載レコード,14444,1,0,1,14444,鳥取市吉方温泉１丁目６５３,,35.495411,134.2322844,birth_navi,birth_navi_not_crosschecked,0,0.0,0,0,1,
GCP-14445,医療法人協和会　さくらレディースクリニック田園町,協和会さくらレディースクリニック田園町,100,自治体連携等の産後ケア掲載レコード,14445,1,0,1,14445,鳥取市田園町２丁目１５５,,35.511363,134.2253181,birth_navi,birth_navi_not_crosschecked,0,0.0,0,0,1,
GCP-14448,本家助産所　本家母乳育児相談室　産後ケアとっとり,本家助産所本家母乳育児相談室産後ケアとっとり,100,自治体連携等の産後ケア掲載レコード,14448,1,0,1,14448,鳥取市津ノ井６１５,,35.4609357,134.2510192,birth_navi,birth_navi_not_crosschecked,0,0.0,0,0,1,
GCP-14449,自癒楽助産所,自癒楽助産所,100,自治体連携等の産後ケア掲載レコード,14449,2,0,2,14449;14469,鳥取市緑ヶ丘３丁目２－４,,35.5048384,134.2036972,birth_navi,birth_navi_not_crosschecked,0,0.0,0,0,1,
GCP-14450,ゆう助産所,ゆう助産所,100,自治体連携等の産後ケア掲載レコード,14450,2,0,2,14450;15666,鳥取市大覚寺１９０－１０,,35.4766559,134.2331472,birth_navi,birth_navi_not_crosschecked,0,0.0,0,0,1,
GCP-14451,一般社団法人　助産院いのちね,助産院いのちね,100,自治体連携等の産後ケア掲載レコード,14451,1,0,1,14451,八頭郡智頭町中原３５９,,35.232955,134.2911592,birth_navi,birth_navi_not_crosschecked,0,0.0,0,0,1,
GCP-14452,社会福祉法人　鳥取こども学園　乳児部,鳥取こども学園乳児部,100,自治体連携等の産後ケア掲載レコード,14452,1,0,1,14452,鳥取市立川町５丁目４１７,,35.490476,134.2413496,birth_navi,birth_navi_not_crosschecked,0,0.0,0,0,1,
GCP-14454,うみのわ助産院,うみのわ助産院,100,自治体連携等の産後ケア掲載レコード,14454,1,0,1,14454,,,,,,missing_hidden_address_not_inferred,0,,0,0,1,
GCP-14455,出張専門助産院tetoto,出張専門助産院tetoto,100,自治体連携等の産後ケア掲載レコード,14455,1,0,1,14455,,,,,,missing_hidden_address_not_inferred,0,,0,0,1,
GCP-14456,おおえ助産院,おおえ助産院,100,自治体連携等の産後ケア掲載レコード,14456,1,0,1,14456,,,,,,missing_hidden_address_not_inferred,0,,0,0,1,
GCP-14457,西江助産院,西江助産院,100,自治体連携等の産後ケア掲載レコード,14457,3,0,3,14457;14465;14483,米子市錦海町2-9-6,09048956132,35.4160392,133.3200143,birth_navi,birth_navi_not_crosschecked,0,0.0,0,0,1,
GCP-14458,ミオ・ファティリティ・クリニック,ミオファティリティクリニック,100,自治体連携等の産後ケア掲載レコード,14458,2,0,2,14458;14478,米子市車尾南2-1-1,0859355211,35.427885,133.3615261,birth_navi,birth_navi_not_crosschecked,0,0.0,0,0,1,
GCP-14459,米子聖園ベビーホーム,米子聖園ベビーホーム,100,自治体連携等の産後ケア掲載レコード,14459,1,0,1,14459,米子市上後藤4-2-36,0859295924,35.4435409,133.3171513,birth_navi,birth_navi_not_crosschecked,0,0.0,0,0,1,
GCP-14460,産前産後ケアハウス　はぐはぐ,産前産後ケアハウスはぐはぐ,100,自治体連携等の産後ケア掲載レコード,14460,1,0,1,14460,米子市上福原2-9-18,0859575351,35.4436752,133.3588984,birth_navi,birth_navi_not_crosschecked,0,0.0,0,0,1,
GCP-14188,すくすく助産院,すくすく助産院,100,自治体連携等の産後ケア掲載レコード,14461,2,0,2,14188;14461,米子市東福原8-14-1,09072472609,35.4500884,133.3470075,birth_navi,birth_navi_not_crosschecked,0,0.0,0,0,1,
GCP-14462,鳥取大学医学部付属病院,鳥取大学医学部付属病院,100,自治体連携等の産後ケア掲載レコード,14462,1,0,1,14462,米子市西町36-1,0859386913,35.4266732,133.3223612,birth_navi,birth_navi_not_crosschecked,0,0.0,0,0,1,
GCP-14463,産前産後ヘルスケア　豊盛,産前産後ヘルスケア豊盛,100,自治体連携等の産後ケア掲載レコード,14463,1,0,1,14463,米子市車尾4-11-31,0859342082,35.4341427,133.359811,birth_navi,birth_navi_not_crosschecked,0,0.0,0,0,1,
GCP-14464,まある助産院,まある助産院,100,自治体連携等の産後ケア掲載レコード,14464,1,0,1,14464,米子市西福原7-9-48,0859302893,35.4513633,133.3452037,birth_navi,birth_navi_not_crosschecked,0,0.0,0,0,1,
GCP-14466,AYA母乳育児相談室,aya母乳育児相談室,100,自治体連携等の産後ケア掲載レコード,14466,1,0,1,14466,松江市乃木福富町543－1,,35.4378534,133.0468088,birth_navi,birth_navi_not_crosschecked,0,0.0,0,0,1,
GCP-14467,terraceおんぼらと,terraceおんぼらと,100,自治体連携等の産後ケア掲載レコード,14467,1,0,1,14467,安来市宮内町298－5,,35.4149072,133.2470658,birth_navi,birth_navi_not_crosschecked,0,0.0,0,0,1,
GCP-14468,本家助産所,本家助産所,100,自治体連携等の産後ケア掲載レコード,14468,1,0,1,14468,鳥取市津ノ井615,,35.4609357,134.2510192,birth_navi,birth_navi_not_crosschecked,0,0.0,0,0,1,
GCP-14453,ひかり助産所,ひかり助産所,100,自治体連携等の産後ケア掲載レコード,14470,3,0,3,14453;14470;14474,鳥取市湯所町2丁目341,0857218119,35.5106897,134.2304596,birth_navi,birth_navi_not_crosschecked,0,0.0,0,0,1,
GCP-14471,うみのわ助産院,うみのわ助産院,100,自治体連携等の産後ケア掲載レコード,14471,1,0,1,14471,,,,,,missing_hidden_address_not_inferred,0,,0,0,1,
GCP-14472,出張専門助産院tetoto,出張専門助産院tetoto,100,自治体連携等の産後ケア掲載レコード,14472,1,0,1,14472,,,,,,missing_hidden_address_not_inferred,0,,0,0,1,
GCP-14473,一般社団法人　助産院いのちね,助産院いのちね,100,自治体連携等の産後ケア掲載レコード,14473,1,0,1,14473,,0858710369,,,,missing_hidden_address_not_inferred,0,,0,0,1,
GCP-14475,琴ミント助産院,琴ミント助産院,100,自治体連携等の産後ケア掲載レコード,14475,1,0,1,14475,,09028630132,,,,missing_hidden_address_not_inferred,0,,0,0,1,
GCP-14476,たにがみ助産院,たにがみ助産院,100,自治体連携等の産後ケア掲載レコード,14476,1,0,1,14476,,,,,,missing_hidden_address_not_inferred,0,,0,0,1,
GCP-14479,まきた助産院,まきた助産院,100,自治体連携等の産後ケア掲載レコード,14479,1,0,1,14479,三朝町助谷273,08019492580,35.3540043,133.8473235,birth_navi,birth_navi_not_crosschecked,0,0.0,0,0,1,
GCP-14480,一般社団法人　鳥取県助産師会,鳥取県助産師会,100,自治体連携等の産後ケア掲載レコード,14480,1,0,1,14480,,,,,,missing_hidden_address_not_inferred,0,,0,0,1,
GCP-14481,鳥取県助産師会,鳥取県助産師会,100,自治体連携等の産後ケア掲載レコード,14481,1,0,1,14481,,,,,,missing_hidden_address_not_inferred,0,,0,0,1,
GCP-14484,ワタナベ相談室,ワタナベ相談室,100,自治体連携等の産後ケア掲載レコード,14484,1,0,1,14484,松江市東忌部町645－5,,35.4106889,133.0389038,birth_navi,birth_navi_not_crosschecked,0,0.0,0,0,1,
GCP-14485,NALU助産院,nalu助産院,100,自治体連携等の産後ケア掲載レコード,14485,1,0,1,14485,雲南市加茂町大西608－2,,35.3405737,132.9202861,birth_navi,birth_navi_not_crosschecked,0,0.0,0,0,1,
GCP-14486,ahaha！,ahaha,100,自治体連携等の産後ケア掲載レコード,14486,1,0,1,14486,松江市西津田四丁目4－49,,35.4568691,133.0764201,birth_navi,birth_navi_not_crosschecked,0,0.0,0,0,1,
GCP-14487,MIWA助産院,miwa助産院,100,自治体連携等の産後ケア掲載レコード,14487,1,0,1,14487,浜田市黒川町3733-9,09016873168,34.9005275,132.0943932,birth_navi,birth_navi_not_crosschecked,0,0.0,0,0,1,
GCP-14488,うい助産院,うい助産院,100,自治体連携等の産後ケア掲載レコード,14488,1,0,1,14488,浜田市下府町924-2,05036318330,34.9305917,132.1095598,birth_navi,birth_navi_not_crosschecked,0,0.0,0,0,1,
GCP-14489,マタニティハウス花,マタニティハウス花,100,自治体連携等の産後ケア掲載レコード,14489,1,0,1,14489,江津市嘉久志町633-3,08082359640,35.0019023,132.2093028,birth_navi,birth_navi_not_crosschecked,0,0.0,0,0,1,
GCP-14490,医療法人社団　松陽台佐藤クリニック,松陽台佐藤クリニック,100,自治体連携等の産後ケア掲載レコード,14490,1,0,1,14490,,,,,,missing_hidden_address_not_inferred,0,,0,0,1,
GCP-14491,比良助産院,比良助産院,100,自治体連携等の産後ケア掲載レコード,14491,1,0,1,14491,出雲市今市町1661-19,0853231280,35.3642147,132.7645761,birth_navi,birth_navi_not_crosschecked,0,0.0,0,0,1,
GCP-14492,わこ助産院,わこ助産院,100,自治体連携等の産後ケア掲載レコード,14492,1,0,1,14492,出雲市大津朝倉1丁目9-14,09047141697,35.3737461,132.7625833,birth_navi,birth_navi_not_crosschecked,0,0.0,0,0,1,
GCP-14493,しのぶ喫茶去助産院,しのぶ喫茶去助産院,100,自治体連携等の産後ケア掲載レコード,14493,1,0,1,14493,出雲市斐川町阿宮1804,0853726046,35.3460198,132.8269837,birth_navi,birth_navi_not_crosschecked,0,0.0,0,0,1,
GCP-14494,まちのほけんしつonwa（八島）（斐川）,まちのほけんしつonwa八島斐川,100,自治体連携等の産後ケア掲載レコード,14494,1,0,1,14494,"出雲市八島町13
出雲市斐川町富村376-5",0853248405,35.3754366,132.7987974,birth_navi,birth_navi_not_crosschecked,0,0.0,0,0,1,
GCP-14495,三木助産院-tomoni-,三木助産院tomoni,100,自治体連携等の産後ケア掲載レコード,14495,1,0,1,14495,出雲市芦渡町888,08019065646,35.3383136,132.7282771,birth_navi,birth_navi_not_crosschecked,0,0.0,0,0,1,
GCP-14496,委嘱助産師,委嘱助産師,100,自治体連携等の産後ケア掲載レコード,14496,1,0,1,14496,出雲市今市町70,0853216064,35.3670009,132.754624,birth_navi,birth_navi_not_crosschecked,0,0.0,0,0,1,
GCP-14497,山本助産院,山本助産院,100,自治体連携等の産後ケア掲載レコード,14497,1,0,1,14497,益田市隅村町767-2,09071254438,34.6114829,131.8274219,birth_navi,birth_navi_not_crosschecked,0,0.0,0,0,1,
GCP-14498,たばら助産院,たばら助産院,100,自治体連携等の産後ケア掲載レコード,14498,1,0,1,14498,益田市安富町1954-1,09013566278,34.6494801,131.8087904,birth_navi,birth_navi_not_crosschecked,0,0.0,0,0,1,
GCP-14499,グランマの赤ちゃん相談室ささきゆきえ,グランマの赤ちゃん相談室ささきゆきえ,100,自治体連携等の産後ケア掲載レコード,14499,1,0,1,14499,益田市中島町イ984,09071254877,34.6951584,131.8259004,birth_navi,birth_navi_not_crosschecked,0,0.0,0,0,1,
GCP-14500,直営,直営,100,自治体連携等の産後ケア掲載レコード,14500,1,0,1,14500,大田市大田町大田ロ1111,0854838152,35.1845351,132.5055454,birth_navi,birth_navi_not_crosschecked,0,0.0,0,0,1,
GCP-14501,NPO法人総合ケアセンターのぎ,npo法人総合ケアセンターのぎ,100,自治体連携等の産後ケア掲載レコード,14501,1,0,1,14501,安来市実松町98-1,0854277000,35.3952512,133.2212504,birth_navi,birth_navi_not_crosschecked,0,0.0,0,0,1,
GCP-14502,桶谷式Kei母乳育児相談室,桶谷式kei母乳育児相談室,100,自治体連携等の産後ケア掲載レコード,14502,1,0,1,14502,江津市敬川町1751番地,08095555803,34.9759497,132.1726273,birth_navi,birth_navi_not_crosschecked,0,0.0,0,0,1,
GCP-14504,町立奥出雲病院,町立奥出雲病院,100,自治体連携等の産後ケア掲載レコード,14504,1,0,1,14504,奥出雲町三成,0854541122,,,,missing_unresolved,0,,0,0,1,
GCP-14505,亀嵩温泉玉峰山荘,亀嵩温泉玉峰山荘,100,自治体連携等の産後ケア掲載レコード,14505,1,0,1,14505,奥出雲町亀嵩3609－1,0854570800,35.224076,133.0858313,birth_navi,birth_navi_not_crosschecked,0,0.0,0,0,1,
GCP-14506,飯南町保健福祉課,飯南町保健福祉課,100,自治体連携等の産後ケア掲載レコード,14506,1,0,1,14506,島根県飯石郡飯南町頓原2064番地,0854721770,35.0795983,132.7809669,birth_navi,birth_navi_not_crosschecked,0,0.0,0,0,1,
GCP-14507,おばた助産院,おばた助産院,100,自治体連携等の産後ケア掲載レコード,14507,2,0,2,14507;14576,邑南町矢上3901-2,,34.8901349,132.4432521,birth_navi,birth_navi_not_crosschecked,0,0.0,0,0,1,
GCP-14508,美郷町役場　健康福祉課,美郷町役場健康福祉課,100,自治体連携等の産後ケア掲載レコード,14508,1,0,1,14508,美郷町粕渕１６８,0855751932,35.0766983,132.5907988,birth_navi,birth_navi_not_crosschecked,0,0.0,0,0,1,
GCP-14509,うちかど助産院,うちかど助産院,100,自治体連携等の産後ケア掲載レコード,14509,1,0,1,14509,,,,,,missing_hidden_address_not_inferred,0,,0,0,1,
GCP-14510,おがわ助産院,おがわ助産院,100,自治体連携等の産後ケア掲載レコード,14510,1,0,1,14510,倉敷市帯高４２４番地４,09048995833,34.579844,133.8075332,birth_navi,birth_navi_not_crosschecked,0,0.0,0,0,1,
GCP-14511,かねこ助産院,かねこ助産院,100,自治体連携等の産後ケア掲載レコード,14511,1,0,1,14511,,,,,,missing_hidden_address_not_inferred,0,,0,0,1,
GCP-14513,産前産後ケア　林の助産院　こもれび,産前産後ケア林の助産院こもれび,100,自治体連携等の産後ケア掲載レコード,14513,1,0,1,14513,倉敷市林６９８番地３,09095092946,34.538827,133.8180964,birth_navi,birth_navi_not_crosschecked,0,0.0,0,0,1,
GCP-14514,産前産後サロン助産院あいのわ,産前産後サロン助産院あいのわ,100,自治体連携等の産後ケア掲載レコード,14514,1,0,1,14514,倉敷市西岡１５８４番地４,09013362011,34.6182214,133.7646246,birth_navi,birth_navi_not_crosschecked,0,0.0,0,0,1,
GCP-14515,はせ川助産院,はせ川助産院,100,自治体連携等の産後ケア掲載レコード,14515,1,0,1,14515,倉敷市老松町３丁目７－２４,09017656649,34.5961749,133.7620234,birth_navi,birth_navi_not_crosschecked,0,0.0,0,0,1,
GCP-14516,花田助産院,花田助産院,100,自治体連携等の産後ケア掲載レコード,14516,1,0,1,14516,倉敷市真備町川辺９８番地１,0866986030,34.6397403,133.7151437,birth_navi,birth_navi_not_crosschecked,0,0.0,0,0,1,
GCP-14517,Mother's　house　つぼみ,mothershouseつぼみ,100,自治体連携等の産後ケア掲載レコード,14517,1,0,1,14517,倉敷市加須山７５番地１,0864261016,34.5863711,133.7968244,birth_navi,birth_navi_not_crosschecked,0,0.0,0,0,1,
GCP-14518,マザーズホームななほし助産院,マザーズホームななほし助産院,100,自治体連携等の産後ケア掲載レコード,14518,1,0,1,14518,岡山市北区下伊福２丁目２－１８,09019254088,34.665457,133.9061597,birth_navi,birth_navi_not_crosschecked,0,0.0,0,0,1,
GCP-14519,おおまち助産院,おおまち助産院,100,自治体連携等の産後ケア掲載レコード,14519,1,0,1,14519,瀬戸内市邑久町福谷４０８６番地,08030340421,34.6681804,134.1909968,birth_navi,birth_navi_not_crosschecked,0,0.0,0,0,1,
GCP-14520,"国立大学法人岡山大学　
岡山大学病院",岡山大学岡山大学病院,100,自治体連携等の産後ケア掲載レコード,14520,1,0,1,14520,岡山県岡山市北区鹿田町二丁目５番１号,0862357587,34.6490999,133.9196585,birth_navi,birth_navi_not_crosschecked,0,0.0,0,0,1,
GCP-14521,しおり助産院,しおり助産院,100,自治体連携等の産後ケア掲載レコード,14521,1,0,1,14521,広島県福山市神辺町上御領82－1,0849675377,34.5641556,133.4044304,birth_navi,birth_navi_not_crosschecked,0,0.0,0,0,1,
GCP-14522,ゆりかご助産院,ゆりかご助産院,100,自治体連携等の産後ケア掲載レコード,14522,1,0,1,14522,,09083623981,,,,missing_hidden_address_not_inferred,0,,0,0,1,
GCP-14523,阿賀野助産所,阿賀野助産所,100,自治体連携等の産後ケア掲載レコード,14523,1,0,1,14523,広島県福山市春日町浦上2093-2,0849476927,34.5158814,133.4165476,birth_navi,birth_navi_not_crosschecked,0,0.0,0,0,1,
GCP-14524,産日助産院,産日助産院,100,自治体連携等の産後ケア掲載レコード,14524,1,0,1,14524,岡山市北区高松原古才619-19,09057969356,34.6815451,133.8258506,birth_navi,birth_navi_not_crosschecked,0,0.0,0,0,1,
GCP-14529,助産院　ミントハウス,助産院ミントハウス,100,自治体連携等の産後ケア掲載レコード,14529,1,0,1,14529,岡山市東区下阿知８８９,09079743666,34.6252038,134.09853,birth_navi,birth_navi_not_crosschecked,0,0.0,0,0,1,
GCP-14530,マル助産院,マル助産院,100,自治体連携等の産後ケア掲載レコード,14530,1,0,1,14530,岡山市北区丸の内２－５－３,09020051316,34.6627745,133.9360067,birth_navi,birth_navi_not_crosschecked,0,0.0,0,0,1,
GCP-14531,助産所　母乳と子育て支援のまみ・みーるーむ,助産所母乳と子育て支援のまみみーるーむ,100,自治体連携等の産後ケア掲載レコード,14531,1,0,1,14531,和気郡和気町尺所２０８－１,08019210207,34.8000645,134.1615054,birth_navi,birth_navi_not_crosschecked,0,0.0,0,0,1,
GCP-14532,医療法人白鳳会　赤穂中央病院,白鳳会赤穂中央病院,100,自治体連携等の産後ケア掲載レコード,14532,1,0,1,14532,赤穂市惣門町５２－６,0791451111,34.7560202,134.3854637,birth_navi,birth_navi_not_crosschecked,0,0.0,0,0,1,
GCP-14533,赤ちゃんとママのサロン　Midwife,赤ちゃんとママのサロンmidwife,100,自治体連携等の産後ケア掲載レコード,14533,1,0,1,14533,,09046413852,,,,missing_hidden_address_not_inferred,0,,0,0,1,
GCP-14534,助産院ぴよぴよ,助産院ぴよぴよ,100,自治体連携等の産後ケア掲載レコード,14534,1,0,1,14534,玉野市玉原２丁目１６－１９,09036717053,34.4780634,133.9142412,birth_navi,birth_navi_not_crosschecked,0,0.0,0,0,1,
GCP-14535,有里助産院,有里助産院,100,自治体連携等の産後ケア掲載レコード,14535,1,0,1,14535,岡山市南区新福1-6-11,08056882033,34.6290419,133.934709,birth_navi,birth_navi_not_crosschecked,0,0.0,0,0,1,
GCP-14536,岡山済生会病院,岡山済生会病院,100,自治体連携等の産後ケア掲載レコード,14536,1,0,1,14536,岡山市北区国体町2番25号,0862522211,34.6726394,133.9195321,birth_navi,birth_navi_not_crosschecked,0,0.0,0,0,1,
GCP-14537,助産院　産婆のお家ohana,助産院産婆のお家ohana,100,自治体連携等の産後ケア掲載レコード,14537,1,0,1,14537,岡山市中区四御神1-44,08030599909,34.6958399,133.9817017,birth_navi,birth_navi_not_crosschecked,0,0.0,0,0,1,
GCP-14540,咲月助産院,咲月助産院,100,自治体連携等の産後ケア掲載レコード,14540,1,0,1,14540,岡山県真庭市見尾１４１,08037629030,35.1294198,133.7074456,birth_navi,birth_navi_crosschecked_mhlw_within_100m,0,0.0,0,0,1,3344330000370
GCP-14541,助産院さくら,助産院さくら,100,自治体連携等の産後ケア掲載レコード,14541,1,0,1,14541,岡山県真庭市関１４９５－１,0867540282,35.0017733,133.6826757,birth_navi,birth_navi_not_crosschecked,0,0.0,0,0,1,
GCP-14542,かなで助産院,かなで助産院,100,自治体連携等の産後ケア掲載レコード,14542,2,0,2,14542;14551,岡山県勝田郡勝央町植月中２２４２－１,08014499618,35.0702932,134.107206,birth_navi,birth_navi_not_crosschecked,0,0.0,0,0,1,
GCP-14543,出張専門かたつむり助産院,出張専門かたつむり助産院,100,自治体連携等の産後ケア掲載レコード,14543,1,0,1,14543,岡山県美作市滝１３１０－１,09057266690,35.09398,134.2861741,birth_navi,birth_navi_not_crosschecked,0,0.0,0,0,1,
GCP-14544,おかやま母乳育児相談室,おかやま母乳育児相談室,100,自治体連携等の産後ケア掲載レコード,14544,1,0,1,14544,,,,,,missing_hidden_address_not_inferred,0,,0,0,1,
GCP-14545,出張専門助産所　石井萌,出張専門助産所石井萌,100,自治体連携等の産後ケア掲載レコード,14545,1,0,1,14545,,,,,,missing_hidden_address_not_inferred,0,,0,0,1,
GCP-14546,みちくさ助産院,みちくさ助産院,100,自治体連携等の産後ケア掲載レコード,14546,1,0,1,14546,,,,,,missing_hidden_address_not_inferred,0,,0,0,1,
GCP-14373,産後ケアやわらかい風,産後ケアやわらかい風,100,自治体連携等の産後ケア掲載レコード,14547,4,0,4,14373;14447;14547;15667,鳥取市馬場町13－1,08032107949,35.5016176,134.2409721,birth_navi,birth_navi_not_crosschecked,0,0.0,0,0,1,
GCP-14548,みやもと産婦人科医院,みやもと産婦人科医院,100,自治体連携等の産後ケア掲載レコード,14548,1,0,1,14548,,,,,,missing_hidden_address_not_inferred,0,,0,0,1,
GCP-14549,ぽかぽか母乳・子育て相談室,ぽかぽか母乳子育て相談室,100,自治体連携等の産後ケア掲載レコード,14549,1,0,1,14549,,,,,,missing_hidden_address_not_inferred,0,,0,0,1,
GCP-14550,個人助産師,個人助産師,100,自治体連携等の産後ケア掲載レコード,14550,1,0,1,14550,,,,,,missing_hidden_address_not_inferred,0,,0,0,1,
GCP-14552,杉岡助産所（3時間）,杉岡助産所3時間,100,自治体連携等の産後ケア掲載レコード,14552,1,0,1,14552,呉市広大新開1丁目2－3－202,09080601967,34.2308339,132.6243788,birth_navi,birth_navi_not_crosschecked,0,0.0,0,0,1,
GCP-14553,夕陽ヶ丘助産院（宿泊・3時間・訪問）,夕陽ヶ丘助産院宿泊3時間訪問,100,自治体連携等の産後ケア掲載レコード,14553,1,0,1,14553,,09067359067,,,,missing_hidden_address_not_inferred,0,,0,0,1,
GCP-14554,ひなた助産所（3時間・訪問）,ひなた助産所3時間訪問,100,自治体連携等の産後ケア掲載レコード,14554,1,0,1,14554,呉市押込4丁目18－9,08029356851,34.320931,132.5647448,birth_navi,birth_navi_not_crosschecked,0,0.0,0,0,1,
GCP-14555,夢みのり助産所,夢みのり助産所,100,自治体連携等の産後ケア掲載レコード,14555,1,0,1,14555,,09064098833,,,,missing_hidden_address_not_inferred,0,,0,0,1,
GCP-14556,上原助産所,上原助産所,100,自治体連携等の産後ケア掲載レコード,14556,1,0,1,14556,,09057005219,,,,missing_hidden_address_not_inferred,0,,0,0,1,
GCP-14557,佐々木助産所,佐々木助産所,100,自治体連携等の産後ケア掲載レコード,14557,1,0,1,14557,,09086070749,,,,missing_hidden_address_not_inferred,0,,0,0,1,
GCP-14558,県立二葉の里病院,県立二葉の里病院,100,自治体連携等の産後ケア掲載レコード,14558,1,0,1,14558,広島市東区二葉の里3丁目1－36,0822621179,34.4015564,132.4765174,birth_navi,birth_navi_not_crosschecked,0,0.0,0,0,1,
GCP-14559,広島県助産師会,広島県助産師会,100,自治体連携等の産後ケア掲載レコード,14559,2,0,2,14559;14578,広島市安佐南区中須1丁目44-26-8,0828708006,34.459338,132.4719473,birth_navi,birth_navi_not_crosschecked,0,0.0,0,0,1,
GCP-14560,尾道市立市民病院,尾道市立市民病院,100,自治体連携等の産後ケア掲載レコード,14560,1,0,1,14560,"尾道市新高山三丁目
1170－177",0848471155,34.4217444,133.2138941,birth_navi,birth_navi_not_crosschecked,0,0.0,0,0,1,
GCP-14561,すこやか助産所,すこやか助産所,100,自治体連携等の産後ケア掲載レコード,14561,1,0,1,14561,,09053710768,,,,missing_hidden_address_not_inferred,0,,0,0,1,
GCP-14562,中尾助産所・スミレ母乳育児相談室,中尾助産所スミレ母乳育児相談室,100,自治体連携等の産後ケア掲載レコード,14562,1,0,1,14562,,09011851536,,,,missing_hidden_address_not_inferred,0,,0,0,1,
GCP-14563,助産院Cocon,助産院cocon,100,自治体連携等の産後ケア掲載レコード,14563,1,0,1,14563,,07056775775,,,,missing_hidden_address_not_inferred,0,,0,0,1,
GCP-14564,ビアース助産院,ビアース助産院,100,自治体連携等の産後ケア掲載レコード,14564,1,0,1,14564,福山市草戸町1-6-17,0849221731,34.4807789,133.3570588,birth_navi,birth_navi_not_crosschecked,0,0.0,0,0,1,
GCP-14565,和み助産院,和み助産院,100,自治体連携等の産後ケア掲載レコード,14565,1,0,1,14565,福山市三吉町,08026543862,,,,missing_unresolved,0,,0,0,1,
GCP-14566,すばこ助産所,すばこ助産所,100,自治体連携等の産後ケア掲載レコード,14566,1,0,1,14566,世羅郡世羅町黒川1326番地,09079994919,34.6386928,132.8920467,birth_navi,birth_navi_not_crosschecked,0,0.0,0,0,1,
GCP-14567,木もれび子ぐま助産院,木もれび子ぐま助産院,100,自治体連携等の産後ケア掲載レコード,14567,1,0,1,14567,,09098888258,,,,missing_hidden_address_not_inferred,0,,0,0,1,
GCP-14568,神石のたまご助産院,神石のたまご助産院,100,自治体連携等の産後ケア掲載レコード,14568,1,0,1,14568,神石郡神石高原町坂瀬川5146番地18,0847823058,34.6759985,133.300724,birth_navi,birth_navi_not_crosschecked,0,0.0,0,0,1,
GCP-14569,にしだ助産所,にしだ助産所,100,自治体連携等の産後ケア掲載レコード,14569,1,0,1,14569,福山市駅家町近田209-1,0849995238,34.5437093,133.3174499,birth_navi,birth_navi_not_crosschecked,0,0.0,0,0,0,
GCP-14570,うさぎ助産院,うさぎ助産院,100,自治体連携等の産後ケア掲載レコード,14570,2,0,2,14570;15380,大竹市黒川３ー８－２７,,34.2487579,132.2204804,birth_navi,birth_navi_not_crosschecked,0,0.0,0,0,1,
GCP-14571,くぬぎ助産所,くぬぎ助産所,100,自治体連携等の産後ケア掲載レコード,14571,2,0,2,14571;15372,安芸郡府中町瀬戸ハイム三丁目８番３０号,08063110991,34.3895983,132.5190135,birth_navi,birth_navi_not_crosschecked,0,0.0,0,0,1,
GCP-14572,地方独立行政広島県立病院機構　県立二葉の里病院,地方独立行政広島県立病院機構県立二葉の里病院,100,自治体連携等の産後ケア掲載レコード,14572,1,0,1,14572,広島市東区二葉の里3丁目1-36,0822621171,34.4015564,132.4765174,birth_navi,birth_navi_not_crosschecked,0,0.0,0,0,1,
GCP-14574,一般社団法人　広島県助産師会,広島県助産師会,100,自治体連携等の産後ケア掲載レコード,14574,1,0,1,14574,,,,,,missing_hidden_address_not_inferred,0,,0,0,1,
GCP-14575,医療法人明和会　北広島病院,明和会北広島病院,100,自治体連携等の産後ケア掲載レコード,14575,1,0,1,14575,北広島町壬生433-4,0826722050,34.6807177,132.551843,birth_navi,birth_navi_not_crosschecked,0,0.0,0,0,0,
GCP-14579,よしひろ助産所,よしひろ助産所,100,自治体連携等の産後ケア掲載レコード,14579,1,0,1,14579,,,,,,missing_hidden_address_not_inferred,0,,0,0,1,
GCP-14582,あすか助産院,あすか助産院,100,自治体連携等の産後ケア掲載レコード,14582,1,0,1,14582,,,,,,missing_hidden_address_not_inferred,0,,0,0,1,
GCP-14583,サラン母乳育児相談室,サラン母乳育児相談室,100,自治体連携等の産後ケア掲載レコード,14583,1,0,1,14583,,,,,,missing_hidden_address_not_inferred,0,,0,0,1,
GCP-14584,宿久,宿久,100,自治体連携等の産後ケア掲載レコード,14584,1,0,1,14584,宇部市東万倉２２２－５,,34.0519565,131.2349576,birth_navi,birth_navi_not_crosschecked,0,0.0,0,0,1,
GCP-14585,TAU・TAU,tautau,100,自治体連携等の産後ケア掲載レコード,14585,1,0,1,14585,宇部市黒石北三丁目1-43-12,,33.9897936,131.2146237,birth_navi,birth_navi_not_crosschecked,0,0.0,0,0,1,
GCP-14586,みつは助産院,みつは助産院,100,自治体連携等の産後ケア掲載レコード,14586,1,0,1,14586,山口市矢原961-10　アメリハウス301,,34.1521282,131.4471421,birth_navi,birth_navi_not_crosschecked,0,0.0,0,0,1,
GCP-14589,山口労災病院,山口労災病院,100,自治体連携等の産後ケア掲載レコード,14589,1,0,1,14589,山陽小野田市南中川１３１５,0836832881,33.9867877,131.1781885,birth_navi,birth_navi_not_crosschecked,0,0.0,0,0,1,
GCP-14590,針間産婦人科,針間産婦人科,100,自治体連携等の産後ケア掲載レコード,14590,2,0,2,14590;14621,宇部市常盤町2-1-44,0836212373,33.9508851,131.2498788,birth_navi,birth_navi_not_crosschecked,0,0.0,0,0,1,
GCP-14591,もみじ母乳育児相談室,もみじ母乳育児相談室,100,自治体連携等の産後ケア掲載レコード,14591,1,0,1,14591,山口市緑ヶ丘8-19,08052367345,34.1951486,131.4874348,birth_navi,birth_navi_not_crosschecked,0,0.0,0,0,1,
GCP-14592,ひめやま母と子の相談室,ひめやま母と子の相談室,100,自治体連携等の産後ケア掲載レコード,14592,1,0,1,14592,山口市黒川746-11,0839286518,34.1451397,131.4521256,birth_navi,birth_navi_not_crosschecked,0,0.0,0,0,1,
GCP-14593,助産院Cigogne（シゴーニュ）,助産院cigogneシゴーニュ,100,自治体連携等の産後ケア掲載レコード,14593,1,0,1,14593,,,,,,missing_hidden_address_not_inferred,0,,0,0,1,
GCP-14594,助産院ローズベビーサロン,助産院ローズベビーサロン,100,自治体連携等の産後ケア掲載レコード,14594,1,0,1,14594,,,,,,missing_hidden_address_not_inferred,0,,0,0,1,
GCP-14595,助産院ぽわんと,助産院ぽわんと,100,自治体連携等の産後ケア掲載レコード,14595,1,0,1,14595,山口市小郡上郷,08029220568,,,,missing_unresolved,0,,0,0,0,
GCP-14596,ほほえみ助産院,ほほえみ助産院,100,自治体連携等の産後ケア掲載レコード,14596,1,0,1,14596,山口市,09075922013,,,,missing_unresolved,0,,0,0,1,
GCP-14597,まえだ助産院,まえだ助産院,100,自治体連携等の産後ケア掲載レコード,14597,1,0,1,14597,防府市自由が丘1丁目2-1,09011873598,34.0676952,131.5389053,birth_navi,birth_navi_not_crosschecked,0,0.0,0,0,1,
GCP-14598,いそはま助産所,いそはま助産所,100,自治体連携等の産後ケア掲載レコード,14598,1,0,1,14598,周南市本町,09079492603,,,,missing_unresolved,0,,0,0,0,
GCP-14599,Mum's Touch（マムズタッチ）,mumstouchマムズタッチ,100,自治体連携等の産後ケア掲載レコード,14599,1,0,1,14599,下松市川内190-1　フロムE101,09011890516,34.0138304,131.8695466,birth_navi,birth_navi_not_crosschecked,0,0.0,0,0,1,
GCP-14600,斎藤助産院,斎藤助産院,100,自治体連携等の産後ケア掲載レコード,14600,1,0,1,14600,萩市川島２５４-５,09033756696,34.4013354,131.4074565,birth_navi,birth_navi_not_crosschecked,0,0.0,0,0,1,
GCP-14601,和み助産院,和み助産院,100,自治体連携等の産後ケア掲載レコード,14601,1,0,1,14601,長門市仙崎1973,08029492925,34.4086733,131.1954609,birth_navi,birth_navi_not_crosschecked,0,0.0,0,0,1,
GCP-14602,産前産後ケア専門出張 助産院　えがおひろがる,産前産後ケア専門出張助産院えがおひろがる,100,自治体連携等の産後ケア掲載レコード,14602,1,0,1,14602,,07091120618,,,,missing_hidden_address_not_inferred,0,,0,0,1,
GCP-14603,マミーズハウス,マミーズハウス,100,自治体連携等の産後ケア掲載レコード,14603,1,0,1,14603,岩国市南岩国町,09041060730,,,,missing_unresolved,0,,0,0,0,
GCP-14580,春永助産所,春永助産所,100,自治体連携等の産後ケア掲載レコード,14604,2,0,2,14580;14604,下関市豊北町神田1234-11,08063185217,34.3153128,130.8961095,birth_navi,birth_navi_not_crosschecked,0,0.0,0,0,1,
GCP-14581,助産院ローズベビーサロン下関,助産院ローズベビーサロン下関,100,自治体連携等の産後ケア掲載レコード,14605,3,0,3,14581;14605;14610,下関市富任町8丁目8番28号,0832508647,34.0240753,130.9288629,birth_navi,birth_navi_not_crosschecked,0,0.0,0,0,1,
GCP-14606,防府市こども家庭センター,防府市こども家庭センター,100,自治体連携等の産後ケア掲載レコード,14606,1,0,1,14606,防府市西仁井令二丁目２８番８号,0835248811,34.0477098,131.5444284,birth_navi,birth_navi_not_crosschecked,0,0.0,0,0,1,
GCP-14608,あいみ助産院,あいみ助産院,100,自治体連携等の産後ケア掲載レコード,14608,1,0,1,14608,岩国市周東町,07085205156,,,,missing_unresolved,0,,0,0,1,
GCP-14609,いそはま助産院,いそはま助産院,100,自治体連携等の産後ケア掲載レコード,14609,1,0,1,14609,周南市本町,08077411692,,,,missing_unresolved,0,,0,0,0,
GCP-14611,とよしま助産院,とよしま助産院,100,自治体連携等の産後ケア掲載レコード,14611,1,0,1,14611,萩市大字堀内,09075443902,,,,missing_unresolved,0,,0,0,0,
GCP-14613,真弓助産院,真弓助産院,100,自治体連携等の産後ケア掲載レコード,14613,2,0,2,14613;14722,"岩国市南岩国4-52-43
サウスコートA-104",,34.1339953,132.194426,birth_navi,birth_navi_not_crosschecked,0,0.0,0,0,1,
GCP-14614,ゆい助産院,ゆい助産院,100,自治体連携等の産後ケア掲載レコード,14614,1,0,1,14614,岩国市海土路町２丁目57-7,,34.1238964,132.1901938,birth_navi,birth_navi_not_crosschecked,0,0.0,0,0,1,
GCP-14615,一般社団法人　山口県助産師会,山口県助産師会,100,自治体連携等の産後ケア掲載レコード,14615,3,0,3,14615;14618;14636,萩市御許町1番地,,34.4071523,131.4018285,birth_navi,birth_navi_not_crosschecked,0,0.0,0,0,1,
GCP-14616,あさのみ助産院,あさのみ助産院,100,自治体連携等の産後ケア掲載レコード,14616,2,0,2,14616;14699,愛媛県新居浜市,09031826795,,,,missing_unresolved,0,,0,0,1,
GCP-14617,梅田病院,梅田病院,100,自治体連携等の産後ケア掲載レコード,14617,2,0,2,14617;14626,光市虹ケ浜３－６－１,0833741108,33.9727418,131.9161754,birth_navi,birth_navi_not_crosschecked,0,0.0,0,0,1,
GCP-14619,各助産所,各助産所,100,自治体連携等の産後ケア掲載レコード,14619,1,0,1,14619,,,,,,missing_hidden_address_not_inferred,0,,0,0,1,
GCP-14622,はしもと産婦人科,はしもと産婦人科,100,自治体連携等の産後ケア掲載レコード,14622,1,0,1,14622,宇部市大字東須恵1959番地10,,33.9808759,131.2030546,birth_navi,birth_navi_not_crosschecked,0,0.0,0,0,1,
GCP-14625,津永産婦人科,津永産婦人科,100,自治体連携等の産後ケア掲載レコード,14625,1,0,1,14625,周南市川端町2丁目30,,34.0491301,131.8101595,birth_navi,birth_navi_not_crosschecked,0,0.0,0,0,1,
GCP-14627,みちがみ病院,みちがみ病院,100,自治体連携等の産後ケア掲載レコード,14627,1,0,1,14627,光市光ヶ丘2番5号,,33.9790806,131.9215592,birth_navi,birth_navi_not_crosschecked,0,0.0,0,0,1,
GCP-14612,周東総合病院,周東総合病院,100,自治体連携等の産後ケア掲載レコード,14628,2,0,2,14612;14628,柳井市古開作1000番地1,,33.9587288,132.09586,birth_navi,birth_navi_not_crosschecked,0,0.0,0,0,1,
GCP-14629,助産師　篠原　美弥子,助産師篠原美弥子,100,自治体連携等の産後ケア掲載レコード,14629,1,0,1,14629,山陽小野田市,09089962359,,,,missing_unresolved,0,,0,0,1,
GCP-14630,山口県助産師会,山口県助産師会,100,自治体連携等の産後ケア掲載レコード,14630,1,0,1,14630,,,,,,missing_hidden_address_not_inferred,0,,0,0,1,
GCP-14631,大島病院,大島病院,100,自治体連携等の産後ケア掲載レコード,14631,1,0,1,14631,周防大島町小松1415-1,0820742580,33.9435084,132.1875412,birth_navi,birth_navi_not_crosschecked,0,0.0,0,0,1,
GCP-14633,独立行政法人地域医療機能推進機構　徳山中央病院,地域医療機能推進機構徳山中央病院,100,自治体連携等の産後ケア掲載レコード,14633,1,0,1,14633,周南市孝田町１番１号,,34.0473751,131.8337609,birth_navi,birth_navi_not_crosschecked,0,0.0,0,0,1,
GCP-14635,広島県厚生農業協同組合連合会廣島総合病院,広島県厚生農業協同組合連合会廣島総合病院,100,自治体連携等の産後ケア掲載レコード,14635,1,0,1,14635,廿日市市地御前一丁目３番３号,,34.3437938,132.3229224,birth_navi,birth_navi_not_crosschecked,0,0.0,0,0,1,
GCP-14637,蕙愛産後ケアハウス,蕙愛産後ケアハウス,100,自治体連携等の産後ケア掲載レコード,14637,1,0,1,14637,徳島県徳島市南佐古三番町５−３,0886531225,34.0756541,134.5344658,birth_navi,birth_navi_not_crosschecked,0,0.0,0,0,1,
GCP-14638,中山産婦人科・小児科,中山産婦人科小児科,100,自治体連携等の産後ケア掲載レコード,14638,2,0,2,14638;14657,徳島県板野郡藍住町東中富長江傍示5-6,0886920333,34.1285884,134.4818012,birth_navi,birth_navi_not_crosschecked,0,0.0,0,0,1,
GCP-14640,藍とくしま助産所（徳島県助産師会）,藍とくしま助産所徳島県助産師会,100,自治体連携等の産後ケア掲載レコード,14640,3,0,3,14640;15687;15690,徳島県徳島市沖浜東3丁目18-2　沖浜コーポ101号室,09068873065,34.0510586,134.5539716,birth_navi,birth_navi_not_crosschecked,0,0.0,0,0,1,
GCP-14642,チェリー助産所,チェリー助産所,100,自治体連携等の産後ケア掲載レコード,14642,1,0,1,14642,,,,,,missing_hidden_address_not_inferred,0,,0,0,1,
GCP-14643,助産院paume,助産院paume,100,自治体連携等の産後ケア掲載レコード,14643,1,0,1,14643,,,,,,missing_hidden_address_not_inferred,0,,0,0,1,
GCP-14644,なると助産院,なると助産院,100,自治体連携等の産後ケア掲載レコード,14644,1,0,1,14644,,,,,,missing_hidden_address_not_inferred,0,,0,0,1,
GCP-14645,徳島県助産師会,徳島県助産師会,100,自治体連携等の産後ケア掲載レコード,14645,3,0,3,14645;14647;14650,徳島市沖浜東3丁目18－2,,34.0510586,134.5539716,birth_navi,birth_navi_not_crosschecked,0,0.0,0,0,1,
GCP-14646,在宅助産師、開業助産師,在宅助産師開業助産師,100,自治体連携等の産後ケア掲載レコード,14646,1,0,1,14646,,,,,,missing_hidden_address_not_inferred,0,,0,0,1,
GCP-14649,徳島県立三好病院,徳島県立三好病院,100,自治体連携等の産後ケア掲載レコード,14649,1,0,1,14649,三好市池田町シマ815番地2,0883721131,34.0284815,133.8180816,birth_navi,birth_navi_not_crosschecked,0,0.0,0,0,1,
GCP-14651,仁鍼灸院・仁助産院,仁鍼灸院仁助産院,100,自治体連携等の産後ケア掲載レコード,14651,1,0,1,14651,徳島県阿南市那賀川町日向15-18,0884422764,33.9606687,134.6502371,birth_navi,birth_navi_not_crosschecked,0,0.0,0,0,1,
GCP-14652,居宅訪問（アウトリーチ）型,居宅訪問アウトリーチ型,100,自治体連携等の産後ケア掲載レコード,14652,1,0,1,14652,牟岐町大字中村字本村7-4,0884723417,33.6682563,134.4207036,birth_navi,birth_navi_not_crosschecked,0,0.0,0,0,1,
GCP-14653,恵愛レディースクリニック,恵愛レディースクリニック,100,自治体連携等の産後ケア掲載レコード,14653,1,0,1,14653,徳島市佐古三番町4-6,0883726767,34.0768454,134.5367058,birth_navi,birth_navi_not_crosschecked,0,0.0,0,0,1,
GCP-14654,美波町健康増進課（子育て応援室まんまる）,美波町健康増進課子育て応援室まんまる,100,自治体連携等の産後ケア掲載レコード,14654,1,0,1,14654,美波町奥河内字井ノ上13-2,0884773621,33.7355299,134.5324021,birth_navi,birth_navi_not_crosschecked,0,0.0,0,0,1,
GCP-14655,徳島大学病院　産婦人科,徳島大学病院産婦人科,100,自治体連携等の産後ケア掲載レコード,14655,1,0,1,14655,徳島県徳島市蔵本町2丁目50-1,0886337035,34.0742112,134.51858,birth_navi,birth_navi_not_crosschecked,0,0.0,0,0,1,
GCP-14656,つるぎ町立半田病院　産婦人科,つるぎ町立半田病院産婦人科,100,自治体連携等の産後ケア掲載レコード,14656,1,0,1,14656,徳島県美馬郡つるぎ町半田字中薮234-1,0883643154,34.0396659,134.0370964,birth_navi,birth_navi_not_crosschecked,0,0.0,0,0,1,
GCP-14658,むつみ助産院,むつみ助産院,100,自治体連携等の産後ケア掲載レコード,14658,1,0,1,14658,,09089743138,,,,missing_hidden_address_not_inferred,0,,0,0,1,
GCP-14659,いとう助産所,いとう助産所,100,自治体連携等の産後ケア掲載レコード,14659,1,0,1,14659,,09028265144,,,,missing_hidden_address_not_inferred,0,,0,0,1,
GCP-14660,ばんどう助産院,ばんどう助産院,100,自治体連携等の産後ケア掲載レコード,14660,1,0,1,14660,,09015772104,,,,missing_hidden_address_not_inferred,0,,0,0,1,
GCP-14661,manaka助産院,manaka助産院,100,自治体連携等の産後ケア掲載レコード,14661,1,0,1,14661,,08028510363,,,,missing_hidden_address_not_inferred,0,,0,0,1,
GCP-14662,新居助産所,新居助産所,100,自治体連携等の産後ケア掲載レコード,14662,1,0,1,14662,板野郡上板町佐藤塚西188-8,09097754923,34.1083203,134.4414546,birth_navi,birth_navi_not_crosschecked,0,0.0,0,0,1,
GCP-14663,山下助産院-OHANA-,山下助産院ohana,100,自治体連携等の産後ケア掲載レコード,14663,1,0,1,14663,三好市池田町イケミナミ,0883723520,,,,missing_unresolved,0,,0,0,1,
GCP-14664,ki:no助産院,kino助産院,100,自治体連携等の産後ケア掲載レコード,14664,1,0,1,14664,,08052293035,,,,missing_hidden_address_not_inferred,0,,0,0,1,
GCP-14665,みゆき助産院,みゆき助産院,100,自治体連携等の産後ケア掲載レコード,14665,1,0,1,14665,仲多度郡多度津町奥白方1183番地,08040333855,34.2479111,133.7305717,birth_navi,birth_navi_not_crosschecked,0,0.0,0,0,1,
GCP-14666,助産院 楪,助産院楪,100,自治体連携等の産後ケア掲載レコード,14666,1,0,1,14666,高松市林町778-7,08058280058,34.2977041,134.0652202,birth_navi,birth_navi_not_crosschecked,0,0.0,0,0,1,
GCP-14667,西岡医院,西岡医院,100,自治体連携等の産後ケア掲載レコード,14667,1,0,1,14667,高松市寺井町1385番地10,0878028838,34.2820169,134.0234478,birth_navi,birth_navi_not_crosschecked,0,0.0,0,0,1,
GCP-14669,屋島総合病院,屋島総合病院,100,自治体連携等の産後ケア掲載レコード,14669,1,0,1,14669,高松市屋島西町2105番17,08029962178,34.3431888,134.0905346,birth_navi,birth_navi_not_crosschecked,0,0.0,0,0,1,
GCP-14670,助産院ゆるり,助産院ゆるり,100,自治体連携等の産後ケア掲載レコード,14670,1,0,1,14670,丸亀市柞原町320-6,08056604343,34.2680153,133.8060911,birth_navi,birth_navi_not_crosschecked,0,0.0,0,0,1,
GCP-14671,はる助産院,はる助産院,100,自治体連携等の産後ケア掲載レコード,14671,1,0,1,14671,高松市小村町246-7,09040860602,34.283378,134.0967033,birth_navi,birth_navi_not_crosschecked,0,0.0,0,0,1,
GCP-14672,すず助産院,すず助産院,100,自治体連携等の産後ケア掲載レコード,14672,1,0,1,14672,,09043728768,,,,missing_hidden_address_not_inferred,0,,0,0,1,
GCP-14673,ki:no Jicca 多賀助産院,kinojicca多賀助産院,100,自治体連携等の産後ケア掲載レコード,14673,1,0,1,14673,,0878000312,,,,missing_hidden_address_not_inferred,0,,0,0,1,
GCP-13398,助産師A,助産師a,100,自治体連携等の産後ケア掲載レコード,14674,3,0,3,13398;14319;14674,,0877445006,,,,missing_hidden_address_not_inferred,0,,0,0,1,
GCP-14675,四国こどもとおとなの医療センター,四国こどもとおとなの医療センター,100,自治体連携等の産後ケア掲載レコード,14675,1,0,1,14675,善通寺市仙遊町2丁目1番1号,0877857788,34.227798,133.7714547,birth_navi,birth_navi_not_crosschecked,0,0.0,0,0,1,
GCP-14676,助産所まみい,助産所まみい,100,自治体連携等の産後ケア掲載レコード,14676,1,0,1,14676,木田郡三木町大字氷上782-6,09027053231,34.2640732,134.1373022,birth_navi,birth_navi_not_crosschecked,0,0.0,0,0,1,
GCP-14677,高松市立みんなの病院,高松市立みんなの病院,100,自治体連携等の産後ケア掲載レコード,14677,1,0,1,14677,高松市仏生山町甲847-1,,34.2780497,134.041335,birth_navi,birth_navi_not_crosschecked,0,0.0,0,0,1,
GCP-14678,宇多津町保健センター,宇多津町保健センター,100,自治体連携等の産後ケア掲載レコード,14678,1,0,1,14678,宇多津町1881番地,0877498008,34.3113524,133.825692,birth_navi,birth_navi_not_crosschecked,0,0.0,0,0,1,
GCP-14679,福井ウィメンズクリニック,福井ウィメンズクリニック,100,自治体連携等の産後ケア掲載レコード,14679,1,0,1,14679,松山市星岡4丁目2-7,0899690088,33.8120426,132.7882247,birth_navi,birth_navi_not_crosschecked,0,0.0,0,0,1,
GCP-14680,松山市民病院,松山市民病院,100,自治体連携等の産後ケア掲載レコード,14680,1,0,1,14680,松山市大手町2丁目6-5,0899431151,33.8394882,132.7542159,birth_navi,birth_navi_not_crosschecked,0,0.0,0,0,1,
GCP-14681,たけもと内科・婦人科・麻酔科,たけもと内科婦人科麻酔科,100,自治体連携等の産後ケア掲載レコード,14681,1,0,1,14681,松山市北条560-3,,33.9776221,132.7786897,birth_navi,birth_navi_not_crosschecked,0,0.0,0,0,1,
GCP-14682,助産院emi,助産院emi,100,自治体連携等の産後ケア掲載レコード,14682,2,0,2,14682;15707,松山市北斎院町270-2,,33.8369402,132.7320027,birth_navi,birth_navi_not_crosschecked,0,0.0,0,0,1,
GCP-14683,nogamidwife,nogamidwife,100,自治体連携等の産後ケア掲載レコード,14683,1,0,1,14683,松山市北斎院町,09015710515,,,,missing_unresolved,0,,0,0,1,
GCP-14684,ますみ助産院,ますみ助産院,100,自治体連携等の産後ケア掲載レコード,14684,1,0,1,14684,,,,,,missing_hidden_address_not_inferred,0,,0,0,1,
GCP-14685,みのり助産所,みのり助産所,100,自治体連携等の産後ケア掲載レコード,14685,1,0,1,14685,,,,,,missing_hidden_address_not_inferred,0,,0,0,1,
GCP-14686,ゆいた助産院,ゆいた助産院,100,自治体連携等の産後ケア掲載レコード,14686,1,0,1,14686,,,,,,missing_hidden_address_not_inferred,0,,0,0,1,
GCP-14687,ひらた助産院,ひらた助産院,100,自治体連携等の産後ケア掲載レコード,14687,1,0,1,14687,愛媛県,,,,,missing_unresolved,0,,0,0,1,
GCP-14689,ゆう助産院,ゆう助産院,100,自治体連携等の産後ケア掲載レコード,14689,1,0,1,14689,,,,,,missing_hidden_address_not_inferred,0,,0,0,1,
GCP-14690,助産院ぬくもり,助産院ぬくもり,100,自治体連携等の産後ケア掲載レコード,14690,1,0,1,14690,,09097797913,,,,missing_hidden_address_not_inferred,0,,0,0,1,
GCP-14691,そらいろ助産院,そらいろ助産院,100,自治体連携等の産後ケア掲載レコード,14691,1,0,1,14691,,,,,,missing_hidden_address_not_inferred,0,,0,0,1,
GCP-14692,てらお助産院,てらお助産院,100,自治体連携等の産後ケア掲載レコード,14692,1,0,1,14692,大洲市菅田町菅田甲2370-5,08081280636,33.506061,132.5853977,birth_navi,birth_navi_not_crosschecked,0,0.0,0,0,1,
GCP-14693,なないろ助産院,なないろ助産院,100,自治体連携等の産後ケア掲載レコード,14693,1,0,1,14693,,,,,,missing_hidden_address_not_inferred,0,,0,0,1,
GCP-14694,原田助産院,原田助産院,100,自治体連携等の産後ケア掲載レコード,14694,1,0,1,14694,八幡浜市元城団地55,09051490383,33.4468957,132.4358628,birth_navi,birth_navi_not_crosschecked,0,0.0,0,0,1,
GCP-14695,愛媛労災病院,愛媛労災病院,100,自治体連携等の産後ケア掲載レコード,14695,1,0,1,14695,新居浜市南小松原町13-27,0897336191,33.9742804,133.2931852,birth_navi,birth_navi_not_crosschecked,0,0.0,0,0,1,
GCP-14696,十全総合病院,十全総合病院,100,自治体連携等の産後ケア掲載レコード,14696,1,0,1,14696,新居浜市北新町1-5,0897331818,33.9591691,133.2736811,birth_navi,birth_navi_not_crosschecked,0,0.0,0,0,1,
GCP-14697,こにしクリニック,こにしクリニック,100,自治体連携等の産後ケア掲載レコード,14697,1,0,1,14697,新居浜市庄内町一丁目13-35,0897331135,33.9554864,133.2885202,birth_navi,birth_navi_not_crosschecked,0,0.0,0,0,1,
GCP-14698,ゆりかごファミリークリニック,ゆりかごファミリークリニック,100,自治体連携等の産後ケア掲載レコード,14698,1,0,1,14698,新居浜市東田一丁目甲1239-2,0897475866,33.9450864,133.3151476,birth_navi,birth_navi_not_crosschecked,0,0.0,0,0,1,
GCP-14700,hitobito-ひとびと-助産院,hitobitoひとびと助産院,100,自治体連携等の産後ケア掲載レコード,14700,1,0,1,14700,,,,,,missing_hidden_address_not_inferred,0,,0,0,1,
GCP-14701,産前産後ケアハウスFUWARI,産前産後ケアハウスfuwari,100,自治体連携等の産後ケア掲載レコード,14701,2,0,2,14701;14703,新居浜市萩生300-2,,33.9343811,133.2746594,birth_navi,birth_navi_not_crosschecked,0,0.0,0,0,1,
GCP-14704,出張訪問助産師すずき,出張訪問助産師すずき,100,自治体連携等の産後ケア掲載レコード,14704,1,0,1,14704,,,,,,missing_hidden_address_not_inferred,0,,0,0,1,
GCP-14705,LABO助産院,labo助産院,100,自治体連携等の産後ケア掲載レコード,14705,1,0,1,14705,西条市朔日市737-3　八紘2F,0120939459,33.924706,133.1865352,birth_navi,birth_navi_not_crosschecked,0,0.0,0,0,1,
GCP-14706,愛媛助産師会,愛媛助産師会,100,自治体連携等の産後ケア掲載レコード,14706,2,0,2,14706;15709,松山市中一万町2-1　愛媛助産師会　松山助産院内,0899456757,33.8463548,132.7749857,birth_navi,birth_navi_not_crosschecked,0,13.4,0,0,1,
GCP-14707,あやか助産院,あやか助産院,100,自治体連携等の産後ケア掲載レコード,14707,1,0,1,14707,四国中央市豊岡町五良野50-15,09035530811,33.9600967,133.4832014,birth_navi,birth_navi_not_crosschecked,0,0.0,0,0,1,
GCP-14708,いわもと婦人科クリニック,いわもと婦人科クリニック,100,自治体連携等の産後ケア掲載レコード,14708,1,0,1,14708,西予市宇和町卯之町２丁目２７５－２,0894893223,33.3656337,132.5102768,birth_navi,birth_navi_not_crosschecked,0,0.0,0,0,1,
GCP-14688,めいぷる助産院,めいぷる助産院,100,自治体連携等の産後ケア掲載レコード,14709,2,0,2,14688;14709,今治市新谷甲11-2,,34.0263836,133.0019704,birth_navi,birth_navi_not_crosschecked,0,0.0,0,0,1,
GCP-14710,砥部町こども家庭センター,砥部町こども家庭センター,100,自治体連携等の産後ケア掲載レコード,14710,1,0,1,14710,愛媛県伊予郡砥部町宮内1369,0899075665,33.7505253,132.7916251,birth_navi,birth_navi_not_crosschecked,0,0.0,0,0,1,
GCP-14711,はらだ助産院,はらだ助産院,100,自治体連携等の産後ケア掲載レコード,14711,1,0,1,14711,,,,,,missing_hidden_address_not_inferred,0,,0,0,1,
GCP-14713,浅井産婦人科,浅井産婦人科,100,自治体連携等の産後ケア掲載レコード,14713,1,0,1,14713,高知市一宮東町１丁目７－７,0888463131,33.5807477,133.5759934,birth_navi,birth_navi_not_crosschecked,0,0.0,0,0,1,
GCP-14714,アニタ助産院,アニタ助産院,100,自治体連携等の産後ケア掲載レコード,14714,1,0,1,14714,高知市長浜３番地,0888413000,33.5015148,133.5566792,birth_navi,birth_navi_not_crosschecked,0,0.0,0,0,1,
GCP-14715,小梅助産院,小梅助産院,100,自治体連携等の産後ケア掲載レコード,14715,1,0,1,14715,,08029757436,,,,missing_hidden_address_not_inferred,0,,0,0,1,
GCP-14716,助産院はぐはぐ,助産院はぐはぐ,100,自治体連携等の産後ケア掲載レコード,14716,1,0,1,14716,,,,,,missing_hidden_address_not_inferred,0,,0,0,1,
GCP-14717,このは助産院,このは助産院,100,自治体連携等の産後ケア掲載レコード,14717,1,0,1,14717,高知市一宮東町５丁目６-19-３,09010061390,33.5901314,133.5793891,birth_navi,birth_navi_not_crosschecked,0,0.0,0,0,1,
GCP-14718,いのち育みサポートはぐあす,いのち育みサポートはぐあす,100,自治体連携等の産後ケア掲載レコード,14718,1,0,1,14718,高知市朝倉甲303－10,0888555740,33.5397502,133.4969758,birth_navi,birth_navi_not_crosschecked,0,0.0,0,0,1,
GCP-14719,産前産後ケアサロンnyuwa,産前産後ケアサロンnyuwa,100,自治体連携等の産後ケア掲載レコード,14719,1,0,1,14719,高知市福井町,,,,,missing_unresolved,0,,0,0,1,
GCP-14721,室戸市保健介護課,室戸市保健介護課,100,自治体連携等の産後ケア掲載レコード,14721,1,0,1,14721,高知県室戸市領家87番地,0887223100,33.2910185,134.1576385,birth_navi,birth_navi_not_crosschecked,0,0.0,0,0,1,
GCP-14723,きむら助産所,きむら助産所,100,自治体連携等の産後ケア掲載レコード,14723,1,0,1,14723,,08084961646,,,,missing_hidden_address_not_inferred,0,,0,0,1,
GCP-14724,なないろ,なないろ,100,自治体連携等の産後ケア掲載レコード,14724,1,0,1,14724,高知市介良乙2611-7,0888557719,33.5596864,133.6063309,birth_navi,birth_navi_not_crosschecked,0,0.0,0,0,1,
GCP-14725,ゆいま～る,ゆいまる,100,自治体連携等の産後ケア掲載レコード,14725,1,0,1,14725,香南市野市町西野1733-4,0887529861,33.559105,133.6910032,birth_navi,birth_navi_not_crosschecked,0,0.0,0,0,1,
GCP-14726,渭南病院,渭南病院,100,自治体連携等の産後ケア掲載レコード,14726,1,0,1,14726,高知県土佐清水市越前町６番１号,0880821151,32.7814513,132.9512895,birth_navi,birth_navi_not_crosschecked,0,0.0,0,0,1,
GCP-14727,四万十市健康推進課,四万十市健康推進課,100,自治体連携等の産後ケア掲載レコード,14727,1,0,1,14727,四万十市中村大橋通4-10,0880348015,32.9919616,132.9338172,birth_navi,birth_navi_not_crosschecked,0,0.0,0,0,1,
GCP-14728,東洋町役場　住民課,東洋町役場住民課,100,自治体連携等の産後ケア掲載レコード,14728,1,0,1,14728,高知県安芸郡東洋町大字生見758-3,0887293394,33.5279655,134.2800638,birth_navi,birth_navi_not_crosschecked,0,0.0,0,0,1,
GCP-14729,いのちの応援舎おびなずき,いのちの応援舎おびなずき,100,自治体連携等の産後ケア掲載レコード,14729,1,0,1,14729,高知県高知市口細山54番29号,,33.5686437,133.4905685,birth_navi,birth_navi_not_crosschecked,0,0.0,0,0,1,
GCP-14730,産前産後ケアサロンnyuwa,産前産後ケアサロンnyuwa,100,自治体連携等の産後ケア掲載レコード,14730,1,0,1,14730,高知県高知市福井町,,,,,missing_unresolved,0,,0,0,1,
GCP-14731,ままちっち,ままちっち,100,自治体連携等の産後ケア掲載レコード,14731,1,0,1,14731,高知県吾川郡仁淀川町大崎200番地,0889350888,33.5755728,133.1702132,birth_navi,birth_navi_not_crosschecked,0,0.0,0,0,1,
GCP-14732,谷本　好子,谷本好子,100,自治体連携等の産後ケア掲載レコード,14732,1,0,1,14732,,,,,,missing_hidden_address_not_inferred,0,,0,0,1,
GCP-14733,若槻　知子,若槻知子,100,自治体連携等の産後ケア掲載レコード,14733,1,0,1,14733,,,,,,missing_hidden_address_not_inferred,0,,0,0,1,
GCP-14734,梼原町役場　保健福祉課,梼原町役場保健福祉課,100,自治体連携等の産後ケア掲載レコード,14734,1,0,1,14734,高知県高岡郡梼原町川西路2320-1,0889651170,33.3924412,132.9249314,birth_navi,birth_navi_not_crosschecked,0,0.0,0,0,1,
GCP-14735,三原村役場,三原村役場,100,自治体連携等の産後ケア掲載レコード,14735,1,0,1,14735,三原村来栖野346,0880462111,32.9059606,132.8477304,birth_navi,birth_navi_not_crosschecked,0,0.0,0,0,1,
GCP-14736,にこり助産院,にこり助産院,100,自治体連携等の産後ケア掲載レコード,14736,1,0,1,14736,,0932825810,,,,missing_hidden_address_not_inferred,0,,0,0,1,
GCP-14737,ファミリーケアこあらのおうち,ファミリーケアこあらのおうち,100,自治体連携等の産後ケア掲載レコード,14737,1,0,1,14737,北九州市小倉南区,,,,,missing_unresolved,0,,0,0,1,
GCP-14738,オレンジママ(医療法人ながの医院内),オレンジママながの医院内,100,自治体連携等の産後ケア掲載レコード,14738,1,0,1,14738,北九州市八幡西区千代１－１－５,09043474182,33.8122943,130.7490216,birth_navi,birth_navi_not_crosschecked,0,0.0,0,0,1,
GCP-14739,mamaはぐ助産院,mamaはぐ助産院,100,自治体連携等の産後ケア掲載レコード,14739,1,0,1,14739,北九州市八幡東区東丸山町11-28,09084011085,33.8597013,130.8140985,birth_navi,birth_navi_not_crosschecked,0,0.0,0,0,1,
GCP-14740,出張専門Jokobo助産院,出張専門jokobo助産院,100,自治体連携等の産後ケア掲載レコード,14740,1,0,1,14740,,,,,,missing_hidden_address_not_inferred,0,,0,0,1,
GCP-14741,りつ助産院,りつ助産院,100,自治体連携等の産後ケア掲載レコード,14741,1,0,1,14741,北九州市小倉南区,09073816513,,,,missing_unresolved,0,,0,0,1,
GCP-14742,tanagocoro-miroku みろく助産院,tanagocoromirokuみろく助産院,100,自治体連携等の産後ケア掲載レコード,14742,1,0,1,14742,,09029637548,,,,missing_hidden_address_not_inferred,0,,0,0,1,
GCP-14743,出張産前産後ケアーほんわか助産院,出張産前産後ケアーほんわか助産院,100,自治体連携等の産後ケア掲載レコード,14743,1,0,1,14743,,08064384297,,,,missing_hidden_address_not_inferred,0,,0,0,1,
GCP-14744,おかべ母乳育児相談室,おかべ母乳育児相談室,100,自治体連携等の産後ケア掲載レコード,14744,1,0,1,14744,北九州市小倉北区金鶏町1-27-102,09013650628,33.8721101,130.8503435,birth_navi,birth_navi_not_crosschecked,0,0.0,0,0,1,
GCP-14745,産後ケアハウスsheep,産後ケアハウスsheep,100,自治体連携等の産後ケア掲載レコード,14745,1,0,1,14745,北九州市小倉北区下到津3-6-20,08064129496,33.8792638,130.8542668,birth_navi,birth_navi_not_crosschecked,0,0.0,0,0,1,
GCP-14746,SalonMam＆Babyぽっかぽか,salonmambabyぽっかぽか,100,自治体連携等の産後ケア掲載レコード,14746,2,0,2,14746;14867,北九州市小倉南区山手1-10-3,0939824055,33.8285222,130.876418,birth_navi,birth_navi_not_crosschecked,0,0.0,0,0,1,
GCP-14747,くさみ助産院,くさみ助産院,100,自治体連携等の産後ケア掲載レコード,14747,2,0,2,14747;14869,北九州市小倉南区朽網3020-3,09086248040,33.7970241,130.9607191,birth_navi,birth_navi_not_crosschecked,0,0.0,0,0,1,
GCP-14748,青葉台母乳ケアハウス,青葉台母乳ケアハウス,100,自治体連携等の産後ケア掲載レコード,14748,2,0,2,14748;14872,北九州市若松区青葉台東1-1-2-6階,0937018951,33.9009907,130.6899399,birth_navi,birth_navi_not_crosschecked,0,0.0,0,0,1,
GCP-14749,サン・ムラタ,サンムラタ,100,自治体連携等の産後ケア掲載レコード,14749,2,0,2,14749;14870,,0936225588,,,,missing_hidden_address_not_inferred,0,,0,0,1,
GCP-14750,みかたmama's care,みかたmamascare,100,自治体連携等の産後ケア掲載レコード,14750,2,0,2,14750;14871,北九州市八幡西区上上津役5-20-6,08046828219,33.8240433,130.7575737,birth_navi,birth_navi_not_crosschecked,0,0.0,0,0,1,
GCP-14751,東原産婦人科医院,東原産婦人科医院,100,自治体連携等の産後ケア掲載レコード,14751,2,0,2,14751;15015,大牟田市倉永1672-3,0944581025,33.0867432,130.4593665,birth_navi,birth_navi_not_crosschecked,0,0.0,0,0,1,
GCP-14752,渡辺レディースクリニック,渡辺レディースクリニック,100,自治体連携等の産後ケア掲載レコード,14752,1,0,1,14752,久留米市国分町224-15,0942211103,33.2943195,130.5397159,birth_navi,birth_navi_not_crosschecked,0,0.0,0,0,1,
GCP-14753,のぞえの丘病院,のぞえの丘病院,100,自治体連携等の産後ケア掲載レコード,14753,1,0,1,14753,久留米市上津町2543-1,0942223980,33.2660373,130.5410162,birth_navi,birth_navi_not_crosschecked,0,0.0,0,0,1,
GCP-14754,吉﨑助産院,吉﨑助産院,100,自治体連携等の産後ケア掲載レコード,14754,1,0,1,14754,久留米市城島町西青木576-1,0942623030,33.2394701,130.3879982,birth_navi,birth_navi_not_crosschecked,0,0.0,0,0,1,
GCP-14755,助産院「こっぽら～っと・はしもと」,助産院こっぽらっとはしもと,100,自治体連携等の産後ケア掲載レコード,14755,1,0,1,14755,,,,,,missing_hidden_address_not_inferred,0,,0,0,1,
GCP-14756,たのしまる助産院,たのしまる助産院,100,自治体連携等の産後ケア掲載レコード,14756,1,0,1,14756,久留米市田主丸町益生田205-2,09078221961,33.3251903,130.697094,birth_navi,birth_navi_not_crosschecked,0,0.0,0,0,1,
GCP-14757,虹之風（産後ケアハウス）,虹之風産後ケアハウス,100,自治体連携等の産後ケア掲載レコード,14757,1,0,1,14757,筑後市大字高江720-3,0942480933,33.2220972,130.4796771,birth_navi,birth_navi_not_crosschecked,0,0.0,0,0,1,
GCP-14758,nym助産師ケアサロン,nym助産師ケアサロン,100,自治体連携等の産後ケア掲載レコード,14758,3,0,3,14758;14823;14886,八女市馬場887-2,09095646551,33.2065414,130.5694537,birth_navi,birth_navi_not_crosschecked,0,0.0,0,0,1,
GCP-14759,清心乳児園,清心乳児園,100,自治体連携等の産後ケア掲載レコード,14759,1,0,1,14759,三井郡大刀洗町大字山隈377番地,0942773132,33.4097012,130.6110282,birth_navi,birth_navi_not_crosschecked,0,0.0,0,0,1,
GCP-14761,フラウエンハウス加來,フラウエンハウス加來,100,自治体連携等の産後ケア掲載レコード,14761,1,0,1,14761,,,,,,missing_hidden_address_not_inferred,0,,0,0,1,
GCP-14762,ラピス助産院,ラピス助産院,100,自治体連携等の産後ケア掲載レコード,14762,1,0,1,14762,,,,,,missing_hidden_address_not_inferred,0,,0,0,1,
GCP-14763,助産院・桶谷式母乳育児相談室ピクシーハート,助産院桶谷式母乳育児相談室ピクシーハート,100,自治体連携等の産後ケア掲載レコード,14763,1,0,1,14763,飯塚市堀池157-1　カーサフェリーチェA102,09095878119,33.6292489,130.6835307,birth_navi,birth_navi_not_crosschecked,0,0.0,0,0,1,
GCP-14764,母と子のおうち　はる助産院,母と子のおうちはる助産院,100,自治体連携等の産後ケア掲載レコード,14764,1,0,1,14764,久山町933-1-2,07047351108,33.6467866,130.4998942,birth_navi,birth_navi_not_crosschecked,0,0.0,0,0,1,
GCP-14765,mama'sさいた,mamasさいた,100,自治体連携等の産後ケア掲載レコード,14765,5,0,5,14765;14808;14841;14849;14859,宮若市芹田32,09096004771,33.7355893,130.6399991,birth_navi,birth_navi_not_crosschecked,0,0.0,0,0,1,
GCP-14368,ゆき助産院,ゆき助産院,100,自治体連携等の産後ケア掲載レコード,14766,5,0,5,14368;14766;14804;14837;14868,北九州市小倉南区若園3丁目3-12,07085731693,33.8479456,130.8877366,birth_navi,birth_navi_not_crosschecked,0,0.0,0,0,1,
GCP-14767,マタニティ・サポート佳,マタニティサポート佳,100,自治体連携等の産後ケア掲載レコード,14767,1,0,1,14767,北九州市八幡西区浅川学園台,09097251047,,,,missing_unresolved,0,,0,0,1,
GCP-14768,tanagocoro-miroku みろく助産院,tanagocoromirokuみろく助産院,100,自治体連携等の産後ケア掲載レコード,14768,1,0,1,14768,,,,,,missing_hidden_address_not_inferred,0,,0,0,1,
GCP-14769,Maternity home ハコ音色,maternityhomeハコ音色,100,自治体連携等の産後ケア掲載レコード,14769,2,0,2,14769;14875,福岡市早良区野芥,09050153820,,,,missing_unresolved,0,,0,0,1,
GCP-14770,助産院　室見川,助産院室見川,100,自治体連携等の産後ケア掲載レコード,14770,2,0,2,14770;14822,福岡市早良区南庄6-14-16,08052048846,33.5774033,130.3357517,birth_navi,birth_navi_not_crosschecked,0,0.0,0,0,1,
GCP-14771,ゆらぎ助産院,ゆらぎ助産院,100,自治体連携等の産後ケア掲載レコード,14771,1,0,1,14771,福岡市早良区南庄,,,,,missing_unresolved,0,,0,0,1,
GCP-14772,べふ助産院,べふ助産院,100,自治体連携等の産後ケア掲載レコード,14772,3,0,3,14772;14829;14876,福岡市城南区別府,09050572670,,,,missing_unresolved,0,,0,0,1,
GCP-14773,あさひ助産院,あさひ助産院,100,自治体連携等の産後ケア掲載レコード,14773,2,0,2,14773;14877,福岡市西区西都,08064378277,,,,missing_unresolved,0,,0,0,1,
GCP-14774,えん助産院,えん助産院,100,自治体連携等の産後ケア掲載レコード,14774,3,0,3,14774;14858;14860,福岡市博多区那珂,07090032134,,,,missing_unresolved,0,,0,0,1,
GCP-14775,みい助産院,みい助産院,100,自治体連携等の産後ケア掲載レコード,14775,4,0,4,14775;14830;14878;14880,福岡市東区千早,07089730486,,,,missing_unresolved,0,,0,0,1,
GCP-14776,きらり助産院,きらり助産院,100,自治体連携等の産後ケア掲載レコード,14776,1,0,1,14776,,09052943368,,,,missing_hidden_address_not_inferred,0,,0,0,1,
GCP-14777,さくら母子相談室,さくら母子相談室,100,自治体連携等の産後ケア掲載レコード,14777,2,0,2,14777;14879,福岡市東区香椎団地1－7－1－701,09085587656,33.6543639,130.4366618,birth_navi,birth_navi_not_crosschecked,0,0.0,0,0,1,
GCP-14778,結心（ゆっこ）助産院,結心ゆっこ助産院,100,自治体連携等の産後ケア掲載レコード,14778,1,0,1,14778,福岡市南区桧原,08027491676,,,,missing_unresolved,0,,0,0,1,
GCP-14779,ベビファミ相談室nakayoshi,ベビファミ相談室nakayoshi,100,自治体連携等の産後ケア掲載レコード,14779,1,0,1,14779,,08060683556,,,,missing_hidden_address_not_inferred,0,,0,0,1,
GCP-14780,モニカ助産院,モニカ助産院,100,自治体連携等の産後ケア掲載レコード,14780,3,0,3,14780;14836;14874,,09084031435,,,,missing_hidden_address_not_inferred,0,,0,0,1,
GCP-14781,産前産後ケア　ももはな助産院,産前産後ケアももはな助産院,100,自治体連携等の産後ケア掲載レコード,14781,1,0,1,14781,宗像市泉ヶ丘,08017694886,,,,missing_unresolved,0,,0,0,1,
GCP-14782,とも笑助産院,とも笑助産院,100,自治体連携等の産後ケア掲載レコード,14782,1,0,1,14782,宗像市曲1772,09094891135,33.8013085,130.5641372,birth_navi,birth_navi_not_crosschecked,0,0.0,0,0,1,
GCP-14784,晴助産院,晴助産院,100,自治体連携等の産後ケア掲載レコード,14784,1,0,1,14784,中間市垣生,,,,,missing_unresolved,0,,0,0,1,
GCP-14785,アマテラス助産院,アマテラス助産院,100,自治体連携等の産後ケア掲載レコード,14785,2,0,2,14785;14883,糸島市高祖,08064016312,,,,missing_unresolved,0,,0,0,1,
GCP-14786,授乳と育児の相談室　kururi,授乳と育児の相談室kururi,100,自治体連携等の産後ケア掲載レコード,14786,2,0,2,14786;14884,糸島市南風台7丁目10-20,09045870241,33.5472718,130.1956116,birth_navi,birth_navi_not_crosschecked,0,0.0,0,0,1,
GCP-14787,母と子のサロンito,母と子のサロンito,100,自治体連携等の産後ケア掲載レコード,14787,1,0,1,14787,糸島市志摩師吉5-5-10,09044170056,33.5766841,130.1800205,birth_navi,birth_navi_not_crosschecked,0,0.0,0,0,1,
GCP-14788,母乳と育児の相談室ｉｉｂａｓｈｏ,母乳と育児の相談室iibasho,100,自治体連携等の産後ケア掲載レコード,14788,1,0,1,14788,,,,,,missing_hidden_address_not_inferred,0,,0,0,1,
GCP-14789,つみき助産院,つみき助産院,100,自治体連携等の産後ケア掲載レコード,14789,1,0,1,14789,春日市須玖南1-53,08039632070,33.5394276,130.4471699,birth_navi,birth_navi_not_crosschecked,0,0.0,0,0,1,
GCP-14790,産前産後ケアハウスきずな,産前産後ケアハウスきずな,100,自治体連携等の産後ケア掲載レコード,14790,1,0,1,14790,朝倉市来春328-1,09010843500,33.4144812,130.6616643,birth_navi,birth_navi_not_crosschecked,0,0.0,0,0,1,
GCP-14791,みこと助産院,みこと助産院,100,自治体連携等の産後ケア掲載レコード,14791,1,0,1,14791,筑前町東小田3504,09010175676,33.4526576,130.5935234,birth_navi,birth_navi_not_crosschecked,0,0.0,0,0,1,
GCP-14792,産前産後サポートセンター　心ゆるり,産前産後サポートセンター心ゆるり,100,自治体連携等の産後ケア掲載レコード,14792,1,0,1,14792,小郡市乙隈506-3,0942656510,33.4343661,130.5804213,birth_navi,birth_navi_not_crosschecked,0,0.0,0,0,1,
GCP-14793,月はな助産院,月はな助産院,100,自治体連携等の産後ケア掲載レコード,14793,1,0,1,14793,小郡市三沢4451-1,09060350275,33.4258826,130.5581814,birth_navi,birth_navi_not_crosschecked,0,0.0,0,0,1,
GCP-14794,めぐみ助産院,めぐみ助産院,100,自治体連携等の産後ケア掲載レコード,14794,1,0,1,14794,柳川市弥四郎町222-3,09013408916,33.1523072,130.3952698,birth_navi,birth_navi_not_crosschecked,0,0.0,0,0,1,
GCP-14795,母乳育児相談室　温もりのほっと助産院,母乳育児相談室温もりのほっと助産院,100,自治体連携等の産後ケア掲載レコード,14795,1,0,1,14795,柳川市大浜町516-2,09049983476,33.1274472,130.3918607,birth_navi,birth_navi_not_crosschecked,0,0.0,0,0,1,
GCP-14796,シフラ助産院,シフラ助産院,100,自治体連携等の産後ケア掲載レコード,14796,3,0,3,14796;14834;14887,大牟田市南船津町,09030764255,,,,missing_unresolved,0,,0,0,1,
GCP-14797,あい助産院,あい助産院,100,自治体連携等の産後ケア掲載レコード,14797,2,0,2,14797;14801,大牟田市天領町1-39,09025035434,33.0181335,130.4338101,birth_navi,birth_navi_not_crosschecked,0,0.0,0,0,1,
GCP-14799,みたむらクリニック,みたむらクリニック,100,自治体連携等の産後ケア掲載レコード,14799,1,0,1,14799,柳川市上宮永町８３－１,0944742020,33.1539675,130.4062164,birth_navi,birth_navi_not_crosschecked,0,0.0,0,0,1,
GCP-14800,なお助産院,なお助産院,100,自治体連携等の産後ケア掲載レコード,14800,1,0,1,14800,みやま市山川町原町390-2,09084163902,33.1203658,130.5194728,birth_navi,birth_navi_not_crosschecked,0,0.0,0,0,1,
GCP-14802,ママのサポートあさがお,ママのサポートあさがお,100,自治体連携等の産後ケア掲載レコード,14802,1,0,1,14802,福岡市東区千早4丁目,07042024916,33.6483695,130.4382629,birth_navi,birth_navi_not_crosschecked,0,0.0,0,0,1,
GCP-14803,産前産後ケア　ももはな助産院,産前産後ケアももはな助産院,100,自治体連携等の産後ケア掲載レコード,14803,1,0,1,14803,宗像市泉が丘,09017694886,,,,missing_unresolved,0,,0,0,1,
GCP-14805,tanagocoro-miroku みろく助産院,tanagocoromirokuみろく助産院,100,自治体連携等の産後ケア掲載レコード,14805,1,0,1,14805,,,,,,missing_hidden_address_not_inferred,0,,0,0,1,
GCP-14806,tanagocoro-miroku みろく助産院,tanagocoromirokuみろく助産院,100,自治体連携等の産後ケア掲載レコード,14806,2,0,2,14806;15399,北九州市八幡西区光明2丁目,,33.8653674,130.7190255,birth_navi,birth_navi_not_crosschecked,0,0.0,0,0,1,
GCP-14807,COCOながたベビーケアROOM,cocoながたベビーケアroom,100,自治体連携等の産後ケア掲載レコード,14807,1,0,1,14807,福岡市東区,09019718562,,,,missing_unresolved,0,,0,0,1,
GCP-14809,医療法人　牛島産婦人科医院,牛島産婦人科医院,100,自治体連携等の産後ケア掲載レコード,14809,1,0,1,14809,太宰府市五条2-23-8,0929212511,33.5089149,130.5238466,birth_navi,birth_navi_not_crosschecked,0,0.0,0,0,1,
GCP-14810,助産院ミモザフルール,助産院ミモザフルール,100,自治体連携等の産後ケア掲載レコード,14810,1,0,1,14810,,07090774107,,,,missing_hidden_address_not_inferred,0,,0,0,1,
GCP-14811,Rie助産院,rie助産院,100,自治体連携等の産後ケア掲載レコード,14811,1,0,1,14811,,09019774840,,,,missing_hidden_address_not_inferred,0,,0,0,1,
GCP-14812,なごみ助産院,なごみ助産院,100,自治体連携等の産後ケア掲載レコード,14812,1,0,1,14812,大野城市筒井4丁目11-1-101,08017040734,33.5430305,130.4805653,birth_navi,birth_navi_not_crosschecked,0,0.0,0,0,1,
GCP-14814,助産院hygge（ヒュッゲ）,助産院hyggeヒュッゲ,100,自治体連携等の産後ケア掲載レコード,14814,1,0,1,14814,,08014444751,,,,missing_hidden_address_not_inferred,0,,0,0,1,
GCP-14815,フクロウの助産院,フクロウの助産院,100,自治体連携等の産後ケア掲載レコード,14815,1,0,1,14815,,05036132252,,,,missing_hidden_address_not_inferred,0,,0,0,1,
GCP-14816,ベビーフェリス井手,ベビーフェリス井手,100,自治体連携等の産後ケア掲載レコード,14816,2,0,2,14816;15729,福岡県筑紫野市針摺西２-4-5ピュア21 501,0929220701,33.4830075,130.530812,birth_navi,birth_navi_not_crosschecked,0,0.0,0,0,1,
GCP-14817,ゆう助産院,ゆう助産院,100,自治体連携等の産後ケア掲載レコード,14817,1,0,1,14817,福岡市東区香椎,07092875318,,,,missing_unresolved,0,,0,0,1,
GCP-14818,tanagocoro-miroku みろく助産院,tanagocoromirokuみろく助産院,100,自治体連携等の産後ケア掲載レコード,14818,1,0,1,14818,,,,,,missing_hidden_address_not_inferred,0,,0,0,1,
GCP-14819,古賀文敏ウィメンズクリニック,古賀文敏ウィメンズクリニック,100,自治体連携等の産後ケア掲載レコード,14819,1,0,1,14819,福岡市中央区天神2-3-24 天神ルーチェ5F,0927387711,33.5868272,130.3976464,birth_navi,birth_navi_not_crosschecked,0,0.0,0,0,1,
GCP-14820,助産院　きぼう,助産院きぼう,100,自治体連携等の産後ケア掲載レコード,14820,1,0,1,14820,,,,,,missing_hidden_address_not_inferred,0,,0,0,1,
GCP-14821,絆衣助産院,絆衣助産院,100,自治体連携等の産後ケア掲載レコード,14821,1,0,1,14821,,08027572748,,,,missing_hidden_address_not_inferred,0,,0,0,1,
GCP-14824,学校法人巨樹の会　みずまき助産院ひだまりの家,学校法人巨樹の会みずまき助産院ひだまりの家,100,自治体連携等の産後ケア掲載レコード,14824,1,0,1,14824,,,,,,missing_hidden_address_not_inferred,0,,0,0,1,
GCP-14825,助産院Ohaana,助産院ohaana,100,自治体連携等の産後ケア掲載レコード,14825,1,0,1,14825,,,,,,missing_hidden_address_not_inferred,0,,0,0,1,
GCP-14826,カフナ助産院,カフナ助産院,100,自治体連携等の産後ケア掲載レコード,14826,1,0,1,14826,,09089184756,,,,missing_hidden_address_not_inferred,0,,0,0,1,
GCP-14827,助産院　向日葵,助産院向日葵,100,自治体連携等の産後ケア掲載レコード,14827,1,0,1,14827,,09078530120,,,,missing_hidden_address_not_inferred,0,,0,0,1,
GCP-14828,助産院　歓～ほあん～,助産院歓ほあん,100,自治体連携等の産後ケア掲載レコード,14828,1,0,1,14828,,,,,,missing_hidden_address_not_inferred,0,,0,0,1,
GCP-14831,ひだまり助産院,ひだまり助産院,100,自治体連携等の産後ケア掲載レコード,14831,1,0,1,14831,,09094022474,,,,missing_hidden_address_not_inferred,0,,0,0,1,
GCP-14832,まる助産院,まる助産院,100,自治体連携等の産後ケア掲載レコード,14832,1,0,1,14832,,07041711084,,,,missing_hidden_address_not_inferred,0,,0,0,1,
GCP-14833,いとしま助産院haru,いとしま助産院haru,100,自治体連携等の産後ケア掲載レコード,14833,1,0,1,14833,,07052776522,,,,missing_hidden_address_not_inferred,0,,0,0,1,
GCP-14835,母と子の助産院,母と子の助産院,100,自治体連携等の産後ケア掲載レコード,14835,1,0,1,14835,,08091086239,,,,missing_hidden_address_not_inferred,0,,0,0,1,
GCP-14838,母と子の相談室　ルチル助産院,母と子の相談室ルチル助産院,100,自治体連携等の産後ケア掲載レコード,14838,1,0,1,14838,日の里3-16-10,,33.7983051,130.5437065,birth_navi,birth_navi_not_crosschecked,0,0.0,0,0,1,
GCP-14839,出張専門助産院ほお,出張専門助産院ほお,100,自治体連携等の産後ケア掲載レコード,14839,1,0,1,14839,宗像市上八1408,09054751409,33.868724,130.5357025,birth_navi,birth_navi_not_crosschecked,0,0.0,0,0,1,
GCP-14840,tanagocoro-miroku みろく助産院,tanagocoromirokuみろく助産院,100,自治体連携等の産後ケア掲載レコード,14840,1,0,1,14840,,,,,,missing_hidden_address_not_inferred,0,,0,0,1,
GCP-14842,助産院ゆらり,助産院ゆらり,100,自治体連携等の産後ケア掲載レコード,14842,1,0,1,14842,福岡県糟屋郡新宮町中央駅前１ー６ー２ＭＪＲ新宮中央駅前ＩＩ８０７,08052704597,33.7110915,130.4524287,birth_navi,birth_navi_not_crosschecked,0,0.0,0,0,1,
GCP-14843,助産院向日葵,助産院向日葵,100,自治体連携等の産後ケア掲載レコード,14843,2,0,2,14843;14851,福岡市中央区地行,,,,,missing_unresolved,0,,0,0,1,
GCP-14844,きはら母乳育児相談室,きはら母乳育児相談室,100,自治体連携等の産後ケア掲載レコード,14844,2,0,2,14844;14881,福岡市東区若宮3-7-36,0926731239,33.6376609,130.4503986,birth_navi,birth_navi_not_crosschecked,0,0.0,0,0,1,
GCP-14845,tanagocoro-miroku　みろく助産院,tanagocoromirokuみろく助産院,100,自治体連携等の産後ケア掲載レコード,14845,1,0,1,14845,,,,,,missing_hidden_address_not_inferred,0,,0,0,1,
GCP-14846,のぐち助産院,のぐち助産院,100,自治体連携等の産後ケア掲載レコード,14846,1,0,1,14846,福津市福間南2-5-22,09047792940,33.7563962,130.4852802,birth_navi,birth_navi_not_crosschecked,0,0.0,0,0,1,
GCP-14847,助産院てくてく,助産院てくてく,100,自治体連携等の産後ケア掲載レコード,14847,1,0,1,14847,,,,,,missing_hidden_address_not_inferred,0,,0,0,0,
GCP-14848,助産院いとむすび,助産院いとむすび,100,自治体連携等の産後ケア掲載レコード,14848,1,0,1,14848,福津市本木1325-1,09071520938,33.7590504,130.5234493,birth_navi,birth_navi_not_crosschecked,0,0.0,0,0,0,
GCP-14850,tanagocoro-miroku みろく助産院,tanagocoromirokuみろく助産院,100,自治体連携等の産後ケア掲載レコード,14850,1,0,1,14850,,,,,,missing_hidden_address_not_inferred,0,,0,0,1,
GCP-14813,助産院　Ohana,助産院ohana,100,自治体連携等の産後ケア掲載レコード,14852,2,0,2,14813;14852,春日市,,,,,missing_unresolved,0,,0,0,1,
GCP-14854,tanagogoco-miroku みろく助産院,tanagogocomirokuみろく助産院,100,自治体連携等の産後ケア掲載レコード,14854,1,0,1,14854,北九州市八幡西区光明2丁目,,33.8653674,130.7190255,birth_navi,birth_navi_not_crosschecked,0,0.0,0,0,1,
GCP-14855,三つ葉助産院,三つ葉助産院,100,自治体連携等の産後ケア掲載レコード,14855,1,0,1,14855,宇美町明神坂 2 丁目 3 番 33 号,09023943281,33.5729558,130.5052057,birth_navi,birth_navi_not_crosschecked,0,0.0,0,0,1,
GCP-14856,藤産婦人科,藤産婦人科,100,自治体連携等の産後ケア掲載レコード,14856,1,0,1,14856,篠栗町中央4-15-12,0929470358,33.6234085,130.527165,birth_navi,birth_navi_not_crosschecked,0,0.0,0,0,1,
GCP-14857,"真田産婦人科麻酔クリニック
産後ケアセンター マリィのおうち",真田産婦人科麻酔クリニック産後ケアセンターマリィのおうち,100,自治体連携等の産後ケア掲載レコード,14857,1,0,1,14857,福岡市東区千早6-6-16,0926810178,33.6571565,130.4393657,birth_navi,birth_navi_not_crosschecked,0,0.0,0,0,1,
GCP-14861,鞍手乳児院,鞍手乳児院,100,自治体連携等の産後ケア掲載レコード,14861,1,0,1,14861,鞍手町大字新延448-11,0949420246,33.7781517,130.6668684,birth_navi,birth_navi_not_crosschecked,0,0.0,0,0,1,
GCP-14862,社会保険　田川病院,社会保険田川病院,100,自治体連携等の産後ケア掲載レコード,14862,1,0,1,14862,田川市上本町10-18,0947456540,33.6238169,130.7983019,birth_navi,birth_navi_not_crosschecked,0,0.0,0,0,1,
GCP-14863,在宅看護センター日向ぼっこ,在宅看護センター日向ぼっこ,100,自治体連携等の産後ケア掲載レコード,14863,1,0,1,14863,,0946420572,,,,missing_hidden_address_not_inferred,0,,0,0,1,
GCP-14864,富田産婦人科,富田産婦人科,100,自治体連携等の産後ケア掲載レコード,14864,1,0,1,14864,朝倉市甘木1979-8,,33.4245205,130.6547593,birth_navi,birth_navi_not_crosschecked,0,0.0,0,0,1,
GCP-14865,大木町こども家庭センター,大木町こども家庭センター,100,自治体連携等の産後ケア掲載レコード,14865,1,0,1,14865,福岡県三潴郡大木町大字八町牟田643-1,0944321022,33.2108032,130.4397144,birth_navi,birth_navi_not_crosschecked,0,0.0,0,0,1,
GCP-14866,親子サポート　ほほえみ,親子サポートほほえみ,100,自治体連携等の産後ケア掲載レコード,14866,1,0,1,14866,北九州市小倉南区津田新町,09094805196,,,,missing_unresolved,0,,0,0,1,
GCP-14873,にじいろ助産院,にじいろ助産院,100,自治体連携等の産後ケア掲載レコード,14873,1,0,1,14873,,,,,,missing_hidden_address_not_inferred,0,,0,0,1,
GCP-14882,ひだまり助産院,ひだまり助産院,100,自治体連携等の産後ケア掲載レコード,14882,1,0,1,14882,,,,,,missing_hidden_address_not_inferred,0,,0,0,1,
GCP-14885,めぐみ助産院,めぐみ助産院,100,自治体連携等の産後ケア掲載レコード,14885,1,0,1,14885,,,,,,missing_hidden_address_not_inferred,0,,0,0,1,
GCP-14783,麻の葉助産院,麻の葉助産院,100,自治体連携等の産後ケア掲載レコード,14888,2,0,2,14783;14888,福岡県行橋市稲童3106-51,08084001085,33.6969905,131.0156567,birth_navi,birth_navi_not_crosschecked,0,0.0,0,0,1,
GCP-14889,田中産婦人科,田中産婦人科,100,自治体連携等の産後ケア掲載レコード,14889,1,0,1,14889,佐賀市兵庫南1-19-42,0952261188,33.2610976,130.317606,birth_navi,birth_navi_not_crosschecked,0,0.0,0,0,0,
GCP-14890,あかね育児相談室,あかね育児相談室,100,自治体連携等の産後ケア掲載レコード,14890,1,0,1,14890,佐賀市鍋島町大字森田284-2,09031972237,33.2678918,130.2624194,birth_navi,birth_navi_not_crosschecked,0,0.0,0,0,1,
GCP-14891,しお助産院,しお助産院,100,自治体連携等の産後ケア掲載レコード,14891,1,0,1,14891,佐賀市久保田町大字徳万186-1,09059308965,33.2486725,130.2390348,birth_navi,birth_navi_not_crosschecked,0,0.0,0,0,1,
GCP-14892,助産院MALU,助産院malu,100,自治体連携等の産後ケア掲載レコード,14892,1,0,1,14892,佐賀市大和町久池井4051-1ロワイヤルⅡ201,09087440933,33.3145685,130.2964499,birth_navi,birth_navi_not_crosschecked,0,0.0,0,0,1,
GCP-14893,いずみ助産院,いずみ助産院,100,自治体連携等の産後ケア掲載レコード,14893,1,0,1,14893,,07054018814,,,,missing_hidden_address_not_inferred,0,,0,0,1,
GCP-14894,育児相談所　澤まめ,育児相談所澤まめ,100,自治体連携等の産後ケア掲載レコード,14894,1,0,1,14894,,09027169861,,,,missing_hidden_address_not_inferred,0,,0,0,1,
GCP-14895,出張専門助産所だんでらいおん,出張専門助産所だんでらいおん,100,自治体連携等の産後ケア掲載レコード,14895,1,0,1,14895,,09059234411,,,,missing_hidden_address_not_inferred,0,,0,0,1,
GCP-14896,みぞかみ助産院,みぞかみ助産院,100,自治体連携等の産後ケア掲載レコード,14896,1,0,1,14896,,09057218880,,,,missing_hidden_address_not_inferred,0,,0,0,1,
GCP-14897,ＨＡＲＡ助産院,hara助産院,100,自治体連携等の産後ケア掲載レコード,14897,1,0,1,14897,,09095891182,,,,missing_hidden_address_not_inferred,0,,0,0,1,
GCP-14898,ママ＆ベビーひとみ育児相談室,ママベビーひとみ育児相談室,100,自治体連携等の産後ケア掲載レコード,14898,1,0,1,14898,,09030779421,,,,missing_hidden_address_not_inferred,0,,0,0,1,
GCP-14899,もも助産院,もも助産院,100,自治体連携等の産後ケア掲載レコード,14899,1,0,1,14899,,09043524822,,,,missing_hidden_address_not_inferred,0,,0,0,1,
GCP-14900,母乳育児・健康相談室「つなぐ」,母乳育児健康相談室つなぐ,100,自治体連携等の産後ケア掲載レコード,14900,1,0,1,14900,,09043466770,,,,missing_hidden_address_not_inferred,0,,0,0,1,
GCP-14901,唐津市保健センター,唐津市保健センター,100,自治体連携等の産後ケア掲載レコード,14901,1,0,1,14901,唐津市二タ子１丁目５－１,0955755161,33.4562521,129.9571223,birth_navi,birth_navi_not_crosschecked,0,0.0,0,0,1,
GCP-14902,NPO法人きゃんどるハート,npo法人きゃんどるハート,100,自治体連携等の産後ケア掲載レコード,14902,1,0,1,14902,"三養基郡みやき町白壁2470-2
四季彩の丘みやき",0942801023,33.337386,130.4782806,birth_navi,birth_navi_not_crosschecked,0,0.0,0,0,1,
GCP-14903,佐賀県助産師会,佐賀県助産師会,100,自治体連携等の産後ケア掲載レコード,14903,1,0,1,14903,,,,,,missing_hidden_address_not_inferred,0,,0,0,1,
GCP-14904,鹿島市保健センター,鹿島市保健センター,100,自治体連携等の産後ケア掲載レコード,14904,1,0,1,14904,佐賀県鹿島市大字納富分2700-1番地,0954680300,33.1054674,130.0989103,birth_navi,birth_navi_not_crosschecked,0,0.0,0,0,1,
GCP-14905,吉野ヶ里町東脊振健康福祉センターきらら館,吉野ヶ里町東脊振健康福祉センターきらら館,100,自治体連携等の産後ケア掲載レコード,14905,1,0,1,14905,吉野ヶ里町三津775番地,0952511618,33.352495,130.3979368,birth_navi,birth_navi_not_crosschecked,0,0.0,0,0,1,
GCP-14906,佐賀県助産師会,佐賀県助産師会,100,自治体連携等の産後ケア掲載レコード,14906,1,0,1,14906,,,,,,missing_hidden_address_not_inferred,0,,0,0,1,
GCP-14908,東島レディースクリニック,東島レディースクリニック,100,自治体連携等の産後ケア掲載レコード,14908,1,0,1,14908,佐世保市大宮町17-13,0956315756,33.1583163,129.7397173,birth_navi,birth_navi_not_crosschecked,0,0.0,0,0,1,
GCP-14909,こすもす助産所,こすもす助産所,100,自治体連携等の産後ケア掲載レコード,14909,1,0,1,14909,佐世保市黒髪町6515-25,0956345039,33.1671213,129.7774454,birth_navi,birth_navi_not_crosschecked,0,0.0,0,0,1,
GCP-14910,ママと赤ちゃんの家　からこ,ママと赤ちゃんの家からこ,100,自治体連携等の産後ケア掲載レコード,14910,1,0,1,14910,佐世保市陣の内町494-6,09097937845,33.1431698,129.7918909,birth_navi,birth_navi_not_crosschecked,0,0.0,0,0,1,
GCP-14911,空からのたね助産院,空からのたね助産院,100,自治体連携等の産後ケア掲載レコード,14911,1,0,1,14911,佐世保市船越町1275番地,07047294745,33.1441464,129.6966324,birth_navi,birth_navi_not_crosschecked,0,0.0,0,0,1,
GCP-14912,YURURI,yururi,100,自治体連携等の産後ケア掲載レコード,14912,1,0,1,14912,佐世保市大黒町11-30,08017865082,33.1554574,129.7332197,birth_navi,birth_navi_not_crosschecked,0,0.0,0,0,1,
GCP-14913,ままのね助産院,ままのね助産院,100,自治体連携等の産後ケア掲載レコード,14913,1,0,1,14913,佐世保市大潟町580-1,08026911585,33.1686747,129.6378376,birth_navi,birth_navi_not_crosschecked,0,0.0,0,0,1,
GCP-14914,出張助産師　高野忍,出張助産師高野忍,100,自治体連携等の産後ケア掲載レコード,14914,2,0,2,14914;15754,佐世保市瀬戸越4丁目1388-47,08027747145,33.2026252,129.7225438,birth_navi,birth_navi_not_crosschecked,0,0.0,0,0,1,
GCP-14915,ひととなり助産院,ひととなり助産院,100,自治体連携等の産後ケア掲載レコード,14915,1,0,1,14915,佐世保市瀬戸越2丁目14-12,09049991855,33.2091268,129.7321858,birth_navi,birth_navi_not_crosschecked,0,0.0,0,0,1,
GCP-14916,出張専門助産師　伊東孝子,出張専門助産師伊東孝子,100,自治体連携等の産後ケア掲載レコード,14916,1,0,1,14916,平戸市戸石川町671-4,09074536263,33.3605967,129.5442597,birth_navi,birth_navi_not_crosschecked,0,0.0,0,0,1,
GCP-14917,はなさんば助産院,はなさんば助産院,100,自治体連携等の産後ケア掲載レコード,14917,2,0,2,14917;15755,佐世保市もみじが丘町29-7,08070352373,33.1619563,129.7786328,birth_navi,birth_navi_not_crosschecked,0,0.0,0,0,1,
GCP-14907,長崎県助産師会,長崎県助産師会,100,自治体連携等の産後ケア掲載レコード,14918,2,0,2,14907;14918,長崎市坂本町1-7-1,,32.7687816,129.8711608,birth_navi,birth_navi_not_crosschecked,0,0.0,0,0,1,
GCP-14920,なお助産院,なお助産院,100,自治体連携等の産後ケア掲載レコード,14920,1,0,1,14920,諫早市泉町15-17,08017950817,32.8478676,130.0557835,birth_navi,birth_navi_not_crosschecked,0,0.0,0,0,1,
GCP-14921,たんぽぽ助産院,たんぽぽ助産院,100,自治体連携等の産後ケア掲載レコード,14921,1,0,1,14921,諫早市貝津町1661-5,08064721181,32.8367636,130.0129849,birth_navi,birth_navi_not_crosschecked,0,0.0,0,0,1,
GCP-14922,憩いの助産院,憩いの助産院,100,自治体連携等の産後ケア掲載レコード,14922,1,0,1,14922,諫早市平山町957,08095500094,32.8136361,130.0407677,birth_navi,birth_navi_not_crosschecked,0,0.0,0,0,1,
GCP-14923,大村中央産婦人科,大村中央産婦人科,100,自治体連携等の産後ケア掲載レコード,14923,1,0,1,14923,大村市水主町２丁目609-1,0957523850,32.9094627,129.9576573,birth_navi,birth_navi_not_crosschecked,0,0.0,0,0,1,
GCP-14924,助産師　山川　むつ子,助産師山川むつ子,100,自治体連携等の産後ケア掲載レコード,14924,1,0,1,14924,平戸市鮎川町257,09087632340,33.2224081,129.423675,birth_navi,birth_navi_not_crosschecked,0,0.0,0,0,1,
GCP-14925,助産師　津田 ふじ子,助産師津田ふじ子,100,自治体連携等の産後ケア掲載レコード,14925,1,0,1,14925,松浦市今福町滑栄免479番地,09050298884,33.3420372,129.791464,birth_navi,birth_navi_not_crosschecked,0,0.0,0,0,1,
GCP-14926,五島市こども未来課,五島市こども未来課,100,自治体連携等の産後ケア掲載レコード,14926,1,0,1,14926,長崎県五島市三尾野一丁目7番1号,0959745831,32.6912782,128.8378272,birth_navi,birth_navi_not_crosschecked,0,0.0,0,0,1,
GCP-14927,あっぷるぱい母乳育児相談所,あっぷるぱい母乳育児相談所,100,自治体連携等の産後ケア掲載レコード,14927,2,0,2,14927;15759,長崎県五島市下崎山町31,09057223880,32.6535983,128.8785873,birth_navi,birth_navi_crosschecked_mhlw_within_100m,0,0.0,0,0,1,424bgo0001
GCP-14928,ひまわり母乳育児相談室,ひまわり母乳育児相談室,100,自治体連携等の産後ケア掲載レコード,14928,1,0,1,14928,西彼杵郡時津町西時津75番地25,,32.8329942,129.8623781,birth_navi,birth_navi_not_crosschecked,0,0.0,0,0,1,
GCP-14930,ママと赤ちゃんの相談室ながの,ママと赤ちゃんの相談室ながの,100,自治体連携等の産後ケア掲載レコード,14930,3,0,3,14930;14940;15404,西彼杵郡長与町三根郷54-198,0958838355,32.8177805,129.892783,birth_navi,birth_navi_not_crosschecked,0,0.0,0,0,1,
GCP-14931,助産院　日々,助産院日々,100,自治体連携等の産後ケア掲載レコード,14931,2,0,2,14931;14944,西彼杵郡長与町丸田郷1093-14,09073814230,32.822319,129.8803604,birth_navi,birth_navi_not_crosschecked,0,0.0,0,0,1,
GCP-14932,福田母乳育児相談室,福田母乳育児相談室,100,自治体連携等の産後ケア掲載レコード,14932,1,0,1,14932,長崎市魚の町7-3　サンガーデン眼鏡橋1001,09049816178,32.7479889,129.879717,birth_navi,birth_navi_not_crosschecked,0,0.0,0,0,1,
GCP-14933,レインボーさんばハウス,レインボーさんばハウス,100,自治体連携等の産後ケア掲載レコード,14933,1,0,1,14933,南島原市西有家町須川1669番地2 ｺｰﾎﾟK101,09083945533,32.6595217,130.291938,birth_navi,birth_navi_not_crosschecked,0,0.0,0,0,1,
GCP-14934,さとう助産院,さとう助産院,100,自治体連携等の産後ケア掲載レコード,14934,1,0,1,14934,雲仙市吾妻町永中名808-1,09050234618,32.8325919,130.1787538,birth_navi,birth_navi_not_crosschecked,0,0.0,0,0,1,
GCP-14935,うおのまち助産院,うおのまち助産院,100,自治体連携等の産後ケア掲載レコード,14935,1,0,1,14935,長崎市魚の町2-18-110,07092928313,32.7483961,129.8791104,birth_navi,birth_navi_not_crosschecked,0,0.0,0,0,1,
GCP-14936,りんごの里助産院,りんごの里助産院,100,自治体連携等の産後ケア掲載レコード,14936,1,0,1,14936,長崎市蚊焼町2984,08037620725,32.6506678,129.8156301,birth_navi,birth_navi_not_crosschecked,0,0.0,0,0,1,
GCP-14937,MAMA YELL,mamayell,100,自治体連携等の産後ケア掲載レコード,14937,2,0,2,14937;14943,長崎市城栄町24-02,08044486513,32.7760347,129.8575702,birth_navi,birth_navi_not_crosschecked,0,65.4,0,0,1,
GCP-14938,あきしま助産院,あきしま助産院,100,自治体連携等の産後ケア掲載レコード,14938,2,0,2,14938;14941,長崎市新大工町3-17　中村ビル2階,09049991071,32.7524564,129.8855876,birth_navi,birth_navi_not_crosschecked,0,0.0,0,0,1,
GCP-14939,秋助産所,秋助産所,100,自治体連携等の産後ケア掲載レコード,14939,1,0,1,14939,長崎市葉山2丁目10-7,09046335248,32.8025768,129.8463882,birth_navi,birth_navi_not_crosschecked,0,0.0,0,0,1,
GCP-14942,産後ケアのｺｰﾗﾙ,産後ケアのコーラル,100,自治体連携等の産後ケア掲載レコード,14942,1,0,1,14942,長崎県長崎市鳴見台1-17-15,,32.8182896,129.8062892,birth_navi,birth_navi_not_crosschecked,0,0.0,0,0,1,
GCP-14945,上五島病院,上五島病院,100,自治体連携等の産後ケア掲載レコード,14945,1,0,1,14945,新上五島町青方郷1549-11,0959523000,32.9826301,129.0701847,birth_navi,birth_navi_not_crosschecked,0,0.0,0,0,1,
GCP-14946,新上五島町,新上五島町,100,自治体連携等の産後ケア掲載レコード,14946,1,0,1,14946,新上五島町青方郷1585-1,0959531133,32.9845153,129.0733867,birth_navi,birth_navi_not_crosschecked,0,0.0,0,0,1,
GCP-14947,マタニティハウス有限会社,マタニティハウス有限会社,100,自治体連携等の産後ケア掲載レコード,14947,1,0,1,14947,熊本市中央区黒髪7-679-7,0963383035,32.8206418,130.7405421,birth_navi,birth_navi_not_crosschecked,0,0.0,0,0,1,
GCP-14948,マタニティサロン・チアフル,マタニティサロンチアフル,100,自治体連携等の産後ケア掲載レコード,14948,1,0,1,14948,,09095871086,,,,missing_hidden_address_not_inferred,0,,0,0,1,
GCP-14949,母乳育児相談室　八木助産院,母乳育児相談室八木助産院,100,自治体連携等の産後ケア掲載レコード,14949,1,0,1,14949,熊本市中央区新町3丁目2-28,0963519348,32.8043525,130.6963591,birth_navi,birth_navi_not_crosschecked,0,0.0,0,0,1,
GCP-14950,熊本母と子の相談室－中央－,熊本母と子の相談室中央,100,自治体連携等の産後ケア掲載レコード,14950,1,0,1,14950,熊本市中央区新町1-7-7　エクセルシオール202,07083941317,32.8034438,130.6974317,birth_navi,birth_navi_not_crosschecked,0,0.0,0,0,1,
GCP-14951,よしなが助産院母乳育児相談室,よしなが助産院母乳育児相談室,100,自治体連携等の産後ケア掲載レコード,14951,1,0,1,14951,熊本市東区御領2丁目28-43,0963896795,32.8227241,130.762126,birth_navi,birth_navi_not_crosschecked,0,0.0,0,0,1,
GCP-14952,まりあ助産院,まりあ助産院,100,自治体連携等の産後ケア掲載レコード,14952,1,0,1,14952,,08085475836,,,,missing_hidden_address_not_inferred,0,,0,0,1,
GCP-14953,ままけあ,ままけあ,100,自治体連携等の産後ケア掲載レコード,14953,1,0,1,14953,熊本市東区八反田1丁目7-33,09049955568,32.8146156,130.7569666,birth_navi,birth_navi_not_crosschecked,0,0.0,0,0,1,
GCP-14954,はなみずき助産院,はなみずき助産院,100,自治体連携等の産後ケア掲載レコード,14954,1,0,1,14954,熊本市東区若葉5丁目19-13-2,08041396142,32.7710005,130.7641787,birth_navi,birth_navi_not_crosschecked,0,0.0,0,0,1,
GCP-14955,なぎのき助産院,なぎのき助産院,100,自治体連携等の産後ケア掲載レコード,14955,1,0,1,14955,熊本市東区鹿帰瀬町651-13,07041665765,32.8490498,130.7971738,birth_navi,birth_navi_not_crosschecked,0,0.0,0,0,1,
GCP-14956,つむぐ助産院,つむぐ助産院,100,自治体連携等の産後ケア掲載レコード,14956,1,0,1,14956,熊本市東区小山3-9-103,09083536729,32.8252551,130.7904736,birth_navi,birth_navi_not_crosschecked,0,0.0,0,0,1,
GCP-14957,助産院メルティングタッチ,助産院メルティングタッチ,100,自治体連携等の産後ケア掲載レコード,14957,1,0,1,14957,熊本市東区健軍1-15-30,09082803042,32.7868272,130.7493822,birth_navi,birth_navi_not_crosschecked,0,0.0,0,0,1,
GCP-14958,助産院となりのミットワイフ,助産院となりのミットワイフ,100,自治体連携等の産後ケア掲載レコード,14958,2,0,2,14958;15760,熊本市東区下南部2-15-11,0962846495,32.8261427,130.7575029,birth_navi,birth_navi_not_crosschecked,0,0.0,0,0,1,
GCP-14959,熊本市民病院,熊本市民病院,100,自治体連携等の産後ケア掲載レコード,14959,1,0,1,14959,熊本市東区東町4丁目1-60,0963651726,32.7875255,130.7637605,birth_navi,birth_navi_not_crosschecked,0,0.0,0,0,1,
GCP-14960,こでまり助産院,こでまり助産院,100,自治体連携等の産後ケア掲載レコード,14960,1,0,1,14960,熊本市東区新南部3丁目7-39,08039433340,32.8159954,130.7471772,birth_navi,birth_navi_not_crosschecked,0,0.0,0,0,1,
GCP-14961,うらさき檸檬助産院,うらさき檸檬助産院,100,自治体連携等の産後ケア掲載レコード,14961,1,0,1,14961,熊本市東区広木町10-20-B,0963641813,32.7737596,130.7551821,birth_navi,birth_navi_not_crosschecked,0,0.0,0,0,1,
GCP-14962,伊藤助産所,伊藤助産所,100,自治体連携等の産後ケア掲載レコード,14962,1,0,1,14962,熊本市東区山ノ内3-5-5　しろ訪問看護ステーション2階,09070024206,32.795432,130.768232,birth_navi,birth_navi_not_crosschecked,0,0.0,0,0,1,
GCP-14963,ゆるふわり．助産院,ゆるふわり助産院,100,自治体連携等の産後ケア掲載レコード,14963,1,0,1,14963,,08094179980,,,,missing_hidden_address_not_inferred,0,,0,0,1,
GCP-14964,かにさん助産院,かにさん助産院,100,自治体連携等の産後ケア掲載レコード,14964,1,0,1,14964,熊本市西区城山下代2丁目3-34,09095844485,32.7794022,130.6553659,birth_navi,birth_navi_not_crosschecked,0,0.0,0,0,1,
GCP-14965,古庄真奈美助産院,古庄真奈美助産院,100,自治体連携等の産後ケア掲載レコード,14965,1,0,1,14965,,08052146455,,,,missing_hidden_address_not_inferred,0,,0,0,1,
GCP-14966,なおえ助産院,なおえ助産院,100,自治体連携等の産後ケア掲載レコード,14966,2,0,2,14966;15006,熊本市南区出仲間6-6-65,09090733440,32.7735256,130.7158516,birth_navi,birth_navi_not_crosschecked,0,0.0,0,0,1,
GCP-14967,たなか助産院　りんごの輪,たなか助産院りんごの輪,100,自治体連携等の産後ケア掲載レコード,14967,1,0,1,14967,熊本市南区薄場1-14-6,07085672060,32.7671437,130.6780181,birth_navi,birth_navi_not_crosschecked,0,0.0,0,0,1,
GCP-14968,しおり助産院,しおり助産院,100,自治体連携等の産後ケア掲載レコード,14968,1,0,1,14968,熊本市南区城南町下宮地1109-4　ひばりニュータウン3号室,08015389628,32.7067004,130.7249881,birth_navi,birth_navi_not_crosschecked,0,0.0,0,0,1,
GCP-14969,お結び助産院,お結び助産院,100,自治体連携等の産後ケア掲載レコード,14969,1,0,1,14969,熊本市南区日吉1-7-26,09011918524,32.7602267,130.6873992,birth_navi,birth_navi_not_crosschecked,0,0.0,0,0,1,
GCP-14970,うちの産婦人科,うちの産婦人科,100,自治体連携等の産後ケア掲載レコード,14970,1,0,1,14970,熊本市南区八幡5丁目10-12,0962885566,32.7457339,130.6809867,birth_navi,birth_navi_not_crosschecked,0,0.0,0,0,1,
GCP-14971,mahiro助産院,mahiro助産院,100,自治体連携等の産後ケア掲載レコード,14971,2,0,2,14971;15003,熊本市北区鶴羽田1-8-27,09041363220,32.8557221,130.7235453,birth_navi,birth_navi_not_crosschecked,0,0.0,0,0,1,
GCP-14972,Baby　Smile,babysmile,100,自治体連携等の産後ケア掲載レコード,14972,1,0,1,14972,上益城郡益城町広崎925-7,09010848982,32.7822781,130.7901165,birth_navi,birth_navi_not_crosschecked,0,0.0,0,0,1,
GCP-14973,あき助産院,あき助産院,100,自治体連携等の産後ケア掲載レコード,14973,1,0,1,14973,,,,,,missing_hidden_address_not_inferred,0,,0,0,1,
GCP-14974,たけ助産院,たけ助産院,100,自治体連携等の産後ケア掲載レコード,14974,1,0,1,14974,宇城市不知火町御領799-3,09083579959,32.6528645,130.6725207,birth_navi,birth_navi_not_crosschecked,0,0.0,0,0,1,
GCP-14975,キヌ助産院,キヌ助産院,100,自治体連携等の産後ケア掲載レコード,14975,1,0,1,14975,宇城市松橋町松橋811-7,0964426525,32.6547309,130.6791991,birth_navi,birth_navi_not_crosschecked,0,0.0,0,0,1,
GCP-14976,母子整体・保健相談所「七つのパン」,母子整体保健相談所七つのパン,100,自治体連携等の産後ケア掲載レコード,14976,1,0,1,14976,合志市幾久富1758-379,0962005982,32.8656757,130.7798704,birth_navi,birth_navi_not_crosschecked,0,0.0,0,0,1,
GCP-14977,くまさんの助産所,くまさんの助産所,100,自治体連携等の産後ケア掲載レコード,14977,1,0,1,14977,合志市幾久富1656-29PEACEFUL first B,07089458708,32.8712066,130.7825674,birth_navi,birth_navi_not_crosschecked,0,0.0,0,0,1,
GCP-14978,未来助産院,未来助産院,100,自治体連携等の産後ケア掲載レコード,14978,1,0,1,14978,,09049932595,,,,missing_hidden_address_not_inferred,0,,0,0,1,
GCP-14980,ますだ母乳育児相談室助産院,ますだ母乳育児相談室助産院,100,自治体連携等の産後ケア掲載レコード,14980,1,0,1,14980,八代市豊原下町3426,0965338758,32.4876994,130.6204501,birth_navi,birth_navi_not_crosschecked,0,0.0,0,0,1,
GCP-14981,月助産院,月助産院,100,自治体連携等の産後ケア掲載レコード,14981,1,0,1,14981,,09095674429,,,,missing_hidden_address_not_inferred,0,,0,0,1,
GCP-14982,白ゆり母乳専門相談室　村上助産院,白ゆり母乳専門相談室村上助産院,100,自治体連携等の産後ケア掲載レコード,14982,1,0,1,14982,荒尾市荒尾771,0968623483,32.985459,130.4316018,birth_navi,birth_navi_not_crosschecked,0,0.0,0,0,1,
GCP-14983,みゆき助産院,みゆき助産院,100,自治体連携等の産後ケア掲載レコード,14983,1,0,1,14983,,09036672573,,,,missing_hidden_address_not_inferred,0,,0,0,1,
GCP-14984,ほしぞら助産院,ほしぞら助産院,100,自治体連携等の産後ケア掲載レコード,14984,1,0,1,14984,,08081828590,,,,missing_hidden_address_not_inferred,0,,0,0,1,
GCP-14985,肥後ばあば助産院,肥後ばあば助産院,100,自治体連携等の産後ケア掲載レコード,14985,1,0,1,14985,熊本市南区出仲間3-7-35,07065863586,32.7699993,130.7109313,birth_navi,birth_navi_not_crosschecked,0,0.0,0,0,1,
GCP-14986,助産院　Beorc,助産院beorc,100,自治体連携等の産後ケア掲載レコード,14986,1,0,1,14986,,09062963477,,,,missing_hidden_address_not_inferred,0,,0,0,1,
GCP-14987,METIME,metime,100,自治体連携等の産後ケア掲載レコード,14987,1,0,1,14987,,08042713734,,,,missing_hidden_address_not_inferred,0,,0,0,1,
GCP-14988,family midwifeあいとわ,familymidwifeあいとわ,100,自治体連携等の産後ケア掲載レコード,14988,1,0,1,14988,,08017099835,,,,missing_hidden_address_not_inferred,0,,0,0,1,
GCP-14989,ちはら助産院,ちはら助産院,100,自治体連携等の産後ケア掲載レコード,14989,1,0,1,14989,,09057221659,,,,missing_hidden_address_not_inferred,0,,0,0,1,
GCP-14990,助産院furaha,助産院furaha,100,自治体連携等の産後ケア掲載レコード,14990,1,0,1,14990,,09053855549,,,,missing_hidden_address_not_inferred,0,,0,0,1,
GCP-14991,助産院－SHIRO－,助産院shiro,100,自治体連携等の産後ケア掲載レコード,14991,1,0,1,14991,,09053817657,,,,missing_hidden_address_not_inferred,0,,0,0,1,
GCP-14992,助産院イロドリMama&baby’s room,助産院イロドリmamababysroom,100,自治体連携等の産後ケア掲載レコード,14992,1,0,1,14992,,,,,,missing_hidden_address_not_inferred,0,,0,0,1,
GCP-14993,すずいろ助産院,すずいろ助産院,100,自治体連携等の産後ケア掲載レコード,14993,1,0,1,14993,,,,,,missing_hidden_address_not_inferred,0,,0,0,1,
GCP-14994,独立行政法人労働者健康安全機構　熊本労災病院,労働者健康安全機構熊本労災病院,100,自治体連携等の産後ケア掲載レコード,14994,1,0,1,14994,八代市竹原町1670,0965334151,32.517375,130.6265431,birth_navi,birth_navi_not_crosschecked,0,0.0,0,0,1,
GCP-14995,さとみ助産院,さとみ助産院,100,自治体連携等の産後ケア掲載レコード,14995,1,0,1,14995,八代市千丁町新牟田1409-12,09078558387,32.5365738,130.6331392,birth_navi,birth_navi_not_crosschecked,0,0.0,0,0,1,
GCP-14996,ヒロ助産院,ヒロ助産院,100,自治体連携等の産後ケア掲載レコード,14996,1,0,1,14996,八代市上日置町2300-5,09010852156,32.5105726,130.6255504,birth_navi,birth_navi_not_crosschecked,0,0.0,0,0,1,
GCP-14997,人吉さくら助産院,人吉さくら助産院,100,自治体連携等の産後ケア掲載レコード,14997,1,0,1,14997,人吉市願成寺町246-1,09049937354,32.2191583,130.7700334,birth_navi,birth_navi_not_crosschecked,0,0.0,0,0,1,
GCP-14998,助産院COCORO,助産院cocoro,100,自治体連携等の産後ケア掲載レコード,14998,1,0,1,14998,,,,,,missing_hidden_address_not_inferred,0,,0,0,1,
GCP-14999,つる助産院,つる助産院,100,自治体連携等の産後ケア掲載レコード,14999,1,0,1,14999,,,,,,missing_hidden_address_not_inferred,0,,0,0,1,
GCP-15000,あずさ助産院,あずさ助産院,100,自治体連携等の産後ケア掲載レコード,15000,1,0,1,15000,,,,,,missing_hidden_address_not_inferred,0,,0,0,1,
GCP-15001,はらぐち助産院,はらぐち助産院,100,自治体連携等の産後ケア掲載レコード,15001,1,0,1,15001,,,,,,missing_hidden_address_not_inferred,0,,0,0,1,
GCP-15002,lapausumaman（らぽーずままん）,lapausumamanらぽーずままん,100,自治体連携等の産後ケア掲載レコード,15002,1,0,1,15002,山鹿市鹿北町芋生4196-6,,33.0843609,130.6948672,birth_navi,birth_navi_not_crosschecked,0,0.0,0,0,1,
GCP-15004,桶谷式たなか母乳育児相談室,桶谷式たなか母乳育児相談室,100,自治体連携等の産後ケア掲載レコード,15004,1,0,1,15004,熊本県山鹿市方保田541-1,0968463852,32.9936327,130.7240155,birth_navi,birth_navi_not_crosschecked,0,0.0,0,0,1,
GCP-15005,こもれび助産院,こもれび助産院,100,自治体連携等の産後ケア掲載レコード,15005,1,0,1,15005,熊本県菊池郡大津町杉水2717,07023374596,32.9161234,130.8521831,birth_navi,birth_navi_not_crosschecked,0,0.0,0,0,1,
GCP-15007,family tree 喫茶子助産院,familytree喫茶子助産院,100,自治体連携等の産後ケア掲載レコード,15007,1,0,1,15007,菊陽町武蔵ヶ丘１-１２-３,,32.858903,130.7739463,birth_navi,birth_navi_not_crosschecked,0,0.0,0,0,1,
GCP-15008,上天草総合病院,上天草総合病院,100,自治体連携等の産後ケア掲載レコード,15008,1,0,1,15008,上天草市龍ヶ岳町高戸1419-19,0969621122,32.3936507,130.3917008,birth_navi,birth_navi_not_crosschecked,0,0.0,0,0,1,
GCP-15009,天草さくら助産院,天草さくら助産院,100,自治体連携等の産後ケア掲載レコード,15009,1,0,1,15009,天草市川原新町69,08017246205,32.452733,130.183048,birth_navi,birth_navi_not_crosschecked,0,0.0,0,0,1,
GCP-15010,熊本県助産師会,熊本県助産師会,100,自治体連携等の産後ケア掲載レコード,15010,1,0,1,15010,,,,,,missing_hidden_address_not_inferred,0,,0,0,1,
GCP-15011,ツバメ助産院,ツバメ助産院,100,自治体連携等の産後ケア掲載レコード,15011,1,0,1,15011,天草市亀場町食場801-12,07090256231,32.4344183,130.1819887,birth_navi,birth_navi_not_crosschecked,0,0.0,0,0,1,
GCP-15012,助産院る～さん,助産院るさん,100,自治体連携等の産後ケア掲載レコード,15012,1,0,1,15012,天草市志柿町6328,09019798162,32.4438903,130.2057089,birth_navi,birth_navi_not_crosschecked,0,0.0,0,0,1,
GCP-15013,くるみの里助産院,くるみの里助産院,100,自治体連携等の産後ケア掲載レコード,15013,1,0,1,15013,天草市天草町福連木2261-1-84,09052911450,32.4173442,130.0800001,birth_navi,birth_navi_not_crosschecked,0,0.0,0,0,1,
GCP-15016,下川産婦人科医院,下川産婦人科医院,100,自治体連携等の産後ケア掲載レコード,15016,1,0,1,15016,,,,,,missing_hidden_address_not_inferred,0,,0,0,0,
GCP-15018,村尾産婦人科クリニック,村尾産婦人科クリニック,100,自治体連携等の産後ケア掲載レコード,15018,1,0,1,15018,,,,,,missing_hidden_address_not_inferred,0,,0,0,1,
GCP-15020,南関町こども家庭センター,南関町こども家庭センター,100,自治体連携等の産後ケア掲載レコード,15020,1,0,1,15020,玉名郡南関町関町６４,0968578553,33.0597455,130.5439381,birth_navi,birth_navi_not_crosschecked,0,0.0,0,0,1,
GCP-15021,和水町保健センター,和水町保健センター,100,自治体連携等の産後ケア掲載レコード,15021,1,0,1,15021,和水町板楠76,0968865730,33.0651313,130.6216228,birth_navi,birth_navi_not_crosschecked,0,0.0,0,0,1,
GCP-15022,くまさんの助産所,くまさんの助産所,100,自治体連携等の産後ケア掲載レコード,15022,1,0,1,15022,熊本県合志市幾久富１６５６番地２９,07086458708,32.8714745,130.7852232,birth_navi,birth_navi_not_crosschecked,0,0.0,0,0,1,
GCP-15023,マミーズMORI,マミーズmori,100,自治体連携等の産後ケア掲載レコード,15023,1,0,1,15023,菊陽町光の森１丁目８番７号,08083645867,32.8581596,130.7771938,birth_navi,birth_navi_not_crosschecked,0,0.0,0,0,0,
GCP-15024,石井産婦人科,石井産婦人科,100,自治体連携等の産後ケア掲載レコード,15024,1,0,1,15024,日田市豆田町5番地１６,0973234153,33.3283292,130.9377174,birth_navi,birth_navi_not_crosschecked,0,0.0,0,0,1,
GCP-15027,慈恵病院,慈恵病院,100,自治体連携等の産後ケア掲載レコード,15027,1,0,1,15027,熊本市西区島崎６丁目１番２７号,0963556031,32.8111612,130.6888803,birth_navi,birth_navi_not_crosschecked,0,0.0,0,0,1,
GCP-14979,桶谷式たなか母乳育児相談室助産院,桶谷式たなか母乳育児相談室助産院,100,自治体連携等の産後ケア掲載レコード,15028,2,0,2,14979;15028,熊本県山鹿市方保田５４１番地１,08017846368,32.9936327,130.7240155,birth_navi,birth_navi_not_crosschecked,0,0.0,0,0,1,
GCP-15029,koga助産院,koga助産院,100,自治体連携等の産後ケア掲載レコード,15029,1,0,1,15029,熊本県上益城郡御船町上野1536,09068680323,32.7311734,130.8446449,birth_navi,birth_navi_not_crosschecked,0,0.0,0,0,1,
GCP-15030,おいとま助産院,おいとま助産院,100,自治体連携等の産後ケア掲載レコード,15030,1,0,1,15030,熊本市北区池田3-1-40　2F,09019211705,32.8345527,130.7091828,birth_navi,birth_navi_not_crosschecked,0,0.0,0,0,1,
GCP-15031,社会医療法人愛育会　まつばせレディースクリニック,社会愛育会まつばせレディースクリニック,100,自治体連携等の産後ケア掲載レコード,15031,1,0,1,15031,宇城市松橋町松橋689-1,0694340303,32.655181,130.6819832,birth_navi,birth_navi_not_crosschecked,0,0.0,0,0,1,
GCP-15032,助産院となりのミットワイフ,助産院となりのミットワイフ,100,自治体連携等の産後ケア掲載レコード,15032,1,0,1,15032,熊本市東区下南部3丁目2-100,09073977698,32.8197181,130.7549474,birth_navi,birth_navi_not_crosschecked,0,0.0,0,0,1,
GCP-15033,片岡レディスクリニック,片岡レディスクリニック,100,自治体連携等の産後ケア掲載レコード,15033,1,0,1,15033,八代市本町3-3-35,0964322344,32.5052869,130.5971175,birth_navi,birth_navi_not_crosschecked,0,0.0,0,0,1,
GCP-15034,助産院COCORO,助産院cocoro,100,自治体連携等の産後ケア掲載レコード,15034,1,0,1,15034,人吉市西間下町字一本杉166-6,,32.2005783,130.7551337,birth_navi,birth_navi_not_crosschecked,0,0.0,0,0,1,
GCP-15035,球磨郡医師会訪問看護ステーション,球磨郡医師会訪問看護ステーション,100,自治体連携等の産後ケア掲載レコード,15035,2,0,2,15035;15039,球磨郡多良木町多良木3051番地,0966426383,32.2560973,130.9293605,birth_navi,birth_navi_not_crosschecked,0,0.0,0,0,1,
GCP-15036,助産院COCORO,助産院cocoro,100,自治体連携等の産後ケア掲載レコード,15036,2,0,2,15036;15040,人吉市浪床町3250-73,,32.2011859,130.771177,birth_navi,birth_navi_not_crosschecked,0,0.0,0,0,1,
GCP-15037,球磨郡公立多良木病院企業団,球磨郡公立多良木病院企業団,100,自治体連携等の産後ケア掲載レコード,15037,1,0,1,15037,多良木町大字多良木4210,0966422560,32.2544811,130.926316,birth_navi,birth_navi_not_crosschecked,0,0.0,0,0,0,
GCP-15038,助産院COCORO,助産院cocoro,100,自治体連携等の産後ケア掲載レコード,15038,3,0,3,15038;15041;15042,熊本県人吉市西間下166-6,,32.2028563,130.7606707,birth_navi,birth_navi_not_crosschecked,0,0.0,0,0,1,
GCP-15043,球磨郡医師会,球磨郡医師会,100,自治体連携等の産後ケア掲載レコード,15043,1,0,1,15043,球磨郡多良木町多良木3051番地,,32.2560973,130.9293605,birth_navi,birth_navi_not_crosschecked,0,0.0,0,0,1,
GCP-15044,佐用助産所,佐用助産所,100,自治体連携等の産後ケア掲載レコード,15044,1,0,1,15044,大分市上戸次６８６,0975950244,33.1019458,131.6510232,birth_navi,birth_navi_not_crosschecked,0,0.0,0,0,1,
GCP-15045,ど－なつ助産院,どなつ助産院,100,自治体連携等の産後ケア掲載レコード,15045,1,0,1,15045,"大分市大字宮崎１５８６－５
 Lilashouse２階",09020831336,33.1894871,131.6057369,birth_navi,birth_navi_not_crosschecked,0,0.0,0,0,1,
GCP-15046,斎藤助産院,斎藤助産院,100,自治体連携等の産後ケア掲載レコード,15046,1,0,1,15046,大分市大字佐野4058番地,0975934273,33.2200245,131.7233124,birth_navi,birth_navi_not_crosschecked,0,0.0,0,0,1,
GCP-15047,渡部助産所,渡部助産所,100,自治体連携等の産後ケア掲載レコード,15047,1,0,1,15047,大分市緑が丘４丁目９ー９,0975421626,33.1843097,131.5268117,birth_navi,birth_navi_not_crosschecked,0,0.0,0,0,1,
GCP-15048,敷嶋助産所,敷嶋助産所,100,自治体連携等の産後ケア掲載レコード,15048,1,0,1,15048,大分市羽田,09043439701,,,,missing_unresolved,0,,0,0,1,
GCP-15049,室助産所,室助産所,100,自治体連携等の産後ケア掲載レコード,15049,1,0,1,15049,大分市季の坂,09073813175,,,,missing_unresolved,0,,0,0,1,
GCP-15050,なないろの虹助産院,なないろの虹助産院,100,自治体連携等の産後ケア掲載レコード,15050,1,0,1,15050,大分市舞鶴町,09053796902,,,,missing_unresolved,0,,0,0,1,
GCP-15051,ひきだ助産院　母乳と育児の相談室,ひきだ助産院母乳と育児の相談室,100,自治体連携等の産後ケア掲載レコード,15051,1,0,1,15051,大分市横尾東町,08042820054,,,,missing_unresolved,0,,0,0,1,
GCP-15052,かおる助産院,かおる助産院,100,自治体連携等の産後ケア掲載レコード,15052,1,0,1,15052,大分市木上,09028574103,,,,missing_unresolved,0,,0,0,1,
GCP-15053,サエラ助産院,サエラ助産院,100,自治体連携等の産後ケア掲載レコード,15053,1,0,1,15053,大分市けやき台,09030751730,,,,missing_unresolved,0,,0,0,1,
GCP-15054,詫摩助産院,詫摩助産院,100,自治体連携等の産後ケア掲載レコード,15054,1,0,1,15054,大分市大字志生木,09028548773,,,,missing_unresolved,0,,0,0,1,
GCP-15055,mom＆babysalon en,mombabysalonen,100,自治体連携等の産後ケア掲載レコード,15055,1,0,1,15055,大分市上田町,09045834852,,,,missing_unresolved,0,,0,0,1,
GCP-15056,ほのぼの助産院,ほのぼの助産院,100,自治体連携等の産後ケア掲載レコード,15056,1,0,1,15056,大分市寒田,09071667467,,,,missing_unresolved,0,,0,0,1,
GCP-15057,産前産後ケアNeRiNe,産前産後ケアnerine,100,自治体連携等の産後ケア掲載レコード,15057,1,0,1,15057,大分市明野北,09050969499,,,,missing_unresolved,0,,0,0,1,
GCP-15058,(一社)大分県助産師会,一社大分県助産師会,100,自治体連携等の産後ケア掲載レコード,15058,3,0,3,15058;15075;15766,大分市羽屋３丁目２－１８,0977265231,33.214821,131.6033935,birth_navi,birth_navi_not_crosschecked,0,0.0,0,0,1,
GCP-15059,矢田こどもクリニック,矢田こどもクリニック,100,自治体連携等の産後ケア掲載レコード,15059,1,0,1,15059,別府市石垣東４-５-４,0977229557,33.2944346,131.4959441,birth_navi,birth_navi_not_crosschecked,0,0.0,0,0,1,
GCP-15060,おおのさんち,おおのさんち,100,自治体連携等の産後ケア掲載レコード,15060,1,0,1,15060,別府市火売8-2,08018356082,33.3126468,131.4727651,birth_navi,birth_navi_not_crosschecked,0,0.0,0,0,1,
GCP-15061,123（ひふみ）助産院,123ひふみ助産院,100,自治体連携等の産後ケア掲載レコード,15061,1,0,1,15061,別府市光町,07024156581,,,,missing_unresolved,0,,0,0,1,
GCP-15062,助産所宙SORA,助産所宙sora,100,自治体連携等の産後ケア掲載レコード,15062,1,0,1,15062,臼杵市大字江無田,09074731797,,,,missing_unresolved,0,,0,0,1,
GCP-15063,吉田助産所,吉田助産所,100,自治体連携等の産後ケア掲載レコード,15063,1,0,1,15063,臼杵市南海添,09045839195,,,,missing_unresolved,0,,0,0,1,
GCP-15064,母乳・育児相談とまり木,母乳育児相談とまり木,100,自治体連携等の産後ケア掲載レコード,15064,1,0,1,15064,臼杵市野津町,09098106834,,,,missing_unresolved,0,,0,0,1,
GCP-15065,助産院おまめのおうち,助産院おまめのおうち,100,自治体連携等の産後ケア掲載レコード,15065,1,0,1,15065,由布市湯布院町川南,08056097063,,,,missing_unresolved,0,,0,0,1,
GCP-15066,わたなべ助産院,わたなべ助産院,100,自治体連携等の産後ケア掲載レコード,15066,1,0,1,15066,佐伯市大字長良３６５ー１,0972229955,32.9305135,131.8743729,birth_navi,birth_navi_not_crosschecked,0,0.0,0,0,1,
GCP-15067,あんね助産院,あんね助産院,100,自治体連携等の産後ケア掲載レコード,15067,1,0,1,15067,竹田市大字竹田1874,09034519198,32.9700162,131.3920626,birth_navi,birth_navi_not_crosschecked,0,0.0,0,0,1,
GCP-15068,みよしクリニック,みよしクリニック,100,自治体連携等の産後ケア掲載レコード,15068,1,0,1,15068,日田市三芳小渕町１２１番地,0973241515,33.3032713,130.9482594,birth_navi,birth_navi_not_crosschecked,0,0.0,0,0,1,
GCP-15069,といろ助産院,といろ助産院,100,自治体連携等の産後ケア掲載レコード,15069,1,0,1,15069,玖珠町大字塚脇,09025018145,,,,missing_unresolved,0,,0,0,1,
GCP-15070,すくすく増田助産所,すくすく増田助産所,100,自治体連携等の産後ケア掲載レコード,15070,2,0,2,15070;15723,中津市大字今津３５６－３,0979323362,33.5783016,131.2612869,birth_navi,birth_navi_not_crosschecked,0,0.0,0,0,1,
GCP-15071,母の家,母の家,100,自治体連携等の産後ケア掲載レコード,15071,1,0,1,15071,宇佐市上拝田４７５,0978259888,33.4992054,131.3236741,birth_navi,birth_navi_not_crosschecked,0,0.0,0,0,1,
GCP-15072,あそしま・愛ママサポートルーム,あそしま愛ママサポートルーム,100,自治体連携等の産後ケア掲載レコード,15072,1,0,1,15072,"①宇佐市院内町田所７００－１
②宇佐市大字上矢部６８７－３",09030739336,33.4999252,131.3755705,birth_navi,birth_navi_not_crosschecked,0,0.0,0,0,1,
GCP-15073,堂本助産所,堂本助産所,100,自治体連携等の産後ケア掲載レコード,15073,1,0,1,15073,中津市大字宮夫,09084066727,,,,missing_unresolved,0,,0,0,1,
GCP-15074,となりのおばちゃん田原助産所,となりのおばちゃん田原助産所,100,自治体連携等の産後ケア掲載レコード,15074,1,0,1,15074,中津市下宮永,08039442980,,,,missing_unresolved,0,,0,0,1,
GCP-15076,Family Care House とも,familycarehouseとも,100,自治体連携等の産後ケア掲載レコード,15076,1,0,1,15076,宮崎県宮崎市神宮1丁目２３５,09036620086,31.9321617,131.4213565,birth_navi,birth_navi_not_crosschecked,0,0.0,0,0,1,
GCP-15077,母と子の家　藤田助産院,母と子の家藤田助産院,100,自治体連携等の産後ケア掲載レコード,15077,1,0,1,15077,宮崎市広原780ー2,09044870197,31.9985563,131.4400884,birth_navi,birth_navi_not_crosschecked,0,0.0,0,0,1,
GCP-15078,助産院わがや,助産院わがや,100,自治体連携等の産後ケア掲載レコード,15078,1,0,1,15078,宮崎県宮崎市佐土原町下那珂791番地5,0570087513,32.005539,131.477703,mhlw_iryou_information_net_manual_confirmation,manual_confirmed_mhlw_iryou_information_net,0,0.0,0,0,1,4544453102080
GCP-15079,もあな助産院,もあな助産院,100,自治体連携等の産後ケア掲載レコード,15079,1,0,1,15079,,09059280393,,,,missing_hidden_address_not_inferred,0,,0,0,1,
GCP-15080,はれはれ助産院,はれはれ助産院,100,自治体連携等の産後ケア掲載レコード,15080,1,0,1,15080,宮崎市新城町21　第二新城荘101,08052570232,31.9252704,131.4406779,birth_navi,birth_navi_not_crosschecked,0,0.0,0,0,1,
GCP-15081,いずみ助産院,いずみ助産院,100,自治体連携等の産後ケア掲載レコード,15081,1,0,1,15081,宮崎市波島一丁目1番71－1号,09094040362,31.9416655,131.4457862,birth_navi,birth_navi_not_crosschecked,0,0.0,0,0,1,
GCP-15082,きら助産院,きら助産院,100,自治体連携等の産後ケア掲載レコード,15082,2,0,2,15082;15100,宮崎市佐土原町上田島1144‐36,09073853370,32.043428,131.4251764,birth_navi,birth_navi_not_crosschecked,0,0.0,0,0,1,
GCP-15083,助産院だいだい,助産院だいだい,100,自治体連携等の産後ケア掲載レコード,15083,1,0,1,15083,,08011706759,,,,missing_hidden_address_not_inferred,0,,0,0,1,
GCP-15084,森有希,森有希,100,自治体連携等の産後ケア掲載レコード,15084,1,0,1,15084,宮崎市神宮1丁目235,08064038900,31.9321617,131.4213565,birth_navi,birth_navi_not_crosschecked,0,0.0,0,0,1,
GCP-15085,黒木　亜紀子,黒木亜紀子,100,自治体連携等の産後ケア掲載レコード,15085,1,0,1,15085,宮崎市清水,09080026371,,,,missing_unresolved,0,,0,0,1,
GCP-15086,"末藤沙季
（ママ＆ベビーマッサージhugmam*)",末藤沙季ママベビーマッサージhugmam,100,自治体連携等の産後ケア掲載レコード,15086,1,0,1,15086,宮崎県宮崎市吉村町江田原甲310－30,09086637319,31.9284964,131.4455933,birth_navi,birth_navi_not_crosschecked,0,0.0,0,0,1,
GCP-15088,一般社団法人日本いのち心アカデミー協会　Mama’s　wing,日本いのち心アカデミー協会mamaswing,100,自治体連携等の産後ケア掲載レコード,15088,1,0,1,15088,延岡市沖田町2637‐20,08039900723,32.5490842,131.6668698,birth_navi,birth_navi_not_crosschecked,0,0.0,0,0,0,
GCP-15089,おざき母乳育児相談室,おざき母乳育児相談室,100,自治体連携等の産後ケア掲載レコード,15089,1,0,1,15089,延岡市柳沢町1丁目4-6プロスペリテマンション403号,09010828633,32.5797135,131.6673766,birth_navi,birth_navi_not_crosschecked,0,0.0,0,0,1,
GCP-15090,ゆかり助産院,ゆかり助産院,100,自治体連携等の産後ケア掲載レコード,15090,1,0,1,15090,日向市大字財光寺4026番地8,,32.4061124,131.6236149,birth_navi,birth_navi_not_crosschecked,0,0.0,0,0,1,
GCP-15091,産婦人科　たなかクリニック,産婦人科たなかクリニック,100,自治体連携等の産後ケア掲載レコード,15091,1,0,1,15091,宮崎県日南市園田1丁目1-5,0987231551,31.5897903,131.3987535,birth_navi,birth_navi_not_crosschecked,0,0.0,0,0,1,
GCP-15092,小林市　こども家庭センター,小林市こども家庭センター,100,自治体連携等の産後ケア掲載レコード,15092,1,0,1,15092,小林市真方89-1,0984234319,31.9973205,130.9773398,birth_navi,birth_navi_not_crosschecked,0,0.0,0,0,1,
GCP-15094,助産院わがや,助産院わがや,100,自治体連携等の産後ケア掲載レコード,15094,1,0,1,15094,宮崎市佐土原町下那珂791-5,0985827513,32.0288873,131.4299607,birth_navi,birth_navi_not_crosschecked,0,0.0,0,0,1,
GCP-15095,にこにこおっぱいハウス,にこにこおっぱいハウス,100,自治体連携等の産後ケア掲載レコード,15095,1,0,1,15095,,,,,,missing_hidden_address_not_inferred,0,,0,0,1,
GCP-15096,宮崎県助産師会,宮崎県助産師会,100,自治体連携等の産後ケア掲載レコード,15096,1,0,1,15096,宮崎市月見ヶ丘7丁目14-2　101号室,0985661294,31.8779097,131.413132,birth_navi,birth_navi_not_crosschecked,0,0.0,0,0,1,
GCP-15097,こと莉助産医院,こと莉助産医院,100,自治体連携等の産後ケア掲載レコード,15097,1,0,1,15097,国富町大字本庄８６２番地,09059482287,31.9912105,131.3520453,birth_navi,birth_navi_not_crosschecked,0,0.0,0,0,1,
GCP-15098,高鍋町健康づくりセンター,高鍋町健康づくりセンター,100,自治体連携等の産後ケア掲載レコード,15098,1,0,1,15098,児湯郡高鍋町大字北高鍋5139番地,0983232323,32.13032,131.5059272,birth_navi,birth_navi_not_crosschecked,0,0.0,0,0,1,
GCP-15099,新富町役場,新富町役場,100,自治体連携等の産後ケア掲載レコード,15099,1,0,1,15099,新富町大字上富田7491番地,0983336059,32.068974,131.4879802,birth_navi,birth_navi_not_crosschecked,0,0.0,0,0,1,
GCP-15101,都農町健康管理センター,都農町健康管理センター,100,自治体連携等の産後ケア掲載レコード,15101,1,0,1,15101,都農町大字川北5164,0983251008,32.2601627,131.5550093,birth_navi,birth_navi_not_crosschecked,0,0.0,0,0,1,
GCP-15093,ｍｏｍｏ助産院,momo助産院,100,自治体連携等の産後ケア掲載レコード,15102,2,0,2,15093;15102,日向市亀崎東４丁目２６番地,0982669700,32.4378192,131.6394428,birth_navi,birth_navi_not_crosschecked,0,0.0,0,0,1,
GCP-15103,つむぐ助産院,つむぐ助産院,100,自治体連携等の産後ケア掲載レコード,15103,1,0,1,15103,鹿児島市伊敷台7丁目12-3,09016782648,31.6275401,130.5480036,birth_navi,birth_navi_not_crosschecked,0,0.0,0,0,1,
GCP-15104,マミイクリニック伊集院,マミイクリニック伊集院,100,自治体連携等の産後ケア掲載レコード,15104,1,0,1,15104,鹿児島市中山町2587,0992635504,31.5445155,130.5060005,birth_navi,birth_navi_not_crosschecked,0,0.0,0,0,1,
GCP-15105,Aroma助産院まどか,aroma助産院まどか,100,自治体連携等の産後ケア掲載レコード,15105,2,0,2,15105;15133,鹿児島市紫原6丁目20-22,09063390492,31.5634066,130.5323514,birth_navi,birth_navi_not_crosschecked,0,0.0,0,0,1,
GCP-15106,産後ケアハウスみつおHOUSE,産後ケアハウスみつおhouse,100,自治体連携等の産後ケア掲載レコード,15106,1,0,1,15106,霧島市隼人町見次1306-1,0995558782,31.7436054,130.7448834,birth_navi,birth_navi_not_crosschecked,0,0.0,0,0,1,
GCP-15107,鹿屋市こども家庭課,鹿屋市こども家庭課,100,自治体連携等の産後ケア掲載レコード,15107,1,0,1,15107,鹿屋市共栄町20-1,0994311132,31.378242,130.8522826,birth_navi,birth_navi_not_crosschecked,0,0.0,0,0,1,
GCP-15108,はるちゃん助産院,はるちゃん助産院,100,自治体連携等の産後ケア掲載レコード,15108,1,0,1,15108,鹿児島市西谷山４丁目1-2えとわーる103号,09067789904,31.5260351,130.5042041,birth_navi,birth_navi_not_crosschecked,0,0.0,0,0,1,
GCP-15109,Midwifery助産院　Umi,midwifery助産院umi,100,自治体連携等の産後ケア掲載レコード,15109,1,0,1,15109,阿久根市波留627-6,08052561103,32.0213921,130.1977501,birth_navi,birth_navi_not_crosschecked,0,0.0,0,0,1,
GCP-15110,助産院　ぴりか,助産院ぴりか,100,自治体連携等の産後ケア掲載レコード,15110,1,0,1,15110,阿久根市波留2953,09011996056,32.0069602,130.2097097,birth_navi,birth_navi_not_crosschecked,0,0.0,0,0,1,
GCP-15111,さんＳＵＮ助産院,さんsun助産院,100,自治体連携等の産後ケア掲載レコード,15111,1,0,1,15111,出水市福ノ江町507-3,0996793342,32.1008869,130.3215489,birth_navi,birth_navi_not_crosschecked,0,0.0,0,0,1,
GCP-15112,まんま助産院,まんま助産院,100,自治体連携等の産後ケア掲載レコード,15112,1,0,1,15112,出水郡長島町鷹巣2890-1,09033200081,32.2107723,130.1719056,birth_navi,birth_navi_not_crosschecked,0,0.0,0,0,1,
GCP-15113,馬見新助産院,馬見新助産院,100,自治体連携等の産後ケア掲載レコード,15113,1,0,1,15113,出水市高尾野町下高尾野１０５８－３,09057215779,32.0615117,130.2878026,birth_navi,birth_navi_not_crosschecked,0,0.0,0,0,1,
GCP-15114,岩元助産院,岩元助産院,100,自治体連携等の産後ケア掲載レコード,15114,1,0,1,15114,出水市下鯖町１６９－２,09044733996,32.1152768,130.3455052,birth_navi,birth_navi_not_crosschecked,0,0.0,0,0,1,
GCP-15115,しらおがわ助産院　ママの家,しらおがわ助産院ママの家,100,自治体連携等の産後ケア掲載レコード,15115,1,0,1,15115,出水市上鯖渕７６,09033265760,32.0841654,130.3584165,birth_navi,birth_navi_not_crosschecked,0,0.0,0,0,1,
GCP-15116,助産院arkaya,助産院arkaya,100,自治体連携等の産後ケア掲載レコード,15116,1,0,1,15116,霧島市牧園町三体堂２３０６－１２７,09067665803,31.8661277,130.7779719,birth_navi,birth_navi_not_crosschecked,0,0.0,0,0,1,
GCP-15118,委託助産師,委託助産師,100,自治体連携等の産後ケア掲載レコード,15118,1,0,1,15118,,,,,,missing_hidden_address_not_inferred,0,,0,0,1,
GCP-15119,うみの陽助産院,うみの陽助産院,100,自治体連携等の産後ケア掲載レコード,15119,1,0,1,15119,西之表市西之表15255番地2,,30.7211491,130.987997,birth_navi,birth_navi_not_crosschecked,0,0.0,0,0,1,
GCP-15120,ゆうなみ助産院,ゆうなみ助産院,100,自治体連携等の産後ケア掲載レコード,15120,1,0,1,15120,,,,,,missing_hidden_address_not_inferred,0,,0,0,1,
GCP-15121,岩元助産院,岩元助産院,100,自治体連携等の産後ケア掲載レコード,15121,1,0,1,15121,薩摩川内市平佐,09086692573,,,,missing_unresolved,0,,0,0,1,
GCP-15122,るんるん助産院,るんるん助産院,100,自治体連携等の産後ケア掲載レコード,15122,1,0,1,15122,薩摩川内市平佐町,09050251656,,,,missing_unresolved,0,,0,0,1,
GCP-15123,たけのこ助産院,たけのこ助産院,100,自治体連携等の産後ケア掲載レコード,15123,1,0,1,15123,薩摩川内市城上町,09033221670,,,,missing_unresolved,0,,0,0,1,
GCP-15124,ふわり助産院,ふわり助産院,100,自治体連携等の産後ケア掲載レコード,15124,1,0,1,15124,薩摩川内市平佐町,09049969641,,,,missing_unresolved,0,,0,0,1,
GCP-15125,みーさん助産院,みーさん助産院,100,自治体連携等の産後ケア掲載レコード,15125,1,0,1,15125,薩摩川内市五代町79-8,09074715262,31.8226341,130.2830419,birth_navi,birth_navi_not_crosschecked,0,0.0,0,0,1,
GCP-15126,あいかな助産院,あいかな助産院,100,自治体連携等の産後ケア掲載レコード,15126,1,0,1,15126,薩摩川内市五代町,,,,,missing_unresolved,0,,0,0,1,
GCP-15127,「ママと赤ちゃんの相談室」ぽぽのゆりかご,ママと赤ちゃんの相談室ぽぽのゆりかご,100,自治体連携等の産後ケア掲載レコード,15127,1,0,1,15127,末吉町諏訪方8667番地1A棟,09029480383,31.6594591,131.0162038,birth_navi,birth_navi_not_crosschecked,0,0.0,0,0,1,
GCP-15128,詩音助産院,詩音助産院,100,自治体連携等の産後ケア掲載レコード,15128,1,0,1,15128,霧島市国分福島3丁目44-39-12,09097918051,31.7262122,130.7629025,birth_navi,birth_navi_not_crosschecked,0,0.0,0,0,1,
GCP-15129,助産院　ユズリハ,助産院ユズリハ,100,自治体連携等の産後ケア掲載レコード,15129,1,0,1,15129,霧島市国分上小川1440-4,08052511975,31.7262192,130.7726747,birth_navi,birth_navi_not_crosschecked,0,0.0,0,0,1,
GCP-15130,なごみ助産院,なごみ助産院,100,自治体連携等の産後ケア掲載レコード,15130,1,0,1,15130,霧島市溝辺町竹子1463,09079806643,31.8671145,130.6466692,birth_navi,birth_navi_not_crosschecked,0,0.0,0,0,1,
GCP-15131,Hare　Hale助産院,harehale助産院,100,自治体連携等の産後ケア掲載レコード,15131,1,0,1,15131,霧島市隼人町東郷913-2,,31.772847,130.7465997,birth_navi,birth_navi_not_crosschecked,0,0.0,0,0,1,
GCP-15132,"医療法人浩成会
産科・婦人科久米クリニック",浩成会産科婦人科久米クリニック,100,自治体連携等の産後ケア掲載レコード,15132,1,0,1,15132,いちき串木野市曙町25,0996327663,31.7212787,130.2719701,birth_navi,birth_navi_not_crosschecked,0,0.0,0,0,1,
GCP-15134,株式会社リニエR（リニエ訪問看護ステーション鹿児島）,株式会社リニエrリニエ訪問看護ステーション鹿児島,100,自治体連携等の産後ケア掲載レコード,15134,1,0,1,15134,"東京都千代田区神田小川町1-8-8
（鹿児島県鹿児島市谷山中央6丁目3-5）",0992975460,35.6950479,139.7654292,birth_navi,birth_navi_not_crosschecked,0,0.0,0,0,1,
GCP-15135,やどりぎ助産院　藤 真理子,やどりぎ助産院藤真理子,100,自治体連携等の産後ケア掲載レコード,15135,1,0,1,15135,鹿児島県奄美市名瀬大熊町31-8,0997538608,28.4056808,129.5245672,birth_navi,birth_navi_not_crosschecked,0,0.0,0,0,1,
GCP-15136,つながる助産院　川畑　保美,つながる助産院川畑保美,100,自治体連携等の産後ケア掲載レコード,15136,1,0,1,15136,鹿児島県奄美市名瀬仲勝町629-4,0997524845,28.3876061,129.5268567,birth_navi,birth_navi_not_crosschecked,0,0.0,0,0,1,
GCP-15137,在宅助産師　上野,在宅助産師上野,100,自治体連携等の産後ケア掲載レコード,15137,1,0,1,15137,,,,,,missing_hidden_address_not_inferred,0,,0,0,1,
GCP-15138,在宅助産師　石本,在宅助産師石本,100,自治体連携等の産後ケア掲載レコード,15138,1,0,1,15138,,,,,,missing_hidden_address_not_inferred,0,,0,0,1,
GCP-15139,在宅助産師　牛垣,在宅助産師牛垣,100,自治体連携等の産後ケア掲載レコード,15139,1,0,1,15139,,,,,,missing_hidden_address_not_inferred,0,,0,0,1,
GCP-15140,リニエ訪問看護ステーションあいら,リニエ訪問看護ステーションあいら,100,自治体連携等の産後ケア掲載レコード,15140,1,0,1,15140,姶良市加治木町本町119季一遊201号,0995737581,31.7364814,130.6658395,birth_navi,birth_navi_not_crosschecked,0,0.0,0,0,1,
GCP-15141,壽じょさん院,壽じょさん院,100,自治体連携等の産後ケア掲載レコード,15141,1,0,1,15141,姶良市松原町,08042704723,,,,missing_unresolved,0,,0,0,1,
GCP-15142,出張専門助産院 Mom Tomoni,出張専門助産院momtomoni,100,自治体連携等の産後ケア掲載レコード,15142,1,0,1,15142,鹿児島市,,,,,missing_unresolved,0,,0,0,0,
GCP-15143,宮之城出張助産所,宮之城出張助産所,100,自治体連携等の産後ケア掲載レコード,15143,1,0,1,15143,さつま町宮之城屋地887-1,0996248941,31.9014259,130.4522528,birth_navi,birth_navi_not_crosschecked,0,0.0,0,0,1,
GCP-15144,FUFU助産院,fufu助産院,100,自治体連携等の産後ケア掲載レコード,15144,1,0,1,15144,さつま町宮之城屋地,09074711360,,,,missing_unresolved,0,,0,0,1,
GCP-15145,済生会川内病院,済生会川内病院,100,自治体連携等の産後ケア掲載レコード,15145,1,0,1,15145,薩摩川内市原田町2-46,0996228960,31.8265615,130.3067539,birth_navi,birth_navi_not_crosschecked,0,0.0,0,0,1,
GCP-15146,助産師(個人),助産師個人,100,自治体連携等の産後ケア掲載レコード,15146,1,0,1,15146,,,,,,missing_hidden_address_not_inferred,0,,0,0,1,
GCP-15147,こども未来係（こども家庭センター）,こども未来係こども家庭センター,100,自治体連携等の産後ケア掲載レコード,15147,1,0,1,15147,中種子町野間5186,0997271111,30.5330023,130.9586806,birth_navi,birth_navi_not_crosschecked,0,0.0,0,0,1,
GCP-15148,屋久島町こども家庭センター結,屋久島町こども家庭センター結,100,自治体連携等の産後ケア掲載レコード,15148,1,0,1,15148,屋久島町小瀬田849番地20,0997435900,30.3902204,130.6511572,birth_navi,birth_navi_not_crosschecked,0,0.0,0,0,1,
GCP-15150,ひさの助産院,ひさの助産院,100,自治体連携等の産後ケア掲載レコード,15150,1,0,1,15150,,,,,,missing_hidden_address_not_inferred,0,,0,0,1,
GCP-15149,やどりぎ助産院,やどりぎ助産院,100,自治体連携等の産後ケア掲載レコード,15152,3,0,3,15149;15151;15152,奄美市名瀬大熊町31番8号,09057215220,28.4056808,129.5245672,birth_navi,birth_navi_not_crosschecked,0,0.0,0,0,1,
GCP-15153,つながる助産院,つながる助産院,100,自治体連携等の産後ケア掲載レコード,15153,1,0,1,15153,奄美市名瀬仲勝629-4,08027977957,28.3876061,129.5268567,birth_navi,birth_navi_not_crosschecked,0,0.0,0,0,1,
GCP-15154,喜界徳洲会病院,喜界徳洲会病院,100,自治体連携等の産後ケア掲載レコード,15154,1,0,1,15154,鹿児島県大島郡喜界町赤連105-5,0997651100,28.3151138,129.9433946,birth_navi,birth_navi_not_crosschecked,0,0.0,0,0,1,
GCP-15155,NPO法人親子ネットワークがじゅまるの家　助産院　ねんねがせ,npo法人親子ネットワークがじゅまるの家助産院ねんねがせ,100,自治体連携等の産後ケア掲載レコード,15155,1,0,1,15155,徳之島町亀津4223番地5,0997820660,27.7233463,129.005304,birth_navi,birth_navi_not_crosschecked,0,0.0,0,0,1,
GCP-15156,太陽とお花の助産院ランタナカマラ,太陽とお花の助産院ランタナカマラ,100,自治体連携等の産後ケア掲載レコード,15157,3,0,3,15156;15157;15158,天城町西阿木名438番地102,,27.764527,128.940713,birth_navi,birth_navi_not_crosschecked,0,0.0,0,0,1,
GCP-15159,助産院マグ　母乳育児相談室,助産院マグ母乳育児相談室,100,自治体連携等の産後ケア掲載レコード,15159,1,0,1,15159,与論町大字古里2313番地1,09049889674,27.0517374,128.4491524,birth_navi,birth_navi_not_crosschecked,0,0.0,0,0,1,
GCP-15160,安座間産婦人科,安座間産婦人科,100,自治体連携等の産後ケア掲載レコード,15160,1,0,1,15160,那覇市真嘉比1‐21‐17,0988843600,26.2218961,127.7004771,birth_navi,birth_navi_not_crosschecked,0,0.0,0,0,1,
GCP-15161,通所型産後ケア施設　Zerpplace,通所型産後ケア施設zerpplace,100,自治体連携等の産後ケア掲載レコード,15161,1,0,1,15161,浦添市当山2丁目5番6号２F,05017519354,26.251467,127.7382811,birth_navi,birth_navi_not_crosschecked,0,0.0,0,0,1,
GCP-15162,助産院＊きらきら,助産院きらきら,100,自治体連携等の産後ケア掲載レコード,15162,1,0,1,15162,首里桃原町1丁目20番,0989438265,26.2231203,127.7147085,birth_navi,birth_navi_not_crosschecked,0,0.0,0,0,1,
GCP-15163,かみや母と子のクリニック,かみや母と子のクリニック,100,自治体連携等の産後ケア掲載レコード,15163,1,0,1,15163,糸満市阿波根 1552-2,0989953511,26.1516144,127.6725273,birth_navi,birth_navi_not_crosschecked,0,0.0,0,0,1,
GCP-15164,助産院パピヨン,助産院パピヨン,100,自治体連携等の産後ケア掲載レコード,15164,1,0,1,15164,宜野湾市真栄原3-13-21,09019494113,26.2638772,127.7434276,birth_navi,birth_navi_not_crosschecked,0,0.0,0,0,1,
GCP-15165,イジュの花助産院,イジュの花助産院,100,自治体連携等の産後ケア掲載レコード,15165,1,0,1,15165,宜野湾市長田2-7-6-4,07084670542,26.2635829,127.7681761,birth_navi,birth_navi_not_crosschecked,0,0.0,0,0,1,
GCP-15166,助産院ちゅら,助産院ちゅら,100,自治体連携等の産後ケア掲載レコード,15166,1,0,1,15166,,,,,,missing_hidden_address_not_inferred,0,,0,0,1,
GCP-15167,海の音助産院,海の音助産院,100,自治体連携等の産後ケア掲載レコード,15167,3,0,3,15167;15188;15228,沖縄市山内3-13-6,08085700175,26.3276811,127.7829704,birth_navi,birth_navi_not_crosschecked,0,0.0,0,0,1,
GCP-15169,ばぁびぃ助産院,ばぁびぃ助産院,100,自治体連携等の産後ケア掲載レコード,15169,1,0,1,15169,,08053033503,,,,missing_hidden_address_not_inferred,0,,0,0,1,
GCP-15170,沖縄こころ助産院,沖縄こころ助産院,100,自治体連携等の産後ケア掲載レコード,15170,1,0,1,15170,北谷町桑江469-8　1F,08039031556,26.326102,127.7697548,birth_navi,birth_navi_not_crosschecked,0,0.0,0,0,1,
GCP-15171,Kaoko女性クリニック,kaoko女性クリニック,100,自治体連携等の産後ケア掲載レコード,15171,1,0,1,15171,浦添市経塚745-7-2階,0989889811,26.2352869,127.7255018,birth_navi,birth_navi_not_crosschecked,0,0.0,0,0,1,
GCP-15172,やんばる希望ヶ丘助産院,やんばる希望ヶ丘助産院,100,自治体連携等の産後ケア掲載レコード,15172,2,0,2,15172;15241,今帰仁村字兼次813-23,0980565549,26.6744146,127.939335,birth_navi,birth_navi_not_crosschecked,0,0.0,0,0,1,
GCP-15173,てのひら助産院,てのひら助産院,100,自治体連携等の産後ケア掲載レコード,15173,3,0,3,15173;15189;15220,読谷村座喜味283番地,09068998063,26.4061958,127.7417109,birth_navi,birth_navi_not_crosschecked,0,0.0,0,0,1,
GCP-15174,BAO,bao,100,自治体連携等の産後ケア掲載レコード,15174,1,0,1,15174,名護市為又1220-71,08064815491,26.6180053,127.9690239,birth_navi,birth_navi_not_crosschecked,0,0.0,0,0,1,
GCP-15176,助産院エスフール,助産院エスフール,100,自治体連携等の産後ケア掲載レコード,15176,1,0,1,15176,,07038013816,,,,missing_hidden_address_not_inferred,0,,0,0,1,
GCP-15177,とっくりきわた助産院,とっくりきわた助産院,100,自治体連携等の産後ケア掲載レコード,15177,2,0,2,15177;15216,,09082926519,,,,missing_hidden_address_not_inferred,0,,0,0,1,
GCP-15178,みちこ女性クリニック,みちこ女性クリニック,100,自治体連携等の産後ケア掲載レコード,15178,1,0,1,15178,名護市田井等774番地,0980438770,26.6164167,128.0107122,birth_navi,birth_navi_not_crosschecked,0,0.0,0,0,1,
GCP-15179,ことのは助産院,ことのは助産院,100,自治体連携等の産後ケア掲載レコード,15179,1,0,1,15179,宜野湾市真志喜5-2-29　１F,08017795520,26.2701535,127.7366595,birth_navi,birth_navi_not_crosschecked,0,0.0,0,0,1,
GCP-15180,みねた助産院,みねた助産院,100,自治体連携等の産後ケア掲載レコード,15180,3,0,3,15180;15214;15230,沖縄市,08034695476,,,,missing_unresolved,0,,0,0,1,
GCP-15181,助産院珊瑚,助産院珊瑚,100,自治体連携等の産後ケア掲載レコード,15181,1,0,1,15181,糸満市字糸満509,09019439511,26.1307875,127.6694724,birth_navi,birth_navi_not_crosschecked,0,0.0,0,0,1,
GCP-15182,たごもり助産院,たごもり助産院,100,自治体連携等の産後ケア掲載レコード,15182,1,0,1,15182,豊見城市字豊崎1-1184,08052866110,26.1557026,127.6598135,birth_navi,birth_navi_not_crosschecked,0,0.0,0,0,1,
GCP-15183,エナ・助産所,エナ助産所,100,自治体連携等の産後ケア掲載レコード,15183,1,0,1,15183,南風原町字津嘉山836-10（2階）,09013470341,26.1796268,127.7204126,birth_navi,birth_navi_not_crosschecked,0,0.0,0,0,1,
GCP-15184,ママケアハウス・さくら,ママケアハウスさくら,100,自治体連携等の産後ケア掲載レコード,15184,1,0,1,15184,与那原町上与那原207,09088295092,26.1970027,127.7510223,birth_navi,birth_navi_not_crosschecked,0,0.0,0,0,1,
GCP-15185,秋ちゃん助産院,秋ちゃん助産院,100,自治体連携等の産後ケア掲載レコード,15185,2,0,2,15185;15784,豊見城市豊見城1007-5　ローズマンション104,09043419589,26.1898777,127.6818258,birth_navi,birth_navi_not_crosschecked,0,0.0,0,0,1,
GCP-15186,沖縄県助産師会,沖縄県助産師会,100,自治体連携等の産後ケア掲載レコード,15186,1,0,1,15186,沖縄市中央4-15-12,0989391188,26.3426664,127.7995914,birth_navi,birth_navi_not_crosschecked,0,0.0,0,0,1,
GCP-15187,あゆず助産院,あゆず助産院,100,自治体連携等の産後ケア掲載レコード,15187,1,0,1,15187,沖縄市園田1-6-15,08042891248,26.3304264,127.7997237,birth_navi,birth_navi_not_crosschecked,0,0.0,0,0,1,
GCP-15190,あかり助産院,あかり助産院,100,自治体連携等の産後ケア掲載レコード,15190,2,0,2,15190;15217,うるま市石川曙3-9-7,09082932996,26.4166135,127.8240942,birth_navi,birth_navi_not_crosschecked,0,0.0,0,0,1,
GCP-15191,産前･産後ケア助産院PIKO,産前産後ケア助産院piko,100,自治体連携等の産後ケア掲載レコード,15191,1,0,1,15191,うるま市みどり町3-11-9,07083119150,26.3753856,127.8603322,birth_navi,birth_navi_not_crosschecked,0,0.0,0,0,1,
GCP-15192,コトノワ,コトノワ,100,自治体連携等の産後ケア掲載レコード,15192,1,0,1,15192,北中城村仲順275 T103,0989756557,26.2992912,127.8017082,birth_navi,birth_navi_not_crosschecked,0,0.0,0,0,1,
GCP-15193,エミリオット助産院,エミリオット助産院,100,自治体連携等の産後ケア掲載レコード,15193,1,0,1,15193,沖縄市与儀3-8,07013134529,26.3082042,127.814908,birth_navi,birth_navi_not_crosschecked,0,0.0,0,0,1,
GCP-15194,Anmmer,anmmer,100,自治体連携等の産後ケア掲載レコード,15194,1,0,1,15194,豊見城市字豊崎3-35 イーアス沖縄豊崎 3 階,05088807592,26.1577285,127.6509467,birth_navi,birth_navi_not_crosschecked,0,0.0,0,0,1,
GCP-15195,だんだん助産院　～OKINAWA～,だんだん助産院okinawa,100,自治体連携等の産後ケア掲載レコード,15195,1,0,1,15195,,09020151548,,,,missing_hidden_address_not_inferred,0,,0,0,1,
GCP-15196,くくる助産院,くくる助産院,100,自治体連携等の産後ケア掲載レコード,15196,1,0,1,15196,沖縄市登川１－１２－２２,09072904657,26.3690293,127.8204271,birth_navi,birth_navi_not_crosschecked,0,0.0,0,0,1,
GCP-15197,マヤテラス助産院,マヤテラス助産院,100,自治体連携等の産後ケア掲載レコード,15197,3,0,3,15197;15215;15221,読谷村字座喜味1652-1-B,09087685473,26.4006911,127.7410163,birth_navi,birth_navi_not_crosschecked,0,0.0,0,0,1,
GCP-15198,助産院ある,助産院ある,100,自治体連携等の産後ケア掲載レコード,15198,1,0,1,15198,うるま市川崎４７０－９,08041514189,26.381112,127.8399528,birth_navi,birth_navi_not_crosschecked,0,0.0,0,0,1,
GCP-15199,てんぷす助産院,てんぷす助産院,100,自治体連携等の産後ケア掲載レコード,15199,2,0,2,15199;15227,うるま市字田場973-1,09017146728,26.3684354,127.8631685,birth_navi,birth_navi_not_crosschecked,0,0.0,0,0,1,
GCP-15200,"医療法人彩の会　
やびく産婦人科・小児科",彩の会やびく産婦人科小児科,100,自治体連携等の産後ケア掲載レコード,15200,1,0,1,15200,沖縄県中頭郡北谷町字砂辺306番地,0989366793,26.3315337,127.7502303,birth_navi,birth_navi_not_crosschecked,0,0.0,0,0,1,
GCP-15201,TSUKINO助産院,tsukino助産院,100,自治体連携等の産後ケア掲載レコード,15201,1,0,1,15201,うるま市石川862-7,09095678811,26.4239836,127.8189724,birth_navi,birth_navi_not_crosschecked,0,0.0,0,0,1,
GCP-15202,LaLuna助産院,laluna助産院,100,自治体連携等の産後ケア掲載レコード,15202,1,0,1,15202,宮古島市平良字西里333,,24.7905733,125.3054672,birth_navi,birth_navi_not_crosschecked,0,0.0,0,0,1,
GCP-15203,だんだん助産院,だんだん助産院,100,自治体連携等の産後ケア掲載レコード,15203,1,0,1,15203,沖縄県宮古島市城辺字保良348-4,08051273871,24.7334316,125.4215246,birth_navi,birth_navi_not_crosschecked,0,0.0,0,0,1,
GCP-15204,hana助産院,hana助産院,100,自治体連携等の産後ケア掲載レコード,15204,1,0,1,15204,,,,,,missing_hidden_address_not_inferred,0,,0,0,1,
GCP-15205,母乳育児相談室 春,母乳育児相談室春,100,自治体連携等の産後ケア掲載レコード,15205,1,0,1,15205,南城市佐敷字新開1-226,09057401411,26.1758221,127.7758103,birth_navi,birth_navi_not_crosschecked,0,0.0,0,0,1,
GCP-15206,やんばる希望が丘助産院,やんばる希望が丘助産院,100,自治体連携等の産後ケア掲載レコード,15206,1,0,1,15206,今帰仁村,,,,,missing_unresolved,0,,0,0,1,
GCP-15207,BAO助産院,bao助産院,100,自治体連携等の産後ケア掲載レコード,15207,1,0,1,15207,名護市,,,,,missing_unresolved,0,,0,0,1,
GCP-15208,美ら海ハシイ産婦人科,美ら海ハシイ産婦人科,100,自治体連携等の産後ケア掲載レコード,15208,2,0,2,15208;15242,名護市,,,,,missing_unresolved,0,,0,0,1,
GCP-15209,母子未来センター,母子未来センター,100,自治体連携等の産後ケア掲載レコード,15209,1,0,1,15209,沖縄市,,,,,missing_unresolved,0,,0,0,1,
GCP-15211,エスフール,エスフール,100,自治体連携等の産後ケア掲載レコード,15211,1,0,1,15211,名護市,,,,,missing_unresolved,0,,0,0,1,
GCP-15212,BAO,bao,100,自治体連携等の産後ケア掲載レコード,15212,1,0,1,15212,名護市為又1220-71　１号館F区画,09019425170,26.6227533,127.9729805,birth_navi,birth_navi_not_crosschecked,0,0.0,0,0,1,
GCP-15213,訪問型助産院KOKUA,訪問型助産院kokua,100,自治体連携等の産後ケア掲載レコード,15213,1,0,1,15213,,09082938733,,,,missing_hidden_address_not_inferred,0,,0,0,1,
GCP-15175,七海助産院,七海助産院,100,自治体連携等の産後ケア掲載レコード,15219,4,0,4,15175;15210;15218;15219,名護市字宇茂佐の森2-15-1                        エンゼルホーム404,09067949473,26.5913504,127.9760378,birth_navi,birth_navi_not_crosschecked,0,0.0,0,0,1,
GCP-15223,やんばる希望が丘助産院,やんばる希望が丘助産院,100,自治体連携等の産後ケア掲載レコード,15223,1,0,1,15223,今帰仁村兼次813-23,,26.6744146,127.939335,birth_navi,birth_navi_not_crosschecked,0,0.0,0,0,1,
GCP-15224,TUKINO助産院,tukino助産院,100,自治体連携等の産後ケア掲載レコード,15224,1,0,1,15224,,,,,,missing_hidden_address_not_inferred,0,,0,0,1,
GCP-15225,あかり助産院,あかり助産院,100,自治体連携等の産後ケア掲載レコード,15225,1,0,1,15225,,,,,,missing_hidden_address_not_inferred,0,,0,0,1,
GCP-15226,助産院PIKO,助産院piko,100,自治体連携等の産後ケア掲載レコード,15226,1,0,1,15226,うるま市みどり町3丁目11-9,,26.3753856,127.8603322,birth_navi,birth_navi_not_crosschecked,0,0.0,0,0,1,
GCP-15231,KOKUA,kokua,100,自治体連携等の産後ケア掲載レコード,15231,1,0,1,15231,,,,,,missing_hidden_address_not_inferred,0,,0,0,1,
GCP-15222,桶谷式結母乳育児相談室,桶谷式結母乳育児相談室,100,自治体連携等の産後ケア掲載レコード,15232,2,0,2,15222;15232,読谷村字都屋114-2（2F）,09050272588,26.3911056,127.7247443,birth_navi,birth_navi_not_crosschecked,0,0.0,0,0,1,
GCP-15233,てぃあんだー,てぃあんだー,100,自治体連携等の産後ケア掲載レコード,15233,1,0,1,15233,西原町小波津621番地25　ファイブ＆ワンⅢ　203,07066730064,26.2220933,127.7650705,birth_navi,birth_navi_not_crosschecked,0,0.0,0,0,1,
GCP-15234,母乳育児相談室・保健相談室　Minami,母乳育児相談室保健相談室minami,100,自治体連携等の産後ケア掲載レコード,15234,1,0,1,15234,,09054797511,,,,missing_hidden_address_not_inferred,0,,0,0,1,
GCP-15235,zeroplace,zeroplace,100,自治体連携等の産後ケア掲載レコード,15235,1,0,1,15235,浦添市当山2丁目5-6　2階,05017519461,26.251467,127.7382811,birth_navi,birth_navi_not_crosschecked,0,0.0,0,0,1,
GCP-15236,てぃあんだー（３時間の場合）,てぃあんだー3時間の場合,100,自治体連携等の産後ケア掲載レコード,15236,1,0,1,15236,西原町小波津621-25　ファイブ＆ワンⅢ205,08072651692,26.2220933,127.7650705,birth_navi,birth_navi_not_crosschecked,0,0.0,0,0,1,
GCP-15237,助産院　ゆくぐくる,助産院ゆくぐくる,100,自治体連携等の産後ケア掲載レコード,15237,1,0,1,15237,南風原町字宮平,09059478172,,,,missing_unresolved,0,,0,0,1,
GCP-15238,コツヨシ小児・母子訪問看護ステーション,コツヨシ小児母子訪問看護ステーション,100,自治体連携等の産後ケア掲載レコード,15238,1,0,1,15238,南風原町字津嘉山,0988892525,,,,missing_unresolved,0,,0,0,1,
GCP-15239,ゆいは　助産院,ゆいは助産院,100,自治体連携等の産後ケア掲載レコード,15239,1,0,1,15239,南風原町字宮平,09053876009,,,,missing_unresolved,0,,0,0,1,
GCP-15240,座間味村役場,座間味村役場,100,自治体連携等の産後ケア掲載レコード,15240,1,0,1,15240,,,,,,missing_hidden_address_not_inferred,0,,0,0,1,
GCP-15243,公立久米島病院,公立久米島病院,100,自治体連携等の産後ケア掲載レコード,15243,1,0,1,15243,久米島町字嘉手刈572-3,0989855555,26.3398445,126.8055616,birth_navi,birth_navi_not_crosschecked,0,0.0,0,0,1,
GCP-15244,星降る森の助産院　にぬふぁぶし,星降る森の助産院にぬふぁぶし,100,自治体連携等の産後ケア掲載レコード,15244,1,0,1,15244,,09014540917,,,,missing_hidden_address_not_inferred,0,,0,0,1,
GCP-15246,子幸輝,子幸輝,100,自治体連携等の産後ケア掲載レコード,15246,1,0,1,15246,,,,,,missing_hidden_address_not_inferred,0,,0,0,1,
GCP-15247,むらみや助産院,むらみや助産院,100,自治体連携等の産後ケア掲載レコード,15247,1,0,1,15247,大飯郡高浜町和田,09016374577,,,,missing_unresolved,0,,0,0,1,
GCP-15248,つちの子母乳育児相談室（出張専門）,つちの子母乳育児相談室出張専門,100,自治体連携等の産後ケア掲載レコード,15248,1,0,1,15248,長野市上松,08051427659,,,,missing_unresolved,0,,0,0,1,
GCP-15249,おおくら助産院・母乳育児ミルク相談室,おおくら助産院母乳育児ミルク相談室,100,自治体連携等の産後ケア掲載レコード,15249,1,0,1,15249,安曇野市豊科,0263727816,,,,missing_unresolved,0,,0,0,1,
GCP-15250,助産院laugh（らふ）,助産院laughらふ,100,自治体連携等の産後ケア掲載レコード,15250,1,0,1,15250,松本市大村,09067714839,,,,missing_unresolved,0,,0,0,1,
GCP-15251,助産院   おん相談室,助産院おん相談室,100,自治体連携等の産後ケア掲載レコード,15251,1,0,1,15251,松本市大手,,,,,missing_unresolved,0,,0,0,1,
GCP-15252,助産院スピカ,助産院スピカ,100,自治体連携等の産後ケア掲載レコード,15252,1,0,1,15252,松本市村井町,09079008082,,,,missing_unresolved,0,,0,0,1,
GCP-15253,めばえ助産院,めばえ助産院,100,自治体連携等の産後ケア掲載レコード,15253,1,0,1,15253,松本市岡田松岡,09024793199,,,,missing_unresolved,0,,0,0,1,
GCP-13839,さくらこ助産所,さくらこ助産所,100,自治体連携等の産後ケア掲載レコード,15254,2,0,2,13839;15254,伊那市西町,08051428157,,,,missing_unresolved,0,,0,0,1,
GCP-15255,マルメロ育児支援室,マルメロ育児支援室,100,自治体連携等の産後ケア掲載レコード,15255,1,0,1,15255,上伊那郡宮田村駒ヶ原,08093029407,,,,missing_unresolved,0,,0,0,1,
GCP-15256,バースコンダクター楽育 （らくいく）,バースコンダクター楽育らくいく,100,自治体連携等の産後ケア掲載レコード,15256,1,0,1,15256,飯田市三日市場,09083297466,,,,missing_unresolved,0,,0,0,1,
GCP-15257,いのちの花助産院,いのちの花助産院,100,自治体連携等の産後ケア掲載レコード,15257,1,0,1,15257,四日市市八田３-15-35,07016108878,34.995801,136.6399155,birth_navi,birth_navi_not_crosschecked,0,0.0,0,0,1,
GCP-15258,もなみ助産所,もなみ助産所,100,自治体連携等の産後ケア掲載レコード,15258,1,0,1,15258,津市,09070454383,,,,missing_unresolved,0,,0,0,1,
GCP-15259,中谷助産所,中谷助産所,100,自治体連携等の産後ケア掲載レコード,15259,1,0,1,15259,津市一身田平野767-16,08032837848,34.7507978,136.5160333,birth_navi,birth_navi_not_crosschecked,0,0.0,0,0,1,
GCP-15260,あおい助産所,あおい助産所,100,自治体連携等の産後ケア掲載レコード,15260,1,0,1,15260,,08038291223,,,,missing_hidden_address_not_inferred,0,,0,0,1,
GCP-15261,助産院ヨリドコロ,助産院ヨリドコロ,100,自治体連携等の産後ケア掲載レコード,15261,1,0,1,15261,蒲生郡日野町中在寺1137-61,09098900349,35.0379158,136.2332369,birth_navi,birth_navi_not_crosschecked,0,0.0,0,0,1,
GCP-15262,助産院「ままの手」,助産院ままの手,100,自治体連携等の産後ケア掲載レコード,15262,1,0,1,15262,長浜市新庄中町170,09016780859,35.4004315,136.2678259,birth_navi,birth_navi_not_crosschecked,0,0.0,0,0,1,
GCP-15263,小林母乳育児相談処,小林母乳育児相談処,100,自治体連携等の産後ケア掲載レコード,15263,1,0,1,15263,守山市杉江町670,09046400375,35.0726724,135.9566554,birth_navi,birth_navi_not_crosschecked,0,0.0,0,0,1,
GCP-15264,きよ助産院,きよ助産院,100,自治体連携等の産後ケア掲載レコード,15264,1,0,1,15264,長浜市高畑町197,07083553447,35.4554586,136.2950999,birth_navi,birth_navi_not_crosschecked,0,0.0,0,0,1,
GCP-15265,あみ指圧マッサージ院,あみ指圧マッサージ院,100,自治体連携等の産後ケア掲載レコード,15265,1,0,1,15265,近江八幡市古川町1500-81,07089494614,35.1029868,136.0713283,birth_navi,birth_navi_not_crosschecked,0,0.0,0,0,1,
GCP-15266,松村母乳相談室,松村母乳相談室,100,自治体連携等の産後ケア掲載レコード,15266,1,0,1,15266,滋賀県近江八幡市馬淵町,09088262011,,,,missing_unresolved,0,,0,0,1,
GCP-15267,みな出張助産院,みな出張助産院,100,自治体連携等の産後ケア掲載レコード,15267,1,0,1,15267,長浜市四ッ塚町１９３番地,07014149689,35.4215364,136.2581921,birth_navi,birth_navi_not_crosschecked,0,0.0,0,0,1,
GCP-15268,ねこのて出張助産院,ねこのて出張助産院,100,自治体連携等の産後ケア掲載レコード,15268,1,0,1,15268,湖南市石部南2-8-5,07090770814,34.9971717,136.0625533,birth_navi,birth_navi_not_crosschecked,0,0.0,0,0,1,
GCP-15269,そらのね助産院,そらのね助産院,100,自治体連携等の産後ケア掲載レコード,15269,1,0,1,15269,大津市杉浦町6-66,07095081135,34.9852291,135.8920396,birth_navi,birth_navi_not_crosschecked,0,0.0,0,0,1,
GCP-15270,いまえだ助産院,いまえだ助産院,100,自治体連携等の産後ケア掲載レコード,15270,1,0,1,15270,大津市南比良549－1,08063165390,35.2182719,135.9369748,birth_navi,birth_navi_not_crosschecked,0,0.0,0,0,0,
GCP-15271,浮田クリニック【産後ケア専門施設】UKITA Mom’s Garden,浮田クリニック産後ケア専門施設ukitamomsgarden,100,自治体連携等の産後ケア掲載レコード,15271,1,0,1,15271,大津市本堅田６丁目35-27,0775743752,35.1207732,135.9124368,birth_navi,birth_navi_not_crosschecked,0,0.0,0,0,1,
GCP-15272,医療法人碧滄会（青地うえだクリニック）,碧滄会青地うえだクリニック,100,自治体連携等の産後ケア掲載レコード,15272,1,0,1,15272,大津市京町１－３－３３,0775223940,35.0072204,135.8639055,birth_navi,birth_navi_not_crosschecked,0,0.0,0,0,1,
GCP-15273,医療法人社団のむら小児科,のむら小児科,100,自治体連携等の産後ケア掲載レコード,15273,1,0,1,15273,湖南市石部中央1-3-26,0748778228,35.0096519,136.0595888,birth_navi,birth_navi_not_crosschecked,0,0.0,0,0,1,
GCP-15274,市立長浜病院産前産後ケアステーションにじいろ,市立長浜病院産前産後ケアステーションにじいろ,100,自治体連携等の産後ケア掲載レコード,15274,1,0,1,15274,長浜市大戌亥町313,0749682300,35.3691521,136.2893451,birth_navi,birth_navi_not_crosschecked,0,0.0,0,0,1,
GCP-15275,医療法人　まちのほけんしつ めばえ,まちのほけんしつめばえ,100,自治体連携等の産後ケア掲載レコード,15275,1,0,1,15275,"長浜市平方町３２１－３
長浜市一の宮町2-36",0749683271,35.3726475,136.2762079,birth_navi,birth_navi_not_crosschecked,0,0.0,0,0,1,
GCP-13639,さつき助産院。,さつき助産院,100,自治体連携等の産後ケア掲載レコード,15276,2,0,2,13639;15276,滋賀県大津市仰木の里東2-9-2,0775767321,35.1043962,135.8962453,birth_navi,birth_navi_not_crosschecked,0,0.0,0,0,1,
GCP-15277,てらもと助産院,てらもと助産院,100,自治体連携等の産後ケア掲載レコード,15277,1,0,1,15277,,09091664305,,,,missing_hidden_address_not_inferred,0,,0,0,1,
GCP-15278,出張専門あつみ助産院,出張専門あつみ助産院,100,自治体連携等の産後ケア掲載レコード,15278,1,0,1,15278,,09078734830,,,,missing_hidden_address_not_inferred,0,,0,0,1,
GCP-15279,びわ子助産院,びわ子助産院,100,自治体連携等の産後ケア掲載レコード,15279,1,0,1,15279,滋賀県大津市松原町１９−１１,09082198318,34.9772447,135.9045016,birth_navi_manual_confirmation,manual_confirmed_birth_navi,0,0.0,0,0,1,2546250001130
GCP-15280,あそびと助産院,あそびと助産院,100,自治体連携等の産後ケア掲載レコード,15280,1,0,1,15280,,08038693091,,,,missing_hidden_address_not_inferred,0,,0,0,1,
GCP-15281,槙田助産院,槙田助産院,100,自治体連携等の産後ケア掲載レコード,15281,1,0,1,15281,滋賀県大津市あかね町12-25,0775244811,35.0432157,135.8634615,birth_navi,birth_navi_crosschecked_mhlw_within_100m,0,0.0,0,0,1,2546250000510
GCP-15282,助産院そらいろ,助産院そらいろ,100,自治体連携等の産後ケア掲載レコード,15282,1,0,1,15282,,09078738483,,,,missing_hidden_address_not_inferred,0,,0,0,1,
GCP-15283,ママ＆ベビー相談室グラシアス,ママベビー相談室グラシアス,100,自治体連携等の産後ケア掲載レコード,15283,1,0,1,15283,滋賀県守山市立入町362‐２,0775825831,35.0523868,136.0076359,birth_navi,birth_navi_not_crosschecked,0,0.0,0,0,1,
GCP-15284,三宅助産院,三宅助産院,100,自治体連携等の産後ケア掲載レコード,15284,1,0,1,15284,滋賀県野洲市上屋１６４０-２,09069728911,35.0800389,136.0459134,birth_navi,birth_navi_not_crosschecked,0,0.0,0,0,1,
GCP-15285,はやし助産院,はやし助産院,100,自治体連携等の産後ケア掲載レコード,15285,1,0,1,15285,草津市新浜町４９５－４,09022840550,34.9977241,135.9231651,birth_navi,birth_navi_not_crosschecked,0,0.0,0,0,1,
GCP-15286,つつみ助産院,つつみ助産院,100,自治体連携等の産後ケア掲載レコード,15286,1,0,1,15286,,09065064959,,,,missing_hidden_address_not_inferred,0,,0,0,1,
GCP-15287,みのり助産院,みのり助産院,100,自治体連携等の産後ケア掲載レコード,15287,1,0,1,15287,湖南市菩提寺1699番地,09052502300,35.0282263,136.0597155,birth_navi,birth_navi_not_crosschecked,0,0.0,0,0,1,
GCP-15288,あさ助産院,あさ助産院,100,自治体連携等の産後ケア掲載レコード,15288,1,0,1,15288,湖南市三雲1505,09050931273,34.984851,136.114594,birth_navi,birth_navi_not_crosschecked,0,0.0,0,0,1,
GCP-15289,あずま助産院,あずま助産院,100,自治体連携等の産後ケア掲載レコード,15289,1,0,1,15289,甲賀市土山町南土山甲701,09071032240,34.9379401,136.2774614,birth_navi,birth_navi_not_crosschecked,0,0.0,0,0,1,
GCP-15290,ゆうこ助産院,ゆうこ助産院,100,自治体連携等の産後ケア掲載レコード,15290,1,0,1,15290,滋賀県甲賀市甲賀町油日2269-249,0748883153,34.8676738,136.2553585,birth_navi,birth_navi_not_crosschecked,0,0.0,0,0,1,
GCP-15291,あらかわ助産院,あらかわ助産院,100,自治体連携等の産後ケア掲載レコード,15291,1,0,1,15291,近江八幡師安土町常楽寺775⁻4,09070942259,35.1436093,136.1293049,birth_navi,birth_navi_not_crosschecked,0,0.0,0,0,1,
GCP-15292,和心助産院,和心助産院,100,自治体連携等の産後ケア掲載レコード,15292,1,0,1,15292,,09074808656,,,,missing_hidden_address_not_inferred,0,,0,0,1,
GCP-15293,禾助産院,禾助産院,100,自治体連携等の産後ケア掲載レコード,15293,1,0,1,15293,近江八幡市鷹飼町(R7年6月守山市に移転予定）,,35.1166887,136.1052233,birth_navi,birth_navi_not_crosschecked,0,0.0,0,0,1,
GCP-15294,助産院月の小屋,助産院月の小屋,100,自治体連携等の産後ケア掲載レコード,15294,1,0,1,15294,近江八幡市池田町1-21,09026675255,35.1388023,136.0847597,birth_navi,birth_navi_not_crosschecked,0,0.0,0,0,1,
GCP-15295,助産院NORIKO,助産院noriko,100,自治体連携等の産後ケア掲載レコード,15295,1,0,1,15295,滋賀県彦根市宇尾町1-39,08061871686,35.2435031,136.2383723,birth_navi,birth_navi_not_crosschecked,0,0.0,1,1,1,
GCP-15296,うみのこ助産師院,うみのこ助産師院,100,自治体連携等の産後ケア掲載レコード,15296,1,0,1,15296,,,,,,missing_hidden_address_not_inferred,0,,0,0,1,
GCP-15297,彩香助産院,彩香助産院,100,自治体連携等の産後ケア掲載レコード,15297,1,0,1,15297,滋賀県長浜市高月町渡岸寺212-12,08014159156,35.476265,136.2386723,birth_navi,birth_navi_not_crosschecked,0,0.0,0,0,1,
GCP-15298,助産院more.,助産院more,100,自治体連携等の産後ケア掲載レコード,15298,1,0,1,15298,,09032111135,,,,missing_hidden_address_not_inferred,0,,0,0,1,
GCP-15299,出張専門助産院まんま,出張専門助産院まんま,100,自治体連携等の産後ケア掲載レコード,15299,1,0,1,15299,高島市安曇川町田中405,08083401725,35.3342212,136.0171427,birth_navi,birth_navi_not_crosschecked,0,0.0,0,0,1,
GCP-15300,特定非営利活動法人YUMEMURA,特定非営利活動法人yumemura,100,自治体連携等の産後ケア掲載レコード,15300,1,0,1,15300,大津市伊香立下在地町478-3,07085833837,35.1401091,135.8814718,birth_navi,birth_navi_not_crosschecked,0,0.0,0,0,1,
GCP-15301,めばえ母乳相談室　熊谷敏子,めばえ母乳相談室熊谷敏子,100,自治体連携等の産後ケア掲載レコード,15301,1,0,1,15301,,08053630815,,,,missing_hidden_address_not_inferred,0,,0,0,1,
GCP-15302,いなお助産院,いなお助産院,100,自治体連携等の産後ケア掲載レコード,15302,1,0,1,15302,神戸市灘区中原通５－２－２１,09062034103,34.7134437,135.2213132,birth_navi,birth_navi_not_crosschecked,0,0.0,0,0,1,
GCP-15303,ここね助産院,ここね助産院,100,自治体連携等の産後ケア掲載レコード,15303,1,0,1,15303,神戸市灘区岩屋中町2丁目3－16,09052565243,34.704483,135.2207207,birth_navi,birth_navi_not_crosschecked,0,0.0,0,0,1,
GCP-15304,産後ケアハウス　杉原hare,産後ケアハウス杉原hare,100,自治体連携等の産後ケア掲載レコード,15304,1,0,1,15304,神戸市灘区曾和町2丁目5－4,0789401431,34.7223939,135.2337367,birth_navi,birth_navi_not_crosschecked,0,0.0,0,0,1,
GCP-15305,にこ助産院,にこ助産院,100,自治体連携等の産後ケア掲載レコード,15305,1,0,1,15305,,09092165755,,,,missing_hidden_address_not_inferred,0,,0,0,1,
GCP-15306,田村母乳育児相談所,田村母乳育児相談所,100,自治体連携等の産後ケア掲載レコード,15306,1,0,1,15306,,09082023628,,,,missing_hidden_address_not_inferred,0,,0,0,1,
GCP-15307,助産所まるまる,助産所まるまる,100,自治体連携等の産後ケア掲載レコード,15307,1,0,1,15307,神戸市長田区宮川町4-29,0786913228,34.672613,135.1456311,birth_navi,birth_navi_not_crosschecked,0,0.0,0,0,0,
GCP-15308,マイ助産院,マイ助産院,100,自治体連携等の産後ケア掲載レコード,15308,1,0,1,15308,,09018738365,,,,missing_hidden_address_not_inferred,0,,0,0,1,
GCP-15309,たけのこ助産院,たけのこ助産院,100,自治体連携等の産後ケア掲載レコード,15309,1,0,1,15309,,09072501255,,,,missing_hidden_address_not_inferred,0,,0,0,1,
GCP-15310,訪問助産院みこと,訪問助産院みこと,100,自治体連携等の産後ケア掲載レコード,15310,1,0,1,15310,,07023951760,,,,missing_hidden_address_not_inferred,0,,0,0,1,
GCP-15311,助産院すぷらうと,助産院すぷらうと,100,自治体連携等の産後ケア掲載レコード,15311,1,0,1,15311,,07021767625,,,,missing_hidden_address_not_inferred,0,,0,0,1,
GCP-15312,旅するよしみ助産院,旅するよしみ助産院,100,自治体連携等の産後ケア掲載レコード,15312,1,0,1,15312,,08061845874,,,,missing_hidden_address_not_inferred,0,,0,0,1,
GCP-15313,医療法人社団衣笠会　産科・婦人科衣笠クリニック,衣笠会産科婦人科衣笠クリニック,100,自治体連携等の産後ケア掲載レコード,15313,1,0,1,15313,尼崎市東園田町9－10－1,0664940070,34.7509875,135.4483066,birth_navi,birth_navi_not_crosschecked,0,0.0,0,0,1,
GCP-15314,医療法人社団 古賀小児科,古賀小児科,100,自治体連携等の産後ケア掲載レコード,15314,1,0,1,15314,尼崎市武庫之荘7-1-25,0664330415,34.7614394,135.3917117,birth_navi,birth_navi_not_crosschecked,0,0.0,0,0,1,
GCP-15315,郷原　寛子（出張助産業務届出者）,郷原寛子出張助産業務届出者,100,自治体連携等の産後ケア掲載レコード,15315,1,0,1,15315,,08061678573,,,,missing_hidden_address_not_inferred,0,,0,0,1,
GCP-15316,坂田助産院,坂田助産院,100,自治体連携等の産後ケア掲載レコード,15316,1,0,1,15316,,0648699104,,,,missing_hidden_address_not_inferred,0,,0,0,1,
GCP-15317,JUNレディースクリニック,junレディースクリニック,100,自治体連携等の産後ケア掲載レコード,15317,1,0,1,15317,尼崎市潮江1丁目3－43　緑遊新都心ビル2F,0649608115,34.7344281,135.4315584,birth_navi,birth_navi_not_crosschecked,0,0.0,0,0,1,
GCP-15318,めぐみ母乳育児相談処,めぐみ母乳育児相談処,100,自治体連携等の産後ケア掲載レコード,15318,1,0,1,15318,尼崎市武庫之荘2-2-2-503,08061656076,34.7518411,135.3923799,birth_navi,birth_navi_not_crosschecked,0,0.0,0,0,1,
GCP-15319,産屋助産所　加須屋淳江,産屋助産所加須屋淳江,100,自治体連携等の産後ケア掲載レコード,15319,1,0,1,15319,,09095432748,,,,missing_hidden_address_not_inferred,0,,0,0,1,
GCP-15320,出張助産師　宮村　教子,出張助産師宮村教子,100,自治体連携等の産後ケア掲載レコード,15320,1,0,1,15320,,08058527863,,,,missing_hidden_address_not_inferred,0,,0,0,1,
GCP-15321,市立芦屋病院,市立芦屋病院,100,自治体連携等の産後ケア掲載レコード,15321,1,0,1,15321,芦屋市朝日ヶ丘町39番1号,0797312156,34.7494583,135.3078775,birth_navi,birth_navi_not_crosschecked,0,0.0,0,0,1,
GCP-15322,住岡母乳と育児相談所ANNEX,住岡母乳と育児相談所annex,100,自治体連携等の産後ケア掲載レコード,15322,1,0,1,15322,芦屋市三条町10-6,09017187404,34.7349172,135.2956272,birth_navi,birth_navi_not_crosschecked,0,0.0,0,0,1,
GCP-15323,住岡母乳と育児相談所（三条相談所）,住岡母乳と育児相談所三条相談所,100,自治体連携等の産後ケア掲載レコード,15323,1,0,1,15323,芦屋市三条町10-15,0797989608,34.7350704,135.2956463,birth_navi,birth_navi_not_crosschecked,0,0.0,0,0,1,
GCP-15324,住岡母乳と育児相談所（JR芦屋駅前相談所）,住岡母乳と育児相談所jr芦屋駅前相談所,100,自治体連携等の産後ケア掲載レコード,15324,1,0,1,15324,芦屋市大原町2－6　ラ・モール芦屋113-1,0797618808,34.7349892,135.3096051,birth_navi,birth_navi_not_crosschecked,0,0.0,0,0,1,
GCP-15325,宝塚市助産師会,宝塚市助産師会,100,自治体連携等の産後ケア掲載レコード,15325,1,0,1,15325,,09047667789,,,,missing_hidden_address_not_inferred,0,,0,0,1,
GCP-15326,小山助産所（伊丹市助産師会）,小山助産所伊丹市助産師会,100,自治体連携等の産後ケア掲載レコード,15326,1,0,1,15326,伊丹市西台1-3-5伊丹駅前サンハイツ207号,0727441661,34.7803237,135.4123192,birth_navi,birth_navi_not_crosschecked,0,0.0,0,0,1,
GCP-15327,"公立学校共済組合
近畿中央病院",公立学校共済組合近畿中央病院,100,自治体連携等の産後ケア掲載レコード,15327,1,0,1,15327,伊丹市車塚3－1,0727813712,34.7626433,135.4008561,birth_navi,birth_navi_not_crosschecked,0,0.0,0,0,0,
GCP-15328,にのみや助産所（伊丹市助産師会）,にのみや助産所伊丹市助産師会,100,自治体連携等の産後ケア掲載レコード,15328,1,0,1,15328,,07056603421,,,,missing_hidden_address_not_inferred,0,,0,0,1,
GCP-15329,よしざわ助産院（伊丹市助産師会）,よしざわ助産院伊丹市助産師会,100,自治体連携等の産後ケア掲載レコード,15329,1,0,1,15329,,09066741910,,,,missing_hidden_address_not_inferred,0,,0,0,1,
GCP-15330,川西市川辺助産師会（岡田助産院）,川西市川辺助産師会岡田助産院,100,自治体連携等の産後ケア掲載レコード,15330,1,0,1,15330,,09092578586,,,,missing_hidden_address_not_inferred,0,,0,0,1,
GCP-15331,よう助産院（伊丹市助産師会所属）,よう助産院伊丹市助産師会所属,100,自治体連携等の産後ケア掲載レコード,15331,1,0,1,15331,,08058299439,,,,missing_hidden_address_not_inferred,0,,0,0,1,
GCP-15332,マミーズケアハウス,マミーズケアハウス,100,自治体連携等の産後ケア掲載レコード,15332,1,0,1,15332,川西市大和西2丁目2－7,09056485406,34.8861147,135.4169227,birth_navi,birth_navi_not_crosschecked,0,0.0,0,0,1,
GCP-15333,中野　純子,中野純子,100,自治体連携等の産後ケア掲載レコード,15333,1,0,1,15333,,09096920283,,,,missing_hidden_address_not_inferred,0,,0,0,1,
GCP-15334,佐野　藍,佐野藍,100,自治体連携等の産後ケア掲載レコード,15334,1,0,1,15334,,09049018368,,,,missing_hidden_address_not_inferred,0,,0,0,1,
GCP-15335,ママとベビーの家,ママとベビーの家,100,自治体連携等の産後ケア掲載レコード,15335,1,0,1,15335,加古川市平岡町新在家1440-3,09081645201,34.7461771,134.8713135,birth_navi,birth_navi_not_crosschecked,0,0.0,0,0,1,
GCP-15336,まむの木助産院,まむの木助産院,100,自治体連携等の産後ケア掲載レコード,15336,1,0,1,15336,,09038436024,,,,missing_hidden_address_not_inferred,0,,0,0,1,
GCP-15337,りんく助産院,りんく助産院,100,自治体連携等の産後ケア掲載レコード,15337,1,0,1,15337,,09096904878,,,,missing_hidden_address_not_inferred,0,,0,0,1,
GCP-15338,ちーこ助産院,ちーこ助産院,100,自治体連携等の産後ケア掲載レコード,15338,1,0,1,15338,,09096963150,,,,missing_hidden_address_not_inferred,0,,0,0,1,
GCP-15339,まとりか助産院,まとりか助産院,100,自治体連携等の産後ケア掲載レコード,15339,1,0,1,15339,高砂市米田町島372-5,05035701616,34.7657623,134.7920031,birth_navi,birth_navi_not_crosschecked,0,0.0,0,0,1,
GCP-15340,こはる助産所（訪問専門）,こはる助産所訪問専門,100,自治体連携等の産後ケア掲載レコード,15340,1,0,1,15340,,09095138100,,,,missing_hidden_address_not_inferred,0,,0,0,1,
GCP-15341,むすひ助産院,むすひ助産院,100,自治体連携等の産後ケア掲載レコード,15341,1,0,1,15341,小野市上本町176－7,09020187757,34.8493644,134.9348388,birth_navi,birth_navi_not_crosschecked,0,0.0,0,0,0,
GCP-15342,母と子の相談室 たなか,母と子の相談室たなか,100,自治体連携等の産後ケア掲載レコード,15342,1,0,1,15342,,08014715059,,,,missing_hidden_address_not_inferred,0,,0,0,1,
GCP-15343,市立加西病院,市立加西病院,100,自治体連携等の産後ケア掲載レコード,15343,1,0,1,15343,加西市北条町横尾1丁目13番地,0794422200,34.9252324,134.8403154,birth_navi,birth_navi_not_crosschecked,0,0.0,0,0,1,
GCP-15344,繁栄助産院,繁栄助産院,100,自治体連携等の産後ケア掲載レコード,15344,1,0,1,15344,,09036739575,,,,missing_hidden_address_not_inferred,0,,0,0,1,
GCP-15345,いのうえ助産院,いのうえ助産院,100,自治体連携等の産後ケア掲載レコード,15345,1,0,1,15345,姫路市山田町北山田127-39,09083773652,34.9042874,134.7803275,birth_navi,birth_navi_not_crosschecked,0,0.0,0,0,1,
GCP-15346,くろいし助産院,くろいし助産院,100,自治体連携等の産後ケア掲載レコード,15346,1,0,1,15346,,08018972623,,,,missing_hidden_address_not_inferred,0,,0,0,1,
GCP-15347,さいとう助産院,さいとう助産院,100,自治体連携等の産後ケア掲載レコード,15347,1,0,1,15347,,09056455152,,,,missing_hidden_address_not_inferred,0,,0,0,1,
GCP-15348,出張専門助産師　天野,出張専門助産師天野,100,自治体連携等の産後ケア掲載レコード,15348,1,0,1,15348,,0792451793,,,,missing_hidden_address_not_inferred,0,,0,0,1,
GCP-15349,だっこ助産院,だっこ助産院,100,自治体連携等の産後ケア掲載レコード,15349,1,0,1,15349,,08052317018,,,,missing_hidden_address_not_inferred,0,,0,0,1,
GCP-15350,育み助産院,育み助産院,100,自治体連携等の産後ケア掲載レコード,15350,1,0,1,15350,,07010661657,,,,missing_hidden_address_not_inferred,0,,0,0,1,
GCP-15351,はせがわ助産院,はせがわ助産院,100,自治体連携等の産後ケア掲載レコード,15351,1,0,1,15351,,09087611274,,,,missing_hidden_address_not_inferred,0,,0,0,1,
GCP-15352,みさ助産院,みさ助産院,100,自治体連携等の産後ケア掲載レコード,15352,1,0,1,15352,姫路市香寺町土師755-1,09090445017,34.928573,134.7373921,birth_navi,birth_navi_not_crosschecked,0,0.0,0,0,1,
GCP-15353,まきの助産院,まきの助産院,100,自治体連携等の産後ケア掲載レコード,15353,1,0,1,15353,姫路市別所町佐土新271,09081433735,34.8202405,134.7551233,birth_navi,birth_navi_not_crosschecked,0,0.0,0,0,1,
GCP-15354,よりみち助産院,よりみち助産院,100,自治体連携等の産後ケア掲載レコード,15354,1,0,1,15354,,08031354258,,,,missing_hidden_address_not_inferred,0,,0,0,1,
GCP-15355,おおつか助産院,おおつか助産院,100,自治体連携等の産後ケア掲載レコード,15355,1,0,1,15355,,09082070501,,,,missing_hidden_address_not_inferred,0,,0,0,1,
GCP-15356,たつのにじいろ助産院,たつのにじいろ助産院,100,自治体連携等の産後ケア掲載レコード,15356,1,0,1,15356,たつの市揖保町今市239-23,08014372272,34.8249883,134.5408003,birth_navi,birth_navi_not_crosschecked,0,0.0,0,0,1,
GCP-15357,訪問出張みんまる助産院,訪問出張みんまる助産院,100,自治体連携等の産後ケア掲載レコード,15357,1,0,1,15357,,07044851050,,,,missing_hidden_address_not_inferred,0,,0,0,1,
GCP-15358,やぎ助産院,やぎ助産院,100,自治体連携等の産後ケア掲載レコード,15358,1,0,1,15358,,0790752795,,,,missing_hidden_address_not_inferred,0,,0,0,1,
GCP-15359,ママ＆ベビー相談室頓田助産所,ママベビー相談室頓田助産所,100,自治体連携等の産後ケア掲載レコード,15359,1,0,1,15359,赤穂市清水町9-20,0791421927,34.7442124,134.4101802,birth_navi,birth_navi_not_crosschecked,0,0.0,0,0,1,
GCP-15360,芦田　美智代　助産所,芦田美智代助産所,100,自治体連携等の産後ケア掲載レコード,15360,1,0,1,15360,丹波市氷上町上成松343,09056613097,35.171314,135.028004,birth_navi,birth_navi_not_crosschecked,0,0.0,0,0,1,
GCP-15361,おおはま助産所,おおはま助産所,100,自治体連携等の産後ケア掲載レコード,15361,1,0,1,15361,丹波市市島町中竹田1779-1,0795885430,35.2486522,135.1366436,birth_navi,birth_navi_not_crosschecked,0,0.0,0,0,1,
GCP-15362,Koa（コア）助産院　森岡亜希子,koaコア助産院森岡亜希子,100,自治体連携等の産後ケア掲載レコード,15362,1,0,1,15362,,08061338045,,,,missing_hidden_address_not_inferred,0,,0,0,1,
GCP-15363,幸代助産院,幸代助産院,100,自治体連携等の産後ケア掲載レコード,15363,1,0,1,15363,丹波市柏原町北山210,09052576135,35.1379162,135.0450903,birth_navi,birth_navi_not_crosschecked,0,0.0,0,0,1,
GCP-15364,産前産後ケアの家　JIKKA,産前産後ケアの家jikka,100,自治体連携等の産後ケア掲載レコード,15364,2,0,2,15364;15629,丹波篠山市市野々298,08061144420,35.1109319,135.3585715,birth_navi,birth_navi_not_crosschecked,0,0.0,0,0,1,
GCP-15365,助産院MOM,助産院mom,100,自治体連携等の産後ケア掲載レコード,15365,1,0,1,15365,洲本市物部1丁目17－13,0799206226,34.336561,134.8794343,birth_navi,birth_navi_not_crosschecked,0,0.0,0,0,1,
GCP-15366,ゆい助産院,ゆい助産院,100,自治体連携等の産後ケア掲載レコード,15366,1,0,1,15366,,,,,,missing_hidden_address_not_inferred,0,,0,0,1,
GCP-15367,MY助産院,my助産院,100,自治体連携等の産後ケア掲載レコード,15367,1,0,1,15367,,,,,,missing_hidden_address_not_inferred,0,,0,0,1,
GCP-15368,夕陽ヶ丘助産院,夕陽ヶ丘助産院,100,自治体連携等の産後ケア掲載レコード,15368,1,0,1,15368,,,,,,missing_hidden_address_not_inferred,0,,0,0,1,
GCP-15369,助産院　よりと,助産院よりと,100,自治体連携等の産後ケア掲載レコード,15369,1,0,1,15369,,,,,,missing_hidden_address_not_inferred,0,,0,0,1,
GCP-15370,ポポラス助産所,ポポラス助産所,100,自治体連携等の産後ケア掲載レコード,15370,1,0,1,15370,,,,,,missing_hidden_address_not_inferred,0,,0,0,1,
GCP-15371,いづみ助産院,いづみ助産院,100,自治体連携等の産後ケア掲載レコード,15371,1,0,1,15371,,,,,,missing_hidden_address_not_inferred,0,,0,0,1,
GCP-15374,Hara助産所,hara助産所,100,自治体連携等の産後ケア掲載レコード,15374,1,0,1,15374,,,,,,missing_hidden_address_not_inferred,0,,0,0,1,
GCP-15375,助産院マミィケアひだまり,助産院マミィケアひだまり,100,自治体連携等の産後ケア掲載レコード,15375,1,0,1,15375,,,,,,missing_hidden_address_not_inferred,0,,0,0,1,
GCP-15376,虹いろ助産院,虹いろ助産院,100,自治体連携等の産後ケア掲載レコード,15376,1,0,1,15376,,,,,,missing_hidden_address_not_inferred,0,,0,0,1,
GCP-15377,ひなた助産所　おしごめ,ひなた助産所おしごめ,100,自治体連携等の産後ケア掲載レコード,15377,1,0,1,15377,,,,,,missing_hidden_address_not_inferred,0,,0,0,1,
GCP-15378,羽原助産院,羽原助産院,100,自治体連携等の産後ケア掲載レコード,15378,1,0,1,15378,,,,,,missing_hidden_address_not_inferred,0,,0,0,1,
GCP-15381,まる屋助産院,まる屋助産院,100,自治体連携等の産後ケア掲載レコード,15381,1,0,1,15381,,,,,,missing_hidden_address_not_inferred,0,,0,0,1,
GCP-15383,厚仁病院,厚仁病院,100,自治体連携等の産後ケア掲載レコード,15383,1,0,1,15383,丸亀市,0877232311,,,,missing_unresolved,0,,0,0,1,
GCP-15384,回生病院,回生病院,100,自治体連携等の産後ケア掲載レコード,15384,1,0,1,15384,坂出市,0877456410,,,,missing_unresolved,0,,0,0,1,
GCP-15385,西岡医院,西岡医院,100,自治体連携等の産後ケア掲載レコード,15385,1,0,1,15385,高松市,0878852021,,,,missing_unresolved,0,,0,0,1,
GCP-15386,屋島総合病院,屋島総合病院,100,自治体連携等の産後ケア掲載レコード,15386,1,0,1,15386,高松市,0878419141,,,,missing_unresolved,0,,0,0,1,
GCP-15387,もものはな助産院,もものはな助産院,100,自治体連携等の産後ケア掲載レコード,15387,1,0,1,15387,高松市,07090411771,,,,missing_unresolved,0,,0,0,1,
GCP-15388,キャサリン助産院444,キャサリン助産院444,100,自治体連携等の産後ケア掲載レコード,15388,1,0,1,15388,高知市知寄町,09082819165,,,,missing_unresolved,0,,0,0,1,
GCP-15389,助産師　伊與木朝世,助産師伊與木朝世,100,自治体連携等の産後ケア掲載レコード,15389,1,0,1,15389,,09075455813,,,,missing_hidden_address_not_inferred,0,,0,0,1,
GCP-15390,竹﨑助産院,竹﨑助産院,100,自治体連携等の産後ケア掲載レコード,15390,1,0,1,15390,,09077823661,,,,missing_hidden_address_not_inferred,0,,0,0,1,
GCP-15391,助産院ことら,助産院ことら,100,自治体連携等の産後ケア掲載レコード,15391,1,0,1,15391,高知市宇津野,09071429644,,,,missing_unresolved,0,,0,0,1,
GCP-15392,出張助産院にこ,出張助産院にこ,100,自治体連携等の産後ケア掲載レコード,15392,1,0,1,15392,,09068811415,,,,missing_hidden_address_not_inferred,0,,0,0,1,
GCP-15393,助産師　上田福順,助産師上田福順,100,自治体連携等の産後ケア掲載レコード,15393,1,0,1,15393,,08025961598,,,,missing_hidden_address_not_inferred,0,,0,0,1,
GCP-15394,助産師　五島聡子,助産師五島聡子,100,自治体連携等の産後ケア掲載レコード,15394,1,0,1,15394,,09049716637,,,,missing_hidden_address_not_inferred,0,,0,0,1,
GCP-15395,このは助産院,このは助産院,100,自治体連携等の産後ケア掲載レコード,15395,2,0,2,15395;15397,高知市一宮東町,,,,,missing_unresolved,0,,0,0,1,
GCP-15396,助産院asa,助産院asa,100,自治体連携等の産後ケア掲載レコード,15396,2,0,2,15396;15398,南国市,,,,,missing_unresolved,0,,0,0,1,
GCP-15400,助産師　三浦　恵子,助産師三浦恵子,100,自治体連携等の産後ケア掲載レコード,15400,1,0,1,15400,大村市木場町１－１３４－９,09010881150,32.9042477,129.9748619,birth_navi,birth_navi_not_crosschecked,0,0.0,0,0,1,
GCP-15401,助産師　野副　綾香,助産師野副綾香,100,自治体連携等の産後ケア掲載レコード,15401,1,0,1,15401,諫早市栄田町１１２０－２１,09054878760,32.8626632,130.0306053,birth_navi,birth_navi_not_crosschecked,0,0.0,0,0,1,
GCP-15402,助産師　野中　晶子,助産師野中晶子,100,自治体連携等の産後ケア掲載レコード,15402,1,0,1,15402,諫早市八天町２１－１９－２０１,09087646160,32.8472268,130.0604162,birth_navi,birth_navi_not_crosschecked,0,0.0,0,0,1,
GCP-14929,永谷助産所,永谷助産所,100,自治体連携等の産後ケア掲載レコード,15403,2,0,2,14929;15403,西彼杵郡時津町浜田郷８３１－９,09079268027,32.83093,129.8666529,birth_navi,birth_navi_not_crosschecked,0,0.0,0,0,1,
GCP-15405,助産師　久保　和代,助産師久保和代,100,自治体連携等の産後ケア掲載レコード,15405,1,0,1,15405,長崎市長浦町３５７７,09018731589,32.9051933,129.7787162,birth_navi,birth_navi_not_crosschecked,0,0.0,0,0,1,
GCP-15406,助産師　久保田　奈美,助産師久保田奈美,100,自治体連携等の産後ケア掲載レコード,15406,1,0,1,15406,長崎市宝町３－１６－６０１,09049976888,32.7580169,129.8677275,birth_navi,birth_navi_not_crosschecked,0,0.0,0,0,1,
GCP-15407,助産師　田中　幸子,助産師田中幸子,100,自治体連携等の産後ケア掲載レコード,15407,1,0,1,15407,長崎市春木町１８－１－４０１,08039783155,32.7656159,129.8566667,birth_navi,birth_navi_not_crosschecked,0,0.0,0,0,1,
GCP-15409,助産師　橋本　頌子,助産師橋本頌子,100,自治体連携等の産後ケア掲載レコード,15409,1,0,1,15409,長崎市岡町５－４－２０２,07084215699,32.7778589,129.8621216,birth_navi,birth_navi_not_crosschecked,0,0.0,0,0,1,
GCP-15410,助産師　森川　寿和美,助産師森川寿和美,100,自治体連携等の産後ケア掲載レコード,15410,1,0,1,15410,長崎市高城台１－８－１６,09052823221,32.7786222,129.9472749,birth_navi,birth_navi_not_crosschecked,0,0.0,0,0,1,
GCP-15411,千代の幸助産院,千代の幸助産院,100,自治体連携等の産後ケア掲載レコード,15411,1,0,1,15411,長崎市三和町２１８－４４,09073801437,32.6931396,129.8501263,birth_navi,birth_navi_not_crosschecked,0,0.0,0,0,1,
GCP-15412,医療法人さわらぎ　さわらぎ産婦人科豊中少路クリニック,さわらぎさわらぎ産婦人科豊中少路クリニック,2,有床診療所,15412,1,1,0,15412,大阪府豊中市少路2丁目９－２０,0661527430,34.8048691,135.4722166,birth_navi,birth_navi_not_crosschecked,0,0.0,1,1,0,
GCP-15413,勤医協中央病院,勤医協中央病院,1,病院,15413,1,1,0,15413,北海道札幌市東区東苗穂5条1丁目9-1,0117829111,43.0914706,141.4030774,birth_navi,birth_navi_not_crosschecked,0,0.0,1,1,0,
GCP-15414,まつくらレディースクリニック,まつくらレディースクリニック,2,有床診療所,15414,1,1,0,15414,青森県青森市浜館5丁目1番12,0177528555,40.8089344,140.7913941,birth_navi,birth_navi_not_crosschecked,0,0.0,1,1,0,
GCP-15415,助産院MOMME,助産院momme,100,自治体連携等の産後ケア掲載レコード,15415,1,0,1,15415,"札幌市白石区本郷通13丁目南1-1
小林ビル2Ｆ",,43.0368102,141.4212749,birth_navi,birth_navi_not_crosschecked,0,0.0,0,0,1,
GCP-15416,更別村福祉の里総合センター,更別村福祉の里総合センター,100,自治体連携等の産後ケア掲載レコード,15416,1,0,1,15416,更別村字更別190番地１,0155533700,42.6455146,143.1936978,birth_navi,birth_navi_not_crosschecked,0,0.0,0,0,1,
GCP-15417,母子ケアハウスふくい助産院,母子ケアハウスふくい助産院,100,自治体連携等の産後ケア掲載レコード,15417,1,0,1,15417,青森市浪岡大字浪岡字平野41-170,09070772372,40.7168915,140.5878535,birth_navi,birth_navi_not_crosschecked,0,0.0,0,0,1,
GCP-15418,SMC母乳育児相談室開業助産師下川玉枝,smc母乳育児相談室開業助産師下川玉枝,100,自治体連携等の産後ケア掲載レコード,15418,1,0,1,15418,盛岡市みたけ３丁目１９ー１１,09034687651,39.7379369,141.1173903,birth_navi,birth_navi_not_crosschecked,0,0.0,0,0,1,
GCP-15419,たんぽぽ助産院,たんぽぽ助産院,100,自治体連携等の産後ケア掲載レコード,15419,1,0,1,15419,,,,,,missing_hidden_address_not_inferred,0,,0,0,1,
GCP-15420,愛のはな助産院,愛のはな助産院,100,自治体連携等の産後ケア掲載レコード,15420,1,0,1,15420,仙台市青葉区高野原3丁目8-21,07085201103,38.2893843,140.7599102,birth_navi,birth_navi_not_crosschecked,0,0.0,0,0,1,
GCP-15421,なのはなすまいるぷらざ,なのはなすまいるぷらざ,100,自治体連携等の産後ケア掲載レコード,15421,1,0,1,15421,仙台市若林区長喜城字山神４５－１,08032423886,38.2388143,140.9398128,birth_navi,birth_navi_not_crosschecked,0,0.0,0,0,1,
GCP-15422,母乳育児相談室　まどか,母乳育児相談室まどか,100,自治体連携等の産後ケア掲載レコード,15422,1,0,1,15422,秋田市金足小泉字潟向１０－４,,39.8145895,140.0604559,birth_navi,birth_navi_not_crosschecked,0,0.0,0,0,1,
GCP-15424,ゆらティス 　佐藤　奈穂子,ゆらティス佐藤奈穂子,100,自治体連携等の産後ケア掲載レコード,15424,1,0,1,15424,,,,,,missing_hidden_address_not_inferred,0,,0,0,1,
GCP-15425,産前産後ケアハウス　Dear　Diary,産前産後ケアハウスdeardiary,100,自治体連携等の産後ケア掲載レコード,15425,1,0,1,15425,,09040904308,,,,missing_hidden_address_not_inferred,0,,0,0,1,
GCP-15426,まちなか助産院,まちなか助産院,100,自治体連携等の産後ケア掲載レコード,15426,1,0,1,15426,西村山郡朝日町大字宮宿1021-14,0237677785,38.3017954,140.1514079,birth_navi,birth_navi_not_crosschecked,0,0.0,0,0,1,
GCP-15427,山形県助産師会,山形県助産師会,100,自治体連携等の産後ケア掲載レコード,15427,1,0,1,15427,東村山郡中山町長崎２２２番地８,,38.3298,140.2812969,birth_navi,birth_navi_not_crosschecked,0,0.0,0,0,1,
GCP-12893,yume助産院,yume助産院,100,自治体連携等の産後ケア掲載レコード,15428,3,0,3,12893;12905;15428,長井市歌丸1497,09077957092,38.0584674,140.0318443,birth_navi,birth_navi_not_crosschecked,0,0.0,0,0,1,
GCP-15429,星の丘助産院,星の丘助産院,100,自治体連携等の産後ケア掲載レコード,15429,1,0,1,15429,福島県福島市野田町字上谷地2-6,0245560005,37.7688487,140.440241,birth_navi,birth_navi_crosschecked_mhlw_within_100m,0,0.0,0,0,1,0747000000011
GCP-15430,リバースケアセンター（運営MotherTree）,リバースケアセンター運営mothertree,100,自治体連携等の産後ケア掲載レコード,15430,1,0,1,15430,福島県福島市桜木町12-19ガーデンハウス桜木B2,05088830055,37.76012,140.4817611,birth_navi,birth_navi_not_crosschecked,0,0.0,0,0,1,
GCP-15432,産後ケアハウスさい(福島県助産師会と委託契約),産後ケアハウスさい福島県助産師会と委託契約,100,自治体連携等の産後ケア掲載レコード,15432,1,0,1,15432,,,,,,missing_hidden_address_not_inferred,0,,0,0,1,
GCP-15433,医療法人慈繁会付属トータルヘルスクリニック(福島県医師会と委託契約),慈繁会付属トータルヘルスクリニック福島県医師会と委託契約,100,自治体連携等の産後ケア掲載レコード,15433,1,0,1,15433,郡山市字山崎171,0249270305,37.3778175,140.3695421,birth_navi,birth_navi_not_crosschecked,0,0.0,0,0,1,
GCP-15435,らくらく医院,らくらく医院,100,自治体連携等の産後ケア掲載レコード,15435,1,0,1,15435,福島県白河市大信町屋字町屋107-1,0248545333,37.2049528,140.2486046,birth_navi,birth_navi_not_crosschecked,0,0.0,0,0,1,
GCP-15431,HUG助産院,hug助産院,100,自治体連携等の産後ケア掲載レコード,15436,2,0,2,15431;15436,いわき市山田町砂方６６－１,08059722683,36.9541965,140.7666835,birth_navi,birth_navi_not_crosschecked,0,0.0,0,0,1,
GCP-15437,のっち助産所,のっち助産所,100,自治体連携等の産後ケア掲載レコード,15437,1,0,1,15437,福島県二本松市油井字大森腰２０番１,0243236270,37.6111967,140.4690925,birth_navi,birth_navi_not_crosschecked,0,0.0,0,0,1,
GCP-15438,ひよこ助産院,ひよこ助産院,100,自治体連携等の産後ケア掲載レコード,15438,1,0,1,15438,つくば市竹園,08054803114,,,,missing_unresolved,0,,0,0,1,
GCP-12969,産前産後のいえすぺーすまんま,産前産後のいえすぺーすまんま,100,自治体連携等の産後ケア掲載レコード,15439,2,0,2,12969;15439,つくばみらい市板橋字新山3023₋9,08033825115,35.9811931,140.0534884,birth_navi,birth_navi_not_crosschecked,0,0.0,0,0,1,
GCP-15440,へそのお助産院,へそのお助産院,100,自治体連携等の産後ケア掲載レコード,15440,1,0,1,15440,,08039301607,,,,missing_hidden_address_not_inferred,0,,0,0,1,
GCP-15441,Blue one,blueone,100,自治体連携等の産後ケア掲載レコード,15441,1,0,1,15441,,,,,,missing_hidden_address_not_inferred,0,,0,0,1,
GCP-15442,歩み助産院,歩み助産院,100,自治体連携等の産後ケア掲載レコード,15442,1,0,1,15442,大田原市紫塚3丁目2665-26,0287300517,36.8775757,140.015047,birth_navi,birth_navi_not_crosschecked,0,0.0,0,0,1,
GCP-15443,産前産後ケアハウス　歩み助産院,産前産後ケアハウス歩み助産院,100,自治体連携等の産後ケア掲載レコード,15443,1,0,1,15443,大田原市紫塚3丁目2665-26,0287300157,36.8775757,140.015047,birth_navi,birth_navi_not_crosschecked,0,0.0,0,0,1,
GCP-15444,Cara Familia,carafamilia,100,自治体連携等の産後ケア掲載レコード,15444,1,0,1,15444,,,,,,missing_hidden_address_not_inferred,0,,0,0,1,
GCP-15445,みなみのき助産院,みなみのき助産院,100,自治体連携等の産後ケア掲載レコード,15445,1,0,1,15445,宇都宮市平出町2720,08011744562,36.5853231,139.9494805,birth_navi,birth_navi_not_crosschecked,0,0.0,0,0,1,
GCP-15446,産後ケアPiannu.,産後ケアpiannu,100,自治体連携等の産後ケア掲載レコード,15446,1,0,1,15446,宇都宮市砥上町10-7,09021505171,36.5410053,139.8423099,birth_navi,birth_navi_not_crosschecked,0,0.0,0,0,1,
GCP-15447,ふわり助産院,ふわり助産院,100,自治体連携等の産後ケア掲載レコード,15447,1,0,1,15447,鹿沼市西茂呂4丁目9-15　オピュロンスA棟,09022614981,36.5503127,139.7652543,birth_navi,birth_navi_not_crosschecked,0,0.0,0,0,1,
GCP-15448,エナ助産院,エナ助産院,100,自治体連携等の産後ケア掲載レコード,15448,1,0,1,15448,下都賀郡壬生町本丸1-1-6,08078405282,36.4309425,139.80038,birth_navi,birth_navi_not_crosschecked,0,0.0,0,0,1,
GCP-15449,阿部母乳相談室,阿部母乳相談室,100,自治体連携等の産後ケア掲載レコード,15449,1,0,1,15449,群馬県桐生市梅田町1丁目466-3,0277321719,36.4409848,139.3631962,birth_navi,birth_navi_not_crosschecked,0,0.0,0,0,1,
GCP-15450,amma助産院,amma助産院,100,自治体連携等の産後ケア掲載レコード,15450,1,0,1,15450,群馬県桐生市新里町新川3658-4,07038702884,36.4194704,139.2588431,birth_navi,birth_navi_not_crosschecked,0,0.0,0,0,1,
GCP-15452,つばめ助産院,つばめ助産院,100,自治体連携等の産後ケア掲載レコード,15452,1,0,1,15452,,09049382145,,,,missing_hidden_address_not_inferred,0,,0,0,1,
GCP-15453,Family サロン Orange,familyサロンorange,100,自治体連携等の産後ケア掲載レコード,15453,1,0,1,15453,富士見市山室２丁目１７−１３,07084591138,35.8594852,139.5437139,birth_navi,birth_navi_not_crosschecked,0,0.0,0,0,1,
GCP-15454,ぽけっとの輪 カンガルーぽけっと,ぽけっとの輪カンガルーぽけっと,100,自治体連携等の産後ケア掲載レコード,15454,1,0,1,15454,さいたま市南区鹿手袋7-10-14,0488653365,35.8474424,139.6353465,birth_navi,birth_navi_not_crosschecked,0,0.0,0,0,1,
GCP-15455,産後ケアハウスkuu,産後ケアハウスkuu,100,自治体連携等の産後ケア掲載レコード,15455,1,0,1,15455,東村山市久米川町4-21-33,08066662827,35.7644427,139.4715292,birth_navi,birth_navi_not_crosschecked,0,0.0,0,0,1,
GCP-15456,高野母乳育児相談室,高野母乳育児相談室,100,自治体連携等の産後ケア掲載レコード,15456,1,0,1,15456,,09039171563,,,,missing_hidden_address_not_inferred,0,,0,0,1,
GCP-15457,池田幸枝,池田幸枝,100,自治体連携等の産後ケア掲載レコード,15457,1,0,1,15457,,09017765653,,,,missing_hidden_address_not_inferred,0,,0,0,1,
GCP-15458,長井敦子,長井敦子,100,自治体連携等の産後ケア掲載レコード,15458,1,0,1,15458,,09047389694,,,,missing_hidden_address_not_inferred,0,,0,0,1,
GCP-15459,学校法人柿沼学園　にじいろのおうち,学校法人柿沼学園にじいろのおうち,100,自治体連携等の産後ケア掲載レコード,15459,1,0,1,15459,久喜市伊坂南2-8-19,0480537244,36.1334616,139.6879468,birth_navi,birth_navi_not_crosschecked,0,0.0,0,0,1,
GCP-15460,Moroマタニティースクエア,moroマタニティースクエア,100,自治体連携等の産後ケア掲載レコード,15460,1,0,1,15460,草加市中央１丁目6-3,0489206003,35.8259358,139.8119431,birth_navi,birth_navi_not_crosschecked,0,0.0,0,0,1,
GCP-15461,やまぐち助産所,やまぐち助産所,100,自治体連携等の産後ケア掲載レコード,15461,1,0,1,15461,,09072221886,,,,missing_hidden_address_not_inferred,0,,0,0,1,
GCP-15462,あいあいバース,あいあいバース,100,自治体連携等の産後ケア掲載レコード,15462,1,0,1,15462,,09072782737,,,,missing_hidden_address_not_inferred,0,,0,0,1,
GCP-15463,久富助産院,久富助産院,100,自治体連携等の産後ケア掲載レコード,15463,1,0,1,15463,,09023182693,,,,missing_hidden_address_not_inferred,0,,0,0,1,
GCP-15464,MAMORU,mamoru,100,自治体連携等の産後ケア掲載レコード,15464,1,0,1,15464,深谷市岡部774,09077280696,36.2041145,139.2539035,birth_navi,birth_navi_not_crosschecked,0,0.0,0,0,1,
GCP-15465,高野台平屋の家,高野台平屋の家,100,自治体連携等の産後ケア掲載レコード,15465,1,0,1,15465,埼玉県杉戸町茨島761-1,08011593021,36.052017,139.7183538,birth_navi,birth_navi_not_crosschecked,0,0.0,0,0,1,
GCP-15466,鎌ヶ谷バースクリニック附属　助産院　THE CARE,鎌ヶ谷バースクリニック附属助産院thecare,100,自治体連携等の産後ケア掲載レコード,15466,1,0,1,15466,鎌ヶ谷市,0474465099,,,,missing_unresolved,0,,0,0,1,
GCP-15467,助産院cocoro（出張専門）,助産院cocoro出張専門,100,自治体連携等の産後ケア掲載レコード,15467,1,0,1,15467,,,,,,missing_hidden_address_not_inferred,0,,0,0,1,
GCP-15468,杉山母乳育児相談室,杉山母乳育児相談室,100,自治体連携等の産後ケア掲載レコード,15468,1,0,1,15468,佐倉市大崎台1-20-10　カーサフローラサクラ201,0434847471,35.7074777,140.2221562,birth_navi,birth_navi_not_crosschecked,0,0.0,0,0,1,
GCP-15469,"医療法人社団良知会
共立習志野台病院",良知会共立習志野台病院,100,自治体連携等の産後ケア掲載レコード,15469,1,0,1,15469,船橋市習志野台4-13-16,0474663372,35.7184693,140.0453256,birth_navi,birth_navi_not_crosschecked,0,0.0,0,0,1,
GCP-15470,Mama's Station助産院,mamasstation助産院,100,自治体連携等の産後ケア掲載レコード,15470,1,0,1,15470,千葉市緑区おゆみ野南2-4-10,08036614992,35.5516483,140.1655014,birth_navi,birth_navi_not_crosschecked,0,0.0,0,0,1,
GCP-15471,ファミール産院ながれやま,ファミール産院ながれやま,100,自治体連携等の産後ケア掲載レコード,15471,1,0,1,15471,流山市西初石4丁目1417-5,0471700650,35.8778175,139.9152872,birth_navi,birth_navi_not_crosschecked,0,0.0,0,0,1,
GCP-15472,あすなろ助産院,あすなろ助産院,100,自治体連携等の産後ケア掲載レコード,15472,1,0,1,15472,我孫子市天王台２－３－９,09043772558,35.8724292,140.0456008,birth_navi,birth_navi_not_crosschecked,0,0.0,0,0,1,
GCP-15473,みらいウィメンズ駅前クリニック,みらいウィメンズ駅前クリニック,100,自治体連携等の産後ケア掲載レコード,15473,1,0,1,15473,印西市中央南1-1-1千葉ニュータウン中央南口ビル1階,0476401203,35.799559,140.1176903,birth_navi,birth_navi_not_crosschecked,0,0.0,0,0,1,
GCP-15474,鴨川市,鴨川市,100,自治体連携等の産後ケア掲載レコード,15474,1,0,1,15474,千葉県鴨川市八色887－1,0470937151,35.1228863,140.0860961,birth_navi,birth_navi_not_crosschecked,0,0.0,0,0,1,
GCP-15475,にじいろ助産院,にじいろ助産院,100,自治体連携等の産後ケア掲載レコード,15475,1,0,1,15475,,,,,,missing_hidden_address_not_inferred,0,,0,0,1,
GCP-15476,つむなぎ助産院,つむなぎ助産院,100,自治体連携等の産後ケア掲載レコード,15476,1,0,1,15476,四街道市和良比,,,,,missing_unresolved,0,,0,0,1,
GCP-15477,ねっこ助産院,ねっこ助産院,100,自治体連携等の産後ケア掲載レコード,15477,1,0,1,15477,,,,,,missing_hidden_address_not_inferred,0,,0,0,1,
GCP-15478,Mamma＆bambini（マンマ＆ばんびいに）,mammabambiniマンマばんびいに,100,自治体連携等の産後ケア掲載レコード,15478,1,0,1,15478,港区白金台4-3-3 O-HOUSE102号,0334414150,35.640307,139.7269384,birth_navi,birth_navi_not_crosschecked,0,0.0,0,0,1,
GCP-15479,ベビーカレンダーひより青山,ベビーカレンダーひより青山,100,自治体連携等の産後ケア掲載レコード,15479,1,0,1,15479,港区南青山2-29-8　フロンティアビルディング801,08047260397,35.6679546,139.7178635,birth_navi,birth_navi_not_crosschecked,0,0.0,0,0,1,
GCP-15480,ベビーカレンダーひより芝浦,ベビーカレンダーひより芝浦,100,自治体連携等の産後ケア掲載レコード,15480,1,0,1,15480,港区芝浦4-17-3　芝浦NAビル5階,08047260397,35.637048,139.7471475,birth_navi,birth_navi_not_crosschecked,0,0.0,0,0,1,
GCP-15481,ゆうき助産院,ゆうき助産院,100,自治体連携等の産後ケア掲載レコード,15481,1,0,1,15481,港区白金1-25-15-302,0364245576,35.6439119,139.7327323,birth_navi,birth_navi_not_crosschecked,0,0.0,0,0,1,
GCP-15482,せるか助産院（桶谷式）,せるか助産院桶谷式,100,自治体連携等の産後ケア掲載レコード,15482,1,0,1,15482,港区白金1-25-15　平野ビル302,07055901022,35.6439119,139.7327323,birth_navi,birth_navi_not_crosschecked,0,0.0,0,0,1,
GCP-15483,港助産院,港助産院,100,自治体連携等の産後ケア掲載レコード,15483,1,0,1,15483,港区南麻布4-12-25　セントレビル4階,09046692040,35.6471323,139.7242524,birth_navi,birth_navi_not_crosschecked,0,0.0,0,0,1,
GCP-15484,杉山助産院　両国マタニティハウス,杉山助産院両国マタニティハウス,100,自治体連携等の産後ケア掲載レコード,15484,1,0,1,15484,墨田区両国3-20-8,09093626311,35.6939775,139.7946882,birth_navi,birth_navi_not_crosschecked,0,0.0,0,0,1,
GCP-15485,助産所　スィゴーニュ,助産所スィゴーニュ,100,自治体連携等の産後ケア掲載レコード,15485,1,0,1,15485,墨田区向島3-19-5-303,07015425934,35.7145352,139.8106056,birth_navi,birth_navi_not_crosschecked,0,0.0,0,0,1,
GCP-15486,トラスト錦糸町助産院,トラスト錦糸町助産院,100,自治体連携等の産後ケア掲載レコード,15486,1,0,1,15486,墨田区錦糸4-10-7　フェリチータ101,09026735697,35.6977059,139.8181487,birth_navi,birth_navi_not_crosschecked,0,0.0,0,0,1,
GCP-15487,せと助産院（瀬戸）,せと助産院瀬戸,100,自治体連携等の産後ケア掲載レコード,15487,1,0,1,15487,,08050374354,,,,missing_hidden_address_not_inferred,0,,0,0,1,
GCP-15488,真智湖助産院（佐藤）,真智湖助産院佐藤,100,自治体連携等の産後ケア掲載レコード,15488,1,0,1,15488,,08050145691,,,,missing_hidden_address_not_inferred,0,,0,0,1,
GCP-15489,さくら助産所（菊池）,さくら助産所菊池,100,自治体連携等の産後ケア掲載レコード,15489,1,0,1,15489,,09060425676,,,,missing_hidden_address_not_inferred,0,,0,0,1,
GCP-15490,湯浅,湯浅,100,自治体連携等の産後ケア掲載レコード,15490,1,0,1,15490,,09058057405,,,,missing_hidden_address_not_inferred,0,,0,0,1,
GCP-15491,助産院なないろ（新井）,助産院なないろ新井,100,自治体連携等の産後ケア掲載レコード,15491,1,0,1,15491,,08050884182,,,,missing_hidden_address_not_inferred,0,,0,0,1,
GCP-15492,兵頭,兵頭,100,自治体連携等の産後ケア掲載レコード,15492,1,0,1,15492,,09078788210,,,,missing_hidden_address_not_inferred,0,,0,0,1,
GCP-15493,時任,時任,100,自治体連携等の産後ケア掲載レコード,15493,1,0,1,15493,,09055945563,,,,missing_hidden_address_not_inferred,0,,0,0,1,
GCP-15494,はるの星助産院,はるの星助産院,100,自治体連携等の産後ケア掲載レコード,15494,1,0,1,15494,,,,,,missing_hidden_address_not_inferred,0,,0,0,1,
GCP-15495,医療法人社団祐喜会　加塚医院,祐喜会加塚医院,100,自治体連携等の産後ケア掲載レコード,15495,1,0,1,15495,豊島区駒込2-5-5,0339103811,35.7380259,139.7466417,birth_navi,birth_navi_not_crosschecked,0,0.0,0,0,1,
GCP-15496,さくら助産院,さくら助産院,100,自治体連携等の産後ケア掲載レコード,15496,1,0,1,15496,北区赤羽西６-３４-１,09079494645,35.7718093,139.7069989,birth_navi,birth_navi_not_crosschecked,0,0.0,0,0,1,
GCP-15498,あおい助産所,あおい助産所,100,自治体連携等の産後ケア掲載レコード,15498,1,0,1,15498,練馬区関町南1-2-27,08046338467,35.7219037,139.595714,birth_navi,birth_navi_not_crosschecked,0,0.0,0,0,1,
GCP-15499,特定非営利活動法人子育てパレット,特定非営利活動法人子育てパレット,100,自治体連携等の産後ケア掲載レコード,15499,1,0,1,15499,東京都足立区梅島三丁目４番８－２０３号　うめじまＫＳビル,0358886943,35.7739821,139.7967936,birth_navi,birth_navi_not_crosschecked,0,0.0,0,0,1,
GCP-15500,青木,青木,100,自治体連携等の産後ケア掲載レコード,15500,1,0,1,15500,,0426976853,,,,missing_hidden_address_not_inferred,0,,0,0,1,
GCP-15501,青島,青島,100,自治体連携等の産後ケア掲載レコード,15501,1,0,1,15501,,07045430820,,,,missing_hidden_address_not_inferred,0,,0,0,1,
GCP-15502,小井戸,小井戸,100,自治体連携等の産後ケア掲載レコード,15502,1,0,1,15502,,09066582468,,,,missing_hidden_address_not_inferred,0,,0,0,1,
GCP-15503,新庄,新庄,100,自治体連携等の産後ケア掲載レコード,15503,1,0,1,15503,,09080559350,,,,missing_hidden_address_not_inferred,0,,0,0,1,
GCP-15504,青梅きいろ助産院,青梅きいろ助産院,100,自治体連携等の産後ケア掲載レコード,15504,1,0,1,15504,青梅市駒木町3-465-2,05017931871,35.7808876,139.2513501,birth_navi,birth_navi_not_crosschecked,0,0.0,0,0,1,
GCP-15506,くるり訪問看護ステーション,くるり訪問看護ステーション,100,自治体連携等の産後ケア掲載レコード,15506,1,0,1,15506,,05036446998,,,,missing_hidden_address_not_inferred,0,,0,0,1,
GCP-15507,訪問助産師　羽嶋　美千子,訪問助産師羽嶋美千子,100,自治体連携等の産後ケア掲載レコード,15507,1,0,1,15507,,09047089969,,,,missing_hidden_address_not_inferred,0,,0,0,1,
GCP-15508,産後ケアハウス　萌の木,産後ケアハウス萌の木,100,自治体連携等の産後ケア掲載レコード,15508,1,0,1,15508,西東京市東町１－６－３中川ビル１階,0424463193,35.7458613,139.562868,birth_navi,birth_navi_not_crosschecked,0,0.0,0,0,1,
GCP-15509,あまね母子訪問看護ステーション,あまね母子訪問看護ステーション,100,自治体連携等の産後ケア掲載レコード,15509,1,0,1,15509,川崎市宮前区初山1－24－22－205,0448728085,35.5962107,139.5586086,birth_navi,birth_navi_not_crosschecked,0,0.0,0,0,1,
GCP-15510,あゆむ訪問看護チーム,あゆむ訪問看護チーム,100,自治体連携等の産後ケア掲載レコード,15510,1,0,1,15510,川崎市高津区千年1035－D104,05017505508,35.5844383,139.6252501,birth_navi,birth_navi_not_crosschecked,0,0.0,0,0,1,
GCP-15511,オリーブエイドかわさき,オリーブエイドかわさき,100,自治体連携等の産後ケア掲載レコード,15511,1,0,1,15511,幸区古市場2-91-1,0445899257,35.5529965,139.682367,birth_navi,birth_navi_not_crosschecked,0,0.0,0,0,1,
GCP-15512,川崎市助産師会協力助産所（宮前お産宿えん助産院）,川崎市助産師会協力助産所宮前お産宿えん助産院,100,自治体連携等の産後ケア掲載レコード,15512,1,0,1,15512,川崎市宮前区西野川１－１－４４,,35.5772144,139.5961435,birth_navi,birth_navi_not_crosschecked,0,0.0,0,0,1,
GCP-15513,川崎市助産師会協力助産所（オリーブ母子相談室）,川崎市助産師会協力助産所オリーブ母子相談室,100,自治体連携等の産後ケア掲載レコード,15513,1,0,1,15513,川崎市幸区古川町102－204,,35.5459983,139.683702,birth_navi,birth_navi_not_crosschecked,0,0.0,0,0,1,
GCP-15514,川崎市助産師会協力助産所（つばめ助産院）,川崎市助産師会協力助産所つばめ助産院,100,自治体連携等の産後ケア掲載レコード,15514,1,0,1,15514,川崎市幸区北加瀬1－8－5－201,,35.5520827,139.6658969,birth_navi,birth_navi_not_crosschecked,0,0.0,0,0,1,
GCP-15515,川崎市助産師会協力助産所（ぽかぽか母乳育児相談室）,川崎市助産師会協力助産所ぽかぽか母乳育児相談室,100,自治体連携等の産後ケア掲載レコード,15515,1,0,1,15515,川崎市中原区木月２－３－３５－５０３,,35.5649127,139.6549692,birth_navi,birth_navi_not_crosschecked,0,0.0,0,0,1,
GCP-15516,川崎市助産師会協力助産所（みぎわ母乳育児相談室）,川崎市助産師会協力助産所みぎわ母乳育児相談室,100,自治体連携等の産後ケア掲載レコード,15516,1,0,1,15516,川崎市高津区溝口２－１３－２８－３０１,,35.601812,139.6131736,birth_navi,birth_navi_not_crosschecked,0,0.0,0,0,1,
GCP-15517,川崎市助産師会協力助産所（中本母乳育児相談室）,川崎市助産師会協力助産所中本母乳育児相談室,100,自治体連携等の産後ケア掲載レコード,15517,1,0,1,15517,川崎市宮前区菅生５－７－３,,35.593983,139.5559636,birth_navi,birth_navi_not_crosschecked,0,0.0,0,0,1,
GCP-15518,川崎市助産師会協力助産所（南野川助産院　母子相談室）,川崎市助産師会協力助産所南野川助産院母子相談室,100,自治体連携等の産後ケア掲載レコード,15518,1,0,1,15518,川崎市宮前区南野川２－２７－１７,,35.5661801,139.6050337,birth_navi,birth_navi_not_crosschecked,0,0.0,0,0,1,
GCP-15519,川崎市助産師会協力助産所（とよなが母乳育児相談室）,川崎市助産師会協力助産所とよなが母乳育児相談室,100,自治体連携等の産後ケア掲載レコード,15519,1,0,1,15519,川崎市麻生区高石１－１－５－２０1,,35.6090585,139.5150811,birth_navi,birth_navi_not_crosschecked,0,0.0,0,0,1,
GCP-15520,川崎市助産師会協力助産所（はせがわ母子相談室）,川崎市助産師会協力助産所はせがわ母子相談室,100,自治体連携等の産後ケア掲載レコード,15520,1,0,1,15520,,,,,,missing_hidden_address_not_inferred,0,,0,0,1,
GCP-15521,川崎市助産師会協力助産所（諏訪母乳相談室）,川崎市助産師会協力助産所諏訪母乳相談室,100,自治体連携等の産後ケア掲載レコード,15521,1,0,1,15521,,,,,,missing_hidden_address_not_inferred,0,,0,0,1,
GCP-15522,川崎市助産師会協力助産所（ミチコ母乳育児相談室）,川崎市助産師会協力助産所ミチコ母乳育児相談室,100,自治体連携等の産後ケア掲載レコード,15522,1,0,1,15522,,,,,,missing_hidden_address_not_inferred,0,,0,0,1,
GCP-15523,川崎市助産師会協力助産所（ベビママケアsorcier）,川崎市助産師会協力助産所ベビママケアsorcier,100,自治体連携等の産後ケア掲載レコード,15523,1,0,1,15523,,,,,,missing_hidden_address_not_inferred,0,,0,0,1,
GCP-15524,川崎市助産師会協力助産所（はなさき母乳育児相談室）,川崎市助産師会協力助産所はなさき母乳育児相談室,100,自治体連携等の産後ケア掲載レコード,15524,1,0,1,15524,,,,,,missing_hidden_address_not_inferred,0,,0,0,1,
GCP-15525,川崎市助産師会協力助産所（ナチュラル母乳育児相談室）,川崎市助産師会協力助産所ナチュラル母乳育児相談室,100,自治体連携等の産後ケア掲載レコード,15525,1,0,1,15525,,,,,,missing_hidden_address_not_inferred,0,,0,0,1,
GCP-15526,川崎市助産師会協力助産所（ひまわり母乳育児相談室）,川崎市助産師会協力助産所ひまわり母乳育児相談室,100,自治体連携等の産後ケア掲載レコード,15526,1,0,1,15526,,,,,,missing_hidden_address_not_inferred,0,,0,0,1,
GCP-15527,川崎市助産師会協力助産所（うきたま助産院）,川崎市助産師会協力助産所うきたま助産院,100,自治体連携等の産後ケア掲載レコード,15527,1,0,1,15527,,,,,,missing_hidden_address_not_inferred,0,,0,0,1,
GCP-15528,川崎市助産師会協力助産所（助産院POLEPOLE）,川崎市助産師会協力助産所助産院polepole,100,自治体連携等の産後ケア掲載レコード,15528,1,0,1,15528,,,,,,missing_hidden_address_not_inferred,0,,0,0,1,
GCP-15529,川崎市助産師会協力助産所(Women's Care Mum),川崎市助産師会協力助産所womenscaremum,100,自治体連携等の産後ケア掲載レコード,15529,1,0,1,15529,,,,,,missing_hidden_address_not_inferred,0,,0,0,1,
GCP-15530,川崎市助産師会協力助産所（にこにこ助産院）,川崎市助産師会協力助産所にこにこ助産院,100,自治体連携等の産後ケア掲載レコード,15530,1,0,1,15530,,,,,,missing_hidden_address_not_inferred,0,,0,0,1,
GCP-15531,川崎市助産師会協力助産所（桶谷式まりも母乳育児相談室）,川崎市助産師会協力助産所桶谷式まりも母乳育児相談室,100,自治体連携等の産後ケア掲載レコード,15531,1,0,1,15531,,,,,,missing_hidden_address_not_inferred,0,,0,0,1,
GCP-15532,川崎市助産師会協力助産所（てまりの助産院）,川崎市助産師会協力助産所てまりの助産院,100,自治体連携等の産後ケア掲載レコード,15532,1,0,1,15532,,,,,,missing_hidden_address_not_inferred,0,,0,0,1,
GCP-15533,川崎市助産師会協力助産所（有吉助産所）,川崎市助産師会協力助産所有吉助産所,100,自治体連携等の産後ケア掲載レコード,15533,1,0,1,15533,,,,,,missing_hidden_address_not_inferred,0,,0,0,1,
GCP-15534,川崎市助産師会協力助産所（助産師　水野尚子）,川崎市助産師会協力助産所助産師水野尚子,100,自治体連携等の産後ケア掲載レコード,15534,1,0,1,15534,,,,,,missing_hidden_address_not_inferred,0,,0,0,1,
GCP-15535,川崎市助産師会協力助産所（川崎・横浜妊娠産後子育て支援助産師　YourMidwifeブラウンみゆき）,川崎市助産師会協力助産所川崎横浜妊娠産後子育て支援助産師yourmidwifeブラウンみゆき,100,自治体連携等の産後ケア掲載レコード,15535,1,0,1,15535,,,,,,missing_hidden_address_not_inferred,0,,0,0,1,
GCP-15536,川崎市助産師会協力助産所（つるまる助産院）,川崎市助産師会協力助産所つるまる助産院,100,自治体連携等の産後ケア掲載レコード,15536,1,0,1,15536,,,,,,missing_hidden_address_not_inferred,0,,0,0,1,
GCP-15537,川崎市助産師会協力助産所（ははとも助産院）,川崎市助産師会協力助産所ははとも助産院,100,自治体連携等の産後ケア掲載レコード,15537,1,0,1,15537,,,,,,missing_hidden_address_not_inferred,0,,0,0,1,
GCP-15538,川崎市助産師会協力助産所（母乳育児相談Babys・アイ）,川崎市助産師会協力助産所母乳育児相談babysアイ,100,自治体連携等の産後ケア掲載レコード,15538,1,0,1,15538,,,,,,missing_hidden_address_not_inferred,0,,0,0,1,
GCP-15539,川崎市助産師会協力助産所（助産師　手老よしの）,川崎市助産師会協力助産所助産師手老よしの,100,自治体連携等の産後ケア掲載レコード,15539,1,0,1,15539,,,,,,missing_hidden_address_not_inferred,0,,0,0,1,
GCP-15540,川崎市助産師会協力助産所（助産院Anto）,川崎市助産師会協力助産所助産院anto,100,自治体連携等の産後ケア掲載レコード,15540,1,0,1,15540,,,,,,missing_hidden_address_not_inferred,0,,0,0,1,
GCP-15541,川崎市助産師会協力助産所（助産院となりにそっと）,川崎市助産師会協力助産所助産院となりにそっと,100,自治体連携等の産後ケア掲載レコード,15541,1,0,1,15541,,,,,,missing_hidden_address_not_inferred,0,,0,0,1,
GCP-15542,川崎市助産師会協力助産所（ull助産院）,川崎市助産師会協力助産所ull助産院,100,自治体連携等の産後ケア掲載レコード,15542,1,0,1,15542,,,,,,missing_hidden_address_not_inferred,0,,0,0,1,
GCP-15543,川崎市助産師会協力助産所（みこたま助産院）,川崎市助産師会協力助産所みこたま助産院,100,自治体連携等の産後ケア掲載レコード,15543,1,0,1,15543,,,,,,missing_hidden_address_not_inferred,0,,0,0,1,
GCP-15544,川崎市助産師会協力助産所（なかしま助産院）,川崎市助産師会協力助産所なかしま助産院,100,自治体連携等の産後ケア掲載レコード,15544,1,0,1,15544,,,,,,missing_hidden_address_not_inferred,0,,0,0,1,
GCP-15545,川崎市助産師会協力助産所（えごころ母子相談室）,川崎市助産師会協力助産所えごころ母子相談室,100,自治体連携等の産後ケア掲載レコード,15545,1,0,1,15545,,,,,,missing_hidden_address_not_inferred,0,,0,0,1,
GCP-15546,出張専門助産師　萩原美穂,出張専門助産師萩原美穂,100,自治体連携等の産後ケア掲載レコード,15546,1,0,1,15546,,08050238298,,,,missing_hidden_address_not_inferred,0,,0,0,1,
GCP-15547,ＮＡＧＩ＋,nagi,100,自治体連携等の産後ケア掲載レコード,15547,1,0,1,15547,,09046945708,,,,missing_hidden_address_not_inferred,0,,0,0,1,
GCP-15548,なつ母乳育児相談室,なつ母乳育児相談室,100,自治体連携等の産後ケア掲載レコード,15548,1,0,1,15548,神奈川県鎌倉市大船1-14-23 NAビルA,0467451184,35.3503115,139.5322683,birth_navi,birth_navi_crosschecked_mhlw_within_100m,0,0.0,0,0,1,1441400852100
GCP-15549,逗子母乳育児相談室,逗子母乳育児相談室,100,自治体連携等の産後ケア掲載レコード,15549,1,0,1,15549,,,,,,missing_hidden_address_not_inferred,0,,0,0,1,
GCP-15550,産後ほっとステーション,産後ほっとステーション,100,自治体連携等の産後ケア掲載レコード,15550,1,0,1,15550,中井町比奈窪104-1,0465815546,35.3312961,139.2192648,birth_navi,birth_navi_not_crosschecked,0,0.0,0,0,1,
GCP-15551,訪問助産院komorebi,訪問助産院komorebi,100,自治体連携等の産後ケア掲載レコード,15551,1,0,1,15551,,08020265232,,,,missing_hidden_address_not_inferred,0,,0,0,1,
GCP-15552,ikka産後ケア,ikka産後ケア,100,自治体連携等の産後ケア掲載レコード,15552,2,0,2,15552;15558,新潟市西区立仏1068-2,08060156068,37.8646797,139.011275,birth_navi,birth_navi_not_crosschecked,0,0.0,0,0,1,
GCP-15553,助産院　灯,助産院灯,100,自治体連携等の産後ケア掲載レコード,15553,1,0,1,15553,,09079417093,,,,missing_hidden_address_not_inferred,0,,0,0,1,
GCP-15554,sunny　spot,sunnyspot,100,自治体連携等の産後ケア掲載レコード,15554,1,0,1,15554,,08054583490,,,,missing_hidden_address_not_inferred,0,,0,0,1,
GCP-15555,助産院　ほとり,助産院ほとり,100,自治体連携等の産後ケア掲載レコード,15555,1,0,1,15555,新潟市中央区東出来島,07091161229,,,,missing_unresolved,0,,0,0,1,
GCP-15556,産後ケアハウスねんねこ,産後ケアハウスねんねこ,100,自治体連携等の産後ケア掲載レコード,15556,1,0,1,15556,長岡市蓮潟1丁目14－6,09096756421,37.4657086,138.8214206,birth_navi,birth_navi_not_crosschecked,0,0.0,0,0,1,
GCP-15557,ほっとしばた　すまいる保育園,ほっとしばたすまいる保育園,100,自治体連携等の産後ケア掲載レコード,15557,1,0,1,15557,新発田市豊町3丁目5番11号,0254288284,37.9368415,139.3412855,birth_navi,birth_navi_not_crosschecked,0,0.0,0,0,1,
GCP-15559,特定非営利活動法人ゆめきゃんぱす,特定非営利活動法人ゆめきゃんぱす,100,自治体連携等の産後ケア掲載レコード,15559,1,0,1,15559,妙高市朝日町１丁目８−１１,0255706511,37.026327,138.2522905,birth_navi,birth_navi_not_crosschecked,0,0.0,0,0,1,
GCP-13610,三本木助産院,三本木助産院,100,自治体連携等の産後ケア掲載レコード,15560,2,0,2,13610;15560,新潟県五泉市三本木２丁目３番４３号,08090746706,37.753815,139.1743237,birth_navi,birth_navi_not_crosschecked,0,0.0,0,0,1,
GCP-15561,五泉市こども家庭センター,五泉市こども家庭センター,100,自治体連携等の産後ケア掲載レコード,15561,1,0,1,15561,新潟県五泉市太田1094番地1,0250433911,37.7444786,139.1825548,birth_navi,birth_navi_not_crosschecked,0,0.0,0,0,1,
GCP-15563,田上町役場　保健福祉課,田上町役場保健福祉課,100,自治体連携等の産後ケア掲載レコード,15563,1,0,1,15563,田上町大字原ヶ崎新田3070番地,0256576112,37.6987528,139.0571692,birth_navi,birth_navi_not_crosschecked,0,0.0,0,0,1,
GCP-15564,出雲崎町「子は宝」多世代交流館きらり,出雲崎町子は宝多世代交流館きらり,100,自治体連携等の産後ケア掲載レコード,15564,1,0,1,15564,出雲崎町大字米田395番地,0258865580,37.5379763,138.703577,birth_navi,birth_navi_not_crosschecked,0,0.0,0,0,1,
GCP-15565,すど助産所母乳育児相談室,すど助産所母乳育児相談室,100,自治体連携等の産後ケア掲載レコード,15565,1,0,1,15565,富山市婦中町速星４２５ー１,09061633480,36.6640975,137.1632275,birth_navi,birth_navi_not_crosschecked,0,0.0,0,0,1,
GCP-15566,つき助産院,つき助産院,100,自治体連携等の産後ケア掲載レコード,15566,1,0,1,15566,,08086965193,,,,missing_hidden_address_not_inferred,0,,0,0,1,
GCP-15567,寺井助産院,寺井助産院,100,自治体連携等の産後ケア掲載レコード,15567,1,0,1,15567,富山市呉羽町４２２０－１,09089682643,36.7190766,137.1746552,birth_navi,birth_navi_not_crosschecked,0,0.0,0,0,1,
GCP-15568,ナナサン助産院,ナナサン助産院,100,自治体連携等の産後ケア掲載レコード,15568,1,0,1,15568,,09028320733,,,,missing_hidden_address_not_inferred,0,,0,0,1,
GCP-15569,ゆうき助産院,ゆうき助産院,100,自治体連携等の産後ケア掲載レコード,15569,1,0,1,15569,,09037652792,,,,missing_hidden_address_not_inferred,0,,0,0,1,
GCP-15570,たんぽぽ助産院,たんぽぽ助産院,100,自治体連携等の産後ケア掲載レコード,15570,1,0,1,15570,富山市大泉東町１丁目２ー１９,0764223288,36.6834852,137.2274665,birth_navi,birth_navi_not_crosschecked,0,0.0,0,0,1,
GCP-15571,助産院with,助産院with,100,自治体連携等の産後ケア掲載レコード,15571,1,0,1,15571,,,,,,missing_hidden_address_not_inferred,0,,0,0,1,
GCP-15572,よしだ助産院　母乳育児相談室,よしだ助産院母乳育児相談室,100,自治体連携等の産後ケア掲載レコード,15572,1,0,1,15572,鯖江市住吉町３丁目５－１５,0778517182,35.9406663,136.1771485,birth_navi,birth_navi_not_crosschecked,0,0.0,0,0,1,
GCP-13697,福井県助産師会,福井県助産師会,100,自治体連携等の産後ケア掲載レコード,15573,2,0,2,13697;15573,福井市和布町15-81-1,0776861782,36.1274835,136.0649109,birth_navi,birth_navi_not_crosschecked,0,0.0,0,0,1,
GCP-15574,多治見市民病院（是花訪問看護ステーション）,多治見市民病院是花訪問看護ステーション,100,自治体連携等の産後ケア掲載レコード,15574,1,0,1,15574,多治見市前畑町３－４３,0572512845,35.3307318,137.1181593,birth_navi,birth_navi_not_crosschecked,0,0.0,0,0,1,
GCP-15575,壱の宿（是花訪問看護ステーション）,壱の宿是花訪問看護ステーション,100,自治体連携等の産後ケア掲載レコード,15575,1,0,1,15575,多治見市市之倉町２－８０－４,0572512845,35.3021805,137.1287429,birth_navi,birth_navi_not_crosschecked,0,0.0,0,0,1,
GCP-15576,多治見市保健センター,多治見市保健センター,100,自治体連携等の産後ケア掲載レコード,15576,1,0,1,15576,多治見市音羽町１－２３３,0572236187,35.3361225,137.1196257,birth_navi,birth_navi_not_crosschecked,0,0.0,0,0,1,
GCP-15577,こばやし母乳育児相談室,こばやし母乳育児相談室,100,自治体連携等の産後ケア掲載レコード,15577,1,0,1,15577,下呂市萩原町桜洞1627-6,09099410301,35.878919,137.2140435,birth_navi,birth_navi_not_crosschecked,0,0.0,0,0,1,
GCP-15578,助産院　ママのひととき,助産院ママのひととき,100,自治体連携等の産後ケア掲載レコード,15578,1,0,1,15578,,,,,,missing_hidden_address_not_inferred,0,,0,0,1,
GCP-15579,出張助産院　はれ,出張助産院はれ,100,自治体連携等の産後ケア掲載レコード,15579,1,0,1,15579,,09041181769,,,,missing_hidden_address_not_inferred,0,,0,0,1,
GCP-15580,こころのふるさと助産院,こころのふるさと助産院,100,自治体連携等の産後ケア掲載レコード,15580,1,0,1,15580,岐阜市琴塚2-8-5,09042135246,35.4158293,136.808669,birth_navi,birth_navi_not_crosschecked,0,0.0,0,0,1,
GCP-15582,nico助産院,nico助産院,100,自治体連携等の産後ケア掲載レコード,15582,1,0,1,15582,浜松市中央区大瀬町1795-1,09023413417,34.7620722,137.7750632,birth_navi,birth_navi_not_crosschecked,0,0.0,0,0,1,
GCP-15583,すこやか助産院,すこやか助産院,100,自治体連携等の産後ケア掲載レコード,15583,1,0,1,15583,浜松市中央区瓜内町148,09033074580,34.6905298,137.7368337,birth_navi,birth_navi_not_crosschecked,0,0.0,0,0,1,
GCP-15584,マルル助産院,マルル助産院,100,自治体連携等の産後ケア掲載レコード,15584,1,0,1,15584,,,,,,missing_hidden_address_not_inferred,0,,0,0,1,
GCP-15585,ルツ助産院,ルツ助産院,100,自治体連携等の産後ケア掲載レコード,15585,1,0,1,15585,,09099383931,,,,missing_hidden_address_not_inferred,0,,0,0,1,
GCP-15586,助産院　凛灯,助産院凛灯,100,自治体連携等の産後ケア掲載レコード,15586,1,0,1,15586,,09035877367,,,,missing_hidden_address_not_inferred,0,,0,0,1,
GCP-15587,はたの助産所,はたの助産所,100,自治体連携等の産後ケア掲載レコード,15587,1,0,1,15587,浜松市中央区有玉南町1888,0534731405,34.749976,137.7496028,birth_navi,birth_navi_not_crosschecked,0,0.0,0,0,1,
GCP-15588,わかば助産院,わかば助産院,100,自治体連携等の産後ケア掲載レコード,15588,1,0,1,15588,磐田市源平新田45-5,09079568552,34.725308,137.8117401,birth_navi,birth_navi_not_crosschecked,0,0.0,0,0,1,
GCP-15589,Nerine母乳育児相談室,nerine母乳育児相談室,100,自治体連携等の産後ケア掲載レコード,15589,1,0,1,15589,掛川市八坂459-6,09076006827,34.7866682,138.0690228,birth_navi,birth_navi_not_crosschecked,0,0.0,0,0,1,
GCP-15590,Link Care-助産院-,linkcare助産院,100,自治体連携等の産後ケア掲載レコード,15590,1,0,1,15590,,,,,,missing_hidden_address_not_inferred,0,,0,0,1,
GCP-15591,出張専門　ひらた助産院（ひらたゆきみ）,出張専門ひらた助産院ひらたゆきみ,100,自治体連携等の産後ケア掲載レコード,15591,1,0,1,15591,,09012310914,,,,missing_hidden_address_not_inferred,0,,0,0,1,
GCP-15592,ななほしクリニック,ななほしクリニック,100,自治体連携等の産後ケア掲載レコード,15592,1,0,1,15592,,0529147277,,,,missing_hidden_address_not_inferred,0,,0,0,1,
GCP-15593,しんあい助産院,しんあい助産院,100,自治体連携等の産後ケア掲載レコード,15593,1,0,1,15593,名古屋市西区香呑町五丁目65番地　レジデンスアイズ202号室,07022871103,35.2033436,136.8942628,birth_navi,birth_navi_not_crosschecked,0,0.0,0,0,1,
GCP-15594,出張専門助産師　長谷初実,出張専門助産師長谷初実,100,自治体連携等の産後ケア掲載レコード,15594,1,0,1,15594,,09056281032,,,,missing_hidden_address_not_inferred,0,,0,0,1,
GCP-15595,ママ・スイートN,ママスイートn,100,自治体連携等の産後ケア掲載レコード,15595,1,0,1,15595,,09054533180,,,,missing_hidden_address_not_inferred,0,,0,0,1,
GCP-15596,より助産院,より助産院,100,自治体連携等の産後ケア掲載レコード,15596,1,0,1,15596,,08069253433,,,,missing_hidden_address_not_inferred,0,,0,0,1,
GCP-15597,あゆみ助産院,あゆみ助産院,100,自治体連携等の産後ケア掲載レコード,15597,1,0,1,15597,,09080748120,,,,missing_hidden_address_not_inferred,0,,0,0,1,
GCP-15598,愛育母乳育児相談室,愛育母乳育児相談室,100,自治体連携等の産後ケア掲載レコード,15598,1,0,1,15598,,0528936587,,,,missing_hidden_address_not_inferred,0,,0,0,1,
GCP-15599,とうごう助産院　神の倉,とうごう助産院神の倉,100,自治体連携等の産後ケア掲載レコード,15599,1,0,1,15599,,,,,,missing_hidden_address_not_inferred,0,,0,0,1,
GCP-15600,助産院ひこばえ,助産院ひこばえ,100,自治体連携等の産後ケア掲載レコード,15600,1,0,1,15600,,,,,,missing_hidden_address_not_inferred,0,,0,0,1,
GCP-15601,シャンティ助産院,シャンティ助産院,100,自治体連携等の産後ケア掲載レコード,15601,1,0,1,15601,,,,,,missing_hidden_address_not_inferred,0,,0,0,1,
GCP-15602,出張専門アンナ助産所,出張専門アンナ助産所,100,自治体連携等の産後ケア掲載レコード,15602,1,0,1,15602,,07083451437,,,,missing_hidden_address_not_inferred,0,,0,0,1,
GCP-15603,助産院　The 2nd Terrac,助産院the2ndterrac,100,自治体連携等の産後ケア掲載レコード,15603,1,0,1,15603,北名古屋市鹿田道下53番地,0568260884,35.2401019,136.8794983,birth_navi,birth_navi_not_crosschecked,0,0.0,0,0,1,
GCP-15604,出張助産院Maapallo,出張助産院maapallo,100,自治体連携等の産後ケア掲載レコード,15604,1,0,1,15604,一宮市小信中島字東鵜飼分20-3,09064625219,35.3117566,136.7438514,birth_navi,birth_navi_not_crosschecked,0,0.0,0,0,1,
GCP-15605,出張助産院ゆいま～る,出張助産院ゆいまる,100,自治体連携等の産後ケア掲載レコード,15605,1,0,1,15605,,,,,,missing_hidden_address_not_inferred,0,,0,0,1,
GCP-15606,安らぎ助産院,安らぎ助産院,100,自治体連携等の産後ケア掲載レコード,15606,2,0,2,15606;15614,一宮市瀬部字砂留51-1,09066102345,35.332608,136.8446419,birth_navi,birth_navi_not_crosschecked,0,0.0,0,0,1,
GCP-15607,出張専門助産院OHANA,出張専門助産院ohana,100,自治体連携等の産後ケア掲載レコード,15607,1,0,1,15607,,09097477821,,,,missing_hidden_address_not_inferred,0,,0,0,1,
GCP-15608,かおり助産院,かおり助産院,100,自治体連携等の産後ケア掲載レコード,15608,2,0,2,15608;15615,愛知県半田市南末広町125－6,09065717791,34.892785,136.9283624,birth_navi,birth_navi_not_crosschecked,0,0.0,0,0,1,
GCP-15609,樂助産院,樂助産院,100,自治体連携等の産後ケア掲載レコード,15609,1,0,1,15609,春日井市鳥居松町６丁目４ Ⅱ2階,07090171302,35.2465779,136.9762785,birth_navi,birth_navi_not_crosschecked,0,0.0,0,0,1,
GCP-15610,ちゃむすび助産院,ちゃむすび助産院,100,自治体連携等の産後ケア掲載レコード,15610,1,0,1,15610,豊田市小坂町８-１-１,09078137808,35.0860955,137.1453133,birth_navi,birth_navi_not_crosschecked,0,0.0,0,0,1,
GCP-15611,助産院ao,助産院ao,100,自治体連携等の産後ケア掲載レコード,15611,1,0,1,15611,,07085795870,,,,missing_hidden_address_not_inferred,0,,0,0,1,
GCP-15612,助産院ぬくぬく,助産院ぬくぬく,100,自治体連携等の産後ケア掲載レコード,15612,1,0,1,15612,,09017499047,,,,missing_hidden_address_not_inferred,0,,0,0,1,
GCP-15616,JA愛知厚生連　知多厚生病院,ja愛知厚生連知多厚生病院,100,自治体連携等の産後ケア掲載レコード,15616,1,0,1,15616,知多郡美浜町大字河和字西谷81-6,0569850395,34.7755566,136.9060154,birth_navi,birth_navi_not_crosschecked,0,0.0,0,0,1,
GCP-15617,知多半島総合医療センター,知多半島総合医療センター,100,自治体連携等の産後ケア掲載レコード,15617,1,0,1,15617,半田市横山町192番地,0569249881,34.9009169,136.8862988,birth_navi,birth_navi_not_crosschecked,0,0.0,0,0,1,
GCP-15618,出張専門助産院　はるのひ,出張専門助産院はるのひ,100,自治体連携等の産後ケア掲載レコード,15618,1,0,1,15618,,,,,,missing_hidden_address_not_inferred,0,,0,0,1,
GCP-15619,月のりぼん,月のりぼん,100,自治体連携等の産後ケア掲載レコード,15619,1,0,1,15619,津市芸濃町椋本523番地1,,34.8120966,136.4200324,birth_navi,birth_navi_not_crosschecked,0,0.0,0,0,1,
GCP-15620,助産院　Raccoon～ラクーン～,助産院raccoonラクーン,100,自治体連携等の産後ケア掲載レコード,15620,1,0,1,15620,松阪市久保町1503-11,09098857329,34.5494848,136.5366161,birth_navi,birth_navi_not_crosschecked,0,0.0,0,0,1,
GCP-15621,産後ケアハウス　Shell Ma'am,産後ケアハウスshellmaam,100,自治体連携等の産後ケア掲載レコード,15621,1,0,1,15621,四日市市ときわ2丁目１１ｰ１８,07035421444,34.9666815,136.5949284,birth_navi,birth_navi_not_crosschecked,0,0.0,0,0,1,
GCP-15623,助産所　お日さま,助産所お日さま,100,自治体連携等の産後ケア掲載レコード,15623,1,0,1,15623,四日市市西山町,09073048425,,,,missing_unresolved,0,,0,0,1,
GCP-15624,訪問助産師保育士　でことぼこ,訪問助産師保育士でことぼこ,100,自治体連携等の産後ケア掲載レコード,15624,1,0,1,15624,大津市,09054679268,,,,missing_unresolved,0,,0,0,1,
GCP-15625,助産院そらいろ,助産院そらいろ,100,自治体連携等の産後ケア掲載レコード,15625,1,0,1,15625,守山市小島町1851-3,09040804086,35.0784417,135.9924536,birth_navi,birth_navi_not_crosschecked,0,0.0,0,0,1,
GCP-15626,大江助産院,大江助産院,100,自治体連携等の産後ケア掲載レコード,15626,1,0,1,15626,近江八幡市中村町６６６,0748332451,35.1328485,136.0910144,birth_navi,birth_navi_not_crosschecked,0,0.0,0,0,1,
GCP-15627,ゆらら助産所,ゆらら助産所,100,自治体連携等の産後ケア掲載レコード,15627,1,0,1,15627,滋賀県米原市村居田628,09079541719,35.4008103,136.3365051,birth_navi,birth_navi_crosschecked_mhlw_within_100m,0,0.0,0,0,1,2546250001110
GCP-15628,福知山市こども家庭支援課,福知山市こども家庭支援課,100,自治体連携等の産後ケア掲載レコード,15628,1,0,1,15628,福知山市字内記１００番地,0773247055,35.297722,135.1263591,birth_navi,birth_navi_not_crosschecked,0,0.0,0,0,1,
GCP-15630,特定非営利法人ピッコラ・ファミリア,特定非営利法人ピッコラファミリア,100,自治体連携等の産後ケア掲載レコード,15630,1,0,1,15630,東大阪市東山町４－８ＷＳ百光ビル３階,07064770085,34.6790984,135.6423534,birth_navi,birth_navi_not_crosschecked,0,0.0,0,0,1,
GCP-14250,産後ケアハウス　はんもっく助産院西小路,産後ケアハウスはんもっく助産院西小路,100,自治体連携等の産後ケア掲載レコード,15631,2,0,2,14250;15631,箕面市西小路3-16-37,0727034588,34.8294764,135.471368,birth_navi,birth_navi_not_crosschecked,0,0.0,0,0,1,
GCP-15632,みち助産院,みち助産院,100,自治体連携等の産後ケア掲載レコード,15632,1,0,1,15632,箕面市船場西3-13-28,08061123026,34.8180112,135.4867133,birth_navi,birth_navi_not_crosschecked,0,0.0,0,0,1,
GCP-15633,中谷助産所,中谷助産所,100,自治体連携等の産後ケア掲載レコード,15633,1,0,1,15633,高石市千代田5丁目10番19号,09066608121,34.5186213,135.4256325,birth_navi,birth_navi_not_crosschecked,0,0.0,0,0,1,
GCP-15634,小林助産院　Fureru,小林助産院fureru,100,自治体連携等の産後ケア掲載レコード,15634,1,0,1,15634,,09014493157,,,,missing_hidden_address_not_inferred,0,,0,0,1,
GCP-15635,おり助産院,おり助産院,100,自治体連携等の産後ケア掲載レコード,15635,1,0,1,15635,神戸市神戸市中央区吾妻通6丁目4-17　岩谷ハイツ302,09094573185,34.6977303,135.2022858,birth_navi,birth_navi_not_crosschecked,0,0.0,0,0,1,
GCP-15636,産前産後ケアサロンMAMALABO助産院,産前産後ケアサロンmamalabo助産院,100,自治体連携等の産後ケア掲載レコード,15636,1,0,1,15636,神戸市東灘区御影中町６丁目1-11-1,09099955941,34.7169346,135.2528686,birth_navi,birth_navi_not_crosschecked,0,0.0,0,0,1,
GCP-15637,いのうえ助産院　にじいろ,いのうえ助産院にじいろ,100,自治体連携等の産後ケア掲載レコード,15637,1,0,1,15637,姫路市山田町北山田174番地,09083773652,34.9042874,134.7803275,birth_navi,birth_navi_not_crosschecked,0,0.0,0,0,1,
GCP-15638,みもざ助産院,みもざ助産院,100,自治体連携等の産後ケア掲載レコード,15638,1,0,1,15638,,09051399781,,,,missing_hidden_address_not_inferred,0,,0,0,1,
GCP-15639,助産所ママズケア西宮（ママズケアハウス）,助産所ママズケア西宮ママズケアハウス,100,自治体連携等の産後ケア掲載レコード,15639,1,0,1,15639,西宮市神楽町6－23みんなげんき夙川講演1階東,0798580209,34.7378028,135.3301228,birth_navi,birth_navi_not_crosschecked,0,0.0,0,0,1,
GCP-15640,pipi caca tetes（ピピカカテテ）,pipicacatetesピピカカテテ,100,自治体連携等の産後ケア掲載レコード,15640,1,0,1,15640,芦屋市翠ヶ丘町4‐9,0797628086,34.7367773,135.3177517,birth_navi,birth_navi_not_crosschecked,0,0.0,0,0,1,
GCP-15641,助産所ママズケア宝塚,助産所ママズケア宝塚,100,自治体連携等の産後ケア掲載レコード,15641,1,0,1,15641,宝塚市川面5丁目10-32　川面マンション203,0798580209,34.8114338,135.341747,birth_navi,birth_navi_not_crosschecked,0,0.0,0,0,1,
GCP-15642,産後ケアハウス　maika,産後ケアハウスmaika,100,自治体連携等の産後ケア掲載レコード,15642,1,0,1,15642,三田市高次2-21-2,07085095219,34.8882835,135.2367025,birth_navi,birth_navi_not_crosschecked,0,0.0,0,0,1,
GCP-15643,しまざき助産院（しまざき産後の家）,しまざき助産院しまざき産後の家,100,自治体連携等の産後ケア掲載レコード,15643,1,0,1,15643,川西市黒川字谷垣内141-1,0727419625,34.9244356,135.4453788,birth_navi,birth_navi_not_crosschecked,0,0.0,0,0,1,
GCP-15644,社助産所,社助産所,100,自治体連携等の産後ケア掲載レコード,15644,1,0,1,15644,加東市池之内385-1,09073482173,34.9229524,135.0467164,birth_navi,birth_navi_not_crosschecked,0,0.0,0,0,1,
GCP-15645,なおみ助産院（ネスタリゾート神戸内）,なおみ助産院ネスタリゾート神戸内,100,自治体連携等の産後ケア掲載レコード,15645,1,0,1,15645,三木市細川町垂穂894-60（ネスタリゾート神戸内）,09017186990,34.8175066,135.0646022,birth_navi,birth_navi_not_crosschecked,0,0.0,0,0,1,
GCP-15646,チチカ助産所,チチカ助産所,100,自治体連携等の産後ケア掲載レコード,15646,1,0,1,15646,,08014861823,,,,missing_hidden_address_not_inferred,0,,0,0,1,
GCP-15647,いっぽ助産院,いっぽ助産院,100,自治体連携等の産後ケア掲載レコード,15647,1,0,1,15647,,,,,,missing_hidden_address_not_inferred,0,,0,0,1,
GCP-15648,あゆみ助産院,あゆみ助産院,100,自治体連携等の産後ケア掲載レコード,15648,1,0,1,15648,,09065571082,,,,missing_hidden_address_not_inferred,0,,0,0,1,
GCP-15649,兵庫県立西宮総合医療センター,兵庫県立西宮総合医療センター,100,自治体連携等の産後ケア掲載レコード,15649,1,0,1,15649,西宮市津門大塚町11-62,0798317700,34.7375506,135.3571717,birth_navi,birth_navi_not_crosschecked,0,0.0,0,0,1,
GCP-15650,助産院totonowa,助産院totonowa,100,自治体連携等の産後ケア掲載レコード,15650,1,0,1,15650,大阪市福島区大開1丁目10-19,07050123027,34.6933831,135.4713478,birth_navi,birth_navi_not_crosschecked,0,0.0,0,0,1,
GCP-15651,Amina（あみーな）助産院,aminaあみーな助産院,100,自治体連携等の産後ケア掲載レコード,15651,1,0,1,15651,,09081494380,,,,missing_hidden_address_not_inferred,0,,0,0,1,
GCP-15652,いりさ母乳育児相談室,いりさ母乳育児相談室,100,自治体連携等の産後ケア掲載レコード,15652,1,0,1,15652,,09063291495,,,,missing_hidden_address_not_inferred,0,,0,0,1,
GCP-15653,栗林 瞳,栗林瞳,100,自治体連携等の産後ケア掲載レコード,15653,1,0,1,15653,,09051520104,,,,missing_hidden_address_not_inferred,0,,0,0,1,
GCP-15654,出張開業助産師　森田輝,出張開業助産師森田輝,100,自治体連携等の産後ケア掲載レコード,15654,1,0,1,15654,,09058953848,,,,missing_hidden_address_not_inferred,0,,0,0,1,
GCP-15655,なつレディースクリニック,なつレディースクリニック,100,自治体連携等の産後ケア掲載レコード,15655,1,0,1,15655,,0798785502,,,,missing_hidden_address_not_inferred,0,,0,0,1,
GCP-15656,母乳育児相談所なるさか,母乳育児相談所なるさか,100,自治体連携等の産後ケア掲載レコード,15656,1,0,1,15656,,09087576115,,,,missing_hidden_address_not_inferred,0,,0,0,1,
GCP-15657,mimi助産院,mimi助産院,100,自治体連携等の産後ケア掲載レコード,15657,1,0,1,15657,,,,,,missing_hidden_address_not_inferred,0,,0,0,1,
GCP-15658,進藤ファミリークリニック,進藤ファミリークリニック,100,自治体連携等の産後ケア掲載レコード,15658,1,0,1,15658,,0791631114,,,,missing_hidden_address_not_inferred,0,,0,0,1,
GCP-15659,訪問看護ステーションまるまる,訪問看護ステーションまるまる,100,自治体連携等の産後ケア掲載レコード,15659,1,0,1,15659,大和郡山市筒井町463-1ふぁみーゆ筒井2階12号,05018074162,34.6218285,135.7805746,birth_navi,birth_navi_not_crosschecked,0,0.0,0,0,1,
GCP-15660,ままね助産院,ままね助産院,100,自治体連携等の産後ケア掲載レコード,15660,1,0,1,15660,奈良市今市町511-3,09028185666,34.6474629,135.8214303,birth_navi,birth_navi_not_crosschecked,0,0.0,0,0,1,
GCP-15662,ベビママサポート　nesté,ベビママサポートnesté,100,自治体連携等の産後ケア掲載レコード,15662,1,0,1,15662,,09025941159,,,,missing_hidden_address_not_inferred,0,,0,0,1,
GCP-15663,医療法人誠人会　与田病院附属ふじと台クリニック,誠人会与田病院附属ふじと台クリニック,100,自治体連携等の産後ケア掲載レコード,15663,1,0,1,15663,和歌山市ふじと台6番地エスタシオンふじと台駅前ビル東棟3階E301号,0734998801,34.2764406,135.1474191,birth_navi,birth_navi_not_crosschecked,0,0.0,0,0,1,
GCP-15665,医療法人オリーブ会　はまだ産婦人科,オリーブ会はまだ産婦人科,100,自治体連携等の産後ケア掲載レコード,15665,1,0,1,15665,和歌山市島230-2,0734640341,34.2570968,135.2528605,birth_navi,birth_navi_not_crosschecked,0,0.0,0,0,1,
GCP-15668,産前・産後ケアゆるる,産前産後ケアゆるる,100,自治体連携等の産後ケア掲載レコード,15668,1,0,1,15668,松江市北田町49-10,,35.4763381,133.0599966,birth_navi,birth_navi_not_crosschecked,0,0.0,0,0,1,
GCP-15669,助産院カシェット,助産院カシェット,100,自治体連携等の産後ケア掲載レコード,15669,1,0,1,15669,,07083092171,,,,missing_hidden_address_not_inferred,0,,0,0,1,
GCP-15670,Risa助産院,risa助産院,100,自治体連携等の産後ケア掲載レコード,15670,1,0,1,15670,,07085680893,,,,missing_hidden_address_not_inferred,0,,0,0,1,
GCP-15671,産前産後ケアハウス助産院Nanny,産前産後ケアハウス助産院nanny,100,自治体連携等の産後ケア掲載レコード,15671,1,0,1,15671,福山市坪生町南二丁目7-8,0849752062,34.5181811,133.4382515,birth_navi,birth_navi_not_crosschecked,0,0.0,0,0,1,
GCP-15672,中村産婦人科,中村産婦人科,100,自治体連携等の産後ケア掲載レコード,15672,1,0,1,15672,福山市御幸町大字森脇115番地,0849996841,34.5361178,133.3513467,birth_navi,birth_navi_not_crosschecked,0,0.0,0,0,1,
GCP-15673,マミィケア　ひだまり,マミィケアひだまり,100,自治体連携等の産後ケア掲載レコード,15673,1,0,1,15673,広島県広島市佐伯区楽々園３－４－２１－２０２,08038990625,34.3639503,132.353794,birth_navi,birth_navi_not_crosschecked,0,0.0,0,0,1,
GCP-15674,くじら助産院　母乳育児相談室,くじら助産院母乳育児相談室,100,自治体連携等の産後ケア掲載レコード,15674,1,0,1,15674,東広島市西条町,,,,,missing_unresolved,0,,0,0,1,
GCP-15675,柳谷助産院,柳谷助産院,100,自治体連携等の産後ケア掲載レコード,15675,1,0,1,15675,東広島市西条町,09041019418,,,,missing_unresolved,0,,0,0,1,
GCP-15676,ゆら助産院,ゆら助産院,100,自治体連携等の産後ケア掲載レコード,15676,1,0,1,15676,東広島市八本松町,07056023835,,,,missing_unresolved,0,,0,0,1,
GCP-15382,助産院はぐ,助産院はぐ,100,自治体連携等の産後ケア掲載レコード,15677,2,0,2,15382;15677,東広島市高屋町,,,,,missing_unresolved,0,,0,0,1,
GCP-15678,よこやま産婦人科,よこやま産婦人科,100,自治体連携等の産後ケア掲載レコード,15678,1,0,1,15678,東広島市高屋町,0824347777,,,,missing_unresolved,0,,0,0,1,
GCP-15379,Hana母乳育児相談,hana母乳育児相談,100,自治体連携等の産後ケア掲載レコード,15679,2,0,2,15379;15679,広島市安佐南区八木九丁目１５－１５,0829620430,34.4870246,132.5073501,birth_navi,birth_navi_not_crosschecked,0,0.0,0,0,1,
GCP-15680,ひとみさん家の助産院,ひとみさん家の助産院,100,自治体連携等の産後ケア掲載レコード,15680,1,0,1,15680,,,,,,missing_hidden_address_not_inferred,0,,0,0,1,
GCP-15681,ママテラス,ママテラス,100,自治体連携等の産後ケア掲載レコード,15681,1,0,1,15681,岩国市南岩国町4丁目59-5-1,,34.1308776,132.1967166,birth_navi,birth_navi_not_crosschecked,0,0.0,0,0,1,
GCP-15682,きくつぎ助産院,きくつぎ助産院,100,自治体連携等の産後ケア掲載レコード,15682,1,0,1,15682,島根県鹿足郡吉賀町広石188-2,09024943715,34.3623389,131.9204138,birth_navi,birth_navi_not_crosschecked,0,0.0,0,0,1,
GCP-15683,助産所　晴の灯,助産所晴の灯,100,自治体連携等の産後ケア掲載レコード,15683,1,0,1,15683,柳井市遠崎,08063239252,,,,missing_unresolved,0,,0,0,1,
GCP-15684,助産院 SeaSky,助産院seasky,100,自治体連携等の産後ケア掲載レコード,15684,1,0,1,15684,光市浅江,07023672675,,,,missing_unresolved,0,,0,0,1,
GCP-15685,もうり助産院,もうり助産院,100,自治体連携等の産後ケア掲載レコード,15685,1,0,1,15685,,,,,,missing_hidden_address_not_inferred,0,,0,0,1,
GCP-15686,助産院　Blue　House,助産院bluehouse,100,自治体連携等の産後ケア掲載レコード,15686,2,0,2,15686;15689,徳島県徳島市名東町２丁目２８６−１ コーポ中村 106,08082939940,34.061839,134.5004654,birth_navi,birth_navi_not_crosschecked,0,0.0,0,0,1,
GCP-15691,藍とくしま助産所（徳島助産師会）,藍とくしま助産所徳島助産師会,100,自治体連携等の産後ケア掲載レコード,15691,1,0,1,15691,徳島市沖浜東3丁目18-2　沖浜コーポ101,09086949470,34.0510586,134.5539716,birth_navi,birth_navi_not_crosschecked,0,0.0,0,0,1,
GCP-15692,OHANA　山下助産院,ohana山下助産院,100,自治体連携等の産後ケア掲載レコード,15692,1,0,1,15692,,,,,,missing_hidden_address_not_inferred,0,,0,0,1,
GCP-15693,出張専門助産院／結の香,出張専門助産院結の香,100,自治体連携等の産後ケア掲載レコード,15693,1,0,1,15693,,,,,,missing_hidden_address_not_inferred,0,,0,0,1,
GCP-15694,マミーズケア＆サポート城下,マミーズケアサポート城下,100,自治体連携等の産後ケア掲載レコード,15694,1,0,1,15694,,08029922255,,,,missing_hidden_address_not_inferred,0,,0,0,1,
GCP-15695,実（みのり）助産院　牟禮実里,実みのり助産院牟禮実里,100,自治体連携等の産後ケア掲載レコード,15695,1,0,1,15695,,09094502103,,,,missing_hidden_address_not_inferred,0,,0,0,1,
GCP-15696,梨ん助産院　池田梨江,梨ん助産院池田梨江,100,自治体連携等の産後ケア掲載レコード,15696,1,0,1,15696,高松市,08060211713,,,,missing_unresolved,0,,0,0,1,
GCP-15697,横井母乳育児相談室,横井母乳育児相談室,100,自治体連携等の産後ケア掲載レコード,15697,1,0,1,15697,,08040389338,,,,missing_hidden_address_not_inferred,0,,0,0,1,
GCP-15698,めぐみ助産院,めぐみ助産院,100,自治体連携等の産後ケア掲載レコード,15698,1,0,1,15698,高松市林町,09052625494,,,,missing_unresolved,0,,0,0,1,
GCP-15699,和田　トミヱ,和田トミヱ,100,自治体連携等の産後ケア掲載レコード,15699,1,0,1,15699,,09038470303,,,,missing_hidden_address_not_inferred,0,,0,0,1,
GCP-15700,大島　嘉子,大島嘉子,100,自治体連携等の産後ケア掲載レコード,15700,1,0,1,15700,高松市牟礼町,09047848893,,,,missing_unresolved,0,,0,0,1,
GCP-15702,助産院setoなぎのわ,助産院setoなぎのわ,100,自治体連携等の産後ケア掲載レコード,15702,1,0,1,15702,高松市春日町468－2,07084854325,34.3228558,134.0924845,birth_navi,birth_navi_not_crosschecked,0,0.0,0,0,1,
GCP-15703,医療法人社団仁泉会　西岡病院,仁泉会西岡病院,100,自治体連携等の産後ケア掲載レコード,15703,1,0,1,15703,高松市寺井町1385-10,0878038838,34.2820169,134.0234478,birth_navi,birth_navi_not_crosschecked,0,0.0,0,0,1,
GCP-15704,えひめママハウス,えひめママハウス,100,自治体連携等の産後ケア掲載レコード,15704,1,0,1,15704,松山市北土居3丁目2-25,0899072488,33.8021044,132.7843175,birth_navi,birth_navi_not_crosschecked,0,0.0,0,0,1,
GCP-15705,きのした助産院,きのした助産院,100,自治体連携等の産後ケア掲載レコード,15705,1,0,1,15705,,,,,,missing_hidden_address_not_inferred,0,,0,0,1,
GCP-15706,ゆいた助産院,ゆいた助産院,100,自治体連携等の産後ケア掲載レコード,15706,1,0,1,15706,,,,,,missing_hidden_address_not_inferred,0,,0,0,1,
GCP-15708,はなおか助産院,はなおか助産院,100,自治体連携等の産後ケア掲載レコード,15708,1,0,1,15708,,,,,,missing_hidden_address_not_inferred,0,,0,0,1,
GCP-15710,一般社団法人高知県助産師会,高知県助産師会,100,自治体連携等の産後ケア掲載レコード,15710,1,0,1,15710,高知県高知市神田887-2,0888558533,33.5460847,133.5143281,birth_navi,birth_navi_not_crosschecked,0,0.0,0,0,1,
GCP-15711,助産院なないろ高知,助産院なないろ高知,100,自治体連携等の産後ケア掲載レコード,15711,1,0,1,15711,高知県高知市介良乙2661-7,09038510077,33.553227,133.6014232,birth_navi,birth_navi_not_crosschecked,0,0.0,0,0,1,
GCP-14720,SORA助産院,sora助産院,100,自治体連携等の産後ケア掲載レコード,15712,2,0,2,14720;15712,高知市介良乙3082-2,07085674641,33.5561906,133.5996134,birth_navi,birth_navi_not_crosschecked,0,35.5,0,0,1,
GCP-15713,きむら助産所,きむら助産所,100,自治体連携等の産後ケア掲載レコード,15713,1,0,1,15713,高知市薊野北町4丁目12-5リビングタウン薊野202,09068877060,33.5849718,133.5585565,birth_navi,birth_navi_not_crosschecked,0,0.0,0,0,1,
GCP-15714,芸西村こども家庭センター,芸西村こども家庭センター,100,自治体連携等の産後ケア掲載レコード,15714,1,0,1,15714,安芸郡芸西村和食甲1262,0887334156,33.5270758,133.8091369,birth_navi,birth_navi_not_crosschecked,0,0.0,0,0,1,
GCP-15715,マタニティサポート　わかつき,マタニティサポートわかつき,100,自治体連携等の産後ケア掲載レコード,15715,1,0,1,15715,,,,,,missing_hidden_address_not_inferred,0,,0,0,1,
GCP-15716,日高村役場　子ども家庭課,日高村役場子ども家庭課,100,自治体連携等の産後ケア掲載レコード,15716,1,0,1,15716,日高村本郷61-1,0889245140,33.5351316,133.3733587,birth_navi,birth_navi_not_crosschecked,0,0.0,0,0,1,
GCP-15717,産前産後ケアステーションにこり,産前産後ケアステーションにこり,100,自治体連携等の産後ケア掲載レコード,15717,1,0,1,15717,,0932825810,,,,missing_hidden_address_not_inferred,0,,0,0,1,
GCP-15718,訪問助産院はるなの,訪問助産院はるなの,100,自治体連携等の産後ケア掲載レコード,15718,1,0,1,15718,北九州市八幡西区,08055842138,,,,missing_unresolved,0,,0,0,1,
GCP-15719,助産院　澄香,助産院澄香,100,自治体連携等の産後ケア掲載レコード,15719,1,0,1,15719,田川郡糸田町３５６４番地３,08039713623,33.6527454,130.7790436,birth_navi,birth_navi_not_crosschecked,0,0.0,0,0,1,
GCP-15720,福岡県助産師会,福岡県助産師会,100,自治体連携等の産後ケア掲載レコード,15720,1,0,1,15720,,0925212025,,,,missing_hidden_address_not_inferred,0,,0,0,1,
GCP-15721,助産院よかいえ,助産院よかいえ,100,自治体連携等の産後ケア掲載レコード,15721,1,0,1,15721,久留米市三瀦町高三瀦1392-3,08039454465,33.2640713,130.4508478,birth_navi,birth_navi_not_crosschecked,0,0.0,0,0,1,
GCP-15722,ねんねの森maman,ねんねの森maman,100,自治体連携等の産後ケア掲載レコード,15722,1,0,1,15722,久留米市長門石4丁目12-32,07092252092,33.3322455,130.4835081,birth_navi,birth_navi_not_crosschecked,0,0.0,0,0,1,
GCP-15724,まある助産院,まある助産院,100,自治体連携等の産後ケア掲載レコード,15724,1,0,1,15724,福岡市早良区高取,08052410615,,,,missing_unresolved,0,,0,0,1,
GCP-15725,なぎ助産院,なぎ助産院,100,自治体連携等の産後ケア掲載レコード,15725,2,0,2,15725;15732,福岡市早良区田村,08039658272,,,,missing_unresolved,0,,0,0,1,
GCP-15726,あかね助産院,あかね助産院,100,自治体連携等の産後ケア掲載レコード,15726,1,0,1,15726,福岡市博多区吉塚,09088325215,,,,missing_unresolved,0,,0,0,1,
GCP-15727,助産院まはろ,助産院まはろ,100,自治体連携等の産後ケア掲載レコード,15727,1,0,1,15727,久留米市,09081922767,,,,missing_unresolved,0,,0,0,1,
GCP-15728,ままらい助産院,ままらい助産院,100,自治体連携等の産後ケア掲載レコード,15728,1,0,1,15728,春日市,08081321618,,,,missing_unresolved,0,,0,0,1,
GCP-15730,まな助産院,まな助産院,100,自治体連携等の産後ケア掲載レコード,15730,1,0,1,15730,福岡市博多区,08068125879,,,,missing_unresolved,0,,0,0,1,
GCP-15731,まりも助産院,まりも助産院,100,自治体連携等の産後ケア掲載レコード,15731,1,0,1,15731,福岡市南区向野,08052711139,,,,missing_unresolved,0,,0,0,1,
GCP-15733,かさ助産院,かさ助産院,100,自治体連携等の産後ケア掲載レコード,15733,1,0,1,15733,,08017516022,,,,missing_hidden_address_not_inferred,0,,0,0,1,
GCP-15734,くらかずレディースクリニック,くらかずレディースクリニック,100,自治体連携等の産後ケア掲載レコード,15734,1,0,1,15734,福岡市西区北原2丁目8-5,0924008868,33.5804922,130.2538993,birth_navi,birth_navi_not_crosschecked,0,0.0,0,0,1,
GCP-15735,産後ケア　ありすの家,産後ケアありすの家,100,自治体連携等の産後ケア掲載レコード,15735,1,0,1,15735,福岡県福岡市東区箱崎 2-12-20,0922608622,33.6196024,130.4226009,birth_navi,birth_navi_not_crosschecked,0,0.0,0,0,1,
GCP-15736,古賀文敏ウイメンズクリニック,古賀文敏ウイメンズクリニック,100,自治体連携等の産後ケア掲載レコード,15736,1,0,1,15736,福岡県福岡市中央区天神2-3-24 天神ルーチェ5F,0927318550,33.5868272,130.3976464,birth_navi,birth_navi_not_crosschecked,0,0.0,0,0,1,
GCP-15737,九州バースセンター　うばがふところ,九州バースセンターうばがふところ,100,自治体連携等の産後ケア掲載レコード,15737,1,0,1,15737,芦屋町大字山鹿852-77,0927018103,33.9143397,130.6660079,birth_navi,birth_navi_not_crosschecked,0,0.0,0,0,1,
GCP-15738,ゆみまる助産院,ゆみまる助産院,100,自治体連携等の産後ケア掲載レコード,15738,1,0,1,15738,,08033746101,,,,missing_hidden_address_not_inferred,0,,0,0,1,
GCP-15739,のりこ助産院,のりこ助産院,100,自治体連携等の産後ケア掲載レコード,15739,1,0,1,15739,,09028843725,,,,missing_hidden_address_not_inferred,0,,0,0,1,
GCP-15742,きやま助産所,きやま助産所,100,自治体連携等の産後ケア掲載レコード,15742,1,0,1,15742,,,,,,missing_hidden_address_not_inferred,0,,0,0,1,
GCP-15743,産後ケアbebe,産後ケアbebe,100,自治体連携等の産後ケア掲載レコード,15743,1,0,1,15743,長崎市伊王島町2丁目116,08031804595,32.6961749,129.7831676,birth_navi,birth_navi_not_crosschecked,0,0.0,0,0,1,
GCP-15744,福田母乳育児相談室,福田母乳育児相談室,100,自治体連携等の産後ケア掲載レコード,15744,1,0,1,15744,長崎市魚の町,0958292200,,,,missing_unresolved,0,,0,0,1,
GCP-15745,千代の幸助産院,千代の幸助産院,100,自治体連携等の産後ケア掲載レコード,15745,1,0,1,15745,長崎市三和町,0958001203,,,,missing_unresolved,0,,0,0,1,
GCP-15746,出張専門すみれ助産院,出張専門すみれ助産院,100,自治体連携等の産後ケア掲載レコード,15746,1,0,1,15746,長崎市相生町,09064270054,,,,missing_unresolved,0,,0,0,1,
GCP-15747,吉浦　香子,吉浦香子,100,自治体連携等の産後ケア掲載レコード,15747,1,0,1,15747,長崎市みなと坂2丁目16-29,09086642123,32.7338462,129.837307,birth_navi,birth_navi_not_crosschecked,0,0.0,0,0,1,
GCP-15748,中村　忍,中村忍,100,自治体連携等の産後ケア掲載レコード,15748,1,0,1,15748,長崎市大浜町1605-1マリナシティE棟1102号,09019207742,32.7450062,129.8300698,birth_navi,birth_navi_not_crosschecked,0,0.0,0,0,1,
GCP-15749,むすびて助産院,むすびて助産院,100,自治体連携等の産後ケア掲載レコード,15749,1,0,1,15749,,09096593046,,,,missing_hidden_address_not_inferred,0,,0,0,1,
GCP-15750,産前産後ケアハウス　jicca,産前産後ケアハウスjicca,100,自治体連携等の産後ケア掲載レコード,15750,1,0,1,15750,大村市重井田町736,08057865447,32.9823486,130.0068953,birth_navi,birth_navi_not_crosschecked,0,0.0,0,0,1,
GCP-15751,ここち助産院,ここち助産院,100,自治体連携等の産後ケア掲載レコード,15751,1,0,1,15751,大村市松原,08064568468,,,,missing_unresolved,0,,0,0,1,
GCP-15752,出張専門助産院ひなた,出張専門助産院ひなた,100,自治体連携等の産後ケア掲載レコード,15752,1,0,1,15752,壱岐市勝本町立石仲触,09074796428,,,,missing_unresolved,0,,0,0,1,
GCP-15753,訪問型　さき助産院,訪問型さき助産院,100,自治体連携等の産後ケア掲載レコード,15753,1,0,1,15753,西彼杵郡長与町,09051866339,,,,missing_unresolved,0,,0,0,1,
GCP-15756,茉莉花（まりほあ）助産院,茉莉花まりほあ助産院,100,自治体連携等の産後ケア掲載レコード,15756,1,0,1,15756,長崎市宝町,09049976888,,,,missing_unresolved,0,,0,0,1,
GCP-15757,助産院Asa,助産院asa,100,自治体連携等の産後ケア掲載レコード,15757,1,0,1,15757,諫早市栄田町,09054878760,,,,missing_unresolved,0,,0,0,1,
GCP-15758,恵～めぐみ～,恵めぐみ,100,自治体連携等の産後ケア掲載レコード,15758,1,0,1,15758,,,,,,missing_hidden_address_not_inferred,0,,0,0,1,
GCP-15761,肥後ばぁば助産所,肥後ばぁば助産所,100,自治体連携等の産後ケア掲載レコード,15761,1,0,1,15761,熊本市南区出仲間3-7-35,,32.7699993,130.7109313,birth_navi,birth_navi_not_crosschecked,0,0.0,0,0,1,
GCP-15762,助産院おむすび,助産院おむすび,100,自治体連携等の産後ケア掲載レコード,15762,1,0,1,15762,天草市楠浦町1038-6,09015188258,32.4302232,130.2068478,birth_navi,birth_navi_not_crosschecked,0,0.0,0,0,1,
GCP-15763,やの助産院,やの助産院,100,自治体連携等の産後ケア掲載レコード,15763,1,0,1,15763,別府市幸町４番１２号,0977265231,33.2853492,131.4978856,birth_navi,birth_navi_not_crosschecked,0,0.0,0,0,1,
GCP-15764,乳幼児総合支援センター　栄光園,乳幼児総合支援センター栄光園,100,自治体連携等の産後ケア掲載レコード,15764,1,0,1,15764,別府市南荘園町５番18号,0977218085,33.288268,131.4813338,birth_navi,birth_navi_not_crosschecked,0,0.0,0,0,1,
GCP-15765,ともえ助産院,ともえ助産院,100,自治体連携等の産後ケア掲載レコード,15765,1,0,1,15765,大分市坂ノ市西,07041028090,,,,missing_unresolved,0,,0,0,1,
GCP-15767,こころね助産院,こころね助産院,100,自治体連携等の産後ケア掲載レコード,15767,1,0,1,15767,都城市庄内町9011-1,09059441606,31.7750771,131.0248341,birth_navi,birth_navi_not_crosschecked,0,0.0,0,0,1,
GCP-15768,お家助産院,お家助産院,100,自治体連携等の産後ケア掲載レコード,15768,1,0,1,15768,"都城市高城町桜木1981-4
桜木貸家A",09045882762,31.7860304,131.1226381,birth_navi,birth_navi_not_crosschecked,0,0.0,0,0,1,
GCP-15769,高鍋町こども家庭センター,高鍋町こども家庭センター,100,自治体連携等の産後ケア掲載レコード,15769,1,0,1,15769,児湯郡高鍋町大字北高鍋5139番地（高鍋町健康づくりセンター内）,0983353315,32.130345,131.50594,birth_navi,birth_navi_not_crosschecked,0,0.0,0,0,1,
GCP-15770,川南町役場　保健センター,川南町役場保健センター,100,自治体連携等の産後ケア掲載レコード,15770,1,0,1,15770,宮崎県児湯郡川南町大字川南13680番地1,0983278009,32.1920186,131.5259204,birth_navi,birth_navi_not_crosschecked,0,0.0,0,0,1,
GCP-15771,ふわり助産院,ふわり助産院,100,自治体連携等の産後ケア掲載レコード,15771,1,0,1,15771,鹿児島市上之園4-20　トーカンマンション共研公園６０１,09020813314,31.5831079,130.5474217,birth_navi,birth_navi_not_crosschecked,0,0.0,0,0,1,
GCP-15772,unis産後ケア,unis産後ケア,100,自治体連携等の産後ケア掲載レコード,15772,1,0,1,15772,鹿児島市田上３丁目16-17,08087326518,31.5760758,130.527299,birth_navi,birth_navi_not_crosschecked,0,0.0,0,0,1,
GCP-15773,おやこケア　NenNe,おやこケアnenne,100,自治体連携等の産後ケア掲載レコード,15773,1,0,1,15773,鹿児島市吉野町2350-10,0992088770,31.6426602,130.5683187,birth_navi,birth_navi_not_crosschecked,0,0.0,0,0,1,
GCP-15774,みんなの診療所,みんなの診療所,100,自治体連携等の産後ケア掲載レコード,15774,1,0,1,15774,龍郷町中勝476番地1,0997625010,28.3812554,129.5797396,birth_navi,birth_navi_not_crosschecked,0,0.0,0,0,1,
GCP-15775,おたま助産院,おたま助産院,100,自治体連携等の産後ケア掲載レコード,15775,1,0,1,15775,那覇市山下町４−１３,09044709740,26.204902,127.6668555,birth_navi,birth_navi_not_crosschecked,0,0.0,0,0,1,
GCP-15776,birth(バース),birthバース,100,自治体連携等の産後ケア掲載レコード,15776,1,0,1,15776,那覇市首里大名町2丁目 66番地,08098571225,26.230691,127.7178314,birth_navi,birth_navi_not_crosschecked,0,0.0,0,0,1,
GCP-15777,助産院うえださんち,助産院うえださんち,100,自治体連携等の産後ケア掲載レコード,15777,1,0,1,15777,那覇市首里寒川町2-31,09075866818,26.2185394,127.7076193,birth_navi,birth_navi_not_crosschecked,0,0.0,0,0,1,
GCP-15778,かふうの家,かふうの家,100,自治体連携等の産後ケア掲載レコード,15778,1,0,1,15778,沖縄市泡瀬5-13-16,08085700175,26.323419,127.8317148,birth_navi,birth_navi_not_crosschecked,0,0.0,0,0,1,
GCP-15779,つむぐ子どもケア,つむぐ子どもケア,100,自治体連携等の産後ケア掲載レコード,15779,1,0,1,15779,豊見城市高嶺83-5,0989963900,26.1671669,127.6923154,birth_navi,birth_navi_not_crosschecked,0,0.0,0,0,1,
GCP-15780,こずえ助産院,こずえ助産院,100,自治体連携等の産後ケア掲載レコード,15780,1,0,1,15780,豊見城市字与根336-7,09023921403,26.1652587,127.6600004,birth_navi,birth_navi_not_crosschecked,0,0.0,0,0,1,
GCP-15781,訪問看護eight,訪問看護eight,100,自治体連携等の産後ケア掲載レコード,15781,1,0,1,15781,宜野湾市喜友名1-5-2,0989888317,26.2843071,127.7661156,birth_navi,birth_navi_not_crosschecked,0,0.0,0,0,1,
GCP-15782,つどいの家　Lana Pono,つどいの家lanapono,100,自治体連携等の産後ケア掲載レコード,15782,1,0,1,15782,北中城村島袋533-13,07083119150,26.3224103,127.7986802,birth_navi,birth_navi_not_crosschecked,0,0.0,0,0,1,
GCP-15783,産後ケアハウスMerry Lull,産後ケアハウスmerrylull,100,自治体連携等の産後ケア掲載レコード,15783,1,0,1,15783,読谷村字大湾516-2　2階,08017790253,26.3711918,127.7524296,birth_navi,birth_navi_not_crosschecked,0,0.0,0,0,1,
