birth_navi_id,facility_name,birth_navi_address,birth_navi_latitude,birth_navi_longitude,match_class,official_source,official_id,official_name,official_address,official_latitude,official_longitude,official_source_date,distance_m_if_both
10001,国家公務員共済組合連合会横浜栄共済病院,神奈川県横浜市栄区桂町１３２,35.3625817,139.5511824,exact_name_pref_municipality_address,hospital,1411414815300,国家公務員共済組合連合会横浜栄共済病院,神奈川県横浜市栄区桂町１３２,35.362261,139.550559,2026-06-01,66.8
10003,医療法人社団向日葵会　まつしま病院,東京都江戸川区松島１－４１－２９,35.7067396,139.8670841,exact_name_pref_municipality_address,hospital,1311135200770,医療法人社団向日葵会　まつしま病院,東京都江戸川区松島１－４１－２９,35.706643,139.867142,2026-06-01,11.9
10006,医療法人社団昭信会　頼島産婦人科病院,広島県広島市安佐南区西原５丁目１１－１８,34.4420458,132.468206,exact_name_pref_municipality_address,hospital,3411340030540,医療法人社団昭信会　頼島産婦人科病院,広島県広島市安佐南区西原５丁目１１－１８,34.442033,132.468148,2026-06-01,5.5
10007,医療法人国泰会丹羽病院,岡山県岡山市東区東平島１０３６－３,34.716374,134.0472656,name_municipality_only,hospital,3311330001070,医療法人国泰会丹羽病院,岡山県岡山市東区東平島１０３６番地の３,34.716347,134.04727,2026-06-01,
10009,医療法人秀明会小池病院,広島県福山市光南町1丁目5-23,34.4812305,133.3670876,name_municipality_only,hospital,3411340055400,医療法人秀明会　小池病院,広島県福山市光南町一丁目５番２３号,34.481345,133.366748,2026-06-01,
10010,福山市民病院,広島県福山市蔵王町５丁目２３－１,34.5114151,133.3981161,exact_name_pref_municipality_address,hospital,3411340034030,福山市民病院,広島県福山市蔵王町５丁目２３－１,34.511098,133.397512,2026-06-01,65.6
10012,医療法人社団東光会戸田中央産院,埼玉県戸田市上戸田２－２６－３,35.8137277,139.6801704,exact_name_pref_municipality_address,hospital,1111100025200,医療法人社団東光会　戸田中央産院,埼玉県戸田市上戸田２－２６－３,35.813701,139.680119,2026-06-01,5.5
10013,坂井市立三国病院,福井県坂井市三国町中央一丁目２番３４号,36.2157468,136.1577435,name_municipality_only,hospital,1811180000370,坂井市立三国病院,福井県坂井市三国町中央１丁目２番３４号,36.215922,136.157736,2026-06-01,
10014,医療法人社団成和会　山口病院,千葉県船橋市西船５－２４－２,35.7095654,139.9553143,exact_name_pref_municipality_address,hospital,1211206701600,医療法人社団成和会　山口病院,千葉県船橋市西船５－２４－２,35.709482,139.955374,2026-06-01,10.7
10015,鹿児島市立病院,鹿児島県鹿児島市立病院上荒田町３７番１号,31.5742559,130.5421092,name_municipality_only,hospital,46110026,鹿児島市立病院,鹿児島県鹿児島市上荒田町３７番１号,31.574006,130.542053,2026-06-01,
10016,さいたま赤十字病院,埼玉県さいたま市中央区新都心1-5,35.8912241,139.6319903,name_municipality_only,hospital,1111103880200,さいたま赤十字病院,埼玉県さいたま市中央区新都心１番地５,35.891803,139.631453,2026-06-01,
10018,医療法人巻石堂病院,千葉県柏市柏3-10-28,35.8620094,139.9758285,exact_name_pref_municipality_address,hospital,1211204938700,医療法人巻石堂病院,千葉県柏市柏３－１０－２８,35.862001,139.97585,2026-06-01,2.2
10020,母と子の上田病院,兵庫県神戸市中央区国香通１丁目１番４号,34.7038096,135.2056562,exact_name_pref_municipality_address,hospital,2811280000230,母と子の上田病院,兵庫県神戸市中央区国香通１丁目１番４号,34.703863,135.205714,2026-06-01,7.9
10021,操レディスホスピタル,岐阜県岐阜市津島町６丁目１９番地,35.4350154,136.7596387,exact_name_pref_municipality_address,hospital,2111341000111,操レディスホスピタル,岐阜県岐阜市津島町６丁目１９番地,35.435244,136.759817,2026-06-01,30.1
10022,順天堂大学医学部附属浦安病院,千葉県浦安市富岡２－１－１,35.6461897,139.9069311,exact_name_pref_municipality_address,hospital,1211200586000,順天堂大学医学部附属浦安病院,千葉県浦安市富岡２－１－１,35.645981,139.907136,2026-06-01,29.7
10023,医療法人社団レニア会篠宮正明記念アルテミスウイメンズホスピタル,東京都東久留米市中央町１－１－２０,35.7575736,139.5272483,exact_name_pref_municipality_address,hospital,1311139700000,医療法人社団レニア会　篠宮正明記念アルテミスウイメンズホスピタル,東京都東久留米市中央町１－１－２０,35.758242,139.526751,2026-06-01,86.8
10024,鳥取産院,鳥取県鳥取市吉方温泉1丁目653番地,35.495411,134.2322844,exact_name_pref_municipality_address,hospital,3113111000161,鳥取産院,鳥取県鳥取市吉方温泉１丁目６５３番地,35.495469,134.232314,2026-06-01,7.0
10025,"国家公務員共済組合連合会
佐世保共済病院",長崎県佐世保市島地町10番17号,33.1707064,129.7195239,exact_name_pref_municipality_address,hospital,421hsa0009,国家公務員共済組合連合会佐世保共済病院,長崎県佐世保市島地町１０番１７号,33.170567,129.719437,2026-06-01,17.5
10026,山形県立新庄病院,山形県新庄市金沢７２０番地の１,38.7679929,140.3092571,exact_name_pref_municipality_address,hospital,061106540127,山形県立新庄病院,山形県新庄市金沢７２０番地の１,38.767951,140.309244,2026-06-01,4.8
10027,日本医科大学武蔵小杉病院,神奈川県川崎市中原区小杉町1-383,35.5807615,139.6584359,exact_name_pref_municipality_address,hospital,1411408288800,日本医科大学武蔵小杉病院,神奈川県川崎市中原区小杉町１－３８３,35.580286,139.658031,2026-06-01,64.3
10028,かば記念病院,静岡県浜松市中央区神立町570,34.7119432,137.7536587,exact_name_pref_municipality_address,hospital,2211223303800,かば記念病院,静岡県浜松市中央区神立町５７０,34.712181,137.753725,2026-06-01,27.1
10029,りんくう総合医療センター,大阪府泉佐野市りんくう往来北２－２３,34.4120982,135.3026486,exact_name_pref_municipality_address,hospital,2711270005820,りんくう総合医療センター,大阪府泉佐野市りんくう往来北２－２３,34.412007,135.302776,2026-06-01,15.5
10030,社会福祉法人恩賜財団大阪府済生会富田林病院,大阪府富田林市向陽台１丁目３番３６号,34.5036759,135.5831116,exact_name_pref_municipality_address,hospital,2711270006640,社会福祉法人恩賜財団大阪府済生会富田林病院,大阪府富田林市向陽台１丁目３番３６号,34.502693,135.583774,2026-06-01,125.0
10031,あいち小児保健医療総合センター,愛知県大府市森岡町七丁目４２６番地,34.9984657,136.9540917,exact_name_pref_municipality_address,hospital,2311231200100,あいち小児保健医療総合センター,愛知県大府市森岡町七丁目４２６番地,34.998612,136.953972,2026-06-01,19.6
10033,独立行政法人国立病院機構都城医療センター,宮崎県都城市祝吉町5033番地1,31.739189,131.08563,exact_name_pref_municipality_address,hospital,4511450200330,独立行政法人国立病院機構都城医療センター,宮崎県都城市祝吉町５０３３番地１,31.73955,131.085428,2026-06-01,44.5
10034,東京医科大学八王子医療センター,東京都八王子市館町1163番地,35.6313353,139.287985,exact_name_pref_municipality_visible_address_prefix_type_consistent,hospital,1311137303620,東京医科大学八王子医療センター,東京都八王子市館町１１６３,35.631474,139.28911,2026-06-01,102.8
10035,秋田県厚生農業協同組合連合会　大曲厚生医療センター,秋田県大仙市大曲通町８⁻６５,39.4651169,140.4762139,exact_name_pref_municipality_address,hospital,0511050700010,秋田県厚生農業協同組合連合会　大曲厚生医療センター,秋田県大仙市大曲通町８－６５,39.465252,140.47639,2026-06-01,21.3
10037,医療法人三友会なでしこレディースホスピタル,兵庫県神戸市西区井吹台東町２丁目１３番地,34.6974845,135.0328114,exact_name_pref_municipality_address,hospital,2811280003710,医療法人三友会なでしこレディースホスピタル,兵庫県神戸市西区井吹台東町２丁目１３番地,34.697444,135.03259,2026-06-01,20.7
10038,社会福祉法人恩賜財団済生会支部大阪府済生会吹田病院,大阪府吹田市川園町１番２号,34.8139606,135.5571078,exact_name_pref_municipality_address,hospital,2711270002320,社会福祉法人恩賜財団済生会支部大阪府済生会吹田病院,大阪府吹田市川園町１番２号,34.761613,135.534629,2026-06-01,6172.2
10039,昭和医科大学藤が丘病院,神奈川県横浜市青葉区藤が丘１丁目３０,35.5452057,139.5297944,exact_name_pref_municipality_address,hospital,1411431000636,昭和医科大学藤が丘病院,神奈川県横浜市青葉区藤が丘１丁目３０,35.544771,139.529408,2026-06-01,59.7
10040,県立日南病院,宮崎県日南市木山１丁目９番５号,31.5910163,131.3948762,exact_name_pref_municipality_address,hospital,4511450401430,県立日南病院,宮崎県日南市木山１丁目９番５号,31.591016,131.394969,2026-06-01,8.8
10041,社会福祉法人　石井記念愛染園　附属愛染橋病院,大阪府大阪市浪速区日本橋5丁目16番15号,34.6576083,135.5049396,exact_name_pref_municipality_address,hospital,2711270001620,社会福祉法人石井記念愛染園附属愛染橋病院,大阪府大阪市浪速区日本橋５丁目１６番１５号,34.65754,135.505025,2026-06-01,10.9
10042,南草津野村病院,滋賀県草津市野路1丁目6-5,35.0047799,135.9489055,name_municipality_only,hospital,2511250000580,南草津野村病院,滋賀県草津市野路１－６－５,35.004989,135.949092,2026-06-01,
10044,公益財団法人大原記念倉敷中央医療機構　倉敷中央病院,岡山県倉敷市美和１－１－１,34.602036,133.7749972,exact_name_pref_municipality_address,hospital,3311330001290,公益財団法人大原記念倉敷中央医療機構　倉敷中央病院,岡山県倉敷市美和１－１－１,34.601771,133.775048,2026-06-01,29.8
10045,医療法人財団　荻窪病院,東京都杉並区今川三丁目一番地二十四号,35.7152271,139.6074409,name_municipality_only,hospital,1311133400260,医療法人財団　荻窪病院,東京都杉並区今川３－１－２４,35.715304,139.607386,2026-06-01,
10048,山口大学医学部附属病院,山口県宇部市南小串１丁目１番１号,33.958646,131.2495204,exact_name_pref_municipality_address,hospital,3511355800590,山口大学医学部附属病院,山口県宇部市南小串１丁目１番１号,33.959389,131.249417,2026-06-01,83.2
10050,独立行政法人地域医療機能推進機構　大阪病院,大阪府大阪市福島区福島４－２－７８,34.692355,135.4820701,exact_name_pref_municipality_address,hospital,2711270001460,独立行政法人地域医療機能推進機構　大阪病院,大阪府大阪市福島区福島４－２－７８,34.691869,135.48322,2026-06-01,118.2
10051,慈誠会病院,神奈川県相模原市南区相模大野６－１９－２６,35.5296069,139.4343188,exact_name_pref_municipality_address,hospital,1411410741400,慈誠会病院,神奈川県相模原市南区相模大野６‐１９‐２６,35.529616,139.434344,2026-06-01,2.5
10054,医療法人社団三暉会　永井病院,神奈川県小田原市鴨宮２１９－５,35.2782104,139.1815337,exact_name_pref_municipality_address,hospital,1411400863700,医療法人社団三暉会　永井病院,神奈川県小田原市鴨宮２１９－５,35.278349,139.18161,2026-06-01,16.9
10055,福島県厚生農業協同組合連合会白河厚生総合病院,福島県白河市豊地上弥次郎二番地一,37.1266145,140.211014,name_municipality_only,hospital,0710710000045,福島県厚生農業協同組合連合会　白河厚生総合病院,福島県白河市豊地上弥次郎２番地１,37.145667,140.215169,2026-06-01,
10056,地方独立行政法人　大阪府立病院機構　大阪母子医療センター,大阪府和泉市室堂町８４０番地,34.4705518,135.4726181,exact_name_pref_municipality_address,hospital,2711270004900,地方独立行政法人　大阪府立病院機構　大阪母子医療センター,大阪府和泉市室堂町８４０番地,34.471337,135.473731,2026-06-01,134.3
10057,公益社団法人京都保健会　京都民医連中央病院,京都府京都市右京区太秦土本町２番１,35.0084751,135.7048706,exact_name_pref_municipality_address,hospital,2612610000095,公益社団法人京都保健会　京都民医連中央病院,京都府京都市右京区太秦土本町２番１,35.008561,135.706075,2026-06-01,110.1
10059,八尾市立病院,大阪府八尾市龍華町１丁目３番１号,34.6206708,135.5870681,exact_name_pref_municipality_address,hospital,2711270003890,八尾市立病院,大阪府八尾市龍華町１丁目３番１号,34.620712,135.587159,2026-06-01,9.5
10060,社会医療法人抱生会丸の内病院,長野県松本市渚１丁目７番４５号,36.2356959,137.9551654,exact_name_pref_municipality_address,hospital,2011205903150,社会医療法人抱生会丸の内病院,長野県松本市渚１丁目７番４５号,36.235656,137.955358,2026-06-01,17.8
10061,町田市民病院,東京都町田市旭町２－１５－４１,35.557059,139.4381792,exact_name_pref_municipality_address,hospital,1311137500100,町田市民病院,東京都町田市旭町２－１５－４１,35.556901,139.438129,2026-06-01,18.1
10062,医療法人社団純心会　パルモア病院,兵庫県神戸市中央区北長狭通４ー７ー２０,34.6905693,135.1867061,exact_name_pref_municipality_address,hospital,2811280000180,医療法人社団純心会　パルモア病院,兵庫県神戸市中央区北長狭通４ー７ー２０,34.690614,135.186661,2026-06-01,6.5
10063,恵愛病院,埼玉県富士見市針ヶ谷５２６－１,35.8313877,139.557877,exact_name_pref_municipality_address,hospital,1111101112200,恵愛病院,埼玉県富士見市針ヶ谷５２６－１,35.831394,139.558031,2026-06-01,13.9
10064,医療法人社団志仁会薬丸病院,千葉県木更津市富士見２－７－１,35.3803652,139.9214194,exact_name_pref_municipality_address,hospital,1211204164500,医療法人社団志仁会　薬丸病院,千葉県木更津市富士見２－７－１,35.380324,139.921541,2026-06-01,11.9
10065,山元病院,京都府京都市中京区岩上通り蛸薬師下る宮本町７９５,35.0056421,135.7513347,exact_name_pref_municipality_address,hospital,2612610000099,山元病院,京都府京都市中京区岩上通り蛸薬師下る宮本町７９５,35.005646,135.751322,2026-06-01,1.2
10066,東千葉メディカルセンター,千葉県東金市丘山台三丁目６番地２,35.5580546,140.307721,exact_name_pref_municipality_address,hospital,1211222642400,東千葉メディカルセンター,千葉県東金市丘山台三丁目６番地２,35.558031,140.307745,2026-06-01,3.4
10067,公立学校共済組合四国中央病院,愛媛県四国中央市川之江町２２３３,34.0163191,133.5775129,exact_name_pref_municipality_address,hospital,3811385100170,公立学校共済組合四国中央病院,愛媛県四国中央市川之江町２２３３,34.011432,133.581687,2026-06-01,665.8
10068,群馬県立小児医療センター,群馬県渋川市北橘町下箱田７７９,36.4602434,139.0461071,exact_name_pref_municipality_address,hospital,1011100000062,群馬県立小児医療センター,群馬県渋川市北橘町下箱田７７９,36.459436,139.046184,2026-06-01,90.0
10069,平竹クリニック,愛知県名古屋市北区敷島町48-1,35.1982973,136.9084795,exact_name_pref_municipality_address,clinic,2322232401920,平竹クリニック,愛知県名古屋市北区敷島町４８－１,35.198312,136.908578,2026-06-01,9.1
10070,秋田県厚生農業協同組合連合会　秋田厚生医療センター,秋田県秋田市飯島西袋１－１－１,39.7676916,140.0931623,exact_name_pref_municipality_address,hospital,0511050500150,秋田県厚生農業協同組合連合会　秋田厚生医療センター,秋田県秋田市飯島西袋１－１－１,39.767739,140.092936,2026-06-01,20.0
10071,社会福祉法人恩賜財団済生会支部山口県済生会下関総合病院,山口県下関市安岡町８丁目５番１号,34.0315384,130.9319461,exact_name_pref_municipality_address,hospital,3511353103330,社会福祉法人恩賜財団済生会支部山口県済生会下関総合病院,山口県下関市安岡町８丁目５番１号,34.031306,130.931056,2026-06-01,86.0
10072,紀南病院,和歌山県田辺市新庄町46番地の70,33.7291592,135.3989425,name_municipality_only,hospital,3011007700000,紀南病院,和歌山県田辺市新庄町４６－７０,33.730276,135.404521,2026-06-01,
10074,独立行政法人　国立病院機構　東近江総合医療センター,滋賀県東近江市五智町２５５,35.0941743,136.2292719,exact_name_pref_municipality_address,hospital,2511250000150,独立行政法人　国立病院機構　東近江総合医療センター,滋賀県東近江市五智町２５５,35.094961,136.229592,2026-06-01,92.2
10077,医療法人社団久保田産婦人科病院,東京都練馬区東大泉３丁目２９番１０号,35.7525782,139.586174,name_municipality_only,hospital,1311134701430,医療法人社団　久保田産婦人科病院,東京都練馬区東大泉３－２９－１０,35.752577,139.586163,2026-06-01,
10078,医療法人財団今井会足立病院　足立病院,京都府京都市中京区間之町通押小路上る鍵屋町481,35.012744,135.761647,exact_name_pref_municipality_address,hospital,2612610000091,医療法人財団今井会足立病院　足立病院,京都府京都市中京区間之町通押小路上る鍵屋町４８１,35.01259,135.761265,2026-06-01,38.8
10080,社会福祉法人恩賜財団済生会滋賀県病院,滋賀県栗東市大橋2-4-1,35.0333166,136.0014651,exact_name_pref_municipality_address,hospital,2511250000290,社会福祉法人恩賜財団済生会滋賀県病院,滋賀県栗東市大橋２－４－１,35.034072,136.001758,2026-06-01,88.1
10082,久留米大学病院,福岡県久留米市旭町６７番地,33.328155,130.5111785,exact_name_pref_municipality_address,hospital,4012400200020,久留米大学病院,福岡県久留米市旭町６７番地,33.328569,130.511389,2026-06-01,50.0
10083,ＳＵＢＡＲＵ健康保険組合太田記念病院,群馬県太田市大島町４５５番地１,36.2995265,139.3607142,exact_name_pref_municipality_address,hospital,1011100000121,ＳＵＢＡＲＵ健康保険組合太田記念病院,群馬県太田市大島町４５５番地１,36.298503,139.361486,2026-06-01,133.2
10084,医療法人飯島会産科婦人科飯島病院,大阪府大阪市中央区島之内２－１５－４,34.6698823,135.5069234,exact_name_pref_municipality_address,hospital,2711270000730,医療法人飯島会産科婦人科飯島病院,大阪府大阪市中央区島之内２－１５－４,34.6699,135.506858,2026-06-01,6.3
10086,刈谷豊田総合病院,愛知県刈谷市住吉町　５－１５,34.9829019,137.0056153,name_municipality_only,hospital,2311231300050,刈谷豊田総合病院,愛知県刈谷市住吉町５丁目１５番地,34.983253,137.005941,2026-06-01,
10087,和歌山県立医科大学附属病院,和歌山県和歌山市紀三井寺８１１－１,34.1897623,135.1818618,exact_name_pref_municipality_address,hospital,3011004100000,和歌山県立医科大学附属病院,和歌山県和歌山市紀三井寺８１１－１,34.188029,135.181934,2026-06-01,192.8
10088,一般財団法人神奈川県警友会けいゆう病院,神奈川県横浜市西区みなとみらい３丁目７番３号,35.4594719,139.6335705,name_municipality_only,hospital,1411403648700,一般財団法人神奈川県警友会けいゆう病院,神奈川県横浜市西区みなとみらい３丁目７－３,35.45936,139.633314,2026-06-01,
10091,くぼのやウィメンズホスピタル,千葉県柏市中央２－２－１２,35.8565552,139.9717182,exact_name_pref_municipality_address,hospital,1211226701500,くぼのやウィメンズホスピタル,千葉県柏市中央２－２－１２,35.856632,139.972126,2026-06-01,37.7
10092,ひたちなか母と子の病院,茨城県ひたちなか市青葉町19-7,36.3868741,140.5348489,exact_name_pref_municipality_address,hospital,081108700017,ひたちなか母と子の病院,茨城県ひたちなか市青葉町１９－７,36.386861,140.534833,2026-06-01,2.0
10093,株式会社日立製作所　日立総合病院,茨城県日立市城南町２－１－１,36.5891702,140.6448274,name_municipality_only,hospital,081108550094,株式会社日立製作所日立総合病院,茨城県日立市城南町２丁目１－１,36.590381,140.644868,2026-06-01,
10094,福島県厚生農業協同組合連合会　塙厚生病院,福島県東白川郡塙町大字塙字大町一丁目５番地,36.9598596,140.4078872,name_municipality_only,hospital,0710710000056,福島県厚生農業協同組合連合会　塙厚生病院,福島県東白川郡塙町大字塙字大町１丁目５番地,36.960144,140.408358,2026-06-01,
10095,社会福祉法人恩賜財団済生会支部茨城県済生会龍ケ崎済生会病院,茨城県龍ケ崎市中里1-1,35.9330427,140.2032002,exact_name_pref_municipality_address,hospital,081108580279,社会福祉法人恩賜財団済生会支部茨城県済生会龍ケ崎済生会病院,茨城県龍ケ崎市中里１－１,35.93331,140.202689,2026-06-01,54.8
10097,医療法人産育会　堀病院,神奈川県横浜市瀬谷区二ツ橋町292,35.4684578,139.4991174,exact_name_pref_municipality_address,hospital,1411406753600,医療法人産育会堀病院,神奈川県横浜市瀬谷区二ツ橋町２９２,35.46831,139.499441,2026-06-01,33.6
10098,東京慈恵会医科大学附属柏病院,千葉県柏市柏下１６３番地１,35.8698107,139.9829581,exact_name_pref_municipality_address,hospital,1211204931000,東京慈恵会医科大学附属柏病院,千葉県柏市柏下１６３番地１,35.869803,139.98298,2026-06-01,2.2
10099,医療法人三生会　みちがみ病院,山口県光市光ケ丘２番５号,33.9790806,131.9215592,exact_name_pref_municipality_address,hospital,3511355502940,医療法人三生会　みちがみ病院,山口県光市光ケ丘　２番　５号,33.979167,131.921583,2026-06-01,9.9
10100,独立行政法人国立病院機構甲府病院,山梨県甲府市天神町11-35,35.6780854,138.5673502,exact_name_pref_municipality_address,hospital,1911190000001,独立行政法人国立病院機構甲府病院,山梨県甲府市天神町１１－３５,35.67815,138.567446,2026-06-01,11.2
10101,エンジェルベルホスピタル,愛知県岡崎市錦町５－１,34.9722916,137.1600979,exact_name_pref_municipality_address,hospital,2311232700180,エンジェルベルホスピタル,愛知県岡崎市錦町５－１,34.972368,137.160067,2026-06-01,8.9
10102,愛媛県立新居浜病院,愛媛県新居浜市本郷３－１－１,33.9323222,133.2810708,exact_name_pref_municipality_address,hospital,3811385200490,愛媛県立新居浜病院,愛媛県新居浜市本郷３－１－１,33.932213,133.280549,2026-06-01,49.6
10105,医療法人　医仁会武田総合病院,京都府京都市伏見区石田森南町２８－１,34.9387319,135.8026931,exact_name_pref_municipality_address,hospital,2612610000133,医療法人　医仁会武田総合病院,京都府京都市伏見区石田森南町２８－１,34.938876,135.802404,2026-06-01,30.8
10106,医療法人　福井愛育病院,福井県福井市新保２丁目３０１,36.077988,136.2510163,exact_name_pref_municipality_address,hospital,1811180000340,医療法人　福井愛育病院,福井県福井市新保２丁目３０１,36.078506,136.251014,2026-06-01,57.6
10107,医療法人慈桜会瀬戸病院,埼玉県所沢市金山町８－６,35.7893748,139.4605075,exact_name_pref_municipality_visible_address_prefix_type_consistent,hospital,1111101129700,医療法人慈桜会瀬戸病院,埼玉県所沢市金山町,35.789408,139.460991,2026-06-01,43.8
10109,北九州市立医療センター,福岡県北九州市小倉北区馬借二丁目１番１号,33.8797758,130.8782968,exact_name_pref_municipality_address,hospital,4012400500070,北九州市立医療センター,福岡県北九州市小倉北区馬借二丁目１番１号,33.879266,130.878635,2026-06-01,64.7
10110,磐田市立総合病院,静岡県磐田市大久保５１２－３,34.7689629,137.8570285,exact_name_pref_municipality_address,hospital,2211227300100,磐田市立総合病院,静岡県磐田市大久保５１２－３,34.769232,137.856936,2026-06-01,31.1
10111,沼津市立病院,静岡県沼津市東椎路字春ノ木５５０,35.1275922,138.8372252,exact_name_pref_municipality_address,hospital,2211225603940,沼津市立病院,静岡県沼津市東椎路字春ノ木５５０,35.119656,138.835144,2026-06-01,902.5
10112,東京慈恵会医科大学葛飾医療センター,東京都葛飾区青戸六丁目４１番２号,35.7521417,139.858387,name_municipality_only,hospital,1311135000680,東京慈恵会医科大学葛飾医療センター,東京都葛飾区青戸６－４１－２,35.75186,139.858585,2026-06-01,
10113,香川大学医学部附属病院,香川県木田郡三木町池戸１７５０－１,34.2920544,134.1228003,name_municipality_only,hospital,3711370100060,香川大学医学部附属病院,香川県木田郡三木町大字池戸１７５０番地１,34.292467,134.123656,2026-06-01,
10114,医療法人社団誠馨会　千葉メディカルセンター,千葉県千葉市中央区南町１－７－１,35.5848717,140.1309145,exact_name_pref_municipality_address,hospital,1211221197400,医療法人社団誠馨会　千葉メディカルセンター,千葉県千葉市中央区南町１－７－１,35.584944,140.130889,2026-06-01,8.4
10115,医療法人　石川病院,埼玉県さいたま市浦和区３丁目１７ー１７,35.8559212,139.6476927,name_municipality_only,hospital,1111103885300,医療法人石川病院,埼玉県さいたま市浦和区高砂３－１７－１７,35.855907,139.647736,2026-06-01,
10116,医療法人　愛和病院,埼玉県川越市大字古谷上字折本９８３－１,35.9154008,139.5243569,name_municipality_only,hospital,1111105390900,医療法人愛和病院,埼玉県川越市古谷上９８３－１,35.916401,139.518158,2026-06-01,
10119,鳥取県立中央病院,鳥取県鳥取市江津７３０,35.5215999,134.2124929,exact_name_pref_municipality_address,hospital,3113113000001,鳥取県立中央病院,鳥取県鳥取市江津７３０,35.523312,134.210386,2026-06-01,269.4
10120,前橋赤十字病院,群馬県前橋市朝倉町３８９番地１,36.3591844,139.096712,exact_name_pref_municipality_address,hospital,1011100000003,前橋赤十字病院,群馬県前橋市朝倉町３８９番地１,36.358528,139.094574,2026-06-01,204.9
10122,社会福祉法人恩賜財団済生会川内病院,鹿児島県薩摩川内市原田町2番46号,31.8265615,130.3067539,exact_name_pref_municipality_address,hospital,46110405,社会福祉法人恩賜財団済生会川内病院,鹿児島県薩摩川内市原田町２番４６号,31.82722,130.305764,2026-06-01,118.8
10123,医療法人森川病院,三重県伊賀市上野忍町2516-7,34.7636594,136.1305849,exact_name_pref_municipality_address,hospital,2411240000580,医療法人　森川病院,三重県伊賀市上野忍町２５１６－７,34.763647,136.130607,2026-06-01,2.4
10125,産婦人科・小児科三井病院,山形県鶴岡市美咲町２８−１,38.7367966,139.7992921,exact_name_pref_municipality_address,hospital,061106620021,産婦人科・小児科三井病院,山形県鶴岡市美咲町２８−１,38.737057,139.799155,2026-06-01,31.3
10126,医療法人愛賛会浜田病院,大阪府大阪市平野区瓜破１－６－９,34.6061181,135.5511503,exact_name_pref_municipality_address,hospital,2711270001220,医療法人愛賛会浜田病院,大阪府大阪市平野区瓜破１－６－９,34.606213,135.551163,2026-06-01,10.6
10127,医療法人　明治病院,福島県福島市北町２番４０号,37.754074,140.4709336,name_municipality_only,hospital,0710710000012,医療法人明治病院,福島県福島市北町２－４０,37.754056,140.470806,2026-06-01,
10128,岐阜県総合医療センター,岐阜県岐阜市野一色4－6－1,35.4105835,136.7979842,exact_name_pref_municipality_address,hospital,2111341000102,岐阜県総合医療センター,岐阜県岐阜市野一色４ー６ー１,35.410533,136.798763,2026-06-01,70.8
10129,松江赤十字病院,島根県松江市母衣町２００番地,35.4707216,133.0570863,exact_name_pref_municipality_visible_address_prefix_type_consistent,hospital,3211325100440,松江赤十字病院,島根県松江市母衣町２００,35.470465,133.057046,2026-06-01,28.8
10132,医療法人成育会　なりもとレディースホスピタル,大阪府枚方市岡東町１４番２８号,34.8135674,135.6484092,exact_name_pref_municipality_address,hospital,2711270006450,医療法人成育会　なりもとレディースホスピタル,大阪府枚方市岡東町１４番２８号,34.813554,135.648395,2026-06-01,2.0
10133,医療法人育愛会　札幌東豊病院,北海道札幌市東区北１７条東１５丁目３番１号,43.0848544,141.3723912,exact_name_pref_municipality_address,hospital,0111010000740,医療法人　育愛会　札幌東豊病院,北海道札幌市東区北１７条東１５丁目３番１号,43.084854,141.372391,2026-06-01,0.0
10135,医療法人社団九折会　成城木下病院,東京都世田谷区成城６−１３−２０,35.6414959,139.5999328,exact_name_pref_municipality_address,hospital,1311133000370,医療法人社団九折会　成城木下病院,東京都世田谷区成城６－１３－２０,35.641534,139.600084,2026-06-01,14.3
10136,白子ウィメンズホスピタル,三重県鈴鹿市南江島町９－１５,34.8393741,136.5922471,exact_name_pref_municipality_address,hospital,2411249000015,白子ウィメンズホスピタル,三重県鈴鹿市南江島町９－１５,34.839701,136.592593,2026-06-01,48.1
10137,大同病院,愛知県名古屋市南区白水町９,35.0746334,136.9071135,exact_name_pref_municipality_address,hospital,2311232500110,大同病院,愛知県名古屋市南区白水町９,35.074936,136.907,2026-06-01,35.2
10138,医療法人定生会谷口病院,大阪府泉佐野市大西１－５－２０,34.4109498,135.3144578,exact_name_pref_municipality_address,hospital,2711270005340,医療法人定生会谷口病院,大阪府泉佐野市大西１－５－２０,34.410897,135.31433,2026-06-01,13.1
10139,恵愛会松南病院,石川県白山市若宮3丁目63番地,36.5189391,136.5737686,exact_name_pref_municipality_address,hospital,1711712210119,恵愛会松南病院,石川県白山市若宮３丁目６３番地,36.518943,136.573765,2026-06-01,0.5
10140,社会医療法人愛育会　福田病院,熊本県熊本市中央区新町2-2-6,32.800341,130.698748,exact_name_pref_municipality_address,hospital,431143320234,社会医療法人愛育会　福田病院,熊本県熊本市中央区新町２ー２ー６,32.800075,130.698723,2026-06-01,29.7
10142,医療法人至誠会赤松病院,岡山県倉敷市老松町３丁目１０番３２号,34.5958065,133.7602328,exact_name_pref_municipality_address,hospital,3311330001200,医療法人至誠会赤松病院,岡山県倉敷市老松町３丁目１０番３２号,34.596049,133.760605,2026-06-01,43.4
10143,医療法人　加瀬病院,茨城県ひたちなか市市毛８３５,36.4010051,140.5064132,exact_name_pref_municipality_address,hospital,081108660085,医療法人加瀬病院,茨城県ひたちなか市市毛８３５,36.401006,140.506428,2026-06-01,1.3
10145,徳島大学病院,徳島県徳島市蔵本町２丁目５０－１,34.0742112,134.51858,exact_name_pref_municipality_address,hospital,3611365100680,徳島大学病院,徳島県徳島市蔵本町２丁目５０－１,34.076304,134.518195,2026-06-01,235.4
10146,ＪＡ北海道厚生連網走厚生病院,北海道網走市北６条西１丁目９番地,44.0267234,144.2639198,exact_name_pref_municipality_address,hospital,0111010005150,ＪＡ北海道厚生連網走厚生病院,北海道網走市北６条西１丁目９番地,44.025524,144.263311,2026-06-01,142.0
10147,八雲総合病院,北海道八雲町東雲町50番地,42.2526327,140.2793114,name_municipality_only,hospital,0111010003150,八雲総合病院,北海道二海郡八雲町東雲町５０番地,42.252227,140.279584,2026-06-01,
10149,日本医科大学千葉北総病院,千葉県印西市鎌苅１７１５,35.7808774,140.19839,exact_name_pref_municipality_address,hospital,1211202431700,日本医科大学千葉北総病院,千葉県印西市鎌苅１７１５,35.781158,140.198169,2026-06-01,37.0
10150,米沢市立病院,山形県米沢市相生町６ー３６,37.905023,140.1195014,exact_name_pref_municipality_address,hospital,061106600025,米沢市立病院,山形県米沢市相生町６－３６,37.904078,140.119361,2026-06-01,105.8
10151,新宮市立医療センター,和歌山県新宮市蜂伏18番7号,33.6867875,135.9641597,name_municipality_only,hospital,3011009300000,新宮市立医療センター,和歌山県新宮市蜂伏１８－７,33.686791,135.964087,2026-06-01,
10152,由利組合総合病院,秋田県由利本荘市川口家後３８,39.4053109,140.060736,exact_name_pref_municipality_address,hospital,0511050600030,由利組合総合病院,秋田県由利本荘市川口家後３８,39.404723,140.061178,2026-06-01,75.6
10153,大川産婦人科病院,大分県大分市末広町２丁目４番１６号,33.2355785,131.6032803,exact_name_pref_municipality_address,hospital,4411003400000,大川産婦人科病院,大分県大分市末広町２丁目４番１６号,33.235605,131.603245,2026-06-01,4.4
10154,医療法人社団　中林病院,東京都墨田区東向島３－２９－９,35.7235274,139.8149272,exact_name_pref_municipality_address,hospital,1311131500720,医療法人社団　中林病院,東京都墨田区東向島３－２９－９,35.723501,139.814923,2026-06-01,3.0
10155,茨城県立中央病院,茨城県笠間市鯉淵6528,36.3510394,140.3192601,exact_name_pref_municipality_address,hospital,081108520024,茨城県立中央病院,茨城県笠間市鯉淵６５２８,36.350634,140.319153,2026-06-01,46.1
10159,長野県立こども病院,長野県安曇野市豊科３１００,36.2850377,137.9197628,exact_name_pref_municipality_address,hospital,2011206000580,長野県立こども病院,長野県安曇野市豊科３１００,36.284789,137.920554,2026-06-01,76.1
10160,東京かつしか赤十字母子医療センター,東京都葛飾区新宿３－７－１,35.7614144,139.8624522,exact_name_pref_municipality_address,hospital,1311135000003,東京かつしか赤十字母子医療センター,東京都葛飾区新宿３－７－１,35.761442,139.862307,2026-06-01,13.5
10162,横浜市立みなと赤十字病院,神奈川県横浜市中区新山下三丁目１２番１号,35.4364151,139.6639953,exact_name_pref_municipality_address,hospital,1411403891900,横浜市立みなと赤十字病院,神奈川県横浜市中区新山下三丁目１２番１号,35.436432,139.664274,2026-06-01,25.3
10163,横田マタニティーホスピタル,群馬県前橋市下小出町１丁目５－２２,36.4077642,139.0674278,name_municipality_only,hospital,1011100000021,横田マタニティーホスピタル,群馬県前橋市下小出町１－５－２２,36.407752,139.067393,2026-06-01,
10164,日本赤十字社医療センター,東京都渋谷区広尾4-1-22,35.6544727,139.7179618,exact_name_pref_municipality_address,hospital,1311133100560,日本赤十字社医療センター,東京都渋谷区広尾４－１－２２,35.655146,139.719046,2026-06-01,123.3
10166,独立行政法人　地域医療機能推進機構九州病院,福岡県北九州市八幡西区岸の浦1丁目8番1号,33.8574363,130.7656201,name_municipality_only,hospital,4011400003670,独立行政法人　地域医療機能推進機構　九州病院,福岡県北九州市八幡西区岸の浦１ー８ー１,33.857406,130.765674,2026-06-01,
10167,高山赤十字病院,岐阜県高山市天満町３ー１１,36.1371944,137.2545009,exact_name_pref_municipality_address,hospital,2111661000109,高山赤十字病院,岐阜県高山市天満町３ー１１,36.137082,137.254406,2026-06-01,15.1
10168,国立研究開発法人国立成育医療研究センター,東京都世田谷区大蔵２－１０－１,35.6323499,139.6112366,exact_name_pref_municipality_address,hospital,1311133000110,国立研究開発法人国立成育医療研究センター,東京都世田谷区大蔵２－１０－１,35.634007,139.612556,2026-06-01,219.5
10169,聖マリアンナ医科大学横浜市西部病院,神奈川県横浜市旭区矢指町１１９７－１,35.4766896,139.5015598,exact_name_pref_municipality_visible_address_prefix_type_consistent,hospital,1411405027700,聖マリアンナ医科大学横浜市西部病院,神奈川県横浜市旭区矢指町,35.476903,139.502621,2026-06-01,99.0
10170,諏訪マタニティークリニック,長野県諏訪郡下諏訪町矢木町１１２ー１３,36.0766747,138.0816305,name_municipality_only,hospital,2011205500780,諏訪マタニティークリニック,長野県諏訪郡下諏訪町矢木町１１２番地１３,36.078039,138.079465,2026-06-01,
10171,近江八幡市立総合医療センター,滋賀県近江八幡市土田町１３７９番地,35.1241736,136.0881872,exact_name_pref_municipality_address,hospital,2511250000300,近江八幡市立総合医療センター,滋賀県近江八幡市土田町１３７９番地,35.124072,136.087314,2026-06-01,80.2
10172,古賀総合病院,宮崎県宮崎市池内町数太木1749-1,31.9719332,131.4109429,exact_name_pref_municipality_address,hospital,4511450107820,古賀総合病院,宮崎県宮崎市池内町数太木１７４９−１,31.971919,131.411028,2026-06-01,8.2
10173,社会福祉法人康和会　久我山病院,東京都世田谷区北烏山２－１４－２０,35.681539,139.5989098,exact_name_pref_municipality_address,hospital,1311133000790,社会福祉法人康和会　久我山病院,東京都世田谷区北烏山２－１４－２０,35.681613,139.598554,2026-06-01,33.2
10174,岩手県立二戸病院,岩手県二戸市堀野字大川原毛38-2,40.2994116,141.3059021,exact_name_pref_municipality_address,hospital,03103100013,岩手県立二戸病院,岩手県二戸市堀野字大川原毛３８ー２,40.299403,141.305997,2026-06-01,8.1
10175,医療法人社団諍友会田中病院,山口県周南市三番町１－１２,34.0531783,131.810614,exact_name_pref_municipality_address,hospital,3511355500890,医療法人社団諍友会田中病院,山口県周南市三番町１－１２,34.053167,131.810611,2026-06-01,1.3
10177,静岡県立こども病院,静岡県静岡市葵区漆山８６０,35.0197037,138.3975333,exact_name_pref_municipality_address,hospital,2211223100230,静岡県立こども病院,静岡県静岡市葵区漆山８６０,35.01977,138.396268,2026-06-01,115.5
10178,東條ウイメンズホスピタル,神奈川県横浜市港南区丸山台2-34-7,35.3953313,139.5664133,exact_name_pref_municipality_address,hospital,1411421287000,東條ウイメンズホスピタル,神奈川県横浜市港南区丸山台２－３４－７,35.39533,139.566428,2026-06-01,1.3
10179,兵庫医科大学病院,兵庫県西宮市武庫川町１番１号,34.7183085,135.3789459,exact_name_pref_municipality_address,hospital,2811280001860,兵庫医科大学病院,兵庫県西宮市武庫川町１番１号,34.718753,135.379255,2026-06-01,56.9
10182,医療法人佐世保晩翠会村上病院,長崎県佐世保市早岐１丁目６番２２号,33.1365459,129.7971538,exact_name_pref_municipality_address,hospital,421hsa0023,医療法人佐世保晩翠会村上病院,長崎県佐世保市早岐１丁目６番２２号,33.13656,129.797161,2026-06-01,1.7
10184,井槌病院,福岡県福岡市中央区薬院4丁目15－6,33.5781165,130.3944831,name_municipality_only,hospital,4011400000040,井槌病院,福岡県福岡市中央区薬院４ー１５－６,33.577997,130.394475,2026-06-01,
10185,医療法人双鳳会　山王クリニック,埼玉県白岡市寺塚１２３－１,36.024634,139.6706806,exact_name_pref_municipality_address,hospital,1111109837600,医療法人双鳳会　山王クリニック,埼玉県白岡市寺塚１２３－１,36.024659,139.670699,2026-06-01,3.2
10186,医療法人社団マウナケア会清水病院,埼玉県坂戸市日の出町１－８,35.9580827,139.393368,exact_name_pref_municipality_address,hospital,1111103552800,医療法人社団マウナケア会　清水病院,埼玉県坂戸市日の出町１－８,35.958094,139.393356,2026-06-01,1.7
10187,医療法人至誠会　梅田病院,山口県光市虹が浜3-6-1,33.9727418,131.9161754,name_municipality_only,hospital,3511355502100,医療法人至誠会梅田病院,山口県光市虹ケ浜３－６－１,33.972694,131.916139,2026-06-01,
10189,兵庫県立こども病院,兵庫県神戸市中央区,,,exact_name_pref_municipality_visible_address_prefix_type_consistent,hospital,2811280003880,兵庫県立こども病院,兵庫県神戸市中央区港島南町１丁目６－７,34.662479,135.218299,2026-06-01,
10190,医療法人横山厚生会横山病院,山形県山形市,38.2459634,140.3350967,name_municipality_only,hospital,061106510085,医療法人横山厚生会横山病院,山形県山形市十日町三丁目６番４８号,38.244082,140.334611,2026-06-01,
10191,医療法人　清慈会　鈴木病院,愛知県豊田市月見町１－１０－８,35.0886522,137.1531947,exact_name_pref_municipality_address,hospital,2311232800100,医療法人　清慈会　鈴木病院,愛知県豊田市月見町１－１０－８,35.088661,137.153118,2026-06-01,7.0
10192,一宮西病院,愛知県一宮市開明字平１番地,35.3124775,136.7779643,exact_name_pref_municipality_address,hospital,2311230100150,一宮西病院,愛知県一宮市開明字平１番地,35.313436,136.778,2026-06-01,106.6
10193,神戸市立西神戸医療センター,兵庫県神戸市西区糀台５丁目７番地１,34.7171377,135.0190374,exact_name_pref_municipality_address,hospital,2811280001070,神戸市立西神戸医療センター,兵庫県神戸市西区糀台５丁目７番地１,34.716914,135.019035,2026-06-01,24.9
10194,産科婦人科 舘出張 佐藤病院,群馬県高崎市若松町96,36.3200853,139.0053523,exact_name_pref_municipality_address,hospital,1011100000028,産科婦人科舘出張佐藤病院,群馬県高崎市若松町９６,36.320098,139.005845,2026-06-01,44.2
10195,医療法人　竹村医学研究会　（財団）　小阪産病院,大阪府東大阪市菱屋西３丁目６－８,34.6613577,135.5790756,exact_name_pref_municipality_address,hospital,2711270006300,医療法人　竹村医学研究会　（財団）　小阪産病院,大阪府東大阪市菱屋西３丁目６－８,34.661347,135.579075,2026-06-01,1.2
10196,高知県・高知市病院企業団立高知医療センター,高知県高知市池２１２５－１,33.5311167,133.5872405,exact_name_pref_municipality_address,hospital,3911393100540,高知県・高知市病院企業団立高知医療センター,高知県高知市池２１２５－１,33.531425,133.58489,2026-06-01,220.5
10197,医療法人財団　仁寿会　荘病院,東京都板橋区板橋１－４１－１４,35.7487164,139.7156049,exact_name_pref_municipality_address,hospital,1311134300530,医療法人財団仁寿会　荘病院,東京都板橋区板橋１－４１－１４,35.748747,139.715486,2026-06-01,11.3
10198,岩手医科大学附属病院,岩手県紫波郡矢巾町医大通二丁目１番１号,39.6143684,141.1629139,exact_name_pref_municipality_address,hospital,03103101064,岩手医科大学附属病院,岩手県紫波郡矢巾町医大通二丁目１番１号,39.611129,141.163955,2026-06-01,371.1
10199,厚生連　南長野医療センター篠ノ井総合病院,長野県長野市篠ノ井会666-1,36.5753836,138.1490468,exact_name_pref_municipality_address,hospital,2011206200120,厚生連　南長野医療センター篠ノ井総合病院,長野県長野市篠ノ井会６６６－１,36.575428,138.149328,2026-06-01,25.6
10202,福岡大学病院,福岡県福岡市城南区七隈七丁目４５番１号,33.5470716,130.3603383,exact_name_pref_municipality_address,hospital,4012400100150,福岡大学病院,福岡県福岡市城南区七隈七丁目４５番１号,33.547461,130.359358,2026-06-01,100.6
10203,医療法人社団明和会　ペリネイト母と子の病院,岡山県岡山市中区倉益２０３－１,34.6432138,133.9732698,exact_name_pref_municipality_address,hospital,3311330001140,医療法人社団明和会　ペリネイト母と子の病院,岡山県岡山市中区倉益２０３－１,34.643299,133.973251,2026-06-01,9.6
10205,市立豊中病院,大阪府豊中市柴原町４－１４－１,34.8024541,135.4582695,exact_name_pref_municipality_address,hospital,2711270002030,市立豊中病院,大阪府豊中市柴原町４－１４－１,34.801718,135.457967,2026-06-01,86.4
10206,東邦大学医療センター佐倉病院,千葉県佐倉市下志津５６４－１,35.7171479,140.1677711,exact_name_pref_municipality_address,hospital,1211202429500,東邦大学医療センター佐倉病院,千葉県佐倉市下志津５６４－１,35.717145,140.168136,2026-06-01,32.9
10207,愛育病院,鹿児島県鹿児島市小松原1丁目43番15号,31.534328,130.5319559,exact_name_pref_municipality_address,hospital,46110036,愛育病院,鹿児島県鹿児島市小松原１丁目４３番１５号,31.533871,130.531756,2026-06-01,54.2
10208,医療法人　岩田病院,愛知県名古屋市中村区則武一丁目１番１１号,35.1735892,136.8787994,exact_name_pref_municipality_address,hospital,2311232300130,医療法人　岩田病院,愛知県名古屋市中村区則武一丁目１番１１号,35.173564,136.87872,2026-06-01,7.7
10209,福井県立病院,福井県福井市四ツ井２丁目８番１号,36.0688677,136.2391074,exact_name_pref_municipality_address,hospital,1811180000030,福井県立病院,福井県福井市四ツ井２丁目８番１号,36.069089,136.239458,2026-06-01,40.0
10210,秋田大学医学部附属病院,秋田県秋田市広面蓮沼４４番２,39.7299406,140.151122,exact_name_pref_municipality_address,hospital,0511050500200,秋田大学医学部附属病院,秋田県秋田市広面蓮沼４４番２,39.730994,140.149516,2026-06-01,180.5
10211,産科婦人科のぼり病院,鹿児島県鹿児島市荒田一丁目１３番１３号,31.5764777,130.5520901,exact_name_pref_municipality_address,hospital,46110080,産科婦人科のぼり病院,鹿児島県鹿児島市荒田一丁目１３番１３号,31.576514,130.552042,2026-06-01,6.1
10212,医療法人財団今井会足立病院第二足立病院,京都府京都市南区四ツ塚町1番地,34.9795464,135.7460214,exact_name_pref_municipality_address,hospital,2612610000076,医療法人財団今井会足立病院　　　第二足立病院,京都府京都市南区四ツ塚町１番地,34.979565,135.746046,2026-06-01,3.0
10214,医療法人良仁会　桜ヶ丘病院,埼玉県深谷市国済寺408番地5,36.1909684,139.2942099,exact_name_pref_municipality_address,hospital,1111102386400,医療法人良仁会　桜ヶ丘病院,埼玉県深谷市国済寺４０８番地５,36.191015,139.294186,2026-06-01,5.6
10215,神奈川県立こども医療センター,神奈川県横浜市南区六ツ川２丁目１３８－４,35.4212271,139.5789104,exact_name_pref_municipality_address,hospital,1411404223100,神奈川県立こども医療センター,神奈川県横浜市南区六ツ川２丁目１３８－４,35.421405,139.579448,2026-06-01,52.6
10216,気仙沼市立病院,宮城県気仙沼市赤岩杉ノ沢８番地２,38.8875372,141.5662007,exact_name_pref_municipality_address,hospital,041801942,気仙沼市立病院,宮城県気仙沼市赤岩杉ノ沢８番地２,38.887431,141.566226,2026-06-01,12.0
10217,医療法人社団弘和会　森産科婦人科病院,北海道旭川市７条通７丁目左２号,43.7729311,142.3618655,exact_name_pref_municipality_address,hospital,0111010002260,医療法人社団弘和会　森産科婦人科病院,北海道旭川市７条通７丁目左２号,43.772934,142.361869,2026-06-01,0.4
10221,伊東市民病院,静岡県伊東市岡１９６－１,34.9606921,139.0878696,exact_name_pref_municipality_address,hospital,2211225301480,伊東市民病院,静岡県伊東市岡１９６－１,34.960428,139.088019,2026-06-01,32.4
10223,医療法人社団 真弘会 谷病院,香川県善通寺市原田町下五条１１９０－１,34.2285301,133.7870982,name_municipality_only,hospital,3711370300310,医療法人社団真弘会　谷病院,香川県善通寺市原田町字下五条１１９０番地１,34.250105,133.787075,2026-06-01,
10224,市立三次中央病院,広島県三次市東酒野町10531番地,34.80559,132.8518798,name_municipality_only,hospital,3411340048620,市立三次中央病院,広島県三次市東酒屋町１０５３１番地,34.782004,132.867572,2026-06-01,
10225,岐阜市民病院,岐阜県岐阜市鹿島町７－１,35.4138096,136.7336011,name_municipality_only,hospital,2111341000103,岐阜市民病院,岐阜県岐阜市鹿島町７丁目１番地,35.414067,136.734729,2026-06-01,
10226,医療法人勤有会きら病院,愛媛県今治市北宝来町１－３－５,34.0642341,132.9959175,exact_name_pref_municipality_address,hospital,3811385500930,医療法人勤有会きら病院,愛媛県今治市北宝来町１－３－５,34.064249,132.9959,2026-06-01,2.3
10227,ひだか病院,和歌山県御坊市薗１１６番地２,33.8962129,135.1540112,name_municipality_only,hospital,3011007200000,ひだか病院,和歌山県御坊市薗１１６－２,33.895143,135.154145,2026-06-01,
10228,大田市立病院,島根県大田市大田町吉永1428番地3,35.1816454,132.5029324,exact_name_pref_municipality_address,hospital,3211325500170,大田市立病院,島根県大田市大田町吉永１４２８番地３,35.18086,132.50255,2026-06-01,94.0
10229,医療法人社団五葉会　永井産婦人科病院,東京都立川市幸町４－２７－１,35.7224558,139.4309537,exact_name_pref_municipality_address,hospital,1311137902270,医療法人社団五葉会　永井産婦人科病院,東京都立川市幸町４－２７－１,35.722522,139.430983,2026-06-01,7.8
10230,JA北海道厚生連　遠軽厚生病院,北海道遠軽町大通北3丁目1番地5,44.0627603,143.5240505,name_municipality_only,hospital,0111010005210,ＪＡ北海道厚生連遠軽厚生病院,北海道紋別郡遠軽町大通北３丁目１番５号,44.062702,143.524148,2026-06-01,
10231,トヨタ記念病院,愛知県豊田市平和町１－１,35.0576439,137.1752432,exact_name_pref_municipality_address,hospital,2311232800120,トヨタ記念病院,愛知県豊田市平和町１－１,35.057637,137.175423,2026-06-01,16.4
10232,国保水俣市立総合医療センター,熊本県水俣市天神町１ー２ー１,32.2100674,130.4058493,exact_name_pref_municipality_address,hospital,431143610032,国保水俣市立総合医療センター,熊本県水俣市天神町１ー２ー１,32.210077,130.405917,2026-06-01,6.5
10233,岩手県立中部病院,岩手県北上市村崎野17地割10番地,39.3284028,141.1101232,exact_name_pref_municipality_address,hospital,03103100092,岩手県立中部病院,岩手県北上市村崎野１７地割１０番地,39.330011,141.104996,2026-06-01,475.9
10234,医療法人徳洲会 高砂西部病院,兵庫県高砂市中筋１丁目１０番４１号,34.7892497,134.7723476,exact_name_pref_municipality_address,hospital,2811280002480,医療法人徳洲会　高砂西部病院,兵庫県高砂市中筋１丁目１０番４１号,34.789318,134.771858,2026-06-01,45.4
10235,群馬大学医学部附属病院,群馬県前橋市昭和町３丁目３９－１５,36.4080559,139.0614893,exact_name_pref_municipality_address,hospital,1011100000001,群馬大学医学部附属病院,群馬県前橋市昭和町３丁目３９－１５,36.407835,139.063754,2026-06-01,204.2
10236,岩砂病院・岩砂マタニティ,岐阜県岐阜市八代１－７－１,35.4582486,136.7740759,exact_name_pref_municipality_address,hospital,2111341000140,岩砂病院・岩砂マタニティ,岐阜県岐阜市八代１－７－１,35.457994,136.77652,2026-06-01,223.2
10237,広島県厚生農業協同組合連合会広島総合病院,広島県廿日市市地御前１丁目３番3号,34.3437938,132.3229224,name_municipality_only,hospital,3411340017440,広島県厚生農業協同組合連合会　広島総合病院,広島県廿日市市地御前１丁目３－３,34.344097,132.323081,2026-06-01,
10238,独立行政法人地域医療機能推進機構　中京病院,愛知県名古屋市南区三条一丁目１番１０号,35.1084337,136.901624,exact_name_pref_municipality_address,hospital,2311232500060,独立行政法人地域医療機能推進機構　中京病院,愛知県名古屋市南区三条一丁目１番１０号,35.109932,136.901971,2026-06-01,169.6
10240,市立恵那病院,岐阜県恵那市大井町2725番地,35.4657386,137.3977037,exact_name_pref_municipality_address,hospital,2111601000103,市立恵那病院,岐阜県恵那市大井町２７２５番地,35.464234,137.393964,2026-06-01,377.8
10242,防衛医科大学校病院,埼玉県所沢市並木３丁目２,35.8023732,139.466384,exact_name_pref_municipality_address,hospital,1111108678500,防衛医科大学校病院,埼玉県所沢市並木３丁目２,35.803001,139.468804,2026-06-01,229.1
10245,秋田県厚生農業協同組合連合会　平鹿総合病院,秋田県横手市前郷八ツ口３番１,39.3126296,140.5491288,exact_name_pref_municipality_address,hospital,0511050800040,秋田県厚生農業協同組合連合会　平鹿総合病院,秋田県横手市前郷八ツ口３番１,39.312419,140.549346,2026-06-01,30.0
10247,大和高田市立病院,奈良県大和高田市礒野北町１番１号,34.5099201,135.7366486,exact_name_pref_municipality_address,hospital,2911005800000,大和高田市立病院,奈良県大和高田市礒野北町１番１号,34.509945,135.736707,2026-06-01,6.0
10249,筑波大学附属病院,茨城県つくば市天久保２－１－１,36.0929017,140.101875,exact_name_pref_municipality_address,hospital,081108610019,筑波大学附属病院,茨城県つくば市天久保２－１－１,36.092565,140.101291,2026-06-01,64.5
10251,富山市立富山市民病院,富山県富山市今泉北部町,,,exact_name_pref_municipality_visible_address_prefix_type_consistent,hospital,1611160113647,富山市立富山市民病院,富山県富山市今泉北部町２－１,36.672628,137.212485,2026-06-01,
10252,糸魚川総合病院,新潟県糸魚川市大字竹ヶ花４５７番地１,37.0489984,137.8885156,exact_name_pref_municipality_address,hospital,151BYTGX00001,糸魚川総合病院,新潟県糸魚川市大字竹ヶ花４５７番地１,37.048998,137.888515,2026-06-01,0.1
10254,キッコーマン総合病院,千葉県野田市宮崎１００,35.9532376,139.8702713,exact_name_pref_municipality_address,hospital,1211202258600,キッコーマン総合病院,千葉県野田市宮崎１００,35.953222,139.870233,2026-06-01,3.9
10256,東京科学大学病院,東京都文京区湯島１－５－４５,35.7014324,139.7655029,exact_name_pref_municipality_address,hospital,1311131200280,東京科学大学病院,東京都文京区湯島１－５－４５,35.70153,139.764206,2026-06-01,117.6
10257,北海道大学病院,北海道札幌市北区北１４条西５丁目,43.0772465,141.3456175,exact_name_pref_municipality_address,hospital,0111010000420,北海道大学病院,北海道札幌市北区北１４条西５丁目,43.077246,141.345617,2026-06-01,0.1
10258,金沢市立病院,石川県金沢市平和町３丁目７番３号,36.5409613,136.6627111,name_municipality_only,hospital,1715110003,金沢市立病院,石川県金沢市平和町３－７－３,36.540758,136.662594,2026-06-01,
10259,高島市民病院,滋賀県高島市勝野１６６７,35.2923938,136.0114775,exact_name_pref_municipality_address,hospital,2511250000250,高島市民病院,滋賀県高島市勝野１６６７,35.292822,136.011897,2026-06-01,61.0
10260,市立柏原病院,大阪府柏原市法善寺１－７－９,34.592559,135.6248806,exact_name_pref_municipality_address,hospital,2711270003970,市立柏原病院,大阪府柏原市法善寺１－７－９,34.592299,135.624991,2026-06-01,30.6
10261,岡山赤十字病院,岡山県岡山市北区青江２－１－１,34.6346488,133.9233213,name_municipality_only,hospital,3311330000770,岡山赤十字病院,岡山県岡山市北区青江二丁目１番１号,34.634521,133.922756,2026-06-01,
10262,大分大学医学部附属病院,大分県由布市挾間町医大ケ丘１丁目１番地,33.2098281,131.535058,exact_name_pref_municipality_address,hospital,4411015400000,大分大学医学部附属病院,大分県由布市挾間町医大ケ丘１丁目１番地,33.210309,131.535144,2026-06-01,54.1
10263,加賀市医療センター,石川県加賀市作見町リ36番地,36.3189648,136.3517339,exact_name_pref_municipality_address,hospital,171463,加賀市医療センター,石川県加賀市作見町リ３６番地,36.31732,136.351586,2026-06-01,183.4
10264,社会医療法人財団大樹会総合病院回生病院,香川県坂出市室町三丁目5番28号,34.3177849,133.8617995,name_municipality_only,hospital,3711370300180,社会医療法人財団大樹会　総合病院回生病院,香川県坂出市室町三丁目５－２８,34.317738,133.861622,2026-06-01,
10265,豊川市民病院,愛知県豊川市八幡町野路２３番地,34.8283821,137.3515265,exact_name_pref_municipality_address,hospital,2311231900010,豊川市民病院,愛知県豊川市八幡町野路２３番地,34.828443,137.351641,2026-06-01,12.5
10266,ＪＡ静岡厚生連遠州病院,静岡県浜松市中央区中央一丁目1番1号,34.7128153,137.7346831,exact_name_pref_municipality_address,hospital,2211223301330,ＪＡ静岡厚生連遠州病院,静岡県浜松市中央区中央一丁目１番１号,34.712847,137.734698,2026-06-01,3.8
10267,兵庫県立西宮病院,兵庫県西宮市六湛寺町１３－９,34.738073,135.3405226,name_municipality_only,hospital,2811280001920,兵庫県立西宮病院,兵庫県西宮市六湛寺町１３番９号,34.737778,135.340396,2026-06-01,
10268,阿南医療センター,徳島県阿南市宝田町川原６番地１,33.9241253,134.6457904,exact_name_pref_municipality_address,hospital,3611365401130,阿南医療センター,徳島県阿南市宝田町川原６番地１,33.924257,134.646416,2026-06-01,59.6
10269,医療法人友仁会松島病院,宮城県宮城郡松島町高城字浜１－２６,38.377757,141.0702648,exact_name_pref_municipality_address,hospital,041802062,医療法人友仁会松島病院,宮城県宮城郡松島町高城字浜１－２６,38.378099,141.070564,2026-06-01,46.1
10270,関西医科大学附属病院,大阪府枚方市新町２丁目３番１号,34.8176049,135.6447172,exact_name_pref_municipality_address,hospital,2711270003350,関西医科大学附属病院,大阪府枚方市新町２丁目３番１号,34.817526,135.64534,2026-06-01,57.5
10271,郡上市民病院,岐阜県郡上市八幡町島谷１２６１,35.7472171,136.9514658,exact_name_pref_municipality_visible_address_prefix_type_consistent,hospital,2111651006173,郡上市民病院,岐阜県郡上市八幡町島谷１２６１番地,35.74724,136.951456,2026-06-01,2.7
10272,東京医科大学病院,東京都新宿区西新宿６－７－１,35.6939831,139.6922478,exact_name_pref_municipality_address,hospital,1311131000640,東京医科大学病院,東京都新宿区西新宿６－７－１,35.693252,139.691768,2026-06-01,92.1
10273,慶應義塾大学病院,東京都新宿区信濃町３５,35.681712,139.718481,exact_name_pref_municipality_address,hospital,1311130900280,慶應義塾大学病院,東京都新宿区信濃町３５,35.681726,139.718211,2026-06-01,24.4
10274,独立行政法人国立病院機構指宿医療センター,鹿児島県指宿市十二町４１４５,31.221659,130.6461068,exact_name_pref_municipality_address,hospital,46110203,独立行政法人国立病院機構指宿医療センター,鹿児島県指宿市十二町４１４５,31.220646,130.646051,2026-06-01,112.8
10276,社会福祉法人聖隷福祉事業団総合病院聖隷三方原病院,静岡県浜松市中央区三方原町３４５３,34.7921994,137.6959918,exact_name_pref_municipality_address,hospital,2211223301620,社会福祉法人聖隷福祉事業団総合病院聖隷三方原病院,静岡県浜松市中央区三方原町３４５３,34.792282,137.690948,2026-06-01,460.7
10277,桑名市総合医療センター,三重県桑名市寿町３－１１,35.0650708,136.6874162,exact_name_pref_municipality_address,hospital,2411240000620,桑名市総合医療センター,三重県桑名市寿町３－１１,35.065291,136.68688,2026-06-01,54.6
10278,新潟県厚生農業協同組合連合会　柏崎総合医療センター,新潟県柏崎市北半田２－１１－３,37.3624025,138.5774846,name_municipality_only,hospital,151BYKZX00002,新潟県厚生農業協同組合連合会　柏崎総合医療センター,新潟県柏崎市北半田２丁目１１番３号,37.362345,138.577607,2026-06-01,
10279,隠岐広域連合立隠岐病院,島根県隠岐郡隠岐の島町城北町３５５,36.2162822,133.3184495,exact_name_pref_municipality_address,hospital,3211325900190,隠岐広域連合立隠岐病院,島根県隠岐郡隠岐の島町城北町３５５,36.216283,133.318528,2026-06-01,7.0
10281,公立藤岡総合病院,群馬県藤岡市中栗須８１３番地１,36.2672687,139.0783972,exact_name_pref_municipality_address,hospital,1011100000068,公立藤岡総合病院,群馬県藤岡市中栗須８１３番地１,36.252886,139.076487,2026-06-01,1608.4
10282,医療法人社団理弘会　岩倉病院,東京都江戸川区南小岩７－２８－４,35.732437,139.8833308,exact_name_pref_municipality_address,hospital,1311135300960,医療法人社団理弘会　岩倉病院,東京都江戸川区南小岩７－２８－４,35.732446,139.883167,2026-06-01,14.8
10283,独立行政法人地域医療機能推進機構相模野病院,神奈川県相模原市中央区淵野辺１－２－３０,35.5729569,139.388519,exact_name_pref_municipality_visible_address_prefix_type_consistent,hospital,1411410720100,独立行政法人地域医療機能推進機構相模野病院,神奈川県相模原市中央区淵野辺,35.572744,139.388726,2026-06-01,30.2
10284,公立大学法人　福島県立医科大学附属病院,福島県福島市光が丘１番地,37.6892519,140.470385,exact_name_pref_municipality_address,hospital,0710710000016,公立大学法人　福島県立医科大学附属病院,福島県福島市光が丘１番地,37.689992,140.471533,2026-06-01,130.3
10285,地方独立行政法人　佐世保市総合医療センター,長崎県佐世保市平瀬町９番地３,33.1728583,129.7160374,exact_name_pref_municipality_address,hospital,421hsa0013,地方独立行政法人　佐世保市総合医療センター,長崎県佐世保市平瀬町９番地３,33.172899,129.716043,2026-06-01,4.6
10287,独立行政法人国立病院機構別府医療センター,大分県別府市大字内竈１４７３番地,33.3318643,131.4853082,exact_name_pref_municipality_visible_address_prefix_type_consistent,hospital,4411007600000,独立行政法人国立病院機構　別府医療センター,大分県別府市大字内竈１４７３,33.331873,131.485312,2026-06-01,1.0
10291,徳島県鳴門病院,徳島県鳴門市撫養町黒崎字小谷３２,34.1826707,134.5941651,exact_name_pref_municipality_visible_address_prefix_type_consistent,hospital,3611365200450,徳島県鳴門病院,徳島県鳴門市撫養町黒崎字小谷３２番,34.182767,134.594064,2026-06-01,14.2
10294,一宮市立市民病院,愛知県一宮市文京２－２－２２,35.3129939,136.8058864,exact_name_pref_municipality_address,hospital,2311230100020,一宮市立市民病院,愛知県一宮市文京２－２－２２,35.312853,136.805442,2026-06-01,43.3
10295,社会福祉法人大阪暁明館　大阪暁明館病院,大阪府大阪市此花区西九条５－４－８,34.6843497,135.4650177,exact_name_pref_municipality_address,hospital,2711270005760,社会福祉法人大阪暁明館　大阪暁明館病院,大阪府大阪市此花区西九条５－４－８,34.684453,135.464944,2026-06-01,13.3
10296,学校法人　関西医科大学　関西医科大学総合医療センター,大阪府守口市文園町１０－１５,34.7288134,135.556303,exact_name_pref_municipality_address,hospital,2711270002930,学校法人　関西医科大学　関西医科大学総合医療センター,大阪府守口市文園町１０－１５,34.728672,135.55624,2026-06-01,16.7
10298,国家公務員共済組合連合会　立川病院,東京都立川市錦町４－２－２２,35.6930018,139.4222591,exact_name_pref_municipality_address,hospital,1311137900250,国家公務員共済組合連合会　立川病院,東京都立川市錦町４－２－２２,35.692664,139.422124,2026-06-01,39.5
10299,富山県済生会高岡病院,富山県高岡市二塚３８７－１,36.7214017,137.0153398,exact_name_pref_municipality_address,hospital,1611160212605,富山県済生会高岡病院,富山県高岡市二塚３８７－１,36.721342,137.01536,2026-06-01,6.9
10300,名寄市立総合病院,北海道名寄市西７条南８丁目１,44.348477,142.4512648,exact_name_pref_municipality_visible_address_prefix_type_consistent,hospital,0111010004650,名寄市立総合病院,北海道名寄市西７条南８丁目１番地,44.348541,142.451335,2026-06-01,9.0
10302,名古屋掖済会病院,愛知県名古屋市中川区松年町４丁目６６番地,35.1199639,136.8734814,exact_name_pref_municipality_address,hospital,2311232300230,名古屋掖済会病院,愛知県名古屋市中川区松年町４丁目６６番地,35.12032,136.872696,2026-06-01,81.7
10304,手稲渓仁会病院,北海道札幌市手稲区前田１条１２丁目１番４０号,43.1220734,141.2430802,exact_name_pref_municipality_address,hospital,0111010002020,手稲渓仁会病院,北海道札幌市手稲区前田１条１２丁目１番４０号,43.122568,141.242631,2026-06-01,66.0
10305,厚木市立病院,神奈川県厚木市水引１丁目１６－３６,35.4490176,139.360206,exact_name_pref_municipality_address,hospital,1411401269300,厚木市立病院,神奈川県厚木市水引１丁目１６－３６,35.44814,139.359723,2026-06-01,106.9
10307,成田赤十字病院,千葉県成田市飯田町90番地1,35.7651851,140.3037876,exact_name_pref_municipality_address,hospital,1211202420100,成田赤十字病院,千葉県成田市飯田町９０番地１,35.765039,140.303181,2026-06-01,57.1
10308,社会福祉法人恩賜財団済生会支部新潟県済生会済生会新潟病院,新潟県新潟市西区寺地２８０ー７,37.8787698,139.0048041,exact_name_pref_municipality_address,hospital,151BYNCX00007,社会福祉法人恩賜財団済生会支部新潟県済生会済生会新潟病院,新潟県新潟市西区寺地２８０ー７,37.878713,139.004928,2026-06-01,12.6
10309,長浜赤十字病院,滋賀県長浜市宮前町１４－７,35.3834727,136.2733082,exact_name_pref_municipality_address,hospital,2511250000320,長浜赤十字病院,滋賀県長浜市宮前町１４－７,35.383628,136.273758,2026-06-01,44.3
10310,公益財団法人榊原記念財団　附属　榊原記念病院,東京都府中市朝日町３－１６－１,35.6661439,139.5206989,exact_name_pref_municipality_address,hospital,1311139400190,公益財団法人榊原記念財団　附属　榊原記念病院,東京都府中市朝日町３－１６－１,35.666252,139.520201,2026-06-01,46.6
10311,日本赤十字社愛知医療センター名古屋第一病院,愛知県名古屋市中村区道下町３ー３５,35.1724279,136.8617359,name_municipality_only,hospital,2311232300080,日本赤十字社愛知医療センター名古屋第一病院,愛知県名古屋市中村区道下町３丁目３５,35.171286,136.862139,2026-06-01,
10312,都留市立病院,山梨県都留市つる五丁目１番５５号,35.5626973,138.9030896,exact_name_pref_municipality_address,hospital,1911190000059,都留市立病院,山梨県都留市つる五丁目１番５５号,35.56278,138.903146,2026-06-01,10.5
10314,茨城西南医療センター病院,茨城県猿島郡境町2190,36.1084158,139.7950318,exact_name_pref_municipality_address,hospital,081108650154,茨城西南医療センター病院,茨城県猿島郡境町２１９０,36.108415,139.795031,2026-06-01,0.1
10315,神戸大学医学部附属病院,兵庫県神戸市中央区楠町7丁目５番２号,34.6855853,135.1699095,exact_name_pref_municipality_address,hospital,2811280000220,神戸大学医学部附属病院,兵庫県神戸市中央区楠町７丁目５番２号,34.685142,135.170885,2026-06-01,101.9
10316,新潟市民病院,新潟県新潟市中央区鐘木463番地7,37.8749939,139.0415774,exact_name_pref_municipality_address,hospital,151BYNCX00006,新潟市民病院,新潟県新潟市中央区鐘木４６３番地７,37.875012,139.04156,2026-06-01,2.5
10318,県立広島病院,広島県広島市南区宇品神田１丁目５番５４号,34.3666402,132.4668073,name_municipality_only,hospital,3411340011480,県立広島病院,広島県広島市南区宇品神田１－５－５４,34.366874,132.466707,2026-06-01,
10319,日本赤十字社栃木県支部足利赤十字病院,栃木県足利市五十部町２８４－１,36.3395713,139.4218501,exact_name_pref_municipality_visible_address_prefix_type_consistent,hospital,0911090002000,日本赤十字社栃木県支部足利赤十字病院,栃木県足利市五十部町,36.339798,139.421377,2026-06-01,49.3
10320,中津市立中津市民病院,大分県中津市下池永１７３,33.5901169,131.2161328,exact_name_pref_municipality_visible_address_prefix_type_consistent,hospital,4411009000000,中津市立中津市民病院,大分県中津市下池永１７３番地,33.589823,131.215125,2026-06-01,98.9
10321,杏林大学医学部付属杉並病院,東京都杉並区和田二丁目２５番１号,35.6900867,139.655811,exact_name_pref_municipality_address,hospital,1311315970009,杏林大学医学部付属杉並病院,東京都杉並区和田二丁目２５番１号,35.690086,139.655811,2026-06-01,0.1
10322,独立行政法人労働者健康安全機構中国労災病院,広島県呉市広多賀谷１－５－１,34.2302573,132.6136323,exact_name_pref_municipality_address,hospital,3411340012940,独立行政法人労働者健康安全機構　中国労災病院,広島県呉市広多賀谷１－５－１,34.230503,132.614062,2026-06-01,48.0
10323,岡山大学病院,岡山県岡山市北区鹿田町２－５－１,34.6490999,133.9196585,name_municipality_only,hospital,3311330000790,岡山大学病院,岡山県岡山市北区鹿田町二丁目５番１号,34.650852,133.920839,2026-06-01,
10324,独立行政法人労働者健康安全機構　千葉労災病院,千葉県市原市辰巳台東2-16,35.5198367,140.1590888,exact_name_pref_municipality_address,hospital,1211204537300,独立行政法人労働者健康安全機構　千葉労災病院,千葉県市原市辰巳台東２－１６,35.521896,140.158229,2026-06-01,241.8
10326,高松赤十字病院,香川県高松市番町4丁目１番３号,34.3410472,134.0432299,name_municipality_only,hospital,3711370500080,高松赤十字病院,香川県高松市番町４丁目１－３,34.340738,134.04305,2026-06-01,
10327,石川県立中央病院,石川県金沢市鞍月東２－１,36.5964967,136.6298313,name_municipality_only,hospital,1715110039,石川県立中央病院,石川県金沢市鞍月東２丁目１番地,36.595202,136.628804,2026-06-01,
10329,総合病院　庄原赤十字病院,広島県庄原市西本町二丁目７番１０号,34.8582951,133.010482,exact_name_pref_municipality_address,hospital,3411340028000,総合病院　庄原赤十字病院,広島県庄原市西本町二丁目７番１０号,34.858326,133.010664,2026-06-01,17.0
10330,公立能登総合病院,石川県七尾市ア部６番地４,37.0438483,136.9641261,name_municipality_only,hospital,1713110004,公立能登総合病院,石川県七尾市藤橋町ア部６番地４,37.045061,136.946607,2026-06-01,
10331,諏訪赤十字病院,長野県諏訪市湖岸通り５丁目１１番５０号,36.0434956,138.1071586,exact_name_pref_municipality_address,hospital,2011205401210,諏訪赤十字病院,長野県諏訪市湖岸通り５丁目１１番５０号,36.043016,138.10688,2026-06-01,58.9
10332,高知赤十字病院,高知県高知市秦南町1丁目４番６３－１１号,33.5757643,133.5446996,exact_name_pref_municipality_address,hospital,3911395102320,高知赤十字病院,高知県高知市秦南町１丁目４番６３ー１１号,33.577943,133.544312,2026-06-01,244.9
10334,医療法人徳洲会湘南鎌倉総合病院,神奈川県鎌倉市岡本1370-1,35.3460552,139.5194489,name_municipality_only,hospital,1411400419400,医療法人徳洲会　湘南鎌倉総合病院,神奈川県鎌倉市岡本１３７０番１,35.345323,139.51516,2026-06-01,
10336,地方独立行政法人東京都立病院機構　東京都立多摩総合医療センター,東京都府中市武蔵台２－８－２９,35.6927933,139.463631,exact_name_pref_municipality_address,hospital,1311137101772,地方独立行政法人東京都立病院機構　東京都立多摩総合医療センター,東京都府中市武蔵台２－８－２９,35.692581,139.46151,2026-06-01,193.0
10337,加古川中央市民病院,兵庫県加古川市加古川町本町４３９番地,34.770685,134.8328801,exact_name_pref_municipality_address,hospital,2811280003870,加古川中央市民病院,兵庫県加古川市加古川町本町４３９番地,34.771516,134.832576,2026-06-01,96.5
10338,大館市立総合病院,秋田県大館市豊町３番１号,40.2727409,140.5544852,exact_name_pref_municipality_address,hospital,0511050100050,大館市立総合病院,秋田県大館市豊町３番１号,40.273166,140.555208,2026-06-01,77.4
10340,竹山病院,新潟県新潟市中央区上大川前通り6番町1183,37.920759,139.0473059,name_municipality_only,hospital,151BYNCX00023,竹山病院,新潟県新潟市中央区上大川前通六番１１８３番地,37.920958,139.04726,2026-06-01,
10342,鳥取赤十字病院,鳥取県鳥取市尚徳町１１７,35.5012616,134.2358803,exact_name_pref_municipality_address,hospital,3113112000002,鳥取赤十字病院,鳥取県鳥取市尚徳町１１７,35.501561,134.235641,2026-06-01,39.7
10345,公立甲賀病院,滋賀県甲賀市水口町松尾１２５６,34.9827232,136.178192,exact_name_pref_municipality_address,hospital,2511250000110,公立甲賀病院,滋賀県甲賀市水口町松尾１２５６,34.982521,136.177947,2026-06-01,31.7
10346,ＮＴＴ東日本札幌病院,北海道札幌市中央区南１条西１５丁目２９０番地,43.0562241,141.3345824,exact_name_pref_municipality_address,hospital,0111010000060,ＮＴＴ東日本札幌病院,北海道札幌市中央区南１条西１５丁目２９０番地,43.056224,141.334582,2026-06-01,0.0
10347,越谷市立病院,埼玉県越谷市東越谷１０－３２,35.8995941,139.8034882,name_municipality_only,hospital,1111108993800,越谷市立病院,埼玉県越谷市東越谷十丁目３２番地,35.89803,139.805977,2026-06-01,
10348,大津赤十字病院,滋賀県大津市長等1-1-35,35.006814,135.8599238,exact_name_pref_municipality_address,hospital,2511250000270,大津赤十字病院,滋賀県大津市長等１－１－３５,35.007239,135.859786,2026-06-01,48.9
10350,社会福祉法人　三井記念病院,東京都千代田区神田和泉町１,35.6992439,139.7759687,exact_name_pref_municipality_address,hospital,1311130201020,社会福祉法人　三井記念病院,東京都千代田区神田和泉町１,35.699725,139.779178,2026-06-01,294.7
10351,浜松医科大学医学部附属病院,静岡県浜松市中央区半田山１－２０－１,34.7704234,137.7434382,name_municipality_only,hospital,2211223300320,浜松医科大学医学部附属病院,静岡県浜松市中央区半田山１丁目２０－１,34.770063,137.743751,2026-06-01,
10352,日本赤十字社東京都支部大森赤十字病院,東京都大田区中央４－３０－１,35.5793375,139.718105,exact_name_pref_municipality_address,hospital,1311132300190,日本赤十字社東京都支部大森赤十字病院,東京都大田区中央４－３０－１,35.579154,139.717549,2026-06-01,54.3
10355,愛知県厚生農業協同組合連合会　豊田厚生病院,愛知県厚生農業協同組合連合会　豊田厚生病院豊田市浄水町一丁目58番地3,35.1203166,137.1347032,name_municipality_only,hospital,2311232800030,愛知県厚生農業協同組合連合会　豊田厚生病院,愛知県豊田市浄水町伊保原５００－１,35.120352,137.134091,2026-06-01,
10357,市立秋田総合病院,秋田県秋田市川元松丘町４番３０号,39.7128343,140.1025967,exact_name_pref_municipality_address,hospital,0511050500140,市立秋田総合病院,秋田県秋田市川元松丘町４番３０号,39.711953,140.103463,2026-06-01,122.9
10358,砂川市立病院,北海道砂川市西４条北３丁目,43.494043,141.9051294,exact_name_pref_municipality_visible_address_prefix_type_consistent,hospital,0111010003840,砂川市立病院,北海道砂川市西４条北３丁目１番１号,43.494567,141.904725,2026-06-01,66.8
10359,綜合病院　山口赤十字病院,山口県山口市八幡馬場　５３－１,34.1845299,131.4817264,exact_name_pref_municipality_address,hospital,3511355700560,綜合病院　山口赤十字病院,山口県山口市八幡馬場　５３－１,34.18475,131.482583,2026-06-01,82.5
10362,市立甲府病院,山梨県甲府市増坪町３６６,35.634435,138.5909889,exact_name_pref_municipality_address,hospital,1911190000005,市立甲府病院,山梨県甲府市増坪町３６６,35.634128,138.591779,2026-06-01,79.1
10363,地方独立行政法人東京都立病院機構　東京都立大塚病院,東京都豊島区南大塚２－８－１,35.7253145,139.7322808,exact_name_pref_municipality_address,hospital,1311133700250,地方独立行政法人東京都立病院機構　東京都立大塚病院,東京都豊島区南大塚２－８－１,35.724305,139.73243,2026-06-01,113.1
10364,医療法人徳洲会　神戸徳洲会病院,兵庫県神戸市垂水区上高丸１－３－１０,34.6412411,135.0502978,name_municipality_only,hospital,2811280000860,医療法人徳洲会　神戸徳洲会病院,兵庫県神戸市垂水区上高丸１丁目３番１０号,34.64145,135.050397,2026-06-01,
10365,独立行政法人国立病院機構仙台医療センター,宮城県仙台市宮城野区宮城野２丁目１１－１２,38.2600876,140.9056462,exact_name_pref_municipality_address,hospital,041900005,独立行政法人国立病院機構仙台医療センター,宮城県仙台市宮城野区宮城野２丁目１１－１２,38.260803,140.905197,2026-06-01,88.7
10366,市立吹田市民病院,大阪府吹田市岸部新町５番７号,34.7769116,135.5382625,exact_name_pref_municipality_address,hospital,2711270006780,市立吹田市民病院,大阪府吹田市岸部新町５番７号,34.777167,135.538462,2026-06-01,33.7
10367,ヨナハ丘の上病院,三重県桑名市さくらの丘１番地,35.0671605,136.6544898,exact_name_pref_municipality_address,hospital,2411249000012,ヨナハ丘の上病院,三重県桑名市さくらの丘１番地,35.067246,136.654696,2026-06-01,21.0
10368,昭和医科大学病院,東京都品川区旗の台1-5-8,35.6083886,139.7035693,exact_name_pref_municipality_address,hospital,1311132000230,昭和医科大学病院,東京都品川区旗の台１－５－８,35.608678,139.703438,2026-06-01,34.3
10369,天草中央総合病院,熊本県天草市東町１０１番地,32.4496732,130.200266,exact_name_pref_municipality_address,hospital,431143630012,天草中央総合病院,熊本県天草市東町１０１番地,32.449349,130.200294,2026-06-01,36.1
10370,独立行政法人労働者健康安全機構九州労災病院,福岡県北九州市小倉南区曽根北町１番１号,33.8372974,130.9383336,exact_name_pref_municipality_address,hospital,4011400004210,独立行政法人労働者健康安全機構九州労災病院,福岡県北九州市小倉南区曽根北町１番１号,33.837245,130.938214,2026-06-01,12.5
10371,地方独立行政法人大阪府立病院機構大阪急性期・総合医療センター,大阪府大阪市住吉区万代東3-1-56,34.6171877,135.5059155,exact_name_pref_municipality_address,hospital,2711270001860,地方独立行政法人　大阪府立病院機構　大阪急性期・総合医療センター,大阪府大阪市住吉区万代東３－１－５６,34.616572,135.505472,2026-06-01,79.6
10372,大阪市立十三市民病院,大阪府大阪市淀川区野中北２丁目１２番２７号,34.7278475,135.4776938,exact_name_pref_municipality_address,hospital,2711270006230,大阪市立十三市民病院,大阪府大阪市淀川区野中北２丁目１２番２７号,34.728338,135.477191,2026-06-01,71.3
10373,社会福祉法人北海道社会事業協会帯広病院,北海道帯広市東5条南9丁目2番地,42.9226623,143.213993,exact_name_pref_municipality_address,hospital,0111010005390,社会福祉法人北海道社会事業協会帯広病院,北海道帯広市東５条南９丁目２番地,42.922707,143.213837,2026-06-01,13.6
10374,神奈川県厚生農業協同組合連合会　伊勢原協同病院,神奈川県伊勢原市田中３４５,35.4030871,139.3171347,exact_name_pref_municipality_address,hospital,1411402003300,神奈川県厚生農業協同組合連合会伊勢原協同病院,神奈川県伊勢原市田中３４５,35.403316,139.316451,2026-06-01,67.0
10376,日本私立学校振興・共済事業団　東京臨海病院,東京都江戸川区臨海町1町目4番2号,35.6523528,139.8536409,name_municipality_only,hospital,1311135202110,日本私立学校振興・共済事業団　東京臨海病院,東京都江戸川区臨海町１－４－２,35.652509,139.854118,2026-06-01,
10377,宮崎県立延岡病院,宮崎県延岡市新小路２丁目１番地１０,32.5702167,131.66633,exact_name_pref_municipality_address,hospital,4511450300100,宮崎県立延岡病院,宮崎県延岡市新小路２丁目１番地１０,32.570193,131.666432,2026-06-01,9.9
10378,独立行政法人国立病院機構高知病院,高知県高知市朝倉西町１丁目２番２５号,33.5428709,133.4851655,exact_name_pref_municipality_address,hospital,3911395102610,独立行政法人国立病院機構高知病院,高知県高知市朝倉西町１丁目２番２５号,33.542715,133.484345,2026-06-01,78.0
10379,自衛隊中央病院,東京都世田谷区池尻1－2－24,35.6428329,139.6835936,exact_name_pref_municipality_address,hospital,1311132700240,自衛隊中央病院,東京都世田谷区池尻１－２－２４,35.645202,139.684632,2026-06-01,279.6
10380,平塚市民病院,神奈川県平塚市南原１－１９－１,35.3368249,139.3251829,exact_name_pref_municipality_address,hospital,1411400009100,平塚市民病院,神奈川県平塚市南原１－１９－１,35.33624,139.324726,2026-06-01,77.1
10382,町立中標津病院,北海道標津郡中標津町西10条南9丁目1番地1,43.5363843,144.9722013,exact_name_pref_municipality_address,hospital,0111010005990,町立中標津病院,北海道標津郡中標津町西１０条南９丁目１番地１,43.536394,144.972358,2026-06-01,12.7
10383,東海大学医学部付属八王子病院,東京都八王子市石川町１８３８,35.6732335,139.3569614,exact_name_pref_municipality_address,hospital,1311137304890,東海大学医学部付属八王子病院,東京都八王子市石川町１８３８,35.677165,139.363852,2026-06-01,760.6
10384,医療法人一祐会　藤本病院,大阪府寝屋川市八阪町２番３号,34.7523241,135.5421588,name_municipality_only,hospital,2711270003100,医療法人一祐会藤本病院,大阪府寝屋川市八坂町２－３,34.76542,135.624205,2026-06-01,
10386,三重県厚生農業協同組合連合会　三重北医療センターいなべ総合病院,三重県いなべ市北勢町阿下喜７７１,35.1468943,136.5139447,exact_name_pref_municipality_address,hospital,2411240000040,三重県厚生農業協同組合連合会　三重北医療センターいなべ総合病院,三重県いなべ市北勢町阿下喜７７１,35.146696,136.514252,2026-06-01,35.6
10387,公立大学法人横浜市立大学附属病院,神奈川県横浜市金沢区福浦３－９,35.3435667,139.6520986,exact_name_pref_municipality_address,hospital,1411405511200,公立大学法人横浜市立大学附属病院,神奈川県横浜市金沢区福浦３－９,35.344441,139.650881,2026-06-01,147.1
10388,独立行政法人国立病院機構相模原病院,神奈川県相模原市南区桜台１８－１,35.5205672,139.4109997,exact_name_pref_municipality_address,hospital,1411410715500,独立行政法人国立病院機構相模原病院,神奈川県相模原市南区桜台１８－１,35.520477,139.411157,2026-06-01,17.4
10389,大阪市立総合医療センター,大阪府大阪市都島区都島本通2-13-22,34.7070581,135.5241806,name_municipality_only,hospital,2711270006240,大阪市立総合医療センター,大阪府大阪市都島区都島本通２丁目１３番２２号,34.707507,135.523772,2026-06-01,
10390,川崎医科大学附属病院,岡山県倉敷市松島577番地,34.6333205,133.8113513,exact_name_pref_municipality_address,hospital,3311330001210,川崎医科大学附属病院,岡山県倉敷市松島５７７番地,34.631491,133.811072,2026-06-01,205.0
10392,社会医療法人　財団新和会　八千代病院,愛知県安城市住吉町２－２－７,34.9866471,137.0799264,exact_name_pref_municipality_address,hospital,2311231400040,社会医療法人財団新和会　八千代病院,愛知県安城市住吉町２－２－７,34.986671,137.079935,2026-06-01,2.8
10394,三重県立総合医療センター,三重県四日市市大字日永５４５０－１３２,34.9431085,136.5895441,exact_name_pref_municipality_address,hospital,2411240000540,三重県立総合医療センター,三重県四日市市大字日永５４５０－１３２,34.943219,136.589699,2026-06-01,18.7
10395,松江市立病院,島根県松江市乃白町32番地1,35.4377708,133.0562501,name_municipality_only,hospital,3211325102200,松江市立病院,島根県松江市乃白町３２ー１,35.438666,133.055415,2026-06-01,
10396,松戸市立総合医療センター,千葉県松戸市千駄堀９９３－１,35.8028249,139.9330056,exact_name_pref_municipality_address,hospital,1211201356000,松戸市立総合医療センター,千葉県松戸市千駄堀９９３－１,35.802854,139.932851,2026-06-01,14.3
10397,市立池田病院,大阪府池田市城南３－１－１８,34.8210382,135.4334256,exact_name_pref_municipality_address,hospital,2711270002290,市立池田病院,大阪府池田市城南３－１－１８,34.821188,135.432552,2026-06-01,81.5
10398,益田赤十字病院,島根県益田市乙吉町イ１０３番地１,34.684034,131.8413338,exact_name_pref_municipality_address,hospital,3211325800160,益田赤十字病院,島根県益田市乙吉町イ１０３番地１,34.684051,131.84137,2026-06-01,3.8
10399,あさぎり病院,兵庫県明石市朝霧台１１２０番地の２,34.6546988,135.0178068,exact_name_pref_municipality_address,hospital,2811280002490,あさぎり病院,兵庫県明石市朝霧台１１２０番地の２,34.654976,135.017788,2026-06-01,30.9
10400,医療法人　徳洲会　千葉西総合病院,千葉県松戸市金ケ作１０７－１,35.8046099,139.9458334,exact_name_pref_municipality_address,hospital,1211201361700,医療法人　徳洲会　千葉西総合病院,千葉県松戸市金ケ作１０７－１,35.804576,139.945122,2026-06-01,64.3
10401,海老名総合病院,神奈川県海老名市中央四丁目16番1号,35.4473908,139.385612,exact_name_pref_municipality_visible_address_prefix_type_consistent,hospital,1411401279000,海老名総合病院,神奈川県海老名市中央,35.447454,139.38576,2026-06-01,15.1
10402,公益社団法人地域医療振興協会　練馬光が丘病院,東京都練馬区光が丘２－５ー１,35.7613994,139.6344081,exact_name_pref_municipality_address,hospital,1311136400000,公益社団法人地域医療振興協会　練馬光が丘病院,東京都練馬区光が丘２－５ー１,35.761355,139.633659,2026-06-01,67.8
10403,日本医科大学付属病院,東京都文京区千駄木一丁目一番五号,35.7212451,139.7594054,name_municipality_only,hospital,1311131200730,日本医科大学付属病院,東京都文京区千駄木１－１－５,35.721056,139.758734,2026-06-01,
10406,国際医療福祉大学成田病院,千葉県成田市畑ヶ田８５２,35.7605066,140.3515486,name_municipality_only,hospital,1211226716300,国際医療福祉大学成田病院,千葉県成田市畑ケ田８５２,35.760493,140.351466,2026-06-01,
10407,信州大学医学部附属病院,長野県松本市旭３丁目１－１,36.2500711,137.9799892,exact_name_pref_municipality_address,hospital,2011205900410,信州大学医学部附属病院,長野県松本市旭３丁目１－１,36.249377,137.978717,2026-06-01,137.7
10408,愛知県厚生農業協同組合連合会　安城更生病院,愛知県安城市安城町東広畔２８,34.9400875,137.0777825,exact_name_pref_municipality_address,hospital,2311231400010,愛知県厚生農業協同組合連合会　安城更生病院,愛知県安城市安城町東広畔２８,34.939926,137.078381,2026-06-01,57.4
10409,医療法人社団　大坪会　東都文京病院,東京都文京区湯島３－５－７,35.7042435,139.7678977,exact_name_pref_municipality_address,hospital,1311131200860,医療法人社団大坪会　東都文京病院,東京都文京区湯島３－５－７,35.704141,139.767873,2026-06-01,11.6
10410,富士宮市立病院,静岡県富士宮市錦町３番１号,35.2196865,138.6153343,name_municipality_only,hospital,2211225900900,富士宮市立病院,静岡県富士宮市錦町３－１,35.219669,138.615241,2026-06-01,
10411,自治医科大学附属さいたま医療センター,埼玉県さいたま市大宮区天沼町1-847,35.907493,139.645509,exact_name_pref_municipality_address,hospital,1111103872100,自治医科大学附属さいたま医療センター,埼玉県さいたま市大宮区天沼町１－８４７,35.906349,139.645054,2026-06-01,133.6
10412,滋賀医科大学医学部附属病院,滋賀県大津市瀬田月輪町,,,exact_name_pref_municipality_address,hospital,2511250000030,滋賀医科大学医学部附属病院,滋賀県大津市瀬田月輪町,34.973461,135.951731,2026-06-01,
10413,公立昭和病院,東京都小平市花小金井8-1-1,35.7312974,139.503337,exact_name_pref_municipality_address,hospital,1311138300280,公立昭和病院,東京都小平市花小金井８－１－１,35.733744,139.503004,2026-06-01,273.7
10416,湘南東部総合病院,神奈川県茅ヶ崎市西久保５００,35.3477624,139.3915328,exact_name_pref_municipality_address,hospital,1411402668600,湘南東部総合病院,神奈川県茅ヶ崎市西久保５００,35.347548,139.392228,2026-06-01,67.4
10417,国立大学法人富山大学附属病院,富山県富山市杉谷２６３０番地,36.6810868,137.1430662,exact_name_pref_municipality_address,hospital,1611168010035,国立大学法人　富山大学附属病院,富山県富山市杉谷２６３０番地,36.679904,137.140824,2026-06-01,239.3
10418,総合病院　土浦協同病院,茨城県土浦市おおつ野四丁目１番１号,36.0844057,140.2602522,exact_name_pref_municipality_address,hospital,081108590269,総合病院土浦協同病院,茨城県土浦市おおつ野四丁目１番１号,36.083781,140.258874,2026-06-01,142.0
10419,田川市立病院,福岡県田川市立病院大字糒1700番地2,33.6594352,130.7994429,name_municipality_only,hospital,4012400600110,田川市立病院,福岡県田川市大字糒１７００番地２,33.659417,130.799488,2026-06-01,
10420,藤枝市立総合病院,静岡県藤枝市駿河台４－１－１１,34.8612864,138.2298955,exact_name_pref_municipality_address,hospital,2211226101300,藤枝市立総合病院,静岡県藤枝市駿河台４－１－１１,34.861062,138.230095,2026-06-01,30.9
10421,愛知県厚生農業協同組合連合会　稲沢厚生病院,愛知県稲沢市祖父江町本甲拾町野７,35.2525079,136.7324201,exact_name_pref_municipality_address,hospital,2311230200020,愛知県厚生農業協同組合連合会　稲沢厚生病院,愛知県稲沢市祖父江町本甲拾町野７,35.252414,136.732479,2026-06-01,11.7
10424,公立富岡総合病院,群馬県富岡市富岡2073-1,36.2641006,138.9032715,exact_name_pref_municipality_address,hospital,1011100000077,公立富岡総合病院,群馬県富岡市富岡２０７３ー１,36.263498,138.903897,2026-06-01,87.4
10425,香川県立中央病院,香川県高松市朝日町１丁目２番１号,34.3487849,134.0623821,exact_name_pref_municipality_address,hospital,3711370500030,香川県立中央病院,香川県高松市朝日町１丁目２番１号,34.348682,134.062326,2026-06-01,12.5
10427,公立岩瀬病院,福島県須賀川市北町20番地,37.2950578,140.3734949,exact_name_pref_municipality_visible_address_prefix_type_consistent,hospital,0710710000034,公立岩瀬病院,福島県須賀川市北町２０,37.294706,140.374539,2026-06-01,100.3
10428,順天堂大学医学部附属練馬病院,東京都練馬区高野台3-1-10,35.7421245,139.6150022,exact_name_pref_municipality_address,hospital,1311136500190,順天堂大学医学部附属練馬病院,東京都練馬区高野台３－１－１０,35.742801,139.614661,2026-06-01,81.3
10429,奈良県総合医療センター,奈良県奈良市七条西町二丁目８９７番地５,34.6624789,135.7675389,exact_name_pref_municipality_address,hospital,2911000300000,奈良県総合医療センター,奈良県奈良市七条西町二丁目８９７番地５,34.662465,135.767532,2026-06-01,1.7
10430,獨協医科大学病院,栃木県下都賀郡壬生町北小林８８０,36.4728885,139.8233476,name_municipality_only,hospital,0911090007052,獨協医科大学病院,栃木県下都賀郡壬生町大字北小林８８０,36.472431,139.825359,2026-06-01,
10431,京都山城総合医療センター,京都府木津川市木津駅前一丁目２７番地,34.7359679,135.823685,exact_name_pref_municipality_address,hospital,2612610000153,京都山城総合医療センター,京都府木津川市木津駅前一丁目２７番地,34.735676,135.824078,2026-06-01,48.4
10432,総合大雄会病院,愛知県一宮市桜1-9-9,35.3057117,136.8063097,name_municipality_only,hospital,2311230100060,総合大雄会病院,愛知県一宮市桜１丁目９－９,35.305706,136.80629,2026-06-01,
10433,聖路加国際病院,東京都中央区明石町9番1号,35.6673716,139.7771094,exact_name_pref_municipality_address,hospital,1311130300460,聖路加国際病院,東京都中央区明石町９番１号,35.667451,139.777068,2026-06-01,9.6
10434,仙台市立病院,宮城県仙台市太白区あすと長町１丁目１番１号,38.2319186,140.8883235,exact_name_pref_municipality_address,hospital,041802107,仙台市立病院,宮城県仙台市太白区あすと長町１丁目１番１号,38.231919,140.888184,2026-06-01,12.2
10435,大牟田市立病院,福岡県大牟田市宝坂町２丁目１９－１,33.024229,130.4455965,exact_name_pref_municipality_address,hospital,4012400300030,大牟田市立病院,福岡県大牟田市宝坂町２丁目１９－１,33.024245,130.445503,2026-06-01,8.9
10436,医療法人財団順和会　山王病院,東京都港区赤坂８－１０－１６,35.6697353,139.727363,exact_name_pref_municipality_address,hospital,1311136000140,医療法人財団順和会　山王病院,東京都港区赤坂８－１０－１６,35.669755,139.7271,2026-06-01,23.9
10437,社会医療法人社団健生会　立川相互病院,東京都立川市緑町４－１,35.7035773,139.4133263,exact_name_pref_municipality_address,hospital,1311137902010,社会医療法人社団健生会　立川相互病院,東京都立川市緑町４－１,35.703663,139.413236,2026-06-01,12.5
10438,地方独立行政法人　宮城県立こども病院,宮城県仙台市青葉区落合４－３－１７,38.2747744,140.7825837,exact_name_pref_municipality_visible_address_prefix_type_consistent,hospital,041801752,地方独立行政法人　宮城県立こども病院,宮城県仙台市青葉区落合,38.274792,140.782471,2026-06-01,10.0
10439,社会福祉法人聖母会　聖母病院,東京都新宿区中落合２－５－１,35.7198318,139.6944397,exact_name_pref_municipality_address,hospital,1311131000770,社会福祉法人聖母会　聖母病院,東京都新宿区中落合２－５－１,35.720194,139.694295,2026-06-01,42.3
10440,西条中央病院,愛媛県西条市朔日市804番地,33.9291838,133.1793121,exact_name_pref_municipality_visible_address_prefix_type_consistent,hospital,3811385300390,西条中央病院,愛媛県西条市朔日市８０４,33.929297,133.179281,2026-06-01,12.9
10441,長岡赤十字病院,新潟県長岡市千秋2丁目297番地1,37.4603476,138.8283928,exact_name_pref_municipality_address,hospital,151BYNGX00002,長岡赤十字病院,新潟県長岡市千秋２丁目２９７番地１,37.460357,138.828366,2026-06-01,2.6
10442,社会福祉法人白十字会白十字総合病院,茨城県神栖市賀２１４８,35.9005423,140.6240115,exact_name_pref_municipality_address,hospital,081108570061,社会福祉法人　白十字会　白十字総合病院,茨城県神栖市賀２１４８,35.900065,140.623229,2026-06-01,88.2
10444,東京医科大学茨城医療センター,茨城県稲敷郡阿見町中央３丁目２０－１,36.036079,140.2167157,exact_name_pref_municipality_address,hospital,081108590171,東京医科大学茨城医療センター,茨城県稲敷郡阿見町中央３丁目２０－１,36.033056,140.219722,2026-06-01,431.4
10445,社会福祉法人恩賜財団済生会兵庫県病院,兵庫県神戸市北区藤原台中町５丁目１番１号,34.8231299,135.2150114,exact_name_pref_municipality_address,hospital,2811280000560,社会福祉法人恩賜財団済生会兵庫県病院,兵庫県神戸市北区藤原台中町５丁目１番１号,34.823072,135.215014,2026-06-01,6.4
10446,三田市民病院,兵庫県三田市けやき台３ー１－１,34.9083312,135.2022055,name_municipality_only,hospital,2811280001980,三田市民病院,兵庫県三田市けやき台３丁目１番地１,34.907952,135.2014,2026-06-01,
10448,医療法人徳洲会宇治徳洲会病院,京都府宇治市槇島町石橋１４５,34.903384,135.7864761,exact_name_pref_municipality_visible_address_prefix_type_consistent,hospital,2612610000159,医療法人徳洲会　宇治徳洲会病院,京都府宇治市槇島町石橋１４５番,34.903352,135.787212,2026-06-01,67.2
10449,阪南中央病院,大阪府松原市南新町3-3-28,34.5743017,135.5365335,exact_name_pref_municipality_address,hospital,2711270003770,阪南中央病院,大阪府松原市南新町３－３－２８,34.574411,135.536388,2026-06-01,18.0
10450,医療法人社団育生会　井上病院,宮崎県延岡市平原町１丁目９９０番地1,32.5552762,131.6751712,exact_name_pref_municipality_address,hospital,4511450302670,医療法人社団育生会井上病院,宮崎県延岡市平原町１丁目９９０番地１,32.555389,131.675188,2026-06-01,12.6
10451,箕面市立病院,大阪府箕面市萱野５－７－１,34.8237843,135.4842585,exact_name_pref_municipality_address,hospital,2711270002240,箕面市立病院,大阪府箕面市萱野５－７－１,34.823966,135.484075,2026-06-01,26.2
10452,焼津市立総合病院,静岡県焼津市道原１０００,34.8371422,138.3064959,exact_name_pref_municipality_address,hospital,2211226100840,焼津市立総合病院,静岡県焼津市道原１０００,34.837733,138.306117,2026-06-01,74.2
10453,愛媛県立中央病院,愛媛県立中央病院松山市春日町８３番地,33.8322879,132.7647708,name_municipality_only,hospital,3811385604290,愛媛県立中央病院,愛媛県松山市春日町８３,33.831604,132.764929,2026-06-01,
10454,国保直営総合病院君津中央病院,千葉県木更津市桜井１０１０,35.3590818,139.9222692,exact_name_pref_municipality_visible_address_prefix_type_consistent,hospital,1211204160200,国保直営総合病院君津中央病院,千葉県木更津市桜井１０１０番地,35.358704,139.923047,2026-06-01,82.1
10455,茨城県厚生農業協同組合連合会ＪＡとりで総合医療センター,茨城県取手市本郷２－１－１,35.910928,140.0686056,exact_name_pref_municipality_address,hospital,081108580093,茨城県厚生農業協同組合連合会ＪＡとりで総合医療センター,茨城県取手市本郷２－１－１,35.910928,140.068605,2026-06-01,0.1
10456,新潟県立新発田病院,新潟県新発田市本町１−２−８,37.9465652,139.3339747,name_municipality_only,hospital,151BYSHX00001,新潟県立新発田病院,新潟県新発田市本町１丁目２番８号,37.946565,139.333974,2026-06-01,
10457,医療法人社団愛友会上尾中央総合病院,埼玉県上尾市柏座１丁目１０－１０,35.9751012,139.5853024,exact_name_pref_municipality_address,hospital,1111108165100,医療法人社団愛友会上尾中央総合病院,埼玉県上尾市柏座１丁目１０－１０,35.974432,139.585567,2026-06-01,78.1
10458,国家公務員共済組合連合会東北公済病院,宮城県仙台市青葉区国分町２－３－１１,38.2628314,140.8681539,exact_name_pref_municipality_address,hospital,041800246,国家公務員共済組合連合会東北公済病院,宮城県仙台市青葉区国分町２－３－１１,38.262615,140.868088,2026-06-01,24.7
10459,医療法人　尚豊会　みたき総合病院,三重県四日市市生桑町菰池４５８－１,34.9823221,136.6005703,exact_name_pref_municipality_address,hospital,2411240000790,医療法人　尚豊会　みたき総合病院,三重県四日市市生桑町菰池４５８－１,34.980076,136.603502,2026-06-01,365.7
10461,市立奈良病院,奈良県奈良市東紀寺町１－５０－１,34.67188,135.8352412,exact_name_pref_municipality_address,hospital,2911000100000,市立奈良病院,奈良県奈良市東紀寺町１－５０－１,34.672623,135.835219,2026-06-01,82.6
10462,名古屋市立大学医学部附属西部医療センター,愛知県名古屋市北区平手町１丁目１番地の１,35.2029198,136.9014416,exact_name_pref_municipality_address,hospital,2311232400430,名古屋市立大学医学部附属西部医療センター,愛知県名古屋市北区平手町１丁目１番地の１,35.202578,136.904565,2026-06-01,286.3
10463,川西市立総合医療センター,兵庫県川西市火打１丁目４番１号,34.834291,135.4166691,exact_name_pref_municipality_address,hospital,2811280004080,川西市立総合医療センター,兵庫県川西市火打１丁目４番１号,34.834291,135.416669,2026-06-01,0.0
10464,鹿児島大学病院,鹿児島県鹿児島市桜ケ丘８丁目３５番１号,31.5473607,130.5283106,name_municipality_only,hospital,46110029,鹿児島大学病院,鹿児島県鹿児島市桜ケ丘８丁目３５－１,31.547137,130.527934,2026-06-01,
10465,医療法人社団　豊德会　丸田病院,宮崎県都城市八幡町４－２,31.7215647,131.0583075,exact_name_pref_municipality_address,hospital,4511450202480,医療法人社団　豊德会　丸田病院,宮崎県都城市八幡町４－２,31.721501,131.05828,2026-06-01,7.5
10466,医療法人徳洲会湘南藤沢徳洲会病院,神奈川県藤沢市辻堂神台１－５－１,35.3411076,139.4449323,exact_name_pref_municipality_address,hospital,1411422549200,医療法人徳洲会湘南藤沢徳洲会病院,神奈川県藤沢市辻堂神台１－５－１,35.341069,139.444963,2026-06-01,5.1
10467,公立松任石川中央病院,石川県白山市倉光三丁目8番地,36.5109977,136.5650921,exact_name_pref_municipality_address,hospital,1712110002,公立松任石川中央病院,石川県白山市倉光三丁目８番地,36.51105,136.565761,2026-06-01,60.1
10468,倉敷市立市民病院,岡山県倉敷市児島駅前２丁目３９番地,34.4662408,133.8057916,exact_name_pref_municipality_address,hospital,3311330001340,倉敷市立市民病院,岡山県倉敷市児島駅前２丁目３９番地,34.467232,133.805716,2026-06-01,110.4
10469,三沢市立三沢病院,青森県三沢市三沢字堀口１６４番地６５号,40.6693604,141.3898541,exact_name_pref_municipality_address,hospital,0210210000116,三沢市立三沢病院,青森県三沢市三沢字堀口１６４番地６５号,40.688859,141.403368,2026-06-01,2449.4
10470,山形県立中央病院,山形県山形市大字青柳１８００,38.3012489,140.3529214,exact_name_pref_municipality_address,hospital,061106530078,山形県立中央病院,山形県山形市大字青柳１８００,38.300115,140.34612,2026-06-01,606.8
10471,石巻赤十字病院,宮城県石巻市蛇田字西道下７１,38.4605893,141.2807561,exact_name_pref_municipality_address,hospital,041800881,石巻赤十字病院,宮城県石巻市蛇田字西道下７１,38.459173,141.279638,2026-06-01,185.1
10472,芳賀赤十字病院,栃木県真岡市中萩二丁目１０番地１,36.4515402,140.0118364,exact_name_pref_municipality_address,hospital,0911090009050,芳賀赤十字病院,栃木県真岡市中萩二丁目１０番地１,36.451561,140.011868,2026-06-01,3.7
10474,南相馬市立総合病院,福島県南相馬市原町区高見町２丁目５４番地の６,37.6375622,140.9851923,name_municipality_only,hospital,0710710000086,南相馬市立総合病院,福島県南相馬市原町区高見町２－５４－６,37.637453,140.985106,2026-06-01,
10475,那須赤十字病院,栃木県大田原市中田原1081番地4,36.8818919,140.0374402,name_municipality_only,hospital,0911090006000,那須赤十字病院,栃木県大田原市中田原１０８１－４,36.881687,140.037441,2026-06-01,
10477,ベルランド総合病院,大阪府堺市中区東山500番地3,34.5179716,135.5082527,exact_name_pref_municipality_address,hospital,2711270006210,ベルランド総合病院,大阪府堺市中区東山５００番地３,34.51775,135.508726,2026-06-01,49.9
10478,医療法人鉄蕉会　亀田総合病院,千葉県鴨川市東町９２９,35.121904,140.1258376,exact_name_pref_municipality_address,hospital,1211204892500,医療法人鉄蕉会　亀田総合病院,千葉県鴨川市東町９２９,35.121894,140.125916,2026-06-01,7.2
10479,京丹後市立弥栄病院,京都府京丹後市弥栄町溝谷３４５２番地の１,35.65818,135.0906519,exact_name_pref_municipality_address,hospital,2612610000005,京丹後市立弥栄病院,京都府京丹後市弥栄町溝谷３４５２番地の１,35.658342,135.090791,2026-06-01,22.0
10480,医療法人社団善仁会小山記念病院,茨城県鹿嶋市厨５－１－２,35.9737317,140.6263767,name_municipality_only,hospital,081108570175,医療法人社団善仁会　小山記念病院,茨城県鹿嶋市厨五丁目１番地２,35.971944,140.632222,2026-06-01,
10482,小豆島中央病院,香川県小豆郡小豆島町池田２０６０－１,34.4824546,134.234146,name_municipality_only,hospital,3711370200050,小豆島中央病院,香川県小豆郡小豆島町池田２０６０番地１,34.482921,134.234416,2026-06-01,
10483,医療法人社団　時正会　佐々総合病院,東京都西東京市田無町４－２４－１５,35.7295605,139.53862,exact_name_pref_municipality_address,hospital,1311138200250,医療法人社団時正会　佐々総合病院,東京都西東京市田無町４－２４－１５,35.729496,139.538696,2026-06-01,9.9
10484,長崎県五島中央病院,長崎県五島市吉久木町２０５番地,32.6900625,128.8170889,exact_name_pref_municipality_address,hospital,421hgo0003,長崎県五島中央病院,長崎県五島市吉久木町２０５番地,32.690022,128.817031,2026-06-01,7.0
10485,山陽小野田市民病院,山口県山陽小野田市大字東高泊１８６３番地１,33.9979287,131.1773609,exact_name_pref_municipality_address,hospital,3511355802060,山陽小野田市民病院,山口県山陽小野田市大字東高泊１８６３番地１,33.998444,131.177861,2026-06-01,73.5
10487,武蔵野赤十字病院,東京都武蔵野市境南町１－２６－１,35.6959615,139.5478506,exact_name_pref_municipality_address,hospital,1311138000160,武蔵野赤十字病院,東京都武蔵野市境南町１－２６－１,35.696083,139.54803,2026-06-01,21.1
10488,総合病院　厚生中央病院,東京都目黒区三田１－１１－７,35.6415832,139.712463,exact_name_pref_municipality_address,hospital,1311132101010,総合病院　厚生中央病院,東京都目黒区三田１－１１－７,35.641536,139.712519,2026-06-01,7.3
10489,利根中央病院,群馬県沼田市沼須町９１０番地１,36.6257004,139.0518808,exact_name_pref_municipality_address,hospital,1011100000089,利根中央病院,群馬県沼田市沼須町９１０番地１,36.625557,139.051462,2026-06-01,40.6
10490,社会医療法人愛仁会明石医療センター,兵庫県明石市大久保町八木743-33,34.6748157,134.9376433,name_municipality_only,hospital,2811280002610,社会医療法人愛仁会　明石医療センター,兵庫県明石市大久保町八木７４３番地の３３,34.675,134.937571,2026-06-01,
10492,社会医療法人財団　慈泉会 相澤病院,長野県松本市本庄2-5-1,36.226706,137.9736325,name_municipality_only,hospital,2011205901130,社会医療法人財団慈泉会　相澤病院,長野県松本市本庄２丁目５－１,36.226686,137.973496,2026-06-01,
10493,医療法人社団三成会　新百合ヶ丘総合病院,神奈川県川崎市麻生区古沢２５５,35.6033863,139.4968256,exact_name_pref_municipality_address,hospital,1411422463100,医療法人社団三成会　新百合ヶ丘総合病院,神奈川県川崎市麻生区古沢２５５,35.603823,139.501363,2026-06-01,413.1
10494,小田原市立病院,神奈川県小田原市久野４６,35.2680261,139.1509578,exact_name_pref_municipality_address,hospital,1411400870000,小田原市立病院,神奈川県小田原市久野４６,35.268039,139.151877,2026-06-01,83.5
10495,公立陶生病院,愛知県瀬戸市西追分町１６０番地,35.2259718,137.0830702,exact_name_pref_municipality_address,hospital,2311230300010,公立陶生病院,愛知県瀬戸市西追分町１６０番地,35.226118,137.082146,2026-06-01,85.5
10497,福岡赤十字病院,福岡県福岡市南区大楠３丁目１－１,33.5716441,130.4143007,exact_name_pref_municipality_address,hospital,4012400100120,福岡赤十字病院,福岡県福岡市南区大楠３丁目１－１,33.572209,130.413852,2026-06-01,75.3
10500,大阪赤十字病院,大阪府大阪市天王寺区筆ケ崎町５－３０,34.6651656,135.5253666,exact_name_pref_municipality_address,hospital,2711270000820,大阪赤十字病院,大阪府大阪市天王寺区筆ケ崎町５－３０,34.664706,135.52544,2026-06-01,51.5
10501,独立行政法人国立病院機構岡山医療センター,岡山県岡山市北区田益１７１１－１,34.7088183,133.8990092,exact_name_pref_municipality_address,hospital,3311330000730,独立行政法人国立病院機構岡山医療センター,岡山県岡山市北区田益１７１１－１,34.708012,133.899422,2026-06-01,97.3
10504,医療法人徳洲会　福岡徳洲会病院,福岡県春日市須玖北４―５,33.5440651,130.4469552,exact_name_pref_municipality_address,hospital,4011400000830,医療法人徳洲会　福岡徳洲会病院,福岡県春日市須玖北４―５,33.5441,130.446939,2026-06-01,4.2
10505,独立行政法人労働者健康安全機構関西労災病院,兵庫県尼崎市稲葉荘３丁目１番６９号,34.73601,135.3852881,exact_name_pref_municipality_address,hospital,2811280001450,独立行政法人労働者健康安全機構関西労災病院,兵庫県尼崎市稲葉荘３丁目１番６９号,34.735946,135.385642,2026-06-01,33.1
10506,独立行政法人地域医療機能推進機構　諫早総合病院,長崎県諫早市永昌東町２４番１号,32.8554386,130.0422629,exact_name_pref_municipality_address,hospital,421hoh0019,独立行政法人地域医療機能推進機構　諫早総合病院,長崎県諫早市永昌東町２４番１号,32.855356,130.042288,2026-06-01,9.5
10507,社会医療法人鴻仁会　岡山中央病院,岡山県岡山市北区伊島北町６番３号,34.6811257,133.9048912,exact_name_pref_municipality_address,hospital,3311330000800,社会医療法人鴻仁会　岡山中央病院,岡山県岡山市北区伊島北町６番３号,34.680987,133.904867,2026-06-01,15.6
10508,公益財団法人田附興風会　医学研究所北野病院,大阪府大阪市北区扇町２丁目４番２０号,34.7052993,135.5068446,exact_name_pref_municipality_address,hospital,2711270000060,公益財団法人田附興風会　医学研究所北野病院,大阪府大阪市北区扇町２丁目４番２０号,34.705146,135.506801,2026-06-01,17.5
10510,深谷赤十字病院,埼玉県深谷市上柴町西５丁目８番地１,36.1834146,139.2940183,name_municipality_only,hospital,1111102385600,深谷赤十字病院,埼玉県深谷市上柴町西５−８−１,36.183357,139.294964,2026-06-01,
10511,京都第一赤十字病院,京都府京都市東山区本町　１５丁目　７４９番地,34.9765772,135.7740187,exact_name_pref_municipality_address,hospital,2612610000077,京都第一赤十字病院,京都府京都市東山区本町　１５丁目　７４９番地,34.980954,135.773127,2026-06-01,493.4
10512,独立行政法人労働者健康安全機構　和歌山労災病院,和歌山県和歌山市木ノ本９３－１,34.2562226,135.1216107,name_municipality_only,hospital,3011010400000,独立行政法人労働者健康安全機構和歌山労災病院,和歌山県和歌山市木ノ本９３番１,34.25627,135.121436,2026-06-01,
10513,市立宇和島病院,愛媛県宇和島市御殿町1番1号,33.2161026,132.5649388,name_municipality_only,hospital,3811386300270,市立宇和島病院,愛媛県宇和島市御殿町１－１,33.21561,132.564863,2026-06-01,
10514,公益財団法人日本生命済生会 日本生命病院,大阪府大阪市西区江之子島２丁目１番５４号,34.6825738,135.4843483,name_municipality_only,hospital,2711270006730,公益財団法人　日本生命済生会　日本生命病院,大阪府大阪市西区江之子島２－１－５４,34.682343,135.484109,2026-06-01,
10515,松波総合病院,岐阜県羽島郡笠松町田代185番地の1,35.3645097,136.75713,name_municipality_only,hospital,2111631000004,松波総合病院,岐阜県羽島郡笠松町田代１８５ー１,35.362908,136.757938,2026-06-01,
10516,地方独立行政法人東京都立病院機構　東京都立豊島病院,東京都板橋区栄町33-1,35.7527665,139.7009785,exact_name_pref_municipality_address,hospital,1311134300240,地方独立行政法人東京都立病院機構　東京都立豊島病院,東京都板橋区栄町３３－１,35.752746,139.70107,2026-06-01,8.6
10517,稲城市立病院,東京都稲城市大丸１１７１,35.6480385,139.4886803,exact_name_pref_municipality_address,hospital,1311137401630,稲城市立病院,東京都稲城市大丸１１７１,35.646809,139.485149,2026-06-01,347.1
10518,北里大学メディカルセンター,埼玉県北本市荒井６丁目１００番地,36.0098137,139.5142191,exact_name_pref_municipality_visible_address_prefix_type_consistent,hospital,1111108163500,北里大学メディカルセンター,埼玉県北本市荒井６丁目１００,36.010566,139.51434,2026-06-01,84.4
10519,伊勢赤十字病院,三重県伊勢市船江１丁目４７１番２,34.5007383,136.7134051,exact_name_pref_municipality_address,hospital,2411240001250,伊勢赤十字病院,三重県伊勢市船江１丁目４７１番２,34.500546,136.712987,2026-06-01,43.9
10520,医療法人徳洲会札幌徳洲会病院,北海道札幌市厚別区大谷地東１丁目１番１号,43.0292194,141.4479624,exact_name_pref_municipality_address,hospital,0111010000950,医療法人徳洲会札幌徳洲会病院,北海道札幌市厚別区大谷地東１丁目１番１号,43.028943,141.448229,2026-06-01,37.6
10521,仙台赤十字病院,宮城県仙台市太白区八木山本町２丁目４３－３,38.2370243,140.8393702,exact_name_pref_municipality_address,hospital,041801474,仙台赤十字病院,宮城県仙台市太白区八木山本町２丁目４３－３,38.23695,140.839401,2026-06-01,8.7
10522,社会福祉法人恩賜財団　済生会横浜市東部病院,神奈川県横浜市鶴見区3-6-1,35.497017,139.6858641,name_municipality_only,hospital,1411402995200,社会福祉法人恩賜財団済生会横浜市東部病院,神奈川県横浜市鶴見区下末吉３－６－１,35.523834,139.675244,2026-06-01,
10523,独立行政法人国立病院機構　九州医療センター,福岡県福岡市中央区地行浜１丁目８ー１,33.5925267,130.3599193,exact_name_pref_municipality_address,hospital,4012400100010,独立行政法人国立病院機構　九州医療センター,福岡県福岡市中央区地行浜１丁目８ー１,33.592428,130.360857,2026-06-01,87.5
10524,社会医療法人弘道会　萱島生野病院,大阪府門真市上島町２２－１１,34.7452855,135.6102322,exact_name_pref_municipality_address,hospital,2711270002990,社会医療法人弘道会　萱島生野病院,大阪府門真市上島町２２－１１,34.745255,135.610402,2026-06-01,15.9
10526,川崎市立川崎病院,神奈川県川崎市川崎区新川通１２番１号,35.5258939,139.7064948,name_municipality_only,hospital,1411407749300,川崎市立川崎病院,神奈川県川崎市川崎区新川通１２－１,35.526715,139.705961,2026-06-01,
10527,兵庫県立尼崎総合医療センター,兵庫県尼崎市東難波町２丁目１７－７７,34.7309923,135.413924,exact_name_pref_municipality_address,hospital,2811280003830,兵庫県立尼崎総合医療センター,兵庫県尼崎市東難波町２丁目１７－７７,34.730003,135.41339,2026-06-01,120.3
10528,北里大学病院,神奈川県相模原市南区北里１丁目１５番１号,35.5422247,139.3930727,exact_name_pref_municipality_address,hospital,1411410724400,北里大学病院,神奈川県相模原市南区北里１丁目１５番１号,35.537978,139.393055,2026-06-01,472.2
10529,総合病院　南生協病院,愛知県名古屋市緑区南大高２丁目２０４番地,35.0555898,136.9459038,exact_name_pref_municipality_address,hospital,2311232500280,総合病院　南生協病院,愛知県名古屋市緑区南大高２丁目２０４番地,35.055976,136.946671,2026-06-01,82.0
10530,松山赤十字病院,愛媛県松山市文京町１番地,33.8472082,132.7748482,exact_name_pref_municipality_address,hospital,3811385600960,松山赤十字病院,愛媛県松山市文京町１番地,33.848463,132.774178,2026-06-01,152.6
10531,東北医科薬科大学病院,宮城県仙台市宮城野区福室１丁目１２番１号,38.2691673,140.9668896,name_municipality_only,hospital,041800936,東北医科薬科大学病院,宮城県仙台市宮城野区福室一丁目１２番１号,38.269441,140.966892,2026-06-01,
10532,西脇市立西脇病院,兵庫県西脇市下戸田　６５２－１,34.9878242,134.9843367,exact_name_pref_municipality_address,hospital,2811280002870,西脇市立西脇病院,兵庫県西脇市下戸田　６５２－１,34.987273,134.984109,2026-06-01,64.7
10533,岩手県立大船渡病院,岩手県大船渡市大船渡町字山馬越10-1,39.0733004,141.7076557,exact_name_pref_municipality_address,hospital,03103100019,岩手県立大船渡病院,岩手県大船渡市大船渡町字山馬越１０ー１,39.07263,141.707477,2026-06-01,76.1
10534,姫路赤十字病院,兵庫県姫路市下手野1丁目12-1,34.844206,134.6477298,name_municipality_only,hospital,2811280001220,姫路赤十字病院,兵庫県姫路市下手野１丁目１２番１号,34.844088,134.647282,2026-06-01,
10535,熊本市立熊本市民病院,熊本県熊本市東区東町４ー１ー６０,32.7875255,130.7637605,exact_name_pref_municipality_address,hospital,431143330149,熊本市立熊本市民病院,熊本県熊本市東区東町４ー１ー６０,32.787111,130.762258,2026-06-01,147.8
10536,医療法人徳洲会　野田総合病院,千葉県野田市横内２９番１,35.9520544,139.8794045,exact_name_pref_municipality_address,hospital,1211202256000,医療法人徳洲会　野田総合病院,千葉県野田市横内２９番１,35.952106,139.879396,2026-06-01,5.8
10537,倉敷成人病センター,岡山県倉敷市白楽町250,34.5877705,133.7651961,exact_name_pref_municipality_address,hospital,3311330001270,倉敷成人病センター,岡山県倉敷市白楽町２５０,34.588486,133.765219,2026-06-01,79.6
10538,広島県厚生農業協同組合連合会　尾道総合病院,広島県尾道市平原一丁目１０番２３号,34.4071804,133.1763661,exact_name_pref_municipality_address,hospital,3411340053350,広島県厚生農業協同組合連合会　尾道総合病院,広島県尾道市平原一丁目１０番２３号,34.407076,133.176152,2026-06-01,22.8
10539,昭和医科大学横浜市北部病院,神奈川県横浜市都筑区茅ケ崎中央３５－１,35.5467173,139.5698561,exact_name_pref_municipality_address,hospital,1411431000635,昭和医科大学横浜市北部病院,神奈川県横浜市都筑区茅ケ崎中央３５－１,35.546625,139.569982,2026-06-01,15.3
10540,福井大学医学部附属病院,福井県吉田郡永平寺町松岡下合月２３－３,36.1092214,136.290913,exact_name_pref_municipality_address,hospital,1811180000210,福井大学医学部附属病院,福井県吉田郡永平寺町松岡下合月２３－３,36.108811,136.294319,2026-06-01,309.4
10541,三菱京都病院,京都府京都市西京区桂御所町1番地,34.9868417,135.7017795,exact_name_pref_municipality_address,hospital,2612610000063,三菱京都病院,京都府京都市西京区桂御所町１番地,34.987758,135.701438,2026-06-01,106.5
10542,国家公務員共済組合連合会　虎の門病院,東京都港区虎ノ門２－２－２,35.6683308,139.7458418,exact_name_pref_municipality_address,hospital,1311130501720,国家公務員共済組合連合会　虎の門病院,東京都港区虎ノ門２－２－２,35.668783,139.746043,2026-06-01,53.5
10543,名古屋市立大学医学部附属東部医療センター,愛知県名古屋市千種区若水一丁目２番２３号,35.1739753,136.9444656,exact_name_pref_municipality_address,hospital,2311232200390,名古屋市立大学医学部附属東部医療センター,愛知県名古屋市千種区若水一丁目２番２３号,35.174986,136.944378,2026-06-01,112.7
10544,愛知県厚生農業協同組合連合会　海南病院,愛知県弥富市前ケ須町南本田396,35.1081792,136.7225612,exact_name_pref_municipality_address,hospital,2311230900050,愛知県厚生農業協同組合連合会　海南病院,愛知県弥富市前ケ須町南本田３９６,35.108707,136.722875,2026-06-01,65.3
10545,山口県厚生農業協同組合連合会長門総合病院,山口県長門市東深川８５,34.3737617,131.195431,exact_name_pref_municipality_address,hospital,3511356300260,山口県厚生農業協同組合連合会長門総合病院,山口県長門市東深川８５,34.374056,131.195583,2026-06-01,35.6
10546,京都中部総合医療センター,京都府南丹市八木町八木上野２５番地,35.0717236,135.5300926,exact_name_pref_municipality_address,hospital,2612610000027,京都中部総合医療センター,京都府南丹市八木町八木上野２５番地,35.071107,135.530587,2026-06-01,82.0
10547,大崎市民病院,宮城県大崎市古川穂波三丁目８番１号,38.5659913,140.9438983,exact_name_pref_municipality_address,hospital,041801005,大崎市民病院,宮城県大崎市古川穂波三丁目８番１号,38.566029,140.94397,2026-06-01,7.5
10548,沖縄赤十字病院,沖縄県那覇市与儀１丁目３番１号,26.2069911,127.6926265,exact_name_pref_municipality_address,hospital,47125,沖縄赤十字病院,沖縄県那覇市与儀１丁目３番１号,26.206996,127.692638,2026-06-01,1.3
10549,総合相模更生病院,神奈川県相模原市中央区小山３４２９,35.5810054,139.3727991,exact_name_pref_municipality_address,hospital,1411410717100,総合相模更生病院,神奈川県相模原市中央区小山３４２９,35.580998,139.372819,2026-06-01,2.0
10551,橋本市民病院,和歌山県橋本市小峰台２丁目８番地の１,34.3545427,135.6339627,name_municipality_only,hospital,3011005800000,橋本市民病院,和歌山県橋本市小峰台２－８－１,34.354214,135.634612,2026-06-01,
10552,公益財団法人　星総合病院,福島県郡山市向河原町１５９－１,37.4024386,140.3927138,exact_name_pref_municipality_address,hospital,0710710000102,公益財団法人　星総合病院,福島県郡山市向河原町１５９－１,37.4018,140.393286,2026-06-01,87.2
10553,産業医科大学病院,福岡県北九州市八幡西区医生ヶ丘１番１号,33.879446,130.7118309,exact_name_pref_municipality_address,hospital,4012400500100,産業医科大学病院,福岡県北九州市八幡西区医生ヶ丘１番１号,33.877791,130.713789,2026-06-01,258.0
10554,独立行政法人地域医療機能推進機構大和郡山病院,奈良県大和郡山市朝日町１ー６２,34.6473245,135.7800353,exact_name_pref_municipality_address,hospital,2911003000000,独立行政法人地域医療機能推進機構　大和郡山病院,奈良県大和郡山市朝日町１－６２,34.64732,135.780058,2026-06-01,2.1
10555,地方独立行政法人　那覇市立病院,沖縄県那覇市古島２丁目３１番１,26.226879,127.7098907,exact_name_pref_municipality_address,hospital,471f0001,地方独立行政法人　那覇市立病院,沖縄県那覇市古島２丁目３１番１,26.226789,127.709729,2026-06-01,19.0
10557,藤田医科大学病院,愛知県豊明市沓掛町田楽ケ窪１番地９８,35.0706013,137.0005995,exact_name_pref_municipality_address,hospital,2311230400030,藤田医科大学病院,愛知県豊明市沓掛町田楽ケ窪１番地９８,35.070605,137.000576,2026-06-01,2.2
10558,新潟県厚生農業協同組合連合会小千谷総合病院,新潟県小千谷市大字平沢新田111番地,37.3215732,138.7929818,exact_name_pref_municipality_address,hospital,151BYNGX00013,新潟県厚生農業協同組合連合会　小千谷総合病院,新潟県小千谷市大字平沢新田１１１番地,37.321551,138.792999,2026-06-01,2.9
10560,社会福祉法人恩賜財団済生会　北上済生会病院,岩手県北上市九年橋三丁目15番33号,39.287564,141.118826,name_municipality_only,hospital,03103100094,社会福祉法人恩賜財団済生会　北上済生会病院,岩手県北上市九年橋３丁目１５番３３号,39.284861,141.108279,2026-06-01,
10562,山形市立病院済生館,山形県山形市七日町一丁目３ー２６,38.2530725,140.3375575,name_municipality_only,hospital,061106510043,山形市立病院済生館,山形県山形市七日町１丁目３－２６,38.252584,140.337471,2026-06-01,
10563,甲府共立病院,山梨県甲府市宝１丁目９－１,35.6672287,138.5645056,name_municipality_only,hospital,1911190000017,甲府共立病院,山梨県甲府市宝１－９－１,35.667207,138.564585,2026-06-01,
10564,東京女子医科大学附属八千代医療センター,千葉県八千代市大和田新田４７７－９６,35.7308481,140.0967328,exact_name_pref_municipality_address,hospital,1211200019100,東京女子医科大学附属八千代医療センター,千葉県八千代市大和田新田４７７－９６,35.730234,140.096916,2026-06-01,70.3
10565,医療法人社団　石鎚会　京都田辺中央病院,京都府京田辺市田辺中央６丁目１番地６,34.8219293,135.7717225,exact_name_pref_municipality_address,hospital,2612610000173,医療法人社団　石鎚会　京都田辺中央病院,京都府京田辺市田辺中央６丁目１番地６,34.822166,135.771745,2026-06-01,26.4
10568,独立行政法人国立病院機構長崎医療センター,長崎県大村市久原２丁目１００１－１,32.8964578,129.9738826,exact_name_pref_municipality_address,hospital,421hoh0024,独立行政法人国立病院機構長崎医療センター,長崎県大村市久原２丁目１００１－１,32.895502,129.972812,2026-06-01,145.9
10569,独立行政法人国立病院機構大阪南医療センター,大阪府河内長野市木戸東町２番１号,34.4724886,135.5729515,name_municipality_only,hospital,2711270004240,独立行政法人国立病院機構大阪南医療センター,大阪府河内長野市木戸東町２－１,34.472089,135.571862,2026-06-01,
10570,独立行政法人国立病院機構　呉医療センター,広島県呉市青山町３－１,34.2394069,132.5659037,exact_name_pref_municipality_address,hospital,3411340013400,独立行政法人国立病院機構　呉医療センター,広島県呉市青山町３－１,34.239519,132.565932,2026-06-01,12.7
10571,地方独立行政法人東京都立病院機構　東京都立荏原病院,東京都大田区東雪谷４－５－１０,35.5937351,139.6929758,exact_name_pref_municipality_address,hospital,1311132400120,地方独立行政法人東京都立病院機構　東京都立荏原病院,東京都大田区東雪谷４－５－１０,35.593707,139.692967,2026-06-01,3.2
10573,市立横手病院,秋田県横手市根岸町５番３１号,39.3184759,140.5692642,exact_name_pref_municipality_address,hospital,0511050800030,市立横手病院,秋田県横手市根岸町５番３１号,39.318435,140.569195,2026-06-01,7.5
10574,宮崎市郡医師会病院,宮崎県宮崎市有田１１７３,31.9515102,131.3723887,name_municipality_only,hospital,4511453108730,宮崎市郡医師会病院,宮崎県宮崎市大字有田１１７３番地,31.940436,131.368074,2026-06-01,
10575,医療法人聖粒会　慈恵病院,熊本県熊本市西区島崎６－１－２７,32.8111612,130.6888803,exact_name_pref_municipality_address,hospital,431143320289,医療法人聖粒会　慈恵病院,熊本県熊本市西区島崎６ー１ー２７,32.811616,130.688854,2026-06-01,50.6
10576,桐生厚生総合病院,群馬県桐生市織姫町６－３,36.405277,139.327534,exact_name_pref_municipality_address,hospital,1011100000106,桐生厚生総合病院,群馬県桐生市織姫町６－３,36.405576,139.327488,2026-06-01,33.5
10577,公立宍粟総合病院,兵庫県宍粟市山崎町鹿沢９３番地,35.0035374,134.5390102,exact_name_pref_municipality_address,hospital,2811280003050,公立宍粟総合病院,兵庫県宍粟市山崎町鹿沢９３番地,35.003458,134.537256,2026-06-01,160.0
10578,独立行政法人国立病院機構大阪医療センター,大阪府大阪市中央区法円坂２－１－１４,34.6802097,135.5206664,exact_name_pref_municipality_address,hospital,2711270000680,独立行政法人国立病院機構大阪医療センター,大阪府大阪市中央区法円坂２－１－１４,34.680094,135.519718,2026-06-01,87.7
10579,蒲郡市民病院,愛知県蒲郡市平田町向田１番地１,34.8320747,137.2419308,exact_name_pref_municipality_visible_address_prefix_type_consistent,hospital,2311232000010,蒲郡市民病院,愛知県蒲郡市平田町向田,34.832135,137.2419,2026-06-01,7.3
10580,盛岡赤十字病院,岩手県盛岡市三本柳６地割１番地１,39.6616006,141.1669103,name_municipality_only,hospital,03103100053,盛岡赤十字病院,岩手県盛岡市三本柳６地割１－１,39.652956,141.17083,2026-06-01,
10581,神戸市立医療センター　西市民病院,兵庫県神戸市長田区一番町２丁目４番地,34.6675388,135.1574731,exact_name_pref_municipality_address,hospital,2811280000650,神戸市立医療センター　西市民病院,兵庫県神戸市長田区一番町２丁目４番地,34.66731,135.156859,2026-06-01,61.7
10582,独立行政法人国立病院機構金沢医療センター,石川県金沢市下石引町１番１号,36.5602505,136.6667621,exact_name_pref_municipality_address,hospital,1715110001,独立行政法人国立病院機構金沢医療センター,石川県金沢市下石引町１番１号,36.560948,136.665288,2026-06-01,152.8
10583,医療法人回生会　ふれあい横浜ホスピタル,神奈川県横浜市中区万代町２－３－３,35.4420827,139.6355961,exact_name_pref_municipality_address,hospital,1411403890000,医療法人回生会ふれあい横浜ホスピタル,神奈川県横浜市中区万代町２ー３ー３,35.44234,139.635556,2026-06-01,28.8
10584,社会医療法人愛仁会　高槻病院,大阪府高槻市古曽部町１丁目３番１３号,34.8552781,135.6209435,exact_name_pref_municipality_address,hospital,2711270002830,社会医療法人愛仁会　高槻病院,大阪府高槻市古曽部町１丁目３番１３号,34.855771,135.620673,2026-06-01,60.1
10585,静岡市立清水病院,静岡県静岡市清水区宮加三１２３１番地,34.9826413,138.4902113,exact_name_pref_municipality_address,hospital,2211226001240,静岡市立清水病院,静岡県静岡市清水区宮加三１２３１番地,34.982776,138.490234,2026-06-01,15.1
10586,徳島市民病院,徳島県徳島市北常三島町２丁目３４番地,34.0816583,134.5623649,exact_name_pref_municipality_address,hospital,3611365100970,徳島市民病院,徳島県徳島市北常三島町２丁目３４番地,34.082555,134.563127,2026-06-01,121.9
10588,日本赤十字社愛知医療センター名古屋第二病院,愛知県名古屋市昭和区妙見町２－９,35.1446905,136.9655368,exact_name_pref_municipality_address,hospital,2311232200140,日本赤十字社愛知医療センター名古屋第二病院,愛知県名古屋市昭和区妙見町２－９,35.144958,136.966214,2026-06-01,68.4
10589,国立研究開発法人国立循環器病研究センター,大阪府吹田市岸部新町６番１号,34.7791584,135.5410904,exact_name_pref_municipality_address,hospital,2711270006880,国立研究開発法人　国立循環器病研究センター,大阪府吹田市岸部新町６番１号,34.779361,135.540822,2026-06-01,33.3
10591,雲南市立病院,島根県雲南市大東町飯田９６番地１,35.3241358,132.959627,exact_name_pref_municipality_address,hospital,3211325300370,雲南市立病院,島根県雲南市大東町飯田９６番地１,35.323952,132.959747,2026-06-01,23.2
10592,公立福生病院,東京都福生市加美平一丁目６番地１,35.7486709,139.3234464,name_municipality_only,hospital,1311138900130,公立福生病院,東京都福生市加美平１－６－１,35.747184,139.326491,2026-06-01,
10594,市立四日市病院,三重県四日市市芝田二丁目２番３７号,34.9713813,136.6056859,name_municipality_only,hospital,2411240000320,市立四日市病院,三重県四日市市芝田２－２－３７,34.971938,136.607836,2026-06-01,
10595,徳島赤十字病院,徳島県小松島市小松島町字井利ノ口１０３番,34.0116194,134.583685,exact_name_pref_municipality_address,hospital,3611365108820,徳島赤十字病院,徳島県小松島市小松島町字井利ノ口１０３番,34.012124,134.583437,2026-06-01,60.6
10596,岩手県立久慈病院,岩手県久慈市旭町第10地割1番,40.2009486,141.7769295,name_municipality_only,hospital,03103100018,岩手県立久慈病院,岩手県久慈市旭町１０地割１番,40.200311,141.776396,2026-06-01,
10597,杏林大学医学部付属病院,東京都三鷹市新川6-20-2,35.677191,139.5658927,exact_name_pref_municipality_address,hospital,1311138100770,杏林大学医学部付属病院,東京都三鷹市新川６－２０－２,35.67689,139.564974,2026-06-01,89.5
10598,広島大学病院,広島県広島市南区霞１－２－３,34.3807609,132.4780697,exact_name_pref_municipality_address,hospital,3411340011220,広島大学病院,広島県広島市南区霞１－２－３,34.379845,132.479067,2026-06-01,136.9
10599,高知県立あき総合病院,高知県安芸市宝永町３－３３,33.5063513,133.8973125,exact_name_pref_municipality_address,hospital,3911395200200,高知県立あき総合病院,高知県安芸市宝永町３－３３,33.506289,133.897538,2026-06-01,22.0
10600,新潟県立中央病院,新潟県上越市新南町２０５番地,37.1048717,138.269235,exact_name_pref_municipality_address,hospital,151BYJTX00003,新潟県立中央病院,新潟県上越市新南町２０５番地,37.106805,138.270535,2026-06-01,243.9
10601,熊本大学病院,熊本県熊本市中央区本荘１丁目１番１号,32.7973825,130.7128126,exact_name_pref_municipality_address,hospital,431143310114,熊本大学病院,熊本県熊本市中央区本荘１丁目１番１号,32.797198,130.71263,2026-06-01,26.7
10602,独立行政法人　国立病院機構　福山医療センター,広島県福山市沖野上町４－１４－１７,34.4708243,133.3707173,exact_name_pref_municipality_address,hospital,3411340022910,独立行政法人国立病院機構　福山医療センター,広島県福山市沖野上町４－１４－１７,34.47049,133.370711,2026-06-01,37.2
10603,生駒市立病院,奈良県生駒市東生駒１丁目６番地２,34.6909621,135.7117914,exact_name_pref_municipality_address,hospital,2911311000000,生駒市立病院,奈良県生駒市東生駒１丁目６番地２,34.690744,135.711803,2026-06-01,24.3
10605,八戸赤十字病院,青森県八戸市田面木中明戸２,40.5023126,141.4484208,exact_name_pref_municipality_address,hospital,0210210000059,八戸赤十字病院,青森県八戸市田面木中明戸２,40.500852,141.447985,2026-06-01,166.5
10606,市立角館総合病院,秋田県仙北市角館町岩瀬３番地,39.5865584,140.5603398,exact_name_pref_municipality_address,hospital,0511050700070,市立角館総合病院,秋田県仙北市角館町岩瀬３番地,39.586629,140.560323,2026-06-01,8.0
10607,社会福祉法人恩賜財団済生会支部埼玉県済生会川口総合病院,埼玉県川口市西川口５－１１－５,35.8095051,139.703024,exact_name_pref_municipality_address,hospital,1111100002300,社会福祉法人恩賜財団済生会支部埼玉県済生会川口総合病院,埼玉県川口市西川口５－１１－５,35.809599,139.703203,2026-06-01,19.2
10608,茅ヶ崎市立病院,神奈川県茅ヶ崎市本村５丁目１５番１号,35.3399384,139.4152064,name_municipality_only,hospital,1411402664300,茅ヶ崎市立病院,神奈川県茅ヶ崎市本村５－１５－１,35.339905,139.415165,2026-06-01,
10610,市立輪島病院,石川県輪島市山岸町は１番１地,37.3841338,136.9054546,exact_name_pref_municipality_address,hospital,1714110001,市立輪島病院,石川県輪島市山岸町は１番１地,37.384242,136.90557,2026-06-01,15.8
10611,岐阜大学医学部附属病院,岐阜県岐阜市柳戸１番１,35.4670078,136.7333479,exact_name_pref_municipality_address,hospital,2111341000136,岐阜大学医学部附属病院,岐阜県岐阜市柳戸１番１,35.467934,136.733116,2026-06-01,105.1
10612,横須賀市立総合医療センター,神奈川県横須賀市神明町１番地８,35.2196215,139.7076787,exact_name_pref_municipality_address,hospital,1411431000594,横須賀市立総合医療センター,神奈川県横須賀市神明町１番地８,35.225678,139.70255,2026-06-01,818.9
10613,順天堂大学医学部附属静岡病院,静岡県伊豆の国市長岡１１２９,35.0296654,138.9358551,exact_name_pref_municipality_address,hospital,2211225602060,順天堂大学医学部附属静岡病院,静岡県伊豆の国市長岡１１２９,35.029362,138.935834,2026-06-01,33.8
10615,大分県立病院,大分県大分市ぶにょう２－８－１,33.2101048,131.5955839,name_municipality_only,hospital,4411002500000,大分県立病院,大分県大分市豊饒二丁目８番１号,33.206516,131.599079,2026-06-01,
10616,名古屋大学医学部附属病院,愛知県名古屋市昭和区鶴舞町６５番地,35.1585356,136.920007,exact_name_pref_municipality_address,hospital,2311232200130,名古屋大学医学部附属病院,愛知県名古屋市昭和区鶴舞町６５番地,35.158122,136.921273,2026-06-01,123.9
10617,尾鷲総合病院,三重県尾鷲市上野町５－２５,34.0698166,136.1884552,exact_name_pref_municipality_address,hospital,2411240000120,尾鷲総合病院,三重県尾鷲市上野町５－２５,34.069916,136.188662,2026-06-01,22.0
10619,医療法人財団アドベンチスト会　東京衛生アドベンチスト病院,東京都杉並区天沼三丁目１７番３号,35.7080758,139.6193099,exact_name_pref_municipality_address,hospital,1311133400420,医療法人財団アドベンチスト会　東京衛生アドベンチスト病院,東京都杉並区天沼三丁目１７番３号,35.708083,139.61969,2026-06-01,34.3
10620,大和市立病院,神奈川県大和市深見西８－３－６,35.486817,139.4591694,exact_name_pref_municipality_address,hospital,1411402307500,大和市立病院,神奈川県大和市深見西８－３－６,35.486818,139.459183,2026-06-01,1.2
10621,医療法人徳洲会　羽生総合病院,埼玉県羽生市大字下岩瀬446番地,36.160834,139.5279158,name_municipality_only,hospital,1111108946600,医療法人徳洲会　羽生総合病院,埼玉県羽生市下岩瀬４４６,36.160763,139.528428,2026-06-01,
10622,高知大学医学部附属病院,高知県南国市岡豊町小蓮185-1,33.5942684,133.6150349,exact_name_pref_municipality_address,hospital,3911395108830,高知大学医学部附属病院,高知県南国市岡豊町小蓮１８５－１,33.594753,133.614331,2026-06-01,84.6
10623,医療法人社団 大聖病院,東京都福生市福生871,35.7428026,139.3306556,exact_name_pref_municipality_address,hospital,1311138700330,医療法人社団　大聖病院,東京都福生市福生８７１,35.742463,139.330824,2026-06-01,40.7
10624,独立行政法人地域医療機能推進機構　北海道病院,北海道札幌市豊平区中の島１条８丁目３番１８号,43.0256423,141.3563595,exact_name_pref_municipality_address,hospital,0111010001290,独立行政法人地域医療機能推進機構　北海道病院,北海道札幌市豊平区中の島１条８丁目３番１８号,43.025469,141.355793,2026-06-01,49.9
10625,国民健康保険　小松市民病院,石川県小松市向本折町ホ６０番地,36.3986389,136.4395489,exact_name_pref_municipality_address,hospital,1711112006,国民健康保険　小松市民病院,石川県小松市向本折町ホ６０番地,36.398852,136.439354,2026-06-01,29.4
10627,総合病院釧路赤十字病院,北海道釧路市新栄町２１番１４号,43.0017624,144.3808738,exact_name_pref_municipality_address,hospital,0111010005750,総合病院釧路赤十字病院,北海道釧路市新栄町２１番１４号,43.001497,144.381126,2026-06-01,35.9
10628,小国病院,兵庫県姫路市南条二丁目23番地,34.8101526,134.6918145,name_municipality_only,hospital,2811280001270,小国病院,兵庫県姫路市南条２丁目２３番地,34.810148,134.691752,2026-06-01,
10630,函館中央病院,北海道函館市本町３３－２,41.7867645,140.751753,name_municipality_only,hospital,0111010002610,函館中央病院,北海道函館市本町３３番２号,41.786548,140.751521,2026-06-01,
10631,市立砺波総合病院,富山県砺波市新富町1番61号,36.6402833,136.9505861,exact_name_pref_municipality_address,hospital,1611160810010,市立砺波総合病院,富山県砺波市新富町１番６１号,36.640294,136.950591,2026-06-01,1.3
10632,地方独立行政法人東京都立病院機構東京都立広尾病院,東京都渋谷区恵比寿２－３４－１０,35.6466156,139.7212418,exact_name_pref_municipality_address,hospital,1311133100430,地方独立行政法人東京都立病院機構東京都立広尾病院,東京都渋谷区恵比寿２－３４－１０,35.646813,139.721907,2026-06-01,64.0
10633,神戸市立医療センター中央市民病院,兵庫県神戸市中央区港島南町２－１－１,34.6600539,135.2141339,name_municipality_only,hospital,2811280000300,神戸市立医療センター中央市民病院,兵庫県神戸市中央区港島南町２丁目１番１号,34.65959,135.214743,2026-06-01,
10634,東京大学医学部附属病院,東京都文京区本郷７ー３ー１,35.7108751,139.762102,exact_name_pref_municipality_address,hospital,1311131200150,東京大学医学部附属病院,東京都文京区本郷７－３－１,35.711057,139.764456,2026-06-01,213.5
10635,埼玉医科大学病院,埼玉県入間郡毛呂山町毛呂本郷38,35.9389313,139.306526,exact_name_pref_municipality_address,hospital,1111110041900,埼玉医科大学病院,埼玉県入間郡毛呂山町毛呂本郷３８,35.938345,139.305311,2026-06-01,127.3
10636,社会医療法人財団董仙会恵寿総合病院,石川県七尾市富岡町94番地,37.0504281,136.9610286,exact_name_pref_municipality_address,hospital,1713110003,社会医療法人財団董仙会恵寿総合病院,石川県七尾市富岡町９４番地,37.051536,136.961991,2026-06-01,149.9
10637,社会医療法人財団仁医会　牧田総合病院,東京都大田区西蒲田８－２０－１,35.5598368,139.7125019,exact_name_pref_municipality_address,hospital,1311132300510,社会医療法人財団仁医会　牧田総合病院,東京都大田区西蒲田８－２０－１,35.559822,139.713051,2026-06-01,49.7
10638,独立行政法人国立病院機構京都医療センター,京都府京都市伏見区深草向畑町１－１,34.9538723,135.7756219,exact_name_pref_municipality_address,hospital,2612610000120,独立行政法人国立病院機構京都医療センター,京都府京都市伏見区深草向畑町１－１,34.953791,135.774322,2026-06-01,118.8
10639,福井赤十字病院,福井県福井市月見２－４－１,36.04724,136.2128504,exact_name_pref_municipality_address,hospital,1811180000040,福井赤十字病院,福井県福井市月見２－４－１,36.047561,136.212625,2026-06-01,41.0
10641,社会医療法人かりゆし会ハートライフ病院,沖縄県中頭郡中城村伊集２０８番地,26.2378726,127.770847,name_municipality_only,hospital,47152,社会医療法人かりゆし会　ハートライフ病院,沖縄県中頭郡中城村字伊集２０８,26.237872,127.770847,2026-06-01,
10643,三豊総合病院,香川県観音寺市豊浜町姫浜７０８,34.0820305,133.6419324,exact_name_pref_municipality_visible_address_prefix_type_consistent,hospital,3711370400030,三豊総合病院,香川県観音寺市豊浜町姫浜７０８番地,34.082453,133.64154,2026-06-01,59.3
10644,県北医療センター高萩協同病院,茨城県高萩市上手綱上ケ穂町1006-9,36.7408203,140.6906177,name_municipality_only,hospital,081108550300,県北医療センター高萩協同病院,茨城県高萩市上手綱上ヶ穂町１００６－９,36.732654,140.684525,2026-06-01,
10645,社会福祉法人　恩賜財団　済生会支部　福井県済生会　福井県済生会病院,福井県福井市和田中町舟橋７－１,36.0421041,136.2532078,exact_name_pref_municipality_address,hospital,1811180000250,社会福祉法人　恩賜財団　済生会支部　福井県済生会　福井県済生会病院,福井県福井市和田中町舟橋７－１,36.047394,136.252403,2026-06-01,592.6
10647,山口県立総合医療センター,山口県防府市大崎１００７７番地,34.0657957,131.542818,exact_name_pref_municipality_address,hospital,3511355601120,山口県立総合医療センター,山口県防府市大崎１００７７番地,34.066167,131.542444,2026-06-01,53.8
10648,愛知県厚生農業協同組合連合会知多厚生病院,愛知県美浜町大字河和字西谷８１,34.7756394,136.9060093,name_municipality_only,hospital,2311231100020,愛知県厚生農業協同組合連合会　知多厚生病院,愛知県知多郡美浜町河和字西谷８１－６,34.775968,136.906403,2026-06-01,
10649,社会福祉法人　京都社会事業財団　京都桂病院,京都府京都市西京区山田平尾町17,34.98169,135.6869345,exact_name_pref_municipality_visible_address_prefix_type_consistent,hospital,2612610000067,社会福祉法人　京都社会事業財団　京都桂病院,京都府京都市西京区山田平尾町１７番地,34.981953,135.687134,2026-06-01,34.4
10650,市立福知山市民病院,京都府福知山市厚中町２３１,35.3035272,135.111742,exact_name_pref_municipality_visible_address_prefix_type_consistent,hospital,2612610000022,市立福知山市民病院,京都府福知山市厚中町２３１番地,35.303797,135.111417,2026-06-01,42.1
10651,市立岸和田市民病院,大阪府岸和田市額原町1001番地,34.4616207,135.3957842,exact_name_pref_municipality_address,hospital,2711270005180,市立岸和田市民病院,大阪府岸和田市額原町１００１番地,34.461087,135.39596,2026-06-01,61.5
10653,市立稚内病院,北海道稚内市中央4丁目11番6号,45.4131604,141.6733819,exact_name_pref_municipality_address,hospital,0111010004850,市立稚内病院,北海道稚内市中央４丁目１１番６号,45.41316,141.673381,2026-06-01,0.1
10654,市立函館病院,北海道函館市港町１丁目１０番１号,41.8054471,140.7300904,exact_name_pref_municipality_address,hospital,0111010002560,市立函館病院,北海道函館市港町１丁目１０番１号,41.805319,140.729451,2026-06-01,54.9
10655,公立豊岡病院組合立豊岡病院,兵庫県豊岡市戸牧1094,35.5261375,134.8068843,exact_name_pref_municipality_visible_address_prefix_type_consistent,hospital,2811280003230,公立豊岡病院組合立豊岡病院,兵庫県豊岡市戸牧１０９４番地,35.526768,134.806487,2026-06-01,78.8
10656,岡山市立市民病院,岡山県岡山市北区北長瀬3丁目20番1号,34.6508418,133.8800069,name_municipality_only,hospital,3311330000750,岡山市立市民病院,岡山県岡山市北区北長瀬表町三丁目２０番１号,34.651851,133.884009,2026-06-01,
10658,公益財団法人ライフ・エクステンション研究所付属　永寿総合病院,東京都台東区東上野２－２３－１６,35.7097066,139.779693,exact_name_pref_municipality_address,hospital,1311131400370,公益財団法人ライフ・エクステンション研究所付属　永寿総合病院,東京都台東区東上野２－２３－１６,35.709557,139.779705,2026-06-01,16.7
10659,川口市立医療センター,埼玉県川口市大字西新井宿１８０番地,35.8433903,139.7305714,name_municipality_only,hospital,1111100001500,川口市立医療センター,埼玉県川口市西新井宿１８０,35.843237,139.730544,2026-06-01,
10660,独立行政法人国立病院機構横浜医療センター,神奈川県横浜市戸塚区原宿３丁目６０－２,35.381129,139.5046914,exact_name_pref_municipality_address,hospital,1411406474000,独立行政法人国立病院機構横浜医療センター,神奈川県横浜市戸塚区原宿３丁目６０－２,35.380344,139.504528,2026-06-01,88.5
10661,国立健康危機管理研究機構国立国際医療センター,東京都新宿区戸山1-21-1,35.7016332,139.7152765,exact_name_pref_municipality_address,hospital,1311130800120,国立健康危機管理研究機構国立国際医療センター,東京都新宿区戸山１－２１－１,35.702224,139.716655,2026-06-01,140.7
10662,医療法人社団豊南会　香川井下病院,香川県観音寺市大野原町花稲818番地1,34.0971608,133.6470263,exact_name_pref_municipality_address,hospital,3711370400130,医療法人社団豊南会香川井下病院,香川県観音寺市大野原町花稲８１８番地１,34.097174,133.646733,2026-06-01,27.0
10663,医療法人積仁会島田総合病院,千葉県銚子市東町５番地の３,35.7320635,140.8418119,name_municipality_only,hospital,1211203316200,医療法人積仁会　島田総合病院,千葉県銚子市東町５－３,35.731946,140.841879,2026-06-01,
10664,新潟大学医歯学総合病院,新潟県新潟市中央区旭町通１番町７５４番地,37.9188389,139.0343474,exact_name_pref_municipality_address,hospital,151BYNCX00003,新潟大学医歯学総合病院,新潟県新潟市中央区旭町通１番町７５４番地,37.919179,139.035545,2026-06-01,111.7
10665,愛媛県立今治病院,愛媛県今治市石井町４－５－５,34.0859312,132.9875877,exact_name_pref_municipality_address,hospital,3811385503830,愛媛県立今治病院,愛媛県今治市石井町４－５－５,34.08558,132.986955,2026-06-01,70.1
10666,ＪＲ東京総合病院,東京都渋谷区代々木2-1-3,35.6851898,139.7000332,exact_name_pref_municipality_address,hospital,1311133100300,ＪＲ東京総合病院,東京都渋谷区代々木２－１－３,35.686142,139.699518,2026-06-01,115.7
10667,独立行政法人国立病院機構霞ヶ浦医療センター,茨城県土浦市下高津２－７－１４,36.0730137,140.1927676,exact_name_pref_municipality_address,hospital,081108590012,独立行政法人国立病院機構霞ヶ浦医療センター,茨城県土浦市下高津２－７－１４,36.073013,140.192767,2026-06-01,0.1
10668,独立行政法人国立病院機構嬉野医療センター,佐賀県嬉野市嬉野町大字下宿甲4760-1,33.1049616,129.9971826,exact_name_pref_municipality_address,hospital,4111416000930,独立行政法人国立病院機構嬉野医療センター,佐賀県嬉野市嬉野町大字下宿甲４７６０－１,33.105131,129.997015,2026-06-01,24.5
10669,静岡県立総合病院,静岡県静岡市葵区北安東四丁目２７番１号,35.0032467,138.3860958,exact_name_pref_municipality_address,hospital,2211223101530,静岡県立総合病院,静岡県静岡市葵区北安東四丁目２７番１号,35.00305,138.386214,2026-06-01,24.4
10670,春日部市立医療センター,埼玉県春日部市中央六丁目7番地1,35.9744144,139.7514961,name_municipality_only,hospital,1111123593400,春日部市立医療センター,埼玉県春日部市中央６丁目７番地１,35.974404,139.751508,2026-06-01,
10671,蕨市立病院,埼玉県蕨市北町２－１２－１８,35.828172,139.6800508,name_municipality_only,hospital,1111100022800,蕨市立病院,埼玉県蕨市北町,35.828171,139.680046,2026-06-01,
10672,邑智郡公立病院組合　公立邑智病院,島根県邑南町中野3848-2,34.8964168,132.4524545,name_municipality_only,hospital,3211326100290,邑智郡公立病院組合　公立邑智病院,島根県邑智郡邑南町中野３８４８－２,34.896146,132.452852,2026-06-01,
10673,中部国際医療センター,岐阜県美濃加茂市健康のまち一丁目１番地,35.4570724,137.0163526,exact_name_pref_municipality_address,hospital,2111651009513,中部国際医療センター,岐阜県美濃加茂市健康のまち一丁目１番地,35.45753,137.016295,2026-06-01,51.1
10674,熊本赤十字病院,熊本県熊本市東区長嶺南２ー１ー１,32.8066995,130.7621496,exact_name_pref_municipality_address,hospital,431143310417,熊本赤十字病院,熊本県熊本市東区長嶺南２ー１ー１,32.808112,130.763433,2026-06-01,197.6
10675,聖マリアンナ医科大学病院,神奈川県川崎市宮前区菅生２丁目１６－１,35.6009298,139.5476157,exact_name_pref_municipality_address,hospital,1411408856800,聖マリアンナ医科大学病院,神奈川県川崎市宮前区菅生２丁目１６－１,35.60055,139.548833,2026-06-01,117.9
10679,社会福祉法人賛育会　賛育会病院,東京都墨田区太平３－２０－２,35.7026418,139.8134145,exact_name_pref_municipality_address,hospital,1311131600330,社会福祉法人賛育会　賛育会病院,東京都墨田区太平３－２０－２,35.702531,139.814202,2026-06-01,72.2
10680,山梨大学医学部附属病院,山梨県中央市下河東１１１０,35.6092065,138.5392796,exact_name_pref_municipality_address,hospital,1911190000003,山梨大学医学部附属病院,山梨県中央市下河東１１１０,35.610241,138.539313,2026-06-01,115.1
10681,千鳥橋病院,福岡県福岡市博多区千代5丁目18-1,33.6082013,130.4119915,exact_name_pref_municipality_address,hospital,4011400001830,千鳥橋病院,福岡県福岡市博多区千代５丁目１８－１,33.608094,130.412157,2026-06-01,19.4
10682,沖縄県立中部病院,沖縄県うるま市宮里２８１,26.3546653,127.8349065,name_municipality_only,hospital,47155,沖縄県立中部病院,沖縄県うるま市字宮里２８１,26.354656,127.834906,2026-06-01,
10687,津軽保健生活協同組合　健生病院,青森県弘前市扇町２－２－２,40.5866305,140.5013677,exact_name_pref_municipality_address,hospital,0210210000119,津軽保健生活協同組合健生病院,青森県弘前市扇町２－２－２,40.587548,140.504864,2026-06-01,312.4
10689,一般財団法人太田綜合病院附属太田西ノ内病院,福島県郡山市西ノ内２丁目５番地２０号,37.4074336,140.3659071,name_municipality_only,hospital,0710710000108,一般財団法人太田綜合病院附属太田西ノ内病院,福島県郡山市西ノ内二丁目５番２０号,37.406567,140.366042,2026-06-01,
10690,名瀬徳洲会病院,鹿児島県奄美市名瀬朝日町２８−１,28.3986462,129.5263545,exact_name_pref_municipality_address,hospital,46110810,名瀬徳洲会病院,鹿児島県奄美市名瀬朝日町２８－１,28.398713,129.526322,2026-06-01,8.1
10691,東海大学医学部付属病院,神奈川県伊勢原市下糟屋１４３,35.4067127,139.3146484,exact_name_pref_municipality_address,hospital,1411402004100,東海大学医学部付属病院,神奈川県伊勢原市下糟屋１４３,35.407127,139.313671,2026-06-01,99.8
10692,県立宮崎病院,宮崎県宮崎市北高松町５番３０号,31.9173296,131.4170921,exact_name_pref_municipality_address,hospital,4511450100720,県立宮崎病院,宮崎県宮崎市北高松町５番３０号,31.916378,131.416544,2026-06-01,117.8
10693,愛媛大学医学部附属病院,愛媛県東温市志津川454,33.7997049,132.8783413,exact_name_pref_municipality_address,hospital,3811385605750,愛媛大学医学部附属病院,愛媛県東温市志津川４５４,33.802859,132.879893,2026-06-01,378.9
10694,大阪公立大学医学部附属病院,大阪府大阪市阿倍野区旭町１－５－７,34.6465261,135.5096638,exact_name_pref_municipality_address,hospital,2711270001080,大阪公立大学医学部附属病院,大阪府大阪市阿倍野区旭町１－５－７,34.64668,135.508748,2026-06-01,85.5
10695,鶴岡市立荘内病院,山形県鶴岡市泉町４番２０号,38.7316964,139.829468,exact_name_pref_municipality_address,hospital,061106620047,鶴岡市立荘内病院,山形県鶴岡市泉町４番２０号,38.731797,139.829633,2026-06-01,18.2
10696,市立青梅総合医療センター,東京都青梅市東青梅４丁目１６番地の５,35.7825409,139.2813074,name_municipality_only,hospital,1311137100180,市立青梅総合医療センター,東京都青梅市東青梅４－１６－５,35.782569,139.281104,2026-06-01,
10698,社会医療法人社団東京巨樹の会　東京品川病院,東京都品川区東大井６－３－２２,35.602385,139.7348518,exact_name_pref_municipality_address,hospital,1311131901170,社会医療法人社団東京巨樹の会　東京品川病院,東京都品川区東大井６－３－２２,35.601679,139.73488,2026-06-01,78.5
10699,東京慈恵会医科大学西部医療センター,東京都狛江市和泉本町４－１１－１,35.6448868,139.5668508,exact_name_pref_municipality_address,hospital,1311137700900,東京慈恵会医科大学西部医療センター,東京都狛江市和泉本町４－１１－１,35.644616,139.566142,2026-06-01,70.8
10700,秋田赤十字病院,秋田県秋田市上北手猿田字苗代沢２２２－１,39.6871928,140.1516664,exact_name_pref_municipality_address,hospital,0511050500180,秋田赤十字病院,秋田県秋田市上北手猿田字苗代沢２２２－１,39.686972,140.153046,2026-06-01,120.6
10701,医療法人慈恵会吉田病院,長野県長野市吉田２−１−２６,36.670062,138.2183848,exact_name_pref_municipality_address,hospital,2011206600720,医療法人慈恵会吉田病院,長野県長野市吉田２−１−２６,36.670113,138.218374,2026-06-01,5.8
10703,東京女子医科大学附属足立医療センター,東京都足立区江北４－３３－１,35.7737481,139.7668053,exact_name_pref_municipality_address,hospital,1311134800009,東京女子医科大学附属足立医療センター,東京都足立区江北４－３３－１,35.77405,139.766897,2026-06-01,34.6
10704,社会福祉法人恩賜財団済生会支部静岡県済生会　静岡済生会総合病院,静岡県静岡市駿河区小鹿一丁目１－１,34.9758454,138.4130114,exact_name_pref_municipality_address,hospital,2211223200390,社会福祉法人恩賜財団済生会支部静岡県済生会　静岡済生会総合病院,静岡県静岡市駿河区小鹿一丁目１－１,34.97597,138.413019,2026-06-01,13.9
10708,市立敦賀病院,福井県敦賀市三島町１丁目６番６０号,35.6523396,136.0642441,name_municipality_only,hospital,1811180000710,市立敦賀病院,福井県敦賀市三島町１－６－６０,35.6527,136.064292,2026-06-01,
10710,耳原総合病院,大阪府堺市堺区協和町４丁４６５,34.5607134,135.4703524,exact_name_pref_municipality_address,hospital,2711270006280,耳原総合病院,大阪府堺市堺区協和町４丁４６５,34.560717,135.470311,2026-06-01,3.8
10711,横浜市立市民病院,神奈川県横浜市神奈川区三ツ沢西町１－１,35.4690502,139.6051892,exact_name_pref_municipality_address,hospital,1411426526500,横浜市立市民病院,神奈川県横浜市神奈川区三ツ沢西町１－１,35.469049,139.605262,2026-06-01,6.6
10712,医療法人社団高邦会　高木病院,福岡県大川市大字酒見141番地11,33.2065681,130.3800627,exact_name_pref_municipality_address,hospital,4011400001500,医療法人社団高邦会　高木病院,福岡県大川市大字酒見１４１番地１１,33.206493,130.380047,2026-06-01,8.5
10713,帝京大学医学部附属溝口病院,神奈川県川崎市高津区二子５－１－１,35.6024359,139.6161991,exact_name_pref_municipality_address,hospital,1411408642500,帝京大学医学部附属溝口病院,神奈川県川崎市高津区二子５－１－１,35.602314,139.616159,2026-06-01,14.0
10714,京都府立医科大学附属病院,京都府京都市上京区河原町通広小路上ル梶井町465,35.02565,135.769623,name_municipality_only,hospital,2612610000046,京都府立医科大学附属病院,京都府京都市上京区河原町通広小路上る梶井町４６５,35.024116,135.770153,2026-06-01,
10715,札幌医科大学附属病院,北海道札幌市中央区南1条西16丁目291番地,43.0563271,141.3332081,exact_name_pref_municipality_address,hospital,0111010000010,札幌医科大学附属病院,北海道札幌市中央区南１条西１６丁目２９１番地,43.055405,141.333497,2026-06-01,105.2
10716,国立大学法人三重大学医学部附属病院,三重県津市江戸橋２丁目１７４番地,34.7428825,136.5224257,name_municipality_only,hospital,2411240000550,国立大学法人　三重大学医学部附属病院,三重県津市江戸橋２－１７４,34.742684,136.521798,2026-06-01,
10718,医療法人社団柏綾会　綾瀬厚生病院,神奈川県綾瀬市深谷中　1-4-16,35.4329642,139.4308526,exact_name_pref_municipality_address,hospital,1411402310500,医療法人社団柏綾会綾瀬厚生病院,神奈川県綾瀬市深谷中１－４－１６,35.43279,139.43079,2026-06-01,20.2
10719,掛川市・袋井市病院企業団立中東遠総合医療センター,静岡県掛川市菖蒲ヶ池１番地の１,34.7564503,137.9980867,exact_name_pref_municipality_address,hospital,2211227302380,掛川市・袋井市病院企業団立中東遠総合医療センター,静岡県掛川市菖蒲ヶ池１番地の１,34.758625,138.000396,2026-06-01,320.9
10721,長崎県対馬病院,長崎県対馬市美津島町雞知乙１１６８ー７,34.2862093,129.3180194,name_municipality_only,hospital,421htu0004,長崎県対馬病院,長崎県対馬市美津島町鶏知乙１１６８番７,34.267448,129.315743,2026-06-01,
10722,社会医療法人　誠光会　淡海医療センター,滋賀県草津市矢橋町１６６０,35.0111099,135.9271427,exact_name_pref_municipality_address,hospital,2511250000040,社会医療法人　誠光会　淡海医療センター,滋賀県草津市矢橋町１６６０,35.011144,135.927226,2026-06-01,8.5
10723,社会福祉法人聖霊会　聖霊病院,愛知県名古屋市昭和区川名山町５６,35.1448321,136.9556614,exact_name_pref_municipality_address,hospital,2311232200170,社会福祉法人聖霊会聖霊病院,愛知県名古屋市昭和区川名山町５６,35.144707,136.955493,2026-06-01,20.7
10724,独立行政法人国立病院機構東京医療センター,東京都目黒区東が丘２－５－１,35.6259148,139.6670195,exact_name_pref_municipality_address,hospital,1311132200160,独立行政法人国立病院機構東京医療センター,東京都目黒区東が丘２－５－１,35.625703,139.666663,2026-06-01,39.9
10725,地方独立行政法人東京都立病院機構　東京都立墨東病院,東京都墨田区江東橋四丁目23番15号,35.6942111,139.8183906,name_municipality_only,hospital,1311131600170,地方独立行政法人東京都立病院機構　東京都立墨東病院,東京都墨田区江東橋４－２３－１５,35.695199,139.818452,2026-06-01,
10728,留萌市立病院,北海道留萌市東雲町2丁目16番地1,43.9305982,141.6781348,exact_name_pref_municipality_address,hospital,0111010004800,留萌市立病院,北海道留萌市東雲町２丁目１６番地１,43.931546,141.677454,2026-06-01,118.7
10729,つがる西北五広域連合つがる総合病院,青森県五所川原市岩木町１２番地３,40.807955,140.4407935,exact_name_pref_municipality_address,hospital,0210210000118,つがる西北五広域連合つがる総合病院,青森県五所川原市岩木町１２番地３,40.807912,140.441054,2026-06-01,22.4
10730,国立大学法人山形大学医学部附属病院,山形県山形市飯田西２丁目２－２,38.2164101,140.318514,exact_name_pref_municipality_address,hospital,061106510157,国立大学法人山形大学医学部附属病院,山形県山形市飯田西２丁目２－２,38.215236,140.320446,2026-06-01,213.4
10731,帝京大学ちば総合医療センター,千葉県市原市姉崎３４２６－３,35.4659052,140.0624494,exact_name_pref_municipality_address,hospital,1211204532200,帝京大学ちば総合医療センター,千葉県市原市姉崎３４２６－３,35.466203,140.062795,2026-06-01,45.6
10732,京都大学医学部附属病院,京都府京都市左京区聖護院川原町54,35.0201036,135.7763601,exact_name_pref_municipality_address,hospital,2612610000147,京都大学医学部附属病院,京都府京都市左京区聖護院川原町５４,35.02045,135.777208,2026-06-01,86.3
10733,市立根室病院,北海道根室市有磯町１丁目２番地,43.3336237,145.5867033,exact_name_pref_municipality_address,hospital,0111010005960,市立根室病院,北海道根室市有磯町１丁目２番地,43.334316,145.586455,2026-06-01,79.6
10734,昭和医科大学江東豊洲病院,東京都江東区豊洲５－１－３８,35.6503186,139.796273,exact_name_pref_municipality_address,hospital,1311131800710,昭和医科大学江東豊洲病院,東京都江東区豊洲５－１－３８,35.651092,139.796012,2026-06-01,89.2
10735,つるぎ町立半田病院,徳島県美馬群つるぎ町半田字中藪234番地1,34.0396659,134.0370964,name_municipality_only,hospital,3611365801280,つるぎ町立半田病院,徳島県美馬郡つるぎ町半田字中藪２３４番地１,34.039823,134.037023,2026-06-01,
10736,独立行政法人国立病院機構　浜田医療センター,島根県浜田市浅井町７７７－１２,34.903505,132.0877832,exact_name_pref_municipality_address,hospital,3211325701980,独立行政法人国立病院機構　浜田医療センター,島根県浜田市浅井町７７７－１２,34.903505,132.087783,2026-06-01,0.0
10739,市立ひらかた病院,大阪府枚方市禁野本町２丁目１４番１号,34.8202911,135.6581635,exact_name_pref_municipality_address,hospital,2711270006220,市立ひらかた病院,大阪府枚方市禁野本町２丁目１４番１号,34.819998,135.657922,2026-06-01,39.3
10740,佐久市立国保浅間総合病院,長野県佐久市岩村田１８６２－１,36.2702172,138.4678722,exact_name_pref_municipality_address,hospital,2011205100180,佐久市立国保浅間総合病院,長野県佐久市岩村田１８６２－１,36.270693,138.469368,2026-06-01,144.2
10741,徳島県立中央病院,徳島県徳島市蔵本町１丁目１０－３,34.0770543,134.5194539,exact_name_pref_municipality_address,hospital,3611365100840,徳島県立中央病院,徳島県徳島市蔵本町１丁目１０－３,34.075075,134.52041,2026-06-01,237.1
10742,医療法人　社団　一心会　都倉病院,京都府宇治市宇治山本２７,34.8953768,135.811376,exact_name_pref_municipality_address,hospital,2612610000155,医療法人　社団　一心会　都倉病院,京都府宇治市宇治山本２７,34.895409,135.81135,2026-06-01,4.3
10743,公益財団法人甲南会　甲南医療センター,兵庫県神戸市東灘区鴨子ヶ原１丁目５番１６号,34.7290524,135.251499,exact_name_pref_municipality_address,hospital,2811280000010,公益財団法人　甲南会　甲南医療センター,兵庫県神戸市東灘区鴨子ヶ原１丁目５番１６号,34.729055,135.251432,2026-06-01,6.1
10744,宮崎大学医学部附属病院,宮崎県宮崎市清武町木原５２００,31.8407821,131.3974132,exact_name_pref_municipality_address,hospital,4511450105220,宮崎大学医学部附属病院,宮崎県宮崎市清武町木原５２００,31.8403,131.398407,2026-06-01,108.1
10745,医療法人　恵仁会　田中病院,大阪府茨木市東奈良３丁目１６番３１号,34.8019486,135.5675339,exact_name_pref_municipality_address,hospital,2711270006560,医療法人　恵仁会　田中病院,大阪府茨木市東奈良３丁目１６番３１号,34.802054,135.567569,2026-06-01,12.2
10746,東邦大学医療センター大森病院,東京都大田区大森西6-11-1,35.5683924,139.7233523,exact_name_pref_municipality_address,hospital,1311132301100,東邦大学医療センター大森病院,東京都大田区大森西６－１１－１,35.56946,139.724327,2026-06-01,147.9
10747,株式会社　麻生　飯塚病院,福岡県飯塚市芳雄町３－８３,33.6424044,130.6897726,exact_name_pref_municipality_address,hospital,4012400400040,株式会社　麻生　飯塚病院,福岡県飯塚市芳雄町３－８３,33.642078,130.691431,2026-06-01,157.8
10748,社会福祉法人恩賜財団済生会支部　茨城県済生会　水戸済生会総合病院,茨城県水戸市双葉台3丁目3番10,36.3984519,140.394792,name_municipality_only,hospital,081108510409,社会福祉法人恩賜財団済生会支部　茨城県済生会　水戸済生会総合病院,茨城県水戸市双葉台３丁目３－１０,36.398451,140.394792,2026-06-01,
10749,杉田玄白記念公立小浜病院,福井県小浜市大手町２番２号,35.4939389,135.7469958,exact_name_pref_municipality_address,hospital,1811180000770,杉田玄白記念公立小浜病院,福井県小浜市大手町２番２号,35.494437,135.745868,2026-06-01,116.2
10752,名古屋市立大学病院,愛知県名古屋市瑞穂区瑞穂町字川澄1番地,35.1387559,136.9349251,exact_name_pref_municipality_address,hospital,2311232200290,名古屋市立大学病院,愛知県名古屋市瑞穂区瑞穂町字川澄１番地,35.139791,136.935634,2026-06-01,131.9
10753,市立札幌病院,北海道札幌市中央区北１１条西１３丁目１番１号,43.0703934,141.3341568,exact_name_pref_municipality_address,hospital,0111010000020,市立札幌病院,北海道札幌市中央区北１１条西１３丁目１番１号,43.070393,141.334156,2026-06-01,0.1
10754,社会福祉法人 聖隷福祉事業団 総合病院 聖隷浜松病院,静岡県浜松市中央区住吉2-12-12,34.7304575,137.7253632,name_municipality_only,hospital,2211223301590,社会福祉法人聖隷福祉事業団総合病院聖隷浜松病院,静岡県浜松市中央区住吉２丁目１２－１２,34.730456,137.725782,2026-06-01,
10755,栃木県済生会宇都宮病院,栃木県宇都宮市竹林町911-1,36.5791055,139.8974499,exact_name_pref_municipality_address,hospital,0911090100525,栃木県済生会宇都宮病院,栃木県宇都宮市竹林町９１１－１,36.579108,139.897351,2026-06-01,8.8
10756,長野県厚生農業協同組合連合会　佐久総合病院　佐久医療センター,長野県佐久市中込３４００番地２８,36.2525796,138.4717914,exact_name_pref_municipality_address,hospital,2011205101220,長野県厚生農業協同組合連合会　佐久総合病院　佐久医療センター,長野県佐久市中込３４００番地２８,36.251807,138.471924,2026-06-01,86.7
10757,黒部市民病院,富山県黒部市三日市1108番地1,36.8716267,137.4411302,exact_name_pref_municipality_address,hospital,1611160710012,黒部市民病院,富山県黒部市三日市１１０８番地１,36.871528,137.441123,2026-06-01,11.0
10758,医療法人あかね会　土谷総合病院,広島県広島市中区中島町３－３０,34.3902371,132.4515351,exact_name_pref_municipality_address,hospital,3411340040060,医療法人あかね会　土谷総合病院,広島県広島市中区中島町３－３０,34.390222,132.451593,2026-06-01,5.6
10759,東京歯科大学市川総合病院,千葉県市川市菅野５－１１－１３,35.7336728,139.922374,name_municipality_only,hospital,1211200583500,東京歯科大学市川総合病院,千葉県市川市菅野５丁目１１－１３,35.73368,139.922119,2026-06-01,
10760,自治医科大学附属病院,栃木県下野市薬師寺３３１１−１,36.3984603,139.8597261,exact_name_pref_municipality_address,hospital,0911090007051,自治医科大学附属病院,栃木県下野市薬師寺３３１１－１,36.399269,139.860384,2026-06-01,107.5
10761,医療法人宝生会　PL病院,大阪府富田林市新堂2204番地,34.5103225,135.5885169,name_municipality_only,hospital,2711270004160,医療法人　宝生会　ＰＬ病院,大阪府富田林市大字新堂２２０４番地,34.509724,135.587387,2026-06-01,
10762,医療法人社団浅ノ川　浅ノ川総合病院,石川県金沢市小坂町中８３,36.5929416,136.6774718,exact_name_pref_municipality_address,hospital,1715110030,医療法人社団浅ノ川　浅ノ川総合病院,石川県金沢市小坂町中８３,36.593328,136.677865,2026-06-01,55.5
10763,社会医療法人財団聖フランシスコ会　姫路聖マリア病院,兵庫県姫路市仁豊野６５０番地,34.8778698,134.7321977,exact_name_pref_municipality_address,hospital,2811280001300,社会医療法人財団聖フランシスコ会　姫路聖マリア病院,兵庫県姫路市仁豊野６５０番地,34.877753,134.732079,2026-06-01,16.9
10764,九州大学病院,福岡県福岡市東区馬出3丁目1-1,33.6114165,130.4166568,exact_name_pref_municipality_address,hospital,4012400100050,九州大学病院,福岡県福岡市東区馬出３丁目１－１,33.607928,130.414074,2026-06-01,455.7
10765,富士市立中央病院,静岡県富士市高島町５０番地,35.1583774,138.6721042,exact_name_pref_municipality_address,hospital,2211225800970,富士市立中央病院,静岡県富士市高島町５０番地,35.158399,138.67083,2026-06-01,115.9
10766,日本赤十字社和歌山医療センター,和歌山県和歌山市小松原通四丁目20番地,34.2202351,135.1679466,exact_name_pref_municipality_address,hospital,3011000100000,日本赤十字社和歌山医療センター,和歌山県和歌山市小松原通四丁目２０番地,34.220303,135.168712,2026-06-01,70.8
10767,公立学校共済組合　中国中央病院,広島県福山市御幸町上岩成１４８番１３,34.5475248,133.3489081,exact_name_pref_municipality_address,hospital,3411340051620,公立学校共済組合　中国中央病院,広島県福山市御幸町上岩成１４８番１３,34.548082,133.347988,2026-06-01,104.6
10768,新潟県地域医療推進機構魚沼基幹病院,新潟県南魚沼市浦佐４１３２番地,37.1717273,138.9366346,exact_name_pref_municipality_address,hospital,151BYMNX00001,新潟県地域医療推進機構魚沼基幹病院,新潟県南魚沼市浦佐４１３２番地,37.171224,138.936029,2026-06-01,77.5
10769,京都第二赤十字病院,京都府京都市上京区釜座通丸太町上ル春帯町３５５番地の５,35.019161,135.7558854,exact_name_pref_municipality_address,hospital,2612610000042,京都第二赤十字病院,京都府京都市上京区釜座通丸太町上ル春帯町３５５番地の５,35.018978,135.756099,2026-06-01,28.2
10771,王子総合病院,北海道苫小牧市若草町3丁目4番8号,42.6385037,141.6047737,exact_name_pref_municipality_address,hospital,0111010004370,王子総合病院,北海道苫小牧市若草町３丁目４番８号,42.63857,141.603651,2026-06-01,92.1
10773,浜松医療センター,静岡県浜松市中央区富塚町328,34.7161929,137.7014762,exact_name_pref_municipality_address,hospital,2211223302180,浜松医療センター,静岡県浜松市中央区富塚町３２８,34.716124,137.70134,2026-06-01,14.6
10775,小牧市民病院,愛知県小牧市常普請一丁目２０番地,35.2875159,136.9168049,exact_name_pref_municipality_address,hospital,2311230600010,小牧市民病院,愛知県小牧市常普請一丁目２０番地,35.287803,136.916934,2026-06-01,34.0
10777,藤田医科大学ばんたね病院,愛知県名古屋市中川区尾頭橋3-6-10,35.1445451,136.890428,name_municipality_only,hospital,2311232300250,藤田医科大学ばんたね病院,愛知県名古屋市中川区尾頭橋３丁目６－１０,35.144512,136.890915,2026-06-01,
10778,国家公務員共済組合連合会　浜の町病院,福岡県福岡市中央区長浜３ー３－１,33.5964173,130.3935149,exact_name_pref_municipality_address,hospital,4011400000350,国家公務員共済組合連合会浜の町病院,福岡県福岡市中央区長浜３－３－１,33.596401,130.393631,2026-06-01,10.9
10779,一般財団法人自警会　東京警察病院,東京都中野区中野４－２２－１,35.7091775,139.6593646,name_municipality_only,hospital,1311130100370,一般財団法人自警会　東京警察病院,東京都中野区中野四丁目２２番１号,35.709361,139.659298,2026-06-01,
10780,医療法人仁雄会　穂高病院,長野県安曇野市穂高4634番地,36.3416522,137.8882466,exact_name_pref_municipality_visible_address_prefix_type_consistent,hospital,2011206000450,医療法人仁雄会　穂高病院,長野県安曇野市穂高４６３４,36.331782,137.887333,2026-06-01,1100.6
10781,ＪＡ北海道厚生連帯広厚生病院,北海道帯広市西１４条南１０丁目１番地,42.9194409,143.1812926,exact_name_pref_municipality_address,hospital,0111010005400,ＪＡ北海道厚生連帯広厚生病院,北海道帯広市西１４条南１０丁目１番地,42.91954,143.181618,2026-06-01,28.7
10782,富山県立中央病院,富山県富山市西長江２－２－７８,36.6935741,137.2376636,exact_name_pref_municipality_address,hospital,1611160110023,富山県立中央病院,富山県富山市西長江２－２－７８,36.692238,137.237593,2026-06-01,148.7
10783,学校法人帝京大学　帝京大学医学部附属病院,東京都板橋区加賀２－１１－１,35.7589726,139.7139384,exact_name_pref_municipality_address,hospital,1311134301120,学校法人帝京大学　帝京大学医学部附属病院,東京都板橋区加賀２－１１－１,35.759038,139.71381,2026-06-01,13.7
10785,天使病院,北海道札幌市東区北１２条東３丁目１－１,43.0763815,141.3571326,exact_name_pref_municipality_address,hospital,0111010000680,天使病院,北海道札幌市東区北１２条東３丁目１－１,43.076603,141.357373,2026-06-01,31.4
10786,長野赤十字病院,長野県長野市若里５丁目２２番１号,36.627225,138.1903625,name_municipality_only,hospital,2011206603910,長野赤十字病院,長野県長野市若里５丁目２２－１,36.627117,138.1901,2026-06-01,
10787,つくばセントラル病院,茨城県牛久市柏田町１５８９－３,35.982611,140.1576636,exact_name_pref_municipality_address,hospital,081108580253,つくばセントラル病院,茨城県牛久市柏田町１５８９－３,35.983229,140.157721,2026-06-01,68.9
10788,地方独立行政法人長崎市立病院機構長崎みなとメディカルセンター,長崎県長崎市新地町６ー３９,32.73955,129.8724538,exact_name_pref_municipality_address,hospital,421hna0036,地方独立行政法人長崎市立病院機構長崎みなとメディカルセンター,長崎県長崎市新地町６ー３９,32.739729,129.872554,2026-06-01,22.0
10790,一般財団法人芙蓉協会　聖隷沼津病院,静岡県沼津市松下七反田９０２－６,35.0943786,138.8505691,exact_name_pref_municipality_address,hospital,2211225604660,一般財団法人芙蓉協会　聖隷沼津病院,静岡県沼津市松下七反田９０２－６,35.09452,138.850588,2026-06-01,15.8
10791,板橋区医師会病院,東京都板橋区高島平３－１２－６,35.7869368,139.658083,exact_name_pref_municipality_address,hospital,1311134501210,板橋区医師会病院,東京都板橋区高島平３－１２－６,35.78688,139.658072,2026-06-01,6.4
10792,いわき市医療センター,福島県いわき市内郷御厩町久世原16番地,37.0412352,140.8664235,exact_name_pref_municipality_address,hospital,0710710000124,いわき市医療センタ―,福島県いわき市内郷御厩町久世原１６番地,37.040881,140.867756,2026-06-01,124.7
10793,医療法人社団桐光会調布病院,東京都調布市下石原３－４５－１,35.6508981,139.532693,exact_name_pref_municipality_address,hospital,1311137700450,医療法人社団　桐光会　調布病院,東京都調布市下石原３－４５－１,35.651004,139.532784,2026-06-01,14.4
10794,長崎大学病院,長崎県長崎市坂本１丁目７－１,32.7684582,129.8696162,exact_name_pref_municipality_address,hospital,421hna0039,長崎大学病院,長崎県長崎市坂本１丁目７－１,32.769456,129.868227,2026-06-01,170.8
10795,市立釧路総合病院,北海道釧路市春湖台１番１２号,42.977002,144.4033668,exact_name_pref_municipality_address,hospital,0111010005720,市立釧路総合病院,北海道釧路市春湖台１番１２号,42.976972,144.40332,2026-06-01,5.1
10796,地方独立行政法人　静岡市立静岡病院,静岡県静岡市葵区追手町１０番９３号,34.9784371,138.3802075,exact_name_pref_municipality_address,hospital,2211223100940,地方独立行政法人　静岡市立静岡病院,静岡県静岡市葵区追手町１０番９３号,34.978469,138.37966,2026-06-01,50.0
10797,社会医療法人愛仁会　千船病院,大阪府大阪市西淀川区福町3丁目2番39号,34.7004369,135.4434017,exact_name_pref_municipality_address,hospital,2711270006570,社会医療法人愛仁会　千船病院,大阪府大阪市西淀川区福町３丁目２番３９号,34.700618,135.443529,2026-06-01,23.3
10798,さぬき市民病院,香川県さぬき市寒川町石田東甲387番地1,34.2379133,134.2147211,name_municipality_only,hospital,3711370100020,さぬき市民病院,香川県さぬき市寒川町石田東甲３８７－１,34.267255,134.202095,2026-06-01,
10799,独立行政法人国立病院機構　四国こどもとおとなの医療センター,香川県善通寺市仙遊町２丁目１番１号,34.227798,133.7714547,exact_name_pref_municipality_address,hospital,3711370300330,独立行政法人国立病院機構　四国こどもとおとなの医療センター,香川県善通寺市仙遊町２丁目１番１号,34.228716,133.770928,2026-06-01,113.0
10800,岐阜県立多治見病院,岐阜県多治見市前畑町５丁目１６１番地,35.3284593,137.1117956,name_municipality_only,hospital,2111591000118,岐阜県立多治見病院,岐阜県多治見市前畑町５ー１６１,35.328205,137.111115,2026-06-01,
10801,JA北海道厚生連　ニセコ羊蹄広域倶知安厚生病院,北海道虻田郡倶知安町北４条東１丁目２番地,42.9052343,140.7545245,exact_name_pref_municipality_address,hospital,0111010003600,ＪＡ北海道厚生連ニセコ羊蹄広域倶知安厚生病院,北海道虻田郡倶知安町北４条東１丁目２番地,42.904793,140.754784,2026-06-01,53.4
10802,NTT東日本関東病院,東京都品川区東五反田５－９－２２,35.6318448,139.725417,exact_name_pref_municipality_address,hospital,1311131900290,ＮＴＴ東日本関東病院,東京都品川区東五反田５－９－２２,35.630843,139.725574,2026-06-01,112.3
10803,長野県立信州医療センター,長野県須坂市大字須坂1332,36.6541293,138.3101251,exact_name_pref_municipality_address,hospital,2011206400180,長野県立信州医療センター,長野県須坂市大字須坂１３３２,36.65409,138.309491,2026-06-01,56.7
10804,東北大学病院,宮城県仙台市青葉区星陵町１－１,38.2720808,140.8619122,exact_name_pref_municipality_address,hospital,041801848,東北大学病院,宮城県仙台市青葉区星陵町１－１,38.271997,140.861268,2026-06-01,57.0
10805,高知県立幡多けんみん病院,高知県宿毛市山奈町芳奈３－１,32.965793,132.806424,exact_name_pref_municipality_address,hospital,3911395401980,高知県立幡多けんみん病院,高知県宿毛市山奈町芳奈３－１,32.96675,132.80553,2026-06-01,135.2
10806,公益財団法人　天理よろづ相談所病院,奈良県天理市三島町２００番地,34.6027632,135.8390141,exact_name_pref_municipality_address,hospital,2911002500000,公益財団法人　天理よろづ相談所病院,奈良県天理市三島町２００番地,34.602242,135.838555,2026-06-01,71.6
10807,一般財団法人筑波麓仁会筑波学園病院,茨城県つくば市上横場２５７３－１,36.0382511,140.0976196,exact_name_pref_municipality_address,hospital,081108610022,一般財団法人筑波麓仁会筑波学園病院,茨城県つくば市上横場２５７３－１,36.038251,140.097619,2026-06-01,0.1
10808,"社会福祉法人北海道社会事業協会
小樽病院",北海道小樽市住ノ江1丁目6番15号,43.1857414,141.0050314,exact_name_pref_municipality_address,hospital,0111010002890,社会福祉法人北海道社会事業協会小樽病院,北海道小樽市住ノ江１丁目６番１５号,43.185779,141.005037,2026-06-01,4.2
10809,静岡赤十字病院,静岡県静岡市葵区追手町８番２号,34.9764144,138.3805984,exact_name_pref_municipality_address,hospital,2211223101080,静岡赤十字病院,静岡県静岡市葵区追手町８番２号,34.976275,138.38066,2026-06-01,16.5
10811,大阪医科薬科大学病院,大阪府高槻市大学町2番7号,34.8521054,135.62526,exact_name_pref_municipality_address,hospital,2711270002850,大阪医科薬科大学病院,大阪府高槻市大学町２番７号,34.851966,135.624423,2026-06-01,77.9
10813,愛知医科大学病院,愛知県長久手市岩作雁又１番地１,35.1920875,137.0476238,exact_name_pref_municipality_address,hospital,2311230300120,愛知医科大学病院,愛知県長久手市岩作雁又１番地１,35.192954,137.047011,2026-06-01,111.3
10814,富山赤十字病院,富山県富山市牛島本町２－１－５８,36.7088979,137.208833,exact_name_pref_municipality_address,hospital,1611160115600,富山赤十字病院,富山県富山市牛島本町２－１－５８,36.708374,137.208956,2026-06-01,59.3
10815,兵庫県立はりま姫路総合医療センター,兵庫県姫路市神屋町3丁目264番地,34.8281841,134.7023736,exact_name_pref_municipality_address,hospital,2811280004050,兵庫県立はりま姫路総合医療センター,兵庫県姫路市神屋町３丁目２６４番地,34.82648,134.701806,2026-06-01,196.4
10816,社会医療法人社団光仁会　総合守谷第一病院,茨城県守谷市松前台１－１７,35.9673532,139.9669461,exact_name_pref_municipality_address,hospital,081108640119,社会医療法人社団光仁会総合守谷第一病院,茨城県守谷市松前台１－１７,35.967289,139.966887,2026-06-01,8.9
10817,青森県立中央病院,青森県青森市東造道二丁目１－１,40.8298015,140.7944513,exact_name_pref_municipality_address,hospital,0210210000003,青森県立中央病院,青森県青森市東造道二丁目１－１,40.829805,140.794385,2026-06-01,5.6
10819,津山中央病院,岡山県津山市川崎１７５６,35.0653633,134.0390298,exact_name_pref_municipality_address,hospital,3311330000590,津山中央病院,岡山県津山市川崎１７５６,35.064752,134.039759,2026-06-01,95.0
10820,八戸市立市民病院,青森県八戸市田向三丁目１番１号,40.4921364,141.5120622,exact_name_pref_municipality_address,hospital,0210210000054,八戸市立市民病院,青森県八戸市田向三丁目１番１号,40.492993,141.510341,2026-06-01,173.9
10821,弘前大学医学部附属病院,青森県弘前市本町５３番地,40.5990438,140.4662389,exact_name_pref_municipality_address,hospital,0210210000026,弘前大学医学部附属病院,青森県弘前市本町５３番地,40.600185,140.465839,2026-06-01,131.3
10822,東京慈恵会医科大学附属病院,東京都港区西新橋3-19-18,35.6638064,139.7504283,exact_name_pref_municipality_address,hospital,1311130501010,東京慈恵会医科大学附属病院,東京都港区西新橋３－１９－１８,35.66334,139.751265,2026-06-01,91.7
10823,独立行政法人国立病院機構小倉医療センター,福岡県北九州市小倉南区春ケ丘１０番１号,33.8493006,130.8836576,exact_name_pref_municipality_address,hospital,4011400004600,独立行政法人国立病院機構小倉医療センター,福岡県北九州市小倉南区春ケ丘１０番１号,33.849603,130.883414,2026-06-01,40.5
10824,むつ総合病院,青森県むつ市小川町一丁目２番８号,41.2958016,141.2020351,exact_name_pref_municipality_address,hospital,0210210000105,むつ総合病院,青森県むつ市小川町一丁目２番８号,41.293541,141.201746,2026-06-01,252.5
10826,独立行政法人国立病院機構東広島医療センター,広島県東広島市西条町寺家５１３,34.4481039,132.7252982,exact_name_pref_municipality_address,hospital,3411340019460,独立行政法人国立病院機構　東広島医療センター,広島県東広島市西条町寺家５１３,34.448509,132.72371,2026-06-01,152.4
10827,飯田市立病院,長野県飯田市八幡町４３８,35.5001882,137.835401,exact_name_pref_municipality_address,hospital,2011205702470,飯田市立病院,長野県飯田市八幡町４３８,35.499321,137.836203,2026-06-01,120.7
10828,広島赤十字・原爆病院,広島県広島市中区千田町一丁目９－６,34.380885,132.4541953,exact_name_pref_municipality_address,hospital,3411340006170,広島赤十字・原爆病院,広島県広島市中区千田町一丁目９－６,34.380928,132.454152,2026-06-01,6.2
10829,独立行政法人国立病院機構神戸医療センター,兵庫県神戸市須磨区西落合３丁目１番１号,34.6803618,135.0845322,exact_name_pref_municipality_address,hospital,2811280000810,独立行政法人国立病院機構神戸医療センター,兵庫県神戸市須磨区西落合３丁目１番１号,34.681585,135.084975,2026-06-01,141.9
10830,社会福祉法人恩賜財団　大阪府済生会野江病院,大阪府大阪市城東区古市1丁目3番25号,34.7066578,135.5550541,name_municipality_only,hospital,2711270005850,社会福祉法人恩賜財団　大阪府済生会野江病院,大阪府大阪市城東区古市１－３－２５,34.70673,135.554908,2026-06-01,
10831,泉大津市立周産期小児医療センター,大阪府泉大津市下条町１６番１号,34.5012909,135.4142123,name_municipality_only,hospital,2711270004980,泉大津市立周産期小児医療センター,大阪府泉大津市下条町１６－１,34.501444,135.413929,2026-06-01,
10832,独立行政法人国立病院機構佐賀病院,佐賀県佐賀市日の出１丁目２０－１,33.2757598,130.294109,exact_name_pref_municipality_address,hospital,4111415100240,独立行政法人国立病院機構佐賀病院,佐賀県佐賀市日の出１丁目２０－１,33.275741,130.294124,2026-06-01,2.5
10833,大阪大学医学部附属病院,大阪府吹田市山田丘2-15,34.819152,135.5289849,exact_name_pref_municipality_address,hospital,2711270002440,大阪大学医学部附属病院,大阪府吹田市山田丘２－１５,34.819301,135.528322,2026-06-01,62.7
10836,公益財団法人東京都医療保健協会練馬総合病院,東京都練馬区旭丘1-24-1,35.733507,139.6771798,exact_name_pref_municipality_address,hospital,1311134600100,公益財団法人東京都医療保健協会　練馬総合病院,東京都練馬区旭丘１－２４－１,35.733803,139.677046,2026-06-01,35.1
10837,長野県立木曽病院,長野県木曽郡木曽町福島６６１３－４,35.8347556,137.6832989,exact_name_pref_municipality_address,hospital,2011205800220,長野県立木曽病院,長野県木曽郡木曽町福島６６１３－４,35.83539,137.683425,2026-06-01,71.5
10838,独立行政法人　国立病院機構　岩国医療センター,山口県岩国市愛宕町１－１－１,34.1434017,132.2033039,exact_name_pref_municipality_address,hospital,3511355200350,独立行政法人　国立病院機構　岩国医療センター,山口県岩国市愛宕町１－１－１,34.143361,132.2035,2026-06-01,18.6
10839,獨協医科大学埼玉医療センター,埼玉県越谷市南越谷２丁目１－５０,35.8784313,139.7898612,exact_name_pref_municipality_address,hospital,1111109003000,獨協医科大学埼玉医療センター,埼玉県越谷市南越谷２丁目１－５０,35.878748,139.789871,2026-06-01,35.2
10840,公益財団法人宮城厚生協会坂総合病院,宮城県塩竃市錦町16-5,38.3064981,141.0155248,name_municipality_only,hospital,041800924,公益財団法人宮城厚生協会坂総合病院,宮城県塩竈市錦町１６－５,38.306587,141.015531,2026-06-01,
10841,金沢医科大学病院,石川県河北郡内灘町大学1丁目1番地,36.6548668,136.6448242,name_municipality_only,hospital,1712210002,金沢医科大学病院,石川県河北郡内灘町大学１－１,36.657563,136.647562,2026-06-01,
10842,宗教法人　在日本南プレスビテリアンミッション　淀川キリスト教病院,大阪府大阪市東淀川区柴島１丁目７番５０号,34.7296902,135.5117663,exact_name_pref_municipality_address,hospital,2711270005970,宗教法人　在日本南プレスビテリアンミッション　淀川キリスト教病院,大阪府大阪市東淀川区柴島１丁目７番５０号,34.729866,135.512133,2026-06-01,38.8
10843,水戸赤十字病院,茨城県水戸市３－１２－４８,36.3712281,140.4870284,name_municipality_only,hospital,081108510034,水戸赤十字病院,茨城県水戸市三の丸３－１２－４８,36.3712,140.486513,2026-06-01,
10844,さいたま市立病院,埼玉県さいたま市緑区三室２４６０,35.8903489,139.6797076,exact_name_pref_municipality_address,hospital,1111103894200,さいたま市立病院,埼玉県さいたま市緑区三室２４６０,35.890379,139.679599,2026-06-01,10.3
10845,千葉大学医学部附属病院,千葉県千葉市中央区亥鼻１丁目８－１,35.6052621,140.1289586,exact_name_pref_municipality_address,hospital,1211205424000,千葉大学医学部附属病院,千葉県千葉市中央区亥鼻１丁目８－１,35.604006,140.131672,2026-06-01,282.3
10849,医療法人医誠会　医誠会国際総合病院,大阪府大阪市北区南扇町４番１４号,34.7014085,135.508631,name_municipality_only,hospital,2711270007210,医療法人医誠会　医誠会国際総合病院,大阪府大阪市北区南扇町４－１４,34.701452,135.508711,2026-06-01,
10850,市立伊丹病院,兵庫県伊丹市昆陽池１丁目１００番地,34.7838729,135.3968375,exact_name_pref_municipality_address,hospital,2811280002170,市立伊丹病院,兵庫県伊丹市昆陽池１丁目１００番地,34.78358,135.396889,2026-06-01,32.9
10851,公益財団法人　日産厚生会　玉川病院,東京都世田谷区瀬田４－８－１,35.6205988,139.6247699,exact_name_pref_municipality_address,hospital,1311132900200,公益財団法人日産厚生会　玉川病院,東京都世田谷区瀬田４－８－１,35.62087,139.623972,2026-06-01,78.2
10852,公立丹南病院,福井県鯖江市三六町1-2-31,35.9701017,136.1779766,exact_name_pref_municipality_address,hospital,1811180000870,公立丹南病院,福井県鯖江市三六町１－２－３１,35.970044,136.178029,2026-06-01,8.0
10855,旭川医科大学病院,北海道旭川市緑が丘東２条１丁目１番１号,43.7762654,142.3698175,exact_name_pref_municipality_address,hospital,0111010002130,旭川医科大学病院,北海道旭川市緑が丘東２条１丁目１番１号,43.729967,142.384425,2026-06-01,5280.2
10856,青森市民病院,青森県青森市勝田１－１４－２０,40.8157914,140.7546649,name_municipality_only,hospital,0210210000006,青森市民病院,青森県青森市勝田一丁目１４番２０号,40.816334,140.754778,2026-06-01,
10857,独立行政法人国立病院機構千葉医療センター,千葉県千葉市中央区椿森4－1－2,35.6216157,140.1216399,name_municipality_only,hospital,1211205412700,独立行政法人国立病院機構　千葉医療センター,千葉県千葉市中央区椿森４丁目１－２,35.621623,140.121647,2026-06-01,
10859,東京女子医科大学病院,東京都新宿区河田町８番１号,35.6975924,139.7203688,exact_name_pref_municipality_address,hospital,1311130800410,東京女子医科大学病院,東京都新宿区河田町８番１号,35.697169,139.720266,2026-06-01,48.0
10860,伊那中央病院,長野県伊那市小四郎久保1313番地1,35.8559043,137.9546805,name_municipality_only,hospital,2011205601980,伊那中央病院,長野県伊那市小四郎久保１３１３－１,35.855811,137.955095,2026-06-01,
10861,兵庫県立淡路医療センター,兵庫県洲本市塩屋１丁目１－１３７,34.3469915,134.8957461,exact_name_pref_municipality_address,hospital,2811280003440,兵庫県立淡路医療センター,兵庫県洲本市塩屋１丁目１－１３７,34.347395,134.877202,2026-06-01,1703.1
10862,総合病院 浦河赤十字病院,北海道浦河郡浦河町東町ちのみ１丁目２番１号,42.1592042,142.7878339,exact_name_pref_municipality_address,hospital,0111010004500,総合病院浦河赤十字病院,北海道浦河郡浦河町東町ちのみ１丁目２番１号,42.159864,142.788075,2026-06-01,76.0
10863,康心会汐見台病院,神奈川県横浜市磯子区汐見台1-6-5,35.4014022,139.6078907,exact_name_pref_municipality_address,hospital,1411405309800,康心会汐見台病院,神奈川県横浜市磯子区汐見台１－６－５,35.401363,139.607761,2026-06-01,12.5
10865,"独立行政法人労働者健康安全機構
大阪労災病院",大阪府堺市北区長曽根町１１７９番地３,34.567424,135.5098982,name_municipality_only,hospital,2711270004650,独立行政法人労働者健康安全機構　大阪労災病院,大阪府堺市北区長曽根町１１７９－３,34.567828,135.507918,2026-06-01,
10866,長野県厚生農業協同組合連合会 北信総合病院,長野県中野市西１丁目５番６３号,36.7467885,138.3657172,exact_name_pref_municipality_address,hospital,2011206500110,長野県厚生農業協同組合連合会北信総合病院,長野県中野市西１丁目５番６３号,36.746414,138.365996,2026-06-01,48.5
10869,岡崎市民病院,愛知県岡崎市高隆寺町字五所合3番地１,34.9492727,137.2039461,exact_name_pref_municipality_address,hospital,2311232700020,岡崎市民病院,愛知県岡崎市高隆寺町字五所合３番地１,34.949871,137.203926,2026-06-01,66.6
10870,北見赤十字病院,北海道北見市北６条東２丁目１番地,43.8086509,143.8934309,exact_name_pref_municipality_address,hospital,0111010005000,北見赤十字病院,北海道北見市北６条東２丁目１番地,43.808402,143.894573,2026-06-01,95.7
10871,伊勢崎市民病院,群馬県伊勢崎市連取本町１２ー１,36.3232793,139.1784457,exact_name_pref_municipality_address,hospital,1011100000095,伊勢崎市民病院,群馬県伊勢崎市連取本町１２ー１,36.323301,139.178443,2026-06-01,2.4
10872,岩手県立 中央病院,岩手県盛岡市上田１丁目４－１,39.7135008,141.1461495,name_municipality_only,hospital,03103100050,岩手県立中央病院,岩手県盛岡市上田一丁目４ー１,39.713433,141.145816,2026-06-01,
10873,岩手県立 磐井病院,岩手県一関市孤禅寺字大平１７番地,38.9360741,141.1699245,name_municipality_only,hospital,03103100046,岩手県立磐井病院,岩手県一関市狐禅寺字大平１７番地,38.935398,141.169367,2026-06-01,
10874,岩手県立宮古病院,岩手県宮古市崎鍬ヶ崎第1地割11番地26,39.6585701,141.948989,name_municipality_only,hospital,03103100105,岩手県立宮古病院,岩手県宮古市崎鍬ケ崎第１地割１１番地２６,39.658752,141.948477,2026-06-01,
10875,千葉市立 海浜病院,千葉県千葉市美浜区磯辺３－３１－１,35.6279188,140.0513727,exact_name_pref_municipality_address,hospital,1211205413500,千葉市立海浜病院,千葉県千葉市美浜区磯辺３－３１－１,35.628024,140.051516,2026-06-01,17.5
10876,川崎市立多摩病院,神奈川県川崎市多摩区宿河原1-30-37,35.61976,139.5725521,exact_name_pref_municipality_address,hospital,1411409063500,川崎市立多摩病院,神奈川県川崎市多摩区宿河原１－３０－３７,35.619725,139.572701,2026-06-01,14.0
10877,豊橋市民病院,愛知県豊橋市青竹町字八間西５０番地,34.7612438,137.3489799,exact_name_pref_municipality_visible_address_prefix_type_consistent,hospital,2311232600150,豊橋市民病院,愛知県豊橋市青竹町字八間西５０,34.761116,137.348395,2026-06-01,55.3
10878,春日井市民病院,愛知県春日井市鷹来町1-1-1,35.2715545,136.9698228,exact_name_pref_municipality_address,hospital,2311230500030,春日井市民病院,愛知県春日井市鷹来町１－１－１,35.271833,136.969347,2026-06-01,53.1
10879,新潟県厚生農業協同組合連合会佐渡総合病院,新潟県佐渡市千種１６１番地,38.0196172,138.3667061,exact_name_pref_municipality_address,hospital,151BYSDX00002,新潟県厚生農業協同組合連合会佐渡総合病院,新潟県佐渡市千種１６１番地,38.019617,138.366706,2026-06-01,0.0
10880,総合病院中津川市民病院,岐阜県中津川市駒場1522番地1,35.4895681,137.4796722,name_municipality_only,hospital,2111601000132,総合病院中津川市民病院,岐阜県中津川市駒場１５２２番地の１,35.489445,137.479523,2026-06-01,
10882,埼玉協同病院,埼玉県川口市木曽呂１３１７,35.8598982,139.7169079,exact_name_pref_municipality_address,hospital,1111100017100,埼玉協同病院,埼玉県川口市木曽呂１３１７,35.860163,139.716061,2026-06-01,81.8
10885,医療法人社団ファーティル　みやけウィメンズクリニック,千葉県千葉市緑区おゆみ野中央１−１８−５,35.5603227,140.1600489,exact_name_pref_municipality_address,clinic,1221221015300,医療法人社団ファーティル　みやけウィメンズクリニック,千葉県千葉市緑区おゆみ野中央１−１８−５,35.560292,140.16008,2026-06-01,4.4
10888,ワキタ産婦人科,神奈川県横浜市青葉区藤が丘２ー６ー１,35.5470926,139.525654,exact_name_pref_municipality_visible_address_prefix_type_consistent,clinic,1421407087100,ワキタ産婦人科,神奈川県横浜市青葉区藤が丘,35.54281,139.526994,2026-06-01,491.4
10889,新クリニック,東京都八王子市台町2-16-8,35.6518204,139.3196874,exact_name_pref_municipality_address,clinic,1322137300050,新クリニック,東京都八王子市台町２－１６－８,35.651833,139.319607,2026-06-01,7.4
10890,後藤産婦人科医院,神奈川県横須賀市上町３－１２,35.2717296,139.6716322,exact_name_pref_municipality_address,clinic,1421409564500,後藤産婦人科医院,神奈川県横須賀市上町３－１２,35.271459,139.671692,2026-06-01,30.6
10893,医療法人社団聖マリア吉祥会　石原レディースクリニック,東京都昭島市昭和町３－１８－２１,35.7097759,139.3678421,exact_name_pref_municipality_address,clinic,1322139212550,医療法人社団聖マリア吉祥会　石原レディースクリニック,東京都昭島市昭和町３－１８－２１,35.709634,139.367961,2026-06-01,19.1
10894,医療法人五秀会末永産婦人科・麻酔科医院,福岡県北九州市門司区港町６番１５号,33.9454941,130.9632825,exact_name_pref_municipality_address,clinic,4022400031820,医療法人五秀会　末永産婦人科・麻酔科医院,福岡県北九州市門司区港町６番１５号,33.945483,130.963237,2026-06-01,4.4
10895,村岡産婦人科医院,福島県いわき市小名浜岡小名4-7-1,36.9620548,140.9104414,name_municipality_only,clinic,0720720001429,村岡産婦人科医院,福島県いわき市小名浜岡小名四丁目７－１,36.962053,140.910428,2026-06-01,
10896,湘南鵠沼産婦人科,神奈川県藤沢市鵠沼藤が谷１－７－１０,35.3253413,139.486681,exact_name_pref_municipality_address,clinic,1421421869000,湘南鵠沼産婦人科,神奈川県藤沢市鵠沼藤が谷１－７－１０,35.325313,139.486707,2026-06-01,3.9
10897,荒川レディースクリニック,新潟県新潟市西蒲区巻甲4670番地,37.7601529,138.8961062,exact_name_pref_municipality_address,clinic,152SINCX00579,荒川レディースクリニック,新潟県新潟市西蒲区巻甲４６７０番地,37.760195,138.896108,2026-06-01,4.7
10899,医療法人社団順桜会　桜台マタニティクリニック,東京都練馬区桜台４－３２－８,35.7415607,139.6613888,exact_name_pref_municipality_address,clinic,1322136519320,医療法人社団順桜会　桜台マタニティクリニック,東京都練馬区桜台４－３２－８,35.741496,139.661547,2026-06-01,16.0
10900,岩宿クリニック,群馬県みどり市笠懸町阿左美１５０６－３,36.3956062,139.2943735,exact_name_pref_municipality_visible_address_prefix_type_consistent,clinic,1022100001885,岩宿クリニック,群馬県みどり市笠懸町阿左美,36.395566,139.294427,2026-06-01,6.6
10901,医療法人神岡産婦人科医院　ヒルズレディースクリニック,群馬県前橋市総社町総社３６０７,36.3929039,139.0369587,exact_name_pref_municipality_address,clinic,1022100000183,医療法人神岡産婦人科医院　ヒルズレディースクリニック,群馬県前橋市総社町総社３６０７,36.392933,139.036946,2026-06-01,3.4
10902,岡崎バースクリニック,福島県郡山市安積２－３３５,37.3589953,140.3641406,exact_name_pref_municipality_address,clinic,0720720001031,岡崎バースクリニック,福島県郡山市安積２－３３５,37.358962,140.364114,2026-06-01,4.4
10903,医療法人社団タマル産婦人科,兵庫県丹波篠山市東吹４０４番地１,35.0657237,135.1920282,exact_name_pref_municipality_address,clinic,2822280048310,医療法人社団タマル産婦人科,兵庫県丹波篠山市東吹４０４番地１,35.065768,135.192032,2026-06-01,4.9
10905,エフ．クリニック,青森県青森市浜田３丁目３－７,40.7989439,140.7506007,exact_name_pref_municipality_address,clinic,0220220000152,エフ．クリニック,青森県青森市浜田３丁目３－７,40.799086,140.75039,2026-06-01,23.8
10908,ソフィアクリニック,大分県大分市牧３丁目150番地,33.2413241,131.6442082,name_municipality_only,clinic,4421036400000,ソフィアクリニック,大分県大分市牧３－１５０,33.241397,131.643173,2026-06-01,
10913,医療法人　さとう産婦人科,福岡県小郡市津古１２１０,33.4484596,130.5588305,exact_name_pref_municipality_address,clinic,4022400018280,医療法人　さとう産婦人科,福岡県小郡市津古１２１０,33.448459,130.55883,2026-06-01,0.1
10914,さくらレディースクリニック田園町,鳥取県鳥取市田園町２－１５５,35.511363,134.2253181,name_municipality_only,clinic,312CE010116,さくらレディースクリニック田園町,鳥取県鳥取市田園町２丁目１５５番地,35.511365,134.225284,2026-06-01,
10915,おとぎの森レディースクリニック,富山県高岡市佐野１３１６－１,36.725698,137.0017145,exact_name_pref_municipality_address,clinic,1622160213462,おとぎの森レディースクリニック,富山県高岡市佐野１３１６－１,36.725758,137.001667,2026-06-01,7.9
10916,サンマタニティクリニック,神奈川県横浜市磯子区洋光台６－１－１０,35.3722567,139.5986295,exact_name_pref_municipality_address,clinic,1421405374800,サンマタニティクリニック,神奈川県横浜市磯子区洋光台６－１－１０,35.37293,139.598202,2026-06-01,84.3
10918,医療法人聖和会　池田産婦人科クリニック,秋田県湯沢市両神１４２－３,39.1736015,140.4757073,exact_name_pref_municipality_address,clinic,0522050900050,医療法人聖和会　池田産婦人科クリニック,秋田県湯沢市両神１４２－３,39.173598,140.47569,2026-06-01,1.5
10919,木野産婦人科医院,埼玉県さいたま市北区宮原町１－３３１－１,35.9362724,139.6202393,exact_name_pref_municipality_address,clinic,1121103947700,木野産婦人科医院,埼玉県さいたま市北区宮原町１－３３１－１,35.936262,139.620193,2026-06-01,4.3
10920,とくなが女性クリニック,新潟県新潟市中央区長潟８３７番地１,37.8856549,139.0716397,exact_name_pref_municipality_address,clinic,152SINCX00223,とくなが女性クリニック,新潟県新潟市中央区長潟８３７番地１,37.885654,139.071639,2026-06-01,0.1
10923,医療法人濵口産婦人科クリニック,福岡県北九州市小倉北区清水２－１４－２０,33.8729374,130.8607366,name_municipality_only,clinic,4022400033470,医療法人　濵口産婦人科クリニック,福岡県北九州市小倉北区清水二丁目１４番２０号,33.87285,130.860744,2026-06-01,
10924,医療法人　愛生会　山中産婦人科医院,宮崎県延岡市船倉町１ー２ー２,32.582892,131.6696905,exact_name_pref_municipality_address,clinic,4522450309780,医療法人　愛生会　山中産婦人科医院,宮崎県延岡市船倉町１ー２ー２,32.582956,131.66969,2026-06-01,7.1
10925,にしさこレディースクリニック,神奈川県相模原市緑区原宿南２－３９－７,35.5958038,139.3088761,exact_name_pref_municipality_address,clinic,1421410901800,にしさこレディースクリニック,神奈川県相模原市緑区原宿南２－３９－７,35.595698,139.308918,2026-06-01,12.4
10926,まつお産科・婦人科クリニック,長崎県長崎市石神町１－１９,32.7832021,129.8711994,name_municipality_only,clinic,422cna0464,まつお産科・婦人科クリニック,長崎県長崎市石神町１番１９号,32.783199,129.871191,2026-06-01,
10927,産科婦人科上野レディスクリニック,愛知県名古屋市北区大曽根１－２９－３３,35.1920344,136.9292339,exact_name_pref_municipality_address,clinic,2322232401950,産科婦人科上野レディスクリニック,愛知県名古屋市北区大曽根１－２９－３３,35.192063,136.929215,2026-06-01,3.6
10928,産婦人科吉田クリニック,神奈川県藤沢市大庭５０６１－４,35.3588943,139.4449229,exact_name_pref_municipality_visible_address_prefix_type_consistent,clinic,1421410320600,産婦人科吉田クリニック,神奈川県藤沢市大庭,35.358873,139.444962,2026-06-01,4.3
10929,ピュアレディースクリニック,静岡県浜松市中央区志都呂２丁目１２番７号,34.6979913,137.6505358,exact_name_pref_municipality_address,clinic,2222223373060,ピュアレディースクリニック,静岡県浜松市中央区志都呂２丁目１２番７号,34.698014,137.650539,2026-06-01,2.5
10930,いびレディースクリニック,岐阜県揖斐郡揖斐川町三輪719-1,35.4865931,136.5764782,exact_name_pref_municipality_address,clinic,2121642002107,いびレディースクリニック,岐阜県揖斐郡揖斐川町三輪７１９ー１,35.486697,136.576548,2026-06-01,13.2
10931,等々力産婦人科,東京都世田谷区等々力７－３－２０,35.6138186,139.6552679,exact_name_pref_municipality_address,clinic,1322132700141,等々力産婦人科,東京都世田谷区等々力７－３－２０,35.613343,139.655608,2026-06-01,61.2
10932,市原産婦人科医院,熊本県上益城郡益城町惣領１４８７,32.7835223,130.8016172,exact_name_pref_municipality_address,clinic,432243570258,市原産婦人科医院,熊本県上益城郡益城町惣領１４８７,32.78392,130.801469,2026-06-01,46.3
10935,いちごレディースクリニック,山形県酒田市ゆたか２－７－４,38.9372777,139.8445415,name_municipality_only,clinic,062206621699,いちごレディースクリニック,山形県酒田市ゆたか２丁目７−４,38.937283,139.844547,2026-06-01,
10936,医療法人社団　佐野産婦人科,千葉県市川市福栄1－19－5,35.674644,139.9078497,exact_name_pref_municipality_visible_address_prefix_type_consistent,clinic,1221228395900,医療法人社団佐野産婦人科,千葉県市川市福栄,35.67465,139.907693,2026-06-01,14.2
10937,産科婦人科ばらのいずみクリニック,愛媛県松山市和泉南一丁目7番10号,33.8175858,132.7644491,exact_name_pref_municipality_address,clinic,3822388314522,産科婦人科　ばらのいずみクリニック,愛媛県松山市和泉南一丁目７番１０号,33.817818,132.764284,2026-06-01,30.0
10938,医療法人　伸和會　野崎クリニック,愛知県名古屋市中川区大当郎１-１９０３,35.132453,136.8340063,exact_name_pref_municipality_address,clinic,2322232304330,医療法人伸和會　野崎クリニック,愛知県名古屋市中川区大当郎１－１９０３,35.132467,136.834005,2026-06-01,1.6
10941,ウィメンズクリニック　グリーンヒル,熊本県熊本市東区戸島西３－１－１００,32.8133924,130.7822302,exact_name_pref_municipality_address,clinic,432243331899,ウィメンズクリニックグリーンヒル,熊本県熊本市東区戸島西３ー１ー１００,32.813314,130.782242,2026-06-01,8.8
10942,内野産婦人科,佐賀県佐賀市水ケ江２丁目４番２号,33.2506138,130.3071135,exact_name_pref_municipality_address,clinic,4122415904940,内野産婦人科,佐賀県佐賀市水ケ江２丁目４番２号,33.250522,130.307151,2026-06-01,10.8
10946,医療法人荒牧産婦人科医院,福岡県北九州市八幡西区本城東5丁目５－３,33.8730524,130.7301572,name_municipality_only,clinic,4022400029760,医療法人　荒牧産婦人科医院,福岡県北九州市八幡西区本城東５丁目５番３号,33.873014,130.730093,2026-06-01,
10947,北村医院,神奈川県川崎市中原区木月2-14-6,35.562403,139.6551789,exact_name_pref_municipality_address,clinic,1421408355800,北村医院,神奈川県川崎市中原区木月２－１４－６,35.562427,139.655205,2026-06-01,3.6
10948,医療法人いちかわクリニック,福島県福島市南矢野目字鼓田６－１,37.7851131,140.4671756,exact_name_pref_municipality_address,clinic,0720720000168,医療法人いちかわクリニック,福島県福島市南矢野目字鼓田６－１,37.785211,140.467067,2026-06-01,14.5
10949,医療法人社団東壽会東峯婦人クリニック,東京都江東区木場５－３－１０,35.6690342,139.8081455,exact_name_pref_municipality_visible_address_prefix_type_consistent,clinic,1322136810900,医療法人社団東壽会　東峯婦人クリニック,東京都江東区木場５－３－１０　東寿会ビル本館,35.669146,139.807927,2026-06-01,23.3
10952,さくら産婦人科医院,大分県臼杵市大字野田２７８番地,33.108801,131.778046,exact_name_pref_municipality_address,clinic,4421089000000,さくら産婦人科医院,大分県臼杵市大字野田２７８番地,33.108421,131.777251,2026-06-01,85.3
10954,中村レディスクリニック,埼玉県羽生市中岩瀬612,36.1636889,139.5255905,exact_name_pref_municipality_visible_address_prefix_type_consistent,clinic,1121102945500,中村レディスクリニック,埼玉県羽生市中岩瀬,36.163677,139.525613,2026-06-01,2.4
10956,清水産婦人科医院,長野県長野市川中島町原９０８－１,36.5821634,138.1536228,exact_name_pref_municipality_address,clinic,2022203110560,清水産婦人科医院,長野県長野市川中島町原９０８－１,36.582177,138.153633,2026-06-01,1.8
10957,ゆしまウィメンズクリニック,東京都あきる野市牛沼131-3,35.7218409,139.2877833,exact_name_pref_municipality_address,clinic,1322138907400,ゆしまウィメンズクリニック,東京都あきる野市牛沼１３１－３,35.728935,139.274579,2026-06-01,1429.3
10961,かんすいこうえんレディースクリニック,富山県富山市下新町18-3,36.7126771,137.2133468,exact_name_pref_municipality_address,clinic,1622163000284,かんすいこうえんレディースクリニック,富山県富山市下新町１８－３,36.712735,137.2134,2026-06-01,8.0
10964,わかば・産婦人科,兵庫県小野市敷地町１５００－５,34.85879,134.933857,exact_name_pref_municipality_address,clinic,2822280042720,わかば・産婦人科,兵庫県小野市敷地町１５００－５,34.858758,134.933841,2026-06-01,3.8
10968,産婦人科南ヶ丘クリニック,佐賀県伊万里市立花町２２９４ー３,33.260021,129.886557,exact_name_pref_municipality_visible_address_prefix_type_consistent,clinic,4122415607300,産婦人科　南ヶ丘クリニック,佐賀県伊万里市立花町,33.259097,129.886661,2026-06-01,103.2
10969,島岡医院,京都府京都市,,,name_municipality_only,clinic,2622620000315,島岡医院,京都府京都市南区唐橋平垣町６８,34.980759,135.735741,2026-06-01,
10970,吉野産婦人科医院,島根県出雲市斐川町上直江３０９１,35.3830854,132.8086143,exact_name_pref_municipality_address,clinic,3222325419080,吉野産婦人科医院,島根県出雲市斐川町上直江３０９１,35.383085,132.808516,2026-06-01,8.9
10971,産科婦人科すがのウィメンズクリニック,大分県佐伯市鶴岡西町二丁目１１３番地,32.9601763,131.8699515,exact_name_pref_municipality_address,clinic,4421087400000,産科婦人科すがのウィメンズクリニック,大分県佐伯市鶴岡西町二丁目１１３番地,32.96021,131.869873,2026-06-01,8.2
10972,かわばた産婦人科,愛媛県大洲市東大洲２３０－２,33.516918,132.5577554,name_municipality_only,clinic,3822385910480,かわばた産婦人科,愛媛県大洲市東大洲２３０番地２,33.517106,132.557878,2026-06-01,
10973,彩都レディースクリニック,埼玉県春日部市大枝366,35.9387094,139.7749126,exact_name_pref_municipality_address,clinic,1121103085200,彩都レディースクリニック,埼玉県春日部市大枝３６６,35.938722,139.774903,2026-06-01,1.6
10975,医療法人イワサクリニック,大阪府枚方市香里園町９－２２,34.7856832,135.6325862,exact_name_pref_municipality_address,clinic,2722270054590,医療法人イワサクリニック,大阪府枚方市香里園町９－２２,34.785668,135.632509,2026-06-01,7.2
10976,奥村マタニティクリニック,和歌山県橋本市東家4丁目18-13,34.3154351,135.6101215,exact_name_pref_municipality_address,clinic,3022127500000,奥村マタニティクリニック,和歌山県橋本市東家４丁目１８－１３,34.315383,135.610199,2026-06-01,9.2
10980,いこまともみレディースクリニック産科分院,石川県白山市北安田西２丁目１６４番地,36.5207264,136.546599,exact_name_pref_municipality_address,clinic,172798,いこまともみレディースクリニック産科分院,石川県白山市北安田西２丁目１６４番地,36.520726,136.546599,2026-06-01,0.0
10982,医療法人社団　日の浦会　佐々木産婦人科,広島県広島市東区戸坂千足2丁目９－２５,34.4371392,132.4861252,exact_name_pref_municipality_address,clinic,3422340682500,医療法人社団　日の浦会　佐々木産婦人科,広島県広島市東区戸坂千足２丁目９－２５,34.437107,132.486207,2026-06-01,8.3
10983,今井産婦人科内科クリニック,岩手県盛岡市下ノ橋町１ー５,39.6982679,141.1515299,exact_name_pref_municipality_address,clinic,03203200312,今井産婦人科内科クリニック,岩手県盛岡市下ノ橋町１ー５,39.698245,141.151519,2026-06-01,2.7
10984,千歳産婦人科医院,青森県青森市長島３―１２―６,40.8197693,140.7419855,exact_name_pref_municipality_address,clinic,0220220000161,千歳産婦人科医院,青森県青森市長島３－１２－６,40.819777,140.741917,2026-06-01,5.8
10986,みうらレディースクリニック,神奈川県茅ヶ崎市東海岸南4－11－41,35.3206718,139.4135757,exact_name_pref_municipality_address,clinic,1421423523400,みうらレディースクリニック,神奈川県茅ヶ崎市東海岸南４－１１－４１,35.320665,139.413614,2026-06-01,3.6
10990,医療法人恒心会　高橋レディスクリニック,栃木県宇都宮市東塙田１－５－１,36.5657935,139.889966,exact_name_pref_municipality_visible_address_prefix_type_consistent,clinic,0922090001708,医療法人恒心会　高橋レディスクリニック,栃木県宇都宮市東塙田,36.565887,139.889828,2026-06-01,16.1
10991,医療法人社団　白河産婦人科,広島県福山市旭町8ー3,34.4901644,133.3748836,exact_name_pref_municipality_address,clinic,3422340082650,医療法人社団　白河産婦人科,広島県福山市旭町８－３,34.490183,133.374848,2026-06-01,3.9
10994,医療法人　文生会　井元産婦人科医院,福井県越前市堀川町６－２５,35.8983709,136.1722984,exact_name_pref_municipality_address,clinic,1822180004210,医療法人　文生会　井元産婦人科医院,福井県越前市堀川町６－２５,35.89845,136.172264,2026-06-01,9.3
10995,横須賀マタニティクリニック,神奈川県横須賀市衣笠町３－１,35.2431066,139.6632831,exact_name_pref_municipality_address,clinic,1421420808300,横須賀マタニティクリニック,神奈川県横須賀市衣笠町３－１,35.243078,139.663313,2026-06-01,4.2
10997,くりやまレディースクリニック,大分県杵築市大字杵築861番地12,33.4222463,131.6164586,name_municipality_only,clinic,4421098100000,くりやまレディースクリニック,大分県杵築市杵築８６１番地１２,33.41601,131.62218,2026-06-01,
10998,クリニックベル,愛知県瀬戸市北浦町３丁目１６番地,35.2203966,137.0730533,exact_name_pref_municipality_address,clinic,2322230300640,クリニックベル,愛知県瀬戸市北浦町３丁目１６番地,35.220229,137.072924,2026-06-01,22.0
11000,中澤ウィメンズライフクリニック,長野県長野市若里６－３－６,36.6286289,138.1947697,exact_name_pref_municipality_address,clinic,2022203113330,中澤ウィメンズライフクリニック,長野県長野市若里６－３－６,36.628617,138.194738,2026-06-01,3.1
11003,三浦産婦人科,長崎県西彼杵郡時津町野田郷２５番地１,32.8269117,129.847503,name_municipality_only,clinic,422cni0040,三浦産婦人科,長崎県西彼杵郡時津町野田郷２５－１,32.826911,129.847503,2026-06-01,
11004,さとうウィメンズクリニック,山形県天童市南小畑４−１−１,38.3511848,140.3665323,exact_name_pref_municipality_visible_address_prefix_type_consistent,clinic,062206531887,さとうウィメンズクリニック,山形県天童市南小畑,38.351357,140.36637,2026-06-01,23.8
11005,医療法人内山産婦人科医院,佐賀県伊万里市東山代町長浜１２５０,33.2794311,129.846258,exact_name_pref_municipality_address,clinic,4122415600200,医療法人内山産婦人科医院,佐賀県伊万里市東山代町長浜１２５０,33.279899,129.844859,2026-06-01,140.1
11006,医療法人社団俊生会阿部産婦人科,東京都東大和市中央２丁目１０４３－１４,35.7444843,139.4294471,name_municipality_only,clinic,1322139215740,医療法人社団俊生会　阿部産婦人科,東京都東大和市中央２－１０４３－１４,35.743937,139.429816,2026-06-01,
11007,医療法人　長田産婦人科クリニック,山梨県甲府市相生２－１－７,35.6571452,138.5701957,exact_name_pref_municipality_address,clinic,1922190000101,医療法人　長田産婦人科クリニック,山梨県甲府市相生２－１－７,35.657292,138.570363,2026-06-01,22.2
11008,作永産婦人科,千葉県茂原市高師町1-5-5,35.4290247,140.2996529,name_municipality_only,clinic,1221203760500,作永産婦人科,千葉県茂原市高師町１丁目５番地５,35.429014,140.299663,2026-06-01,
11009,医療法人社団なかしま産婦人科,富山県富山市町村２－７０,36.6810924,137.2585041,exact_name_pref_municipality_address,clinic,1622160117036,医療法人社団なかしま産婦人科,富山県富山市町村２－７０,36.681002,137.258278,2026-06-01,22.5
11010,医療法人仁徳会　渡辺産婦人科,宮崎県日向市大字平岩７１８番地,32.3686614,131.627057,exact_name_pref_municipality_address,clinic,4522450936290,医療法人仁徳会　渡辺産婦人科,宮崎県日向市大字平岩７１８番地,32.368661,131.627051,2026-06-01,0.6
11011,あさもとクリニック産婦人科,愛知県名古屋市昭和区菊園町四町目三十番地の一,35.1382681,136.9406665,name_municipality_only,clinic,2322232201610,あさもとクリニック産婦人科,愛知県名古屋市昭和区菊園町４−３０−１,35.138374,136.941189,2026-06-01,
11012,医療法人本原会産科婦人科本原クリニック,熊本県天草市古川町１０番２５号,32.4540927,130.1857635,name_municipality_only,clinic,432243630970,医療法人本原会　産科婦人科本原クリニック,熊本県天草市古川町１０ー２５,32.454104,130.18573,2026-06-01,
11013,高知ファミリークリニック,高知県高知市朝倉横町２３ー７ー１０,33.5445702,133.4929452,exact_name_pref_municipality_address,clinic,3922393110780,高知ファミリークリニック,高知県高知市朝倉横町２３ー７ー１０,33.544549,133.492983,2026-06-01,4.2
11015,池田医院,茨城県猿島郡境町２１７４－１００,36.1084158,139.7950318,name_municipality_only,clinic,082208650924,池田医院,茨城県猿島郡境町境町２１７４－１００,36.110833,139.799167,2026-06-01,
11016,医療法人社団慶水会　前田産婦人科,神奈川県平塚市松風町１６－１６,35.3224796,139.350007,name_municipality_only,clinic,1421400058000,医療法人社団慶水会前田産婦人科,神奈川県平塚市松風町１３－３７,35.320798,139.350844,2026-06-01,
11017,医療法人社団　益子産婦人科医院,兵庫県神戸市須磨区戎町３丁目５－１５,34.6589152,135.135006,exact_name_pref_municipality_address,clinic,2822280007700,医療法人社団　益子産婦人科医院,兵庫県神戸市須磨区戎町３丁目５－１５,34.65895,135.134972,2026-06-01,5.0
11018,医療法人宮原レディースクリニック,大分県日田市大字十二町258番地１,33.3197602,130.923063,name_municipality_only,clinic,4421076700000,医療法人　宮原レディースクリニック,大分県日田市玉川町,33.319793,130.922992,2026-06-01,
11019,医療法人博優会　庄野真由美レディースクリニック,佐賀県佐賀市兵庫北２丁目３０番２６号,33.2719475,130.308025,name_municipality_only,clinic,4122415912570,医療法人博優会　庄野真由美レディースクリニック,佐賀県佐賀市兵庫北２丁目３０－２６,33.272825,130.307928,2026-06-01,
11021,医療法人善淳会　小川産婦人科・小児科,埼玉県坂戸市南町２４－１５,35.953901,139.3972611,exact_name_pref_municipality_address,clinic,1121103622200,医療法人善淳会　小川産婦人科・小児科,埼玉県坂戸市南町２４－１５,35.953911,139.397261,2026-06-01,1.1
11023,医療法人　双葉会　ふたばクリニック,愛知県半田市吉田町６ー８２,34.8912373,136.8942145,exact_name_pref_municipality_address,clinic,2322231000370,医療法人　双葉会　ふたばクリニック,愛知県半田市吉田町６ー８２,34.891206,136.894149,2026-06-01,6.9
11024,森永産婦人科,愛知県春日井市八事町３－４６,35.2443247,136.9797745,exact_name_pref_municipality_address,clinic,2322230502180,森永産婦人科,愛知県春日井市八事町３－４６,35.244324,136.979774,2026-06-01,0.1
11025,医療法人實生会池田産婦人科,佐賀県佐賀市諸富町諸富津４３１ー４,33.2239118,130.361305,exact_name_pref_municipality_address,clinic,4122415118040,医療法人實生会池田産婦人科,佐賀県佐賀市諸富町諸富津４３１ー４,33.223887,130.361258,2026-06-01,5.2
11026,平野マタニティクリニック,兵庫県宝塚市山本東3-14-5,34.8193756,135.3897601,name_municipality_only,clinic,2822280032570,平野マタニティクリニック,兵庫県宝塚市山本東３丁目１４－５,34.819298,135.389666,2026-06-01,
11028,医療法人社団わかば会そらレディースクリニック,福岡県福岡市東区和白丘2-2-45,33.692978,130.433527,name_municipality_only,clinic,4022400000380,医療法人社団わかば会　そらレディースクリニック,福岡県福岡市東区和白丘２丁目２番４５号,33.69289,130.433459,2026-06-01,
11029,大正病院附属産婦人科クリニック,大阪府大阪市大正区三軒家東4-6-8,34.661478,135.4766007,exact_name_pref_municipality_address,clinic,2722270126200,大正病院附属産婦人科クリニック,大阪府大阪市大正区三軒家東４－６－８,34.6614,135.4765,2026-06-01,12.7
11030,はまだ産婦人科,和歌山県和歌山市島２３０－２,34.2570968,135.2528605,exact_name_pref_municipality_address,clinic,3022101700000,はまだ産婦人科,和歌山県和歌山市島２３０－２,34.257106,135.252842,2026-06-01,2.0
11031,産婦人科　水野クリニック,愛知県名古屋市瑞穂区牧町２丁目１１番地,35.1275808,136.9341167,name_municipality_only,clinic,2322232203390,産婦人科水野クリニック,愛知県名古屋市瑞穂区牧町２－１１,35.12757,136.934162,2026-06-01,
11034,アイレディースクリニック,千葉県野田市尾崎1464-1,35.9897041,139.8313888,exact_name_pref_municipality_address,clinic,1221220247900,アイレディースクリニック,千葉県野田市尾崎１４６４－１,35.989732,139.831415,2026-06-01,3.9
11035,上田レディースクリニック,新潟県上越市大豆１－１１－１１,37.1503074,138.2262731,exact_name_pref_municipality_address,clinic,152SIJTX00082,上田レディースクリニック,新潟県上越市大豆１－１１－１１,37.150317,138.226264,2026-06-01,1.3
11036,菅クリニック,山形県東根市三日町４丁目,38.4429541,140.3958917,exact_name_pref_municipality_visible_address_prefix_type_consistent,clinic,062206530200,菅クリニック,山形県東根市三日町４丁目１番３０号,38.443453,140.395576,2026-06-01,61.9
11040,いしかわレディースクリニック,静岡県藤枝市平島７０番地の1,34.8741617,138.2796012,name_municipality_only,clinic,2222227206690,いしかわレディースクリニック,静岡県藤枝市平島７０－１,34.874256,138.27959,2026-06-01,
11041,医療法人　立野レディースクリニック,福岡県行橋市中央１丁目　１２　１２,33.727122,130.9777362,exact_name_pref_municipality_visible_address_prefix_type_consistent,clinic,4022400030650,医療法人　立野レディースクリニック,福岡県行橋市中央,33.727105,130.977714,2026-06-01,2.8
11042,平井産婦人科医院,長崎県北松浦郡佐々町羽須和免７８０番地５,33.2347008,129.6513931,exact_name_pref_municipality_address,clinic,422cki0058,平井産婦人科医院,長崎県北松浦郡佐々町羽須和免７８０番地５,33.234663,129.651393,2026-06-01,4.2
11043,医療法人橘井会　江川産婦人科医院,大阪府茨木市総持寺2丁目1-5,34.8287797,135.5854993,name_municipality_only,clinic,2722270044480,医療法人橘井会　江川産婦人科医院,大阪府茨木市総持寺２丁目１番５号,34.828718,135.585455,2026-06-01,
11044,産科婦人科吉田医院,岩手県盛岡市若園町１０番４号,39.7023543,141.159805,exact_name_pref_municipality_address,clinic,03203200018,産科婦人科吉田医院,岩手県盛岡市若園町１０番４号,39.702344,141.159841,2026-06-01,3.3
11045,メディカルパーク湘南,神奈川県藤沢市湘南台１－１４－３,35.3954543,139.4677522,exact_name_pref_municipality_address,clinic,1421428265800,メディカルパーク湘南,神奈川県藤沢市湘南台１－１４－３,35.395439,139.467781,2026-06-01,3.1
11047,エンゼルレディースクリニック,愛知県小牧市中央二丁目２２番地,35.2917493,136.9312256,exact_name_pref_municipality_address,clinic,2322230600460,エンゼルレディースクリニック,愛知県小牧市中央二丁目２２番地,35.29175,136.931209,2026-06-01,1.5
11049,医療法人　平針北クリニック,愛知県日進市赤池町屋下３０６－２,35.1256104,137.0077345,exact_name_pref_municipality_address,clinic,2322230401770,医療法人　平針北クリニック,愛知県日進市赤池町屋下３０６－２,35.12561,137.007734,2026-06-01,0.1
11052,医療法人　碧会　ヤナセクリニック,三重県津市乙部５番３号,34.717131,136.5163264,name_municipality_only,clinic,2422240002530,医療法人　碧会　ヤナセクリニック,三重県津市乙部５－３　フェニックスメディカルセンタービル２Ｆ,34.717186,136.516327,2026-06-01,
11053,医療法人廣仁会 直原ウィメンズクリニック,大阪府豊中市新千里南町２－１１－１,34.7982393,135.4924809,exact_name_pref_municipality_address,clinic,2722270035570,医療法人　廣仁会　直原ウィメンズクリニック,大阪府豊中市新千里南町２－１１－１,34.798247,135.492492,2026-06-01,1.3
11054,医療法人　大神会　佐藤レディースクリニック,大分県宇佐市大字上田１０６０番地の２,33.5346869,131.3493242,exact_name_pref_municipality_address,clinic,4421102500000,医療法人　大神会　佐藤レディースクリニック,大分県宇佐市大字上田１０６０番地の２,33.534686,131.349324,2026-06-01,0.1
11055,エルム女性クリニック,青森県五所川原市中央４丁目93番,40.7972365,140.4516775,name_municipality_only,clinic,0220220001124,エルム女性クリニック,青森県五所川原市中央四丁目９３番地,40.797136,140.451692,2026-06-01,
11057,医療法人社団　伊藤産婦人科,群馬県太田市飯田町９６０,36.2904989,139.3775271,exact_name_pref_municipality_address,clinic,1022100001357,医療法人社団　伊藤産婦人科,群馬県太田市飯田町９６０,36.290508,139.3775,2026-06-01,2.6
11058,藤盛医院,青森県弘前市品川町２７−１,40.5966774,140.475247,exact_name_pref_municipality_address,clinic,0220220000411,藤盛医院,青森県弘前市品川町２７－１,40.596685,140.475227,2026-06-01,1.9
11059,医療法人　神谷産婦人科医院,大阪府門真市本町２５番８号,34.7349931,135.5786096,exact_name_pref_municipality_address,clinic,2722270050850,医療法人　神谷産婦人科医院,大阪府門真市本町２５番８号,34.735005,135.578599,2026-06-01,1.6
11061,メディカルパーク入間,埼玉県入間市久保稲荷１－２９－３,35.8273106,139.3927281,exact_name_pref_municipality_visible_address_prefix_type_consistent,clinic,1121121353100,メディカルパーク入間,埼玉県入間市久保稲荷,35.827397,139.392728,2026-06-01,9.6
11062,かすがいマタニティクリニック,愛知県春日井市前並町字東屋敷１０３番地,35.2612733,136.9472617,exact_name_pref_municipality_address,clinic,2322230502610,かすがいマタニティクリニック,愛知県春日井市前並町字東屋敷１０３番地,35.261253,136.947228,2026-06-01,3.8
11063,岡山愛育クリニック,岡山県岡山市中区倉田５０８－８,34.630648,133.958175,exact_name_pref_municipality_address,clinic,3322330012880,岡山愛育クリニック,岡山県岡山市中区倉田５０８－８,34.630466,133.958281,2026-06-01,22.4
11064,医療法人　徳洲会　五輪橋マタニティクリニック,北海道札幌市南区南39条西11丁目1-30,43.0052229,141.3423117,exact_name_pref_municipality_address,hospital,0111010001700,医療法人　徳洲会　五輪橋マタニティクリニック,北海道札幌市南区南３９条西１１丁目１－３０,43.005415,141.342489,2026-06-01,25.8
11065,医療法人　桂川レディースクリニック,滋賀県大津市御殿浜２１－８,34.988545,135.8969691,exact_name_pref_municipality_address,clinic,2522250002100,医療法人　桂川レディースクリニック,滋賀県大津市御殿浜２１－８,34.988628,135.896869,2026-06-01,13.0
11068,本多レディースクリニック,新潟県新潟市東区中野山891番地１,37.8943869,139.1073096,exact_name_pref_municipality_address,clinic,152SINCX00114,本多レディースクリニック,新潟県新潟市東区中野山８９１番地１,37.894386,139.107309,2026-06-01,0.1
11069,代田産婦人科,神奈川県座間市相武台１－２０－２１,35.5037183,139.4112655,exact_name_pref_municipality_address,clinic,1421401359200,代田産婦人科,神奈川県座間市相武台１－２０－２１,35.503701,139.411286,2026-06-01,2.7
11070,宗田マタニティクリニック,千葉県市原市根田３２０－７,35.5054306,140.1066525,exact_name_pref_municipality_address,clinic,1221204666300,宗田マタニティクリニック,千葉県市原市根田３２０－７,35.505413,140.10667,2026-06-01,2.5
11072,医療法人社団ＳＪＳ　金子レディースクリニック,東京都調布市調布ケ丘３－１９－１３,35.657069,139.551628,exact_name_pref_municipality_address,clinic,1322137112498,医療法人社団ＳＪＳ　金子レディースクリニック,東京都調布市調布ケ丘３－１９－１３,35.657059,139.551476,2026-06-01,13.8
11073,和田マタニティクリニック,栃木県下野市小金井１−３０−６,36.3813462,139.8414601,exact_name_pref_municipality_address,clinic,0922092000363,和田マタニティクリニック,栃木県下野市小金井１−３０−６,36.381387,139.841462,2026-06-01,4.5
11075,みやむらレディースクリニック,大分県大分市田尻427-2,33.1883476,131.5923239,exact_name_pref_municipality_visible_address_prefix_type_consistent,clinic,4421049400000,みやむらレディースクリニック,大分県大分市田尻,33.188379,131.592405,2026-06-01,8.3
11076,河野産科婦人科医院,宮崎県児湯郡高鍋町北高鍋２６０５,32.1222787,131.519753,exact_name_pref_municipality_address,clinic,4522450603840,河野産科婦人科医院,宮崎県児湯郡高鍋町北高鍋２６０５,32.122227,131.519695,2026-06-01,7.9
11077,医療法人藤田産科・婦人科医院,京都府京都市伏見区銀座町２丁目３４２,34.9345157,135.7638259,exact_name_pref_municipality_visible_address_prefix_type_consistent,clinic,2622620001359,医療法人藤田産科・婦人科医院,京都府京都市伏見区銀座町２丁目３４２番地,34.934431,135.763796,2026-06-01,9.8
11080,医療法人社団福神会柴田産婦人科医院,東京都八王子市横川町515,35.6639869,139.3046785,exact_name_pref_municipality_address,clinic,1322137316180,医療法人社団福神会　柴田産婦人科医院,東京都八王子市横川町５１５,35.663943,139.304802,2026-06-01,12.2
11082,さとうレディースクリニック,埼玉県川口市青木1-5-25,35.8056609,139.7257904,exact_name_pref_municipality_address,clinic,1121100121600,さとうレディースクリニック,埼玉県川口市青木１－５－２５,35.805658,139.72581,2026-06-01,1.8
11083,医療法人なかむらレディースクリニック,山口県萩市熊谷町１０８番地,34.417095,131.4005585,exact_name_pref_municipality_visible_address_prefix_type_consistent,clinic,3522356401920,医療法人　なかむらレディースクリニック,山口県萩市熊谷町１０８,34.417111,131.400528,2026-06-01,3.3
11084,しのはら産科婦人科医院,静岡県島田市岸町６５８－１,34.8445017,138.2130406,exact_name_pref_municipality_address,clinic,2222227208870,しのはら産科婦人科医院,静岡県島田市岸町６５８－１,34.843508,138.210847,2026-06-01,228.7
11085,医療法人天信会あまがせ産婦人科,福岡県大野城市１丁目１４番６号,33.544395,130.4918576,name_municipality_only,clinic,4022400012620,医療法人天信会あまがせ産婦人科,福岡県大野城市東大利１丁目１４ー６,33.524716,130.487597,2026-06-01,
11086,医療法人社団志生会　依藤産婦人科医院,静岡県静岡市葵区上足洗二丁目１番９号,34.9903969,138.3917873,exact_name_pref_municipality_address,clinic,2222220123440,医療法人社団志生会　依藤産婦人科医院,静岡県静岡市葵区上足洗二丁目１番９号,34.990355,138.391753,2026-06-01,5.6
11087,医療法人　工藤医院,岩手県花巻市一日市2番27号,39.3931896,141.1162552,name_municipality_only,clinic,03203200514,医療法人工藤医院,岩手県花巻市一日市２ー２７,39.393189,141.116246,2026-06-01,
11088,遠藤産婦人科医院,茨城県筑西市八丁台６３,36.3239988,139.974432,exact_name_pref_municipality_address,clinic,082208622192,遠藤産婦人科医院,茨城県筑西市八丁台６３,36.324216,139.974356,2026-06-01,25.1
11090,医療法人社団　浅岡医院,栃木県足利市相生町３８７,36.3369217,139.4609404,exact_name_pref_municipality_address,clinic,0922090100531,医療法人社団　浅岡医院,栃木県足利市相生町３８７,36.336833,139.460914,2026-06-01,10.1
11091,大脇産婦人科医院,静岡県浜松市中央区曳馬３－３－２２,34.7245543,137.7442869,exact_name_pref_municipality_address,clinic,2222223394720,大脇産婦人科医院,静岡県浜松市中央区曳馬３－３－２２,34.724687,137.744504,2026-06-01,24.7
11092,医療法人愛生会セントラルレディースクリニック,群馬県高崎市東町８０－７,36.326924,139.0141745,exact_name_pref_municipality_address,clinic,1022100000477,医療法人愛生会セントラルレディースクリニック,群馬県高崎市東町８０－７,36.326935,139.014184,2026-06-01,1.5
11096,河田産婦人科,福岡県久留米市梅満町９５５－１,33.3083424,130.5047451,exact_name_pref_municipality_visible_address_prefix_type_consistent,clinic,4022400016410,河田産婦人科,福岡県久留米市梅満町,33.308186,130.504768,2026-06-01,17.5
11097,医療法人紹応会　河田産婦人科医院,広島県広島市佐伯区海老園１－２－１３,34.3649755,132.3565866,name_municipality_only,clinic,3422340514500,医療法人　紹応会　河田産婦人科医院,広島県広島市佐伯区海老園一丁目２番１３号,34.364996,132.356604,2026-06-01,
11098,医療法人社団みやもと産婦人科医院,鳥取県鳥取市叶２９３－７,35.474221,134.2186675,exact_name_pref_municipality_address,clinic,3123111000168,医療法人社団みやもと産婦人科医院,鳥取県鳥取市叶２９３－７,35.474204,134.218758,2026-06-01,8.4
11100,医療法人社団　渡辺産婦人科,滋賀県栗東市野尻４３５,35.0351058,135.9867556,exact_name_pref_municipality_address,clinic,2522250006270,医療法人社団　渡辺産婦人科,滋賀県栗東市野尻４３５,35.0351,135.986731,2026-06-01,2.3
11101,医療法人社団関島産婦人科医院,兵庫県加古川市加古川町粟津４６２−１,34.761841,134.8364996,exact_name_pref_municipality_address,clinic,2822280036370,医療法人社団　関島産婦人科医院,兵庫県加古川市加古川町粟津４６２－１,34.761934,134.836603,2026-06-01,14.0
11102,ことみレディースクリニック,静岡県浜松市浜名区東美薗６７８,34.7967282,137.8017461,exact_name_pref_municipality_address,clinic,2222220202970,ことみレディースクリニック,静岡県浜松市浜名区東美薗６７８,34.796431,137.802309,2026-06-01,61.1
11103,前田産婦人科クリニック,鹿児島県霧島市国分中央１丁目３番２３号,31.7423561,130.7658512,exact_name_pref_municipality_address,clinic,46222629,前田産婦人科クリニック,鹿児島県霧島市国分中央１丁目３番２３号,31.742424,130.765899,2026-06-01,8.8
11104,もりレディースクラブクリニック,岐阜県大垣市河間町１－１３,35.3830689,136.60481,exact_name_pref_municipality_visible_address_prefix_type_consistent,clinic,2121642001590,もりレディースクラブクリニック,岐阜県大垣市河間町,35.382892,136.604798,2026-06-01,19.7
11105,医療法人安永産婦人科医院,長崎県諫早市泉町１７番２２号,32.8475747,130.056157,exact_name_pref_municipality_address,clinic,422coh0035,医療法人安永産婦人科医院,長崎県諫早市泉町１７番２２号,32.847572,130.056161,2026-06-01,0.5
11106,医療法人社団緑星会国井クリニック,山形県寒河江市大字中郷1450-1,38.3719985,140.2212613,exact_name_pref_municipality_address,clinic,062206520832,医療法人社団緑星会国井クリニック,山形県寒河江市大字中郷１４５０−１,38.372058,140.221465,2026-06-01,19.0
11109,権丈産婦人科医院,福岡県糟屋郡志免町志免3丁目2-14,33.583796,130.4862209,exact_name_pref_municipality_address,clinic,4022400003180,権丈産婦人科医院,福岡県糟屋郡志免町志免３丁目２ー１４,33.58382,130.486192,2026-06-01,3.8
11111,八戸クリニック,青森県八戸市柏崎１丁目８番３２号,40.5125281,141.4949036,name_municipality_only,clinic,0220220000684,八戸クリニック,青森県八戸市柏崎１丁目８－３２　八戸クリニックビル,40.512629,141.495203,2026-06-01,
11112,いしい産婦人科醫院,大分県大分市下郡北３－４３４－２,33.2296396,131.632987,exact_name_pref_municipality_address,clinic,4422033500000,いしい産婦人科醫院,大分県大分市下郡北３－４３４－２,33.231257,131.634848,2026-06-01,249.6
11113,医療法人瓢成会　なかがわレディースクリニック,大阪府大阪市住吉区長峡町５－５,34.6122248,135.4909275,exact_name_pref_municipality_address,clinic,2722270149890,医療法人瓢成会　なかがわレディースクリニック,大阪府大阪市住吉区長峡町５－５,34.612239,135.490918,2026-06-01,1.8
11116,医療法人もみじの手　箕面レディースクリニック,大阪府箕面市牧落３－３－３３,34.8268796,135.4737659,exact_name_pref_municipality_address,clinic,2722270037870,医療法人もみじの手　箕面レディースクリニック,大阪府箕面市牧落３－３－３３,34.826855,135.473854,2026-06-01,8.5
11117,医療法人社団マザー・キー　ファミール産院たてやま,千葉県館山市北条２１８６－１,34.998634,139.8622635,exact_name_pref_municipality_address,clinic,1221204103300,医療法人社団マザー・キー　ファミール産院たてやま,千葉県館山市北条２１８６－１,34.998547,139.862277,2026-06-01,9.8
11120,たむらウィメンズクリニック,静岡県静岡市駿河区片山３番地の３,34.9670232,138.4223397,exact_name_pref_municipality_address,clinic,2222220145370,たむらウィメンズクリニック,静岡県静岡市駿河区片山３番地の３,34.96657,138.422258,2026-06-01,50.9
11121,きりんウィメンズクリニック武蔵野,東京都武蔵野市中町２－４－５,35.7069968,139.5619912,exact_name_pref_municipality_address,clinic,1322137100143,きりんウィメンズクリニック武蔵野,東京都武蔵野市中町２－４－５,35.706998,139.561973,2026-06-01,1.6
11122,鈴木産婦人科医院,茨城県水戸市東台１－１０－１９,36.3800928,140.4117537,exact_name_pref_municipality_address,clinic,082208511087,鈴木産婦人科医院,茨城県水戸市東台１－１０－１９,36.367961,140.493558,2026-06-01,7447.1
11123,医療法人産婦人科よしはらクリニック,広島県尾道市山波町551−1,34.4176789,133.2306691,exact_name_pref_municipality_address,clinic,3422340445750,医療法人産婦人科よしはらクリニック,広島県尾道市山波町５５１－１,34.41768,133.230679,2026-06-01,0.9
11124,酒本産婦人科医院,奈良県橿原市内膳町４－４－２６,34.514759,135.7917775,exact_name_pref_municipality_address,clinic,2922087600000,酒本産婦人科医院,奈良県橿原市内膳町４－４－２６,34.514778,135.791785,2026-06-01,2.2
11126,医療法人　久成会　高橋レディースクリニック,埼玉県川口市朝日３－６－２２,35.812632,139.7360586,exact_name_pref_municipality_address,clinic,1121100180100,医療法人　久成会　高橋レディースクリニック,埼玉県川口市朝日３－６－２２,35.812635,139.736067,2026-06-01,0.8
11127,医療法人　加藤産婦人科クリニック,大阪府三島郡島本町水無瀬１丁目１４－１３,34.8788533,135.6675137,exact_name_pref_municipality_address,clinic,2722270083390,医療法人　加藤産婦人科クリニック,大阪府三島郡島本町水無瀬１丁目１４－１３,34.878853,135.667502,2026-06-01,1.1
11129,医療法人準和会　東京マザーズクリニック,東京都世田谷区上用賀4-5-1,35.633645,139.628599,exact_name_pref_municipality_address,clinic,1322132700045,医療法人準和会　東京マザーズクリニック,東京都世田谷区上用賀４－５－１,35.63398,139.628138,2026-06-01,55.9
11130,福岡バースクリニック,福岡県福岡市西区姪浜駅南３－１８－２１,33.577635,130.3276054,exact_name_pref_municipality_address,clinic,4022400068280,福岡バースクリニック,福岡県福岡市西区姪浜駅南３－１８－２１,33.577679,130.327638,2026-06-01,5.7
11131,医療法人玲聖会　貴子ウィメンズクリニック,愛知県津島市申塚町１ー１２２,35.184913,136.7192675,exact_name_pref_municipality_address,clinic,2322230900430,医療法人玲聖会　貴子ウィメンズクリニック,愛知県津島市申塚町１ー１２２,35.184866,136.719316,2026-06-01,6.8
11133,まつお産婦人科,長崎県東彼杵郡川棚町百津郷４５２番地,33.067823,129.8631366,exact_name_pref_municipality_address,clinic,422coh0132,まつお産婦人科,長崎県東彼杵郡川棚町百津郷４５２番地,33.067824,129.863115,2026-06-01,2.0
11134,医療法人平野医院,奈良県奈良市西大寺東町２－１－５２,34.6943001,135.7845582,exact_name_pref_municipality_address,clinic,2922018700000,医療法人平野医院,奈良県奈良市西大寺東町２－１－５２,34.694453,135.784528,2026-06-01,17.2
11135,医療法人社団　メディカルクリエイティヴ　レディスクリニック　フォレスタヴェルデ,神奈川県横浜市都筑区中川中央２ー５ー１１,35.5492802,139.5749476,exact_name_pref_municipality_address,clinic,1421422720700,医療法人社団　メディカルクリエイティヴ　レディスクリニック　フォレスタヴェルデ,神奈川県横浜市都筑区中川中央２ー５ー１１,35.549261,139.574954,2026-06-01,2.2
11136,産科・婦人科井上クリニック,福井県敦賀市木崎49-24-1,35.6453597,136.0369133,exact_name_pref_municipality_address,clinic,1822181006050,産科・婦人科井上クリニック,福井県敦賀市木崎４９－２４－１,35.645311,136.036958,2026-06-01,6.8
11137,医療法人　うめかげレディースクリニック,大阪府豊中市服部元町１丁目１番７号,34.7631832,135.4753857,exact_name_pref_municipality_address,clinic,2722270108930,医療法人　うめかげレディースクリニック,大阪府豊中市服部元町１丁目１番７号,34.763334,135.475301,2026-06-01,18.5
11138,医療法人　英正会　関井レディースクリニック,宮城県大崎市古川駅東２丁目１０ー３１,38.5719976,140.9749076,exact_name_pref_municipality_address,clinic,042802152,医療法人　英正会　関井レディースクリニック,宮城県大崎市古川駅東２丁目１０ー３１,38.572071,140.974869,2026-06-01,8.8
11139,武田産婦人科医院,静岡県富士市宮島３３０－７,35.1403943,138.6544164,name_municipality_only,clinic,2222225820210,武田産婦人科医院,静岡県富士市宮島３３０番地の７,35.140429,138.654463,2026-06-01,
11140,医療法人回生会　立花レディースクリニック,福岡県柳川市三橋町藤吉530-11,33.1662531,130.416098,exact_name_pref_municipality_address,clinic,4022400020390,医療法人回生会立花レディースクリニック,福岡県柳川市三橋町藤吉５３０－１１,33.166299,130.416141,2026-06-01,6.5
11142,木村産科・婦人科,静岡県浜松市中央区東三方町94-3,34.7770274,137.7334939,exact_name_pref_municipality_address,clinic,2222223350830,木村産科・婦人科,静岡県浜松市中央区東三方町９４－３,34.777035,137.733473,2026-06-01,2.1
11147,国見産婦人科,高知県高知市本町４－２－３０,33.5573803,133.5327777,exact_name_pref_municipality_address,clinic,3922395104930,国見産婦人科,高知県高知市本町４－２－３０,33.557404,133.532806,2026-06-01,3.7
11148,医療法人　大心会　大橋産婦人科クリニック,愛知県津島市埋田町２－６３,35.1743832,136.7420844,exact_name_pref_municipality_address,clinic,2322230902170,医療法人　大心会　大橋産婦人科クリニック,愛知県津島市埋田町２－６３,35.174395,136.742093,2026-06-01,1.5
11152,よしもとレディースクリニック,愛媛県大洲市東若宮１４－１４,33.529999,132.5654506,exact_name_pref_municipality_address,clinic,3822386508770,よしもとレディースクリニック,愛媛県大洲市東若宮１４－１４,33.530066,132.565493,2026-06-01,8.4
11153,厚木産婦人科,神奈川県厚木市中町３－９－３,35.4410805,139.3613384,exact_name_pref_municipality_address,clinic,1421401322300,厚木産婦人科,神奈川県厚木市中町３ー９ー３,35.441052,139.361429,2026-06-01,8.8
11154,中西ウィメンズクリニック,岐阜県多治見市大正町1丁目45番地,35.3381142,137.1284139,name_municipality_only,clinic,2121592001556,中西ウィメンズクリニック,岐阜県多治見市大正町１－４５,35.338176,137.128218,2026-06-01,
11155,小田原マタニティクリニック,神奈川県小田原市城山2-1-5,35.2572309,139.1519646,name_municipality_only,clinic,1421427135400,小田原マタニティクリニック,神奈川県小田原市城山２丁目１番５号,35.257165,139.151894,2026-06-01,
11156,まつばせレディースクリニック,熊本県宇城市松橋町松橋689-1,32.655181,130.6819832,exact_name_pref_municipality_address,clinic,432243660041,まつばせレディースクリニック,熊本県宇城市松橋町松橋６８９ー１,32.655138,130.681921,2026-06-01,7.5
11158,城北レディースクリニック,新潟県上越市栄町５－１６,37.1257992,138.2485392,exact_name_pref_municipality_address,clinic,152SIJTX00066,城北レディースクリニック,新潟県上越市栄町５－１６,37.125781,138.248538,2026-06-01,2.0
11159,医療法人　レディスクリニック　セントセシリア,青森県青森市,,,name_municipality_only,clinic,0220220000259,医療法人　レディスクリニックセントセシリア,青森県青森市筒井八ッ橋９５－１２,40.797419,140.764889,2026-06-01,
11161,医療法人養真堂産婦人科筑紫クリニック,福岡県糟屋郡志免町志免中央３丁目１番３０号,33.5881418,130.4805426,exact_name_pref_municipality_address,clinic,4022400003560,医療法人養真堂産婦人科筑紫クリニック,福岡県糟屋郡志免町志免中央３丁目１番３０号,33.588125,130.48054,2026-06-01,1.9
11163,長野産婦人科,愛媛県宇和島市堀端町１－８,33.21752,132.5684802,exact_name_pref_municipality_address,clinic,3822386306240,長野産婦人科,愛媛県宇和島市堀端町１－８,33.21761,132.568557,2026-06-01,12.3
11164,医療法人社団 五月会 とけレディースクリニック,千葉県千葉市緑区 あすみが丘 3-4-3,35.5287417,140.2679781,exact_name_pref_municipality_visible_address_prefix_type_consistent,clinic,1221205909900,医療法人社団五月会とけレディースクリニック,千葉県千葉市緑区あすみが丘,35.528711,140.267992,2026-06-01,3.6
11167,マザーズ高田産医院,神奈川県横浜市港北区高田西２－５－２７,35.5515018,139.6201914,exact_name_pref_municipality_address,clinic,1421422829700,マザーズ高田産医院,神奈川県横浜市港北区高田西２－５－２７,35.551406,139.620314,2026-06-01,15.4
11168,医療法人秀峰会　本多レディースクリニック,福井県福井市宝永４丁目２番１８号,36.0672741,136.2196591,exact_name_pref_municipality_address,clinic,1822180001940,医療法人秀峰会　本多レディースクリニック,福井県福井市宝永４丁目２番１８号,36.067422,136.219597,2026-06-01,17.4
11171,横山産院,岐阜県各務原市蘇原瑞穂町2丁目60番地の1,35.4129995,136.8467438,exact_name_pref_municipality_address,clinic,2121632007613,横山産院,岐阜県各務原市蘇原瑞穂町２丁目６０番地の１,35.412999,136.846743,2026-06-01,0.1
11173,医療法人社団善方会　よしかた産婦人科,神奈川県横浜市港北区小机町２４３０,35.5093813,139.5975711,exact_name_pref_municipality_address,clinic,1421406031000,医療法人社団善方会よしかた産婦人科,神奈川県横浜市港北区小机町２４３０,35.508746,139.597237,2026-06-01,76.8
11176,医療法人正仁会　井町産婦人科医院,山口県下関市秋根南町二丁目１番１８号,34.0083989,130.9550053,exact_name_pref_municipality_address,clinic,3522353138720,医療法人正仁会　井町産婦人科医院,山口県下関市秋根南町二丁目１番１８号,34.008389,130.954972,2026-06-01,3.3
11177,医療法人いわさクリニック,福岡県北九州市門司区大里原町10-10,33.8984902,130.9326914,name_municipality_only,clinic,4022400031770,医療法人　いわさクリニック,福岡県北九州市門司区大里原町１０番１０号,33.898487,130.932713,2026-06-01,
11178,産科・婦人科　大渕クリニック,宮崎県宮崎市橘通東1丁目5-20,31.9081141,131.4224223,exact_name_pref_municipality_address,clinic,4522453156930,産科・婦人科　大渕クリニック,宮崎県宮崎市橘通東１丁目５－２０,31.90811,131.422363,2026-06-01,5.6
11180,医療法人　エンジェル会　永川産婦人科医院,福岡県筑紫野市紫１ー２５ー５,33.4968855,130.5193049,exact_name_pref_municipality_address,clinic,4022400013370,医療法人　エンジェル会　永川産婦人科医院,福岡県筑紫野市紫１ー２５ー５,33.496831,130.519262,2026-06-01,7.2
11182,医療法人　ももレディースクリニック,岡山県岡山市北区西花尻１２００－３,34.6536498,133.8559404,exact_name_pref_municipality_address,clinic,3322330009700,医療法人　ももレディースクリニック,岡山県岡山市北区西花尻１２００－３,34.653934,133.855817,2026-06-01,33.6
11184,梅岡レディースクリニック,愛媛県松山市竹原町１丁目３番地５,33.8329459,132.7555964,name_municipality_only,clinic,3822385605340,梅岡レディースクリニック,愛媛県松山市竹原町１－３－５,33.83302,132.755597,2026-06-01,
11187,医療法人社団　杉四会　杉山産婦人科,東京都世田谷区大原１－５３－１,35.6693235,139.6618301,exact_name_pref_municipality_address,clinic,1322133500910,医療法人社団杉四会　杉山産婦人科,東京都世田谷区大原１－５３－１,35.669143,139.661939,2026-06-01,22.4
11188,札幌みらいクリニック,北海道札幌市清田区平岡１条５丁目３番８号,42.991639,141.4530483,exact_name_pref_municipality_address,clinic,0122010041350,札幌みらいクリニック,北海道札幌市清田区平岡１条５丁目３番８号,42.991641,141.453065,2026-06-01,1.4
11189,医療法人財団順和会　山王バースセンター,東京都港区赤坂８－１０－１６　２階及び３階,35.6697353,139.727363,name_municipality_only,clinic,1322136000254,医療法人財団順和会　山王バースセンター,東京都港区赤坂８－１０－１６　２Ｆ　３Ｆ,35.670394,139.727544,2026-06-01,
11190,医療法人社団秋月会香月産婦人科,広島県広島市西区己斐本町2-14-24,34.392806,132.4257144,name_municipality_only,clinic,3422340531060,医療法人社団秋月会　香月産婦人科,広島県広島市西区己斐本町２丁目１４番２４号,34.392811,132.42574,2026-06-01,
11192,並木産婦人科クリニック,神奈川県厚木市妻田西２－１７－１２,35.4622295,139.3562999,exact_name_pref_municipality_address,clinic,1421401609500,並木産婦人科クリニック,神奈川県厚木市妻田西２－１７－１２,35.462191,139.356329,2026-06-01,5.0
11193,医療法人社団千房会　新中野女性クリニック,東京都中野区本町四丁目48番23号,35.6966721,139.6685181,name_municipality_only,clinic,1322133219690,医療法人社団千房会　新中野女性クリニック,東京都中野区本町４－４８－２３,35.69664,139.668492,2026-06-01,
11194,下村産婦人科医院,宮崎県宮崎市青葉町１５１−１,31.92104,131.436671,exact_name_pref_municipality_address,clinic,4522450118520,下村産婦人科医院,宮崎県宮崎市青葉町１５１−１,31.920914,131.436467,2026-06-01,23.8
11196,大森産婦人科医院,兵庫県高砂市伊保港町２－５－１７,34.7666724,134.7867065,exact_name_pref_municipality_address,clinic,2822280036520,大森産婦人科医院,兵庫県高砂市伊保港町２－５－１７,34.766627,134.786663,2026-06-01,6.4
11198,医療法人社団　葉山産婦人科,茨城県鹿嶋市宮中１９９５－２５,35.9648497,140.6407136,exact_name_pref_municipality_address,clinic,082208570176,医療法人社団　葉山産婦人科,茨城県鹿嶋市宮中１９９５－２５,35.961389,140.643889,2026-06-01,479.3
11200,青木医院,茨城県水戸市本町三丁目四番七号,36.3651048,140.4941765,name_municipality_only,clinic,082208510022,青木医院,茨城県水戸市本町３－４－７,36.365104,140.494176,2026-06-01,
11202,せきレディースクリニック,岐阜県関市段下２８−２,35.4835878,136.8989458,exact_name_pref_municipality_address,clinic,2121562000658,せきレディースクリニック,岐阜県関市段下２８ー２,35.483639,136.898963,2026-06-01,5.9
11203,医療法人　愛生会　馬渡産婦人科医院,福岡県糸島市前原１０３１番地,33.5608271,130.1900495,exact_name_pref_municipality_visible_address_prefix_type_consistent,clinic,4022400014250,医療法人愛生会馬渡産婦人科医院,福岡県糸島市前原１０３１,33.558318,130.193178,2026-06-01,402.3
11204,三輪産婦人科,愛知県稲沢市石橋２丁目１５０番地,35.2600661,136.7824252,exact_name_pref_municipality_address,clinic,2322230201160,三輪産婦人科,愛知県稲沢市石橋２丁目１５０番地,35.260077,136.782415,2026-06-01,1.5
11207,飯藤産婦人科,大阪府吹田市泉町５丁目６－６,34.7621489,135.5131451,name_municipality_only,clinic,2722270040740,飯藤産婦人科,大阪府吹田市泉町５－６－６,34.762251,135.51302,2026-06-01,
11208,医療法人双葉会　富雄産婦人科,奈良県奈良市三松４丁目８７８番１,34.7016558,135.7328524,exact_name_pref_municipality_address,clinic,2922010400000,医療法人双葉会　富雄産婦人科,奈良県奈良市三松４丁目８７８番１,34.701646,135.732865,2026-06-01,1.6
11209,医療法人社団芳晴会　愛児レディースクリニック,神奈川県藤沢市遠藤２９５７－１,35.3893759,139.4401268,exact_name_pref_municipality_address,clinic,1421421178500,医療法人社団芳晴会愛児レディースクリニック,神奈川県藤沢市遠藤２９５７－１,35.387992,139.436762,2026-06-01,341.6
11211,医療法人サン・クリニック,岡山県岡山市中区中井２丁目１５番１３号,34.6882922,133.9621049,name_municipality_only,clinic,3322330007250,医療法人サン・クリニック,岡山県岡山市中区中井２丁目１５－１３,34.688154,133.962112,2026-06-01,
11212,医療法人社団聖育会　三枝産婦人科医院,東京都江戸川区西葛西３－１８－１,35.6661203,139.8577303,exact_name_pref_municipality_address,clinic,1322135221990,医療法人社団聖育会　三枝産婦人科医院,東京都江戸川区西葛西３－１８－１,35.666119,139.857728,2026-06-01,0.3
11215,立岩産婦人科医院,兵庫県姫路市飾磨区構4丁目189番地,34.8118513,134.6657726,name_municipality_only,clinic,2822280016120,立岩産婦人科医院,兵庫県姫路市飾磨区構四丁目１８９,34.811925,134.666143,2026-06-01,
11216,医療法人並木クリニック,秋田県秋田市寺内堂ノ沢一丁目7番28号,39.7357183,140.0902773,exact_name_pref_municipality_address,clinic,0522050502440,医療法人　並木クリニック,秋田県秋田市寺内堂ノ沢一丁目７番２８号,39.735688,140.090216,2026-06-01,6.2
11218,あわの産婦人科医院,富山県下新川郡入善町入膳229-３,36.9315245,137.5064464,exact_name_pref_municipality_address,clinic,1622161710797,あわの産婦人科医院,富山県下新川郡入善町入膳２２９－３,36.931522,137.506365,2026-06-01,7.2
11219,レディスクリニック石黒,新潟県三条市荒町２丁目２５番３３号,37.6433073,138.9550713,exact_name_pref_municipality_address,clinic,152SISNX00061,レディスクリニック石黒,新潟県三条市荒町２丁目２５番３３号,37.643307,138.955071,2026-06-01,0.0
11225,メリーレディースクリニック,宮城県仙台市青葉区落合６丁目１ー４,38.2693885,140.7848987,exact_name_pref_municipality_address,clinic,042900025,メリーレディースクリニック,宮城県仙台市青葉区落合６丁目１ー４,38.269424,140.784836,2026-06-01,6.7
11226,医療法人みのり会濱田クリニック,滋賀県甲賀市水口町水口５９９２番地１,34.9674402,136.1638441,name_municipality_only,clinic,2522250010530,医療法人みのり会　濱田クリニック,滋賀県甲賀市水口町水口５９９２－１,34.967442,136.16382,2026-06-01,
11227,花山ママクリニック,和歌山県和歌山市秋月４８３,34.2248468,135.2073308,exact_name_pref_municipality_visible_address_prefix_type_consistent,clinic,3022151300000,花山ママクリニック,和歌山県和歌山市秋月４８３番地,34.224664,135.207458,2026-06-01,23.5
11230,医療法人社団はやしだ産婦人科医院,埼玉県鴻巣市鴻巣１００５－２,36.0705463,139.5158103,exact_name_pref_municipality_address,clinic,1121108282800,医療法人社団はやしだ産婦人科医院,埼玉県鴻巣市鴻巣１００５－２,36.070498,139.515921,2026-06-01,11.3
11231,医療法人社団レディースクリニックICHIRO,長崎県長崎市京泊3丁目10－15,32.8230429,129.771122,exact_name_pref_municipality_address,clinic,422cna0051,医療法人社団　レディースクリニックＩＣＨＩＲＯ,長崎県長崎市京泊３丁目１０－１５,32.823036,129.77115,2026-06-01,2.7
11232,宮上クリニック,宮城県柴田郡柴田町西船迫２丁目７－１,38.0615664,140.7583196,exact_name_pref_municipality_address,clinic,042801425,宮上クリニック,宮城県柴田郡柴田町西船迫２丁目７－１,38.061546,140.758255,2026-06-01,6.1
11233,医療法人　たなかレディースクリニック,福島県郡山市御前南五丁目28番地,37.3855129,140.3292765,name_municipality_only,clinic,0720720001221,医療法人　たなかレディースクリニック,福島県郡山市御前南５－２８,37.385524,140.329277,2026-06-01,
11234,かたふち産婦人科,佐賀県杵島郡白石町大字廿治１０６５－１２,33.1800366,130.1408477,name_municipality_only,clinic,4122415707200,かたふち産婦人科,佐賀県杵島郡白石町廿治１０６５ー１２,33.180055,130.140807,2026-06-01,
11235,医療法人　社団　中山産婦人科医院,宮崎県都城市前田町17街区,31.7307505,131.0699562,exact_name_pref_municipality_visible_address_prefix_type_consistent,clinic,4522450202810,医療法人社団　中山産婦人科医院,宮崎県都城市前田町１７街区３２号,31.731151,131.069684,2026-06-01,51.4
11237,医療法人社団寿恵会　津田産婦人科医院,富山県砺波市杉木４丁目６９番地,36.6446842,136.9552548,exact_name_pref_municipality_address,clinic,1622160810481,医療法人社団寿恵会　津田産婦人科医院,富山県砺波市杉木４丁目６９番地,36.649765,136.955563,2026-06-01,565.6
11238,菊陽レディースクリニック,熊本県菊池郡菊陽町新山2丁目8番23号,32.8660111,130.7822447,name_municipality_only,clinic,432243551262,菊陽レディースクリニック,熊本県菊池郡菊陽町新山２ー８ー２３,32.866021,130.782138,2026-06-01,
11239,わんや産婦人科医院,宮城県大崎市古川駅南３丁目１１－２,38.5665488,140.969739,exact_name_pref_municipality_address,clinic,042802153,わんや産婦人科医院,宮城県大崎市古川駅南３丁目１１－２,38.566563,140.969696,2026-06-01,4.1
11240,医療法人笠松産婦人科・小児科,大阪府阪南市鳥取中１９２－２,34.3576481,135.2456516,exact_name_pref_municipality_address,clinic,2722270081510,医療法人笠松産婦人科・小児科,大阪府阪南市鳥取中１９２－２,34.357651,135.245644,2026-06-01,0.8
11241,医療法人　おおくま産婦人科,佐賀県佐賀市高木瀬西２ー１０ー５,33.2812482,130.2890217,exact_name_pref_municipality_address,clinic,4122415116570,医療法人　おおくま産婦人科,佐賀県佐賀市高木瀬西２ー１０ー５,33.281213,130.289097,2026-06-01,8.0
11243,医療法人社団　五の橋産婦人科,東京都江東区亀戸６－１－６,35.6939187,139.8270035,exact_name_pref_municipality_address,clinic,1322131702710,医療法人社団　五の橋産婦人科,東京都江東区亀戸６－１－６,35.693893,139.827368,2026-06-01,33.0
11244,医療法人盛鳳会福田産婦人科,岡山県津山市田町１０５,35.0628498,133.9959856,exact_name_pref_municipality_address,clinic,3322330004240,医療法人盛鳳会福田産婦人科,岡山県津山市田町１０５,35.062779,133.996013,2026-06-01,8.3
11245,医療法人社団菊川産婦人科,三重県伊勢市一之木5-15-5,34.5043938,136.7084043,name_municipality_only,clinic,2422240018030,医療法人　社団　菊川産婦人科,三重県伊勢市一之木５丁目１５番５号,34.504462,136.708321,2026-06-01,
11246,富田産科婦人科クリニック,新潟県新発田市諏訪町１－２－１５,37.9448418,139.3330305,exact_name_pref_municipality_address,clinic,152SISHX00051,富田産科婦人科クリニック,新潟県新発田市諏訪町１－２－１５,37.944841,139.33303,2026-06-01,0.1
11247,医療法人子安会　なかにし産婦人科クリニック,大阪府高槻市芝生町３丁目２１番１０号,34.82838,135.6082869,exact_name_pref_municipality_address,clinic,2722270047450,医療法人子安会　なかにし産婦人科クリニック,大阪府高槻市芝生町３丁目２１番１０号,34.828468,135.608315,2026-06-01,10.1
11248,医療法人慈生会岡村産婦人科,奈良県奈良市西木辻町３０－１０,34.6751275,135.8221812,name_municipality_only,clinic,2922021100000,医療法人慈生会　岡村産婦人科,奈良県奈良市西木辻町３０番地の１０,34.675095,135.822137,2026-06-01,
11249,医療法人社団　山縣産婦人科,茨城県水戸市千波町３７１－４,36.3637515,140.4581438,exact_name_pref_municipality_address,clinic,082208516428,医療法人社団　山縣産婦人科,茨城県水戸市千波町３７１－４,36.363751,140.458143,2026-06-01,0.1
11250,医療法人慈繁会付属トータルヘルスクリニック,福島県郡山市字山崎76-5,37.378303,140.3645408,name_municipality_only,clinic,0720720001176,医療法人慈繁会付属トータルヘルスクリニック,福島県郡山市字山崎１７１,37.377825,140.369561,2026-06-01,
11254,医療法人社団三樹会　ウイング土屋レディースクリニック,千葉県成田市ウイング土屋１６３,35.794331,140.3230578,exact_name_pref_municipality_visible_address_prefix_type_consistent,clinic,1221202755300,医療法人社団三樹会　ウイング土屋レディースクリニック,千葉県成田市ウイング土屋,35.794292,140.323041,2026-06-01,4.6
11255,医療法人　茜草会　あかね医院,愛知県豊田市栄生町４－１３－６,35.1006867,137.1520235,exact_name_pref_municipality_address,clinic,2322232800030,医療法人　茜草会　あかね医院,愛知県豊田市栄生町４－１３－６,35.100521,137.152034,2026-06-01,18.4
11256,医療法人社団和秀会　近藤産婦人科医院,京都府長岡京市長岡　二丁目２－３２,34.9267991,135.6896121,name_municipality_only,clinic,2622620001767,医療法人社団和秀会近藤産婦人科医院,京都府長岡京市長岡２－２－３２,34.926931,135.689719,2026-06-01,
11257,医療法人桜花会あきせウィメンズクリニック,大阪府枚方市田宮本町９番４５号,34.8072086,135.6522895,exact_name_pref_municipality_address,clinic,2722270114470,医療法人桜花会あきせウィメンズクリニック,大阪府枚方市田宮本町９番４５号,34.807166,135.652201,2026-06-01,9.4
11258,医療法人優心会竜王レディースクリニック,山梨県甲斐市篠原２１９９,35.6540785,138.5170596,exact_name_pref_municipality_address,clinic,1922190000188,医療法人優心会竜王レディースクリニック,山梨県甲斐市篠原２１９９,35.654125,138.51684,2026-06-01,20.5
11260,医療法人　村尾産婦人科クリニック,福岡県大牟田市古町１ー２,33.0336524,130.4459006,exact_name_pref_municipality_address,clinic,4022400021860,医療法人　村尾産婦人科クリニック,福岡県大牟田市古町１ー２,33.033633,130.445864,2026-06-01,4.0
11261,医療法人博山会山口産婦人科,大阪府八尾市中田１丁目５２番地,34.6190143,135.6129635,name_municipality_only,clinic,2722270131590,医療法人　博山会　山口産婦人科,大阪府八尾市中田一丁目５２番地,34.61888,135.614379,2026-06-01,
11264,医療法人社団ＴＯＮＡＮ都南産婦人科,東京都町田市中町４－１１－６,35.5531879,139.4465938,exact_name_pref_municipality_address,clinic,1322137502840,医療法人社団ＴＯＮＡＮ　都南産婦人科,東京都町田市中町４－１１－６,35.553068,139.446767,2026-06-01,20.6
11265,国際貢献大学校メディカルクリニック,岡山県新見市哲多町本郷1334-1,34.9369855,133.4440919,name_municipality_only,clinic,3322330003040,国際貢献大学校メディカルクリニック,岡山県新見市哲多町本郷１３３４番地１,34.936614,133.443678,2026-06-01,
11266,おおばやしマタニティクリニック,愛知県北名古屋市鹿田道下５０番地,35.2410928,136.8804304,name_municipality_only,clinic,2322230801660,おおばやしマタニティクリニック,愛知県北名古屋市鹿田５０番地,35.241,136.880486,2026-06-01,
11267,医療法人社団川添記念会　四谷川添産婦人科,東京都新宿区左門町１８番地,35.6843471,139.7212753,exact_name_pref_municipality_address,clinic,1322130914200,医療法人社団川添記念会　四谷川添産婦人科,東京都新宿区左門町１８番地,35.684473,139.721271,2026-06-01,14.0
11268,母と子の長田産科婦人科クリニック,鳥取県米子市上後藤８丁目５－１,35.4485086,133.3154185,exact_name_pref_municipality_address,clinic,3123111000122,母と子の長田産科婦人科クリニック,鳥取県米子市上後藤８丁目５－１,35.448517,133.315412,2026-06-01,1.1
11269,医療法人山育会　たかのす診療所,群馬県桐生市川内町2-289-1,36.4301969,139.3119934,exact_name_pref_municipality_address,clinic,1022100001226,医療法人山育会たかのす診療所,群馬県桐生市川内町２－２８９－１,36.430112,139.312055,2026-06-01,10.9
11270,医療法人 真心会 野村産婦人科,滋賀県湖南市柑子袋611,35.0061845,136.0715131,exact_name_pref_municipality_address,clinic,2522250001330,医療法人　真心会　野村産婦人科,滋賀県湖南市柑子袋６１１,35.005989,136.071369,2026-06-01,25.4
11271,なないろレディースクリニック,茨城県つくば市西大沼６３６番１０,36.0626121,140.1105034,name_municipality_only,clinic,082208697071,なないろレディースクリニック,茨城県つくば市西大沼６３６－１０,36.062405,140.110229,2026-06-01,
11272,かんの産婦人科クリニック,茨城県取手市藤代１０７６,35.9164199,140.1135033,exact_name_pref_municipality_address,clinic,082208582245,かんの産婦人科クリニック,茨城県取手市藤代１０７６,35.916419,140.113503,2026-06-01,0.1
11274,医療法人　青葉会　イーリスウィメンズクリニック　アリス,滋賀県彦根市八坂町2888番地1,35.2553086,136.2056419,name_municipality_only,clinic,2522250008860,医療法人　青葉会　イーリスウィメンズクリニック　アリス,滋賀県彦根市八坂町２８８８－１,35.255327,136.205638,2026-06-01,
11276,医療法人芽生会山口マタニティクリニック,京都府亀岡市篠町馬堀駅前２丁目４番７号,35.0107675,135.6037539,exact_name_pref_municipality_address,clinic,2622620002744,医療法人芽生会山口マタニティクリニック,京都府亀岡市篠町馬堀駅前２丁目４番７号,35.01067,135.60375,2026-06-01,10.8
11278,医療法人産婦人科・麻酔科すどうクリニック,福岡県飯塚市菰田西１丁目４番２２号,33.6263557,130.6876101,exact_name_pref_municipality_address,clinic,4022400024220,医療法人産婦人科・麻酔科すどうクリニック,福岡県飯塚市菰田西１丁目４番２２号,33.62632,130.687576,2026-06-01,5.1
11282,花レディースクリニック,愛知県みよし市福谷町細田１－３,35.1223011,137.1072485,exact_name_pref_municipality_address,clinic,2322231500250,花レディースクリニック,愛知県みよし市福谷町細田１－３,35.089715,137.07468,2026-06-01,4680.4
11283,韮崎おはな産婦人科,山梨県韮崎市富士見１ー３ー９,35.7110266,138.4530061,exact_name_pref_municipality_address,clinic,1922190001211,韮崎おはな産婦人科,山梨県韮崎市富士見１ー３ー９,35.708257,138.45612,2026-06-01,417.0
11287,医療法人育愛会　愛産婦人科,北海道札幌市手稲区西宮の沢4条2丁目1-1,43.0966474,141.2595897,exact_name_pref_municipality_address,clinic,0122010040090,医療法人育愛会　愛産婦人科,北海道札幌市手稲区西宮の沢４条２丁目１－１,43.096647,141.259589,2026-06-01,0.1
11289,産科婦人科島貫医院,山形県米沢市中央２－５－１２,37.9129501,140.1079874,exact_name_pref_municipality_address,clinic,062206610609,産科婦人科島貫医院,山形県米沢市中央２ー５ー１２,37.912815,140.108026,2026-06-01,15.4
11290,医療法人　小濱産婦人科医院,長崎県長崎市丸山町１番５号,32.7412617,129.8800551,exact_name_pref_municipality_address,clinic,422cna0118,医療法人　小濱産婦人科医院,長崎県長崎市丸山町１番５号,32.741277,129.880051,2026-06-01,1.7
11293,峰の坂産婦人科,埼玉県所沢市宮本町２－１６－１０,35.7970395,139.4613344,exact_name_pref_municipality_address,clinic,1121101532200,峰の坂産婦人科,埼玉県所沢市宮本町２－１６－１０,35.797013,139.461424,2026-06-01,8.6
11294,医療法人社団ユリシスレディスクリニック結,茨城県稲敷郡阿見町本郷1-16-2,36.0240125,140.179251,exact_name_pref_municipality_address,clinic,082208593535,医療法人社団ユリシス　レディスクリニック結,茨城県稲敷郡阿見町本郷１－１６－２,36.024012,140.179251,2026-06-01,0.1
11296,医療法人社団ハシイ産婦人科,京都府向日市寺戸町七ノ坪１７０,34.9603256,135.7038358,exact_name_pref_municipality_address,clinic,2622620002847,医療法人社団ハシイ産婦人科,京都府向日市寺戸町七ノ坪１７０,34.960261,135.7038,2026-06-01,7.9
11297,登村レディスクリニック,兵庫県神戸市東灘区御影本町４丁目１１－５,34.7146807,135.2549343,exact_name_pref_municipality_address,clinic,2822280001140,登村レディスクリニック,兵庫県神戸市東灘区御影本町４丁目１１－５,34.714682,135.254848,2026-06-01,7.9
11298,すずきレディースクリニック,福島県郡山市八山田5-23,37.4265713,140.3768874,exact_name_pref_municipality_address,clinic,0720720001903,すずきレディースクリニック,福島県郡山市八山田５－２３,37.426783,140.376808,2026-06-01,24.6
11300,医療法人慧成会 産院いしがせの森,愛知県大府市森岡町1-193,35.0075062,136.9505273,name_municipality_only,clinic,2322231201390,医療法人　慧成会　産院いしがせの森,愛知県大府市森岡町１丁目１９３番地,35.007506,136.950527,2026-06-01,
11301,ナラヤマレディースクリニック,埼玉県上尾市本町１－１－７,35.9772996,139.5942195,exact_name_pref_municipality_address,clinic,1121108173200,ナラヤマレディースクリニック,埼玉県上尾市本町１－１－７,35.977359,139.594166,2026-06-01,8.2
11305,やまなかレディースクリニック,栃木県小山市若木町２－１１－２０,36.3282294,139.8086586,exact_name_pref_municipality_address,clinic,0922092000278,やまなかレディースクリニック,栃木県小山市若木町２－１１－２０,36.32716,139.810051,2026-06-01,172.3
11306,プラタナス産婦人科クリニックながつた,神奈川県横浜市緑区長津田町３１６２,35.5245291,139.4943584,exact_name_pref_municipality_address,clinic,1421426267300,プラタナス産婦人科クリニックながつた,神奈川県横浜市緑区長津田町３１６２,35.52455,139.494293,2026-06-01,6.4
11307,アンジュレディースクリニック,石川県金沢市三池栄町６６番地,36.5966506,136.6701174,exact_name_pref_municipality_address,clinic,172452,アンジュレディースクリニック,石川県金沢市三池栄町６６番地,36.596806,136.670161,2026-06-01,17.7
11308,あおぞらレディス＆マタニティクリニック,長野県諏訪市中洲5764-1,36.0253416,138.1186244,exact_name_pref_municipality_address,clinic,2022205417410,あおぞらレディス＆マタニティクリニック,長野県諏訪市中洲５７６４－１,36.017852,138.114631,2026-06-01,906.9
11310,はるなウィメンズクリニック,山口県岩国市平田１－２８－２７,34.1491573,132.1814905,exact_name_pref_municipality_address,clinic,3522355220140,はるなウィメンズクリニック,山口県岩国市平田１－２８－２７,34.149028,132.1815,2026-06-01,14.4
11311,板倉レディースクリニック,長野県長野市稲里町中央１－１２－１２,36.6048949,138.17229,exact_name_pref_municipality_address,clinic,2022203102220,板倉レディースクリニック,長野県長野市稲里町中央１－１２－１２,36.604953,138.172325,2026-06-01,7.2
11312,種子島産婦人科医院,鹿児島県西之表市西之表16314番地7,30.7198726,130.9814216,exact_name_pref_municipality_address,clinic,46223501,種子島産婦人科医院,鹿児島県西之表市西之表１６３１４番地７,30.719802,130.981483,2026-06-01,9.8
11313,医療法人 黒川産婦人科医院,岩手盛岡市愛宕町2番51号,39.7078364,141.1576476,name_municipality_only,clinic,03203200285,医療法人　黒川産婦人科医院,岩手県盛岡市愛宕町２ー５１,39.707895,141.157948,2026-06-01,
11314,みうら産婦人科医院,岩手県盛岡市上鹿妻田貝１１番地１,39.6819831,141.1074948,exact_name_pref_municipality_address,clinic,03203201322,みうら産婦人科医院,岩手県盛岡市上鹿妻田貝１１番地１,39.681977,141.107456,2026-06-01,3.4
11317,つばきウイメンズクリニック,愛媛県松山市北土居五丁目11番7号,33.807647,132.7790586,exact_name_pref_municipality_address,clinic,3822388633122,つばきウイメンズクリニック,愛媛県松山市北土居五丁目１１番７号,33.80797,132.779055,2026-06-01,35.9
11318,医療法人社団美友会産科婦人科松本クリニック,京都府京都市下京区西洞院通松原下ル永倉町５５８,34.998204,135.7554674,name_municipality_only,clinic,2622620000135,医療法人社団美友会　産科・婦人科　松本クリニック,京都府京都市下京区西洞院通松原下る永倉町５５８番地,34.998202,135.75535,2026-06-01,
11319,といたレディースクリニック,石川県金沢市戸板4丁目35番地,36.5810241,136.6253452,exact_name_pref_municipality_address,clinic,172544,といたレディースクリニック,石川県金沢市戸板４丁目３５番地,36.581029,136.62519,2026-06-01,13.9
11322,下田産婦人科医院,神奈川県茅ヶ崎市幸町１９－８,35.3296829,139.4092151,exact_name_pref_municipality_address,clinic,1421402713500,下田産婦人科医院,神奈川県茅ヶ崎市幸町１９－８,35.329664,139.409253,2026-06-01,4.0
11323,かぬき岩端医院,静岡県沼津市下香貫前原１４７９－３,35.0791442,138.8716486,exact_name_pref_municipality_address,clinic,2222225635140,かぬき岩端医院,静岡県沼津市下香貫前原１４７９－３,35.079189,138.871643,2026-06-01,5.0
11324,津永産婦人科,山口県周南市,,,name_municipality_only,clinic,3522355507030,津永産婦人科,山口県周南市川端町２－３０,34.049139,131.810222,2026-06-01,
11326,医療法人産科婦人科ハピネスバースクリニック,滋賀県草津市矢橋町２３３－３,35.0056381,135.9288686,exact_name_pref_municipality_address,clinic,2522250005610,医療法人　産科婦人科ハピネスバースクリニック,滋賀県草津市矢橋町２３３－３,35.005628,135.928814,2026-06-01,5.1
11328,楢原産婦人科,大阪府高槻市春日町１－２７,34.8410038,135.6298217,exact_name_pref_municipality_address,clinic,2722270100590,楢原産婦人科,大阪府高槻市春日町１－２７,34.841023,135.629812,2026-06-01,2.3
11330,医療法人社団慶風会　増田産婦人科,東京都葛飾区東金町１－１３－５,35.7708563,139.8679841,exact_name_pref_municipality_address,clinic,1322135102190,医療法人社団慶風会　増田産婦人科,東京都葛飾区東金町１－１３－５,35.770858,139.867945,2026-06-01,3.5
11331,医療法人社団湯原産婦人科医院,千葉県松戸市小金原５−２０−７,35.8178843,139.9398113,exact_name_pref_municipality_address,clinic,1221201792200,医療法人社団湯原産婦人科医院,千葉県松戸市小金原５ー２０ー７,35.817813,139.939853,2026-06-01,8.8
11332,マミーズクリニックちとせ,北海道千歳市信濃２丁目1-13,42.8341776,141.6342541,exact_name_pref_municipality_address,clinic,0122010003380,マミーズクリニックちとせ,北海道千歳市信濃２丁目１－１３,42.834133,141.634473,2026-06-01,18.5
11333,医療法人　島田医院,埼玉県さいたま市中央区本町東１－１３－２３,35.8798859,139.625628,exact_name_pref_municipality_address,clinic,1121104295800,医療法人島田医院,埼玉県さいたま市中央区本町東１－１３－２３,35.879898,139.625679,2026-06-01,4.8
11335,医療法人社団　正和会　小松崎産婦人科,茨城県水戸市本町１ー６ー２０,36.3635572,140.4882801,exact_name_pref_municipality_address,clinic,082208621368,医療法人社団　正和会　小松崎産婦人科,茨城県水戸市本町１ー６ー２０,36.363557,140.48828,2026-06-01,0.0
11336,舛本産婦人科医院,広島県広島市安佐南区相田２丁目7-22,34.472618,132.4504998,name_municipality_only,clinic,3422340214510,舛本産婦人科医院,広島県広島市安佐南区相田２－７－２２,34.472613,132.450537,2026-06-01,
11337,産婦人科はっとりクリニック,愛知県一宮市木曽川町黒田中針口北ノ切３７,35.3501979,136.7789441,name_municipality_only,clinic,2322230101730,産婦人科はっとりクリニック,愛知県一宮市木曽川町黒田字中針口北ノ切３７,35.350198,136.778974,2026-06-01,
11339,伊東レディースクリニック,大分県大分市森６６０－１,33.2171718,131.6796243,name_municipality_only,clinic,4421019600000,伊東レディースクリニック,大分県大分市大字森６６０番地の１,33.222115,131.680167,2026-06-01,
11340,医療法人徳志会　折野産婦人科,大阪府枚方市楠葉朝日３丁目６番２８号,34.8601591,135.6864418,exact_name_pref_municipality_address,clinic,2722270103620,医療法人徳志会　折野産婦人科,大阪府枚方市楠葉朝日３丁目６番２８号,34.859994,135.686668,2026-06-01,27.6
11342,はた産婦人科医院,宮崎県宮崎市和知川原１丁目１０７番地,31.9244569,131.4150384,exact_name_pref_municipality_visible_address_prefix_type_consistent,clinic,4522450116500,はた産婦人科医院,宮崎県宮崎市和知川原１丁目１０７,31.924549,131.415091,2026-06-01,11.4
11343,医療法人　桑原産婦人科医院,福岡県中間市中間3丁目5番5号,33.8166613,130.7123458,name_municipality_only,clinic,4022400025630,医療法人桑原産婦人科医院,福岡県中間市中間３ー５ー５,33.816659,130.712319,2026-06-01,
11344,山内産婦人科医院,愛媛県宇和島市宮下甲２２３－５,33.2034588,132.5496449,exact_name_pref_municipality_address,clinic,3822386331330,山内産婦人科医院,愛媛県宇和島市宮下甲２２３－５,33.203531,132.549528,2026-06-01,13.5
11345,ちが産婦人科医院,熊本県菊池郡菊陽町原水２９５１ー１,32.875792,130.851472,exact_name_pref_municipality_address,clinic,432243510553,ちが産婦人科医院,熊本県菊池郡菊陽町原水２９５１ー１,32.875787,130.851474,2026-06-01,0.6
11346,医療法人社団　八代愛育会　八代レディースクリニック,熊本県八代市大手町１丁目７－２２,32.5081757,130.6137719,name_municipality_only,clinic,432243600939,医療法人社団　八代愛育会　八代レディースクリニック,熊本県八代市大手町１ー７ー２２,32.508199,130.613759,2026-06-01,
11347,医療法人回起会奥産婦人科,兵庫県加古川市加古川町木村７００－１,34.7669431,134.8212786,exact_name_pref_municipality_address,clinic,2822280036360,医療法人回起会奥産婦人科,兵庫県加古川市加古川町木村７００－１,34.766905,134.821299,2026-06-01,4.6
11348,医療法人本田産婦人科クリニック,福岡県北九州市戸畑区一枝２−１−１６,33.8864922,130.8403657,name_municipality_only,clinic,4022400028250,医療法人本田産婦人科クリニック,福岡県北九州市戸畑区一枝二丁目１番１６号,33.886527,130.840468,2026-06-01,
11349,医療法人社団朋佑会札幌産科婦人科,北海道札幌市北区屯田６条２丁目11-1,43.1346065,141.3427374,exact_name_pref_municipality_address,clinic,0122010001510,医療法人社団朋佑会　札幌産科婦人科,北海道札幌市北区屯田６条２丁目１１－１,43.134596,141.342678,2026-06-01,5.0
11350,医療法人産科婦人科宮原クリニック,福岡県久留米市国分町１１５９－２,33.2979158,130.5329986,exact_name_pref_municipality_visible_address_prefix_type_consistent,clinic,4022400016400,医療法人　産科婦人科宮原クリニック,福岡県久留米市国分町,33.296745,130.532998,2026-06-01,130.2
11355,たかき医院,新潟県十日町市馬場丙1550番地1,37.0944011,138.7245563,name_municipality_only,clinic,152SITKX00012,たかき医院,新潟県十日町市馬場丙１５５０－１,37.094401,138.724556,2026-06-01,
11356,佐伯レディースクリニック,富山県氷見市窪６６０,36.8389989,136.9875169,exact_name_pref_municipality_address,clinic,1622160510859,佐伯レディースクリニック,富山県氷見市窪６６０,36.839051,136.987496,2026-06-01,6.1
11359,医療法人　田村産婦人科医院,京都府亀岡市安町野々神２８,35.0141621,135.5715312,exact_name_pref_municipality_address,clinic,2622620002263,医療法人　田村産婦人科医院,京都府亀岡市安町野々神２８,35.014086,135.57142,2026-06-01,13.2
11361,川島産婦人科クリニック,大阪府大阪市北区天神橋５－５－２３,34.7085206,135.5114213,exact_name_pref_municipality_address,clinic,2722270002170,川島産婦人科クリニック,大阪府大阪市北区天神橋５－５－２３,34.708702,135.511689,2026-06-01,31.7
11362,医療法人社団恵友会　久保みずきレディースクリニック菅原記念診療所,兵庫県神戸市西区美賀多台3丁目13-8,34.7178861,135.0057671,name_municipality_only,clinic,2822280014740,医療法人社団　恵友会　久保みずきレディースクリニック菅原記念診療所,兵庫県神戸市西区美賀多台３丁目１３番地の８,34.717858,135.00573,2026-06-01,
11363,医療法人社団Ｌｅｉａｌｏｈａ　中野産婦人科医院,東京都小平市津田町１−４−８,35.725539,139.4621881,exact_name_pref_municipality_address,clinic,1322138307130,医療法人社団Ｌｅｉａｌｏｈａ　中野産婦人科医院,東京都小平市津田町１－４－８,35.725495,139.462119,2026-06-01,7.9
11364,レディース＆マタニティクリニック　サンタクルス　ザ　タカラヅカ,兵庫県宝塚市武庫川町６－２２,34.8075519,135.350534,exact_name_pref_municipality_address,clinic,2822280051140,レディース＆マタニティクリニック　サンタクルス　ザ　タカラヅカ,兵庫県宝塚市武庫川町６－２２,34.807382,135.350336,2026-06-01,26.1
11365,やはば産婦人科,岩手県紫波郡矢巾町医大通２－４－６,39.6137261,141.1649974,name_municipality_only,clinic,03203201242,やはば産婦人科,岩手県紫波郡矢巾町医大通二丁目４番６号,39.613726,141.164997,2026-06-01,
11366,赤堀クリニック,岡山県津山市椿高下33,35.0655522,134.0006395,exact_name_pref_municipality_address,clinic,3322330016630,赤堀クリニック,岡山県津山市椿高下３３,35.065616,134.000578,2026-06-01,9.0
11368,みつお産婦人科,鹿児島県霧島市隼人町見次一二九六番地三,31.7413102,130.7424667,name_municipality_only,clinic,46222658,みつお産婦人科,鹿児島県霧島市隼人町見次１２９６－３,31.743689,130.745131,2026-06-01,
11370,矢内原医院,神奈川県鎌倉市大船2-17-18,35.353358,139.535559,exact_name_pref_municipality_address,clinic,1421400579400,矢内原医院,神奈川県鎌倉市大船２－１７－１８,35.353281,139.53556,2026-06-01,8.6
11371,ゆのはら産婦人科医院,熊本県熊本市中央区南熊５丁目９番３号,32.8099277,130.7704952,name_municipality_only,clinic,432243311789,ゆのはら産婦人科医院,熊本県熊本市中央区南熊本５ー９ー３,32.785177,130.710919,2026-06-01,
11372,島田産婦人科医院,静岡県駿東郡清水町伏見３８－１,35.1105822,138.9004131,exact_name_pref_municipality_address,clinic,2222225621840,島田産婦人科医院,静岡県駿東郡清水町伏見３８－１,35.110936,138.900555,2026-06-01,41.4
11376,医療法人産楠会くすもと産婦人科,鹿児島県日置市伊集院町郡１１９３－１,31.6371823,130.4035242,exact_name_pref_municipality_address,clinic,46224180,医療法人産楠会くすもと産婦人科,鹿児島県日置市伊集院町郡１１９３－１,31.637112,130.403364,2026-06-01,17.1
11377,医療法人小川クリニック,神奈川県横浜市戸塚区舞岡町２９番地,35.4109977,139.5427699,exact_name_pref_municipality_visible_address_prefix_type_consistent,clinic,1421406572000,医療法人　小川クリニック,神奈川県横浜市戸塚区舞岡町２９,35.411083,139.542974,2026-06-01,20.8
11378,北熊本井上産婦人科医院,熊本県熊本市北区鶴羽田１丁目１４番２７号,32.8548701,130.7260006,name_municipality_only,clinic,432243510511,北熊本井上産婦人科医院,熊本県熊本市北区鶴羽田１ー１４ー２７,32.854746,130.726215,2026-06-01,
11380,オークスマタニティクリニック,岡山県岡山市北区大安寺南町二丁目２番５号,34.6588646,133.8877175,exact_name_pref_municipality_address,clinic,3322330015250,オークスマタニティクリニック,岡山県岡山市北区大安寺南町二丁目２番５号,34.65885,133.887675,2026-06-01,4.2
11382,医療法人慈慶会　八木産婦人科,佐賀県武雄市北方町大﨑１１２１,33.1941592,130.0215646,name_municipality_only,clinic,4122415703130,医療法人慈慶会　八木産婦人科,佐賀県武雄市北方町大崎１１２１,33.220493,130.058452,2026-06-01,
11383,医療法人　西川医院,大阪府大阪市阿倍野区天王寺町北２−１６−１０,34.6455293,135.5256882,exact_name_pref_municipality_address,clinic,2722270019230,医療法人　西川医院,大阪府大阪市阿倍野区天王寺町北２－１６－１０,34.645514,135.525691,2026-06-01,1.7
11384,希望が丘クリニック,滋賀県野洲市市三宅２３５４,35.0669331,136.0152187,exact_name_pref_municipality_address,clinic,2522250008150,希望が丘クリニック,滋賀県野洲市市三宅２３５４,35.067433,136.018092,2026-06-01,267.3
11385,医療法人　富田産婦人科医院,福岡県朝倉市甘木1979番地8,33.4247693,130.6551358,exact_name_pref_municipality_visible_address_prefix_type_consistent,clinic,4022400017480,医療法人　富田産婦人科医院,福岡県朝倉市甘木,33.42462,130.65489,2026-06-01,28.2
11389,由良産婦人科・小児科医院,京都府綾部市本町一丁目２０,35.2971856,135.2606599,exact_name_pref_municipality_visible_address_prefix_type_consistent,clinic,2622620002330,由良産婦人科・小児科医院,京都府綾部市本町一丁目２０番地,35.297106,135.260571,2026-06-01,12.0
11391,加藤クリニック,埼玉県さいたま市浦和区前地2-3-11,35.8575117,139.6623091,exact_name_pref_municipality_address,clinic,1121104457800,加藤クリニック,埼玉県さいたま市浦和区前地２－３－１１,35.857476,139.662321,2026-06-01,4.1
11392,医療法人琢生会　神田マタニティクリニック,大阪府吹田市江坂町三丁目三十一番地五号,34.7654064,135.4972067,name_municipality_only,clinic,2722270041270,医療法人　琢生会　神田マタニティクリニック,大阪府吹田市江坂町３丁目３１－５,34.764556,135.489327,2026-06-01,
11394,医療法人社団海里会　池羽レディースクリニック,茨城県結城市結城10622-1,36.3037988,139.8635028,exact_name_pref_municipality_address,clinic,082208621935,医療法人社団海里会池羽レディースクリニック,茨城県結城市結城１０６２２－１,36.300556,139.866667,2026-06-01,458.7
11396,産科・婦人科・麻酔科　東島レディースクリニック,長崎県佐世保市大宮町１７番地１３,33.1583163,129.7397173,exact_name_pref_municipality_address,clinic,422csa0141,産科・婦人科・麻酔科　東島レディースクリニック,長崎県佐世保市大宮町１７番地１３,33.158254,129.739593,2026-06-01,13.5
11397,医療法人社団秀友会　松信ウィメンズクリニック・こどもクリニック,千葉県習志野市本大久保3-5-27,35.681499,140.0425397,exact_name_pref_municipality_address,clinic,1221200085000,医療法人社団秀友会　松信ウィメンズクリニック・こどもクリニック,千葉県習志野市本大久保３－５－２７,35.681485,140.042567,2026-06-01,2.9
11398,フクイ産婦人科クリニック,群馬県伊勢崎市下植木町553-3,36.3185706,139.212776,exact_name_pref_municipality_address,clinic,1022100001077,フクイ産婦人科クリニック,群馬県伊勢崎市下植木町５５３ー３,36.318566,139.212835,2026-06-01,5.3
11399,医療法人ユーエムシー内田産婦人科医院,福岡県行橋市西宮市1－10,33.7303505,130.9671274,name_municipality_only,clinic,4022400030760,医療法人　ユーエムシー内田産婦人科医院,福岡県行橋市西宮市５ー１ー１０,33.727424,130.963576,2026-06-01,
11400,医療法人　博報会　上野産婦人科,愛知県名古屋市千種区上野１－１－１１,35.1821526,136.9510449,exact_name_pref_municipality_address,clinic,2322232201030,医療法人　博報会　上野産婦人科,愛知県名古屋市千種区上野１－１－１１,35.182148,136.951075,2026-06-01,2.8
11401,金子産婦人科,大阪府門真市大倉町６－１４,34.7440398,135.5935116,name_municipality_only,clinic,2722270051350,金子産婦人科,大阪府門真市大倉町６番１４号,34.74406,135.593514,2026-06-01,
11403,医療法人社団野口産婦人科医院,山口県下関市梶栗町３丁目７－８,34.0141905,130.9211031,exact_name_pref_municipality_address,clinic,3522353137550,医療法人社団野口産婦人科医院,山口県下関市梶栗町３丁目７－８,34.014167,130.921056,2026-06-01,5.1
11406,医療法人尚志会山田産婦人科,愛知県西尾市若松町３８番地,34.8686725,137.0621336,exact_name_pref_municipality_visible_address_prefix_type_consistent,clinic,2322231600250,医療法人尚志会　山田産婦人科,愛知県西尾市若松町,34.868834,137.060354,2026-06-01,163.3
11408,医療法人社団薫誠会　葛西産婦人科,東京都江戸川区東葛西６－８－６,35.6614177,139.8742531,exact_name_pref_municipality_address,clinic,1322135214240,医療法人社団薫誠会　葛西産婦人科,東京都江戸川区東葛西６－８－６,35.66137,139.874227,2026-06-01,5.8
11409,松下産婦人科医院,静岡県菊川市加茂１９９０,34.7477145,138.0881019,exact_name_pref_municipality_address,clinic,2222226406770,松下産婦人科医院,静岡県菊川市加茂１９９０,34.747655,138.087973,2026-06-01,13.5
11411,上山レディースクリニック,静岡県伊東市吉田５７３番３,34.9357178,139.1196425,exact_name_pref_municipality_address,clinic,2222225324170,上山レディースクリニック,静岡県伊東市吉田５７３番３,34.935685,139.119735,2026-06-01,9.2
11413,花岡レディースクリニック,長野県小諸市市町5－4－16,36.336387,138.414915,exact_name_pref_municipality_address,clinic,2022200520911,花岡レディースクリニック,長野県小諸市市町５－４－１６,36.307799,138.440535,2026-06-01,3920.9
11414,いとうレディースケアクリニック,岐阜県本巣郡北方町北方３１９５,35.4230421,136.6834168,exact_name_pref_municipality_address,clinic,2121632002045,いとうレディースケアクリニック,岐阜県本巣郡北方町北方３１９５,35.423074,136.683222,2026-06-01,18.0
11416,松島産婦人科医院,滋賀県大津市錦織３丁目６－２２,35.0287898,135.8594813,exact_name_pref_municipality_address,clinic,2522250006540,松島産婦人科医院,滋賀県大津市錦織３丁目６－２２,35.028461,135.859592,2026-06-01,37.9
11417,産婦人科清稜クリニック,静岡県駿東郡長泉町下長窪988-11,35.1511954,138.8871133,exact_name_pref_municipality_address,clinic,2222227162930,産婦人科　清稜クリニック,静岡県駿東郡長泉町下長窪９８８－１１,35.151169,138.887134,2026-06-01,3.5
11419,医療法人社団浩明会 梶山クリニック,山梨県甲府市徳行1-3-20,35.6548708,138.5460075,exact_name_pref_municipality_address,clinic,1922190000149,医療法人社団　浩明会　梶山クリニック,山梨県甲府市徳行１－３－２０,35.654986,138.546032,2026-06-01,13.0
11421,医療法人　大平産婦人科,大阪府堺市南区桃山台４－２－１,34.4922371,135.4866157,name_municipality_only,clinic,2722270099480,医療法人　大平産婦人科,大阪府堺市南区桃山台４丁２番１号,34.492252,135.486618,2026-06-01,
11422,田那村産婦人科,愛知県岡崎市康生通南二丁目２３番地５,34.9568348,137.16331,name_municipality_only,clinic,2322232701200,田那村産婦人科,愛知県岡崎市康生通南２丁目２３－５,34.956814,137.163346,2026-06-01,
11424,医療法人稲風会　鈴木医院,大阪府茨木市駅前３丁目５番２１号,34.8151957,135.5677747,exact_name_pref_municipality_address,clinic,2722270045780,医療法人稲風会　鈴木医院,大阪府茨木市駅前３丁目５番２１号,34.815219,135.567707,2026-06-01,6.7
11426,ティアラウィメンズクリニック,静岡県掛川市杉谷南１丁目19−５,34.7631996,138.0288783,name_municipality_only,clinic,2222227335330,ティアラウィメンズクリニック,静岡県掛川市杉谷南一丁目１９－５,34.763122,138.029401,2026-06-01,
11427,大野レディスクリニック,愛知県岩倉市稲荷町高畑１０,35.2702145,136.8702798,exact_name_pref_municipality_address,clinic,2322230701390,大野レディスクリニック,愛知県岩倉市稲荷町高畑１０,35.27022,136.870272,2026-06-01,0.9
11428,医療法人　宮崎産婦人科,三重県鈴鹿市平田2丁目1-8,34.8747138,136.5379815,name_municipality_only,clinic,2422240006520,医療法人　宮崎産婦人科,三重県鈴鹿市平田２－１－８,34.874753,136.537985,2026-06-01,
11429,医療法人川村産婦人科医院,大阪府高槻市松ヶ丘１－１－１,34.846193,135.6174134,name_municipality_only,clinic,2722270047990,医療法人川村産婦人科医院,大阪府高槻市松が丘一丁目１番１号,34.871963,135.601091,2026-06-01,
11431,産科・婦人科ミナミクリニック,愛知県小牧市小牧原４－３８－１,35.3032725,136.9274673,exact_name_pref_municipality_address,clinic,2322230601010,産科・婦人科ミナミクリニック,愛知県小牧市小牧原４－３８－１,35.303272,136.927467,2026-06-01,0.1
11433,ふくろいマタニティクリニック,静岡県袋井市方丈６ー１０－２７,34.7482512,137.9314843,name_municipality_only,clinic,2222227318740,ふくろいマタニティクリニック,静岡県袋井市方丈６丁目１０－２７,34.748387,137.931426,2026-06-01,
11435,医療法人社団愛弘会　みらいウィメンズクリニック,千葉県印西市原四丁目２番地２,35.7994981,140.162385,exact_name_pref_municipality_address,clinic,1221222773000,医療法人社団愛弘会　みらいウィメンズクリニック,千葉県印西市原四丁目２番地２,35.799469,140.162445,2026-06-01,6.3
11436,医療法人　福住産科婦人科クリニック,北海道札幌市豊平区福住３条１丁目２－２４,43.0180018,141.4066906,exact_name_pref_municipality_address,clinic,0122010001160,医療法人　福住産科婦人科クリニック,北海道札幌市豊平区福住３条１丁目２－２４,43.018026,141.406678,2026-06-01,2.9
11438,恵愛みらいクリニック,石川県小松市光町１番地１,36.4047805,136.4571529,exact_name_pref_municipality_address,hospital,1711112005,恵愛みらいクリニック,石川県小松市光町１番地１,36.404687,136.457415,2026-06-01,25.7
11439,あいレディースクリニック,岐阜県岐阜市菅生６－２－５,35.4247858,136.7281978,exact_name_pref_municipality_address,clinic,2121342000724,あいレディースクリニック,岐阜県岐阜市菅生６－２－５,35.424739,136.728197,2026-06-01,5.2
11440,山内産婦人科クリニック,岡山県倉敷市三田１２６－１,34.6298826,133.7983817,exact_name_pref_municipality_address,clinic,3322330012540,山内産婦人科クリニック,岡山県倉敷市三田１２６－１,34.629824,133.798378,2026-06-01,6.5
11441,医療法人しもむら産婦人科,長崎県長崎市古川町ハ番十一号,32.7504527,129.8790402,name_municipality_only,clinic,422cna0639,医療法人　しもむら産婦人科,長崎県長崎市古川町８番１１号,32.746212,129.881181,2026-06-01,
11442,ゆだて産婦人科,千葉県富里市七栄６４６－１６,35.7353365,140.3303592,exact_name_pref_municipality_address,clinic,1221202717000,ゆだて産婦人科,千葉県富里市七栄６４６－１６,35.735467,140.330406,2026-06-01,15.1
11444,医療法人中曽産科婦人科医院,鳥取県米子市西福原4-8-41,35.4448145,133.339866,name_municipality_only,clinic,3123111000182,医療法人　中曽産科婦人科医院,鳥取県米子市西福原４丁目８番４１号,35.44481,133.339857,2026-06-01,
11446,竹内レディースクリニック,鹿児島県姶良市東餠田５０２－２,31.7289987,130.6263203,exact_name_pref_municipality_address,clinic,46222550,竹内レディースクリニック,鹿児島県姶良市東餠田５０２－２,31.731938,130.632016,2026-06-01,630.1
11449,医療法人みちおかレディースクリニック,福岡県北九州市小倉南区徳力２丁目２２番２８号,33.8271624,130.8714286,name_municipality_only,clinic,4022400035050,医療法人　みちおかレディースクリニック,福岡県北九州市小倉南区徳力二丁目２２番２８号,33.827106,130.871137,2026-06-01,
11450,マミーズクリニックルナ,福岡県那珂川市道善２－６９,33.5116253,130.4219907,exact_name_pref_municipality_address,clinic,4022400079790,マミーズクリニックルナ,福岡県那珂川市道善２ー６９,33.511368,130.421967,2026-06-01,28.7
11451,愛甲産婦人科医院,熊本県人吉市蟹作町１１０８番地８,32.1970158,130.7793926,exact_name_pref_municipality_address,clinic,432243621613,愛甲産婦人科医院,熊本県人吉市蟹作町１１０８番地８,32.197238,130.779418,2026-06-01,24.8
11452,医療法人田中クリニック,福岡県飯塚市本町１７−１２,33.6393161,130.6829711,exact_name_pref_municipality_address,clinic,4022400024060,医療法人　田中クリニック,福岡県飯塚市本町１７ー１２,33.639668,130.682436,2026-06-01,63.1
11453,鷺沼産婦人科医院,神奈川県川崎市宮前区鷺沼3-5-17,35.5782259,139.5711556,exact_name_pref_municipality_address,clinic,1421408906800,鷺沼産婦人科医院,神奈川県川崎市宮前区鷺沼３－５－１７,35.578191,139.571172,2026-06-01,4.2
11454,宮坂産婦人科クリニック,埼玉県さいたま市緑区東浦和２ー７１ー２,35.8619777,139.6948031,exact_name_pref_municipality_visible_address_prefix_type_consistent,clinic,1121104663500,宮坂産婦人科クリニック,埼玉県さいたま市緑区東浦和,35.86199,139.694838,2026-06-01,3.4
11456,医療法人平治会さくらレディースクリニック,奈良県橿原市上品寺町528,34.5184048,135.793461,exact_name_pref_municipality_address,clinic,2922116000000,医療法人平治会　さくらレディースクリニック,奈良県橿原市上品寺町５２８,34.518404,135.793461,2026-06-01,0.1
11457,医療法人益治論会産婦人科いきめの杜クリニック,宮崎県宮崎市大字柏原４０７ー１,31.9337658,131.3694825,exact_name_pref_municipality_address,clinic,4522453172770,医療法人益治論会産婦人科いきめの杜クリニック,宮崎県宮崎市大字柏原４０７ー１,31.936935,131.374988,2026-06-01,627.8
11460,医療法人　田辺産婦人科,山梨県中巨摩郡昭和町西条６４０,35.6305123,138.5468094,exact_name_pref_municipality_address,clinic,1922190000240,医療法人　田辺産婦人科,山梨県中巨摩郡昭和町西条６４０,35.630517,138.546644,2026-06-01,15.0
11461,医療法人　深川レディスクリニック,福岡県久留米市田主丸町田主丸１番地２８,33.3459996,130.6885788,exact_name_pref_municipality_address,clinic,4022400019060,医療法人　深川レディスクリニック,福岡県久留米市田主丸町田主丸１番地２８,33.346044,130.688183,2026-06-01,37.1
11462,有秋台医院,千葉県市原市有秋台西１ー７,35.4526914,140.0514985,exact_name_pref_municipality_visible_address_prefix_type_consistent,clinic,1221228162000,有秋台医院,千葉県市原市有秋台西,35.451821,140.052119,2026-06-01,111.9
11463,医療法人小塚産婦人科,三重県桑名市矢田４１９－１,35.0582459,136.6726095,exact_name_pref_municipality_address,clinic,2422240002910,医療法人　小塚産婦人科,三重県桑名市矢田４１９－１,35.058207,136.672583,2026-06-01,5.0
11464,医療法人久英会　片山産婦人科,京都府舞鶴市字倉谷４００番地１,35.4432591,135.3329459,name_municipality_only,clinic,2622620002370,医療法人久英会　片山産婦人科,京都府舞鶴市字倉谷４００－１,35.443147,135.33292,2026-06-01,
11465,産科・婦人科クリニック　おおつか,宮崎県宮崎市大塚町八所３５９７ー１,31.9147113,131.3902005,exact_name_pref_municipality_address,clinic,4522453172220,産科・婦人科クリニック　おおつか,宮崎県宮崎市大塚町八所３５９７ー１,31.914696,131.390204,2026-06-01,1.7
11466,すみ産婦人科医院,宮崎県都城市東町１４街区９－１号,31.7237409,131.0701136,name_municipality_only,clinic,4522450230190,すみ産婦人科医院,宮崎県都城市東町１４ー９ー１,31.723568,131.070242,2026-06-01,
11467,マムレディースクリニック,長崎県諌早市永昌東町20-23,32.8535826,130.043714,name_municipality_only,clinic,422coh0032,マムレディースクリニック,長崎県諫早市永昌東町２０－２３,32.853511,130.043673,2026-06-01,
11468,松田母子クリニック,埼玉県所沢市本郷１０８０－５,35.7918129,139.5148474,exact_name_pref_municipality_address,clinic,1121121348500,松田母子クリニック,埼玉県所沢市本郷１０８０－５,35.791803,139.514867,2026-06-01,2.1
11470,医療法人双藤会　産科・婦人科藤東クリニック,広島県安芸郡府中町茂陰1-1-1,34.3893285,132.5033268,name_municipality_only,clinic,3422340574230,医療法人　双藤会　産科・婦人科　藤東クリニック,広島県安芸郡府中町茂陰一丁目１番１号,34.389456,132.503037,2026-06-01,
11471,医療法人社団　江川レディースクリニック,広島県廿日市市本町5-18,34.3510543,132.3340257,exact_name_pref_municipality_address,clinic,3422340019050,医療法人社団　江川レディースクリニック,広島県廿日市市本町５－１８,34.351263,132.334302,2026-06-01,34.4
11472,医療法人社団鴻鶴会　内野産婦人科小児科,東京都国立市東１－８－６　国立メディカルセンタービル,35.6981765,139.4490746,exact_name_pref_municipality_address,clinic,1322137917620,医療法人社団鴻鶴会　内野産婦人科小児科,東京都国立市東１－８－６　国立メディカルセンタービル,35.698136,139.448844,2026-06-01,21.3
11473,蕙愛レディースクリニック,徳島県徳島市佐古三番町４－６,34.0768454,134.5367058,exact_name_pref_municipality_address,clinic,3622365149530,蕙愛レディースクリニック,徳島県徳島市佐古三番町４－６,34.076857,134.536753,2026-06-01,4.5
11474,しんもと産婦人科,福岡県行橋市行事７－７－２,33.7323903,130.9705134,exact_name_pref_municipality_address,clinic,4022400030620,しんもと産婦人科,福岡県行橋市行事７－７－２,33.732341,130.970548,2026-06-01,6.3
11475,医療法人貴誕会ENAレディースクリニック,大阪府大阪市都島区都島北通1丁目22番10号,34.7121304,135.5286651,name_municipality_only,clinic,2722270123750,医療法人貴誕会　ＥＮＡレディースクリニック,大阪府大阪市都島区都島北通１－２２－１０,34.712118,135.528715,2026-06-01,
11477,医療法人美ら海ハシイ産婦人科,沖縄県名護市為又1220－291,26.6200248,127.9700468,name_municipality_only,clinic,472335,医療法人　美ら海ハシイ産婦人科,沖縄県名護市字為又１２２０－２９１,26.619932,127.969879,2026-06-01,
11479,医療法人大和医院,大阪府大阪市港区磯路２丁目６－１,34.6648921,135.4617358,name_municipality_only,clinic,2722270026200,医療法人大和医院,大阪府大阪市港区磯路２－６－１,34.6649,135.461723,2026-06-01,
11480,中林産婦人科クリニック,兵庫県姫路市白国１－３－３０,34.8573743,134.7069017,exact_name_pref_municipality_address,clinic,2822280016180,中林産婦人科クリニック,兵庫県姫路市白国１－３－３０,34.857254,134.707304,2026-06-01,39.1
11482,バークレーレディースクリニック,沖縄県浦添市当山２－２－１１,26.2527145,127.7383946,exact_name_pref_municipality_address,clinic,472880,バークレーレディースクリニック,沖縄県浦添市当山２－２－１１,26.252737,127.738426,2026-06-01,4.0
11483,医療法人医聖会　イルマーレレディースクリニック,愛知県名古屋市天白区島田４－２９０４,35.1183296,136.978116,exact_name_pref_municipality_address,clinic,2322232504640,医療法人医聖会　イルマーレレディースクリニック,愛知県名古屋市天白区島田４－２９０４,35.118337,136.978068,2026-06-01,4.4
11486,レディスクリニックすごう,青森県弘前市外崎五丁目７－４,40.5955372,140.4946886,exact_name_pref_municipality_address,clinic,0220220000366,レディスクリニックすごう,青森県弘前市外崎五丁目７－４,40.595575,140.494726,2026-06-01,5.3
11488,医療法人社団ロイヤルハートクリニック,新潟県新潟市中央区天神尾1-17-5,37.9079531,139.054388,name_municipality_only,clinic,152SINCX00141,医療法人社団ロイヤルハートクリニック,新潟県新潟市中央区天神尾１丁目１７番５号,37.907982,139.05461,2026-06-01,
11489,医療法人繁桂会　中川産科婦人科医院,広島県広島市中区本川町２-１-１６,34.3975247,132.4516138,name_municipality_only,clinic,3422340511990,医療法人繁桂会　中川産科婦人科医院,広島県広島市中区本川町二丁目１番１６号,34.397541,132.451633,2026-06-01,
11490,医療法人　平野エンゼルクリニック,鹿児島県鹿児島市上荒田町31番地21号,31.5745903,130.5462495,exact_name_pref_municipality_visible_address_prefix_type_consistent,clinic,46220127,医療法人　平野エンゼルクリニック,鹿児島県鹿児島市上荒田町,31.574585,130.546269,2026-06-01,1.9
11491,医療法人　岡南産婦人科医院,岡山県岡山市南区平福２－６－４３,34.6162856,133.9500473,name_municipality_only,clinic,3322330006750,医療法人岡南産婦人科医院,岡山県岡山市南区平福２丁目６－４３,34.616329,133.950115,2026-06-01,
11492,稲毛バースクリニック,千葉県千葉市稲毛区小仲台６－４－１５,35.6393697,140.0913817,exact_name_pref_municipality_address,clinic,1221220922800,稲毛バースクリニック,千葉県千葉市稲毛区小仲台６－４－１５,35.639363,140.091407,2026-06-01,2.4
11493,横西産婦人科,長野県松本市島立２９９２－１,36.2256442,137.934189,exact_name_pref_municipality_address,clinic,2022205949100,横西産婦人科,長野県松本市島立２９９２－１,36.225657,137.934166,2026-06-01,2.5
11495,医療法人社団南産婦人科,三重県松阪市下村町1041,34.5552546,136.547906,exact_name_pref_municipality_address,clinic,2422240002440,医療法人社団　南産婦人科,三重県松阪市下村町１０４１,34.554982,136.547721,2026-06-01,34.7
11496,医療法人慈久会　たかせ産婦人科,大阪府豊中市上野東２－６－１５,34.7953702,135.4746467,exact_name_pref_municipality_address,clinic,2722270034240,医療法人　慈久会　たかせ産婦人科,大阪府豊中市上野東２－６－１５,34.795414,135.474633,2026-06-01,5.0
11499,医療法人なわて記念会　鈴木レディースクリニック,三重県鈴鹿市平野町７７４０－１,34.8674483,136.5188557,exact_name_pref_municipality_address,clinic,2422240001430,医療法人　なわて記念会　鈴木レディースクリニック,三重県鈴鹿市平野町７７４０－１,34.86742,136.519126,2026-06-01,24.9
11501,医療法人社団　しま産婦人科,山口県宇部市島２丁目１－３,33.9623662,131.2446506,exact_name_pref_municipality_address,clinic,3522355843350,医療法人社団　しま産婦人科,山口県宇部市島２丁目１－３,33.962361,131.244417,2026-06-01,21.6
11502,菜の花マタニティクリニック,長野県伊那市日影３８０－１,35.8377392,137.9747902,exact_name_pref_municipality_address,clinic,2022205625000,菜の花マタニティクリニック,長野県伊那市日影３８０－１,35.837813,137.974733,2026-06-01,9.7
11503,医療法人　鹿苑会　佐々木悦子産科婦人科クリニック,宮城県仙台市太白区鹿野本町１１－２１,38.2315238,140.8724064,exact_name_pref_municipality_address,clinic,042801288,医療法人　鹿苑会　佐々木悦子産科婦人科クリニック,宮城県仙台市太白区鹿野本町１１－２１,38.231533,140.872391,2026-06-01,1.7
11504,セイントマザークリニック,宮城県仙台市青葉区支倉町１－３１　支倉メディカルビル内,38.2663189,140.8626572,exact_name_pref_municipality_address,clinic,042705107,セイントマザークリニック,宮城県仙台市青葉区支倉町１－３１　支倉メディカルビル内,38.266335,140.862625,2026-06-01,3.3
11505,医療法人　慈心会　あさの葉レディースクリニック,福岡県宗像市くりえいと２ー３ー４５,33.8150729,130.5648343,exact_name_pref_municipality_address,clinic,4022400004300,医療法人　慈心会　あさの葉レディースクリニック,福岡県宗像市くりえいと２－３－４５,33.81499,130.564804,2026-06-01,9.6
11506,医療法人　育成会　四日市レディースクリニック,三重県四日市市小生町字西川原８００番地,34.9755107,136.5776724,exact_name_pref_municipality_address,clinic,2422242240025,医療法人　育成会　四日市レディースクリニック,三重県四日市市小生町字西川原８００番地,34.977317,136.572822,2026-06-01,485.4
11507,医療法人米田産婦人科,大阪府大阪市鶴見区諸口1-13-16,34.7013413,135.5768903,exact_name_pref_municipality_address,clinic,2722270012170,医療法人　米田産婦人科,大阪府大阪市鶴見区諸口１－１３－１６,34.701315,135.576879,2026-06-01,3.1
11508,医療法人社団均禮会　府中の森土屋産婦人科,東京都府中市府中町３丁目１０番地９号,35.6766471,139.4854854,name_municipality_only,clinic,1322137112529,医療法人社団均禮会　府中の森　土屋産婦人科,東京都府中市府中町３－１０－９,35.676611,139.485481,2026-06-01,
11509,医療法人社団　桜裕会　　砂町産婦人科,東京都江東区南砂４－２－１３,35.6735037,139.8274372,exact_name_pref_municipality_address,clinic,1322136800011,医療法人社団桜裕会　砂町産婦人科,東京都江東区南砂４－２－１３,35.673507,139.827424,2026-06-01,1.2
11510,医療法人石塚レディースクリニック,鹿児島県鹿児島市新屋敷町４－１０,31.5813456,130.5551043,exact_name_pref_municipality_address,clinic,46220165,医療法人石塚レディースクリニック,鹿児島県鹿児島市新屋敷町４－１０,31.581319,130.555253,2026-06-01,14.4
11511,医療法人雄峰会まのウィメンズクリニック,愛知県春日井市松新町２丁目５番地,35.2325455,136.9594116,exact_name_pref_municipality_address,clinic,2322230502460,医療法人雄峰会まのウィメンズクリニック,愛知県春日井市松新町２丁目５番地,35.232371,136.958958,2026-06-01,45.5
11512,医療法人　千音寺産婦人科,愛知県名古屋市中川区千音寺四丁目2707番地,35.1569947,136.8144628,exact_name_pref_municipality_address,clinic,2322232308870,医療法人　千音寺産婦人科,愛知県名古屋市中川区千音寺四丁目２７０７番地,35.156887,136.814414,2026-06-01,12.8
11514,公益社団法人　有隣厚生会　共立産婦人科医院,静岡県御殿場市二枚橋8-1,35.3039626,138.9319923,exact_name_pref_municipality_address,clinic,2222225710210,公益社団法人有隣厚生会共立産婦人科医院,静岡県御殿場市二枚橋８ー１,35.30396,138.931984,2026-06-01,0.8
11515,セブンベルクリニック,愛知県稲沢市小池４丁目１２２番地,35.247726,136.8140095,exact_name_pref_municipality_address,clinic,2322230200510,セブンベルクリニック,愛知県稲沢市小池４丁目１２２番地,35.246222,136.813223,2026-06-01,181.9
11516,医療法人社団三恵会育生医院,千葉県茂原市八千代２－１２－１４,35.4231893,140.2947418,exact_name_pref_municipality_address,clinic,1221203739700,医療法人社団三恵会育生医院,千葉県茂原市八千代２－１２－１４,35.423206,140.294775,2026-06-01,3.5
11517,ローズベルクリニック,岐阜県可児市下恵土２９７５番地１,35.4284244,137.0477446,exact_name_pref_municipality_address,clinic,2121652006911,ローズベルクリニック,岐阜県可児市下恵土２９７５番地１,35.428648,137.047688,2026-06-01,25.4
11518,医療法人　裕生会　丸山産婦人科医院,長野県長野市大字鶴賀南千歳町982番地,36.6474444,138.1901796,name_municipality_only,clinic,2022206603890,医療法人裕生会　丸山産婦人科医院,長野県長野市鶴賀南千歳町９８２番地,36.647782,138.189933,2026-06-01,
11519,グリーンベルクリニック,愛知県豊田市若林東町棚田１６０－１,35.0265724,137.1061857,exact_name_pref_municipality_address,clinic,2322232802200,グリーンベルクリニック,愛知県豊田市若林東町棚田１６０－１,35.02675,137.106125,2026-06-01,20.5
11520,アルプスベルクリニック,岐阜県高山市山田町３１０,36.1514571,137.224385,exact_name_pref_municipality_address,clinic,2121662007491,アルプスベルクリニック,岐阜県高山市山田町３１０,36.151457,137.224385,2026-06-01,0.0
11521,ロイヤルベルクリニック,愛知県名古屋市緑区水広１丁目１７１５番地,35.0814853,136.9948625,exact_name_pref_municipality_address,clinic,2322232504880,ロイヤルベルクリニック,愛知県名古屋市緑区水広１丁目１７１５番地,35.08152,136.994771,2026-06-01,9.2
11522,医療法人虹心会たなべクリニック産科婦人科,佐賀県唐津市坊主町５５０－１番地,33.4514607,129.9650342,name_municipality_only,clinic,4122415505480,医療法人虹心会　たなべクリニック産科婦人科,佐賀県唐津市坊主町５５０番地１,33.451243,129.964816,2026-06-01,
11523,医療法人　福井レディースクリニック,福岡県久留米市津福本町１６２０ー１,33.2965257,130.4996031,exact_name_pref_municipality_address,clinic,4022400016250,医療法人　福井レディースクリニック,福岡県久留米市津福本町１６２０ー１,33.296465,130.499519,2026-06-01,10.3
11524,フォレストベルクリニック,愛知県名古屋市守山区上志段味字羽前６００番地２,35.2476353,137.043707,exact_name_pref_municipality_address,clinic,2322232406460,フォレストベルクリニック,愛知県名古屋市守山区上志段味字羽前６００番地２,35.253165,137.03483,2026-06-01,1013.8
11525,アンジェリッククリニック浦田,大分県大分市花津留２丁目１０番２号,33.243747,131.6334114,exact_name_pref_municipality_visible_address_prefix_type_consistent,clinic,4421017800000,アンジェリッククリニック浦田,大分県大分市花津留,33.243833,131.633349,2026-06-01,11.2
11526,パークベルクリニック,愛知県豊橋市南松山町１５３,34.7544589,137.3882873,exact_name_pref_municipality_address,clinic,2322232602940,パークベルクリニック,愛知県豊橋市南松山町１５３,34.754507,137.388197,2026-06-01,9.8
11527,キャッスルベルクリニック,愛知県名古屋市西区天塚町２丁目７番地,35.199202,136.8951853,exact_name_pref_municipality_address,clinic,2322232306570,キャッスルベルクリニック,愛知県名古屋市西区天塚町２丁目７番地,35.199173,136.895051,2026-06-01,12.6
11528,フェアリーベルクリニック,愛知県岡崎市中島町鮫田１２番地,34.88579,137.1147729,exact_name_pref_municipality_address,clinic,2322232702970,フェアリーベルクリニック,愛知県岡崎市中島町鮫田１２番地,34.885766,137.115131,2026-06-01,32.8
11529,オレンジベルクリニック,愛知県蒲郡市神明町２３－２１,34.8260974,137.2284116,name_municipality_only,clinic,2322232000720,オレンジベルクリニック,愛知県蒲郡市神明町２３番２１号,34.826089,137.228318,2026-06-01,
11530,中村産婦人科,埼玉県比企郡小川町大字大塚１１７６－１,36.0577066,139.2612735,name_municipality_only,clinic,1121102095400,中村産婦人科,埼玉県比企郡小川町大塚,36.057692,139.261259,2026-06-01,
11531,ピーチベルクリニック,愛知県安城市新田町小山１１７番地,34.9684598,137.0886893,exact_name_pref_municipality_address,clinic,2322231402330,ピーチベルクリニック,愛知県安城市新田町小山１１７番地,34.96847,137.088703,2026-06-01,1.7
11532,医療法人愛成会東野産婦人科医院,福岡県福岡市中央区草香江２－２－１７,33.5772263,130.3743567,exact_name_pref_municipality_address,clinic,4022400008250,医療法人愛成会東野産婦人科医院,福岡県福岡市中央区草香江２－２－１７,33.57718,130.374328,2026-06-01,5.8
11534,アイリスベルクリニック,岐阜県羽島市竹鼻町丸の内４－６,35.3270954,136.6984218,exact_name_pref_municipality_address,clinic,2121632000298,アイリスベルクリニック,岐阜県羽島市竹鼻町丸の内４－６,35.327091,136.698412,2026-06-01,1.0
11535,リバーベルクリニック,愛知県豊川市本野ヶ原２丁目２２番地,34.836707,137.4032381,exact_name_pref_municipality_address,clinic,2322231902820,リバーベルクリニック,愛知県豊川市本野ヶ原２丁目２２番地,34.836653,137.403468,2026-06-01,21.8
11536,アザレアベルクリニック,静岡県掛川市上西郷２３９－１,34.7926549,138.0138172,exact_name_pref_municipality_address,clinic,2222227302420,アザレアベルクリニック,静岡県掛川市上西郷２３９－１,34.792621,138.013866,2026-06-01,5.8
11537,メイプルベルクリニック,愛知県一宮市開明蒲原２１,35.3127238,136.7610678,exact_name_pref_municipality_address,clinic,2322230101070,メイプルベルクリニック,愛知県一宮市開明蒲原２１,35.312714,136.761279,2026-06-01,19.2
11538,医療法人社団柏木記念会　ファミール産院ちば,千葉県千葉市中央区白旗２－７－２,35.5779216,140.1413134,exact_name_pref_municipality_address,clinic,1221205562000,医療法人社団柏木記念会　ファミール産院ちば,千葉県千葉市中央区白旗２－７－２,35.577906,140.141314,2026-06-01,1.7
11539,医療法人葵阪会　フラワーベルクリニック,大阪府堺市東区西野４６１番地１,34.5215004,135.5420629,exact_name_pref_municipality_address,clinic,2722270082400,医療法人葵阪会　フラワーベルクリニック,大阪府堺市東区西野４６１番地１,34.521555,135.542084,2026-06-01,6.4
11540,グレイスベルクリニック,愛知県名古屋市中区大須３－１６－２５,35.1601949,136.9032253,exact_name_pref_municipality_address,clinic,2322232405650,グレイスベルクリニック,愛知県名古屋市中区大須３－１６－２５,35.160177,136.90333,2026-06-01,9.7
11541,医療法人平治会　ＫＡＷＡレディースクリニック,大阪府堺市南区若松台３－２－３,34.4898569,135.4996997,exact_name_pref_municipality_address,clinic,2722270122430,医療法人平治会　ＫＡＷＡレディースクリニック,大阪府堺市南区若松台３－２－３,34.489836,135.499589,2026-06-01,10.4
11542,リリーベルクリニック,千葉県成田市公津の杜３丁目４３番１,35.7585433,140.2987132,exact_name_pref_municipality_address,clinic,1221202763400,リリーベルクリニック,千葉県成田市公津の杜３丁目４３番１,35.758559,140.298745,2026-06-01,3.4
11543,社会医療法人天神会　産科・婦人科みやじまクリニック,福岡県久留米市大善寺町夜明３９７－１,33.2681128,130.4718016,exact_name_pref_municipality_address,clinic,4022400039700,社会医療法人天神会　産科・婦人科みやじまクリニック,福岡県久留米市大善寺町夜明３９７－１,33.268106,130.471744,2026-06-01,5.4
11544,医療法人社団　清和会　はちすが産婦人科医院,福岡県福岡市中央区清川３－２０－９,33.5770283,130.4128422,exact_name_pref_municipality_address,clinic,4022400009570,医療法人社団　清和会　はちすが産婦人科医院,福岡県福岡市中央区清川３－２０－９,33.576959,130.412852,2026-06-01,7.8
11545,医療法人　金井産婦人科,大阪府大阪市城東区今福西１－２－８,34.6981083,135.5464976,exact_name_pref_municipality_address,clinic,2722270009470,医療法人　金井産婦人科,大阪府大阪市城東区今福西１－２－８,34.69812,135.546492,2026-06-01,1.4
11547,医療法人社団マザーキーファミール産院つだぬま,千葉県習志野市奏の杜３－４－１７,35.6873886,140.0155449,exact_name_pref_municipality_address,clinic,1221228460200,医療法人社団マザー・キー　ファミール産院つだぬま,千葉県習志野市奏の杜３－４－１７,35.687306,140.015663,2026-06-01,14.1
11548,医療法人社団ママＢＢクリニック,石川県金沢市木越町ト５番地１,36.6190052,136.662409,name_municipality_only,clinic,1725120055,医療法人社団ママＢＢクリニック,石川県金沢市木越町ト５－１,36.61908,136.662396,2026-06-01,
11550,青葉レディースクリニック,福岡県福岡市東区若宮５丁目１８－２１,33.6427952,130.4412922,exact_name_pref_municipality_address,clinic,4022400042330,青葉レディースクリニック,福岡県福岡市東区若宮５丁目１８－２１,33.642757,130.441265,2026-06-01,4.9
11551,医療法人社団おおたかの森ウィメンズケアクリニック,千葉県流山市おおたかの森南二丁目15番地の1,35.8670114,139.9259232,exact_name_pref_municipality_address,clinic,1221225994200,医療法人社団おおたかの森ウィメンズケアクリニック,千葉県流山市おおたかの森南二丁目１５番地の１,35.867016,139.925943,2026-06-01,1.9
11552,医療法人　図書館通おかもとマタニティークリニック,愛知県長久手市岩作長筬８番地１,35.1848167,137.038547,exact_name_pref_municipality_address,clinic,2322230302250,医療法人　図書館通おかもとマタニティークリニック,愛知県長久手市岩作長筬８番地１,35.185164,137.038327,2026-06-01,43.5
11553,おおたレディースクリニック,神奈川県伊勢原市伊勢原2-2-12,35.3956496,139.3113498,exact_name_pref_municipality_address,clinic,1421422482800,おおたレディースクリニック,神奈川県伊勢原市伊勢原２－２－１２,35.395639,139.311352,2026-06-01,1.2
11555,杉江産婦人科,奈良県生駒市元町1-11-3,34.6916077,135.6957278,exact_name_pref_municipality_address,clinic,2922079800000,杉江産婦人科,奈良県生駒市元町１ー１１－３,34.691674,135.695646,2026-06-01,10.5
11556,医療法人　脇本産婦人科,大阪府大阪市天王寺区空堀町１－１９,34.674453,135.5293526,exact_name_pref_municipality_address,clinic,2722270016310,医療法人　脇本産婦人科,大阪府大阪市天王寺区空堀町１－１９,34.674428,135.529356,2026-06-01,2.8
11557,医療法人社団三世会　大高医院,千葉県市川市真間3-10-8,35.7345697,139.9112397,exact_name_pref_municipality_address,clinic,1221200639400,医療法人社団三世会大高医院,千葉県市川市真間３－１０－８,35.734573,139.911221,2026-06-01,1.7
11558,医療法人苫米地レディースクリニック,青森県八戸市沢里下沢内３６－１,40.5005056,141.4765391,exact_name_pref_municipality_address,clinic,0220220000649,医療法人苫米地レディースクリニック,青森県八戸市沢里下沢内３６－１,40.493798,141.474816,2026-06-01,759.9
11559,大宮林医院,埼玉県さいたま市大宮区大成町１−３３５−１,35.9086429,139.6137321,exact_name_pref_municipality_address,clinic,1121104112900,大宮林医院,埼玉県さいたま市大宮区大成町１ー３３５ー１,35.908595,139.613689,2026-06-01,6.6
11560,医療法人小石マタニティクリニック,愛知県豊橋市つつじヶ丘2丁目7番地の1,34.7474676,137.3966714,name_municipality_only,clinic,2322232602380,医療法人　小石マタニティクリニック,愛知県豊橋市つつじが丘二丁目７番地１,34.747497,137.3967,2026-06-01,
11561,"医療法人　敬仁会　遠藤医院
遠藤マタニティクリニック",宮城県多賀城市町前２丁目２－８,38.2849602,141.0038524,exact_name_pref_municipality_address,clinic,042800903,医療法人　敬仁会　遠藤医院　遠藤マタニティクリニック,宮城県多賀城市町前２丁目２－８,38.284969,141.003769,2026-06-01,7.3
11562,医療法人社団前友会前田産婦人科,千葉県八千代市八千代台東１丁目６番１７号,35.6993512,140.0939747,exact_name_pref_municipality_address,clinic,1221222776500,医療法人社団前友会前田産婦人科,千葉県八千代市八千代台東１丁目６番１７号,35.699337,140.093962,2026-06-01,2.0
11563,綱島ゆめみ産婦人科,神奈川県横浜市港北区綱島西３－２ー２３,35.5375034,139.631025,exact_name_pref_municipality_address,clinic,1421427356000,綱島ゆめみ産婦人科,神奈川県横浜市港北区綱島西３－２ー２３,35.537499,139.631194,2026-06-01,15.3
11567,吉江レディスクリニック,富山県高岡市野村１２１３－１,36.753492,137.0391346,exact_name_pref_municipality_address,clinic,1622160212613,吉江レディスクリニック,富山県高岡市野村１２１３－１,36.753533,137.039051,2026-06-01,8.7
11568,医療法人四葉会　永田産婦人科,岐阜県各務原市那加西野町１９０番地,35.3979888,136.8344506,exact_name_pref_municipality_address,clinic,2121632000606,医療法人四葉会　永田産婦人科,岐阜県各務原市那加西野町１９０番地,35.398033,136.834188,2026-06-01,24.3
11569,会沢産婦人科医院,神奈川県大和市中央林間,,,exact_name_pref_municipality_address,clinic,1421402313000,会沢産婦人科医院,神奈川県大和市中央林間,35.510776,139.452002,2026-06-01,
11570,医療法人社団親愛産婦人科,兵庫県姫路市網干区垣内中町２６０番地,34.7912481,134.5887954,exact_name_pref_municipality_visible_address_prefix_type_consistent,clinic,2822280016100,医療法人社団　親愛産婦人科,兵庫県姫路市網干区垣内中町２６０,34.791204,134.588873,2026-06-01,8.6
11571,医療法人　竹林ウィメンズクリニック,滋賀県大津市大萱１丁目１番１号,34.9837225,135.9205226,exact_name_pref_municipality_address,clinic,2522250001610,医療法人　竹林ウィメンズクリニック,滋賀県大津市大萱１丁目１番１号,34.983767,135.920453,2026-06-01,8.0
11572,大隈レディースクリニック,佐賀県杵島郡江北町山口１３６７－１,33.2178677,130.1629673,exact_name_pref_municipality_address,clinic,4122416007880,大隈レディースクリニック,佐賀県杵島郡江北町山口１３６７－１,33.217667,130.162791,2026-06-01,27.7
11574,三宅医院,岡山県岡山市南区大福369-8,34.619927,133.8745976,exact_name_pref_municipality_address,clinic,3322330009590,三宅医院,岡山県岡山市南区大福３６９－８,34.620105,133.874372,2026-06-01,28.6
11575,友田クリニック,愛知県知多市新舞子字明知山30番地1,34.9487564,136.8292627,name_municipality_only,clinic,2322231201630,友田クリニック,愛知県知多市新舞子字明知山３０－１,34.948726,136.829318,2026-06-01,
11577,医療法人社団吉澤レディースクリニック,石川県金沢市稚日野町北２９５―１,36.5795589,136.5967096,exact_name_pref_municipality_address,clinic,1725120086,医療法人社団吉澤レディースクリニック,石川県金沢市稚日野町北２９５―１,36.579572,136.596665,2026-06-01,4.2
11578,医療法人　浅桐産婦人科,"岡山県倉敷市
連島町鶴新田１２６６－１",34.5379824,133.7118528,exact_name_pref_municipality_address,clinic,3322330010170,医療法人　浅桐産婦人科,岡山県倉敷市連島町鶴新田１２６６－１,34.543564,133.717019,2026-06-01,780.5
11579,医療法人横浜未来ヘルスケアシステム　戸塚共立レディースクリニック,神奈川県横浜市戸塚区１５７－３,35.3842194,139.5203781,name_municipality_only,clinic,1421424576000,医療法人横浜未来ヘルスケアシステム　戸塚共立レディースクリニック,神奈川県横浜市戸塚区戸塚町１５７－３,35.396418,139.532303,2026-06-01,
11580,依田産科婦人科クリニック,山梨県甲府市城東２－１６－６,35.6576142,138.5801152,exact_name_pref_municipality_address,clinic,1922190000565,依田産科婦人科クリニック,山梨県甲府市城東２ー１６－６,35.657737,138.580112,2026-06-01,13.7
11581,堀永産婦人科医院,大分県大分市府内町２－５－１３,33.2368155,131.6108692,exact_name_pref_municipality_address,clinic,4421047300000,堀永産婦人科医院,大分県大分市府内町２－５－１３,33.236819,131.610822,2026-06-01,4.4
11582,山梨市立産婦人科医院,山梨県山梨市上神内川１７２,35.6838673,138.6863962,exact_name_pref_municipality_address,clinic,1922190001183,山梨市立産婦人科医院,山梨県山梨市上神内川１７２,35.688485,138.685658,2026-06-01,517.8
11583,医療法人　よつばウィメンズクリニック,香川県高松市円座町375番地1,34.2928894,134.0001599,name_municipality_only,clinic,3722370504460,医療法人よつばウィメンズクリニック,香川県高松市円座町３７５－１,34.293076,134.000389,2026-06-01,
11584,令和レディースクリニック,埼玉県日高市高富４６―７,35.8763579,139.3888588,exact_name_pref_municipality_address,clinic,1121101322200,令和レディースクリニック,埼玉県日高市高富４６―７,35.87635,139.389039,2026-06-01,16.3
11585,平田クリニック,埼玉県熊谷市肥塚4-205,36.1620194,139.3905261,exact_name_pref_municipality_visible_address_prefix_type_consistent,clinic,1121102523900,平田クリニック,埼玉県熊谷市肥塚,36.162025,139.39056,2026-06-01,3.1
11586,医療法人　友光会　友成医院,大分県玖珠郡玖珠町塚脇１２８－２,33.2789545,131.1513705,exact_name_pref_municipality_address,clinic,4421116200000,医療法人　友光会　友成医院,大分県玖珠郡玖珠町塚脇１２８－２,33.279033,131.151361,2026-06-01,8.8
11587,医療法人緑生会あびこクリニック,千葉県我孫子市我孫子４－３－２５,35.8751713,140.009823,exact_name_pref_municipality_address,clinic,1221201666700,医療法人緑生会あびこクリニック,千葉県我孫子市我孫子４－３－２５,35.875169,140.009844,2026-06-01,1.9
11588,医療法人社団健正会南流山レディスクリニック,千葉県流山市南流山4-6-9,35.8410612,139.9015915,exact_name_pref_municipality_address,clinic,1221201655100,医療法人社団健正会　南流山レディスクリニック,千葉県流山市南流山４―６―９,35.841041,139.901633,2026-06-01,4.4
11590,医療法人社団　産科・婦人科みずとりクリニック,兵庫県神戸市北区藤原台北町7丁目2番7号,34.8358077,135.2253266,name_municipality_only,clinic,2822280010190,医療法人社団産科・婦人科　みずとりクリニック,兵庫県神戸市北区藤原台北町７丁目２－７,34.835794,135.22529,2026-06-01,
11593,医療法人白水レディースクリニック,佐賀県鳥栖市本通町二丁目８８２−７,33.3718667,130.514808,name_municipality_only,clinic,4122415302100,医療法人白水レディースクリニック,佐賀県鳥栖市本通町２丁目８８２番地７,33.371873,130.514796,2026-06-01,
11594,古橋産婦人科,神奈川県小田原市南町２－１－４３,35.2462923,139.1543152,exact_name_pref_municipality_visible_address_prefix_type_consistent,clinic,1421400951000,古橋産婦人科,神奈川県小田原市南町,35.246266,139.154333,2026-06-01,3.3
11596,医療法人社団千達会たつきクリニック,東京都新宿区西新宿七丁目十六番十四号ミクラ西新宿ビル２階,35.6959908,139.6977397,name_municipality_only,clinic,1322136221450,医療法人社団千達会　たつきクリニック,東京都新宿区西新宿７－１６－１４　ミクラ西新宿ビル２Ｆ,35.697391,139.697879,2026-06-01,
11597,高田医院,岐阜県安八郡神戸町大字神戸４６８,35.4187059,136.6042506,exact_name_pref_municipality_address,clinic,2121642000184,高田医院,岐阜県安八郡神戸町大字神戸４６８,35.418685,136.604515,2026-06-01,24.1
11598,豊島産婦人科,東京都杉並区西荻南4-3-19,35.6999993,139.6047067,exact_name_pref_municipality_address,clinic,1322133412420,豊島産婦人科,東京都杉並区西荻南４－３－１９,35.699944,139.604692,2026-06-01,6.3
11599,大島医療センター,東京都大島町元町３ー２ー９,34.7492211,139.3571058,exact_name_pref_municipality_address,clinic,1322138504450,大島医療センター,東京都大島町元町３－２－９,34.749292,139.356979,2026-06-01,14.0
11600,渡辺産科婦人科,福島県いわき市常磐関船町二丁目７－１,36.9971389,140.8574752,exact_name_pref_municipality_address,clinic,0720720001286,渡辺産科婦人科,福島県いわき市常磐関船町二丁目７－１,36.997172,140.857531,2026-06-01,6.2
11601,医療法人社団赤恵会　赤川クリニック,東京都杉並区上荻1-24-6,35.7065878,139.6157183,exact_name_pref_municipality_address,clinic,1322133431290,医療法人社団赤恵会　赤川クリニック,東京都杉並区上荻１－２４－６,35.706583,139.615691,2026-06-01,2.5
11602,医療法人社団こひつじ会　横川レディースクリニック,東京都足立区保木間１－２２－１５,35.7915366,139.8050034,exact_name_pref_municipality_address,clinic,1322134828060,医療法人社団こひつじ会　横川レディースクリニック,東京都足立区保木間１－２２－１５,35.791521,139.805005,2026-06-01,1.7
11603,立石産婦人科医院,長崎県諫早市栄町７番６号,32.8410748,130.0558304,exact_name_pref_municipality_address,clinic,422coh0058,立石産婦人科医院,長崎県諫早市栄町７番６号,32.841076,130.055806,2026-06-01,2.3
11605,川越伊藤医院,三重県三重郡川越町豊田２９９－１,35.0166154,136.6613354,exact_name_pref_municipality_address,clinic,2422240004310,川越伊藤医院,三重県三重郡川越町豊田２９９－１,35.016712,136.661412,2026-06-01,12.8
11606,てしがわらレディスクリニック,愛知県一宮市大和町毛受浜田１８,35.2973126,136.7795515,exact_name_pref_municipality_address,clinic,2322230101440,てしがわらレディスクリニック,愛知県一宮市大和町毛受浜田１８,35.297221,136.779543,2026-06-01,10.2
11607,医療法人社団アイビスマキクリニック,兵庫県明石市小久保２丁目１４－１０,34.6689422,134.9587061,name_municipality_only,clinic,2822280039440,医療法人社団アイビスマキクリニック,兵庫県明石市小久保２－１４－１０,34.668937,134.958721,2026-06-01,
11608,医療法人社団義恵会　ファミール産院えどがわ,東京都江戸川区一之江8-15-3,35.6864577,139.8827492,exact_name_pref_municipality_address,clinic,1322135200172,医療法人社団義恵会　ファミール産院えどがわ,東京都江戸川区一之江８－１５－３,35.686457,139.882749,2026-06-01,0.1
11611,新富谷Ｓ・Ｓレディースクリニック,宮城県富谷市成田９丁目１－２０,38.3632459,140.8872927,exact_name_pref_municipality_address,clinic,042800564,新富谷Ｓ・Ｓレディースクリニック,宮城県富谷市成田９丁目１－２０,38.363239,140.887238,2026-06-01,4.8
11612,寺田医院,茨城県常総市菅生町1717,35.9945462,139.9370499,exact_name_pref_municipality_address,clinic,082208640921,寺田医院,茨城県常総市菅生町１７１７,35.991389,139.940278,2026-06-01,455.6
11615,うえだウィメンズクリニック,滋賀県近江八幡市堀上町１９３－１,35.1188204,136.0935053,exact_name_pref_municipality_address,clinic,2522250008970,うえだ　ウィメンズ　クリニック,滋賀県近江八幡市堀上町１９３－１,35.118267,136.094453,2026-06-01,105.9
11618,祖川産婦人科クリニック,徳島県徳島市北田宮３丁目５−６５,34.0881199,134.5388435,name_municipality_only,clinic,3622365139270,祖川産婦人科クリニック,徳島県徳島市北田宮三丁目５－６５,34.088128,134.538875,2026-06-01,
11620,ゆいレディースクリニック,福岡県糟屋郡粕屋町原町５－１２－１,33.6161151,130.4663985,exact_name_pref_municipality_address,clinic,4022400077500,ゆいレディースクリニック,福岡県糟屋郡粕屋町原町５ー１２ー１,33.615872,130.466527,2026-06-01,29.5
11623,斎川産婦人科医院,群馬県高崎市岩押町３１－１０,36.3248397,139.0204334,exact_name_pref_municipality_address,clinic,1022100000435,斎川産婦人科医院,群馬県高崎市岩押町３１－１０,36.324824,139.020439,2026-06-01,1.8
11624,医療法人星陽会 いしもとレディスクリニック,群馬県高崎市中泉町６０８－２,36.3716619,139.0024395,name_municipality_only,clinic,1022100000630,医療法人星陽会いしもとレディスクリニック,群馬県高崎市中泉町６０８番地２,36.371643,139.002472,2026-06-01,
11628,関谷レディースクリニック,静岡県沼津市西椎路１４９－１,35.125457,138.8243363,exact_name_pref_municipality_address,clinic,2222225652440,関谷レディースクリニック,静岡県沼津市西椎路１４９－１,35.125461,138.824367,2026-06-01,2.8
11629,吉村医院あさひ産婦人科,愛知県岡崎市柱町東荒子１４１ー１,34.9232028,137.159365,exact_name_pref_municipality_address,clinic,2322232704000,吉村医院あさひ産婦人科,愛知県岡崎市柱町東荒子１４１ー１,34.923242,137.160384,2026-06-01,93.0
11630,医療法人康仁会岡医院,栃木県佐野市久保町１１０ー１,36.3189309,139.5865154,exact_name_pref_municipality_address,clinic,0922090100634,医療法人康仁会岡医院,栃木県佐野市久保町１１０ー１,36.318936,139.586518,2026-06-01,0.6
11631,医療法人社団稔誠会　高橋レディースクリニック,埼玉県三郷市釆女１－２３２,35.8569994,139.8648057,exact_name_pref_municipality_address,clinic,1121109321800,医療法人社団稔誠会　高橋レディースクリニック,埼玉県三郷市釆女１－２３２,35.857077,139.864796,2026-06-01,8.7
11632,医療法人恵秀会　奥平産婦人科,埼玉県狭山市下奥富４９０－３,35.8769466,139.4283998,exact_name_pref_municipality_visible_address_prefix_type_consistent,clinic,1121101324900,医療法人恵秀会　奥平産婦人科,埼玉県狭山市下奥富,35.876945,139.428429,2026-06-01,2.6
11633,医療法人社団四季ウィメンズクリニック,千葉県柏市篠籠田１１２４－１,35.8702925,139.953009,exact_name_pref_municipality_address,clinic,1221223072300,医療法人社団四季ウィメンズクリニック,千葉県柏市篠籠田１１２４－１,35.870302,139.953038,2026-06-01,2.8
11636,つかはらレディースクリニック,愛知県一宮市浅野字居森野７１番地１,35.3004891,136.8288643,exact_name_pref_municipality_address,clinic,2322230101420,つかはらレディースクリニック,愛知県一宮市浅野字居森野７１番地１,35.300489,136.828864,2026-06-01,0.0
11638,広渡レディスクリニック,愛知県知多郡阿久比町白沢天神前２７,34.9556931,136.9144296,exact_name_pref_municipality_visible_address_prefix_type_consistent,clinic,2322231000880,広渡レディスクリニック,愛知県知多郡阿久比町白沢天神前２７番地,34.955699,136.91445,2026-06-01,2.0
11639,大石産婦人科医院,三重県熊野市有馬町２０１,33.8783603,136.0905677,exact_name_pref_municipality_address,clinic,2422240000730,大石産婦人科医院,三重県熊野市有馬町２０１,33.878018,136.090179,2026-06-01,52.3
11641,稲田クリニック,和歌山県和歌山市和田461番地,34.2014316,135.205809,exact_name_pref_municipality_address,clinic,3022178100000,稲田クリニック,和歌山県和歌山市和田４６１番地,34.201666,135.205709,2026-06-01,27.6
11642,医療法人　慈母会　池田レディスクリニック,福岡県八女市本村５６－３,33.2144987,130.5633968,exact_name_pref_municipality_address,clinic,4022400014670,医療法人　慈母会　池田レディスクリニック,福岡県八女市本村５６－３,33.214503,130.563376,2026-06-01,2.0
11643,竹内産婦人科クリニック,福岡県福岡市早良区野芥７丁目１－３０,33.5404742,130.3432578,exact_name_pref_municipality_address,clinic,4022400006430,竹内産婦人科クリニック,福岡県福岡市早良区野芥７丁目１ー３０,33.540128,130.343221,2026-06-01,38.6
11645,こどもの国レディスクリニック,神奈川県横浜市青葉区奈良１－１８－１０,35.5537285,139.4842579,exact_name_pref_municipality_visible_address_prefix_type_consistent,clinic,1421407251300,こどもの国レディスクリニック,神奈川県横浜市青葉区奈良,35.553717,139.48428,2026-06-01,2.4
11646,医療法人　産婦人科　鈴木クリニック,福井県鯖江市東鯖江４－２－２３,35.9480032,136.1979113,exact_name_pref_municipality_address,clinic,1822180003540,医療法人　産婦人科　鈴木クリニック,福井県鯖江市東鯖江４－２－２３,35.948117,136.197875,2026-06-01,13.1
11648,医療法人セント・ソフィア　片岡レディスクリニック,熊本県八代市本町３ー３ー３５,32.5052869,130.5971175,exact_name_pref_municipality_address,clinic,432243601910,医療法人セント・ソフィア　片岡レディスクリニック,熊本県八代市本町３ー３ー３５,32.505298,130.597194,2026-06-01,7.3
11649,医療法人社団 羽根田産婦人科クリニック,山形県山形市寿町１９番１号,38.2334771,140.3371112,name_municipality_only,clinic,062206513364,医療法人社団羽根田産婦人科クリニック,山形県山形市寿町１９－１,38.233491,140.337089,2026-06-01,
11650,医療法人ABCクリニック新妻産婦人科,福島県福島市陣場町９－１８,37.7582153,140.4631363,exact_name_pref_municipality_address,clinic,0720720000128,医療法人ＡＢＣクリニック新妻産婦人科,福島県福島市陣場町９－１８,37.758225,140.463106,2026-06-01,2.9
11651,医療法人はぐくみ,神奈川県川崎市中原区下小田中３－３３－５,35.5723356,139.6409289,exact_name_pref_municipality_address,clinic,1421423801200,医療法人はぐくみ,神奈川県川崎市中原区下小田中３－３３－５,35.57227,139.640964,2026-06-01,8.0
11654,末光産婦人科,広島県呉市本町3-4,34.2453357,132.5680567,exact_name_pref_municipality_address,clinic,3422340339400,末光産婦人科,広島県呉市本町３－４,34.245349,132.568057,2026-06-01,1.5
11657,医療法人　広川レディスクリニック,愛知県大府市一屋町4-88,35.0275657,136.9534502,name_municipality_only,clinic,2322231201180,医療法人広川レディスクリニック,愛知県大府市一屋町４丁目８８番地,35.027565,136.95345,2026-06-01,
11658,片倉医院産科婦人科,福島県白河市昭和町１,37.1309987,140.2006258,exact_name_pref_municipality_address,clinic,0720720000574,片倉医院産科婦人科,福島県白河市昭和町１,37.130197,140.204386,2026-06-01,345.1
11659,藤本産婦人科小児科,福岡県八女市本町５２７,33.2108345,130.5578875,exact_name_pref_municipality_address,clinic,4022400014570,藤本産婦人科小児科,福岡県八女市本町５２７,33.21067,130.557738,2026-06-01,23.0
11660,医療法人社団 凌雲会 根本産婦人科医院,千葉県市川市行徳駅前２－２６－１６,35.679854,139.914517,exact_name_pref_municipality_address,clinic,1221200757900,医療法人社団凌雲会根本産婦人科医院,千葉県市川市行徳駅前２－２６－１６,35.679841,139.914539,2026-06-01,2.5
11662,新谷ウイメンズクリニック,愛媛県新居浜市一宮町１－１２－５６,33.9597318,133.2833504,exact_name_pref_municipality_address,clinic,3822385202420,新谷ウイメンズクリニック,愛媛県新居浜市一宮町１－１２－５６,33.959537,133.283234,2026-06-01,24.2
11665,医療法人社団そうクリニック,千葉県四街道市大日７４１ー３,35.6843656,140.1608247,exact_name_pref_municipality_address,clinic,1221202603400,医療法人社団そうクリニック,千葉県四街道市大日７４１ー３,35.684348,140.160727,2026-06-01,9.0
11667,医療法人福重会レディースクリニックしげまつ,長崎県大村市古町１丁目５１４,32.9193018,129.9577711,exact_name_pref_municipality_address,clinic,422coh0107,医療法人福重会レディースクリニックしげまつ,長崎県大村市古町１丁目５１４,32.919292,129.957749,2026-06-01,2.3
11668,医療法人雄峰会 まのレディースクリニック,愛知県名古屋市港区七反野１丁目８０６－１,35.113517,136.8199366,exact_name_pref_municipality_visible_address_prefix_type_consistent,clinic,2322232500370,医療法人雄峰会　まのレディースクリニック,愛知県名古屋市港区七反野,35.113517,136.819936,2026-06-01,0.1
11669,医療法人雄峰会 真野産婦人科,愛知県津島市大字津島字北新開１２８－１,35.176549,136.7509511,name_municipality_only,clinic,2322230902670,医療法人雄峰会　真野産婦人科,愛知県津島市大字津島字北新開１２８番１,35.176549,136.750951,2026-06-01,
11670,田代産婦人科医院,熊本県熊本市中央区大江４丁目５－５,32.8030266,130.7203092,name_municipality_only,clinic,432243312034,田代産婦人科医院,熊本県熊本市中央区大江４ー５ー５,32.803017,130.720316,2026-06-01,
11672,川嶋レディースクリニック,千葉県市川市妙典５－７－９,35.6919938,139.9299066,exact_name_pref_municipality_address,clinic,1221200659900,川嶋レディースクリニック,千葉県市川市妙典５－７－９,35.691996,139.929918,2026-06-01,1.1
11673,野村ウィメンズクリニック,長野県岡谷市中央町３－１－３６,36.061906,138.048714,exact_name_pref_municipality_address,clinic,2022205507500,野村ウィメンズクリニック,長野県岡谷市中央町３ー１ー３６,36.061929,138.048663,2026-06-01,5.2
11674,医療法人　城野産婦人科クリニック,福岡県春日市一の谷2-8-1,33.5225664,130.4500812,exact_name_pref_municipality_address,clinic,4022400013000,医療法人城野産婦人科クリニック,福岡県春日市一の谷２ー８－１,33.522632,130.449962,2026-06-01,13.2
11678,医療法人 幸の鳥医院,福岡県北九州市小倉南区徳力新町１－２１－１６,33.8378119,130.8655545,name_municipality_only,clinic,4022400033550,医療法人　幸の鳥医院,福岡県北九州市小倉南区徳力新町一丁目２０番１６号,33.837382,130.865332,2026-06-01,
11679,医療法人 ノブマタニティークリニック,福島県いわき市中央台飯野４－１８－２,37.0180827,140.9139139,name_municipality_only,clinic,0720720001275,医療法人　ノブマタニティークリニック,福島県いわき市中央台飯野４丁目１８－２,37.018078,140.913853,2026-06-01,
11681,くにとみクリニック,岡山県総社市門田７８－１,34.6772599,133.747288,name_municipality_only,clinic,3322330001420,くにとみクリニック,岡山県総社市門田７８の１,34.677234,133.74727,2026-06-01,
11682,桑原産科婦人科医院,熊本県熊本市東区桜木２－２－６,32.779337,130.7807025,exact_name_pref_municipality_address,clinic,432243312643,桑原産科婦人科医院,熊本県熊本市東区桜木２ー２ー６,32.77932,130.780676,2026-06-01,3.1
11683,医療法人 明峰会 東山産婦人科・小児科,大阪府高槻市辻子３丁目１０－３,34.8296452,135.6305592,name_municipality_only,clinic,2722270046330,医療法人明峰会　東山産婦人科・小児科,大阪府高槻市辻子３丁目１０番３号,34.829607,135.630424,2026-06-01,
11684,医療法人社団ワイズレディスクリニック,埼玉県幸手市大字上高野１９７８番地,36.0545034,139.7179812,exact_name_pref_municipality_address,clinic,1121103455600,医療法人社団ワイズレディスクリニック,埼玉県幸手市大字上高野１９７８番地,36.054509,139.717977,2026-06-01,0.7
11685,医療法人社団　産科婦人科ナカムラクリニック,兵庫県神戸市東灘区御影本町２丁目９番１号,34.713495,135.2588895,exact_name_pref_municipality_address,clinic,2822280000790,医療法人社団　産科婦人科ナカムラクリニック,兵庫県神戸市東灘区御影本町２丁目９番１号,34.713502,135.258848,2026-06-01,3.9
11686,嘉村産婦人科医院,福岡県福岡市博多区西春町１－７－１４,33.5425322,130.4657581,exact_name_pref_municipality_address,clinic,4022400002250,嘉村産婦人科医院,福岡県福岡市博多区西春町１－７－１４,33.542547,130.465765,2026-06-01,1.8
11687,医療法人寿恵会船橋レディスクリニック,茨城県古河市諸川６５７－３,36.1992744,139.8204619,exact_name_pref_municipality_address,clinic,082208651136,医療法人寿恵会船橋レディスクリニック,茨城県古河市諸川６５７－３,36.195833,139.823611,2026-06-01,475.7
11689,豊島団地産婦人科,東京都北区豊島５－５－５－１０６,35.7660764,139.7523523,exact_name_pref_municipality_address,clinic,1322133915530,豊島団地産婦人科,東京都北区豊島５－５－５－１０６,35.766162,139.752288,2026-06-01,11.1
11690,池田功産婦人科医院,福岡県福岡市西区野方１丁目２ー２５,33.5620024,130.3104475,exact_name_pref_municipality_address,clinic,4022400009190,池田功産婦人科医院,福岡県福岡市西区野方１丁目２ー２５,33.561986,130.310362,2026-06-01,8.1
11692,とも子助産院,宮城県仙台市泉区野村字野村９５の６,38.3175929,140.865386,name_municipality_only,maternity_home,044890010,とも子助産院,宮城県仙台市泉区野村字野村９５－６,38.317551,140.865326,2026-06-01,
11694,ふたば助産院　豊川,愛知県豊川市大堀町１１１番地1,34.8334461,137.4004478,name_municipality_only,maternity_home,2344231900030,ふたば助産院豊川,愛知県豊川市大堀町１１１－１,34.833449,137.40067,2026-06-01,
11695,ちひろ助産院,和歌山県田辺市朝日ヶ丘３－２０,33.7332107,135.391927,exact_name_pref_municipality_address,maternity_home,3045102000000,ちひろ助産院,和歌山県田辺市朝日ヶ丘３－２０,33.733137,135.39205,2026-06-01,14.0
11696,森重助産院,神奈川県川崎市川崎区渡田4-3-12,35.5180594,139.7018511,exact_name_pref_municipality_visible_address_prefix_type_consistent,maternity_home,1441427791300,森重助産院,神奈川県川崎市川崎区渡田,35.518033,139.701847,2026-06-01,3.0
11699,よこさわ助産院,静岡県磐田市草崎３３４－１,34.6840188,137.8226014,exact_name_pref_municipality_address,maternity_home,2245227301400,よこさわ助産院,静岡県磐田市草崎３３４－１,34.683907,137.820443,2026-06-01,197.7
11700,倉敷マタニティサービスかねこ助産院,岡山県倉敷市広江８－１８－１,34.5287908,133.7912882,exact_name_pref_municipality_address,maternity_home,3344330000130,倉敷マタニティサービス　かねこ助産院,岡山県倉敷市広江８－１８－１,34.528788,133.791279,2026-06-01,0.9
11701,めぐみ助産院,神奈川県横浜市鶴見区寺谷２－１５－１８,35.5139892,139.6703726,exact_name_pref_municipality_address,maternity_home,1441420045700,めぐみ助産院,神奈川県横浜市鶴見区寺谷２－１５－１８,35.513896,139.670358,2026-06-01,10.4
11702,山本助産院,神奈川県横浜市金沢区六浦2−１４−１２,35.3330506,139.6123771,exact_name_pref_municipality_address,maternity_home,1441405798000,山本助産院,神奈川県横浜市金沢区六浦２－１４－１２,35.333043,139.612399,2026-06-01,2.2
11703,星野助産所,愛知県名古屋市守山区金屋１－１７－２,35.2053723,136.9525674,exact_name_pref_municipality_address,maternity_home,2344232400190,星野助産所,愛知県名古屋市守山区金屋１ー１７ー２,35.205395,136.952546,2026-06-01,3.2
11704,一般社団法人　齋藤助産院,神奈川県茅ヶ崎市芹沢　１００４番地１０,35.3756204,139.4236898,name_municipality_only,maternity_home,1441431000495,一般社団法人　齋藤助産院,神奈川県茅ヶ崎市芹沢１００４−１０,35.375592,139.423649,2026-06-01,
11705,森のおひさま助産院,宮城県仙台市青葉区高野原４丁目１２ー１８,38.2893261,140.7568116,name_municipality_only,maternity_home,044890020,森のおひさま助産院,宮城県仙台市青葉区高野原４−１２−１８,38.289371,140.756714,2026-06-01,
11706,いぶきの助産院,静岡県静岡市駿河区丸子５ー１８ー２０,34.941838,138.3520087,name_municipality_only,maternity_home,2245226002700,いぶきの助産院,静岡県静岡市駿河区丸子五丁目１８番２０号,34.941928,138.351904,2026-06-01,
11707,プリマ助産院,大阪府池田市八王寺１－７－３,34.8139622,135.4331813,name_municipality_only,maternity_home,2749278005000,プリマ助産院,大阪府池田市八王寺１丁目７番３号,34.81405,135.433219,2026-06-01,
11708,あさみや助産院,愛知県一宮市萩原町朝宮字嫁振２０番地１,35.2904675,136.7561175,name_municipality_only,maternity_home,2344230100130,あさみや助産院,愛知県一宮市萩原町朝宮嫁振２０番地１,35.290522,136.75617,2026-06-01,
11710,生野助産所,大分県大分市豊饒三丁目１１番５３号,33.2080608,131.5958185,exact_name_pref_municipality_address,maternity_home,4441172100000,生野　助産所,大分県大分市豊饒三丁目１１番５３号,33.207885,131.595783,2026-06-01,19.8
11713,みか助産院,愛知県知多郡東浦町緒川金十根36番地2,34.9876131,136.9664454,exact_name_pref_municipality_address,maternity_home,2344231000150,みか助産院,愛知県知多郡東浦町緒川金十根３６番地２,34.987613,136.966445,2026-06-01,0.0
11714,岡本助産院,和歌山県和歌山市小雑賀２０７,34.2048846,135.1843027,exact_name_pref_municipality_address,maternity_home,3045100100000,岡本助産院,和歌山県和歌山市小雑賀２０７,34.204972,135.184322,2026-06-01,9.9
11715,助産院もりあね,埼玉県所沢市下富612-10,35.8280013,139.4687077,exact_name_pref_municipality_address,maternity_home,1141108744700,助産院もりあね,埼玉県所沢市下富６１２−１０,35.827987,139.468719,2026-06-01,1.9
11716,みやした助産院,神奈川県横浜市南区三春台１２６,35.4421133,139.613961,exact_name_pref_municipality_address,maternity_home,1441415155300,みやした助産院,神奈川県横浜市南区三春台１２６,35.442095,139.613972,2026-06-01,2.3
11717,八千代マタニティセンター武田助産院,千葉県八千代市米本１４５０,35.7561623,140.1093712,exact_name_pref_municipality_address,maternity_home,1241200565700,八千代マタニティセンター武田助産院,千葉県八千代市米本１４５０,35.756162,140.109371,2026-06-01,0.0
11718,かもめ助産院,神奈川県横須賀市ハイランド１－３８－３,35.2222375,139.6920428,exact_name_pref_municipality_address,maternity_home,1441410056800,かもめ助産院,神奈川県横須賀市ハイランド１－３８－３,35.222237,139.692042,2026-06-01,0.1
11720,ゆずりは助産院,大阪府枚方市氷室台１−４４−３２,34.8079238,135.7289447,name_municipality_only,maternity_home,2749278002410,ゆずりは助産院,大阪府枚方市氷室台１丁目４４番３２号,34.807917,135.728861,2026-06-01,
11721,おしか助産院,静岡県静岡市駿河区小鹿１３６６－１１,34.9711662,138.4328948,exact_name_pref_municipality_address,maternity_home,2245226002090,おしか助産院,静岡県静岡市駿河区小鹿１３６６‐１１,34.971141,138.432916,2026-06-01,3.4
11722,豊倉助産院,神奈川県横浜市泉区緑園２－１９－２４,35.4390806,139.5177678,exact_name_pref_municipality_address,maternity_home,1441407044800,豊倉助産院,神奈川県横浜市泉区緑園２－１９－２４,35.43906,139.517794,2026-06-01,3.3
11724,川渕助産院,静岡県浜松市浜名区小松４９０,34.7920209,137.7767752,exact_name_pref_municipality_address,maternity_home,2245227500160,川渕助産院,静岡県浜松市浜名区小松４９０,34.792047,137.776787,2026-06-01,3.1
11725,かん助産所,愛知県一宮市木曽川町玉ノ井字砂割７,35.3317611,136.7523354,exact_name_pref_municipality_address,maternity_home,2344230100080,かん助産所,愛知県一宮市木曽川町玉ノ井字砂割７,35.331767,136.752335,2026-06-01,0.7
11726,芽愛助産院,奈良県天理市前栽町２７４－１,34.5999324,135.8186493,exact_name_pref_municipality_address,maternity_home,2945103200000,芽愛助産院,奈良県天理市前栽町２７４－１,34.599825,135.818696,2026-06-01,12.7
11728,一般社団法人北九州助産センターお産の家よつ葉,福岡県北九州市八幡東区枝光本町８－１３,33.8743094,130.8152409,exact_name_pref_municipality_address,maternity_home,4040009070003,一般社団法人北九州助産センター　お産の家　よつ葉,福岡県北九州市八幡東区枝光本町８－１３,33.864794,130.800448,2026-06-01,1727.7
11730,にじいろ助産院,大阪府大阪市淀川区十三東４－３－４９,34.7241901,135.4863537,name_municipality_only,maternity_home,2749278006390,にじいろ助産院,大阪府大阪市淀川区十三東４丁目３番４９号,34.724199,135.486357,2026-06-01,
11731,岸本助産院,大阪府交野市星田９ー１９ー７,34.7623344,135.6737496,name_municipality_only,maternity_home,2749278001610,岸本助産院,大阪府交野市星田９丁目１９番７号,34.762338,135.673673,2026-06-01,
11732,バースハーモニー美しが丘助産院,神奈川県横浜市青葉区美しが丘西３－３－７,35.5860558,139.5362308,exact_name_pref_municipality_address,maternity_home,1441407488500,バースハーモニー美しが丘助産院,神奈川県横浜市青葉区美しが丘西３−３−７,35.585898,139.536208,2026-06-01,17.7
11733,森田助産院,東京都福生市志茂83番地,35.7372099,139.3301608,exact_name_pref_municipality_address,maternity_home,1344137200080,森田助産院,東京都福生市志茂８３番地,35.737105,139.329924,2026-06-01,24.3
11736,お茶畑助産院,静岡県袋井市豊沢２１５８ー３,34.7377535,137.9546951,exact_name_pref_municipality_address,maternity_home,2245227301080,お茶畑助産院,静岡県袋井市豊沢２１５８－３,34.738015,137.954762,2026-06-01,29.7
11737,碧助産院,愛知県安城市堀内町前山８４,34.9275227,137.0888244,exact_name_pref_municipality_visible_address_prefix_type_consistent,maternity_home,2344231400020,碧助産院,愛知県安城市堀内町前山８４番地,34.927538,137.088825,2026-06-01,1.7
11739,愛助産院,埼玉県三郷市戸ヶ崎３－１７８－７,35.8031532,139.8711339,name_municipality_only,maternity_home,1141120792200,愛　助産院,埼玉県三郷市戸ケ崎３－１７８ー７,35.803153,139.871133,2026-06-01,
11740,マミー助産院,愛媛県四国中央市土居町北野甲587－3,33.9587517,133.4032515,exact_name_pref_municipality_address,maternity_home,3845385100100,マミー助産院,愛媛県四国中央市土居町北野甲５８７－３,33.952336,133.391993,2026-06-01,1259.8
11741,みどり助産院,神奈川県横浜市緑区三保町２２４２,35.5160643,139.5310912,exact_name_pref_municipality_address,maternity_home,1441406461800,みどり助産院,神奈川県横浜市緑区三保町２２４２,35.516044,139.531103,2026-06-01,2.5
11742,助産院　エ・ク・ボ,北海道札幌市西区発寒６条１０丁目１０－３,43.0909992,141.2783515,exact_name_pref_municipality_address,maternity_home,0144010000440,助産院「エ・ク・ボ」,北海道札幌市西区発寒　６条１０丁目１０－３,43.091016,141.278352,2026-06-01,1.9
11744,心友助産院,奈良県北葛城郡広陵町三吉260番3,34.5496713,135.7406125,name_municipality_only,maternity_home,2945104900000,心友助産院,奈良県北葛城郡広陵町三吉２６０－３,34.551912,135.736927,2026-06-01,
11746,ひらり助産院,大阪府吹田市西の庄町３ー２２,34.7606472,135.5200148,exact_name_pref_municipality_address,maternity_home,2749278006600,ひらり助産院,大阪府吹田市西の庄町３－２２,34.760641,135.520019,2026-06-01,0.8
11747,橋本助産院,大阪府寝屋川市堀溝北町１０－６,34.7531301,135.628867,name_municipality_only,maternity_home,2749278001550,橋本助産院,大阪府寝屋川市堀溝北町１０番６号,34.753143,135.628844,2026-06-01,
11748,出張専門助産所菅谷,千葉県千葉市稲毛区,,,exact_name_pref_municipality_visible_address_prefix_type_consistent,maternity_home,1241206678800,出張専門助産所菅谷,千葉県千葉市稲毛区長沼原町,35.666241,140.124405,2026-06-01,
11749,ゆう助産院,大阪府東大阪市小阪１丁目４番３７号,34.665083,135.5795597,name_municipality_only,maternity_home,2749278002540,ゆう助産院,大阪府東大阪市小阪１－４－３７,34.674762,135.591934,2026-06-01,
11750,ありじゅマタニティハウス,北海道札幌市白石区菊水上町二条一丁目四十六－九十,43.0631866,141.3883903,name_municipality_only,maternity_home,0144010000090,ありじゅマタニティハウス,北海道札幌市白石区菊水上町２条１丁目４６－９０リバ－エミール１０１,43.065092,141.385676,2026-06-01,
11751,ほのか助産院,宮崎県都城市乙房町1588-1,31.7675757,131.0556315,name_municipality_only,maternity_home,4544450200650,ほのか助産院,宮崎県都城市乙房町１５８８番地１,31.776919,131.090248,2026-06-01,
11754,ぷくぷく助産院,神奈川県横須賀市坂本町5-22,35.2678616,139.6509483,name_municipality_only,maternity_home,1441427691700,ぷくぷく助産院,神奈川県横須賀市坂本町５丁目２２番地,35.268028,139.649633,2026-06-01,
11756,ＫＥＩ助産院,広島県広島市中区東白島町１５ー８ー８０２,34.4048101,132.4651551,name_municipality_only,maternity_home,3445340000010,ＫＥＩ助産院,広島県広島市中区東白島町１５番８号第３西林ビル８０２,34.409842,132.462733,2026-06-01,
11757,東御市立助産所とうみ,長野県東御市鞍掛１９８,36.3592779,138.3499169,exact_name_pref_municipality_visible_address_prefix_type_consistent,maternity_home,2045205300004,東御市立助産所とうみ,長野県東御市鞍掛１９８番地,36.35918,138.351013,2026-06-01,98.8
11759,渡辺助産院,静岡県静岡市葵区上足洗１－４－１,34.9888749,138.3933596,name_municipality_only,maternity_home,2245226000100,渡辺助産院,静岡県静岡市葵区上足洗一丁目４－１,34.988874,138.393364,2026-06-01,
11760,ウパウパハウス岡本助産院,神奈川県川崎市中原区下小田中１－５－３１,35.5808978,139.6401917,exact_name_pref_municipality_address,maternity_home,1441427201600,ウパウパハウス岡本助産院,神奈川県川崎市中原区下小田中１－５－３１,35.580878,139.640233,2026-06-01,4.3
11764,桃太郎助産院,静岡県伊豆市日向６７０－１,34.9640684,138.9478187,exact_name_pref_municipality_address,maternity_home,2245227100300,桃太郎助産院,静岡県伊豆市日向６７０－１,34.964092,138.947864,2026-06-01,4.9
11765,一般社団法人ははとこ　助産院町のさんばさん,福岡県北九州市八幡西区千代４丁目９－８,33.8096028,130.7416407,exact_name_pref_municipality_address,maternity_home,4040008400015,一般社団法人ははとこ　助産院　町のさんばさん,福岡県北九州市八幡西区千代４丁目９ー８,33.809577,130.741622,2026-06-01,3.3
11766,助産院あゆる,北海道旭川市永山八条十五丁目一の二,43.7997532,142.4323781,name_municipality_only,maternity_home,0144010000220,助産院あゆる,北海道旭川市永山８条１５丁目１番２号,43.800155,142.432306,2026-06-01,
11769,ゆりかご助産院,岐阜県各務原市蘇原大島町１丁目４９番地,35.415674,136.84536,exact_name_pref_municipality_address,maternity_home,2141634007015,ゆりかご助産院,岐阜県各務原市蘇原大島町１丁目４９番地,35.415677,136.845196,2026-06-01,14.9
11770,ｔｓｕｍｕｇｉ助産院,大阪府枚方市招提元町３－５－６,34.8444579,135.6851506,name_municipality_only,maternity_home,2749278007260,ｔｓｕｍｕｇｉ助産院,大阪府枚方市招提元町３丁目５番６号,34.844468,135.685169,2026-06-01,
11772,たんぽぽ助産院,岡山県倉敷市中帯江２４－１１,34.5953452,133.8028146,name_municipality_only,maternity_home,3344330000150,たんぽぽ助産院,岡山県倉敷市中帯江２４番地１１,34.595181,133.802598,2026-06-01,
11775,助産所マタニティ・ハウスひまわり,三重県鈴鹿市高塚町１０６６番地３１,34.8966787,136.5182338,name_municipality_only,maternity_home,2445240000050,助産所　マタニティ・ハウスひまわり,三重県鈴鹿市高塚町１０６６－３１,34.897917,136.516041,2026-06-01,
11777,助産院　いのちの森,石川県白山市藤木町２５５－２,36.4821661,136.5827816,exact_name_pref_municipality_address,maternity_home,1742140002,助産院　いのちの森,石川県白山市藤木町２５５－２,36.482253,136.5828,2026-06-01,9.8
11778,はとがや助産所,埼玉県川口市坂下町4-18-3,35.8254215,139.7392665,exact_name_pref_municipality_address,maternity_home,1141108143000,はとがや助産所,埼玉県川口市坂下町４－１８－３,35.825409,139.739275,2026-06-01,1.6
11780,はるか助産院,大阪府枚方市三矢町４番地６ー２号,34.8148888,135.6428935,name_municipality_only,maternity_home,2749278003590,はるか助産院,大阪府枚方市三矢町４－６－２,34.814887,135.642812,2026-06-01,
11781,あゆみ助産院,長野県松本市渚３－６－１５,36.228938,137.9561508,exact_name_pref_municipality_address,maternity_home,2045200000260,あゆみ助産院,長野県松本市渚３ー６−１５,36.228925,137.956132,2026-06-01,2.2
11782,マタニティホームあいｓｕｎ,岐阜県岐阜市東鶉２－１３－１,35.3833764,136.7438784,exact_name_pref_municipality_address,maternity_home,2141344001578,マタニティホームあいｓｕｎ,岐阜県岐阜市東鶉２－１３－１,35.383376,136.743878,2026-06-01,0.1
11783,ふたば助産院,愛知県豊橋市杉山町字知原１２－１３７０,34.6708183,137.3225696,exact_name_pref_municipality_address,maternity_home,2344232600040,ふたば助産院,愛知県豊橋市杉山町字知原１２－１３７０,34.670792,137.322596,2026-06-01,3.8
11784,バース・ハウス　なかにし助産院,和歌山県御坊市湯川町小松原,,,exact_name_pref_municipality_visible_address_prefix_type_consistent,maternity_home,3045004600000,バース・ハウス　なかにし　助産院,和歌山県御坊市湯川町小松原１３９,33.903644,135.164256,2026-06-01,
11785,明生助産所みその,長野県伊那市御園571-7,35.8531747,137.9657049,exact_name_pref_municipality_address,maternity_home,204520563122,明生助産所みその,長野県伊那市御園５７１－７,35.853174,137.965704,2026-06-01,0.1
11786,つむぎ助産所,東京都練馬区石神井台２－２－１７,35.733752,139.5942049,exact_name_pref_municipality_address,maternity_home,1344136500251,つむぎ助産所,東京都練馬区石神井台２－２－１７,35.733685,139.594343,2026-06-01,14.5
11787,ひな助産院,東京都足立区加平３−１４−１２,35.7810249,139.8302142,exact_name_pref_municipality_address,maternity_home,1344134800030,ひな助産院,東京都足立区加平３－１４－１２,35.781051,139.830281,2026-06-01,6.7
11789,ひなたぼっこ助産院,大阪府高槻市大冠町2-23-3,34.8329814,135.6376861,name_municipality_only,maternity_home,2749278005460,ひなたぼっこ助産院,大阪府高槻市大冠町２丁目２３番３号,34.833024,135.637701,2026-06-01,
11790,しらさぎふれあい助産院,東京都中野区鷺宮3-3-6シュプール101,35.7231091,139.6427493,exact_name_pref_municipality_address,maternity_home,1344136100004,しらさぎふれあい助産院,東京都中野区鷺宮３－３－６　シュプール１０１,35.722942,139.642604,2026-06-01,22.7
11791,うぉーむ助産院,兵庫県伊丹市北河原１－７－８,34.7867667,135.4211479,exact_name_pref_municipality_address,maternity_home,2847280001100,うぉーむ助産院,兵庫県伊丹市北河原１－７－８,34.786774,135.421137,2026-06-01,1.3
11794,さとう助産院,茨城県結城市結城１２０７８－１１,36.3161504,139.8726321,exact_name_pref_municipality_address,maternity_home,0846081000034,さとう助産院,茨城県結城市結城１２０７８－１１,36.312778,139.875833,2026-06-01,472.1
11795,共同助産所　お産子の家,滋賀県東近江市八日市緑町１７－５,35.1108987,136.2067443,exact_name_pref_municipality_address,maternity_home,2546250001200,共同助産所　お産子の家,滋賀県東近江市八日市緑町１７－５,35.004531,135.86859,2026-06-01,32973.5
11796,松が丘助産院,東京都中野区松が丘1-10-13,35.7186594,139.6713813,exact_name_pref_municipality_address,maternity_home,1344136100010,松が丘助産院,東京都中野区松が丘１－１０－１３,35.718777,139.671325,2026-06-01,14.0
11797,むとう助産院,和歌山県和歌山市内原５８２－６,34.1763055,135.1973672,name_municipality_only,maternity_home,3045103600000,むとう助産院,和歌山県和歌山市内原５８２番地の６,34.176308,135.197406,2026-06-01,
11799,菜桜助産所,静岡県富士市宮島１０６２－８,35.1310365,138.6615009,exact_name_pref_municipality_address,maternity_home,2245225800420,菜桜助産所,静岡県富士市宮島１０６２－８,35.131041,138.661547,2026-06-01,4.2
11800,つるべ助産院,北海道札幌市白石区北郷3条2丁目13₋8,43.0616185,141.4102614,exact_name_pref_municipality_address,maternity_home,0144010000530,つるべ助産院,北海道札幌市白石区北郷３条２丁目１３－８,43.061716,141.410342,2026-06-01,12.7
11801,牧岡マタニティハウス,埼玉県越谷市大間野町１－３５－１２,35.8613896,139.7857378,exact_name_pref_municipality_visible_address_prefix_type_consistent,maternity_home,1141120025100,牧岡マタニティハウス,埼玉県越谷市大間野町,35.861395,139.785755,2026-06-01,1.7
11802,ひまわり助産院,愛知県刈谷市池田町１－１－９,35.0046444,137.0071821,exact_name_pref_municipality_address,maternity_home,2344231300020,ひまわり助産院,愛知県刈谷市池田町１－１－９,35.004601,137.007221,2026-06-01,6.0
11804,磯部助産院,滋賀県蒲生郡竜王町大字山之上５２８７,35.0459684,136.1425162,name_municipality_only,maternity_home,2546250000400,磯部助産院,滋賀県蒲生郡竜王町山之上５２８７,35.045974,136.142519,2026-06-01,
11805,はちどり助産院,愛知県豊田市豊栄町１－１３３－１,35.0512796,137.1564513,exact_name_pref_municipality_address,maternity_home,2344232800160,はちどり助産院,愛知県豊田市豊栄町１－１３３－１,35.051337,137.156442,2026-06-01,6.4
11809,石井助産院,奈良県奈良市奈保町５－２１,34.7035311,135.8296465,name_municipality_only,maternity_home,2945101700000,石井助産院,奈良県奈良市奈保町５番２１号,34.703537,135.829663,2026-06-01,
11810,ここみ助産所,東京都西東京市南町1-3-13,35.7273386,139.5468867,exact_name_pref_municipality_address,maternity_home,1344139700003,ここみ助産所,東京都西東京市南町１－３－１３,35.727329,139.546862,2026-06-01,2.5
11813,助産院エンジェルスマイルモモ,三重県伊勢市佐八町２０２２－１,34.463574,136.6612015,exact_name_pref_municipality_address,maternity_home,2445240000100,助産院エンジェルスマイルモモ,三重県伊勢市佐八町２０２２－１,34.46241,136.659605,2026-06-01,195.4
11814,出張さんばステーション日野春　松浦助産院,山梨県北杜市長坂町日野９８,35.8049777,138.3708717,exact_name_pref_municipality_address,maternity_home,1946191000032,出張さんばステーション日野春　松浦助産院,山梨県北杜市長坂町日野９８,35.806106,138.367901,2026-06-01,295.8
11815,野ノ花助産院,長野県駒ヶ根市東伊那２１９５−２,35.747495,137.9737605,exact_name_pref_municipality_address,maternity_home,2045200000180,野ノ花助産院,長野県駒ヶ根市東伊那２１９５−２,35.747546,137.973737,2026-06-01,6.1
11817,医療法人緑生会あびこ助産院,千葉県我孫子市我孫子１８５４−１１,35.8661372,140.0273072,exact_name_pref_municipality_address,maternity_home,1241220290800,医療法人緑生会あびこ助産院,千葉県我孫子市我孫子１８５４－１１,35.86614,140.027326,2026-06-01,1.7
11819,くさの助産院,静岡県静岡市葵区瀬名川３丁目１４番１３号,35.0071185,138.4330912,name_municipality_only,maternity_home,2245226000230,くさの助産院,静岡県静岡市葵区瀬名川三丁目１４－１３,35.007151,138.433099,2026-06-01,
11820,出産と育児の相談室　母微笑助産院,大阪府堺市北区新堀町２丁８１－８,34.5787351,135.5139893,name_municipality_only,maternity_home,2749278000730,出産と育児の相談室　母微笑助産院,大阪府堺市北区新堀町２丁８１番８号,34.578743,135.513973,2026-06-01,
11822,しぶや助産院,福岡県遠賀郡岡垣町旭台３丁目１１番５号,33.8577922,130.619347,name_municipality_only,maternity_home,4040008400023,しぶや助産院,福岡県遠賀郡岡垣町旭台３丁目１１－５,33.857764,130.619354,2026-06-01,
11823,愛助産院,愛知県春日井市下条町７７５－７,35.2300526,136.9776892,exact_name_pref_municipality_address,maternity_home,2344230500170,愛助産院,愛知県春日井市下条町７７５－７,35.230077,136.977719,2026-06-01,3.8
11826,助産院　アロマ・バース,千葉県市原市能満１８５６ー２,35.5104492,140.1434754,exact_name_pref_municipality_address,maternity_home,1241227936600,助産院　アロマ・バース,千葉県市原市能満１８５６－２,35.510436,140.143497,2026-06-01,2.4
11827,つむぎ助産院,静岡県菊川市棚草516-8,34.7026339,138.0978493,exact_name_pref_municipality_visible_address_prefix_type_consistent,maternity_home,2245227301950,つむぎ助産院,静岡県菊川市棚草,34.702663,138.097891,2026-06-01,5.0
11828,一般社団法人助産婦石村,東京都江東区東陽３－２１－１１－１０１,35.6690975,139.8118633,name_municipality_only,maternity_home,1344136800170,一般社団法人　助産婦　石村,東京都江東区東陽３－２１－１１　藤和シティーコープ１０１,35.669173,139.811926,2026-06-01,
11829,助産院こうのとり,静岡県静岡市駿河区栗原２６－１４－５,34.9886925,138.4331104,name_municipality_only,maternity_home,2245226003840,助産院こうのとり,静岡県静岡市駿河区栗原２６番１４－５号,34.988705,138.433223,2026-06-01,
11830,桜の森助産院,福島県いわき市平字長橋町１－１,37.0534709,140.8836859,exact_name_pref_municipality_address,maternity_home,0749000000009,桜の森助産院,福島県いわき市平字長橋町１－１,37.053875,140.882331,2026-06-01,128.4
11833,助産所ほやほや,長野県長野市北堀８４７ー１１,36.668154,138.2367402,exact_name_pref_municipality_address,maternity_home,2045200000470,助産所　ほやほや,長野県長野市北堀８４７－１１,36.668142,138.23615,2026-06-01,52.7
11834,エンジェルバース山方助産院,神奈川県横浜市瀬谷区本郷１－６－２,35.4740961,139.476045,exact_name_pref_municipality_address,maternity_home,1441420606400,エンジェルバース　山方助産院,神奈川県横浜市瀬谷区本郷１－６－２,35.47407,139.476063,2026-06-01,3.3
11836,ゆたか助産院,石川県加賀市大聖寺本町３９番地２号,36.3063331,136.3117769,exact_name_pref_municipality_address,maternity_home,1741241001,ゆたか助産院,石川県加賀市大聖寺本町３９番地２号,36.306335,136.311745,2026-06-01,2.9
11838,悠育助産院,京都府相楽郡精華町精華台4ｰ21ｰ14,34.7508655,135.7781669,exact_name_pref_municipality_address,maternity_home,2642651100012,悠育助産院,京都府相楽郡精華町精華台４－２１－１４,34.752217,135.775387,2026-06-01,295.1
11839,出張専門　向谷地幸子,東京都世田谷区,,,name_municipality_only,maternity_home,1344132700033,出張専門　向谷地　幸子,東京都世田谷区粕谷,35.664393,139.608166,2026-06-01,
11842,助産所ままと赤ちゃんの家,栃木県那須塩原市埼玉４５１－１,36.9599585,140.0221307,exact_name_pref_municipality_visible_address_prefix_type_consistent,maternity_home,0946091000017,助産所　ままと赤ちゃんの家,栃木県那須塩原市埼玉,36.960081,140.022512,2026-06-01,36.5
11846,つぐみ助産院,京都府京都市北区西賀茂井ノ口町110－2,35.0692155,135.7425833,exact_name_pref_municipality_address,maternity_home,2642651100005,つぐみ助産院,京都府京都市北区西賀茂井ノ口町１１０－２,35.069215,135.742583,2026-06-01,0.1
11848,有理助産院,岡山県岡山市南区新福1-6-22,34.6290865,133.9343107,exact_name_pref_municipality_address,maternity_home,3344330000120,有理助産院,岡山県岡山市南区新福１－６－２２,34.629082,133.934284,2026-06-01,2.5
11849,ははこっこ助産院,宮城県大崎市古川大幡字原田１４－１,38.5617398,140.9662282,exact_name_pref_municipality_address,maternity_home,044890030,ははこっこ助産院,宮城県大崎市古川大幡字原田１４－１,38.561745,140.966217,2026-06-01,1.1
11851,助産院凮のいろ,岐阜県加茂郡川辺町比久見1278-8,35.4995592,137.0822238,exact_name_pref_municipality_address,maternity_home,2141654007623,助産院　凮のいろ,岐阜県加茂郡川辺町比久見１２７８－８,35.499337,137.082268,2026-06-01,25.0
11852,みちつき助産院,新潟県新潟市西区五十嵐１の町６３７９－９５,37.8764592,138.9457862,name_municipality_only,maternity_home,154JONCX00003,みちつき助産院,新潟県新潟市西区五十嵐一の町６３７９番地９５,37.876282,138.945944,2026-06-01,
11853,まき助産院,静岡県静岡市葵区与一３丁目４番１６号,35.0095333,138.3686571,exact_name_pref_municipality_address,maternity_home,2245226002830,まき助産院,静岡県静岡市葵区与一３丁目４番１６号,35.009528,138.368659,2026-06-01,0.6
11855,あお助産院,愛知県名古屋市千種区本山町１－１８－２,35.1663625,136.9654607,exact_name_pref_municipality_address,maternity_home,2344232200100,あお助産院,愛知県名古屋市千種区本山町１ー１８ー２,35.166379,136.965466,2026-06-01,1.9
11857,ＨＩＮＡ助産院,静岡県袋井市高尾町１３－１６,34.7437861,137.9255495,exact_name_pref_municipality_address,maternity_home,2245227302120,ＨＩＮＡ助産院,静岡県袋井市高尾町１３－１６,34.743802,137.925546,2026-06-01,1.8
11858,ひまわり助産院,千葉県匝瑳市野手１７１４６ー９３７,35.6593311,140.5995362,exact_name_pref_municipality_address,maternity_home,1241204891700,ひまわり助産院,千葉県匝瑳市野手１７１４６－９３７,35.659311,140.59953,2026-06-01,2.3
11859,樹の下助産院,大阪府東大阪市若江北町２丁目８番２７号,34.6594724,135.6013787,exact_name_pref_municipality_address,maternity_home,2749278005430,樹の下助産院,大阪府東大阪市若江北町２丁目８番２７号,34.659486,135.601378,2026-06-01,1.5
11861,助産院フジサンバ,山梨県富士吉田市上吉田東４ー１５ー３４,35.4721526,138.8061567,name_municipality_only,maternity_home,1946191000031,助産院フジサンバ,山梨県富士吉田市上吉田東１ー１５－３４,35.472043,138.806249,2026-06-01,
11863,ウアノア助産院,兵庫県姫路市飾磨区上野田４ー１１１ー１,34.8060301,134.686239,name_municipality_only,maternity_home,2847280001090,ウアノア助産院,兵庫県姫路市飾磨区上野田４丁目１１１番地１,34.806556,134.686487,2026-06-01,
11864,あごら助産院,埼玉県越谷市瓦曾根１－１１－１３,35.886286,139.7946094,name_municipality_only,maternity_home,1141109824400,あごら助産院,埼玉県越谷市瓦曽根１－１１－１３,35.886284,139.794628,2026-06-01,
11866,ゆい助産院,広島県広島市安佐北区可部８丁目６ー８,34.5286405,132.5165294,name_municipality_only,maternity_home,3445340000770,ゆい助産院,広島県広島市安佐北区可部８－６－８,34.528817,132.516296,2026-06-01,
11869,あかね助産院,三重県多気郡多気町笠木６２０,34.4893817,136.5795739,exact_name_pref_municipality_address,maternity_home,2445240010023,あかね助産院,三重県多気郡多気町笠木６２０,34.489382,136.579574,2026-06-01,0.0
11870,かつはら助産院,三重県津市白山町藤８３８ー１,34.6291346,136.3136289,exact_name_pref_municipality_address,maternity_home,2445240010046,かつはら助産院,三重県津市白山町藤８３８－１,34.62914,136.313626,2026-06-01,0.7
11872,ひまわり助産院,石川県金沢市泉野出町４丁目１３番２２号,36.5349834,136.6516174,name_municipality_only,maternity_home,1745140004,ひまわり助産院,石川県金沢市泉野出町４丁目１３－２２,36.535006,136.651606,2026-06-01,
11873,まちかど助産庵co*toiro (こといろ),三重県桑名市船馬町６４－２,35.0686263,136.6936624,exact_name_pref_municipality_address,maternity_home,2445240010005,まちかど助産庵ｃｏ＊ｔｏｉｒｏこといろ,三重県桑名市船馬町６４－２,35.068585,136.693652,2026-06-01,4.7
11877,和　助産院,静岡県磐田市大久保７３３番地３７,34.7710477,137.8514319,name_municipality_only,maternity_home,2245227302250,和助産院,静岡県磐田市大久保７３３－３７,34.771277,137.851223,2026-06-01,
11878,目白助産所,東京都豊島区雑司が谷２－２４－１１,35.7203226,139.7174111,exact_name_pref_municipality_address,maternity_home,1344133700020,目白助産所,東京都豊島区雑司が谷２－２４－１１,35.720305,139.717404,2026-06-01,2.1
11881,かふう助産院,大阪府高槻市天王町３１番９号,34.8487129,135.6335283,name_municipality_only,maternity_home,2749278007770,かふう助産院,大阪府高槻市天王町３１ー９,34.848712,135.633528,2026-06-01,
11883,青柳助産院,奈良県奈良市五条畑１丁目１７ー１０ー１,34.6781441,135.7691526,name_municipality_only,maternity_home,2945100600000,青柳助産院,奈良県奈良市五条畑１丁目１７番１０－１号,34.678066,135.769197,2026-06-01,
11884,おはな助産院,静岡県御前崎市白羽６６２１－１０７０,34.6045484,138.194862,exact_name_pref_municipality_address,maternity_home,2245227301660,おはな助産院,静岡県御前崎市白羽６６２１－１０７０,34.604534,138.194857,2026-06-01,1.7
11885,ふじの宮助産院,静岡県富士宮市沼久保６２４－１,35.1969642,138.5932476,exact_name_pref_municipality_address,maternity_home,2245225801180,ふじの宮助産院,静岡県富士宮市沼久保６２４－１,35.196985,138.593256,2026-06-01,2.4
11887,助産院　陽,熊本県阿蘇市一の宮町宮地６１５４－１０仙酔峡ハイツＥ－１,32.9306107,131.1068482,exact_name_pref_municipality_address,maternity_home,434443560001,助産院陽,熊本県阿蘇市一の宮町宮地６１５４－１０　仙酔峡ハイツＥ－１,32.875074,131.002114,2026-06-01,11564.7
11888,くつろか助産院,三重県津市久居東鷹跡町１８５－８,34.6749658,136.4671468,exact_name_pref_municipality_address,maternity_home,2445240000150,くつろか助産院,三重県津市久居東鷹跡町１８５－８,34.674968,136.467472,2026-06-01,29.7
11890,おっぱいハウス池田助産院,宮崎県日南市大字星倉4418番地,31.6145538,131.3726904,exact_name_pref_municipality_address,maternity_home,4544450400160,おっぱいハウス　池田助産院,宮崎県日南市大字星倉４４１８番地,31.622451,131.368826,2026-06-01,951.3
11893,助産院なお,岐阜県高山市国府町宇津江２２４３ー１４,36.2159791,137.1998488,name_municipality_only,maternity_home,2141664008585,助産院　なお,岐阜県高山市国府町宇津江２２４３番地１４,36.21603,137.199811,2026-06-01,
11898,みまた助産院,宮崎県北諸県郡三股町新馬場２５ー３,31.7380649,131.1110203,exact_name_pref_municipality_address,maternity_home,4544450200940,みまた助産院,宮崎県北諸県郡三股町新馬場２５－３,31.738153,131.111016,2026-06-01,9.8
11899,助産院peekaboo,山梨県甲府市上阿原町971-1-101,35.6514777,138.6085169,exact_name_pref_municipality_address,maternity_home,1946191000027,助産院　ｐｅｅｋａｂｏｏ,山梨県甲府市上阿原町９７１－１－１０１,35.651597,138.60861,2026-06-01,15.7
11901,ひだまり助産院,岐阜県瑞穂市呂久１０４１,35.3897467,136.6399605,exact_name_pref_municipality_visible_address_prefix_type_consistent,maternity_home,2141634008482,ひだまり助産院,岐阜県瑞穂市呂久１０４１番地,35.389744,136.639959,2026-06-01,0.3
11903,たんぽぽ助産院,東京都荒川区荒川１丁目３１−８,35.7343765,139.7887468,name_municipality_only,maternity_home,1344134200000,たんぽぽ助産院,東京都荒川区荒川１－３１－８,35.734444,139.788536,2026-06-01,
11905,なぎ助産院,和歌山県岩出市水栖２６４番地の２,34.2675511,135.3202322,name_municipality_only,maternity_home,3045101000000,なぎ助産院,和歌山県岩出市水栖２６４－２,34.267661,135.320253,2026-06-01,
11906,あん助産院,大阪府枚方市藤阪元町３丁目６−２２,34.8197232,135.7027699,exact_name_pref_municipality_address,maternity_home,2749278004640,あん助産院,大阪府枚方市藤阪元町３丁目６－２２,34.81936,135.702696,2026-06-01,40.9
11907,助産院バースあおば,神奈川県横浜市青葉区鴨志田５０９－１中谷都第３ビル１階,35.5602994,139.5062622,name_municipality_only,maternity_home,1441407492300,助産院　バースあおば,神奈川県横浜市青葉区鴨志田町５０９－１　中谷都第３ビル１階,35.560286,139.506276,2026-06-01,
11909,うたな助産所,滋賀県近江八幡市牧町８０８,35.1346285,136.0571231,exact_name_pref_municipality_address,maternity_home,2546250000390,うたな助産所,滋賀県近江八幡市牧町８０８,35.134572,136.056425,2026-06-01,63.8
11913,瀧田助産院,埼玉県越谷市花田２－１７－４,35.9117523,139.8008604,exact_name_pref_municipality_address,maternity_home,1141120543100,瀧田助産院,埼玉県越谷市花田２－１７－４,35.911715,139.800874,2026-06-01,4.3
11914,守谷助産院,茨城県守谷市松ケ丘５丁目２７‐１９,35.9425243,139.9838584,name_municipality_only,maternity_home,0846081000027,守谷助産院,茨城県守谷市松ケ丘５－２７－１９,35.942531,139.983821,2026-06-01,
11917,助産院母魂,埼玉県春日部市不動院野１４８４－２８,35.9961463,139.7701631,exact_name_pref_municipality_address,maternity_home,1141126057200,助産院　母魂,埼玉県春日部市不動院野１４８４ー２８,35.996136,139.770192,2026-06-01,2.8
11918,よしみ助産院,長野県飯田市立石７１０,35.4328968,137.7870309,exact_name_pref_municipality_address,maternity_home,2045205700520,よしみ助産院,長野県飯田市立石７１０,35.432938,137.787043,2026-06-01,4.7
11919,宮岡助産所,東京都昭島市美堀町２丁目１２－９,35.7231377,139.3614364,exact_name_pref_municipality_address,maternity_home,1344137200000,宮岡助産所,東京都昭島市美堀町２丁目１２－９,35.723134,139.361432,2026-06-01,0.6
11920,さいたま助産院,埼玉県さいたま市北区宮原町４－１３８－１１,35.950775,139.6019329,exact_name_pref_municipality_address,maternity_home,1141105351800,さいたま助産院,埼玉県さいたま市北区宮原町４－１３８－１１,35.950776,139.601941,2026-06-01,0.7
11921,ぶどうの木助産院,静岡県静岡市駿河区中村町１６の４,34.9545768,138.3932711,name_municipality_only,maternity_home,2245226002540,ぶどうの木助産院,静岡県静岡市駿河区中村町１６番地の４,34.954573,138.393193,2026-06-01,
11922,やすらぎの森木村助産院,京都府京都市伏見区日野畑出町50,34.9333222,135.8164385,exact_name_pref_municipality_address,maternity_home,2642651000006,やすらぎの森木村助産院,京都府京都市伏見区日野畑出町５０,34.933334,135.816425,2026-06-01,1.8
11925,松永助産院,埼玉県川越市１丁目１８ー３,35.9049112,139.4801917,name_municipality_only,maternity_home,1141105747500,松永助産院,埼玉県川越市川鶴,35.923118,139.414714,2026-06-01,
11926,きらり助産院,栃木県那須塩原市四区町７２７番地２６１,36.8959567,139.943327,exact_name_pref_municipality_address,maternity_home,0946091000065,きらり助産院,栃木県那須塩原市四区町７２７番地２６１,36.895944,139.943266,2026-06-01,5.6
11927,助産所ドゥーラえむあい,長野県伊那市日影534-1,35.8342259,137.9788178,exact_name_pref_municipality_address,maternity_home,2045200000130,助産所ドゥーラえむあい,長野県伊那市日影５３４－１,35.824509,137.96404,2026-06-01,1715.3
11928,さかえ助産院,富山県砺波市大門５２３－２,36.6216921,136.9668855,name_municipality_only,maternity_home,1645161000025,さかえ助産院,富山県砺波市大門５２３番２,36.621685,136.966646,2026-06-01,
11929,とべ助産院,茨城県那珂郡東海村須和間１３１５－２,36.4521648,140.5543767,exact_name_pref_municipality_address,maternity_home,0846081000043,とべ助産院,茨城県那珂郡東海村須和間１３１５－２,36.452164,140.554383,2026-06-01,0.6
11931,どんぐり助産院,石川県白山市荒屋町に９５－３,36.4827237,136.6066163,exact_name_pref_municipality_address,maternity_home,1742140003,どんぐり助産院,石川県白山市荒屋町に９５ー３,36.482723,136.606616,2026-06-01,0.1
11932,まつだ助産院,兵庫県加西市福住町７４９,34.9034887,134.8117005,exact_name_pref_municipality_address,maternity_home,2847280000470,まつだ助産院,兵庫県加西市福住町７４９,34.903585,134.811599,2026-06-01,14.2
11933,滝澤助産所,群馬県吾妻郡嬬恋村鎌原５７５－１,36.5198576,138.550356,exact_name_pref_municipality_address,maternity_home,1046101000045,滝澤助産所,群馬県吾妻郡嬬恋村鎌原５７５－１,36.519921,138.549992,2026-06-01,33.3
11935,ふじ助産院,奈良県天理市西長柄町３８８－２,34.5760722,135.8229983,exact_name_pref_municipality_address,maternity_home,2945105000000,ふじ助産院,奈良県天理市西長柄町３８８ー２,34.576068,135.823021,2026-06-01,2.1
11939,motherゆり助産所,大阪府大阪市生野区巽南３－１２－９,34.6418638,135.5522331,name_municipality_only,maternity_home,2749278000320,ｍｏｔｈｅｒゆり助産所,大阪府大阪市生野区巽南３丁目１２番９号,34.641848,135.552252,2026-06-01,
11940,稲田助産院,神奈川県川崎市多摩区菅稲田堤３－４－１,35.6332858,139.5403157,exact_name_pref_municipality_address,maternity_home,1441409284000,稲田助産院,神奈川県川崎市多摩区菅稲田堤３－４－１,35.633318,139.540317,2026-06-01,3.6
11941,ほほえみハウス,静岡県掛川市高御所１６５２,34.7626237,137.9908822,exact_name_pref_municipality_address,maternity_home,2245227301820,ほほえみハウス,静岡県掛川市高御所１６５２,34.762624,137.990869,2026-06-01,1.2
11942,一般社団法人 愛媛助産師会 まつやま助産院,愛媛県松山市中一万町２－１,33.8463687,132.7748418,exact_name_pref_municipality_address,maternity_home,3845383100100,一般社団法人愛媛助産師会　まつやま助産院,愛媛県松山市中一万町２－１,33.846408,132.774983,2026-06-01,13.8
11944,とくおか助産院,東京都日野市東平山２－１６－４,35.6509816,139.3769043,exact_name_pref_municipality_address,maternity_home,1344139100062,とくおか助産院,東京都日野市東平山２－１６－４,35.650918,139.376852,2026-06-01,8.5
11945,助産院しんかい,京都府木津川市木津川原田３－７,34.732603,135.821331,exact_name_pref_municipality_address,maternity_home,2642651000093,助産院しんかい,京都府木津川市木津川原田３－７,34.732565,135.821329,2026-06-01,4.2
11946,まつば助産院,長野県松本市波田５８３８－１７,36.1962756,137.8644619,exact_name_pref_municipality_address,maternity_home,2045200000380,まつば助産院,長野県松本市波田５８３８－１７,36.196291,137.864445,2026-06-01,2.3
11948,プロジェクト・マム さくらの里助産院,長崎県長崎市さくらの里１丁目１９－５０,32.8306177,129.770595,exact_name_pref_municipality_visible_address_prefix_type_consistent,maternity_home,424bna0002,プロジェクト・マムさくらの里助産院,長崎県長崎市さくらの里,32.830611,129.770592,2026-06-01,0.8
11949,天白助産所,愛知県名古屋市天白区海老山町２２１８,35.1136084,136.9740465,exact_name_pref_municipality_address,maternity_home,2344232500140,天白助産所,愛知県名古屋市天白区海老山町２２１８,35.113572,136.974049,2026-06-01,4.1
11951,一般社団法人 子育てサポートハウス marimo助産院,神奈川県相模原市南区文京２丁目７－２,35.533744,139.422909,exact_name_pref_municipality_visible_address_prefix_type_consistent,maternity_home,1441411469000,一般社団法人　子育てサポートハウスｍａｒｉｍｏ助産院,神奈川県相模原市南区文京,35.533745,139.422903,2026-06-01,0.6
11952,空助産院,岐阜県羽島市下中町加賀野井４８３,35.2961798,136.7187927,exact_name_pref_municipality_address,maternity_home,2141634006270,空助産院,岐阜県羽島市下中町加賀野井４８３,35.296334,136.717291,2026-06-01,137.4
11954,天子助産院,大阪府大阪市住之江区粉浜２－１－１９,34.6180608,135.4907221,name_municipality_only,maternity_home,2749278006970,天子助産院,大阪府大阪市住之江区粉浜２丁目１番１９号,34.618044,135.490723,2026-06-01,
11955,津田助産院,大阪府岸和田市下野町２－２－１,34.4716191,135.3795767,name_municipality_only,maternity_home,2749278004710,津田助産院,大阪府岸和田市下野町２丁目２番１号,34.471725,135.379628,2026-06-01,
11957,公立阿伎留医療センター,東京都あきる野市引田78-1,35.7321691,139.2725738,exact_name_pref_municipality_address,hospital,1311137200240,公立阿伎留医療センター,東京都あきる野市引田７８－１,35.732879,139.272524,2026-06-01,79.1
11958,藤沢市民病院,神奈川県藤沢市藤沢２－６－１,35.3506356,139.4814393,exact_name_pref_municipality_address,hospital,1411410064900,藤沢市民病院,神奈川県藤沢市藤沢２－６－１,35.350919,139.482007,2026-06-01,60.4
11959,唐津赤十字病院,佐賀県唐津市和多田２４３０,33.4343389,129.9741674,exact_name_pref_municipality_address,hospital,4111415502990,唐津赤十字病院,佐賀県唐津市和多田２４３０,33.435059,129.974002,2026-06-01,81.5
11960,長崎県壱岐病院,長崎県壱岐市郷ノ浦町東触1626,33.7564005,129.7021163,exact_name_pref_municipality_visible_address_prefix_type_consistent,hospital,421hik0008,長崎県壱岐病院,長崎県壱岐市郷ノ浦町東触１６２６番地,33.7564,129.702116,2026-06-01,0.1
11962,荒尾市立有明医療センター,熊本県荒尾市荒尾２６００,32.9756094,130.4472562,exact_name_pref_municipality_address,hospital,431143530011,荒尾市立有明医療センター,熊本県荒尾市荒尾２６００,32.975792,130.44656,2026-06-01,68.0
11964,公立八女総合病院,福岡県八女市高塚540番地2,33.2062529,130.5603101,exact_name_pref_municipality_address,hospital,4011400001110,公立八女総合病院,福岡県八女市高塚５４０番地２,33.206226,130.560182,2026-06-01,12.3
11967,竹田綜合病院,福島県会津若松市山鹿町３－２７,37.489516,139.9218125,exact_name_pref_municipality_address,hospital,0710710000058,竹田綜合病院,福島県会津若松市山鹿町３－２７,37.490083,139.922422,2026-06-01,82.9
11970,医療法人社団協友会　千葉愛友会記念病院,千葉県流山市鰭ケ崎１－１,35.8431471,139.9105386,exact_name_pref_municipality_address,hospital,1211201365000,医療法人社団協友会　千葉愛友会記念病院,千葉県流山市鰭ケ崎１－１,35.836643,139.911635,2026-06-01,729.9
11972,医療法人社団飯野病院,東京都調布市布田4-3-2,35.6512323,139.5450574,exact_name_pref_municipality_address,hospital,1311137700610,医療法人社団　飯野病院,東京都調布市布田４－３－２,35.651198,139.545033,2026-06-01,4.4
11973,医療法人明保会江幡産婦人科・内科病院,茨城県水戸市備前町４番１１号,36.3760279,140.4645754,exact_name_pref_municipality_address,hospital,081108510092,医療法人明保会江幡産婦人科・内科病院,茨城県水戸市備前町４番１１号,36.376027,140.464575,2026-06-01,0.1
11975,健和会大手町病院,福岡県北九州市小倉北区大手町１３番１,33.8754341,130.868441,exact_name_pref_municipality_visible_address_prefix_type_consistent,hospital,4012400500080,健和会大手町病院,福岡県北九州市小倉北区大手町１３番１号,33.876238,130.870804,2026-06-01,235.8
11976,医療法人慈徳会真田病院,広島県広島市南区皆実町三丁目１３－２１,34.3748424,132.4653274,name_municipality_only,hospital,3411340012070,医療法人慈徳会　真田病院,広島県広島市南区皆実町３－１３－２１,34.374846,132.465318,2026-06-01,
11980,医療法人社団豊和会豊岡産科婦人科医院,北海道旭川市豊岡４条１丁目１－１０,43.7604622,142.3897815,name_municipality_only,clinic,0122010002000,医療法人社団豊和会豊岡産科婦人科医院,北海道旭川市豊岡４条１丁目１番１０号,43.760464,142.389812,2026-06-01,
11981,あきたレディースクリニック安田,秋田県秋田市土崎港中央一丁目１７番１１号,39.7530695,140.0684962,exact_name_pref_municipality_address,clinic,0522050502660,あきたレディースクリニック安田,秋田県秋田市土崎港中央一丁目１７番１１号,39.753075,140.068467,2026-06-01,2.6
11982,やかべ産婦人科医院,山口県下関市秋根西町１丁目６番２５号,34.0085847,130.9462121,name_municipality_only,clinic,3522353140970,やかべ産婦人科医院,山口県下関市秋根西町１丁目６－２５,34.008583,130.946083,2026-06-01,
11983,聖マリアクリニック本院,神奈川県横浜市戸塚区品濃町５０９－３,35.425866,139.5589937,exact_name_pref_municipality_address,clinic,1421421763500,聖マリアクリニック本院,神奈川県横浜市戸塚区品濃町５０９－３,35.425848,139.559038,2026-06-01,4.5
11984,医療法人社団三餘会　五井レディースクリニック,千葉県市原市五井２２９０,35.5211441,140.0858753,exact_name_pref_municipality_visible_address_prefix_type_consistent,clinic,1221204686800,医療法人社団三餘会　五井レディースクリニック,千葉県市原市五井,35.521114,140.08589,2026-06-01,3.6
11985,小竹産婦人科医院,千葉県柏市南柏 ２－４－１９,35.8460159,139.9548173,exact_name_pref_municipality_address,clinic,1221205019900,小竹産婦人科医院,千葉県柏市南柏２－４－１９,35.846005,139.954847,2026-06-01,2.9
11986,医療法人令明会ゆりレディスクリニック,岐阜県岐阜市前一色西町４－１,35.4084217,136.7943039,exact_name_pref_municipality_address,clinic,2121342001559,医療法人令明会ゆりレディスクリニック,岐阜県岐阜市前一色西町４－１,35.408428,136.794333,2026-06-01,2.7
11988,医療法人　とみおかレディースクリニック,福岡県久留米市中央町８ー３９,33.3175966,130.5025717,exact_name_pref_municipality_address,clinic,4022400071010,医療法人　とみおかレディースクリニック,福岡県久留米市中央町８ー３９,33.317629,130.502462,2026-06-01,10.8
11990,医療法人社団ながやレディースクリニック,山口県山口市黒川475-1,34.1384388,131.4467699,name_municipality_only,clinic,3522355719790,医療法人社団　ながやレディースクリニック,山口県山口市黒川４７５番１号,34.138389,131.446778,2026-06-01,
11993,岩田産婦人科医院,埼玉県秩父市番場町１３－１,35.9954838,139.0835832,exact_name_pref_municipality_visible_address_prefix_type_consistent,clinic,1121108767600,岩田産婦人科医院,埼玉県秩父市番場町,35.995488,139.083616,2026-06-01,3.0
11995,村井産婦人科小児歯科医院,岩手県盛岡市向中野八丁目8番46号,39.6721025,141.1397469,exact_name_pref_municipality_address,clinic,03203201321,村井産婦人科・小児歯科医院,岩手県盛岡市向中野八丁目８番４６号,39.671986,141.139745,2026-06-01,13.0
11996,医療法人ささや産婦人科,福島県福島市笹谷字才ノ神17-1,37.7946229,140.4302592,name_municipality_only,clinic,0720720000067,医療法人ささや産婦人科,福島県福島市笹谷字才ノ神１７番地の１,37.789486,140.439328,2026-06-01,
11998,医療法人孝知会芦原産婦人科クリニック,大阪府枚方市養父西町１５－１５,34.847366,135.6714424,exact_name_pref_municipality_address,clinic,2722270055580,医療法人孝知会　芦原産婦人科クリニック,大阪府枚方市養父西町１５－１５,34.847412,135.671475,2026-06-01,5.9
11999,医療法人社団ルクール　ベリエの丘クリニック,東京都稲城市若葉台2-14-2,35.620828,139.4757381,exact_name_pref_municipality_address,clinic,1322139100013,医療法人社団ルクール　ベリエの丘クリニック,東京都稲城市若葉台２－１４－２,35.621089,139.475901,2026-06-01,32.5
12003,みなみ野グリーンゲイブルズクリニック,東京都八王子市大船町1001,35.6310705,139.3167208,exact_name_pref_municipality_address,clinic,1322137300074,みなみ野グリーンゲイブルズクリニック,東京都八王子市大船町１００１,35.626253,139.313164,2026-06-01,624.7
12004,医療法人 慶桜会 大塚産婦人科小児科医院,埼玉県新座市片山１－１６－３,35.7684812,139.5646423,exact_name_pref_municipality_address,clinic,1121100865200,医療法人慶桜会大塚産婦人科小児科医院,埼玉県新座市片山１－１６－３,35.768509,139.564694,2026-06-01,5.6
12005,斎藤産婦人科医院,熊本県菊池市片角２９４－２,32.9771554,130.8143962,exact_name_pref_municipality_address,clinic,432243550278,斎藤産婦人科医院,熊本県菊池市片角２９４ー２,32.97715,130.814358,2026-06-01,3.6
12008,医療法人井上医院,岡山県岡山市中区関２２,34.6753153,133.9720053,exact_name_pref_municipality_address,clinic,3322330005300,医療法人井上医院,岡山県岡山市中区関２２,34.675267,133.971973,2026-06-01,6.1
12010,手山産婦人科,山口県防府市栄町１丁目８－７,34.0555852,131.5708326,name_municipality_only,clinic,3522355729630,手山産婦人科,山口県防府市栄町１－８－７,34.055583,131.570806,2026-06-01,
12012,医療法人産育会　厚川医院,埼玉県川口市戸塚２－４－１０,35.8706851,139.7450308,exact_name_pref_municipality_visible_address_prefix_type_consistent,clinic,1121100256500,医療法人産育会　厚川医院,埼玉県川口市戸塚,35.870699,139.745058,2026-06-01,2.9
12014,美和レディースクリニック,神奈川県大和市南林間７－２０－３０,35.494035,139.4359501,exact_name_pref_municipality_address,clinic,1421426516800,美和レディースクリニック,神奈川県大和市南林間７－２０－３０,35.494053,139.436096,2026-06-01,13.4
12017,医療法人　藤優会　藤井レディースクリニック,群馬県太田市東矢島町1184-1,36.2713616,139.384237,exact_name_pref_municipality_address,clinic,1022100001463,医療法人藤優会藤井レディースクリニック,群馬県太田市東矢島町１１８４ー１,36.27051,139.384451,2026-06-01,96.6
12018,医療法人　秋桜会　おさきマタニティクリニック,大阪府貝塚市堀２丁目１９番地１５号,34.450652,135.364747,exact_name_pref_municipality_address,clinic,2722270124660,医療法人　秋桜会　おさきマタニティクリニック,大阪府貝塚市堀２丁目１９番地１５号,34.450782,135.36463,2026-06-01,18.0
12019,マザーズクリニック ＴＡＭＵＲＡ,群馬県前橋市小屋原町５８４－１,36.3547082,139.1306335,name_municipality_only,clinic,1022100001803,マザーズクリニックＴＡＭＵＲＡ,群馬県前橋市小屋原町５８４番地１,36.356393,139.13227,2026-06-01,
12021,牧田産婦人科医院,埼玉県新座市あたご３－３－１７,35.793751,139.5435569,exact_name_pref_municipality_visible_address_prefix_type_consistent,clinic,1121100859800,牧田産婦人科医院,埼玉県新座市あたご,35.793731,139.543631,2026-06-01,7.0
12023,あおのウイメンズクリニック,神奈川県横浜市戸塚区戸塚町４２１１,35.3965355,139.5300899,exact_name_pref_municipality_address,clinic,1421427002100,あおのウイメンズクリニック,神奈川県横浜市戸塚区戸塚町４２１１,35.391013,139.528656,2026-06-01,627.7
12024,医療法人福仁会ウエナエ産婦人科,大阪府大阪市西区九条南２－３２－７,34.6707465,135.4723654,exact_name_pref_municipality_address,clinic,2722270025280,医療法人福仁会　ウエナエ産婦人科,大阪府大阪市西区九条南２－３２－７,34.67076,135.472361,2026-06-01,1.6
12025,駒医院,千葉県木更津市木更津３－２－２８,35.3811851,139.9353104,exact_name_pref_municipality_address,clinic,1221204208000,駒医院,千葉県木更津市木更津３－２－２８,35.381182,139.935329,2026-06-01,1.7
12027,医療法人宝マタニティクリニック,長崎県長崎市東町1732-1,32.777127,129.9549928,exact_name_pref_municipality_address,clinic,422cna0252,医療法人宝マタニティクリニック,長崎県長崎市東町１７３２ー１,32.777893,129.954882,2026-06-01,85.8
12028,熊本バースクリニック,熊本県熊本市南区八幡５ー１０ー２３,32.742549,130.6841628,exact_name_pref_municipality_address,clinic,432243335060,熊本バースクリニック,熊本県熊本市南区八幡５ー１０ー２３,32.745973,130.680675,2026-06-01,501.4
12029,医療法人　いづみレディスクリニック,福岡県久留米市新合川２ー８ー３３,33.3189105,130.5442389,exact_name_pref_municipality_address,clinic,4022400016290,医療法人　いづみレディスクリニック,福岡県久留米市新合川２ー８ー３３,33.318908,130.544209,2026-06-01,2.8
12030,医療法人社団陽南会くらもちレディースクリニック,千葉県船橋市芝山3丁目1番地８,35.7188109,140.0188773,name_municipality_only,clinic,1221206769500,医療法人社団陽南会くらもちレディースクリニック,千葉県船橋市芝山３－１－８,35.718775,140.018881,2026-06-01,
12032,医療法人宗像セントラルクリニック,福岡県宗像市宮田２－１１－１０,33.7916118,130.5665873,exact_name_pref_municipality_address,clinic,4022400004310,医療法人宗像セントラルクリニック,福岡県宗像市宮田２－１１－１０,33.791604,130.56661,2026-06-01,2.3
12034,医療法人保倉産婦人科医院,長野県中野市小田中２１０－２,36.7399581,138.3732674,exact_name_pref_municipality_address,clinic,2022206501260,医療法人保倉産婦人科医院,長野県中野市小田中２１０－２,36.739998,138.373302,2026-06-01,5.4
12035,医療法人　曽我産婦人科,京都府宇治市伊勢田町大谷61-22,34.8869246,135.7813931,exact_name_pref_municipality_address,clinic,2622620002088,医療法人　曽我産婦人科,京都府宇治市伊勢田町大谷６１－２２,34.886937,135.781408,2026-06-01,1.9
12036,医療法人仁愛会川村産婦人科,京都府京都市左京区下鴨高木町４０,35.0441301,135.7762409,exact_name_pref_municipality_visible_address_prefix_type_consistent,clinic,2622620000931,医療法人　仁愛会　川村産婦人科,京都府京都市左京区下鴨高木町４０番地,35.043809,135.777623,2026-06-01,130.8
12042,渕レディスクリニック,長崎県長崎市麹屋町２−１６,32.7487825,129.8829789,exact_name_pref_municipality_address,clinic,422cna0437,渕レディスクリニック,長崎県長崎市麹屋町２−１６,32.748796,129.88296,2026-06-01,2.3
12044,医療法人中野産婦人科,奈良県奈良市四条大路一丁目３番５７号,34.6816189,135.8042168,exact_name_pref_municipality_address,clinic,2922304100000,医療法人中野産婦人科,奈良県奈良市四条大路一丁目３番５７号,34.681241,135.804287,2026-06-01,42.5
12045,いまむらウィミンズクリニック,長崎県長崎市大浦町１番２６号,32.7379808,129.8710339,exact_name_pref_municipality_visible_address_prefix_type_consistent,clinic,422cna0701,いまむらウィミンズクリニック,長崎県長崎市大浦町,32.737996,129.871039,2026-06-01,1.8
12046,池田産科－ＹＯＵ－婦人科医院,長崎県長崎市矢上町３１－６,32.7781246,129.9520636,name_municipality_only,clinic,422cna0037,池田産科‐ＹＯＵ‐婦人科医院,長崎県長崎市矢上町３１番６号,32.7781,129.952073,2026-06-01,
12048,Ａｎｄ坂本女性クリニック,熊本県玉名市高瀬３８,32.9311327,130.5652584,exact_name_pref_municipality_address,clinic,432243520123,Ａｎｄ　坂本女性クリニック,熊本県玉名市高瀬３８,32.931142,130.565353,2026-06-01,8.9
12049,医療法人　川合産婦人科,愛知県名古屋市西区坂井戸町191番地,35.2156087,136.8908288,exact_name_pref_municipality_visible_address_prefix_type_consistent,clinic,2322232300080,医療法人　川合産婦人科,愛知県名古屋市西区坂井戸町１９１,35.215671,136.890717,2026-06-01,12.3
12050,境田医院,鹿児島県出水市米ノ津町３５番２０号,32.1219665,130.3398494,exact_name_pref_municipality_visible_address_prefix_type_consistent,clinic,46222021,境田医院,鹿児島県出水市米ノ津町,32.121954,130.339876,2026-06-01,2.9
12051,かわばたレディスクリニック,大阪府大阪市淀川区十三東２－５－１５ アーリーアーク１階,34.7204897,135.4849972,name_municipality_only,clinic,2722270004610,かわばたレディスクリニック,大阪府大阪市淀川区十三東２－５－１５　アーリーアーク１Ｆ,34.720505,135.484996,2026-06-01,
12057,医療法人　植田産婦人科,大阪府大阪市平野区,,,exact_name_pref_municipality_visible_address_prefix_type_consistent,clinic,2722270024320,医療法人　植田産婦人科,大阪府大阪市平野区平野宮町２－８－８,34.625933,135.555773,2026-06-01,
12074,お産の家ささした助産所,福井県越前市堀川町７－５,35.8982193,136.1728528,exact_name_pref_municipality_address,maternity_home,1845180000130,お産の家ささした助産所,福井県越前市堀川町７－５,35.898339,136.172764,2026-06-01,15.5
12089,エム産婦人科外科クリニック,愛知県長久手市宮脇９１７,35.1767546,137.0401922,exact_name_pref_municipality_address,clinic,2322230301530,エム産婦人科外科クリニック,愛知県長久手市宮脇９１７,35.176758,137.040248,2026-06-01,5.1
12090,すずき産科婦人科クリニック,新潟県新潟市西区小針７丁目17番14号,37.8801474,138.9903152,exact_name_pref_municipality_address,clinic,152SINCX00511,すずき産科婦人科クリニック,新潟県新潟市西区小針７丁目１７番１４号,37.880147,138.990315,2026-06-01,0.0
12092,医療法人輝　ジュンレディースクリニック千里丘,大阪府摂津市千里丘２丁目１５番１６号,34.7907604,135.5456237,exact_name_pref_municipality_address,clinic,2722270100910,医療法人輝　ジュンレディースクリニック千里丘,大阪府摂津市千里丘２丁目１５番１６号,34.790027,135.546183,2026-06-01,96.2
12093,医療法人　輝　ジュンレディースクリニック豊橋,愛知県豊橋市北山町６１－３,34.7361041,137.3967847,exact_name_pref_municipality_visible_address_prefix_type_consistent,clinic,2322232601590,医療法人　輝　ジュンレディースクリニック豊橋,愛知県豊橋市北山町,34.736108,137.396758,2026-06-01,2.5
12094,医療法人笠原レディースクリニック,滋賀県東近江市小脇町２４０１番地６,35.106984,136.1868432,exact_name_pref_municipality_address,clinic,2522250007380,医療法人笠原レディースクリニック,滋賀県東近江市小脇町２４０１番地６,35.106989,136.186869,2026-06-01,2.4
12095,桂高森Ｓ・Ｓレディースクリニック,宮城県仙台市泉区高森１丁目１－１９４,38.3380665,140.8439379,exact_name_pref_municipality_address,clinic,042705152,桂高森Ｓ・Ｓレディースクリニック,宮城県仙台市泉区高森１丁目１－１９４,38.338062,140.843903,2026-06-01,3.1
12096,医療法人　広瀬産婦人科医院,鹿児島県出水市昭和町１５番２０号,32.087746,130.3539355,exact_name_pref_municipality_address,clinic,46222025,医療法人広瀬産婦人科医院,鹿児島県出水市昭和町１５番２０号,32.087722,130.353906,2026-06-01,3.9
12097,医療法人慈愛会秋葉産婦人科,茨城県古河市東本町２－９－２,36.2064861,139.7123594,exact_name_pref_municipality_address,clinic,0822080003556,医療法人慈愛会秋葉産婦人科,茨城県古河市東本町２－９－２,36.194043,139.716012,2026-06-01,1421.9
12098,愛知県厚生農業協同組合連合会　渥美病院,愛知県田原市神戸町赤石１－１,34.6605639,137.2722072,name_municipality_only,hospital,2311232100010,愛知県厚生農業協同組合連合会　渥美病院,愛知県田原市神戸町赤石１番地１,34.66007,137.271684,2026-06-01,
12099,椎名マタニティクリニック,福岡県福岡市南区向新町１丁目6-22,33.5448213,130.4285759,name_municipality_only,clinic,4022400043190,椎名マタニティクリニック,福岡県福岡市南区向新町１－６－２２,33.544717,130.428488,2026-06-01,
12101,おおはらマタニティクリニック,愛知県岡崎市洞町字西浦８－１,34.9487657,137.1940736,exact_name_pref_municipality_address,clinic,2322232701860,おおはらマタニティクリニック,愛知県岡崎市洞町字西浦８－１,34.948765,137.194073,2026-06-01,0.1
12102,遠藤産婦人科,徳島県名西郡石井町石井字石井513-1,34.0692471,134.4474779,exact_name_pref_municipality_address,clinic,3622365128160,遠藤産婦人科,徳島県名西郡石井町石井字石井５１３－１,34.069618,134.447594,2026-06-01,42.6
12103,高松市立みんなの病院,香川県高松市仏生山町甲８４７番地１,34.2820586,134.0429342,exact_name_pref_municipality_address,hospital,3711370500390,高松市立みんなの病院,香川県高松市仏生山町甲８４７番地１,34.282094,134.046657,2026-06-01,342.1
12109,医療法人斎藤産婦人科医院,岩手県北上市諏訪町二丁目６－３７,39.2874508,141.1186999,name_municipality_only,clinic,03203200376,医療法人　斎藤産婦人科医院,岩手県北上市諏訪町２丁目６－３７,39.287466,141.118695,2026-06-01,
12110,てるて産科クリニック,神奈川県相模原市中央区横山台１－４－１,35.5681814,139.3605853,exact_name_pref_municipality_address,clinic,1421423774100,てるて産科クリニック,神奈川県相模原市中央区横山台１－４－１,35.568238,139.360437,2026-06-01,14.8
12111,医療法人倖生会　身原病院,京都府京都市西京区上桂宮ノ後町６－８,34.9901318,135.697724,exact_name_pref_municipality_address,hospital,2612610000064,医療法人倖生会　身原病院,京都府京都市西京区上桂宮ノ後町６－８,34.990785,135.696327,2026-06-01,146.5
12114,医療法人　輝　ジュンレディースクリニック安城,愛知県安城市篠目町童子２０２－８,34.9723725,137.0644006,exact_name_pref_municipality_address,clinic,2322231401660,医療法人　輝　ジュンレディースクリニック安城,愛知県安城市篠目町童子２０２－８,34.972393,137.064425,2026-06-01,3.2
12116,岩見沢市立総合病院,北海道岩見沢市9条西7丁目2番地,43.1953321,141.7654765,exact_name_pref_municipality_address,hospital,0111010003650,岩見沢市立総合病院,北海道岩見沢市９条西７丁目２番地,43.195319,141.765556,2026-06-01,6.6
12117,神戸アドベンチスト病院,兵庫県神戸市北区有野台8-4-1,34.80877,135.2244352,name_municipality_only,hospital,2811280000460,神戸アドベンチスト病院,兵庫県神戸市北区有野台８丁目４番地の１,34.80888,135.22393,2026-06-01,
12119,森産婦人科医院,香川県高松市瓦町２丁目３－５,34.3401065,134.0522829,name_municipality_only,clinic,3722370503740,森産婦人科医院,香川県高松市瓦町二丁目３－５,34.340127,134.052271,2026-06-01,
12120,田中産婦人科クリニック,福岡県直方市頓野１０２７,33.7621311,130.753729,exact_name_pref_municipality_address,clinic,4022400023250,田中産婦人科クリニック,福岡県直方市頓野１０２７,33.762,130.753566,2026-06-01,21.0
12121,福岡山王病院,福岡県福岡市早良区百道浜３ー６ー４５,33.5909909,130.3504679,name_municipality_only,hospital,4011400004660,福岡山王病院,福岡県福岡市早良区百道浜３丁目６番４５号,33.591018,130.350484,2026-06-01,
12123,占部産婦人科,広島県東広島市西条町助実1172　占部産婦人科,34.4245141,132.7581812,exact_name_pref_municipality_visible_address_prefix_type_consistent,clinic,3422340721340,占部産婦人科,広島県東広島市西条町助実１１７２,34.419027,132.768674,2026-06-01,1139.6
12125,新津産科婦人科クリニック,新潟県新潟市江南区横越中央7-1-7,37.853696,139.1453032,name_municipality_only,clinic,152SINCX00378,新津産科婦人科クリニック,新潟県新潟市江南区横越中央７丁目１番７号,37.853705,139.145331,2026-06-01,
12126,かしだ産婦人科クリニック,山口県山口市宮島町11-2,34.1662805,131.4836929,exact_name_pref_municipality_address,clinic,3522355729050,かしだ産婦人科クリニック,山口県山口市宮島町１１－２,34.166278,131.483694,2026-06-01,0.3
12128,なかむら産婦人科,鹿児島県伊佐市大口上町４６－１２,32.0635532,130.607162,exact_name_pref_municipality_address,clinic,46222519,なかむら産婦人科,鹿児島県伊佐市大口上町４６－１２,32.063584,130.607165,2026-06-01,3.4
12129,医療法人社団森本産婦人科クリニック,兵庫県神戸市垂水区舞多聞西5-1-7,34.6645879,135.0482199,name_municipality_only,clinic,2822280063160,医療法人社団　森本産婦人科クリニック,兵庫県神戸市垂水区舞多聞西５丁目１－７,34.664698,135.048201,2026-06-01,
12131,けい産婦人科クリニック,神奈川県神奈川県相模原市中央区田名1744-1,35.5547132,139.3309333,name_municipality_only,clinic,1421410969700,けい産婦人科クリニック,神奈川県相模原市中央区田名１７４４－１,35.55467,139.330901,2026-06-01,
12132,医療法人社団晴晃会　育良クリニック,東京都目黒区上目黒１－２６－１　中目黒アトラスタワー４階・５階,35.6437451,139.7005906,exact_name_pref_municipality_address,clinic,1322132121640,医療法人社団晴晃会　育良クリニック,東京都目黒区上目黒１－２６－１　中目黒アトラスタワー４階・５階,35.643008,139.700742,2026-06-01,83.1
12134,あかりレディースクリニック,愛知県岡崎市上地１丁目５番地８,34.9096624,137.1639768,exact_name_pref_municipality_address,clinic,2322232702310,あかりレディースクリニック,愛知県岡崎市上地１丁目５番地８,34.909631,137.163998,2026-06-01,4.0
12135,大垣市民病院,岐阜県大垣市南頬町４丁目８６,35.3532112,136.6221072,exact_name_pref_municipality_address,hospital,2111641000129,大垣市民病院,岐阜県大垣市南頬町４丁目８６,35.353239,136.622314,2026-06-01,19.0
12136,公立西知多総合病院,愛知県東海市中ノ池３丁目１番地の１,34.9991904,136.8992496,exact_name_pref_municipality_address,hospital,2311231200120,公立西知多総合病院,愛知県東海市中ノ池３丁目１番地の１,34.998757,136.898935,2026-06-01,56.1
12137,医療法人　中岡レディスクリニック,愛知県豊橋市東幸町字大山４３番地の２,34.7334702,137.4178431,exact_name_pref_municipality_address,clinic,2322232600970,医療法人　中岡レディスクリニック,愛知県豊橋市東幸町字大山４３番地の２,34.733421,137.417861,2026-06-01,5.7
12138,なぎ・和　助産院,兵庫県神戸市垂水区美山台1-2-41,34.6374485,135.0710272,exact_name_pref_municipality_visible_address_prefix_type_consistent,maternity_home,2847280001150,なぎ・和　助産院,兵庫県神戸市垂水区美山台,34.637444,135.071034,2026-06-01,0.8
12139,医療法人財団明理会　イムス富士見総合病院,埼玉県富士見市大字鶴馬１９６７－１,35.8554675,139.5535396,exact_name_pref_municipality_address,hospital,1111101110600,医療法人財団明理会　イムス富士見総合病院,埼玉県富士見市大字鶴馬１９６７－１,35.855483,139.553561,2026-06-01,2.6
12140,新潟レディースライフクリニック,新潟県新潟市秋葉区新津５１４９－１７,37.8051149,139.1115641,exact_name_pref_municipality_address,clinic,152SINCX00692,新潟レディースライフクリニック,新潟県新潟市秋葉区新津５１４９－１７,37.805114,139.111564,2026-06-01,0.1
12143,独立行政法人国立病院機構西埼玉中央病院,埼玉県所沢市若狭２丁目１６７１番地,35.8034805,139.4252767,exact_name_pref_municipality_address,hospital,1111101126200,独立行政法人　国立病院機構　西埼玉中央病院,埼玉県所沢市若狭２丁目１６７１番地,35.803575,139.424741,2026-06-01,49.4
12144,富山県厚生農業協同組合連合会高岡病院,富山県高岡市永楽町５番１０号,36.7432626,136.9960956,exact_name_pref_municipality_address,hospital,1611160210377,富山県厚生農業協同組合連合会高岡病院,富山県高岡市永楽町５番１０号,36.743617,136.995611,2026-06-01,58.5
12146,医療法人谷口レデイスクリニック,岡山県総社市真壁２１３,34.6677991,133.75751,exact_name_pref_municipality_address,clinic,3322330001590,医療法人谷口レデイスクリニック,岡山県総社市真壁２１３,34.667763,133.757547,2026-06-01,5.3
12147,医療法人辰和会　佐藤産婦人科,埼玉県越谷市新越谷1-34-4,35.8748651,139.7837496,exact_name_pref_municipality_address,clinic,1121123219600,医療法人辰和会　佐藤産婦人科,埼玉県越谷市新越谷１－３４－４,35.87486,139.783771,2026-06-01,2.0
12148,医療法人社団中部産婦人科医院,京都府京都市伏見区向島二ノ丸町151－44,34.9155805,135.770354,exact_name_pref_municipality_address,clinic,2622620001378,医療法人社団中部産婦人科医院,京都府京都市伏見区向島二ノ丸町１５１－４４,34.915433,135.770463,2026-06-01,19.2
12149,医療法人双葉会藤田病院,愛知県半田市泉町１１１－１８,34.8946569,136.9277054,exact_name_pref_municipality_address,hospital,2311231000030,医療法人双葉会藤田病院,愛知県半田市泉町１１１－１８,34.894567,136.927951,2026-06-01,24.5
12150,中元寺産婦人科医院,宮崎県延岡市永池町１丁目２-１０,32.5731036,131.6679821,name_municipality_only,clinic,4522450306910,中元寺産婦人科医院,宮崎県延岡市永池町１丁目２番地１０,32.573123,131.667943,2026-06-01,
12151,医療法人社団ＩＮＮＯＣＥＮＴ　えんぴつ公園マザーズクリニック,千葉県市川市相之川３－１－１４,35.6771387,139.8992184,exact_name_pref_municipality_address,clinic,1221222644000,医療法人社団ＩＮＮＯＣＥＮＴ　えんぴつ公園マザーズクリニック,千葉県市川市相之川３－１－１４,35.67713,139.899246,2026-06-01,2.7
12152,中村レディースクリニック,兵庫県神戸市西区持子3丁目60-1,34.6717419,134.9824653,name_municipality_only,clinic,2822280014510,中村レディースクリニック,兵庫県神戸市西区持子３丁目６０番,34.671751,134.98254,2026-06-01,
12154,医療法人社団　札幌西レディースクリニック,北海道札幌市西区西町北１１－１－５,43.0816376,141.2851822,name_municipality_only,clinic,0122010000220,医療法人社団　札幌西レディースクリニック,北海道札幌市西区西町北１１丁目１－５,43.081601,141.285101,2026-06-01,
12159,いずみウィメンズクリニック,和歌山県新宮市清水元1-6-33,33.7174034,135.9979499,name_municipality_only,clinic,3022133500000,いずみウィメンズクリニック,和歌山県新宮市清水元１丁目６－３３,33.717371,135.997944,2026-06-01,
12160,吹上マタニティクリニック,愛知県名古屋市昭和区車田町1－40－1,35.1578319,136.9327487,exact_name_pref_municipality_address,clinic,2322232208760,吹上マタニティクリニック,愛知県名古屋市昭和区車田町１ー４０ー１,35.157835,136.932747,2026-06-01,0.4
12162,安達産婦人科クリニック,静岡県三島市寿町2-26,35.1242537,138.9090661,exact_name_pref_municipality_address,clinic,2222225639210,安達産婦人科クリニック,静岡県三島市寿町２－２６,35.124268,138.909082,2026-06-01,2.1
12163,医療法人社団ルクール　ロビンの空クリニック,東京都立川市高松町一丁目300番1-100,35.7106193,139.4196479,name_municipality_only,clinic,1322139200202,医療法人社団ルクール　ロビンの空クリニック,東京都立川市高松町１－３００－１－１００　ロビンの空クリニック,35.710416,139.418263,2026-06-01,
12165,いなば助産院,静岡県静岡市葵区瀬名川３丁目13－44,35.0075003,138.4332163,name_municipality_only,maternity_home,2245226003550,いなば助産院,静岡県静岡市葵区瀬名川三丁目１３番４４号,35.007624,138.43312,2026-06-01,
12166,医療法人つばめ河野産婦人科医院,熊本県人吉市上薩摩瀬町１４０８ー１,32.212293,130.7431397,exact_name_pref_municipality_address,clinic,432243620010,医療法人つばめ河野産婦人科医院,熊本県人吉市上薩摩瀬町１４０８ー１,32.212265,130.743178,2026-06-01,4.8
12167,医療法人井上産婦人科クリニック,大阪府大東市氷野１丁目8-26,34.7105074,135.6205913,name_municipality_only,clinic,2722270057010,医療法人　井上産婦人科クリニック,大阪府大東市氷野１－８－２６,34.710509,135.620569,2026-06-01,
12168,医療法人　双葉会　清水産婦人科,滋賀県草津市野村三丁目１８番５号,35.025687,135.9493983,exact_name_pref_municipality_address,clinic,2522250011130,医療法人　双葉会　清水産婦人科,滋賀県草津市野村三丁目１８番５号,35.025654,135.949317,2026-06-01,8.3
12169,医療法人社団博愛産科婦人科,兵庫県明石市二見町西二見450-5,34.7088682,134.8840838,name_municipality_only,clinic,2822280039410,医療法人社団　博愛産科婦人科,兵庫県明石市二見町西二見４５０番地の５,34.708884,134.884074,2026-06-01,
12170,医療法人　橋場レディスクリニック,滋賀県長浜市南高田町５番８号,35.3778347,136.2728214,exact_name_pref_municipality_address,clinic,2522250002950,医療法人　橋場レディスクリニック,滋賀県長浜市南高田町５番８号,35.377839,136.27279,2026-06-01,2.9
12174,水上レディースクリニック,埼玉県草加市新栄2-27-8,35.8592273,139.7689784,exact_name_pref_municipality_address,clinic,1121121053200,水上レディースクリニック,埼玉県草加市新栄２－２７－８,35.859217,139.768993,2026-06-01,1.7
12178,医療法人コスモスレディースクリニック,岩手県一関市田村町5番56号,38.9304287,141.1320745,exact_name_pref_municipality_address,clinic,03203200871,医療法人コスモスレディースクリニック,岩手県一関市田村町５番５６号,38.930428,141.132074,2026-06-01,0.1
12179,にこ助産院,岐阜県各務原市川島渡町６１６番地２,35.3613331,136.8109532,exact_name_pref_municipality_address,maternity_home,2141634009718,にこ助産院,岐阜県各務原市川島渡町６１６番地２,35.361364,136.810966,2026-06-01,3.6
12180,あおばウィメンズホスピタル,神奈川県横浜市青葉区青葉台1-29-15,35.5496081,139.517468,exact_name_pref_municipality_address,hospital,1411421362100,あおばウィメンズホスピタル,神奈川県横浜市青葉区青葉台１－２９－１５,35.549579,139.517514,2026-06-01,5.3
12181,すずらんレディースクリニック,山口県下関市大学町１－４－２４,33.9869939,130.9332792,exact_name_pref_municipality_address,clinic,352235313638,すずらんレディースクリニック,山口県下関市大学町１ー４ー２４,33.986993,130.933279,2026-06-01,0.1
12184,医療法人社団マザー・キー　ファミール産院ありだ,和歌山県有田市糸我町中番408-3,34.0670679,135.1752228,exact_name_pref_municipality_address,clinic,3022305400001,医療法人社団マザー・キーファミール産院ありだ,和歌山県有田市糸我町中番４０８－３,34.067067,135.175222,2026-06-01,0.1
12186,医療法人　正木産婦人科,大阪府八尾市山本町北１丁目２番２２号,34.6343065,135.6198752,name_municipality_only,clinic,2722270064680,医療法人　正木産婦人科,大阪府八尾市山本町北１丁目２－２２,34.63435,135.619795,2026-06-01,
12190,たかもり助産院,兵庫県神戸市須磨区関守町3丁目2番27,34.6461169,135.1101288,name_municipality_only,maternity_home,2847280000680,たかもり助産院,兵庫県神戸市須磨区関守町３－２－２７,34.646117,135.110003,2026-06-01,
12193,産婦人科瀬尾医院,東京都大田区池上6-20-1,35.5701512,139.7023811,exact_name_pref_municipality_address,clinic,1322132305310,産婦人科瀬尾医院,東京都大田区池上６－２０－１,35.569927,139.70232,2026-06-01,25.5
12194,医療法人愛育会　愛育ベスクリニック,東京都町田市南成瀬7-14-1,35.5356929,139.4807759,exact_name_pref_municipality_address,clinic,1321313229499,医療法人愛育会　愛育ベスクリニック,東京都町田市南成瀬７－１４－１,35.535692,139.480775,2026-06-01,0.1
12196,赤枝医院,東京都多摩市関戸２－６９－３,35.6499045,139.4508586,exact_name_pref_municipality_address,clinic,1322139110920,赤枝医院,東京都多摩市関戸２－６９－３,35.651197,139.451651,2026-06-01,160.6
12197,待木医院,東京都足立区西竹の塚2-13-17,35.7977872,139.7893241,exact_name_pref_municipality_address,clinic,1322134825030,待木医院,東京都足立区西竹の塚２－１３－１７,35.79777,139.789367,2026-06-01,4.3
12198,医療法人社団彩陽会 代官山バースクリニック,東京都渋谷区代官山町15-3,35.6498499,139.703129,exact_name_pref_municipality_address,clinic,1321316021349,医療法人社団彩陽会　代官山バースクリニック,東京都渋谷区代官山町１５－３,35.649866,139.703172,2026-06-01,4.3
12200,ねね助産院,福岡県糸島市二丈深江８丁目２８－１,33.5138059,130.1417531,exact_name_pref_municipality_address,maternity_home,4040009070034,ねね助産院,福岡県糸島市二丈深江８丁目２８－１,33.513794,130.14174,2026-06-01,1.8
12202,まるの輪助産院,静岡県藤枝市岡部町三輪905グリーンハイツ101号室,34.9008825,138.2964711,exact_name_pref_municipality_address,maternity_home,2245228000900,まるの輪助産院,静岡県藤枝市岡部町三輪９０５グリーンハイツ１０１号室,34.900887,138.296469,2026-06-01,0.5
12203,Ladies Clinic TOIRO,愛知県愛知県愛知郡東郷町和合字前田105番地1,35.1019801,137.0470623,name_municipality_only,clinic,2322230402410,Ｌａｄｉｅｓ　Ｃｌｉｎｉｃ　ＴＯＩＲＯ,愛知県愛知郡東郷町和合字前田１０５番地１,35.102314,137.047005,2026-06-01,
12207,社会医療法人　高清会　高井病院,奈良県天理市蔵之庄町470-8,34.6349008,135.8277652,name_municipality_only,hospital,2911002800000,社会医療法人高清会　高井病院,奈良県天理市蔵之庄町４７０番地８,34.634635,135.828885,2026-06-01,
12213,出張専門助産院あゆみ,愛知県名古屋市北区,,,exact_name_pref_municipality_address,maternity_home,2344232400310,出張専門助産院　あゆみ,愛知県名古屋市北区,35.206622,136.923154,2026-06-01,
12214,ひょうたんやま助産院,大阪府東大阪市喜里川町2番18号,34.6658781,135.6405374,name_municipality_only,maternity_home,2749278003520,ひょうたんやま助産院,大阪府東大阪市喜里川町２－１８,34.666115,135.640497,2026-06-01,
12215,Amie助産院,栃木県下野市仁良川１３３５－１,36.3769516,139.8803281,exact_name_pref_municipality_address,maternity_home,0940285425856,Ａｍｉｅ助産院,栃木県下野市仁良川１３３５－１,36.376951,139.880328,2026-06-01,0.1
12217,みつばち助産院,大阪府堺市美原区大保１３,34.5481526,135.5602654,exact_name_pref_municipality_address,maternity_home,2749278005830,みつばち助産院,大阪府堺市美原区大保１３,34.548244,135.56065,2026-06-01,36.7
12218,めでたや助産院,山梨県北杜市高根町長澤2233,35.8700304,138.4232116,exact_name_pref_municipality_address,maternity_home,1946191000069,めでたや助産院,山梨県北杜市高根町長澤２２３３,35.87003,138.423211,2026-06-01,0.1
12221,西潤マタニティクリニック,福島県南相馬市原町区大町１－９９,37.6395185,140.960843,exact_name_pref_municipality_address,clinic,0720720000876,西潤マタニティクリニック,福島県南相馬市原町区大町１－９９,37.639542,140.960836,2026-06-01,2.7
12222,阿部レディースクリニック,埼玉県朝霞市根岸台六丁目３番１３号,35.7966563,139.6026552,name_municipality_only,clinic,1121100751600,阿部レディースクリニック,埼玉県朝霞市根岸台６－３－１３,35.796637,139.602668,2026-06-01,
12228,奥尻町国民健康保険病院,北海道奥尻郡奥尻町字奥尻４６２番地,42.1720256,139.5065886,exact_name_pref_municipality_address,hospital,0111010003200,奥尻町国民健康保険病院,北海道奥尻郡奥尻町字奥尻４６２番地,42.172306,139.507347,2026-06-01,69.8
12229,北海道立羽幌病院,北海道苫前郡羽幌町栄町１１０番地,44.3544198,141.6945611,exact_name_pref_municipality_address,hospital,0111010004790,北海道立羽幌病院,北海道苫前郡羽幌町栄町１１０番地,44.354444,141.694509,2026-06-01,4.9
12230,十和田市立中央病院,青森県十和田市西十二番町１４番８号,40.6121987,141.2024267,exact_name_pref_municipality_address,hospital,0210210000088,十和田市立中央病院,青森県十和田市西十二番町１４番８号,40.611669,141.202861,2026-06-01,69.4
12231,医療法人　佐藤病院,秋田県由利本荘市,,,exact_name_pref_municipality_visible_address_prefix_type_consistent,hospital,0511050600040,医療法人　佐藤病院,秋田県由利本荘市小人町１１７番地３,39.380295,140.046884,2026-06-01,
12232,医療法人社団青空会大町病院,福島県南相馬市原町区大町３－９７,37.6401976,140.9676203,exact_name_pref_municipality_address,hospital,0710710000093,医療法人社団青空会大町病院,福島県南相馬市原町区大町３－９７,37.639961,140.967664,2026-06-01,26.6
12234,埼玉県立小児医療センター,埼玉県さいたま市中央区新都心１番２,35.8912241,139.6319903,exact_name_pref_municipality_address,hospital,1111110102400,埼玉県立小児医療センター,埼玉県さいたま市中央区新都心１番２,35.891217,139.632011,2026-06-01,2.0
12235,千葉市立青葉病院,千葉県千葉市中央区青葉町１２７３－２,35.6021205,140.1386149,exact_name_pref_municipality_address,hospital,1211205433000,千葉市立青葉病院,千葉県千葉市中央区青葉町１２７３－２,35.601237,140.138891,2026-06-01,101.4
12236,千葉県こども病院,千葉県千葉市緑区辺田町５７９－１,35.5579976,140.1908296,exact_name_pref_municipality_address,hospital,1211205435600,千葉県こども病院,千葉県千葉市緑区辺田町５７９－１,35.558106,140.190286,2026-06-01,50.6
12238,医療法人社団　秀林会　吉見病院,富山県滑川市清水町３－２５,36.763398,137.34419,exact_name_pref_municipality_address,hospital,1611160610469,医療法人社団　秀林会　吉見病院,富山県滑川市清水町３－２５,36.763426,137.343775,2026-06-01,37.1
12239,公立穴水総合病院,石川県鳳珠郡穴水町字川島タの８番地,37.2336205,136.9093039,exact_name_pref_municipality_address,hospital,1714110002,公立穴水総合病院,石川県鳳珠郡穴水町字川島タの８番地,37.233429,136.909599,2026-06-01,33.7
12240,独立行政法人国立病院機構　長良医療センター,岐阜県岐阜市長良１３００番地７,35.4518454,136.7881982,exact_name_pref_municipality_address,hospital,2111341000131,独立行政法人国立病院機構　長良医療センター,岐阜県岐阜市長良１３００番地７,35.449104,136.789325,2026-06-01,321.5
12241,愛知県医療療育総合センター中央病院,愛知県春日井市神屋町７１３－８,35.3047503,137.0360339,exact_name_pref_municipality_address,hospital,2311230500020,愛知県医療療育総合センター中央病院,愛知県春日井市神屋町７１３－８,35.303501,137.038171,2026-06-01,238.6
12242,地方独立行政法人知多半島総合医療機構知多半島総合医療センター,愛知県半田市横山町１９２番地,34.9009169,136.8862988,exact_name_pref_municipality_address,hospital,2311231000010,地方独立行政法人知多半島総合医療機構知多半島総合医療センター,愛知県半田市横山町１９２番地,34.90047,136.886296,2026-06-01,49.7
12243,独立行政法人労働者健康安全機構　中部労災病院,愛知県名古屋市港区港明１丁目１０番６号,35.1082519,136.8893568,exact_name_pref_municipality_address,hospital,2311232500010,独立行政法人労働者健康安全機構　中部労災病院,愛知県名古屋市港区港明１丁目１０番６号,35.107377,136.889445,2026-06-01,97.6
12244,医療法人　徳洲会　近江草津徳洲会病院,滋賀県草津市東矢倉３－３４－５２,35.0013494,135.9571289,exact_name_pref_municipality_address,hospital,2511250000350,医療法人　徳洲会　近江草津徳洲会病院,滋賀県草津市東矢倉３－３４－５２,35.001294,135.957175,2026-06-01,7.5
12246,社会医療法人啓仁会咲花病院,大阪府和泉市のぞみ野１－３－３０,34.4548479,135.4601937,exact_name_pref_municipality_address,hospital,2711270004910,社会医療法人啓仁会咲花病院,大阪府和泉市のぞみ野１－３－３０,34.454533,135.4604,2026-06-01,39.8
12247,医療法人和倉会　サンタマリア病院,大阪府茨木市新庄町１３番１５号,34.8116658,135.571086,exact_name_pref_municipality_address,hospital,2711270006840,医療法人和倉会　サンタマリア病院,大阪府茨木市新庄町１３番１５号,34.81158,135.571096,2026-06-01,9.6
12248,西宮市立中央病院,兵庫県西宮市林田町８番２４号,34.7573827,135.3622511,exact_name_pref_municipality_address,hospital,2811280001840,西宮市立中央病院,兵庫県西宮市林田町８番２４号,34.757665,135.36206,2026-06-01,35.9
12249,赤穂市民病院,兵庫県赤穂市中広１０９０番地,34.743706,134.3905015,exact_name_pref_municipality_address,hospital,2811280003170,赤穂市民病院,兵庫県赤穂市中広１０９０番地,34.743067,134.390891,2026-06-01,79.5
12251,鳥取市立病院,鳥取県鳥取市的場１ー１,35.4744367,134.234164,exact_name_pref_municipality_address,hospital,3113112000001,鳥取市立病院,鳥取県鳥取市的場１ー１,35.474412,134.234376,2026-06-01,19.4
12254,笠岡市立市民病院,岡山県笠岡市笠岡５６２８番地の１,34.5060425,133.4970303,exact_name_pref_municipality_address,hospital,3311330000240,笠岡市立市民病院,岡山県笠岡市笠岡５６２８番地の１,34.505693,133.497326,2026-06-01,47.4
12255,井原市立井原市民病院,岡山県井原市井原町１１８６番地,34.6033662,133.4587071,exact_name_pref_municipality_address,hospital,3311330000290,井原市立井原市民病院,岡山県井原市井原町１１８６番地,34.603264,133.458854,2026-06-01,17.6
12256,本永病院,広島県東広島市西条岡町８－１３,34.4291651,132.7416805,exact_name_pref_municipality_address,hospital,3411340030700,本永病院,広島県東広島市西条岡町８－１３,34.429289,132.741654,2026-06-01,14.0
12257,佐川町立高北国民健康保険病院,高知県高岡郡佐川町甲１６８７番地,33.5041299,133.2864445,exact_name_pref_municipality_address,hospital,3911395700250,佐川町立高北国民健康保険病院,高知県高岡郡佐川町甲１６８７番地,33.504258,133.287033,2026-06-01,56.4
12258,筑後市立病院,福岡県筑後市和泉９１７－１,33.2047151,130.491168,exact_name_pref_municipality_address,hospital,4011400001420,筑後市立病院,福岡県筑後市和泉９１７－１,33.204614,130.491328,2026-06-01,18.7
12259,社会医療法人共愛会戸畑共立病院,福岡県北九州市戸畑区沢見,,,exact_name_pref_municipality_visible_address_prefix_type_consistent,hospital,4011400003450,社会医療法人　共愛会　戸畑共立病院,福岡県北九州市戸畑区沢見２ー５ー１,33.896264,130.838111,2026-06-01,
12260,長崎県上対馬病院,長崎県対馬市上対馬町比田勝６３０番地,34.656181,129.4581817,exact_name_pref_municipality_address,hospital,421htu0001,長崎県上対馬病院,長崎県対馬市上対馬町比田勝６３０番地,34.654696,129.459052,2026-06-01,183.3
12261,阿蘇温泉病院,熊本県阿蘇市内牧１１５３ー１,32.9723879,131.04469,exact_name_pref_municipality_address,hospital,431143560049,阿蘇温泉病院,熊本県阿蘇市内牧１１５３ー１,32.972445,131.044862,2026-06-01,17.3
12262,大分赤十字病院,大分県大分市千代町３丁目２番３７号,33.2438357,131.6042785,exact_name_pref_municipality_address,hospital,4411003100000,大分赤十字病院,大分県大分市千代町３丁目２番３７号,33.243856,131.604345,2026-06-01,6.6
12263,小林市立病院,宮崎県小林市細野２２３５番地３,31.9890655,130.9853429,exact_name_pref_municipality_address,hospital,4511450500580,小林市立病院,宮崎県小林市細野２２３５番地３,31.989827,130.985978,2026-06-01,103.7
12264,医療法人社団　ともこレディースクリニック,北海道札幌市西区琴似２条１丁目１－２０琴似タワープラザ２階,43.081233,141.3066578,exact_name_pref_municipality_address,clinic,0122010000240,医療法人社団　ともこレディースクリニック,北海道札幌市西区琴似２条１丁目１－２０琴似タワープラザ２階,43.081251,141.30654,2026-06-01,9.8
12265,神田産科婦人科クリニック,北海道札幌市豊平区豊平３条１丁目１－３３,43.0547018,141.3666133,exact_name_pref_municipality_address,clinic,0122010001210,神田産科婦人科クリニック,北海道札幌市豊平区豊平３条１丁目１－３３,43.054701,141.366613,2026-06-01,0.1
12266,医療法人社団産婦人科・小児科クリニックリブ,北海道恵庭市住吉町１丁目８－１０,42.873845,141.5841911,exact_name_pref_municipality_address,clinic,0122010003460,医療法人社団産婦人科・小児科クリニックリブ,北海道恵庭市住吉町１丁目８－１０,42.873837,141.584147,2026-06-01,3.7
12267,金川医院,北海道網走市南２条西２丁目１０番地,44.0218771,144.2653692,exact_name_pref_municipality_address,clinic,0122010005110,金川医院,北海道網走市南２条西２丁目１０番地,44.021937,144.26552,2026-06-01,13.8
12268,医療法人社団足立産婦人科クリニック,北海道釧路市中園町８－１,43.005782,144.382696,exact_name_pref_municipality_address,clinic,0122010005610,医療法人社団足立産婦人科クリニック,北海道釧路市中園町８－１,43.005885,144.382292,2026-06-01,34.8
12269,医療法人社団産科婦人科白鳥クリニック,北海道函館市白鳥町１３番１８号,41.7953999,140.7460217,exact_name_pref_municipality_address,clinic,0122010020050,医療法人社団産科婦人科白鳥クリニック,北海道函館市白鳥町１３番１８号,41.795404,140.74601,2026-06-01,1.1
12270,おびひろＡＲＴクリニック,北海道帯広市東３条南９丁目３番地,42.9228108,143.2097866,exact_name_pref_municipality_address,clinic,0122010045890,おびひろＡＲＴクリニック,北海道帯広市東３条南９丁目３番地,42.922818,143.209866,2026-06-01,6.5
12272,たばた産婦人科クリニック,北海道札幌市中央区南３条西２丁目１－１Ｈ＆Ｂプラザ３Ｆ,43.0567467,141.3560643,exact_name_pref_municipality_address,clinic,0122010046080,たばた産婦人科クリニック,北海道札幌市中央区南３条西２丁目１－１Ｈ＆Ｂプラザ３Ｆ,43.056882,141.356013,2026-06-01,15.6
12273,ゆめみレディースクリニック,北海道札幌市西区琴似2条5丁目1-3北幸ビル2階,43.0759138,141.3025811,name_municipality_only,clinic,0122010046220,ゆめみレディースクリニック,北海道札幌市西区琴似２条５丁目１－３　琴似パークマンション２Ｆ,43.075896,141.302594,2026-06-01,
12275,婦人科さかもとともみクリニック,青森県弘前市早稲田３丁目２０－６,40.5979177,140.5103649,exact_name_pref_municipality_address,clinic,0220220000412,婦人科さかもとともみクリニック,青森県弘前市早稲田３丁目２０－６,40.598075,140.510446,2026-06-01,18.8
12276,医療法人　白心会　北村医院,青森県むつ市柳町１－９－５５,41.2980286,141.2148451,exact_name_pref_municipality_address,clinic,0220220000936,医療法人　白心会　北村医院,青森県むつ市柳町１－９－５５,41.29804,141.214856,2026-06-01,1.6
12277,医療法人平成会産婦人科野田,岩手県一関市字沢２１番地,38.9206713,141.1407394,exact_name_pref_municipality_address,clinic,03203200063,医療法人平成会産婦人科野田,岩手県一関市字沢２１番地,38.921602,141.139635,2026-06-01,140.8
12278,産婦人科おいなお医院,岩手県奥州市江刺岩谷堂字小境１１番地,39.1900936,141.170775,exact_name_pref_municipality_address,clinic,03203200730,産婦人科おいなお医院,岩手県奥州市江刺岩谷堂字小境１１番地,39.190081,141.170771,2026-06-01,1.4
12279,京野アートクリニック盛岡,岩手県盛岡市盛岡駅前通１５ー５　ワールドインＧＥＮプラザビル３階,39.7028339,141.1365747,name_municipality_only,clinic,03203201308,京野アートクリニック盛岡,岩手県盛岡市盛岡駅前通１５ー５　ワールドインＧＥＮプラザ３階,39.702833,141.136574,2026-06-01,
12280,わたなべ産婦人科内科・小児科,宮城県大崎市松山千石字松山４４０,38.5145774,141.0509347,exact_name_pref_municipality_address,clinic,042705197,わたなべ産婦人科内科・小児科,宮城県大崎市松山千石字松山４４０,38.51486,141.050974,2026-06-01,31.6
12281,医療法人博愛会　なかやま医院,宮城県仙台市青葉区中山四丁目１３ー３６,38.2925377,140.8416658,exact_name_pref_municipality_address,clinic,042705244,医療法人博愛会　なかやま医院,宮城県仙台市青葉区中山四丁目１３ー３６,38.29258,140.841614,2026-06-01,6.5
12282,医療法人　結城記念　みなと産婦人科クリニック,宮城県登米市迫町佐沼字小金丁２２－５,38.6869192,141.195123,exact_name_pref_municipality_address,clinic,042800344,医療法人　結城記念　みなと産婦人科クリニック,宮城県登米市迫町佐沼字小金丁２２－５,38.686913,141.19516,2026-06-01,3.3
12283,うつみレディスクリニック,宮城県東松島市赤井字八反谷地１３２－６,38.4327431,141.254768,exact_name_pref_municipality_address,clinic,042800375,うつみレディスクリニック,宮城県東松島市赤井字八反谷地１３２－６,38.432724,141.254745,2026-06-01,2.9
12284,医療法人社団益和会　富谷医院,宮城県富谷市ひより台一丁目４５番地１,38.4002573,140.8843638,exact_name_pref_municipality_address,clinic,042800554,医療法人社団益和会　富谷医院,宮城県富谷市ひより台一丁目４５番地１,38.400246,140.884323,2026-06-01,3.8
12285,千田医院,宮城県仙台市泉区南光台南２ー７ー７,38.2970089,140.9029784,exact_name_pref_municipality_address,clinic,042800763,千田医院,宮城県仙台市泉区南光台南２ー７ー７,38.297031,140.902939,2026-06-01,4.2
12286,仙台ＡＲＴクリニック,宮城県仙台市宮城野区名掛丁２０６ー１３,38.2624043,140.8862055,exact_name_pref_municipality_address,clinic,042801454,仙台ＡＲＴクリニック,宮城県仙台市宮城野区名掛丁２０６ー１３,38.262398,140.886169,2026-06-01,3.3
12287,医療法人　ゆうき婦人科産科クリニック,宮城県仙台市太白区あすと長町１－２－１仙台長町メディカルプラザ３Ｆ,38.2310069,140.8878938,exact_name_pref_municipality_address,clinic,042801705,医療法人　ゆうき婦人科産科クリニック,宮城県仙台市太白区あすと長町１－２－１仙台長町メディカルプラザ３Ｆ,38.231094,140.887756,2026-06-01,15.4
12288,長池産婦人科,宮城県仙台市青葉区中央３丁目４－２,38.2595772,140.8769714,exact_name_pref_municipality_address,clinic,042801807,長池産婦人科,宮城県仙台市青葉区中央３丁目４－２,38.25959,140.876892,2026-06-01,7.1
12289,医療法人社団千樹会角田記念ちえこ・ゆきかレディースクリニック,宮城県仙台市若林区六丁の目中町1-16,38.252069,140.9362412,exact_name_pref_municipality_visible_address_prefix_type_consistent,clinic,042802118,医療法人社団千樹会角田記念ちえこ・ゆきかレディースクリニック,宮城県仙台市若林区六丁の目中町,38.251583,140.936011,2026-06-01,57.7
12290,まほろばレディースクリニック,宮城県黒川郡大和町吉岡まほろば２丁目２－９,38.4369978,140.8766956,exact_name_pref_municipality_address,clinic,042910325,まほろばレディースクリニック,宮城県黒川郡大和町吉岡まほろば２丁目２－９,38.436993,140.876698,2026-06-01,0.6
12291,いけがみレディースクリニック,秋田県鹿角市花輪合ノ野２４５－７,40.2040468,140.7937399,exact_name_pref_municipality_address,clinic,0522050100600,いけがみレディースクリニック,秋田県鹿角市花輪合ノ野２４５－７,40.204067,140.793747,2026-06-01,2.3
12292,たかはしレディースクリニック,秋田県能代市鳥小屋５９－２３,40.1986643,140.0165805,exact_name_pref_municipality_address,clinic,0522050300480,たかはしレディースクリニック,秋田県能代市鳥小屋５９－２３,40.198669,140.016583,2026-06-01,0.6
12293,御野場たなかレディースクリニック,秋田県秋田市仁井田新田２－１４－２１,39.6780564,140.1244605,exact_name_pref_municipality_address,clinic,0522050502100,御野場たなかレディースクリニック,秋田県秋田市仁井田新田２－１４－２１,39.678084,140.124438,2026-06-01,3.6
12294,医療法人　佐藤レディースクリニック,秋田県大仙市戸蒔谷地添１０６の１,39.4506799,140.5033798,exact_name_pref_municipality_address,clinic,0522050700210,医療法人　佐藤レディースクリニック,秋田県大仙市戸蒔谷地添１０６の１,39.450698,140.503417,2026-06-01,3.8
12295,山形大手町ＡＲＴクリニック川越医院,山形県山形市大手町9-25,38.2575512,140.3350154,exact_name_pref_municipality_address,clinic,062206310071,山形大手町ＡＲＴクリニック川越医院,山形県山形市大手町９ー２５,38.257,140.334,2026-06-01,107.8
12297,アートクリニック産婦人科,福島県福島市栄町６番１号エスタビル１２階,37.7541192,140.4615647,exact_name_pref_municipality_address,clinic,0720720000238,アートクリニック産婦人科,福島県福島市栄町６番１号エスタビル１２階,37.754119,140.461517,2026-06-01,4.2
12298,おのぎレディースクリニック,福島県会津若松市飯寺南一丁目１４番３０号,37.4728579,139.9072197,exact_name_pref_municipality_address,clinic,0720720000735,おのぎレディースクリニック,福島県会津若松市飯寺南一丁目１４番３０号,37.472842,139.907189,2026-06-01,3.2
12299,レディースクリニックはらまち,福島県南相馬市原町区西町２丁目７１－１,37.6349459,140.9527216,exact_name_pref_municipality_address,clinic,0720720000923,レディースクリニックはらまち,福島県南相馬市原町区西町２丁目７１－１,37.634931,140.952742,2026-06-01,2.4
12300,医）桜井産婦人科医院,福島県郡山市虎丸町２３－１８,37.3982074,140.3777789,exact_name_pref_municipality_address,clinic,0720720001035,医）桜井産婦人科医院,福島県郡山市虎丸町２３－１８,37.398336,140.377933,2026-06-01,19.7
12301,渡辺医院,福島県二本松市正法寺町186-1,37.5812467,140.4203636,exact_name_pref_municipality_address,clinic,0720720001555,渡辺医院,福島県二本松市正法寺町１８６－１,37.581269,140.420317,2026-06-01,4.8
12302,医療法人かたよせウイメンズクリニック,福島県いわき市常磐西郷町金山７０－１,36.98516,140.8565525,exact_name_pref_municipality_address,clinic,0720720001598,医療法人かたよせウイメンズクリニック,福島県いわき市常磐西郷町金山７０－１,36.985144,140.856497,2026-06-01,5.2
12303,医療法人いがらしクリニック,茨城県龍ケ崎市栄町４６５９－３,35.9019171,140.1853405,exact_name_pref_municipality_address,clinic,082208580049,医療法人いがらしクリニック,茨城県龍ケ崎市栄町４６５９－３,35.898889,140.188333,2026-06-01,431.3
12304,医療法人社団博郁会椎名産婦人科,茨城県牛久市中央５－１２－２０,35.9778101,140.1424668,exact_name_pref_municipality_address,clinic,082208580834,医療法人社団博郁会椎名産婦人科,茨城県牛久市中央５－１２－２０,35.974444,140.145556,2026-06-01,466.2
12305,冨田産婦人科医院,茨城県石岡市茨城３－５－３１,36.1778496,140.2849613,exact_name_pref_municipality_address,clinic,082208600512,冨田産婦人科医院,茨城県石岡市茨城３－５－３１,36.175278,140.289722,2026-06-01,514.2
12306,医療法人小塙医院　つくばＡＲＴクリニック,茨城県つくば市竹園１－６－１　つくばビル４階,36.0797843,140.1128922,exact_name_pref_municipality_address,clinic,082208691242,医療法人小塙医院　つくばＡＲＴクリニック,茨城県つくば市竹園１－６－１　つくばビル４階,36.076389,140.116111,2026-06-01,475.6
12307,きうち産婦人科医院,栃木県矢板市富田５４８－１,36.797854,139.9340999,exact_name_pref_municipality_address,clinic,0922090011506,きうち産婦人科医院,栃木県矢板市富田５４８－１,36.797868,139.9341,2026-06-01,1.6
12308,医療法人翠松会松原医院フラワークリニック,群馬県高崎市新保町１５８５－１,36.3408961,139.040486,exact_name_pref_municipality_address,clinic,1022100000574,医療法人翠松会松原医院フラワークリニック,群馬県高崎市新保町１５８５－１,36.340898,139.040468,2026-06-01,1.6
12309,医療法人矢崎会矢崎医院,群馬県高崎市剣崎町１０４９－２,36.3453858,138.9642047,exact_name_pref_municipality_address,clinic,1022100000595,医療法人矢崎会矢崎医院,群馬県高崎市剣崎町１０４９－２,36.345629,138.96377,2026-06-01,47.4
12310,塩崎医院,群馬県沼田市清水町4211,36.6442762,139.0363166,exact_name_pref_municipality_visible_address_prefix_type_consistent,clinic,1022100000984,塩崎医院,群馬県沼田市清水町,36.644194,139.036085,2026-06-01,22.6
12311,医療法人久保産婦人科医院,群馬県沼田市高橋場町２０３１－４,36.6530202,139.058575,exact_name_pref_municipality_address,clinic,1022100001003,医療法人久保産婦人科医院,群馬県沼田市高橋場町２０３１－４,36.653085,139.058254,2026-06-01,29.5
12312,医療法人飛翔会　松本産婦人科医院,埼玉県本庄市千代田１－１－２６,36.2394073,139.1821615,exact_name_pref_municipality_address,clinic,1121102270100,医療法人飛翔会　松本産婦人科医院,埼玉県本庄市千代田１－１－２６,36.239402,139.18216,2026-06-01,0.6
12313,吉田医院,埼玉県北本市中央１－７０,36.0290561,139.5342134,exact_name_pref_municipality_visible_address_prefix_type_consistent,clinic,1121108367000,吉田医院,埼玉県北本市中央,36.029056,139.534238,2026-06-01,2.2
12314,白石はなももレディースクリニック,埼玉県戸田市新曽２２００－２ロイヤルメドゥ北戸田２Ｆ,35.8260591,139.6603016,exact_name_pref_municipality_address,clinic,1121121861400,白石はなももレディースクリニック,埼玉県戸田市新曽２２００－２ロイヤルメドゥ北戸田２Ｆ,35.826166,139.660106,2026-06-01,21.3
12315,医療法人社団新宿レディースクリニック会　さいたまレディースクリニック,埼玉県さいたま市大宮区仲町１－５４－３　ビジョナリー３　６階,35.9054715,139.6267603,exact_name_pref_municipality_address,clinic,1121122437100,医療法人社団新宿レディースクリニック会　さいたまレディースクリニック,埼玉県さいたま市大宮区仲町１－５４－３　ビジョナリー３　６階,35.905471,139.626816,2026-06-01,5.0
12316,医療法人夢乃樹会ウィメンズクリニックふじみ野,埼玉県富士見市ふじみ野西1ｰ17-3 ハピネスビルふじみ野2F・3F,35.8605237,139.5212124,name_municipality_only,clinic,1121123869000,医療法人夢乃樹会ウィメンズクリニックふじみ野,埼玉県富士見市ふじみ野西１丁目１７－３　ハピネスビルふじみ野２、３Ｆ,35.859257,139.520133,2026-06-01,
12317,医療法人社団三樹会もりかわ医院,千葉県いすみ市岬町長者１７７,35.2951066,140.3899281,exact_name_pref_municipality_address,clinic,1221203961600,医療法人社団三樹会もりかわ医院,千葉県いすみ市岬町長者１７７,35.295113,140.38997,2026-06-01,3.9
12318,医療法人社団慈幸会　西船橋こやまウィメンズクリニック,千葉県船橋市印内町６３８番地１,35.7055802,139.9589421,exact_name_pref_municipality_address,clinic,1221206796200,医療法人社団慈幸会　西船橋こやまウィメンズクリニック,千葉県船橋市印内町６３８番地１,35.705539,139.958984,2026-06-01,5.9
12319,社会医療法人社団千葉県勤労者医療協会　船橋二和病院附属ふたわ診療所,千葉県船橋市二和東３－１６－１,35.7510968,140.0203923,exact_name_pref_municipality_address,clinic,1221206916700,社会医療法人社団千葉県勤労者医療協会　船橋二和病院附属ふたわ診療所,千葉県船橋市二和東３－１６－１,35.751038,140.020543,2026-06-01,15.1
12320,医療法人社団　順裕会　クリニックソワニエ,千葉県松戸市稔台７－２－１８,35.7880455,139.9287408,exact_name_pref_municipality_address,clinic,1221221093500,医療法人社団　順裕会　クリニックソワニエ,千葉県松戸市稔台７－２－１８,35.788049,139.928736,2026-06-01,0.6
12321,医療法人社団伸守会　津田沼ＩＶＦクリニック,千葉県船橋市前原西2-17-8,35.6927284,140.0179764,exact_name_pref_municipality_address,clinic,1221221517100,医療法人社団伸守会　津田沼ＩＶＦクリニック,千葉県船橋市前原西２－１７－８,35.692722,140.018002,2026-06-01,2.4
12322,医療法人社団すずらん会緑が丘ウイメンズクリニック,千葉県八千代市緑が丘２－２－１０　３階,35.7267452,140.070967,exact_name_pref_municipality_address,clinic,1221225481900,医療法人社団すずらん会緑が丘ウイメンズクリニック,千葉県八千代市緑が丘２－２－１０　３階,35.726753,140.070988,2026-06-01,2.1
12323,市川レディースクリニック,千葉県市川市市川南１－８－６　ＹＳＤビル３階,35.7277234,139.9065009,exact_name_pref_municipality_address,clinic,1221226273000,市川レディースクリニック,千葉県市川市市川南１－８－６　ＹＳＤビル３階,35.727864,139.906443,2026-06-01,16.5
12324,かしわの葉レディースクリニック,千葉県柏市若柴２２６－４１中央１４４街区１アベニフ柏の葉１０２,35.8964068,139.9537564,exact_name_pref_municipality_address,clinic,1221227943900,かしわの葉レディースクリニック,千葉県柏市若柴２２６－４１中央１４４街区１アベニフ柏の葉１０２,35.89618,139.954076,2026-06-01,38.3
12325,巻石堂クリニック柏の葉,千葉県柏市若柴２７６番地１中央１６１街区１柏の葉クリニックモール２階,35.8908577,139.9529534,exact_name_pref_municipality_address,clinic,1221228047000,巻石堂クリニック柏の葉,千葉県柏市若柴２７６番地１中央１６１街区１柏の葉クリニックモール２階,35.89245,139.954837,2026-06-01,245.2
12327,かなでる女性クリニック日野,東京都日野市大坂上１－３３－１日野駅前ビルディング４階,35.6793521,139.3927083,exact_name_pref_municipality_address,clinic,1321313523669,かなでる女性クリニック日野,東京都日野市大坂上１－３３－１日野駅前ビルディング４階,35.679371,139.392668,2026-06-01,4.2
12328,仙川すずのねクリニック,東京都調布市仙川町１－１８－１０　仙川倉林ビルＡ棟２Ｆ,35.661666,139.5849784,exact_name_pref_municipality_address,clinic,1321314225850,仙川すずのねクリニック,東京都調布市仙川町１－１８－１０　仙川倉林ビルＡ棟２Ｆ,35.661662,139.584972,2026-06-01,0.7
12329,医療法人社団雙葉会　アトレ大森はなおかレディースクリニック,東京都大田区大森北１－６－１６　アトレ大森５階,35.5885212,139.728228,exact_name_pref_municipality_address,clinic,1321315623681,医療法人社団雙葉会　アトレ大森はなおかレディースクリニック,東京都大田区大森北１－６－１６　アトレ大森５階,35.588521,139.728228,2026-06-01,0.0
12330,黒田インターナショナル　メディカル　リプロダクション,東京都中央区新川２－２２－１　いちご新川ビル６Ｆ,35.6744861,139.7818996,exact_name_pref_municipality_address,clinic,1322130344230,黒田インターナショナル　メディカル　リプロダクション,東京都中央区新川２－２２－１　いちご新川ビル６Ｆ,35.674367,139.781873,2026-06-01,13.5
12331,医療法人社団　銀座レディースクリニック,東京都中央区銀座４－６－１１　銀座センタービル６Ｆ,35.6711676,139.7654885,exact_name_pref_municipality_address,clinic,1322130345240,医療法人社団　銀座レディースクリニック,東京都中央区銀座４－６－１１　銀座センタービル６Ｆ,35.671167,139.765488,2026-06-01,0.1
12332,日原医院,東京都新宿区新宿３－３２－５　日原ビル１Ｆ,35.6902109,139.7039987,exact_name_pref_municipality_address,clinic,1322130915180,日原医院,東京都新宿区新宿３－３２－５　日原ビル１Ｆ,35.690197,139.704018,2026-06-01,2.3
12333,竹下医院,東京都新宿区高田馬場２－１４－２２,35.7134266,139.7071334,exact_name_pref_municipality_address,clinic,1322131024180,竹下医院,東京都新宿区高田馬場２－１４－２２,35.713472,139.707155,2026-06-01,5.4
12334,医療法人社団至誠会　横山外科内科,東京都品川区二葉２－３－４,35.6052786,139.7256869,exact_name_pref_municipality_address,clinic,1322132020440,医療法人社団至誠会　横山外科内科,東京都品川区二葉２－３－４,35.605262,139.725742,2026-06-01,5.3
12335,医療法人社団ＪＳＫ　田中レディスライフクリニック,東京都目黒区目黒３－１０－２,35.6333107,139.7071825,exact_name_pref_municipality_address,clinic,1322132104500,医療法人社団ＪＳＫ　田中レディスライフクリニック,東京都目黒区目黒３－１０－２,35.63337,139.707103,2026-06-01,9.8
12336,医療法人社団月陽会　萩中診療所,東京都大田区萩中２－９－１５,35.5507027,139.729882,exact_name_pref_municipality_address,clinic,1322132608040,医療法人社団月陽会　萩中診療所,東京都大田区萩中２－９－１５,35.550657,139.729883,2026-06-01,5.1
12337,医療法人社団聖仁会　三軒茶屋ウィメンズクリニック,東京都世田谷区太子堂１－１２－３４　ル・リオン三軒茶屋２Ｆ,35.6446747,139.6740372,exact_name_pref_municipality_address,clinic,1322132700016,医療法人社団聖仁会　三軒茶屋ウィメンズクリニック,東京都世田谷区太子堂１－１２－３４　ル・リオン三軒茶屋２Ｆ,35.644729,139.673994,2026-06-01,7.2
12338,医療法人社団成茶会駅前三軒茶屋みずもとレディースクリニック,東京都世田谷区三軒茶屋１－３７－８　ワコーレ三軒茶屋６４,35.6430648,139.670963,exact_name_pref_municipality_address,clinic,1322132700135,医療法人社団成茶会駅前三軒茶屋みずもとレディースクリニック,東京都世田谷区三軒茶屋１－３７－８　ワコーレ三軒茶屋６４,35.643063,139.670939,2026-06-01,2.2
12339,三軒茶屋ペルソナレディースクリニック,東京都世田谷区太子堂４－２６－１２　くらしの友三軒茶屋ビル５Ｆ,35.6454372,139.6702221,exact_name_pref_municipality_address,clinic,1322132700282,三軒茶屋ペルソナレディースクリニック,東京都世田谷区太子堂４－２６－１２　くらしの友三軒茶屋ビル５Ｆ,35.645396,139.670161,2026-06-01,7.2
12340,医療法人社団ＳＳＬＣ　桜新町レディースクリニック,東京都世田谷区桜新町１－４０－８　桜新町クリニックモール５Ｆ,35.630497,139.6406674,exact_name_pref_municipality_address,clinic,1322132700325,医療法人社団ＳＳＬＣ　桜新町レディースクリニック,東京都世田谷区桜新町１－４０－８　桜新町クリニックモール５Ｆ,35.630508,139.640664,2026-06-01,1.3
12341,医療法人社団十進会　波平レディスクリニック,東京都世田谷区経堂２－１７－１,35.6513953,139.6340917,exact_name_pref_municipality_address,clinic,1322132729860,医療法人社団十進会　波平レディスクリニック,東京都世田谷区経堂２－１７－１,35.651367,139.634108,2026-06-01,3.5
12342,医療法人社団ウィング　にしなレディースクリニック,東京都世田谷区用賀４－５－２０　アドバンス高荒２Ｆ,35.6261995,139.6326429,exact_name_pref_municipality_address,clinic,1322132760980,医療法人社団ウィング　にしなレディースクリニック,東京都世田谷区用賀４－５－２０　アドバンス高荒２Ｆ,35.626092,139.632749,2026-06-01,15.3
12343,医療法人社団栄賢会　梅ケ丘産婦人科,東京都世田谷区梅丘１－３３－３,35.6559921,139.6526885,exact_name_pref_municipality_address,clinic,1322132800440,医療法人社団栄賢会　梅ケ丘産婦人科,東京都世田谷区梅丘１－３３－３,35.655978,139.65269,2026-06-01,1.6
12344,篠原クリニック,東京都渋谷区笹塚３－５８－１８,35.6781193,139.666066,exact_name_pref_municipality_address,clinic,1322133168730,篠原クリニック,東京都渋谷区笹塚３－５８－１８,35.678087,139.666077,2026-06-01,3.7
12345,笹塚レディースクリニック,東京都渋谷区笹塚１－３０－３　ビラージュ笹塚Ⅲ　４０２,35.673112,139.6663507,name_municipality_only,clinic,1322133175510,笹塚レディースクリニック,東京都渋谷区笹塚１－３０－３　ビラージュ笹塚３　４Ｆ,35.673004,139.666438,2026-06-01,
12346,渋谷橋レディースクリニック,東京都渋谷区東３－１５－１２　第２アワヤビル２Ｆ,35.6498917,139.7099673,exact_name_pref_municipality_address,clinic,1322133199947,渋谷橋レディースクリニック,東京都渋谷区東３－１５－１２　第２アワヤビル２Ｆ,35.649868,139.709991,2026-06-01,3.4
12347,医療法人社団新宿レディースクリニック会　池袋レディースクリニック,東京都豊島区東池袋１－１０－１　住友池袋駅前ビル３Ｆ,35.7302742,139.714305,exact_name_pref_municipality_address,clinic,1322133700021,医療法人社団新宿レディースクリニック会　池袋レディースクリニック,東京都豊島区東池袋１－１０－１　住友池袋駅前ビル３Ｆ,35.73036,139.71432,2026-06-01,9.6
12348,慶愛クリニック,東京都豊島区東池袋１－１２－８　富士喜ビル４階,35.7293608,139.7142972,exact_name_pref_municipality_address,clinic,1322133766110,慶愛クリニック,東京都豊島区東池袋１－１２－８　富士喜ビル４階,35.729332,139.714293,2026-06-01,3.2
12349,千川産婦人科医院,東京都豊島区要町３－１０－１,35.7373135,139.690181,exact_name_pref_municipality_address,clinic,1322133812860,千川産婦人科医院,東京都豊島区要町３－１０－１,35.737275,139.690211,2026-06-01,5.1
12350,医療法人社団ひとみ会　臼井医院,東京都足立区東和２－１２－１８,35.7683201,139.8416453,exact_name_pref_municipality_address,clinic,1322134920140,医療法人社団ひとみ会　臼井医院,東京都足立区東和２－１２－１８,35.768274,139.841641,2026-06-01,5.1
12352,医療法人社団新宿レディースクリニック会　上野レディースクリニック,東京都台東区上野２－７－１３　ヒューリック・損保ジャパン上野共同ビル２Ｆ,35.7091191,139.7730455,name_municipality_only,clinic,1322135400030,医療法人社団新宿レディースクリニック会　上野レディースクリニック,東京都台東区上野２－７－１３　ＴＨＥ　ＰＡＲＫ　２Ｆ,35.708974,139.7729,2026-06-01,
12353,舞子ウィメンズクリニック自由が丘,東京都目黒区自由が丘２－１６－１１　メイプルヒルズＩＩ,35.6085182,139.6661964,exact_name_pref_municipality_address,clinic,1322135500107,舞子ウィメンズクリニック自由が丘,東京都目黒区自由が丘２－１６－１１　メイプルヒルズⅡ,35.6084,139.666191,2026-06-01,13.2
12354,医療法人社団里優会　あんどうレディスクリニック,東京都目黒区大橋２－２３－１　西渋谷ハイウェービル６Ｆ,35.6514873,139.6855921,exact_name_pref_municipality_address,clinic,1322135512210,医療法人社団里優会　あんどうレディスクリニック,東京都目黒区大橋２－２３－１　西渋谷ハイウェービル６Ｆ,35.651479,139.685604,2026-06-01,1.4
12355,医療法人社団善方会　田園調布オリーブレディースクリニック,東京都大田区田園調布２－４０－１９　フォースＤＣ２Ｆ,35.5957206,139.6678063,exact_name_pref_municipality_address,clinic,1322135600130,医療法人社団善方会　田園調布オリーブレディースクリニック,東京都大田区田園調布２－４０－１９　フォースＤＣ２Ｆ,35.595762,139.669219,2026-06-01,127.8
12356,医療法人社団　都英会　くがはらウィメンズクリニック,東京都大田区久が原５－１１－１１　１Ｆ２Ｆ,35.5775311,139.6984751,exact_name_pref_municipality_address,clinic,1322135600182,医療法人社団　都英会　くがはらウィメンズクリニック,東京都大田区久が原５－１１－１１　１Ｆ２Ｆ,35.577515,139.69844,2026-06-01,3.6
12357,医療法人社団アート会　キネマアートクリニック,東京都大田区蒲田５－２８－１８　京急醍醐共同開発ビル３階,35.562032,139.7199804,exact_name_pref_municipality_address,clinic,1322135609950,医療法人社団アート会　キネマアートクリニック,東京都大田区蒲田５－２８－１８　京急醍醐共同開発ビル３階,35.562017,139.72005,2026-06-01,6.5
12358,加藤産婦人科クリニック,東京都杉並区井草４－５－２－１Ｆ,35.7251172,139.6131121,exact_name_pref_municipality_address,clinic,1322135700090,加藤産婦人科クリニック,東京都杉並区井草４－５－２－１Ｆ,35.725108,139.613135,2026-06-01,2.3
12359,ＬＡＮＡレディースクリニック赤羽,東京都北区赤羽西１－３６－１１　メディカルヒルズ赤羽４Ｆ,35.7781919,139.7176766,exact_name_pref_municipality_address,clinic,1322135800101,ＬＡＮＡレディースクリニック赤羽,東京都北区赤羽西１－３６－１１　メディカルヒルズ赤羽４Ｆ,35.778216,139.717707,2026-06-01,3.8
12360,医療法人社団生和会　赤羽レディースクリニック,東京都北区赤羽２－１３－１　花川ビル２Ｆ,35.7795469,139.7240898,exact_name_pref_municipality_address,clinic,1322135801770,医療法人社団生和会　赤羽レディースクリニック,東京都北区赤羽２－１３－１　花川ビル２Ｆ,35.779466,139.724151,2026-06-01,10.6
12361,岩瀬クリニック,東京都北区東田端１－１４－１　田端クリニックモール４Ｆ,35.7395295,139.7621635,exact_name_pref_municipality_address,clinic,1322135808610,岩瀬クリニック,東京都北区東田端１－１４－１　田端クリニックモール４Ｆ,35.739443,139.762177,2026-06-01,9.7
12362,京野アートクリニック高輪,東京都港区高輪３－１３－１　高輪コート５Ｆ,35.6310382,139.7363312,exact_name_pref_municipality_address,clinic,1322136000118,京野アートクリニック高輪,東京都港区高輪３－１３－１　高輪コート５Ｆ,35.631105,139.736261,2026-06-01,9.8
12363,白金高輪海老根ウィメンズクリニック,東京都港区高輪１－２－１７　高輪梶ビル５－７Ｆ,35.6443691,139.7353268,exact_name_pref_municipality_address,clinic,1322136000153,白金高輪海老根ウィメンズクリニック,東京都港区高輪１－２－１７　高輪梶ビル５－７Ｆ,35.644369,139.73535,2026-06-01,2.1
12364,社会福祉法人恩賜財団母子愛育会総合母子保健センター　愛育クリニック,東京都港区南麻布５－６－８,35.65346,139.7271181,exact_name_pref_municipality_address,clinic,1322136000256,社会福祉法人恩賜財団母子愛育会総合母子保健センター　愛育クリニック,東京都港区南麻布５－６－８,35.653424,139.727045,2026-06-01,7.7
12365,東京ＡＭＨクリニック銀座,東京都港区新橋１－９－５　ＫＤＸ新橋駅前ビル　２Ｆ,35.6671821,139.7600884,exact_name_pref_municipality_address,clinic,1322136000426,東京ＡＭＨクリニック銀座,東京都港区新橋１－９－５　ＫＤＸ新橋駅前ビル　２Ｆ,35.6672,139.760125,2026-06-01,3.9
12366,医療法人社団しらかば会　みなとウィメンズクリニック,東京都港区芝浦４－１２－３９　ロジックビル３Ｆ,35.6410999,139.7486399,exact_name_pref_municipality_address,clinic,1322136000514,医療法人社団しらかば会　みなとウィメンズクリニック,東京都港区芝浦４－１２－３９　ロジックビル３Ｆ,35.641092,139.748627,2026-06-01,1.5
12367,表参道ＡＲＴクリニック,東京都港区北青山３－１１－７　アオビル１１カイ,35.6638119,139.7106551,exact_name_pref_municipality_address,clinic,1322136000578,表参道ＡＲＴクリニック,東京都港区北青山３－１１－７　アオビル１１カイ,35.663783,139.710629,2026-06-01,4.0
12369,医療法人社団神徳会　芝公園かみやまクリニック,東京都港区芝２－９－１０　ダイユウビル１Ｆ,35.6519425,139.7515922,exact_name_pref_municipality_address,clinic,1322136038980,医療法人社団神徳会　芝公園かみやまクリニック,東京都港区芝２－９－１０　ダイユウビル１Ｆ,35.651952,139.751599,2026-06-01,1.2
12371,京野アートクリニック品川,東京都品川区北品川５－１５－４,35.6217433,139.7336668,exact_name_pref_municipality_address,clinic,1322136300107,京野アートクリニック品川,東京都品川区北品川５－１５－４,35.62176,139.733629,2026-06-01,3.9
12372,アヴァンセレディースクリニック,東京都品川区西五反田２－２８－１１　ＦＰ五反田ビル地下１階,35.624651,139.7209381,name_municipality_only,clinic,1322136300234,アヴァンセレディースクリニック,東京都品川区西五反田２－２８－１０　ＦＰ五反田ビル地下１階,35.624732,139.720686,2026-06-01,
12373,ｓｏｗａｋａ　ｗｏｍｅｎ’ｓ　ｈｅａｌｔｈ　ｃｌｉｎｉｃ,東京都千代田区九段南３－７－８,35.6930168,139.7433414,exact_name_pref_municipality_address,clinic,1322136400246,ｓｏｗａｋａ　ｗｏｍｅｎ’ｓ　ｈｅａｌｔｈ　ｃｌｉｎｉｃ,東京都千代田区九段南３－７－８,35.693031,139.743292,2026-06-01,4.7
12374,医療法人社団光創会　神田ウイメンズクリニック,東京都千代田区鍛冶町２－８－６　メディカルプライム神田６Ｆ,35.6926111,139.7726534,exact_name_pref_municipality_address,clinic,1322136400253,医療法人社団光創会　神田ウイメンズクリニック,東京都千代田区鍛冶町２－８－６　メディカルプライム神田６Ｆ,35.692587,139.772651,2026-06-01,2.7
12375,たかみクリニック,東京都練馬区練馬４－１０－１０,35.7418509,139.6475712,exact_name_pref_municipality_address,clinic,1322136516970,たかみクリニック,東京都練馬区練馬４－１０－１０,35.741329,139.64752,2026-06-01,58.2
12376,後楽園ウィメンズクリニック,東京都文京区本郷１－３３－８　ハウス本郷ビル４Ｆ,35.7058637,139.7546979,exact_name_pref_municipality_address,clinic,1322136600082,後楽園ウィメンズクリニック,東京都文京区本郷１－３３－８　ハウス本郷ビル４Ｆ,35.705863,139.754707,2026-06-01,0.8
12377,文京ガーデン女性クリニック,東京都文京区小石川１－１－７　文京ガーデン　センターテラス２０３,35.709576,139.7523907,exact_name_pref_municipality_address,clinic,1322136600133,文京ガーデン女性クリニック,東京都文京区小石川１－１－７　文京ガーデン　センターテラス２０３,35.709612,139.752346,2026-06-01,5.7
12378,ピュールレディースクリニック錦糸町院,東京都墨田区太平３－４－８　ＫＯＩＫＥ　Ｂｌｄ．５Ｆ,35.7000123,139.8144915,exact_name_pref_municipality_address,clinic,1322136700099,ピュールレディースクリニック錦糸町院,東京都墨田区太平３－４－８　ＫＯＩＫＥ　Ｂｌｄ．５Ｆ,35.700059,139.81448,2026-06-01,5.3
12379,大倉医院,東京都墨田区墨田１－１０－４,35.7276601,139.8175037,exact_name_pref_municipality_address,clinic,1322136702050,大倉医院,東京都墨田区墨田１－１０－４,35.727612,139.81759,2026-06-01,9.4
12380,あんずレディースクリニック,東京都墨田区吾妻橋２－３－９　ノエルビル２Ｆ,35.7088485,139.8040741,exact_name_pref_municipality_address,clinic,1322136708282,あんずレディースクリニック,東京都墨田区吾妻橋２－３－９　ノエルビル２Ｆ,35.708863,139.804119,2026-06-01,4.4
12381,一般社団法人Ｂａｂｙ　Ｈｅａｌｔｈ　Ｃａｒｅ　ベビースマイル　レディースクリニック有明,東京都江東区有明２－１－８　有明ガーデン４Ｆ,35.6381134,139.7924937,exact_name_pref_municipality_address,clinic,1322136800148,一般社団法人Ｂａｂｙ　Ｈｅａｌｔｈ　Ｃａｒｅ　ベビースマイル　レディースクリニック有明,東京都江東区有明２－１－８　有明ガーデン４Ｆ,35.63801,139.793957,2026-06-01,132.7
12382,東陽すずらんレディースクリニック,東京都江東区東陽４－８－２１　ＴＳＫ第２ビル３Ｆ,35.6710177,139.8173642,exact_name_pref_municipality_address,clinic,1322136815790,東陽すずらんレディースクリニック,東京都江東区東陽４－８－２１　ＴＳＫ第２ビル３Ｆ,35.671034,139.81737,2026-06-01,1.9
12383,医療法人社団　楠原ウィメンズクリニック,東京都中央区銀座５－６－２　銀座七宝ビル６Ｆ,35.6713707,139.7642956,exact_name_pref_municipality_address,clinic,1322136900139,医療法人社団　楠原ウィメンズクリニック,東京都中央区銀座５－６－２　銀座七宝ビル６Ｆ,35.671395,139.764375,2026-06-01,7.7
12384,医療法人オーク会　オーク銀座レディースクリニック,東京都中央区銀座２－６－１２　大倉本館７Ｆ,35.6731649,139.7667269,exact_name_pref_municipality_address,clinic,1322136900256,医療法人オーク会　オーク銀座レディースクリニック,東京都中央区銀座２－６－１２　大倉本館７Ｆ,35.673117,139.766791,2026-06-01,7.9
12385,銀座こうのとりレディースクリニック,東京都中央区銀座１－３－９　マルイト銀座ビル７Ｆ,35.6751452,139.7661964,exact_name_pref_municipality_address,clinic,1322136900304,銀座こうのとりレディースクリニック,東京都中央区銀座１－３－９　マルイト銀座ビル７Ｆ,35.675144,139.766152,2026-06-01,4.0
12386,よりみつレディースクリニック,東京都羽村市五ノ神１－２－２　メディカルプラザ３Ｆ,35.7585687,139.3173815,exact_name_pref_municipality_address,clinic,1322137207776,よりみつレディースクリニック,東京都羽村市五ノ神１－２－２　メディカルプラザ３Ｆ,35.758877,139.317519,2026-06-01,36.5
12387,青空レディースクリニック,東京都八王子市旭町８－１０　比留間ビル５Ｆ,35.6575497,139.3381524,exact_name_pref_municipality_address,clinic,1322137300010,青空レディースクリニック,東京都八王子市旭町８－１０　比留間ビル５Ｆ,35.657527,139.338188,2026-06-01,4.1
12388,玉川学園土屋クリニック,東京都町田市南大谷4-39-38,35.5553174,139.4582661,name_municipality_only,clinic,1322137547290,玉川学園土屋クリニック,東京都町田市南大谷南大谷４－３９－３８,35.551596,139.45804,2026-06-01,
12389,医療法人社団慈心会　保坂産婦人科クリニック,東京都狛江市東和泉１－２１－３,35.6315563,139.5779428,exact_name_pref_municipality_address,clinic,1322137716780,医療法人社団慈心会　保坂産婦人科クリニック,東京都狛江市東和泉１－２１－３,35.631534,139.577975,2026-06-01,3.8
12390,こむかい産婦人科,東京都立川市錦町２－３－３０,35.6951255,139.4170848,exact_name_pref_municipality_address,clinic,1322137907490,こむかい産婦人科,東京都立川市錦町２－３－３０,35.69508,139.417069,2026-06-01,5.3
12391,医療法人社団つつじ会　くぬぎ産婦人科,東京都東村山市本町１－２２－２４,35.757159,139.4676644,exact_name_pref_municipality_address,clinic,1322138407160,医療法人社団つつじ会　くぬぎ産婦人科,東京都東村山市本町１－２２－２４,35.757102,139.467451,2026-06-01,20.3
12392,花小金井レディースクリニック,東京都小平市花小金井南町１－１９－３　ＳＯＲＡ１階,35.7246922,139.5129565,exact_name_pref_municipality_address,clinic,1322139700100,花小金井レディースクリニック,東京都小平市花小金井南町１－１９－３　ＳＯＲＡ１階,35.724801,139.512976,2026-06-01,12.2
12393,横井レディースクリニック,神奈川県鎌倉市大船１－１２－１７リオンビル３Ｆ,35.3508283,139.5313548,exact_name_pref_municipality_address,clinic,1421400439900,横井レディースクリニック,神奈川県鎌倉市大船１－１２－１７リオンビル３Ｆ,35.3509,139.531397,2026-06-01,8.8
12394,塩崎産婦人科,神奈川県三浦市南下浦町上宮田２９９４－６,35.1851403,139.6472698,exact_name_pref_municipality_address,clinic,1421401237500,塩崎産婦人科,神奈川県三浦市南下浦町上宮田２９９４－６,35.185123,139.647306,2026-06-01,3.8
12395,田中クリニック,神奈川県厚木市及川５７２,35.4651779,139.3432774,exact_name_pref_municipality_address,clinic,1421401420300,田中クリニック,神奈川県厚木市及川５７２,35.465165,139.343291,2026-06-01,1.9
12396,はだの南レディスクリニック,神奈川県秦野市立野台１－２－３,35.3598602,139.2292146,exact_name_pref_municipality_address,clinic,1421402016500,はだの南レディスクリニック,神奈川県秦野市立野台１－２－３,35.35985,139.229255,2026-06-01,3.8
12397,ヤマダレディースクリニック,神奈川県横浜市神奈川区二ツ谷町６－３雷鳴堂ビル３０１,35.4769772,139.6298954,exact_name_pref_municipality_address,clinic,1421403316000,ヤマダレディースクリニック,神奈川県横浜市神奈川区二ツ谷町６－３雷鳴堂ビル３０１,35.476936,139.629911,2026-06-01,4.8
12398,大石レディースクリニック,神奈川県横浜市神奈川区片倉２－１－２１　大石医療ビル１階,35.488722,139.6050299,exact_name_pref_municipality_address,clinic,1421403349600,大石レディースクリニック,神奈川県横浜市神奈川区片倉２－１－２１　大石医療ビル１階,35.488684,139.60501,2026-06-01,4.6
12399,神奈川レディースクリニック,神奈川県横浜市神奈川区西神奈川１－１１ー５　ＡＲＴＶＩＳＴＡ横浜ビル６階,35.48023,139.6315034,exact_name_pref_municipality_address,clinic,1421403490500,神奈川レディースクリニック,神奈川県横浜市神奈川区西神奈川１－１１ー５　ＡＲＴＶＩＳＴＡ横浜ビル６階,35.480213,139.631524,2026-06-01,2.7
12400,みなとみらいレディースクリニック,神奈川県横浜市西区みなとみらい４－７－１－２階Ｄ,35.4596106,139.6308841,exact_name_pref_municipality_address,clinic,1421403663000,みなとみらいレディースクリニック,神奈川県横浜市西区みなとみらい４－７－１－２階Ｄ,35.459082,139.630284,2026-06-01,80.1
12402,医療法人社団善方会　カトレアレディースクリニック,神奈川県横浜市港北区新羽町１６８５　Ｕ～ｍｕ　Ｎｅｗ　ＷｉｎｇＩＩＩ　４０１号,35.5284631,139.6119657,exact_name_pref_municipality_address,clinic,1421405839100,医療法人社団善方会　カトレアレディースクリニック,神奈川県横浜市港北区新羽町１６８５　Ｕ～ｍｕ　Ｎｅｗ　ＷｉｎｇＩＩＩ　４０１号,35.528447,139.611988,2026-06-01,2.7
12403,近藤産婦人科,神奈川県横浜市緑区中山１－３－１０,35.5141261,139.541337,exact_name_pref_municipality_address,clinic,1421406276300,近藤産婦人科,神奈川県横浜市緑区中山１－３－１０,35.514113,139.541389,2026-06-01,4.9
12404,医療法人産婦人科クリニックさくら,神奈川県横浜市青葉区新石川２－９－３,35.5752223,139.5592835,exact_name_pref_municipality_address,clinic,1421407085500,医療法人産婦人科クリニックさくら,神奈川県横浜市青葉区新石川２－９－３,35.575158,139.559312,2026-06-01,7.6
12405,ＣＭポートクリニック,神奈川県横浜市都筑区茅ヶ崎中央50-17　CM-PORTビル B1F,35.5460901,139.575181,name_municipality_only,clinic,1421407521000,ＣＭポートクリニック,神奈川県横浜市都筑区茅ケ崎中央,35.546161,139.57527,2026-06-01,
12406,やすこレディースクリニック,神奈川県横浜市都筑区茅ケ崎中央１７－２６－２０１,35.5421199,139.5719547,exact_name_pref_municipality_address,clinic,1421407643800,やすこレディースクリニック,神奈川県横浜市都筑区茅ケ崎中央１７－２６－２０１,35.542103,139.571965,2026-06-01,2.1
12408,神奈川ウィメンズクリニック,神奈川県横浜市神奈川区西神奈川１－２０－７　ビューサイト横浜４階,35.4801162,139.6323183,exact_name_pref_municipality_address,clinic,1421421624800,神奈川ウィメンズクリニック,神奈川県横浜市神奈川区西神奈川１－２０－７　ビューサイト横浜４階,35.480116,139.632347,2026-06-01,2.6
12409,産婦人科マチダクリニック,神奈川県横浜市中区山田町7-8　産友ビル　101号,35.4379054,139.6326574,exact_name_pref_municipality_visible_address_prefix_type_consistent,clinic,1421421931000,産婦人科マチダクリニック,神奈川県横浜市中区山田町,35.437865,139.632654,2026-06-01,4.5
12410,南生田レディースクリニック,神奈川県川崎市多摩区南生田7-20-21,35.6073528,139.5406008,exact_name_pref_municipality_visible_address_prefix_type_consistent,clinic,1421422610300,南生田レディースクリニック,神奈川県川崎市多摩区南生田,35.607332,139.540612,2026-06-01,2.5
12411,潤レディースクリニック,神奈川県横浜市青葉区あざみ野1丁目7－1 ゴールドワンあざみ野3F,35.5707763,139.5534855,exact_name_pref_municipality_visible_address_prefix_type_consistent,clinic,1421422786000,潤レディースクリニック,神奈川県横浜市青葉区あざみ野,35.570725,139.553502,2026-06-01,5.9
12412,医）悠総会　天王町レディースクリニック,神奈川県横浜市保土ケ谷区天王町2-36-8シレーナS 2F,35.4547636,139.6042963,name_municipality_only,clinic,1421424790900,医）悠総会　天王町レディースクリニック,神奈川県横浜市保土ケ谷区天王町２－３６－８シレーナＳ２階,35.454771,139.604336,2026-06-01,
12413,湘南レディースクリニック辻堂Ｃ－Ｘ,神奈川県藤沢市辻堂神台２ー２ー１アイクロス湘南４階,35.3404739,139.4476786,exact_name_pref_municipality_address,clinic,1421425336400,湘南レディースクリニック辻堂Ｃ－Ｘ,神奈川県藤沢市辻堂神台２ー２ー１アイクロス湘南４階,35.340231,139.44781,2026-06-01,29.5
12414,藤沢女性のクリニックもんま,神奈川県藤沢市藤沢530-10 F.S.Cビル4F,35.3402819,139.4850836,exact_name_pref_municipality_visible_address_prefix_type_consistent,clinic,1421425775000,藤沢女性のクリニックもんま,神奈川県藤沢市藤沢,35.340262,139.485099,2026-06-01,2.6
12415,メディカルパーク上大岡,神奈川県横浜市港南区上大岡西１－１８ー３ミオカリスト館７階,35.4077804,139.5952989,exact_name_pref_municipality_address,clinic,1421427419100,メディカルパーク上大岡,神奈川県横浜市港南区上大岡西１－１８ー３ミオカリスト館７階,35.407762,139.595325,2026-06-01,3.1
12416,ゆきこレディースクリニック,神奈川県相模原市中央区相生１－３－１６,35.5653034,139.3849561,exact_name_pref_municipality_address,clinic,1421428297600,ゆきこレディースクリニック,神奈川県相模原市中央区相生１－３－１６,35.565297,139.384974,2026-06-01,1.8
12417,かがやきレディースクリニック藤沢,神奈川県藤沢市鵠沼東１－２,35.336073,139.4903066,exact_name_pref_municipality_address,clinic,1421428347600,かがやきレディースクリニック藤沢,神奈川県藤沢市鵠沼東１－２,35.335749,139.490168,2026-06-01,38.2
12419,メディカルパークみなとみらい,神奈川県横浜市中区桜木町１－１－８　日石横浜ビル４Ｆ,35.4537338,139.6301196,exact_name_pref_municipality_address,clinic,1421431000316,メディカルパークみなとみらい,神奈川県横浜市中区桜木町１－１－８　日石横浜ビル４Ｆ,35.453697,139.630545,2026-06-01,38.7
12420,ひとみレディースクリニック,新潟県南魚沼市余川３３６０－２,37.0784073,138.8830632,exact_name_pref_municipality_address,clinic,152SIMNX00032,ひとみレディースクリニック,新潟県南魚沼市余川３３６０－２,37.078407,138.883063,2026-06-01,0.0
12421,うえだクリニック,新潟県燕市井土巻２丁目６０,37.652836,138.9317357,exact_name_pref_municipality_address,clinic,152SISNX00095,うえだクリニック,新潟県燕市井土巻２丁目６０,37.654404,138.930117,2026-06-01,225.2
12422,産婦人科内科　金子医院,富山県南砺市荒木１３５１－１,36.5572762,136.8796549,exact_name_pref_municipality_address,clinic,1622162110435,産婦人科内科　金子医院,富山県南砺市荒木１３５１－１,36.557301,136.879684,2026-06-01,3.8
12423,医療法人社団　こうちウィメンズクリニック,富山県魚津市吉島１－８０９,36.8245249,137.4201109,exact_name_pref_municipality_address,clinic,1622163000349,医療法人社団　こうちウィメンズクリニック,富山県魚津市吉島１－８０９,36.827781,137.412414,2026-06-01,774.9
12424,愛育産婦人科医院,石川県金沢市鳴和１丁目１３番６号,36.5855622,136.6736952,exact_name_pref_municipality_address,clinic,1725120100,愛育産婦人科医院,石川県金沢市鳴和１丁目１３番６号,36.585564,136.673684,2026-06-01,1.0
12425,医療法人　西ウイミンズクリニック,福井県福井市木田２－２１０２,36.0463539,136.2264414,exact_name_pref_municipality_address,clinic,1822180001840,医療法人　西ウイミンズクリニック,福井県福井市木田２－２１０２,36.04645,136.226431,2026-06-01,10.7
12426,医療法人　清澄会　ふくい輝クリニック,福井県福井市大願寺２丁目９－１６,36.0843548,136.228898,exact_name_pref_municipality_address,clinic,1822180504820,医療法人　清澄会　ふくい輝クリニック,福井県福井市大願寺２丁目９－１６,36.084354,136.228898,2026-06-01,0.1
12427,平岡産婦人科,長野県茅野市ちの２５４３－９,35.9980024,138.1478177,exact_name_pref_municipality_address,clinic,2022205407150,平岡産婦人科,長野県茅野市ちの２５４３－９,35.998216,138.14774,2026-06-01,24.8
12429,南天診療所,長野県松本市筑摩３ー１５ー３１,36.2197476,137.9831227,exact_name_pref_municipality_address,clinic,2022205946880,南天診療所,長野県松本市筑摩３ー１５ー３１,36.220548,137.982579,2026-06-01,101.5
12430,ほりうちレディースクリニック,長野県松本市筑摩１丁目１６―３,36.2203442,137.9760498,exact_name_pref_municipality_address,clinic,2022205961610,ほりうちレディースクリニック,長野県松本市筑摩１丁目１６―３,36.222714,137.978135,2026-06-01,323.2
12431,髙橋産婦人科,岐阜県岐阜市梅ヶ枝町3丁目４１－３,35.4240978,136.7524899,name_municipality_only,clinic,2121342000380,髙橋産婦人科,岐阜県岐阜市梅ケ枝町３丁目４１ー３,35.424239,136.752469,2026-06-01,
12432,俵ＩＶＦクリニック,静岡県静岡市駿河区泉町２番２０号,34.9687482,138.3871622,exact_name_pref_municipality_address,clinic,2222220121260,俵ＩＶＦクリニック,静岡県静岡市駿河区泉町２番２０号,34.968599,138.387176,2026-06-01,16.6
12433,医療法人社団　啓樹会　西村ウイメンズクリニック,静岡県浜松市中央区上島６－３０－３,34.7449619,137.7377734,exact_name_pref_municipality_address,clinic,2222223360510,医療法人社団　啓樹会　西村ウイメンズクリニック,静岡県浜松市中央区上島６－３０－３,34.744844,137.737808,2026-06-01,13.5
12434,大樹レディースクリニック,静岡県浜松市中央区根洗町５４７ー２,34.7940784,137.6897872,exact_name_pref_municipality_address,clinic,2222223376540,大樹レディースクリニック,静岡県浜松市中央区根洗町５４７ー２,34.79431,137.690171,2026-06-01,43.5
12435,和田医院,静岡県浜松市中央区南浅田２－１８－３８,34.6888344,137.7309241,exact_name_pref_municipality_address,clinic,2222223382280,和田医院,静岡県浜松市中央区南浅田２－１８－３８,34.68884,137.730935,2026-06-01,1.2
12436,（医）福間産婦人科クリニック,静岡県静岡市駿河区中原７３９－１,34.9539689,138.387174,exact_name_pref_municipality_address,clinic,2222223403390,（医）福間産婦人科クリニック,静岡県静岡市駿河区中原７３９－１,34.953972,138.387216,2026-06-01,3.8
12437,国東産婦人科医院,静岡県三島市南本町１３－３６,35.1134238,138.9144938,exact_name_pref_municipality_address,clinic,2222225621000,国東産婦人科医院,静岡県三島市南本町１３－３６,35.113464,138.914443,2026-06-01,6.4
12438,板東レディースクリニック,静岡県富士宮市杉田１０１６－７,35.2180372,138.6506466,exact_name_pref_municipality_address,clinic,2222225821060,板東レディースクリニック,静岡県富士宮市杉田１０１６－７,35.218031,138.650682,2026-06-01,3.3
12439,窪田レディースクリニック,静岡県富士市平垣１００－６,35.1607669,138.6517102,exact_name_pref_municipality_address,clinic,2222225834480,窪田レディースクリニック,静岡県富士市平垣１００－６,35.160754,138.651691,2026-06-01,2.3
12440,医療法人社団　直優会　ウスイクリニック,静岡県駿東郡長泉町下土狩１２９３－１　富士伊豆農協下土狩ビル２Ｆ,35.1296698,138.8964339,exact_name_pref_municipality_address,clinic,2222227157200,医療法人社団　直優会　ウスイクリニック,静岡県駿東郡長泉町下土狩１２９３－１　富士伊豆農協下土狩ビル２Ｆ,35.129684,138.896416,2026-06-01,2.3
12441,いながきレディースクリニック,静岡県沼津市宮前町１２－１１,35.1212604,138.8753559,exact_name_pref_municipality_address,clinic,2222227174760,いながきレディースクリニック,静岡県沼津市宮前町１２－１１,35.121263,138.87536,2026-06-01,0.5
12442,あかほり女性クリニック,静岡県藤枝市前島１丁目３番１ホテルオーレ３階,34.8483171,138.2522262,exact_name_pref_municipality_address,clinic,2222227243220,あかほり女性クリニック,静岡県藤枝市前島１丁目３番１ホテルオーレ３階,34.848213,138.252132,2026-06-01,14.4
12443,クリニックさくら,静岡県掛川市本郷１９８－３,34.8049344,137.9568074,exact_name_pref_municipality_address,clinic,2222227312650,クリニックさくら,静岡県掛川市本郷１９８－３,34.804882,137.956823,2026-06-01,6.0
12444,森町家庭医療クリニック,静岡県周智郡森町草ケ谷３８７－１,34.8257572,137.9183809,exact_name_pref_municipality_address,clinic,2222227315260,森町家庭医療クリニック,静岡県周智郡森町草ケ谷３８７－１,34.82581,137.918317,2026-06-01,8.3
12445,可世木レディスクリニック,愛知県一宮市平和１－９－２６,35.3015191,136.7930931,exact_name_pref_municipality_address,clinic,2322230100770,可世木レディスクリニック,愛知県一宮市平和１－９－２６,35.302076,136.787055,2026-06-01,551.4
12446,小林産婦人科,愛知県北名古屋市西之保深坪８２番地２,35.2430355,136.8654658,exact_name_pref_municipality_address,clinic,2322230800410,小林産婦人科,愛知県北名古屋市西之保深坪８２番地２,35.243223,136.865441,2026-06-01,21.0
12447,富田レディースクリニック,愛知県あま市中萱津南ノ川66,35.1869956,136.8344409,exact_name_pref_municipality_visible_address_prefix_type_consistent,clinic,2322230901420,富田レディースクリニック,愛知県あま市中萱津,35.186951,136.834446,2026-06-01,5.0
12449,医療法人裕修会　篠原産婦人科医院,愛知県安城市錦町１０－１０,34.952296,137.0852411,exact_name_pref_municipality_address,clinic,2322231400290,医療法人裕修会　篠原産婦人科医院,愛知県安城市錦町１０－１０,34.952286,137.085241,2026-06-01,1.1
12450,医療法人　秀峰会　レディースクリニック山原,愛知県名古屋市千種区今池４－１４－３,35.1693703,136.9388651,exact_name_pref_municipality_address,clinic,2322232201250,医療法人　秀峰会　レディースクリニック山原,愛知県名古屋市千種区今池４－１４－３,35.169399,136.939243,2026-06-01,34.5
12451,医療法人ごきそレディスクリニック,愛知県名古屋市昭和区阿由知通３－１０,35.1508033,136.9340744,exact_name_pref_municipality_address,clinic,2322232202130,医療法人ごきそレディスクリニック,愛知県名古屋市昭和区阿由知通３－１０,35.151179,136.933661,2026-06-01,56.2
12452,藤村レディスこどもクリニック,愛知県名古屋市瑞穂区土市町2-21,35.1165421,136.9340744,exact_name_pref_municipality_visible_address_prefix_type_consistent,clinic,2322232202930,藤村レディスこどもクリニック,愛知県名古屋市瑞穂区土市町,35.116849,136.935829,2026-06-01,163.2
12453,医療法人若葉台クリニック,愛知県名古屋市名東区若葉台５０２　　若葉台ビル１Ｆ,35.1803103,136.9936141,exact_name_pref_municipality_address,clinic,2322232203970,医療法人若葉台クリニック,愛知県名古屋市名東区若葉台５０２　　若葉台ビル１Ｆ,35.180343,136.993627,2026-06-01,3.8
12454,医療法人亜一会　あいこ女性クリニック,愛知県名古屋市名東区よもぎ台２丁目９０４番地,35.1756514,136.9909772,exact_name_pref_municipality_address,clinic,2322232205620,医療法人亜一会　あいこ女性クリニック,愛知県名古屋市名東区よもぎ台２丁目９０４番地,35.175622,136.991088,2026-06-01,10.6
12455,一社駅前こばやしレディースクリニック,愛知県名古屋市名東区一社２丁目８番地オオタ一社ビル２Ｆ,35.1681189,136.9971068,exact_name_pref_municipality_address,clinic,2322232208550,一社駅前こばやしレディースクリニック,愛知県名古屋市名東区一社２丁目８番地オオタ一社ビル２Ｆ,35.16815,136.997099,2026-06-01,3.5
12456,医療法人成田育成会　セントソフィアクリニック,愛知県名古屋市中村区名駅１丁目１番４号　ＪＲセントラルタワーズ１９階,35.1718752,136.8822239,exact_name_pref_municipality_address,clinic,2322232302250,医療法人成田育成会　セントソフィアクリニック,愛知県名古屋市中村区名駅１丁目１番４号　ＪＲセントラルタワーズ１９階,35.170496,136.881923,2026-06-01,155.8
12457,庄内通レディースクリニック,愛知県名古屋市西区香呑町６－５０　ノーステラス庄内通１階,35.2036732,136.8914712,exact_name_pref_municipality_address,clinic,2322232308760,庄内通レディースクリニック,愛知県名古屋市西区香呑町６－５０　ノーステラス庄内通１階,35.203685,136.891583,2026-06-01,10.2
12458,なごやＡＲＴクリニック,愛知県名古屋市中村区太閤通一丁目２０番９号　Ｌ’ＥＮＶＯＬ　ＭＥＩＥＫＩ　３階,35.1666373,136.880431,exact_name_pref_municipality_address,clinic,2322232309960,なごやＡＲＴクリニック,愛知県名古屋市中村区太閤通一丁目２０番９号　Ｌ’ＥＮＶＯＬ　ＭＥＩＥＫＩ　３階,35.166564,136.880741,2026-06-01,29.3
12459,神宮前オレンジレディースクリニック,愛知県名古屋市熱田区三本松町１８番４号　μＰＬＡＴ神宮前４階,35.1258994,136.9129736,exact_name_pref_municipality_address,clinic,2322232310530,神宮前オレンジレディースクリニック,愛知県名古屋市熱田区三本松町１８番４号　μＰＬＡＴ神宮前４階,35.12598,136.913118,2026-06-01,15.9
12460,栄産婦人科,愛知県名古屋市中区栄５－２２－２２,35.1632878,136.9146438,exact_name_pref_municipality_address,clinic,2322232402760,栄産婦人科,愛知県名古屋市中区栄５－２２－２２,35.163288,136.914635,2026-06-01,0.8
12461,なるかわレディースクリニック,愛知県名古屋市守山区野萩町１３－１４プラザ野萩２Ｆ,35.2029482,136.9854622,exact_name_pref_municipality_address,clinic,2322232405260,なるかわレディースクリニック,愛知県名古屋市守山区野萩町１３－１４プラザ野萩２Ｆ,35.202924,136.985488,2026-06-01,3.6
12462,医療法人成田育成会　成田産婦人科,愛知県名古屋市中区大須一丁目２０番３０号,35.1606053,136.8969144,exact_name_pref_municipality_address,clinic,2322232409760,医療法人成田育成会　成田産婦人科,愛知県名古屋市中区大須一丁目２０番３０号,35.160602,136.896886,2026-06-01,2.6
12463,山田医院,愛知県名古屋市北区萩野通２－１０ー２,35.2094537,136.9105339,exact_name_pref_municipality_address,clinic,2322232409770,山田医院,愛知県名古屋市北区萩野通２－１０ー２,35.209443,136.910525,2026-06-01,1.4
12464,パークサイド栄クリニック,愛知県名古屋市中区栄３ー３１ー７大河内ビル５階,35.1639253,136.9083235,exact_name_pref_municipality_address,clinic,2322232410010,パークサイド栄クリニック,愛知県名古屋市中区栄３ー３１ー７大河内ビル５階,35.163947,136.908389,2026-06-01,6.4
12465,だいどうクリニック,愛知県名古屋市南区白水町８,35.0747826,136.9082378,exact_name_pref_municipality_address,clinic,2322232501670,だいどうクリニック,愛知県名古屋市南区白水町８,35.07477,136.90825,2026-06-01,1.8
12466,産科婦人科　種村ウィメンズクリニック,愛知県名古屋市天白区野並１丁目２６５番地,35.1078061,136.9590997,exact_name_pref_municipality_address,clinic,2322232504740,産科婦人科　種村ウィメンズクリニック,愛知県名古屋市天白区野並１丁目２６５番地,35.107806,136.959099,2026-06-01,0.1
12467,やました内科産婦人科,愛知県名古屋市緑区黒沢台三丁目１３２０,35.1001594,136.9939881,exact_name_pref_municipality_address,clinic,2322232508520,やました内科産婦人科,愛知県名古屋市緑区黒沢台三丁目１３２０,35.10016,136.993988,2026-06-01,0.1
12469,とよはしウィメンズクリニック,愛知県豊橋市牟呂町大塚８５－１,34.7478365,137.3650593,exact_name_pref_municipality_address,clinic,2322232604230,とよはしウィメンズクリニック,愛知県豊橋市牟呂町大塚８５－１,34.747836,137.365059,2026-06-01,0.1
12470,とよた星の夢ＡＲＴクリニック,愛知県豊田市喜多町二丁目１６０番地　コモ・スクエアウエスト３階,35.0864767,137.1585947,exact_name_pref_municipality_address,clinic,2322232803890,とよた星の夢ＡＲＴクリニック,愛知県豊田市喜多町二丁目１６０番地　コモ・スクエアウエスト３階,35.08647,137.158162,2026-06-01,39.4
12471,つかはらウィメンズクリニック,愛知県一宮市水附町２番１号,35.2970685,136.8172626,exact_name_pref_municipality_address,clinic,2322232900320,つかはらウィメンズクリニック,愛知県一宮市水附町２番１号,35.297354,136.81652,2026-06-01,74.5
12472,ザ・クリニック,三重県三重郡朝日町柿７７６－１,35.0326366,136.6639142,exact_name_pref_municipality_address,clinic,2422240015520,ザ・クリニック,三重県三重郡朝日町柿７７６－１,35.032655,136.663911,2026-06-01,2.1
12473,医療法人　栄恵会　ＩＶＦ白子クリニック,三重県鈴鹿市南江島町８－２,34.839222,136.59298,exact_name_pref_municipality_address,clinic,2422242240143,医療法人　栄恵会　ＩＶＦ白子クリニック,三重県鈴鹿市南江島町８－２,34.839199,136.592949,2026-06-01,3.8
12474,医療法人翡翠会　ひとみウィメンズクリニック,三重県三重郡菰野町大羽根園並木通１０－１,35.0126005,136.4943433,exact_name_pref_municipality_address,clinic,2422242240313,医療法人翡翠会　ひとみウィメンズクリニック,三重県三重郡菰野町大羽根園並木通１０－１,35.012509,136.4941,2026-06-01,24.4
12475,みのうらレディースクリニック,三重県鈴鹿市磯山３丁目９－１７,34.8169233,136.5706313,exact_name_pref_municipality_address,clinic,2422242240341,みのうらレディースクリニック,三重県鈴鹿市磯山３丁目９－１７,34.816923,136.570631,2026-06-01,0.0
12476,はなだ婦人クリニック,滋賀県栗東市綣三丁目１０－２２,35.0365735,135.9798989,exact_name_pref_municipality_address,clinic,2522250006360,はなだ婦人クリニック,滋賀県栗東市綣三丁目１０－２２,35.036517,135.979814,2026-06-01,10.0
12477,医療法人　木下レディースクリニック,滋賀県大津市打出浜１０－３７,35.0030915,135.878938,exact_name_pref_municipality_address,clinic,2522250013280,医療法人　木下レディースクリニック,滋賀県大津市打出浜１０－３７,35.003079,135.878941,2026-06-01,1.4
12478,医療法人　たかこレディスクリニック,滋賀県大津市粟津町３番２号　ＪＲ石山駅ＮＫビル３０３号室,34.9796789,135.8998915,exact_name_pref_municipality_address,clinic,2522250013690,医療法人　たかこレディスクリニック,滋賀県大津市粟津町３番２号　ＪＲ石山駅ＮＫビル３０３号室,34.979748,135.899776,2026-06-01,13.0
12479,医療法人　細田レディースクリニック,京都府京都市中京区西ノ京職司町６９ＩＭＰＡＣＴ　ＩＫＵ　１階,35.0109523,135.7441031,exact_name_pref_municipality_address,clinic,2622620000717,医療法人　細田レディースクリニック,京都府京都市中京区西ノ京職司町６９ＩＭＰＡＣＴ　ＩＫＵ　１階,35.011117,135.744878,2026-06-01,72.9
12481,医療法人社団和秀会近藤産婦人科医院,京都府長岡京市長岡２－２－３２,34.9267991,135.6896121,exact_name_pref_municipality_address,clinic,2622620001767,医療法人社団和秀会近藤産婦人科医院,京都府長岡京市長岡２－２－３２,34.926931,135.689719,2026-06-01,17.6
12482,志村ウィメンズクリニック,大阪府大阪市北区角田町８－４７　阪急グランドビル２２階,34.7029862,135.4990478,exact_name_pref_municipality_address,clinic,2722270001690,志村ウィメンズクリニック,大阪府大阪市北区角田町８－４７　阪急グランドビル２２階,34.703063,135.499107,2026-06-01,10.1
12483,こおりたクリニック,大阪府大阪市淀川区東三国５－１５－２７,34.7428525,135.4941686,exact_name_pref_municipality_address,clinic,2722270003750,こおりたクリニック,大阪府大阪市淀川区東三国５－１５－２７,34.742864,135.494134,2026-06-01,3.4
12484,医療法人　岩田レディースクリニック,大阪府大阪市旭区中宮４－９－１９,34.7280493,135.541509,exact_name_pref_municipality_address,clinic,2722270008260,医療法人　岩田レディースクリニック,大阪府大阪市旭区中宮４－９－１９,34.728006,135.541575,2026-06-01,7.7
12485,猪木産婦人科,大阪府大阪市西成区旭１－１－３,34.6447492,135.496361,exact_name_pref_municipality_address,clinic,2722270030210,猪木産婦人科,大阪府大阪市西成区旭１－１－３,34.644569,135.49636,2026-06-01,20.0
12486,医療法人オーク会　オーク住吉産婦人科,大阪府大阪市西成区玉出西２－７－９,34.6235693,135.4896255,exact_name_pref_municipality_address,clinic,2722270030660,医療法人オーク会　オーク住吉産婦人科,大阪府大阪市西成区玉出西２－７－９,34.623544,135.489167,2026-06-01,42.0
12487,医療法人松崎産婦人科クリニック,大阪府池田市菅原町３丁目１番ステーションＮ２階２０２号ー２,34.8211482,135.4270067,exact_name_pref_municipality_address,clinic,2722270039800,医療法人松崎産婦人科クリニック,大阪府池田市菅原町３丁目１番ステーションＮ２階２０２号ー２,34.821021,135.427024,2026-06-01,14.2
12488,医療法人光仁幸会　西本産婦人科,大阪府松原市上田３－７－２５,34.5750292,135.5578984,exact_name_pref_municipality_address,clinic,2722270062420,医療法人光仁幸会　西本産婦人科,大阪府松原市上田３－７－２５,34.57505,135.557914,2026-06-01,2.7
12489,きくちレディースクリニック,大阪府八尾市跡部北の町３－１－２６　久宝寺クリニックビル３階,34.6208357,135.583429,exact_name_pref_municipality_address,clinic,2722270064100,きくちレディースクリニック,大阪府八尾市跡部北の町３－１－２６　久宝寺クリニックビル３階,34.620851,135.583437,2026-06-01,1.9
12490,医療法人育佑会　石田医院,大阪府高石市羽衣１丁目１０番１１号,34.5356004,135.4418789,exact_name_pref_municipality_address,clinic,2722270074820,医療法人育佑会　石田医院,大阪府高石市羽衣１丁目１０番１１号,34.535802,135.441925,2026-06-01,22.8
12491,医療法人沢田レディースクリニック,大阪府高石市千代田１－２６－１９,34.5224664,135.4294884,exact_name_pref_municipality_address,clinic,2722270074990,医療法人沢田レディースクリニック,大阪府高石市千代田１－２６－１９,34.522414,135.429482,2026-06-01,5.9
12492,徳川レディースクリニック,大阪府堺市西区浜寺南町３丁２番１号　浜寺メディカルスクエア３０２,34.5378632,135.4526918,exact_name_pref_municipality_address,clinic,2722270075510,徳川レディースクリニック,大阪府堺市西区浜寺南町３丁２番１号　浜寺メディカルスクエア３０２,34.53783,135.452646,2026-06-01,5.6
12493,まんだいレディースクリニック,大阪府和泉市肥子町1丁目11-6-2,34.4866295,135.4226786,name_municipality_only,clinic,2722270084570,まんだいレディースクリニック,大阪府和泉市肥子町１丁目１０－３７　みどりビル３階,34.487085,135.422818,2026-06-01,
12494,医療法人　瑞称会　くれはの里レディースクリニック,大阪府池田市旭丘２丁目４番１７号,34.8231665,135.4476399,exact_name_pref_municipality_address,clinic,2722270085310,医療法人　瑞称会　くれはの里レディースクリニック,大阪府池田市旭丘２丁目４番１７号,34.823188,135.447606,2026-06-01,3.9
12495,みさき医院,大阪府吹田市岸部南２丁目１－６,34.775892,135.5410703,exact_name_pref_municipality_address,clinic,2722270088610,みさき医院,大阪府吹田市岸部南２丁目１－６,34.775889,135.541073,2026-06-01,0.4
12496,むそうレディースクリニック,大阪府豊中市玉井町２丁目２番１８号,34.7881776,135.4576675,exact_name_pref_municipality_address,clinic,2722270100620,むそうレディースクリニック,大阪府豊中市玉井町２丁目２番１８号,34.788192,135.457634,2026-06-01,3.5
12497,なかおかレディースクリニック,大阪府大阪市阿倍野区阪南町１－５０－１０　日栄ビル１階,34.6330259,135.5159334,exact_name_pref_municipality_address,clinic,2722270108360,なかおかレディースクリニック,大阪府大阪市阿倍野区阪南町１－５０－１０　日栄ビル１階,34.633043,135.515942,2026-06-01,2.1
12498,元林産婦人科内科,大阪府大阪市平野区長吉出戸８－７－２７,34.6067363,135.5756054,exact_name_pref_municipality_address,clinic,2722270112470,元林産婦人科内科,大阪府大阪市平野区長吉出戸８－７－２７,34.606741,135.575633,2026-06-01,2.6
12499,まつおかレディースクリニック,大阪府大阪市北区豊崎３－２０－１０　大明ビル２Ｆ,34.7095775,135.4964709,exact_name_pref_municipality_address,clinic,2722270114320,まつおかレディースクリニック,大阪府大阪市北区豊崎３－２０－１０　大明ビル２Ｆ,34.709562,135.49644,2026-06-01,3.3
12500,医療法人国崇会北中レディースクリニック,大阪府大阪市北区梅田２－２－２　ヒルトンプラザウエスト４Ｆ,34.6999702,135.4952544,exact_name_pref_municipality_address,clinic,2722270119150,医療法人国崇会北中レディースクリニック,大阪府大阪市北区梅田２－２－２　ヒルトンプラザウエスト４Ｆ,34.69998,135.495247,2026-06-01,1.3
12501,医療法人　晋晃会　ちはるクリニック,大阪府大阪市淀川区十三本町２－１－２６　十三ＮＬＣビル５階,34.7199787,135.4812237,exact_name_pref_municipality_address,clinic,2722270119170,医療法人　晋晃会　ちはるクリニック,大阪府大阪市淀川区十三本町２－１－２６　十三ＮＬＣビル５階,34.720005,135.481191,2026-06-01,4.2
12502,なかむらレディースクリニック,大阪府大阪市住之江区西住之江１－１－３１　Ｎ．ＫＬＡＳＳ住ノ江１階,34.6050666,135.4870755,exact_name_pref_municipality_address,clinic,2722270121150,なかむらレディースクリニック,大阪府大阪市住之江区西住之江１－１－３１　Ｎ．ＫＬＡＳＳ住ノ江１階,34.605157,135.487057,2026-06-01,10.2
12503,あかりクリニック,大阪府豊中市岡町北３丁目１－２２,34.7801196,135.4644469,exact_name_pref_municipality_address,clinic,2722270167890,あかりクリニック,大阪府豊中市岡町北３丁目１－２２,34.780082,135.464384,2026-06-01,7.1
12504,ふくだレディースクリニック,大阪府大阪市住吉区大領５－４－２３　グレース住吉１０１号,34.613225,135.5050662,exact_name_pref_municipality_address,clinic,2722270125130,ふくだレディースクリニック,大阪府大阪市住吉区大領５－４－２３　グレース住吉１０１号,34.613212,135.505055,2026-06-01,1.8
12505,ふくだあやレディースクリニック・ひろつぐ出生前診断クリニック,大阪府大阪市北区紅梅町１－６　カザリーノビル１階,34.6985544,135.5139628,exact_name_pref_municipality_address,clinic,2722270132580,ふくだあやレディースクリニック・ひろつぐ出生前診断クリニック,大阪府大阪市北区紅梅町１－６　カザリーノビル１階,34.698508,135.513884,2026-06-01,8.9
12506,てんのうじちひろウイメンズクリニック,大阪府大阪市天王寺区茶臼山町４－１６,34.6490407,135.5125818,exact_name_pref_municipality_address,clinic,2722270143130,てんのうじちひろウイメンズクリニック,大阪府大阪市天王寺区茶臼山町４－１６,34.649013,135.512692,2026-06-01,10.5
12507,しのはらようこレディースクリニック,大阪府大阪市阿倍野区天王寺町北２－３１－２７,34.6440832,135.5234418,exact_name_pref_municipality_address,clinic,2722270146770,しのはらようこレディースクリニック,大阪府大阪市阿倍野区天王寺町北２－３１－２７,34.644098,135.523441,2026-06-01,1.6
12508,レディーバードクリニック,大阪府大阪市北区西天満１－７－４　協和中之島ビル１階１０１号,34.6939277,135.5072498,exact_name_pref_municipality_address,clinic,2722270147290,レディーバードクリニック,大阪府大阪市北区西天満１－７－４　協和中之島ビル１階１０１号,34.693925,135.507246,2026-06-01,0.5
12509,医療法人　ＦＡＧＷ　のだ女性クリニック,大阪府枚方市岡東町１４番４８号　やまぐちビル４階,34.8143932,135.6487234,exact_name_pref_municipality_address,clinic,2722270150600,医療法人　ＦＡＧＷ　のだ女性クリニック,大阪府枚方市岡東町１４番４８号　やまぐちビル４階,34.814332,135.648701,2026-06-01,7.1
12510,医療法人ＧｙＮｅｔ　南森町レディースクリニック,大阪府大阪市北区天神橋２－５－２５　若杉グランドビル本館１階,34.6971491,135.5131469,exact_name_pref_municipality_address,clinic,2722270151030,医療法人ＧｙＮｅｔ　南森町レディースクリニック,大阪府大阪市北区天神橋２－５－２５　若杉グランドビル本館１階,34.697147,135.513162,2026-06-01,1.4
12511,医療法人健裕会　よこいレディースクリニック,大阪府豊中市西緑丘１丁目１番３１　ＣｒｉｃｅＮｉｋｋｏ２階,34.8082435,135.4733542,exact_name_pref_municipality_address,clinic,2722270152170,医療法人健裕会　よこいレディースクリニック,大阪府豊中市西緑丘１丁目１番３１　ＣｒｉｃｅＮｉｋｋｏ２階,34.808996,135.47316,2026-06-01,85.5
12512,医療法人ＧｙＮｅｔ　南森町レディースクリニック大阪梅田院,大阪府大阪市北区梅田１－８－１６　ヒルトンプラザイースト４階,34.7004001,135.4962779,exact_name_pref_municipality_address,clinic,2722270152260,医療法人ＧｙＮｅｔ　南森町レディースクリニック大阪梅田院,大阪府大阪市北区梅田１－８－１６　ヒルトンプラザイースト４階,34.700452,135.496246,2026-06-01,6.5
12513,医療法人オーク会　オーク梅田レディースクリニック,大阪府大阪市北区梅田２－５－２５　ハービスＰＬＡＺＡ３階,34.6984253,135.4926758,exact_name_pref_municipality_address,clinic,2722270152540,医療法人オーク会　オーク梅田レディースクリニック,大阪府大阪市北区梅田２－５－２５　ハービスＰＬＡＺＡ３階,34.698425,135.492663,2026-06-01,1.2
12515,まりこレディースクリニック,大阪府大阪市天王寺区烏ケ辻１－３－２４ケーズスクエア２階,34.6576091,135.526981,exact_name_pref_municipality_address,clinic,2722270157850,まりこレディースクリニック,大阪府大阪市天王寺区烏ケ辻１－３－２４ケーズスクエア２階,34.657506,135.527001,2026-06-01,11.6
12516,エクラ難波レディースクリニック,大阪府大阪市浪速区難波中１－６－８ＯｓａｋａＭｅｔｒｏなんばビルウェルビーイングモール２階,34.6646718,135.4992678,exact_name_pref_municipality_address,clinic,2722270161220,エクラ難波レディースクリニック,大阪府大阪市浪速区難波中１－６－８ＯｓａｋａＭｅｔｒｏなんばビルウェルビーイングモール２階,34.664671,135.499267,2026-06-01,0.1
12517,あおき産科婦人科クリニック,大阪府大阪狭山市半田１ー３ー３メディカルスクエア金剛駅前４階,34.4954217,135.5584569,exact_name_pref_municipality_address,clinic,2722270161410,あおき産科婦人科クリニック,大阪府大阪狭山市半田１ー３ー３メディカルスクエア金剛駅前４階,34.495421,135.558456,2026-06-01,0.1
12518,たはらウィメンズクリニック,大阪府吹田市片山町１－３－５シルバーマンションⅡ　２階,34.7653167,135.5225313,exact_name_pref_municipality_address,clinic,2722270161520,たはらウィメンズクリニック,大阪府吹田市片山町１－３－５シルバーマンションⅡ　２階,34.765307,135.522495,2026-06-01,3.5
12519,医療法人典彰会　あやレディースクリニック,大阪府富田林市津々山台２丁目１０番１－１０１号,34.4948016,135.5775013,exact_name_pref_municipality_address,clinic,2722270164690,医療法人典彰会　あやレディースクリニック,大阪府富田林市津々山台２丁目１０番１－１０１号,34.494726,135.57736,2026-06-01,15.4
12520,みちもとレディースクリニック,兵庫県神戸市長田区東尻池町２丁目３－１６,34.6614981,135.1565545,exact_name_pref_municipality_address,clinic,2822280006490,みちもとレディースクリニック,兵庫県神戸市長田区東尻池町２丁目３－１６,34.661478,135.156554,2026-06-01,2.2
12521,清水クリニック,兵庫県神戸市垂水区本多聞６丁目２８－２３,34.6525865,135.0493438,exact_name_pref_municipality_address,clinic,2822280008640,清水クリニック,兵庫県神戸市垂水区本多聞６丁目２８－２３,34.652588,135.049313,2026-06-01,2.8
12522,はやし女性クリニック,兵庫県神戸市中央区楠町５丁目１－１３,34.6823744,135.1732954,exact_name_pref_municipality_address,clinic,2822280013220,はやし女性クリニック,兵庫県神戸市中央区楠町５丁目１－１３,34.682254,135.17369,2026-06-01,38.5
12523,医療法人社団ＧＯＫやまなみ会　山辺レディースクリニック,兵庫県神戸市中央区三宮町２丁目５－１三宮ハートビル５階,34.6904937,135.1919127,exact_name_pref_municipality_address,clinic,2822280013970,医療法人社団ＧＯＫやまなみ会　山辺レディースクリニック,兵庫県神戸市中央区三宮町２丁目５－１三宮ハートビル５階,34.690475,135.191911,2026-06-01,2.1
12525,江原産婦人科医院,兵庫県西宮市二見町９番１７号,34.7409385,135.3734953,exact_name_pref_municipality_address,clinic,2822280025150,江原産婦人科医院,兵庫県西宮市二見町９番１７号,34.740917,135.373504,2026-06-01,2.5
12527,シオタニレディースクリニック,兵庫県三田市中央町１０－１０中央第一ビル３階,34.8883381,135.2282193,exact_name_pref_municipality_address,clinic,2822280033130,シオタニレディースクリニック,兵庫県三田市中央町１０－１０中央第一ビル３階,34.888288,135.228148,2026-06-01,8.6
12528,医療法人社団　高橋産婦人科医院,兵庫県川西市清和台東１－３－７５,34.8779644,135.3874011,exact_name_pref_municipality_address,clinic,2822280035960,医療法人社団　高橋産婦人科医院,兵庫県川西市清和台東１－３－７５,34.877974,135.387221,2026-06-01,16.5
12529,私立二見レディースクリニック,兵庫県明石市二見町東二見２０７番地,34.6987867,134.8909249,exact_name_pref_municipality_address,clinic,2822280039340,私立二見レディースクリニック,兵庫県明石市二見町東二見２０７番地,34.698774,134.890948,2026-06-01,2.5
12530,久保みずきレディースクリニック,兵庫県明石市本町２丁目１－１５　ランテルナＭ２　１Ｆ,34.6473246,134.9899497,exact_name_pref_municipality_address,clinic,2822280040970,久保みずきレディースクリニック,兵庫県明石市本町２丁目１－１５　ランテルナＭ２　１Ｆ,34.647337,134.989846,2026-06-01,9.6
12531,なかた・みずのやレディースクリニック,兵庫県明石市大明石町１丁目３－８第２ユタカビル２Ｆ,34.6488197,134.9908107,exact_name_pref_municipality_address,clinic,2822280041430,なかた・みずのやレディースクリニック,兵庫県明石市大明石町１丁目３－８第２ユタカビル２Ｆ,34.648893,134.990735,2026-06-01,10.7
12532,半田産婦人科医院,兵庫県赤穂郡上郡町大持３５０,34.8689392,134.3548475,exact_name_pref_municipality_address,clinic,2822280045380,半田産婦人科医院,兵庫県赤穂郡上郡町大持３５０,34.868969,134.354833,2026-06-01,3.6
12533,みやびレディースクリニック,兵庫県神戸市中央区磯上通８丁目３－１０　井門三宮ビル６階,34.6913453,135.1958415,exact_name_pref_municipality_address,clinic,2822280068210,みやびレディースクリニック,兵庫県神戸市中央区磯上通８丁目３－１０　井門三宮ビル６階,34.691531,135.195716,2026-06-01,23.6
12534,洋子レディースクリニック,奈良県奈良市学園大和町三丁目４０番地２,34.6873606,135.75043,exact_name_pref_municipality_address,clinic,2922004000000,洋子レディースクリニック,奈良県奈良市学園大和町三丁目４０番地２,34.687382,135.75044,2026-06-01,2.5
12535,医療法人明日香会　ＡＳＫＡレディースクリニック,奈良県奈良市北登美ケ丘３－３－１７,34.7229942,135.7579621,exact_name_pref_municipality_address,clinic,2922035300000,医療法人明日香会　ＡＳＫＡレディースクリニック,奈良県奈良市北登美ケ丘３－３－１７,34.723033,135.757973,2026-06-01,4.4
12536,ちえクリニック,奈良県奈良市学園北一丁目１４番１３号メディカル学園前３階,34.6996981,135.7506229,exact_name_pref_municipality_address,clinic,2922130000000,ちえクリニック,奈良県奈良市学園北一丁目１４番１３号メディカル学園前３階,34.699701,135.750655,2026-06-01,3.0
12537,あやめ池いしい婦人科クリニック,奈良県奈良市あやめ池北メディカルコートあやめ池Ａ－２０４,34.7007032,135.7616779,name_municipality_only,clinic,2922335900000,あやめ池いしい婦人科クリニック,奈良県奈良市あやめ池北１丁目３２ー２１メディカルコートあやめ池Ａ－２０４,34.7007,135.761655,2026-06-01,
12538,医療法人粉川レディスクリニック,和歌山県和歌山市六十谷３６６－４,34.2619947,135.2059672,exact_name_pref_municipality_address,clinic,3022035900000,医療法人粉川レディスクリニック,和歌山県和歌山市六十谷３６６－４,34.261993,135.206013,2026-06-01,4.2
12539,医療法人新生会　岩橋産科婦人科,和歌山県和歌山市関戸１－６－４４,34.1993073,135.1679857,exact_name_pref_municipality_address,clinic,3022043200000,医療法人新生会　岩橋産科婦人科,和歌山県和歌山市関戸１－６－４４,34.199333,135.168019,2026-06-01,4.2
12540,やましたレディース・マタニティクリニック,和歌山県和歌山市元寺町西ノ丁９,34.2389649,135.1750774,exact_name_pref_municipality_address,clinic,3022207800000,やましたレディース・マタニティクリニック,和歌山県和歌山市元寺町西ノ丁９,34.23894,135.175099,2026-06-01,3.4
12541,レディースクリニック和,和歌山県岩出市中黒１－３,34.267065,135.2950867,exact_name_pref_municipality_address,clinic,3022223900000,レディースクリニック和,和歌山県岩出市中黒１－３,34.266998,135.295057,2026-06-01,7.9
12542,ＫＡＹ　ＣＬＩＮＩＣ,和歌山県和歌山市小雑賀三丁目３番１４号,34.2129904,135.1854965,exact_name_pref_municipality_address,clinic,3022257300000,ＫＡＹ　ＣＬＩＮＩＣ,和歌山県和歌山市小雑賀三丁目３番１４号,34.212971,135.185489,2026-06-01,2.3
12543,医療法人正誼堂　森本産婦人科医院,島根県松江市雑賀町８２,35.458222,133.0571966,exact_name_pref_municipality_address,clinic,3222325119960,医療法人正誼堂　森本産婦人科医院,島根県松江市雑賀町８２,35.457992,133.057159,2026-06-01,25.8
12544,家族・絆の吉岡医院,島根県安来市安来町７８９番地１,35.4261591,133.2457561,exact_name_pref_municipality_address,clinic,3222325147240,家族・絆の吉岡医院,島根県安来市安来町７８９番地１,35.426075,133.245735,2026-06-01,9.5
12545,医療法人片山産婦人科,岡山県玉野市長尾２２９－１,34.4961727,133.8867583,exact_name_pref_municipality_address,clinic,3322330000110,医療法人片山産婦人科,岡山県玉野市長尾２２９－１,34.496147,133.886708,2026-06-01,5.4
12546,医療法人社団明和会ペリネイト母と子のサテライトクリニック,岡山県岡山市北区中山下１－８－４５ＮＴＴクレド岡山ビル８Ｆ,34.6627203,133.926725,exact_name_pref_municipality_address,clinic,3322330009220,医療法人社団明和会ペリネイト母と子のサテライトクリニック,岡山県岡山市北区中山下１－８－４５ＮＴＴクレド岡山ビル８Ｆ,34.66274,133.926783,2026-06-01,5.7
12547,医療法人　山下クリニック,岡山県岡山市北区楢津３９４－１,34.6799559,133.8859875,exact_name_pref_municipality_address,clinic,3322330009830,医療法人　山下クリニック,岡山県岡山市北区楢津３９４－１,34.679987,133.885952,2026-06-01,4.7
12548,松尾産婦人科内科医院,広島県広島市西区三篠町１－５－７,34.4116578,132.4528795,exact_name_pref_municipality_address,clinic,3422340212750,松尾産婦人科内科医院,広島県広島市西区三篠町１－５－７,34.411675,132.452873,2026-06-01,2.0
12549,医療法人社団　長谷川産婦人科,広島県尾道市久保１丁目１３番１８号,34.4099704,133.2052165,exact_name_pref_municipality_address,clinic,3422340363610,医療法人社団　長谷川産婦人科,広島県尾道市久保１丁目１３番１８号,34.409966,133.2052,2026-06-01,1.6
12551,さだもりレディースクリニック,広島県広島市中区大手町２丁目７番２号　Ｂａｌｃｏｍ大手町ビル　４Ｆ,34.3926865,132.4564274,exact_name_pref_municipality_address,clinic,3422340526910,さだもりレディースクリニック,広島県広島市中区大手町２丁目７番２号　Ｂａｌｃｏｍ大手町ビル　４Ｆ,34.392419,132.45635,2026-06-01,30.6
12552,医療法人　耕仁会　村上産婦人科クリニック,広島県広島市安佐北区亀山二丁目６－２０,34.5200765,132.5045884,exact_name_pref_municipality_address,clinic,3422340528060,医療法人　耕仁会　村上産婦人科クリニック,広島県広島市安佐北区亀山二丁目６－２０,34.520115,132.504514,2026-06-01,8.0
12553,医療法人　絹谷産婦人科,広島県広島市中区本通８－２３　本通ヒルズ４Ｆ,34.3929899,132.4587463,exact_name_pref_municipality_address,clinic,3422340552270,医療法人　絹谷産婦人科,広島県広島市中区本通８－２３　本通ヒルズ４Ｆ,34.39301,132.458707,2026-06-01,4.2
12554,松林レディースクリニック,広島県東広島市西条町御薗宇４２８１－１,34.406681,132.7512714,exact_name_pref_municipality_address,clinic,3422340556890,松林レディースクリニック,広島県東広島市西条町御薗宇４２８１－１,34.406786,132.751188,2026-06-01,14.0
12556,笠岡レディースクリニック,広島県呉市西中央１－３－９　５Ｆ,34.2466159,132.5559985,exact_name_pref_municipality_address,clinic,3422340680290,笠岡レディースクリニック,広島県呉市西中央１－３－９　５Ｆ,34.246731,132.556103,2026-06-01,16.0
12557,ゆうはレディースクリニック,広島県広島市中区八丁堀４－１８クラース八丁堀ザ・マーク１階,34.3972642,132.4636535,exact_name_pref_municipality_address,clinic,3422340733880,ゆうはレディースクリニック,広島県広島市中区八丁堀４－１８クラース八丁堀ザ・マーク１階,34.397318,132.463743,2026-06-01,10.2
12558,おがさ　まきレディースクリニック,山口県防府市植松５５９－１　コスパメディカルビル　２Ｆ,34.04877,131.538184,exact_name_pref_municipality_address,clinic,3522355615850,おがさ　まきレディースクリニック,山口県防府市植松５５９－１　コスパメディカルビル　２Ｆ,34.048556,131.538472,2026-06-01,35.6
12559,医療法人なわたクリニック,山口県宇部市大字沖ノ旦６８６－１,33.9965018,131.2273373,exact_name_pref_municipality_address,clinic,3522355842630,医療法人なわたクリニック,山口県宇部市大字沖ノ旦６８６－１,33.996444,131.227056,2026-06-01,26.7
12560,しんくら女性クリニック,徳島県徳島市新蔵町３丁目５９番地,34.0696892,134.561712,exact_name_pref_municipality_address,clinic,3622365166700,しんくら女性クリニック,徳島県徳島市新蔵町３丁目５９番地,34.069845,134.561706,2026-06-01,17.3
12561,おかだレディースクリニック,徳島県徳島市佐古一番町１４－１８,34.0782556,134.5408551,exact_name_pref_municipality_address,clinic,3622365180490,おかだレディースクリニック,徳島県徳島市佐古一番町１４－１８,34.078309,134.540896,2026-06-01,7.0
12562,あさひクリニック,香川県高松市観光町５３８－２,34.3352828,134.065924,exact_name_pref_municipality_address,clinic,3722370500250,あさひクリニック,香川県高松市観光町５３８－２,34.340072,134.067215,2026-06-01,545.6
12563,武田産婦人科医院,愛媛県松山市木屋町１丁目５－１４,33.8484237,132.7599611,exact_name_pref_municipality_address,clinic,3822383100290,武田産婦人科医院,愛媛県松山市木屋町１丁目５－１４,33.848435,132.759929,2026-06-01,3.2
12564,鎌田産婦人科,愛媛県新居浜市阿島１丁目１番５６号,33.9771638,133.3524855,exact_name_pref_municipality_address,clinic,3822385211220,鎌田産婦人科,愛媛県新居浜市阿島１丁目１番５６号,33.977182,133.352485,2026-06-01,2.0
12565,レディスクリニックコスモス,高知県高知市杉井流６－２７,33.5697283,133.5548485,exact_name_pref_municipality_address,clinic,3922393103160,レディスクリニックコスモス,高知県高知市杉井流６－２７,33.561318,133.538111,2026-06-01,1810.9
12566,医療法人薫風会　けやまクリニック,高知県高知市知寄町一丁目１番２７号,33.559091,133.5565164,exact_name_pref_municipality_address,clinic,3922393180640,医療法人薫風会　けやまクリニック,高知県高知市知寄町一丁目１番２７号,33.559089,133.556534,2026-06-01,1.6
12567,菊地産婦人科医院,高知県四万十市中村桜町１９,32.9966645,132.9335131,exact_name_pref_municipality_address,clinic,3922395401990,菊地産婦人科医院,高知県四万十市中村桜町１９,32.99667,132.933527,2026-06-01,1.4
12568,かわのレディースクリニック,福岡県福岡市東区千早３丁目６番３７号　ガーデンズ千早２階,33.6506338,130.4357924,exact_name_pref_municipality_address,clinic,4022400000004,かわのレディースクリニック,福岡県福岡市東区千早３丁目６番３７号　ガーデンズ千早２階,33.650366,130.435277,2026-06-01,56.2
12570,福嶋クリニック,福岡県福岡市博多区吉塚１－１４－２３,33.6028522,130.4232869,exact_name_pref_municipality_address,clinic,4022400000620,福嶋クリニック,福岡県福岡市博多区吉塚１－１４－２３,33.602817,130.42324,2026-06-01,5.8
12571,医療法人　中央レディスクリニック,福岡県福岡市中央区天神２－４－３８ー６階,33.5878166,130.3982731,exact_name_pref_municipality_address,clinic,4022400006920,医療法人　中央レディスクリニック,福岡県福岡市中央区天神２－４－３８ー６階,33.587735,130.398492,2026-06-01,22.2
12572,医療法人　南谷レディースクリニック,福岡県福岡市西区姪浜駅南２丁目１ー３７　メディカルビル竹下２Ｆ,33.5814213,130.3237617,exact_name_pref_municipality_address,clinic,4022400007850,医療法人　南谷レディースクリニック,福岡県福岡市西区姪浜駅南２丁目１ー３７　メディカルビル竹下２Ｆ,33.581373,130.323749,2026-06-01,5.5
12573,医療法人松岡産婦人科医院,福岡県飯塚市飯塚10-10,33.6360071,130.6858627,exact_name_pref_municipality_visible_address_prefix_type_consistent,clinic,4022400024020,医療法人松岡産婦人科医院,福岡県飯塚市飯塚,33.635985,130.685882,2026-06-01,3.0
12574,井上産婦人科クリニック,福岡県北九州市八幡西区黒崎１－３－４,33.8656435,130.7685664,exact_name_pref_municipality_address,clinic,4022400027370,井上産婦人科クリニック,福岡県北九州市八幡西区黒崎１－３－４,33.865627,130.768535,2026-06-01,3.4
12575,セントマザー産婦人科医院,福岡県北九州市八幡西区折尾4-9-12,33.8656303,130.7106817,exact_name_pref_municipality_visible_address_prefix_type_consistent,clinic,4022400027410,セントマザー産婦人科医院,福岡県北九州市八幡西区折尾,33.86557,130.710762,2026-06-01,10.0
12576,医療法人　熊谷医院,福岡県北九州市小倉南区葛原本町三丁目５番７号,33.842081,130.9226925,exact_name_pref_municipality_address,clinic,4022400032970,医療法人　熊谷医院,福岡県北九州市小倉南区葛原本町三丁目５番７号,33.842022,130.922688,2026-06-01,6.6
12577,レディースクリニック　くわのきみこ,福岡県北九州市小倉北区船場町４番２７号　船場クリスタ４Ｆ,33.8833811,130.8774376,exact_name_pref_municipality_address,clinic,4022400035350,レディースクリニック　くわのきみこ,福岡県北九州市小倉北区船場町４番２７号　船場クリスタ４Ｆ,33.883321,130.877358,2026-06-01,9.9
12578,博多セントラルクリニック,福岡県福岡市博多区祗園町８ー１２ー６２４,33.5899622,130.3926587,exact_name_pref_municipality_address,clinic,4022400041830,博多セントラルクリニック,福岡県福岡市博多区祗園町８ー１２ー６２４,33.5914,130.410946,2026-06-01,1701.4
12579,あきた産科婦人科クリニック,福岡県北九州市八幡西区則松七丁目２１番１号,33.8506766,130.7228886,exact_name_pref_municipality_address,clinic,4022400042110,あきた産科婦人科クリニック,福岡県北九州市八幡西区則松七丁目２１番１号,33.850656,130.722817,2026-06-01,7.0
12580,森田レディスクリニック,福岡県福岡市博多区諸岡１丁目２３番１９号,33.5613925,130.4479566,exact_name_pref_municipality_address,clinic,4022400068110,森田レディスクリニック,福岡県福岡市博多区諸岡１丁目２３番１９号,33.561211,130.447808,2026-06-01,24.4
12581,高取レディスクリニック,福岡県福岡市早良区高取１−３−２０ファインガーデン高取２０３,33.5811638,130.3526422,exact_name_pref_municipality_address,clinic,4022400074060,高取レディスクリニック,福岡県福岡市早良区高取１−３−２０ファインガーデン高取２０３,33.581235,130.352552,2026-06-01,11.5
12582,医療法人　井上善レディースクリニック,福岡県福岡市中央区天神１−２−１２　メットライフ天神ビル６階,33.5890182,130.4029531,exact_name_pref_municipality_address,clinic,4022400075120,医療法人　井上善レディースクリニック,福岡県福岡市中央区天神１−２−１２　メットライフ天神ビル６階,33.588985,130.402936,2026-06-01,4.0
12583,医療法人　日浅レディースクリニック,福岡県福岡市中央区大名２−２−７　大名センタービル２階,33.5880404,130.3932038,exact_name_pref_municipality_address,clinic,4022400079700,医療法人　日浅レディースクリニック,福岡県福岡市中央区大名２−２−７　大名センタービル２階,33.587874,130.392993,2026-06-01,26.9
12584,稗田産婦人科クリニック,佐賀県鹿島市高津原４０４５ー２,33.1146231,130.0960082,exact_name_pref_municipality_address,clinic,4122415801140,稗田産婦人科クリニック,佐賀県鹿島市高津原４０４５ー２,33.114569,130.095957,2026-06-01,7.7
12585,医療法人みやむら女性のクリニック,長崎県長崎市川口町１番１ー１０８,32.7641722,129.8641458,exact_name_pref_municipality_address,clinic,422cna0501,医療法人みやむら女性のクリニック,長崎県長崎市川口町１番１ー１０８,32.764226,129.864147,2026-06-01,6.0
12586,医療法人雄大会よしだレディースクリニック,長崎県大村市富の原２丁目３６６ー３,32.9425921,129.9388889,exact_name_pref_municipality_address,clinic,422coh0263,医療法人雄大会よしだレディースクリニック,長崎県大村市富の原２丁目３６６ー３,32.942588,129.93889,2026-06-01,0.5
12588,さかぐち女性のクリニック,熊本県熊本市中央区帯山３ー１５ー１０,32.7998152,130.7501531,exact_name_pref_municipality_address,clinic,432243314591,さかぐち女性のクリニック,熊本県熊本市中央区帯山３ー１５ー１０,32.799843,130.750119,2026-06-01,4.4
12589,レディースクリニックなかむら,熊本県熊本市東区長嶺南１ー５ー４８,32.8117292,130.7662693,exact_name_pref_municipality_address,clinic,432243330254,レディースクリニックなかむら,熊本県熊本市東区長嶺南１ー５ー４８,32.81175,130.76626,2026-06-01,2.5
12590,ＡＲＴ女性クリニック,熊本県熊本市東区神水本町２５番１８号,32.7823618,130.7450399,name_municipality_only,clinic,432243331440,ＡＲＴ女性クリニック,熊本県熊本市東区神水本町２５ー１８,32.781322,130.744448,2026-06-01,
12591,井上産婦人科医院,熊本県山鹿市大橋通５０３―１,33.0144245,130.6901535,exact_name_pref_municipality_address,clinic,432243540028,井上産婦人科医院,熊本県山鹿市大橋通５０３―１,33.012542,130.686021,2026-06-01,438.5
12592,医療法人ブレス　本田レディースクリニック,熊本県水俣市浜町３ー６ー２１,32.2126475,130.401232,exact_name_pref_municipality_address,clinic,432243610831,医療法人ブレス　本田レディースクリニック,熊本県水俣市浜町３ー６ー２１,32.212638,130.401276,2026-06-01,4.3
12593,さゆりレディースクリニック,大分県大分市明野北４丁目１番１号山本ビル３Ｆ,33.2258344,131.6564786,exact_name_pref_municipality_address,clinic,4422031200000,さゆりレディースクリニック,大分県大分市明野北４丁目１番１号山本ビル３Ｆ,33.225792,131.656455,2026-06-01,5.2
12594,柳田産婦人科医院,宮崎県日向市都町１２番５号,32.4271342,131.6260106,exact_name_pref_municipality_address,clinic,4522450900930,柳田産婦人科医院,宮崎県日向市都町１２番５号,32.427113,131.625957,2026-06-01,5.6
12595,ＡＲＴレディスクリニックやまうち,宮崎県宮崎市高千穂通２−５−５　とえだビル３Ｆ,31.9164944,131.4290073,exact_name_pref_municipality_address,clinic,4522453159960,ＡＲＴレディスクリニックやまうち,宮崎県宮崎市高千穂通２−５−５　とえだビル３Ｆ,31.916514,131.42904,2026-06-01,3.8
12596,鹿児島市夜間急病センター,鹿児島県鹿児島市鴨池２丁目２２－１８,31.5638158,130.5511112,exact_name_pref_municipality_address,clinic,46220037,鹿児島市夜間急病センター,鹿児島県鹿児島市鴨池２丁目２２－１８,31.563857,130.551135,2026-06-01,5.1
12597,中村（哲）産婦人科・内科,鹿児島県鹿児島市樋之口町３－７,31.5862285,130.5543533,exact_name_pref_municipality_address,clinic,46220248,中村（哲）産婦人科・内科,鹿児島県鹿児島市樋之口町３－７,31.586228,130.554353,2026-06-01,0.1
12598,医療法人桑波田産婦人科,鹿児島県鹿屋市朝日町７番１７号,31.3826716,130.8538971,exact_name_pref_municipality_address,clinic,46223025,医療法人桑波田産婦人科,鹿児島県鹿屋市朝日町７番１７号,31.38265,130.853927,2026-06-01,3.7
12599,あみ助産院,京都府城陽市市辺西川原32-6,34.8231071,135.8052619,exact_name_pref_municipality_address,maternity_home,2642651100001,あみ助産院,京都府城陽市市辺西川原３２－６,34.823107,135.805261,2026-06-01,0.1
12617,産後ケア助産院マーノ,函館市美原３丁目５９－７,41.8242145,140.7456817,name_municipality_only,maternity_home,0144010000930,産後ケア助産院マーノ,北海道函館市美原３丁目５９番７号,41.824643,140.745321,2026-06-01,
12622,市立旭川病院,旭川市金星町１丁目,43.7784726,142.3648947,name_municipality_only,hospital,0111010002160,市立旭川病院,北海道旭川市金星町１丁目１番６５号,43.778295,142.365702,2026-06-01,
12623,旭川赤十字病院,旭川市曙１条１丁目,43.7689137,142.3477608,name_municipality_only,hospital,0111010002170,旭川赤十字病院,北海道旭川市曙１条１丁目１番１号,43.769712,142.34862,2026-06-01,
12635,市立釧路総合病院,釧路市春湖台1番12号,42.977002,144.4033668,name_municipality_only,hospital,0111010005720,市立釧路総合病院,北海道釧路市春湖台１番１２号,42.976972,144.40332,2026-06-01,
12637,総合病院釧路赤十字病院,釧路市新栄町21番14号,43.0017624,144.3808738,name_municipality_only,hospital,0111010005750,総合病院釧路赤十字病院,北海道釧路市新栄町２１番１４号,43.001497,144.381126,2026-06-01,
12638,"社会福祉法人　北海道社会事業協会　
帯広病院",帯広市東5条南9丁目2,42.9226623,143.213993,name_municipality_only,hospital,0111010005390,社会福祉法人北海道社会事業協会帯広病院,北海道帯広市東５条南９丁目２番地,42.922707,143.213837,2026-06-01,
12642,かみかわ助産院,北見市中央三輪６丁目４３４番地２２,43.7954005,143.8552603,name_municipality_only,maternity_home,0144010001110,かみかわ助産院,北海道北見市中央三輪６丁目４３４番地２２,43.7954,143.85526,2026-06-01,
12654,クリニックはぐ,稚内市富岡4丁目3番2号,45.3894961,141.7175842,name_municipality_only,clinic,0122010038500,クリニック　はぐ,北海道稚内市富岡４丁目３－２,45.389496,141.717584,2026-06-01,
12657,助産院Hugねっと,江別市文京台14-34,43.0634009,141.4966183,name_municipality_only,maternity_home,0144010000890,助産院Ｈｕｇねっと,北海道江別市文京台１４－３４,43.063384,141.496613,2026-06-01,
12660,のっぽろtsumugi助産院,江別市野幌東町40番地の17,43.0915929,141.5365115,name_municipality_only,maternity_home,0144010001210,のっぽろｔｓｕｍｕｇｉ助産院,北海道江別市野幌東町４０番地の１７,43.091592,141.536511,2026-06-01,
12662,たぐち助産院,士別市東6条1丁目３,44.1818444,142.3990921,name_municipality_only,maternity_home,0144010000620,たぐち助産院,北海道士別市東６条１丁目３,44.181836,142.399125,2026-06-01,
12672,深川市立病院,深川市６条６−１,43.7159867,142.0404098,name_municipality_only,hospital,0111010004010,深川市立病院,北海道深川市６条６番１号,43.716129,142.040287,2026-06-01,
12678,てまり助産院,北広島市西の里北３丁目5-1,43.0163132,141.4991491,name_municipality_only,maternity_home,0144010500020,てまり助産院,北海道北広島市西の里北３丁目５－１,43.01634,141.499138,2026-06-01,
12716,マミー助産院,上士幌町字上士幌東3線237番地53,43.2327097,143.2929176,name_municipality_only,maternity_home,0144012300030,マミー助産院,北海道河東郡上士幌町上士幌東３線２３７番地５３,43.232709,143.292917,2026-06-01,
12742,弘前大学医学部附属病院,弘前市大字本町53番地,40.5990438,140.4662389,name_municipality_only,hospital,0210210000026,弘前大学医学部附属病院,青森県弘前市本町５３番地,40.600185,140.465839,2026-06-01,
12743,いちろうクリニック,弘前市大字早稲田四丁目1番地5,40.6048187,140.5139719,name_municipality_only,clinic,0220220001127,いちろうクリニック,青森県弘前市早稲田四丁目１番地５,40.604713,140.513974,2026-06-01,
12744,レディースケアしらはま助産院,弘前市大字城東四丁目5番地1 ナラオカビル105,40.5952064,140.4914564,name_municipality_only,maternity_home,0240240000004,レディースケアしらはま助産院,青森県弘前市城東４－５－１　ナラオカビル１Ｆ,40.597408,140.488032,2026-06-01,
12747,き子キッズ助産院,八戸市下長6丁目2－19,40.5342183,141.4848792,name_municipality_only,maternity_home,0240240000005,き子キッズ助産院,青森県八戸市下長６－２－１９,40.529099,141.470343,2026-06-01,
12774,にこにこ助産婦,北上市二子町矢白52,39.3221716,141.1515284,name_municipality_only,maternity_home,03403400020,にこにこ助産婦,岩手県北上市二子町５２,39.322196,141.151606,2026-06-01,
12780,岩手県立釜石病院,釜石市甲子町10-483-6,39.2544874,141.7987496,name_municipality_only,hospital,03103100004,岩手県立釜石病院,岩手県釜石市甲子町第１０地割４８３－６,39.255312,141.816576,2026-06-01,
12854,小山みね子助産師相談室,多賀城市伝上山4丁目1の30,38.3022968,141.009212,name_municipality_only,maternity_home,044890120,小山みね子助産師相談室,宮城県多賀城市伝上山４丁目１－３０,38.302307,141.009186,2026-06-01,
12860,社会医療法人明和会　中通総合病院,秋田市南通みその町3-15,39.7110839,140.1222135,name_municipality_only,hospital,0511050500210,社会医療法人明和会　中通総合病院,秋田県秋田市南通みその町３番１５号,39.710883,140.122982,2026-06-01,
12861,医療法人　並木クリニック,秋田市寺内堂ノ沢一丁目7-28,39.7357183,140.0902773,name_municipality_only,clinic,0522050502440,医療法人　並木クリニック,秋田県秋田市寺内堂ノ沢一丁目７番２８号,39.735688,140.090216,2026-06-01,
12862,秋田大学医学部附属病院,秋田市広面字蓮沼44-2,39.7299406,140.151122,name_municipality_only,hospital,0511050500200,秋田大学医学部附属病院,秋田県秋田市広面蓮沼４４番２,39.730994,140.149516,2026-06-01,
12863,秋田赤十字病院,秋田市上北手猿田字苗代沢222-1,39.6871928,140.1516664,name_municipality_only,hospital,0511050500180,秋田赤十字病院,秋田県秋田市上北手猿田字苗代沢２２２－１,39.686972,140.153046,2026-06-01,
12866,あきたレディースクリニック安田,秋田市土崎港中央一丁目17-11,39.7530695,140.0684962,name_municipality_only,clinic,0522050502660,あきたレディースクリニック安田,秋田県秋田市土崎港中央一丁目１７番１１号,39.753075,140.068467,2026-06-01,
12868,助産院イスキア,大館市比内町笹館字中清水19,40.20737,140.5658335,name_municipality_only,maternity_home,0544050100010,助産院　イスキア,秋田県大館市比内町笹館中清水１９,40.203535,140.569183,2026-06-01,
12869,ふわっこ助産院,大館市橋桁字橋桁63,40.3296854,140.5824833,name_municipality_only,maternity_home,0544050100020,ふわっこ助産院,秋田県大館市橋桁字橋桁６３,40.329855,140.582565,2026-06-01,
12890,マザー＆ベビーケアサロン ままのて,米沢市金池5-10-22,37.9251829,140.1167849,name_municipality_only,maternity_home,064499610003,マザー＆ベビーケアサロンままのて,山形県米沢市金池５−１０−２２,37.925164,140.116793,2026-06-01,
12892,授乳相談室　たかはし,新庄市常葉町３−５４,38.7694689,140.3032056,name_municipality_only,maternity_home,064499540001,授乳相談室　たかはし,山形県新庄市常葉町３−５４,38.769468,140.303469,2026-06-01,
12893,yume助産院,長井市歌丸1497,38.0584674,140.0318443,name_municipality_only,maternity_home,064499610004,ｙｕｍｅ助産院,山形県長井市歌丸１４９７,38.058463,140.031866,2026-06-01,
12911,小国町立病院,小国町大字あけぼの1-1,38.0585844,139.75622,name_municipality_only,hospital,061106610015,小国町立病院,山形県西置賜郡小国町あけぼの一丁目１番地,38.058263,139.755809,2026-06-01,
12919,もみじ助産院,郡山市田村町大善寺字上野代4番地の1,37.3517117,140.4012887,name_municipality_only,maternity_home,0740751000017,もみじ助産院,福島県郡山市田村町大善寺字上野代４－１,37.351767,140.401289,2026-06-01,
12920,郡山里の母乳相談室桶谷式,郡山市桑野一丁目7-6,37.4011849,140.3562334,name_municipality_only,maternity_home,0740751000050,郡山　里の母乳相談室　桶谷式,福島県郡山市桑野１ー７ー６,37.401188,140.356246,2026-06-01,
12922,特定非営利活動法人　Ｃｏｍｍｕｎｅ　ｗｉｔｈ　助産師　こみゅーん助産院,いわき市平谷川瀬2丁目11-2,37.0470572,140.8957247,name_municipality_only,maternity_home,0740751000020,特定非営利活動法人　Ｃｏｍｍｕｎｅ　ｗｉｔｈ　助産師　こみゅーん助産院,福島県いわき市平谷川瀬２丁目１１－１２,37.047756,140.895333,2026-06-01,
12942,水戸メンタルクリニック,水戸市梅香1-2-50,36.3743402,140.4700121,name_municipality_only,clinic,082208519849,水戸メンタルクリニック,茨城県水戸市梅香１－２－５０,36.37434,140.470012,2026-06-01,
12967,マタニティ・ケア・伊藤,北茨城市中郷町小野矢指２６－６,36.7558012,140.7327953,name_municipality_only,maternity_home,0846081000010,マタニティ・ケア・伊藤,茨城県北茨城市中郷町小野矢指２６－６,36.7525,140.735833,2026-06-01,
12982,産前産後MWケア助産院ナカ・ヨシ,つくば市山木359-2,36.1646745,140.0774075,name_municipality_only,maternity_home,0846081003066,産前産後ＭＷケア　助産院ナカ・ヨシ,茨城県つくば市山木３５９－２,36.164674,140.077407,2026-06-01,
13003,岩佐医院,久慈郡大子町大子1828-7,36.7666297,140.355657,name_municipality_only,clinic,082208670021,岩佐医院,茨城県久慈郡大子町大子１８２８－７,36.763611,140.358889,2026-06-01,
13010,みき母乳相談室,宇都宮市簗瀬町１７７３－１メゾンＡＯＫＩ１０３号,36.5484998,139.8889193,name_municipality_only,maternity_home,0946091000027,みき母乳相談室,栃木県宇都宮市簗瀬町１７７３－１　メゾンＡＯＫＩ１０３,36.548514,139.888831,2026-06-01,
13018,たかこ母乳育児相談室,宇都宮市雀の宮５－1－4,36.490862,139.8727739,name_municipality_only,maternity_home,0946091000032,たかこ母乳育児相談室,栃木県宇都宮市雀の宮５－１－４,36.490919,139.872738,2026-06-01,
13029,女性と子供の家 月のゆりかご,小山市東城南5-15-19,36.2877068,139.8110502,name_municipality_only,maternity_home,0946091000037,女性と子供の家　月のゆりかご,栃木県小山市東城南５－１５－１９,36.287716,139.811027,2026-06-01,
13048,前橋赤十字病院,前橋市朝倉町389-1,36.3591844,139.096712,name_municipality_only,hospital,1011100000003,前橋赤十字病院,群馬県前橋市朝倉町３８９番地１,36.358528,139.094574,2026-06-01,
13054,喜咲助産院,高崎市八千代町1-6-12,36.3228039,138.9928357,name_municipality_only,maternity_home,1046101000082,喜咲助産院,群馬県高崎市八千代町１ー６ー１２,36.322854,138.992808,2026-06-01,
13063,まつうら助産院,伊勢崎市ひろせ町4089-29,36.3007591,139.1948371,name_municipality_only,maternity_home,1046101000069,まつうら助産院,群馬県伊勢崎市ひろせ町４０８９－２９,36.300762,139.19481,2026-06-01,
13095,フローラ助産院,川越市小中居３８６番地２,35.9078878,139.5241893,name_municipality_only,maternity_home,1141100001605,フローラ助産院,埼玉県川越市小中居３８６番地２,35.907887,139.524189,2026-06-01,
13096,助産院あおき/ばぁばのお家,川越市新宿町１丁目２５−５２,35.9024232,139.478092,name_municipality_only,maternity_home,1141125624900,助産院あおき／ばぁばのお家,埼玉県川越市新宿町１－２５－５２,35.902393,139.478123,2026-06-01,
13098,中島助産院,熊谷市大麻生422-1,36.1476751,139.3277865,name_municipality_only,maternity_home,1141102817300,中島助産院,埼玉県熊谷市大麻生４２２－１,36.147692,139.327827,2026-06-01,
13101,行田中央総合病院,行田市富士見町2-17-17,36.147971,139.4751946,name_municipality_only,hospital,1111102825400,行田中央総合病院,埼玉県行田市富士見町２－１７－１７,36.147953,139.47519,2026-06-01,
13105,おかのうえ助産院,秩父市伊古田662-3,36.0418951,139.0567726,name_municipality_only,maternity_home,1141125095000,おかのうえ助産院,埼玉県秩父市伊古田６６２−３,36.041893,139.056782,2026-06-01,
13106,菜生助産院,秩父市道生町14-11,36.0009207,139.0819264,name_municipality_only,maternity_home,1141125684200,菜生助産院,埼玉県秩父市道生町１４－１１,36.000454,139.082016,2026-06-01,
13118,医療法人悦省会分娩館医院,春日部市備後西5-4-28,35.9551441,139.7634399,name_municipality_only,clinic,1121103169700,医療法人悦省会　分娩館医院,埼玉県春日部市備後西５－４－２８,35.955523,139.763463,2026-06-01,
13130,まちの助産婦,越谷市レイクタウン8-11-1-401,35.8764521,139.8221007,name_municipality_only,maternity_home,1141122263800,まちの助産婦,埼玉県越谷市レイクタウン８－１１－１レイクタウンオークラビル４０１,35.876074,139.82274,2026-06-01,
13131,天羽助産院,越谷市袋山453-13,35.9266298,139.7720578,name_municipality_only,maternity_home,1141125618400,天羽助産院,埼玉県越谷市袋山４５３ー１３,35.926613,139.772098,2026-06-01,
13158,さら助産院,八潮市大瀬１－10ー１２大山ビル１０２,35.8101766,139.8443692,name_municipality_only,maternity_home,1141120518000,さら助産院,埼玉県八潮市大瀬１－１０－１２大山ビル１０２,35.810179,139.844417,2026-06-01,
13160,かまきた助産院母乳育児相談室,坂戸市にっさい花みず木3-7-11,35.9703346,139.3721192,name_municipality_only,maternity_home,1141121539900,かまきた助産院　母乳育児相談室,埼玉県坂戸市にっさい花みず木,35.970329,139.372151,2026-06-01,
13166,はすみクリニック,吉川市木売新田４０－１,35.8772382,139.8569971,name_municipality_only,clinic,1121121205500,はすみクリニック,埼玉県吉川市木売新田４０－１,35.877228,139.856985,2026-06-01,
13184,本田助産院,船橋市西習志野４,35.717568,140.0425111,name_municipality_only,maternity_home,1241207387300,本田助産院,千葉県船橋市西習志野４−１１−２,35.716584,140.041757,2026-06-01,
13188,"医療法人鉄蕉会
亀田ファミリークリニック館山",千葉県館山市正木4304-9,35.0114905,139.8603143,candidate_exact_name_pref_municipality_address_prefix,clinic,1221204097500,医療法人鉄蕉会　亀田ファミリークリニック館山,千葉県館山市正木,35.011651,139.861355,2026-06-01,
13207,瑞生助産院,市原市北国分寺台2-3-15,35.5078294,140.1176042,name_municipality_only,maternity_home,1241204829100,瑞生助産院,千葉県市原市北国分寺台２－３－１５,35.507822,140.117627,2026-06-01,
13211,丸山助産院,八千代市高津東2-8-18,35.7166995,140.0905344,name_municipality_only,maternity_home,1241200574600,丸山助産院,千葉県八千代市高津東２－８－１８,35.716696,140.090531,2026-06-01,
13238,日本大学病院,千代田区神田駿河台1-6,35.6973366,139.7627321,name_municipality_only,hospital,1311130200720,日本大学病院,東京都千代田区神田駿河台１－６,35.696947,139.762346,2026-06-01,
13247,クローバーこどもクリニック,台東区蔵前４丁目２０−４ 蔵前４ビル １階,35.7042389,139.7897745,name_municipality_only,clinic,1322135400041,クローバーこどもクリニック,東京都台東区蔵前４－２０－４　蔵前四ビル１Ｆ,35.704197,139.78976,2026-06-01,
13271,NTT東日本関東病院,品川区東五反田5-9-22,35.6318448,139.725417,name_municipality_only,hospital,1311131900290,ＮＴＴ東日本関東病院,東京都品川区東五反田５－９－２２,35.630843,139.725574,2026-06-01,
13278,マミサポ,大田区中央3-23-4 1階,35.5743542,139.719261,name_municipality_only,maternity_home,1344135600015,マミサポ,東京都大田区中央３－２３－４,35.574364,139.719277,2026-06-01,
13288,"助産師訪問ＰＡＭ
オオクボ　クミコ",中野区野方５－１８－３,35.7191034,139.6513393,name_municipality_only,maternity_home,1344136100030,助産師訪問ＰＡＭ　オオクボクミコ,東京都中野区野方５－１８－３,35.719082,139.651354,2026-06-01,
13292,山田医院,中野区中野２－１４－１７,35.7048703,139.6694598,name_municipality_only,clinic,1322133224610,山田医院,東京都中野区中野２－１４－１７,35.704556,139.669436,2026-06-01,
13297,こもれび助産院,杉並区荻窪3丁目48番10号ロイヤル須田204号室,35.7034707,139.6260232,name_municipality_only,maternity_home,1344136500005,こもれび助産院,東京都杉並区荻窪３－４８－１０　ロイヤル須田２０４,35.703444,139.625996,2026-06-01,
13305,うぶすな助産院,豊島区西巣鴨1－9－15メゾネット髙橋A,35.7377335,139.7238608,name_municipality_only,maternity_home,1344133700050,うぶすな助産院,東京都豊島区西巣鴨１－９－１５　メゾネット高橋Ａ号室,35.737715,139.723871,2026-06-01,
13312,桶谷式母乳育児相談所ムックムク,東京都北区赤羽2-48-5-302,35.7808012,139.7229533,name_municipality_only,maternity_home,1344135800007,桶谷式母乳育児相談所ムックムク,東京都北区赤羽２ー４８ー５マーサビレッジプラザ３０２,35.781076,139.719345,2026-06-01,
13314,晴ル・助産院,北区赤羽台3-14-27,35.7833245,139.7141748,name_municipality_only,maternity_home,1344135800120,晴ル・助産院,東京都北区赤羽台３－１４－２７,35.783324,139.714174,2026-06-01,
13324,くじら助産院,板橋区赤塚2-25-21,35.7736611,139.6409457,name_municipality_only,maternity_home,1345139900800,くじら助産院,東京都板橋区赤塚２－２５－２１,35.773661,139.640945,2026-06-01,
13334,いつき助産所,練馬区向山1-4-7,35.7377912,139.642715,name_municipality_only,maternity_home,1344136500256,いつき助産所,東京都練馬区向山１－４－７,35.737774,139.642715,2026-06-01,
13338,やぶた助産院,練馬区石神井町8,35.7479463,139.5980424,name_municipality_only,maternity_home,1344136500032,やぶた助産院,東京都練馬区石神井町８－１８－７,35.74696,139.596708,2026-06-01,
13340,助産所ここまる,練馬区関町南3,35.7221074,139.5808424,name_municipality_only,maternity_home,1344136500200,助産所ここまる,東京都練馬区関町南３－３２－２４,35.722441,139.577499,2026-06-01,
13341,山野助産院,練馬区大泉町1,35.7678926,139.6063258,name_municipality_only,maternity_home,1344136500019,山野助産院,東京都練馬区大泉町１－４５－１１,35.768076,139.604744,2026-06-01,
13345,しふら助産院,練馬区田柄2,35.7664533,139.6439339,name_municipality_only,maternity_home,1344136500016,しふら助産院,東京都練馬区田柄２－１３－８,35.766466,139.642686,2026-06-01,
13346,みらい助産所,練馬区春日町6,35.7533764,139.6356453,name_municipality_only,maternity_home,1344136500023,みらい助産所,東京都練馬区春日町６,35.753376,139.635645,2026-06-01,
13349,医療法人社団元和会　木下産婦人科医院,葛飾区東堀切１－15－10,35.74913,139.8352915,name_municipality_only,clinic,1322135003330,医療法人社団元和会　木下産婦人科医院,東京都葛飾区東堀切１－１５－１０,35.749137,139.835282,2026-06-01,
13353,いで助産院,葛飾区亀有2-56-9,35.7616855,139.8483847,name_municipality_only,maternity_home,1344135000000,いで助産院,東京都葛飾区亀有２－５６ー９,35.761664,139.848363,2026-06-01,
13359,Liko助産院,葛飾区亀有5-28-11ジュネスサンプレイス406,35.768388,139.8472283,name_municipality_only,maternity_home,1344135000005,Ｌｉｋｏ助産院,東京都葛飾区亀有５－２８－１１　ジュネスサンプレイス４０６,35.768469,139.847252,2026-06-01,
13363,東海大学医学部付属八王子病院,八王子市石川町1838,35.6732335,139.3569614,name_municipality_only,hospital,1311137304890,東海大学医学部付属八王子病院,東京都八王子市石川町１８３８,35.677165,139.363852,2026-06-01,
13366,うみ助産院,八王子市台町4-39-7はいつひろ101,35.6567705,139.3169415,name_municipality_only,maternity_home,1344137300006,うみ助産院,東京都八王子市台町４－３９－７　はいつひろ１０１,35.656749,139.316912,2026-06-01,
13367,エンジェル母乳育児相談室,八王子市西寺方町1019-216,35.687486,139.2650501,name_municipality_only,maternity_home,1344137300140,エンジェル母乳育児相談室,東京都八王子市西寺方町１０１９－２１６,35.687499,139.265058,2026-06-01,
13382,吉祥寺ふわまる助産院,武蔵野市吉祥寺東町1-11-13,35.7064352,139.5837836,name_municipality_only,maternity_home,1344137100038,吉祥寺ふわまる助産院,東京都武蔵野市吉祥寺東町１－１１－１３,35.706435,139.583783,2026-06-01,
13390,産後ケアハウス村木助産院,青梅市今寺3-379-8,35.7986852,139.2963026,name_municipality_only,maternity_home,1344137200004,産後ケアハウス　村木助産院,東京都青梅市今寺３－３７９－８,35.798672,139.296315,2026-06-01,
13396,めぶき助産院,東京都昭島市朝日町2丁目2番11号,35.7086374,139.3722087,name_municipality_only,maternity_home,1344139200193,めぶき助産院,東京都昭島市朝日町２－２－１１,35.708634,139.372183,2026-06-01,
13405,おなごサロンはぴねす助産院,町田市南つくし野4-8-17,35.5214813,139.4773454,name_municipality_only,maternity_home,1344137500005,おなごサロンはぴねす助産院,東京都町田市南つくし野４－８－１７,35.521481,139.477345,2026-06-01,
13408,あかり助産院,小金井市本町5-13-11 メゾン・アラミス401号,35.7027538,139.5071894,name_municipality_only,maternity_home,1344137100268,あかり助産院,東京都小金井市本町５－１３－１１　メゾンアラミス４０１号室,35.702748,139.507256,2026-06-01,
13409,グリーン助産院,小金井市　緑町4-5-2,35.7057104,139.5141446,name_municipality_only,maternity_home,1344137100002,グリーン助産院,東京都小金井市緑町４－５－２,35.705803,139.514088,2026-06-01,
13418,医療法人社団慈恩会新家産婦人科医院,国分寺市光町1-38-11,35.7020546,139.4466326,name_municipality_only,clinic,1322137814400,医療法人社団慈恩会　新家産婦人科医院,東京都国分寺市光町１－３８－１１,35.702025,139.446622,2026-06-01,
13428,まるやま助産院,あきる野市戸倉1170,35.7332164,139.2005926,name_municipality_only,maternity_home,1344137200006,まるやま助産院,東京都あきる野市戸倉１１７０,35.733211,139.200752,2026-06-01,
13430,るるん助産院,西東京市南町4-13-1,35.7231679,139.5409981,name_municipality_only,maternity_home,1344139700017,るるん助産院,東京都西東京市南町４丁目１３－１,35.72531,139.542001,2026-06-01,
13491,横須賀市立市民病院,横須賀市長坂１－３－２,35.2229583,139.6274759,name_municipality_only,hospital,1411409489400,横須賀市立市民病院,神奈川県横須賀市長坂１丁目３番２号,35.22273,139.627112,2026-06-01,
13496,助産院LunaLuna,平塚市長持４４８－１２,35.3488679,139.3210713,name_municipality_only,maternity_home,1441425386000,助産院ＬｕｎａＬｕｎａ,神奈川県平塚市長持４４８ー１２,35.348869,139.321106,2026-06-01,
13497,たんぽぽ助産院（母乳と育児の相談室）,平塚市河内2丁目１４－６７,35.342425,139.3104321,name_municipality_only,maternity_home,1441422813000,たんぽぽ助産院（母乳と育児の相談室）,神奈川県平塚市河内,35.342414,139.310466,2026-06-01,
13512,湘南鵠沼産婦人科,藤沢市鵠沼藤が谷1-7-10,35.3253413,139.486681,name_municipality_only,clinic,1421421869000,湘南鵠沼産婦人科,神奈川県藤沢市鵠沼藤が谷１－７－１０,35.325313,139.486707,2026-06-01,
13517,あおぞら母乳育児相談室,小田原市鴨宮512-1サンハイム102号室,35.2856104,139.1772489,name_municipality_only,maternity_home,1441428003500,あおぞら母乳育児相談室,神奈川県小田原市鴨宮５１２－１　サンハイム１０２号,35.285579,139.177263,2026-06-01,
13527,アクアベルクリニック,秦野市鈴張町3-25,35.3755166,139.2079932,name_municipality_only,clinic,1421429222000,アクアベルクリニック,神奈川県秦野市鈴張町３番２５号,35.375516,139.207993,2026-06-01,
13528,ひまわり助産院,秦野市堀西461-1-105,35.3777216,139.1735822,name_municipality_only,maternity_home,1441402298200,ひまわり助産院,神奈川県秦野市堀西４６１－１　ロイヤルハイツ宮ノ前１０５号,35.377676,139.173587,2026-06-01,
13548,医療法人社団 柏綾会 綾瀬厚生病院,神奈川県綾瀬市深谷中1-4-16,35.4329642,139.4308526,exact_name_pref_municipality_address,hospital,1411402310500,医療法人社団柏綾会綾瀬厚生病院,神奈川県綾瀬市深谷中１－４－１６,35.43279,139.43079,2026-06-01,20.2
13599,Sayu助産院,燕市吉田日之出町2-7,37.6858667,138.8790115,name_municipality_only,maternity_home,154JOSNX00014,ｓａｙｕ助産院,新潟県燕市吉田日之出町２－７,37.685863,138.878994,2026-06-01,
13617,富山市産後ケア応援室,富山市総曲輪4丁目4番8号,36.6903341,137.2102601,name_municipality_only,maternity_home,1645161000069,富山市産後ケア応援室,富山県富山市総曲輪４－４－８　富山市まちなか総合ケアセンター３階,36.690305,137.210261,2026-06-01,
13618,かねこ助産院,富山市新川原町５-21 木町テラス1階,36.6934629,137.2185878,name_municipality_only,maternity_home,1645161000072,かねこ助産院,富山県富山市新川原町５－２１　木町テラス１階,36.689628,137.210301,2026-06-01,
13619,桜谷助産院,富山市安養坊391-1,36.7107661,137.1918097,name_municipality_only,maternity_home,1645161000070,桜谷助産院,富山県富山市安養坊３９１－１,36.710768,137.191797,2026-06-01,
13621,高岡市民病院,高岡市宝町４－１,36.7561293,137.02793,name_municipality_only,hospital,1611160210914,高岡市民病院,富山県高岡市宝町４番１号,36.756172,137.028635,2026-06-01,
13622,さくら助産院,高岡市伏木矢田２１－１３,36.7925921,137.0409643,name_municipality_only,maternity_home,1645161000055,さくら助産院,富山県高岡市伏木矢田２１－１３,36.784474,137.044466,2026-06-01,
13624,助産院ぬまこ,高岡市戸出町５－９－１２,36.68428,136.9680385,name_municipality_only,maternity_home,1645161000056,助産院　ぬまこ,富山県高岡市戸出町５丁目９番１２号,36.685595,136.975393,2026-06-01,
13625,にじいろ助産院,高岡市石瀬２６５－５,36.7528564,137.0414829,name_municipality_only,maternity_home,1645161000060,にじいろ助産院,富山県高岡市石瀬２６５－５,36.752838,137.041565,2026-06-01,
13626,よつば助産院,高岡市戸出町５－４－５８,36.6847984,136.9694791,name_municipality_only,maternity_home,1645161000062,よつば助産院,富山県高岡市戸出町５－４－５８,36.684772,136.969474,2026-06-01,
13631,おひさま助産院,滑川市清水町15-34,36.7646994,137.3461682,name_municipality_only,maternity_home,1645161000051,おひさま助産院,富山県滑川市清水町１５－３４,36.763676,137.347858,2026-06-01,
13638,伏木医院,砺波市宮丸568,36.655119,136.9676384,name_municipality_only,clinic,1622160810226,伏木医院,富山県砺波市宮丸５６８,36.655153,136.967617,2026-06-01,
13640,公立学校共済組合　北陸中央病院,小矢部市野寺１２３,36.6650907,136.8898773,name_municipality_only,hospital,1611160910158,公立学校共済組合北陸中央病院,富山県小矢部市野寺１２３,36.666068,136.890901,2026-06-01,
13647,かみいち総合病院,上市町法音寺51,36.7031981,137.360989,name_municipality_only,hospital,1611161610211,かみいち総合病院,富山県中新川郡上市町法音寺５１,36.703183,137.360721,2026-06-01,
13648,まつしま助産院,下新川郡入善町福島１０６,36.9027832,137.4951542,name_municipality_only,maternity_home,1645161000005,まつしま助産院,富山県下新川郡入善町福島１０６,36.902859,137.495145,2026-06-01,
13651,くじら助産院,小松市埴田町ト6-1,36.4072185,136.5134611,name_municipality_only,maternity_home,174507,くじら助産院,石川県小松市埴田町ト６番地１,36.404979,136.516966,2026-06-01,
13656,珠洲市総合病院,珠洲市野々江町ユ部1番地1,37.4430321,137.2712919,name_municipality_only,hospital,1714210001,珠洲市総合病院,石川県珠洲市野々江町,37.443603,137.270726,2026-06-01,
13658,ゆたか助産院,加賀市大聖寺本町39-2,36.3063331,136.3117769,name_municipality_only,maternity_home,1741241001,ゆたか助産院,石川県加賀市大聖寺本町３９番地２号,36.306335,136.311745,2026-06-01,
13705,母乳ケアBaby's  breath,坂井市三国町宿1-7-33,36.2201858,136.1426042,name_municipality_only,maternity_home,184510000310,母乳ケアＢａｂｙ’ｓ　ｂｒｅａｔｈ,福井県坂井市三国町宿一丁目七の三十三,36.220041,136.141722,2026-06-01,
13750,るなせんと助産院,長野市箱清水２丁目38-12-202号,36.6669955,138.1887216,name_municipality_only,maternity_home,2045203101110,るなせんと助産院,長野県長野市箱清水２丁目３８番１２−２０２号,36.663622,138.185964,2026-06-01,
13754,松本市立病院,松本市波田4417-180,36.1988676,137.8546355,name_municipality_only,hospital,2011205902430,松本市立病院,長野県松本市波田４４１７－１８０,36.19888,137.854396,2026-06-01,
13755,みすず母乳育児相談所,松本市桐3-7-4-2,36.2570083,137.9724857,name_municipality_only,maternity_home,2045203200130,みすず母乳育児相談所,長野県松本市桐３丁目７－４－２,36.257008,137.972485,2026-06-01,
13767,助産院ゆるま～む,岡谷市川岸西二丁目14番5号,36.0286673,138.015859,name_municipality_only,maternity_home,2045205400050,助産院ゆるま～む,長野県岡谷市川岸西２－１４－５,36.028626,138.015778,2026-06-01,
13772,よしみ助産院,飯田市立石710,35.4328968,137.7870309,name_municipality_only,maternity_home,2045205700520,よしみ助産院,長野県飯田市立石７１０,35.432938,137.787043,2026-06-01,
13776,長野県立信州医療センター,須坂市大字須坂1332,36.6541293,138.3101251,name_municipality_only,hospital,2011206400180,長野県立信州医療センター,長野県須坂市大字須坂１３３２,36.65409,138.309491,2026-06-01,
13803,市立大町総合病院,大町市大町３１３０,36.5008578,137.8582755,name_municipality_only,hospital,2011206100190,市立大町総合病院,長野県大町市大町３１３０番地,36.501095,137.857912,2026-06-01,
13814,佐久市立国保浅間総合病院,佐久市岩村田1862-1,36.2704366,138.4687997,name_municipality_only,hospital,2011205100180,佐久市立国保浅間総合病院,長野県佐久市岩村田１８６２－１,36.270693,138.469368,2026-06-01,
13870,岩砂病院・岩砂マタニティ,岐阜市八代1-7-1,35.4582486,136.7740759,name_municipality_only,hospital,2111341000140,岩砂病院・岩砂マタニティ,岐阜県岐阜市八代１－７－１,35.457994,136.77652,2026-06-01,
13873,大塚レディスクリニック,岐阜市切通7-13-17,35.4005161,136.7985481,name_municipality_only,clinic,2121342000513,大塚レディスクリニック,岐阜県岐阜市切通７丁目１３番１７号,35.40061,136.798687,2026-06-01,
13879,はっとり助産院,関市倉知265-1,35.4774289,136.9037281,name_municipality_only,maternity_home,2141564006291,はっとり助産院,岐阜県関市倉知２６５ー１,35.477255,136.903761,2026-06-01,
13902,ママ・ベビーサポートおくむら,羽島郡笠松町清住町４１番地の３,35.3691856,136.7570975,name_municipality_only,maternity_home,2141634008359,ママ・ベビーサポート　おくむら,岐阜県羽島郡笠松町清住町４１番地３,35.369185,136.757097,2026-06-01,
13969,小沼母乳育児相談室,御殿場市川島田1-10,35.3087683,138.9347872,name_municipality_only,maternity_home,2245225700230,小沼母乳育児相談室,静岡県御殿場市川島田１‐１０,35.286754,138.927738,2026-06-01,
13970,助産院NICO,御殿場市川島田1880-23,35.3029009,138.9056581,name_municipality_only,maternity_home,2245225700560,助産院ＮＩＣＯ,静岡県御殿場市川島田１８８０－２３,35.302893,138.905655,2026-06-01,
13993,ふじべ助産院,東伊豆町稲取3021-5,34.7794763,139.0454759,name_municipality_only,maternity_home,2245225200150,ふじべ助産院,静岡県賀茂郡東伊豆町稲取３０２１－５,34.779471,139.045555,2026-06-01,
14038,今泉産婦人科医院,豊橋市仲ノ町112-3,34.7576186,137.4137179,name_municipality_only,clinic,2322232600770,今泉産婦人科医院,愛知県豊橋市仲ノ町１１２－３,34.757646,137.413723,2026-06-01,
14052,ウィメンズサポートみことも,春日井市岩野町1丁目19-1,35.2674382,136.9575384,name_municipality_only,maternity_home,2344230500190,ウィメンズサポートみことも,愛知県春日井市岩野町１丁目１９番地１,35.267572,136.957581,2026-06-01,
14053,助産院：ふうハウス,春日井市大和通1-41-1,35.2291674,136.9500224,name_municipality_only,maternity_home,2344230500050,助産院：ふうハウス,愛知県春日井市大和通１－４１－１,35.229159,136.950016,2026-06-01,
14054,山中助産院,春日井市稲口町4-2-8,35.2430282,136.9486901,name_municipality_only,maternity_home,2344230500060,山中助産院,愛知県春日井市稲口町,35.243829,136.94712,2026-06-01,
14059,碧南市民病院,碧南市平和町３丁目６番地,34.9013668,137.0131242,name_municipality_only,hospital,2311231300010,碧南市民病院,愛知県碧南市平和町３－６,34.901679,137.01325,2026-06-01,
14068,ちご助産院,豊田市鍋田町タカセ２１－１,35.0680648,137.2204549,name_municipality_only,maternity_home,2344232800150,ちご助産院,愛知県豊田市鍋田町タカセ２１－１,35.068073,137.220476,2026-06-01,
14072,ひまわり助産院,安城市井杭山町一本木3-13,34.9767343,137.0577173,name_municipality_only,maternity_home,2344231400010,ひまわり助産院,愛知県安城市井杭山町一本木３－１３,34.976727,137.057687,2026-06-01,
14086,アロマ助産院ひだまり,愛知県東海市富木島町,,,candidate_exact_name_pref_municipality_address_prefix,maternity_home,2344231200060,アロマ助産院ひだまり,愛知県東海市富木島町新長口１ー１９０,35.013692,136.934869,2026-06-01,
14089,原田レディースクリニック,知多市寺本新町１丁目１７２,34.9933711,136.8775355,name_municipality_only,clinic,2322231201650,原田レディースクリニック,愛知県知多市寺本新町１－１７２,34.993444,136.87734,2026-06-01,
14105,あきこ訪問助産所,長久手市岩作平池17番地11,35.1836384,137.049419,name_municipality_only,maternity_home,2344230300040,あきこ訪問助産所,愛知県長久手市岩作平地,35.182444,137.044163,2026-06-01,
14109,高野助産院,久居桜が丘町1730-109,34.6823714,136.4916496,name_municipality_only,maternity_home,2445240000460,高野助産院,三重県津市久居桜が丘町１７３０－１０９,34.682384,136.491692,2026-06-01,
14111,助産院　て＆て,高茶屋7丁目8-3,34.6738549,136.4982749,name_municipality_only,maternity_home,2445240010041,助産院　て＆て,三重県津市高茶屋７丁目８－３,34.673854,136.498274,2026-06-01,
14129,"いわはな助産院
母乳育児相談室",桑名市中山町89,35.0673172,136.6252822,name_municipality_only,maternity_home,2445240000380,いわはな助産院　母乳育児相談室,三重県桑名市中山町８９番地,35.067817,136.625024,2026-06-01,
14222,市立豊中病院,豊中市柴原町４丁目１４番１号,34.8024541,135.4582695,name_municipality_only,hospital,2711270002030,市立豊中病院,大阪府豊中市柴原町４－１４－１,34.801718,135.457967,2026-06-01,
14224,PASSOクリニック,豊中市少路一丁目２番７号リッツサントノーレ２階,34.8038644,135.4714671,name_municipality_only,clinic,2722270164640,ＰＡＳＳＯクリニック,大阪府豊中市少路１丁目２－７　リッツサントノーレ２階,34.80383,135.471466,2026-06-01,
14241,ははこ助産院,豊中市寺内２－１０－１　緑地野元ビル２０４,34.7733273,135.4932596,name_municipality_only,maternity_home,2749278003290,ははこ助産院,大阪府豊中市寺内２－１０－１　緑地野元ビル２０４,34.773361,135.493299,2026-06-01,
14256,陽だまり助産院,池田市石橋1－15－17,34.8058045,135.4448902,name_municipality_only,maternity_home,2749278004420,陽だまり助産院,大阪府池田市石橋１丁目１５番１７号,34.80569,135.444857,2026-06-01,
14257,市立池田病院,池田市城南3－1－8,34.8197525,135.43182,name_municipality_only,hospital,2711270002290,市立池田病院,大阪府池田市城南３－１－１８,34.821188,135.432552,2026-06-01,
14273,ゆな助産院,吹田市千里山,,,name_municipality_only,maternity_home,2749278004330,ゆな助産院,大阪府吹田市千里山高塚２１番２－３号,34.782583,135.512547,2026-06-01,
14281,助産院Trust,吹田市江坂町,,,name_municipality_only,maternity_home,2749278005700,助産院Ｔｒｕｓｔ,大阪府吹田市江坂町１－１４－４－９０６,34.772417,135.506687,2026-06-01,
14287,日登美助産院,枚方市藤阪天神町11番９号,34.8160281,135.7058753,name_municipality_only,maternity_home,2749278003580,日登美助産院,大阪府枚方市藤阪天神町１１－９,34.816027,135.70589,2026-06-01,
14288,こころ助産院,茨木市総持寺駅前町１-３-204,34.8277361,135.5815592,name_municipality_only,maternity_home,2749278001370,こころ助産院,大阪府茨木市総持寺駅前町１－３－２０４,34.816414,135.589789,2026-06-01,
14303,助産院かすみそう,和泉市納花町５４番地の１５５,34.4529731,135.4720428,name_municipality_only,maternity_home,2749278008070,助産院かすみそう,大阪府和泉市納花町５４番地の１５５,34.452848,135.472366,2026-06-01,
14306,産後ケアハウス　はんもっく助産院今宮,箕面市今宮3-28-1,34.8302932,135.5018269,name_municipality_only,maternity_home,2749278008010,産後ケアハウスはんもっく助産院今宮,大阪府箕面市今宮３－２８－１,34.83023,135.501981,2026-06-01,
14328,かないレディースクリニック,尼崎市塚口町5丁目10番3号,34.7534456,135.4055202,name_municipality_only,clinic,2822280023400,かないレディースクリニック,兵庫県尼崎市塚口町５－１０－３,34.753444,135.405529,2026-06-01,
14331,庄村助産院,尼崎市昭和南通3丁目12番2号402,34.7205232,135.4169101,name_municipality_only,maternity_home,2847280000140,庄村助産院,兵庫県尼崎市昭和南通３－１２－２－４０２,34.720531,135.41689,2026-06-01,
14358,百合助産院,兵庫県豊岡市三宅889,35.5233117,134.8663616,exact_name_pref_municipality_address,maternity_home,2847280000960,百合助産院,兵庫県豊岡市三宅８８９,35.523325,134.866371,2026-06-01,1.7
14377,助産所わ,奈良市朱雀1－13－10,34.7138661,135.7940863,name_municipality_only,maternity_home,2945101400000,助産所　わ,奈良県奈良市朱雀１－１３－１０,34.713896,135.794082,2026-06-01,
14427,榎本産婦人科,田辺市湊8-26,33.7338656,135.380816,name_municipality_only,clinic,3022065600000,榎本産婦人科,和歌山県田辺市湊８－２６,33.733887,135.380883,2026-06-01,
14428,紀南病院,田辺市新庄町46-70,33.7291592,135.3989425,name_municipality_only,hospital,3011007700000,紀南病院,和歌山県田辺市新庄町４６－７０,33.730276,135.404521,2026-06-01,
14446,医療法人社団　みやもと産婦人科医院,鳥取市叶２９３－７,35.474221,134.2186675,name_municipality_only,clinic,3123111000168,医療法人社団みやもと産婦人科医院,鳥取県鳥取市叶２９３－７,35.474204,134.218758,2026-06-01,
14453,ひかり助産所,鳥取市湯所町２丁目３４１,35.5106897,134.2304596,name_municipality_only,maternity_home,314ME010001,ひかり助産所,鳥取県鳥取市湯所町２丁目３４１番地,35.510761,134.230528,2026-06-01,
14488,うい助産院,浜田市下府町924-2,34.9305917,132.1095598,name_municipality_only,maternity_home,3244000001640,うい助産院,島根県浜田市下府町下府町９２４−２,34.93062,132.109492,2026-06-01,
14492,わこ助産院,出雲市大津朝倉1丁目9-14,35.3737461,132.7625833,name_municipality_only,maternity_home,3244000001590,わこ助産院,島根県出雲市大津朝倉１−９−１４,35.373445,132.762475,2026-06-01,
14493,しのぶ喫茶去助産院,出雲市斐川町阿宮1804,35.3460198,132.8269837,name_municipality_only,maternity_home,3244000001670,しのぶ喫茶去助産院,島根県出雲市斐川町阿宮１８０４,35.346023,132.826959,2026-06-01,
14503,雲南市立病院,雲南市大東町飯田96-1,35.3241358,132.959627,name_municipality_only,hospital,3211325300370,雲南市立病院,島根県雲南市大東町飯田９６番地１,35.323952,132.959747,2026-06-01,
14514,産前産後サロン助産院あいのわ,倉敷市西岡１５８４番地４,34.6182214,133.7646246,name_municipality_only,maternity_home,3344330000400,産前産後サロン助産院あいのわ,岡山県倉敷市西岡１５８４－４,34.618228,133.764622,2026-06-01,
14516,花田助産院,倉敷市真備町川辺９８番地１,34.6397403,133.7151437,name_municipality_only,maternity_home,3344330000170,花田助産院,岡山県倉敷市真備町川辺９８－１,34.639561,133.715211,2026-06-01,
14517,Mother's　house　つぼみ,倉敷市加須山７５番地１,34.5863711,133.7968244,name_municipality_only,maternity_home,3344320240525,Ｍｏｔｈｅｒ’ｓ　ｈｏｕｓｅ　つぼみ,岡山県倉敷市加須山７５－１,34.586371,133.796824,2026-06-01,
14540,咲月助産院,岡山県真庭市見尾１４１,35.1294198,133.7074456,exact_name_pref_municipality_address,maternity_home,3344330000370,咲月助産院,岡山県真庭市見尾１４１,35.129435,133.707454,2026-06-01,1.9
14560,尾道市立市民病院,"尾道市新高山三丁目
1170－177",34.4217444,133.2138941,name_municipality_only,hospital,3411340041360,尾道市立市民病院,広島県尾道市新高山３－１１７０－１７７,34.421798,133.213754,2026-06-01,
14571,くぬぎ助産所,安芸郡府中町瀬戸ハイム三丁目８番３０号,34.3895983,132.5190135,name_municipality_only,maternity_home,3445340001410,くぬぎ助産所,広島県安芸郡府中町瀬戸ハイム三丁目８－３０,34.38959,132.519011,2026-06-01,
14584,宿久,宇部市東万倉２２２－５,34.0519565,131.2349576,name_municipality_only,maternity_home,3545355890050,宿久,山口県宇部市東万倉２２２－５,34.051956,131.234957,2026-06-01,
14671,はる助産院,高松市小村町246-7,34.283378,134.0967033,name_municipality_only,maternity_home,374K370100030,はる助産院,香川県高松市小村町２４６ー７,34.283649,134.208167,2026-06-01,
14679,福井ウィメンズクリニック,松山市星岡4丁目2-7,33.8120426,132.7882247,name_municipality_only,clinic,3822383104070,福井ウィメンズクリニック,愛媛県松山市星岡４丁目２－７,33.813884,132.788234,2026-06-01,
14680,松山市民病院,松山市大手町2丁目6-5,33.8394882,132.7542159,name_municipality_only,hospital,3811385601130,松山市民病院,愛媛県松山市大手町２－６－５,33.839241,132.753958,2026-06-01,
14681,たけもと内科・婦人科・麻酔科,松山市北条560-3,33.9776221,132.7786897,name_municipality_only,clinic,3822388633289,たけもと内科・婦人科・麻酔科,愛媛県松山市北条５６０－３,33.977622,132.778689,2026-06-01,
14697,こにしクリニック,新居浜市庄内町一丁目13-35,33.9554864,133.2885202,name_municipality_only,clinic,3822385207630,こにしクリニック,愛媛県新居浜市庄内町１－１３－３５,33.955488,133.288575,2026-06-01,
14698,ゆりかごファミリークリニック,新居浜市東田一丁目甲1239-2,33.9450864,133.3151476,name_municipality_only,clinic,3822388633296,ゆりかごファミリークリニック,愛媛県新居浜市東田１丁目甲１２３９番地２,33.944898,133.315063,2026-06-01,
14701,産前産後ケアハウスFUWARI,新居浜市萩生300-2,33.9343811,133.2746594,name_municipality_only,maternity_home,3845386400121,産前産後ケアハウスＦＵＷＡＲＩ,愛媛県新居浜市萩生３００番地２,33.934373,133.274644,2026-06-01,
14705,LABO助産院,西条市朔日市737-3　八紘2F,33.924706,133.1865352,name_municipality_only,maternity_home,3845386400113,ＬＡＢＯ助産院,愛媛県西条市朔日市７３７番地の３　八絋２階,33.934426,133.190073,2026-06-01,
14708,いわもと婦人科クリニック,西予市宇和町卯之町２丁目２７５－２,33.3656337,132.5102768,name_municipality_only,clinic,3822388633212,いわもと婦人科クリニック,愛媛県西予市宇和町卯之町２丁目２７５－２,33.365492,132.510286,2026-06-01,
14714,アニタ助産院,高知市長浜３番地,33.5015148,133.5566792,name_municipality_only,maternity_home,3944390000001,アニタ助産院,高知県高知市長浜３番地,33.501528,133.556662,2026-06-01,
14717,このは助産院,高知市一宮東町５丁目６-19-３,33.5901314,133.5793891,name_municipality_only,maternity_home,3944393114560,このは助産院,高知県高知市一宮東町５丁目６番１９ー３号,33.590099,133.579223,2026-06-01,
14726,渭南病院,高知県土佐清水市越前町６番１号,32.7814513,132.9512895,name_municipality_only,hospital,3911396000250,渭南病院,高知県土佐清水市越前町６ー１,32.781221,132.950803,2026-06-01,
14763,助産院・桶谷式母乳育児相談室ピクシーハート,飯塚市堀池157-1　カーサフェリーチェA102,33.6292489,130.6835307,name_municipality_only,maternity_home,4040009070009,助産院・桶谷式母乳育児相談室　ピクシーハート,福岡県飯塚市堀池１５７－１　カーサフェリーチェＡ１０２,33.629264,130.683215,2026-06-01,
14816,ベビーフェリス井手,福岡県筑紫野市針摺西２-4-5ピュア21 501,33.4830075,130.530812,name_municipality_only,maternity_home,4049400000023,ベビーフェリス井手,福岡県筑紫野市針摺西２丁目４ー５ー５０１,33.483014,130.530839,2026-06-01,
14838,母と子の相談室　ルチル助産院,日の里3-16-10,33.7983051,130.5437065,name_municipality_only,maternity_home,4040008400107,母と子の相談室ルチル助産院,福岡県宗像市日の里３－１６－１０,33.798315,130.543764,2026-06-01,
14891,しお助産院,佐賀市久保田町大字徳万186-1,33.2486725,130.2390348,name_municipality_only,maternity_home,4144419000012,しお助産院,佐賀県佐賀市久保田町大字徳万１８６ー１,33.248673,130.239035,2026-06-01,
14909,こすもす助産所,佐世保市黒髪町6515-25,33.1671213,129.7774454,name_municipality_only,maternity_home,424bsa0001,こすもす助産所,長崎県佐世保市黒髪町６５１５番地２５,33.167122,129.777438,2026-06-01,
14910,ママと赤ちゃんの家　からこ,佐世保市陣の内町494-6,33.1431698,129.7918909,name_municipality_only,maternity_home,424bsa0002,ママと赤ちゃんの家からこ,長崎県佐世保市木原町４９９番地４,33.175208,129.850658,2026-06-01,
14913,ままのね助産院,佐世保市大潟町580-1,33.1686747,129.6378376,name_municipality_only,maternity_home,424bsa0007,ままのね助産院,長崎県佐世保市大潟町５８０－１,33.16892,129.6379,2026-06-01,
14927,あっぷるぱい母乳育児相談所,長崎県五島市下崎山町31,32.6535983,128.8785873,exact_name_pref_municipality_address,maternity_home,424bgo0001,あっぷるぱい母乳育児相談所,長崎県五島市下崎山町３１,32.653644,128.878655,2026-06-01,8.1
14934,さとう助産院,雲仙市吾妻町永中名808-1,32.8325919,130.1787538,name_municipality_only,maternity_home,424bmi0001,さとう助産院,長崎県雲仙市吾妻町長崎県雲仙市吾妻町永中名８０８－１,32.828662,130.182376,2026-06-01,
14994,独立行政法人労働者健康安全機構　熊本労災病院,八代市竹原町1670,32.517375,130.6265431,name_municipality_only,hospital,431143600026,独立行政法人労働者健康安全機構熊本労災病院,熊本県八代市竹原町１６７０,32.51699,130.626241,2026-06-01,
14995,さとみ助産院,八代市千丁町新牟田1409-12,32.5365738,130.6331392,name_municipality_only,maternity_home,434443600004,さとみ助産院,熊本県八代市千丁町新牟田１４０９－１２,32.533389,130.637223,2026-06-01,
14996,ヒロ助産院,八代市上日置町2300-5,32.5105726,130.6255504,name_municipality_only,maternity_home,434443600005,ヒロ助産院,熊本県八代市上日置町２３００－５,32.510676,130.625502,2026-06-01,
15013,くるみの里助産院,天草市天草町福連木2261-1-84,32.4173442,130.0800001,name_municipality_only,maternity_home,434443670003,くるみの里助産院,熊本県天草市天草町福連木２２６１－１－８４,32.418498,130.068436,2026-06-01,
15044,佐用助産所,大分市上戸次６８６,33.1019458,131.6510232,name_municipality_only,maternity_home,4441172700000,佐用助産所,大分県大分市上戸次６８６番地,33.096144,131.665649,2026-06-01,
15055,mom＆babysalon en,大分市上田町,,,name_municipality_only,maternity_home,4442036700000,ｍｏｍ＆ｂａｂｙｓａｌｏｎ　ｅｎ,大分県大分市上田町,33.216302,131.602521,2026-06-01,
15078,助産院わがや,宮崎県宮崎市佐土原町下那珂791番地5,32.0288873,131.4299607,exact_name_pref_municipality_address,maternity_home,4544453102080,助産院　わがや,宮崎県宮崎市佐土原町下那珂７９１番地５,32.005539,131.477703,2026-06-01,5196.3
15080,はれはれ助産院,宮崎市新城町21　第二新城荘101,31.9252704,131.4406779,name_municipality_only,maternity_home,4544453102790,はれはれ助産院,宮崎県宮崎市新城町２１　第２新城荘１０１,31.925265,131.440686,2026-06-01,
15081,いずみ助産院,宮崎市波島一丁目1番71－1号,31.9416655,131.4457862,name_municipality_only,maternity_home,4544453101950,いずみ助産院,宮崎県宮崎市波島１丁目１番７１ー１号,31.941673,131.445758,2026-06-01,
15082,きら助産院,宮崎市佐土原町上田島1144‐36,32.043428,131.4251764,name_municipality_only,maternity_home,4544453101660,きら助産院,宮崎県宮崎市佐土原町上田島１１４４－３６,32.043458,131.425196,2026-06-01,
15087,医療法人愛生会　山中産婦人科医院,延岡市船倉町1丁目2-2,32.582892,131.6696905,name_municipality_only,clinic,4522450309780,医療法人　愛生会　山中産婦人科医院,宮崎県延岡市船倉町１ー２ー２,32.582956,131.66969,2026-06-01,
15089,おざき母乳育児相談室,延岡市柳沢町1丁目4-6プロスペリテマンション403号,32.5797135,131.6673766,name_municipality_only,maternity_home,4544450300260,おざき母乳育児相談室,宮崎県延岡市柳沢町１丁目４ー６　プロスペリテマンション４０３号室,32.579734,131.667491,2026-06-01,
15091,産婦人科　たなかクリニック,宮崎県日南市園田1丁目1-5,31.5897903,131.3987535,name_municipality_only,clinic,4522450407110,産婦人科たなかクリニック,宮崎県日南市園田１丁目１番５号,31.58968,131.397906,2026-06-01,
15113,馬見新助産院,出水市高尾野町下高尾野１０５８－３,32.0615117,130.2878026,name_municipality_only,maternity_home,464446560102,馬見新助産院,鹿児島県出水市高尾野町下高尾野１０５８－３,32.0615,130.28782,2026-06-01,
15124,ふわり助産院,薩摩川内市平佐町,,,name_municipality_only,maternity_home,464446660099,ふわり助産院,鹿児島県薩摩川内市平佐町１４３４－１２,31.805456,130.32592,2026-06-01,
15144,FUFU助産院,さつま町宮之城屋地,,,name_municipality_only,maternity_home,464446660086,ＦＵＦＵ助産院,鹿児島県薩摩郡さつま町宮之城屋地１７１－４３,31.900129,130.448589,2026-06-01,
15243,公立久米島病院,久米島町字嘉手刈572-3,26.3398445,126.8055616,name_municipality_only,hospital,47197,公立久米島病院,沖縄県島尻郡久米島町字嘉手苅５７２番地３,26.34202,126.765053,2026-06-01,
15272,医療法人碧滄会（青地うえだクリニック）,大津市京町１－３－３３,35.0072204,135.8639055,name_municipality_only,clinic,2522250014040,医療法人碧滄会　青地うえだクリニック,滋賀県大津市京町１－３－３３,35.00722,135.863905,2026-06-01,
15276,さつき助産院。,滋賀県大津市仰木の里東2-9-2,35.1043962,135.8962453,name_municipality_only,maternity_home,2546250000840,さつき助産院。,滋賀県大津市仰木の里東２丁目９－２,35.104419,135.896259,2026-06-01,
15279,びわ子助産院,滋賀県大津市松原町１９−１１,34.9772447,135.9045016,exact_name_pref_municipality_address,maternity_home,2546250001130,びわ子助産院,滋賀県大津市松原町１９−１１,34.984879,135.892736,2026-06-01,1367.4
15281,槙田助産院,滋賀県大津市あかね町12-25,35.0432157,135.8634615,exact_name_pref_municipality_address,maternity_home,2546250000510,槙田助産院,滋賀県大津市あかね町１２－２５,35.043211,135.863397,2026-06-01,5.9
15352,みさ助産院,姫路市香寺町土師755-1,34.928573,134.7373921,name_municipality_only,maternity_home,2847280000770,みさ助産院,兵庫県姫路市香寺町土師７５５－１,34.928692,134.737382,2026-06-01,
15413,勤医協中央病院,北海道札幌市東区東苗穂5条1丁目9-1,43.0914706,141.4030774,name_municipality_only,hospital,0111010000670,勤医協中央病院,北海道札幌市東区東苗穂５条１丁目９番１号,43.091463,141.403063,2026-06-01,
15429,星の丘助産院,福島県福島市野田町字上谷地2-6,37.7688487,140.440241,exact_name_pref_municipality_address,maternity_home,0747000000011,星の丘助産院,福島県福島市野田町字上谷地２－６,37.768843,140.44022,2026-06-01,2.0
15468,杉山母乳育児相談室,佐倉市大崎台1-20-10　カーサフローラサクラ201,35.7074777,140.2221562,name_municipality_only,maternity_home,1241203168200,杉山母乳育児相談室,千葉県佐倉市大崎台１－２０－１０,35.70746,140.222176,2026-06-01,
15486,トラスト錦糸町助産院,墨田区錦糸4-10-7　フェリチータ101,35.6977059,139.8181487,name_municipality_only,maternity_home,1345139902650,トラスト錦糸町　助産院,東京都墨田区錦糸４－１０－７フェリチータ１Ｆ,35.697705,139.818148,2026-06-01,
15497,公益財団法人　東京都医療保健協会　練馬総合病院,練馬区旭丘1-24-1,35.733507,139.6771798,name_municipality_only,hospital,1311134600100,公益財団法人東京都医療保健協会　練馬総合病院,東京都練馬区旭丘１－２４－１,35.733803,139.677046,2026-06-01,
15498,あおい助産所,練馬区関町南1-2-27,35.7219037,139.595714,name_municipality_only,maternity_home,1344136500028,あおい助産所,東京都練馬区関町南１－２－２７,35.721903,139.595714,2026-06-01,
15548,なつ母乳育児相談室,神奈川県鎌倉市大船1-14-23 NAビルA,35.3503115,139.5322683,exact_name_pref_municipality_address,maternity_home,1441400852100,なつ母乳育児相談室,神奈川県鎌倉市大船１－１４－２３ＮＡビルＡ,35.35025,139.532411,2026-06-01,14.6
15556,産後ケアハウスねんねこ,長岡市蓮潟1丁目14－6,37.4657086,138.8214206,name_municipality_only,maternity_home,154JONGX00028,産後ケアハウスねんねこ,新潟県長岡市蓮潟１－１４－６,37.465708,138.82142,2026-06-01,
15570,たんぽぽ助産院,富山市大泉東町１丁目２ー１９,36.6834852,137.2274665,name_municipality_only,maternity_home,1645161000054,たんぽぽ助産院,富山県富山市大泉東町一丁目２－１９,36.680711,137.228955,2026-06-01,
15577,こばやし母乳育児相談室,下呂市萩原町桜洞1627-6,35.878919,137.2140435,name_municipality_only,maternity_home,2141664008307,こばやし母乳育児相談室,岐阜県下呂市萩原町桜洞１６２７－６,35.878716,137.214261,2026-06-01,
15606,安らぎ助産院,一宮市瀬部字砂留51-1,35.332608,136.8446419,name_municipality_only,maternity_home,2344232900010,安らぎ助産院,愛知県一宮市瀬部砂留５１－１,35.332593,136.844639,2026-06-01,
15622,出張・オンライン専門助産院felice,四日市市尾平町３８０６－１５３,34.9825185,136.5908138,name_municipality_only,maternity_home,2445240010032,出張・オンライン専門助産院　ｆｅｌｉｃｅ,三重県四日市市尾平町３８０６－１５３,34.982459,136.590998,2026-06-01,
15623,助産所　お日さま,四日市市西山町,,,name_municipality_only,maternity_home,2445240010090,助産所　お日さま,三重県四日市市西山町７１１４番地１,34.959189,136.520718,2026-06-01,
15627,ゆらら助産所,滋賀県米原市村居田628,35.4008103,136.3365051,exact_name_pref_municipality_address,maternity_home,2546250001110,ゆらら助産所,滋賀県米原市村居田６２８,35.40081,136.336505,2026-06-01,0.0
15663,医療法人誠人会　与田病院附属ふじと台クリニック,和歌山市ふじと台6番地エスタシオンふじと台駅前ビル東棟3階E301号,34.2764406,135.1474191,name_municipality_only,clinic,3022166000000,医療法人誠人会　与田病院附属ふじと台クリニック,和歌山県和歌山市ふじと台６番地エスタシオンふじと台駅前ビル東棟４階Ｅ４０１号室,34.276435,135.147461,2026-06-01,
15674,くじら助産院　母乳育児相談室,東広島市西条町,,,name_municipality_only,maternity_home,3445340001030,くじら助産院　母乳育児相談室,広島県東広島市西条町郷曽４４０－６２,34.381373,132.717376,2026-06-01,
15678,よこやま産婦人科,東広島市高屋町,,,name_municipality_only,clinic,3422340408250,よこやま産婦人科,広島県東広島市高屋町中島１６８番地,34.451343,132.79276,2026-06-01,
15744,福田母乳育児相談室,長崎市魚の町,,,name_municipality_only,maternity_home,424bna0003,福田母乳育児相談室,長崎県長崎市魚の町,32.747829,129.879648,2026-06-01,
15745,千代の幸助産院,長崎市三和町,,,name_municipality_only,maternity_home,424bna0006,千代の幸助産院,長崎県長崎市三和町２１８番地４４,32.693121,129.849486,2026-06-01,
15746,出張専門すみれ助産院,長崎市相生町,,,name_municipality_only,maternity_home,424bna0009,出張専門すみれ助産院,長崎県長崎市相生町４ー２－３０１,32.73327,129.87272,2026-06-01,
15763,やの助産院,別府市幸町４番１２号,33.2853492,131.4978856,name_municipality_only,maternity_home,4442031600000,やの助産院,大分県別府市幸町４－１２,33.285351,131.497899,2026-06-01,
